Vv_m2,2000,1000,VIT_01s0010g03930,,,,,
rank,node,Fabs,Frel,Functional-annotation,Name-EC-KeggID,Updated-name,Network1,Network2
1,VIT_05s0020g03690<br>VIT_05s0020g03710,2079,1,,,,,
2,VIT_18s0001g11130,2061,1,Calmodulin-binding protein AR781,,,,
3,VIT_16s0039g01070,2072,0.9995,Glutathione S-transferase 25 GSTU7,E2_5_1_18_GSTU7,,vv10480Glutathione_metabolism,
4,VIT_05s0049g01020,2064,0.9995,Myb domain protein 14,MYB14_3,,vv60044MYB,
5,VIT_15s0048g01080,2068,0.999,Unknown,,,,
6,VIT_14s0006g01610,2061,0.9981,PMI2 (plastid movement impaired 2),,,,
7,VIT_05s0020g03680,2063,0.9937,GCN5 N-acetyltransferase (GNAT),GCN5_7,,vv60082GNAT,
8,VIT_02s0033g00660<br>VIT_02s0033g00850<br>VIT_02s0033g00870<br>VIT_02s0033g00800,2067,0.9895,,,,,
9,VIT_03s0091g00680,2057,0.987,NPY2 (naked pins in yuc mutants 2),,,,
10,VIT_04s0044g00040,2034,0.984,Dirigent,,,,
11,VIT_04s0023g01080,2012,0.9772,Lys Motif-Type Receptor-Like Kinase LYK4,,,,
12,VIT_16s0039g01060,2014,0.9762,CYP89A2,,,,
13,VIT_15s0021g02470,2021,0.9735,Epoxide hydrolase-like protein,E3_3_2_10,,,
14,VIT_17s0000g08770,2009,0.9691,Cysteine-rich receptor-like protein kinase 2,,,,
15,VIT_12s0059g01720,2006,0.9691,No hit,,,,
16,VIT_05s0077g01570,2002,0.9681,Pathogenesis protein 10 [Vitis vinifera],,,,
17,VIT_06s0009g01810,2001,0.9671,APK2A (protein kinase 2A),,,,
18,VIT_12s0028g00920,2001,0.9667,Glutathione S-transferase 9 GSTF9,E2_5_1_18_GSTF9,,vv10480Glutathione_metabolism,
19,VIT_10s0003g01600,2003,0.9648,WRKY DNA-binding protein 65,WRKY65_1,VvWRKY30,vv60066WRKY,
20,VIT_03s0017g01940,1955,0.9523,Unknown,,,,
21,VIT_02s0033g01390,1961,0.9492,No hit,,,,
22,VIT_13s0019g00480,1966,0.9475,Zinc finger (C2H2 type) family,C2H2FAM_22,,vv60017C2H2,
23,VIT_00s0220g00180,1956,0.9445,Glycosyl hydrolase family 20 protein,,,,
24,VIT_19s0085g00850,1940,0.9417,LEM3 (ligand-effect modulator 3),LEM3,,vv50108Accessory_factors_involved_in_transport,
25,VIT_03s0017g01460,1933,0.9406,No hit,,,,
26,VIT_11s0016g04990,1950,0.9398,Unknown protein,,,,
27,VIT_02s0236g00120,1899,0.9218,Unknown,,,,
28,VIT_04s0008g04490,1900,0.9188,MARD1 (mediator of ABA-regulated dormancy 1),MARD1,,vv30001ABA_signaling,
29,VIT_01s0010g02450,1892,0.9118,B12D,,,,
30,VIT_08s0007g02100,1894,0.9115,Alpha-1 4-glycosyltransferase,,,,
31,VIT_00s0762g00010,1871,0.91,S-locus lectin protein kinase family,,,,
32,VIT_05s0049g00010,1888,0.9099,Cellulose synthase CSLG2,E2_4_1_12_CSLG2,,vv40006Cell_wall,
33,VIT_17s0000g08150,1865,0.9089,Basic helix-loop-helix (bHLH) family,BHLHDOM_17,,vv60011BHLH,
34,VIT_00s0340g00040,1863,0.9048,Beta-hexosaminidase beta chain precursor,E3_2_1_52,,vv10511N-Glycan_degradation,vv10530Aminosugars_metabolism
35,VIT_00s0347g00050,1876,0.9041,Ser/Thr receptor-like kinase1,,,,
36,VIT_12s0059g01120,1861,0.9021,CAF protein,,,,
37,VIT_01s0026g02310,1870,0.9003,SUR2,K04713,,vv10600Sphingolipid_metabolism,
38,VIT_01s0026g00190,1849,0.8967,Armadillo/beta-catenin repeat,,,,
39,VIT_02s0087g00750,1870,0.8965,Proteinase inhibitor I4  serpin,,,,
40,VIT_10s0003g00980,1848,0.8923,Unknown protein,,,,
41,VIT_14s0068g01300,1837,0.8917,Serine palmitoyltransferase,E2_3_1_50,,vv10600Sphingolipid_metabolism,
42,VIT_12s0028g01410,1839,0.8906,Heat shock transcription factor A4A,HSFA4A_3,,vv60037HSF,
43,VIT_00s0406g00010,1837,0.8905,Beta-hexosaminidase beta chain precursor,E3_2_1_52,,vv10511N-Glycan_degradation,vv10530Aminosugars_metabolism
44,VIT_18s0001g15660,1821,0.8848,Pathogen-related,,,,
45,VIT_00s0347g00120,1837,0.884,S-locus lectin protein kinase,,,,
46,VIT_00s2776g00010,1803,0.8719,S-locus lectin protein kinase,,,,
47,VIT_11s0118g00810,1797,0.8681,Peptidyl-prolyl cis-trans isomerase,K01802,,,
48,VIT_03s0038g03530,1785,0.8665,LYS/HIS transporter 7,LHT7,,vv50123Porters_cat_18_to_29,
49,VIT_06s0004g04950,1781,0.8575,Scarecrow-like transcription factor 14 SCL14,SCL14_11,,vv60032GRAS,
50,VIT_09s0002g05600,1772,0.8556,ABC transporter g family pleiotropic drug resistance 12 PDR12,ABCGPDR12,,vv52010ABC_transporters,
51,VIT_02s0033g01400,1779,0.8553,Alternative oxidase 1a  (AOX1A),AOX1A,,vv30001ABA_signaling,
52,VIT_02s0033g00790,1769,0.8546,Nitrilase 4B,E3_5_5_1,,vv10460Cyanoamino_acid_metabolism,vv10910Nitrogen_metabolism
53,VIT_01s0011g05930,1765,0.8543,S-adenosyl-L-methionine:carboxyl methyltransferase,,,,
54,VIT_07s0104g00200,1767,0.852,Phenazine biosynthesis PhzC/PhzF,K06998,,vv10400Phenylalanine_tyrosine_and_tryptophan_biosynthesis,
55,VIT_12s0028g00930,1771,0.8514,Glutathione S-transferase 9 GSTF9,E2_5_1_18_GSTF9,,vv10480Glutathione_metabolism,
56,VIT_05s0049g01010,1767,0.8495,Myb domain protein 14,MYB14_4,MYB13,vv60044MYB,
57,VIT_06s0080g00170,1771,0.849,Aluminium-tolerance ALMT1,ALMT1,,vv50125Porters_cat_66_to_94,
58,VIT_02s0025g04680,1752,0.8488,Cell division cycle 20-like protein 1,K03364,,vv24120Ubiquitin_mediated_proteolysis,vv44110Cell_cycle
59,VIT_07s0005g00420,1740,0.8475,Zinc finger (C3HC4-type ring finger),ZFC3HC4_195,,vv60078Other_zf-C3HC4,
60,VIT_14s0108g00890,1729,0.841,Beta-1 3-galactosyltransferase,K07819,,vv10602Glycosphingolipid_biosynthesis,
61,VIT_13s0067g02570,1738,0.8384,Potassium transporter 2,KUP2,,vv50125Porters_cat_66_to_94,
62,VIT_16s0100g01010<br>VIT_16s0100g00950<br>VIT_16s0100g01030<br>VIT_16s0100g00990,1730,0.8357,,,,,
63,VIT_16s0022g01490<br>VIT_00s2215g00010<br>VIT_16s0022g01520,1732,0.8347,,,,,
64,VIT_02s0025g04340,1702,0.8315,Osmotin,,,,
65,VIT_13s0156g00590,1719,0.83,S-receptor kinase,,,,
66,VIT_19s0014g04090<br>VIT_10s0071g00450<br>VIT_10s0071g00440<br>VIT_19s0015g02410<br>VIT_19s0014g04160,1708,0.8283,,,,,
67,VIT_01s0137g00790,1692,0.8206,No hit,,,,
68,VIT_00s0640g00020,1699,0.8196,Cig3,K14409,,vv23015mRNA_surveillance_pathway,vv30007Cytokinin_signaling
69,VIT_14s0066g01150,1695,0.8192,Cinnamoyl-CoA reductase,E1_2_1_44,,vv10940Phenylpropanoid_biosynthesis,
70,VIT_03s0088g00060,1694,0.8164,Isoflavone reductase,E1_3_1_45,,vv10943Isoflavonoid_biosynthesis,
71,VIT_11s0118g00360,1686,0.8161,Leucoanthocyanidin dioxygenase,E1_14_11_19,,vv10941Flavonoid_biosynthesis,
72,VIT_03s0063g00700,1679,0.8147,CXE carboxylesterase,E3_1_1_1,,,
73,VIT_14s0108g00380,1681,0.8144,Protein kinase APK1A,,,,
74,VIT_01s0011g00550,1679,0.8076,Hydrolase  alpha/beta fold family,,,,
75,VIT_19s0027g00390,1663,0.8061,Protein kinase,,,,
76,VIT_02s0033g00770,1665,0.8059,Nitrilase 4B,E3_5_5_1,,vv10460Cyanoamino_acid_metabolism,vv10910Nitrogen_metabolism
77,VIT_02s0033g00840,1657,0.8024,Nitrilase 4B,E3_5_5_1,,vv10460Cyanoamino_acid_metabolism,vv10910Nitrogen_metabolism
78,VIT_13s0156g00550,1655,0.8003,S-receptor kinase,,,,
79,VIT_13s0156g00170,1637,0.7931,Molybdopterin synthase (CNX2),K03638,,vv10790Folate_biosynthesis,
80,VIT_10s0003g04050,1629,0.7896,Unknown protein,,,,
81,VIT_05s0051g00130,1621,0.7861,Glutathione S-transferase 25 GSTU7,E2_5_1_18_GSTU7,,vv10480Glutathione_metabolism,
82,VIT_13s0084g00670,1612,0.7852,Unknown protein,,,,
83,VIT_09s0002g04780,1612,0.7821,Sulfate transporter 3.4,SULTR3_4,,vv50124Porters_cat_30_to_64,
84,VIT_04s0023g02900,1601,0.7798,Ferulate-5-hydroxylase,K09755,,vv10940Phenylpropanoid_biosynthesis,
85,VIT_07s0031g02600,1610,0.7778,No hit,,,,
86,VIT_05s0077g01560,1605,0.7776,Pathogenesis protein 10.3 [Vitis quinquangularis],,,,
87,VIT_00s1679g00010,1578,0.7664,Avr9/Cf-9 rapidly elicited protein 75,,,,
88,VIT_01s0150g00410,1588,0.7627,Unknown protein,,,,
89,VIT_00s0743g00020,1576,0.7603,S-locus lectin protein kinase,,,,
90,VIT_18s0001g12450,1545,0.7435,No hit,,,,
91,VIT_09s0002g01550,1517,0.7393,Lecithine cholesterol acyltransferase,E2_3_1_43,,vv10564Glycerophospholipid_metabolism,
92,VIT_01s0011g02790,1525,0.7364,IDA (inflorescence deficient in abscission),IDA,,vv30008Ethylene_signaling,
93,VIT_03s0017g01410,1518,0.7351,No hit,,,,
94,VIT_13s0019g01810,1520,0.7347,Scarecrow transcription factor 14 (SCL14),SCL14_3,,vv60032GRAS,
95,VIT_17s0000g07350,1495,0.7226,Exocyst subunit EXO70 E2,EXO70E2,,vv50111Tethering_factors,
96,VIT_05s0077g01580,1484,0.7214,Pathogenesis protein 10 [Vitis vinifera],,,,
97,VIT_12s0028g03580,1471,0.7148,Lectin-receptor like protein kinase 3,,,,
98,VIT_18s0001g12910,1478,0.714,Inositol-pentakisphosphate 2-kinase 1 ATIPK1,E2_7_1_158,,vv10562Inositol_phosphate_metabolism,vv34020Calcium_signaling_pathway
99,VIT_05s0051g00140,1487,0.7139,RRS1 (resistant to ralstonia solanacearum 1),RRS1,,vv34627R_proteins_from_Plant-pathogen_interaction,
100,VIT_04s0008g02540,1459,0.7079,Zinc finger (C2H2 type) family,C2H2FAM_46,,vv60017C2H2,
101,VIT_03s0038g00090,1450,0.7046,Epoxide hydrolase-like protein,E3_3_2_10,,,
102,VIT_14s0128g00180,1463,0.702,Zinc finger (C3HC4-type ring finger),ZFC3HC4_209,,vv60078Other_zf-C3HC4,
103,VIT_18s0122g01270,1445,0.6987,Protein kinase APK1B,,,,
104,VIT_08s0007g02360,1438,0.6987,Harpin inducing protein 1-like 9,,,,
105,VIT_00s0299g00070,1434,0.6951,Unknown protein,,,,
106,VIT_13s0156g00580,1433,0.6926,S-receptor kinase,,,,
107,VIT_13s0139g00340,1419,0.6839,R protein MLA10,K13475,,vv34627R_proteins_from_Plant-pathogen_interaction,
108,VIT_00s0218g00090,1412,0.6834,Exostosin family protein,K02366,,vv11030Glycan_structures-biosynthesis1,
109,VIT_07s0005g01360,1416,0.6798,Zinc finger (C3HC4-type ring finger),ZFC3HC4_185,,vv60078Other_zf-C3HC4,
110,VIT_07s0005g03340,1396,0.6796,Myb domain protein 14,MYB14_2,MYB14,vv60044MYB,
111,VIT_17s0000g06280,1405,0.6784,Geranylgeranyl reductase,CHLP,,vv10100Biosynthesis_of_steroids,
112,VIT_06s0004g04600,1391,0.6746,Protein phosphatase 2C POLTERGEIST-like 4,,,,
113,VIT_16s0100g01160,1390,0.6696,Stilbene synthase [Vitis vinifera],E2_3_1_95,,vv10940Phenylpropanoid_biosynthesis,
114,VIT_14s0083g00910,1380,0.6693,Auxin-independent growth promoter,,,,
115,VIT_03s0063g01790,1371,0.6646,Transducin protein,,,,
116,VIT_17s0000g05680,1374,0.6638,Band 7 family,BAND7,,vv50108Accessory_factors_involved_in_transport,
117,VIT_02s0025g01860,1365,0.6604,Cellulose synthase CSLG3,E2_4_1_12_CSLG3,,vv40006Cell_wall,
118,VIT_04s0044g00640,1363,0.6575,S-receptor kinase,,,,
119,VIT_10s0003g04080,1355,0.6568,Unknown,,,,
120,VIT_18s0001g07490,1353,0.6555,Auxin-independent growth promoter,AXI1,,vv30003Auxin_signaling,
121,VIT_01s0150g00020,1349,0.6533,Receptor protein kinase,,,,
122,VIT_10s0116g00430,1346,0.6471,Unknown protein,,,,
123,VIT_05s0077g01680,1332,0.6435,Mal d 1 allergen,,,,
124,VIT_01s0026g02710,1326,0.6412,NAC domain-containing protein 29,NAC029,VvNAC26,vv60046NAC,
125,VIT_05s0102g00270,1319,0.6381,Cyclin-related,CYCREL,,vv44110Cell_cycle,
126,VIT_10s0003g00470,1315,0.6359,Isoflavone methyltransferase/ Orcinol O-methyltransferase 1 oomt1,E2_1_1_46,,vv10943Isoflavonoid_biosynthesis,
127,VIT_02s0109g00430,1308,0.6298,Nitrilase 4 (NIT4),K13035,,vv10910Nitrogen_metabolism,
128,VIT_01s0011g05650,1291,0.6258,1-aminocyclopropane-1-carboxylate oxidase,E1_14_17_4,,vv10640Propanoate_metabolism,vv30008Ethylene_signaling
129,VIT_14s0128g00290,1295,0.6256,Pentatricopeptide (PPR) repeat-containing,,,,
130,VIT_19s0027g00460,1290,0.6244,Glutathione S-transferase 25 GSTU25,E2_5_1_18_GSTU25,,vv10480Glutathione_metabolism,
131,VIT_05s0049g01200,1282,0.6232,S-locus lectin protein kinase,,,,
132,VIT_07s0104g00850,1280,0.6232,Pto kinase interactor,,,,
133,VIT_05s0029g00350,1270,0.618,Heat shock transcription factor A5,HSFA5_2,,vv60037HSF,
134,VIT_05s0077g01150,1259,0.6103,Beta-1 3-glucanase,E3_2_1_6,,,
135,VIT_04s0023g00030,1241,0.6024,CHR4/MI-2-like (chromatin remodeling 4),CHR4_1,,vv60048PHD,
136,VIT_18s0001g08760,1246,0.6011,No hit,,,,
137,VIT_01s0011g01110,1235,0.5984,Molybdenum cofactor sulfurase,,,,
138,VIT_18s0001g08810,1228,0.5952,Unknown protein,,,,
139,VIT_13s0067g00260,1235,0.594,Nematode-resistance protein,,,,
140,VIT_10s0116g01700,1223,0.594,Autophagy 8c (APG8c),K08341,,vv44140Regulation_of_autophagy,vv50101Channels_and_pores
141,VIT_01s0011g02320,1221,0.5901,Unknown protein,,,,
142,VIT_18s0072g00260,1224,0.5896,Ethylene-responsive transcription factor related to APETALA2 6,RAP2_6,VvERF114,vv30008Ethylene_signaling,vv60003AP2_EREBP
143,VIT_08s0007g07670,1222,0.5895,NAC domain containing protein 47,NAC047_1,VvNAC60,vv60046NAC,
144,VIT_05s0049g00310,1224,0.5893,E8 protein,E8,,vv30008Ethylene_signaling,
145,VIT_00s0483g00010,1212,0.5858,Nucleobase-ascorbate transporter 11 (NAT11),NAT11,,vv50124Porters_cat_30_to_64,
146,VIT_17s0000g01280,1203,0.584,WRKY DNA-binding protein 75,WRKY75_3,VvWRKY52,vv60066WRKY,
147,VIT_06s0080g00790,1197,0.5814,MYB divaricata,DIVARICATA_2,,vv30009Flower_development,vv60044MYB
148,VIT_07s0104g00220,1204,0.5808,Phenazine biosynthesis PhzC/PhzF,K06998,,vv10400Phenylalanine_tyrosine_and_tryptophan_biosynthesis,
149,VIT_10s0092g00710,1196,0.5789,Receptor protein kinase,,,,
150,VIT_04s0044g01290,1197,0.5785,MAP3Ka,MAP3KA,,vv44110Cell_cycle,
151,VIT_07s0031g02780,1192,0.577,Cyclase/dehydrase,,,,
152,VIT_03s0038g03400,1185,0.5733,Endochitinase 1  basic,E3_2_1_14,,vv10530Aminosugars_metabolism,
153,VIT_16s0022g01340,1182,0.5721,Deoxyribodipyrimidine photolyase,E4_1_99_3,,,
154,VIT_07s0005g04620,1127,0.546,Unknown,,,,
155,VIT_10s0003g00580,1129,0.5444,ERF/AP2 transcription factor sub B-3  (ATERF-2),ERF1_5,VvERF075,vv30008Ethylene_signaling,vv30011Jasmonate_signaling
156,VIT_11s0016g03710,1119,0.5432,Abl interactor protein 1 (ABIL1),,,,
157,VIT_16s0100g00960,1120,0.5424,Stilbene synthase [Vitis pseudoreticulata],E2_3_1_95,,vv10940Phenylpropanoid_biosynthesis,
158,VIT_16s0100g01200<br>VIT_16s0100g01070,1121,0.5418,,,,,
159,VIT_16s0050g01690,1114,0.5405,Receptor kinase homolog LRK10,,,,
160,VIT_14s0066g00220,1116,0.5399,Elongation factor EF-Tu RABE1B,K02358,,vv34626Plant-pathogen_interaction,
161,VIT_08s0007g07520,1120,0.539,3-oxoacyl-[acyl-carrier-protein] reductase  chloroplast,E1_1_1_100,,vv10061Fatty_acid_biosynthesis,vv11040Biosynthesis_of_unsaturated_fatty_acids
162,VIT_17s0000g00140,1103,0.5318,TBP-binding protein,,,,
163,VIT_06s0004g07500,1095,0.5313,WRKY DNA-binding protein 33,WRKY33_1,VvWRKY16,vv34626Plant-pathogen_interaction,vv60066WRKY
164,VIT_01s0011g03980,1078,0.522,Wall-associated kinase,,,,
165,VIT_11s0016g03190,1067,0.5213,Unknown,,,,
166,VIT_07s0031g02610,1078,0.5203,NAC domain containing protein 2,NAC2_6,VvNAC39,vv60046NAC,
167,VIT_12s0028g02500,1076,0.5201,Unknown protein,,,,
168,VIT_18s0001g00840,1078,0.5188,Syringolide-induced protein 14-1-1,,,,
169,VIT_09s0002g03340,1068,0.5184,Unknown,,,,
170,VIT_01s0026g00910,1075,0.5176,Unknown,,,,
171,VIT_17s0000g07670,1068,0.5147,Betaine-aldehyde dehydrogenase,E1_2_1_8,,vv10260Glycine_serine_and_threonine_metabolism,vv50101Channels_and_pores
172,VIT_06s0009g01460,1069,0.5139,Homoserine dehydrogenase,E1_1_1_3,,vv10260Glycine_serine_and_threonine_metabolism,vv10300Lysine_biosynthesis
173,VIT_19s0014g03130,1053,0.5099,Stem-specific protein TSJT1,,,,
174,VIT_00s0804g00020,1049,0.508,Unknown protein,,,,
175,VIT_03s0038g03620,1037,0.5049,Rho guanyl-nucleotide exchange factor ROPGEF1,ROPGEF1,,,
176,VIT_07s0031g02590,1024,0.4964,Beta-galactosidase,E3_2_1_23,,vv10052Galactose_metabolism,vv10511N-Glycan_degradation
177,VIT_04s0044g00190,1018,0.4932,Mannitol dehydrogenase,E1_1_1_67,,vv10051Fructose_and_mannose_metabolism,
178,VIT_09s0002g06400,1018,0.4927,No hit,,,,
179,VIT_13s0019g02210,1005,0.4898,Sterol 4-alpha-methyl-oxidase 1 (SMO1),E1_14_13_72,,vv10100Biosynthesis_of_steroids,
180,VIT_10s0003g00150,1009,0.4872,NSL1 (necrotic spotted lesions 1),,,,
181,VIT_09s0070g00490,978,0.4757,Protein phosphatase 2C,E3_1_3_16,,,
182,VIT_05s0020g03890,978,0.4729,Kinase interacting,,,,
183,VIT_07s0005g00410,972,0.4714,Glycosyl hydrolase family 1 protein,,,,
184,VIT_05s0051g00180,966,0.4653,Glutathione S-transferase 8 GSTU8,E2_5_1_18_GSTU8,,vv10480Glutathione_metabolism,
185,VIT_07s0005g04440,961,0.4631,NADH dehydrogenase (ubiquinone) 1 alpha subcomplex 9,K03953,,vv10190Oxidative_phosphorylation,vv50134Primary_active_transporter_cat_D1
186,VIT_16s0013g01080,958,0.463,Ethylene-responsive transcription factor ERF105,ERF105_9,VvERF086,vv30008Ethylene_signaling,vv60003AP2_EREBP
187,VIT_08s0007g08410,953,0.4624,4 5-DOPA dioxygenase extradiol,DODA,,vv10350Tyrosine_metabolism,
188,VIT_16s0100g00830<br>VIT_16s0100g01120<br>VIT_16s0100g00780<br>VIT_16s0100g00910,953,0.4606,,,,,
189,VIT_16s0050g00400,947,0.4604,Photoassimilate-responsive protein PAR-1a,,,,
190,VIT_13s0156g00150,953,0.4591,Unknown,,,,
191,VIT_10s0003g01390,943,0.4556,Cupin  RmlC-type,,,,
192,VIT_17s0000g05380,936,0.4541,Dynein light chain LC8-type,K10418,,vv44810Regulation_of_actin_cytoskeleton,
193,VIT_11s0065g01210,926,0.4454,Zinc finger (C3HC4-type ring finger),ZFC3HC4_110,,vv60078Other_zf-C3HC4,
194,VIT_06s0080g00580,914,0.4422,Rac GTPase activating protein 1,RHOGAP,,vv50109Incompletely_characterized_transport_systems,
195,VIT_18s0001g10180,913,0.4419,N-hydroxycinnamoyl/benzoyltransferase 3,,,,
196,VIT_01s0127g00230,912,0.4402,NIK3 (NSP- interacting  kinase 3),,,,
197,VIT_04s0008g04950,905,0.4397,TIFY 8,TIFY8_2,,vv60069ZIM,
198,VIT_02s0025g02930,908,0.4384,Caffeic acid O-3-methyltransferase,E2_1_1_68,,vv10940Phenylpropanoid_biosynthesis,
199,VIT_03s0063g01960,902,0.4347,Non-symbiotic hemoglobin class 1,C01708,,vv10860Porphyrin_and_chlorophyll_metabolism,
200,VIT_01s0011g03850,895,0.4334,Unknown protein,,,,
201,VIT_12s0059g01380,898,0.433,1-aminocyclopropane-1-carboxylate oxidase 1,E1_14_17_4,,vv10640Propanoate_metabolism,vv30008Ethylene_signaling
202,VIT_18s0001g01210,886,0.4266,Senescence-inducible chloroplast stay-green protein 2,,,,
203,VIT_02s0012g01250,884,0.4254,Carnitine/acylcarnitine carrier  Mitochondrial,BOU,,vv50123Porters_cat_18_to_29,
204,VIT_11s0016g03080,879,0.4232,Clavata1 receptor kinase (CLV1),,,,
205,VIT_17s0119g00150,874,0.4224,Alpha-amylase/subtilisin inhibitor,E3_2_1_1,,vv10500Starch_and_sucrose_metabolism,
206,VIT_06s0004g06750,876,0.4216,Armadillo/beta-catenin repeat,,,,
207,VIT_09s0002g00410,872,0.4204,No hit,,,,
208,VIT_01s0010g02580,870,0.4195,Acid phosphatase/vanadium-dependent haloperoxidase,,,,
209,VIT_07s0005g04890,864,0.4174,Glutathione S-transferase 25 GSTU7,E2_5_1_18_GSTU7,,vv10480Glutathione_metabolism,
210,VIT_10s0116g00360,855,0.4118,Pyrophosphate-dependent phosphofructokinase beta subunit,E2_7_1_11,,vv10010Glycolysis,vv10030Pentose_phosphate
211,VIT_02s0012g01380,848,0.4113,No hit,,,,
212,VIT_05s0077g01060,837,0.4073,Betaine-aldehyde dehydrogenase,E1_2_1_8,,vv10260Glycine_serine_and_threonine_metabolism,vv50101Channels_and_pores
213,VIT_03s0091g00810,832,0.4055,Beta-1 4-xylosidase,E3_2_1_37,,vv10500Starch_and_sucrose_metabolism,vv10520Nucleotide_sugars_metabolism
214,VIT_18s0001g10090,827,0.3993,Kinesin protein FRA1 (fragile fiber 1),FRA1,,vv44810Regulation_of_actin_cytoskeleton,
215,VIT_04s0069g01010,828,0.3987,Harpin-induced protein,,,,
216,VIT_09s0002g08100,824,0.3983,Calcineurin,E3_1_3_16,,,
217,VIT_00s0945g00010,824,0.3973,Unknown protein,,,,
218,VIT_19s0014g04780,817,0.3964,No hit,,,,
219,VIT_19s0015g01750,813,0.3956,WD-40 repeat,,,,
220,VIT_07s0104g00930,818,0.3954,Gibberellin receptor GID1L2,GID1B,,vv30010Gibberellin_signaling,
221,VIT_00s0414g00010,812,0.3953,Cellulose synthase CSLE1,E2_4_1_12_CSLE1,,vv40006Cell_wall,
222,VIT_12s0028g00270,812,0.393,WRKY DNA-binding protein 71,WRKY71_2,VvWRKY35,vv60066WRKY,
223,VIT_08s0007g07530,806,0.3909,3-oxoacyl-[acyl-carrier-protein] reductase  chloroplast,E1_1_1_100,,vv10061Fatty_acid_biosynthesis,vv11040Biosynthesis_of_unsaturated_fatty_acids
224,VIT_03s0088g00380,803,0.3874,Tubulin alpha,K07374,,vv44145Phagosome,vv44810Regulation_of_actin_cytoskeleton
225,VIT_00s0153g00050,799,0.3866,Glutathione S-transferase 8 GSTU8,E2_5_1_18_GSTU8,,vv10480Glutathione_metabolism,
226,VIT_12s0035g02270,781,0.3784,Unknown protein,,,,
227,VIT_05s0049g00500,777,0.3761,Ethylene-responsive transcription factor ERF098,ERF098_2,VvERF110,vv30008Ethylene_signaling,vv60003AP2_EREBP
228,VIT_00s0762g00030,774,0.3743,S-locus lectin protein kinase,,,,
229,VIT_09s0054g00800,776,0.374,Unknown protein,,,,
230,VIT_18s0001g05310,763,0.3702,F-box domain containing protein,,,,
231,VIT_01s0010g02360,761,0.3691,Thimet oligopeptidase,E3_4_24_15,,,
232,VIT_15s0048g01400,761,0.3678,Protein kinase,,,,
233,VIT_03s0063g01780,758,0.3678,Extra-large G-protein (XLG1),,,,
234,VIT_05s0062g00710,758,0.3671,UDP-glucose:flavonoid 7-O-glucosyltransferase,E2_4_1_237,,vv10941Flavonoid_biosynthesis,
235,VIT_16s0013g01110,758,0.3662,Ethylene-responsive transcription factor 5,ERF5_3,VvERF090,vv30008Ethylene_signaling,vv60003AP2_EREBP
236,VIT_05s0077g01690,758,0.366,Pathogenesis protein 10 [Vitis vinifera],,,,
237,VIT_12s0028g01030,755,0.3653,Unknown,,,,
238,VIT_10s0003g05430,749,0.3641,Reticuline oxidase precursor,E1_21_3_3,,vv10950Alkaloid_biosynthesis_I,
239,VIT_08s0056g01520,748,0.3619,Acetylglucosaminyltransferase,E2_4_1_223,,vv11030Glycan_structures-biosynthesis1,
240,VIT_16s0100g00750,751,0.3614,Stilbene synthase,E2_3_1_95,,vv10940Phenylpropanoid_biosynthesis,
241,VIT_11s0016g01750,742,0.3586,Unknown protein,,,,
242,VIT_00s0813g00010,744,0.3575,Nucleobase-ascorbate transporter 11 (NAT11),NAT11,,vv50124Porters_cat_30_to_64,
243,VIT_04s0044g00510,733,0.3529,GT2-like trihelix DNA-binding protein,GT2REL_4,,vv60062Trihelix,
244,VIT_12s0028g00980,724,0.3508,Myb family,MYBGE_17,,vv60029G2-like,
245,VIT_11s0118g00210,721,0.3498,Nodulation receptor kinase,,,,
246,VIT_18s0001g06790,718,0.3479,Ripening regulated protein DDTFR18,DDTFR18,,vv50125Porters_cat_66_to_94,
247,VIT_12s0059g01100,715,0.3451,PRLI-interacting factor K,PRLIINTK,,vv60017C2H2,
248,VIT_19s0014g04150,715,0.3441,S-receptor protein kinase,,,,
249,VIT_14s0060g01350,705,0.3437,Ribulose 1 5-bisphosphate carboxylase-oxygenase large subunit,E4_1_1_39,,vv10710Carbon_fixation,
250,VIT_18s0001g00220,710,0.3423,Unknown,,,,
251,VIT_05s0077g01550,702,0.3414,Pathogenesis protein 10.3 [Vitis quinquangularis],,,,
252,VIT_06s0004g06480,704,0.3414,CYP71E,E1_14_13_73,,vv10902Monoterpenoid_biosynthesis,
253,VIT_12s0034g02220,701,0.3408,RKF3 (receptor-like kinase IN in flowers 3),,,,
254,VIT_13s0074g00370,696,0.3362,Zinc finger (C3HC4-type ring finger),ZFC3HC4_89,,vv60078Other_zf-C3HC4,
255,VIT_05s0077g01600,699,0.3359,Pathogenesis protein 10 [Vitis vinifera],,,,
256,VIT_18s0001g11730,692,0.3356,No hit,,,,
257,VIT_13s0019g00390,687,0.3346,F-box family protein,,,,
258,VIT_17s0119g00240,691,0.3345,Trypsin and protease inhibitor Kunitz family,,,,
259,VIT_18s0001g10120,690,0.3335,SPla/RYanodine receptor (SPRY) domain-containing protein,,,,
260,VIT_02s0025g00530,685,0.332,Unknown,,,,
261,VIT_06s0061g01030,678,0.3275,Aspartic proteinase nepenthesin-2 precursor,E3_4_23_12,,,
262,VIT_06s0004g01010,672,0.3262,Dirigent protein pDIR9,,,,
263,VIT_06s0004g06600,666,0.3222,Unknown protein,,,,
264,VIT_15s0021g00500,665,0.3206,NADP-dependent malic enzyme,E1_1_1_39,,vv10620Pyruvate_metabolism,vv10710Carbon_fixation
265,VIT_18s0001g06950,667,0.3202,Purine permease 1 (PUP1),PUP1,,vv10908Zeatin_biosynthesis,vv50122Porters_cat_7_to_17
266,VIT_13s0067g00240,660,0.3181,Binding,,,,
267,VIT_08s0056g00300,654,0.3153,Unknown,,,,
268,VIT_01s0010g01840,654,0.3153,GEM-like protein 5,,,,
269,VIT_16s0100g01100,633,0.308,Stilbene synthase,E2_3_1_95,,vv10940Phenylpropanoid_biosynthesis,
270,VIT_16s0100g00880,635,0.3062,Stilbene synthase [Vitis pseudoreticulata],E2_3_1_95,,vv10940Phenylpropanoid_biosynthesis,
271,VIT_12s0059g01820,636,0.3049,Protein phosphatase 1D,K10147,,,
272,VIT_12s0035g02200,631,0.3041,Unknown protein,,,,
273,VIT_18s0001g04640,626,0.3037,No hit,,,,
274,VIT_09s0002g06580,621,0.3032,Glycosyl hydrolase family 28 protein,,,,
275,VIT_17s0000g03340,625,0.3025,Wall-associated kinase 4,,,,
276,VIT_03s0038g04450,628,0.3025,Basic leucine-zipper 11 GBF6,GBF6_1,VvbZIP07,vv60012BZIP,
277,VIT_01s0150g00120,624,0.3019,Ethylene-responsive transcription factor ERF114,ERF114_2,VvERF112,vv30008Ethylene_signaling,vv60003AP2_EREBP
278,VIT_01s0011g05680,616,0.299,Unknown protein,,,,
279,VIT_13s0067g02440,614,0.2976,Haloacid dehalogenase hydrolase,E3_1_3_18,,vv10630Glyoxylate_and_dicarboxylate_metabolism,
280,VIT_18s0001g10150,616,0.2976,Ethylene-responsive transcription factor ERF011,ERF011,VvERF013,vv30008Ethylene_signaling,vv60017C2H2
281,VIT_19s0014g02870<br>VIT_19s0014g02860,611,0.2953,,,,,
282,VIT_03s0091g00690,584,0.2804,Salt tolerance zinc finger,STZ_1,,vv60017C2H2,
283,VIT_05s0049g01100,580,0.2795,Glutathione S-transferase 25 GSTU7,E2_5_1_18_GSTU7,,vv10480Glutathione_metabolism,
284,VIT_06s0004g05240,569,0.2768,Ethylene receptor (ETR2),ETR2,,vv30008Ethylene_signaling,
285,VIT_16s0148g00290<br>VIT_16s0148g00360<br>VIT_16s0148g00100<br>VIT_00s0258g00140,566,0.2753,,,,,
286,VIT_06s0004g07240,569,0.2737,UDP-glucoronosyl and UDP-glucosyl transferase,,,,
287,VIT_16s0100g00760,561,0.2733,Stilbene synthase 2 [Vitis sp. cv. 'Norton'],E2_3_1_95,,vv10940Phenylpropanoid_biosynthesis,
288,VIT_12s0059g02140,564,0.2725,F-box family protein,,,,
289,VIT_16s0100g00860<br>VIT_16s0100g00940<br>VIT_16s0100g00800<br>VIT_16s0100g00920<br>VIT_16s0100g00930<br>VIT_16s0100g00810<br>VIT_16s0100g00840<br>VIT_16s0100g00850,566,0.2717,,,,,
290,VIT_18s0001g07120,559,0.2712,Transport inhibitor response 1 protein,TIR1,,vv30003Auxin_signaling,
291,VIT_06s0004g01610,563,0.2711,Ethylene-insensitive33 (EIL3),EIL3,,vv30008Ethylene_signaling,vv60027EIL
292,VIT_11s0016g02470,557,0.27,Carrier protein  Mitochondrial,K03454,,vv50123Porters_cat_18_to_29,
293,VIT_13s0067g02630,552,0.268,No hit,,,,
294,VIT_04s0008g05380,553,0.2673,Serine hydrolase [Vitis vinifera],E4_3_1_18,,vv10260Glycine_serine_and_threonine_metabolism,
295,VIT_07s0130g00160,554,0.267,No hit,,,,
296,VIT_11s0016g01690,553,0.2665,Unknown protein,,,,
297,VIT_06s0004g06110,547,0.2651,Exo-1 3-beta-glucanase,E3_2_1_58,,vv10500Starch_and_sucrose_metabolism,
298,VIT_10s0003g01580,546,0.2643,Unknown protein,,,,
299,VIT_10s0003g01920,550,0.2642,RKF1 (receptor-like kinase in flowers 1),,,,
300,VIT_17s0000g09170,543,0.2632,Receptor lectin kinase,,,,
301,VIT_00s0475g00020,539,0.2609,Zinc finger (C3HC4-type ring finger),,,,
302,VIT_03s0063g00670,537,0.2598,Cyclin-dependent kinase inhibitor ICK5,ICK5,,vv44110Cell_cycle,
303,VIT_10s0003g03200,536,0.2594,Mitochondrial-processing peptidase subunit alpha,,,,
304,VIT_13s0019g03520,537,0.2593,No hit,,,,
305,VIT_06s0080g01200,533,0.2569,Harpin-induced family protein,,,,
306,VIT_08s0007g07120,525,0.2551,Kelch-like protein 18,K10455,,vv44110Cell_cycle,
307,VIT_09s0002g03540,524,0.2529,MYB divaricata,DIVARICATA_15,,vv30009Flower_development,vv60044MYB
308,VIT_01s0026g01660,524,0.2527,Alpha-amylase isozyme C2 precursor,E3_2_1_1,,vv10500Starch_and_sucrose_metabolism,
309,VIT_02s0025g01900,518,0.2515,Cellulose synthase CSLG3,E2_4_1_12_CSLG3,,vv40006Cell_wall,
310,VIT_10s0042g00840,513,0.2501,Stilbene synthase [Vitis pseudoreticulata],E2_3_1_95,,vv10940Phenylpropanoid_biosynthesis,
311,VIT_02s0025g00420,515,0.248,WRKY DNA-binding protein 27,WRKY27_2,VvWRKY04,vv60066WRKY,
312,VIT_08s0007g01460,512,0.2476,Peptidylprolyl isomerase PAS1 (PASTICCINO 1),PASTICCINO,,vv50108Accessory_factors_involved_in_transport,
313,VIT_07s0005g01950,509,0.2453,Myb domain protein 78,MYB78,MYB108B,vv60044MYB,
314,VIT_05s0077g01010,506,0.2448,HCF107 (high chlorophyll fluorescent 107),,,,
315,VIT_18s0001g06760,502,0.2431,Clathrin assembly protein 16,CAP16,,vv50110Protein_coat,
316,VIT_00s0413g00010,501,0.2429,Laccase (diphenol oxidase) family protein,E1_10_3_2,,vv11000Single_reactions,vv50109Incompletely_characterized_transport_systems
317,VIT_16s0098g00200,502,0.2423,Receptor serine/threonine kinase PR5K,,,,
318,VIT_14s0068g02150,496,0.2393,Kelch repeat-containing F-box family protein,,,,
319,VIT_14s0006g00800,492,0.2391,Tubulin alpha-2 chain,K07374,,vv44145Phagosome,vv44810Regulation_of_actin_cytoskeleton
320,VIT_11s0016g01720,491,0.2383,Threonine synthase,E4_2_3_1,,vv10260Glycine_serine_and_threonine_metabolism,vv10750Vitamin_B6_metabolism
321,VIT_17s0053g01050,491,0.2381,Non-symbiotic hemoglobin class 1,C01708,,vv10860Porphyrin_and_chlorophyll_metabolism,
322,VIT_01s0011g03650,489,0.2368,Map kinase substrate 1 MKS1,,,,
323,VIT_07s0005g02280,482,0.2351,Phosphate translocator,PTLREL,,vv50122Porters_cat_7_to_17,
324,VIT_15s0024g00800,485,0.235,No hit,,,,
325,VIT_13s0019g00310,484,0.2331,ABC transporter B member 20,ABCB20,,vv52010ABC_transporters,
326,VIT_03s0017g01990,479,0.2326,UDP-glucose glucosyltransferase,E2_4_1_35,,vv10500Starch_and_sucrose_metabolism,
327,VIT_07s0104g01260,481,0.2313,flavin-containing monooxygenase,E1_14_13_8,,vv11000Single_reactions,
328,VIT_08s0007g00430,474,0.2294,C2 domain containing protein,,,,
329,VIT_08s0007g01800,477,0.2291,Unknown protein,,,,
330,VIT_06s0004g01400,472,0.2268,S-receptor kinase,,,,
331,VIT_09s0002g05610,468,0.2261,Unknown,,,,
332,VIT_19s0027g01630,464,0.2244,Disease resistance protein (NBS-LRR class),,,,
333,VIT_06s0004g03310,460,0.2232,Hydrolase  alpha/beta fold,,,,
334,VIT_05s0049g01980,461,0.2231,3-isopropylmalate dehydratase large subunit 2,E4_2_1_33,,vv10290Valine_leucine_and_isoleucine_biosynthesis,
335,VIT_02s0012g01680,460,0.2227,Trehalose phosphatase 5,E3_1_3_12,,vv10500Starch_and_sucrose_metabolism,
336,VIT_02s0012g01140,464,0.222,Protein kinase,,,,
337,VIT_10s0003g01160,459,0.2216,Basic helix-loop-helix (bHLH) family,BHLHDOM_23,,vv60011BHLH,
338,VIT_00s0216g00070,455,0.2202,Unknown,,,,
339,VIT_02s0025g03290,451,0.2181,Hydroxyproline-rich glycoprotein,HRGP,,vv40006Cell_wall,
340,VIT_13s0019g05070,446,0.2153,Nodulin family protein,,,,
341,VIT_16s0100g00270,446,0.215,Peptidoglycan-binding LysM domain-containing protein,,,,
342,VIT_03s0038g00350,445,0.2143,Kinesin protein (MKRP2),MKRP2,,vv44810Regulation_of_actin_cytoskeleton,
343,VIT_04s0008g00470,428,0.2071,Early nodulin Enod93 protein,,,,
344,VIT_00s1403g00010,425,0.2053,Unknown,,,,
345,VIT_12s0028g02130,426,0.2053,MAP3K delta-1 protein kinase,,,,
346,VIT_11s0016g05530,420,0.2029,Plastocyanin domain-containing protein,K02638,,vv10195Photosynthesis,vv50113Thylakoid_targeting_pathway
347,VIT_02s0025g01320,416,0.201,No hit,,,,
348,VIT_17s0000g00200,414,0.2009,Ethylene-responsive transcription factor ERF114,ERF114_1,VvERF118,vv30008Ethylene_signaling,vv60003AP2_EREBP
349,VIT_09s0002g04720,413,0.2008,Coatomer protein complex  subunit beta 2,COPB2,,vv50110Protein_coat,
350,VIT_11s0016g02000,416,0.2003,No hit,,,,
351,VIT_03s0017g00670,415,0.1995,Zinc finger (C3HC4-type ring finger),ZFC3HC4_148,,vv60078Other_zf-C3HC4,
352,VIT_12s0035g00770,402,0.1945,Nitrogen fixation NifU,,,,
353,VIT_17s0000g03190,399,0.1928,Glycosyl transferase family 28 protein,E2_4_1_227,,vv10550Peptidoglycan_biosynthesis,
354,VIT_08s0058g00370,397,0.1923,Unknown protein,,,,
355,VIT_00s0179g00250,396,0.1921,No hit,,,,
356,VIT_03s0038g04330,393,0.1903,Unknown,,,,
357,VIT_04s0044g00270,393,0.1902,Monooxygenase (MO3),,,,
358,VIT_05s0124g00140,390,0.1899,Lipase class 3,,,,
359,VIT_14s0128g00390,389,0.1881,Mitochondrial FAD carrier,MFADC,,vv50123Porters_cat_18_to_29,
360,VIT_04s0044g01200,388,0.1879,Auxin-independent growth promoter,,,,
361,VIT_19s0090g01870,388,0.1875,Multidrug resistance-associated protein 3,MRP3,,vv52010ABC_transporters,
362,VIT_13s0019g04610,382,0.184,Salt stress-inducible protein kinase,,,,
363,VIT_06s0009g03670,376,0.1811,F-box family protein,,,,
364,VIT_08s0040g02600,375,0.1797,F-box protein,,,,
365,VIT_05s0062g00020,371,0.1789,F-box family protein,,,,
366,VIT_06s0004g07280,369,0.1774,UDP-glucuronosyl/UDP-glucosyltransferase,E2_4_1_17,,vv10040Pentose_glucuronate_interconversion,vv10500Starch_and_sucrose_metabolism
367,VIT_00s0231g00040,367,0.1773,RPM1-interacting protein 4,K13456,,vv34626Plant-pathogen_interaction,
368,VIT_02s0033g01380,366,0.1767,Alternative oxidase 1D,AOX1D,,vv30001ABA_signaling,
369,VIT_04s0044g01430,365,0.1765,Unknown protein,,,,
370,VIT_18s0001g01110,363,0.1755,Monooxygenase (MO2),,,,
371,VIT_07s0141g00640,364,0.1747,ProT1 (PROLINE transporter 1),PROT1,,vv50123Porters_cat_18_to_29,
372,VIT_11s0103g00520,360,0.1747,Unknown,,,,
373,VIT_06s0004g05940,357,0.1713,Uncoupling protein 1,PUMP1,,vv50123Porters_cat_18_to_29,
374,VIT_01s0137g00680,353,0.1702,No hit,,,,
375,VIT_06s0004g07920,351,0.1694,WNK5 (Arabidopsis WNK kinase 5),,,,
376,VIT_09s0002g00790,348,0.1693,Beta-ketoacyl-ACP synthase II,E2_3_1_41,,vv10061Fatty_acid_biosynthesis,
377,VIT_13s0019g01280,348,0.1691,DC1 domain-containing protein,,,,
378,VIT_02s0033g00700,351,0.1688,Nitrilase,E3_5_5_1,,vv10460Cyanoamino_acid_metabolism,vv10910Nitrogen_metabolism
379,VIT_14s0066g01040,346,0.1682,Cytosine methyltransferase (DRM2),E2_1_1_49,,vv11002Auxin_biosynthesis,
380,VIT_02s0234g00130,345,0.1666,Ethylene responsive element binding factor 1,ERF1_9,VvERF076,vv30008Ethylene_signaling,vv30011Jasmonate_signaling
381,VIT_01s0026g00280,341,0.1652,Trehalose 6-phosphate synthase,E2_4_1_15,,vv10500Starch_and_sucrose_metabolism,
382,VIT_08s0007g07730,336,0.1622,CYP93A1 2-hydroxyisoflavanone synthase,E1_14_13_86,,vv10943Isoflavonoid_biosynthesis,
383,VIT_16s0148g00160,334,0.1616,Receptor serine/threonine kinase,,,,
384,VIT_07s0005g03760,334,0.1615,Phytochelatin synthase 1 (PCS1),E2_3_2_15,,vv10251Glutamate_metabolism,
385,VIT_17s0000g08210,332,0.1599,Zinc finger (C3HC4-type ring finger),ZFC3HC4_103,,vv60078Other_zf-C3HC4,
386,VIT_09s0002g00080,333,0.1594,Phytosulfokine receptor,,,,
387,VIT_08s0007g07640,325,0.1563,NAC domain-containing protein 87,NAC087,VvNAC61,vv60046NAC,
388,VIT_05s0051g00720,323,0.1557,3-ketoacyl-CoA thiolase PED1,K07513,,vv10062Fatty_acid_elongation_in_mitochondria,vv10071Fatty_acid_metabolism
389,VIT_01s0026g01380,320,0.1544,Glutathione S-transferase 29 GSTU18,E2_5_1_18_GSTU18,,vv10480Glutathione_metabolism,
390,VIT_05s0020g03300,317,0.1535,S-receptor kinase,,,,
391,VIT_11s0016g00390,316,0.1533,Zinc finger (C3HC4-type ring finger),ZFC3HC4_210,,vv60078Other_zf-C3HC4,
392,VIT_00s1348g00010,317,0.1531,Ternary complex factor MIP1,,,,
393,VIT_10s0003g01680,315,0.152,Trehalose synthase,E2_4_1_15,,vv10500Starch_and_sucrose_metabolism,
394,VIT_18s0001g10800,315,0.1516,Carboxylesterase CXE,E3_1_1_1,,,
395,VIT_05s0077g00500,313,0.1508,Myb domain protein 108,MYB108,MYB108A,vv60044MYB,
396,VIT_19s0027g00450,309,0.1503,Pentatricopeptide (PPR) repeat-containing protein,,,,
397,VIT_01s0146g00410,307,0.148,GEM-like protein 5,,,,
398,VIT_06s0004g07270,300,0.1449,UDP-glucoronosyl and UDP-glucosyl transferase,,,,
399,VIT_19s0014g02170,297,0.1431,4-amino-4-deoxychorismate lyase,E4_1_3_38,,vv10790Folate_biosynthesis,
400,VIT_02s0025g02920,294,0.1424,Quercetin 3-O-methyltransferase 1,E2_1_1_76,,vv10941Flavonoid_biosynthesis,
401,VIT_07s0031g00480,292,0.1417,Protein kinase family,,,,
402,VIT_03s0038g00130,291,0.1409,No hit,,,,
403,VIT_08s0007g06510,290,0.1406,Protein phosphatase 2C,E3_1_3_16,,,
404,VIT_08s0007g00060,291,0.1402,5-oxoprolinase,E3_5_2_9,,vv10480Glutathione_metabolism,
405,VIT_04s0043g00250,287,0.1393,Nonsense-mediated mRNA decay NMD3,K07562,,vv23008Ribosome_biogenesis_in_Eukaryotes,vv23013RNA_transport
406,VIT_07s0104g00390,286,0.1376,Unknown protein,,,,
407,VIT_13s0074g00580,283,0.1364,Unknown protein,,,,
408,VIT_19s0090g01180,281,0.1359,Light induced protein like,,,,
409,VIT_07s0031g02320,280,0.1357,Leaf senescence protein,,,,
410,VIT_03s0038g02860,280,0.1355,Amino acid permease,AAPREL,,vv50123Porters_cat_18_to_29,
411,VIT_11s0016g02890,280,0.1354,Dual specificity protein phosphatase,,,,
412,VIT_01s0010g03740,278,0.1346,Transcription termination factor mitochondrial mTERF,MTERF_4,,vv60085MTERF,
413,VIT_14s0171g00400,276,0.1333,Lysine histidine transporter 1,LHT1,,vv50123Porters_cat_18_to_29,
414,VIT_02s0025g04320,275,0.1325,Thaumatin,,,,
415,VIT_06s0004g01810,272,0.1318,MSF1,,,,
416,VIT_11s0037g00180,271,0.1314,Leucine aminopeptidase 3  chloroplast precursor,E3_4_11_1,,,
417,VIT_05s0049g01550,267,0.1295,Peptide transporter protein 3,PTR3,,vv50122Porters_cat_7_to_17,
418,VIT_09s0002g02700,264,0.1274,Basic helix-loop-helix (bHLH) family,BHLHDOM_29,,vv60011BHLH,
419,VIT_07s0005g02570,256,0.1246,WRKY DNA-binding protein 47,WRKY47,VvWRKY20,vv60066WRKY,
420,VIT_11s0016g02580,253,0.1219,MAPK activating protein-like,,,,
421,VIT_18s0001g02030,249,0.12,Signal peptidase 1,K03100,,vv23060Protein_export,vv50132Primary_active_transporter_cat_A5_to_A8
422,VIT_08s0007g05140,246,0.1195,MAP70 protein .,,,,
423,VIT_04s0008g06540,247,0.1194,Translation initiation factor eIF-5A,K03263,,,
424,VIT_06s0004g02480,243,0.1176,Cysteine peptidase,E3_4_22_x,,,
425,VIT_16s0039g02500,242,0.117,Shikimate kinase,E2_7_1_71,,vv10400Phenylalanine_tyrosine_and_tryptophan_biosynthesis,
426,VIT_18s0072g00840,241,0.1167,Sensitive to proton rhizotoxicity 1,STOP1_2,,vv60017C2H2,
427,VIT_05s0051g00230,241,0.1164,R protein L6,K13477,,vv34627R_proteins_from_Plant-pathogen_interaction,
428,VIT_18s0117g00300,241,0.1159,Coatomer protein complex  subunit beta 2,COPB2,,vv50110Protein_coat,
429,VIT_00s0531g00060,239,0.1154,Cellulose synthase CSLE1,E2_4_1_12_CSLE1,,vv40006Cell_wall,
430,VIT_10s0003g00590,238,0.1153,Ethylene-responsive transcription factor ERF091,ERF091,VvERF095,vv30008Ethylene_signaling,vv60003AP2_EREBP
431,VIT_12s0028g03310,235,0.1144,Protein phosphatase 2C,E3_1_3_16,,,
432,VIT_00s0229g00120,236,0.1141,Ternary complex factor MIP1,,,,
433,VIT_16s0100g01150,228,0.1103,Stilbene synthase [Vitis vinifera],E2_3_1_95,,vv10940Phenylpropanoid_biosynthesis,
434,VIT_16s0022g00700,225,0.1089,Pectinesterase family,E3_1_1_11,,vv40006Cell_wall,
435,VIT_18s0157g00140,226,0.1088,Alliin lyase,E4_4_1_4,,vv10272Cysteine_metabolism,
436,VIT_00s0366g00020,224,0.1087,CRK10 (cysteine-rich RLK10),,,,
437,VIT_15s0046g01770,224,0.1084,D-erythro-sphingosine kinase,E2_7_1_107,,vv10561Glycerolipid_metabolism,vv10564Glycerophospholipid_metabolism
438,VIT_08s0040g01580,225,0.1082,Protein kinase APK1A  chloroplast precursor,,,,
439,VIT_11s0016g02870,222,0.1075,Peptidase alpha subunit  Mitochondrial,E3_4_24_64,,,
440,VIT_06s0004g01270,221,0.107,Callose synthase catalytic subunit,E2_4_1_34,,vv10500Starch_and_sucrose_metabolism,
441,VIT_09s0002g03660,221,0.1069,Retrotransposon protein  Unclassified,,,,
442,VIT_14s0060g02090,219,0.1066,Copper chaperone (CCH),,,,
443,VIT_12s0034g01760,215,0.1049,Unknown protein,,,,
444,VIT_00s0301g00080,214,0.1038,No hit,,,,
445,VIT_12s0142g00610,212,0.1029,Citrate synthase  glyoxysomal precursor,E2_3_3_1,,vv10020Citrate_cycle,vv10630Glyoxylate_and_dicarboxylate_metabolism
446,VIT_12s0055g01160,210,0.1019,Brassinosteroid insensitive 1-associated receptor kinase 1,BAK1,,vv30005Brassinosteroids_signaling,vv34626Plant-pathogen_interaction
447,VIT_12s0028g02530,210,0.1016,Zinc finger (C3HC4-type ring finger),ZFC3HC4_36,,vv60078Other_zf-C3HC4,
448,VIT_18s0001g11570,211,0.1016,CYP82C1p,,,,
449,VIT_00s0218g00190<br>VIT_00s0218g00150<br>VIT_00s0218g00200<br>VIT_00s0218g00170,210,0.1014,,,,,
450,VIT_18s0001g14040,208,0.1007,Endo-1 4-beta-glucanase,E3_2_1_4,,vv40006Cell_wall,
451,VIT_14s0066g01190,203,0.0979,Unknown protein,,,,
452,VIT_04s0023g02130,200,0.0967,1 4-beta-mannan endohydrolase,E3_2_1_78,,vv10051Fructose_and_mannose_metabolism,
453,VIT_16s0050g00410,197,0.0954,Photoassimilate-responsive protein PAR-1a,,,,
454,VIT_17s0119g00280,198,0.0951,Alpha-amylase/subtilisin inhibitor,E3_2_1_1,,vv10500Starch_and_sucrose_metabolism,
455,VIT_08s0058g00690,195,0.0948,WRKY DNA-binding protein 33,WRKY33_3,VvWRKY24,vv34626Plant-pathogen_interaction,vv60066WRKY
456,VIT_04s0008g03180,195,0.0941,Unknown protein,,,,
457,VIT_18s0041g00680,195,0.0938,Endomembrane protein 70,EMP70,,,
458,VIT_07s0031g01360,194,0.0934,EMB2453,,,,
459,VIT_06s0009g02600<br>VIT_06s0009g02630,192,0.0929,,,,,
460,VIT_10s0042g00930<br>VIT_10s0042g00890<br>VIT_10s0042g00870<br>VIT_10s0042g00860<br>VIT_10s0042g00920,192,0.0925,,,,,
461,VIT_00s0174g00310,191,0.0921,Ribonuclease T2,E3_1_27_1,,,
462,VIT_03s0063g01210,190,0.0917,Nodulin 1A  senescence-associated,,,,
463,VIT_07s0104g00300,189,0.0911,Hemolysin,K06442,,vv50109Incompletely_characterized_transport_systems,
464,VIT_05s0020g04990,189,0.0906,No hit,,,,
465,VIT_19s0085g00680,183,0.0886,Unknown protein,,,,
466,VIT_01s0011g03950,182,0.0882,Wall-associated kinase,,,,
467,VIT_18s0001g07400,181,0.0878,Carbonic anhydrase  chloroplast precursor,E4_2_1_1,,vv10910Nitrogen_metabolism,vv50124Porters_cat_30_to_64
468,VIT_04s0008g04270,181,0.0876,Protein phosphatase 2 (formerly 2A)  regulatory subunit B',K11584,,vv23015mRNA_surveillance_pathway,
469,VIT_05s0077g01590,181,0.0874,Major allergen Mal d 1,,,,
470,VIT_16s0100g01130,179,0.0871,Stilbene synthase [Vitis vinifera],E2_3_1_95,,vv10940Phenylpropanoid_biosynthesis,
471,VIT_00s0469g00040,180,0.087,Cellulose synthase CSLE1,E2_4_1_12_CSLE1,,vv40006Cell_wall,
472,VIT_18s0001g15220,177,0.0854,Unknown protein,,,,
473,VIT_09s0002g03610,176,0.0854,MYB divaricata,DIVARICATA_16,,vv30009Flower_development,vv60044MYB
474,VIT_12s0055g01280,175,0.0844,Brassinosteroid insensitive 1-associated receptor kinase 1,BAK1,,vv30005Brassinosteroids_signaling,vv34626Plant-pathogen_interaction
475,VIT_08s0007g06220,173,0.0835,No hit,,,,
476,VIT_18s0075g00960,170,0.082,Laccase,E1_10_3_2,,vv11000Single_reactions,vv50109Incompletely_characterized_transport_systems
477,VIT_05s0094g00200,170,0.082,Chitinase class IV,E3_2_1_14,,vv10530Aminosugars_metabolism,
478,VIT_08s0007g05580,167,0.0817,Embryo-abundant protein,,,,
479,VIT_18s0001g06400,168,0.0809,No hit,,,,
480,VIT_18s0001g14660,168,0.0808,P-glycoprotein 13,PGP13,,vv52010ABC_transporters,
481,VIT_11s0037g01410,166,0.0803,XBAT32 (XB3 ortholog 2 in Arabidopsis thaliana 32),XBAT32,,vv50108Accessory_factors_involved_in_transport,
482,VIT_17s0000g05360,165,0.0797,Germin,,,,
483,VIT_19s0014g01530,162,0.0786,Protein kinase,,,,
484,VIT_00s0480g00030,161,0.0778,Polyphenol oxidase,E1_10_3_1,,vv10350Tyrosine_metabolism,vv50109Incompletely_characterized_transport_systems
485,VIT_18s0075g00810,157,0.0764,Laccase,E1_10_3_2,,vv11000Single_reactions,vv50109Incompletely_characterized_transport_systems
486,VIT_11s0016g04350,155,0.0752,Methyltransferase Met-10+ like family protein,K07055,,,
487,VIT_05s0051g00240,156,0.0749,Glutathione S-transferase GSTU8,E2_5_1_18_GSTU8,,vv10480Glutathione_metabolism,
488,VIT_04s0008g05400,153,0.0742,Serine hydrolase [Vitis vinifera],E4_3_1_18,,vv10260Glycine_serine_and_threonine_metabolism,
489,VIT_16s0098g01750,150,0.0728,Unknown protein,,,,
490,VIT_18s0001g00420,150,0.0724,Laccase,E1_10_3_2,,vv11000Single_reactions,vv50109Incompletely_characterized_transport_systems
491,VIT_12s0121g00300,149,0.0721,Brassinosteroid insensitive 1-associated receptor kinase 1,BAK1,,vv30005Brassinosteroids_signaling,vv34626Plant-pathogen_interaction
492,VIT_01s0011g00050,148,0.0716,Heat shock protein binding,,,,
493,VIT_06s0061g01210,147,0.0706,Lysine histidine transporter 1,LHT1,,vv50123Porters_cat_18_to_29,
494,VIT_17s0000g08570,145,0.0705,S-ribonuclease binding protein SBP1,,,,
495,VIT_17s0000g07560,145,0.0704,EDS1 (Enhanced disease susceptibility 1),EDS1,,vv30011Jasmonate_signaling,
496,VIT_01s0137g00600,145,0.0703,MAP kinase phosphatase (MKP1),,,,
497,VIT_02s0025g03300,140,0.0679,Potassium channel tetramerisation domain-containing protein,KCTREL,,vv50101Channels_and_pores,
498,VIT_18s0001g06120<br>VIT_18s0001g06090,140,0.0674,,,,,
499,VIT_18s0001g06310,139,0.0673,SnRK2-8,SNRK2C,,vv30001ABA_signaling,
500,VIT_05s0020g01250,139,0.0671,BTB/POZ domain-containing protein,BTBDOM_7,,vv60093TRAF,
501,VIT_15s0021g01340,139,0.0668,Phagocytosis and cell motility protein ELMO1,,,,
502,VIT_06s0004g03350,140,0.0668,Lateral organ boundaries protein 1,LBD1_5,,vv60007AS2,
503,VIT_14s0108g00540,138,0.0667,Phosphofructokinase,E2_7_1_90,,vv10051Fructose_and_mannose_metabolism,
504,VIT_05s0020g01740,137,0.0665,RanGAP1 interacting protein,,,,
505,VIT_07s0104g01500,138,0.0663,Transcription termination factor mitochondrial mTERF,MTERF_10,,vv60085MTERF,
506,VIT_01s0010g00340,137,0.0659,EDA18 (embryo sac development arrest 18),,,,
507,VIT_04s0008g05700,136,0.0659,ACT domain-containing protein,,,,
508,VIT_11s0016g01430,136,0.0656,Zinc finger (C3HC4-type ring finger),ZFC3HC4_48,,vv60078Other_zf-C3HC4,
509,VIT_04s0008g05970,136,0.0653,Unknown protein,,,,
510,VIT_12s0034g01080,132,0.0639,3-isopropylmalate dehydrogenase 2  chloroplast precursor,E1_1_1_85,,vv10290Valine_leucine_and_isoleucine_biosynthesis,
511,VIT_05s0029g01510,129,0.0623,No hit,,,,
512,VIT_17s0000g04140,126,0.0609,Unknown protein,,,,
513,VIT_12s0028g00610,125,0.0607,Aspartyl protease,E3_4_23_x,,,
514,VIT_13s0156g00570,121,0.0589,S-receptor kinase,,,,
515,VIT_19s0014g01010,122,0.0588,NHL repeat-containing protein,,,,
516,VIT_09s0002g01040,120,0.0579,Subtilase,,,,
517,VIT_11s0016g02980,117,0.0565,Unknown protein,,,,
518,VIT_19s0014g04280,115,0.0559,S-locus protein kinase,,,,
519,VIT_08s0040g00280,115,0.0558,Aladin,K14320,,vv23013RNA_transport,
520,VIT_08s0040g01020,115,0.0554,DNA helicase SNF2 domain-containing protein,SNF2HEL_9,,vv60058SNF2,
521,VIT_03s0063g00060,114,0.0552,IMP dehydrogenase,E1_1_1_205,,vv10230Purine_metabolism,
522,VIT_00s0532g00040,114,0.0549,No hit,,,,
523,VIT_07s0005g05880,113,0.0548,Cytokinin oxidase 3,E1_5_99_12,,vv10908Zeatin_biosynthesis,
524,VIT_10s0003g04120,112,0.0542,Galactosyltransferase,E2_4_x_x,,,
525,VIT_13s0019g03210,112,0.0541,Lectin-like protein,,,,
526,VIT_05s0049g01860,112,0.054,Receptor-like protein kinase,,,,
527,VIT_02s0025g02420,112,0.0539,Major Facilitator Super,,,,
528,VIT_14s0060g02440,110,0.0533,Indeterminate(ID)-domain 2,IDD2_5,,vv60017C2H2,
529,VIT_06s0009g02780,110,0.0532,Histone mRNA exonuclease 1,K01175,,,
530,VIT_09s0054g01690,110,0.0531,Transcription factor,,,,
531,VIT_14s0068g01550,109,0.053,Unknown protein,,,,
532,VIT_08s0040g01520,108,0.0521,Indole-3-acetate beta-glucosyltransferase,E2_4_1_121,,vv11002Auxin_biosynthesis,
533,VIT_11s0037g00160,106,0.0512,Protein prenyltransferase  alpha subunit,,,,
534,VIT_18s0001g05700,106,0.0511,Unknown protein,,,,
535,VIT_14s0006g01420,103,0.0499,Ser/Thr receptor kinase,,,,
536,VIT_02s0025g04280,101,0.0492,Osmotin,,,,
537,VIT_19s0014g04060,101,0.0488,ARK3 (Arabidopsis Receptor Kinase 3),,,,
538,VIT_18s0001g11420,100,0.0485,CYP82C2,,,,
539,VIT_15s0045g01370,99,0.0481,Unknown,,,,
540,VIT_18s0001g12430,99,0.0478,Unknown protein,,,,
541,VIT_03s0088g00140,98,0.0476,Isoflavone reductase protein 2,E1_3_1_45,,vv10943Isoflavonoid_biosynthesis,
542,VIT_10s0003g02810,95,0.046,WRKY DNA-binding protein 71,WRKY71_1,VvWRKY31,vv60066WRKY,
543,VIT_11s0016g02600,95,0.0458,Caffeoyl-CoA O-methyltransferase,E2_1_1_104,,vv10940Phenylpropanoid_biosynthesis,
544,VIT_10s0071g00760,93,0.0449,No hit,,,,
545,VIT_08s0058g01290,93,0.0449,Protein kinase AtSIK,,,,
546,VIT_18s0001g12680,91,0.0441,Unknown protein,,,,
547,VIT_00s0229g00100,90,0.0436,Unknown,,,,
548,VIT_11s0016g01930,90,0.0435,Diacylglycerol acyltransferase,E2_3_1_20,,vv10561Glycerolipid_metabolism,vv50124Porters_cat_30_to_64
549,VIT_02s0012g01010,88,0.0424,Leucine-rich repeat,,,,
550,VIT_02s0087g00420,87,0.042,Zinc finger (C3HC4-type ring finger),ZFC3HC4_14,,vv60078Other_zf-C3HC4,
551,VIT_18s0001g15650,87,0.0419,Pathogenesis related protein,,,,
552,VIT_06s0009g01200,86,0.0416,Argonaute,,,,
553,VIT_13s0067g02050,85,0.0413,Unknown protein,,,,
554,VIT_03s0063g01280<br>VIT_03s0063g01160,85,0.0412,,,,,
555,VIT_09s0054g01620,85,0.0408,Myb family,MYBGE_1,,vv60029G2-like,
556,VIT_08s0007g08480,83,0.0402,Zinc proteinase,,,,
557,VIT_10s0003g05550<br>VIT_10s0003g05620,82,0.0397,,,,,
558,VIT_12s0028g01770,82,0.0397,FAD-linked oxidoreductase 1,,,,
559,VIT_06s0004g03330,82,0.0396,Lateral organ boundaries protein 11,LBD11_1,,vv60007AS2,
560,VIT_12s0057g01100,82,0.0395,Nudix hydrolase 2,,,,
561,VIT_15s0021g00650,80,0.0388,Purine permease 11 PUP11,PUP11,,vv50122Porters_cat_7_to_17,
562,VIT_03s0091g00660,79,0.0383,Unknown protein,,,,
563,VIT_00s0410g00040,76,0.0367,Anthranilate N-benzoyltransferase protein 1,E2_3_1_144,,vv10400Phenylalanine_tyrosine_and_tryptophan_biosynthesis,
564,VIT_13s0156g00260,76,0.0366,Homeobox-leucine zipper protein HAT14,HAT14_2,VvHB48,vv60034HB,
565,VIT_06s0004g00260,75,0.0362,Shoot1 protein,,,,
566,VIT_16s0098g01380,74,0.0356,Yippee,,,,
567,VIT_05s0049g01830,73,0.0352,CCT motif constans-like,CCT_1,,vv60070Orphans_CCT,
568,VIT_04s0023g01090,72,0.0349,Unknown,,,,
569,VIT_01s0026g01730,72,0.0348,WRKY DNA-binding protein 72,WRKY72_1,VvWRKY02,vv60066WRKY,
570,VIT_19s0014g01700,71,0.0343,Unknown,,,,
571,VIT_08s0007g01400,71,0.0343,Glutathione S-transferase 8 GSTU8,E2_5_1_18_GSTU8,,vv10480Glutathione_metabolism,
572,VIT_13s0019g05010,70,0.034,Nodulin-like protein,,,,
573,VIT_16s0100g01000,70,0.0337,Stilbene synthase 4,E2_3_1_95,,vv10940Phenylpropanoid_biosynthesis,
574,VIT_16s0039g01240<br>VIT_16s0039g01360<br>VIT_16s0039g01130<br>VITisv_009233<br>VIT_16s0039g01100<br>VIT_00s2508g00010<br>VITisv_032212<br>VIT_16s0039g01120<br>VIT_16s0039g01320<br>VIT_00s2849g00010<br>VIT_16s0039g01300<br>VIT_16s0039g01170<br>VIT_16s0039g01280,69,0.0333,,,,,
575,VIT_00s0333g00010,69,0.0333,fimbrin 1,FIMBRIN1,,vv44810Regulation_of_actin_cytoskeleton,
576,VIT_02s0025g04300,68,0.0329,Thaumatin,,,,
577,VIT_04s0023g01170,68,0.0329,Unknown protein,,,,
578,VIT_18s0075g00610,67,0.0325,Laccase,E1_10_3_2,,vv11000Single_reactions,vv50109Incompletely_characterized_transport_systems
579,VIT_12s0028g01040,67,0.0325,Protein kinase,,,,
580,VIT_18s0001g00920<br>VIT_18s0075g00590<br>VIT_18s0001g00850<br>VIT_18s0075g00780<br>VIT_18s0001g00790<br>VIT_18s0001g00730<br>VIT_18s0001g00310<br>VIT_18s0075g00620<br>VIT_18s0075g00540<br>VIT_18s0075g00600<br>VIT_18s0075g00580<br>VIT_00s0481g00020<br>VIT_18s0001g00930,67,0.0324,,,,,
581,VIT_00s0532g00030,67,0.0323,Thioredoxin H,,,,
582,VIT_13s0019g00940,66,0.032,SLT1 (sodium- and lithium-tolerant 1),,,,
583,VIT_08s0007g02990,66,0.0319,Unknown,,,,
584,VIT_06s0061g01430,66,0.0319,flavonoid 1-2 rhamnosyltransferase,E2_4_1_236,,vv10941Flavonoid_biosynthesis,
585,VIT_19s0090g00560,66,0.0319,Beta-1 3-galactosyltransferase sqv-2,K07820,,vv10602Glycosphingolipid_biosynthesis,
586,VIT_16s0100g01040,66,0.0318,Stilbene synthase - grape,E2_3_1_95,,vv10940Phenylpropanoid_biosynthesis,
587,VIT_18s0117g00600,65,0.0315,Laccase,E1_10_3_2,,vv11000Single_reactions,vv50109Incompletely_characterized_transport_systems
588,VIT_01s0011g01810,65,0.0315,No hit,,,,
589,VIT_02s0012g01400,65,0.0314,PLATZ transcription factor,PLATZFAM_4,,vv60049PLATZ,
590,VIT_02s0025g01650,64,0.0309,PHD finger transcription factor,PHDFG_10,,vv60048PHD,
591,VIT_00s0204g00070,60,0.029,Unknown protein,,,,
592,VIT_05s0020g04060,59,0.0285,TIFY 4B (Protein PEAPOD 2),PEAPOD2,,vv60069ZIM,
593,VIT_08s0040g01260,58,0.028,Unknown protein,,,,
594,VIT_19s0014g00830,57,0.0275,RKF1 (receptor-like kinase in flowers 1),,,,
595,VIT_13s0019g04390,57,0.0275,GATA transcription factor 10,BME3_ZF_1,,vv10904Diterpenoid_biosynthesis,vv60016C2C2-GATA
596,VIT_06s0009g02590,56,0.0271,Pectinesterase family,E3_1_1_11,,vv40006Cell_wall,
597,VIT_13s0106g00740,55,0.0265,Bile acid:sodium symporter,K03453,,vv50123Porters_cat_18_to_29,
598,VIT_18s0001g11480,54,0.0262,CYP82C4,,,,
599,VIT_19s0015g02610,54,0.0262,Glutathione S-transferase 25 GSTU25,E2_5_1_18_GSTU25,,vv10480Glutathione_metabolism,
600,VIT_05s0077g01140,54,0.0261,BZIP transcription factor BZIP53,BZIP53_3,VvbZIP14,vv60012BZIP,
601,VIT_09s0002g03880,54,0.026,Cell division protein FtsH,K03798,,vv50133Primary_active_transporter_cat_A9_to_A18,
602,VIT_18s0001g13100,53,0.0258,Glycosyl transferase family 1 protein,,,,
603,VIT_19s0014g01330,53,0.0258,Peptide-N4-asparagine amidase A,E3_5_1_52,,,
604,VIT_16s0039g01260,53,0.0257,Ser/Thr receptor-like kinase1,,,,
605,VIT_08s0007g03900,53,0.0257,Heat stress transcription factor A3,HSFA3,,vv60037HSF,
606,VIT_00s0203g00050,53,0.0256,Receptor-interacting protein,,,,
607,VIT_14s0006g00520,52,0.0251,Glucan endo-1 3-beta-glucosidase 3 precursor,E3_2_1_39,,vv10500Starch_and_sucrose_metabolism,
608,VIT_01s0011g03910,51,0.0248,Protein phosphatase 2C,E3_1_3_16,,,
609,VIT_06s0009g02040,51,0.0247,Plectin (myosin-like),K10388,,vv44810Regulation_of_actin_cytoskeleton,
610,VIT_19s0176g00040,50,0.0243,Ternary complex factor MIP1,,,,
611,VIT_10s0003g01930,50,0.0242,No hit,,,,
612,VIT_00s1847g00010,49,0.0237,Adenine phosphoribosyltransferase,E2_4_2_7,,vv10230Purine_metabolism,
613,VIT_05s0020g03290,49,0.0237,S-receptor kinase,,,,
614,VIT_03s0017g00920,49,0.0236,R protein  PRF  disease resistance protein,K13453,,vv34627R_proteins_from_Plant-pathogen_interaction,
615,VIT_18s0072g01000,48,0.0233,Dihydrolipoamide S-acetyltransferase,E2_3_1_12,,vv10010Glycolysis,vv10252Alanine_and_aspartate_metabolism
616,VIT_18s0001g04700,48,0.0233,GP5 ubiquitin-like,,,,
617,VIT_13s0074g00350,47,0.0227,Unknown,,,,
618,VIT_03s0017g00710,47,0.0227,flavonol synthase,E1_14_11_23,,vv10941Flavonoid_biosynthesis,
619,VIT_04s0044g00990,47,0.0227,PGSIP1 (Plant glycogenin-like starch initiation protein 1),,,,
620,VIT_07s0005g00680,47,0.0226,Exocyst complex subunit Sec15B,SEC15B,,vv50111Tethering_factors,
621,VIT_19s0014g04080,45,0.0217,Serine/threonine-protein kinase receptor ARK3,,,,
622,VIT_11s0016g01130,45,0.0217,MTD1,,,,
623,VIT_18s0001g07290,44,0.0214,Unknown protein,,,,
624,VIT_05s0020g04280,44,0.0213,Ca2+-ATPase 13 ACA13  plasma membrane,K01537,,vv34020Calcium_signaling_pathway,vv50131Primary_active_transporter_cat_A2_to_A4
625,VIT_13s0019g02180,44,0.0213,Tropinone reductase,E1_1_1_206,,vv10220Urea_cycle_and_metabolism_of_amino_groups,
626,VIT_13s0064g00160,44,0.0211,Unknown protein,,,,
627,VIT_02s0012g00730,43,0.0208,Purine permease 10 PUP10,PUP10,,vv50122Porters_cat_7_to_17,
628,VIT_01s0010g02270,43,0.0208,DELLA protein RGL1 (RGA-like protein 1),RGL1_3,,vv30010Gibberellin_signaling,vv60032GRAS
629,VIT_17s0000g05540,43,0.0207,H(+)-ATPase 11 AHA11,K01535,,vv10190Oxidative_phosphorylation,vv50131Primary_active_transporter_cat_A2_to_A4
630,VIT_02s0109g00370,42,0.0203,RNA recognition motif (RRM)-containing protein,,,,
631,VIT_01s0026g01370,41,0.02,Glutathione S-transferase 29 GSTU18,E2_5_1_18_GSTU18,,vv10480Glutathione_metabolism,
632,VIT_14s0068g01770,41,0.0198,WRKY DNA-binding protein 75,WRKY75_2,VvWRKY43,vv60066WRKY,
633,VIT_16s0013g01120,40,0.0195,Ethylene-responsive transcription factor ERF105,ERF105_17,VvERF092,vv30008Ethylene_signaling,vv60003AP2_EREBP
634,VIT_06s0004g01540,40,0.0194,Oxidoreductase,,,,
635,VIT_14s0030g01890,39,0.0188,Unknown,,,,
636,VIT_16s0039g02270,38,0.0184,Unknown protein,,,,
637,VIT_16s0039g01680,38,0.0184,Unknown protein,,,,
638,VIT_15s0021g01840,37,0.0179,Cationic amino acid transporter 9,CAT9,,vv50121Porters_cat_1_to_6,
639,VIT_00s0203g00220,37,0.0178,S-locus lectin protein kinase,,,,
640,VIT_03s0088g01180,36,0.0175,Proline iminopeptidase,E3_4_11_5,,vv10330Arginine_and_proline_metabolism,
641,VIT_06s0004g05710,36,0.0175,Glutathione S-transferase GSTU7,E2_5_1_18_GSTU7,,vv10480Glutathione_metabolism,
642,VIT_01s0137g00400,36,0.0174,Unknown protein,,,,
643,VIT_14s0171g00490,35,0.017,Glucose-6-phosphate 1-dehydrogenase  cytoplasmic isoform,E1_1_1_49,,vv10030Pentose_phosphate,vv10480Glutathione_metabolism
644,VIT_16s0013g00210,35,0.0168,Metacaspase 1,,,,
645,VIT_00s0264g00010<br>VIT_00s0434g00010,35,0.0168,,,,,
646,VIT_00s2197g00010,35,0.0168,Gibberellin 20-oxidase,E1_14_11_12,,vv10904Diterpenoid_biosynthesis,
647,VIT_06s0004g05650,34,0.0166,Unknown protein,,,,
648,VIT_18s0001g07770,34,0.0165,Unknown protein,,,,
649,VIT_07s0031g03060,34,0.0164,NSL1 (necrotic spotted lesions 1),,,,
650,VIT_08s0007g00700,34,0.0164,PCS1 (promotion of cell survival1) peptidase,,,,
651,VIT_13s0074g00570,34,0.0164,Gamma-aminobutyric acid transporter,GAT1,,vv50123Porters_cat_18_to_29,
652,VIT_10s0003g05580,34,0.0163,Carbohydrate oxidase,,,,
653,VIT_05s0020g02530,33,0.016,MAPK (MPK16),MPK16,,,
654,VIT_13s0084g00810,32,0.0155,Armadillo,,,,
655,VIT_13s0019g00640,32,0.0153,THO complex subunit 4,K12881,,vv23013RNA_transport,vv23015mRNA_surveillance_pathway
656,VIT_12s0059g01280,31,0.015,Nucleobase-ascorbate transporter 1 (NAT1),NAT1,,vv50124Porters_cat_30_to_64,
657,VIT_02s0241g00040,31,0.015,Cyclobutane pyrimidine dimer photolyase,E4_1_99_3,,,
658,VIT_01s0010g02200,31,0.015,Zinc finger (C3HC4-type ring finger),ZFC3HC4_67,,vv60078Other_zf-C3HC4,
659,VIT_12s0035g01000,31,0.015,Serine protease inhibitor  serine-type,,,,
660,VIT_08s0007g02790,31,0.015,Unknown protein,,,,
661,VIT_08s0007g02810,30,0.0146,Regulator of the ATPase vacuolar RAV2,RAV2,VvRAV5,vv60001ABI3VP1,
662,VIT_02s0025g00350,30,0.0146,Heavy-metal-associated domain-containing protein,,,,
663,VIT_16s0039g01650,30,0.0144,Transporter-related,TRANSPORTERUNK,,vv50109Incompletely_characterized_transport_systems,
664,VIT_12s0059g01130,29,0.0141,CERK1 (chitin elicitor receptor kinase 1),K13429,,vv34626Plant-pathogen_interaction,
665,VIT_08s0105g00400,29,0.014,GT-1-like transcription factor,GT1L,,vv60062Trihelix,
666,VIT_01s0113g00420,29,0.014,Zinc finger (DHHC type),ZFDHHC_16,,vv60079Other_zf-DHHC,
667,VIT_18s0001g15130,29,0.014,WD40 repeat protein,,,,
668,VIT_00s1881g00010,29,0.014,No hit,,,,
669,VIT_08s0007g00820,29,0.014,Proteinase inhibitor,,,,
670,VIT_01s0011g01300,29,0.014,Polygalacturonase QRT3,E3_2_1_15,,vv40006Cell_wall,
671,VIT_00s0475g00050,28,0.0136,Alpha/beta hydrolase fold-1 domain,,,,
672,VIT_04s0008g02580,28,0.0135,V-type H+-transporting ATPase subunit A,K02145,,vv10190Oxidative_phosphorylation,vv44145Phagosome
673,VIT_07s0005g02190,28,0.0135,Zinc finger (C2H2 type) family,C2H2FAM_36,,vv60017C2H2,
674,VIT_09s0018g01550,27,0.0131,Trimethylguanosine synthase,K14292,,vv23013RNA_transport,
675,VIT_18s0001g12060,27,0.0131,Peroxisomal biogenesis factor 11 (PEX11),,,,
676,VIT_02s0025g02190,27,0.0131,Short-chain dehydrogenase/reductase,,,,
677,VIT_13s0067g03050,27,0.013,Leucine-rich repeat transmembrane protein kinase,,,,
678,VIT_15s0046g02560,27,0.013,GLABRA 3,GLABRA3,,vv44110Cell_cycle,vv60011BHLH
679,VIT_11s0016g01780,27,0.013,HAB1 (homology toABI1),HAB1,,vv30001ABA_signaling,
680,VIT_18s0001g09060,27,0.013,Unknown protein,,,,
681,VIT_18s0001g02300,27,0.013,NAC domain containing protein 2,NAC2_7,VvNAC08,vv60046NAC,
682,VIT_19s0014g03290,27,0.0129,NAC domain containing protein 19,NAC019_1,VvNAC17,vv60046NAC,
683,VIT_07s0104g01670,26,0.0127,HAK5 (High affinity K+ transporter 5),HAK5,,vv50125Porters_cat_66_to_94,
684,VIT_19s0090g00210,26,0.0127,DTW domain-containing protein,,,,
685,VIT_10s0042g00850,26,0.0126,Stilbene synthase [Vitis pseudoreticulata],E2_3_1_95,,vv10940Phenylpropanoid_biosynthesis,
686,VIT_03s0017g02110,26,0.0126,Anthocyanidin 3-O-glucosyltransferase,E2_4_1_115,,vv10942Anthocyanin_biosynthesis,
687,VIT_17s0000g00010,26,0.0125,MtN19,,,,
688,VIT_09s0002g01540,26,0.0125,Unknown protein,,,,
689,VIT_02s0025g04100,26,0.0125,CCR4-NOT transcription complex subunit 2,K12605,,vv23018RNA_degradation,
690,VIT_12s0055g00160,25,0.0122,UDP-glycosyltransferase 71E1,E2_4_1_17,,vv10040Pentose_glucuronate_interconversion,vv10500Starch_and_sucrose_metabolism
691,VIT_10s0003g03930,25,0.0121,Inositol transporter 2,INT2,,vv50121Porters_cat_1_to_6,
692,VIT_10s0042g00590,25,0.0121,Leucine-rich repeat receptor-like protein kinase 1,,,,
693,VIT_00s0203g00190,25,0.0121,Nitric oxide synthase interacting protein,K13125,,,
694,VIT_15s0048g00650,25,0.0121,Unknown protein,,,,
695,VIT_17s0000g08580,24,0.0116,ApaG domain protein,,,,
696,VIT_04s0023g00580,24,0.0115,Auxin-responsive SAUR32,SAUR32,,vv30003Auxin_signaling,
697,VIT_05s0094g00750,23,0.0111,Stearoyl-CoA 9-desaturase,E1_14_19_1,,vv11040Biosynthesis_of_unsaturated_fatty_acids,
698,VIT_00s1278g00010,23,0.0111,Brassinosteroid insensitive 1-associated receptor kinase 1,BAK1,,vv30005Brassinosteroids_signaling,
699,VIT_16s0050g00830,22,0.0106,Beta-ketoacyl-CoA synthase,E2_3_1_41,,vv10061Fatty_acid_biosynthesis,
700,VIT_00s1349g00010,21,0.0102,Cellulose synthase CSLE1,E2_4_1_12_CSLE1,,vv40006Cell_wall,
701,VIT_19s0014g00550,21,0.0102,Vacuolar sorting-associated protein (Vps27),VPS27,,vv50111Tethering_factors,
702,VIT_16s0098g01000,21,0.0101,No hit,,,,
703,VIT_08s0056g01070,20,0.0097,MATE efflux family protein,MATE,,vv50125Porters_cat_66_to_94,
704,VIT_04s0044g01710,20,0.0097,MORC family CW-type zinc finger 3,MORC3,,,
705,VIT_16s0050g01850,20,0.0096,AAA-type ATPase,,,,
706,VIT_14s0030g02050,19,0.0092,Auxin-induced protein PCNT115,AUXREG,,vv30003Auxin_signaling,
707,VIT_05s0049g01290,19,0.0092,Protein phosphatase 2C,E3_1_3_16,,,
708,VIT_00s0184g00050,19,0.0092,B-cell receptor-associated protein 31,,,,
709,VIT_09s0002g00190,19,0.0092,NBS-LRR type disease resistance protein,,,,
710,VIT_03s0063g02490,19,0.0092,Glucan endo-1 3-beta-glucosidase 7 precursor,E3_2_1_39,,vv10500Starch_and_sucrose_metabolism,
711,VIT_13s0019g01710,19,0.0092,Scarecrow transcription factor 14 (SCL14),SCL14_9,,vv60032GRAS,
712,VIT_13s0019g03050,19,0.0092,Heat shock protein 17.6 kDa class I,K13993,,vv24141Protein_processing_in_endoplasmic_reticulum,
713,VIT_12s0028g01780,18,0.0087,FAD-linked oxidoreductase 1,,,,
714,VIT_18s0117g00280,18,0.0087,Coatomer protein complex  subunit beta 2,COPB2,,vv50110Protein_coat,
715,VIT_04s0044g00160,18,0.0087,Wuschel-related homeobox 13,WOX13_3,VvHB21,vv60034HB,
716,VIT_11s0016g01060,18,0.0087,Avr9/Cf-9 induced kinase 1,,,,
717,VIT_19s0085g00380,17,0.0083,Phosphoglycerate kinase,E2_7_2_3,,vv10010Glycolysis,vv10710Carbon_fixation
718,VIT_02s0012g00440,17,0.0082,Norcoclaurine synthase,E4_2_1_78,,vv10950Alkaloid_biosynthesis_I,
719,VIT_06s0009g01320,17,0.0082,L-ascorbate oxidase,E1_10_3_3,,vv10053Ascorbate_and_aldarate_metabolism,vv50109Incompletely_characterized_transport_systems
720,VIT_18s0001g07380,16,0.0077,DNA-binding protein,,,,
721,VIT_15s0024g01470,16,0.0077,Nuclear matrix protein 1,,,,
722,VIT_17s0000g01210,16,0.0077,Unknown protein,,,,
723,VIT_01s0113g00410,15,0.0073,Unknown,,,,
724,VIT_10s0116g01200,15,0.0073,WRKY DNA-binding protein 6,WRKY6_1,VvWRKY29,vv60066WRKY,
725,VIT_18s0001g00180,15,0.0073,Protein kinase,,,,
726,VIT_13s0019g04760,15,0.0073,Rhamnogalacturonan xylosyltransferase 1,RGXT1,,vv40006Cell_wall,
727,VIT_06s0009g00690,15,0.0073,NIMA-related kinase NEK6,K08857,,,
728,VIT_09s0002g00800,15,0.0072,Zinc finger (CCCH-type) family protein,CCCHFAM_17,,vv60018C3H,
729,VIT_08s0007g06680,14,0.0068,PMR5 (powdery mildew resistant 5),,,,
730,VIT_18s0122g00450,14,0.0068,Sinapyl alcohol dehydrogenase,E1_1_1_195,,vv10940Phenylpropanoid_biosynthesis,
731,VIT_00s0181g00020,14,0.0067,Armadillo/beta-catenin repeat,,,,
732,VIT_02s0025g01040,14,0.0067,Receptor protein kinase,,,,
733,VIT_01s0011g04190,13,0.0063,Unknown,,,,
734,VIT_10s0003g01360,13,0.0063,Cysteine protease,E3_4_22_x,,,
735,VIT_10s0042g00820,13,0.0063,Transparent testa16,TT16_2,,vv60042MADS,
736,VIT_11s0052g00890,13,0.0063,Unknown protein,,,,
737,VIT_04s0044g01520,13,0.0063,GA 20-oxidase 2,E1_14_11_12,,vv10904Diterpenoid_biosynthesis,
738,VIT_02s0025g01330,13,0.0063,Polygalacturonase GH28,E3_2_1_15,,vv40006Cell_wall,
739,VIT_08s0058g00970,13,0.0063,Cationic peroxidase,E1_11_1_7,,vv10360Phenylalanine_metabolism,vv10680Methane_metabolism
740,VIT_18s0041g02110,13,0.0062,Unknown protein,,,,
741,VIT_00s1600g00010,12,0.0058,No hit,,,,
742,VIT_08s0040g02400,12,0.0058,Myosin heavy chain,MYOSINHC,,vv44810Regulation_of_actin_cytoskeleton,
743,VIT_17s0119g00160,12,0.0058,Trypsin and protease inhibitor Kunitz family,,,,
744,VIT_00s0479g00010,12,0.0058,Protein kinase 6,,,,
745,VIT_04s0043g00220,12,0.0058,Amine oxidase,E1_4_3_4,,vv10220Urea_cycle_and_metabolism_of_amino_groups,vv10340Histidine_metabolism
746,VIT_04s0008g05140,12,0.0058,TSO1 (chinese for 'ugly'),TSO1_5,,vv60022CPP,
747,VIT_00s0414g00040,12,0.0058,Cellulose synthase CSLE1,E2_4_1_12_CSLE1,,vv40006Cell_wall,
748,VIT_11s0016g01470,12,0.0058,Lecithine cholesterol acyltransferase,E2_3_1_43,,vv10564Glycerophospholipid_metabolism,
749,VIT_00s0239g00080,12,0.0058,No hit,,,,
750,VIT_12s0035g02090,12,0.0058,Leucine-rich repeat family protein,,,,
751,VIT_00s0294g00040,12,0.0058,Receptor serine/threonine kinase,,,,
752,VIT_10s0003g00140,11,0.0053,Ethylene-responsive transcription factor 9,ERF9_2,VvERF064,vv30008Ethylene_signaling,vv60003AP2_EREBP
753,VIT_02s0025g04180,11,0.0053,Unknown protein,,,,
754,VIT_06s0004g06140,11,0.0053,Ribosomal protein L4,K02926,,vv23010Ribosome,
755,VIT_12s0035g01650,10,0.0049,NtPRp27 secretory protein,,,,
756,VIT_13s0175g00150<br>VIT_13s0019g00830,10,0.0049,,,,,
757,VIT_18s0086g00540,10,0.0049,No hit,,,,
758,VIT_19s0090g00360,10,0.0048,Unknown,,,,
759,VIT_18s0041g02170,10,0.0048,Peptidoglycan-binding LysM:Cell wall hydrolase  SleB precursor,,,,
760,VIT_16s0050g01430,10,0.0048,Ornithine cyclodeaminase,E4_3_1_12,,vv10330Arginine_and_proline_metabolism,
761,VIT_09s0002g04070,10,0.0048,Unknown protein,,,,
762,VIT_18s0001g03390,10,0.0048,S-receptor kinase,,,,
763,VIT_01s0010g03680,10,0.0048,Unknown protein,,,,
764,VIT_14s0081g00730,10,0.0048,Ethylene response factor ERF1,ERF1_6,VvERF093,vv30008Ethylene_signaling,vv30011Jasmonate_signaling
765,VIT_00s0179g00300,10,0.0048,MPBQ/MSBQ methyltransferase 2,K12502,,vv10100Biosynthesis_of_steroids,
766,VIT_14s0171g00380,10,0.0048,DNA-binding bromodomain-containing protein,,,,
767,VIT_00s0370g00010,9,0.0044,LRR receptor-like serine/threonine-protein kinase,,,,
768,VIT_07s0104g00210,9,0.0044,Phenazine biosynthesis PhzC/PhzF protein,K06998,,vv10400Phenylalanine_tyrosine_and_tryptophan_biosynthesis,
769,VIT_19s0015g00650,9,0.0044,Sun protein fmu,K03500,,,
770,VIT_07s0005g00280,9,0.0044,Zinc finger (c3hc4-type ring finger) nitrogen limitation adaptation,NLA,,vv60078Other_zf-C3HC4,
771,VIT_19s0014g00960,9,0.0044,Spg1p (septum-promoting GTPase),,,,
772,VIT_13s0047g00330,9,0.0044,FAR1-related sequence 3,FRS3_4,,vv60071Orphans_far-red,
773,VIT_16s0100g01190,9,0.0044,Stilbene synthase [Vitis vinifera],E2_3_1_95,,vv10940Phenylpropanoid_biosynthesis,
774,VIT_15s0048g00270,9,0.0044,Scarecrow transcription factor 6 (SCL6),SCL6_1,,vv60032GRAS,
775,VIT_16s0098g00190,9,0.0044,Receptor kinase homolog LRK10,,,,
776,VIT_18s0166g00130,9,0.0044,Substrate carrier  Mitochondrial,K03454,,vv50123Porters_cat_18_to_29,
777,VIT_01s0137g00700,9,0.0044,Lipase GDSL,,,,
778,VIT_18s0001g13870,9,0.0044,Calmodulin binding protein,,,,
779,VIT_18s0001g06660,9,0.0044,No hit,,,,
780,VIT_02s0025g03520,9,0.0044,Haloacid dehalogenase hydrolase,E3_1_3_18,,vv10630Glyoxylate_and_dicarboxylate_metabolism,
781,VIT_18s0041g02250,9,0.0044,No hit,,,,
782,VIT_08s0032g00270,9,0.0043,CYP71D64,,,,
783,VIT_07s0005g03220,9,0.0043,Ethylene-responsive transcription factor ERF098,ERF098_1,VvERF098,vv30008Ethylene_signaling,vv60003AP2_EREBP
784,VIT_16s0100g00690,9,0.0043,Ankyrin repeat,K10380,,vv50108Accessory_factors_involved_in_transport,
785,VIT_10s0003g02320<br>VIT_10s0003g02300<br>VIT_10s0003g02390<br>VIT_10s0003g02350<br>VIT_10s0003g02340<br>VIT_10s0003g02400,9,0.0043,,,,,
786,VIT_06s0004g05970,9,0.0043,Antiviral helicase SKI2,K12599,,vv23018RNA_degradation,
787,VIT_12s0059g00710,9,0.0043,Metalloendopeptidase,,,,
788,VIT_08s0040g00390,9,0.0043,Magnesium-protoporphyrin IX monomethyl ester [oxidative] cyclase,E1_14_13_81,,vv10860Porphyrin_and_chlorophyll_metabolism,
789,VIT_06s0004g02890,9,0.0043,Protein disulfide-isomerase A1,K09580,,vv24141Protein_processing_in_endoplasmic_reticulum,
790,VIT_05s0049g01810,8,0.0039,No hit,,,,
791,VIT_03s0017g00980,8,0.0039,UDP-arabinose 4-epimerase 3,E5_1_3_5,,vv10520Nucleotide_sugars_metabolism,
792,VIT_11s0037g00980,7,0.0034,Unknown,,,,
793,VIT_07s0151g00360,7,0.0034,Unknown protein,,,,
794,VIT_06s0004g08210,7,0.0034,Receptor protein kinase,,,,
795,VIT_07s0031g01980,7,0.0034,Ethylene-responsive transcription factor aba repressor 1 abr1/erf111,ABR1,VvERF113,vv30001ABA_signaling,vv30008Ethylene_signaling
796,VIT_18s0166g00190,7,0.0034,U-box domain-containing protein,,,,
797,VIT_13s0106g00480,7,0.0034,NHL repeat-containing protein,,,,
798,VIT_00s0204g00040,6,0.0029,Unknown protein,,,,
799,VIT_08s0032g00780,6,0.0029,Calcium-dependent protein kinase 20 CPK20,CPK20,,vv34626Plant-pathogen_interaction,
800,VIT_08s0007g06870,6,0.0029,Zinc finger protein 8,ZFP8,,vv60017C2H2,
801,VIT_18s0001g09240,6,0.0029,No hit,,,,
802,VIT_08s0007g03910,6,0.0029,CTR1 serine/threonine protein kinase,CTR1,,vv30008Ethylene_signaling,
803,VIT_17s0000g04660,6,0.0029,Agmatine deiminase,E3_5_3_12,,vv10220Urea_cycle_and_metabolism_of_amino_groups,
804,VIT_07s0141g00460,6,0.0029,Tubulin folding cofactor D,TFCD,,vv44810Regulation_of_actin_cytoskeleton,
805,VIT_19s0027g01620,6,0.0029,Disease resistance protein (NBS-LRR class),,,,
806,VIT_00s0988g00010,6,0.0029,CF9,,,,
807,VIT_12s0035g01660,6,0.0029,No hit,,,,
808,VIT_17s0000g01650,6,0.0029,Cyclopropyl isomerase,E5_5_1_9,,vv10100Biosynthesis_of_steroids,
809,VIT_00s2213g00010,6,0.0029,CTV.20,,,,
810,VIT_07s0141g00890,6,0.0029,CYP94A1,,,,
811,VIT_04s0044g00220,6,0.0029,Monooxygenase,,,,
812,VIT_01s0011g02480,6,0.0029,Phospholipid-transporting ATPase,K01530,,vv50131Primary_active_transporter_cat_A2_to_A4,
813,VIT_07s0031g03090,6,0.0029,Avr9 elicitor response protein,,,,
814,VIT_08s0056g01490,6,0.0029,Chaperone protein dnaJ,K03686,,vv50132Primary_active_transporter_cat_A5_to_A8,
815,VIT_05s0165g00270,6,0.0029,Ankyrin repeat protein family,K10380,,vv50108Accessory_factors_involved_in_transport,
816,VIT_08s0007g08530,6,0.0029,Unknown protein,,,,
817,VIT_05s0062g01020,6,0.0029,No hit,,,,
818,VIT_18s0001g11220,6,0.0029,EMB1427 (embryo defective 1427),,,,
819,VIT_02s0025g00150,6,0.0029,PRLI-interacting factor G,,,,
820,VIT_05s0062g01010,6,0.0029,Aldo/keto reductase AKR,E1_1_1_21,,vv10040Pentose_glucuronate_interconversion,vv10051Fructose_and_mannose_metabolism
821,VIT_06s0004g00370,6,0.0029,Hcr2-p4.1,,,,
822,VIT_08s0007g08750,6,0.0029,Heat shock transcription factor B3,HSFB3,,vv60037HSF,
823,VIT_06s0009g03230,6,0.0029,No hit,,,,
824,VIT_06s0004g05890,6,0.0029,Ceramidase,E3_5_1_23,,vv10600Sphingolipid_metabolism,
825,VIT_16s0100g01060,6,0.0029,Stilbene synthase,E2_3_1_95,,vv10940Phenylpropanoid_biosynthesis,
826,VIT_07s0104g00940,6,0.0029,No hit,,,,
827,VIT_18s0001g12500,6,0.0029,Unknown protein,,,,
828,VIT_19s0014g02670,6,0.0029,Protein kinase CRK1 CRK1 protein(Cdc2-related kinase 1),,,,
829,VIT_00s0301g00020,6,0.0029,Unknown protein,,,,
830,VIT_14s0036g01060,4,0.0019,Unknown protein,,,,
831,VIT_00s0324g00060,4,0.0019,UDP-glycosyltransferase 85A8,,,,
832,VIT_07s0005g01790,3,0.0015,Acyl-CoA synthetase long-chain member 2,E6_2_1_3_LACS2,,vv10071Fatty_acid_metabolism,vv44146Peroxisome
833,VIT_00s0404g00040,3,0.0015,ARF GTPase activator  ARF-GAP Domain 5,AGD5,,vv50110Protein_coat,
834,VIT_08s0007g01360,3,0.0015,Unknown protein,,,,
835,VIT_00s0179g00260,3,0.0015,Calcium-transporting ATPase 12 ACA12,K01537,,vv34020Calcium_signaling_pathway,vv50131Primary_active_transporter_cat_A2_to_A4
836,VIT_18s0122g00590,3,0.0015,DNA-binding protein,,,,
837,VIT_14s0006g01840,3,0.0015,Seven in absentia protein,K04506SINAP_1,,vv24120Ubiquitin_mediated_proteolysis,vv60035HMG
838,VIT_05s0049g01820,3,0.0015,Unknown protein,,,,
839,VIT_08s0058g00790,3,0.0015,Secoisolariciresinol dehydrogenase,SIRD,,vv10940Phenylpropanoid_biosynthesis,
840,VIT_06s0004g07960,3,0.0015,Glucose-6-phosphate/phosphate translocator,G6PPTR,,vv50122Porters_cat_7_to_17,
841,VIT_03s0038g03640,3,0.0015,Phosphoglycerate mutase,E5_4_2_1,,vv10010Glycolysis,
842,VIT_08s0007g05170,3,0.0015,TGA-type basic leucine zipper protein AHBP-1b,AHBP1B_3,VvbZIP27,vv30011Jasmonate_signaling,vv60012BZIP
843,VIT_14s0068g00080,3,0.0015,Non-symbiotic hemoglobin class 1,C01708,,vv10860Porphyrin_and_chlorophyll_metabolism,
844,VIT_05s0020g01180,3,0.0015,Proteasome 26S AAA-ATPase subunit (RPT5a),K03065,,vv23050Proteasome,
845,VIT_00s0838g00010,3,0.0015,Transcriptional corepressor LEUNIG,LEUNIG_1,,vv30009Flower_development,vv60041LUG
846,VIT_01s0010g03940,3,0.0015,Sphingosine-1-phosphate lyase,E4_1_2_27,,vv10600Sphingolipid_metabolism,
847,VIT_01s0010g03640,3,0.0015,DnaJ homolog  subfamily A  member 3,K09504,,vv50132Primary_active_transporter_cat_A5_to_A8,
848,VIT_10s0116g00970,3,0.0015,Leucyl tRNA synthetase,E6_1_1_4,,vv10290Valine_leucine_and_isoleucine_biosynthesis,vv20970Aminoacyl-tRNA_biosynthesis
849,VIT_17s0000g09470,3,0.0015,Nitrate transporter3.1,NRT3_1,,vv50121Porters_cat_1_to_6,
850,VIT_14s0060g00410,3,0.0015,EDA32 (embryo sac development arrest 32),,,,
851,VIT_01s0011g01630,3,0.0015,Protein NAP1 (Nck-associated protein 1),K05750,,vv44810Regulation_of_actin_cytoskeleton,
852,VIT_10s0003g00480,3,0.0015,Isoflavone methyltransferase/ Orcinol O-methyltransferase 1 oomt1,E2_1_1_46,,vv10943Isoflavonoid_biosynthesis,
853,VIT_08s0007g08490,3,0.0015,Zinc proteinase,,,,
854,VIT_09s0002g05080,3,0.0015,Kelch repeat-containing F-box family protein,,,,
855,VIT_09s0002g00430,3,0.0015,AT-rich interaction region,ARID_5,,vv60005ARID,
856,VIT_13s0067g03220,3,0.0015,Unknown protein,,,,
857,VIT_01s0011g04770,3,0.0015,Armadillo/beta-catenin repeat / U-box domain-containing protein,,,,
858,VIT_14s0066g01050,3,0.0015,Glycogen synthase kinase 3 beta,K03083,,vv44110Cell_cycle,
859,VIT_06s0009g01940,3,0.0015,GCN5 N-acetyltransferase (GNAT),GCN5_26,,vv60082GNAT,
860,VIT_00s2125g00010,3,0.0015,C-4 sterol methyl oxidase,E1_14_13_72,,vv10100Biosynthesis_of_steroids,
861,VIT_18s0001g11490,3,0.0015,CYP82C1p,,,,
862,VIT_18s0001g03080,3,0.0015,Chitin elicitor-binding CEBIP LysM domain-containing,K13473,,vv34626Plant-pathogen_interaction,
863,VIT_14s0068g01180,3,0.0015,Unknown protein,,,,
864,VIT_08s0007g01150,3,0.0015,Unc51-like kinase,K08269,,vv44140Regulation_of_autophagy,vv34150mTOR_signaling_pathway
865,VIT_17s0000g03750,3,0.0015,Chitin elicitor-binding CEBIP LysM domain-containing,K13473,,vv34626Plant-pathogen_interaction,
866,VIT_11s0016g05540,3,0.0015,Dicyanin,,,,
867,VIT_00s0438g00010,3,0.0015,Cytochrome c oxidase subunit 2,K02261,,vv10190Oxidative_phosphorylation,vv50135Primary_active_transporter_cat_D3_to_E2
868,VIT_10s0092g00570,3,0.0015,Leucine-rich repeat family,,,,
869,VIT_16s0050g00430,3,0.0015,Photoassimilate-responsive protein PAR-1a,,,,
870,VIT_16s0100g01140,3,0.0015,Stilbene synthase 2,E2_3_1_95,,vv10940Phenylpropanoid_biosynthesis,
871,VIT_05s0020g00390,3,0.0015,Unknown protein,,,,
872,VIT_00s0245g00050,3,0.0015,Oleoyl-acyl carrier protein thioesterase  chloroplast precursor,E3_1_2_14,,vv10061Fatty_acid_biosynthesis,
873,VIT_01s0011g05790,3,0.0015,Microtubule associated protein (MAP70-1),MAP701,,vv44810Regulation_of_actin_cytoskeleton,
874,VIT_14s0128g00030,3,0.0015,Unknown protein,,,,
875,VIT_18s0001g03620,3,0.0015,Avr9/Cf-9 rapidly elicited protein 284,,,,
876,VIT_06s0004g04890,3,0.0015,Rhomboid ATRBL1,,,,
877,VIT_02s0025g02240,3,0.0015,WD-40 repeat,,,,
878,VIT_09s0002g02210,3,0.0015,Adhesion of calyx edges (ACE),,,,
879,VIT_06s0004g04590,3,0.0014,Epsin N-terminal homology (ENTH) domain-containing,ENTH,,vv50110Protein_coat,
880,VIT_17s0000g02160,3,0.0014,Unknown protein,,,,
881,VIT_10s0003g01770,3,0.0014,Heat shock transcription factor A4A,HSFA4A_1,,vv60037HSF,
882,VIT_04s0008g01270,3,0.0014,Beta-1 3-galactosyltransferase 6,K07819,,vv10602Glycosphingolipid_biosynthesis,
883,VIT_19s0085g01200,3,0.0014,CTP synthase,E6_3_4_2,,vv10240Pyrimidine_metabolism,
884,VIT_16s0039g02800,3,0.0014,Pentatricopeptide (PPR) repeat-containing protein,,,,
885,VIT_00s0780g00030,3,0.0014,No hit,,,,
886,VIT_13s0064g01030,3,0.0014,Zinc finger (C3HC4-type ring finger)BIG BROTHER,BIGBROTHER_1,,vv60078Other_zf-C3HC4,
887,VIT_17s0053g00090,3,0.0014,Accumulation and replication of chloroplasts 6H,ARC6H,,vv44110Cell_cycle,
888,VIT_06s0009g02570,3,0.0014,Pectinesterase family,E3_1_1_11,,vv40006Cell_wall,
889,VIT_11s0037g01000,3,0.0014,Clathrin assembly protein 10,CAP10,,vv50110Protein_coat,
890,VIT_18s0117g00550,3,0.0014,Laccase,E1_10_3_2,,vv11000Single_reactions,vv50109Incompletely_characterized_transport_systems
891,VIT_10s0003g00330,3,0.0014,HSL1 (HAESA-like 1),,,,
892,VIT_02s0012g01390,3,0.0014,Unknown,,,,
893,VIT_08s0007g05570,3,0.0014,Embryo-abundant protein,,,,
894,VIT_02s0025g04200,3,0.0014,Unknown,,,,
895,VIT_05s0094g00500,3,0.0014,C2 domain-containing protein,,,,
896,VIT_09s0002g04280,3,0.0014,Dynein light chain LC6  flagellar outer arm,K10418,,vv44810Regulation_of_actin_cytoskeleton,
897,VIT_02s0025g01680,3,0.0014,F-box family protein,,,,
898,VIT_00s0262g00120,3,0.0014,Receptor kinase RK20-1,,,,
899,VIT_01s0150g00180,3,0.0014,Exostosin,K02366,,vv11030Glycan_structures-biosynthesis1,
900,VIT_15s0021g00040,3,0.0014,Eceriferum 1 (CER1 protein) Sterol desaturase,,,,
901,VIT_11s0016g05250,3,0.0014,Methyltransferase FkbM family,,,,
902,VIT_00s0229g00140,3,0.0014,Enoyl-CoA hydratase,E4_2_1_17,,vv10062Fatty_acid_elongation_in_mitochondria,vv10071Fatty_acid_metabolism
903,VIT_11s0016g01270,3,0.0014,Unknown protein,,,,
904,VIT_18s0001g15640,3,0.0014,Pathogenesis-related,,,,
905,VIT_15s0045g01440,3,0.0014,Eceriferum 1 (CER1 protein) Sterol desaturase,,,,
906,VIT_07s0031g01440,3,0.0014,Receptor protein kinase,,,,
907,VIT_05s0136g00100,3,0.0014,Maturase,,,,
908,VIT_08s0007g04560,3,0.0014,PLATZ transcription factor,PLATZFAM_11,,vv60049PLATZ,
909,VIT_09s0002g04160,3,0.0014,Thioesterase family,,,,
910,VIT_00s1667g00010,3,0.0014,LEM3 (ligand-effect modulator 3) family protein,LEM3,,vv50108Accessory_factors_involved_in_transport,
911,VIT_15s0048g00620,3,0.0014,No hit,,,,
912,VIT_11s0103g00490,3,0.0014,Unknown protein,,,,
913,VIT_07s0104g01730,3,0.0014,HAK5 (High affinity K+ transporter 5),HAK5,,vv50125Porters_cat_66_to_94,
914,VIT_02s0025g04890,3,0.0014,CYP76B1,,,,
915,VIT_06s0004g01020,3,0.0014,Dirigent protein,,,,
916,VIT_18s0001g11580,3,0.0014,CYP82A3,,,,
917,VIT_11s0065g01200,3,0.0014,No hit,,,,
918,VIT_11s0052g00020,3,0.0014,Balbiani ring 1,,,,
919,VIT_00s0372g00010<br>VIT_00s0361g00110<br>VIT_00s0847g00010,3,0.0014,,,,,
920,VIT_12s0055g00340,3,0.0014,WRKY DNA-binding protein 9,WRKY9,VvWRKY39,vv60066WRKY,
921,VIT_08s0105g00200,3,0.0014,U-box domain-containing protein,,,,
922,VIT_05s0020g02340,3,0.0014,Methionine sulfoxide reductase,E1_8_4_11,,vv10271Methionine_metabolism,
