Vv_m2,2000,1000,VIT_05s0049g01010,,,,,
rank,node,Fabs,Frel,Functional-annotation,Name-EC-KeggID,Updated-name,Network1,Network2
1,VIT_05s0049g01020,2085,1,Myb domain protein 14,MYB14_3,,vv60044MYB,
2,VIT_14s0030g02050,2054,0.9966,Auxin-induced protein PCNT115,AUXREG,,vv30003Auxin_signaling,
3,VIT_05s0077g01600,2045,0.9903,Pathogenesis protein 10 [Vitis vinifera],,,,
4,VIT_07s0031g01670,2021,0.9825,CYP96A10,,,,
5,VIT_17s0000g00650,2021,0.9806,No hit,,,,
6,VIT_10s0116g01880,2018,0.9791,MATE efflux family protein,MATE,,vv50125Porters_cat_66_to_94,
7,VIT_16s0050g00780,2000,0.9723,Arsenite transport protein (ArsB),ARSB,,vv50124Porters_cat_30_to_64,
8,VIT_08s0032g01070,2002,0.9653,No hit,,,,
9,VIT_04s0008g01470,2000,0.9634,WRKY DNA-binding protein 50,WRKY50,VvWRKY06,vv60066WRKY,
10,VIT_05s0020g00900,1984,0.9575,P-glycoprotein 4,PGP4,,vv52010ABC_transporters,
11,VIT_06s0004g02540,1984,0.9557,Kiwellin Ripening-related protein grip22,,,,
12,VIT_09s0054g00780,1967,0.9539,Pseudouridine synthase,E4_2_1_70,,vv10240Pyrimidine_metabolism,
13,VIT_03s0063g01310,1954,0.9499,Oxidoreductase  2OG-Fe(II) oxygenase family,,,,
14,VIT_03s0063g01180,1959,0.9482,Gibberellin 20 oxidase 2,E1_14_11_12,,vv10904Diterpenoid_biosynthesis,
15,VIT_10s0116g01140,1962,0.9474,Stigma-specific Stig1,,,,
16,VIT_03s0063g01280<br>VIT_03s0063g01160,1930,0.9301,,,,,
17,VIT_11s0016g05670,1917,0.9274,RabGAP/TBC domain-containing protein,,,,
18,VIT_04s0044g00270,1935,0.9267,Monooxygenase (MO3),,,,
19,VIT_05s0062g00990,1913,0.9233,Aldo/keto reductase AKR,E1_1_1_21,,vv10040Pentose_glucuronate_interconversion,vv10051Fructose_and_mannose_metabolism
20,VIT_07s0031g01560,1896,0.9231,Unknown protein,,,,
21,VIT_18s0041g01190,1903,0.9224,No hit,,,,
22,VIT_09s0002g02590,1898,0.9218,Unknown protein,,,,
23,VIT_18s0001g01850,1877,0.9107,Amino acid permease,AAPREL,,vv50123Porters_cat_18_to_29,
24,VIT_02s0033g00440,1882,0.9083,Myb VvMYBA1,VVMYBA1_3,MYBA11,vv60044MYB,
25,VIT_00s0820g00010,1864,0.9057,Unknown protein,,,,
26,VIT_05s0020g04990,1874,0.9044,No hit,,,,
27,VIT_14s0036g00930,1832,0.8859,Polyubiquitin (UBQ4),,,,
28,VIT_14s0030g02150,1821,0.8836,Calmodulin,K02183,,vv34020Calcium_signaling_pathway,vv34626Plant-pathogen_interaction
29,VIT_14s0030g01340,1817,0.8778,Beta-ketoacyl-CoA synthase,E2_3_1_41,,vv10061Fatty_acid_biosynthesis,
30,VIT_14s0030g01390,1797,0.869,Ribosome biogenesis protein Bms1,K14569,,vv23008Ribosome_biogenesis_in_Eukaryotes,
31,VIT_09s0054g01230,1795,0.8671,Beta-amyrin synthase,E5_4_99_BAS,,vv10900Terpenoid_biosynthesis,
32,VIT_14s0083g00820,1789,0.8626,Lipase GDSL 7,,,,
33,VIT_16s0050g00530,1774,0.8582,HcrVf1 protein,,,,
34,VIT_18s0001g03120,1758,0.8534,Ethylene-responsive transcription factor ERF003,ERF003_6,,vv30008Ethylene_signaling,vv60003AP2_EREBP
35,VIT_07s0031g02120,1762,0.852,Unknown,,,,
36,VIT_04s0079g00710,1758,0.8493,Glutathione S-transferase 11 GSTF11,E2_5_1_18_GSTF11,,vv10480Glutathione_metabolism,
37,VIT_00s0397g00030<br>VIT_00s0316g00050<br>VIT_00s0421g00010,1749,0.849,,,,,
38,VIT_10s0003g03090,1755,0.8486,3-beta hydroxysteroid dehydrogenase,E1_1_1_145,,vv10140C21-Steroid_hormone_metabolism,
39,VIT_04s0043g00510,1753,0.8465,Ethylene-responsive transcription factor ERF003,ERF003_1,,vv30008Ethylene_signaling,vv60003AP2_EREBP
40,VIT_15s0045g00470,1737,0.8453,Unknown,,,,
41,VIT_00s0762g00010,1733,0.8413,S-locus lectin protein kinase family,,,,
42,VIT_01s0010g03930,1726,0.8391,WRKY DNA-binding protein 75,WRKY75_1,VvWRKY03,vv60066WRKY,
43,VIT_05s0049g00690,1719,0.8333,No hit,,,,
44,VIT_05s0020g01350,1716,0.8298,Nuclear transcription factor Y subunit B-5,NFYB5_1,,vv60021CCAAT,
45,VIT_03s0038g03600,1708,0.8279,Serine/threonine kinase,,,,
46,VIT_11s0016g02890,1718,0.8264,Dual specificity protein phosphatase,,,,
47,VIT_03s0063g01230,1699,0.8228,No hit,,,,
48,VIT_08s0032g00500,1699,0.8204,SEH1H (SEH1H),SEH1H,,vv50109Incompletely_characterized_transport_systems,
49,VIT_12s0059g02500,1683,0.8146,Constans-like 11,COL11_1,,vv30009Flower_development,vv34710Circadian_rhythm
50,VIT_16s0098g00920,1684,0.8131,DnaJ homolog  subfamily C  member 2,K09522,,vv50132Primary_active_transporter_cat_A5_to_A8,
51,VIT_14s0108g00230,1657,0.8001,Phagocytosis and cell motility protein ELMO1,,,,
52,VIT_16s0100g00750,1639,0.7945,Stilbene synthase,E2_3_1_95,,vv10940Phenylpropanoid_biosynthesis,
53,VIT_07s0005g02050,1631,0.7921,Carboxylic ester hydrolase,E3_1_1_1,,,
54,VIT_19s0085g00070,1621,0.7846,Ubiquitin-activating enzyme E1,K03178,,vv24120Ubiquitin_mediated_proteolysis,
55,VIT_12s0134g00320,1628,0.7846,S-locus lectin protein kinase family,,,,
56,VIT_16s0013g00070<br>VIT_16s0039g02840<br>VIT_16s0013g00810,1614,0.782,,,,,
57,VIT_02s0025g00540,1612,0.7791,Unknown,,,,
58,VIT_16s0022g00070,1602,0.7765,No hit,,,,
59,VIT_12s0028g00270,1605,0.7761,WRKY DNA-binding protein 71,WRKY71_2,VvWRKY35,vv60066WRKY,
60,VIT_18s0001g11730,1592,0.7736,No hit,,,,
61,VIT_07s0005g05100,1597,0.7719,Phytochrome  interacting  factor 3-like 5,PIL5,,vv34710Circadian_rhythm,vv60011BHLH
62,VIT_16s0100g00390,1597,0.7685,AP2 domain-containing transcription factor TINY,TINY_7,,vv30008Ethylene_signaling,vv60003AP2_EREBP
63,VIT_18s0089g00870,1579,0.7654,VAMP72A1,K08515,,vv24130SNARE_interactions_in_vesicular_transport,
64,VIT_04s0023g02770,1585,0.7653,Protein kinase,,,,
65,VIT_08s0007g02360,1572,0.7613,Harpin inducing protein 1-like 9,,,,
66,VIT_06s0009g02340,1572,0.7565,Tryptophan/tyrosine permease family,TRYTYRPERM,,vv50124Porters_cat_30_to_64,
67,VIT_08s0056g00300,1560,0.7536,Unknown,,,,
68,VIT_02s0033g00370,1559,0.7499,Myb domain protein 113,MYB113_4,MYBA4,vv60044MYB,
69,VIT_10s0042g00840,1551,0.7493,Stilbene synthase [Vitis pseudoreticulata],E2_3_1_95,,vv10940Phenylpropanoid_biosynthesis,
70,VIT_00s0220g00050,1547,0.7484,Unknown,,,,
71,VIT_00s0373g00040,1551,0.7482,Malate dehydrogenase Glyoxysomal,E1_1_1_37,,vv10020Citrate_cycle,vv10620Pyruvate_metabolism
72,VIT_02s0025g01880,1534,0.7425,Cellulose synthase CSLG3,E2_4_1_12_CSLG3,,vv40006Cell_wall,
73,VIT_10s0116g01150,1520,0.7393,Unknown,,,,
74,VIT_00s0275g00030,1529,0.7379,Ycf1,,,,
75,VIT_14s0068g02290,1532,0.7365,Disease resistance protein,K13466,,vv34626Plant-pathogen_interaction,
76,VIT_00s0183g00010,1523,0.7336,Actin 7 (ACT7) / actin 2,ACT7,,vv44810Regulation_of_actin_cytoskeleton,
77,VIT_00s0144g00110,1511,0.7331,HcrVf2 protein,,,,
78,VIT_18s0157g00200,1493,0.7248,Steroleosin-B,,,,
79,VIT_07s0104g00220,1494,0.7245,Phenazine biosynthesis PhzC/PhzF,K06998,,vv10400Phenylalanine_tyrosine_and_tryptophan_biosynthesis,
80,VIT_16s0100g00760,1481,0.7168,Stilbene synthase 2 [Vitis sp. cv. 'Norton'],E2_3_1_95,,vv10940Phenylpropanoid_biosynthesis,
81,VIT_02s0025g04100,1474,0.7124,CCR4-NOT transcription complex subunit 2,K12605,,vv23018RNA_degradation,
82,VIT_16s0100g00880,1468,0.7088,Stilbene synthase [Vitis pseudoreticulata],E2_3_1_95,,vv10940Phenylpropanoid_biosynthesis,
83,VIT_12s0055g00560,1468,0.7085,RPS2 (resistant to p. syringae 2),,,,
84,VIT_08s0007g00260,1450,0.7025,No hit,,,,
85,VIT_04s0044g00230,1456,0.702,Monooxygenase (MO2),,,,
86,VIT_01s0010g00820,1439,0.6912,2-oxoglutarate decarboxylase,E4_1_1_71,,vv10251Glutamate_metabolism,
87,VIT_12s0055g01080,1409,0.6853,Cationic peroxidase 2,E1_11_1_7,,vv10360Phenylalanine_metabolism,vv10680Methane_metabolism
88,VIT_16s0100g00960,1418,0.683,Stilbene synthase [Vitis pseudoreticulata],E2_3_1_95,,vv10940Phenylpropanoid_biosynthesis,
89,VIT_18s0001g11720,1397,0.6778,EMB2756 (embryo defective 2756),,,,
90,VIT_19s0014g01700,1404,0.6731,Unknown,,,,
91,VIT_01s0011g01080,1381,0.671,ribulose-1 5 bisphosphate carboxylase oxygenase large subunit N-methyltransferase,E2_1_1_127_3,,vv60056SET_PCG,
92,VIT_02s0033g00460<br>VIT_02s0033g00400<br>VIT_02s0033g00430,1372,0.6657,,,,,
93,VIT_13s0084g00670,1368,0.6631,Unknown protein,,,,
94,VIT_18s0001g15800,1376,0.66,Protein kinase Xa21,,,,
95,VIT_16s0100g00860<br>VIT_16s0100g00940<br>VIT_16s0100g00800<br>VIT_16s0100g00920<br>VIT_16s0100g00930<br>VIT_16s0100g00810<br>VIT_16s0100g00840<br>VIT_16s0100g00850,1342,0.6483,,,,,
96,VIT_05s0051g00150,1334,0.6448,RRS1 (resistant to ralstonia solanacearum 1),RRS1,,vv34627R_proteins_from_Plant-pathogen_interaction,
97,VIT_13s0067g02500,1338,0.6436,Xanthine/uracil permease,K06901,,vv50121Porters_cat_1_to_6,
98,VIT_06s0061g01060,1347,0.643,Magnesium transporter CorA 10,GMN10,,vv50101Channels_and_pores,
99,VIT_16s0039g01940,1329,0.6408,No hit,,,,
100,VIT_02s0025g05080,1307,0.6354,Zf A20 and AN1 domain-containing stress-associated protein 1,SAP1_3,,vv60077Other_zf-AN1,
101,VIT_01s0011g03310,1304,0.6336,Unknown protein,,,,
102,VIT_09s0054g00900,1306,0.6321,Chaperone BCS1 mitochondrial,K08900,,,
103,VIT_16s0100g01160,1292,0.6296,Stilbene synthase [Vitis vinifera],E2_3_1_95,,vv10940Phenylpropanoid_biosynthesis,
104,VIT_15s0048g01080,1292,0.6272,Unknown,,,,
105,VIT_07s0104g00440,1295,0.6259,Endo-1 3;1 4-beta-D-glucanase precursor,E3_2_1_73,,,
106,VIT_00s0743g00020,1290,0.6241,S-locus lectin protein kinase,,,,
107,VIT_08s0040g00660,1273,0.6138,Aspartic proteinase nepenthesin-1 precursor,E3_4_23_12,,,
108,VIT_14s0108g01670,1263,0.6125,Ac-CoA carboxylase,E6_4_1_2,,vv10061Fatty_acid_biosynthesis,vv10620Pyruvate_metabolism
109,VIT_18s0001g06400,1264,0.6106,No hit,,,,
110,VIT_04s0023g01100,1255,0.6098,Calmodulin,K02183,,vv34020Calcium_signaling_pathway,vv34626Plant-pathogen_interaction
111,VIT_12s0059g01660,1244,0.6024,3-oxoacyl-[acyl-carrier-protein] synthase II,E2_3_1_179,,vv10061Fatty_acid_biosynthesis,
112,VIT_10s0003g00140,1239,0.6012,Ethylene-responsive transcription factor 9,ERF9_2,VvERF064,vv30008Ethylene_signaling,vv60003AP2_EREBP
113,VIT_15s0107g00150,1233,0.5991,Glutathione S-transferase 8 GSTU8,E2_5_1_18_GSTU8,,vv10480Glutathione_metabolism,
114,VIT_09s0002g05990,1228,0.593,6-4 photolyase,K02295,,vv34710Circadian_rhythm,
115,VIT_03s0088g00060,1221,0.5893,Isoflavone reductase,E1_3_1_45,,vv10943Isoflavonoid_biosynthesis,
116,VIT_07s0031g02540,1218,0.5878,Emb2170 (embryo defective 2170),,,,
117,VIT_16s0050g01340,1200,0.5842,Retrovirus Pol polyprotein from transposon TNT 1-94,,,,
118,VIT_05s0062g00570,1209,0.5807,UDP-glucose:flavonoid 7-O-glucosyltransferase,E2_4_1_237,,vv10941Flavonoid_biosynthesis,
119,VIT_13s0019g00980,1185,0.5769,GTP binding protein,,,,
120,VIT_14s0030g01560,1196,0.5728,Cysteine synthase,E2_5_1_47,,vv10272Cysteine_metabolism,vv10450Selenoamino_acid_metabolism
121,VIT_02s0025g02940,1183,0.5726,Caffeic acid O-3-methyltransferase,E2_1_1_68,,vv10940Phenylpropanoid_biosynthesis,
122,VIT_19s0015g00060,1178,0.5705,ABC transporter C member 9,K05033,,vv52010ABC_transporters,
123,VIT_15s0021g02090,1171,0.569,DnaJ homolog  subfamily A  member 2,K09503,,vv50132Primary_active_transporter_cat_A5_to_A8,
124,VIT_14s0108g00350,1171,0.5654,3-dehydroquinate synthase,E4_2_3_4,,vv10400Phenylalanine_tyrosine_and_tryptophan_biosynthesis,
125,VIT_18s0001g03860,1161,0.5625,Unknown protein,,,,
126,VIT_11s0016g00120,1161,0.5606,Omega-6 fatty acid desaturase  chloroplast (FAD6) (FADC),K10255,,vv11040Biosynthesis_of_unsaturated_fatty_acids,
127,VIT_05s0029g01510,1160,0.5596,No hit,,,,
128,VIT_14s0030g01890,1151,0.5571,Unknown,,,,
129,VIT_18s0072g00970,1121,0.5447,DegP protease ,E3_4_21_107,,,
130,VIT_07s0104g00200,1119,0.5411,Phenazine biosynthesis PhzC/PhzF,K06998,,vv10400Phenylalanine_tyrosine_and_tryptophan_biosynthesis,
131,VIT_05s0020g04920,1115,0.541,fertility restorer,,,,
132,VIT_00s0240g00010,1110,0.5396,Glutathione S-transferase 23 GSTU23,E2_5_1_18_GSTU23,,vv10480Glutathione_metabolism,
133,VIT_16s0100g00830<br>VIT_16s0100g01120<br>VIT_16s0100g00780<br>VIT_16s0100g00910,1115,0.5381,,,,,
134,VIT_18s0001g15710,1095,0.5313,Electron carrier/ oxidoreductase,,,,
135,VIT_17s0053g00030,1095,0.5308,No hit,,,,
136,VIT_05s0020g03440,1101,0.5301,Photosystem II 11 kDa protein PSB27,K08902,,vv10195Photosynthesis,vv50135Primary_active_transporter_cat_D3_to_E2
137,VIT_16s0022g01340,1094,0.53,Deoxyribodipyrimidine photolyase,E4_1_99_3,,,
138,VIT_12s0055g00780,1093,0.5275,VPS20.2 SNF7,VPS20_2,,vv50111Tethering_factors,
139,VIT_04s0043g00990,1087,0.5259,Serine/threonine kinase protein,,,,
140,VIT_09s0018g00290,1078,0.5251,Unknown protein,,,,
141,VIT_04s0043g01010,1089,0.5248,Violaxanthin de-epoxidase,E1_10_99_3,,vv10906Carotenoid_biosynthesis,
142,VIT_04s0044g00040,1076,0.5208,Dirigent,,,,
143,VIT_19s0093g00110,1071,0.5197,Glutathione S-transferase 22 GSTU22,E2_5_1_18_GSTU22,,vv10480Glutathione_metabolism,
144,VIT_18s0089g01120,1071,0.5179,NAC domain-containing protein 70,NAC070,VvNAC70,vv60046NAC,
145,VIT_08s0058g00690,1063,0.5155,WRKY DNA-binding protein 33,WRKY33_3,VvWRKY24,vv34626Plant-pathogen_interaction,vv60066WRKY
146,VIT_18s0001g11620,1058,0.5141,WAK receptor protein kinase,,,,
147,VIT_17s0000g10080,1065,0.5133,Transcriptional factor B3,TFB3_12,,vv60001ABI3VP1,
148,VIT_15s0021g01630,1058,0.5131,Ethylene responsive element binding factor 2,ERF2_1,,vv30008Ethylene_signaling,vv60003AP2_EREBP
149,VIT_00s0299g00070,1058,0.5126,Unknown protein,,,,
150,VIT_13s0073g00290,1058,0.5123,Proline transporter 1 (ProT1),PROT1,,vv50123Porters_cat_18_to_29,
151,VIT_08s0056g00040,1057,0.5111,WD-40 repeat protein,,,,
152,VIT_07s0129g00680,1058,0.5106,Pentatricopeptide (PPR) repeat-containing protein,,,,
153,VIT_18s0001g07170,1052,0.509,Transducin protein,,,,
154,VIT_06s0004g04790,1046,0.5078,MBD5 (methyl-CpG-binding domain 5),,,,
155,VIT_18s0117g00530,1048,0.5065,Splicing factor 3A subunit 3,K12827,,vv23040Spliceosome,
156,VIT_12s0028g00480,1039,0.5036,No hit,,,,
157,VIT_00s0347g00120,1037,0.5022,S-locus lectin protein kinase,,,,
158,VIT_10s0042g00930<br>VIT_10s0042g00890<br>VIT_10s0042g00870<br>VIT_10s0042g00860<br>VIT_10s0042g00920,1040,0.5012,,,,,
159,VIT_19s0014g00080,1012,0.4908,Steroid 5alpha-reductase,K09591,,vv10905Brassinosteroid_biosynthesis,
160,VIT_16s0100g01060,1005,0.4907,Stilbene synthase,E2_3_1_95,,vv10940Phenylpropanoid_biosynthesis,
161,VIT_01s0011g00380,1006,0.4876,SP1L1 (SPIRAL1-like1),,,,
162,VIT_18s0122g00040,1011,0.4868,No hit,,,,
163,VIT_02s0025g02180,999,0.4864,No hit,,,,
164,VIT_02s0236g00120,998,0.4831,Unknown,,,,
165,VIT_01s0011g01900,1004,0.4827,Glutathione S-transferase  C-terminal,E2_5_1_18,,vv10480Glutathione_metabolism,
166,VIT_13s0156g00580,988,0.4759,S-receptor kinase,,,,
167,VIT_04s0044g01280,979,0.4725,Beta-1 3-glucan synthase,E2_4_1_34,,vv10500Starch_and_sucrose_metabolism,
168,VIT_11s0037g00290,972,0.4718,Plastocyanin domain-containing protein,K02638,,vv10195Photosynthesis,vv50113Thylakoid_targeting_pathway
169,VIT_18s0117g00600,977,0.4715,Laccase,E1_10_3_2,,vv11000Single_reactions,vv50109Incompletely_characterized_transport_systems
170,VIT_00s0183g00040,974,0.4712,Importin alpha,IMPALPHA,,vv50109Incompletely_characterized_transport_systems,vv50112Nuclear_pore_complex
171,VIT_14s0108g01210,973,0.4707,HYP1 (hypothetical protein 1),,,,
172,VIT_14s0036g00990,967,0.4706,Polyubiquitin (UBQ4),,,,
173,VIT_00s0434g00020,968,0.467,Protein phosphatase 2C,E3_1_3_16,,,
174,VIT_07s0129g00760,959,0.466,CYP81E1 Isoflavone 2'-hydroxylase,E1_14_13_89,,vv10943Isoflavonoid_biosynthesis,
175,VIT_04s0023g01080,944,0.4569,Lys Motif-Type Receptor-Like Kinase LYK4,,,,
176,VIT_00s0231g00090,940,0.4541,No hit,,,,
177,VIT_12s0035g01080,937,0.4535,Carotenoid isomerase 1  chloroplast precursor,K09835,,vv10906Carotenoid_biosynthesis,
178,VIT_19s0027g01620,936,0.4515,Disease resistance protein (NBS-LRR class),,,,
179,VIT_06s0004g01250,929,0.451,Omega-6 fatty acid desaturase  endoplasmic reticulum (FAD2),K10256,,vv11040Biosynthesis_of_unsaturated_fatty_acids,
180,VIT_16s0100g01010<br>VIT_16s0100g00950<br>VIT_16s0100g01030<br>VIT_16s0100g00990,926,0.4497,,,,,
181,VIT_09s0002g03230,922,0.4452,Acid phosphatase,E3_1_3_2,,vv10740Riboflavin_metabolism,
182,VIT_05s0094g00430,919,0.4418,5'-3' exonuclease,E3_1_11_1,,,
183,VIT_00s0620g00010,914,0.4411,Triacylglycerol lipase,E3_1_1_3,,vv10561Glycerolipid_metabolism,
184,VIT_15s0021g02060,904,0.4378,Arbutin synthase,E2_4_1_218,,vv10500Starch_and_sucrose_metabolism,
185,VIT_08s0040g02730,903,0.4358,Exocyst subunit EXO70 H4,EXO70H4,,vv50111Tethering_factors,
186,VIT_00s0533g00030,906,0.4352,Transferase,,,,
187,VIT_13s0019g01780,896,0.4341,Scarecrow transcription factor 14 (SCL14),SCL14_7,,vv60032GRAS,
188,VIT_01s0010g03310,896,0.4339,Unknown protein,,,,
189,VIT_00s0291g00030,881,0.43,Enhancer of shoot regeneration 1 ESR1,ESR1_1,VvERF067,vv30008Ethylene_signaling,vv60003AP2_EREBP
190,VIT_12s0034g01310,883,0.4299,R protein L6,K13477,,vv34627R_proteins_from_Plant-pathogen_interaction,
191,VIT_16s0100g01150,883,0.4286,Stilbene synthase [Vitis vinifera],E2_3_1_95,,vv10940Phenylpropanoid_biosynthesis,
192,VIT_11s0016g01780,885,0.4286,HAB1 (homology toABI1),HAB1,,vv30001ABA_signaling,
193,VIT_04s0008g05720,885,0.4279,Exostosin family protein,K02366,,vv11030Glycan_structures-biosynthesis1,
194,VIT_12s0028g02970,882,0.4269,MLO1,K08472,,,
195,VIT_15s0046g00450,874,0.4253,Phosphatidic acid Phosphatase,E3_1_3_4,,vv10561Glycerolipid_metabolism,vv10564Glycerophospholipid_metabolism
196,VIT_15s0046g00070,871,0.423,PBP1 (pinoid-binding protein 1),PBP1,,vv50004Auxin_transport,
197,VIT_13s0019g04250,873,0.4205,Unknown protein,,,,
198,VIT_06s0009g03520,867,0.417,Signal peptide peptidase,,,,
199,VIT_04s0079g00570,867,0.4168,Protein binding / zinc ion binding,,,,
200,VIT_16s0100g01100,859,0.4152,Stilbene synthase,E2_3_1_95,,vv10940Phenylpropanoid_biosynthesis,
201,VIT_15s0048g02460,861,0.4151,Quercetin 3-O-methyltransferase 1,E2_1_1_76,,vv10941Flavonoid_biosynthesis,
202,VIT_10s0116g01600,854,0.4124,Monocopper oxidase SKS4 (SKU5 Similar 4),SKS4,,vv50109Incompletely_characterized_transport_systems,
203,VIT_00s0207g00160,839,0.4095,Pathogenesis-related protein 1 precursor (PRP 1),PRP1,,vv30011Jasmonate_signaling,vv34626Plant-pathogen_interaction
204,VIT_02s0025g00380,847,0.4094,2-C-methyl-D-erythritol 2 4-cyclodiphosphate synthase  chloroplast,E4_6_1_12,,vv10100Biosynthesis_of_steroids,
205,VIT_14s0128g00880,839,0.4091,MYB related DIRP family protein,MYBDIRP_5,,vv60045MYBrelated,
206,VIT_02s0154g00160,848,0.4085,flavin-containing monooxygenase family protein / FMO family protein,E1_14_13_8,,vv11000Single_reactions,
207,VIT_15s0021g01190,841,0.4079,RAPTOR2,K07204,,vv34150mTOR_signaling_pathway,
208,VIT_07s0104g00510,836,0.4056,MRNA-binding protein precursor,,,,
209,VIT_18s0001g09060,832,0.4047,Unknown protein,,,,
210,VIT_04s0023g01550,830,0.4041,Unknown,,,,
211,VIT_00s0586g00020,828,0.4006,Unknown protein,,,,
212,VIT_14s0006g01420,827,0.3999,Ser/Thr receptor kinase,,,,
213,VIT_13s0156g00420,826,0.3998,Disease resistance protein (NBS-LRR class),,,,
214,VIT_12s0059g01720,812,0.3961,No hit,,,,
215,VIT_19s0014g01370,812,0.394,Curculin (mannose-binding) lectin,,,,
216,VIT_14s0030g00900,814,0.3921,MRP-like ABC transporter MRP6,MRP6,,vv52010ABC_transporters,
217,VIT_07s0031g02750,808,0.3919,CBS domain containing protein,,,,
218,VIT_00s0316g00010,810,0.3911,Disease resistance protein,K13466,,vv34626Plant-pathogen_interaction,
219,VIT_02s0234g00060,806,0.3894,GCN5 N-acetyltransferase (GNAT),E2_3_1_x,,,
220,VIT_08s0007g04890,806,0.3892,ACT domain-containing protein,,,,
221,VIT_18s0122g00450,795,0.387,Sinapyl alcohol dehydrogenase,E1_1_1_195,,vv10940Phenylpropanoid_biosynthesis,
222,VIT_19s0027g00160,804,0.3862,GTP-binding protein 1,,,,
223,VIT_04s0008g02170,797,0.3852,DCL3 (DICER-like 3),DCL3,,,
224,VIT_12s0034g00550,788,0.3823,Ubiquitin-protein ligase E3 UBR3,K11978,,,
225,VIT_00s0407g00080,785,0.3803,Kinesin motor protein,KMOTOR,,vv44810Regulation_of_actin_cytoskeleton,
226,VIT_13s0067g02750,783,0.379,No hit,,,,
227,VIT_07s0031g01360,778,0.3773,EMB2453,,,,
228,VIT_15s0048g02500,777,0.3765,Thylakoid membrane phosphoprotein 14 kda  chloroplast precursor,,,,
229,VIT_19s0014g04060,777,0.3739,ARK3 (Arabidopsis Receptor Kinase 3),,,,
230,VIT_10s0003g01370,772,0.3729,Unknown protein,,,,
231,VIT_13s0019g03830,774,0.3727,Lateral organ boundaries protein 11,LBD11_2,,vv60007AS2,
232,VIT_02s0025g03790,773,0.3716,ATP-dependent RNA helicase DDX6/DHH1,K12614,,vv23018RNA_degradation,vv50133Primary_active_transporter_cat_A9_to_A18
233,VIT_02s0025g02930,768,0.3714,Caffeic acid O-3-methyltransferase,E2_1_1_68,,vv10940Phenylpropanoid_biosynthesis,
234,VIT_16s0050g01690,770,0.3698,Receptor kinase homolog LRK10,,,,
235,VIT_03s0017g01220,765,0.3697,Polyadenylate-binding protein 2,K14396,,vv23015mRNA_surveillance_pathway,
236,VIT_14s0066g00320,755,0.3663,Pseudouridylate synthase TruB,E4_2_1_70,,vv10240Pyrimidine_metabolism,
237,VIT_19s0015g02610,735,0.3544,Glutathione S-transferase 25 GSTU25,E2_5_1_18_GSTU25,,vv10480Glutathione_metabolism,
238,VIT_06s0004g00780,735,0.3529,Adenosylhomocysteinase,E3_3_1_1,,vv10271Methionine_metabolism,vv10450Selenoamino_acid_metabolism
239,VIT_11s0065g00030,726,0.3516,Lupeol synthase,E5_4_99_8,,vv10100Biosynthesis_of_steroids,
240,VIT_16s0013g00040,728,0.3515,Unknown,,,,
241,VIT_03s0091g01200,723,0.3489,Sinapoylglucose:malate sinapoyltransferase (SNG1),E2_3_1_92,,vv10940Phenylpropanoid_biosynthesis,
242,VIT_18s0089g00820,719,0.348,Unknown,,,,
243,VIT_12s0055g01280,716,0.3446,Brassinosteroid insensitive 1-associated receptor kinase 1,BAK1,,vv30005Brassinosteroids_signaling,vv34626Plant-pathogen_interaction
244,VIT_07s0151g00110<br>VIT_07s0151g00190<br>VIT_07s0151g00250,713,0.3433,,,,,
245,VIT_11s0016g03190,705,0.3432,Unknown,,,,
246,VIT_14s0128g00290,709,0.3428,Pentatricopeptide (PPR) repeat-containing,,,,
247,VIT_12s0059g02700,710,0.3427,Pentatricopeptide (PPR) repeat-containing,,,,
248,VIT_07s0005g03410,702,0.34,Globulin 11S,,,,
249,VIT_08s0056g01130,705,0.3385,Mini zinc finger 2 MIF2,MIF2_2,,vv60068Zf-HD,
250,VIT_06s0004g01960,701,0.3382,No hit,,,,
251,VIT_04s0008g04480,695,0.3372,Zinc finger (C3HC4-type ring finger),ZFC3HC4_124,,vv60078Other_zf-C3HC4,
252,VIT_12s0142g00690,697,0.3369,No hit,,,,
253,VIT_17s0000g04680,702,0.336,Signal peptide peptidase SPPA,,,,
254,VIT_04s0008g04080,695,0.3356,No hit,,,,
255,VIT_10s0092g00410,694,0.3348,No hit,,,,
256,VIT_19s0090g00210,690,0.3335,DTW domain-containing protein,,,,
257,VIT_04s0023g02420,688,0.3305,Mitogen-activated protein kinase 4,K06855,,,
258,VIT_00s0125g00140,675,0.3278,SHR5-receptor-like kinase,,,,
259,VIT_06s0004g03030,675,0.3261,Nuclear transcription factor Y subunit B related,NFYBREL_2,,vv60021CCAAT,
260,VIT_02s0033g00530,668,0.3229,N2  N2-dimethylguanosine tRNA methyltransferases-like protein,E2_1_1_32,,vv10271Methionine_metabolism,
261,VIT_13s0074g00350,668,0.3222,Unknown,,,,
262,VIT_14s0083g00930,661,0.3192,BIM2 (BES1-interacting Myc-like protein 2),BIM2_1,,vv30005Brassinosteroids_signaling,vv60011BHLH
263,VIT_19s0027g01180,662,0.319,No hit,,,,
264,VIT_14s0068g01880,662,0.3183,No hit,,,,
265,VIT_19s0177g00090,658,0.3177,Albumin  2S,,,,
266,VIT_03s0167g00050,657,0.3175,Concanavalin A lectin,,,,
267,VIT_06s0009g01810,657,0.3168,APK2A (protein kinase 2A),,,,
268,VIT_05s0094g01430,649,0.3149,Unknown protein,,,,
269,VIT_03s0038g01170,651,0.3134,Auxin responsive SAUR protein,SAUR,,vv30003Auxin_signaling,
270,VIT_04s0043g00380,649,0.3126,Unknown protein,,,,
271,VIT_12s0059g01150,647,0.3118,Dehydrogenase,,,,
272,VIT_09s0002g08400,646,0.3112,SET Domain group 26,SDG26,,vv60056SET_PCG,
273,VIT_03s0038g02030,635,0.3078,Amidase,E3_5_1_4,,vv10220Urea_cycle_and_metabolism_of_amino_groups,vv10360Phenylalanine_metabolism
274,VIT_08s0056g01690,636,0.3075,LrgB-like family protein,,,,
275,VIT_01s0026g00210,634,0.3075,Aldehyde dehydrogenase (NAD+),E1_2_1_3,vv10561Glycerolipid_metabolism,vv10010Glycolysis,vv10071Fatty_acid_metabolism
276,VIT_06s0080g00140,636,0.3068,Pentatricopeptide (PPR) repeat-containing,,,,
277,VIT_02s0025g02190,631,0.3035,Short-chain dehydrogenase/reductase,,,,
278,VIT_06s0004g07770,616,0.3012,Peroxidase,E1_11_1_7,,vv10360Phenylalanine_metabolism,vv10680Methane_metabolism
279,VIT_10s0003g03600<br>VIT_10s0003g03520,619,0.2998,,,,,
280,VIT_02s0025g02080,618,0.2993,Nodulin MtN3 family protein,,,,
281,VIT_07s0031g02690,623,0.2989,NADH dehydrogenase,K03885,,vv10190Oxidative_phosphorylation,vv50134Primary_active_transporter_cat_D1
282,VIT_12s0142g00350,609,0.2956,Membrane protein ycf1,,,,
283,VIT_05s0049g00330,614,0.2956,E8 protein,E8,,vv30008Ethylene_signaling,
284,VIT_05s0029g00620,611,0.2955,Permease nonimprinted in Prader-Willi/Angelman,NIPA,,vv50122Porters_cat_7_to_17,
285,VIT_05s0062g01100,610,0.2947,Leucin-rich repeat protein kinase,,,,
286,VIT_09s0002g00190,612,0.2945,NBS-LRR type disease resistance protein,,,,
287,VIT_08s0007g07840,607,0.2935,Cysteine protease out,E3_4_22_x,,,
288,VIT_09s0002g03190,603,0.2923,DNA repair protein,,,,
289,VIT_06s0061g01430,607,0.292,flavonoid 1-2 rhamnosyltransferase,E2_4_1_236,,vv10941Flavonoid_biosynthesis,
290,VIT_17s0000g06320,595,0.2893,Endonuclease,E3_1_30_x,,,
291,VIT_14s0006g00360,601,0.2889,No hit,,,,
292,VIT_07s0129g00470,601,0.2881,Unknown protein,,,,
293,VIT_06s0004g04950,592,0.2868,Scarecrow-like transcription factor 14 SCL14,SCL14_11,,vv60032GRAS,
294,VIT_00s0181g00050,590,0.285,Unknown protein,,,,
295,VIT_08s0056g00290,593,0.285,Calcium-binding protein CML,K13448,,vv34626Plant-pathogen_interaction,
296,VIT_03s0038g00740,586,0.2819,GC1 (GIANT chloroplast 1),GC1,,vv44110Cell_cycle,
297,VIT_04s0043g01000,577,0.2809,Oligouridylate binding protein 1B UBP1B,UBP1B,,,
298,VIT_09s0002g03810,582,0.2809,No hit,,,,
299,VIT_03s0038g01860,586,0.2804,Proline-rich protein 4,,,,
300,VIT_08s0056g01070,578,0.2791,MATE efflux family protein,MATE,,vv50125Porters_cat_66_to_94,
301,VIT_18s0041g00350,568,0.2771,Dienelactone hydrolase,E3_1_1_45,,vv11000Single_reactions,
302,VIT_16s0039g02080,568,0.2744,Ribosomal protein L5-1 60S,K02932,,vv23010Ribosome,
303,VIT_14s0108g00290,563,0.2729,formin 8,FH8,,vv44810Regulation_of_actin_cytoskeleton,
304,VIT_12s0035g01620,557,0.2683,No hit,,,,
305,VIT_10s0042g00990,553,0.2665,Unknown,,,,
306,VIT_18s0001g00880,552,0.2656,No hit,,,,
307,VIT_09s0018g00400,545,0.2639,Unknown protein,,,,
308,VIT_02s0025g04200,546,0.2638,Unknown,,,,
309,VIT_18s0122g01300,534,0.2587,RWP-RK domain-containing protein,RWPRKDOM_11,,vv60052RWP-RK,
310,VIT_16s0013g01120,531,0.2575,Ethylene-responsive transcription factor ERF105,ERF105_17,VvERF092,vv30008Ethylene_signaling,vv60003AP2_EREBP
311,VIT_14s0108g01000,530,0.2552,Calcium-binding EF hand,,,,
312,VIT_08s0058g00800,521,0.2539,Wound-induced protein WI12,,,,
313,VIT_02s0033g00790,520,0.2529,Nitrilase 4B,E3_5_5_1,,vv10460Cyanoamino_acid_metabolism,vv10910Nitrogen_metabolism
314,VIT_11s0016g05570,517,0.2516,Thylakoid lumenal 16.5 kDa protein  chloroplast precursor,,,,
315,VIT_13s0019g04870,519,0.2516,Unknown protein,,,,
316,VIT_14s0030g01970,518,0.2507,Auxin-induced protein PCNT115,AUXREG,,vv30003Auxin_signaling,
317,VIT_08s0056g00840,509,0.2467,MATE efflux family protein,MATE,,vv50125Porters_cat_66_to_94,
318,VIT_06s0004g06600,513,0.2466,Unknown protein,,,,
319,VIT_04s0008g02930,504,0.2432,Oligouridylate binding protein 1B UBP1B,UBP1B,,,
320,VIT_05s0077g01590,503,0.243,Major allergen Mal d 1,,,,
321,VIT_19s0014g04840,479,0.2303,(-)-germacrene D synthase,E4_2_3_22,,vv10900Terpenoid_biosynthesis,
322,VIT_07s0031g01590,473,0.2278,No hit,,,,
323,VIT_14s0036g01100<br>VIT_16s0039g00850,472,0.2277,,,,,
324,VIT_17s0000g04600,469,0.2273,Strictosidine synthase,E4_3_3_2,,vv10900Terpenoid_biosynthesis,vv10902Monoterpenoid_biosynthesis
325,VIT_00s0163g00070,468,0.2272,Double-stranded DNA-binding protein,,,,
326,VIT_12s0059g01470,470,0.2262,Unknown protein,,,,
327,VIT_00s0163g00060,462,0.2236,Zinc finger (C3HC4-type ring finger),ZFC3HC4_229,,vv60078Other_zf-C3HC4,
328,VIT_01s0010g03740,461,0.2234,Transcription termination factor mitochondrial mTERF,MTERF_4,,vv60085MTERF,
329,VIT_08s0007g04380,458,0.2224,PAB7 (poly(A) binding protein 7),PAB7,,vv50133Primary_active_transporter_cat_A9_to_A18,
330,VIT_08s0007g02140,459,0.2214,Clathrin  light polypeptide B,K04645,,vv50110Protein_coat,
331,VIT_19s0027g01100,457,0.2213,No hit,,,,
332,VIT_08s0007g02770,458,0.2209,IAA-amino acid hydrolase 1 (ILR1),K01463,,vv11002Auxin_biosynthesis,
333,VIT_01s0026g02590,456,0.2207,Calcium-binding protein CML,K13448,,vv34626Plant-pathogen_interaction,
334,VIT_08s0040g00860,447,0.2145,No hit,,,,
335,VIT_00s0768g00030,444,0.2132,Isopentenyl diphosphate isomerase 2,E5_3_3_2,,vv10100Biosynthesis_of_steroids,vv10900Terpenoid_biosynthesis
336,VIT_14s0060g02440,437,0.2124,Indeterminate(ID)-domain 2,IDD2_5,,vv60017C2H2,
337,VIT_01s0011g01740,438,0.2119,Lectin,,,,
338,VIT_16s0098g01180,435,0.2108,Aldo/keto reductase,E1_1_1_21,,vv10040Pentose_glucuronate_interconversion,vv10051Fructose_and_mannose_metabolism
339,VIT_11s0016g02580,436,0.2096,MAPK activating protein-like,,,,
340,VIT_12s0028g00930,428,0.2063,Glutathione S-transferase 9 GSTF9,E2_5_1_18_GSTF9,,vv10480Glutathione_metabolism,
341,VIT_12s0035g00530,427,0.2055,Unknown protein,,,,
342,VIT_12s0134g00350,423,0.2034,Zinc finger (C3HC4-type ring finger),ZFC3HC4_228,,vv60078Other_zf-C3HC4,
343,VIT_17s0000g01890,420,0.2031,Myb domain protein 52,MYB52_2,MYB169,vv60044MYB,
344,VIT_00s0266g00070,416,0.2012,Linalool synthase,E4_2_3_26,,vv10900Terpenoid_biosynthesis,
345,VIT_18s0001g08760,415,0.2009,No hit,,,,
346,VIT_04s0008g00110,415,0.2009,Jasmonate ZIM domain-containing protein 8,JAZ8_3,,vv30011Jasmonate_signaling,vv60069ZIM
347,VIT_11s0078g00150,412,0.2006,EXECUTER1 protein  chloroplast precursor,,,,
348,VIT_03s0038g00090,404,0.1965,Epoxide hydrolase-like protein,E3_3_2_10,,,
349,VIT_05s0020g03690<br>VIT_05s0020g03710,407,0.1961,,,,,
350,VIT_03s0017g00550,404,0.1955,Beta-ureidopropionase,E3_5_1_6,,vv10240Pyrimidine_metabolism,vv10410Beta-alanine_metabolism
351,VIT_11s0052g00050,401,0.1946,No hit,,,,
352,VIT_12s0059g02560,400,0.1932,Receptor kinase RK20-1,,,,
353,VIT_02s0012g02340,394,0.1908,CYP76C4,,,,
354,VIT_09s0018g00960,393,0.1899,Laccase,E1_10_3_2,,vv11000Single_reactions,vv50109Incompletely_characterized_transport_systems
355,VIT_17s0000g02770,392,0.1888,Disease resistance protein (CC-NBS-LRR class),,,,
356,VIT_00s0309g00050,386,0.186,EXPANSIN-like B1,EXPB1,,vv30003Auxin_signaling,
357,VIT_12s0028g02530,382,0.1857,Zinc finger (C3HC4-type ring finger),ZFC3HC4_36,,vv60078Other_zf-C3HC4,
358,VIT_06s0004g07830,380,0.1855,SOS2 (salt overly sensitive 2),SOS2,,vv30001ABA_signaling,
359,VIT_19s0014g00100,385,0.185,Chalcone isomerase 3,E5_5_1_6,,vv10941Flavonoid_biosynthesis,
360,VIT_07s0095g00490,383,0.1849,No hit,,,,
361,VIT_10s0003g04910,380,0.1841,Sinapyl alcohol dehydrogenase,E1_1_1_195,,vv10940Phenylpropanoid_biosynthesis,
362,VIT_14s0066g01390,376,0.1823,Metal-dependent phosphohydrolase HD domain-containing protein,K07023,,,
363,VIT_12s0034g00830,375,0.1812,No hit,,,,
364,VIT_08s0056g01390,372,0.1795,No hit,,,,
365,VIT_01s0113g00400,369,0.1793,No hit,,,,
366,VIT_08s0040g03110,367,0.178,No hit,,,,
367,VIT_12s0059g02770,364,0.1764,Shoot gravitropism 7,SGR7_1,,vv60032GRAS,
368,VIT_16s0100g00150,362,0.1753,COP9 signalosome complex subunit 5,K09613,,,
369,VIT_06s0009g02680,360,0.1744,Unknown protein,,,,
370,VIT_18s0001g10060,356,0.1721,LRX1 (leucine-rich repeat/extensin 1),EXTENSIN,,vv40006Cell_wall,
371,VIT_05s0077g01570,355,0.1716,Pathogenesis protein 10 [Vitis vinifera],,,,
372,VIT_11s0016g03820,345,0.1672,Signal peptidase I,K03100,,vv23060Protein_export,vv50132Primary_active_transporter_cat_A5_to_A8
373,VIT_19s0027g01590,343,0.1663,R protein MLA10,K13475,,vv34627R_proteins_from_Plant-pathogen_interaction,
374,VIT_09s0018g01660,345,0.166,Biopterin transport-related protein BT1,BIOPTERIN,,vv50125Porters_cat_66_to_94,
375,VIT_16s0148g00210,344,0.1659,Receptor kinase homolog LRK10,,,,
376,VIT_02s0012g02020,337,0.1642,GTP binding protein,,,,
377,VIT_14s0171g00490,336,0.1636,Glucose-6-phosphate 1-dehydrogenase  cytoplasmic isoform,E1_1_1_49,,vv10030Pentose_phosphate,vv10480Glutathione_metabolism
378,VIT_03s0017g01570,338,0.163,FAD-binding domain-containing protein,,,,
379,VIT_03s0038g01850,338,0.163,Proline-rich protein 4,,,,
380,VIT_00s0945g00010,333,0.1626,Unknown protein,,,,
381,VIT_13s0067g02340,336,0.162,Proton-dependent oligopeptide transport (POT) family protein,POT,,vv50122Porters_cat_7_to_17,
382,VIT_01s0011g00550,336,0.1619,Hydrolase  alpha/beta fold family,,,,
383,VIT_06s0009g01460,332,0.1603,Homoserine dehydrogenase,E1_1_1_3,,vv10260Glycine_serine_and_threonine_metabolism,vv10300Lysine_biosynthesis
384,VIT_11s0078g00290,324,0.1574,Cinnamate 4-hydroxylase,E1_14_13_11,,vv10360Phenylalanine_metabolism,vv10940Phenylpropanoid_biosynthesis
385,VIT_03s0017g00630,325,0.1559,No hit,,,,
386,VIT_02s0033g00840,322,0.1551,Nitrilase 4B,E3_5_5_1,,vv10460Cyanoamino_acid_metabolism,vv10910Nitrogen_metabolism
387,VIT_15s0024g00680,318,0.1528,No hit,,,,
388,VIT_17s0053g00880,316,0.1522,Polyamine oxidase 4,E1_5_3_11,,vv11000Single_reactions,
389,VIT_00s0251g00080,314,0.1518,No hit,,,,
390,VIT_06s0004g02250,311,0.1506,Unknown protein,,,,
391,VIT_05s0062g01090,311,0.1505,Unknown,,,,
392,VIT_03s0097g00460,309,0.1486,Geraniol 10-hydroxylase,G10H,,vv10902Monoterpenoid_biosynthesis,
393,VIT_16s0100g00870,305,0.1479,No hit,,,,
394,VIT_08s0007g01270,294,0.1422,Dynein light chain LC6  flagellar outer arm,K10418,,vv44810Regulation_of_actin_cytoskeleton,
395,VIT_10s0003g03850,287,0.1386,Protease Do-like 5,,,,
396,VIT_14s0081g00630,284,0.1371,Ethylene receptor (EIN4),EIN4,,vv30008Ethylene_signaling,
397,VIT_10s0003g00840,283,0.137,No hit,,,,
398,VIT_18s0001g01600,282,0.1367,Ankyrin,K10380,,,
399,VIT_18s0001g11230,282,0.136,OSB1 (organellar single-stranded),,,,
400,VIT_18s0041g01530,279,0.1349,CYP706A12,,,,
401,VIT_01s0011g03490,275,0.1328,3-ketoacyl-CoA synthase,,,,
402,VIT_11s0037g01200,273,0.1321,Unknown,,,,
403,VIT_13s0067g00680,273,0.1315,Cinnamyl alcohol dehydrogenase,E1_1_1_195,,vv10940Phenylpropanoid_biosynthesis,
404,VIT_19s0014g04940,270,0.131,Chitin-inducible gibberellin-responsive protein 1,CIGR1,,vv30010Gibberellin_signaling,vv60032GRAS
405,VIT_14s0006g03030,272,0.1307,Glyceraldehyde-3-phosphate dehydrogenase GAPC1 cytosolic,E1_2_1_12,,vv10010Glycolysis,
406,VIT_14s0081g00640,267,0.1298,Aspartate aminotransferase,E2_6_1_1,vv10710Carbon_fixation,vv10252Alanine_and_aspartate_metabolism,vv10272Cysteine_metabolism
407,VIT_16s0100g01200<br>VIT_16s0100g01070,267,0.1296,,,,,
408,VIT_10s0003g04810,263,0.1277,Acyl-[acyl-carrier-protein] desaturase  chloroplastic,E1_14_19_2,,vv11040Biosynthesis_of_unsaturated_fatty_acids,
409,VIT_06s0004g00300,263,0.1272,Hcr2-p4.1,,,,
410,VIT_03s0063g01330,260,0.1262,Nodulin 1A  senescence-associated,,,,
411,VIT_12s0028g01250,262,0.1262,ATP-dependent Clp protease proteolytic subunit (ClpP4),E3_4_21_92,,,
412,VIT_18s0041g01180,261,0.1257,No hit,,,,
413,VIT_04s0008g00060,257,0.1244,Proteasome 26S regulatory subunit S5A (RPN10),K03029,,vv23050Proteasome,
414,VIT_05s0077g01150,256,0.1239,Beta-1 3-glucanase,E3_2_1_6,,,
415,VIT_11s0016g04560,255,0.1238,Bile acid sodium symporter,K03453,,vv50123Porters_cat_18_to_29,
416,VIT_09s0002g07580,253,0.1231,NADPH quinone oxidoreductase-like protein,E1_6_5_5,,vv10740Riboflavin_metabolism,
417,VIT_00s0414g00040,255,0.123,Cellulose synthase CSLE1,E2_4_1_12_CSLE1,,vv40006Cell_wall,
418,VIT_11s0016g00090,253,0.1222,Ubiquitin-specific protease 23 (UBP23),,,,
419,VIT_00s0790g00020,253,0.1218,CYP81D2,,,,
420,VIT_06s0061g00720,249,0.1205,BHLH transcriptional regulator bHLH029,BHLH029,,vv60011BHLH,
421,VIT_14s0030g00420,243,0.1181,Inosine-uridine preferring nucleoside hydrolase family protein,E3_2_2_1,,vv10230Purine_metabolism,vv10760Nicotinate_and_nicotinamide_metabolism
422,VIT_15s0045g00690,243,0.1174,No hit,,,,
423,VIT_19s0177g00210,242,0.117,Protein disulfide isomerase (PDIL) protein,E5_3_4_1,,,
424,VIT_17s0053g01050,235,0.1141,Non-symbiotic hemoglobin class 1,C01708,,vv10860Porphyrin_and_chlorophyll_metabolism,
425,VIT_07s0095g00630,236,0.1138,No hit,,,,
426,VIT_16s0050g01210,236,0.1137,Unknown,,,,
427,VIT_14s0060g01350,233,0.1123,Ribulose 1 5-bisphosphate carboxylase-oxygenase large subunit,E4_1_1_39,,vv10710Carbon_fixation,
428,VIT_06s0004g06170,233,0.1123,Thylakoid soluble phosphoprotein,,,,
429,VIT_11s0149g00050,230,0.1122,Hexose transporter 7,VVHT7,,vv50121Porters_cat_1_to_6,
430,VIT_00s0233g00130,232,0.1122,flavin-containing monooxygenase family protein / FMO family protein,E1_14_13_8,,vv11000Single_reactions,
431,VIT_19s0014g04880,232,0.1118,(-)-germacrene D synthase,E4_2_3_22,,vv10900Terpenoid_biosynthesis,
432,VIT_18s0041g00250,230,0.1108,R protein L6,K13477,,vv34627R_proteins_from_Plant-pathogen_interaction,
433,VIT_12s0034g02220,222,0.108,RKF3 (receptor-like kinase IN in flowers 3),,,,
434,VIT_18s0001g10510,216,0.1045,Thioredoxin family,,,,
435,VIT_10s0116g01030,216,0.1043,Stigma-specific Stig1,,,,
436,VIT_12s0034g01130,215,0.1038,Sterol glucosyltransferase,E2_4_1_173,,vv10100Biosynthesis_of_steroids,
437,VIT_12s0035g01500<br>VIT_09s0002g03280,213,0.1032,,,,,
438,VIT_10s0116g01580,207,0.1004,No hit,,,,
439,VIT_17s0000g04690,206,0.0995,Protease SppA,,,,
440,VIT_05s0094g00820,207,0.0994,Unknown protein,,,,
441,VIT_03s0038g01450,206,0.0992,No hit,,,,
442,VIT_11s0016g00560,200,0.0971,Peroxiredoxin bcp,E1_11_1_15,,,
443,VIT_04s0023g02000,200,0.0964,Integral membrane protein-like,,,,
444,VIT_18s0041g01220,200,0.0963,GCN5 N-acetyltransferase (GNAT),GCN5_14,,vv60082GNAT,
445,VIT_06s0004g06450,199,0.0963,No hit,,,,
446,VIT_05s0020g02860,198,0.0956,Zinc finger (C3HC4-type ring finger),ZFC3HC4_162,,vv60078Other_zf-C3HC4,
447,VIT_13s0019g02290,192,0.0927,Wall-associated receptor kinase-like 20,,,,
448,VIT_19s0085g00050,192,0.0924,Myb domain protein 58,MYB58_1,MYB139,vv60044MYB,
449,VIT_15s0045g00780,191,0.0922,No hit,,,,
450,VIT_02s0033g01380,190,0.0915,Alternative oxidase 1D,AOX1D,,vv30001ABA_signaling,
451,VIT_05s0020g01600,186,0.0903,Unknown protein,,,,
452,VIT_07s0031g00420,187,0.0894,SHN1 (SHINE 1),SHINE1_2,,vv30008Ethylene_signaling,vv60003AP2_EREBP
453,VIT_19s0015g01510,185,0.0886,2-hydroxyacyl-CoA lyase 1,K12261,,vv44146Peroxisome,
454,VIT_05s0124g00300,183,0.0882,Male sterility 2,,,,
455,VIT_16s0022g01190<br>VIT_00s1492g00010<br>VIT_16s0022g01000<br>VIT_16s0022g01140,181,0.0875,,,,,
456,VIT_06s0009g02010,180,0.0873,Anthocyanin 3-O-galactosyltransferase,E2_4_1_115,,vv10942Anthocyanin_biosynthesis,
457,VIT_18s0001g12680,180,0.0871,Unknown protein,,,,
458,VIT_06s0004g04890,180,0.087,Rhomboid ATRBL1,,,,
459,VIT_09s0018g01230,179,0.0866,Zinc finger (C3HC4-type ring finger),ZFC3HC4_108,,vv60078Other_zf-C3HC4,
460,VIT_16s0039g02310,179,0.0862,Translation initiation factor eIF-2B beta subunit,K03754,,vv23013RNA_transport,
461,VIT_00s2380g00010,177,0.086,S-locus lectin protein kinase,,,,
462,VIT_15s0021g00840,176,0.0856,Disease resistance family protein,,,,
463,VIT_04s0069g00120,175,0.0845,Cullin 3a,K03869,,vv24120Ubiquitin_mediated_proteolysis,
464,VIT_13s0019g01390,176,0.0845,UPF0497 membrane protein,,,,
465,VIT_00s0301g00180,172,0.0835,NADPH quinone oxidoreductase,E1_6_5_5,,vv10740Riboflavin_metabolism,
466,VIT_05s0051g00860,172,0.0833,PTAC5 (plastid transcriptionally active5),PTAC5,,,
467,VIT_07s0005g03420,171,0.0826,Globulin isoform 3 11S,,,,
468,VIT_06s0080g00300,168,0.081,Pentatricopeptide (PPR) repeat-containing,,,,
469,VIT_17s0053g00930,167,0.081,Cyclic nucleotide-binding transporter 1,K05391_CNBT1,,vv34626Plant-pathogen_interaction,vv50101Channels_and_pores
470,VIT_15s0021g01700,166,0.0809,No hit,,,,
471,VIT_08s0058g00510,168,0.0808,MATE efflux family protein,MATE,,vv50125Porters_cat_66_to_94,
472,VIT_02s0025g02870,166,0.08,Subtilisin serine protease,SBT3_3,,vv50101Channels_and_pores,
473,VIT_16s0050g00400,163,0.079,Photoassimilate-responsive protein PAR-1a,,,,
474,VIT_12s0028g01530,163,0.0789,S-receptor kinase,,,,
475,VIT_14s0083g00570,161,0.0781,Plant adhesion molecule 1 (PAM1),,,,
476,VIT_01s0026g02250,161,0.0781,Haloacid dehalogenase hydrolase,E3_1_3_18,,vv10630Glyoxylate_and_dicarboxylate_metabolism,
477,VIT_05s0094g00750,162,0.0781,Stearoyl-CoA 9-desaturase,E1_14_19_1,,vv11040Biosynthesis_of_unsaturated_fatty_acids,
478,VIT_05s0094g00100,161,0.078,Peptidylprolyl isomerase,K01802,,,
479,VIT_15s0048g01740,161,0.0775,Growth-regulating factor 9,GRF9,,vv60033GRF,
480,VIT_17s0000g03370,159,0.0771,Calmodulin-binding protein,K02183,,vv34020Calcium_signaling_pathway,vv34626Plant-pathogen_interaction
481,VIT_02s0033g01390,158,0.0766,No hit,,,,
482,VIT_04s0008g02350,158,0.0765,No hit,,,,
483,VIT_13s0019g00480,156,0.0753,Zinc finger (C2H2 type) family,C2H2FAM_22,,vv60017C2H2,
484,VIT_06s0004g06720,155,0.075,Microsomal omega-3 fatty acid desaturase,K10257,,vv11040Biosynthesis_of_unsaturated_fatty_acids,
485,VIT_00s1212g00020,155,0.0749,Laccase,E1_10_3_2,,vv11000Single_reactions,vv50109Incompletely_characterized_transport_systems
486,VIT_18s0001g06630,154,0.0742,No hit,,,,
487,VIT_09s0018g00950,154,0.0742,Laccase,E1_10_3_2,,vv11000Single_reactions,vv50109Incompletely_characterized_transport_systems
488,VIT_11s0016g04790,152,0.0737,No hit,,,,
489,VIT_14s0006g01610,152,0.073,PMI2 (plastid movement impaired 2),,,,
490,VIT_04s0023g02900,149,0.0719,Ferulate-5-hydroxylase,K09755,,vv10940Phenylpropanoid_biosynthesis,
491,VIT_01s0026g01210,148,0.0716,Acyltransferase,E2_3_1_x,,,
492,VIT_15s0046g00310,145,0.07,Transcription factor TINY,ERF023,VvERF015,vv30008Ethylene_signaling,vv60003AP2_EREBP
493,VIT_10s0116g01700,143,0.0696,Autophagy 8c (APG8c),K08341,,vv44140Regulation_of_autophagy,vv50101Channels_and_pores
494,VIT_09s0096g00130,143,0.0693,Pirin,K06911,,,
495,VIT_09s0002g06140,144,0.0693,RPS5 (resistant to p. syringae 5),K13460,,vv34627R_proteins_from_Plant-pathogen_interaction,
496,VIT_05s0077g01210,143,0.0691,Dihydrolipoyl dehydrogenase,E1_8_1_4,,vv10010Glycolysis,vv10020Citrate_cycle
497,VIT_01s0010g00840,141,0.0683,2-oxoglutarate decarboxylase,E4_1_1_71,,vv10251Glutamate_metabolism,
498,VIT_05s0029g00350,138,0.0671,Heat shock transcription factor A5,HSFA5_2,,vv60037HSF,
499,VIT_09s0002g07500,138,0.0662,Hydrolase  alpha/beta fold,,,,
500,VIT_14s0066g01730,136,0.0659,Cellulose synthase CSLC04,E2_4_1_12_CSLC04,,vv40006Cell_wall,
501,VIT_02s0109g00430,136,0.0658,Nitrilase 4 (NIT4),K13035,,vv10910Nitrogen_metabolism,
502,VIT_01s0010g00850,137,0.0657,Menaquinone biosynthesis protein,K03183,,vv10130Ubiquinone_biosynthesis,
503,VIT_08s0007g04580,135,0.0657,UGT73C2 (UDP-glucosyl transferase 73C2),,,,
504,VIT_11s0016g05530,135,0.0656,Plastocyanin domain-containing protein,K02638,,vv10195Photosynthesis,vv50113Thylakoid_targeting_pathway
505,VIT_16s0039g01240<br>VIT_16s0039g01360<br>VIT_16s0039g01130<br>VIT_16s0039g01100<br>VIT_00s2508g00010<br>VIT_16s0039g01120<br>VIT_16s0039g01320<br>VIT_00s2849g00010<br>VIT_16s0039g01300<br>VIT_16s0039g01170<br>VIT_16s0039g01280,136,0.0655,,,,,
506,VIT_13s0067g00300<br>VIT_13s0067g00130<br>VIT_13s0067g00290,136,0.0655,,,,,
507,VIT_14s0060g01050,134,0.0645,Pentatricopeptide (PPR) repeat-containing protein,,,,
508,VIT_17s0000g02680,134,0.0645,ABA glucosidase,ABAGLC,,vv11013ABA_biosynthesis,
509,VIT_18s0001g07380,132,0.0635,DNA-binding protein,,,,
510,VIT_00s0475g00020,130,0.0634,Zinc finger (C3HC4-type ring finger),,,,
511,VIT_16s0013g01080,129,0.0623,Ethylene-responsive transcription factor ERF105,ERF105_9,VvERF086,vv30008Ethylene_signaling,vv60003AP2_EREBP
512,VIT_05s0029g00230,128,0.0617,Metal transporter Nramp2,NRAMP2,,vv50124Porters_cat_30_to_64,
513,VIT_05s0094g00320,122,0.059,Chitinase  class IV [Vitis vinifera],E3_2_1_14,,vv10530Aminosugars_metabolism,
514,VIT_12s0059g01380,120,0.0581,1-aminocyclopropane-1-carboxylate oxidase 1,E1_14_17_4,,vv10640Propanoate_metabolism,vv30008Ethylene_signaling
515,VIT_19s0015g01170,120,0.0581,MYB divaricata,DIVARICATA_5,,vv30009Flower_development,vv60044MYB
516,VIT_18s0001g03440,116,0.0561,No hit,,,,
517,VIT_15s0045g01290,114,0.0555,VAMP714 (Vesicle-associated membrane protein 714),K08515,,vv24130SNARE_interactions_in_vesicular_transport,
518,VIT_15s0046g02390,114,0.0553,ANTR2 (anion transporter 2),ANTR2,,vv50121Porters_cat_1_to_6,
519,VIT_19s0015g01540,115,0.0553,2-hydroxyacyl-CoA lyase 1,K12261,,vv44146Peroxisome,
520,VIT_03s0063g01780,114,0.0551,Extra-large G-protein (XLG1),,,,
521,VIT_11s0065g00350,113,0.0548,Trans-cinnamate 4-monooxygenase,E1_14_13_11,,vv10360Phenylalanine_metabolism,vv10940Phenylpropanoid_biosynthesis
522,VIT_16s0022g01020,111,0.0538,Chalcone synthase [Vitis vinifera],E2_3_1_74,,vv10941Flavonoid_biosynthesis,
523,VIT_08s0105g00450,111,0.0534,Transducin protein,,,,
524,VIT_08s0056g01150,110,0.0532,NADH-cytochrome b5 reductase,E1_6_2_2,,vv50135Primary_active_transporter_cat_D3_to_E2,
525,VIT_01s0026g02180,109,0.0525,Unknown protein,,,,
526,VIT_00s0283g00080,108,0.0521,MtN19-like protein,,,,
527,VIT_01s0011g05290,105,0.0508,Inorganic carbon transport protein,INCARBTR,,,
528,VIT_19s0015g00010,104,0.0502,ABC transporter C member 9,K05033,,vv52010ABC_transporters,
529,VIT_04s0069g00970,104,0.0501,WRKY DNA-binding protein 51,WRKY51_1,VvWRKY11,vv60066WRKY,
530,VIT_18s0001g00690,104,0.05,Glutathione S-transferase 8 GSTF8,E2_5_1_18_GSTF8,,vv10480Glutathione_metabolism,
531,VIT_07s0005g01790,102,0.0495,Acyl-CoA synthetase long-chain member 2,E6_2_1_3_LACS2,,vv10071Fatty_acid_metabolism,vv44146Peroxisome
532,VIT_04s0023g01310,102,0.0491,No hit,,,,
533,VIT_12s0059g02570,100,0.0484,CRK10 (cysteine-rich RLK10),,,,
534,VIT_07s0031g02020,100,0.0483,RNA binding motif protein 39,RBM39,,,
535,VIT_02s0025g02640,99,0.0477,Unknown protein,,,,
536,VIT_01s0026g02310,99,0.0476,SUR2,K04713,,vv10600Sphingolipid_metabolism,
537,VIT_03s0017g01940,98,0.0469,Unknown,,,,
538,VIT_11s0206g00020,95,0.0463,Isopentenyl diphosphate isomerase 2,E5_3_3_2,,vv10100Biosynthesis_of_steroids,vv10900Terpenoid_biosynthesis
539,VIT_17s0000g07670,95,0.046,Betaine-aldehyde dehydrogenase,E1_2_1_8,,vv10260Glycine_serine_and_threonine_metabolism,vv50101Channels_and_pores
540,VIT_17s0000g01670,95,0.0459,WD40,,,,
541,VIT_07s0005g05210,95,0.0459,No hit,,,,
542,VIT_04s0210g00090<br>VIT_04s0210g00080<br>VIT_04s0210g00120,94,0.0455,,,,,
543,VIT_13s0019g02370,94,0.0454,Yip1 domain   member 2,YIP1,,vv50110Protein_coat,
544,VIT_11s0016g04350,92,0.0451,Methyltransferase Met-10+ like family protein,K07055,,,
545,VIT_06s0009g01000,92,0.0448,Zinc finger (C3HC4-type ring finger) CIC7E11,CIC7E11_2,,vv60078Other_zf-C3HC4,
546,VIT_10s0003g05240,93,0.0446,Protein phosphatase 2C,E3_1_3_16,,,
547,VIT_02s0033g00230,91,0.0442,Unknown protein,,,,
548,VIT_01s0127g00340,91,0.0441,Unknown,,,,
549,VIT_07s0005g01850,90,0.0436,No hit,,,,
550,VIT_02s0025g00500,89,0.0433,Unknown protein,,,,
551,VIT_14s0030g01080,88,0.0426,No hit,,,,
552,VIT_16s0050g01890,88,0.0423,Unknown,,,,
553,VIT_18s0041g01150,86,0.0418,Lectin protein kinase,,,,
554,VIT_19s0090g00310,85,0.0411,AT hook motif-containing protein,,,,
555,VIT_00s0265g00010,83,0.0402,Phosphoglycerate mutase,E5_4_2_1,,vv10010Glycolysis,
556,VIT_14s0006g02610,82,0.0398,Unknown protein,,,,
557,VIT_01s0010g00800,82,0.0397,Unknown,,,,
558,VIT_00s0131g00250,82,0.0396,Heat shock protein 81-2 (HSP81-2),K04079,,vv24141Protein_processing_in_endoplasmic_reticulum,vv34626Plant-pathogen_interaction
559,VIT_06s0061g00250,81,0.0392,ABC transporter G member 7,ABCG7,,vv52010ABC_transporters,
560,VIT_00s0540g00020,81,0.0391,Chitinase  class V,E3_2_1_14,,vv10530Aminosugars_metabolism,
561,VIT_07s0129g00010,81,0.0391,Unknown protein,,,,
562,VIT_18s0001g03850,80,0.0387,Ribosomal protein S10 30S,K02946,,vv23010Ribosome,
563,VIT_04s0044g01290,79,0.0382,MAP3Ka,MAP3KA,,vv44110Cell_cycle,
564,VIT_16s0050g01440,76,0.0367,Unknown protein,,,,
565,VIT_16s0098g00510,75,0.0363,Lipase class 3,,,,
566,VIT_13s0019g00470,75,0.0362,No hit,,,,
567,VIT_12s0034g01080,75,0.036,3-isopropylmalate dehydrogenase 2  chloroplast precursor,E1_1_1_85,,vv10290Valine_leucine_and_isoleucine_biosynthesis,
568,VIT_01s0011g02500,74,0.0356,No hit,,,,
569,VIT_14s0030g01400,73,0.0352,Unknown protein,,,,
570,VIT_03s0038g03180,72,0.035,flavin-containing monooxygenase 1,E1_14_13_8,,vv11000Single_reactions,
571,VIT_16s0013g01770,72,0.0348,No hit,,,,
572,VIT_19s0138g00130,72,0.0347,Pentatricopeptide (PPR) repeat-containing protein,,,,
573,VIT_04s0023g00570,70,0.0338,Auxin responsive SAUR protein,SAUR,,vv30003Auxin_signaling,
574,VIT_18s0001g15150,70,0.0338,Unknown protein,,,,
575,VIT_15s0024g00660,70,0.0338,Esterase,,,,
576,VIT_07s0031g00380,69,0.0334,Zinc finger (C3HC4-type ring finger),ZFC3HC4_6,,vv60078Other_zf-C3HC4,
577,VIT_06s0004g01000,69,0.0333,Dirigent protein,,,,
578,VIT_18s0122g00690,68,0.0331,Laccase,E1_10_3_2,,vv11000Single_reactions,vv50109Incompletely_characterized_transport_systems
579,VIT_03s0017g01410,67,0.0326,No hit,,,,
580,VIT_05s0124g00320,67,0.0325,Male sterility 2,,,,
581,VIT_14s0068g02210,66,0.032,HcrVf1 protein,,,,
582,VIT_01s0026g01370,66,0.0319,Glutathione S-transferase 29 GSTU18,E2_5_1_18_GSTU18,,vv10480Glutathione_metabolism,
583,VIT_19s0015g00650,66,0.0316,Sun protein fmu,K03500,,,
584,VIT_05s0062g00740,64,0.031,UDP-glucoronosyl/UDP-glucosyl transferase UGT75C1,UGT75C1,,vv10942Anthocyanin_biosynthesis,
585,VIT_12s0178g00020,64,0.0308,ERGIC and golgi 3,ERGIC,,vv50109Incompletely_characterized_transport_systems,
586,VIT_12s0059g00010,62,0.0301,Nicotianamine aminotransferase A,E2_6_1_80,,vv10271Methionine_metabolism,
587,VIT_17s0000g01650,62,0.0299,Cyclopropyl isomerase,E5_5_1_9,,vv10100Biosynthesis_of_steroids,
588,VIT_13s0019g03520,62,0.0298,No hit,,,,
589,VIT_11s0016g00130,61,0.0294,Omega-6 fatty acid desaturase  chloroplast (FAD6) (FADC),K10255,,vv11040Biosynthesis_of_unsaturated_fatty_acids,
590,VIT_02s0012g01280,60,0.0288,VQ motif-containing protein,,,,
591,VIT_12s0028g02310,59,0.0287,No hit,,,,
592,VIT_13s0156g00260,59,0.0287,Homeobox-leucine zipper protein HAT14,HAT14_2,VvHB48,vv60034HB,
593,VIT_00s0291g00060,59,0.0286,Inorganic phosphate transporter 2-1  chloroplast precursor,PHT2_1,,vv50121Porters_cat_1_to_6,
594,VIT_19s0177g00300,58,0.0281,Glucose 6 phosphate/phosphate translocator-like protein,GPT1,,vv50122Porters_cat_7_to_17,
595,VIT_11s0016g02720,58,0.028,SNF7.1,SNF7_1,,vv50111Tethering_factors,
596,VIT_09s0054g01540,56,0.0269,Octicosapeptide/Phox/Bem1p (PB1) domain-containing protein,,,,
597,VIT_15s0046g00710,55,0.0267,Wax synthase,E2_3_1_75,,vv11000Single_reactions,
598,VIT_09s0054g00800,55,0.0266,Unknown protein,,,,
599,VIT_19s0090g01320,55,0.0265,Cell division protein FtsZ,K03531,,vv44110Cell_cycle,
600,VIT_09s0054g00720,54,0.0262,Tetratricopeptide repeat (TPR)-containing,,,,
601,VIT_15s0021g02610,54,0.026,CCR4-NOT transcription complex  subunit 1,K12604,,vv23018RNA_degradation,
602,VIT_09s0002g07930,53,0.0258,Arogenate dehydrogenase 1  chloroplastic,E1_3_1_43,,vv10400Phenylalanine_tyrosine_and_tryptophan_biosynthesis,
603,VIT_08s0007g07390,52,0.025,Unknown protein,,,,
604,VIT_10s0003g03290,51,0.0247,Intron maturase  type II,,,,
605,VIT_00s0207g00080,50,0.0242,UDP-galactose transporter 6,UTR6,,vv50122Porters_cat_7_to_17,
606,VIT_15s0046g00800,49,0.0237,S-locus lectin protein kinase,,,,
607,VIT_01s0011g06600,49,0.0237,Glutamate decarboxylase,E4_1_1_15,,vv10251Glutamate_metabolism,vv10252Alanine_and_aspartate_metabolism
608,VIT_09s0018g00740<br>VIT_09s0018g00730<br>VIT_09s0018g00660,49,0.0236,,,,,
609,VIT_02s0033g01400,48,0.0232,Alternative oxidase 1a  (AOX1A),AOX1A,,vv30001ABA_signaling,
610,VIT_13s0019g03210,47,0.0228,Lectin-like protein,,,,
611,VIT_13s0019g00320,47,0.0225,Photosystem II protein P PsbP,K02717,,vv10195Photosynthesis,vv50135Primary_active_transporter_cat_D3_to_E2
612,VIT_06s0004g04180,45,0.0217,Zinc finger (C2H2 type) protein (ZAT11),ZAT11,,vv60017C2H2,
613,VIT_12s0028g00860,44,0.0213,NAC domain-containing protein 42,NAC042_5,VvNAC36,vv60046NAC,
614,VIT_19s0014g04850,44,0.0213,Germacrene-D synthase,E4_2_3_22,,vv10900Terpenoid_biosynthesis,
615,VIT_00s1247g00010,44,0.0212,Lateral organ boundaries domain gene 36,LBD36_1,,vv60007AS2,
616,VIT_04s0008g01770,43,0.0208,Molecular chaperone DnaJ,K03686,,vv50132Primary_active_transporter_cat_A5_to_A8,
617,VIT_02s0025g00530,42,0.0203,Unknown,,,,
618,VIT_06s0004g01010,42,0.0203,Dirigent protein pDIR9,,,,
619,VIT_18s0076g00340,42,0.0202,CYP707A3,,,,
620,VIT_09s0002g03540,41,0.0199,MYB divaricata,DIVARICATA_15,,vv30009Flower_development,vv60044MYB
621,VIT_14s0108g01440,41,0.0199,Unknown protein,,,,
622,VIT_19s0090g01750,41,0.0199,Unknown protein,,,,
623,VIT_03s0038g02000,40,0.0194,Amidase,E3_5_1_4,,vv10220Urea_cycle_and_metabolism_of_amino_groups,vv10360Phenylalanine_metabolism
624,VIT_06s0004g05690,39,0.019,Glutathione S-transferase GSTU7,E2_5_1_18_GSTU7,,vv10480Glutathione_metabolism,
625,VIT_05s0051g00170,39,0.0189,RRS1 (resistant to ralstonia solanacearum 1),RRS1,,vv34627R_proteins_from_Plant-pathogen_interaction,
626,VIT_07s0005g04330,39,0.0188,Blight-associated protein p12 precursor,,,,
627,VIT_12s0134g00100,39,0.0187,Ribosomal protein L8 (RPL8C) 60S,K02938,,vv23010Ribosome,
628,VIT_09s0054g00250,38,0.0186,No hit,,,,
629,VIT_03s0063g02140,38,0.0184,RRA2 (reduced residual arabinose 2),,,,
630,VIT_07s0104g00210,38,0.0183,Phenazine biosynthesis PhzC/PhzF protein,K06998,,vv10400Phenylalanine_tyrosine_and_tryptophan_biosynthesis,
631,VIT_04s0044g00220,37,0.018,Monooxygenase,,,,
632,VIT_04s0079g00140,37,0.0179,No hit,,,,
633,VIT_12s0057g01440,37,0.0179,Heavy-metal-associated domain-containing protein,,,,
634,VIT_13s0106g00360,37,0.0179,Non-symbiotic hemoglobin class 1,C01708,,vv10860Porphyrin_and_chlorophyll_metabolism,
635,VIT_03s0038g02210,37,0.0178,Choline transporter,CHOLINETR,,vv50125Porters_cat_66_to_94,
636,VIT_17s0053g00600,37,0.0178,ferredoxin,K02639,,vv10195Photosynthesis,
637,VIT_14s0030g00470,36,0.0174,Stress regulated protein isoform 3,,,,
638,VIT_19s0027g00450,36,0.0174,Pentatricopeptide (PPR) repeat-containing protein,,,,
639,VIT_13s0019g00260,35,0.017,Photosystem II reaction center PsbP,K02717,,vv10195Photosynthesis,vv50135Primary_active_transporter_cat_D3_to_E2
640,VIT_13s0064g01430,35,0.017,Pigment defective 322,CP33,,,
641,VIT_01s0010g00340,34,0.0165,EDA18 (embryo sac development arrest 18),,,,
642,VIT_09s0018g01320,34,0.0165,No hit,,,,
643,VIT_19s0015g00510,34,0.0164,Pectate lyase 2,E4_2_2_2,,vv40006Cell_wall,
644,VIT_07s0005g03020,33,0.0161,Lateral organ boundaries protein 29,LBD29,,vv60007AS2,
645,VIT_06s0080g00080,33,0.016,Late embryonic abundant protein EMB7,,,,
646,VIT_12s0059g02080,33,0.016,No hit,,,,
647,VIT_07s0031g00360,33,0.0159,No hit,,,,
648,VIT_11s0037g01220,33,0.0159,No hit,,,,
649,VIT_11s0052g01140,32,0.0155,Membrane protein,,,,
650,VIT_14s0066g00280,32,0.0155,No hit,,,,
651,VIT_03s0038g02980,32,0.0153,Mechanosensitive ion channel,MSCSREL,,vv50101Channels_and_pores,
652,VIT_15s0046g01470,31,0.015,Unknown protein,,,,
653,VIT_18s0001g09330,31,0.015,Unknown protein,,,,
654,VIT_13s0064g00980,30,0.0146,Telomerase reverse transcriptase (TERT),K00992,,,
655,VIT_03s0063g00410,30,0.0145,Alpha-amylase,E3_2_1_1,,vv10500Starch_and_sucrose_metabolism,
656,VIT_16s0098g01510,30,0.0145,Histone-lysine N-methyltransferase ATXR6,E2_1_1_43ATXR6,,vv10300Lysine_biosynthesis,vv60048PHD
657,VIT_15s0046g01920,29,0.014,ferric reduction oxidase 2,FRO2,,vv50105Transport_electron_carriers,
658,VIT_00s0207g00250,29,0.014,No hit,,,,
659,VIT_12s0035g00550,29,0.014,Unknown protein,,,,
660,VIT_14s0066g01810,28,0.0136,SAG101 (senescence-associated gene 101),,,,
661,VIT_18s0001g15130,28,0.0136,WD40 repeat protein,,,,
662,VIT_16s0100g01040,28,0.0135,Stilbene synthase - grape,E2_3_1_95,,vv10940Phenylpropanoid_biosynthesis,
663,VIT_16s0115g00330,28,0.0135,Translocation protein SEC62,K12275,,vv23060Protein_export,vv24141Protein_processing_in_endoplasmic_reticulum
664,VIT_08s0105g00430,28,0.0135,Omega-3 fatty acid desaturase  chloroplast precursor,K10257,,vv11040Biosynthesis_of_unsaturated_fatty_acids,
665,VIT_01s0010g01090,28,0.0135,Peroxidase ATP23a,E1_11_1_7,,vv10360Phenylalanine_metabolism,vv10680Methane_metabolism
666,VIT_16s0039g02290,28,0.0135,Unknown,,,,
667,VIT_06s0004g05670,27,0.013,Glutathione S-transferase 25 GSTU7,E2_5_1_18_GSTU7,,vv10480Glutathione_metabolism,
668,VIT_19s0014g02990,27,0.013,Nuclear GTP-binding protein NUG2,K14537,,vv23008Ribosome_biogenesis_in_Eukaryotes,
669,VIT_05s0029g00900,26,0.0125,WD repeat-containing protein 23,K11801,,,
670,VIT_17s0000g03340,25,0.0121,Wall-associated kinase 4,,,,
671,VIT_04s0008g03590,25,0.0121,Phosphorylase,E2_4_1_1,,vv10500Starch_and_sucrose_metabolism,
672,VIT_09s0054g00470,25,0.0121,Transposase_MuDR,,,,
673,VIT_14s0066g00690,25,0.012,No hit,,,,
674,VIT_02s0033g00770,25,0.012,Nitrilase 4B,E3_5_5_1,,vv10460Cyanoamino_acid_metabolism,vv10910Nitrogen_metabolism
675,VIT_02s0236g00080,24,0.0117,Ribosomal protein P0 acidic,K02941,,vv23010Ribosome,
676,VIT_00s1600g00010,24,0.0116,No hit,,,,
677,VIT_12s0059g01820,24,0.0116,Protein phosphatase 1D,K10147,,,
678,VIT_12s0134g00670,24,0.0115,Anthocyanin 5-aromatic acyltransferase,E2_3_1_153,,vv10941Flavonoid_biosynthesis,vv10942Anthocyanin_biosynthesis
679,VIT_18s0001g12980,23,0.0111,Cyclin-dependent protein kinase CYCT1;4,CYCT1_4,,vv44110Cell_cycle,
680,VIT_14s0108g00480,22,0.0107,Basic helix-loop-helix (bHLH) family,BHLHDOM_77,,vv60011BHLH,
681,VIT_10s0003g01390,22,0.0107,Cupin  RmlC-type,,,,
682,VIT_12s0028g01590,22,0.0106,No hit,,,,
683,VIT_11s0016g05540,22,0.0106,Dicyanin,,,,
684,VIT_09s0002g00790,22,0.0106,Beta-ketoacyl-ACP synthase II,E2_3_1_41,,vv10061Fatty_acid_biosynthesis,
685,VIT_00s0346g00100<br>VIT_00s0371g00040<br>VIT_00s0346g00120<br>VIT_00s0371g00060<br>VIT_00s0371g00010,22,0.0106,,,,,
686,VIT_08s0058g01080,22,0.0106,No hit,,,,
687,VIT_07s0151g00880,21,0.0102,Unknown protein,,,,
688,VIT_09s0002g07840,21,0.0102,NADPH quinone oxidoreductase-like protein,E1_6_5_5,,vv10740Riboflavin_metabolism,
689,VIT_18s0089g00670,21,0.0102,No hit,,,,
690,VIT_15s0048g02880,20,0.0097,Ubiquitin thiolesterase,,,,
691,VIT_15s0046g01600,20,0.0097,Acidic endochitinase (CHIB1),E3_2_1_14,,vv10530Aminosugars_metabolism,
692,VIT_02s0109g00290,20,0.0097,CYP76C6,,,,
693,VIT_10s0042g00310<br>VIT_18s0075g00100,20,0.0096,,,,,
694,VIT_07s0104g01160,20,0.0096,Substrate carrier   Mitochondrial,K03454,,vv50123Porters_cat_18_to_29,
695,VIT_11s0065g00930,20,0.0096,Cyclic nucleotide-gated ion channel 17,K05391_CNGC17,,vv34626Plant-pathogen_interaction,vv50101Channels_and_pores
696,VIT_04s0008g07060,20,0.0096,Translation initiation factor eIF-3 subunit 9,K03253,,vv23013RNA_transport,
697,VIT_00s0347g00110,20,0.0096,S-locus lectin protein kinase,,,,
698,VIT_11s0037g01280,19,0.0092,GCN5 N-acetyltransferase (GNAT),GCN5_12,,vv60082GNAT,
699,VIT_10s0003g05600,19,0.0092,No hit,,,,
700,VIT_01s0011g01730,19,0.0092,ATPP2-A9 (Phloem protein 2-A9),,,,
701,VIT_08s0007g07210,19,0.0092,Ribosomal protein S28 (RPS28C) 40S,K02979,,vv23010Ribosome,
702,VIT_00s0762g00030,19,0.0092,S-locus lectin protein kinase,,,,
703,VIT_04s0008g01950,19,0.0091,YGGT,K02221,,vv50109Incompletely_characterized_transport_systems,
704,VIT_09s0054g00910,19,0.0091,Chaperone BCS1 mitochondrial,K08900,,,
705,VIT_17s0119g00200,18,0.0087,No hit,,,,
706,VIT_18s0001g13080,18,0.0087,Unknown protein,,,,
707,VIT_04s0008g03420,18,0.0087,Exostosin family protein,K02366,,vv11030Glycan_structures-biosynthesis1,
708,VIT_05s0020g03290,18,0.0087,S-receptor kinase,,,,
709,VIT_12s0057g00930,18,0.0087,Hydroxycinnamoyl-CoA:shikimate hydroxycinnamoyltransferase,E2_3_1_133,,vv10940Phenylpropanoid_biosynthesis,
710,VIT_12s0055g00040,18,0.0086,CCR4-NOT transcription complex subunit 2,K12605,,vv23018RNA_degradation,
711,VIT_11s0052g00040,18,0.0086,Macrophage migration inhibitory factor,,,,
712,VIT_00s2776g00010,17,0.0083,S-locus lectin protein kinase,,,,
713,VIT_16s0098g00480,17,0.0082,Lipase class 3,,,,
714,VIT_05s0077g01450,17,0.0082,GATA transcription factor 16,GAT16_1,,vv60016C2C2-GATA,
715,VIT_17s0000g05290,16,0.0078,Pre-mRNA cleavage complex II protein Clp1,,,,
716,VIT_08s0007g04050,16,0.0078,No hit,,,,
717,VIT_16s0098g01740,16,0.0078,Unknown protein,,,,
718,VIT_11s0052g01520,16,0.0077,No hit,,,,
719,VIT_15s0048g01060,16,0.0077,UDP-galactose transporter 2 ATUTR2/UTR2,UTR2,,vv50122Porters_cat_7_to_17,
720,VIT_16s0050g00920,16,0.0077,MATE efflux family protein,MATE,,vv50125Porters_cat_66_to_94,
721,VIT_03s0017g02230,16,0.0077,Hydrolase  alpha/beta fold,,,,
722,VIT_05s0049g00500,15,0.0073,Ethylene-responsive transcription factor ERF098,ERF098_2,VvERF110,vv30008Ethylene_signaling,vv60003AP2_EREBP
723,VIT_00s0179g00250,15,0.0073,No hit,,,,
724,VIT_17s0053g00120,15,0.0073,Succinyl-CoA ligase alpha 2 subunit,E6_2_1_4,,vv10020Citrate_cycle,
725,VIT_02s0012g01250,15,0.0072,Carnitine/acylcarnitine carrier  Mitochondrial,BOU,,vv50123Porters_cat_18_to_29,
726,VIT_13s0139g00020,15,0.0072,No hit,,,,
727,VIT_04s0008g05380,15,0.0072,Serine hydrolase [Vitis vinifera],E4_3_1_18,,vv10260Glycine_serine_and_threonine_metabolism,
728,VIT_01s0011g01810,15,0.0072,No hit,,,,
729,VIT_16s0050g00410,15,0.0072,Photoassimilate-responsive protein PAR-1a,,,,
730,VIT_11s0016g01660,14,0.0068,Phenylalanine ammonia-lyase,E4_3_1_5,,vv10350Tyrosine_metabolism,vv10360Phenylalanine_metabolism
731,VIT_03s0017g00900<br>VIT_05s0102g01010,14,0.0067,,,,,
732,VIT_05s0049g00930,13,0.0063,Inorganic phosphate transporter 1-4,PHT1_4,,vv50121Porters_cat_1_to_6,
733,VIT_11s0016g01010,13,0.0063,Serine/threonine-protein kinase NAK,,,,
734,VIT_02s0012g02620,13,0.0063,PFT1 (phytochrome and flowering time 1) MED25,PFT1,,vv30009Flower_development,
735,VIT_18s0001g13000,13,0.0063,Adaptor-related protein complex AP-4  mu 1,AP4M1,,vv50110Protein_coat,
736,VIT_15s0024g00700,13,0.0063,Lysyl-tRNA synthetase,E6_1_1_6,,vv10300Lysine_biosynthesis,vv20970Aminoacyl-tRNA_biosynthesis
737,VIT_06s0004g01770,13,0.0063,Acetyl-CoA carboxylase  biotin carboxylase,E6_4_1_2,,vv10061Fatty_acid_biosynthesis,vv10620Pyruvate_metabolism
738,VIT_04s0008g02670,13,0.0062,Cryptochrome DASH,CRYDASH,,vv34710Circadian_rhythm,
739,VIT_00s1278g00010,12,0.0058,Brassinosteroid insensitive 1-associated receptor kinase 1,BAK1,,vv30005Brassinosteroids_signaling,
740,VIT_18s0001g11130,12,0.0058,Calmodulin-binding protein AR781,,,,
741,VIT_02s0012g03260,12,0.0058,No hit,,,,
742,VIT_00s0125g00090,12,0.0058,Leucine-rich repeat protein kinase,,,,
743,VIT_16s0022g02190,12,0.0058,Chalcone and stilbene synthases,E2_3_1_74,,vv10941Flavonoid_biosynthesis,
744,VIT_01s0026g01440,12,0.0058,Pentatricopeptide (PPR) repeat-containing protein,,,,
745,VIT_10s0003g03540,12,0.0058,Lupeol synthase,E5_4_99_8,,vv10100Biosynthesis_of_steroids,
746,VIT_04s0044g01800,12,0.0058,RNA polymerase I specific transcription initiation factor RRN3,RRN3,,,
747,VIT_04s0069g00860,12,0.0058,Sarcosine oxidase,E1_5_3_1,,vv10260Glycine_serine_and_threonine_metabolism,
748,VIT_11s0016g04140,11,0.0053,No hit,,,,
749,VIT_18s0001g10410,10,0.0049,Triacylglycerol lipase,E3_1_1_3,,vv10561Glycerolipid_metabolism,
750,VIT_07s0129g00670,10,0.0049,Zinc finger protein 4,ZFP4_4,,vv60017C2H2,
751,VIT_17s0000g00800,10,0.0048,Zinc finger (DHHC type),ZFDHHC_11,,vv60079Other_zf-DHHC,
752,VIT_01s0137g00130,10,0.0048,B-keto acyl reductase,,,,
753,VIT_07s0151g00010,10,0.0048,No hit,,,,
754,VIT_04s0044g00160,10,0.0048,Wuschel-related homeobox 13,WOX13_3,VvHB21,vv60034HB,
755,VIT_04s0008g01980,10,0.0048,MADS-box agamous-like 30,AGL30_2,,vv60042MADS,
756,VIT_19s0027g01000,9,0.0044,Disease resistance protein (NBS-LRR class),,,,
757,VIT_12s0028g03580,9,0.0044,Lectin-receptor like protein kinase 3,,,,
758,VIT_14s0060g02160,9,0.0044,ATP-dependent Clp protease proteolytic subunit (ClpR1) (nClpP5),E3_4_21_92,,,
759,VIT_13s0047g00460,9,0.0044,Essential for mitotic growth 1,K14568,,vv23008Ribosome_biogenesis_in_Eukaryotes,
760,VIT_00s0145g00110,9,0.0044,Pirin,K06911,,,
761,VIT_04s0044g01510,9,0.0044,Histone deacetylase HDA14,HDA14,,vv44110Cell_cycle,
762,VIT_15s0107g00370,9,0.0043,Unknown,,,,
763,VIT_08s0058g00880,9,0.0043,Class E vacuolar protein-sorting machinery protein HSE1,HSE1,,vv50111Tethering_factors,
764,VIT_03s0017g01350,9,0.0043,Ribosomal protein S6 (RPS6B) 40S,K02991,,vv23010Ribosome,vv34150mTOR_signaling_pathway
765,VIT_11s0016g05230,9,0.0043,Allyl alcohol dehydrogenase,,,,
766,VIT_00s0145g00060,9,0.0043,No hit,,,,
767,VIT_02s0033g01190,9,0.0043,Unknown protein,,,,
768,VIT_06s0004g02060,9,0.0043,Aldehyde dehydrogenase 3B1,E1_2_1_3,vv10561Glycerolipid_metabolism,vv10010Glycolysis,vv10071Fatty_acid_metabolism
769,VIT_00s0153g00070,9,0.0043,Glutathione S-transferase 8 GSTU8,E2_5_1_18_GSTU8,,vv10480Glutathione_metabolism,
770,VIT_05s0077g01010,9,0.0043,HCF107 (high chlorophyll fluorescent 107),,,,
771,VIT_13s0064g00050,9,0.0043,Glutamine-fructose-6-phosphate transaminase 2,E2_6_1_16,,vv10251Glutamate_metabolism,vv10530Aminosugars_metabolism
772,VIT_00s0875g00010,8,0.0039,Unknown protein,,,,
773,VIT_10s0116g00780,7,0.0034,Dalcochinin 8'-O-beta-glucoside beta-glucosidase,,,,
774,VIT_02s0012g01390,7,0.0034,Unknown,,,,
775,VIT_16s0013g00890,7,0.0034,Ethylene-responsive element binding factor,ERF1A,VvERF077,vv30008Ethylene_signaling,vv60003AP2_EREBP
776,VIT_17s0000g03940,7,0.0034,ferulate 5-hydroxylase,K09755,,vv10940Phenylpropanoid_biosynthesis,
777,VIT_05s0062g00970,7,0.0034,Pyruvate decarboxylase isozyme 2,E4_1_1_1,,vv10010Glycolysis,
778,VIT_15s0048g00620,7,0.0034,No hit,,,,
779,VIT_00s0640g00020,7,0.0034,Cig3,K14409,,vv23015mRNA_surveillance_pathway,vv30007Cytokinin_signaling
780,VIT_04s0008g00200,7,0.0034,Tryptophan-tRNA ligase,E6_1_1_2,,vv10400Phenylalanine_tyrosine_and_tryptophan_biosynthesis,vv20970Aminoacyl-tRNA_biosynthesis
781,VIT_08s0007g04310,7,0.0034,Threonine dehydratase/deaminase,E4_3_1_19,,vv10260Glycine_serine_and_threonine_metabolism,vv10290Valine_leucine_and_isoleucine_biosynthesis
782,VIT_07s0031g01550,6,0.0029,No hit,,,,
783,VIT_01s0011g01110,6,0.0029,Molybdenum cofactor sulfurase,,,,
784,VIT_15s0024g00510,6,0.0029,No hit,,,,
785,VIT_00s0240g00060,6,0.0029,No hit,,,,
786,VIT_10s0003g04840,6,0.0029,Receptor kinase TRKe,,,,
787,VIT_19s0015g02930,6,0.0029,No hit,,,,
788,VIT_03s0063g01790,6,0.0029,Transducin protein,,,,
789,VIT_03s0063g02020,6,0.0029,Tic Complex Tic62 Subunit,TIC62,,vv50133Primary_active_transporter_cat_A9_to_A18,
790,VIT_00s0410g00040,6,0.0029,Anthranilate N-benzoyltransferase protein 1,E2_3_1_144,,vv10400Phenylalanine_tyrosine_and_tryptophan_biosynthesis,
791,VIT_18s0001g08190,6,0.0029,No hit,,,,
792,VIT_11s0016g02660<br>VIT_05s0029g01030,6,0.0029,,,,,
793,VIT_19s0093g00320,6,0.0029,Glutathione S-transferase 25 GSTU25,E2_5_1_18_GSTU25,,vv10480Glutathione_metabolism,
794,VIT_08s0032g00760,6,0.0029,Translation initiation factor eIF-2 beta subunit,K03238,,vv23013RNA_transport,
795,VIT_09s0002g04040,6,0.0029,Transducin protein,,,,
796,VIT_00s0347g00070,6,0.0029,S-locus lectin protein kinase,,,,
797,VIT_01s0026g00730,6,0.0029,Unknown protein,,,,
798,VIT_02s0025g02000,6,0.0029,Ribosomal protein S6,K02990,,vv23010Ribosome,
799,VIT_16s0098g01000,6,0.0029,No hit,,,,
800,VIT_03s0091g00810,6,0.0029,Beta-1 4-xylosidase,E3_2_1_37,,vv10500Starch_and_sucrose_metabolism,vv10520Nucleotide_sugars_metabolism
801,VIT_13s0067g01810,6,0.0029,No hit,,,,
802,VIT_13s0019g01470,6,0.0029,Geranylgeranyltransferase type I beta subunit,E2_5_1_59,,vv10100Biosynthesis_of_steroids,
803,VIT_10s0092g00570,6,0.0029,Leucine-rich repeat family,,,,
804,VIT_01s0127g00780,6,0.0029,Polyamine Oxidase,E1_5_3_11,,vv11000Single_reactions,
805,VIT_18s0001g01390,6,0.0029,GA 20-oxidase,E1_14_11_12,,vv10904Diterpenoid_biosynthesis,
806,VIT_07s0031g02320,6,0.0029,Leaf senescence protein,,,,
807,VIT_03s0091g00540,6,0.0029,Prolyl 4-hydroxylase,E1_14_11_2,,vv10330Arginine_and_proline_metabolismis,
808,VIT_07s0005g05180,6,0.0029,No hit,,,,
809,VIT_17s0053g00280,6,0.0029,No hit,,,,
810,VIT_03s0038g03500,6,0.0029,Auxin-induced SAUR,SAUR,,vv30003Auxin_signaling,
811,VIT_04s0008g04310,6,0.0029,Oxygen-evolving complex PsbP,K02717,,vv10195Photosynthesis,vv50135Primary_active_transporter_cat_D3_to_E2
812,VIT_16s0022g01490<br>VIT_00s2215g00010<br>VIT_16s0022g01520,6,0.0029,,,,,
813,VIT_08s0032g01010,6,0.0029,No hit,,,,
814,VIT_15s0048g02070,6,0.0029,BON2-associated protein (BAP2),,,,
815,VIT_01s0026g01940,6,0.0029,No hit,,,,
816,VIT_15s0024g00250,6,0.0029,V-type H+-transporting ATPase subunit D,K02149,,vv10190Oxidative_phosphorylation,vv44145Phagosome
817,VIT_02s0241g00040,6,0.0029,Cyclobutane pyrimidine dimer photolyase,E4_1_99_3,,,
818,VIT_18s0001g06370,6,0.0029,L-ascorbate peroxidase  chloroplast,E1_11_1_11,,vv10053Ascorbate_and_aldarate_metabolism,
819,VIT_02s0025g03780,6,0.0029,Remorin,,,,
820,VIT_01s0011g03420,6,0.0029,Unknown protein,,,,
821,VIT_12s0035g00780,6,0.0029,Proteasome 26S regulatory subunit (RPN5),K03035,,vv23050Proteasome,
822,VIT_08s0007g04390,6,0.0029,Aspartyl protease,E3_4_23_x,,,
823,VIT_14s0066g02670,4,0.0019,Leucine Rich Repeat receptor-like kinase,,,,
824,VIT_07s0005g04580,4,0.0019,Xyloglucanase inhibitor,,,,
825,VIT_09s0054g00560,4,0.0019,No hit,,,,
826,VIT_18s0001g02020,4,0.0019,Amino acid permease 3,AAP3,,vv50123Porters_cat_18_to_29,
827,VIT_18s0041g01860,4,0.0019,Avirulence induced gene (AIG1),AIG1,,vv50133Primary_active_transporter_cat_A9_to_A18,
828,VIT_05s0062g00790,4,0.0019,NSL1 (necrotic spotted lesions 1),,,,
829,VIT_05s0094g00260<br>VIT_05s0094g00220,4,0.0019,,,,,
830,VIT_05s0051g00190,3,0.0015,TIR-NBS-LRR-TIR disease resistance protein,,,,
831,VIT_17s0000g00640,3,0.0015,No hit,,,,
832,VIT_02s0025g02240,3,0.0015,WD-40 repeat,,,,
833,VIT_14s0030g00670,3,0.0015,Dehydroquinate dehydratase,E4_2_1_10,,vv10400Phenylalanine_tyrosine_and_tryptophan_biosynthesis,
834,VIT_00s0347g00060<br>VIT_00s0762g00020<br>VIT_00s0347g00080<br>VIT_00s0743g00010,3,0.0015,,,,,
835,VIT_09s0018g00080,3,0.0015,No hit,,,,
836,VIT_04s0008g02640,3,0.0015,PAP/fibrillin family,K06825,,,
837,VIT_14s0060g00500,3,0.0015,Unknown protein,,,,
838,VIT_16s0100g00770,3,0.0015,Stilbene synthase,E2_3_1_95,,vv10940Phenylpropanoid_biosynthesis,
839,VIT_02s0109g00420,3,0.0015,Disease resistance protein (CC-NBS-LRR class),,,,
840,VIT_00s1205g00020,3,0.0015,Trehalose-phosphate synthase 1,E2_4_1_15,,vv10500Starch_and_sucrose_metabolism,
841,VIT_05s0124g00310,3,0.0015,Male sterility 2,,,,
842,VIT_09s0002g06300,3,0.0015,Unknown,,,,
843,VIT_00s0333g00010,3,0.0015,fimbrin 1,FIMBRIN1,,vv44810Regulation_of_actin_cytoskeleton,
844,VIT_05s0102g00240,3,0.0015,Endonuclease III homologue,K10773,,vv23410Base_excision_repair,
845,VIT_10s0116g01390,3,0.0015,F-box family protein,,,,
846,VIT_18s0001g15310,3,0.0015,Thioredoxin M-type,,,,
847,VIT_03s0180g00120,3,0.0015,Sodium hydrogen antiporter NHD1,NHD1,,vv50124Porters_cat_30_to_64,
848,VIT_14s0030g01020,3,0.0015,No hit,,,,
849,VIT_14s0068g01490,3,0.0015,NAC domain-containing protein 83,NAC083_2,VvNAC73,vv60046NAC,
850,VIT_01s0011g01350,3,0.0015,No hit,,,,
851,VIT_15s0107g00350,3,0.0015,Diacylglycerol kinase,E2_7_1_107,,vv10561Glycerolipid_metabolism,vv10564Glycerophospholipid_metabolism
852,VIT_06s0004g05730,3,0.0015,Universal stress protein (USP) family protein,,,,
853,VIT_09s0002g02580,3,0.0015,No hit,,,,
854,VIT_07s0005g00370,3,0.0015,Glycosyl hydrolase family 1 protein,,,,
855,VIT_16s0050g02450,3,0.0015,Proline-rich cell wall protein,,,,
856,VIT_14s0006g00380,3,0.0015,Nicastrin,K06171,,,
857,VIT_03s0091g00310,3,0.0015,Indole-3-acetic acid-amido synthetase GH3.8,AUXINBIOSYNTHESIS_GH3,,vv11002Auxin_biosynthesis,
858,VIT_01s0146g00320,3,0.0015,No hit,,,,
859,VIT_10s0042g00910,3,0.0015,Stilbene synthase [Vitis pseudoreticulata],E2_3_1_95,,vv10940Phenylpropanoid_biosynthesis,
860,VIT_03s0180g00240,3,0.0015,No hit,,,,
861,VIT_06s0004g02020,3,0.0015,No hit,,,,
862,VIT_06s0004g01440,3,0.0015,ABA glucosidase,ABAGLC,,vv11013ABA_biosynthesis,
863,VIT_19s0090g01870,3,0.0015,Multidrug resistance-associated protein 3,MRP3,,vv52010ABC_transporters,
864,VIT_13s0320g00020,3,0.0015,Unknown,,,,
865,VIT_19s0014g02430,3,0.0015,Aberrant lateral root formation 5,ALF5,,vv50125Porters_cat_66_to_94,
866,VIT_07s0031g01710,3,0.0015,WRKY DNA-binding protein 51,WRKY51_3,VvWRKY22,vv60066WRKY,
867,VIT_18s0001g09230,3,0.0015,Salt tolerance zinc finger,STZ_2,,vv60017C2H2,
868,VIT_05s0029g01460,3,0.0015,No hit,,,,
869,VIT_03s0063g02690,3,0.0014,No hit,,,,
870,VIT_11s0016g04490,3,0.0014,IAA16,IAA16_3,,vv30003Auxin_signaling,vv60008AUXIAA
871,VIT_00s0378g00020,3,0.0014,Disease resistance protein (NBS class),,,,
872,VIT_08s0007g06200,3,0.0014,Rhodanese domain-containing protein,K07146,,,
873,VIT_07s0005g03170,3,0.0014,Undecaprenyl pyrophosphate synthetase,E2_5_1_31,,vv10900Terpenoid_biosynthesis,
874,VIT_09s0002g00140,3,0.0014,Lipase class 3,,,,
875,VIT_01s0127g00500,3,0.0014,OBP32pep,,,,
876,VIT_01s0150g00410,3,0.0014,Unknown protein,,,,
877,VIT_04s0008g06020,3,0.0014,Homogentisate geranylgeranyl transferase [Vitis vinifera],K09833,,vv10100Biosynthesis_of_steroids,
878,VIT_00s0441g00020<br>VIT_00s0525g00020,3,0.0014,,,,,
879,VIT_14s0068g01790,3,0.0014,Unknown,,,,
880,VIT_04s0008g00410,3,0.0014,Clavata1 receptor kinase (CLV1),,,,
881,VIT_08s0040g01030,3,0.0014,Unknown protein,,,,
882,VIT_12s0057g00300,3,0.0014,Unknown protein,,,,
883,VIT_00s0144g00240,3,0.0014,No hit,,,,
884,VIT_06s0004g01410,3,0.0014,S-receptor kinase,,,,
885,VIT_00s0274g00080,3,0.0014,Benzoquinone reductase,E1_6_5_6,,vv10740Riboflavin_metabolism,
886,VIT_19s0015g00120,3,0.0014,No hit,,,,
887,VIT_01s0011g04780,3,0.0014,Unknown protein,,,,
888,VIT_08s0007g01510,3,0.0014,Phosphatidic acid phosphatase / PAP2,E3_1_3_4,,vv10561Glycerolipid_metabolism,vv10564Glycerophospholipid_metabolism
889,VIT_08s0007g08780,3,0.0014,Unknown protein,,,,
890,VIT_04s0008g05410,3,0.0014,Serine hydrolase [Vitis vinifera],E4_3_1_18,,vv10260Glycine_serine_and_threonine_metabolism,
891,VIT_14s0108g00760,3,0.0014,Mini zinc finger 2 MIF2,MIF2_1,,vv60068Zf-HD,
892,VIT_18s0001g12500,3,0.0014,Unknown protein,,,,
893,VIT_08s0058g01220,3,0.0014,No hit,,,,
894,VIT_00s0631g00010<br>VIT_00s0201g00090,3,0.0014,,,,,
895,VIT_04s0008g05730,3,0.0014,Sucrose-phosphate synthase,E2_4_1_14,,vv10500Starch_and_sucrose_metabolism,
896,VIT_01s0011g01760,3,0.0014,Lectin,,,,
897,VIT_14s0036g01020,3,0.0014,Polyubiquitin (UBQ4),,,,
898,VIT_01s0011g02860,3,0.0014,CHUP1 (chloroplast unusual positioning 1),CHUP1,,vv44810Regulation_of_actin_cytoskeleton,
899,VIT_09s0002g05130,3,0.0014,Zinc finger (C3HC4-type ring finger),ZFC3HC4_53,,vv60078Other_zf-C3HC4,
900,VIT_04s0044g01990,3,0.0014,Lectin protein kinase,,,,
901,VIT_03s0017g00080,3,0.0014,S-adenosylmethionine synthetase MAT3,E2_5_1_6,,vv10271Methionine_metabolism,vv10450Selenoamino_acid_metabolism
902,VIT_13s0084g00110,3,0.0014,ABC transporter I member 8,ABCI8,,vv52010ABC_transporters,
903,VIT_17s0000g08770,3,0.0014,Cysteine-rich receptor-like protein kinase 2,,,,
