Vv_m2,2000,1000,VIT_06s0004g07500
rank,node,Fabs,Frel,Functional-annotation,Name-EC-KeggID,Updated-name,Network1,Network2
1,VIT_11s0118g00210,2073,1.0000,Nodulation receptor kinase,,,,
2,VIT_02s0234g00130,2053,0.9995,Ethylene responsive element binding factor 1,ERF1_9,VvERF076,vv30008Ethylene_signaling,vv30011Jasmonate_signaling
3,VIT_07s0129g01050,2060,0.9985,Myb domain protein 73,MYB73_2,MYB172,vv60044MYB,
4,VIT_02s0025g02240,2059,0.9976,WD-40 repeat,,,,
5,VIT_00s2563g00010,2071,0.9971,Glycogenin glucosyltransferase,E2_4_1_186,,vv10500Starch_and_sucrose_metabolism,
6,VIT_11s0016g02580,2067,0.9971,MAPK activating protein-like,,,,
7,VIT_02s0012g01400,2048,0.9937,PLATZ transcription factor,PLATZFAM_4,,vv60049PLATZ,
8,VIT_08s0032g01150,2067,0.9928,Syntaxin 1B/2/3/4,K08486,,vv24130SNARE_interactions_in_vesicular_transport,vv50101Channels_and_pores
9,VIT_07s0005g02570,2065,0.9923,WRKY DNA-binding protein 47,WRKY47,VvWRKY20,vv60066WRKY,
10,VIT_10s0116g01200,2064,0.9923,WRKY DNA-binding protein 6,WRKY6_1,VvWRKY29,vv60066WRKY,
11,VIT_02s0025g00710,2052,0.9903,Loricrin,K10385,,,
12,VIT_01s0026g01880,2041,0.9903,Protein kinase APK1B,,,,
13,VIT_06s0004g03540,2034,0.9888,MAPK (MPK3),MPK3,,vv30008Ethylene_signaling,vv34626Plant-pathogen_interaction
14,VIT_08s0040g00990,2032,0.9807,Transcription elongation factor S-II,K03145,,vv23022Basal_transcription_factors,
15,VIT_13s0067g00260,2030,0.9774,Nematode-resistance protein,,,,
16,VIT_06s0004g06710,2024,0.9745,Cys-3-His zinc finger protein,ZFAR1_2,,vv60018C3H,
17,VIT_19s0014g04940,1996,0.9722,Chitin-inducible gibberellin-responsive protein 1,CIGR1,,vv30010Gibberellin_signaling,vv60032GRAS
18,VIT_03s0038g03530,2011,0.9706,LYS/HIS transporter 7,LHT7,,vv50123Porters_cat_18_to_29,
19,VIT_13s0074g00580,2017,0.9674,Unknown protein,,,,
20,VIT_02s0012g00150,2000,0.9629,NAK-type protein kinase,,,,
21,VIT_09s0002g03380,1969,0.9614,Poly(A) polymerase,K14376,,vv23015mRNA_surveillance_pathway,
22,VIT_10s0003g01600,1983,0.9570,WRKY DNA-binding protein 65,WRKY65_1,VvWRKY30,vv60066WRKY,
23,VIT_14s0068g01470,1968,0.9521,Hydroxyproline-rich glycoprotein family protein,HRGP,,vv40006Cell_wall,
24,VIT_01s0146g00330,1972,0.9517,Hydroxyproline-rich glycoprotein family protein,HRGP,,vv40006Cell_wall,
25,VIT_00s0414g00010,1978,0.9510,Cellulose synthase CSLE1,E2_4_1_12_CSLE1,,vv40006Cell_wall,
26,VIT_19s0014g03290,1984,0.9502,NAC domain containing protein 19,NAC019_1,VvNAC17,vv60046NAC,
27,VIT_08s0007g00700,1932,0.9461,PCS1 (promotion of cell survival1) peptidase,,,,
28,VIT_16s0098g00190,1943,0.9396,Receptor kinase homolog LRK10,,,,
29,VIT_03s0091g00970,1951,0.9389,ADP-ribosylation factor-like A1D,ARLA1D,,,
30,VIT_11s0016g00710,1927,0.9377,Jasmonate ZIM-domain protein 1,JAZ1_1,,vv30011Jasmonate_signaling,vv60069ZIM
31,VIT_02s0012g01320,1924,0.9358,MYC jasmonic acid 3,MYC2_1,,vv30011Jasmonate_signaling,vv34626Plant-pathogen_interaction
32,VIT_17s0000g08840,1946,0.9356,Trans-2-enoyl-CoA reductase,E1_3_1_38,,vv10062Fatty_acid_elongation_in_mitochondria,vv11040Biosynthesis_of_unsaturated_fatty_acids
33,VIT_13s0019g04150,1919,0.9279,Receptor protein kinase CRINKLY4 precursor,,,,
34,VIT_00s0270g00030,1907,0.9199,NC domain-containing protein,,,,
35,VIT_18s0001g14700,1899,0.9161,Unknown,,,,
36,VIT_10s0003g01770,1882,0.9131,Heat shock transcription factor A4A,HSFA4A_1,,vv60037HSF,
37,VIT_05s0020g01910,1882,0.9101,1 4-alpha-D-glucan maltohydrolase,E3_2_1_2,,vv10500Starch_and_sucrose_metabolism,
38,VIT_06s0004g06290,1886,0.9050,Binding,,,,
39,VIT_08s0007g03120,1857,0.9032,Auxin responsive SAUR protein,SAUR,,vv30003Auxin_signaling,
40,VIT_17s0000g06860,1848,0.8975,SNAP25ous protein SNAP30,K08509,,vv24130SNARE_interactions_in_vesicular_transport,
41,VIT_18s0072g00260,1849,0.8963,Ethylene-responsive transcription factor related to APETALA2 6,RAP2_6,VvERF114,vv30008Ethylene_signaling,vv60003AP2_EREBP
42,VIT_02s0012g01390,1822,0.8858,Unknown,,,,
43,VIT_04s0044g00510,1831,0.8816,GT2-like trihelix DNA-binding protein,GT2REL_4,,vv60062Trihelix,
44,VIT_13s0175g00150<br>VIT_13s0019g00830,1821,0.8759,
45,VIT_18s0001g09230,1806,0.8742,Salt tolerance zinc finger,STZ_2,,vv60017C2H2,
46,VIT_08s0058g00690,1808,0.8713,WRKY DNA-binding protein 33,WRKY33_3,VvWRKY24,vv34626Plant-pathogen_interaction,vv60066WRKY
47,VIT_16s0050g01690,1791,0.8652,Receptor kinase homolog LRK10,,,,
48,VIT_03s0132g00320,1779,0.8594,No hit,,,,
49,VIT_07s0104g01030,1766,0.8552,Serine/threonine-protein phosphatase BSL1,K04382,,vv23015mRNA_surveillance_pathway,vv34020Calcium_signaling_pathway
50,VIT_09s0070g00160,1758,0.8476,CBL-interacting protein kinase 6 (CIPK6),CIPK6,,,
51,VIT_08s0058g01290,1751,0.8443,Protein kinase AtSIK,,,,
52,VIT_10s0003g03790,1738,0.8437,Jasmonate ZIM domain-containing protein 8,JAZ8_2,,vv30011Jasmonate_signaling,vv60069ZIM
53,VIT_18s0001g02020,1733,0.8368,Amino acid permease 3,AAP3,,vv50123Porters_cat_18_to_29,
54,VIT_01s0026g02710,1730,0.8357,NAC domain-containing protein 29,NAC029,VvNAC26,vv60046NAC,
55,VIT_07s0129g00540,1726,0.8342,Tetratricopeptide repeat (TPR)-containing,,,,
56,VIT_06s0004g06750,1721,0.8318,Armadillo/beta-catenin repeat,,,,
57,VIT_13s0067g03220,1713,0.8283,Unknown protein,,,,
58,VIT_12s0059g01380,1684,0.8203,1-aminocyclopropane-1-carboxylate oxidase 1,E1_14_17_4,,vv10640Propanoate_metabolism,vv30008Ethylene_signaling
59,VIT_01s0011g05970,1679,0.8154,Heat stress transcription factor A-8,HSFA8,,vv60037HSF,
60,VIT_12s0028g01410,1683,0.8150,Heat shock transcription factor A4A,HSFA4A_3,,vv60037HSF,
61,VIT_06s0004g04980,1678,0.8110,Scarecrow transcription factor 14 (SCL14),SCL14_5,,vv60032GRAS,
62,VIT_00s1349g00010,1674,0.8083,Cellulose synthase CSLE1,E2_4_1_12_CSLE1,,vv40006Cell_wall,
63,VIT_06s0009g01620,1676,0.8046,Harpin-induced protein,,,,
64,VIT_04s0008g02540,1659,0.7995,Zinc finger (C2H2 type) family,C2H2FAM_46,,vv60017C2H2,
65,VIT_02s0025g03660,1665,0.7982,4-coumarate-CoA ligase,E6_2_1_12,,vv10940Phenylpropanoid_biosynthesis,vv50104Group_translocators
66,VIT_18s0001g02300,1664,0.7977,NAC domain containing protein 2,NAC2_7,VvNAC08,vv60046NAC,
67,VIT_16s0013g01080,1633,0.7974,Ethylene-responsive transcription factor ERF105,ERF105_9,VvERF086,vv30008Ethylene_signaling,vv60003AP2_EREBP
68,VIT_17s0000g04750,1630,0.7897,UDP-glycosyltransferase 89B2,E2_4_1_17,,vv10040Pentose_glucuronate_interconversion,vv10500Starch_and_sucrose_metabolism
69,VIT_18s0122g00380,1621,0.7869,Squamosa promoter binding protein 14 (SPL14),SPL14,,vv60055SBP,
70,VIT_14s0108g01280,1626,0.7836,WRKY DNA-binding protein 4,WRKY4,VvWRKY45,vv60066WRKY,
71,VIT_18s0001g12520,1594,0.7704,ATP binding,,,,
72,VIT_11s0037g00810,1598,0.7694,Unknown protein,,,,
73,VIT_01s0011g01990,1595,0.7672,Glycine decarboxylase,E1_4_4_2,,vv10260Glycine_serine_and_threonine_metabolism,
74,VIT_07s0005g04430,1574,0.7630,No hit,,,,
75,VIT_08s0007g02360,1585,0.7606,Harpin inducing protein 1-like 9,,,,
76,VIT_11s0037g01310,1559,0.7557,Basic helix-loop-helix (bHLH) family,BHLHDOM_87,,vv60011BHLH,
77,VIT_03s0063g01780,1567,0.7545,Extra-large G-protein (XLG1),,,,
78,VIT_17s0000g09190,1559,0.7521,Octicosapeptide/Phox/Bem1p (PB1) domain-containing protein,,,,
79,VIT_11s0065g00140,1530,0.7478,Serine/threonine/tyrosine kinase DSK2,,,,
80,VIT_17s0000g01730,1530,0.7413,Adenylate kinase,E2_7_4_3,,vv10230Purine_metabolism,
81,VIT_00s0386g00020,1514,0.7353,Cytochrome c oxidase subunit VIa,K02266,,vv10190Oxidative_phosphorylation,vv50135Primary_active_transporter_cat_D3_to_E2
82,VIT_03s0091g00690,1518,0.7326,Salt tolerance zinc finger,STZ_1,,vv60017C2H2,
83,VIT_08s0007g08300,1526,0.7319,Calcium-dependent protein kinase 32 CPK32,CPK32,,vv30001ABA_signaling,vv34626Plant-pathogen_interaction
84,VIT_00s0304g00030,1512,0.7311,VQ motif-containing protein,,,,
85,VIT_09s0054g01880,1501,0.7241,Calreticulin interacted protein,,,,
86,VIT_15s0024g00850,1479,0.7208,Geranylgeranyl diphosphate synthase,E2_5_1_29,,vv10100Biosynthesis_of_steroids,vv10900Terpenoid_biosynthesis
87,VIT_01s0011g00220,1491,0.7196,WRKY DNA-binding protein 3,WRKY3,VvWRKY58,vv60066WRKY,
88,VIT_11s0103g00160,1491,0.7196,No hit,,,,
89,VIT_18s0001g11250,1478,0.7154,R protein MLA10,K13475,,vv34627R_proteins_from_Plant-pathogen_interaction,
90,VIT_04s0044g00770,1463,0.7074,Cellulose synthase CSLE1,E2_4_1_12_CSLE1,,vv40006Cell_wall,
91,VIT_07s0104g01500,1461,0.7072,Transcription termination factor mitochondrial mTERF,MTERF_10,,vv60085MTERF,
92,VIT_18s0001g01200,1461,0.7014,No hit,,,,
93,VIT_08s0007g05170,1444,0.6996,TGA-type basic leucine zipper protein AHBP-1b,AHBP1B_3,VvbZIP27,vv30011Jasmonate_signaling,vv60012BZIP
94,VIT_06s0009g01580,1445,0.6957,Glycosyl hydrolase family 17 protein,,,,
95,VIT_03s0063g00600,1433,0.6939,Autophagy-related protein 2,ATG2,,vv44140Regulation_of_autophagy,
96,VIT_09s0002g01150,1426,0.6929,RelA/SpoT protein (RSH3),,,,
97,VIT_16s0013g01120,1429,0.6927,Ethylene-responsive transcription factor ERF105,ERF105_17,VvERF092,vv30008Ethylene_signaling,vv60003AP2_EREBP
98,VIT_00s0357g00070<br>VIT_00s0357g00020,1429,0.6927,
99,VIT_05s0020g03340,1424,0.6909,Unknown protein,,,,
100,VIT_02s0025g01720,1417,0.6879,GDA2,,,,
101,VIT_07s0031g02610,1418,0.6877,NAC domain containing protein 2,NAC2_6,VvNAC39,vv60046NAC,
102,VIT_05s0051g00710,1417,0.6829,Tubulin beta,K07375,,vv44145Phagosome,vv44810Regulation_of_actin_cytoskeleton
103,VIT_09s0002g00590,1402,0.6809,Phosphoinositide phosphatase,E3_1_3_36,,vv10562Inositol_phosphate_metabolism,vv34070Phosphatidylinositol_signaling_system
104,VIT_07s0104g00930,1403,0.6755,Gibberellin receptor GID1L2,GID1B,,vv30010Gibberellin_signaling,
105,VIT_00s2380g00010,1393,0.6739,S-locus lectin protein kinase,,,,
106,VIT_07s0005g05210,1380,0.6686,No hit,,,,
107,VIT_19s0140g00120,1377,0.6652,Gibberellin 2-beta-dioxygenase 1,E1_14_11_13,,vv10904Diterpenoid_biosynthesis,
108,VIT_00s0259g00160,1374,0.6606,Acyl carrier protein  mitochondrial 3,K02078,,vv50134Primary_active_transporter_cat_D1,
109,VIT_08s0032g00860,1355,0.6518,Unknown protein,,,,
110,VIT_05s0020g03690<br>VIT_05s0020g03710,1346,0.6515,
111,VIT_13s0019g01940,1319,0.6403,Laccase,E1_10_3_2,,vv11000Single_reactions,vv50109Incompletely_characterized_transport_systems
112,VIT_08s0032g00760,1322,0.6402,Translation initiation factor eIF-2 beta subunit,K03238,,vv23013RNA_transport,
113,VIT_15s0046g02480,1319,0.6391,Protein kinase,,,,
114,VIT_14s0060g01940,1306,0.6352,Epoxide hydrolase,E3_3_2_10,,,
115,VIT_05s0077g00650,1306,0.6340,Poly(A) polymerase,K14376,,vv23015mRNA_surveillance_pathway,
116,VIT_18s0001g13090,1318,0.6333,Proteasome 26S AAA-ATPase subunit (RPT4),K03064,,vv23050Proteasome,
117,VIT_09s0002g03610,1305,0.6317,MYB divaricata,DIVARICATA_16,,vv30009Flower_development,vv60044MYB
118,VIT_09s0018g01920,1304,0.6300,Exocyst complex component EXO84 B,EXO84B,,vv50111Tethering_factors,
119,VIT_19s0177g00330,1263,0.6125,Unknown protein,,,,
120,VIT_18s0001g12730,1272,0.6095,Carbonate dehydratase,E4_2_1_1,,vv10910Nitrogen_metabolism,vv50124Porters_cat_30_to_64
121,VIT_07s0031g02640,1245,0.6061,Zinc finger (C3HC4-type ring finger),ZFC3HC4_31,,vv60078Other_zf-C3HC4,
122,VIT_05s0094g01350,1254,0.6058,Thiol methyltransferase 1,E2_1_1_9,,vv10450Selenoamino_acid_metabolism,
123,VIT_04s0044g01290,1229,0.5966,MAP3Ka,MAP3KA,,vv44110Cell_cycle,
124,VIT_03s0110g00370,1219,0.5875,Copper transporter 2,COPT2,,vv50101Channels_and_pores,
125,VIT_00s0181g00260,1207,0.5845,High-level expression of sugar-inducible like 1,HSL1_1,,vv60001ABI3VP1,
126,VIT_10s0092g00280,1202,0.5821,ATP synthase epsilon chain  mitochondrial,K02135,,vv10190Oxidative_phosphorylation,vv50131Primary_active_transporter_cat_A2_to_A4
127,VIT_09s0002g04840,1195,0.5748,Unknown,,,,
128,VIT_06s0004g07920,1174,0.5732,WNK5 (Arabidopsis WNK kinase 5),,,,
129,VIT_02s0087g00710,1189,0.5730,ABA 8'-hydroxylase CYP707A1,E1_14_13_93,,vv10906Carotenoid_biosynthesis,vv11013ABA_biosynthesis
130,VIT_00s0174g00310,1180,0.5703,Ribonuclease T2,E3_1_27_1,,,
131,VIT_08s0058g00880,1171,0.5690,Class E vacuolar protein-sorting machinery protein HSE1,HSE1,,vv50111Tethering_factors,
132,VIT_13s0064g00530,1179,0.5679,R protein MLA10,K13475,,vv34627R_proteins_from_Plant-pathogen_interaction,
133,VIT_00s0301g00080,1174,0.5652,No hit,,,,
134,VIT_07s0031g01490,1172,0.5651,RKP (Related to KPC1),K12169,,,
135,VIT_19s0014g01530,1151,0.5617,Protein kinase,,,,
136,VIT_12s0057g00520,1162,0.5595,Serine/threonine-protein kinase WNK3,,,,
137,VIT_17s0000g01060,1154,0.5586,No hit,,,,
138,VIT_04s0023g03890,1155,0.5566,Atfp6,,,,
139,VIT_04s0008g03430,1130,0.5464,Exostosin family,K02366,,vv11030Glycan_structures-biosynthesis1,
140,VIT_06s0004g04950,1117,0.5409,Scarecrow-like transcription factor 14 SCL14,SCL14_11,,vv60032GRAS,
141,VIT_05s0020g03530,1109,0.5391,Late embryogenesis abundant protein D-34 (LEA D-34),,,,
142,VIT_09s0018g00240,1115,0.5389,WRKY DNA-binding protein 40,WRKY40,VvWRKY28,vv60066WRKY,
143,VIT_14s0066g00800,1110,0.5381,Proline-rich family protein,,,,
144,VIT_06s0004g06340,1098,0.5343,flavodoxin-like quinone reductase 1,FQR1,,vv30003Auxin_signaling,
145,VIT_11s0016g05530,1102,0.5337,Plastocyanin domain-containing protein,K02638,,vv10195Photosynthesis,vv50113Thylakoid_targeting_pathway
146,VIT_17s0000g07210,1101,0.5291,flavonoid 3'-hydroxylase [Vitis vinifera],E1_14_13_21,,vv10941Flavonoid_biosynthesis,
147,VIT_10s0116g01710,1084,0.5267,Galactosyltransferase family protein,E2_4_x_x,,,
148,VIT_11s0149g00060,1087,0.5266,Unknown,,,,
149,VIT_17s0053g00190,1087,0.5261,Apyrase,E3_6_1_5,,vv10230Purine_metabolism,vv10240Pyrimidine_metabolism
150,VIT_16s0098g00200,1080,0.5220,Receptor serine/threonine kinase PR5K,,,,
151,VIT_01s0011g05950,1069,0.5177,NSL1 (necrotic spotted lesions 1),,,,
152,VIT_10s0003g02240,1066,0.5167,DNA-binding bromodomain-containing prot,,,,
153,VIT_07s0005g00260,1057,0.5131,Glutathione-conjugate transporter (MRP10),MRP10,,vv52010ABC_transporters,
154,VIT_12s0028g03270,1078,0.5131,Ethylene-responsive transcription factor 9,ERF9_1,,vv30008Ethylene_signaling,vv60003AP2_EREBP
155,VIT_13s0067g03850,1063,0.5108,Unknown protein,,,,
156,VIT_02s0025g03290,1049,0.5082,Hydroxyproline-rich glycoprotein,HRGP,,vv40006Cell_wall,
157,VIT_01s0026g00190,1041,0.5063,Armadillo/beta-catenin repeat,,,,
158,VIT_18s0001g00180,1044,0.5058,Protein kinase,,,,
159,VIT_06s0004g07900,1053,0.5058,Ovate family protein 17 OFP17,OFP17_1,,vv60086OFP,
160,VIT_01s0010g03930,1035,0.5034,WRKY DNA-binding protein 75,WRKY75_1,VvWRKY03,vv60066WRKY,
161,VIT_11s0016g01930,1020,0.4920,Diacylglycerol acyltransferase,E2_3_1_20,,vv10561Glycerolipid_metabolism,vv50124Porters_cat_30_to_64
162,VIT_18s0072g00100,1015,0.4910,Unknown protein,,,,
163,VIT_17s0000g09870,1004,0.4893,MA3 domain-containing protein,,,,
164,VIT_08s0058g00660,1007,0.4872,Protein phosphatase 1D,K10147,,,
165,VIT_06s0004g04960,1011,0.4868,Scarecrow-like transcription factor 14 SCL14,SCL14_10,,vv60032GRAS,
166,VIT_00s2539g00010,1007,0.4867,Protein kinase APK1B,,,,
167,VIT_13s0175g00030,1002,0.4831,Origin recognition complex 1b protein,K02603_1,,vv44110Cell_cycle,vv60048PHD
168,VIT_07s0005g05260<br>VIT_07s0005g05230,974,0.4747,
169,VIT_12s0034g01090,978,0.4745,Lung seven transmembrane receptor,,,,
170,VIT_18s0001g11420,981,0.4744,CYP82C2,,,,
171,VIT_19s0014g04060,977,0.4724,ARK3 (Arabidopsis Receptor Kinase 3),,,,
172,VIT_07s0005g02110,972,0.4696,Protein phosphatase 2C DBP,DBPPP2C_3,,vv60024DBP,
173,VIT_13s0067g00700,973,0.4694,Hydrolase  alpha/beta fold,,,,
174,VIT_09s0002g07880,964,0.4662,Pyrophosphate-energized vacuolar membrane proton pump,K01507,,vv10190Oxidative_phosphorylation,vv50133Primary_active_transporter_cat_A9_to_A18
175,VIT_00s0531g00060,962,0.4654,Cellulose synthase CSLE1,E2_4_1_12_CSLE1,,vv40006Cell_wall,
176,VIT_06s0080g00170,954,0.4604,Aluminium-tolerance ALMT1,ALMT1,,vv50125Porters_cat_66_to_94,
177,VIT_18s0001g11730,947,0.4568,No hit,,,,
178,VIT_11s0016g05770,948,0.4556,Alkaline alpha galactosidase 2,E3_2_1_22,,vv10052Galactose_metabolism,vv10561Glycerolipid_metabolism
179,VIT_18s0072g00840,943,0.4540,Sensitive to proton rhizotoxicity 1,STOP1_2,,vv60017C2H2,
180,VIT_07s0151g00490,932,0.4540,NADH dehydrogenase (ubiquinone) Fe-S protein 4,K03937,,vv10190Oxidative_phosphorylation,vv50134Primary_active_transporter_cat_D1
181,VIT_00s0220g00160,933,0.4523,Inositol polyphosphate 5-phosphatase  type II,E3_1_3_36,,vv10562Inositol_phosphate_metabolism,vv34070Phosphatidylinositol_signaling_system
182,VIT_05s0062g01090,918,0.4465,Unknown,,,,
183,VIT_10s0042g01360,912,0.4442,Unknown protein,,,,
184,VIT_14s0108g00420,907,0.4422,Basic helix-loop-helix (bHLH) family,BHLHDOM_4,,vv60011BHLH,
185,VIT_00s0208g00090,909,0.4387,Unknown,,,,
186,VIT_02s0025g00020,908,0.4376,No hit,,,,
187,VIT_02s0025g02290<br>VIT_02s0025g02280<br>VIT_02s0025g02300,907,0.4373,
188,VIT_02s0012g01280,894,0.4304,VQ motif-containing protein,,,,
189,VIT_00s0189g00010,884,0.4287,Unknown protein,,,,
190,VIT_13s0067g03050,878,0.4239,Leucine-rich repeat transmembrane protein kinase,,,,
191,VIT_13s0175g00100,871,0.4236,Sad1/unc-84 protein,,,,
192,VIT_16s0098g00330,858,0.4159,ORG1 (OBP3-responsive gene 1),ORG1,,vv30011Jasmonate_signaling,
193,VIT_18s0001g14020,857,0.4142,5'-3' exoribonuclease 2,K12619,,vv23008Ribosome_biogenesis_in_Eukaryotes,vv23018RNA_degradation
194,VIT_04s0008g03640,856,0.4137,FAD-binding domain-containing protein,,,,
195,VIT_08s0007g03640,847,0.4110,BZIP transcription factor,BZIPDOM_9,VvbZIP26,vv60012BZIP,
196,VIT_17s0000g08410,846,0.4101,Peroxisomal protein (PEX14),PEX14,,vv11012Iba_metabolism,vv44146Peroxisome
197,VIT_07s0005g00660,848,0.4089,Late embryogenis abundant protein 5,,,,
198,VIT_09s0002g00080,842,0.4064,Phytosulfokine receptor,,,,
199,VIT_01s0026g02120,833,0.4052,Microtubule end binding protein 1 (EB1),K10436,,vv44810Regulation_of_actin_cytoskeleton,
200,VIT_03s0038g04620,832,0.4019,Isoflavone reductase,E1_3_1_45,,vv10943Isoflavonoid_biosynthesis,
201,VIT_06s0004g05940,828,0.3990,Uncoupling protein 1,PUMP1,,vv50123Porters_cat_18_to_29,
202,VIT_06s0004g06880,811,0.3920,Ran-binding protein 1 RanBP1,RANBP1,,vv50109Incompletely_characterized_transport_systems,
203,VIT_09s0070g00490,807,0.3900,Protein phosphatase 2C,E3_1_3_16,,,
204,VIT_04s0008g04490,803,0.3891,MARD1 (mediator of ABA-regulated dormancy 1),MARD1,,vv30001ABA_signaling,
205,VIT_05s0029g01070,806,0.3877,Ribosome biogenesis protein Bms1,K14569,,vv23008Ribosome_biogenesis_in_Eukaryotes,
206,VIT_00s0441g00020<br>VIT_00s0525g00020,784,0.3798,
207,VIT_06s0004g02700,782,0.3776,Unknown protein,,,,
208,VIT_17s0000g03870,782,0.3770,Protein phosphatase 2 regulatory subunit A,K03456,,vv23015mRNA_surveillance_pathway,vv34020Calcium_signaling_pathway
209,VIT_02s0012g00600,772,0.3737,Vacuolar protein sorting 55,VPS55,,vv50109Incompletely_characterized_transport_systems,
210,VIT_06s0009g01810,773,0.3724,APK2A (protein kinase 2A),,,,
211,VIT_16s0098g00220,768,0.3719,Membrane located receptor,,,,
212,VIT_04s0044g00220,765,0.3710,Monooxygenase,,,,
213,VIT_05s0020g03190,765,0.3710,Haloacid dehalogenase hydrolase,E3_1_3_18,,vv10630Glyoxylate_and_dicarboxylate_metabolism,
214,VIT_18s0001g09850,767,0.3695,Myb domain protein R1,MYBR1_1,MYB174,vv60044MYB,
215,VIT_17s0000g09130,764,0.3694,Ethylene-responsive DEAD box RNA helicase (RH30),RH30,,vv23040Spliceosome,vv30008Ethylene_signaling
216,VIT_04s0008g02100,756,0.3659,CID7 damaged DNA binding,,,,
217,VIT_06s0004g06870,767,0.3658,Metallopeptidase M24,K01423,,vv10300Lysine_biosynthesis,vv10780Biotin_metabolism
218,VIT_09s0002g08590,752,0.3617,Pentatricopeptide (PPR) repeat-containing protein,,,,
219,VIT_06s0004g04580,748,0.3607,Protein kinase family protein,,,,
220,VIT_02s0025g03040,744,0.3605,Zinc finger (C3HC4-type ring finger),ZFC3HC4_133,,vv60078Other_zf-C3HC4,
221,VIT_08s0007g01360,741,0.3571,Unknown protein,,,,
222,VIT_06s0009g01080,733,0.3544,5-methyltetrahydropteroyltriglutamate--homocysteine S-methyltransferase,E2_1_1_14,,vv10271Methionine_metabolism,
223,VIT_05s0094g00120,720,0.3504,DNA-directed RNA polymerase II subunit H,K03016,,vv23020RNA_polymerase,
224,VIT_08s0007g07320,721,0.3497,Unknown protein,,,,
225,VIT_06s0004g02030,724,0.3491,Xanthine dehydrogenase/oxidase,E1_17_1_4,,vv10230Purine_metabolism,vv44146Peroxisome
226,VIT_09s0002g00910,718,0.3474,Exocyst subunit EXO70 D1,EXO70D1,,vv50111Tethering_factors,
227,VIT_11s0016g01340,723,0.3473,Unknown protein,,,,
228,VIT_13s0064g00160,708,0.3437,Unknown protein,,,,
229,VIT_14s0171g00330,708,0.3429,Ubiquinol-cytochrome c reductase cytochrome c1,K00413,,vv10190Oxidative_phosphorylation,vv50135Primary_active_transporter_cat_D3_to_E2
230,VIT_00s1847g00010,708,0.3429,Adenine phosphoribosyltransferase,E2_4_2_7,,vv10230Purine_metabolism,
231,VIT_11s0103g00050,710,0.3428,High-affinity K+ transporter 1 (HKT1),HKT1,,vv50124Porters_cat_30_to_64,
232,VIT_09s0002g03730,711,0.3413,Unknown protein,,,,
233,VIT_13s0084g00810,697,0.3397,Armadillo,,,,
234,VIT_13s0064g01220,697,0.3377,Zf A20 and AN1 domain-containing stress-associated protein 5,SAP5_1,,vv60077Other_zf-AN1,
235,VIT_09s0002g02700,698,0.3377,Basic helix-loop-helix (bHLH) family,BHLHDOM_29,,vv60011BHLH,
236,VIT_07s0031g02910,696,0.3369,Receptor-like kinase,,,,
237,VIT_05s0077g01200,693,0.3366,Unknown protein,,,,
238,VIT_10s0003g00150,695,0.3362,NSL1 (necrotic spotted lesions 1),,,,
239,VIT_10s0042g01200,697,0.3357,ARGONAUTE 2 (AGO2),,,,
240,VIT_18s0001g05310,693,0.3343,F-box domain containing protein,,,,
241,VIT_14s0108g00630,690,0.3335,Amino acid permease,AAPREL,,vv50123Porters_cat_18_to_29,
242,VIT_08s0058g01280,688,0.3325,No hit,,,,
243,VIT_11s0118g00250,680,0.3309,IMP dehydrogenase/GMP reductase,E1_1_1_205,,vv10230Purine_metabolism,
244,VIT_16s0100g00200,677,0.3264,Unknown protein,,,,
245,VIT_01s0011g01100,671,0.3257,Pentatricopeptide (PPR) repeat-containing protein,,,,
246,VIT_06s0004g06000,668,0.3249,Rename pre-mRNA-splicing factor RBM22/SLT11,K12872_1,,vv23040Spliceosome,vv60018C3H
247,VIT_04s0023g03660,669,0.3218,Alpha-mannosidase precursor lysosomal,E3_2_1_24,,vv10511N-Glycan_degradation,
248,VIT_15s0048g02880,665,0.3213,Ubiquitin thiolesterase,,,,
249,VIT_14s0108g00890,661,0.3192,Beta-1 3-galactosyltransferase,K07819,,vv10602Glycosphingolipid_biosynthesis,
250,VIT_01s0011g01260,656,0.3174,Phosphatidylinositol N-acetylglucosaminyltransferase subunit C,E2_4_1_198,,vv10563Glycosylphosphatidylinositol-anchor_biosynthesis,
251,VIT_02s0025g03300,661,0.3163,Potassium channel tetramerisation domain-containing protein,KCTREL,,vv50101Channels_and_pores,
252,VIT_04s0008g01780,653,0.3159,Transposon protein  putative  CACTA,,,,
253,VIT_01s0026g00280,647,0.3124,Trehalose 6-phosphate synthase,E2_4_1_15,,vv10500Starch_and_sucrose_metabolism,
254,VIT_01s0026g02450,636,0.3093,Mini zinc finger 1 MIF1,MIF1_1,,vv60068Zf-HD,
255,VIT_11s0016g00670,636,0.3080,AP2 domain-containing transcription factor,AP2_5,VvERF010,vv30008Ethylene_signaling,vv60003AP2_EREBP
256,VIT_16s0022g02090,636,0.3056,Embryo-specific 3,,,,
257,VIT_00s0125g00200,627,0.3048,No hit,,,,
258,VIT_05s0020g00390,623,0.3018,Unknown protein,,,,
259,VIT_00s0640g00010,622,0.3016,Transcriptional corepressor LEUNIG,LEUNIG_2,,vv30009Flower_development,vv60041LUG
260,VIT_18s0001g15270,615,0.2978,SCL1 (scarecrow-like 1),SCL1_2,,vv60032GRAS,
261,VIT_18s0001g07600,616,0.2970,Unknown protein,,,,
262,VIT_12s0034g01760,612,0.2964,Unknown protein,,,,
263,VIT_18s0001g07630,609,0.2959,NADPH-cytochrome P450 oxydoreductase isoform 1,E1_6_2_4,,vv10195Photosynthesis,
264,VIT_00s0181g00080,616,0.2950,F-box domain containing protein,,,,
265,VIT_00s0317g00160,615,0.2948,Chalcone and stilbene synthases,E2_3_1_74,,vv10941Flavonoid_biosynthesis,
266,VIT_10s0003g01680,610,0.2941,Trehalose synthase,E2_4_1_15,,vv10500Starch_and_sucrose_metabolism,
267,VIT_06s0080g00450,605,0.2926,Calcium-binding protein CML,K13448,,vv34626Plant-pathogen_interaction,
268,VIT_18s0001g12450,598,0.2886,No hit,,,,
269,VIT_13s0074g00750,601,0.2885,Ribosomal protein P2 (RPP2B)  acidic 60S,K02943,,vv23010Ribosome,
270,VIT_09s0002g01710,595,0.2863,Zeta-cop  subunit of COP-I complex,COPZ1,,vv50110Protein_coat,
271,VIT_18s0001g07380,591,0.2859,DNA-binding protein,,,,
272,VIT_12s0055g00440,581,0.2816,No hit,,,,
273,VIT_18s0001g01250,583,0.2811,Senescence-inducible chloroplast stay-green protein 2,,,,
274,VIT_03s0038g03800,579,0.2805,Protein kinase APK1B,,,,
275,VIT_18s0001g13320,578,0.2800,Dehydration-responsive element-binding protein 2D,DREB2D,VvERF036,vv30008Ethylene_signaling,vv60003AP2_EREBP
276,VIT_12s0055g01160,575,0.2782,Brassinosteroid insensitive 1-associated receptor kinase 1,BAK1,,vv30005Brassinosteroids_signaling,vv34626Plant-pathogen_interaction
277,VIT_06s0004g07270,578,0.2760,UDP-glucoronosyl and UDP-glucosyl transferase,,,,
278,VIT_06s0004g00600,566,0.2749,SUB1 (short under blue light 1),,,,
279,VIT_05s0020g00420,557,0.2717,Polygalacturonase GH28,E3_2_1_15,,vv40006Cell_wall,
280,VIT_17s0000g03120,561,0.2710,Poly(A) polymerase,K00970,,vv23018RNA_degradation,
281,VIT_14s0128g00300,552,0.2677,Ctp,,,,
282,VIT_14s0006g02910,550,0.2669,Unknown protein,,,,
283,VIT_10s0092g00570,549,0.2655,Leucine-rich repeat family,,,,
284,VIT_06s0004g03900,551,0.2654,Calcium-transporting ATPase 1  endoplasmic reticulum-type ECA1,K01537,,vv34020Calcium_signaling_pathway,vv50131Primary_active_transporter_cat_A2_to_A4
285,VIT_04s0023g00840,550,0.2653,Mitochondrial Acyl carrier protein 2,K03955,,vv10190Oxidative_phosphorylation,vv50134Primary_active_transporter_cat_D1
286,VIT_10s0003g00140,544,0.2647,Ethylene-responsive transcription factor 9,ERF9_2,VvERF064,vv30008Ethylene_signaling,vv60003AP2_EREBP
287,VIT_07s0197g00160,546,0.2635,No hit,,,,
288,VIT_12s0028g00450,541,0.2620,Carrier protein  Mitochondrial,K03454,,vv50123Porters_cat_18_to_29,
289,VIT_08s0058g01030,537,0.2602,Saposin B domain-containing protein,SAPB,,vv50101Channels_and_pores,
290,VIT_01s0011g02250,535,0.2582,Metal-nicotianamine transporter YSL7,YSL7,,vv50125Porters_cat_66_to_94,
291,VIT_01s0150g00410,531,0.2564,Unknown protein,,,,
292,VIT_04s0044g00050,526,0.2550,Protein kinase APK1B,,,,
293,VIT_12s0057g01370,519,0.2504,Unknown protein,,,,
294,VIT_08s0007g03490,518,0.2486,Mitochondrial Acyl carrier protein 2,K03955,,vv10190Oxidative_phosphorylation,vv50134Primary_active_transporter_cat_D1
295,VIT_13s0019g04470<br>VIT_13s0019g04480,512,0.2469,
296,VIT_05s0020g00840,511,0.2464,No hit,,,,
297,VIT_11s0037g00080,504,0.2439,Ribosomal protein S12 (RPS12C) 40S,K02950,,vv23010Ribosome,
298,VIT_18s0166g00190,501,0.2425,U-box domain-containing protein,,,,
299,VIT_05s0077g02340,490,0.2390,NADH dehydrogenase (ubiquinone) Fe-S protein 5,K03938,,vv10190Oxidative_phosphorylation,vv50134Primary_active_transporter_cat_D1
300,VIT_09s0002g05150,490,0.2364,IAA19,IAA19_1,,vv30003Auxin_signaling,vv60008AUXIAA
301,VIT_16s0013g01110,487,0.2362,Ethylene-responsive transcription factor 5,ERF5_3,VvERF090,vv30008Ethylene_signaling,vv60003AP2_EREBP
302,VIT_06s0004g02830,488,0.2352,Unknown protein,,,,
303,VIT_03s0088g01180,484,0.2343,Proline iminopeptidase,E3_4_11_5,,vv10330Arginine_and_proline_metabolism,
304,VIT_06s0004g05090,483,0.2337,Zinc finger (C3HC4-type ring finger),ZFC3HC4_169,,vv60078Other_zf-C3HC4,
305,VIT_00s0179g00250,483,0.2328,No hit,,,,
306,VIT_11s0065g00210,476,0.2298,Heat shock protein-related,,,,
307,VIT_13s0073g00110,473,0.2295,No hit,,,,
308,VIT_08s0007g06870,472,0.2279,Zinc finger protein 8,ZFP8,,vv60017C2H2,
309,VIT_09s0002g05740,463,0.2260,Alpha/beta hydrolase fold.,,,,
310,VIT_03s0088g00140,463,0.2243,Isoflavone reductase protein 2,E1_3_1_45,,vv10943Isoflavonoid_biosynthesis,
311,VIT_08s0058g01300,463,0.2229,High-level expression of sugar-inducible like 1,HSL1_2,,vv60001ABI3VP1,
312,VIT_06s0004g04390,459,0.2224,UDP-glucuronic acid decarboxylase 1,E4_1_1_35,,vv10500Starch_and_sucrose_metabolism,vv10520Nucleotide_sugars_metabolism
313,VIT_06s0061g01500,455,0.2218,No hit,,,,
314,VIT_05s0020g04180,455,0.2211,CTR1 protein kinase,CTR1,,vv30008Ethylene_signaling,
315,VIT_03s0180g00170,456,0.2209,Reticulon-like protein B11 RTNLB11,,,,
316,VIT_06s0061g01210,449,0.2161,Lysine histidine transporter 1,LHT1,,vv50123Porters_cat_18_to_29,
317,VIT_09s0002g05600,445,0.2156,ABC transporter g family pleiotropic drug resistance 12 PDR12,ABCGPDR12,,vv52010ABC_transporters,
318,VIT_04s0008g03920,440,0.2139,Dimethylaniline monooxygenase  N-oxide-forming,E1_14_13_8,,vv11000Single_reactions,
319,VIT_17s0000g00340,431,0.2088,ATP-dependent Clp protease ATP-binding subunit (CD4B),K03694,,vv50109Incompletely_characterized_transport_systems,
320,VIT_00s1339g00010,428,0.2073,Ribonuclease II,K01149,,,
321,VIT_04s0008g02390,421,0.2044,Zinc finger (C3HC4-type ring finger),ZFC3HC4_39,,vv60078Other_zf-C3HC4,
322,VIT_04s0008g05740,412,0.1990,ATSYTE/NTMC2T2.1/NTMC2TYPE2.1/SYTE,NTMC2T2_1,,vv50109Incompletely_characterized_transport_systems,
323,VIT_04s0044g01770,413,0.1989,Serine/threonine protein phosphatase (PP7),E3_1_3_16,,,
324,VIT_08s0040g00530,411,0.1989,Peroxisomal membrane protein 2,K13347,,vv44146Peroxisome,
325,VIT_08s0007g06230,411,0.1986,Protein translocase ATOEP16-3 Tim17,TIM17,,vv50132Primary_active_transporter_cat_A5_to_A8,
326,VIT_04s0008g00110,409,0.1979,Jasmonate ZIM domain-containing protein 8,JAZ8_3,,vv30011Jasmonate_signaling,vv60069ZIM
327,VIT_11s0016g03070,408,0.1968,Hexokinase-2,E2_7_1_1,,vv10010Glycolysis,vv10051Fructose_and_mannose_metabolism
328,VIT_04s0008g04440,404,0.1957,No hit,,,,
329,VIT_07s0129g00860,405,0.1954,CYP81E1 Isoflavone 2'-hydroxylase,E1_14_13_89,,vv10943Isoflavonoid_biosynthesis,
330,VIT_12s0057g00680,407,0.1953,Constans interacting protein 6,CIP6,,vv30009Flower_development,
331,VIT_02s0154g00220,404,0.1943,Zinc finger (C2H2 type) family,C2H2FAM_17,,vv60017C2H2,
332,VIT_05s0029g00370,399,0.1923,Cystatin,,,,
333,VIT_04s0023g01250,397,0.1923,Brassinosteroid Signaling positive regulator (BZR1),BZR1_1,,vv30005Brassinosteroids_signaling,vv60010BES1
334,VIT_14s0128g00290,398,0.1919,Pentatricopeptide (PPR) repeat-containing,,,,
335,VIT_00s0414g00040,397,0.1919,Cellulose synthase CSLE1,E2_4_1_12_CSLE1,,vv40006Cell_wall,
336,VIT_10s0003g03930,394,0.1905,Inositol transporter 2,INT2,,vv50121Porters_cat_1_to_6,
337,VIT_02s0025g00470,392,0.1896,EMB3001 (embryo defective 3001),,,,
338,VIT_18s0001g03180,389,0.1877,Nodulin MtN21 family,MTN21,,vv50122Porters_cat_7_to_17,
339,VIT_07s0005g00410,385,0.1855,Glycosyl hydrolase family 1 protein,,,,
340,VIT_11s0037g00300,383,0.1852,Signal recognition particle receptor alpha subunit,K13431,,vv23060Protein_export,vv50132Primary_active_transporter_cat_A5_to_A8
341,VIT_06s0004g06610,382,0.1852,Peptidyl-prolyl cis-trans isomerase ROC7 (rotamase CYP 7),ROC7,,,
342,VIT_01s0011g00870,377,0.1835,Appr-1-p processing enzyme family protein,APPR1P,,,
343,VIT_06s0080g00790,379,0.1826,MYB divaricata,DIVARICATA_2,,vv30009Flower_development,vv60044MYB
344,VIT_11s0016g03710,375,0.1810,Abl interactor protein 1 (ABIL1),,,,
345,VIT_18s0001g02750,373,0.1810,Unknown protein,,,,
346,VIT_03s0063g02500,363,0.1758,Adenylyl cyclase associated protein,,,,
347,VIT_14s0060g01840,363,0.1749,Unknown protein,,,,
348,VIT_06s0009g03350,352,0.1701,Phosphatidylglycerol specific phospholipase C,E3_1_4_3,,vv10260Glycine_serine_and_threonine_metabolism,vv10562Inositol_phosphate_metabolism
349,VIT_03s0038g00860,347,0.1675,BZIP transcription factor,BZIPDOM_4,VvbZIP05,vv60012BZIP,
350,VIT_07s0141g00390,342,0.1672,Glutathione reductase (NADPH),E1_8_1_7,,vv10251Glutamate_metabolism,vv10480Glutathione_metabolism
351,VIT_18s0072g00920,339,0.1637,Caffeate 3-O-methyltransferase 1,E2_1_1_68,,vv10940Phenylpropanoid_biosynthesis,
352,VIT_10s0042g00820,336,0.1634,Transparent testa16,TT16_2,,vv60042MADS,
353,VIT_08s0007g06780,333,0.1609,Unknown protein,,,,
354,VIT_18s0041g00430,332,0.1599,Patellin-1,,,,
355,VIT_13s0067g01960,328,0.1590,Dehydration-responsive element-binding protein 2C,DREB2C,VvERF037,vv30008Ethylene_signaling,vv60003AP2_EREBP
356,VIT_04s0023g03480,328,0.1588,Armadillo/beta-catenin repeat,,,,
357,VIT_14s0068g02150,322,0.1549,Kelch repeat-containing F-box family protein,,,,
358,VIT_19s0015g01290,320,0.1547,Amino acid permease 7,AAP7,,vv50123Porters_cat_18_to_29,
359,VIT_06s0004g04570,317,0.1544,Actin beta/gamma 1,K05692,,vv44810Regulation_of_actin_cytoskeleton,
360,VIT_14s0006g03250,318,0.1534,AWPM-19,AWPM19,,vv30001ABA_signaling,
361,VIT_08s0032g01220,317,0.1531,Calcium dependent protein kinase 1,CPK1,,vv34626Plant-pathogen_interaction,
362,VIT_01s0011g03850,315,0.1528,Unknown protein,,,,
363,VIT_01s0011g03160,318,0.1527,PFT1 (phytochrome and flowering time 1) MED25,PFT1,,vv30009Flower_development,
364,VIT_07s0005g03340,316,0.1527,Myb domain protein 14,MYB14_2,MYB14,vv60044MYB,
365,VIT_14s0066g02570,316,0.1527,Zinc finger (C3HC4-type ring finger),ZFC3HC4_15,,vv60078Other_zf-C3HC4,
366,VIT_04s0023g02390,311,0.1508,Thioredoxin domain-containing protein 9,,,,
367,VIT_04s0023g03800,308,0.1481,Jasmonate methyltransferase,E2_1_1_141,,vv10592alpha-Linolenic_acid_metabolism,
368,VIT_09s0002g04140,303,0.1473,Isochorismatase protein rutB,E3_3_2_1,,vv10130Ubiquinone_biosynthesis,
369,VIT_09s0002g02280,306,0.1471,No hit,,,,
370,VIT_02s0025g00580,304,0.1467,Glycoside hydrolase  family 5,,,,
371,VIT_09s0002g00800,304,0.1467,Zinc finger (CCCH-type) family protein,CCCHFAM_17,,vv60018C3H,
372,VIT_07s0141g00420,299,0.1447,Poly(A)-specific ribonuclease,K01148,,vv23018RNA_degradation,
373,VIT_05s0049g01020,297,0.1438,Myb domain protein 14,MYB14_3,,vv60044MYB,
374,VIT_18s0001g02030,293,0.1423,Signal peptidase 1,K03100,,vv23060Protein_export,vv50132Primary_active_transporter_cat_A5_to_A8
375,VIT_13s0067g00610,290,0.1400,Yippee,,,,
376,VIT_19s0014g01940,292,0.1399,Unknown,,,,
377,VIT_13s0019g04710,286,0.1383,PUB17 (plant U- box 17),,,,
378,VIT_18s0001g11580,285,0.1380,CYP82A3,,,,
379,VIT_17s0000g07310,287,0.1378,3-phosphoserine phosphatase  chloroplast precursor,E3_1_3_3,,vv10260Glycine_serine_and_threonine_metabolism,
380,VIT_14s0060g01390,285,0.1376,Protein disulfide isomerase A6 precursor (P5),E5_3_4_1,,,
381,VIT_07s0005g00540,283,0.1360,Ribosomal protein S12 (RPS12C) 40S,K02950,,vv23010Ribosome,
382,VIT_04s0023g00580,283,0.1359,Auxin-responsive SAUR32,SAUR32,,vv30003Auxin_signaling,
383,VIT_01s0150g00120,279,0.1350,Ethylene-responsive transcription factor ERF114,ERF114_2,VvERF112,vv30008Ethylene_signaling,vv60003AP2_EREBP
384,VIT_17s0000g05380,279,0.1343,Dynein light chain LC8-type,K10418,,vv44810Regulation_of_actin_cytoskeleton,
385,VIT_03s0038g04100,278,0.1342,3-hydroxy-3-methylglutaryl-coenzyme A reductase 3,E1_1_1_34,,vv10100Biosynthesis_of_steroids,vv50121Porters_cat_1_to_6
386,VIT_14s0108g01310,275,0.1341,Blue (type 1) copper domain,,,,
387,VIT_14s0128g00890,275,0.1334,SNF4 (Sucrose NonFermenting 4),,,,
388,VIT_00s0179g00260,277,0.1333,Calcium-transporting ATPase 12 ACA12,K01537,,vv34020Calcium_signaling_pathway,vv50131Primary_active_transporter_cat_A2_to_A4
389,VIT_13s0074g00610,273,0.1321,UDP-glucose:sesaminol 2'-O-glucoside-O-glucosyltransferase,E2_4_1_236,,vv10941Flavonoid_biosynthesis,
390,VIT_12s0059g01130,268,0.1292,CERK1 (chitin elicitor receptor kinase 1),K13429,,vv34626Plant-pathogen_interaction,
391,VIT_07s0031g03090,260,0.1267,Avr9 elicitor response protein,,,,
392,VIT_05s0051g00140,260,0.1255,RRS1 (resistant to ralstonia solanacearum 1),RRS1,,vv34627R_proteins_from_Plant-pathogen_interaction,
393,VIT_00s0941g00020,256,0.1246,Constans interacting protein 6,CIP6,,vv30009Flower_development,
394,VIT_13s0156g00550,257,0.1245,S-receptor kinase,,,,
395,VIT_00s0265g00070,257,0.1242,Ubiquitin-conjugating enzyme E2 O,K10581,,vv24120Ubiquitin_mediated_proteolysis,
396,VIT_19s0027g01820,256,0.1239,Potassium transporter (KUP1),KUP1,,vv50125Porters_cat_66_to_94,
397,VIT_05s0094g01530,255,0.1234,ARL (ARGOS),,,,
398,VIT_08s0007g00200,255,0.1233,Ankyrin repeat,K10380,,vv50108Accessory_factors_involved_in_transport,
399,VIT_17s0053g00150,255,0.1229,Tubulin beta-8 chain,K07375,,vv44145Phagosome,vv44810Regulation_of_actin_cytoskeleton
400,VIT_11s0103g00040,256,0.1226,High-affinity K+ transporter 1 (HKT1),HKT1,,vv50124Porters_cat_30_to_64,
401,VIT_19s0014g01240,251,0.1225,Morphogenesis of root hair 1 MRH1,,,,
402,VIT_06s0004g08480,253,0.1225,DRD1 (defective in rna-directed dna methylation 1),DRD1_3,,vv60058SNF2,
403,VIT_08s0040g01010,247,0.1199,Isopentenyltransferase,E2_5_1_27,,vv10908Zeatin_biosynthesis,
404,VIT_06s0004g04890,246,0.1195,Rhomboid ATRBL1,,,,
405,VIT_16s0098g01000,244,0.1181,No hit,,,,
406,VIT_00s0299g00070,242,0.1171,Unknown protein,,,,
407,VIT_15s0021g00490,240,0.1158,No hit,,,,
408,VIT_13s0019g03860,239,0.1156,F-type H+-transporting ATPase d chain,K02138,,vv10190Oxidative_phosphorylation,vv50131Primary_active_transporter_cat_A2_to_A4
409,VIT_01s0150g00570,238,0.1154,NADH dehydrogenase (ubiquinone) 1 alpha subcomplex 2,K03946,,vv10190Oxidative_phosphorylation,vv50134Primary_active_transporter_cat_D1
410,VIT_02s0012g02190,236,0.1143,Cellulose synthase CSLD2,E2_4_1_12_CSLD2,,vv40006Cell_wall,
411,VIT_13s0067g01070,237,0.1140,Cys-3-His zinc finger protein,ZFAR1_1,,vv60018C3H,
412,VIT_18s0075g00700,234,0.1126,Laccase,E1_10_3_2,,vv11000Single_reactions,vv50109Incompletely_characterized_transport_systems
413,VIT_09s0002g00830,233,0.1125,Unknown protein,,,,
414,VIT_05s0020g01180,232,0.1125,Proteasome 26S AAA-ATPase subunit (RPT5a),K03065,,vv23050Proteasome,
415,VIT_07s0005g01730,231,0.1122,flowering time control protein FCA,FCA,,vv30009Flower_development,
416,VIT_07s0141g00250,232,0.1122,Ethylene-induced calmodulin-binding protein 1,EICBP1_1,,vv30008Ethylene_signaling,vv30011Jasmonate_signaling
417,VIT_18s0001g01820,231,0.1120,NAC domain-containing protein 17,NAC017,VvNAC15,vv60046NAC,
418,VIT_11s0016g03460,230,0.1113,Casein kinase I delta,K02218,,vv23008Ribosome_biogenesis_in_Eukaryotes,
419,VIT_00s0225g00100,228,0.1099,Armadillo,,,,
420,VIT_01s0010g00360,226,0.1095,Unknown protein,,,,
421,VIT_16s0050g01110,224,0.1088,Polygalacturonase GH28,E3_2_1_15,,vv40006Cell_wall,
422,VIT_08s0007g03540,218,0.1061,Anthocyanin membrane protein 1 (Anm1),ANM1,,vv50122Porters_cat_7_to_17,
423,VIT_01s0010g02350,216,0.1047,Protein phosphatase 2 (formerly 2A)  regulatory subunit B',K11584,,vv23015mRNA_surveillance_pathway,
424,VIT_17s0000g05850,215,0.1041,ATATH1 (ABC2 homolog1),ATH1,,vv52010ABC_transporters,
425,VIT_10s0003g05230,216,0.1040,Tetratricopeptide repeat domain male sterility MS5,,,,
426,VIT_04s0079g00530,215,0.1037,Isocitrate dehydrogenase  chloroplast precursor,E1_1_1_42,,vv10020Citrate_cycle,vv10720Reductive_carboxylate_cycle
427,VIT_02s0025g03680,212,0.1028,Tubulin beta-8 chain,K07375,,vv44145Phagosome,vv44810Regulation_of_actin_cytoskeleton
428,VIT_12s0035g02100,212,0.1027,Glutathione S-transferase Z1 GSTZ1,E2_5_1_18_GSTZ1,,vv10480Glutathione_metabolism,
429,VIT_06s0004g06840,210,0.1023,Protein phosphatase 2C,E3_1_3_16,,,
430,VIT_12s0059g00180,208,0.1005,Unknown protein,,,,
431,VIT_01s0010g02260,207,0.1003,Esterase,,,,
432,VIT_14s0060g01780,209,0.1002,Unknown protein,,,,
433,VIT_04s0043g00140,207,0.0995,Cadmium-induced protein AS8,,,,
434,VIT_13s0047g01030,205,0.0994,LysM receptor-like kinase,,,,
435,VIT_03s0038g01290,205,0.0987,Auxin responsive SAUR protein,SAUR,,vv30003Auxin_signaling,
436,VIT_05s0077g00790,201,0.0973,No hit,,,,
437,VIT_12s0059g01300,198,0.0960,Unknown protein,,,,
438,VIT_16s0050g01430,197,0.0955,Ornithine cyclodeaminase,E4_3_1_12,,vv10330Arginine_and_proline_metabolism,
439,VIT_06s0009g01790,196,0.0945,ABA-responsive element-binding protein 3 (AREB3),AREB3_2,VvbZIP18,vv30001ABA_signaling,vv60012BZIP
440,VIT_04s0008g06230,195,0.0945,Ubiquitin family,,,,
441,VIT_00s0220g00130,194,0.0940,Allyl alcohol dehydrogenase,,,,
442,VIT_06s0004g02180,191,0.0922,Histidinol-phosphate aminotransferase,E2_6_1_9,,vv10340Histidine_metabolism,vv10350Tyrosine_metabolism
443,VIT_19s0015g00130,188,0.0906,Serine acetyltransferase 3,E2_3_1_30,,vv10272Cysteine_metabolism,vv10920Sulfur_metabolism
444,VIT_04s0023g01580,186,0.0902,U1 small nuclear ribonucleoprotein 70kDa,K11093,,vv23040Spliceosome,
445,VIT_13s0067g01020,182,0.0881,Leucoanthocyanidin dioxygenase,E1_14_11_19,,vv10941Flavonoid_biosynthesis,
446,VIT_14s0083g00220,182,0.0876,Zinc finger CCHC domain-containing protein 8,K13128,,,
447,VIT_17s0000g09120,181,0.0875,Ethylene-responsive DEAD box RNA helicase (RH30),RH30,,vv23040Spliceosome,vv30008Ethylene_signaling
448,VIT_04s0008g04530,179,0.0864,Aminoacyl-tRNA synthetase  related,E6_1_1_7,,vv10252Alanine_and_aspartate_metabolism,vv20970Aminoacyl-tRNA_biosynthesis
449,VIT_02s0025g04490,178,0.0858,UDP-galactose transporter 2 ATUTR2/UTR2,UTR2,,vv50122Porters_cat_7_to_17,
450,VIT_01s0011g03070,177,0.0856,AP2 domain-containing protein RAP2.8,RAP2_8,VvRAV1,vv30008Ethylene_signaling,vv60003AP2_EREBP
451,VIT_18s0122g00320,175,0.0841,PLATZ transcription factor,PLATZFAM_5,,vv60049PLATZ,
452,VIT_15s0021g02790,173,0.0838,ATELC/ELC,VPS23,,vv50111Tethering_factors,
453,VIT_06s0004g06850,171,0.0831,MAPKKK14,,,,
454,VIT_03s0017g00620,172,0.0829,GA 20-oxidase,E1_14_11_12,,vv10904Diterpenoid_biosynthesis,
455,VIT_13s0019g02150,172,0.0827,Laccase,E1_10_3_2,,vv11000Single_reactions,vv50109Incompletely_characterized_transport_systems
456,VIT_14s0066g00990,169,0.0817,TRNA methyltransferase complex GCD14 subunit,,,,
457,VIT_05s0049g01830,168,0.0810,CCT motif constans-like,CCT_1,,vv60070Orphans_CCT,
458,VIT_16s0100g01260,163,0.0785,Methyl-CpG-binding domain 13 MBD13,,,,
459,VIT_16s0050g01700,159,0.0770,Receptor serine/threonine kinase PR5K,,,,
460,VIT_18s0001g02840,159,0.0768,Late embryogenesis abundant proteins,,,,
461,VIT_15s0046g01840,158,0.0763,Transmembrane protein,,,,
462,VIT_00s0268g00030,155,0.0752,Myosin-like protein XIA,MYOSINXIA,,vv44810Regulation_of_actin_cytoskeleton,
463,VIT_15s0048g00340,154,0.0745,GAE3 (UDP-D- glcucuronate  4-epimerase 3),E5_1_3_6,,vv10500Starch_and_sucrose_metabolism,vv10520Nucleotide_sugars_metabolism
464,VIT_13s0019g02200,153,0.0740,Protein phosphatase 2CA AHG3 PP2CA,AHG3,,vv30001ABA_signaling,
465,VIT_10s0003g01200,152,0.0736,Transcription regulator/ zinc ion binding,,,,
466,VIT_05s0077g00510,153,0.0736,Beta-fructofuranosidase,E3_2_1_26,,vv10052Galactose_metabolism,vv10500Starch_and_sucrose_metabolism
467,VIT_12s0028g01900,152,0.0733,Unknown,,,,
468,VIT_02s0012g01440,151,0.0729,Zinc finger (C3HC4-type ring finger),ZFC3HC4_215,,vv60078Other_zf-C3HC4,
469,VIT_01s0011g04540,150,0.0727,Lipase GDSL 6,,,,
470,VIT_17s0000g01970,150,0.0724,MKK9,MKK9,,vv30008Ethylene_signaling,vv34626Plant-pathogen_interaction
471,VIT_18s0001g09010,149,0.0720,Unknown,,,,
472,VIT_01s0026g02080,148,0.0715,Kelch repeat-containing F-box protein,,,,
473,VIT_06s0004g02270,147,0.0710,Nuclear transcription factor Y subunit A-1,NFYA1_2,,vv60021CCAAT,
474,VIT_17s0000g04520,145,0.0706,Cell growth defect factor 1,,,,
475,VIT_02s0025g02420,146,0.0705,Major Facilitator Super,,,,
476,VIT_00s0370g00050,144,0.0699,Unknown protein,,,,
477,VIT_04s0044g02010,145,0.0699,Gibberellin 20 oxidase 2,E1_14_11_12,,vv10904Diterpenoid_biosynthesis,
478,VIT_14s0030g00660,142,0.0686,Shikimate dehydrogenase,E1_1_1_25,,vv10400Phenylalanine_tyrosine_and_tryptophan_biosynthesis,
479,VIT_04s0043g00290,142,0.0686,Microtubule-associated protein,MASP,,vv44810Regulation_of_actin_cytoskeleton,
480,VIT_08s0056g01710,142,0.0686,Cationic amino acid transporter 2,CAT2,,vv50121Porters_cat_1_to_6,
481,VIT_02s0025g02480,142,0.0684,Ste20-related protein kinase,,,,
482,VIT_19s0014g05070,140,0.0677,Kinesin family member C1,K10405,,vv44810Regulation_of_actin_cytoskeleton,
483,VIT_02s0154g00620,139,0.0671,Unknown,,,,
484,VIT_14s0068g01330,133,0.0644,Transport inhibitor response 1 protein,TIR1,,vv30003Auxin_signaling,
485,VIT_09s0002g03260,131,0.0633,No hit,,,,
486,VIT_05s0094g00570,130,0.0625,No hit,,,,
487,VIT_14s0060g01830,128,0.0619,Unknown protein,,,,
488,VIT_05s0102g01140,128,0.0617,SKIP16 (SKP1/ASK- interacting  protein 16),,,,
489,VIT_04s0023g01010,126,0.0612,No hit,,,,
490,VIT_12s0028g01750,125,0.0602,Cell wall hydrolase,,,,
491,VIT_15s0046g01310,124,0.0598,Phytochrome A supressor spa1 (SPA1),SPA1,,vv34710Circadian_rhythm,
492,VIT_07s0005g01460,123,0.0595,Dipeptidyl aminopeptidases/acylaminoacyl-peptidases,E3_4_19_1,,,
493,VIT_18s0001g03810,123,0.0595,Protein kinase,,,,
494,VIT_03s0110g00430,123,0.0594,No hit,,,,
495,VIT_04s0008g05760,122,0.0591,WRKY DNA-binding protein 18,WRKY18_2,VvWRKY08,vv60066WRKY,
496,VIT_06s0004g07430,122,0.0589,Phox (PX) domain-containing protein,,,,
497,VIT_13s0156g00150,121,0.0588,Unknown,,,,
498,VIT_19s0014g03970,122,0.0587,Calcium-binding EF-hand,,,,
499,VIT_18s0041g02250,121,0.0585,No hit,,,,
500,VIT_05s0020g01980,121,0.0584,Acyl carrier protein  mitochondrial 3,K02078,,vv50134Primary_active_transporter_cat_D1,
501,VIT_14s0030g01420,120,0.0578,GCN5 N-acetyltransferase (GNAT),E2_3_1_x,,,
502,VIT_14s0066g00710,120,0.0577,Oleosin H-isoform,,,,
503,VIT_00s0174g00160,118,0.0573,Unknown protein,,,,
504,VIT_04s0044g00140,118,0.0572,Unknown protein,,,,
505,VIT_02s0025g00740,118,0.0570,Pinoresinol forming dirigent protein,DIRPR,,vv10940Phenylpropanoid_biosynthesis,
506,VIT_13s0156g00590,118,0.0570,S-receptor kinase,,,,
507,VIT_01s0011g03090,115,0.0554,Allene oxide cyclase,E5_3_99_6,,vv10592alpha-Linolenic_acid_metabolism,
508,VIT_18s0041g00680,113,0.0554,Endomembrane protein 70,EMP70,,,
509,VIT_01s0146g00250,113,0.0546,PBS1 (avrPphB susceptible 1),K13430,,vv34626Plant-pathogen_interaction,
510,VIT_18s0041g01750,113,0.0543,RPS4 (resistant to p. syringae 4),RPS4,,vv34627R_proteins_from_Plant-pathogen_interaction,
511,VIT_05s0077g01970,112,0.0541,Zinc finger (C3HC4-type ring finger),ZFC3HC4_64,,vv60078Other_zf-C3HC4,
512,VIT_17s0000g08540,112,0.0539,Lipase GDSL,,,,
513,VIT_07s0031g02710,111,0.0538,No hit,,,,
514,VIT_12s0028g00940,111,0.0537,Electron transfer flavoprotein alpha-subunit precursor (Alpha-ETF),K03522,,,
515,VIT_10s0003g02480,111,0.0536,Xyloglucan endotransglycosylase/hydrolase precursor XTH-21,E2_4_1_207,,vv40006Cell_wall,
516,VIT_17s0000g02410,109,0.0527,Cold-induced wall associated kinase,,,,
517,VIT_17s0000g05230,106,0.0515,Unknown protein,,,,
518,VIT_09s0002g03540,105,0.0508,MYB divaricata,DIVARICATA_15,,vv30009Flower_development,vv60044MYB
519,VIT_10s0003g02740,105,0.0506,TA9,,,,
520,VIT_07s0031g00530,103,0.0497,MAPKKK21,,,,
521,VIT_14s0060g01850,97,0.0470,Unknown,,,,
522,VIT_13s0067g00930,97,0.0469,ACR4 (Arabidopsis CRINKLY4),,,,
523,VIT_07s0005g06290,97,0.0469,Cytochrome b5 isoform Cb5-C,,,,
524,VIT_06s0004g05240,94,0.0455,Ethylene receptor (ETR2),ETR2,,vv30008Ethylene_signaling,
525,VIT_05s0077g00730,94,0.0451,WRKY DNA-binding protein 48,WRKY48_1,VvWRKY14,vv60066WRKY,
526,VIT_04s0044g00610,92,0.0446,Unknown protein,,,,
527,VIT_00s0301g00090,92,0.0445,NDA2 (alternative NAD(P)H dehydrogenase 2),K03885,,vv10190Oxidative_phosphorylation,vv50134Primary_active_transporter_cat_D1
528,VIT_10s0405g00070,92,0.0443,RAB GTPase RABA5A,K07976,,,
529,VIT_13s0074g00010,89,0.0426,Protein phosphate transporter traffic facilitator 1 (PHF-1),PHF1,,vv50109Incompletely_characterized_transport_systems,vv50110Protein_coat
530,VIT_14s0066g01150,88,0.0425,Cinnamoyl-CoA reductase,E1_2_1_44,,vv10940Phenylpropanoid_biosynthesis,
531,VIT_06s0004g04010,88,0.0425,Exocyst subunit EXO70 H7,EXO70H7,,vv50111Tethering_factors,
532,VIT_18s0089g00020,87,0.0421,Phosphatidylinositol N-acetylglucosaminyltransferase subunit P,E2_4_1_198,,vv10563Glycosylphosphatidylinositol-anchor_biosynthesis,
533,VIT_17s0000g01300,87,0.0420,Protein transport protein SEC61 gamma subunit,K07342,,vv23060Protein_export,vv24141Protein_processing_in_endoplasmic_reticulum
534,VIT_19s0014g02640,86,0.0420,PPI1 (proton pump interactor 1),,,,
535,VIT_01s0010g03040,86,0.0412,Calcium-binding protein CML,K13448,,vv34626Plant-pathogen_interaction,
536,VIT_08s0007g06900,83,0.0399,Disease resistance-responsive,,,,
537,VIT_19s0015g01440,82,0.0399,Unknown protein,,,,
538,VIT_01s0137g00180,82,0.0397,B-keto acyl reductase,,,,
539,VIT_12s0055g00160,80,0.0387,UDP-glycosyltransferase 71E1,E2_4_1_17,,vv10040Pentose_glucuronate_interconversion,vv10500Starch_and_sucrose_metabolism
540,VIT_05s0029g01570,80,0.0386,CTV.20,,,,
541,VIT_18s0089g01100,80,0.0386,No hit,,,,
542,VIT_07s0005g03500,79,0.0382,Serine-type peptidase,,,,
543,VIT_03s0038g02050,79,0.0379,Dirigent protein pDIR7,,,,
544,VIT_10s0071g00830,78,0.0376,Binding,,,,
545,VIT_03s0063g00670,74,0.0360,Cyclin-dependent kinase inhibitor ICK5,ICK5,,vv44110Cell_cycle,
546,VIT_19s0015g00540,74,0.0358,No hit,,,,
547,VIT_15s0048g01940,74,0.0356,Generic methyltransferase,,,,
548,VIT_03s0088g00560,74,0.0356,Citrate synthase,E2_3_3_1,,vv10020Citrate_cycle,vv10630Glyoxylate_and_dicarboxylate_metabolism
549,VIT_18s0001g11130,73,0.0354,Calmodulin-binding protein AR781,,,,
550,VIT_00s0265g00170,73,0.0354,Lipoxygenase,E1_13_11_12,,vv10592alpha-Linolenic_acid_metabolism,
551,VIT_10s0003g01730,72,0.0350,PUB17 (plant U- box 17),,,,
552,VIT_11s0016g01990,71,0.0345,Regulatory protein NPR1 (Nonexpresser of PR genes 1),NPR1,,vv30011Jasmonate_signaling,vv60093TRAF
553,VIT_16s0115g00160,71,0.0343,LEM3 (ligand-effect modulator 3),LEM3,,vv50108Accessory_factors_involved_in_transport,
554,VIT_05s0077g00880,70,0.0340,Peroxidase,E1_11_1_7,,vv10360Phenylalanine_metabolism,vv10680Methane_metabolism
555,VIT_08s0007g01720,70,0.0339,Reticulon family protein (RTNLB12),,,,
556,VIT_06s0004g01780,68,0.0331,Serine/threonine-protein kinase OXI1,,,,
557,VIT_14s0068g01820,68,0.0330,Unknown protein,,,,
558,VIT_07s0005g01950,68,0.0328,Myb domain protein 78,MYB78,MYB108B,vv60044MYB,
559,VIT_12s0028g03450,67,0.0324,Plastocyanin domain-containing protein,K02638,,vv10195Photosynthesis,vv50113Thylakoid_targeting_pathway
560,VIT_04s0008g01380,66,0.0321,Unknown protein,,,,
561,VIT_19s0085g00360,66,0.0320,No hit,,,,
562,VIT_05s0102g00660,65,0.0313,No hit,,,,
563,VIT_14s0108g01170,64,0.0309,Pectinesterase family,E3_1_1_11,,vv40006Cell_wall,
564,VIT_09s0002g05730,63,0.0305,Esterase,,,,
565,VIT_00s0322g00020,62,0.0301,HHP4 (heptahelical protein 4),,,,
566,VIT_15s0024g00400,62,0.0300,R protein MLA10,K13475,,vv34627R_proteins_from_Plant-pathogen_interaction,
567,VIT_07s0031g00960,62,0.0299,Aspartate aminotransferase,E2_6_1_1,vv10710Carbon_fixation,vv10252Alanine_and_aspartate_metabolism,vv10272Cysteine_metabolism
568,VIT_12s0057g01090,61,0.0297,Nudix hydrolase 2,,,,
569,VIT_16s0013g01920,61,0.0294,Ser/Thr protein kinase,,,,
570,VIT_10s0042g00840,60,0.0292,Stilbene synthase [Vitis pseudoreticulata],E2_3_1_95,,vv10940Phenylpropanoid_biosynthesis,
571,VIT_03s0038g04730,58,0.0281,Polyphenol oxidase,E1_10_3_1,,vv10350Tyrosine_metabolism,vv50109Incompletely_characterized_transport_systems
572,VIT_07s0005g04350,57,0.0277,No hit,,,,
573,VIT_01s0026g01190,57,0.0275,CW14,,,,
574,VIT_16s0039g01060,55,0.0266,CYP89A2,,,,
575,VIT_02s0025g00420,55,0.0265,WRKY DNA-binding protein 27,WRKY27_2,VvWRKY04,vv60066WRKY,
576,VIT_08s0040g02760,55,0.0265,Ankyrin repeat,K10380,,vv50108Accessory_factors_involved_in_transport,
577,VIT_12s0028g00580,54,0.0261,Unknown protein,,,,
578,VIT_18s0001g14410,54,0.0260,Unknown protein,,,,
579,VIT_10s0092g00710,53,0.0257,Receptor protein kinase,,,,
580,VIT_18s0001g02950,53,0.0256,Unknown protein,,,,
581,VIT_14s0128g00090,52,0.0251,Kinesin family member 5,K10396,,vv44810Regulation_of_actin_cytoskeleton,
582,VIT_11s0016g03020,51,0.0247,Pectinesterase family,E3_1_1_11,,vv40006Cell_wall,
583,VIT_16s0022g01900,51,0.0246,Pentatricopeptide (PPR) repeat,,,,
584,VIT_02s0033g00740,50,0.0239,Kinesin motor,KMOTOR,,vv44810Regulation_of_actin_cytoskeleton,
585,VIT_14s0068g01430,49,0.0238,Beta-ketoacyl-CoA synthase,E2_3_1_41,,vv10061Fatty_acid_biosynthesis,
586,VIT_15s0048g00900,49,0.0238,Proteasome 20S beta subunit F1 (PBF1),K02732a,,vv23050Proteasome,
587,VIT_11s0016g01330,49,0.0236,Unknown protein,,,,
588,VIT_03s0017g00670,49,0.0235,Zinc finger (C3HC4-type ring finger),ZFC3HC4_148,,vv60078Other_zf-C3HC4,
589,VIT_10s0003g01790,47,0.0228,BES1/BZR1 homolog protein 4,BES1_1,,vv30005Brassinosteroids_signaling,vv60010BES1
590,VIT_12s0055g00450,46,0.0223,Unknown protein,,,,
591,VIT_13s0064g00910,46,0.0222,Unknown,,,,
592,VIT_19s0090g00210,45,0.0217,DTW domain-containing protein,,,,
593,VIT_05s0020g00720,45,0.0216,Pto kinase interactor 1,K13436,,vv34626Plant-pathogen_interaction,
594,VIT_18s0001g06410,44,0.0214,Ribosomal protein 60S,,,,
595,VIT_07s0005g02130,44,0.0213,TolB protein-related,K03641,,vv50125Porters_cat_66_to_94,
596,VIT_07s0005g01020,44,0.0213,COBRA-like protein 7,COBL7,,vv40006Cell_wall,
597,VIT_10s0003g05450,44,0.0212,Reticuline oxidase precursor,E1_21_3_3,,vv10950Alkaloid_biosynthesis_I,
598,VIT_06s0004g04180,43,0.0209,Zinc finger (C2H2 type) protein (ZAT11),ZAT11,,vv60017C2H2,
599,VIT_00s0229g00120,43,0.0208,Ternary complex factor MIP1,,,,
600,VIT_14s0060g01790,41,0.0199,Unknown protein,,,,
601,VIT_01s0011g02680,41,0.0198,Myb-related protein 3R-1 (Plant c-MYB-like protein 1) MYB3R1,MYB3R1_5,,vv44110Cell_cycle,vv60044MYB
602,VIT_17s0000g02630,40,0.0194,TFL1 (Terminal flower 1),TFL1,,vv30009Flower_development,
603,VIT_12s0059g02140,40,0.0193,F-box family protein,,,,
604,VIT_19s0014g04520,40,0.0193,No hit,,,,
605,VIT_05s0094g00520,40,0.0192,Unknown protein,,,,
606,VIT_19s0138g00140,39,0.0188,ATSYTE/NTMC2T6.1/NTMC2TYPE6.1/SYTE,NTMC2T6_1,,vv50109Incompletely_characterized_transport_systems,
607,VIT_13s0147g00100,38,0.0184,Nucleic acid-binding  OB-fold,,,,
608,VIT_03s0017g00650,38,0.0183,GTP cyclohydrolase II,E3_5_4_25,,vv10740Riboflavin_metabolism,
609,VIT_02s0025g03020,38,0.0183,NAC domain-containing protein 14,NAC014,VvNAC25,vv60046NAC,
610,VIT_13s0019g04610,37,0.0180,Salt stress-inducible protein kinase,,,,
611,VIT_11s0016g01690,37,0.0180,Unknown protein,,,,
612,VIT_18s0001g00360,37,0.0179,No hit,,,,
613,VIT_18s0001g11500,37,0.0178,CYP81E1,E1_14_13_89,,vv10943Isoflavonoid_biosynthesis,
614,VIT_13s0067g03540,36,0.0175,S haplotype-specific F-box protein a,,,,
615,VIT_06s0004g04660,36,0.0175,No hit,,,,
616,VIT_08s0007g07250,36,0.0174,Ethylene-responsive transcription factor related to APETALA2 11,RAP2_11_3,VvERF051,vv30008Ethylene_signaling,vv60003AP2_EREBP
617,VIT_10s0042g00560,35,0.0170,Unknown protein,,,,
618,VIT_13s0067g03650,35,0.0170,Histone H4,,,,
619,VIT_00s0265g00090,35,0.0169,Unknown protein,,,,
620,VIT_05s0102g00940,35,0.0168,R protein  PRF  disease resistance protein,K13453,,vv34627R_proteins_from_Plant-pathogen_interaction,
621,VIT_03s0063g01790,34,0.0165,Transducin protein,,,,
622,VIT_14s0068g01490,34,0.0164,NAC domain-containing protein 83,NAC083_2,VvNAC73,vv60046NAC,
623,VIT_12s0028g03580,34,0.0163,Lectin-receptor like protein kinase 3,,,,
624,VIT_01s0026g01430,33,0.0160,Unknown protein,,,,
625,VIT_17s0000g08770,33,0.0159,Cysteine-rich receptor-like protein kinase 2,,,,
626,VIT_00s0261g00040,33,0.0159,Unknown protein,,,,
627,VIT_19s0014g01280,32,0.0156,Unknown,,,,
628,VIT_13s0019g01100,32,0.0155,Unknown protein,,,,
629,VIT_10s0071g00660,31,0.0150,MYB divaricata,DIVARICATA_7,,vv30009Flower_development,vv60044MYB
630,VIT_07s0005g03360,31,0.0150,Malate dehydrogenase  cytosolic,E1_1_1_37,,vv10020Citrate_cycle,vv10620Pyruvate_metabolism
631,VIT_04s0008g04960,31,0.0149,Pentatricopeptide (PPR) repeat-containing protein,,,,
632,VIT_18s0001g06950,30,0.0146,Purine permease 1 (PUP1),PUP1,,vv10908Zeatin_biosynthesis,vv50122Porters_cat_7_to_17
633,VIT_00s0301g00060,30,0.0145,No hit,,,,
634,VIT_18s0001g15170,30,0.0145,S-adenosylmethionine sythetase 2,E2_5_1_6,,vv10271Methionine_metabolism,vv10450Selenoamino_acid_metabolism
635,VIT_18s0089g01220,30,0.0144,Cupin super,,,,
636,VIT_17s0000g07470,29,0.0141,Binding,,,,
637,VIT_13s0019g00310,29,0.0141,ABC transporter B member 20,ABCB20,,vv52010ABC_transporters,
638,VIT_14s0128g00210,29,0.0140,Xyloglucanase inhibitor,,,,
639,VIT_18s0001g06790,29,0.0140,Ripening regulated protein DDTFR18,DDTFR18,,vv50125Porters_cat_66_to_94,
640,VIT_02s0012g01250,29,0.0140,Carnitine/acylcarnitine carrier  Mitochondrial,BOU,,vv50123Porters_cat_18_to_29,
641,VIT_12s0028g00610,29,0.0140,Aspartyl protease,E3_4_23_x,,,
642,VIT_12s0059g00280,29,0.0140,Dehydration-responsive element-binding protein 16,DREB16,,vv30008Ethylene_signaling,vv60003AP2_EREBP
643,VIT_16s0115g00340,29,0.0140,UDP-glucose: anthocyanidin 5 3-O-glucosyltransferase,E2_4_1_238,,vv10941Flavonoid_biosynthesis,vv10942Anthocyanin_biosynthesis
644,VIT_03s0097g00600,28,0.0136,Octicosapeptide/Phox/Bem1p (PB1) domain-containing protein,,,,
645,VIT_17s0000g04350,28,0.0136,TATA-binding protein-associated phosphoprotein Dr1 protein,DR1,,vv60021CCAAT,
646,VIT_08s0040g01340,28,0.0136,Cellulose synthase CSLA09,E2_4_1_12_CSLA09,,vv40006Cell_wall,
647,VIT_00s0203g00220,28,0.0135,S-locus lectin protein kinase,,,,
648,VIT_09s0070g00170,28,0.0135,No hit,,,,
649,VIT_01s0011g03950,28,0.0135,Wall-associated kinase,,,,
650,VIT_10s0042g00960,28,0.0135,DNAJ heat shock N-terminal domain-containing protein,DNAJREL,,vv50132Primary_active_transporter_cat_A5_to_A8,
651,VIT_17s0000g09170,27,0.0130,Receptor lectin kinase,,,,
652,VIT_18s0001g09060,27,0.0130,Unknown protein,,,,
653,VIT_17s0000g07560,27,0.0130,EDS1 (Enhanced disease susceptibility 1),EDS1,,vv30011Jasmonate_signaling,
654,VIT_01s0026g01960,27,0.0130,SUT2 (sucrose transporter 3),SUT2,,vv50121Porters_cat_1_to_6,
655,VIT_02s0025g03760,27,0.0130,Myosin-related,MYOSINR,,vv44810Regulation_of_actin_cytoskeleton,
656,VIT_16s0050g01490,26,0.0126,NADH dehydrogenase (ubiquinone) 1 alpha subcomplex 5,K03949,,vv10190Oxidative_phosphorylation,vv50134Primary_active_transporter_cat_D1
657,VIT_18s0086g00710,26,0.0126,1-phosphatidylinositol-3-phosphate 5-kinase,K00921,,vv10562Inositol_phosphate_metabolism,vv44145Phagosome
658,VIT_19s0085g00290,26,0.0126,RRNA methylase,,,,
659,VIT_02s0025g04580,25,0.0121,Hydroxymethylglutaryl-CoA synthase,E2_3_3_10,,vv10072Synthesis_and_degradation_of_ketone_bodies,vv10280Valine_leucine_and_isoleucine_degradation
660,VIT_12s0028g00440,25,0.0121,Protein phosphatase 2C,E3_1_3_16,,,
661,VIT_19s0176g00040,25,0.0120,Ternary complex factor MIP1,,,,
662,VIT_13s0067g00240,24,0.0117,Binding,,,,
663,VIT_01s0011g01920,24,0.0116,Phosphate-induced protein 1,,,,
664,VIT_13s0019g04250,24,0.0116,Unknown protein,,,,
665,VIT_01s0010g03780,24,0.0115,Histidine kinase (AHK3),AHK3,,vv30007Cytokinin_signaling,
666,VIT_13s0084g00670,23,0.0111,Unknown protein,,,,
667,VIT_06s0009g01000,23,0.0111,Zinc finger (C3HC4-type ring finger) CIC7E11,CIC7E11_2,,vv60078Other_zf-C3HC4,
668,VIT_09s0070g00720,22,0.0107,No hit,,,,
669,VIT_10s0003g04140,22,0.0107,No hit,,,,
670,VIT_18s0001g00860,22,0.0107,DNA-directed RNA polymerase II subunit A,K03006,,vv23020RNA_polymerase,
671,VIT_03s0017g02290,22,0.0106,Regulator of chromosome condensation (RCC1),RCC1,,vv50112Nuclear_pore_complex,
672,VIT_05s0062g00800,22,0.0106,No hit,,,,
673,VIT_02s0025g01950,22,0.0106,Cellulose synthase CSLG3,E2_4_1_12_CSLG3,,vv40006Cell_wall,
674,VIT_16s0039g02630,22,0.0106,Unknown protein,,,,
675,VIT_05s0051g00740,22,0.0106,Zinc finger (C3HC4-type ring finger),ZFC3HC4_225,,vv60078Other_zf-C3HC4,
676,VIT_01s0010g03080,22,0.0106,Unknown,,,,
677,VIT_18s0086g00210,22,0.0106,S-locus receptor protein kinase,,,,
678,VIT_02s0154g00410,21,0.0101,Unknown protein,,,,
679,VIT_07s0141g00710,20,0.0097,Ribosomal protein S15 (RPS15D) 40S,K02958,,vv23010Ribosome,
680,VIT_06s0004g06110,20,0.0097,Exo-1 3-beta-glucanase,E3_2_1_58,,vv10500Starch_and_sucrose_metabolism,
681,VIT_07s0095g00660,20,0.0097,Curculin (mannose-binding) lectin,,,,
682,VIT_08s0056g01530,20,0.0096,Anthranilate phosphoribosyltransferase,E2_4_2_18,,vv10400Phenylalanine_tyrosine_and_tryptophan_biosynthesis,
683,VIT_06s0004g04820,20,0.0096,Salt stress-inducible protein kinase,,,,
684,VIT_04s0008g01980,19,0.0092,MADS-box agamous-like 30,AGL30_2,,vv60042MADS,
685,VIT_01s0127g00150,19,0.0092,Menaquinone biosynthesis methyltransferase ubiE,K03183,,vv10130Ubiquinone_biosynthesis,
686,VIT_12s0055g00930,19,0.0092,Heavy-metal-associated domain-containing protein,,,,
687,VIT_00s0838g00010,19,0.0092,Transcriptional corepressor LEUNIG,LEUNIG_1,,vv30009Flower_development,vv60041LUG
688,VIT_17s0000g08080,19,0.0092,Armadillo/beta-catenin repeat protein / U-box domain-containing protein,,,,
689,VIT_13s0064g01510,19,0.0092,Auxin-independent growth promoter,,,,
690,VIT_17s0000g03720,19,0.0092,Lateral organ boundaries protein 41,LBD41_1,,vv60007AS2,
691,VIT_01s0011g01560,19,0.0092,Transparent testa16,TT16_4,,vv60042MADS,
692,VIT_01s0137g00070,18,0.0088,B-keto acyl reductase,,,,
693,VIT_17s0000g08010,18,0.0087,Trehalose 6-phosphate synthase,E2_4_1_15,,vv10500Starch_and_sucrose_metabolism,
694,VIT_01s0113g00430,18,0.0087,Mitotic checkpoint protein BUB3,K02180,,vv44110Cell_cycle,vv50109Incompletely_characterized_transport_systems
695,VIT_01s0026g01660,18,0.0087,Alpha-amylase isozyme C2 precursor,E3_2_1_1,,vv10500Starch_and_sucrose_metabolism,
696,VIT_10s0003g01550,18,0.0087,IMK2 (inflorescence meristem receptor-like kinase 2),,,,
697,VIT_10s0003g01820,18,0.0087,NLI interacting factor (NIF) family protein,NIF,,vv50132Primary_active_transporter_cat_A5_to_A8,
698,VIT_05s0020g01540,18,0.0087,Protein arginine N-methyltransferase,K00599,,vv10340Histidine_metabolism,vv10350Tyrosine_metabolism
699,VIT_00s0463g00040,18,0.0087,No hit,,,,
700,VIT_07s0095g00080,18,0.0086,No hit,,,,
701,VIT_01s0127g00170,17,0.0082,UbiE/COQ5 methyltransferase,K06127,,vv10130Ubiquinone_biosynthesis,
702,VIT_19s0085g00170,17,0.0082,Unknown protein,,,,
703,VIT_18s0122g01160,17,0.0082,12-oxophytodienoate reductase 2,E1_3_1_42,,vv10592alpha-Linolenic_acid_metabolism,
704,VIT_14s0030g00950<br>VIT_14s0030g00830,17,0.0082,
705,VIT_05s0077g00350,17,0.0082,Unknown protein,,,,
706,VIT_01s0011g01300,16,0.0078,Polygalacturonase QRT3,E3_2_1_15,,vv40006Cell_wall,
707,VIT_13s0067g02630,16,0.0078,No hit,,,,
708,VIT_18s0089g01030,16,0.0077,Ethylene-responsive transcription factor,TINY_10,VvERF017,vv30008Ethylene_signaling,vv60003AP2_EREBP
709,VIT_08s0007g08240,16,0.0077,Unknown,,,,
710,VIT_04s0008g06480,16,0.0077,Alpha-1 3-galactosyltransferase,E2_4_1_87,,vv10602Glycosphingolipid_biosynthesis,
711,VIT_18s0001g11720,16,0.0077,EMB2756 (embryo defective 2756),,,,
712,VIT_13s0064g00550,16,0.0077,R protein MLA10,K13475,,vv34627R_proteins_from_Plant-pathogen_interaction,
713,VIT_13s0074g00320,16,0.0077,Ozone-responsive stress protein,,,,
714,VIT_00s0229g00140,15,0.0073,Enoyl-CoA hydratase,E4_2_1_17,,vv10062Fatty_acid_elongation_in_mitochondria,vv10071Fatty_acid_metabolism
715,VIT_09s0002g03250,15,0.0073,Profilin 4 (PRO4) (PFN4),K05759,,vv44810Regulation_of_actin_cytoskeleton,
716,VIT_03s0110g00360,15,0.0073,Copper transporter 2,COPT2,,vv50101Channels_and_pores,
717,VIT_14s0060g00430,15,0.0072,Plant IF (intermediate filament),,,,
718,VIT_04s0023g01430,15,0.0072,Indeterminate(ID)-domain 2,IDD2_2,,vv60017C2H2,
719,VIT_17s0000g00390,15,0.0072,Unknown protein,,,,
720,VIT_03s0038g03820,15,0.0072,DNA-binding bromodomain-containing protein,,,,
721,VIT_00s0174g00320,14,0.0068,Unknown protein,,,,
722,VIT_13s0019g01080,13,0.0063,Protein kinase APK1B,,,,
723,VIT_09s0002g05930,13,0.0063,Unknown protein,,,,
724,VIT_04s0044g00190,13,0.0063,Mannitol dehydrogenase,E1_1_1_67,,vv10051Fructose_and_mannose_metabolism,
725,VIT_14s0108g00910,13,0.0063,No hit,,,,
726,VIT_18s0001g06660,13,0.0063,No hit,,,,
727,VIT_06s0004g02300,13,0.0063,Calcium-dependent protein kinase 19,CDPK19,,vv34626Plant-pathogen_interaction,
728,VIT_19s0015g01110,13,0.0063,Tetraspanning membrane protein  SFT2,SFT2,,vv50109Incompletely_characterized_transport_systems,
729,VIT_11s0016g04490,13,0.0063,IAA16,IAA16_3,,vv30003Auxin_signaling,vv60008AUXIAA
730,VIT_05s0029g00350,13,0.0063,Heat shock transcription factor A5,HSFA5_2,,vv60037HSF,
731,VIT_08s0007g07930,13,0.0063,Clavata1 receptor kinase (CLV1),,,,
732,VIT_19s0085g00900,13,0.0063,Unknown protein,,,,
733,VIT_01s0127g00700,13,0.0063,Unknown protein,,,,
734,VIT_10s0042g00910,13,0.0063,Stilbene synthase [Vitis pseudoreticulata],E2_3_1_95,,vv10940Phenylpropanoid_biosynthesis,
735,VIT_07s0005g00680,12,0.0058,Exocyst complex subunit Sec15B,SEC15B,,vv50111Tethering_factors,
736,VIT_15s0048g02630,12,0.0058,RNA binding motif protein 38,RBM38,,,
737,VIT_11s0037g00490,12,0.0058,Translation initiation factor eIF-4F,K03260,,vv23013RNA_transport,
738,VIT_03s0063g00790,12,0.0058,Carboxyesterase 13; CXE13,E3_1_1_1,,,
739,VIT_18s0089g00190,12,0.0058,1 4-beta-mannan endohydrolase,E3_2_1_78,,vv10051Fructose_and_mannose_metabolism,
740,VIT_01s0011g00380,12,0.0058,SP1L1 (SPIRAL1-like1),,,,
741,VIT_18s0001g06830,12,0.0058,Methyltransferase type 11,,,,
742,VIT_00s0404g00050,12,0.0058,fiber protein,,,,
743,VIT_04s0023g01820,12,0.0058,ADP-ribosylation factor,,,,
744,VIT_06s0004g00110,12,0.0058,Unknown protein,,,,
745,VIT_19s0085g00850,12,0.0058,LEM3 (ligand-effect modulator 3),LEM3,,vv50108Accessory_factors_involved_in_transport,
746,VIT_12s0034g02220,12,0.0058,RKF3 (receptor-like kinase IN in flowers 3),,,,
747,VIT_17s0000g05330,12,0.0058,Serine/threonine protein phosphatase PP2A-5 catalytic subunit (PP2A5),K04382,,vv23015mRNA_surveillance_pathway,vv34020Calcium_signaling_pathway
748,VIT_09s0002g00200,12,0.0058,Protein-O-fucosyltransferase 2,E2_4_1_221,,,
749,VIT_09s0002g08560,12,0.0058,Unknown protein,,,,
750,VIT_03s0038g00490,11,0.0053,GATA transcription factor 12,GAT12,,vv60016C2C2-GATA,
751,VIT_15s0021g00570,11,0.0053,Acyl carrier protein  mitochondrial,K03955,,vv10190Oxidative_phosphorylation,vv50134Primary_active_transporter_cat_D1
752,VIT_08s0007g05570,10,0.0049,Embryo-abundant protein,,,,
753,VIT_18s0072g01050,10,0.0049,SNARE associated gtk16 protein,,,,
754,VIT_00s0188g00170,10,0.0048,Small nuclear ribonucleoprotein D3,K11088,,vv23040Spliceosome,
755,VIT_10s0003g03530,10,0.0048,Lupeol synthase,E5_4_99_8,,vv10100Biosynthesis_of_steroids,
756,VIT_18s0001g11630,10,0.0048,Allene oxide synthase,E4_2_1_92,,vv10592alpha-Linolenic_acid_metabolism,
757,VIT_17s0000g03600,9,0.0044,ATSYTE/NTMC2T3.1/NTMC2TYPE3.1/SYTE,NTMC2T3_1,,vv50109Incompletely_characterized_transport_systems,
758,VIT_08s0007g00390,9,0.0044,Eceriferum 3 (CER3),,,,
759,VIT_06s0004g05470,9,0.0044,Sterol 4-alpha-methyl-oxidase 2 (SMO2),E1_14_13_72,,vv10100Biosynthesis_of_steroids,
760,VIT_18s0075g00520,9,0.0044,Retrotransposon protein  Unclassified,,,,
761,VIT_12s0059g02420,9,0.0044,Peroxidase ATP11A (gb|X98802).,E1_11_1_7,,vv10360Phenylalanine_metabolism,vv10680Methane_metabolism
762,VIT_01s0011g06140,9,0.0044,Avr9/Cf-9 rapidly elicited protein,,,,
763,VIT_07s0151g00840,9,0.0044,Late embryogenesis abundant protein D-34 (LEA D-34),,,,
764,VIT_04s0044g00040,9,0.0044,Dirigent,,,,
765,VIT_00s0304g00040,9,0.0044,Succinate dehydrogenase iron-sulfur protein  Mitochondrial,E1_3_5_1,,vv10020Citrate_cycle,
766,VIT_01s0011g04520,9,0.0044,Programmed cell death 6-interacting protein,K12200,,vv50111Tethering_factors,
767,VIT_06s0004g01860,9,0.0044,Zinc transporter ZIP3,ZIP3,,vv50121Porters_cat_1_to_6,
768,VIT_04s0023g01170,9,0.0043,Unknown protein,,,,
769,VIT_13s0064g00050,9,0.0043,Glutamine-fructose-6-phosphate transaminase 2,E2_6_1_16,,vv10251Glutamate_metabolism,vv10530Aminosugars_metabolism
770,VIT_03s0038g01530,9,0.0043,R protein  PRF  disease resistance protein,K13453,,vv34627R_proteins_from_Plant-pathogen_interaction,
771,VIT_15s0046g03310,9,0.0043,Unknown protein,,,,
772,VIT_14s0060g02250,9,0.0043,Unknown protein,,,,
773,VIT_19s0014g00860,9,0.0043,Zinc finger (FYVE type),ZFFYVE_3,,vv60080Other_zf,
774,VIT_09s0002g02210,9,0.0043,Adhesion of calyx edges (ACE),,,,
775,VIT_00s1348g00010,9,0.0043,Ternary complex factor MIP1,,,,
776,VIT_14s0068g01800,9,0.0043,SEPALLATA3,SEPALLATA3_1,,vv30009Flower_development,vv60042MADS
777,VIT_18s0001g10750,9,0.0043,Unknown protein,,,,
778,VIT_09s0002g07920,9,0.0043,Vacuolar proton-inorganic pyrophosphatase,K01507,,vv10190Oxidative_phosphorylation,vv50133Primary_active_transporter_cat_A9_to_A18
779,VIT_04s0008g03550,9,0.0043,Aquaporin TIP4;1,TIP4_1,,vv50101Channels_and_pores,
780,VIT_11s0037g01000,9,0.0043,Clathrin assembly protein 10,CAP10,,vv50110Protein_coat,
781,VIT_11s0016g02000,8,0.0039,No hit,,,,
782,VIT_00s0762g00010,8,0.0039,S-locus lectin protein kinase family,,,,
783,VIT_02s0087g00750,7,0.0034,Proteinase inhibitor I4  serpin,,,,
784,VIT_18s0041g02240,7,0.0034,ATATH7 (ABC2 homolog7),ATH7,,vv52010ABC_transporters,
785,VIT_03s0038g01580,7,0.0034,R protein  PRF  disease resistance protein,K13453,,vv34627R_proteins_from_Plant-pathogen_interaction,
786,VIT_10s0003g02030,7,0.0034,Nitrate transporter 1:2,NRT1_2,,vv50122Porters_cat_7_to_17,
787,VIT_18s0041g00360,7,0.0034,Unknown protein,,,,
788,VIT_09s0054g01780,6,0.0029,HAC1 (P300/CBP acetyltransferase-related protein 2 gene),HAC1_1,,vv60060TAZ,
789,VIT_19s0090g01330,6,0.0029,V-type H+-transporting ATPase subunit H,K02153,,vv10190Oxidative_phosphorylation,vv44145Phagosome
790,VIT_00s0463g00020,6,0.0029,Scarecrow transcription factor 5 (SCL5),SCL5_2,,vv60032GRAS,
791,VIT_05s0020g02520,6,0.0029,BTB-POZ and math Domain 2 ATBPM2,BPM2_2,,vv60093TRAF,
792,VIT_07s0031g02600,6,0.0029,No hit,,,,
793,VIT_15s0046g03280,6,0.0029,No hit,,,,
794,VIT_03s0063g01050,6,0.0029,RNA recognition motif (RRM)-containing protein,,,,
795,VIT_07s0130g00400,6,0.0029,Chloride channel protein (CLC-c),K05393_CLCC,,vv50124Porters_cat_30_to_64,
796,VIT_19s0015g01980,6,0.0029,Unknown,,,,
797,VIT_12s0055g00820,6,0.0029,Serine carboxypeptidase II,,,,
798,VIT_00s0273g00020,6,0.0029,Calcium-dependent protein kinase 13 CPK13,CPK13,,vv34626Plant-pathogen_interaction,
799,VIT_06s0009g00410,6,0.0029,BLH1 (embryo sac development arrest 29),BLH1_2,VvHB25,vv60034HB,
800,VIT_13s0064g01350,6,0.0029,TIF31 protein,K03255,,,
801,VIT_07s0151g00180,6,0.0029,Ankyrin,K10380,,vv50108Accessory_factors_involved_in_transport,
802,VIT_05s0029g00170,6,0.0029,Small ubiquitin modifier 2 (SUMO),K12160,,vv23013RNA_transport,vv50112Nuclear_pore_complex
803,VIT_05s0094g00020,6,0.0029,RWP-RK domain-containing protein,RWPRKDOM_5,,vv60052RWP-RK,
804,VIT_04s0008g01990,6,0.0029,Myosin-like protein XI-I,MYOSINXII,,vv44810Regulation_of_actin_cytoskeleton,
805,VIT_08s0058g01140,6,0.0029,Unknown protein,,,,
806,VIT_04s0023g02480,6,0.0029,Dehydrin 1b,,,,
807,VIT_08s0007g08970,6,0.0029,Phosphate/phosphoenolpyruvate translocator,PPTLREL,,vv50122Porters_cat_7_to_17,
808,VIT_03s0091g00680,6,0.0029,NPY2 (naked pins in yuc mutants 2),,,,
809,VIT_04s0044g01730,6,0.0029,F-box family protein,,,,
810,VIT_11s0118g00480,6,0.0029,Leucine-rich repeat,,,,
811,VIT_03s0063g00120,6,0.0029,Wax synthase,E2_3_1_75,,vv11000Single_reactions,
812,VIT_13s0067g01900,6,0.0029,ATP-dependent RNA helicase RH18,RH18,,vv23040Spliceosome,vv50133Primary_active_transporter_cat_A9_to_A18
813,VIT_05s0020g02310,6,0.0029,Pyruvate orthophosphate dikinase,E2_7_9_2,,vv10620Pyruvate_metabolism,vv10720Reductive_carboxylate_cycle
814,VIT_05s0062g00570,6,0.0029,UDP-glucose:flavonoid 7-O-glucosyltransferase,E2_4_1_237,,vv10941Flavonoid_biosynthesis,
815,VIT_12s0028g00920,6,0.0029,Glutathione S-transferase 9 GSTF9,E2_5_1_18_GSTF9,,vv10480Glutathione_metabolism,
816,VIT_18s0001g06350,6,0.0029,VQ motif-containing protein,,,,
817,VIT_13s0064g00960,6,0.0029,Myb domain protein 46,MYB46,MYB186,vv60044MYB,
818,VIT_01s0011g00420,6,0.0029,RPK1 (receptor-like protein kinase 1),,,,
819,VIT_18s0157g00170,6,0.0029,Alliin lyase precursor,E4_4_1_4,,vv10272Cysteine_metabolism,
820,VIT_06s0004g07280,6,0.0029,UDP-glucuronosyl/UDP-glucosyltransferase,E2_4_1_17,,vv10040Pentose_glucuronate_interconversion,vv10500Starch_and_sucrose_metabolism
821,VIT_07s0151g00450,6,0.0029,Basic helix-loop-helix (bHLH) family,BHLHDOM_13,,vv60011BHLH,
822,VIT_08s0058g01320,6,0.0029,Unknown,,,,
823,VIT_06s0004g07960,6,0.0029,Glucose-6-phosphate/phosphate translocator,G6PPTR,,vv50122Porters_cat_7_to_17,
824,VIT_06s0061g01430,6,0.0029,flavonoid 1-2 rhamnosyltransferase,E2_4_1_236,,vv10941Flavonoid_biosynthesis,
825,VIT_03s0097g00710,6,0.0029,Glutamyl-tRNA reductase 1,E1_2_1_70,,vv10860Porphyrin_and_chlorophyll_metabolism,
826,VIT_05s0102g01100,6,0.0029,R protein  PRF  disease resistance protein,K13453,,vv34627R_proteins_from_Plant-pathogen_interaction,
827,VIT_12s0055g00700,6,0.0029,Unknown protein,,,,
828,VIT_19s0014g04500,6,0.0029,Receptor kinase ARK3,,,,
829,VIT_04s0008g01810,5,0.0024,Myb domain protein 4,MYB4_9,MYBPA8,vv60044MYB,
830,VIT_01s0011g05930,4,0.0019,S-adenosyl-L-methionine:carboxyl methyltransferase,,,,
831,VIT_14s0128g00120,4,0.0019,Ring-H2 finger protein ATL3B,VVL3B,,vv60078Other_zf-C3HC4,
832,VIT_01s0011g02480,4,0.0019,Phospholipid-transporting ATPase,K01530,,vv50131Primary_active_transporter_cat_A2_to_A4,
833,VIT_05s0102g00210,4,0.0019,Unknown protein,,,,
834,VIT_07s0104g00270,4,0.0019,Isopentenyltransferase 5,E2_5_1_27,,vv10908Zeatin_biosynthesis,
835,VIT_02s0236g00040,4,0.0019,Peptidyl-prolyl cis-trans isomerase  cyclophilin type,K01802,,,
836,VIT_05s0020g00950,3,0.0015,Aspartyl protease,E3_4_23_40,,,
837,VIT_13s0156g00580,3,0.0015,S-receptor kinase,,,,
838,VIT_10s0116g00360,3,0.0015,Pyrophosphate-dependent phosphofructokinase beta subunit,E2_7_1_11,,vv10010Glycolysis,vv10030Pentose_phosphate
839,VIT_09s0054g01620,3,0.0015,Myb family,MYBGE_1,,vv60029G2-like,
840,VIT_10s0003g02820,3,0.0015,O-acetyltransferase,E2_3_1_x,,,
841,VIT_04s0008g02460,3,0.0015,H+-transporting ATPase  Plasma membrane,K01535,,vv10190Oxidative_phosphorylation,vv50131Primary_active_transporter_cat_A2_to_A4
842,VIT_07s0031g02420,3,0.0015,F-box domain containing protein,,,,
843,VIT_10s0405g00040,3,0.0015,Auxin-responsive protein,AUXREG,,vv30003Auxin_signaling,
844,VIT_01s0010g01330,3,0.0015,No hit,,,,
845,VIT_14s0108g00690,3,0.0015,Amino acid permease,AAPREL,,vv50123Porters_cat_18_to_29,
846,VIT_03s0063g00620,3,0.0015,Transcriptional factor B3,TFB3_3,,vv60001ABI3VP1,
847,VIT_06s0004g02880,3,0.0015,Receptor-like kinase,,,,
848,VIT_18s0001g13980,3,0.0015,Auxin responsive SAUR protein,SAUR,,vv30003Auxin_signaling,
849,VIT_00s1679g00010,3,0.0015,Avr9/Cf-9 rapidly elicited protein 75,,,,
850,VIT_18s0001g09540,3,0.0015,MADS-box agamous-like 67,AGL67,,vv60042MADS,
851,VIT_13s0067g01270,3,0.0015,Avr9/Cf-9 rapidly elicited protein 284,,,,
852,VIT_08s0058g00650,3,0.0015,Aldose reductase,E1_1_1_21,,vv10040Pentose_glucuronate_interconversion,vv10051Fructose_and_mannose_metabolism
853,VIT_17s0000g08090,3,0.0015,No hit,,,,
854,VIT_13s0158g00170,3,0.0015,R protein MLA10,K13475,,vv34627R_proteins_from_Plant-pathogen_interaction,
855,VIT_06s0004g04070,3,0.0015,UDP-galactose transporter 5,UTR5,,vv50122Porters_cat_7_to_17,
856,VIT_01s0010g01030,3,0.0015,F-box family protein,,,,
857,VIT_05s0029g00550,3,0.0015,HEAT repeat-containing protein,,,,
858,VIT_04s0008g03720,3,0.0015,Vacuolar sorting-associated protein (Vps27),VPS27,,vv50111Tethering_factors,
859,VIT_12s0057g00720,3,0.0015,F-box protein GID2,,,,
860,VIT_14s0060g01170,3,0.0015,Cytochrome c oxidase subunit Vc,COX5C,,vv10190Oxidative_phosphorylation,
861,VIT_19s0014g02190,3,0.0015,Tyrosine aminotransferase,E2_6_1_5,,vv10271Methionine_metabolism,vv10350Tyrosine_metabolism
862,VIT_11s0016g04050,3,0.0015,No hit,,,,
863,VIT_03s0063g00780,3,0.0015,CXE carboxylesterase,E3_1_1_1,,,
864,VIT_15s0021g00920,3,0.0015,ATP synthase delta' chain  mitochondrial,K02134,,vv10190Oxidative_phosphorylation,vv50131Primary_active_transporter_cat_A2_to_A4
865,VIT_18s0001g14620,3,0.0015,Ribosomal protein S16,K02959,,vv23010Ribosome,
866,VIT_19s0090g01280,3,0.0015,Lipid-binding serum glycoprotein family protein,K05399,,vv50101Channels_and_pores,
867,VIT_02s0012g00650,3,0.0015,PBP1 (pinoid-binding protein 1),PBP1,,vv50004Auxin_transport,
868,VIT_11s0016g00390,3,0.0015,Zinc finger (C3HC4-type ring finger),ZFC3HC4_210,,vv60078Other_zf-C3HC4,
869,VIT_16s0039g01940,3,0.0015,No hit,,,,
870,VIT_11s0016g01720,3,0.0015,Threonine synthase,E4_2_3_1,,vv10260Glycine_serine_and_threonine_metabolism,vv10750Vitamin_B6_metabolism
871,VIT_11s0052g00660,3,0.0015,Aldose 1-epimerase,E5_1_3_3,,vv10010Glycolysis,
872,VIT_19s0085g00750,3,0.0015,Anthocyanidin 3-O-glucosyltransferase,E2_4_1_115,,vv10942Anthocyanin_biosynthesis,
873,VIT_18s0117g00140,3,0.0015,FAR1-related sequence 12,FRS12,,vv60071Orphans_far-red,
874,VIT_17s0000g02450,3,0.0015,Tubulin beta-6,K07375,,vv44145Phagosome,vv44810Regulation_of_actin_cytoskeleton
875,VIT_03s0038g00910,3,0.0015,Ribosome-binding factor A  chloroplast precursor,K02834,,,
876,VIT_03s0063g00370,3,0.0015,Nitrite reductase,E1_7_7_1,,vv10910Nitrogen_metabolism,
877,VIT_13s0019g01930,3,0.0015,Laccase,E1_10_3_2,,vv11000Single_reactions,vv50109Incompletely_characterized_transport_systems
878,VIT_10s0003g04210<br>VIT_10s0003g04230,3,0.0014,
879,VIT_13s0067g00360,3,0.0014,No hit,,,,
880,VIT_17s0000g03730,3,0.0014,NADH dehydrogenase (ubiquinone) 1 beta subcomplex 10,K03966,,vv10190Oxidative_phosphorylation,vv50134Primary_active_transporter_cat_D1
881,VIT_18s0041g02430<br>VIT_18s0041g02410,3,0.0014,
882,VIT_16s0050g01750,3,0.0014,Unknown,,,,
883,VIT_00s0187g00150,3,0.0014,E3 ubiquitin-protein ligase HUWE1,K10592,,vv24120Ubiquitin_mediated_proteolysis,vv50110Protein_coat
884,VIT_15s0046g01770,3,0.0014,D-erythro-sphingosine kinase,E2_7_1_107,,vv10561Glycerolipid_metabolism,vv10564Glycerophospholipid_metabolism
885,VIT_00s0612g00010,3,0.0014,Phospholipase/carboxylesterase,E3_1_1_1,,,
886,VIT_06s0080g00340,3,0.0014,ABI5 (ABA insensitive 5),ABI5_2,VvbZIP19,vv30001ABA_signaling,vv60012BZIP
887,VIT_05s0077g01780,3,0.0014,Unknown,,,,
888,VIT_16s0039g02670,3,0.0014,Translocase of chloroplast 34,TOC34,,vv50133Primary_active_transporter_cat_A9_to_A18,
889,VIT_04s0023g01080,3,0.0014,Lys Motif-Type Receptor-Like Kinase LYK4,,,,
890,VIT_11s0037g01120,3,0.0014,Cytochrome c oxidase subunit 6b,K02267,,vv10190Oxidative_phosphorylation,vv50135Primary_active_transporter_cat_D3_to_E2
891,VIT_08s0007g08250,3,0.0014,Nuclear transcription factor Y subunit A-9,NFYA9,,vv60021CCAAT,
892,VIT_12s0059g01280,3,0.0014,Nucleobase-ascorbate transporter 1 (NAT1),NAT1,,vv50124Porters_cat_30_to_64,
893,VIT_01s0011g05810,3,0.0014,Adagio protein 1,FKF1,,vv34710Circadian_rhythm,
894,VIT_03s0088g00380,3,0.0014,Tubulin alpha,K07374,,vv44145Phagosome,vv44810Regulation_of_actin_cytoskeleton
895,VIT_18s0001g12260,3,0.0014,Incomplete root hair elongation,IRE,,,
896,VIT_05s0049g01040,3,0.0014,Pre-mRNA-processing factor SLU7,K12819,,vv23040Spliceosome,
897,VIT_05s0049g00010,3,0.0014,Cellulose synthase CSLG2,E2_4_1_12_CSLG2,,vv40006Cell_wall,
898,VIT_09s0002g04220,3,0.0014,Ras-related protein Rab-7A,K07897,,vv44145Phagosome,
899,VIT_06s0004g08340,3,0.0014,DNA-binding bromodomain-containing protein,,,,
900,VIT_15s0046g00730,3,0.0014,Auxin-responsive protein,AUXREG,,vv30003Auxin_signaling,
901,VIT_04s0044g01030,3,0.0014,Pectinesterase family,E3_1_1_11,,vv40006Cell_wall,
902,VIT_13s0019g03990,3,0.0014,Unknown protein,,,,
903,VIT_18s0157g00140,3,0.0014,Alliin lyase,E4_4_1_4,,vv10272Cysteine_metabolism,
904,VIT_12s0059g00710,3,0.0014,Metalloendopeptidase,,,,
905,VIT_17s0000g04200,3,0.0014,Transcription initiation factor TFIID subunit D2,K03128,,vv23022Basal_transcription_factors,
906,VIT_18s0001g01830,3,0.0014,ATP-NAD kinase,E2_7_1_23,,vv10760Nicotinate_and_nicotinamide_metabolism,
907,VIT_16s0098g00310,3,0.0014,Unknown protein,,,,
908,VIT_18s0072g00990,3,0.0014,Leucine-rich repeat protein kinase,,,,
909,VIT_00s0510g00020,3,0.0014,Unknown protein,,,,
910,VIT_04s0008g00480,3,0.0014,Pentatricopeptide (PPR) repeat-containing,,,,
911,VIT_11s0118g00360,3,0.0014,Leucoanthocyanidin dioxygenase,E1_14_11_19,,vv10941Flavonoid_biosynthesis,
912,VIT_05s0020g02150,3,0.0014,NADH dehydrogenase (ubiquinone) 1 alpha subcomplex 8,K03952,,vv10190Oxidative_phosphorylation,vv50134Primary_active_transporter_cat_D1
913,VIT_01s0011g00370,3,0.0014,SP1L2 (SPIRAL2),SP1L2,,vv44810Regulation_of_actin_cytoskeleton,
914,VIT_13s0019g01810,3,0.0014,Scarecrow transcription factor 14 (SCL14),SCL14_3,,vv60032GRAS,
915,VIT_07s0005g05180,3,0.0014,No hit,,,,
916,VIT_07s0129g00070<br>VIT_07s0129g00150,3,0.0014,
917,VIT_18s0122g01260,3,0.0014,Protein kinase 1B,,,,
918,VIT_02s0025g01390,3,0.0014,Protein phosphatase 2C DBP,DBPPP2C_5,,vv60024DBP,
919,VIT_08s0105g00230,3,0.0014,BLH1 (embryo sac development arrest 29),BLH1_1,VvHB29,vv60034HB,
920,VIT_01s0011g05500,3,0.0014,Beta-1 3-glucanase,E3_2_1_6,,,
