Vv_m2,2000,1000,VIT_07s0005g03220,,,,,
rank,node,Fabs,Frel,Functional-annotation,Name-EC-KeggID,Updated-name,Network1,Network2
1,VIT_15s0021g01630,2062,1,Ethylene responsive element binding factor 2,ERF2_1,,vv30008Ethylene_signaling,vv60003AP2_EREBP
2,VIT_16s0039g01870,2076,1,Protein kinase,,,,
3,VIT_17s0000g04370,2066,1,Wall-associated kinase,,,,
4,VIT_11s0016g02070,2059,1,Basic helix-loop-helix (bHLH) family,BHLHDOM_63,,vv60011BHLH,
5,VIT_05s0094g00160,2071,1,No hit,,,,
6,VIT_14s0083g00920,2069,1,No hit,,,,
7,VIT_10s0042g00880,2090,1,Stilbene synthase [Vitis pseudoreticulata],E2_3_1_95,,vv10940Phenylpropanoid_biosynthesis,
8,VIT_18s0001g08820,2085,1,Unknown protein,,,,
9,VIT_12s0059g01720,2080,1,No hit,,,,
10,VIT_06s0004g00020,2062,1,NAC domain containing protein 32,NAC032,VvNAC44,vv60046NAC,
11,VIT_19s0014g01530,2064,0.9995,Protein kinase,,,,
12,VIT_18s0001g04640,2074,0.999,No hit,,,,
13,VIT_10s0042g00850,2072,0.999,Stilbene synthase [Vitis pseudoreticulata],E2_3_1_95,,vv10940Phenylpropanoid_biosynthesis,
14,VIT_10s0042g00910,2048,0.9981,Stilbene synthase [Vitis pseudoreticulata],E2_3_1_95,,vv10940Phenylpropanoid_biosynthesis,
15,VIT_12s0059g01080,2072,0.9971,Acid phosphatase/vanadium-dependent haloperoxidase,,,,
16,VIT_07s0005g03260,2064,0.9966,Transcription factor TSRF1,ERF1_7,VvERF100,vv30008Ethylene_signaling,vv30011Jasmonate_signaling
17,VIT_07s0005g05780,2058,0.9956,Pantoate--beta-alanine ligase,E6_3_2_1,,vv10410Beta-alanine_metabolism,vv10770Pantothenate_and_CoA_biosynthesis
18,VIT_16s0100g00870,2060,0.9947,No hit,,,,
19,VIT_18s0041g02040,2045,0.9937,12-oxophytodienoate reductase,E1_3_1_42,,vv10592alpha-Linolenic_acid_metabolism,
20,VIT_07s0005g03210,2035,0.9898,Ethylene-responsive transcription factor ERF098,ERF098_4,VvERF094,vv30008Ethylene_signaling,vv60003AP2_EREBP
21,VIT_13s0019g04440,2049,0.9889,Zinc finger (C3HC4-type ring finger),ZFC3HC4_163,,vv60078Other_zf-C3HC4,
22,VIT_10s0042g00930<br>VIT_10s0042g00890<br>VIT_10s0042g00870<br>VIT_10s0042g00860<br>VIT_10s0042g00920,2036,0.9864,,,,,
23,VIT_15s0024g00410,2035,0.9812,Lectin,,,,
24,VIT_01s0010g01970<br>VIT_01s0010g01980,2028,0.9807,,,,,
25,VIT_06s0004g04620,2026,0.9802,Unknown,,,,
26,VIT_10s0116g01310,2033,0.9783,F-box family protein,,,,
27,VIT_09s0002g05610,2013,0.9758,Unknown,,,,
28,VIT_04s0023g00430,2010,0.9715,Tyrosine specific protein phosphatase,,,,
29,VIT_10s0003g04200,2009,0.9691,Lipase class 3,,,,
30,VIT_16s0098g00220,1993,0.9679,Membrane located receptor,,,,
31,VIT_03s0063g02650,1996,0.9657,Hydrolase  alpha/beta fold,,,,
32,VIT_09s0002g00220,1994,0.9652,Avr9/Cf-9 rapidly elicited protein 132,,,,
33,VIT_11s0016g01970,1983,0.964,Calmodulin-binding region IQD6,,,,
34,VIT_06s0004g01670,1991,0.9614,UDP-glucoronosyl and UDP-glucosyl transferase,,,,
35,VIT_18s0001g01960,1989,0.9604,RKF3 (receptor-like kinase IN in flowers 3),,,,
36,VIT_18s0001g06400,1983,0.9566,No hit,,,,
37,VIT_16s0100g01000,1967,0.947,Stilbene synthase 4,E2_3_1_95,,vv10940Phenylpropanoid_biosynthesis,
38,VIT_16s0050g02510,1944,0.9446,WRKY DNA-binding protein 53,WRKY53_1,VvWRKY51,vv60066WRKY,
39,VIT_12s0142g00590,1938,0.9353,R protein L6,K13477,,vv34627R_proteins_from_Plant-pathogen_interaction,
40,VIT_14s0081g00210,1930,0.9315,No hit,,,,
41,VIT_05s0077g01690,1917,0.927,Pathogenesis protein 10 [Vitis vinifera],,,,
42,VIT_06s0009g00370,1893,0.9234,U-box domain-containing protein,,,,
43,VIT_07s0005g02560,1912,0.9214,Chitinase Class I,E3_2_1_14,,vv10530Aminosugars_metabolism,
44,VIT_08s0007g07390,1906,0.9212,Unknown protein,,,,
45,VIT_15s0046g03500,1903,0.9202,Metal ion binding,,,,
46,VIT_00s1386g00010,1901,0.9188,F-box family protein,,,,
47,VIT_00s0567g00050,1902,0.9162,Patatin 2,,,,
48,VIT_00s0250g00090,1903,0.9145,Oxidoreductase  2OG-Fe(II) oxygenase,,,,
49,VIT_19s0027g00860,1863,0.9066,NAC domain-containing protein 42,NAC042_2,VvNAC31,vv60046NAC,
50,VIT_00s0301g00060,1871,0.9047,No hit,,,,
51,VIT_01s0150g00440,1859,0.8981,Respiratory burst oxidase protein D (RBOHD),RBOHD,,vv34626Plant-pathogen_interaction,vv50105Transport_electron_carriers
52,VIT_00s0301g00080,1848,0.8962,No hit,,,,
53,VIT_17s0000g04380,1857,0.8958,Wall-associated kinase 1 (WAK1),,,,
54,VIT_16s0100g01040,1848,0.8936,Stilbene synthase - grape,E2_3_1_95,,vv10940Phenylpropanoid_biosynthesis,
55,VIT_17s0000g01410,1848,0.8928,Nucleotide pyrophosphatase,E3_6_1_9,,vv10230Purine_metabolism,vv10500Starch_and_sucrose_metabolism
56,VIT_14s0030g00160,1804,0.8736,Bisphosphoglycerate mutase,E5_4_2_4,,vv10010Glycolysis,
57,VIT_19s0014g02120,1800,0.8725,Metallothionein,,,,
58,VIT_17s0000g04360,1800,0.8691,Wall-associated kinase 2 (WAK2),,,,
59,VIT_07s0129g01010,1780,0.8607,Unknown,,,,
60,VIT_07s0031g03060,1771,0.856,NSL1 (necrotic spotted lesions 1),,,,
61,VIT_09s0054g01080,1768,0.8516,Polygalacturonase QRT3,E3_2_1_15,,vv40006Cell_wall,
62,VIT_16s0098g01260,1750,0.8479,Intramitochondrial sorting protein MSP1 protein,MSP1,,vv50133Primary_active_transporter_cat_A9_to_A18,
63,VIT_16s0100g01110,1755,0.8466,Resveratrol synthase (RS1),E2_3_1_95,,vv10940Phenylpropanoid_biosynthesis,
64,VIT_01s0011g01100,1719,0.8345,Pentatricopeptide (PPR) repeat-containing protein,,,,
65,VIT_13s0067g03130,1710,0.8301,WRKY DNA-binding protein 55,WRKY55,VvWRKY40,vv60066WRKY,
66,VIT_08s0058g00690,1722,0.8295,WRKY DNA-binding protein 33,WRKY33_3,VvWRKY24,vv34626Plant-pathogen_interaction,vv60066WRKY
67,VIT_18s0001g00840,1714,0.8292,Syringolide-induced protein 14-1-1,,,,
68,VIT_01s0011g00380,1709,0.824,SP1L1 (SPIRAL1-like1),,,,
69,VIT_16s0098g00210,1684,0.8179,Receptor serine/threonine kinase,,,,
70,VIT_08s0007g05840,1683,0.8138,No hit,,,,
71,VIT_17s0000g02770,1680,0.8124,Disease resistance protein (CC-NBS-LRR class),,,,
72,VIT_07s0031g01130,1679,0.8111,Ascorbate oxidase,E1_10_3_3,,vv10053Ascorbate_and_aldarate_metabolism,vv50109Incompletely_characterized_transport_systems
73,VIT_16s0100g00860<br>VIT_16s0100g00940<br>VIT_16s0100g00800<br>VIT_16s0100g00920<br>VIT_16s0100g00930<br>VIT_16s0100g00810<br>VIT_16s0100g00840<br>VIT_16s0100g00850,1677,0.8094,,,,,
74,VIT_14s0081g00190,1675,0.8061,No hit,,,,
75,VIT_02s0025g04420,1670,0.8052,MATE efflux family protein,MATE,,vv50125Porters_cat_66_to_94,
76,VIT_13s0019g03990,1641,0.7916,Unknown protein,,,,
77,VIT_00s0567g00040,1646,0.7894,Patatin,,,,
78,VIT_16s0098g00460,1630,0.7867,Lipase class 3,,,,
79,VIT_08s0056g00300,1622,0.7832,Unknown,,,,
80,VIT_14s0066g01570,1596,0.7759,Unknown protein,,,,
81,VIT_14s0068g01270,1607,0.7752,No hit,,,,
82,VIT_11s0016g00570,1594,0.7693,Dimethylaniline monooxygenase (N-oxide forming) 2,E1_14_13_8,,vv11000Single_reactions,
83,VIT_11s0052g00450,1595,0.7687,WRKY DNA-binding protein 11,WRKY11_1,VvWRKY34,vv60066WRKY,
84,VIT_15s0046g01080,1587,0.7685,Glycosyl hydrolase family 18,,,,
85,VIT_12s0028g01410,1576,0.7628,Heat shock transcription factor A4A,HSFA4A_3,,vv60037HSF,
86,VIT_07s0031g02420,1566,0.7602,F-box domain containing protein,,,,
87,VIT_14s0068g01490,1575,0.7576,NAC domain-containing protein 83,NAC083_2,VvNAC73,vv60046NAC,
88,VIT_13s0067g01270,1567,0.757,Avr9/Cf-9 rapidly elicited protein 284,,,,
89,VIT_04s0008g01470,1557,0.7562,WRKY DNA-binding protein 50,WRKY50,VvWRKY06,vv60066WRKY,
90,VIT_19s0027g00870,1557,0.7486,NAC domain-containing protein 42,NAC042_3,VvNAC30,vv60046NAC,
91,VIT_16s0100g01130,1540,0.7479,Stilbene synthase [Vitis vinifera],E2_3_1_95,,vv10940Phenylpropanoid_biosynthesis,
92,VIT_00s0301g00070,1536,0.7456,No hit,,,,
93,VIT_02s0236g00100,1539,0.7388,Unknown,,,,
94,VIT_00s0231g00040,1538,0.7387,RPM1-interacting protein 4,K13456,,vv34626Plant-pathogen_interaction,
95,VIT_08s0040g00590,1523,0.7386,Zinc finger (C3HC4-type ring finger),ZFC3HC4_43,,vv60078Other_zf-C3HC4,
96,VIT_04s0008g05970,1523,0.7372,Unknown protein,,,,
97,VIT_01s0146g00480,1518,0.7362,TIFY 9 (Jasmonate ZIM domain-containing protein 10),JAZ10,,vv30011Jasmonate_signaling,vv60069ZIM
98,VIT_17s0000g05410,1529,0.7362,Galactosyltransferase,E2_4_x_x,,,
99,VIT_05s0049g00460,1513,0.7285,Basic helix-loop-helix ILR3,ILR3_3,,vv11002Auxin_biosynthesis,vv60011BHLH
100,VIT_05s0094g01230,1502,0.7267,Allyl alcohol dehydrogenase,,,,
101,VIT_08s0007g06610,1499,0.7263,Lectin protein kinase,,,,
102,VIT_18s0041g02010<br>VIT_18s0041g02050,1498,0.7261,,,,,
103,VIT_02s0025g03300,1495,0.7236,Potassium channel tetramerisation domain-containing protein,KCTREL,,vv50101Channels_and_pores,
104,VIT_10s0042g00840,1493,0.7216,Stilbene synthase [Vitis pseudoreticulata],E2_3_1_95,,vv10940Phenylpropanoid_biosynthesis,
105,VIT_10s0116g01360<br>VIT_10s0116g01290<br>VIT_10s0116g01330<br>VIT_10s0116g01270,1484,0.7173,,,,,
106,VIT_07s0005g01190,1486,0.7161,Unknown protein,,,,
107,VIT_01s0010g01960,1470,0.7084,Anionic peroxidase,E1_11_1_7,,vv10360Phenylalanine_metabolism,vv10680Methane_metabolism
108,VIT_10s0003g04910,1455,0.7036,Sinapyl alcohol dehydrogenase,E1_1_1_195,,vv10940Phenylpropanoid_biosynthesis,
109,VIT_08s0007g08520,1444,0.702,Unknown protein,,,,
110,VIT_16s0100g01010<br>VIT_16s0100g00950<br>VIT_16s0100g01030<br>VIT_16s0100g00990,1444,0.7017,,,,,
111,VIT_16s0039g01110,1439,0.7002,Phenylalanin ammonia-lyase [Vitis vinifera],E4_3_1_5,,vv10350Tyrosine_metabolism,vv10360Phenylalanine_metabolism
112,VIT_13s0067g00930,1434,0.7002,ACR4 (Arabidopsis CRINKLY4),,,,
113,VIT_09s0002g04720,1421,0.6875,Coatomer protein complex  subunit beta 2,COPB2,,vv50110Protein_coat,
114,VIT_01s0011g04780,1406,0.6812,Unknown protein,,,,
115,VIT_15s0021g01600,1398,0.679,Ethylene responsive element binding factor 2,ERF2,VvERF073,vv30008Ethylene_signaling,
116,VIT_06s0080g00090,1378,0.6651,CYP94A1,,,,
117,VIT_05s0020g03690<br>VIT_05s0020g03710,1348,0.6582,,,,,
118,VIT_15s0046g00070,1360,0.658,PBP1 (pinoid-binding protein 1),PBP1,,vv50004Auxin_transport,
119,VIT_05s0094g00170,1332,0.6466,Protein transport protein Sec61 subunit beta,K09481,,vv23060Protein_export,vv24141Protein_processing_in_endoplasmic_reticulum
120,VIT_15s0021g01260,1319,0.632,Unknown,,,,
121,VIT_01s0127g00700,1298,0.6286,Unknown protein,,,,
122,VIT_16s0100g00880,1279,0.6224,Stilbene synthase [Vitis pseudoreticulata],E2_3_1_95,,vv10940Phenylpropanoid_biosynthesis,
123,VIT_05s0062g00790,1282,0.6208,NSL1 (necrotic spotted lesions 1),,,,
124,VIT_18s0001g10180,1276,0.6167,N-hydroxycinnamoyl/benzoyltransferase 3,,,,
125,VIT_18s0117g00290,1272,0.6151,Coatomer protein complex  subunit beta 2,COPB2,,vv50110Protein_coat,
126,VIT_01s0010g02350,1260,0.6093,Protein phosphatase 2 (formerly 2A)  regulatory subunit B',K11584,,vv23015mRNA_surveillance_pathway,
127,VIT_12s0028g03260,1255,0.6083,Rooty/superroot1,K11819,,vv10966Glucosinolate_biosynthesis,
128,VIT_16s0100g01190,1245,0.6012,Stilbene synthase [Vitis vinifera],E2_3_1_95,,vv10940Phenylpropanoid_biosynthesis,
129,VIT_17s0000g00640,1232,0.5952,No hit,,,,
130,VIT_18s0001g13150,1229,0.5931,BEL1 homeotic protein 3,BLH3,VvHB68,vv60034HB,
131,VIT_06s0004g04960,1220,0.5894,Scarecrow-like transcription factor 14 SCL14,SCL14_10,,vv60032GRAS,
132,VIT_16s0100g00770,1213,0.5883,Stilbene synthase,E2_3_1_95,,vv10940Phenylpropanoid_biosynthesis,
133,VIT_15s0046g02170,1212,0.5869,3-methyl-2-oxobutanoate hydroxy-methyl-transferase,E2_1_2_11,,vv10770Pantothenate_and_CoA_biosynthesis,
134,VIT_03s0017g02120,1215,0.5813,UDP-glucose flavonoid 3-O-glucosyltransferase 2,E2_4_1_91,,vv10941Flavonoid_biosynthesis,
135,VIT_00s2525g00010,1200,0.5808,Unknown,,,,
136,VIT_04s0069g00970,1197,0.5783,WRKY DNA-binding protein 51,WRKY51_1,VvWRKY11,vv60066WRKY,
137,VIT_07s0151g00260,1179,0.5748,Quinone-oxidoreductase  Chloroplast,K03956,,vv10190Oxidative_phosphorylation,vv50134Primary_active_transporter_cat_D1
138,VIT_10s0003g03800,1184,0.569,Jasmonate ZIM domain-containing protein 8,JAZ8_1,,vv30011Jasmonate_signaling,vv60069ZIM
139,VIT_00s0301g00090,1164,0.5656,NDA2 (alternative NAD(P)H dehydrogenase 2),K03885,,vv10190Oxidative_phosphorylation,vv50134Primary_active_transporter_cat_D1
140,VIT_05s0094g00360,1170,0.5625,Chitinase class IV,E3_2_1_14,,vv10530Aminosugars_metabolism,
141,VIT_05s0020g02730,1171,0.5611,Nectarin IV NEC4,,,,
142,VIT_09s0054g00910,1131,0.5458,Chaperone BCS1 mitochondrial,K08900,,,
143,VIT_19s0014g00830,1123,0.542,RKF1 (receptor-like kinase in flowers 1),,,,
144,VIT_02s0033g01380,1115,0.5392,Alternative oxidase 1D,AOX1D,,vv30001ABA_signaling,
145,VIT_11s0016g04050,1120,0.5382,No hit,,,,
146,VIT_16s0098g00200,1109,0.535,Receptor serine/threonine kinase PR5K,,,,
147,VIT_03s0017g00650,1114,0.5348,GTP cyclohydrolase II,E3_5_4_25,,vv10740Riboflavin_metabolism,
148,VIT_19s0027g00390,1093,0.528,Protein kinase,,,,
149,VIT_16s0100g01150,1094,0.5265,Stilbene synthase [Vitis vinifera],E2_3_1_95,,vv10940Phenylpropanoid_biosynthesis,
150,VIT_06s0004g00830,1088,0.5261,Serine/threonine protein phosphatase PP2A-4 catalytic subunit (PP2A4),K04382,,vv23015mRNA_surveillance_pathway,vv34020Calcium_signaling_pathway
151,VIT_15s0021g00480,1062,0.5155,Dynamin-like protein 2b,E3_6_5_5,,vv50109Incompletely_characterized_transport_systems,vv50110Protein_coat
152,VIT_15s0024g00400,1066,0.515,R protein MLA10,K13475,,vv34627R_proteins_from_Plant-pathogen_interaction,
153,VIT_01s0010g03860,1058,0.5148,Unknown,,,,
154,VIT_11s0103g00490,1053,0.5137,Unknown protein,,,,
155,VIT_10s0003g04210<br>VIT_10s0003g04230,1055,0.5119,,,,,
156,VIT_04s0008g06830,1041,0.5068,Biopterin transport-related protein BT1,BIOPTERIN,,vv50125Porters_cat_66_to_94,
157,VIT_10s0003g00880,1044,0.5046,Nudix hydrolase 15,,,,
158,VIT_06s0004g06480,1031,0.4988,CYP71E,E1_14_13_73,,vv10902Monoterpenoid_biosynthesis,
159,VIT_13s0074g00340,1034,0.4983,Unknown,,,,
160,VIT_18s0001g10120,1030,0.4978,SPla/RYanodine receptor (SPRY) domain-containing protein,,,,
161,VIT_01s0010g01720,1024,0.4959,Aldose reductase,E1_1_1_21,,vv10561Glycerolipid_metabolism,
162,VIT_16s0039g01070,1031,0.495,Glutathione S-transferase 25 GSTU7,E2_5_1_18_GSTU7,,vv10480Glutathione_metabolism,
163,VIT_04s0069g00880,1024,0.4942,No hit,,,,
164,VIT_05s0094g01190,1019,0.4904,flavonoid 3-monooxygenase,E1_14_13_21,,vv10941Flavonoid_biosynthesis,
165,VIT_15s0048g02070,1010,0.4898,BON2-associated protein (BAP2),,,,
166,VIT_01s0026g01140,1013,0.4891,ZCW32 (BIGPETAL  BIGPETALUB),ZCW32_2,,vv60011BHLH,
167,VIT_05s0020g02200,1005,0.4891,Inosine-uridine preferring nucleoside hydrolase,E3_2_2_1,,vv10230Purine_metabolism,vv10760Nicotinate_and_nicotinamide_metabolism
168,VIT_08s0007g03790,1005,0.4855,CBF transcription factor,CBF1_3,,vv30008Ethylene_signaling,vv60003AP2_EREBP
169,VIT_16s0013g01080,998,0.4812,Ethylene-responsive transcription factor ERF105,ERF105_9,VvERF086,vv30008Ethylene_signaling,vv60003AP2_EREBP
170,VIT_10s0071g00210,983,0.4781,Myosin VA (heavy chain 12  myoxin),K10357,,vv44810Regulation_of_actin_cytoskeleton,
171,VIT_14s0108g01000,993,0.4781,Calcium-binding EF hand,,,,
172,VIT_03s0063g00840,985,0.4765,Nodulation protein,,,,
173,VIT_01s0011g00530,982,0.4758,Ureide permease 2 (AtUPS2),UPS2,,vv50122Porters_cat_7_to_17,
174,VIT_12s0034g00030,973,0.4726,Anthocyanidin 3-O-glucosyltransferase,E2_4_1_115,,vv10942Anthocyanin_biosynthesis,
175,VIT_02s0025g03660,974,0.4724,4-coumarate-CoA ligase,E6_2_1_12,,vv10940Phenylpropanoid_biosynthesis,vv50104Group_translocators
176,VIT_02s0087g00750,980,0.4691,Proteinase inhibitor I4  serpin,,,,
177,VIT_17s0000g03150,969,0.469,No hit,,,,
178,VIT_17s0000g06710,964,0.4653,Leucine-rich repeat transmembrane protein kinase,,,,
179,VIT_03s0063g01820,958,0.4641,AOS (allene oxide synthase),E4_2_1_92,,vv10592alpha-Linolenic_acid_metabolism,
180,VIT_01s0137g00460,959,0.464,RGLG2 (ring Domain LIGASE2),RGLG2,,vv50004Auxin_transport,
181,VIT_07s0141g00040,928,0.4527,Protein phosphatase 2C,E3_1_3_16,,,
182,VIT_14s0171g00270,928,0.452,COP9 signalosome complex subunit 3,,,,
183,VIT_00s0187g00260,938,0.4505,Alcohol O-fatty-acyltransferase long-chain-,E2_3_1_75,,vv11000Single_reactions,
184,VIT_06s0009g03470,901,0.4372,Unknown protein,,,,
185,VIT_11s0016g02340,887,0.4306,Cytidine deaminase,E3_5_4_5,,vv10240Pyrimidine_metabolism,
186,VIT_16s0100g00750,884,0.43,Stilbene synthase,E2_3_1_95,,vv10940Phenylpropanoid_biosynthesis,
187,VIT_07s0104g00850,889,0.4286,Pto kinase interactor,,,,
188,VIT_01s0011g05680,882,0.4259,Unknown protein,,,,
189,VIT_11s0065g00350,885,0.4255,Trans-cinnamate 4-monooxygenase,E1_14_13_11,,vv10360Phenylalanine_metabolism,vv10940Phenylpropanoid_biosynthesis
190,VIT_06s0004g00030,865,0.4205,S-adenosyl-L-methionine:salicylic acid carboxyl methyltransferase,SAMTBSCMT,,vv10360Phenylalanine_metabolism,
191,VIT_04s0069g00920,863,0.4185,WRKY DNA-binding protein 11,WRKY11_2,VvWRKY10,vv60066WRKY,
192,VIT_01s0150g00450,858,0.4151,Respiratory burst oxidase protein D (RBOHD),RBOHD,,vv34626Plant-pathogen_interaction,vv50105Transport_electron_carriers
193,VIT_06s0004g04950,858,0.4137,Scarecrow-like transcription factor 14 SCL14,SCL14_11,,vv60032GRAS,
194,VIT_19s0014g02850,851,0.4135,Dynein light subunit lc6  flagellar outer arm,K10418,,vv44810Regulation_of_actin_cytoskeleton,
195,VIT_07s0104g00180,846,0.4115,Nectarin IV NEC4,,,,
196,VIT_00s0179g00310,842,0.4072,Ammonium transporter 2,AMT2,,vv50101Channels_and_pores,
197,VIT_02s0025g04320,844,0.406,Thaumatin,,,,
198,VIT_02s0234g00130,836,0.4054,Ethylene responsive element binding factor 1,ERF1_9,VvERF076,vv30008Ethylene_signaling,vv30011Jasmonate_signaling
199,VIT_05s0049g00490,841,0.4053,Ethylene response factor ERF14,ERF14_2,VvERF109,vv30008Ethylene_signaling,vv60003AP2_EREBP
200,VIT_02s0025g01650,826,0.3996,PHD finger transcription factor,PHDFG_10,,vv60048PHD,
201,VIT_11s0052g00960,821,0.3982,Syntaxin,,,,
202,VIT_11s0016g03190,819,0.397,Unknown,,,,
203,VIT_11s0016g01510,817,0.3941,Phenylalanine ammonia-lyase,E4_3_1_5,,vv10350Tyrosine_metabolism,vv10360Phenylalanine_metabolism
204,VIT_00s0226g00100,818,0.3936,Regulator of chromosome condensation (RCC1),RCC1,,vv50112Nuclear_pore_complex,
205,VIT_00s0181g00030,811,0.3922,No hit,,,,
206,VIT_04s0023g03450,810,0.3921,AP endonuclease 2,K10772,,vv23410Base_excision_repair,
207,VIT_12s0057g01280,806,0.3897,Heterogeneous nuclear ribonucleoprotein A1/A3,K12741,,vv23040Spliceosome,
208,VIT_14s0068g01190,794,0.3858,Aspartate kinase,E2_7_2_4,,vv10260Glycine_serine_and_threonine_metabolism,vv10300Lysine_biosynthesis
209,VIT_05s0020g03680,796,0.3845,GCN5 N-acetyltransferase (GNAT),GCN5_7,,vv60082GNAT,
210,VIT_03s0097g00390,786,0.3821,Unknown protein,,,,
211,VIT_02s0154g00370,789,0.3812,YbaK/prolyl-tRNA synthetase associated region,E6_1_1_15,,vv10330Arginine_and_proline_metabolism,vv20970Aminoacyl-tRNA_biosynthesis
212,VIT_07s0005g03230,787,0.3811,Transcription factor TSRF1,ERF1_4,VvERF099,vv30008Ethylene_signaling,vv30011Jasmonate_signaling
213,VIT_08s0007g01110,784,0.3782,No hit,,,,
214,VIT_00s0347g00110,780,0.3766,S-locus lectin protein kinase,,,,
215,VIT_14s0066g01150,773,0.3745,Cinnamoyl-CoA reductase,E1_2_1_44,,vv10940Phenylpropanoid_biosynthesis,
216,VIT_09s0018g00240,768,0.3728,WRKY DNA-binding protein 40,WRKY40,VvWRKY28,vv60066WRKY,
217,VIT_06s0009g02560,771,0.3716,Pectinesterase family,E3_1_1_11,,vv40006Cell_wall,
218,VIT_18s0117g00300,755,0.3665,Coatomer protein complex  subunit beta 2,COPB2,,vv50110Protein_coat,
219,VIT_13s0019g01710,750,0.3637,Scarecrow transcription factor 14 (SCL14),SCL14_9,,vv60032GRAS,
220,VIT_05s0094g00260<br>VIT_05s0094g00220,746,0.3609,,,,,
221,VIT_19s0135g00010,741,0.3581,Ureide permease 2 (AtUPS2),UPS2,,vv50122Porters_cat_7_to_17,
222,VIT_17s0000g08210,742,0.3576,Zinc finger (C3HC4-type ring finger),ZFC3HC4_103,,vv60078Other_zf-C3HC4,
223,VIT_08s0058g01160,728,0.3507,No hit,,,,
224,VIT_12s0059g01380,721,0.3493,1-aminocyclopropane-1-carboxylate oxidase 1,E1_14_17_4,,vv10640Propanoate_metabolism,vv30008Ethylene_signaling
225,VIT_17s0000g00240,714,0.3461,Mei2 AML1,AML1,,vv44110Cell_cycle,
226,VIT_04s0008g05850,716,0.3457,CCR4-NOT transcription complex subunit 7/8,K12581,,vv23018RNA_degradation,
227,VIT_07s0005g02660,712,0.3448,ABC transporter B member 13,ABCB13,,vv52010ABC_transporters,
228,VIT_02s0087g00330,711,0.3427,Glycosyl transferase family 1 protein,,,,
229,VIT_11s0037g01270,710,0.3423,R protein disease resistance protein,RPROT,,vv34627R_proteins_from_Plant-pathogen_interaction,
230,VIT_17s0000g04160,701,0.342,Zinc finger (C3HC4-type ring finger),ZFC3HC4_42,,vv60078Other_zf-C3HC4,
231,VIT_07s0141g00130,710,0.3415,Protein phosphatase 2C,,,,
232,VIT_10s0003g00790,698,0.3379,Glutamate receptor protein,GLR2_7,,vv50101Channels_and_pores,
233,VIT_05s0020g04670,696,0.3341,No hit,,,,
234,VIT_00s0404g00020,695,0.3324,MAPK activating protein C22orf5,,,,
235,VIT_04s0023g03440,685,0.3317,AP endonuclease 2,K10772,,vv23410Base_excision_repair,
236,VIT_11s0052g00240,682,0.3307,Accelerated cell death 11 (ACD11),,,,
237,VIT_18s0001g12520,682,0.3303,ATP binding,,,,
238,VIT_07s0005g06210,680,0.329,RPM1 (resistance to p. syringae pv maculicola 1),K13457,,vv34626Plant-pathogen_interaction,
239,VIT_06s0004g08370,674,0.3275,Unknown protein,,,,
240,VIT_12s0055g01000,669,0.323,Peroxidase,E1_11_1_7,,vv10360Phenylalanine_metabolism,vv10680Methane_metabolism
241,VIT_14s0006g02900,668,0.3227,Monoglyceride lipase,E3_1_1_23,,vv10561Glycerolipid_metabolism,
242,VIT_17s0000g07670,667,0.3221,Betaine-aldehyde dehydrogenase,E1_2_1_8,,vv10260Glycine_serine_and_threonine_metabolism,vv50101Channels_and_pores
243,VIT_14s0068g01770,662,0.3214,WRKY DNA-binding protein 75,WRKY75_2,VvWRKY43,vv60066WRKY,
244,VIT_17s0000g05380,663,0.3204,Dynein light chain LC8-type,K10418,,vv44810Regulation_of_actin_cytoskeleton,
245,VIT_17s0000g03100,657,0.3179,Protein phosphatase 2C,E3_1_3_16,,,
246,VIT_08s0032g01220,654,0.3147,Calcium dependent protein kinase 1,CPK1,,vv34626Plant-pathogen_interaction,
247,VIT_05s0020g03220,652,0.3144,S-receptor kinase,,,,
248,VIT_13s0019g01080,645,0.3127,Protein kinase APK1B,,,,
249,VIT_16s0039g01240<br>VIT_16s0039g01360<br>VIT_16s0039g01130<br>VITisv_009233<br>VIT_16s0039g01100<br>VIT_00s2508g00010<br>VITisv_032212<br>VIT_16s0039g01120<br>VIT_16s0039g01320<br>VIT_00s2849g00010<br>VIT_16s0039g01300<br>VIT_16s0039g01170<br>VIT_16s0039g01280,644,0.3119,,,,,
250,VIT_11s0149g00280,640,0.3098,Chitinase A,E3_2_1_14,,vv10530Aminosugars_metabolism,
251,VIT_08s0058g01260,632,0.3052,No hit,,,,
252,VIT_16s0050g00480,620,0.3001,CYP715A1,,,,
253,VIT_06s0004g02730,615,0.2974,Unknown protein,,,,
254,VIT_01s0010g02760,613,0.2953,Urease,E3_5_1_5,,vv10220Urea_cycle_and_metabolism_of_amino_groups,
255,VIT_03s0088g00450,604,0.2939,FKBP12-rapamycin complex-associated protein,K07203,,vv34150mTOR_signaling_pathway,
256,VIT_05s0020g02680,605,0.2931,Zinc finger (C3HC4-type ring finger),ZFC3HC4_220,,vv60078Other_zf-C3HC4,
257,VIT_16s0100g01140,611,0.2928,Stilbene synthase 2,E2_3_1_95,,vv10940Phenylpropanoid_biosynthesis,
258,VIT_16s0100g00900,601,0.2908,Stilbene synthase [Vitis pseudoreticulata],E2_3_1_95,,vv10940Phenylpropanoid_biosynthesis,
259,VIT_19s0085g00850,602,0.2905,LEM3 (ligand-effect modulator 3),LEM3,,vv50108Accessory_factors_involved_in_transport,
260,VIT_13s0019g02500,595,0.2874,No hit,,,,
261,VIT_18s0076g00200,588,0.2846,DELLA protein RGL2 (RGA-like protein 2),RGL2_1,,vv30010Gibberellin_signaling,vv60032GRAS
262,VIT_04s0069g00740,588,0.2834,Glutamate receptor 2.8,GLR2_8,,vv50101Channels_and_pores,
263,VIT_16s0039g01850,586,0.2823,Syntaxin 7,K08488,,vv24130SNARE_interactions_in_vesicular_transport,vv44145Phagosome
264,VIT_01s0011g06140,577,0.2809,Avr9/Cf-9 rapidly elicited protein,,,,
265,VIT_17s0000g07130,576,0.2788,Unknown protein,,,,
266,VIT_01s0010g02010,572,0.2766,Anionic peroxidase,E1_11_1_7,,vv10360Phenylalanine_metabolism,vv10680Methane_metabolism
267,VIT_07s0151g00650,567,0.2758,ABI3-interacting protein 2,AIP2,,vv30001ABA_signaling,
268,VIT_05s0094g01250,571,0.2757,Allyl alcohol dehydrogenase,,,,
269,VIT_16s0098g00190,569,0.2746,Receptor kinase homolog LRK10,,,,
270,VIT_17s0000g00800,563,0.2689,Zinc finger (DHHC type),ZFDHHC_11,,vv60079Other_zf-DHHC,
271,VIT_16s0100g00960,554,0.2683,Stilbene synthase [Vitis pseudoreticulata],E2_3_1_95,,vv10940Phenylpropanoid_biosynthesis,
272,VIT_14s0068g01250,554,0.2678,Mitochondrial phosphate transporter,MPHOSPTR,,vv50123Porters_cat_18_to_29,
273,VIT_08s0007g05790,555,0.2676,Calmodulin,K02183,,vv34020Calcium_signaling_pathway,vv34626Plant-pathogen_interaction
274,VIT_16s0050g01390,542,0.2629,SRC2/SRC2 (soybean gene regulated BY cold-2),,,,
275,VIT_18s0041g02070,543,0.2598,12-oxophytodienoate reductase 1,E1_3_1_42,,vv10592alpha-Linolenic_acid_metabolism,
276,VIT_00s0252g00060,527,0.2547,DnaJ homolog  subfamily C  member 7,K09527,,vv50132Primary_active_transporter_cat_A5_to_A8,
277,VIT_12s0034g02200,528,0.2536,RKF3 (receptor-like kinase IN in flowers 3),,,,
278,VIT_17s0000g05030,525,0.2529,Alpha-1 4-glucan-protein synthase 1,E2_4_1_113,,vv10500Starch_and_sucrose_metabolism,
279,VIT_11s0149g00270,524,0.2524,Chitinase-3 protein 1 precursor,E3_2_1_14,,vv10530Aminosugars_metabolism,
280,VIT_07s0031g01090,522,0.2521,Ascorbate oxidase,E1_10_3_3,,vv10053Ascorbate_and_aldarate_metabolism,vv50109Incompletely_characterized_transport_systems
281,VIT_13s0019g04950,513,0.2485,KOW domain-containing transcription factor family protein,KOWDOM,,,
282,VIT_03s0091g00120,512,0.2482,Prp27-like protein,,,,
283,VIT_15s0046g03430,506,0.2446,Metal ion binding,,,,
284,VIT_09s0002g05530,506,0.2446,ABC transporter g family pleiotropic drug resistance 12 PDR12,ABCGPDR12,,vv52010ABC_transporters,
285,VIT_11s0078g00290,502,0.2443,Cinnamate 4-hydroxylase,E1_14_13_11,,vv10360Phenylalanine_metabolism,vv10940Phenylpropanoid_biosynthesis
286,VIT_04s0008g06850,500,0.2427,Biopterin transport-related protein BT1,BIOPTERIN,,vv50125Porters_cat_66_to_94,
287,VIT_12s0059g01660,499,0.2419,3-oxoacyl-[acyl-carrier-protein] synthase II,E2_3_1_179,,vv10061Fatty_acid_biosynthesis,
288,VIT_09s0002g08460,494,0.2385,8-amino-7-oxononanoate synthase,E2_3_1_47,,vv10780Biotin_metabolism,
289,VIT_06s0004g01000,491,0.2356,Dirigent protein,,,,
290,VIT_05s0049g00650,484,0.2353,Unknown protein,,,,
291,VIT_14s0060g02320,485,0.2351,Respiratory burst oxidase protein B (ATRBOHB),RBOHB,,vv34626Plant-pathogen_interaction,vv50105Transport_electron_carriers
292,VIT_07s0031g00960,482,0.2329,Aspartate aminotransferase,E2_6_1_1,vv10710Carbon_fixation,vv10252Alanine_and_aspartate_metabolism,vv10272Cysteine_metabolism
293,VIT_03s0038g00760,479,0.2326,Arginine decarboxylase (Fragment),E4_1_1_19,,vv10220Urea_cycle_and_metabolism_of_amino_groups,vv10251Glutamate_metabolism
294,VIT_01s0010g01950,479,0.232,Anionic peroxidase,E1_11_1_7,,vv10360Phenylalanine_metabolism,vv10680Methane_metabolism
295,VIT_06s0004g01570,475,0.2302,No hit,,,,
296,VIT_18s0001g07870,476,0.2284,Unknown protein,,,,
297,VIT_18s0001g11240,460,0.2234,MAPKKK5 (Mitogen-activated protein kinase kinase kinase 5),,,,
298,VIT_08s0040g01860,456,0.2207,Unknown protein,,,,
299,VIT_14s0108g01330,455,0.2196,Chorismate mutase  chloroplast (CM1),E5_4_99_5,,vv10400Phenylalanine_tyrosine_and_tryptophan_biosynthesis,
300,VIT_05s0020g04780,450,0.2183,Basic helix-loop-helix (bHLH) family,BHLHDOM_52,,vv60011BHLH,
301,VIT_16s0100g01160,453,0.2177,Stilbene synthase [Vitis vinifera],E2_3_1_95,,vv10940Phenylpropanoid_biosynthesis,
302,VIT_06s0009g00330,451,0.2172,No hit,,,,
303,VIT_16s0100g00490,449,0.2171,Unknown protein,,,,
304,VIT_12s0034g00270,438,0.212,R protein L6,K13477,,vv34627R_proteins_from_Plant-pathogen_interaction,
305,VIT_01s0244g00110,439,0.2113,Unknown protein,,,,
306,VIT_14s0068g00890,420,0.2035,Mitochondrial substrate carrier family protein,K03454,,vv50123Porters_cat_18_to_29,
307,VIT_16s0013g00520,419,0.2023,RAB GTPase RAB1C,K07976,,,
308,VIT_05s0062g00940,419,0.2023,Trigalactosyldiacylglycerol,TGD1,,vv52010ABC_transporters,
309,VIT_02s0012g03260,414,0.2002,No hit,,,,
310,VIT_13s0019g02120,412,0.2,Zinc finger (C2H2 type) family,C2H2FAM_21,,vv60017C2H2,
311,VIT_08s0007g05810,400,0.1948,Calmodulin-binding  plant,,,,
312,VIT_01s0010g00760,400,0.193,Unknown,,,,
313,VIT_10s0003g03170,397,0.1922,CYP710A1 C-22 sterol desaturase,K09832,,vv10100Biosynthesis_of_steroids,
314,VIT_18s0166g00190,396,0.1921,U-box domain-containing protein,,,,
315,VIT_05s0077g00030,392,0.1908,Ammonium transporter 1  member 1 (AMT1.1),AMT1_1,,vv50101Channels_and_pores,
316,VIT_00s2659g00010,391,0.1895,CRK10 (cysteine-rich RLK10),,,,
317,VIT_13s0064g00660,391,0.1894,FAD binding protein,,,,
318,VIT_05s0102g00210,385,0.1869,Unknown protein,,,,
319,VIT_03s0038g03530,380,0.1858,LYS/HIS transporter 7,LHT7,,vv50123Porters_cat_18_to_29,
320,VIT_02s0012g01440,375,0.181,Zinc finger (C3HC4-type ring finger),ZFC3HC4_215,,vv60078Other_zf-C3HC4,
321,VIT_15s0021g01010,375,0.181,Phosphatidylinositol-4-phosphate 5-kinase,E2_7_1_68,,vv10562Inositol_phosphate_metabolism,vv34070Phosphatidylinositol_signaling_system
322,VIT_09s0002g02380,370,0.1787,Thioredoxin 2,,,,
323,VIT_00s2539g00010,365,0.1761,Protein kinase APK1B,,,,
324,VIT_16s0100g00830<br>VIT_16s0100g01120<br>VIT_16s0100g00780<br>VIT_16s0100g00910,354,0.1709,,,,,
325,VIT_18s0001g03560,354,0.1704,Unknown protein,,,,
326,VIT_11s0016g02150,348,0.1686,Protein kinase CDG1,,,,
327,VIT_18s0001g09240,348,0.1684,No hit,,,,
328,VIT_10s0042g00700,345,0.168,Leucine-rich repeat receptor-like protein kinase 1,,,,
329,VIT_07s0104g01790,347,0.1676,Autophagy 18 ATG18d,ATG18,,vv44140Regulation_of_autophagy,
330,VIT_00s0317g00060,344,0.1664,Unknown protein,,,,
331,VIT_06s0004g05170,341,0.1653,Lectin protein kinase,,,,
332,VIT_18s0001g10200<br>VIT_18s0001g10230,322,0.1562,,,,,
333,VIT_18s0117g00280,323,0.156,Coatomer protein complex  subunit beta 2,COPB2,,vv50110Protein_coat,
334,VIT_01s0146g00380,324,0.1558,LITAF-domain-containing protein,,,,
335,VIT_18s0041g01290,320,0.1539,Serine/threonine-protein kinase CCR4,,,,
336,VIT_19s0014g01760,318,0.1532,Glutamate receptor 2.8,GLR2_8,,vv50101Channels_and_pores,
337,VIT_08s0105g00190<br>VIT_08s0105g00180,312,0.1507,,,,,
338,VIT_08s0105g00200,313,0.1507,U-box domain-containing protein,,,,
339,VIT_13s0074g00330,308,0.1502,No hit,,,,
340,VIT_12s0134g00550,310,0.1501,Equilibrative nucleoside transporter (ENT3),ENT3,,vv10908Zeatin_biosynthesis,vv50124Porters_cat_30_to_64
341,VIT_07s0141g00890,307,0.1482,CYP94A1,,,,
342,VIT_01s0010g00790,300,0.1462,No hit,,,,
343,VIT_06s0080g00210,299,0.1444,Histone deacetylase protein (HDA8),HDA08,,vv44110Cell_cycle,
344,VIT_19s0085g00390,297,0.1429,Unknown protein,,,,
345,VIT_15s0046g00440,294,0.1425,Phosphatidylinositol 3- and 4-kinase / ubiquitin,,,,
346,VIT_16s0100g01200<br>VIT_16s0100g01070,292,0.1409,,,,,
347,VIT_09s0002g05370,290,0.1398,ABC transporter g family pleiotropic drug resistance 12 PDR12,ABCGPDR12,,vv52010ABC_transporters,
348,VIT_00s0410g00040,287,0.1397,Anthranilate N-benzoyltransferase protein 1,E2_3_1_144,,vv10400Phenylalanine_tyrosine_and_tryptophan_biosynthesis,
349,VIT_03s0038g04170,287,0.1386,Lectin protein kinase,,,,
350,VIT_04s0008g00180,282,0.1367,NADP-dependent malic enzyme,E1_1_1_39,,vv10620Pyruvate_metabolism,vv10710Carbon_fixation
351,VIT_08s0058g01290,281,0.1361,Protein kinase AtSIK,,,,
352,VIT_05s0020g03240,280,0.136,S-receptor kinase,,,,
353,VIT_00s1372g00020,280,0.1351,RAB GTPase RAB1B,YPT1,,vv50110Protein_coat,
354,VIT_16s0039g02490,279,0.1345,Phospholipid scramblase 1,PLS1,,vv50109Incompletely_characterized_transport_systems,
355,VIT_18s0076g00230,278,0.1341,No hit,,,,
356,VIT_10s0116g01450,277,0.1341,Unknown,,,,
357,VIT_14s0081g00730,270,0.1304,Ethylene response factor ERF1,ERF1_6,VvERF093,vv30008Ethylene_signaling,vv30011Jasmonate_signaling
358,VIT_09s0002g05600,269,0.1295,ABC transporter g family pleiotropic drug resistance 12 PDR12,ABCGPDR12,,vv52010ABC_transporters,
359,VIT_00s0409g00010,268,0.1293,Receptor kinase RK20-1,,,,
360,VIT_08s0007g01690,262,0.1271,Phosphate translocator protein2  Plastidic,PTL2,,vv50122Porters_cat_7_to_17,
361,VIT_19s0140g00120,258,0.1251,Gibberellin 2-beta-dioxygenase 1,E1_14_11_13,,vv10904Diterpenoid_biosynthesis,
362,VIT_04s0008g05350,255,0.1238,Serine hydrolase [Vitis vinifera],E4_3_1_18,,vv10260Glycine_serine_and_threonine_metabolism,
363,VIT_04s0023g02810,255,0.1234,Aldehyde dehydrogenase 3B1,E1_2_1_3,vv10561Glycerolipid_metabolism,vv10010Glycolysis,vv10071Fatty_acid_metabolism
364,VIT_05s0094g01530,253,0.1227,ARL (ARGOS),,,,
365,VIT_03s0038g01740,253,0.1219,Disease resistance RPP8 2,,,,
366,VIT_02s0154g00060,246,0.1182,Thylakoid lumenal protein,,,,
367,VIT_07s0005g03720,246,0.1181,VPS2.3 SNF7,VPS2_3,,vv50111Tethering_factors,
368,VIT_18s0001g07090,237,0.1147,Unknown protein,,,,
369,VIT_08s0032g00420,236,0.1132,Exostosin,K02366,,vv11030Glycan_structures-biosynthesis1,
370,VIT_09s0002g06400,234,0.1132,No hit,,,,
371,VIT_01s0011g02620,233,0.1131,No hit,,,,
372,VIT_01s0011g05440,233,0.1123,Unknown protein,,,,
373,VIT_07s0031g00530,231,0.1114,MAPKKK21,,,,
374,VIT_13s0074g00760,229,0.1109,Calmodulin-binding,,,,
375,VIT_10s0116g00960,229,0.1108,Transcription factor jumonji (jmjC) domain-containing protein,JMJD1B_5,,vv60038Jumonji,
376,VIT_05s0020g00220<br>VIT_05s0020g04830,227,0.1104,,,,,
377,VIT_04s0044g00050,228,0.1101,Protein kinase APK1B,,,,
378,VIT_04s0008g00800,218,0.1059,Ferrochelatase-2,E4_99_1_1,,vv10860Porphyrin_and_chlorophyll_metabolism,
379,VIT_18s0089g01290,216,0.1038,No hit,,,,
380,VIT_05s0077g01090,212,0.103,RKF2 (receptor-like serine/threonine kinase 2),,,,
381,VIT_00s0762g00040,212,0.1023,S-locus lectin protein kinase,,,,
382,VIT_06s0004g06830,211,0.102,Asparagine synthetase,E6_3_5_4,,vv10910Nitrogen_metabolism,
383,VIT_07s0005g01180,204,0.0992,Unknown protein,,,,
384,VIT_08s0007g01470,206,0.0991,Copper transporter 3,COPT3,,vv50101Channels_and_pores,
385,VIT_01s0150g00410,205,0.099,Unknown protein,,,,
386,VIT_14s0006g02930,198,0.0962,Unknown,,,,
387,VIT_18s0001g14690,198,0.0954,Protein kinase,,,,
388,VIT_03s0063g00880,199,0.0953,Calmodulin-binding protein,,,,
389,VIT_17s0000g01970,197,0.0949,MKK9,MKK9,,vv30008Ethylene_signaling,vv34626Plant-pathogen_interaction
390,VIT_12s0059g00170,196,0.0945,GCN5 N-acetyltransferase (GNAT),GCN5_16,,vv60082GNAT,
391,VIT_02s0012g01570,196,0.0941,Cinnamoyl-CoA reductase,E1_2_1_44,,vv10940Phenylpropanoid_biosynthesis,
392,VIT_16s0013g01110,195,0.0936,Ethylene-responsive transcription factor 5,ERF5_3,VvERF090,vv30008Ethylene_signaling,vv60003AP2_EREBP
393,VIT_14s0068g02210,192,0.0928,HcrVf1 protein,,,,
394,VIT_11s0016g01720,189,0.0924,Threonine synthase,E4_2_3_1,,vv10260Glycine_serine_and_threonine_metabolism,vv10750Vitamin_B6_metabolism
395,VIT_13s0019g04650,190,0.0918,Thioredoxin 8,,,,
396,VIT_00s0437g00060,188,0.0916,Receptor kinase RK20-1,,,,
397,VIT_09s0002g05360<br>VIT_09s0002g05400<br>VIT_09s0002g05490<br>VIT_09s0002g05590,183,0.0887,,,,,
398,VIT_18s0001g10910,182,0.0881,Patatin,,,,
399,VIT_05s0102g00090,181,0.0876,Biotin synthase (BioB) (BIO2),E2_8_1_6,,vv10780Biotin_metabolism,
400,VIT_00s1463g00010,180,0.0872,Protease Do-like 5,,,,
401,VIT_14s0006g00830,178,0.0862,Unknown protein,,,,
402,VIT_01s0137g00770,178,0.0857,Unknown protein,,,,
403,VIT_03s0063g00820,170,0.0826,Carboxyesterase 12; CXE12,E3_1_1_1,,,
404,VIT_06s0004g00370,167,0.081,Hcr2-p4.1,,,,
405,VIT_14s0108g01110,166,0.0804,Cystathionine gamma-synthase isoform 2,E4_4_1_8,,vv10271Methionine_metabolism,vv10272Cysteine_metabolism
406,VIT_11s0016g02470,162,0.0786,Carrier protein  Mitochondrial,K03454,,vv50123Porters_cat_18_to_29,
407,VIT_11s0037g01160,162,0.0783,No hit,,,,
408,VIT_17s0119g00120,162,0.0782,Alpha-amylase/subtilisin inhibitor,E3_2_1_1,,vv10500Starch_and_sucrose_metabolism,
409,VIT_01s0137g00230,161,0.0781,Regulator of chromosome condensation (RCC1),RCC1,,vv50112Nuclear_pore_complex,
410,VIT_12s0055g01240,161,0.0779,P-glycoprotein 11,PGP11,,vv52010ABC_transporters,
411,VIT_17s0000g04450,159,0.0768,Phospholipid-transporting ATPase,K01530,,vv50131Primary_active_transporter_cat_A2_to_A4,
412,VIT_00s0186g00010,159,0.0766,Hexaprenyldihydroxybenzoate methyltransferase,E2_1_1_114,,vv10130Ubiquinone_biosynthesis,
413,VIT_17s0000g10070,158,0.0765,Zinc finger (C3HC4-type ring finger),ZFC3HC4_28,,vv60078Other_zf-C3HC4,
414,VIT_18s0001g13100,157,0.076,Glycosyl transferase family 1 protein,,,,
415,VIT_00s0181g00040,156,0.0754,TIR1 (transport inhibitor response 1),TIR1,,vv30003Auxin_signaling,
416,VIT_11s0206g00070,155,0.0753,Calmodulin-binding protein,K02183,,vv34020Calcium_signaling_pathway,vv34626Plant-pathogen_interaction
417,VIT_05s0049g01200,154,0.0744,S-locus lectin protein kinase,,,,
418,VIT_14s0006g03280,152,0.0735,Nuclear matrix constituent protein 1,,,,
419,VIT_13s0019g01740,152,0.0733,Scarecrow transcription factor 14 (SCL14),SCL14_6,,vv60032GRAS,
420,VIT_14s0060g00100,151,0.0733,Phytochrome A (PHYA),PHYA,,vv34710Circadian_rhythm,
421,VIT_13s0019g04060,142,0.0688,MLO1,K08472,,,
422,VIT_07s0031g02020,142,0.0687,RNA binding motif protein 39,RBM39,,,
423,VIT_04s0008g04830,139,0.0671,ABC transporter g family pleiotropic drug resistance 12 PDR12,ABCGPDR12,,vv52010ABC_transporters,
424,VIT_17s0000g03560,136,0.0657,(myb domain protein 62,MYB62_1,MYB164,vv60044MYB,
425,VIT_03s0017g01400,136,0.0656,Adhesive/proline-rich protein,,,,
426,VIT_09s0002g09200,131,0.0632,CYP82M1v3,,,,
427,VIT_00s0762g00010,129,0.0621,S-locus lectin protein kinase family,,,,
428,VIT_08s0040g01730,125,0.0604,EIN2 (ethylene insensitive 2),EIN2,,vv30001ABA_signaling,vv30008Ethylene_signaling
429,VIT_01s0026g00240,125,0.0603,Spermidine synthase,E2_5_1_16,,vv10220Urea_cycle_and_metabolism_of_amino_groups,vv10271Methionine_metabolism
430,VIT_04s0069g00620,124,0.0596,Glutamate receptor 2.8,GLR2_8,,vv50101Channels_and_pores,
431,VIT_08s0007g01930,121,0.0583,Anthranilate N-benzoyltransferase,E2_3_1_144,,vv10400Phenylalanine_tyrosine_and_tryptophan_biosynthesis,
432,VIT_16s0050g01250,120,0.0583,Heavy-metal-associated domain-containing protein,,,,
433,VIT_15s0024g01670,120,0.0576,Receptor kinase RK20-1,,,,
434,VIT_02s0087g00610,119,0.0575,Unknown protein,,,,
435,VIT_12s0034g00660,117,0.0564,TIR-NBS-LRR-TIR disease resistance protein,,,,
436,VIT_18s0001g09380,116,0.0561,Syntaxin 6,,,,
437,VIT_12s0034g01420,116,0.056,Hydroxyproline-rich glycoprotein,HRGP,,vv40006Cell_wall,
438,VIT_15s0048g01390,114,0.0553,Gibberellin receptor GID1L3,GID1C,,vv30010Gibberellin_signaling,
439,VIT_14s0219g00070,113,0.055,Zinc finger (C2H2 type) family,C2H2FAM_25,,vv60017C2H2,
440,VIT_01s0026g00820,112,0.0547,IAA-amino acid hydrolase 1 (ILR1),K01463,,vv11002Auxin_biosynthesis,
441,VIT_01s0146g00320,113,0.0546,No hit,,,,
442,VIT_18s0001g05060,112,0.0542,2 3-bisphosphoglycerate-dependent phosphoglycerate mutase,E5_4_2_1,,vv10010Glycolysis,
443,VIT_06s0009g01810,110,0.0534,APK2A (protein kinase 2A),,,,
444,VIT_11s0016g04490,108,0.0521,IAA16,IAA16_3,,vv30003Auxin_signaling,vv60008AUXIAA
445,VIT_06s0061g00780,106,0.0514,Zinc finger (C2H2 type) family,C2H2FAM_39,,vv60017C2H2,
446,VIT_03s0017g02110,105,0.0509,Anthocyanidin 3-O-glucosyltransferase,E2_4_1_115,,vv10942Anthocyanin_biosynthesis,
447,VIT_16s0039g01750,105,0.0508,Myb domain protein 3,MYB3,,vv60044MYB,
448,VIT_00s0748g00020,103,0.0499,Receptor kinase RK20-1,,,,
449,VIT_11s0016g03080,102,0.0494,Clavata1 receptor kinase (CLV1),,,,
450,VIT_15s0048g01350,102,0.0493,Gibberellin receptor GID1L3,GID1C,,vv30010Gibberellin_signaling,
451,VIT_13s0156g00560,102,0.0492,Disease resistance protein (TIR-NBS class),,,,
452,VIT_18s0001g09550,101,0.0489,Receptor kinase TRKe,,,,
453,VIT_00s0743g00020,101,0.0487,S-locus lectin protein kinase,,,,
454,VIT_01s0026g00900,101,0.0486,Metalloendoproteinase 1 precursor,,,,
455,VIT_15s0048g01740,100,0.0483,Growth-regulating factor 9,GRF9,,vv60033GRF,
456,VIT_10s0092g00680,96,0.0467,Receptor kinase RK20-1,,,,
457,VIT_16s0100g00360,97,0.0467,Per1,,,,
458,VIT_00s0620g00010,93,0.0452,Triacylglycerol lipase,E3_1_1_3,,vv10561Glycerolipid_metabolism,
459,VIT_03s0091g00530,92,0.0448,N-acetyltransferase ESCO2,,,,
460,VIT_08s0007g00030,90,0.0438,Cation/hydrogen exchanger 20 (CHX20),CHX20,,vv50124Porters_cat_30_to_64,
461,VIT_14s0060g01940,90,0.0436,Epoxide hydrolase,E3_3_2_10,,,
462,VIT_17s0000g04790,90,0.0432,BIM1 (BES1-interacting Myc-like protein 1),BIM1,,vv30005Brassinosteroids_signaling,vv60011BHLH
463,VIT_00s1557g00010,89,0.0431,Lectin-receptor like protein kinase 3,,,,
464,VIT_06s0004g06710,89,0.0429,Cys-3-His zinc finger protein,ZFAR1_2,,vv60018C3H,
465,VIT_16s0050g01700,88,0.0426,Receptor serine/threonine kinase PR5K,,,,
466,VIT_17s0000g02220,87,0.042,No hit,,,,
467,VIT_17s0119g00070,86,0.0415,Unknown protein,,,,
468,VIT_08s0007g00620,83,0.04,Zinc finger (DHHC type),ZFDHHC_8,,vv60079Other_zf-DHHC,
469,VIT_08s0040g02730,83,0.04,Exocyst subunit EXO70 H4,EXO70H4,,vv50111Tethering_factors,
470,VIT_06s0009g02590,81,0.0392,Pectinesterase family,E3_1_1_11,,vv40006Cell_wall,
471,VIT_02s0025g00420,81,0.0391,WRKY DNA-binding protein 27,WRKY27_2,VvWRKY04,vv60066WRKY,
472,VIT_00s0265g00100,81,0.0391,Lectin-receptor like protein kinase 3,,,,
473,VIT_15s0021g02610,81,0.0391,CCR4-NOT transcription complex  subunit 1,K12604,,vv23018RNA_degradation,
474,VIT_05s0029g00630,81,0.0389,Unknown,,,,
475,VIT_01s0010g02580,80,0.0386,Acid phosphatase/vanadium-dependent haloperoxidase,,,,
476,VIT_13s0019g03730,80,0.0384,No hit,,,,
477,VIT_04s0023g01550,77,0.0375,Unknown,,,,
478,VIT_11s0037g01400,77,0.0371,Zinc finger (C3HC4-type ring finger),ZFC3HC4_80,,vv60078Other_zf-C3HC4,
479,VIT_06s0004g07280,74,0.0357,UDP-glucuronosyl/UDP-glucosyltransferase,E2_4_1_17,,vv10040Pentose_glucuronate_interconversion,vv10500Starch_and_sucrose_metabolism
480,VIT_00s0264g00020,74,0.0357,Zinc finger (C3HC4-type ring finger),ZFC3HC4_156,,vv60078Other_zf-C3HC4,
481,VIT_08s0058g01110,73,0.0354,Ovate family protein 4 OFP4,OFP4_1,,vv60086OFP,
482,VIT_02s0012g01390,71,0.0343,Unknown,,,,
483,VIT_09s0002g03130,70,0.0339,FRK1 (FLG22-induced receptor-like kinase 1),FRK1,,vv34626Plant-pathogen_interaction,
484,VIT_01s0127g00580,69,0.0333,Subtilisin-like serine protease 2,SLP2,,,
485,VIT_17s0000g09230,68,0.0331,Leucine-rich repeat family protein,,,,
486,VIT_00s0179g00280,68,0.0331,Calmodulin-8 (CAM8),K02183,,vv34020Calcium_signaling_pathway,vv34626Plant-pathogen_interaction
487,VIT_02s0109g00390,68,0.0328,N-hydroxycinnamoyl/benzoyltransferase 5,,,,
488,VIT_04s0023g00290,66,0.032,ABC transporter I member 2,ABCI2,,vv52010ABC_transporters,
489,VIT_05s0049g00500,65,0.0315,Ethylene-responsive transcription factor ERF098,ERF098_2,VvERF110,vv30008Ethylene_signaling,vv60003AP2_EREBP
490,VIT_05s0020g03700,64,0.0308,GCN5 N-acetyltransferase (GNAT),GCN5_9,,vv60082GNAT,
491,VIT_18s0001g10720,64,0.0308,Dihydroflavonal-4-reductase,E1_1_1_219,,vv10941Flavonoid_biosynthesis,
492,VIT_06s0061g01290,63,0.0306,No hit,,,,
493,VIT_18s0001g12900,63,0.0305,S-adenosyl-L-methionine:salicylic acid carboxyl methyltransferase,SAMTBSCMT,,vv10360Phenylalanine_metabolism,
494,VIT_13s0064g01470,63,0.0304,Urophorphyrin III methylase,E2_1_1_107,,vv10860Porphyrin_and_chlorophyll_metabolism,
495,VIT_05s0020g04420,61,0.0297,Calmodulin,K02183,,vv34020Calcium_signaling_pathway,vv34626Plant-pathogen_interaction
496,VIT_02s0025g01340,61,0.0294,Abscisic acid receptor PYL8  RCAR3,RCAR3,,vv30001ABA_signaling,
497,VIT_12s0028g00610,60,0.0292,Aspartyl protease,E3_4_23_x,,,
498,VIT_11s0016g04610,60,0.0291,Glycine-rich RNA-binding protein,,,,
499,VIT_01s0026g02310,60,0.029,SUR2,K04713,,vv10600Sphingolipid_metabolism,
500,VIT_19s0090g01580,59,0.0287,Lysine decarboxylase,E4_1_1_18,,vv10300Lysine_biosynthesis,
501,VIT_17s0000g08100,59,0.0286,UDP-glucoronosyl and UDP-glucosyl transferase,,,,
502,VIT_00s0179g00350,59,0.0284,Pyruvate kinase isozyme A  chloroplast precursor,E2_7_1_40,,vv10010Glycolysis,vv10230Purine_metabolism
503,VIT_00s2563g00010,58,0.028,Glycogenin glucosyltransferase,E2_4_1_186,,vv10500Starch_and_sucrose_metabolism,
504,VIT_15s0048g00730,58,0.0279,forkhead-associated domain-containing protein,FHADOM_11,,vv60028FHA,
505,VIT_13s0067g01120,56,0.027,Omega-3 fatty acid desaturase  chloroplast  temperature-sensitive (FAD8),K10257,,vv11040Biosynthesis_of_unsaturated_fatty_acids,
506,VIT_04s0023g00950,54,0.0261,AP2/EREBP transcription factor BABY BOOM,BBM,VvAP2-05,vv30008Ethylene_signaling,vv60003AP2_EREBP
507,VIT_00s0398g00060,53,0.0256,Protein kinase,,,,
508,VIT_02s0025g04820,52,0.0252,Subtilisin P69E protein,,,,
509,VIT_18s0075g00120,52,0.0251,Alpha-1 4-fucosyltransferase,E2_4_1_65,,vv10602Glycosphingolipid_biosynthesis,
510,VIT_09s0002g08580,52,0.025,Pentatricopeptide (PPR) repeat-containing protein,,,,
511,VIT_19s0014g05180,51,0.0249,RPS2 (resistant to p. syringae 2),K13459,,vv34626Plant-pathogen_interaction,
512,VIT_05s0077g01620,51,0.0247,No hit,,,,
513,VIT_19s0015g01100,49,0.0239,Peptidyl-prolyl cis-trans isomerase  FKBP-type,K01802,,,
514,VIT_03s0167g00190,49,0.0238,CYP714A1,,,,
515,VIT_02s0012g02460,48,0.0233,NADP-malic enzyme,E1_1_1_40,,vv10620Pyruvate_metabolism,vv10710Carbon_fixation
516,VIT_00s0471g00020,47,0.0227,Unknown,,,,
517,VIT_00s0262g00010,47,0.0227,Receptor kinase RK20-1,,,,
518,VIT_06s0004g07250,46,0.0224,UDP-glucoronosyl and UDP-glucosyl transferase,,,,
519,VIT_04s0023g01070,46,0.0223,Nod-factor receptor NFR5a,,,,
520,VIT_02s0012g01320,45,0.0218,MYC jasmonic acid 3,MYC2_1,,vv30011Jasmonate_signaling,vv34626Plant-pathogen_interaction
521,VIT_04s0008g07310,44,0.0214,AarF domain-containing kinase ABC1,K08869,,,
522,VIT_09s0002g09110,44,0.0213,No hit,,,,
523,VIT_18s0001g15120,44,0.0212,Unknown protein,,,,
524,VIT_06s0004g03620,44,0.0211,MAPK MPK13,MPK13,,,
525,VIT_17s0000g07510,43,0.0209,Myb family,MYBREL_1,,vv60045MYBrelated,
526,VIT_15s0021g02470,42,0.0203,Epoxide hydrolase-like protein,E3_3_2_10,,,
527,VIT_16s0050g00410,41,0.0199,Photoassimilate-responsive protein PAR-1a,,,,
528,VIT_00s0347g00120,41,0.0198,S-locus lectin protein kinase,,,,
529,VIT_17s0000g05810,41,0.0197,WRKY DNA-binding protein 72,WRKY72_2,VvWRKY53,vv60066WRKY,
530,VIT_06s0009g02150,40,0.0195,RNA binding / nucleic acid binding,,,,
531,VIT_18s0072g00940,40,0.0194,Histidinol-phosphate aminotransferase  chloroplast precursor,E2_6_1_9,,vv10340Histidine_metabolism,vv10350Tyrosine_metabolism
532,VIT_13s0064g01120,40,0.0193,No hit,,,,
533,VIT_05s0102g00650,39,0.019,Peptidyl-prolyl isomerase E (cyclophilin E),K09564,,vv23040Spliceosome,
534,VIT_06s0004g02590,39,0.0189,Carbonic anhydrase,E4_2_1_1,,vv10910Nitrogen_metabolism,vv50124Porters_cat_30_to_64
535,VIT_08s0007g00850,39,0.0189,EFR (EF-TU receptor),K13428,,vv34626Plant-pathogen_interaction,
536,VIT_05s0020g04990,39,0.0188,No hit,,,,
537,VIT_11s0037g00300,39,0.0188,Signal recognition particle receptor alpha subunit,K13431,,vv23060Protein_export,vv50132Primary_active_transporter_cat_A5_to_A8
538,VIT_14s0030g00670,38,0.0184,Dehydroquinate dehydratase,E4_2_1_10,,vv10400Phenylalanine_tyrosine_and_tryptophan_biosynthesis,
539,VIT_15s0021g00730,38,0.0184,No hit,,,,
540,VIT_13s0067g02710,38,0.0184,Unknown protein,,,,
541,VIT_04s0023g02100,37,0.018,Unknown,,,,
542,VIT_18s0001g00650,36,0.0174,No hit,,,,
543,VIT_08s0007g02300,35,0.0169,VPS60.2 SNF7,VPS60_2,,vv50111Tethering_factors,
544,VIT_08s0040g03330,35,0.0169,RNA-binding protein,,,,
545,VIT_04s0008g02860,34,0.0165,Cation transport protein chaC,K07232,,vv50109Incompletely_characterized_transport_systems,
546,VIT_17s0000g03160,34,0.0164,No hit,,,,
547,VIT_02s0025g02240,34,0.0164,WD-40 repeat,,,,
548,VIT_18s0001g14410,34,0.0164,Unknown protein,,,,
549,VIT_18s0001g14260,33,0.016,No hit,,,,
550,VIT_17s0000g00320,33,0.0159,Auxin response factor 2,ARF2_1,,vv30003Auxin_signaling,vv60004ARF
551,VIT_09s0002g03510,32,0.0156,ELF7 (early flowering 7),ELF7,,vv30009Flower_development,
552,VIT_06s0004g00230,32,0.0155,WRKY DNA-binding protein 48,WRKY48_2,VvWRKY15,vv60066WRKY,
553,VIT_06s0080g00710,32,0.0155,Germin-like protein 1,,,,
554,VIT_08s0058g00150,32,0.0154,Ammonium transporter 2,AMT2,,vv50101Channels_and_pores,
555,VIT_16s0100g00760,31,0.0151,Stilbene synthase 2 [Vitis sp. cv. 'Norton'],E2_3_1_95,,vv10940Phenylpropanoid_biosynthesis,
556,VIT_14s0108g00550,31,0.015,No hit,,,,
557,VIT_03s0038g03160<br>VIT_03s0038g03140,31,0.015,,,,,
558,VIT_04s0044g01430,31,0.0149,Unknown protein,,,,
559,VIT_01s0010g02450,31,0.0149,B12D,,,,
560,VIT_12s0142g00720,29,0.0141,Serine/threonine-protein phosphatase 5,K04460,,,
561,VIT_12s0055g00590<br>VIT_12s0055g00610<br>VIT_12s0055g00650,29,0.0141,,,,,
562,VIT_07s0151g00980,29,0.014,No hit,,,,
563,VIT_19s0014g00180,29,0.014,Ribokinase,E2_7_1_15,,vv10030Pentose_phosphate,
564,VIT_12s0055g01160,28,0.0135,Brassinosteroid insensitive 1-associated receptor kinase 1,BAK1,,vv30005Brassinosteroids_signaling,vv34626Plant-pathogen_interaction
565,VIT_15s0021g01610,27,0.0131,Ethylene responsive element binding factor 2,ERF2,VvERF074,vv30008Ethylene_signaling,
566,VIT_05s0020g00900,27,0.013,P-glycoprotein 4,PGP4,,vv52010ABC_transporters,
567,VIT_08s0007g00550,26,0.0125,ftsh3 (FtsH protease 3),FTSH3,,vv50133Primary_active_transporter_cat_A9_to_A18,
568,VIT_18s0122g01230,26,0.0125,Zinc finger (C3HC4-type ring finger),ZFC3HC4_74,,vv60078Other_zf-C3HC4,
569,VIT_01s0011g04630,26,0.0125,Ribose 5-phosphate isomerase,E5_3_1_6,,vv10030Pentose_phosphate,vv10710Carbon_fixation
570,VIT_19s0014g03380,25,0.0122,3'(2') 5'-bisphosphate nucleotidase,E3_1_3_7,,vv10920Sulfur_metabolism,
571,VIT_07s0005g01360,25,0.0121,Zinc finger (C3HC4-type ring finger),ZFC3HC4_185,,vv60078Other_zf-C3HC4,
572,VIT_08s0007g04860,25,0.0121,Nodulin family protein,,,,
573,VIT_01s0011g03460,25,0.012,No hit,,,,
574,VIT_06s0004g05240,24,0.0116,Ethylene receptor (ETR2),ETR2,,vv30008Ethylene_signaling,
575,VIT_13s0064g01110,24,0.0116,No hit,,,,
576,VIT_18s0001g04090<br>VIT_18s0001g04050<br>VIT_18s0001g04170,24,0.0116,,,,,
577,VIT_13s0064g01100,24,0.0115,No hit,,,,
578,VIT_07s0005g01050,24,0.0115,Unknown protein,,,,
579,VIT_18s0001g04600,23,0.0111,Glutaredoxin,,,,
580,VIT_03s0180g00280,23,0.0111,Indole-3-acetate beta-glucosyltransferase,E2_4_1_121,,vv11002Auxin_biosynthesis,
581,VIT_04s0008g05900,23,0.0111,ARR12,ARR12,,vv30007Cytokinin_signaling,vv60006ARR-B
582,VIT_12s0059g00760,23,0.0111,Adenosine 5' phosphosulfate reductase,E1_8_4_9,,vv10920Sulfur_metabolism,
583,VIT_16s0098g01250,22,0.0107,Metal-nicotianamine transporter YSL3,YSL3,,vv50125Porters_cat_66_to_94,
584,VIT_18s0075g00800,22,0.0106,TIR-NBS disease resistance,,,,
585,VIT_13s0067g03470,22,0.0106,Glutathione S-transferase GSTO1,E2_5_1_18_GSTO1,,vv10480Glutathione_metabolism,
586,VIT_03s0017g01450,21,0.0102,No hit,,,,
587,VIT_06s0061g01050,21,0.0101,Protein kinase SRPK1,,,,
588,VIT_18s0001g11560,20,0.0098,CyP82A3,,,,
589,VIT_18s0001g14420,20,0.0097,Unknown,,,,
590,VIT_18s0001g05810,19,0.0092,Cytochrome c,K08738,,vv50135Primary_active_transporter_cat_D3_to_E2,
591,VIT_14s0108g00900,19,0.0092,Pectinesterase family,E3_1_1_11,,vv40006Cell_wall,
592,VIT_15s0024g00960<br>VIT_05s0094g00980<br>VIT_19s0014g03980<br>VIT_14s0036g00820,19,0.0092,,,,,
593,VIT_16s0039g00740,19,0.0092,Histone-lysine N-methyltransferase ASHH3,E2_1_1_43ASHH3_1,,vv10300Lysine_biosynthesis,vv60056SET_PCG
594,VIT_14s0030g00730,19,0.0092,Vesicle-associated membrane protein 27 VAP27-2,VAP27_2,,vv50109Incompletely_characterized_transport_systems,
595,VIT_04s0044g00040,19,0.0092,Dirigent,,,,
596,VIT_13s0074g00580,18,0.0088,Unknown protein,,,,
597,VIT_13s0156g00460,18,0.0087,CC-NBS-LRR class,,,,
598,VIT_05s0020g04000,18,0.0087,Zinc finger (C3HC4-type ring finger),ZFC3HC4_33,,vv60078Other_zf-C3HC4,
599,VIT_05s0102g00930,18,0.0087,Glucosyltransferase-11,,,,
600,VIT_03s0017g01220,18,0.0087,Polyadenylate-binding protein 2,K14396,,vv23015mRNA_surveillance_pathway,
601,VIT_08s0040g01650,18,0.0087,Protein kinase,,,,
602,VIT_09s0002g04560,18,0.0087,Calmodulin-binding protein,,,,
603,VIT_08s0058g00790,18,0.0086,Secoisolariciresinol dehydrogenase,SIRD,,vv10940Phenylpropanoid_biosynthesis,
604,VIT_04s0044g01880,17,0.0082,Auxin Efflux Carrier,AUXEFF,,vv50004Auxin_transport,vv50125Porters_cat_66_to_94
605,VIT_13s0106g00570<br>VIT_14s0036g00790<br>VIT_17s0000g02780,16,0.0078,,,,,
606,VIT_00s0625g00030,16,0.0078,RAB GTPase RABA4A,K07976,,,
607,VIT_00s0652g00030,16,0.0077,Microtubule organization 1 protein (MOR1),MOR1,,vv44810Regulation_of_actin_cytoskeleton,
608,VIT_03s0097g00710,16,0.0077,Glutamyl-tRNA reductase 1,E1_2_1_70,,vv10860Porphyrin_and_chlorophyll_metabolism,
609,VIT_14s0128g00380,16,0.0077,Yip1 domain   member 1,YIP1,,vv50110Protein_coat,
610,VIT_06s0009g02570,15,0.0073,Pectinesterase family,E3_1_1_11,,vv40006Cell_wall,
611,VIT_03s0038g01770,15,0.0073,Disease resistance protein (CC-NBS-LRR class),,,,
612,VIT_03s0017g01940,15,0.0073,Unknown,,,,
613,VIT_08s0007g08440,15,0.0073,Disease resistance protein,,,,
614,VIT_16s0039g00350,15,0.0073,Unknown protein,,,,
615,VIT_06s0004g03540,15,0.0072,MAPK (MPK3),MPK3,,vv30008Ethylene_signaling,vv34626Plant-pathogen_interaction
616,VIT_14s0060g01080,14,0.0068,ferroportin,FERROPORTIN,,vv50109Incompletely_characterized_transport_systems,
617,VIT_09s0002g06360,14,0.0068,Unknown protein,,,,
618,VIT_06s0009g02700,14,0.0068,F-box family protein,,,,
619,VIT_07s0031g02750,14,0.0068,CBS domain containing protein,,,,
620,VIT_01s0010g02210,13,0.0063,FRK1 (FLG22-induced receptor-like kinase 1),FRK1,,vv34626Plant-pathogen_interaction,
621,VIT_11s0052g00220,13,0.0063,Unknown protein,,,,
622,VIT_06s0004g01150,13,0.0063,No hit,,,,
623,VIT_01s0011g03650,13,0.0063,Map kinase substrate 1 MKS1,,,,
624,VIT_10s0003g00980,13,0.0063,Unknown protein,,,,
625,VIT_19s0014g04220,13,0.0063,S-locus protein kinase,,,,
626,VIT_07s0005g01170,13,0.0063,Phosphoribosylformylglycinamidine cyclo-ligase chloroplast/precursor,E6_3_3_1,,vv10230Purine_metabolism,
627,VIT_18s0001g08260,13,0.0063,Xylulose kinase,E2_7_1_17,,vv10040Pentose_glucuronate_interconversion,
628,VIT_04s0008g06920,13,0.0063,1 2-diacylglycerol 3-beta-galactosyltransferase,E2_4_1_46,,vv10561Glycerolipid_metabolism,
629,VIT_09s0002g02630,13,0.0063,IAA-amino acid hydrolase 3,IAR3,,vv11002Auxin_biosynthesis,
630,VIT_04s0008g00110,13,0.0062,Jasmonate ZIM domain-containing protein 8,JAZ8_3,,vv30011Jasmonate_signaling,vv60069ZIM
631,VIT_15s0024g01180,13,0.0062,No hit,,,,
632,VIT_18s0001g10240,13,0.0062,N-hydroxycinnamoyl/benzoyltransferase 6,,,,
633,VIT_05s0094g00200,12,0.0058,Chitinase class IV,E3_2_1_14,,vv10530Aminosugars_metabolism,
634,VIT_19s0015g00550,12,0.0058,Nudix hydrolase 10,,,,
635,VIT_01s0026g01730,12,0.0058,WRKY DNA-binding protein 72,WRKY72_1,VvWRKY02,vv60066WRKY,
636,VIT_18s0001g06760,12,0.0058,Clathrin assembly protein 16,CAP16,,vv50110Protein_coat,
637,VIT_15s0024g00980,12,0.0058,Amidase,E3_5_1_4,,vv10220Urea_cycle_and_metabolism_of_amino_groups,vv10360Phenylalanine_metabolism
638,VIT_17s0000g03900,12,0.0058,No hit,,,,
639,VIT_05s0077g02090,12,0.0058,MATE efflux family protein,MATE,,vv50125Porters_cat_66_to_94,
640,VIT_17s0000g07330,12,0.0058,GR-RBP3 (glycine-rich RNA-binding protein 3),,,,
641,VIT_19s0014g00710,12,0.0058,RKF1 (receptor-like kinase in flowers 1),,,,
642,VIT_03s0063g01780,12,0.0058,Extra-large G-protein (XLG1),,,,
643,VIT_07s0104g00660,12,0.0057,2OG-Fe(II) oxygenase,,,,
644,VIT_01s0011g03890,11,0.0053,Receptor serine/threonine kinase PR5K,,,,
645,VIT_07s0005g03710,11,0.0053,Casein Kinase I-like 10,K02218,,vv23008Ribosome_biogenesis_in_Eukaryotes,
646,VIT_08s0040g03130,10,0.0049,Unknown protein,,,,
647,VIT_17s0000g02320,10,0.0049,Glutaredoxin,,,,
648,VIT_16s0050g01690,10,0.0048,Receptor kinase homolog LRK10,,,,
649,VIT_08s0040g01020,10,0.0048,DNA helicase SNF2 domain-containing protein,SNF2HEL_9,,vv60058SNF2,
650,VIT_18s0001g11680,10,0.0048,Unknown protein,,,,
651,VIT_16s0050g01400,10,0.0048,C2 domain-containing protein,,,,
652,VIT_00s0184g00130,9,0.0044,R protein L6,K13477,,vv34627R_proteins_from_Plant-pathogen_interaction,
653,VIT_13s0067g02630,9,0.0044,No hit,,,,
654,VIT_16s0022g00610,9,0.0044,Unknown protein,,,,
655,VIT_18s0001g13300,9,0.0044,Unknown,,,,
656,VIT_01s0127g00490,9,0.0044,Pantothenate kinase 2,E2_7_1_33,,vv10770Pantothenate_and_CoA_biosynthesis,
657,VIT_13s0019g04940,9,0.0044,KOW domain-containing factor family protein,KOWDOM,,,
658,VIT_03s0063g00310,9,0.0044,ABA-responsive element-binding protein ABF4,ABF4,VvbZIP08,vv30001ABA_signaling,vv60012BZIP
659,VIT_15s0045g01260,9,0.0044,Unknown,,,,
660,VIT_04s0079g00660,9,0.0043,SET Domain group 40,SDG40_2,,vv60056SET_PCG,
661,VIT_07s0151g00470,9,0.0043,Leucine-rich repeat family protein,,,,
662,VIT_08s0040g02370,9,0.0043,DnaJ homolog  subfamily C  member 19,K09539,,vv50132Primary_active_transporter_cat_A5_to_A8,
663,VIT_05s0165g00270,9,0.0043,Ankyrin repeat protein family,K10380,,vv50108Accessory_factors_involved_in_transport,
664,VIT_07s0141g00650,9,0.0043,No hit,,,,
665,VIT_14s0066g01240,9,0.0043,L-aspartate oxidase,E1_4_3_16,,vv10252Alanine_and_aspartate_metabolism,vv10760Nicotinate_and_nicotinamide_metabolism
666,VIT_01s0026g01690,9,0.0043,Ethylene-responsive transcription factor WRINKLED 1,WRINKLED1_4,VvAP2-08,vv30008Ethylene_signaling,vv60003AP2_EREBP
667,VIT_07s0104g01160,9,0.0043,Substrate carrier   Mitochondrial,K03454,,vv50123Porters_cat_18_to_29,
668,VIT_00s1557g00020,8,0.0039,Lectin-receptor like protein kinase 3,,,,
669,VIT_11s0016g01470,7,0.0034,Lecithine cholesterol acyltransferase,E2_3_1_43,,vv10564Glycerophospholipid_metabolism,
670,VIT_16s0039g02930,7,0.0034,Unknown,,,,
671,VIT_03s0017g01010,7,0.0034,Peptidase C14  caspase catalytic subunit p20,E3_4_22_36,,,
672,VIT_10s0003g03710,7,0.0034,Cullin-4,K10609,,vv23420Nucleotide_excision_repair,vv24120Ubiquitin_mediated_proteolysis
673,VIT_14s0060g00520,7,0.0034,TPA: class III peroxidase 70 precursor,E1_11_1_7,,vv10360Phenylalanine_metabolism,vv10680Methane_metabolism
674,VIT_12s0059g01580,7,0.0034,Unknown,,,,
675,VIT_09s0002g02800,7,0.0034,Light repressible receptor protein kinase,,,,
676,VIT_18s0001g09220,6,0.0029,Adenine phosphoribosyltransferase,E2_4_2_7,,vv10230Purine_metabolism,
677,VIT_08s0056g00320,6,0.0029,Zinc finger (C3HC4-type ring finger),ZFC3HC4_221,,vv60078Other_zf-C3HC4,
678,VIT_09s0096g01010,6,0.0029,RPP27 (resistance to peronospora parasitica 27),,,,
679,VIT_16s0100g01060,6,0.0029,Stilbene synthase,E2_3_1_95,,vv10940Phenylpropanoid_biosynthesis,
680,VIT_07s0141g00540,6,0.0029,Multi-copper oxidase (SKU5),SKS3,,vv50109Incompletely_characterized_transport_systems,
681,VIT_07s0141g00020,6,0.0029,Sensitive to proton rhizotoxicity 1,STOP1_3,,vv60017C2H2,
682,VIT_18s0001g11130,6,0.0029,Calmodulin-binding protein AR781,,,,
683,VIT_14s0066g01810,6,0.0029,SAG101 (senescence-associated gene 101),,,,
684,VIT_14s0108g00540,6,0.0029,Phosphofructokinase,E2_7_1_90,,vv10051Fructose_and_mannose_metabolism,
685,VIT_18s0117g00590,6,0.0029,Laccase,E1_10_3_2,,vv11000Single_reactions,vv50109Incompletely_characterized_transport_systems
686,VIT_00s0194g00120,6,0.0029,Serine acetyltransferase,E2_3_1_30,,vv10272Cysteine_metabolism,vv10920Sulfur_metabolism
687,VIT_17s0000g09800,6,0.0029,No hit,,,,
688,VIT_09s0018g01660,6,0.0029,Biopterin transport-related protein BT1,BIOPTERIN,,vv50125Porters_cat_66_to_94,
689,VIT_14s0030g02170,6,0.0029,Calcium-binding EF hand,,,,
690,VIT_13s0084g00070,6,0.0029,CYP72A53v1,,,,
691,VIT_13s0047g00330,6,0.0029,FAR1-related sequence 3,FRS3_4,,vv60071Orphans_far-red,
692,VIT_01s0010g03930,6,0.0029,WRKY DNA-binding protein 75,WRKY75_1,VvWRKY03,vv60066WRKY,
693,VIT_12s0057g00260,6,0.0029,External rotenone-insensitive NADPH dehydrogenase,K03885,,vv10190Oxidative_phosphorylation,vv50134Primary_active_transporter_cat_D1
694,VIT_06s0004g03310,6,0.0029,Hydrolase  alpha/beta fold,,,,
695,VIT_11s0016g00880,6,0.0029,Strictosidine synthase; Soluble quinoprotein glucose dehydrogenase,E4_3_3_2,,vv10900Terpenoid_biosynthesis,vv10902Monoterpenoid_biosynthesis
696,VIT_04s0008g01330,6,0.0029,RTE1 (reversion-to-ethylene sensitivity1),RTE1,,vv30008Ethylene_signaling,
697,VIT_05s0020g04790,6,0.0029,Ribosomal protein S15 (RPS15D) 40S,K02958,,vv23010Ribosome,
698,VIT_08s0040g03040,6,0.0029,Glutathione S-transferase GSTO1,E2_5_1_18_GSTO1,,vv10480Glutathione_metabolism,
699,VIT_16s0022g00700,6,0.0029,Pectinesterase family,E3_1_1_11,,vv40006Cell_wall,
700,VIT_09s0002g08870,4,0.0019,F-box/kelch-repeat protein,,,,
701,VIT_06s0004g04600,4,0.0019,Protein phosphatase 2C POLTERGEIST-like 4,,,,
702,VIT_08s0007g01230,4,0.0019,Lectin protein kinase,,,,
703,VIT_13s0064g01300,4,0.0019,RAB GTPase SMG1,K07976,,,
704,VIT_06s0004g01630,4,0.0019,Transcription factor jumonji (jmjC) domain-containing protein,JMJD5,,vv60038Jumonji,
705,VIT_02s0012g01940,4,0.0019,Myb KAN2 (KANADI 2),KANADI2_1,,vv60029G2-like,
706,VIT_04s0008g01480,3,0.0015,NOL1/NOP2/sun family protein,K03500,,,
707,VIT_12s0034g01230,3,0.0015,Thaumatin ATLP-1,,,,
708,VIT_08s0007g00310,3,0.0015,Protein phosphatase 2C POLTERGEIST-like 4,,,,
709,VIT_12s0057g01440,3,0.0015,Heavy-metal-associated domain-containing protein,,,,
710,VIT_15s0024g00700,3,0.0015,Lysyl-tRNA synthetase,E6_1_1_6,,vv10300Lysine_biosynthesis,vv20970Aminoacyl-tRNA_biosynthesis
711,VIT_12s0028g02530,3,0.0015,Zinc finger (C3HC4-type ring finger),ZFC3HC4_36,,vv60078Other_zf-C3HC4,
712,VIT_04s0023g01100,3,0.0015,Calmodulin,K02183,,vv34020Calcium_signaling_pathway,vv34626Plant-pathogen_interaction
713,VIT_08s0007g05720,3,0.0015,No hit,,,,
714,VIT_11s0037g00400,3,0.0015,Zinc finger (C2H2 type) family,C2H2FAM_28,,vv60017C2H2,
715,VIT_00s0353g00050,3,0.0015,Serine/threonine kinase BRLK,,,,
716,VIT_09s0054g00380,3,0.0015,Unknown protein,,,,
717,VIT_19s0014g01650,3,0.0015,Global transcription factor group E 4,GTE4,,vv60076Other_GTF,
718,VIT_07s0129g00440,3,0.0015,Major Facilitator Superfamily,MFS,,vv50121Porters_cat_1_to_6,
719,VIT_16s0050g01240,3,0.0015,Heavy-metal-associated domain-containing protein,,,,
720,VIT_19s0014g00490,3,0.0015,Receptor kinase 2,,,,
721,VIT_06s0009g02600<br>VIT_06s0009g02630,3,0.0015,,,,,
722,VIT_15s0045g01500,3,0.0015,No hit,,,,
723,VIT_07s0197g00060,3,0.0015,Myb family,MYBGE_12,,vv60029G2-like,
724,VIT_07s0031g01010<br>VIT_07s0031g01040<br>VIT_07s0031g01050,3,0.0015,,,,,
725,VIT_19s0014g01850,3,0.0015,Zinc finger (C3HC4-type ring finger),ZFC3HC4_158,,vv60078Other_zf-C3HC4,
726,VIT_19s0085g00500,3,0.0015,Peroxisomal 2 4-dienoyl-CoA reductase,E1_3_1_34,,vv10062Fatty_acid_elongation_in_mitochondria,vv44146Peroxisome
727,VIT_01s0011g02490,3,0.0015,Cytidine/deoxycytidylate deaminase,E3_5_4_5,,vv10240Pyrimidine_metabolism,
728,VIT_18s0001g01630,3,0.0015,Calcium-binding protein CML,K13448,,vv34626Plant-pathogen_interaction,
729,VIT_13s0067g01700,3,0.0015,Steroid 5alpha-reductase,K09591,,vv10905Brassinosteroid_biosynthesis,
730,VIT_01s0010g02910,3,0.0015,ATP binding protein,,,,
731,VIT_05s0049g01450,3,0.0015,No hit,,,,
732,VIT_11s0065g00170,3,0.0015,Squamosa promoter-binding protein 2 (SPL2),SPL2_3,,vv60055SBP,
733,VIT_09s0018g01880,3,0.0015,RNA-binding protein,,,,
734,VIT_02s0025g02900,3,0.0015,Zinc transporter MTPA2,MTPA2,,vv50121Porters_cat_1_to_6,
735,VIT_10s0003g02970,3,0.0015,Alpha-L-arabinofuranosidase,E3_2_1_55,,vv10520Nucleotide_sugars_metabolism,
736,VIT_01s0011g05860,3,0.0015,Aspartate-semialdehyde dehydrogenase,E1_2_1_11,,vv10260Glycine_serine_and_threonine_metabolism,vv10300Lysine_biosynthesis
737,VIT_01s0026g01880,3,0.0015,Protein kinase APK1B,,,,
738,VIT_04s0044g00230,3,0.0015,Monooxygenase (MO2),,,,
739,VIT_03s0063g00890,3,0.0014,formin-binding protein,FORMINBIND,,vv44810Regulation_of_actin_cytoskeleton,
740,VIT_03s0038g02940,3,0.0014,Transducin protein,,,,
741,VIT_04s0023g02080,3,0.0014,Bifunctional dihydrofolate reductase-thymidylate synthase 1,K13998,,vv10240Pyrimidine_metabolism,vv10670One_carbon_pool_by_folate
742,VIT_14s0030g00930,3,0.0014,Laccase,E1_10_3_2,,vv11000Single_reactions,vv50109Incompletely_characterized_transport_systems
743,VIT_18s0001g09070,3,0.0014,ZCW7 protein,,,,
744,VIT_01s0011g03090,3,0.0014,Allene oxide cyclase,E5_3_99_6,,vv10592alpha-Linolenic_acid_metabolism,
745,VIT_03s0063g00290,3,0.0014,Methylcrotonoyl-CoA carboxylase beta chain,E6_4_1_4,,vv10280Valine_leucine_and_isoleucine_degradation,
746,VIT_06s0080g00450,3,0.0014,Calcium-binding protein CML,K13448,,vv34626Plant-pathogen_interaction,
747,VIT_00s0692g00020,3,0.0014,S-linalool synthase,E4_2_3_25,,vv10900Terpenoid_biosynthesis,
748,VIT_01s0011g03850,3,0.0014,Unknown protein,,,,
749,VIT_04s0069g00060,3,0.0014,Glutamate receptor protein,GLR2_7,,vv50101Channels_and_pores,
750,VIT_03s0088g01180,3,0.0014,Proline iminopeptidase,E3_4_11_5,,vv10330Arginine_and_proline_metabolism,
751,VIT_06s0004g06990,3,0.0014,Phytol kinase 2  chloroplast precursor,VTE5,,vv10860Porphyrin_and_chlorophyll_metabolism,
752,VIT_02s0087g00320,3,0.0014,Glycosyl transferase family 1 protein,,,,
753,VIT_02s0025g03780,3,0.0014,Remorin,,,,
754,VIT_00s1584g00010,3,0.0014,Elongation factor 1-alpha,K03231,,vv23013RNA_transport,
755,VIT_05s0094g01610,3,0.0014,No hit,,,,
756,VIT_19s0177g00040,3,0.0014,Polyubiquitin (UBQ14),,,,
757,VIT_14s0066g01380,3,0.0014,Calcium homeostasis regulator CHoR1,CHOR1,,,
