Vv_m2,2000,1000,VIT_07s0005g03340,,,,,
rank,node,Fabs,Frel,Functional-annotation,Name-EC-KeggID,Updated-name,Network1,Network2
1,VIT_12s0028g00610,2055,1,Aspartyl protease,E3_4_23_x,,,
2,VIT_09s0002g00890,2081,0.999,Jasmonate ZIM-domain protein 1,JAZ1_2,,vv30011Jasmonate_signaling,vv60069ZIM
3,VIT_14s0066g01150,2053,0.9981,Cinnamoyl-CoA reductase,E1_2_1_44,,vv10940Phenylpropanoid_biosynthesis,
4,VIT_13s0019g03520,2054,0.9976,No hit,,,,
5,VIT_05s0020g03140,2059,0.9952,Sugar transporter 13,STP13,,vv50121Porters_cat_1_to_6,
6,VIT_10s0003g05430,2046,0.9922,Reticuline oxidase precursor,E1_21_3_3,,vv10950Alkaloid_biosynthesis_I,
7,VIT_09s0002g05610,2045,0.9918,Unknown,,,,
8,VIT_01s0011g03090,2035,0.9903,Allene oxide cyclase,E5_3_99_6,,vv10592alpha-Linolenic_acid_metabolism,
9,VIT_03s0038g03400,2046,0.9889,Endochitinase 1  basic,E3_2_1_14,,vv10530Aminosugars_metabolism,
10,VIT_18s0001g11130,2036,0.9888,Calmodulin-binding protein AR781,,,,
11,VIT_18s0001g06120<br>VIT_18s0001g06090,2034,0.9821,,,,,
12,VIT_18s0072g00260,2009,0.979,Ethylene-responsive transcription factor related to APETALA2 6,RAP2_6,VvERF114,vv30008Ethylene_signaling,vv60003AP2_EREBP
13,VIT_12s0034g02240,2026,0.974,Potassium channel AKT2/3,AKT2,,vv50101Channels_and_pores,
14,VIT_16s0100g00830<br>VIT_16s0100g01120<br>VIT_16s0100g00780<br>VIT_16s0100g00910,2002,0.9662,,,,,
15,VIT_18s0072g00100,2000,0.9639,Unknown protein,,,,
16,VIT_01s0146g00480,1989,0.9613,TIFY 9 (Jasmonate ZIM domain-containing protein 10),JAZ10,,vv30011Jasmonate_signaling,vv60069ZIM
17,VIT_16s0100g00690,1983,0.958,Ankyrin repeat,K10380,,vv50108Accessory_factors_involved_in_transport,
18,VIT_00s0480g00030,1977,0.9551,Polyphenol oxidase,E1_10_3_1,,vv10350Tyrosine_metabolism,vv50109Incompletely_characterized_transport_systems
19,VIT_00s0480g00040,1959,0.9464,Polyphenol oxidase II  chloroplast precursor,E1_10_3_1,,vv10350Tyrosine_metabolism,vv50109Incompletely_characterized_transport_systems
20,VIT_08s0007g04860,1943,0.9423,Nodulin family protein,,,,
21,VIT_01s0010g02450,1940,0.9422,B12D,,,,
22,VIT_04s0008g05970,1933,0.9406,Unknown protein,,,,
23,VIT_16s0100g01010<br>VIT_16s0100g00950<br>VIT_16s0100g01030<br>VIT_16s0100g00990,1933,0.9379,,,,,
24,VIT_08s0007g02040,1945,0.9378,No hit,,,,
25,VIT_04s0023g00290,1926,0.9372,ABC transporter I member 2,ABCI2,,vv52010ABC_transporters,
26,VIT_07s0005g00260,1903,0.9202,Glutathione-conjugate transporter (MRP10),MRP10,,vv52010ABC_transporters,
27,VIT_01s0146g00180,1900,0.9201,Auxin responsive SAUR protein,SAUR,,vv30003Auxin_signaling,
28,VIT_10s0003g05450,1900,0.9188,Reticuline oxidase precursor,E1_21_3_3,,vv10950Alkaloid_biosynthesis_I,
29,VIT_02s0012g00400,1896,0.9177,1-aminocyclopropane-1-carboxylate oxidase,E1_14_17_4,,vv10640Propanoate_metabolism,vv30008Ethylene_signaling
30,VIT_18s0117g00300,1890,0.9144,Coatomer protein complex  subunit beta 2,COPB2,,vv50110Protein_coat,
31,VIT_12s0059g01380,1890,0.9104,1-aminocyclopropane-1-carboxylate oxidase 1,E1_14_17_4,,vv10640Propanoate_metabolism,vv30008Ethylene_signaling
32,VIT_10s0003g00150,1876,0.9085,NSL1 (necrotic spotted lesions 1),,,,
33,VIT_18s0001g08760,1881,0.9065,No hit,,,,
34,VIT_16s0100g01160,1839,0.8971,Stilbene synthase [Vitis vinifera],E2_3_1_95,,vv10940Phenylpropanoid_biosynthesis,
35,VIT_07s0031g01980,1859,0.8968,Ethylene-responsive transcription factor aba repressor 1 abr1/erf111,ABR1,VvERF113,vv30001ABA_signaling,vv30008Ethylene_signaling
36,VIT_05s0020g03690<br>VIT_05s0020g03710,1840,0.8923,,,,,
37,VIT_06s0004g06480,1815,0.8802,CYP71E,E1_14_13_73,,vv10902Monoterpenoid_biosynthesis,
38,VIT_13s0156g00170,1811,0.8796,Molybdopterin synthase (CNX2),K03638,,vv10790Folate_biosynthesis,
39,VIT_14s0108g00540,1818,0.8774,Phosphofructokinase,E2_7_1_90,,vv10051Fructose_and_mannose_metabolism,
40,VIT_06s0061g01210,1807,0.8729,Lysine histidine transporter 1,LHT1,,vv50123Porters_cat_18_to_29,
41,VIT_04s0069g01010,1771,0.8543,Harpin-induced protein,,,,
42,VIT_10s0003g03790,1765,0.851,Jasmonate ZIM domain-containing protein 8,JAZ8_2,,vv30011Jasmonate_signaling,vv60069ZIM
43,VIT_02s0012g00390,1767,0.8503,Norcoclaurine synthase,E4_2_1_78,,vv10950Alkaloid_biosynthesis_I,
44,VIT_13s0067g01700,1733,0.8433,Steroid 5alpha-reductase,K09591,,vv10905Brassinosteroid_biosynthesis,
45,VIT_16s0100g01200<br>VIT_16s0100g01070,1754,0.8433,,,,,
46,VIT_10s0116g01200,1750,0.843,WRKY DNA-binding protein 6,WRKY6_1,VvWRKY29,vv60066WRKY,
47,VIT_03s0038g04450,1748,0.8412,Basic leucine-zipper 11 GBF6,GBF6_1,VvbZIP07,vv60012BZIP,
48,VIT_03s0017g01940,1741,0.8411,Unknown,,,,
49,VIT_00s0204g00040,1734,0.8277,Unknown protein,,,,
50,VIT_11s0149g00280,1716,0.8226,Chitinase A,E3_2_1_14,,vv10530Aminosugars_metabolism,
51,VIT_01s0010g03690,1689,0.8211,Splicing factor YT521-B,,,,
52,VIT_18s0001g14480,1687,0.8185,Thaumatin SCUTL1,,,,
53,VIT_16s0013g00890,1697,0.8155,Ethylene-responsive element binding factor,ERF1A,VvERF077,vv30008Ethylene_signaling,vv60003AP2_EREBP
54,VIT_08s0007g01470,1675,0.8135,Copper transporter 3,COPT3,,vv50101Channels_and_pores,
55,VIT_11s0052g01730,1676,0.8101,1-deoxy-D-xylulose-5-phosphate synthase,E2_2_1_7,,vv10100Biosynthesis_of_steroids,
56,VIT_09s0002g02700,1666,0.8099,Basic helix-loop-helix (bHLH) family,BHLHDOM_29,,vv60011BHLH,
57,VIT_14s0030g01540,1661,0.8051,Cysteine synthase,E2_5_1_47,,vv10272Cysteine_metabolism,vv10450Selenoamino_acid_metabolism
58,VIT_18s0166g00190,1662,0.8029,U-box domain-containing protein,,,,
59,VIT_05s0102g00660,1655,0.8026,No hit,,,,
60,VIT_16s0100g00860<br>VIT_16s0100g00940<br>VIT_16s0100g00800<br>VIT_16s0100g00920<br>VIT_16s0100g00930<br>VIT_16s0100g00810<br>VIT_16s0100g00840<br>VIT_16s0100g00850,1667,0.8014,,,,,
61,VIT_14s0128g00390,1650,0.799,Mitochondrial FAD carrier,MFADC,,vv50123Porters_cat_18_to_29,
62,VIT_04s0044g00510,1633,0.7923,GT2-like trihelix DNA-binding protein,GT2REL_4,,vv60062Trihelix,
63,VIT_04s0008g00110,1623,0.7879,Jasmonate ZIM domain-containing protein 8,JAZ8_3,,vv30011Jasmonate_signaling,vv60069ZIM
64,VIT_08s0007g08750,1622,0.7843,Heat shock transcription factor B3,HSFB3,,vv60037HSF,
65,VIT_16s0100g00750,1624,0.783,Stilbene synthase,E2_3_1_95,,vv10940Phenylpropanoid_biosynthesis,
66,VIT_11s0016g02740,1616,0.7811,Beta-carotene 15 15'-monooxygenase,E1_14_99_36,,vv10906Carotenoid_biosynthesis,
67,VIT_04s0044g01880,1613,0.7789,Auxin Efflux Carrier,AUXEFF,,vv50004Auxin_transport,vv50125Porters_cat_66_to_94
68,VIT_09s0002g06400,1607,0.7786,No hit,,,,
69,VIT_13s0067g01020,1602,0.7754,Leucoanthocyanidin dioxygenase,E1_14_11_19,,vv10941Flavonoid_biosynthesis,
70,VIT_16s0022g00440,1594,0.7749,Dynein light chain LC8-type,K10418,,vv44810Regulation_of_actin_cytoskeleton,
71,VIT_13s0067g01730,1597,0.7749,Steroid 5alpha-reductase,K09591,,vv10905Brassinosteroid_biosynthesis,
72,VIT_11s0065g00350,1600,0.7715,Trans-cinnamate 4-monooxygenase,E1_14_13_11,,vv10360Phenylalanine_metabolism,vv10940Phenylpropanoid_biosynthesis
73,VIT_12s0028g01510,1572,0.7638,NADP-dependent glyceraldehyde-3-phosphate dehydrogenase,E1_2_1_41,,vv10220Urea_cycle_and_metabolism_of_amino_groups,vv50101Channels_and_pores
74,VIT_10s0116g00860,1576,0.7599,Cardiolipin synthase,K06131,,vv10564Glycerophospholipid_metabolism,
75,VIT_06s0009g03470,1569,0.7594,Unknown protein,,,,
76,VIT_02s0012g01320,1571,0.7575,MYC jasmonic acid 3,MYC2_1,,vv30011Jasmonate_signaling,vv34626Plant-pathogen_interaction
77,VIT_16s0100g01100,1562,0.7546,Stilbene synthase,E2_3_1_95,,vv10940Phenylpropanoid_biosynthesis,
78,VIT_11s0052g01780,1552,0.753,1-deoxy-D-xylulose-5-phosphate synthase,E2_2_1_7,,vv10100Biosynthesis_of_steroids,
79,VIT_11s0016g01800,1555,0.7516,Protein kinase MK6,,,,
80,VIT_12s0059g01120,1532,0.7462,CAF protein,,,,
81,VIT_02s0012g00410,1548,0.7449,Naringenin 2-oxoglutarate 3-dioxygenase,E1_14_11_9,,vv10941Flavonoid_biosynthesis,
82,VIT_18s0001g07490,1539,0.7446,Auxin-independent growth promoter,AXI1,,vv30003Auxin_signaling,
83,VIT_16s0098g01820,1537,0.7443,Unknown protein,,,,
84,VIT_00s0301g00080,1541,0.7434,No hit,,,,
85,VIT_07s0129g00770,1525,0.7414,CYP81D2,,,,
86,VIT_18s0001g13340,1525,0.741,Purple acid phosphatase 32- ATPAP32/PAP32,E3_1_3_2,,vv10740Riboflavin_metabolism,
87,VIT_01s0026g01730,1527,0.7384,WRKY DNA-binding protein 72,WRKY72_1,VvWRKY02,vv60066WRKY,
88,VIT_07s0031g00040,1492,0.7239,Unknown protein,,,,
89,VIT_06s0004g06320,1485,0.7164,Anthranilate synthase component I-1  chloroplast precursor,E4_1_3_27,,vv10400Phenylalanine_tyrosine_and_tryptophan_biosynthesis,
90,VIT_02s0234g00130,1480,0.7119,Ethylene responsive element binding factor 1,ERF1_9,VvERF076,vv30008Ethylene_signaling,vv30011Jasmonate_signaling
91,VIT_16s0013g01590,1456,0.7082,No hit,,,,
92,VIT_16s0100g01140,1463,0.7078,Stilbene synthase 2,E2_3_1_95,,vv10940Phenylpropanoid_biosynthesis,
93,VIT_00s0252g00130,1451,0.7064,Calcium-binding protein CML,K13448,,vv34626Plant-pathogen_interaction,
94,VIT_06s0004g04010,1463,0.7051,Exocyst subunit EXO70 H7,EXO70H7,,vv50111Tethering_factors,
95,VIT_17s0000g00200,1442,0.701,Ethylene-responsive transcription factor ERF114,ERF114_1,VvERF118,vv30008Ethylene_signaling,vv60003AP2_EREBP
96,VIT_00s0301g00090,1456,0.7,NDA2 (alternative NAD(P)H dehydrogenase 2),K03885,,vv10190Oxidative_phosphorylation,vv50134Primary_active_transporter_cat_D1
97,VIT_01s0010g03930,1441,0.6985,WRKY DNA-binding protein 75,WRKY75_1,VvWRKY03,vv60066WRKY,
98,VIT_11s0078g00290,1451,0.6973,Cinnamate 4-hydroxylase,E1_14_13_11,,vv10360Phenylalanine_metabolism,vv10940Phenylpropanoid_biosynthesis
99,VIT_04s0044g00220,1446,0.6945,Monooxygenase,,,,
100,VIT_06s0004g03100,1434,0.6944,MLO1,K08472,,,
101,VIT_18s0001g04640,1436,0.6941,No hit,,,,
102,VIT_02s0025g04500,1421,0.6881,Ran-binding protein 1 RanBP1 domain containing,RANBP1DC,,vv50109Incompletely_characterized_transport_systems,
103,VIT_08s0007g08240,1419,0.6868,Unknown,,,,
104,VIT_08s0007g02760,1407,0.6804,IAA-amino acid hydrolase 1 (ILR1),K01463,,vv11002Auxin_biosynthesis,
105,VIT_05s0094g00360,1400,0.6773,Chitinase class IV,E3_2_1_14,,vv10530Aminosugars_metabolism,
106,VIT_06s0004g01610,1399,0.6768,Ethylene-insensitive33 (EIL3),EIL3,,vv30008Ethylene_signaling,vv60027EIL
107,VIT_01s0011g01350,1390,0.6744,No hit,,,,
108,VIT_16s0100g01150,1370,0.6634,Stilbene synthase [Vitis vinifera],E2_3_1_95,,vv10940Phenylpropanoid_biosynthesis,
109,VIT_14s0006g02610,1374,0.6628,Unknown protein,,,,
110,VIT_15s0021g02470,1360,0.6605,Epoxide hydrolase-like protein,E3_3_2_10,,,
111,VIT_16s0100g01060,1356,0.6595,Stilbene synthase,E2_3_1_95,,vv10940Phenylpropanoid_biosynthesis,
112,VIT_06s0061g01370,1357,0.6552,Unknown protein,,,,
113,VIT_16s0100g00760,1331,0.6439,Stilbene synthase 2 [Vitis sp. cv. 'Norton'],E2_3_1_95,,vv10940Phenylpropanoid_biosynthesis,
114,VIT_16s0100g00960,1300,0.6247,Stilbene synthase [Vitis pseudoreticulata],E2_3_1_95,,vv10940Phenylpropanoid_biosynthesis,
115,VIT_06s0009g03670,1295,0.6223,F-box family protein,,,,
116,VIT_11s0016g02440,1289,0.6173,HRT domain containing,HRT1,,vv60036HRT,
117,VIT_17s0000g08150,1270,0.6135,Basic helix-loop-helix (bHLH) family,BHLHDOM_17,,vv60011BHLH,
118,VIT_08s0040g01660,1269,0.613,No hit,,,,
119,VIT_07s0141g00060,1275,0.613,Beta-ketoacyl-CoA-synthase,E2_3_1_41,,vv10061Fatty_acid_biosynthesis,
120,VIT_16s0098g00780,1261,0.6057,Auxin-amidohydrolase precursor,ILL3,,vv11002Auxin_biosynthesis,
121,VIT_10s0042g01360,1246,0.6049,Unknown protein,,,,
122,VIT_02s0012g00730,1249,0.6037,Purine permease 10 PUP10,PUP10,,vv50122Porters_cat_7_to_17,
123,VIT_12s0055g00340,1244,0.5992,WRKY DNA-binding protein 9,WRKY9,VvWRKY39,vv60066WRKY,
124,VIT_12s0142g00360,1225,0.5955,SHATTERPROOF 2,SHATTERPROOF2,,vv60042MADS,
125,VIT_04s0008g00650,1231,0.5944,3'-5' exonuclease domain-containing protein,K01146,,,
126,VIT_14s0083g01050,1214,0.5893,SEPALLATA1,SEPALLATA1_2,,vv30009Flower_development,vv60042MADS
127,VIT_17s0000g05360,1210,0.5871,Germin,,,,
128,VIT_04s0023g02900,1213,0.5868,Ferulate-5-hydroxylase,K09755,,vv10940Phenylpropanoid_biosynthesis,
129,VIT_08s0007g03900,1215,0.5839,Heat stress transcription factor A3,HSFA3,,vv60037HSF,
130,VIT_01s0011g03850,1206,0.5832,Unknown protein,,,,
131,VIT_13s0019g01010,1197,0.5794,ABA2 (ABA deficient 2),E1_1_1_288,,vv10906Carotenoid_biosynthesis,vv11013ABA_biosynthesis
132,VIT_19s0027g00010,1192,0.5764,Leucine-rich repeat family protein,,,,
133,VIT_15s0046g02220,1185,0.5733,ACC synthase,E4_4_1_14,,vv10640Propanoate_metabolism,vv30008Ethylene_signaling
134,VIT_04s0044g00040,1182,0.5732,Dirigent,,,,
135,VIT_10s0042g00930<br>VIT_10s0042g00890<br>VIT_10s0042g00870<br>VIT_10s0042g00860<br>VIT_10s0042g00920,1182,0.5727,,,,,
136,VIT_05s0077g01580,1172,0.5673,Pathogenesis protein 10 [Vitis vinifera],,,,
137,VIT_15s0021g01630,1172,0.5662,Ethylene responsive element binding factor 2,ERF2_1,,vv30008Ethylene_signaling,vv60003AP2_EREBP
138,VIT_06s0004g07350,1169,0.5658,Substrate carrier  Mitochondrial,K03454,,vv50123Porters_cat_18_to_29,
139,VIT_10s0003g03800,1171,0.5608,Jasmonate ZIM domain-containing protein 8,JAZ8_1,,vv30011Jasmonate_signaling,vv60069ZIM
140,VIT_14s0036g01090,1153,0.5565,Unknown protein,,,,
141,VIT_06s0004g01010,1142,0.5512,Dirigent protein pDIR9,,,,
142,VIT_03s0038g04320,1135,0.5507,SUMO activating enzyme 2 (SAE2),K10685,,vv24120Ubiquitin_mediated_proteolysis,vv50112Nuclear_pore_complex
143,VIT_12s0034g01000,1132,0.5487,Ribosomal protein P0 acidic,K02941,,vv23010Ribosome,
144,VIT_17s0000g01970,1128,0.5447,MKK9,MKK9,,vv30008Ethylene_signaling,vv34626Plant-pathogen_interaction
145,VIT_03s0088g00160,1125,0.5416,Serine carboxypeptidase SCPL17,,,,
146,VIT_12s0028g03630,1114,0.5395,Ubiquitin-conjugating enzyme E2 O,K10581,,vv24120Ubiquitin_mediated_proteolysis,
147,VIT_17s0000g06690,1118,0.5391,Unknown,,,,
148,VIT_06s0004g03620,1115,0.5384,MAPK MPK13,MPK13,,,
149,VIT_07s0031g02610,1117,0.5378,NAC domain containing protein 2,NAC2_6,VvNAC39,vv60046NAC,
150,VIT_13s0064g00390,1098,0.5338,Polyamine oxidase,E1_5_3_11,,vv11000Single_reactions,
151,VIT_07s0129g00730,1094,0.5321,CYP81E1 Isoflavone 2'-hydroxylase,E1_14_13_89,,vv10943Isoflavonoid_biosynthesis,
152,VIT_05s0049g00490,1095,0.5295,Ethylene response factor ERF14,ERF14_2,VvERF109,vv30008Ethylene_signaling,vv60003AP2_EREBP
153,VIT_03s0063g01960,1094,0.5277,Non-symbiotic hemoglobin class 1,C01708,,vv10860Porphyrin_and_chlorophyll_metabolism,
154,VIT_00s0188g00160,1074,0.5209,Calmodulin-binding protein,,,,
155,VIT_16s0100g01190,1080,0.5175,Stilbene synthase [Vitis vinifera],E2_3_1_95,,vv10940Phenylpropanoid_biosynthesis,
156,VIT_02s0033g00920,1068,0.5174,No hit,,,,
157,VIT_19s0014g04940,1067,0.5165,Chitin-inducible gibberellin-responsive protein 1,CIGR1,,vv30010Gibberellin_signaling,vv60032GRAS
158,VIT_19s0090g01070,1067,0.5147,Glucan endo-1 3-beta-glucosidase 7 precursor,E3_2_1_39,,vv10500Starch_and_sucrose_metabolism,
159,VIT_02s0025g00420,1056,0.5089,WRKY DNA-binding protein 27,WRKY27_2,VvWRKY04,vv60066WRKY,
160,VIT_09s0002g00510,1045,0.5058,Lipase GDSL 1,,,,
161,VIT_18s0041g01350,1045,0.5051,Receptor-like protein kinase HAIKU2,,,,
162,VIT_06s0004g02720,1037,0.5012,Pleckstriny (PH) domain-containing protein,,,,
163,VIT_17s0000g07780,1038,0.5012,Calmodulin-binding protein,K02183,,vv34020Calcium_signaling_pathway,vv34626Plant-pathogen_interaction
164,VIT_10s0042g00840,1032,0.5,Stilbene synthase [Vitis pseudoreticulata],E2_3_1_95,,vv10940Phenylpropanoid_biosynthesis,
165,VIT_13s0320g00030,1023,0.4944,Unknown protein,,,,
166,VIT_16s0100g00880,1010,0.491,Stilbene synthase [Vitis pseudoreticulata],E2_3_1_95,,vv10940Phenylpropanoid_biosynthesis,
167,VIT_18s0001g04660,1008,0.4888,No hit,,,,
168,VIT_12s0028g03750,1006,0.4869,Zinc finger (C3HC4-type ring finger),ZFC3HC4_92,,vv60078Other_zf-C3HC4,
169,VIT_03s0038g04700,1006,0.486,Isoflavone reductase,E1_3_1_45,,vv10943Isoflavonoid_biosynthesis,
170,VIT_05s0049g01420,997,0.4826,Peroxisomal membrane protein PMP22,,,,
171,VIT_03s0091g00810,1004,0.482,Beta-1 4-xylosidase,E3_2_1_37,,vv10500Starch_and_sucrose_metabolism,vv10520Nucleotide_sugars_metabolism
172,VIT_15s0048g00840,992,0.4804,Lateral organ boundaries domain protein 19 (LBD19),LBD19,,vv60007AS2,
173,VIT_06s0061g01390,988,0.475,CBF transcription factor,CBF1_2,VvERF027,vv30008Ethylene_signaling,vv60003AP2_EREBP
174,VIT_07s0104g00450,969,0.4686,Unknown,,,,
175,VIT_14s0030g00340,970,0.467,Sugar transporter ERD6-like 8,ERD6L8,,vv50121Porters_cat_1_to_6,
176,VIT_00s0301g00070,959,0.4649,No hit,,,,
177,VIT_18s0041g00850,960,0.4642,Non-symbiotic hemoglobin class 1,C01708,,vv10860Porphyrin_and_chlorophyll_metabolism,
178,VIT_11s0016g00710,958,0.4635,Jasmonate ZIM-domain protein 1,JAZ1_1,,vv30011Jasmonate_signaling,vv60069ZIM
179,VIT_01s0150g00410,957,0.4599,Unknown protein,,,,
180,VIT_07s0031g00570,952,0.4597,Lipase class 3,,,,
181,VIT_19s0014g04280,950,0.4596,S-locus protein kinase,,,,
182,VIT_00s0301g00060,949,0.4582,No hit,,,,
183,VIT_08s0007g02360,943,0.4553,Harpin inducing protein 1-like 9,,,,
184,VIT_08s0007g04890,936,0.4544,ACT domain-containing protein,,,,
185,VIT_01s0146g00060,938,0.4525,Glucose-6-phosphate 1-dehydrogenase 2  chloroplast precursor,E1_1_1_49,,vv10030Pentose_phosphate,vv10480Glutathione_metabolism
186,VIT_16s0100g01130,938,0.452,Stilbene synthase [Vitis vinifera],E2_3_1_95,,vv10940Phenylpropanoid_biosynthesis,
187,VIT_01s0026g01380,922,0.4487,Glutathione S-transferase 29 GSTU18,E2_5_1_18_GSTU18,,vv10480Glutathione_metabolism,
188,VIT_04s0008g06050,928,0.4472,Phytosulfokine receptor precursor,,,,
189,VIT_00s0227g00140,918,0.4456,MLO1,K08472,,,
190,VIT_05s0020g03190,912,0.4408,Haloacid dehalogenase hydrolase,E3_1_3_18,,vv10630Glyoxylate_and_dicarboxylate_metabolism,
191,VIT_18s0117g00070,912,0.4399,R protein L6,K13477,,vv34627R_proteins_from_Plant-pathogen_interaction,
192,VIT_15s0048g00070,906,0.4392,No hit,,,,
193,VIT_09s0002g02930,895,0.4328,RNA polymerase transcriptional regulation mediator,TRANSREGMED_1,,vv60084MED,
194,VIT_03s0091g00160,887,0.4291,NtPRp27 secretory protein,,,,
195,VIT_05s0062g00710,882,0.4275,UDP-glucose:flavonoid 7-O-glucosyltransferase,E2_4_1_237,,vv10941Flavonoid_biosynthesis,
196,VIT_07s0141g00890,881,0.4268,CYP94A1,,,,
197,VIT_00s0262g00010,876,0.425,Receptor kinase RK20-1,,,,
198,VIT_12s0059g01720,876,0.424,No hit,,,,
199,VIT_00s2648g00010,872,0.4237,FAD-dependent pyridine nucleotide-disulphide oxidoreductase,,,,
200,VIT_05s0029g00680,871,0.422,Beta-D-galactosidase,E3_2_1_23,,vv10052Galactose_metabolism,vv10511N-Glycan_degradation
201,VIT_05s0077g01680,864,0.4194,Mal d 1 allergen,,,,
202,VIT_16s0100g01040,862,0.4174,Stilbene synthase - grape,E2_3_1_95,,vv10940Phenylpropanoid_biosynthesis,
203,VIT_13s0019g00020,865,0.4153,Cation efflux MTP11,MTP11,,vv50121Porters_cat_1_to_6,
204,VIT_13s0073g00110,856,0.4139,No hit,,,,
205,VIT_06s0004g00670,858,0.4129,Accelerated cell death 1 ACD1,ACD1,,vv50133Primary_active_transporter_cat_A9_to_A18,
206,VIT_08s0007g02850,857,0.4112,F-box family protein,,,,
207,VIT_12s0059g02620,850,0.4108,Receptor protein kinase RK20-1,,,,
208,VIT_12s0134g00060,842,0.4091,Ribosomal protein L2,K02886,,vv23010Ribosome,
209,VIT_11s0016g02780,841,0.4075,Myb domain protein 68,MYB68_1,MYB154,vv60044MYB,
210,VIT_00s0179g00250,833,0.4032,No hit,,,,
211,VIT_13s0019g01700,829,0.4022,Scarecrow transcription factor 14 (SCL14),SCL14_1,,vv60032GRAS,
212,VIT_08s0040g00820,828,0.4004,CYP94A1,,,,
213,VIT_07s0005g04620,826,0.3994,Unknown,,,,
214,VIT_05s0049g00460,822,0.3994,Basic helix-loop-helix ILR3,ILR3_3,,vv11002Auxin_biosynthesis,vv60011BHLH
215,VIT_18s0001g09150,821,0.3964,Ca2+-transporting ATPase 2 ACA2,K01537,,vv34020Calcium_signaling_pathway,vv50131Primary_active_transporter_cat_A2_to_A4
216,VIT_14s0066g01670,817,0.3964,Alpha-dioxygenase,K10529,,vv10592alpha-Linolenic_acid_metabolism,
217,VIT_13s0019g01860,826,0.395,Actin-related protein 5,ARP5,,vv44810Regulation_of_actin_cytoskeleton,
218,VIT_07s0005g02560,818,0.3944,Chitinase Class I,E3_2_1_14,,vv10530Aminosugars_metabolism,
219,VIT_18s0001g05570,807,0.3929,Hexose transporter HT2,VVHT2,,vv50121Porters_cat_1_to_6,
220,VIT_11s0118g00550,808,0.3894,CTV.13 Jp18,,,,
221,VIT_05s0077g01570,801,0.3886,Pathogenesis protein 10 [Vitis vinifera],,,,
222,VIT_12s0035g01000,804,0.3884,Serine protease inhibitor  serine-type,,,,
223,VIT_14s0081g00070,801,0.3853,Zinc finger (C3HC4-type ring finger),ZFC3HC4_49,,vv60078Other_zf-C3HC4,
224,VIT_14s0030g00350,787,0.3804,RKF3 (receptor-like kinase IN in flowers 3),RKF3,,vv60042MADS,
225,VIT_10s0116g00710,786,0.3797,Tryptophan synthase  beta subunit,E4_2_1_20,,vv10400Phenylalanine_tyrosine_and_tryptophan_biosynthesis,
226,VIT_11s0037g00730,779,0.3778,Unknown protein,,,,
227,VIT_16s0098g01750,784,0.3767,Unknown protein,,,,
228,VIT_12s0028g02530,771,0.3748,Zinc finger (C3HC4-type ring finger),ZFC3HC4_36,,vv60078Other_zf-C3HC4,
229,VIT_08s0058g00970,769,0.374,Cationic peroxidase,E1_11_1_7,,vv10360Phenylalanine_metabolism,vv10680Methane_metabolism
230,VIT_04s0023g02100,769,0.3735,Unknown,,,,
231,VIT_18s0001g10180,769,0.3719,N-hydroxycinnamoyl/benzoyltransferase 3,,,,
232,VIT_04s0008g03250,767,0.3711,Homeobox gene 8,VVHB8_3,VvHB13,vv60034HB,
233,VIT_01s0011g06600,767,0.3705,Glutamate decarboxylase,E4_1_1_15,,vv10251Glutamate_metabolism,vv10252Alanine_and_aspartate_metabolism
234,VIT_02s0025g00480,760,0.3668,Serine/threonine-protein phosphatase PP1,K06269,,vv10500Starch_and_sucrose_metabolism,
235,VIT_09s0002g09110,755,0.3661,No hit,,,,
236,VIT_16s0100g00770,748,0.3643,Stilbene synthase,E2_3_1_95,,vv10940Phenylpropanoid_biosynthesis,
237,VIT_12s0035g01470,748,0.3629,Disease resistance protein RPS2,,,,
238,VIT_16s0098g01770,749,0.3629,Vesicle-associated membrane protein 72,K08511,,vv24130SNARE_interactions_in_vesicular_transport,vv50101Channels_and_pores
239,VIT_16s0039g01070,753,0.3612,Glutathione S-transferase 25 GSTU7,E2_5_1_18_GSTU7,,vv10480Glutathione_metabolism,
240,VIT_03s0063g02400,739,0.3587,No hit,,,,
241,VIT_16s0039g01240<br>VIT_16s0039g01360<br>VIT_16s0039g01130<br>VIT_16s0039g01100<br>VIT_00s2508g00010<br>VIT_16s0039g01120<br>VIT_16s0039g01320<br>VIT_00s2849g00010<br>VIT_16s0039g01300<br>VIT_16s0039g01170<br>VIT_16s0039g01280,741,0.3578,,,,,
242,VIT_07s0005g02790,741,0.3578,RPK1 (receptor-like protein kinase 1),,,,
243,VIT_14s0006g01220,740,0.3575,Unknown protein,,,,
244,VIT_02s0025g00530,735,0.353,Unknown,,,,
245,VIT_05s0077g01560,733,0.3526,Pathogenesis protein 10.3 [Vitis quinquangularis],,,,
246,VIT_05s0077g01690,724,0.3499,Pathogenesis protein 10 [Vitis vinifera],,,,
247,VIT_14s0068g00080,726,0.3494,Non-symbiotic hemoglobin class 1,C01708,,vv10860Porphyrin_and_chlorophyll_metabolism,
248,VIT_14s0108g00890,719,0.3487,Beta-1 3-galactosyltransferase,K07819,,vv10602Glycosphingolipid_biosynthesis,
249,VIT_06s0004g00610,717,0.3472,Accelerated cell death 1 ACD1,ACD1,,vv50133Primary_active_transporter_cat_A9_to_A18,
250,VIT_02s0033g00660<br>VIT_02s0033g00850<br>VIT_02s0033g00870<br>VIT_02s0033g00800,713,0.3456,,,,,
251,VIT_05s0077g00510,708,0.3434,Beta-fructofuranosidase,E3_2_1_26,,vv10052Galactose_metabolism,vv10500Starch_and_sucrose_metabolism
252,VIT_10s0003g04080,707,0.3412,Unknown,,,,
253,VIT_10s0003g00030,703,0.3408,Dof zinc finger protein DOF5.3,DOF5_3_1,,vv60015C2C2-DOF,
254,VIT_07s0031g01660,702,0.3393,CYP86A2,,,,
255,VIT_17s0000g09470,698,0.3367,Nitrate transporter3.1,NRT3_1,,vv50121Porters_cat_1_to_6,
256,VIT_06s0004g05070,692,0.3354,Zinc transporter (ZIP2),ZIP2,,vv50121Porters_cat_1_to_6,
257,VIT_01s0026g02550,695,0.3348,MYR1 (MYB-related protein 1),MYR1_3,,vv60029G2-like,
258,VIT_05s0020g03980,682,0.3311,Calmodulin-binding region IQD19,,,,
259,VIT_14s0066g01650,680,0.3272,Nodulin MtN21 family,MTN21,,vv50122Porters_cat_7_to_17,
260,VIT_18s0001g06790,674,0.3272,Ripening regulated protein DDTFR18,DDTFR18,,vv50125Porters_cat_66_to_94,
261,VIT_07s0130g00310,668,0.324,Unknown protein,,,,
262,VIT_14s0128g00020,668,0.3225,Na+/H+ exchanger,NHX1,,vv50124Porters_cat_30_to_64,
263,VIT_01s0011g04780,655,0.3177,Unknown protein,,,,
264,VIT_08s0007g01900,644,0.3132,Proton-dependent oligopeptide transport (POT) family protein,POT,,vv50122Porters_cat_7_to_17,
265,VIT_12s0055g01000,644,0.3128,Peroxidase,E1_11_1_7,,vv10360Phenylalanine_metabolism,vv10680Methane_metabolism
266,VIT_04s0023g03030,646,0.3127,Zinc finger (B-box type),ZFBBOX_7,,vv60073Orphans_zf-b_box,
267,VIT_03s0091g00130,636,0.308,Prp27,,,,
268,VIT_00s0477g00040,633,0.3065,Clathrin assembly protein 16,CAP16,,vv50110Protein_coat,
269,VIT_16s0039g00350,632,0.3056,Unknown protein,,,,
270,VIT_12s0059g00180,628,0.3049,Unknown protein,,,,
271,VIT_12s0034g01760,627,0.3045,Unknown protein,,,,
272,VIT_18s0117g00290,625,0.3027,Coatomer protein complex  subunit beta 2,COPB2,,vv50110Protein_coat,
273,VIT_16s0100g01000,627,0.3025,Stilbene synthase 4,E2_3_1_95,,vv10940Phenylpropanoid_biosynthesis,
274,VIT_07s0031g00790,628,0.3024,Steroid nuclear receptor  ligand-binding,,,,
275,VIT_19s0014g02850,619,0.3012,Dynein light subunit lc6  flagellar outer arm,K10418,,vv44810Regulation_of_actin_cytoskeleton,
276,VIT_15s0046g02170,626,0.3008,3-methyl-2-oxobutanoate hydroxy-methyl-transferase,E2_1_2_11,,vv10770Pantothenate_and_CoA_biosynthesis,
277,VIT_03s0088g00060,620,0.2998,Isoflavone reductase,E1_3_1_45,,vv10943Isoflavonoid_biosynthesis,
278,VIT_06s0004g01030,611,0.2939,Dirigent protein,,,,
279,VIT_03s0091g00530,610,0.2938,N-acetyltransferase ESCO2,,,,
280,VIT_10s0003g04710,609,0.2936,BES1/BZR1 homolog protein,BES1_3,,vv30005Brassinosteroids_signaling,vv60010BES1
281,VIT_06s0004g00110,603,0.292,Unknown protein,,,,
282,VIT_06s0004g06100,603,0.2914,MYB divaricata,DIVARICATA_1,,vv30009Flower_development,vv60044MYB
283,VIT_03s0063g00790,599,0.2899,Carboxyesterase 13; CXE13,E3_1_1_1,,,
284,VIT_10s0003g05640,598,0.2899,UDP-arabinose 4-epimerase 3,E5_1_3_5,,vv10520Nucleotide_sugars_metabolism,
285,VIT_07s0005g00720,602,0.2897,Pectinesterase family,E3_1_1_11,,vv40006Cell_wall,
286,VIT_07s0104g00490,598,0.2892,Unknown,,,,
287,VIT_12s0034g01810,596,0.2876,2OG-Fe(II) oxygenase,,,,
288,VIT_15s0045g00380,591,0.2836,Phosphoesterase,,,,
289,VIT_02s0012g00440,576,0.2787,Norcoclaurine synthase,E4_2_1_78,,vv10950Alkaloid_biosynthesis_I,
290,VIT_07s0104g01260,577,0.2783,flavin-containing monooxygenase,E1_14_13_8,,vv11000Single_reactions,
291,VIT_01s0011g01260,569,0.2759,Phosphatidylinositol N-acetylglucosaminyltransferase subunit C,E2_4_1_198,,vv10563Glycosylphosphatidylinositol-anchor_biosynthesis,
292,VIT_14s0083g00460,563,0.2737,Tryptophan synthase beta chain 2,E4_2_1_20,,vv10400Phenylalanine_tyrosine_and_tryptophan_biosynthesis,
293,VIT_19s0085g01200,558,0.2706,CTP synthase,E6_3_4_2,,vv10240Pyrimidine_metabolism,
294,VIT_00s1679g00010,555,0.2682,Avr9/Cf-9 rapidly elicited protein 75,,,,
295,VIT_13s0047g00700,553,0.2668,Cinnamyl alcohol dehydrogenase,E1_1_1_195,,vv10940Phenylpropanoid_biosynthesis,
296,VIT_10s0042g00700,554,0.2666,Leucine-rich repeat receptor-like protein kinase 1,,,,
297,VIT_01s0011g00250,545,0.2646,6-phosphogluconolactonase,E3_1_1_31,,vv10030Pentose_phosphate,
298,VIT_05s0102g01170,545,0.2637,Sterol-4-alpha-carboxylate 3-dehydrogenase  decarboxylating,E1_1_1_170,,vv10100Biosynthesis_of_steroids,
299,VIT_01s0011g03650,542,0.2632,Map kinase substrate 1 MKS1,,,,
300,VIT_14s0036g00460,541,0.2626,Myb domain protein 102,MYB102_3,MYB135,vv60044MYB,
301,VIT_09s0002g03660,536,0.2598,Retrotransposon protein  Unclassified,,,,
302,VIT_16s0039g01060,539,0.2594,CYP89A2,,,,
303,VIT_00s0131g00280,534,0.2587,C2 domain-containing protein,,,,
304,VIT_10s0003g01600,531,0.2578,WRKY DNA-binding protein 65,WRKY65_1,VvWRKY30,vv60066WRKY,
305,VIT_16s0050g01590,535,0.2576,UDP-glucose: anthocyanidin 5 3-O-glucosyltransferase,RHGT1,,vv10942Anthocyanin_biosynthesis,
306,VIT_14s0060g01140,523,0.2533,PAPA-1,,,,
307,VIT_07s0005g02800,521,0.253,ADP-glucose pyrophosphorylase large subunit 2,E2_7_7_27,,vv10500Starch_and_sucrose_metabolism,
308,VIT_10s0003g01160,519,0.2521,Basic helix-loop-helix (bHLH) family,BHLHDOM_23,,vv60011BHLH,
309,VIT_16s0022g00700,521,0.2508,Pectinesterase family,E3_1_1_11,,vv40006Cell_wall,
310,VIT_06s0061g01560,518,0.2506,PINOID,PINOID,,vv50004Auxin_transport,vv50125Porters_cat_66_to_94
311,VIT_05s0062g01020,518,0.2502,No hit,,,,
312,VIT_05s0029g00180,509,0.2466,ER lumen retaining receptor (HDEL receptor),,,,
313,VIT_02s0012g00690,511,0.2459,No hit,,,,
314,VIT_13s0067g02630,508,0.2455,No hit,,,,
315,VIT_14s0068g01770,505,0.2428,WRKY DNA-binding protein 75,WRKY75_2,VvWRKY43,vv60066WRKY,
316,VIT_05s0094g00200,497,0.2422,Chitinase class IV,E3_2_1_14,,vv10530Aminosugars_metabolism,
317,VIT_00s0194g00120,499,0.2412,Serine acetyltransferase,E2_3_1_30,,vv10272Cysteine_metabolism,vv10920Sulfur_metabolism
318,VIT_08s0056g00080,497,0.2396,Glycosyl transferase family 8 protein,,,,
319,VIT_08s0058g00150,493,0.2385,Ammonium transporter 2,AMT2,,vv50101Channels_and_pores,
320,VIT_08s0040g01250,491,0.2382,CRK (CDPK-related kinase) CRK1,CRK1,,,
321,VIT_14s0108g01170,490,0.2374,Pectinesterase family,E3_1_1_11,,vv40006Cell_wall,
322,VIT_01s0011g02420,491,0.2364,Unknown,,,,
323,VIT_06s0004g03900,488,0.2357,Calcium-transporting ATPase 1  endoplasmic reticulum-type ECA1,K01537,,vv34020Calcium_signaling_pathway,vv50131Primary_active_transporter_cat_A2_to_A4
324,VIT_03s0038g03640,488,0.2351,Phosphoglycerate mutase,E5_4_2_1,,vv10010Glycolysis,
325,VIT_13s0067g03260,487,0.2346,Pheophorbidase,E3_1_1_82,,vv10860Porphyrin_and_chlorophyll_metabolism,
326,VIT_01s0026g01660,486,0.2342,Alpha-amylase isozyme C2 precursor,E3_2_1_1,,vv10500Starch_and_sucrose_metabolism,
327,VIT_05s0029g00320,481,0.2333,Unknown,,,,
328,VIT_05s0049g00500,483,0.2327,Ethylene-responsive transcription factor ERF098,ERF098_2,VvERF110,vv30008Ethylene_signaling,vv60003AP2_EREBP
329,VIT_07s0141g00310,474,0.2302,Phosphoribulokinase/uridine kinase,E2_7_1_48,,vv10240Pyrimidine_metabolism,
330,VIT_01s0026g00250,471,0.2288,Splicing factor,,,,
331,VIT_04s0008g06970,465,0.2243,DnaJ-like zinc-finger protein,ZNJ3,,vv50132Primary_active_transporter_cat_A5_to_A8,
332,VIT_01s0137g00220,459,0.2213,ALB4 (ALBINA 4),K03217,,vv23060Protein_export,vv50122Porters_cat_7_to_17
333,VIT_18s0001g08810,453,0.2205,Unknown protein,,,,
334,VIT_17s0000g08210,453,0.2196,Zinc finger (C3HC4-type ring finger),ZFC3HC4_103,,vv60078Other_zf-C3HC4,
335,VIT_10s0003g02810,450,0.2182,WRKY DNA-binding protein 71,WRKY71_1,VvWRKY31,vv60066WRKY,
336,VIT_02s0033g00770,444,0.2154,Nitrilase 4B,E3_5_5_1,,vv10460Cyanoamino_acid_metabolism,vv10910Nitrogen_metabolism
337,VIT_08s0007g08590,441,0.2147,Pentatricopeptide (PPR) repeat-containing protein,,,,
338,VIT_01s0011g04640,440,0.2129,Auxin Efflux Carrier,AUXEFF,,vv50004Auxin_transport,vv50125Porters_cat_66_to_94
339,VIT_07s0104g01620,441,0.2128,Zinc finger (C2H2 type) MAGPIE,MAGPIE_1,,vv60017C2H2,
340,VIT_05s0077g01710,438,0.2127,U3 small nucleolar RNA-associated protein 5,K14546,,vv23008Ribosome_biogenesis_in_Eukaryotes,
341,VIT_04s0008g06930,438,0.2117,Transposase  IS4,,,,
342,VIT_05s0077g01530,434,0.2086,Pathogenesis protein 10 [Vitis vinifera],,,,
343,VIT_04s0044g00030,429,0.2085,ATSAC1B/IBS2 (impaired in baba-induced sterility 2),E3_1_3_36,,vv10562Inositol_phosphate_metabolism,vv34070Phosphatidylinositol_signaling_system
344,VIT_04s0008g02540,430,0.2078,Zinc finger (C2H2 type) family,C2H2FAM_46,,vv60017C2H2,
345,VIT_10s0003g03930,427,0.2078,Inositol transporter 2,INT2,,vv50121Porters_cat_1_to_6,
346,VIT_04s0023g00300,430,0.2071,Clavata2 receptor protein (CLV2),,,,
347,VIT_06s0004g07770,426,0.2063,Peroxidase,E1_11_1_7,,vv10360Phenylalanine_metabolism,vv10680Methane_metabolism
348,VIT_08s0007g00430,422,0.2034,C2 domain containing protein,,,,
349,VIT_17s0000g08580,415,0.2009,ApaG domain protein,,,,
350,VIT_06s0004g06290,416,0.2001,Binding,,,,
351,VIT_03s0017g01990,411,0.1979,UDP-glucose glucosyltransferase,E2_4_1_35,,vv10500Starch_and_sucrose_metabolism,
352,VIT_03s0017g00650,407,0.1977,GTP cyclohydrolase II,E3_5_4_25,,vv10740Riboflavin_metabolism,
353,VIT_05s0020g04210,408,0.197,Sulfate adenylyltransferase 3,E2_7_7_4,,vv10230Purine_metabolism,vv10450Selenoamino_acid_metabolism
354,VIT_00s0179g00260,404,0.1968,Calcium-transporting ATPase 12 ACA12,K01537,,vv34020Calcium_signaling_pathway,vv50131Primary_active_transporter_cat_A2_to_A4
355,VIT_12s0035g01900,406,0.1967,Pectinesterase family,E3_1_1_11,,vv40006Cell_wall,
356,VIT_07s0104g01790,406,0.1966,Autophagy 18 ATG18d,ATG18,,vv44140Regulation_of_autophagy,
357,VIT_01s0011g03440,402,0.195,DNA mismatch repair protein,,,,
358,VIT_07s0104g00850,401,0.1944,Pto kinase interactor,,,,
359,VIT_07s0129g00750,400,0.1934,CYP81D8,,,,
360,VIT_12s0059g01820,397,0.1933,Protein phosphatase 1D,K10147,,,
361,VIT_01s0011g03070,400,0.1932,AP2 domain-containing protein RAP2.8,RAP2_8,VvRAV1,vv30008Ethylene_signaling,vv60003AP2_EREBP
362,VIT_00s0710g00010,400,0.1926,GCR2-like 1 ABA receptor,,,,
363,VIT_08s0058g00730,396,0.1924,Iron transporter,FERROPORTINREL,,vv50109Incompletely_characterized_transport_systems,
364,VIT_03s0017g02110,398,0.1924,Anthocyanidin 3-O-glucosyltransferase,E2_4_1_115,,vv10942Anthocyanin_biosynthesis,
365,VIT_14s0128g00320,397,0.1919,Amidase,E3_5_1_4,,vv10220Urea_cycle_and_metabolism_of_amino_groups,vv10360Phenylalanine_metabolism
366,VIT_11s0016g01860,394,0.1915,RPS2 (resistant to p. syringae 2),K13459,,vv34626Plant-pathogen_interaction,
367,VIT_07s0005g00950,398,0.1913,Carrier protein  Mitochondrial,K03454,,vv44146Peroxisome,vv50123Porters_cat_18_to_29
368,VIT_10s0003g00580,392,0.1909,ERF/AP2 transcription factor sub B-3  (ATERF-2),ERF1_5,VvERF075,vv30008Ethylene_signaling,vv30011Jasmonate_signaling
369,VIT_18s0001g00220,395,0.1906,Unknown,,,,
370,VIT_10s0042g00850,392,0.1896,Stilbene synthase [Vitis pseudoreticulata],E2_3_1_95,,vv10940Phenylpropanoid_biosynthesis,
371,VIT_18s0041g02170,391,0.1883,Peptidoglycan-binding LysM:Cell wall hydrolase  SleB precursor,,,,
372,VIT_19s0090g00820,384,0.1868,MAPKKK15,,,,
373,VIT_08s0105g00200,387,0.1863,U-box domain-containing protein,,,,
374,VIT_07s0130g00160,379,0.1838,No hit,,,,
375,VIT_08s0058g00280,381,0.1835,Lectin protein kinase,,,,
376,VIT_08s0105g00280,379,0.1828,Ribosomal protein S8e,K02995,,vv23010Ribosome,
377,VIT_18s0001g14380,377,0.1824,Brain and reproductive organ-expressed protein,,,,
378,VIT_12s0034g01270,375,0.1822,RPS4 (resistant to p. syringae 4),RPS4,,vv34627R_proteins_from_Plant-pathogen_interaction,
379,VIT_05s0077g01550,375,0.1814,Pathogenesis protein 10.3 [Vitis quinquangularis],,,,
380,VIT_18s0001g09460,373,0.1804,GASA5,GASA5,,vv30010Gibberellin_signaling,
381,VIT_01s0150g00120,376,0.18,Ethylene-responsive transcription factor ERF114,ERF114_2,VvERF112,vv30008Ethylene_signaling,vv60003AP2_EREBP
382,VIT_01s0011g04680,369,0.1786,Glycosyltransferase family 14,,,,
383,VIT_13s0067g00580,367,0.1769,Cinnamyl alcohol dehydrogenase,E1_1_1_195,,vv10940Phenylpropanoid_biosynthesis,
384,VIT_02s0025g04340,365,0.1764,Osmotin,,,,
385,VIT_13s0019g03550,361,0.176,APETALA2 (AP2) floral homeotic protein,APETALA2TOE2_1,VvAP2-11,vv30008Ethylene_signaling,vv30009Flower_development
386,VIT_09s0002g06660,360,0.175,DEAD  box  RNA helicase RH15,K12812,,vv23013RNA_transport,vv23015mRNA_surveillance_pathway
387,VIT_03s0038g02160,356,0.1724,Thaumatin,,,,
388,VIT_09s0002g08630,350,0.1702,Armadillo/beta-catenin repeat,,,,
389,VIT_00s0558g00030,351,0.17,Pro-X carboxypeptidase Lysosomal,E3_4_16_2,,,
390,VIT_12s0035g00920,341,0.166,Unknown protein,,,,
391,VIT_12s0121g00240,341,0.1648,MuDR transposase; Zinc finger  SWIM-type; Malate synthase-like,,,,
392,VIT_05s0077g01600,334,0.1608,Pathogenesis protein 10 [Vitis vinifera],,,,
393,VIT_09s0018g01290,330,0.1607,Unknown protein,,,,
394,VIT_00s0144g00220,330,0.16,R protein disease resistance protein,RPROT,,vv34627R_proteins_from_Plant-pathogen_interaction,
395,VIT_13s0067g01880,329,0.1592,Other LOB domain-containing protein  ASL5,ASL5_2,,vv60007AS2,
396,VIT_18s0001g03910,330,0.1589,Nitrate reductase 2 (NR2),E1_7_1_1,,vv10910Nitrogen_metabolism,vv34020Calcium_signaling_pathway
397,VIT_04s0023g02130,328,0.1585,1 4-beta-mannan endohydrolase,E3_2_1_78,,vv10051Fructose_and_mannose_metabolism,
398,VIT_12s0055g01020,327,0.1585,Peroxidase,E1_11_1_7,,vv10360Phenylalanine_metabolism,vv10680Methane_metabolism
399,VIT_11s0016g05540,325,0.156,Dicyanin,,,,
400,VIT_10s0003g02030,323,0.1559,Nitrate transporter 1:2,NRT1_2,,vv50122Porters_cat_7_to_17,
401,VIT_11s0016g03080,322,0.1554,Clavata1 receptor kinase (CLV1),,,,
402,VIT_00s0258g00130<br>VIT_16s0148g00370,320,0.1553,,,,,
403,VIT_18s0001g02030,319,0.1543,Signal peptidase 1,K03100,,vv23060Protein_export,vv50132Primary_active_transporter_cat_A5_to_A8
404,VIT_17s0000g01060,317,0.1526,No hit,,,,
405,VIT_00s0226g00100,317,0.152,Regulator of chromosome condensation (RCC1),RCC1,,vv50112Nuclear_pore_complex,
406,VIT_18s0075g00530,314,0.1518,Laccase,E1_10_3_2,,vv11000Single_reactions,vv50109Incompletely_characterized_transport_systems
407,VIT_19s0027g00390,312,0.1515,Protein kinase,,,,
408,VIT_14s0060g02220,313,0.1515,F-actin capping protein alpha subunit,K10364,,vv44810Regulation_of_actin_cytoskeleton,
409,VIT_06s0009g00880,307,0.1482,Axial regulator YABBY2,YABBY2_1,,vv60019C2C2-YABBY,
410,VIT_08s0105g00290,304,0.1474,Zinc finger (C3HC4-type ring finger),ZFC3HC4_75,,vv60078Other_zf-C3HC4,
411,VIT_11s0016g01930,303,0.1467,Diacylglycerol acyltransferase,E2_3_1_20,,vv10561Glycerolipid_metabolism,vv50124Porters_cat_30_to_64
412,VIT_14s0083g00620,302,0.1459,NIK1 (NSP- interacting  kinase 1),,,,
413,VIT_01s0011g06140,301,0.1458,Avr9/Cf-9 rapidly elicited protein,,,,
414,VIT_01s0244g00150,295,0.1426,Auxin response factor 2,ARF2_2,,vv30003Auxin_signaling,vv60004ARF
415,VIT_06s0004g07080,293,0.1424,Unknown protein,,,,
416,VIT_07s0031g03200,292,0.1417,ferrochelatase II,E4_99_1_1,,vv10860Porphyrin_and_chlorophyll_metabolism,
417,VIT_03s0063g00880,292,0.1414,Calmodulin-binding protein,,,,
418,VIT_12s0055g01030,290,0.1404,Peroxidase,E1_11_1_7,,vv10360Phenylalanine_metabolism,vv10680Methane_metabolism
419,VIT_11s0016g01470,284,0.1369,Lecithine cholesterol acyltransferase,E2_3_1_43,,vv10564Glycerophospholipid_metabolism,
420,VIT_01s0010g00510,283,0.1365,Unknown protein,,,,
421,VIT_00s1352g00010,280,0.1363,Myb domain protein 84,MYB84_3,MYB148,vv60044MYB,
422,VIT_02s0012g01630,281,0.1356,Transmembrane protein 41B,TMEM41B,,vv50109Incompletely_characterized_transport_systems,
423,VIT_19s0014g01370,276,0.134,Curculin (mannose-binding) lectin,,,,
424,VIT_06s0004g07500,271,0.1314,WRKY DNA-binding protein 33,WRKY33_1,VvWRKY16,vv34626Plant-pathogen_interaction,vv60066WRKY
425,VIT_08s0105g00610,271,0.1311,Phosphoethanolamine N-methyltransferase 1,E2_1_1_103,,vv10564Glycerophospholipid_metabolism,
426,VIT_16s0098g00720,268,0.1303,Lectin protein kinase,,,,
427,VIT_14s0108g01430,270,0.1301,Zinc finger (C3HC4-type ring finger),ZFC3HC4_63,,vv60078Other_zf-C3HC4,
428,VIT_04s0008g02070,264,0.1275,Avr9/Cf-9 induced kinase 1,,,,
429,VIT_18s0001g00840,263,0.1271,Syringolide-induced protein 14-1-1,,,,
430,VIT_07s0005g03230,263,0.1269,Transcription factor TSRF1,ERF1_4,VvERF099,vv30008Ethylene_signaling,vv30011Jasmonate_signaling
431,VIT_18s0117g00280,256,0.1242,Coatomer protein complex  subunit beta 2,COPB2,,vv50110Protein_coat,
432,VIT_05s0062g00650,254,0.1233,No hit,,,,
433,VIT_04s0079g00790,250,0.1205,Acyl-CoA synthetases (Acyl-activating enzyme 11),E6_2_1_3,,vv10071Fatty_acid_metabolism,vv50104Group_translocators
434,VIT_00s0370g00010,247,0.119,LRR receptor-like serine/threonine-protein kinase,,,,
435,VIT_08s0058g00690,245,0.1188,WRKY DNA-binding protein 33,WRKY33_3,VvWRKY24,vv34626Plant-pathogen_interaction,vv60066WRKY
436,VIT_02s0025g01230,240,0.117,Amino acid permease,AAPREL,,vv50123Porters_cat_18_to_29,
437,VIT_01s0026g00820,242,0.1169,IAA-amino acid hydrolase 1 (ILR1),K01463,,vv11002Auxin_biosynthesis,
438,VIT_19s0090g01870,240,0.1166,Multidrug resistance-associated protein 3,MRP3,,vv52010ABC_transporters,
439,VIT_06s0004g01020,237,0.1147,Dirigent protein,,,,
440,VIT_14s0030g00320,237,0.1146,Sugar transporter ERD6-like 5,ERD6L5,,vv50121Porters_cat_1_to_6,
441,VIT_07s0129g00970,232,0.1117,Protein kinase family,,,,
442,VIT_19s0085g00820,229,0.1108,IMP dehydrogenase,E1_1_1_205,,vv10230Purine_metabolism,
443,VIT_08s0007g05580,229,0.1105,Embryo-abundant protein,,,,
444,VIT_14s0108g00830,229,0.1104,Myb domain protein 94,MYB94_1,MYB30B,vv60044MYB,
445,VIT_03s0088g00140,227,0.1097,Isoflavone reductase protein 2,E1_3_1_45,,vv10943Isoflavonoid_biosynthesis,
446,VIT_19s0015g01320,225,0.1092,Calcium exchanger 5,K07300_CAX5,,vv50123Porters_cat_18_to_29,
447,VIT_13s0019g04760,226,0.1091,Rhamnogalacturonan xylosyltransferase 1,RGXT1,,vv40006Cell_wall,
448,VIT_14s0171g00400,226,0.109,Lysine histidine transporter 1,LHT1,,vv50123Porters_cat_18_to_29,
449,VIT_18s0001g12470,220,0.106,Dehydration-responsive protein,,,,
450,VIT_01s0026g00190,220,0.1059,Armadillo/beta-catenin repeat,,,,
451,VIT_01s0146g00440,218,0.1056,Unknown protein,,,,
452,VIT_12s0059g01770,217,0.1054,Caffeic acid O-methyltransferase,E2_1_1_68,,vv10940Phenylpropanoid_biosynthesis,
453,VIT_05s0020g03680,217,0.105,GCN5 N-acetyltransferase (GNAT),GCN5_7,,vv60082GNAT,
454,VIT_10s0003g01170,215,0.1048,Basic helix-loop-helix (bHLH) family,BHLHDOM_92,,vv60011BHLH,
455,VIT_19s0014g03640,215,0.1045,Myosin VII,K10359,,vv44810Regulation_of_actin_cytoskeleton,
456,VIT_08s0007g02610,215,0.1039,TLD domain-containing protein KIAA1609,,,,
457,VIT_03s0091g00580,213,0.1033,Protein Mpv17,K13348,,vv44146Peroxisome,
458,VIT_11s0016g05000,210,0.1021,Dynein light chain LC8-type,K10418,,vv44810Regulation_of_actin_cytoskeleton,
459,VIT_17s0000g09160,211,0.1021,ferric reduction oxidase 8 FRO8,E1_16_1_7,,vv10860Porphyrin_and_chlorophyll_metabolism,vv50105Transport_electron_carriers
460,VIT_08s0007g04570,211,0.102,UGT73D1 (UDP-glucosyl transferase 73D1); UDP-glycosyltransferase,,,,
461,VIT_09s0096g00500,208,0.1004,Non-symbiotic hemoglobin class 1,C01708,,vv10860Porphyrin_and_chlorophyll_metabolism,
462,VIT_06s0004g07540,207,0.0999,Secoisolariciresinol dehydrogenase,SIRD,,vv10940Phenylpropanoid_biosynthesis,
463,VIT_18s0001g12510,205,0.0995,5' nucleotidase,E3_1_3_5,,vv10230Purine_metabolism,vv10240Pyrimidine_metabolism
464,VIT_16s0050g01850,205,0.0992,AAA-type ATPase,,,,
465,VIT_01s0011g05680,203,0.0983,Unknown protein,,,,
466,VIT_10s0003g01220,202,0.098,Copper-binding family protein,,,,
467,VIT_17s0000g10240,197,0.0963,Isocitrate dehydrogenase [NADP],E1_1_1_42,,vv10020Citrate_cycle,vv10720Reductive_carboxylate_cycle
468,VIT_05s0077g01860,198,0.0955,ERF (ethylene response factor) sub B-2,RAP2_3,VvERF058,vv30008Ethylene_signaling,vv60003AP2_EREBP
469,VIT_06s0004g04950,196,0.094,Scarecrow-like transcription factor 14 SCL14,SCL14_11,,vv60032GRAS,
470,VIT_03s0097g00580,196,0.0939,No hit,,,,
471,VIT_00s0270g00120,192,0.0928,Alpha-amylase/subtilisin inhibitor,E3_2_1_1,,vv10500Starch_and_sucrose_metabolism,
472,VIT_06s0004g06340,190,0.0917,flavodoxin-like quinone reductase 1,FQR1,,vv30003Auxin_signaling,
473,VIT_02s0025g02420,185,0.0895,Major Facilitator Super,,,,
474,VIT_16s0013g00210,184,0.0888,Metacaspase 1,,,,
475,VIT_14s0030g01760,182,0.0881,Unknown protein,,,,
476,VIT_02s0087g01010,180,0.0873,CRK10 (cysteine-rich RLK10),,,,
477,VIT_04s0008g03480,180,0.0871,Beta-carotene 15 15'-monooxygenase,E1_14_99_36,,vv10906Carotenoid_biosynthesis,
478,VIT_07s0104g00370,179,0.0866,Isoamylase-type starch-debranching enzyme 2,E2_4_1_18,,vv10500Starch_and_sucrose_metabolism,
479,VIT_04s0069g00970,176,0.0851,WRKY DNA-binding protein 51,WRKY51_1,VvWRKY11,vv60066WRKY,
480,VIT_11s0118g00230,174,0.085,ATSYTE/NTMC2T2.1/NTMC2TYPE2.1/SYTE,NTMC2T2_1,,vv50109Incompletely_characterized_transport_systems,
481,VIT_19s0014g00930,176,0.0846,Unknown protein,,,,
482,VIT_08s0007g07520,174,0.0844,3-oxoacyl-[acyl-carrier-protein] reductase  chloroplast,E1_1_1_100,,vv10061Fatty_acid_biosynthesis,vv11040Biosynthesis_of_unsaturated_fatty_acids
483,VIT_00s0231g00040,174,0.0843,RPM1-interacting protein 4,K13456,,vv34626Plant-pathogen_interaction,
484,VIT_17s0000g08240,174,0.0842,HT1 (high leaf temperature 1),,,,
485,VIT_14s0060g00250,174,0.0842,Unknown,,,,
486,VIT_01s0010g01710,174,0.084,Phytosulfokine receptor,,,,
487,VIT_06s0004g00270,170,0.0825,Ent-kaurenoic acid 13-hydroxylase,E1_14_13_79,,vv10904Diterpenoid_biosynthesis,
488,VIT_15s0046g02950,170,0.0822,Barwin endoglucanase,,,,
489,VIT_00s0510g00020,170,0.0817,Unknown protein,,,,
490,VIT_18s0122g01290,168,0.0817,RWP-RK domain-containing protein,RWPRKDOM_4,,vv60052RWP-RK,
491,VIT_08s0007g05350,168,0.0812,Haloacid dehalogenase hydrolase,E3_1_3_18,,vv10630Glyoxylate_and_dicarboxylate_metabolism,
492,VIT_03s0091g01040,164,0.0793,No hit,,,,
493,VIT_09s0002g04150,164,0.0792,Isochorismatase protein rutB,E3_3_2_1,,vv10130Ubiquinone_biosynthesis,
494,VIT_08s0007g05100,161,0.0785,Glycosyl hydrolase family 31 protein,,,,
495,VIT_06s0004g05700,161,0.0779,Glutathione S-transferase 8 GSTU8,E2_5_1_18_GSTU8,,vv10480Glutathione_metabolism,
496,VIT_02s0236g00120,159,0.0772,Unknown,,,,
497,VIT_11s0065g01200,159,0.077,No hit,,,,
498,VIT_18s0075g00810,158,0.0768,Laccase,E1_10_3_2,,vv11000Single_reactions,vv50109Incompletely_characterized_transport_systems
499,VIT_01s0010g03900,158,0.0761,SEPALLATA3,SEPALLATA3_2,,vv30009Flower_development,vv60042MADS
500,VIT_03s0038g03530,158,0.0757,LYS/HIS transporter 7,LHT7,,vv50123Porters_cat_18_to_29,
501,VIT_00s1212g00020,154,0.0746,Laccase,E1_10_3_2,,vv11000Single_reactions,vv50109Incompletely_characterized_transport_systems
502,VIT_09s0002g02320,153,0.0741,Cell wall apoplastic invertase,E3_2_1_26,,vv10052Galactose_metabolism,vv10500Starch_and_sucrose_metabolism
503,VIT_12s0035g00470,147,0.0714,No hit,,,,
504,VIT_03s0091g01190,146,0.0707,Magnesium transporter CorA,MRS2REL,,vv50101Channels_and_pores,
505,VIT_00s1448g00030,144,0.0696,Unknown,,,,
506,VIT_00s0353g00050,143,0.069,Serine/threonine kinase BRLK,,,,
507,VIT_03s0091g00150,142,0.0684,NtPRp27 secretory protein,,,,
508,VIT_08s0040g01710,142,0.0683,Phenylalanine ammonia-lyase,E4_3_1_5,,vv10350Tyrosine_metabolism,vv10360Phenylalanine_metabolism
509,VIT_16s0148g00140,141,0.068,Ser/Thr receptor-like kinase1,,,,
510,VIT_04s0044g01200,140,0.0677,Auxin-independent growth promoter,,,,
511,VIT_10s0071g00360<br>VIT_10s0071g00350,139,0.0671,,,,,
512,VIT_18s0001g15650,136,0.0658,Pathogenesis related protein,,,,
513,VIT_07s0031g02720,135,0.0654,Myosin heavy chain,K10352,,vv44810Regulation_of_actin_cytoskeleton,
514,VIT_11s0016g00200,133,0.0645,CBL-interacting protein kinase 6 (CIPK6),CIPK6,,,
515,VIT_08s0007g01560,134,0.0645,Photoassimilate-responsive protein,,,,
516,VIT_14s0171g00140,131,0.0633,Lys Motif-Type Receptor-Like Kinase LYK10,,,,
517,VIT_07s0141g00210,131,0.0633,Tryptophan synthase  alpha subunit,E4_2_1_20,,vv10400Phenylalanine_tyrosine_and_tryptophan_biosynthesis,
518,VIT_10s0003g02070,130,0.0628,Agamous (AG) floral homeotic protein,AGAMOUS_1,,vv30009Flower_development,vv60042MADS
519,VIT_02s0025g02900,130,0.0623,Zinc transporter MTPA2,MTPA2,,vv50121Porters_cat_1_to_6,
520,VIT_07s0005g05680,128,0.0619,Tetratricopeptide repeat domain male sterility MS5,,,,
521,VIT_00s0620g00010,127,0.0616,Triacylglycerol lipase,E3_1_1_3,,vv10561Glycerolipid_metabolism,
522,VIT_14s0030g02030,128,0.0614,Ureidoglycine aminohydrolase,,,,
523,VIT_10s0003g01360,126,0.0608,Cysteine protease,E3_4_22_x,,,
524,VIT_03s0063g02080,126,0.0608,Acyl-CoA:1-acylglycerol-3-phosphate acyltransferase,E2_3_1_51,,vv10561Glycerolipid_metabolism,vv10564Glycerophospholipid_metabolism
525,VIT_14s0128g00300,124,0.0598,Ctp,,,,
526,VIT_07s0005g02170,123,0.0595,Unknown protein,,,,
527,VIT_10s0003g02190,122,0.0592,Nodulin MtN3 family,,,,
528,VIT_18s0001g03620,121,0.0583,Avr9/Cf-9 rapidly elicited protein 284,,,,
529,VIT_19s0090g01410,120,0.0578,Wax synthase isoform 1,E2_3_1_75,,vv11000Single_reactions,
530,VIT_02s0012g00010,120,0.0578,No hit,,,,
531,VIT_18s0001g07230,119,0.0576,Periplasmic divalent cation tolerance protein,K03926,,vv50109Incompletely_characterized_transport_systems,
532,VIT_09s0002g05120,119,0.0575,Zinc finger (C3HC4-type ring finger),ZFC3HC4_179,,vv60078Other_zf-C3HC4,
533,VIT_18s0122g00420,117,0.0567,Laccase,E1_10_3_2,,vv11000Single_reactions,vv50109Incompletely_characterized_transport_systems
534,VIT_06s0004g01990,117,0.0566,No hit,,,,
535,VIT_13s0156g00160,117,0.0564,Unknown,,,,
536,VIT_02s0025g04570,114,0.0551,Unknown protein,,,,
537,VIT_08s0007g04690,114,0.0548,U3 small nucleolar RNA-associated protein 12,K14556,,vv23008Ribosome_biogenesis_in_Eukaryotes,
538,VIT_12s0057g00420,114,0.0546,Auxin-responsive protein AIR12,AIR12,,vv30003Auxin_signaling,
539,VIT_07s0031g01260,112,0.0544,No hit,,,,
540,VIT_05s0077g01150,110,0.0538,Beta-1 3-glucanase,E3_2_1_6,,,
541,VIT_14s0081g00580,110,0.0529,GPI-anchor transamidase,K05289,,vv10563Glycosylphosphatidylinositol-anchor_biosynthesis,
542,VIT_01s0011g06360,107,0.052,Zinc finger homeobox 32,ZFHB32,,vv60068Zf-HD,
543,VIT_09s0002g01150,105,0.0508,RelA/SpoT protein (RSH3),,,,
544,VIT_00s0179g00170,105,0.0506,Indeterminate(ID)-domain 12,IDD12,,vv60017C2H2,
545,VIT_19s0014g03760,104,0.0501,Unknown,,,,
546,VIT_07s0031g00090,104,0.0499,TRNA-dihydrouridine synthase B,E1_3_3_1,,vv10240Pyrimidine_metabolism,
547,VIT_02s0087g00390,101,0.0493,Endonuclease,E3_1_30_x,,,
548,VIT_03s0063g01780,100,0.0485,Extra-large G-protein (XLG1),,,,
549,VIT_05s0049g01830,100,0.0484,CCT motif constans-like,CCT_1,,vv60070Orphans_CCT,
550,VIT_00s0144g00270,96,0.0466,R protein MLA10,K13475,,vv34627R_proteins_from_Plant-pathogen_interaction,
551,VIT_08s0040g00590,96,0.0463,Zinc finger (C3HC4-type ring finger),ZFC3HC4_43,,vv60078Other_zf-C3HC4,
552,VIT_05s0102g01200,95,0.046,Lectin,,,,
553,VIT_11s0016g04050,94,0.0457,No hit,,,,
554,VIT_11s0052g00020,94,0.0456,Balbiani ring 1,,,,
555,VIT_00s0179g00300,94,0.0455,MPBQ/MSBQ methyltransferase 2,K12502,,vv10100Biosynthesis_of_steroids,
556,VIT_18s0001g07500,94,0.0454,Mechanosensitive ion channel MSCS-like 2,MSL2,,vv50101Channels_and_pores,
557,VIT_17s0000g06310,92,0.0444,Cycling DOF factor 2,CDF2_3,,vv60015C2C2-DOF,
558,VIT_18s0001g01530,92,0.0444,No hit,,,,
559,VIT_14s0083g01170,91,0.044,Mitochondrial substrate carrier family protein,K03454,,vv50123Porters_cat_18_to_29,
560,VIT_18s0001g06890,89,0.0432,Peroxidase GvPx2b  class III [Vitis vinifera],E1_11_1_7,,vv10360Phenylalanine_metabolism,vv10680Methane_metabolism
561,VIT_18s0001g10760,89,0.0431,Strictosidine synthase,E4_3_3_2,,vv10900Terpenoid_biosynthesis,vv10902Monoterpenoid_biosynthesis
562,VIT_01s0026g01450,86,0.0414,DnaJ homolog  subfamily B  member 4,K09510,,vv50132Primary_active_transporter_cat_A5_to_A8,
563,VIT_14s0060g02170,85,0.041,Glutathione S-transferase GSTU8,E2_5_1_18_GSTU8,,vv10480Glutathione_metabolism,
564,VIT_00s0204g00070,83,0.0403,Unknown protein,,,,
565,VIT_16s0148g00310,83,0.0403,No hit,,,,
566,VIT_18s0122g00450,82,0.0398,Sinapyl alcohol dehydrogenase,E1_1_1_195,,vv10940Phenylpropanoid_biosynthesis,
567,VIT_07s0031g02400,81,0.0391,Amino acid permease,AAPREL,,vv50123Porters_cat_18_to_29,
568,VIT_03s0091g00680,80,0.0383,NPY2 (naked pins in yuc mutants 2),,,,
569,VIT_14s0108g00930,78,0.0378,Unknown protein,,,,
570,VIT_06s0004g02060,78,0.0376,Aldehyde dehydrogenase 3B1,E1_2_1_3,vv10561Glycerolipid_metabolism,vv10010Glycolysis,vv10071Fatty_acid_metabolism
571,VIT_03s0063g01280<br>VIT_03s0063g01160,77,0.0372,,,,,
572,VIT_08s0058g01380,77,0.0371,Unknown protein,,,,
573,VIT_09s0018g01550,76,0.0368,Trimethylguanosine synthase,K14292,,vv23013RNA_transport,
574,VIT_06s0004g01670,75,0.0363,UDP-glucoronosyl and UDP-glucosyl transferase,,,,
575,VIT_13s0067g00610,75,0.036,Yippee,,,,
576,VIT_01s0011g06000,74,0.0357,Vacuolar iron transporter 1,VIT1,,vv50125Porters_cat_66_to_94,
577,VIT_03s0017g01400,73,0.0355,Adhesive/proline-rich protein,,,,
578,VIT_15s0021g02450,73,0.0351,Elongation factor G,K02355,,,
579,VIT_04s0044g00270,72,0.0347,Monooxygenase (MO3),,,,
580,VIT_06s0009g00370,71,0.0344,U-box domain-containing protein,,,,
581,VIT_03s0088g00240,71,0.0342,Replication protein A 70b,K07466,,vv23030DNA_replication,vv23420Nucleotide_excision_repair
582,VIT_14s0006g00910,70,0.0338,ATA15 protein,,,,
583,VIT_11s0016g01060,70,0.0336,Avr9/Cf-9 induced kinase 1,,,,
584,VIT_18s0001g03070,69,0.0335,SPla/RYanodine receptor (SPRY) domain-containing protein,,,,
585,VIT_17s0000g03160,69,0.0334,No hit,,,,
586,VIT_16s0022g02100,68,0.0331,Embryo-specific 3,,,,
587,VIT_06s0004g08270,68,0.0328,Transcriptional factor B3,TFB3_1,,vv60001ABI3VP1,
588,VIT_17s0000g10170,67,0.0321,Zinc finger (C2H2 type) family,C2H2FAM_4,,vv60017C2H2,
589,VIT_14s0068g01630,64,0.0311,Actin related protein 2,ARP2,,vv44810Regulation_of_actin_cytoskeleton,
590,VIT_18s0001g04980,64,0.031,Acetyl-CoA carboxylase 2 (ACC2),E6_4_1_2,,vv10061Fatty_acid_biosynthesis,vv10620Pyruvate_metabolism
591,VIT_08s0007g02810,64,0.0309,Regulator of the ATPase vacuolar RAV2,RAV2,VvRAV5,vv60001ABI3VP1,
592,VIT_19s0093g00320,64,0.0309,Glutathione S-transferase 25 GSTU25,E2_5_1_18_GSTU25,,vv10480Glutathione_metabolism,
593,VIT_00s0211g00190,63,0.0306,Lectin protein kinase,,,,
594,VIT_13s0067g01770,63,0.0304,Steroid 5alpha-reductase,K09591,,vv10905Brassinosteroid_biosynthesis,
595,VIT_16s0039g01600,63,0.0304,11-beta-hydroxysteroid dehydrogenase,E1_1_1_146,,vv10140C21-Steroid_hormone_metabolism,
596,VIT_01s0010g01430,63,0.0303,C2 domain-containing protein,,,,
597,VIT_15s0046g03580,62,0.03,(+)-neomenthol dehydrogenase,E1_1_1_208,,vv10902Monoterpenoid_biosynthesis,
598,VIT_16s0098g00910,62,0.0299,No hit,,,,
599,VIT_12s0028g01890,62,0.0298,Serine/threonine-protein kinase NAK,,,,
600,VIT_05s0020g02420,61,0.0296,BSD domain-containing protein,BSDDOM_8,,vv60075Other_BSD,
601,VIT_04s0008g04290,60,0.0288,Transcription elongation factor S-II,K03145,,vv23022Basal_transcription_factors,
602,VIT_08s0007g04550,58,0.0281,NCS1 nucleoside transporter family protein,NCS1,,vv50124Porters_cat_30_to_64,
603,VIT_02s0025g04520,58,0.0278,Calcium-dependent protein kinase 1 CDPK protein kinase,CDPK1,,vv34626Plant-pathogen_interaction,
604,VIT_15s0021g02060,57,0.0276,Arbutin synthase,E2_4_1_218,,vv10500Starch_and_sucrose_metabolism,
605,VIT_07s0095g00050,57,0.0275,No hit,,,,
606,VIT_15s0046g01280,57,0.0274,JAR1-like protein,JAR1,,vv30011Jasmonate_signaling,
607,VIT_12s0055g00380,56,0.0271,No hit,,,,
608,VIT_05s0020g02610,55,0.0266,Hemolysin,K06442,,vv50109Incompletely_characterized_transport_systems,
609,VIT_07s0141g00690,55,0.0264,ERF/AP2 transcription factor sub B-1(ATERF-3),ERF3_2,VvERF065,vv30008Ethylene_signaling,vv60003AP2_EREBP
610,VIT_07s0005g05760,52,0.0253,Sulphur deficiency-induced 1,,,,
611,VIT_13s0084g00240,52,0.0252,Steroid sulfotransferase,E2_8_2_15,,vv11000Single_reactions,
612,VIT_00s0780g00030,52,0.025,No hit,,,,
613,VIT_09s0018g01600,52,0.025,Nudix hydrolase 3 (AtNUDT3),,,,
614,VIT_00s0499g00030,51,0.0249,Stearoyl-CoA 9-desaturase,E1_14_19_1,,vv11040Biosynthesis_of_unsaturated_fatty_acids,
615,VIT_17s0000g01700,51,0.0248,Leucine-rich repeat transmembrane protein kinase,,,,
616,VIT_14s0108g00630,50,0.0243,Amino acid permease,AAPREL,,vv50123Porters_cat_18_to_29,
617,VIT_05s0124g00610,50,0.0242,Ankyrin repeat protein family,K10380,,vv50108Accessory_factors_involved_in_transport,
618,VIT_05s0020g03590,50,0.0241,Unknown protein,,,,
619,VIT_18s0001g12810,50,0.0241,Dihydroflavonol 4-reductase,E1_1_1_219,,vv10941Flavonoid_biosynthesis,
620,VIT_06s0004g00710,49,0.0238,Pre-mRNA splicing factor cwc22,,,,
621,VIT_13s0084g00800,49,0.0237,Transcription factor,TRIHELIXDOM_7,,vv60062Trihelix,
622,VIT_18s0072g00160,49,0.0237,Peroxidase 12,E1_11_1_7,,vv10360Phenylalanine_metabolism,vv10680Methane_metabolism
623,VIT_07s0005g02660,49,0.0237,ABC transporter B member 13,ABCB13,,vv52010ABC_transporters,
624,VIT_04s0043g00250,48,0.0233,Nonsense-mediated mRNA decay NMD3,K07562,,vv23008Ribosome_biogenesis_in_Eukaryotes,vv23013RNA_transport
625,VIT_07s0005g03510,48,0.0231,SAP protein BP-73 E1-E2_ATPase,,,,
626,VIT_07s0005g01450,48,0.0231,BZIP DNA-binding protein BZIP53,BZIP53_1,VvbZIP22,vv60012BZIP,
627,VIT_05s0094g01700,47,0.0229,No hit,,,,
628,VIT_14s0068g00720,47,0.0228,Tudor domain protein 4SNc,,,,
629,VIT_06s0080g00090,47,0.0227,CYP94A1,,,,
630,VIT_18s0001g14420,46,0.0222,Unknown,,,,
631,VIT_04s0023g01080,45,0.0219,Lys Motif-Type Receptor-Like Kinase LYK4,,,,
632,VIT_12s0028g00050,45,0.0217,Beta-1 3 glucanase,E3_2_1_6,,,
633,VIT_18s0117g00060,45,0.0217,R protein L6,K13477,,vv34627R_proteins_from_Plant-pathogen_interaction,
634,VIT_09s0002g04720,45,0.0216,Coatomer protein complex  subunit beta 2,COPB2,,vv50110Protein_coat,
635,VIT_10s0003g00170,44,0.0213,Dehydration-induced 19,,,,
636,VIT_17s0000g03340,44,0.0212,Wall-associated kinase 4,,,,
637,VIT_12s0028g00920,44,0.0212,Glutathione S-transferase 9 GSTF9,E2_5_1_18_GSTF9,,vv10480Glutathione_metabolism,
638,VIT_18s0001g02380,43,0.0209,Kinesin protein (MKRP1),MKRP1,,vv44810Regulation_of_actin_cytoskeleton,
639,VIT_01s0011g02080,43,0.0208,Ribosomal protein L36a/L44 (RPL36aB) 60S,K02920,,vv23010Ribosome,
640,VIT_14s0060g02300,43,0.0206,Hypoxia-responsive,,,,
641,VIT_01s0011g03370,42,0.0203,Agenet domain-containing protein,,,,
642,VIT_19s0014g03460,42,0.0203,Unknown protein,,,,
643,VIT_00s0187g00160,41,0.0198,Ripening-related protein,,,,
644,VIT_05s0094g00260<br>VIT_05s0094g00220,41,0.0197,,,,,
645,VIT_13s0064g01120,40,0.0194,No hit,,,,
646,VIT_18s0001g11630,40,0.0194,Allene oxide synthase,E4_2_1_92,,vv10592alpha-Linolenic_acid_metabolism,
647,VIT_19s0027g00020,40,0.0193,WAG1,WAG1,,vv50004Auxin_transport,
648,VIT_14s0068g00820,39,0.0189,Lipid transfer protein,LTP,,,
649,VIT_08s0040g02710,39,0.0188,UDP-glucuronic acid decarboxylase 1,E4_1_1_35,,vv10500Starch_and_sucrose_metabolism,vv10520Nucleotide_sugars_metabolism
650,VIT_03s0088g01180,38,0.0184,Proline iminopeptidase,E3_4_11_5,,vv10330Arginine_and_proline_metabolism,
651,VIT_09s0054g01260,38,0.0183,No hit,,,,
652,VIT_12s0028g03550,37,0.0179,Basic helix-loop-helix (bHLH) family,BHLHDOM_64,,vv60011BHLH,
653,VIT_06s0004g05240,37,0.0178,Ethylene receptor (ETR2),ETR2,,vv30008Ethylene_signaling,
654,VIT_05s0049g00430,37,0.0178,1-aminocyclopropane-1-carboxylate oxidase homolog 1,E1_14_17_4,,vv10640Propanoate_metabolism,vv30008Ethylene_signaling
655,VIT_08s0007g06160,37,0.0178,BZIP transcription factor,BZIPDOM_11,VvbZIP28,vv60012BZIP,
656,VIT_10s0405g00020,36,0.0175,Mo25,K08272,,vv34150mTOR_signaling_pathway,
657,VIT_18s0001g06760,36,0.0175,Clathrin assembly protein 16,CAP16,,vv50110Protein_coat,
658,VIT_18s0117g00340,36,0.0174,TCP family transcription factor TCP14,TCP14_2,,vv60061TCP,
659,VIT_07s0005g02260,35,0.017,Squamosa promoter-binding protein 1 (SPL1),SPL1,,vv60055SBP,
660,VIT_04s0044g01770,35,0.0169,Serine/threonine protein phosphatase (PP7),E3_1_3_16,,,
661,VIT_15s0048g02480,35,0.0168,Caffeate 3-O-methyltransferase 1,E2_1_1_68,,vv10940Phenylpropanoid_biosynthesis,
662,VIT_00s2507g00010,34,0.0164,F-box family protein,,,,
663,VIT_05s0077g01010,33,0.016,HCF107 (high chlorophyll fluorescent 107),,,,
664,VIT_07s0005g01390,33,0.0159,Calreticulin 2 (CRT2),K08057,,vv24141Protein_processing_in_endoplasmic_reticulum,vv44145Phagosome
665,VIT_08s0040g01240,33,0.0159,Basic helix-loop-helix (bHLH) family,BHLHDOM_54,,vv60011BHLH,
666,VIT_04s0008g04830,32,0.0155,ABC transporter g family pleiotropic drug resistance 12 PDR12,ABCGPDR12,,vv52010ABC_transporters,
667,VIT_01s0011g02630,32,0.0155,No hit,,,,
668,VIT_18s0001g08060,32,0.0154,Unknown,,,,
669,VIT_01s0011g03270,32,0.0154,CXE carboxylesterase,E3_1_1_1,,,
670,VIT_13s0019g02080,32,0.0154,DNA-binding protein,,,,
671,VIT_17s0000g08450,32,0.0153,Carbonic anhydrase chloroplast,E4_2_1_1,,vv10910Nitrogen_metabolism,vv50124Porters_cat_30_to_64
672,VIT_08s0056g01520,31,0.015,Acetylglucosaminyltransferase,E2_4_1_223,,vv11030Glycan_structures-biosynthesis1,
673,VIT_13s0147g00110,31,0.015,ferredoxin,K02639,,vv10195Photosynthesis,
674,VIT_11s0052g00970,31,0.0149,AAA-type ATPase,,,,
675,VIT_10s0042g00910,31,0.0149,Stilbene synthase [Vitis pseudoreticulata],E2_3_1_95,,vv10940Phenylpropanoid_biosynthesis,
676,VIT_01s0137g00460,29,0.0141,RGLG2 (ring Domain LIGASE2),RGLG2,,vv50004Auxin_transport,
677,VIT_13s0067g00900,29,0.014,Phosphoinositide-specific phospholipase C,E3_1_4_11,,vv10562Inositol_phosphate_metabolism,vv30001ABA_signaling
678,VIT_04s0008g03180,29,0.0139,Unknown protein,,,,
679,VIT_10s0003g03500,28,0.0136,Katanin p60 catalytic subunit,KATANINP60,,vv44810Regulation_of_actin_cytoskeleton,
680,VIT_06s0004g02670,28,0.0135,Cyclic nucleotide-gated ion channel 15,K05391_CNGC15,,vv34626Plant-pathogen_interaction,vv50101Channels_and_pores
681,VIT_19s0090g01470,28,0.0135,Protease inhibitor/seed storage/lipid transfer protein (LTP),,,,
682,VIT_13s0067g03460,28,0.0135,ARR9 Two-component response regulator ARR9 (Response reactor 4),ARR9_1,,vv30007Cytokinin_signaling,vv60072Orphans_Response_reg
683,VIT_13s0019g00480,28,0.0135,Zinc finger (C2H2 type) family,C2H2FAM_22,,vv60017C2H2,
684,VIT_17s0053g01050,27,0.0131,Non-symbiotic hemoglobin class 1,C01708,,vv10860Porphyrin_and_chlorophyll_metabolism,
685,VIT_17s0000g09870,27,0.0131,MA3 domain-containing protein,,,,
686,VIT_12s0035g01390,27,0.013,FAR1-related sequence 11,FRS11_1,,vv60071Orphans_far-red,
687,VIT_10s0003g01190,27,0.013,Ketol-acid reductoisomerase,E1_1_1_86,,vv10290Valine_leucine_and_isoleucine_biosynthesis,vv10770Pantothenate_and_CoA_biosynthesis
688,VIT_16s0050g00140,26,0.0126,Heavy-metal-associated domain-containing protein,,,,
689,VIT_03s0038g00130,26,0.0126,No hit,,,,
690,VIT_00s0776g00010,26,0.0125,Strubbelig receptor family 3,,,,
691,VIT_06s0080g00790,26,0.0125,MYB divaricata,DIVARICATA_2,,vv30009Flower_development,vv60044MYB
692,VIT_07s0104g00220,26,0.0125,Phenazine biosynthesis PhzC/PhzF,K06998,,vv10400Phenylalanine_tyrosine_and_tryptophan_biosynthesis,
693,VIT_16s0148g00290<br>VIT_16s0148g00360<br>VIT_16s0148g00100<br>VIT_00s0258g00140,25,0.0121,,,,,
694,VIT_09s0018g00240,25,0.0121,WRKY DNA-binding protein 40,WRKY40,VvWRKY28,vv60066WRKY,
695,VIT_02s0025g00080,25,0.012,Unknown protein,,,,
696,VIT_12s0059g00540,24,0.0116,EDM2,PHDEDM2_2,,vv60048PHD,
697,VIT_04s0044g00230,24,0.0115,Monooxygenase (MO2),,,,
698,VIT_19s0027g00990,23,0.0111,No hit,,,,
699,VIT_08s0007g07530,22,0.0107,3-oxoacyl-[acyl-carrier-protein] reductase  chloroplast,E1_1_1_100,,vv10061Fatty_acid_biosynthesis,vv11040Biosynthesis_of_unsaturated_fatty_acids
700,VIT_12s0057g01370,22,0.0106,Unknown protein,,,,
701,VIT_09s0002g03800,22,0.0106,RPS5 (resistant to p. syringae 5),K13460,,vv34627R_proteins_from_Plant-pathogen_interaction,
702,VIT_08s0058g00230,22,0.0106,Unknown,,,,
703,VIT_14s0060g02750<br>VIT_14s0128g00970<br>VIT_14s0128g00990<br>VIT_14s0128g00980<br>VIT_14s0128g01010<br>VIT_14s0128g01030<br>VIT_14s0128g01020<br>VIT_14s0128g01040,21,0.0102,,,,,
704,VIT_10s0071g00120,21,0.0102,DNA binding,,,,
705,VIT_14s0068g01580,21,0.0102,Basic helix-loop-helix (bHLH) family,BHLHDOM_50,,vv60011BHLH,
706,VIT_00s0225g00050,21,0.0102,MATE efflux family protein,MATE,,vv50125Porters_cat_66_to_94,
707,VIT_03s0063g01850,21,0.0101,AOS (allene oxide synthase),E4_2_1_92,,vv10592alpha-Linolenic_acid_metabolism,
708,VIT_01s0011g04770,21,0.0101,Armadillo/beta-catenin repeat / U-box domain-containing protein,,,,
709,VIT_06s0004g02590,21,0.0101,Carbonic anhydrase,E4_2_1_1,,vv10910Nitrogen_metabolism,vv50124Porters_cat_30_to_64
710,VIT_10s0003g05550<br>VIT_10s0003g05620,21,0.0101,,,,,
711,VIT_06s0080g00170,20,0.0097,Aluminium-tolerance ALMT1,ALMT1,,vv50125Porters_cat_66_to_94,
712,VIT_01s0011g02360,20,0.0097,Unknown,,,,
713,VIT_13s0019g01490,20,0.0096,C2 domain-containing protein,,,,
714,VIT_04s0008g03920,19,0.0092,Dimethylaniline monooxygenase  N-oxide-forming,E1_14_13_8,,vv11000Single_reactions,
715,VIT_19s0085g00600,19,0.0092,Glyceraldehyde-3-phosphate dehydrogenase  cytosolic,E1_2_1_12,,vv10010Glycolysis,
716,VIT_01s0011g02320,19,0.0092,Unknown protein,,,,
717,VIT_11s0052g01620,19,0.0092,Pathogenesis-related protein 1 precursor (PRP 1),PRP1,,vv30011Jasmonate_signaling,vv34626Plant-pathogen_interaction
718,VIT_12s0028g00140,19,0.0091,KCO6 (Ca2+ activated outward rectifying K+ channel 6),K05389_KCO6,,vv50101Channels_and_pores,
719,VIT_11s0052g01120,18,0.0087,Zinc finger protein 2,ZFP2,,vv60017C2H2,
720,VIT_14s0108g00820,18,0.0087,No hit,,,,
721,VIT_14s0108g01440,18,0.0087,Unknown protein,,,,
722,VIT_01s0026g00730,18,0.0087,Unknown protein,,,,
723,VIT_06s0009g02570,18,0.0087,Pectinesterase family,E3_1_1_11,,vv40006Cell_wall,
724,VIT_17s0000g08600,18,0.0087,Signal recognition particle receptor beta subunit,K12272,,vv23060Protein_export,vv50132Primary_active_transporter_cat_A5_to_A8
725,VIT_16s0039g02810,18,0.0087,No hit,,,,
726,VIT_05s0094g01590,18,0.0087,Kelch repeat-containing F-box protein,,,,
727,VIT_13s0019g01710,18,0.0087,Scarecrow transcription factor 14 (SCL14),SCL14_9,,vv60032GRAS,
728,VIT_04s0008g06400,18,0.0087,TPR1 (topless-related 1),TPR1,,vv30003Auxin_signaling,
729,VIT_14s0006g01960,18,0.0087,Unknown,,,,
730,VIT_18s0117g00040,17,0.0082,No hit,,,,
731,VIT_09s0002g00410,17,0.0082,No hit,,,,
732,VIT_03s0091g00970,17,0.0082,ADP-ribosylation factor-like A1D,ARLA1D,,,
733,VIT_00s0657g00010,17,0.0082,Branched-chain amino acid aminotransferase,E2_6_1_42,,vv10280Valine_leucine_and_isoleucine_degradation,vv10290Valine_leucine_and_isoleucine_biosynthesis
734,VIT_17s0000g06920,16,0.0078,Remorin,,,,
735,VIT_07s0151g00040,16,0.0078,Ankyrin repeat protein,,,,
736,VIT_02s0025g04250,16,0.0078,Osmotin,,,,
737,VIT_09s0054g00580<br>VIT_09s0054g00570,16,0.0077,,,,,
738,VIT_11s0016g04880,16,0.0077,Salt-inducible protein kinase,,,,
739,VIT_11s0149g00270,16,0.0077,Chitinase-3 protein 1 precursor,E3_2_1_14,,vv10530Aminosugars_metabolism,
740,VIT_05s0020g02730,16,0.0077,Nectarin IV NEC4,,,,
741,VIT_18s0001g15640,16,0.0077,Pathogenesis-related,,,,
742,VIT_13s0106g00480,16,0.0077,NHL repeat-containing protein,,,,
743,VIT_04s0023g00990,16,0.0077,Unknown protein,,,,
744,VIT_03s0063g01860,15,0.0073,AOS (allene oxide synthase),E4_2_1_92,,vv10592alpha-Linolenic_acid_metabolism,
745,VIT_13s0073g00240,15,0.0073,Glycosyl transferase family 1,,,,
746,VIT_10s0003g03180,15,0.0073,Phospho-N-acetylmuramoyl-pentapeptide-transferase,E2_7_8_13,,vv10550Peptidoglycan_biosynthesis,
747,VIT_11s0118g00350,15,0.0073,Vacuolar pyrophosphatase,K01507,,vv10190Oxidative_phosphorylation,vv50133Primary_active_transporter_cat_A9_to_A18
748,VIT_02s0033g00840,15,0.0073,Nitrilase 4B,E3_5_5_1,,vv10460Cyanoamino_acid_metabolism,vv10910Nitrogen_metabolism
749,VIT_01s0011g01300,15,0.0073,Polygalacturonase QRT3,E3_2_1_15,,vv40006Cell_wall,
750,VIT_11s0016g02000,15,0.0073,No hit,,,,
751,VIT_16s0050g00430,15,0.0072,Photoassimilate-responsive protein PAR-1a,,,,
752,VIT_15s0048g01080,15,0.0072,Unknown,,,,
753,VIT_16s0022g01670,15,0.0072,Receptor kinase LRK10,,,,
754,VIT_05s0094g01410,15,0.0072,Inositol 1 3 4-trisphosphate 5/6-kinase,E2_7_1_134,,vv10562Inositol_phosphate_metabolism,
755,VIT_09s0054g00900,15,0.0072,Chaperone BCS1 mitochondrial,K08900,,,
756,VIT_08s0007g05430,15,0.0072,Pyruvate kinase,E2_7_1_40,,vv10010Glycolysis,vv10230Purine_metabolism
757,VIT_13s0019g02210,15,0.0072,Sterol 4-alpha-methyl-oxidase 1 (SMO1),E1_14_13_72,,vv10100Biosynthesis_of_steroids,
758,VIT_01s0026g00940,14,0.0068,ARR3 typeA,ARR3_2,,vv30007Cytokinin_signaling,vv60072Orphans_Response_reg
759,VIT_02s0025g01660,14,0.0068,Seven in absentia SINA5,K08742,,vv24120Ubiquitin_mediated_proteolysis,
760,VIT_10s0003g01380,14,0.0068,Myb family,MYBGE_9,,vv60029G2-like,
761,VIT_07s0141g00070,13,0.0063,Beta-keto-Coa synthase,,,,
762,VIT_08s0058g00270,13,0.0063,Importin beta-2,K14293_2,,vv23013RNA_transport,vv50109Incompletely_characterized_transport_systems
763,VIT_10s0003g05250,13,0.0063,Germin-like protein,,,,
764,VIT_12s0059g00880,13,0.0063,WRKY DNA-binding protein 6,WRKY6_3,VvWRKY37,vv60066WRKY,
765,VIT_17s0000g05810,12,0.0059,WRKY DNA-binding protein 72,WRKY72_2,VvWRKY53,vv60066WRKY,
766,VIT_05s0062g00850,12,0.0058,Auxin-responsive protein,AUXREG,,vv30003Auxin_signaling,
767,VIT_16s0013g01680,12,0.0058,L-asparaginase 3 precursor,E3_5_1_1,,vv10252Alanine_and_aspartate_metabolism,vv10910Nitrogen_metabolism
768,VIT_17s0000g05800,12,0.0058,Delta-1-pyrroline-5-carboxylate dehydrogenase (P5CDH),E1_5_1_12,,vv10251Glutamate_metabolism,vv10330Arginine_and_proline_metabolism
769,VIT_02s0033g00790,12,0.0058,Nitrilase 4B,E3_5_5_1,,vv10460Cyanoamino_acid_metabolism,vv10910Nitrogen_metabolism
770,VIT_14s0066g02620,12,0.0058,RNA 3'-terminal phosphate cyclase-like protein,K11108,,vv23008Ribosome_biogenesis_in_Eukaryotes,
771,VIT_18s0001g15660,12,0.0058,Pathogen-related,,,,
772,VIT_02s0025g02770,12,0.0058,Glucan endo-1 3-beta-glucosidase 7 precursor,E3_2_1_39,,vv10500Starch_and_sucrose_metabolism,
773,VIT_03s0063g01210,12,0.0058,Nodulin 1A  senescence-associated,,,,
774,VIT_03s0017g00620,11,0.0053,GA 20-oxidase,E1_14_11_12,,vv10904Diterpenoid_biosynthesis,
775,VIT_07s0005g03080,10,0.0049,Nodulin MtN21 family,MTN21,,vv50122Porters_cat_7_to_17,
776,VIT_14s0068g00940,10,0.0049,Receptor protein kinase,,,,
777,VIT_07s0031g02640,10,0.0048,Zinc finger (C3HC4-type ring finger),ZFC3HC4_31,,vv60078Other_zf-C3HC4,
778,VIT_13s0019g01080,10,0.0048,Protein kinase APK1B,,,,
779,VIT_11s0037g01230,10,0.0048,Basic helix-loop-helix (bHLH) family,BHLHDOM_32,,vv60011BHLH,
780,VIT_07s0005g03380,10,0.0048,Translocase inner membrane subunit 44-2 ATTIM44-2,TIM44_2,,vv50132Primary_active_transporter_cat_A5_to_A8,
781,VIT_04s0008g05210,10,0.0048,BZIP protein HY5 (HY5),HY5_1,VvbZIP10,vv60012BZIP,
782,VIT_05s0124g00240,10,0.0048,Basic helix-loop-helix (bHLH) family,BHLHDOM_61,,vv60011BHLH,
783,VIT_08s0007g08410,10,0.0048,4 5-DOPA dioxygenase extradiol,DODA,,vv10350Tyrosine_metabolism,
784,VIT_00s0313g00050,10,0.0048,RAB GDP dissociation inhibitor 1 ATGD1,,,,
785,VIT_00s2745g00010,9,0.0044,Receptor kinase RK20-1,,,,
786,VIT_06s0061g01400,9,0.0044,CBF transcription factor [Vitis vinifera],CBF1_1,VvERF026,vv30008Ethylene_signaling,vv60003AP2_EREBP
787,VIT_15s0024g01070,9,0.0044,No hit,,,,
788,VIT_08s0007g05540,9,0.0044,DNA-directed RNA polymerase II subunit E,K03013,,vv23020RNA_polymerase,
789,VIT_13s0019g01380,9,0.0044,Integral membrane protein,,,,
790,VIT_12s0028g03310,9,0.0044,Protein phosphatase 2C,E3_1_3_16,,,
791,VIT_19s0027g00090,9,0.0044,AERO1 (arabidopsis endoplasmic reticulum oxidoreductins 1),,,,
792,VIT_07s0005g05780,9,0.0044,Pantoate--beta-alanine ligase,E6_3_2_1,,vv10410Beta-alanine_metabolism,vv10770Pantothenate_and_CoA_biosynthesis
793,VIT_07s0104g01670,9,0.0044,HAK5 (High affinity K+ transporter 5),HAK5,,vv50125Porters_cat_66_to_94,
794,VIT_13s0047g00260,9,0.0044,Calcium/calmodulin-dependent protein kinase (CaM kinase) II,K04515,,vv34020Calcium_signaling_pathway,
795,VIT_04s0044g01280,9,0.0044,Beta-1 3-glucan synthase,E2_4_1_34,,vv10500Starch_and_sucrose_metabolism,
796,VIT_01s0026g00910,9,0.0043,Unknown,,,,
797,VIT_18s0001g02300,9,0.0043,NAC domain containing protein 2,NAC2_7,VvNAC08,vv60046NAC,
798,VIT_13s0019g03530,9,0.0043,No hit,,,,
799,VIT_12s0035g02270,9,0.0043,Unknown protein,,,,
800,VIT_14s0081g00600,9,0.0043,C-myc binding protein,,,,
801,VIT_04s0043g00220,9,0.0043,Amine oxidase,E1_4_3_4,,vv10220Urea_cycle_and_metabolism_of_amino_groups,vv10340Histidine_metabolism
802,VIT_01s0150g00140,9,0.0043,ORTH2/VIM1 (variant in methylation 1),ORTH2_1,,vv60056SET_PCG,
803,VIT_08s0007g02290,9,0.0043,Receptor protein kinase,,,,
804,VIT_05s0094g00160,9,0.0043,No hit,,,,
805,VIT_05s0020g02810,9,0.0043,Unknown protein,,,,
806,VIT_08s0007g03040,9,0.0043,E8 protein,E8,,vv30008Ethylene_signaling,
807,VIT_11s0016g02310,8,0.0039,Thioredoxin 2,,,,
808,VIT_12s0059g00600,7,0.0034,Unknown protein,,,,
809,VIT_16s0050g02530,7,0.0034,Myb Triptychon,TRIPTYCHON_1,,vv44110Cell_cycle,vv60045MYBrelated
810,VIT_05s0020g04280,7,0.0034,Ca2+-ATPase 13 ACA13  plasma membrane,K01537,,vv34020Calcium_signaling_pathway,vv50131Primary_active_transporter_cat_A2_to_A4
811,VIT_13s0047g01030,7,0.0034,LysM receptor-like kinase,,,,
812,VIT_00s0410g00040,7,0.0034,Anthranilate N-benzoyltransferase protein 1,E2_3_1_144,,vv10400Phenylalanine_tyrosine_and_tryptophan_biosynthesis,
813,VIT_07s0129g00130<br>VIT_07s0129g00050,7,0.0034,,,,,
814,VIT_08s0007g08050,7,0.0034,Carboxyl-terminal processing protease,,,,
815,VIT_11s0016g00210,7,0.0034,No hit,,,,
816,VIT_01s0026g00630,6,0.0029,N-hydroxythioamide S-beta-glucosyltransferase,K11820,,vv10966Glucosinolate_biosynthesis,
817,VIT_14s0068g01250,6,0.0029,Mitochondrial phosphate transporter,MPHOSPTR,,vv50123Porters_cat_18_to_29,
818,VIT_00s0391g00070,6,0.0029,3-deoxy-D-arabino-heptulosonate 7-phosphate synthase,E2_5_1_54,,vv10400Phenylalanine_tyrosine_and_tryptophan_biosynthesis,
819,VIT_17s0000g03420,6,0.0029,Unknown protein,,,,
820,VIT_01s0011g04760,6,0.0029,Myb domain protein 4,MYB4_2,MYBC2-L1,vv60044MYB,
821,VIT_02s0025g00350,6,0.0029,Heavy-metal-associated domain-containing protein,,,,
822,VIT_18s0001g13240,6,0.0029,Thioredoxin H-type 1,,,,
823,VIT_18s0001g15130,6,0.0029,WD40 repeat protein,,,,
824,VIT_12s0035g02150,6,0.0029,ferric reduction oxidase 7 FRO7,FRO7,,vv50105Transport_electron_carriers,
825,VIT_16s0050g00400,6,0.0029,Photoassimilate-responsive protein PAR-1a,,,,
826,VIT_04s0008g05350,6,0.0029,Serine hydrolase [Vitis vinifera],E4_3_1_18,,vv10260Glycine_serine_and_threonine_metabolism,
827,VIT_06s0009g01790,6,0.0029,ABA-responsive element-binding protein 3 (AREB3),AREB3_2,VvbZIP18,vv30001ABA_signaling,vv60012BZIP
828,VIT_19s0014g03030,6,0.0029,No hit,,,,
829,VIT_08s0058g01300,6,0.0029,High-level expression of sugar-inducible like 1,HSL1_2,,vv60001ABI3VP1,
830,VIT_01s0011g04510,6,0.0029,No hit,,,,
831,VIT_10s0003g01430,6,0.0029,MEE62 (maternal effect embryo arrest 62),,,,
832,VIT_00s0268g00030,6,0.0029,Myosin-like protein XIA,MYOSINXIA,,vv44810Regulation_of_actin_cytoskeleton,
833,VIT_02s0033g01380,6,0.0029,Alternative oxidase 1D,AOX1D,,vv30001ABA_signaling,
834,VIT_08s0007g00030,6,0.0029,Cation/hydrogen exchanger 20 (CHX20),CHX20,,vv50124Porters_cat_30_to_64,
835,VIT_00s0437g00010,6,0.0029,CRK10 (cysteine-rich RLK10),,,,
836,VIT_09s0002g02970,6,0.0029,Unknown,,,,
837,VIT_04s0069g00850,6,0.0029,Beta-galactosidase,E3_2_1_23,,vv10052Galactose_metabolism,vv10511N-Glycan_degradation
838,VIT_13s0019g04070,6,0.0029,MLO1,K08472,,,
839,VIT_13s0019g01060,6,0.0029,SC35 splicing factor  30 kD (SCL30),,,,
840,VIT_05s0124g00670,6,0.0029,Ankyrin repeat protein,K10380,,vv50108Accessory_factors_involved_in_transport,
841,VIT_13s0158g00270,6,0.0029,No hit,,,,
842,VIT_14s0068g01710,6,0.0029,Metal-nicotianamine transporter YSL6,YSL6,,vv50125Porters_cat_66_to_94,
843,VIT_07s0005g00870,6,0.0029,Erg-1,ERG1,,vv30008Ethylene_signaling,vv30011Jasmonate_signaling
844,VIT_12s0059g02590,6,0.0029,Receptor protein kinase RK20-1,,,,
845,VIT_19s0014g00830,6,0.0029,RKF1 (receptor-like kinase in flowers 1),,,,
846,VIT_17s0000g02150,6,0.0029,Ribosomal protein L19,K02884,,vv23010Ribosome,
847,VIT_12s0059g00530,6,0.0029,EDM2,PHDEDM2_4,,vv60048PHD,
848,VIT_14s0060g00520,6,0.0029,TPA: class III peroxidase 70 precursor,E1_11_1_7,,vv10360Phenylalanine_metabolism,vv10680Methane_metabolism
849,VIT_08s0007g02790,6,0.0029,Unknown protein,,,,
850,VIT_05s0077g02030,6,0.0029,Epoxide hydrolase,E3_3_2_10,,,
851,VIT_11s0052g01070,6,0.0029,Transferase,,,,
852,VIT_16s0022g01800,4,0.002,RRNA-processing protein EBP2,,,,
853,VIT_17s0000g04380,4,0.0019,Wall-associated kinase 1 (WAK1),,,,
854,VIT_14s0006g02270,4,0.0019,MATE efflux family protein,MATE,,vv50125Porters_cat_66_to_94,
855,VIT_03s0063g02320,4,0.0019,BURP domain containing protein,,,,
856,VIT_00s0748g00020,4,0.0019,Receptor kinase RK20-1,,,,
857,VIT_14s0068g00200,4,0.0019,No hit,,,,
858,VIT_19s0085g00760,4,0.0019,Anthocyanidin 3-O-glucosyltransferase,E2_4_1_115,,vv10942Anthocyanin_biosynthesis,
859,VIT_02s0025g02610,4,0.0019,Basic helix-loop-helix (bHLH) family,BHLHDOM_48,,vv60011BHLH,
860,VIT_00s2659g00010,4,0.0019,CRK10 (cysteine-rich RLK10),,,,
861,VIT_19s0014g01110,4,0.0019,Curculin (mannose-binding) lectin,,,,
862,VIT_17s0000g08100,4,0.0019,UDP-glucoronosyl and UDP-glucosyl transferase,,,,
863,VIT_01s0011g00380,4,0.0019,SP1L1 (SPIRAL1-like1),,,,
864,VIT_01s0026g00280,3,0.0015,Trehalose 6-phosphate synthase,E2_4_1_15,,vv10500Starch_and_sucrose_metabolism,
865,VIT_03s0110g00350,3,0.0015,Cinnamyl alcohol dehydrogenase,E1_1_1_195,,vv10940Phenylpropanoid_biosynthesis,
866,VIT_07s0104g01000,3,0.0015,Histone H2AXa HTA5,H2AXa,,,
867,VIT_19s0014g02250,3,0.0015,Zinc-binding protein,,,,
868,VIT_06s0004g08410,3,0.0015,Bis(5'-adenosyl)-triphosphatase,E3_6_1_29,,vv10230Purine_metabolism,
869,VIT_06s0004g02010,3,0.0015,No hit,,,,
870,VIT_11s0016g05530,3,0.0015,Plastocyanin domain-containing protein,K02638,,vv10195Photosynthesis,vv50113Thylakoid_targeting_pathway
871,VIT_10s0003g00140,3,0.0015,Ethylene-responsive transcription factor 9,ERF9_2,VvERF064,vv30008Ethylene_signaling,vv60003AP2_EREBP
872,VIT_01s0127g00700,3,0.0015,Unknown protein,,,,
873,VIT_07s0141g00390,3,0.0015,Glutathione reductase (NADPH),E1_8_1_7,,vv10251Glutamate_metabolism,vv10480Glutathione_metabolism
874,VIT_13s0156g00110,3,0.0015,Chaperone BCS1 mitochondrial,K08900,,,
875,VIT_02s0012g01680,3,0.0015,Trehalose phosphatase 5,E3_1_3_12,,vv10500Starch_and_sucrose_metabolism,
876,VIT_10s0003g01480,3,0.0015,BIN2 (brassinosteroid-insensitive 2),BIN2,,vv30005Brassinosteroids_signaling,
877,VIT_08s0058g00810,3,0.0015,D-alanine--D-alanine ligase,E6_3_2_4,,vv10252Alanine_and_aspartate_metabolism,
878,VIT_06s0009g02560,3,0.0015,Pectinesterase family,E3_1_1_11,,vv40006Cell_wall,
879,VIT_10s0116g00110,3,0.0015,Receptor kinase RK20-1,,,,
880,VIT_18s0117g00210,3,0.0015,Myb domain protein 4,MYB4_4,MYBC2-L6,vv60044MYB,
881,VIT_00s1624g00010,3,0.0015,Myb family,MYBREL_21,,vv60045MYBrelated,
882,VIT_00s0125g00140,3,0.0015,SHR5-receptor-like kinase,,,,
883,VIT_05s0020g04990,3,0.0015,No hit,,,,
884,VIT_07s0005g02920,3,0.0015,DNA-binding protein,,,,
885,VIT_08s0007g01000,3,0.0015,Aldo/keto reductase,E1_1_1_21,,vv10040Pentose_glucuronate_interconversion,vv10051Fructose_and_mannose_metabolism
886,VIT_18s0001g01960,3,0.0015,RKF3 (receptor-like kinase IN in flowers 3),,,,
887,VIT_14s0030g01280,3,0.0015,Double-stranded RNA-binding (DsRBD) domain-containing protein,,,,
888,VIT_04s0023g03240,3,0.0015,Transcription factor TFIIF,K03138,,vv23022Basal_transcription_factors,
889,VIT_00s0341g00010,3,0.0015,Dual specificity protein phosphatase,,,,
890,VIT_01s0010g02770,3,0.0015,Adenylate kinase-b,E2_7_4_3,,vv10230Purine_metabolism,
891,VIT_18s0001g01100,3,0.0015,KOW domain-containing factor family protein,KOWDOM,,,
892,VIT_11s0016g03190,3,0.0015,Unknown,,,,
893,VIT_08s0007g08880,3,0.0015,No hit,,,,
894,VIT_11s0052g01060,3,0.0015,Transferase,,,,
895,VIT_18s0001g02420,3,0.0015,Aspartic proteinase Asp1 precursor,E3_4_23_x,,,
896,VIT_01s0146g00360,3,0.0015,Constans-like 14,COL14_1,,vv30009Flower_development,vv34710Circadian_rhythm
897,VIT_06s0004g07160,3,0.0015,Ferritin,E1_16_3_1,,vv10860Porphyrin_and_chlorophyll_metabolism,
898,VIT_01s0011g05440,3,0.0015,Unknown protein,,,,
899,VIT_14s0060g01560,3,0.0015,PHD finger transcription factor,PHDFG_28,,vv60048PHD,
900,VIT_13s0019g03370,3,0.0015,Myb family,MYBREL_22,,vv60045MYBrelated,
901,VIT_14s0068g01040,3,0.0015,Ethylene-responsive transcription factor ERF113,ERF113,VvERF120,vv30008Ethylene_signaling,vv60003AP2_EREBP
902,VIT_01s0011g02060,3,0.0015,CYP86B1,,,,
903,VIT_18s0122g00170,3,0.0015,Diphenol oxidase,E1_10_3_1,,vv10350Tyrosine_metabolism,vv50109Incompletely_characterized_transport_systems
904,VIT_05s0094g01540,3,0.0015,Unknown protein,,,,
905,VIT_08s0007g00580,3,0.0015,No hit,,,,
906,VIT_10s0092g00710,3,0.0014,Receptor protein kinase,,,,
907,VIT_00s0218g00160,3,0.0014,UDP-rhamnose:rhamnosyltransferase,RHATR,,vv10942Anthocyanin_biosynthesis,
908,VIT_18s0001g11080,3,0.0014,RNA-binding protein 47C' ATRBP47C',,,,
909,VIT_18s0001g01160,3,0.0014,Alcohol dehydrogenase,E1_1_1_1,,vv10010Glycolysis,vv10071Fatty_acid_metabolism
910,VIT_09s0002g01550,3,0.0014,Lecithine cholesterol acyltransferase,E2_3_1_43,,vv10564Glycerophospholipid_metabolism,
911,VIT_06s0004g01270,3,0.0014,Callose synthase catalytic subunit,E2_4_1_34,,vv10500Starch_and_sucrose_metabolism,
912,VIT_01s0011g01810,3,0.0014,No hit,,,,
913,VIT_01s0010g02210,3,0.0014,FRK1 (FLG22-induced receptor-like kinase 1),FRK1,,vv34626Plant-pathogen_interaction,
914,VIT_12s0028g03010,3,0.0014,Glutaredoxin,,,,
915,VIT_18s0089g00250,3,0.0014,1 4-beta-mannan endohydrolase,E3_2_1_78,,vv10051Fructose_and_mannose_metabolism,
916,VIT_04s0008g06060,3,0.0014,Unknown,,,,
917,VIT_15s0021g01260,3,0.0014,Unknown,,,,
918,VIT_00s2785g00010,3,0.0014,Calmodulin-binding protein,,,,
919,VIT_18s0041g01550,3,0.0014,Tubulin  Beta 2,K07375,,vv44810Regulation_of_actin_cytoskeleton,
920,VIT_08s0040g02730,3,0.0014,Exocyst subunit EXO70 H4,EXO70H4,,vv50111Tethering_factors,
921,VIT_09s0002g00220,3,0.0014,Avr9/Cf-9 rapidly elicited protein 132,,,,
922,VIT_09s0002g02950,3,0.0014,No hit,,,,
923,VIT_19s0014g04960,3,0.0014,Nodulation receptor kinase,,,,
924,VIT_03s0063g02390,3,0.0014,No hit,,,,
925,VIT_06s0009g02590,3,0.0014,Pectinesterase family,E3_1_1_11,,vv40006Cell_wall,
926,VIT_18s0001g08330,3,0.0014,Erg28 like protein,,,,
927,VIT_00s0215g00020,3,0.0014,Protease Do-like 10,,,,
928,VIT_18s0001g05060,3,0.0014,2 3-bisphosphoglycerate-dependent phosphoglycerate mutase,E5_4_2_1,,vv10010Glycolysis,
929,VIT_05s0020g02370,3,0.0014,S-adenosylmethionine decarboxylase,E4_1_1_50,,vv10220Urea_cycle_and_metabolism_of_amino_groups,vv10271Methionine_metabolism
930,VIT_18s0001g14540,3,0.0014,DEAD-box ATP-dependent RNA helicase 28,K03732,,vv23040Spliceosome,vv50133Primary_active_transporter_cat_A9_to_A18
931,VIT_06s0080g00270,3,0.0014,Zinc finger (C2H2 type) protein (WIP3),WIP3_2,,vv60017C2H2,
932,VIT_01s0150g00540,3,0.0014,Unknown protein,,,,
933,VIT_14s0006g01970,3,0.0014,Auxin efflux carrier family,AUXEFF,,vv50004Auxin_transport,vv50125Porters_cat_66_to_94
934,VIT_13s0158g00400,3,0.0014,R protein MLA10,K13475,,vv34627R_proteins_from_Plant-pathogen_interaction,
935,VIT_01s0026g01230,3,0.0014,Exo84 subunit/exocyst complex component,EXO84A,,vv50111Tethering_factors,
936,VIT_13s0064g00680,3,0.0014,Retroelement pol polyprotein,,,,
937,VIT_17s0000g00640,3,0.0014,No hit,,,,
938,VIT_18s0001g01110,3,0.0014,Monooxygenase (MO2),,,,
939,VIT_07s0104g00940,3,0.0014,No hit,,,,
940,VIT_11s0103g00520,3,0.0014,Unknown,,,,
941,VIT_02s0025g02200,3,0.0014,Methyltransferase type 11,,,,
942,VIT_19s0027g00510,3,0.0014,Auxin-induced SAUR,SAUR,,vv30003Auxin_signaling,
943,VIT_07s0095g00190,3,0.0014,No hit,,,,
944,VIT_10s0116g01820,3,0.0014,Unknown protein,,,,
945,VIT_14s0060g00080,3,0.0014,Unknown protein,,,,
946,VIT_01s0011g05930,3,0.0014,S-adenosyl-L-methionine:carboxyl methyltransferase,,,,
947,VIT_00s0880g00020,3,0.0014,Translation initiation factor eIF-3 subunit 7,K03251,,vv23013RNA_transport,
948,VIT_13s0067g03750,3,0.0014,Stigma/style ABC transporter WBC19,WBC19,,vv52010ABC_transporters,
949,VIT_06s0009g03540,3,0.0014,No hit,,,,
950,VIT_09s0002g01040,3,0.0014,Subtilase,,,,
951,VIT_03s0038g04420,3,0.0014,DnaJ homolog  subfamily A  member 2,K09503,,vv50132Primary_active_transporter_cat_A5_to_A8,
952,VIT_00s0479g00020,3,0.0014,Basic helix-loop-helix (bHLH) family,BHLHDOM_21,,vv60011BHLH,
953,VIT_08s0007g05840,3,0.0014,No hit,,,,
954,VIT_07s0005g05930<br>VIT_07s0005g05910<br>VIT_07s0005g05920,3,0.0014,,,,,
955,VIT_10s0042g00820,3,0.0014,Transparent testa16,TT16_2,,vv60042MADS,
956,VIT_13s0067g00110,3,0.0014,CYP72A1,K13400,,vv10902Monoterpenoid_biosynthesis,
957,VIT_02s0025g03300,3,0.0014,Potassium channel tetramerisation domain-containing protein,KCTREL,,vv50101Channels_and_pores,
958,VIT_07s0151g00610,3,0.0014,No hit,,,,
959,VIT_16s0115g00420,3,0.0014,No hit,,,,
960,VIT_16s0050g00410,3,0.0014,Photoassimilate-responsive protein PAR-1a,,,,
