Vv_m2,2000,1000,VIT_08s0058g00690
rank,node,Fabs,Frel,Functional-annotation,Name-EC-KeggID,Updated-name,Network1,Network2
1,VIT_02s0025g03300,2078,1.0000,Potassium channel tetramerisation domain-containing protein,KCTREL,,vv50101Channels_and_pores,
2,VIT_03s0038g03530,2073,1.0000,LYS/HIS transporter 7,LHT7,,vv50123Porters_cat_18_to_29,
3,VIT_15s0048g02070,2062,0.9995,BON2-associated protein (BAP2),,,,
4,VIT_10s0116g01200,2054,0.9995,WRKY DNA-binding protein 6,WRKY6_1,VvWRKY29,vv60066WRKY,
5,VIT_02s0025g02240,2053,0.9985,WD-40 repeat,,,,
6,VIT_18s0166g00190,2050,0.9985,U-box domain-containing protein,,,,
7,VIT_10s0042g00910,2062,0.9976,Stilbene synthase [Vitis pseudoreticulata],E2_3_1_95,,vv10940Phenylpropanoid_biosynthesis,
8,VIT_11s0016g01970,2062,0.9961,Calmodulin-binding region IQD6,,,,
9,VIT_01s0011g06140,2051,0.9956,Avr9/Cf-9 rapidly elicited protein,,,,
10,VIT_01s0011g03850,2046,0.9932,Unknown protein,,,,
11,VIT_16s0050g01690,2045,0.9898,Receptor kinase homolog LRK10,,,,
12,VIT_08s0032g01220,2056,0.9866,Calcium dependent protein kinase 1,CPK1,,vv34626Plant-pathogen_interaction,
13,VIT_01s0127g00700,2038,0.9845,Unknown protein,,,,
14,VIT_02s0025g01280,2016,0.9810,WRKY DNA-binding protein 53,WRKY53_2,VvWRKY05,vv60066WRKY,
15,VIT_04s0008g01470,2023,0.9768,WRKY DNA-binding protein 50,WRKY50,VvWRKY06,vv60066WRKY,
16,VIT_16s0098g00220,2018,0.9739,Membrane located receptor,,,,
17,VIT_10s0003g00790,2015,0.9734,Glutamate receptor protein,GLR2_7,,vv50101Channels_and_pores,
18,VIT_16s0013g01080,2005,0.9719,Ethylene-responsive transcription factor ERF105,ERF105_9,VvERF086,vv30008Ethylene_signaling,vv60003AP2_EREBP
19,VIT_02s0033g01380,2005,0.9714,Alternative oxidase 1D,AOX1D,,vv30001ABA_signaling,
20,VIT_18s0041g01290,2007,0.9700,Serine/threonine-protein kinase CCR4,,,,
21,VIT_08s0032g01150,1985,0.9664,Syntaxin 1B/2/3/4,K08486,,vv24130SNARE_interactions_in_vesicular_transport,vv50101Channels_and_pores
22,VIT_07s0031g01090,1991,0.9642,Ascorbate oxidase,E1_10_3_3,,vv10053Ascorbate_and_aldarate_metabolism,vv50109Incompletely_characterized_transport_systems
23,VIT_14s0108g01000,1982,0.9626,Calcium-binding EF hand,,,,
24,VIT_06s0004g03540,1977,0.9588,MAPK (MPK3),MPK3,,vv30008Ethylene_signaling,vv34626Plant-pathogen_interaction
25,VIT_05s0020g03240,1972,0.9545,S-receptor kinase,,,,
26,VIT_10s0042g00840,1969,0.9535,Stilbene synthase [Vitis pseudoreticulata],E2_3_1_95,,vv10940Phenylpropanoid_biosynthesis,
27,VIT_12s0059g01380,1952,0.9490,1-aminocyclopropane-1-carboxylate oxidase 1,E1_14_17_4,,vv10640Propanoate_metabolism,vv30008Ethylene_signaling
28,VIT_09s0018g00240,1937,0.9407,WRKY DNA-binding protein 40,WRKY40,VvWRKY28,vv60066WRKY,
29,VIT_10s0042g00930<br>VIT_10s0042g00890<br>VIT_10s0042g00870<br>VIT_10s0042g00860<br>VIT_10s0042g00920,1947,0.9388,
30,VIT_19s0014g04940,1947,0.9383,Chitin-inducible gibberellin-responsive protein 1,CIGR1,,vv30010Gibberellin_signaling,vv60032GRAS
31,VIT_11s0052g00450,1941,0.9368,WRKY DNA-binding protein 11,WRKY11_1,VvWRKY34,vv60066WRKY,
32,VIT_16s0100g00200,1939,0.9345,Unknown protein,,,,
33,VIT_02s0234g00130,1924,0.9308,Ethylene responsive element binding factor 1,ERF1_9,VvERF076,vv30008Ethylene_signaling,vv30011Jasmonate_signaling
34,VIT_05s0020g03690<br>VIT_05s0020g03710,1932,0.9271,
35,VIT_18s0001g15120,1924,0.9259,Unknown protein,,,,
36,VIT_01s0011g05470,1906,0.9248,PGPS/D12,,,,
37,VIT_18s0072g00990,1905,0.9248,Leucine-rich repeat protein kinase,,,,
38,VIT_18s0001g06400,1879,0.9086,No hit,,,,
39,VIT_07s0031g00530,1885,0.9076,MAPKKK21,,,,
40,VIT_14s0083g00920,1872,0.9070,No hit,,,,
41,VIT_15s0045g01020,1868,0.9042,R protein  PRF  disease resistance protein,K13453,,vv34627R_proteins_from_Plant-pathogen_interaction,
42,VIT_09s0002g00220,1859,0.9033,Avr9/Cf-9 rapidly elicited protein 132,,,,
43,VIT_18s0001g15150,1870,0.9012,Unknown protein,,,,
44,VIT_06s0004g00020,1850,0.8998,NAC domain containing protein 32,NAC032,VvNAC44,vv60046NAC,
45,VIT_15s0045g00880<br>VIT_15s0045g00980,1846,0.8935,
46,VIT_16s0050g00410,1830,0.8879,Photoassimilate-responsive protein PAR-1a,,,,
47,VIT_05s0062g00790,1840,0.8867,NSL1 (necrotic spotted lesions 1),,,,
48,VIT_13s0156g00580,1835,0.8856,S-receptor kinase,,,,
49,VIT_04s0044g00220,1830,0.8807,Monooxygenase,,,,
50,VIT_06s0004g04950,1826,0.8775,Scarecrow-like transcription factor 14 SCL14,SCL14_11,,vv60032GRAS,
51,VIT_08s0007g02360,1802,0.8722,Harpin inducing protein 1-like 9,,,,
52,VIT_06s0004g04010,1801,0.8722,Exocyst subunit EXO70 H7,EXO70H7,,vv50111Tethering_factors,
53,VIT_00s2563g00010,1791,0.8703,Glycogenin glucosyltransferase,E2_4_1_186,,vv10500Starch_and_sucrose_metabolism,
54,VIT_18s0001g04640,1799,0.8699,No hit,,,,
55,VIT_07s0031g01010<br>VIT_07s0031g01040<br>VIT_07s0031g01050,1777,0.8651,
56,VIT_16s0039g02000,1784,0.8627,Peptidyl-tRNA hydrolase 2,K04794,,,
57,VIT_18s0001g09230,1773,0.8611,Salt tolerance zinc finger,STZ_2,,vv60017C2H2,
58,VIT_16s0100g00860<br>VIT_16s0100g00940<br>VIT_16s0100g00800<br>VIT_16s0100g00920<br>VIT_16s0100g00930<br>VIT_16s0100g00810<br>VIT_16s0100g00840<br>VIT_16s0100g00850,1760,0.8585,
59,VIT_06s0004g07500,1765,0.8547,WRKY DNA-binding protein 33,WRKY33_1,VvWRKY16,vv34626Plant-pathogen_interaction,vv60066WRKY
60,VIT_18s0072g00980,1766,0.8494,Leucine-rich repeat protein kinase,,,,
61,VIT_18s0001g06760,1760,0.8482,Clathrin assembly protein 16,CAP16,,vv50110Protein_coat,
62,VIT_11s0016g02070,1748,0.8473,Basic helix-loop-helix (bHLH) family,BHLHDOM_63,,vv60011BHLH,
63,VIT_16s0013g01110,1749,0.8433,Ethylene-responsive transcription factor 5,ERF5_3,VvERF090,vv30008Ethylene_signaling,vv60003AP2_EREBP
64,VIT_04s0008g02530,1756,0.8426,ATP binding protein,,,,
65,VIT_01s0011g00380,1737,0.8420,SP1L1 (SPIRAL1-like1),,,,
66,VIT_07s0005g03220,1736,0.8370,Ethylene-responsive transcription factor ERF098,ERF098_1,VvERF098,vv30008Ethylene_signaling,vv60003AP2_EREBP
67,VIT_07s0031g00330,1712,0.8331,MAP3K protein kinase,,,,
68,VIT_13s0067g02630,1725,0.8313,No hit,,,,
69,VIT_16s0098g00190,1719,0.8312,Receptor kinase homolog LRK10,,,,
70,VIT_16s0100g00880,1712,0.8295,Stilbene synthase [Vitis pseudoreticulata],E2_3_1_95,,vv10940Phenylpropanoid_biosynthesis,
71,VIT_06s0004g06710,1702,0.8274,Cys-3-His zinc finger protein,ZFAR1_2,,vv60018C3H,
72,VIT_13s0067g00260,1701,0.8249,Nematode-resistance protein,,,,
73,VIT_02s0025g03660,1704,0.8232,4-coumarate-CoA ligase,E6_2_1_12,,vv10940Phenylpropanoid_biosynthesis,vv50104Group_translocators
74,VIT_12s0028g01410,1703,0.8203,Heat shock transcription factor A4A,HSFA4A_3,,vv60037HSF,
75,VIT_13s0156g00590,1697,0.8190,S-receptor kinase,,,,
76,VIT_09s0054g00910,1690,0.8184,Chaperone BCS1 mitochondrial,K08900,,,
77,VIT_14s0066g01810,1691,0.8165,SAG101 (senescence-associated gene 101),,,,
78,VIT_04s0008g02510,1695,0.8145,Receptor kinase homolog LRK10,,,,
79,VIT_06s0004g06880,1665,0.8063,Ran-binding protein 1 RanBP1,RANBP1,,vv50109Incompletely_characterized_transport_systems,
80,VIT_12s0057g00420,1654,0.7979,Auxin-responsive protein AIR12,AIR12,,vv30003Auxin_signaling,
81,VIT_16s0100g00960,1641,0.7901,Stilbene synthase [Vitis pseudoreticulata],E2_3_1_95,,vv10940Phenylpropanoid_biosynthesis,
82,VIT_04s0008g05760,1618,0.7832,WRKY DNA-binding protein 18,WRKY18_2,VvWRKY08,vv60066WRKY,
83,VIT_10s0042g00850,1613,0.7762,Stilbene synthase [Vitis pseudoreticulata],E2_3_1_95,,vv10940Phenylpropanoid_biosynthesis,
84,VIT_05s0020g03220,1596,0.7714,S-receptor kinase,,,,
85,VIT_06s0004g04960,1577,0.7667,Scarecrow-like transcription factor 14 SCL14,SCL14_10,,vv60032GRAS,
86,VIT_04s0044g00230,1575,0.7601,Monooxygenase (MO2),,,,
87,VIT_03s0097g00710,1554,0.7588,Glutamyl-tRNA reductase 1,E1_2_1_70,,vv10860Porphyrin_and_chlorophyll_metabolism,
88,VIT_10s0042g00700,1565,0.7579,Leucine-rich repeat receptor-like protein kinase 1,,,,
89,VIT_12s0028g01650,1562,0.7528,S-receptor kinase,,,,
90,VIT_16s0100g01000,1489,0.7242,Stilbene synthase 4,E2_3_1_95,,vv10940Phenylpropanoid_biosynthesis,
91,VIT_08s0105g00190<br>VIT_08s0105g00180,1504,0.7231,
92,VIT_17s0000g04360,1491,0.7186,Wall-associated kinase 2 (WAK2),,,,
93,VIT_17s0000g03370,1478,0.7137,Calmodulin-binding protein,K02183,,vv34020Calcium_signaling_pathway,vv34626Plant-pathogen_interaction
94,VIT_09s0054g00900,1473,0.7133,Chaperone BCS1 mitochondrial,K08900,,,
95,VIT_17s0000g06860,1461,0.7061,SNAP25ous protein SNAP30,K08509,,vv24130SNARE_interactions_in_vesicular_transport,
96,VIT_18s0122g00300,1453,0.7057,Unknown protein,,,,
97,VIT_13s0019g03990,1460,0.7019,Unknown protein,,,,
98,VIT_11s0016g04050,1443,0.7008,No hit,,,,
99,VIT_07s0031g02610,1448,0.6999,NAC domain containing protein 2,NAC2_6,VvNAC39,vv60046NAC,
100,VIT_16s0013g01120,1445,0.6971,Ethylene-responsive transcription factor ERF105,ERF105_17,VvERF092,vv30008Ethylene_signaling,vv60003AP2_EREBP
101,VIT_09s0018g01660,1435,0.6939,Biopterin transport-related protein BT1,BIOPTERIN,,vv50125Porters_cat_66_to_94,
102,VIT_03s0017g01940,1432,0.6908,Unknown,,,,
103,VIT_16s0050g02060,1420,0.6850,Receptor kinase homolog LRK10,,,,
104,VIT_09s0002g05600,1402,0.6783,ABC transporter g family pleiotropic drug resistance 12 PDR12,ABCGPDR12,,vv52010ABC_transporters,
105,VIT_18s0157g00140,1377,0.6655,Alliin lyase,E4_4_1_4,,vv10272Cysteine_metabolism,
106,VIT_12s0028g00610,1353,0.6594,Aspartyl protease,E3_4_23_x,,,
107,VIT_00s0181g00220,1370,0.6580,Calmodulin-binding protein,K02183,,vv34020Calcium_signaling_pathway,vv34626Plant-pathogen_interaction
108,VIT_18s0001g15140,1349,0.6517,Unknown,,,,
109,VIT_17s0000g07560,1348,0.6506,EDS1 (Enhanced disease susceptibility 1),EDS1,,vv30011Jasmonate_signaling,
110,VIT_10s0042g00880,1342,0.6489,Stilbene synthase [Vitis pseudoreticulata],E2_3_1_95,,vv10940Phenylpropanoid_biosynthesis,
111,VIT_03s0063g00880,1338,0.6476,Calmodulin-binding protein,,,,
112,VIT_17s0000g03340,1336,0.6460,Wall-associated kinase 4,,,,
113,VIT_15s0045g00680,1341,0.6453,R protein  PRF  disease resistance protein,K13453,,vv34627R_proteins_from_Plant-pathogen_interaction,
114,VIT_19s0015g01440,1336,0.6435,Unknown protein,,,,
115,VIT_01s0026g02250,1326,0.6406,Haloacid dehalogenase hydrolase,E3_1_3_18,,vv10630Glyoxylate_and_dicarboxylate_metabolism,
116,VIT_01s0146g00330,1330,0.6400,Hydroxyproline-rich glycoprotein family protein,HRGP,,vv40006Cell_wall,
117,VIT_00s0194g00060,1313,0.6337,No hit,,,,
118,VIT_13s0084g00670,1311,0.6321,Unknown protein,,,,
119,VIT_15s0045g00640,1302,0.6317,R protein  PRF  disease resistance protein,K13453,,vv34627R_proteins_from_Plant-pathogen_interaction,
120,VIT_18s0001g01960,1278,0.6207,RKF3 (receptor-like kinase IN in flowers 3),,,,
121,VIT_10s0003g04210<br>VIT_10s0003g04230,1264,0.6130,
122,VIT_12s0059g00280,1262,0.6085,Dehydration-responsive element-binding protein 16,DREB16,,vv30008Ethylene_signaling,vv60003AP2_EREBP
123,VIT_01s0011g04630,1256,0.6082,Ribose 5-phosphate isomerase,E5_3_1_6,,vv10030Pentose_phosphate,vv10710Carbon_fixation
124,VIT_19s0090g00210,1254,0.6055,DTW domain-containing protein,,,,
125,VIT_16s0098g00980,1247,0.6042,Unknown,,,,
126,VIT_13s0156g00570,1231,0.5958,S-receptor kinase,,,,
127,VIT_17s0000g08090,1200,0.5794,No hit,,,,
128,VIT_09s0002g01080,1190,0.5791,Lipoxygenase,E1_13_11_12,,vv10592alpha-Linolenic_acid_metabolism,
129,VIT_03s0017g02110,1199,0.5787,Anthocyanidin 3-O-glucosyltransferase,E2_4_1_115,,vv10942Anthocyanin_biosynthesis,
130,VIT_06s0004g04980,1190,0.5768,Scarecrow transcription factor 14 (SCL14),SCL14_5,,vv60032GRAS,
131,VIT_13s0067g01070,1189,0.5766,Cys-3-His zinc finger protein,ZFAR1_1,,vv60018C3H,
132,VIT_08s0007g08520,1190,0.5746,Unknown protein,,,,
133,VIT_02s0012g01320,1178,0.5669,MYC jasmonic acid 3,MYC2_1,,vv30011Jasmonate_signaling,vv34626Plant-pathogen_interaction
134,VIT_00s0515g00020,1161,0.5625,R protein MLA10,K13475,,vv34627R_proteins_from_Plant-pathogen_interaction,
135,VIT_01s0010g02970,1151,0.5582,Calcium-binding protein CML,K13448,,vv34626Plant-pathogen_interaction,
136,VIT_16s0098g01260,1147,0.5557,Intramitochondrial sorting protein MSP1 protein,MSP1,,vv50133Primary_active_transporter_cat_A9_to_A18,
137,VIT_12s0034g00270,1144,0.5508,R protein L6,K13477,,vv34627R_proteins_from_Plant-pathogen_interaction,
138,VIT_05s0102g00210,1131,0.5506,Unknown protein,,,,
139,VIT_13s0067g01270,1133,0.5452,Avr9/Cf-9 rapidly elicited protein 284,,,,
140,VIT_11s0016g02580,1130,0.5451,MAPK activating protein-like,,,,
141,VIT_17s0000g02930,1118,0.5401,Glutathione S-transferase 25 GSTU7,E2_5_1_18_GSTU7,,vv10480Glutathione_metabolism,
142,VIT_19s0014g02120,1111,0.5391,Metallothionein,,,,
143,VIT_06s0004g06840,1111,0.5380,Protein phosphatase 2C,E3_1_3_16,,,
144,VIT_04s0023g03200,1098,0.5312,Peptide methionine sulfoxide reductase,E1_8_4_12,,vv10240Pyrimidine_metabolism,
145,VIT_08s0007g04860,1082,0.5245,Nodulin family protein,,,,
146,VIT_03s0017g00650,1074,0.5214,GTP cyclohydrolase II,E3_5_4_25,,vv10740Riboflavin_metabolism,
147,VIT_06s0004g04150,1076,0.5201,Auxin-regulated protein,AUXREG,,vv30003Auxin_signaling,
148,VIT_05s0049g01010,1066,0.5187,Myb domain protein 14,MYB14_4,MYB13,vv60044MYB,
149,VIT_03s0017g02000,1070,0.5184,Anthocyanidin 3-O-glucosyltransferase,E2_4_1_115,,vv10942Anthocyanin_biosynthesis,
150,VIT_09s0002g05380,1067,0.5170,ABC transporter g family pleiotropic drug resistance 12 PDR12,ABCGPDR12,,vv52010ABC_transporters,
151,VIT_01s0026g01880,1057,0.5129,Protein kinase APK1B,,,,
152,VIT_16s0100g01010<br>VIT_16s0100g00950<br>VIT_16s0100g01030<br>VIT_16s0100g00990,1058,0.5077,
153,VIT_09s0002g02690,1041,0.5007,3'-5' exonuclease domain-containing protein,K01146,,,
154,VIT_05s0020g03270,1023,0.4954,S-receptor kinase,,,,
155,VIT_03s0091g00380,1016,0.4930,Thioredoxin domain-containing protein 9,,,,
156,VIT_16s0050g02510,1012,0.4922,WRKY DNA-binding protein 53,WRKY53_1,VvWRKY51,vv60066WRKY,
157,VIT_08s0058g01290,1010,0.4886,Protein kinase AtSIK,,,,
158,VIT_04s0069g00970,1019,0.4883,WRKY DNA-binding protein 51,WRKY51_1,VvWRKY11,vv60066WRKY,
159,VIT_12s0028g03270,1008,0.4881,Ethylene-responsive transcription factor 9,ERF9_1,,vv30008Ethylene_signaling,vv60003AP2_EREBP
160,VIT_15s0024g00400,1004,0.4862,R protein MLA10,K13475,,vv34627R_proteins_from_Plant-pathogen_interaction,
161,VIT_03s0091g00690,1005,0.4860,Salt tolerance zinc finger,STZ_1,,vv60017C2H2,
162,VIT_01s0010g02990<br>VIT_01s0010g03000,1005,0.4846,
163,VIT_17s0000g04560,998,0.4838,Kinetochore protein,KINETOCHORE,,vv44110Cell_cycle,
164,VIT_17s0000g09710,998,0.4828,Leucine-rich repeat transmembrane protein kinase,,,,
165,VIT_10s0042g00090,998,0.4810,Isoprenylcysteine carboxyl methyltransferase family,E2_1_1_100,,vv10271Methionine_metabolism,
166,VIT_03s0063g01790,987,0.4798,Transducin protein,,,,
167,VIT_12s0059g01720,984,0.4786,No hit,,,,
168,VIT_18s0001g10120,988,0.4768,SPla/RYanodine receptor (SPRY) domain-containing protein,,,,
169,VIT_17s0000g07670,975,0.4761,Betaine-aldehyde dehydrogenase,E1_2_1_8,,vv10260Glycine_serine_and_threonine_metabolism,vv50101Channels_and_pores
170,VIT_07s0031g01120,984,0.4740,Ascorbate oxidase,E1_10_3_3,,vv10053Ascorbate_and_aldarate_metabolism,vv50109Incompletely_characterized_transport_systems
171,VIT_13s0074g00350,981,0.4730,Unknown,,,,
172,VIT_17s0000g02950,983,0.4706,Glutathione S-transferase 25 GSTU7,E2_5_1_18_GSTU7,,vv10480Glutathione_metabolism,
173,VIT_14s0068g01490,974,0.4685,NAC domain-containing protein 83,NAC083_2,VvNAC73,vv60046NAC,
174,VIT_07s0104g01160,960,0.4667,Substrate carrier   Mitochondrial,K03454,,vv50123Porters_cat_18_to_29,
175,VIT_02s0025g00420,968,0.4661,WRKY DNA-binding protein 27,WRKY27_2,VvWRKY04,vv60066WRKY,
176,VIT_00s0181g00080,968,0.4654,F-box domain containing protein,,,,
177,VIT_01s0010g02350,955,0.4640,Protein phosphatase 2 (formerly 2A)  regulatory subunit B',K11584,,vv23015mRNA_surveillance_pathway,
178,VIT_13s0175g00150<br>VIT_13s0019g00830,958,0.4621,
179,VIT_16s0100g01150,958,0.4617,Stilbene synthase [Vitis vinifera],E2_3_1_95,,vv10940Phenylpropanoid_biosynthesis,
180,VIT_09s0002g04720,961,0.4614,Coatomer protein complex  subunit beta 2,COPB2,,vv50110Protein_coat,
181,VIT_02s0236g00100,902,0.4355,Unknown,,,,
182,VIT_10s0003g00580,871,0.4224,ERF/AP2 transcription factor sub B-3  (ATERF-2),ERF1_5,VvERF075,vv30008Ethylene_signaling,vv30011Jasmonate_signaling
183,VIT_17s0000g04750,876,0.4212,UDP-glycosyltransferase 89B2,E2_4_1_17,,vv10040Pentose_glucuronate_interconversion,vv10500Starch_and_sucrose_metabolism
184,VIT_17s0000g09720,873,0.4203,Unknown protein,,,,
185,VIT_05s0077g01690,859,0.4158,Pathogenesis protein 10 [Vitis vinifera],,,,
186,VIT_16s0098g00200,853,0.4147,Receptor serine/threonine kinase PR5K,,,,
187,VIT_04s0044g01430,855,0.4140,Unknown protein,,,,
188,VIT_16s0050g01250,854,0.4134,Heavy-metal-associated domain-containing protein,,,,
189,VIT_16s0100g01160,851,0.4117,Stilbene synthase [Vitis vinifera],E2_3_1_95,,vv10940Phenylpropanoid_biosynthesis,
190,VIT_03s0017g01990,847,0.4108,UDP-glucose glucosyltransferase,E2_4_1_35,,vv10500Starch_and_sucrose_metabolism,
191,VIT_00s0301g00090,839,0.4085,NDA2 (alternative NAD(P)H dehydrogenase 2),K03885,,vv10190Oxidative_phosphorylation,vv50134Primary_active_transporter_cat_D1
192,VIT_04s0008g06930,830,0.4012,Transposase  IS4,,,,
193,VIT_16s0050g01550,823,0.3970,HcrVf2 protein,,,,
194,VIT_08s0040g00590,816,0.3933,Zinc finger (C3HC4-type ring finger),ZFC3HC4_43,,vv60078Other_zf-C3HC4,
195,VIT_01s0010g02950,810,0.3923,Calcium-binding protein CML,K13448,,vv34626Plant-pathogen_interaction,
196,VIT_19s0015g01110,811,0.3914,Tetraspanning membrane protein  SFT2,SFT2,,vv50109Incompletely_characterized_transport_systems,
197,VIT_05s0051g00140,811,0.3912,RRS1 (resistant to ralstonia solanacearum 1),RRS1,,vv34627R_proteins_from_Plant-pathogen_interaction,
198,VIT_18s0001g02020,809,0.3904,Amino acid permease 3,AAP3,,vv50123Porters_cat_18_to_29,
199,VIT_07s0031g02420,805,0.3893,F-box domain containing protein,,,,
200,VIT_11s0016g01340,796,0.3847,Unknown protein,,,,
201,VIT_04s0008g05850,796,0.3834,CCR4-NOT transcription complex subunit 7/8,K12581,,vv23018RNA_degradation,
202,VIT_06s0004g06610,785,0.3809,Peptidyl-prolyl cis-trans isomerase ROC7 (rotamase CYP 7),ROC7,,,
203,VIT_07s0104g01500,782,0.3789,Transcription termination factor mitochondrial mTERF,MTERF_10,,vv60085MTERF,
204,VIT_01s0010g02930,774,0.3765,Calmodulin,K02183,,vv34020Calcium_signaling_pathway,vv34626Plant-pathogen_interaction
205,VIT_00s0144g00170,778,0.3760,HcrVf1 protein,,,,
206,VIT_18s0001g09240,773,0.3758,No hit,,,,
207,VIT_12s0055g00050<br>VIT_12s0055g00030,776,0.3731,
208,VIT_13s0067g00930,765,0.3705,ACR4 (Arabidopsis CRINKLY4),,,,
209,VIT_13s0156g00150,758,0.3671,Unknown,,,,
210,VIT_01s0011g03370,759,0.3670,Agenet domain-containing protein,,,,
211,VIT_01s0137g00340,760,0.3659,Unknown protein,,,,
212,VIT_12s0134g00450,754,0.3643,S-locus lectin protein kinase,,,,
213,VIT_05s0020g04330<br>VIT_05s0020g04300,749,0.3641,
214,VIT_05s0020g02090,750,0.3637,Unknown,,,,
215,VIT_01s0010g03040,750,0.3628,Calcium-binding protein CML,K13448,,vv34626Plant-pathogen_interaction,
216,VIT_14s0066g02350,746,0.3614,Galactinol synthase,E2_4_1_123,,vv10052Galactose_metabolism,
217,VIT_06s0009g00370,742,0.3605,U-box domain-containing protein,,,,
218,VIT_08s0058g01160,738,0.3576,No hit,,,,
219,VIT_19s0090g00220,741,0.3573,CRS2-associated factor 2  mitochondrial precursor,,,,
220,VIT_00s0691g00010,737,0.3547,Calcium-transporting ATPase 13 ACA13,K01537,,vv34020Calcium_signaling_pathway,vv50131Primary_active_transporter_cat_A2_to_A4
221,VIT_09s0002g08160,733,0.3544,R protein MLA10,K13475,,vv34627R_proteins_from_Plant-pathogen_interaction,
222,VIT_17s0000g05380,729,0.3527,Dynein light chain LC8-type,K10418,,vv44810Regulation_of_actin_cytoskeleton,
223,VIT_16s0100g00760,734,0.3522,Stilbene synthase 2 [Vitis sp. cv. 'Norton'],E2_3_1_95,,vv10940Phenylpropanoid_biosynthesis,
224,VIT_08s0058g00150,729,0.3518,Ammonium transporter 2,AMT2,,vv50101Channels_and_pores,
225,VIT_06s0004g06480,724,0.3513,CYP71E,E1_14_13_73,,vv10902Monoterpenoid_biosynthesis,
226,VIT_04s0008g05970,725,0.3513,Unknown protein,,,,
227,VIT_18s0001g03620,721,0.3493,Avr9/Cf-9 rapidly elicited protein 284,,,,
228,VIT_19s0140g00120,725,0.3491,Gibberellin 2-beta-dioxygenase 1,E1_14_11_13,,vv10904Diterpenoid_biosynthesis,
229,VIT_02s0012g01280,720,0.3483,VQ motif-containing protein,,,,
230,VIT_08s0007g08300,715,0.3466,Calcium-dependent protein kinase 32 CPK32,CPK32,,vv30001ABA_signaling,vv34626Plant-pathogen_interaction
231,VIT_16s0098g01000,703,0.3413,No hit,,,,
232,VIT_17s0000g04370,703,0.3396,Wall-associated kinase,,,,
233,VIT_09s0002g05610,691,0.3367,Unknown,,,,
234,VIT_01s0137g00070,695,0.3337,B-keto acyl reductase,,,,
235,VIT_01s0150g00570,687,0.3325,NADH dehydrogenase (ubiquinone) 1 alpha subcomplex 2,K03946,,vv10190Oxidative_phosphorylation,vv50134Primary_active_transporter_cat_D1
236,VIT_05s0077g00030,682,0.3320,Ammonium transporter 1  member 1 (AMT1.1),AMT1_1,,vv50101Channels_and_pores,
237,VIT_16s0100g01060,680,0.3288,Stilbene synthase,E2_3_1_95,,vv10940Phenylpropanoid_biosynthesis,
238,VIT_16s0039g01240<br>VIT_16s0039g01360<br>VIT_16s0039g01130<br>VITisv_009233<br>VIT_16s0039g01100<br>VIT_00s2508g00010<br>VITisv_032212<br>VIT_16s0039g01120<br>VIT_16s0039g01320<br>VIT_00s2849g00010<br>VIT_16s0039g01300<br>VIT_16s0039g01170<br>VIT_16s0039g01280,684,0.3285,
239,VIT_10s0042g00590,679,0.3282,Leucine-rich repeat receptor-like protein kinase 1,,,,
240,VIT_09s0002g05360<br>VIT_09s0002g05400<br>VIT_09s0002g05490<br>VIT_09s0002g05590,679,0.3280,
241,VIT_07s0005g04050,677,0.3280,Leucine Rich Repeat receptor-like kinase,,,,
242,VIT_18s0072g00840,676,0.3267,Sensitive to proton rhizotoxicity 1,STOP1_2,,vv60017C2H2,
243,VIT_12s0059g00170,678,0.3261,GCN5 N-acetyltransferase (GNAT),GCN5_16,,vv60082GNAT,
244,VIT_11s0016g02570,667,0.3225,Phospholipase A2 precursor,E3_1_1_4,,vv10564Glycerophospholipid_metabolism,vv10565Ether_lipid_metabolism
245,VIT_05s0020g04360,655,0.3172,Ca2+-ATPase 13 ACA13  plasma membrane,K01537,,vv34020Calcium_signaling_pathway,vv50131Primary_active_transporter_cat_A2_to_A4
246,VIT_19s0014g01530,646,0.3124,Protein kinase,,,,
247,VIT_14s0030g00350,651,0.3121,RKF3 (receptor-like kinase IN in flowers 3),RKF3,,vv60042MADS,
248,VIT_16s0050g00430,646,0.3113,Photoassimilate-responsive protein PAR-1a,,,,
249,VIT_03s0038g00490,638,0.3097,GATA transcription factor 12,GAT12,,vv60016C2C2-GATA,
250,VIT_14s0006g01600,645,0.3095,Unknown,,,,
251,VIT_05s0051g00170,640,0.3087,RRS1 (resistant to ralstonia solanacearum 1),RRS1,,vv34627R_proteins_from_Plant-pathogen_interaction,
252,VIT_01s0010g03860,639,0.3077,Unknown,,,,
253,VIT_01s0010g03010,634,0.3063,Calcium-binding EF-hand,K13448_CML38,,vv34626Plant-pathogen_interaction,
254,VIT_06s0004g05090,628,0.3032,Zinc finger (C3HC4-type ring finger),ZFC3HC4_169,,vv60078Other_zf-C3HC4,
255,VIT_01s0010g02940,624,0.3029,Calmodulin CML37,K02183,,vv34020Calcium_signaling_pathway,vv34626Plant-pathogen_interaction
256,VIT_01s0011g04550,618,0.2980,Unknown protein,,,,
257,VIT_10s0003g01770,613,0.2958,Heat shock transcription factor A4A,HSFA4A_1,,vv60037HSF,
258,VIT_13s0067g00210,609,0.2926,Unknown protein,,,,
259,VIT_07s0031g03060,600,0.2899,NSL1 (necrotic spotted lesions 1),,,,
260,VIT_13s0067g03140,596,0.2864,WRKY DNA-binding protein 70,WRKY70_1,VvWRKY41,vv60066WRKY,
261,VIT_14s0066g02590,586,0.2832,Nitrate transporter NRT1-5,POT,,vv50122Porters_cat_7_to_17,
262,VIT_06s0004g04620,581,0.2815,Unknown,,,,
263,VIT_02s0012g02420,569,0.2763,TRNA pseudouridine synthase,E5_4_99_12,,vv11000Single_reactions,
264,VIT_10s0003g00140,567,0.2734,Ethylene-responsive transcription factor 9,ERF9_2,VvERF064,vv30008Ethylene_signaling,vv60003AP2_EREBP
265,VIT_12s0057g01430,563,0.2708,Heavy-metal-associated domain-containing protein,,,,
266,VIT_11s0016g03080,560,0.2701,Clavata1 receptor kinase (CLV1),,,,
267,VIT_05s0020g01540,554,0.2674,Protein arginine N-methyltransferase,K00599,,vv10340Histidine_metabolism,vv10350Tyrosine_metabolism
268,VIT_00s0262g00120,551,0.2663,Receptor kinase RK20-1,,,,
269,VIT_12s0057g01130,552,0.2663,R protein disease resistance protein,RPROT,,vv34627R_proteins_from_Plant-pathogen_interaction,
270,VIT_16s0039g01090,551,0.2645,CYP89A2,,,,
271,VIT_13s0019g00480,550,0.2644,Zinc finger (C2H2 type) family,C2H2FAM_22,,vv60017C2H2,
272,VIT_14s0066g02090,542,0.2611,AAA-type ATPase,,,,
273,VIT_10s0042g00480,537,0.2590,ABC transporter g family pleiotropic drug resistance 12 PDR12,ABCGPDR12,,vv52010ABC_transporters,
274,VIT_03s0017g01400,530,0.2583,Adhesive/proline-rich protein,,,,
275,VIT_18s0117g00300,530,0.2569,Coatomer protein complex  subunit beta 2,COPB2,,vv50110Protein_coat,
276,VIT_10s0116g01260,530,0.2551,Prefoldin,,,,
277,VIT_01s0011g03070,525,0.2545,AP2 domain-containing protein RAP2.8,RAP2_8,VvRAV1,vv30008Ethylene_signaling,vv60003AP2_EREBP
278,VIT_02s0012g00160,526,0.2542,Unknown,,,,
279,VIT_14s0060g02320,521,0.2532,Respiratory burst oxidase protein B (ATRBOHB),RBOHB,,vv34626Plant-pathogen_interaction,vv50105Transport_electron_carriers
280,VIT_04s0008g07250,526,0.2528,Aspartyl protease,E3_4_23_x,,,
281,VIT_12s0059g01580,521,0.2517,Unknown,,,,
282,VIT_18s0086g00210,516,0.2510,S-locus receptor protein kinase,,,,
283,VIT_01s0011g01350,517,0.2487,No hit,,,,
284,VIT_06s0080g01090,511,0.2485,CCR4-NOT transcription complex subunit 7/8,K12581,,vv23018RNA_degradation,
285,VIT_17s0000g02050,512,0.2475,Nudix hydrolase 17,,,,
286,VIT_15s0021g01630,507,0.2459,Ethylene responsive element binding factor 2,ERF2_1,,vv30008Ethylene_signaling,vv60003AP2_EREBP
287,VIT_15s0046g01140,502,0.2432,WRKY DNA-binding protein 53,WRKY53_3,VvWRKY47,vv60066WRKY,
288,VIT_03s0063g00460,494,0.2393,Ethylene-responsive transcription factor ERF109,ERF109_2,VvERF117,vv30008Ethylene_signaling,vv60003AP2_EREBP
289,VIT_05s0049g01330,493,0.2389,GLTP1 (glycolipid transfer protein 1),GLTP1,,,
290,VIT_06s0004g01580,490,0.2381,Lipoxygenase,E1_13_11_12,,vv10592alpha-Linolenic_acid_metabolism,
291,VIT_08s0040g02730,488,0.2361,Exocyst subunit EXO70 H4,EXO70H4,,vv50111Tethering_factors,
292,VIT_18s0001g14700,480,0.2310,Unknown,,,,
293,VIT_16s0050g01530,473,0.2283,HcrVf2 protein,,,,
294,VIT_00s0404g00050,463,0.2242,fiber protein,,,,
295,VIT_18s0001g11680,462,0.2236,Unknown protein,,,,
296,VIT_15s0024g00410,462,0.2231,Lectin,,,,
297,VIT_00s2648g00010,462,0.2218,FAD-dependent pyridine nucleotide-disulphide oxidoreductase,,,,
298,VIT_11s0037g01230,454,0.2201,Basic helix-loop-helix (bHLH) family,BHLHDOM_32,,vv60011BHLH,
299,VIT_04s0008g07220,456,0.2195,Chloroplast nucleoid DNA binding protein,,,,
300,VIT_15s0045g01010,451,0.2193,R protein  PRF  disease resistance protein,K13453,,vv34627R_proteins_from_Plant-pathogen_interaction,
301,VIT_06s0009g01580,452,0.2186,Glycosyl hydrolase family 17 protein,,,,
302,VIT_00s0301g00080,448,0.2174,No hit,,,,
303,VIT_07s0005g01780,446,0.2164,Pentatricopeptide (PPR) repeat-containing,,,,
304,VIT_05s0136g00320,440,0.2122,Unknown protein,,,,
305,VIT_02s0012g01880,434,0.2100,Unknown protein,,,,
306,VIT_11s0016g03190,423,0.2044,Unknown,,,,
307,VIT_13s0074g00800,422,0.2034,CCHC-type integrase,,,,
308,VIT_16s0050g01700,416,0.2021,Receptor serine/threonine kinase PR5K,,,,
309,VIT_07s0130g00150,418,0.2021,Thioesterase family,,,,
310,VIT_00s0226g00100,417,0.2011,Regulator of chromosome condensation (RCC1),RCC1,,vv50112Nuclear_pore_complex,
311,VIT_12s0034g00140,412,0.1984,UDP-glucose glucosyltransferase,E2_4_1_35,,vv10500Starch_and_sucrose_metabolism,
312,VIT_11s0016g00710,409,0.1978,Jasmonate ZIM-domain protein 1,JAZ1_1,,vv30011Jasmonate_signaling,vv60069ZIM
313,VIT_17s0000g01970,407,0.1973,MKK9,MKK9,,vv30008Ethylene_signaling,vv34626Plant-pathogen_interaction
314,VIT_18s0001g08820,405,0.1963,Unknown protein,,,,
315,VIT_12s0134g00240,406,0.1956,Avr9/Cf-9 rapidly elicited protein 20,,,,
316,VIT_00s0463g00040,404,0.1951,No hit,,,,
317,VIT_02s0025g04420,402,0.1944,MATE efflux family protein,MATE,,vv50125Porters_cat_66_to_94,
318,VIT_08s0007g00030,402,0.1941,Cation/hydrogen exchanger 20 (CHX20),CHX20,,vv50124Porters_cat_30_to_64,
319,VIT_05s0077g01970,396,0.1914,Zinc finger (C3HC4-type ring finger),ZFC3HC4_64,,vv60078Other_zf-C3HC4,
320,VIT_00s0463g00020,391,0.1901,Scarecrow transcription factor 5 (SCL5),SCL5_2,,vv60032GRAS,
321,VIT_05s0020g03190,394,0.1901,Haloacid dehalogenase hydrolase,E3_1_3_18,,vv10630Glyoxylate_and_dicarboxylate_metabolism,
322,VIT_17s0000g01060,394,0.1900,No hit,,,,
323,VIT_01s0026g00190,390,0.1888,Armadillo/beta-catenin repeat,,,,
324,VIT_18s0001g01820,386,0.1870,NAC domain-containing protein 17,NAC017,VvNAC15,vv60046NAC,
325,VIT_13s0019g01710,386,0.1863,Scarecrow transcription factor 14 (SCL14),SCL14_9,,vv60032GRAS,
326,VIT_11s0118g00390,381,0.1849,Oxidoreductase  2OG-Fe(II) oxygenase,,,,
327,VIT_14s0030g00340,379,0.1834,Sugar transporter ERD6-like 8,ERD6L8,,vv50121Porters_cat_1_to_6,
328,VIT_04s0044g01880,380,0.1829,Auxin Efflux Carrier,AUXEFF,,vv50004Auxin_transport,vv50125Porters_cat_66_to_94
329,VIT_15s0046g02480,378,0.1821,Protein kinase,,,,
330,VIT_19s0014g04060,374,0.1802,ARK3 (Arabidopsis Receptor Kinase 3),,,,
331,VIT_11s0016g03330,369,0.1790,Unknown protein,,,,
332,VIT_19s0090g00470,370,0.1790,Oxidoreductase,,,,
333,VIT_11s0016g02600,370,0.1784,Caffeoyl-CoA O-methyltransferase,E2_1_1_104,,vv10940Phenylpropanoid_biosynthesis,
334,VIT_11s0016g02250,367,0.1776,Unknown protein,,,,
335,VIT_05s0124g00610,364,0.1768,Ankyrin repeat protein family,K10380,,vv50108Accessory_factors_involved_in_transport,
336,VIT_00s0226g00090,362,0.1762,No hit,,,,
337,VIT_04s0069g01180,362,0.1750,NC domain-containing protein,,,,
338,VIT_11s0016g01330,359,0.1723,Unknown protein,,,,
339,VIT_13s0073g00240,353,0.1709,Glycosyl transferase family 1,,,,
340,VIT_11s0016g00660,350,0.1699,DREB sub A-5 of ERF/AP2 transcription factor,ERF017,VvERF009,vv30008Ethylene_signaling,vv60003AP2_EREBP
341,VIT_02s0109g00430,349,0.1684,Nitrilase 4 (NIT4),K13035,,vv10910Nitrogen_metabolism,
342,VIT_02s0087g00750,346,0.1682,Proteinase inhibitor I4  serpin,,,,
343,VIT_05s0051g00150,347,0.1670,RRS1 (resistant to ralstonia solanacearum 1),RRS1,,vv34627R_proteins_from_Plant-pathogen_interaction,
344,VIT_10s0071g00190,347,0.1669,R protein disease resistance protein,RPROT,,vv34627R_proteins_from_Plant-pathogen_interaction,
345,VIT_06s0009g02780,345,0.1663,Histone mRNA exonuclease 1,K01175,,,
346,VIT_05s0102g00610,345,0.1657,No hit,,,,
347,VIT_02s0012g00150,339,0.1633,NAK-type protein kinase,,,,
348,VIT_14s0219g00070,337,0.1620,Zinc finger (C2H2 type) family,C2H2FAM_25,,vv60017C2H2,
349,VIT_13s0067g02710,336,0.1620,Unknown protein,,,,
350,VIT_10s0003g01600,333,0.1609,WRKY DNA-binding protein 65,WRKY65_1,VvWRKY30,vv60066WRKY,
351,VIT_08s0007g00310,331,0.1594,Protein phosphatase 2C POLTERGEIST-like 4,,,,
352,VIT_16s0098g00210,323,0.1570,Receptor serine/threonine kinase,,,,
353,VIT_17s0000g03330,320,0.1553,Receptor serine/threonine kinase PR5K,,,,
354,VIT_10s0003g05450,318,0.1543,Reticuline oxidase precursor,E1_21_3_3,,vv10950Alkaloid_biosynthesis_I,
355,VIT_15s0046g02320,318,0.1536,Unknown protein,,,,
356,VIT_01s0011g02320,315,0.1531,Unknown protein,,,,
357,VIT_07s0005g02110,315,0.1517,Protein phosphatase 2C DBP,DBPPP2C_3,,vv60024DBP,
358,VIT_10s0042g00770,312,0.1504,Leucine-rich repeat receptor-like protein kinase 1,,,,
359,VIT_18s0001g15130,309,0.1499,WD40 repeat protein,,,,
360,VIT_16s0050g01490,302,0.1472,NADH dehydrogenase (ubiquinone) 1 alpha subcomplex 5,K03949,,vv10190Oxidative_phosphorylation,vv50134Primary_active_transporter_cat_D1
361,VIT_00s0510g00020,304,0.1469,Unknown protein,,,,
362,VIT_15s0045g00810,303,0.1462,Disease resistance protein RPR1,,,,
363,VIT_06s0009g02570,298,0.1447,Pectinesterase family,E3_1_1_11,,vv40006Cell_wall,
364,VIT_13s0158g00440,299,0.1435,Disease resistance protein,,,,
365,VIT_13s0019g04060,296,0.1431,MLO1,K08472,,,
366,VIT_05s0020g04780,298,0.1427,Basic helix-loop-helix (bHLH) family,BHLHDOM_52,,vv60011BHLH,
367,VIT_18s0001g02950,292,0.1413,Unknown protein,,,,
368,VIT_19s0015g00130,289,0.1404,Serine acetyltransferase 3,E2_3_1_30,,vv10272Cysteine_metabolism,vv10920Sulfur_metabolism
369,VIT_19s0014g00830,287,0.1393,RKF1 (receptor-like kinase in flowers 1),,,,
370,VIT_05s0020g02730,289,0.1392,Nectarin IV NEC4,,,,
371,VIT_16s0100g00830<br>VIT_16s0100g01120<br>VIT_16s0100g00780<br>VIT_16s0100g00910,284,0.1381,
372,VIT_01s0150g00330,286,0.1380,U-box domain-containing protein,,,,
373,VIT_18s0001g06180,284,0.1377,Phosphate-induced protein 1,,,,
374,VIT_19s0027g00870,285,0.1369,NAC domain-containing protein 42,NAC042_3,VvNAC30,vv60046NAC,
375,VIT_15s0046g01850,277,0.1338,Syntaxin of plants SYP7,K08506,,vv24130SNARE_interactions_in_vesicular_transport,
376,VIT_09s0002g04150,274,0.1322,Isochorismatase protein rutB,E3_3_2_1,,vv10130Ubiquinone_biosynthesis,
377,VIT_16s0100g01130,271,0.1307,Stilbene synthase [Vitis vinifera],E2_3_1_95,,vv10940Phenylpropanoid_biosynthesis,
378,VIT_18s0001g12520,269,0.1303,ATP binding,,,,
379,VIT_08s0007g08710,267,0.1294,Unknown protein,,,,
380,VIT_06s0080g00450,269,0.1292,Calcium-binding protein CML,K13448,,vv34626Plant-pathogen_interaction,
381,VIT_01s0127g00150,266,0.1291,Menaquinone biosynthesis methyltransferase ubiE,K03183,,vv10130Ubiquinone_biosynthesis,
382,VIT_02s0025g03020,265,0.1290,NAC domain-containing protein 14,NAC014,VvNAC25,vv60046NAC,
383,VIT_12s0055g01280,266,0.1289,Brassinosteroid insensitive 1-associated receptor kinase 1,BAK1,,vv30005Brassinosteroids_signaling,vv34626Plant-pathogen_interaction
384,VIT_15s0024g01600,268,0.1287,No hit,,,,
385,VIT_10s0003g03800,264,0.1280,Jasmonate ZIM domain-containing protein 8,JAZ8_1,,vv30011Jasmonate_signaling,vv60069ZIM
386,VIT_00s0471g00020,256,0.1243,Unknown,,,,
387,VIT_07s0141g00390,254,0.1229,Glutathione reductase (NADPH),E1_8_1_7,,vv10251Glutamate_metabolism,vv10480Glutathione_metabolism
388,VIT_07s0197g00170<br>VIT_00s0487g00030<br>VIT_07s0197g00240<br>VIT_00s0487g00010<br>VIT_07s0031g01070<br>VIT_07s0197g00130<br>VIT_07s0197g00120<br>VIT_07s0197g00210<br>VIT_07s0197g00140<br>VIT_07s0197g00220,254,0.1228,
389,VIT_18s0001g08120,252,0.1221,Ubiquitin-like (UBL) post-translational modifier,,,,
390,VIT_09s0002g05370,250,0.1219,ABC transporter g family pleiotropic drug resistance 12 PDR12,ABCGPDR12,,vv52010ABC_transporters,
391,VIT_09s0002g07950,250,0.1214,No hit,,,,
392,VIT_19s0014g01310,244,0.1182,Rab3-GAP regulatory domain,,,,
393,VIT_14s0066g02110,241,0.1174,AAA-type ATPase,,,,
394,VIT_07s0005g04020,243,0.1171,Leucine Rich Repeat receptor-like kinase,,,,
395,VIT_18s0001g02380,236,0.1142,Kinesin protein (MKRP1),MKRP1,,vv44810Regulation_of_actin_cytoskeleton,
396,VIT_06s0004g07910,237,0.1139,Ovate family protein 3 OFP3,OFP3_2,,vv60086OFP,
397,VIT_13s0074g00580,236,0.1139,Unknown protein,,,,
398,VIT_12s0059g02750,237,0.1139,Eukaryotic translation initiation factor-related,,,,
399,VIT_05s0051g00280,234,0.1133,TIR-NBS-TIR type disease resistance protein,,,,
400,VIT_09s0002g05470,231,0.1117,ABC transporter g family pleiotropic drug resistance 12 PDR12,ABCGPDR12,,vv52010ABC_transporters,
401,VIT_08s0007g07390,223,0.1081,Unknown protein,,,,
402,VIT_12s0034g00130,220,0.1068,Anthocyanidin 3-O-glucosyltransferase,E2_4_1_115,,vv10942Anthocyanin_biosynthesis,
403,VIT_13s0019g01080,216,0.1049,Protein kinase APK1B,,,,
404,VIT_08s0040g01030,215,0.1041,Unknown protein,,,,
405,VIT_01s0011g01990,216,0.1041,Glycine decarboxylase,E1_4_4_2,,vv10260Glycine_serine_and_threonine_metabolism,
406,VIT_01s0010g03930,213,0.1029,WRKY DNA-binding protein 75,WRKY75_1,VvWRKY03,vv60066WRKY,
407,VIT_13s0064g01070,211,0.1021,Unknown,,,,
408,VIT_05s0077g00510,207,0.0999,Beta-fructofuranosidase,E3_2_1_26,,vv10052Galactose_metabolism,vv10500Starch_and_sucrose_metabolism
409,VIT_11s0118g00050,203,0.0984,EIX receptor,,,,
410,VIT_10s0071g00300,204,0.0982,Unknown protein,,,,
411,VIT_11s0052g00240,202,0.0974,Accelerated cell death 11 (ACD11),,,,
412,VIT_17s0000g10170,200,0.0970,Zinc finger (C2H2 type) family,C2H2FAM_4,,vv60017C2H2,
413,VIT_18s0001g11900,200,0.0968,GNS1/SUR4 membrane,,,,
414,VIT_05s0077g01170,199,0.0959,DNA-directed RNA polymerase II subunit I,K03017,,vv23020RNA_polymerase,
415,VIT_14s0068g01250,197,0.0952,Mitochondrial phosphate transporter,MPHOSPTR,,vv50123Porters_cat_18_to_29,
416,VIT_18s0001g11130,196,0.0946,Calmodulin-binding protein AR781,,,,
417,VIT_04s0023g02380,195,0.0942,R protein MLA10,K13475,,vv34627R_proteins_from_Plant-pathogen_interaction,
418,VIT_09s0002g03250,192,0.0932,Profilin 4 (PRO4) (PFN4),K05759,,vv44810Regulation_of_actin_cytoskeleton,
419,VIT_07s0005g03340,188,0.0911,Myb domain protein 14,MYB14_2,MYB14,vv60044MYB,
420,VIT_18s0001g10200<br>VIT_18s0001g10230,188,0.0908,
421,VIT_14s0081g00190,185,0.0895,No hit,,,,
422,VIT_18s0001g02420,185,0.0894,Aspartic proteinase Asp1 precursor,E3_4_23_x,,,
423,VIT_06s0004g02280,183,0.0886,Translocation protein SEC62,K12275,,vv23060Protein_export,vv24141Protein_processing_in_endoplasmic_reticulum
424,VIT_01s0026g01730,182,0.0883,WRKY DNA-binding protein 72,WRKY72_1,VvWRKY02,vv60066WRKY,
425,VIT_14s0108g00890,182,0.0883,Beta-1 3-galactosyltransferase,K07819,,vv10602Glycosphingolipid_biosynthesis,
426,VIT_16s0039g01870,181,0.0878,Protein kinase,,,,
427,VIT_07s0129g00130<br>VIT_07s0129g00050,181,0.0875,
428,VIT_10s0003g05430,181,0.0872,Reticuline oxidase precursor,E1_21_3_3,,vv10950Alkaloid_biosynthesis_I,
429,VIT_12s0142g00550,180,0.0870,R protein L6,K13477,,vv34627R_proteins_from_Plant-pathogen_interaction,
430,VIT_11s0016g01810,179,0.0869,Unknown protein,,,,
431,VIT_16s0013g01920,175,0.0847,Ser/Thr protein kinase,,,,
432,VIT_10s0003g01730,172,0.0829,PUB17 (plant U- box 17),,,,
433,VIT_07s0005g05850,172,0.0828,Unknown protein,,,,
434,VIT_00s0275g00060,169,0.0813,Disease resistance protein (TIR-NBS-LRR class),,,,
435,VIT_03s0038g03800,164,0.0795,Protein kinase APK1B,,,,
436,VIT_12s0055g00810,164,0.0791,Cationic peroxidase,E1_11_1_7,,vv10360Phenylalanine_metabolism,vv10680Methane_metabolism
437,VIT_04s0069g00920,164,0.0789,WRKY DNA-binding protein 11,WRKY11_2,VvWRKY10,vv60066WRKY,
438,VIT_09s0002g03610,163,0.0782,MYB divaricata,DIVARICATA_16,,vv30009Flower_development,vv60044MYB
439,VIT_05s0077g01570,161,0.0779,Pathogenesis protein 10 [Vitis vinifera],,,,
440,VIT_17s0000g08540,159,0.0768,Lipase GDSL,,,,
441,VIT_06s0004g06630,158,0.0764,DTA2 (downstream target of AGL15 2),,,,
442,VIT_13s0019g04870,156,0.0755,Unknown protein,,,,
443,VIT_07s0005g00680,153,0.0741,Exocyst complex subunit Sec15B,SEC15B,,vv50111Tethering_factors,
444,VIT_16s0050g01210,144,0.0696,Unknown,,,,
445,VIT_02s0025g00530,140,0.0679,Unknown,,,,
446,VIT_02s0087g00710,140,0.0678,ABA 8'-hydroxylase CYP707A1,E1_14_13_93,,vv10906Carotenoid_biosynthesis,vv11013ABA_biosynthesis
447,VIT_14s0066g02070,137,0.0661,AAA-type ATPase,,,,
448,VIT_18s0075g00530,136,0.0660,Laccase,E1_10_3_2,,vv11000Single_reactions,vv50109Incompletely_characterized_transport_systems
449,VIT_16s0100g01040,135,0.0652,Stilbene synthase - grape,E2_3_1_95,,vv10940Phenylpropanoid_biosynthesis,
450,VIT_10s0071g00950,134,0.0650,Serine/threonine protein phosphatase 2A,K04354,,vv34020Calcium_signaling_pathway,
451,VIT_16s0100g00750,134,0.0647,Stilbene synthase,E2_3_1_95,,vv10940Phenylpropanoid_biosynthesis,
452,VIT_14s0066g01570,132,0.0640,Unknown protein,,,,
453,VIT_04s0008g03910,131,0.0633,No hit,,,,
454,VIT_14s0066g00210,131,0.0632,Unknown protein,,,,
455,VIT_03s0063g02140,131,0.0629,RRA2 (reduced residual arabinose 2),,,,
456,VIT_14s0081g00540,127,0.0618,No hit,,,,
457,VIT_07s0031g01130,127,0.0614,Ascorbate oxidase,E1_10_3_3,,vv10053Ascorbate_and_aldarate_metabolism,vv50109Incompletely_characterized_transport_systems
458,VIT_10s0003g00640,126,0.0609,D-tyrosyl-tRNA(Tyr) deacylase,K07560,,,
459,VIT_00s0299g00070,125,0.0607,Unknown protein,,,,
460,VIT_01s0011g00530,126,0.0607,Ureide permease 2 (AtUPS2),UPS2,,vv50122Porters_cat_7_to_17,
461,VIT_06s0061g01210,123,0.0598,Lysine histidine transporter 1,LHT1,,vv50123Porters_cat_18_to_29,
462,VIT_00s0211g00050,123,0.0595,Protein BRICK1 (AtBRK1),K05752,,vv44810Regulation_of_actin_cytoskeleton,
463,VIT_17s0000g08840,122,0.0590,Trans-2-enoyl-CoA reductase,E1_3_1_38,,vv10062Fatty_acid_elongation_in_mitochondria,vv11040Biosynthesis_of_unsaturated_fatty_acids
464,VIT_12s0121g00300,121,0.0586,Brassinosteroid insensitive 1-associated receptor kinase 1,BAK1,,vv30005Brassinosteroids_signaling,vv34626Plant-pathogen_interaction
465,VIT_16s0050g01430,121,0.0583,Ornithine cyclodeaminase,E4_3_1_12,,vv10330Arginine_and_proline_metabolism,
466,VIT_12s0028g00510,121,0.0583,Lipase class 3,,,,
467,VIT_00s0194g00120,118,0.0573,Serine acetyltransferase,E2_3_1_30,,vv10272Cysteine_metabolism,vv10920Sulfur_metabolism
468,VIT_12s0142g00590,115,0.0553,R protein L6,K13477,,vv34627R_proteins_from_Plant-pathogen_interaction,
469,VIT_18s0122g01260,114,0.0550,Protein kinase 1B,,,,
470,VIT_00s0317g00060,108,0.0526,Unknown protein,,,,
471,VIT_18s0001g07320,108,0.0525,2-oxoglutarate/malate carrier protein  Mitochondrial,OXMACP,,vv50123Porters_cat_18_to_29,
472,VIT_00s0189g00080,108,0.0522,ADP-ribosylation factor,,,,
473,VIT_13s0067g01120,108,0.0522,Omega-3 fatty acid desaturase  chloroplast  temperature-sensitive (FAD8),K10257,,vv11040Biosynthesis_of_unsaturated_fatty_acids,
474,VIT_02s0025g04460,105,0.0509,DWARF and delayed flowering 2,DDF2,VvERF021,vv30008Ethylene_signaling,vv60003AP2_EREBP
475,VIT_08s0007g01230,105,0.0505,Lectin protein kinase,,,,
476,VIT_04s0008g00110,104,0.0502,Jasmonate ZIM domain-containing protein 8,JAZ8_3,,vv30011Jasmonate_signaling,vv60069ZIM
477,VIT_06s0004g00690,104,0.0502,Calmodulin-binding region IQ,,,,
478,VIT_03s0038g00760,102,0.0492,Arginine decarboxylase (Fragment),E4_1_1_19,,vv10220Urea_cycle_and_metabolism_of_amino_groups,vv10251Glutamate_metabolism
479,VIT_05s0020g02660,99,0.0478,Unknown protein,,,,
480,VIT_05s0020g04700,99,0.0478,Unknown protein,,,,
481,VIT_19s0140g00230,99,0.0478,No hit,,,,
482,VIT_13s0156g00100,98,0.0475,Unknown protein,,,,
483,VIT_05s0020g02610,98,0.0475,Hemolysin,K06442,,vv50109Incompletely_characterized_transport_systems,
484,VIT_04s0044g01290,95,0.0459,MAP3Ka,MAP3KA,,vv44110Cell_cycle,
485,VIT_12s0028g02380,94,0.0455,Unknown protein,,,,
486,VIT_01s0010g02450,92,0.0445,B12D,,,,
487,VIT_06s0009g02590,92,0.0443,Pectinesterase family,E3_1_1_11,,vv40006Cell_wall,
488,VIT_01s0011g00990,89,0.0431,RPM1 (resistance to p. syringae pv maculicola 1),K13457,,vv34626Plant-pathogen_interaction,
489,VIT_04s0023g03570,89,0.0427,Oligopeptide transporter 7 ATOPT7,OPT7,,vv50125Porters_cat_66_to_94,
490,VIT_11s0016g04880,88,0.0427,Salt-inducible protein kinase,,,,
491,VIT_07s0005g01770,88,0.0427,Pre-mRNA-splicing factor ATP-dependent RNA helicase DHX15/PRP43,K12820,,vv23040Spliceosome,
492,VIT_16s0098g01850,88,0.0426,Seven in absentia SINA1,K04506,,vv24120Ubiquitin_mediated_proteolysis,
493,VIT_04s0008g01070,88,0.0426,Calmodulin-binding region IQD6,,,,
494,VIT_06s0004g07760,88,0.0423,GCN5L1,E2_3_1_x,,,
495,VIT_05s0029g00320,87,0.0418,Unknown,,,,
496,VIT_05s0020g04560,85,0.0412,Armadillo/beta-catenin repeat protein / U-box domain-containing protein,,,,
497,VIT_03s0132g00350,85,0.0411,Wall-associated receptor kinase-like 10,,,,
498,VIT_18s0001g03810,85,0.0410,Protein kinase,,,,
499,VIT_01s0010g03020,82,0.0400,Calcium-binding protein CML,K13448,,vv34626Plant-pathogen_interaction,
500,VIT_04s0023g00580,83,0.0399,Auxin-responsive SAUR32,SAUR32,,vv30003Auxin_signaling,
501,VIT_10s0003g03930,81,0.0394,Inositol transporter 2,INT2,,vv50121Porters_cat_1_to_6,
502,VIT_02s0012g01390,82,0.0394,Unknown,,,,
503,VIT_02s0025g03000,81,0.0390,NGA1 (NGATHA1),NGATHA1_1,VvRAV3,vv60001ABI3VP1,
504,VIT_12s0121g00310,81,0.0390,Somatic embryogenesis receptor kinase 1 SERK1,,,,
505,VIT_00s0347g00120,80,0.0386,S-locus lectin protein kinase,,,,
506,VIT_10s0092g00650,79,0.0382,Receptor kinase RK20-1,,,,
507,VIT_08s0056g00300,79,0.0381,Unknown,,,,
508,VIT_05s0029g00180,76,0.0367,ER lumen retaining receptor (HDEL receptor),,,,
509,VIT_07s0129g01010,75,0.0363,Unknown,,,,
510,VIT_00s0347g00110,75,0.0362,S-locus lectin protein kinase,,,,
511,VIT_13s0067g00610,75,0.0360,Yippee,,,,
512,VIT_00s0301g00170,74,0.0358,NADPH quinone oxidoreductase-like protein,E1_6_5_5,,vv10740Riboflavin_metabolism,
513,VIT_10s0003g03790,74,0.0356,Jasmonate ZIM domain-containing protein 8,JAZ8_2,,vv30011Jasmonate_signaling,vv60069ZIM
514,VIT_08s0058g01100,73,0.0355,Armadillo/beta-catenin repeat / U-box domain-containing protein,,,,
515,VIT_17s0000g07400,73,0.0354,Disease resistance protein (EDS1),EDS1,,vv30011Jasmonate_signaling,
516,VIT_19s0090g01330,72,0.0351,V-type H+-transporting ATPase subunit H,K02153,,vv10190Oxidative_phosphorylation,vv44145Phagosome
517,VIT_09s0002g03540,72,0.0348,MYB divaricata,DIVARICATA_15,,vv30009Flower_development,vv60044MYB
518,VIT_10s0042g01360,71,0.0343,Unknown protein,,,,
519,VIT_18s0122g00380,70,0.0338,Squamosa promoter binding protein 14 (SPL14),SPL14,,vv60055SBP,
520,VIT_17s0000g05360,69,0.0334,Germin,,,,
521,VIT_19s0014g01110,69,0.0334,Curculin (mannose-binding) lectin,,,,
522,VIT_07s0031g02640,69,0.0334,Zinc finger (C3HC4-type ring finger),ZFC3HC4_31,,vv60078Other_zf-C3HC4,
523,VIT_17s0000g08210,69,0.0333,Zinc finger (C3HC4-type ring finger),ZFC3HC4_103,,vv60078Other_zf-C3HC4,
524,VIT_11s0016g02370,68,0.0329,Unknown protein,,,,
525,VIT_05s0020g00430,65,0.0315,Unknown protein,,,,
526,VIT_16s0050g01400,65,0.0315,C2 domain-containing protein,,,,
527,VIT_02s0087g00610,65,0.0314,Unknown protein,,,,
528,VIT_01s0010g01030,64,0.0311,F-box family protein,,,,
529,VIT_14s0128g00730,64,0.0310,No hit,,,,
530,VIT_18s0001g08170,64,0.0310,Inorganic pyrophosphatase,K01507,,vv10190Oxidative_phosphorylation,vv50133Primary_active_transporter_cat_A9_to_A18
531,VIT_19s0027g00860,62,0.0299,NAC domain-containing protein 42,NAC042_2,VvNAC31,vv60046NAC,
532,VIT_04s0044g00650,61,0.0294,S-receptor kinase,,,,
533,VIT_02s0012g02190,59,0.0285,Cellulose synthase CSLD2,E2_4_1_12_CSLD2,,vv40006Cell_wall,
534,VIT_07s0005g04040,58,0.0282,Leucine Rich Repeat receptor-like kinase,,,,
535,VIT_04s0044g01540,58,0.0280,UDP-glucuronic acid:anthocyanin glucuronosyltransferase,E2_4_1_236,,vv10941Flavonoid_biosynthesis,
536,VIT_00s0410g00040,57,0.0276,Anthranilate N-benzoyltransferase protein 1,E2_3_1_144,,vv10400Phenylalanine_tyrosine_and_tryptophan_biosynthesis,
537,VIT_17s0000g02240,57,0.0275,Ubiquitin family,,,,
538,VIT_19s0015g00300,57,0.0274,KCO1 (two pore K channel),K05389_KCO1,,vv50101Channels_and_pores,
539,VIT_00s0762g00010,56,0.0271,S-locus lectin protein kinase family,,,,
540,VIT_07s0005g03500,54,0.0260,Serine-type peptidase,,,,
541,VIT_17s0053g00970,53,0.0257,No hit,,,,
542,VIT_05s0102g00660,53,0.0257,No hit,,,,
543,VIT_09s0002g05440,53,0.0256,ABC transporter g family pleiotropic drug resistance 12 PDR12,ABCGPDR12,,vv52010ABC_transporters,
544,VIT_00s2785g00010,53,0.0254,Calmodulin-binding protein,,,,
545,VIT_13s0019g04440,51,0.0247,Zinc finger (C3HC4-type ring finger),ZFC3HC4_163,,vv60078Other_zf-C3HC4,
546,VIT_04s0008g06480,50,0.0243,Alpha-1 3-galactosyltransferase,E2_4_1_87,,vv10602Glycosphingolipid_biosynthesis,
547,VIT_04s0008g07230,50,0.0242,No hit,,,,
548,VIT_03s0132g00340,50,0.0242,Wall-associated receptor kinase-like 10,,,,
549,VIT_05s0124g00450,50,0.0241,Unknown protein,,,,
550,VIT_03s0017g00540,48,0.0233,Subtilase,,,,
551,VIT_00s0620g00010,47,0.0228,Triacylglycerol lipase,E3_1_1_3,,vv10561Glycerolipid_metabolism,
552,VIT_16s0013g00900,47,0.0227,Ethylene-responsive transcription factor ERF105,ERF105_5,VvERF079,vv30008Ethylene_signaling,vv60003AP2_EREBP
553,VIT_08s0058g00570,47,0.0226,Macrophage migration inhibitory factor,,,,
554,VIT_04s0008g07140,47,0.0226,Chloroplast nucleoid DNA binding protein,,,,
555,VIT_13s0019g01130,46,0.0221,DC1 domain-containing protein,,,,
556,VIT_00s0480g00040,45,0.0216,Polyphenol oxidase II  chloroplast precursor,E1_10_3_1,,vv10350Tyrosine_metabolism,vv50109Incompletely_characterized_transport_systems
557,VIT_00s1553g00010,44,0.0213,Subtilisin-like proteinase AIR3,,,,
558,VIT_06s0009g03540,44,0.0212,No hit,,,,
559,VIT_05s0049g00930,44,0.0211,Inorganic phosphate transporter 1-4,PHT1_4,,vv50121Porters_cat_1_to_6,
560,VIT_17s0000g04380,43,0.0209,Wall-associated kinase 1 (WAK1),,,,
561,VIT_07s0005g01360,43,0.0208,Zinc finger (C3HC4-type ring finger),ZFC3HC4_185,,vv60078Other_zf-C3HC4,
562,VIT_08s0007g01690,43,0.0208,Phosphate translocator protein2  Plastidic,PTL2,,vv50122Porters_cat_7_to_17,
563,VIT_06s0009g01460,43,0.0208,Homoserine dehydrogenase,E1_1_1_3,,vv10260Glycine_serine_and_threonine_metabolism,vv10300Lysine_biosynthesis
564,VIT_14s0068g01770,42,0.0203,WRKY DNA-binding protein 75,WRKY75_2,VvWRKY43,vv60066WRKY,
565,VIT_00s0780g00040,42,0.0203,RGLG2 (ring Domain LIGASE2),RGLG2,,vv50004Auxin_transport,
566,VIT_17s0000g03390,41,0.0200,Calmodulin binding protein,K02183,,vv34020Calcium_signaling_pathway,vv34626Plant-pathogen_interaction
567,VIT_09s0018g01550,40,0.0194,Trimethylguanosine synthase,K14292,,vv23013RNA_transport,
568,VIT_11s0052g01300,40,0.0193,Xyloglucan endotransglycosylase 6,E2_4_1_207,,vv40006Cell_wall,
569,VIT_13s0064g00050,40,0.0193,Glutamine-fructose-6-phosphate transaminase 2,E2_6_1_16,,vv10251Glutamate_metabolism,vv10530Aminosugars_metabolism
570,VIT_16s0013g01390<br>VIT_16s0013g01350,39,0.0188,
571,VIT_17s0000g07370,38,0.0184,EDS1 (Enhanced disease susceptibility 1),EDS1,,vv30011Jasmonate_signaling,
572,VIT_06s0004g03620,37,0.0179,MAPK MPK13,MPK13,,,
573,VIT_13s0019g01810,37,0.0178,Scarecrow transcription factor 14 (SCL14),SCL14_3,,vv60032GRAS,
574,VIT_01s0146g00480,37,0.0178,TIFY 9 (Jasmonate ZIM domain-containing protein 10),JAZ10,,vv30011Jasmonate_signaling,vv60069ZIM
575,VIT_19s0015g00290,36,0.0175,No hit,,,,
576,VIT_17s0119g00070,36,0.0174,Unknown protein,,,,
577,VIT_10s0003g01790,36,0.0174,BES1/BZR1 homolog protein 4,BES1_1,,vv30005Brassinosteroids_signaling,vv60010BES1
578,VIT_00s0515g00040,35,0.0170,R protein MLA10,K13475,,vv34627R_proteins_from_Plant-pathogen_interaction,
579,VIT_01s0150g00440,35,0.0169,Respiratory burst oxidase protein D (RBOHD),RBOHD,,vv34626Plant-pathogen_interaction,vv50105Transport_electron_carriers
580,VIT_09s0018g00950,34,0.0165,Laccase,E1_10_3_2,,vv11000Single_reactions,vv50109Incompletely_characterized_transport_systems
581,VIT_12s0055g01160,34,0.0165,Brassinosteroid insensitive 1-associated receptor kinase 1,BAK1,,vv30005Brassinosteroids_signaling,vv34626Plant-pathogen_interaction
582,VIT_18s0001g06830,34,0.0164,Methyltransferase type 11,,,,
583,VIT_03s0091g00560,34,0.0164,Leucine-rich repeat protein kinase,,,,
584,VIT_01s0137g00460,33,0.0160,RGLG2 (ring Domain LIGASE2),RGLG2,,vv50004Auxin_transport,
585,VIT_14s0128g00780,33,0.0160,Lipoxygenase,E1_13_11_12,,vv10592alpha-Linolenic_acid_metabolism,
586,VIT_06s0004g03290,33,0.0159,MaoC-like dehydratase,,,,
587,VIT_04s0008g00650,33,0.0159,3'-5' exonuclease domain-containing protein,K01146,,,
588,VIT_00s0409g00010,33,0.0159,Receptor kinase RK20-1,,,,
589,VIT_07s0005g01800,32,0.0155,Agenet domain-containing protein,,,,
590,VIT_01s0011g00220,32,0.0154,WRKY DNA-binding protein 3,WRKY3,VvWRKY58,vv60066WRKY,
591,VIT_11s0016g03100,31,0.0150,6-phosphogluconate dehydrogenase,E1_1_1_44,,vv10030Pentose_phosphate,
592,VIT_05s0136g00380,31,0.0150,Unknown protein,,,,
593,VIT_17s0000g00030,30,0.0146,Substrate carrier family mitochondrial,K03454,,vv50123Porters_cat_18_to_29,
594,VIT_01s0011g00420,29,0.0142,RPK1 (receptor-like protein kinase 1),,,,
595,VIT_13s0019g01470,29,0.0141,Geranylgeranyltransferase type I beta subunit,E2_5_1_59,,vv10100Biosynthesis_of_steroids,
596,VIT_05s0094g01250,29,0.0140,Allyl alcohol dehydrogenase,,,,
597,VIT_12s0034g00910,29,0.0140,R protein L6,K13477,,vv34627R_proteins_from_Plant-pathogen_interaction,
598,VIT_06s0004g04180,29,0.0140,Zinc finger (C2H2 type) protein (ZAT11),ZAT11,,vv60017C2H2,
599,VIT_11s0103g00520,28,0.0135,Unknown,,,,
600,VIT_02s0025g01890,27,0.0131,Cellulose synthase CSLG3,E2_4_1_12_CSLG3,,vv40006Cell_wall,
601,VIT_17s0000g08150,27,0.0131,Basic helix-loop-helix (bHLH) family,BHLHDOM_17,,vv60011BHLH,
602,VIT_08s0007g01070,27,0.0129,DC1 domain-containing protein,,,,
603,VIT_03s0038g00910,26,0.0127,Ribosome-binding factor A  chloroplast precursor,K02834,,,
604,VIT_14s0030g00330,26,0.0126,Sugar transporter ERD6-like 8,ERD6L8,,vv50121Porters_cat_1_to_6,
605,VIT_04s0008g06060,26,0.0126,Unknown,,,,
606,VIT_06s0004g06340,26,0.0125,flavodoxin-like quinone reductase 1,FQR1,,vv30003Auxin_signaling,
607,VIT_01s0011g03560,26,0.0125,fiber protein Fb34,,,,
608,VIT_01s0011g01570,26,0.0125,Coatomer subunit delta,COPD,,vv50110Protein_coat,
609,VIT_05s0051g00910,25,0.0122,Unknown protein,,,,
610,VIT_03s0091g00970,25,0.0121,ADP-ribosylation factor-like A1D,ARLA1D,,,
611,VIT_09s0002g04560,25,0.0121,Calmodulin-binding protein,,,,
612,VIT_00s0160g00320,25,0.0121,TIR-NBS-LRR type R protein 7,,,,
613,VIT_00s0174g00160,24,0.0117,Unknown protein,,,,
614,VIT_16s0100g01140,24,0.0116,Stilbene synthase 2,E2_3_1_95,,vv10940Phenylpropanoid_biosynthesis,
615,VIT_02s0012g01680,24,0.0116,Trehalose phosphatase 5,E3_1_3_12,,vv10500Starch_and_sucrose_metabolism,
616,VIT_09s0070g00160,24,0.0115,CBL-interacting protein kinase 6 (CIPK6),CIPK6,,,
617,VIT_14s0083g00490,23,0.0111,Phosphoglycerate mutase,E5_4_2_1,,vv10010Glycolysis,
618,VIT_04s0008g00440,23,0.0110,Clavata1 receptor kinase (CLV1),,,,
619,VIT_09s0002g06890,22,0.0106,Dicyanin blue copper protein,,,,
620,VIT_13s0067g02610,22,0.0106,Unknown,,,,
621,VIT_03s0088g01170,21,0.0101,Proline iminopeptidase,E3_4_11_5,,vv10330Arginine_and_proline_metabolism,
622,VIT_00s2659g00010,21,0.0101,CRK10 (cysteine-rich RLK10),,,,
623,VIT_06s0004g06990,21,0.0101,Phytol kinase 2  chloroplast precursor,VTE5,,vv10860Porphyrin_and_chlorophyll_metabolism,
624,VIT_00s0220g00130,20,0.0097,Allyl alcohol dehydrogenase,,,,
625,VIT_08s0105g00200,20,0.0097,U-box domain-containing protein,,,,
626,VIT_14s0066g00250,20,0.0097,Lipase GDSL,,,,
627,VIT_05s0049g01020,20,0.0097,Myb domain protein 14,MYB14_3,,vv60044MYB,
628,VIT_12s0057g01440,20,0.0096,Heavy-metal-associated domain-containing protein,,,,
629,VIT_16s0013g01090,19,0.0092,Ethylene-responsive transcription factor ERF105,ERF105_4,VvERF091,vv30008Ethylene_signaling,vv60003AP2_EREBP
630,VIT_05s0062g00300<br>VIT_05s0062g00270,19,0.0092,
631,VIT_12s0028g00860,19,0.0092,NAC domain-containing protein 42,NAC042_5,VvNAC36,vv60046NAC,
632,VIT_05s0094g00380,19,0.0092,Glycine-rich RNA-binding protein 4,GRP4,,,
633,VIT_03s0038g04100,19,0.0092,3-hydroxy-3-methylglutaryl-coenzyme A reductase 3,E1_1_1_34,,vv10100Biosynthesis_of_steroids,vv50121Porters_cat_1_to_6
634,VIT_02s0025g04320,19,0.0092,Thaumatin,,,,
635,VIT_00s0335g00020,19,0.0092,TIR-NBS-LRR disease resistance,,,,
636,VIT_08s0056g01710,19,0.0091,Cationic amino acid transporter 2,CAT2,,vv50121Porters_cat_1_to_6,
637,VIT_18s0075g00670,18,0.0087,Laccase,E1_10_3_2,,vv11000Single_reactions,vv50109Incompletely_characterized_transport_systems
638,VIT_00s0226g00160,18,0.0087,RabGAP/TBC domain-containing protein,,,,
639,VIT_16s0100g01200<br>VIT_16s0100g01070,18,0.0087,
640,VIT_07s0141g00920,18,0.0087,CYP94A1,,,,
641,VIT_00s0262g00030,18,0.0086,CRK10 (cysteine-rich RLK10),,,,
642,VIT_10s0071g00180,17,0.0082,Phosphatidylinositol 3- and 4-kinase / ubiquitin,,,,
643,VIT_03s0017g01220,17,0.0082,Polyadenylate-binding protein 2,K14396,,vv23015mRNA_surveillance_pathway,
644,VIT_05s0124g00690,17,0.0082,Ankyrin repeat,K10380,,vv50108Accessory_factors_involved_in_transport,
645,VIT_05s0020g04000,17,0.0082,Zinc finger (C3HC4-type ring finger),ZFC3HC4_33,,vv60078Other_zf-C3HC4,
646,VIT_01s0011g05950,16,0.0078,NSL1 (necrotic spotted lesions 1),,,,
647,VIT_12s0055g00020,16,0.0078,UDP-glucose glucosyltransferase,E2_4_1_35,,vv10500Starch_and_sucrose_metabolism,
648,VIT_13s0073g00110,16,0.0077,No hit,,,,
649,VIT_14s0066g01150,16,0.0077,Cinnamoyl-CoA reductase,E1_2_1_44,,vv10940Phenylpropanoid_biosynthesis,
650,VIT_09s0002g01110,16,0.0077,Avr9/Cf-9 induced kinase 1,,,,
651,VIT_03s0038g04430,16,0.0077,Pentatricopeptide (PPR) repeat-containing protein,,,,
652,VIT_19s0014g00710,16,0.0077,RKF1 (receptor-like kinase in flowers 1),,,,
653,VIT_17s0000g09970,16,0.0077,Endonuclease,E3_1_30_x,,,
654,VIT_05s0094g00160,16,0.0077,No hit,,,,
655,VIT_06s0004g01050,15,0.0073,Calcineurin phosphoesterase,,,,
656,VIT_01s0011g03950,15,0.0073,Wall-associated kinase,,,,
657,VIT_04s0008g00410,15,0.0073,Clavata1 receptor kinase (CLV1),,,,
658,VIT_19s0014g01460,15,0.0073,Ubiquitin-conjugating enzyme E2 N,K10580,,vv24120Ubiquitin_mediated_proteolysis,
659,VIT_05s0077g02340,15,0.0072,NADH dehydrogenase (ubiquinone) Fe-S protein 5,K03938,,vv10190Oxidative_phosphorylation,vv50134Primary_active_transporter_cat_D1
660,VIT_04s0008g03500,15,0.0072,Ankyrin,K10380,,vv50108Accessory_factors_involved_in_transport,
661,VIT_07s0005g04340,15,0.0072,Unknown protein,,,,
662,VIT_08s0007g03490,14,0.0068,Mitochondrial Acyl carrier protein 2,K03955,,vv10190Oxidative_phosphorylation,vv50134Primary_active_transporter_cat_D1
663,VIT_11s0016g01650,14,0.0067,Ankyrin repeat,,,,
664,VIT_09s0054g00780,13,0.0063,Pseudouridine synthase,E4_2_1_70,,vv10240Pyrimidine_metabolism,
665,VIT_02s0033g01000,13,0.0063,Anthraniloyal-CoA: methanol anthraniloyal transferase,AMAT,,vv10400Phenylalanine_tyrosine_and_tryptophan_biosynthesis,
666,VIT_16s0050g00400,12,0.0058,Photoassimilate-responsive protein PAR-1a,,,,
667,VIT_18s0001g07230,12,0.0058,Periplasmic divalent cation tolerance protein,K03926,,vv50109Incompletely_characterized_transport_systems,
668,VIT_17s0000g01250,12,0.0058,F-box/LRR-repeat protein,,,,
669,VIT_11s0016g03280,12,0.0058,Protein phosphatases PP1 regulatory subunit SDS22,E3_1_3_16,,,
670,VIT_18s0001g14690,12,0.0058,Protein kinase,,,,
671,VIT_01s0150g00120,12,0.0058,Ethylene-responsive transcription factor ERF114,ERF114_2,VvERF112,vv30008Ethylene_signaling,vv60003AP2_EREBP
672,VIT_01s0026g02080,12,0.0058,Kelch repeat-containing F-box protein,,,,
673,VIT_16s0148g00350,12,0.0058,Receptor kinase LRK10,,,,
674,VIT_11s0016g01430,12,0.0058,Zinc finger (C3HC4-type ring finger),ZFC3HC4_48,,vv60078Other_zf-C3HC4,
675,VIT_19s0090g01870,12,0.0057,Multidrug resistance-associated protein 3,MRP3,,vv52010ABC_transporters,
676,VIT_01s0026g00900,11,0.0053,Metalloendoproteinase 1 precursor,,,,
677,VIT_03s0038g03410,11,0.0053,NAC domain containing protein 36,NAC036_2,VvNAC41,vv60046NAC,
678,VIT_13s0067g03130,11,0.0053,WRKY DNA-binding protein 55,WRKY55,VvWRKY40,vv60066WRKY,
679,VIT_14s0066g02040,10,0.0049,Chaperone BCS1 mitochondrial,K08900,,,
680,VIT_13s0064g01120,10,0.0049,No hit,,,,
681,VIT_16s0050g01390,10,0.0049,SRC2/SRC2 (soybean gene regulated BY cold-2),,,,
682,VIT_18s0166g00050,10,0.0049,EFR (EF-TU receptor),K13428,,vv34626Plant-pathogen_interaction,
683,VIT_07s0005g04350,10,0.0048,No hit,,,,
684,VIT_06s0080g00060,10,0.0048,Arabidopsis histidine phosphotransfer AHP3,AHP3,,vv30007Cytokinin_signaling,
685,VIT_05s0102g01100,10,0.0048,R protein  PRF  disease resistance protein,K13453,,vv34627R_proteins_from_Plant-pathogen_interaction,
686,VIT_12s0034g02220,10,0.0048,RKF3 (receptor-like kinase IN in flowers 3),,,,
687,VIT_04s0008g02650,10,0.0048,Unknown protein,,,,
688,VIT_06s0080g00170,10,0.0048,Aluminium-tolerance ALMT1,ALMT1,,vv50125Porters_cat_66_to_94,
689,VIT_02s0012g01020,9,0.0044,Zinc finger (C3HC4-type ring finger),ZFC3HC4_174,,vv60078Other_zf-C3HC4,
690,VIT_13s0064g01470,9,0.0044,Urophorphyrin III methylase,E2_1_1_107,,vv10860Porphyrin_and_chlorophyll_metabolism,
691,VIT_12s0034g02200,9,0.0044,RKF3 (receptor-like kinase IN in flowers 3),,,,
692,VIT_14s0083g00520,9,0.0044,Proline oxidase,E1_5_99_8,,vv10330Arginine_and_proline_metabolism,
693,VIT_00s0299g00080,9,0.0044,Unknown,,,,
694,VIT_19s0015g01100,9,0.0044,Peptidyl-prolyl cis-trans isomerase  FKBP-type,K01802,,,
695,VIT_05s0094g00360,9,0.0044,Chitinase class IV,E3_2_1_14,,vv10530Aminosugars_metabolism,
696,VIT_06s0009g02600<br>VIT_06s0009g02630,9,0.0044,
697,VIT_19s0135g00010,9,0.0044,Ureide permease 2 (AtUPS2),UPS2,,vv50122Porters_cat_7_to_17,
698,VIT_12s0034g01310,9,0.0044,R protein L6,K13477,,vv34627R_proteins_from_Plant-pathogen_interaction,
699,VIT_18s0122g01310,9,0.0044,RWP-RK domain-containing protein,RWPRKDOM_2,,vv60052RWP-RK,
700,VIT_17s0000g07420,9,0.0044,EDS1 (Enhanced disease susceptibility 1),EDS1,,vv30011Jasmonate_signaling,
701,VIT_06s0009g03670,9,0.0044,F-box family protein,,,,
702,VIT_04s0044g00590,9,0.0044,No hit,,,,
703,VIT_18s0001g11730,9,0.0043,No hit,,,,
704,VIT_13s0084g00080,9,0.0043,MAP65/ASE1; t-snare,MAP651,,vv44810Regulation_of_actin_cytoskeleton,
705,VIT_04s0008g00430,9,0.0043,Clavata1 receptor kinase (CLV1),,,,
706,VIT_00s0270g00030,9,0.0043,NC domain-containing protein,,,,
707,VIT_04s0023g03240,9,0.0043,Transcription factor TFIIF,K03138,,vv23022Basal_transcription_factors,
708,VIT_04s0008g05700,9,0.0043,ACT domain-containing protein,,,,
709,VIT_13s0047g00250,9,0.0043,EIN3,EIN3_1,,vv30001ABA_signaling,vv30008Ethylene_signaling
710,VIT_18s0089g01190,9,0.0043,Stage III sporulation protein AA,K06390,,vv50109Incompletely_characterized_transport_systems,
711,VIT_18s0041g00680,9,0.0043,Endomembrane protein 70,EMP70,,,
712,VIT_01s0026g01430,9,0.0043,Unknown protein,,,,
713,VIT_06s0004g01010,9,0.0043,Dirigent protein pDIR9,,,,
714,VIT_09s0002g08020,8,0.0039,R protein MLA10,K13475,,vv34627R_proteins_from_Plant-pathogen_interaction,
715,VIT_17s0000g03600,8,0.0038,ATSYTE/NTMC2T3.1/NTMC2TYPE3.1/SYTE,NTMC2T3_1,,vv50109Incompletely_characterized_transport_systems,
716,VIT_04s0069g00060,7,0.0034,Glutamate receptor protein,GLR2_7,,vv50101Channels_and_pores,
717,VIT_02s0025g03570,7,0.0034,DNA binding / hydrolase  acting on ester bonds,,,,
718,VIT_01s0010g02980,7,0.0034,Calcium-binding protein CML,K13448,,vv34626Plant-pathogen_interaction,
719,VIT_05s0020g03290,7,0.0034,S-receptor kinase,,,,
720,VIT_03s0091g00120,7,0.0034,Prp27-like protein,,,,
721,VIT_12s0059g00330,7,0.0034,TAFII59 (TATA box associated factor II 59),K03131,,vv23022Basal_transcription_factors,
722,VIT_02s0012g01670,7,0.0034,R-mandelonitrile lyase isoform 1 precursor,E4_1_2_10,,vv10460Cyanoamino_acid_metabolism,
723,VIT_03s0132g00390,7,0.0034,Wall-associated kinase 1 (WAK1),,,,
724,VIT_13s0074g00760,6,0.0029,Calmodulin-binding,,,,
725,VIT_03s0038g03160<br>VIT_03s0038g03140,6,0.0029,
726,VIT_11s0103g00340,6,0.0029,Pentatricopeptide (PPR) repeat-containing,,,,
727,VIT_00s0179g00370,6,0.0029,ESCRT-I complex subunit TSG101,VPS23,,vv50111Tethering_factors,
728,VIT_05s0049g00140,6,0.0029,Unknown protein,,,,
729,VIT_13s0019g04710,6,0.0029,PUB17 (plant U- box 17),,,,
730,VIT_16s0050g01240,6,0.0029,Heavy-metal-associated domain-containing protein,,,,
731,VIT_05s0020g04680,6,0.0029,Auxin-induced protein 22D,IAA22D_2,,vv30003Auxin_signaling,vv60008AUXIAA
732,VIT_03s0038g03640,6,0.0029,Phosphoglycerate mutase,E5_4_2_1,,vv10010Glycolysis,
733,VIT_08s0007g01560,6,0.0029,Photoassimilate-responsive protein,,,,
734,VIT_00s0207g00220,6,0.0029,Cold acclimation protein,,,,
735,VIT_16s0098g00630,6,0.0029,BIN2 (brassinosteroid-insensitive 4),BIN4,,vv30005Brassinosteroids_signaling,
736,VIT_14s0060g01940,6,0.0029,Epoxide hydrolase,E3_3_2_10,,,
737,VIT_07s0031g00380,6,0.0029,Zinc finger (C3HC4-type ring finger),ZFC3HC4_6,,vv60078Other_zf-C3HC4,
738,VIT_13s0064g01100,6,0.0029,No hit,,,,
739,VIT_12s0057g01370,6,0.0029,Unknown protein,,,,
740,VIT_18s0001g09380,6,0.0029,Syntaxin 6,,,,
741,VIT_07s0031g02390,6,0.0029,Phytoalexin-deficient 4 protein (PAD4),PAD4,,vv30011Jasmonate_signaling,
742,VIT_13s0064g01110,6,0.0029,No hit,,,,
743,VIT_04s0008g00340,6,0.0029,Clavata1 receptor kinase (CLV1),,,,
744,VIT_07s0005g04320,6,0.0029,No hit,,,,
745,VIT_08s0058g00790,6,0.0029,Secoisolariciresinol dehydrogenase,SIRD,,vv10940Phenylpropanoid_biosynthesis,
746,VIT_00s0463g00030,6,0.0029,Ca2+-transporting ATPase type 2 isoform 8,K01537,,vv34020Calcium_signaling_pathway,vv50131Primary_active_transporter_cat_A2_to_A4
747,VIT_09s0002g02500,6,0.0029,Ubiquitin-specific protease 6 (UBP6),K01072,,,
748,VIT_19s0027g00750,6,0.0029,DNA-binding HORMA,,,,
749,VIT_13s0019g03860,6,0.0029,F-type H+-transporting ATPase d chain,K02138,,vv10190Oxidative_phosphorylation,vv50131Primary_active_transporter_cat_A2_to_A4
750,VIT_05s0020g04670,6,0.0029,No hit,,,,
751,VIT_00s0262g00090,6,0.0029,Receptor kinase RK20-1,,,,
752,VIT_01s0127g00170,6,0.0029,UbiE/COQ5 methyltransferase,K06127,,vv10130Ubiquinone_biosynthesis,
753,VIT_09s0002g06940,6,0.0029,ABC transporter g family pleiotropic drug resistance 12 PDR12,ABCGPDR12,,vv52010ABC_transporters,
754,VIT_06s0004g00730,6,0.0029,Ubiquitin-conjugating enzyme E2 D/E,K06689,,vv24120Ubiquitin_mediated_proteolysis,vv24141Protein_processing_in_endoplasmic_reticulum
755,VIT_00s0199g00310,6,0.0029,No hit,,,,
756,VIT_01s0026g02120,6,0.0029,Microtubule end binding protein 1 (EB1),K10436,,vv44810Regulation_of_actin_cytoskeleton,
757,VIT_05s0020g03140,6,0.0029,Sugar transporter 13,STP13,,vv50121Porters_cat_1_to_6,
758,VIT_03s0088g00750,6,0.0029,Pathogenesis related protein 1 precursor [Vitis vinifera],PRP1,,vv30011Jasmonate_signaling,vv34626Plant-pathogen_interaction
759,VIT_15s0046g03550,6,0.0029,(+)-neomenthol dehydrogenase,E1_1_1_208,,vv10902Monoterpenoid_biosynthesis,
760,VIT_00s0231g00040,6,0.0029,RPM1-interacting protein 4,K13456,,vv34626Plant-pathogen_interaction,
761,VIT_04s0044g00510,6,0.0029,GT2-like trihelix DNA-binding protein,GT2REL_4,,vv60062Trihelix,
762,VIT_09s0002g00730,6,0.0029,No hit,,,,
763,VIT_06s0004g01400,6,0.0029,S-receptor kinase,,,,
764,VIT_07s0005g00070,4,0.0019,5 10-methylenetetrahydrofolate dehydrogenase-5,E1_5_1_5,,vv10630Glyoxylate_and_dicarboxylate_metabolism,vv10670One_carbon_pool_by_folate
765,VIT_09s0002g00910,4,0.0019,Exocyst subunit EXO70 D1,EXO70D1,,vv50111Tethering_factors,
766,VIT_13s0019g03450,4,0.0019,Unknown protein,,,,
767,VIT_14s0030g01370,4,0.0019,Methyltransferase type 12,,,,
768,VIT_17s0000g08080,4,0.0019,Armadillo/beta-catenin repeat protein / U-box domain-containing protein,,,,
769,VIT_16s0098g00170,4,0.0019,Receptor kinase homolog LRK10,,,,
770,VIT_12s0028g02530,3,0.0015,Zinc finger (C3HC4-type ring finger),ZFC3HC4_36,,vv60078Other_zf-C3HC4,
771,VIT_07s0031g02910,3,0.0015,Receptor-like kinase,,,,
772,VIT_17s0000g07350,3,0.0015,Exocyst subunit EXO70 E2,EXO70E2,,vv50111Tethering_factors,
773,VIT_09s0018g00270,3,0.0015,Unknown protein,,,,
774,VIT_00s1278g00010,3,0.0015,Brassinosteroid insensitive 1-associated receptor kinase 1,BAK1,,vv30005Brassinosteroids_signaling,
775,VIT_14s0068g01730,3,0.0015,ABCNAP14,K02006,,vv52010ABC_transporters,
776,VIT_10s0003g04080,3,0.0015,Unknown,,,,
777,VIT_18s0001g06240,3,0.0015,R protein L6,K13477,,vv34627R_proteins_from_Plant-pathogen_interaction,
778,VIT_00s0250g00090,3,0.0015,Oxidoreductase  2OG-Fe(II) oxygenase,,,,
779,VIT_05s0062g00340,3,0.0015,UDP-glucose:flavonoid 7-O-glucosyltransferase,E2_4_1_237,,vv10941Flavonoid_biosynthesis,
780,VIT_05s0094g00170,3,0.0015,Protein transport protein Sec61 subunit beta,K09481,,vv23060Protein_export,vv24141Protein_processing_in_endoplasmic_reticulum
781,VIT_13s0019g05010,3,0.0015,Nodulin-like protein,,,,
782,VIT_09s0002g08980,3,0.0015,Unknown protein,,,,
783,VIT_15s0046g01330,3,0.0015,Nucleotide-sugar transporter family protein,NUCSUGTR,,vv50122Porters_cat_7_to_17,
784,VIT_18s0001g01310,3,0.0015,Wall-associated receptor kinase 5,,,,
785,VIT_09s0002g00080,3,0.0015,Phytosulfokine receptor,,,,
786,VIT_05s0049g01830,3,0.0015,CCT motif constans-like,CCT_1,,vv60070Orphans_CCT,
787,VIT_14s0083g00460,3,0.0015,Tryptophan synthase beta chain 2,E4_2_1_20,,vv10400Phenylalanine_tyrosine_and_tryptophan_biosynthesis,
788,VIT_15s0046g01220,3,0.0015,No hit,,,,
789,VIT_09s0002g03420,3,0.0015,Cytochrome b5 domain-containing protein,,,,
790,VIT_15s0048g00530,3,0.0015,Auxin-responsive SAUR11,SAUR11,,vv30003Auxin_signaling,
791,VIT_03s0017g01060,3,0.0015,Peptidyl-prolyl isomerase FKBP12,K01802,,,
792,VIT_11s0103g00490,3,0.0015,Unknown protein,,,,
793,VIT_15s0046g02620,3,0.0015,Beta-amylase 9 BMY9,E3_2_1_2,,vv10500Starch_and_sucrose_metabolism,
794,VIT_18s0157g00170,3,0.0015,Alliin lyase precursor,E4_4_1_4,,vv10272Cysteine_metabolism,
795,VIT_15s0046g03500,3,0.0015,Metal ion binding,,,,
796,VIT_18s0117g00290,3,0.0015,Coatomer protein complex  subunit beta 2,COPB2,,vv50110Protein_coat,
797,VIT_06s0004g01780,3,0.0015,Serine/threonine-protein kinase OXI1,,,,
798,VIT_07s0095g00170,3,0.0015,Lysine histidine transporter 1,LHT1,,vv50123Porters_cat_18_to_29,
799,VIT_11s0118g00450,3,0.0015,No hit,,,,
800,VIT_18s0001g02480,3,0.0014,Unknown protein,,,,
801,VIT_10s0116g00960,3,0.0014,Transcription factor jumonji (jmjC) domain-containing protein,JMJD1B_5,,vv60038Jumonji,
802,VIT_14s0006g02910,3,0.0014,Unknown protein,,,,
803,VIT_06s0009g01790,3,0.0014,ABA-responsive element-binding protein 3 (AREB3),AREB3_2,VvbZIP18,vv30001ABA_signaling,vv60012BZIP
804,VIT_04s0008g00240,3,0.0014,Amino acid permease 6,AAP6,,vv50123Porters_cat_18_to_29,
805,VIT_00s0163g00010,3,0.0014,No hit,,,,
806,VIT_16s0100g01100,3,0.0014,Stilbene synthase,E2_3_1_95,,vv10940Phenylpropanoid_biosynthesis,
807,VIT_13s0064g01510,3,0.0014,Auxin-independent growth promoter,,,,
808,VIT_00s0282g00010,3,0.0014,Methionine sulfoxide reductase,E1_8_4_11,,vv10271Methionine_metabolism,
809,VIT_01s0010g02760,3,0.0014,Urease,E3_5_1_5,,vv10220Urea_cycle_and_metabolism_of_amino_groups,
810,VIT_01s0010g00760,3,0.0014,Unknown,,,,
811,VIT_14s0036g00930,3,0.0014,Polyubiquitin (UBQ4),,,,
812,VIT_15s0046g02430,3,0.0014,Dual specificity protein phosphatase,,,,
813,VIT_00s2769g00010,3,0.0014,Unknown,,,,
814,VIT_19s0015g00010,3,0.0014,ABC transporter C member 9,K05033,,vv52010ABC_transporters,
815,VIT_09s0002g05430,3,0.0014,ABC transporter g family pleiotropic drug resistance 12 PDR12,ABCGPDR12,,vv52010ABC_transporters,
816,VIT_08s0040g02700,3,0.0014,Heavy-metal-associated domain-containing protein,,,,
817,VIT_01s0010g03790,3,0.0014,Nuclear transport factor 2B,NTF2B,,vv50133Primary_active_transporter_cat_A9_to_A18,
818,VIT_01s0011g01260,3,0.0014,Phosphatidylinositol N-acetylglucosaminyltransferase subunit C,E2_4_1_198,,vv10563Glycosylphosphatidylinositol-anchor_biosynthesis,
819,VIT_00s0259g00160,3,0.0014,Acyl carrier protein  mitochondrial 3,K02078,,vv50134Primary_active_transporter_cat_D1,
820,VIT_11s0016g00670,3,0.0014,AP2 domain-containing transcription factor,AP2_5,VvERF010,vv30008Ethylene_signaling,vv60003AP2_EREBP
821,VIT_05s0051g00900,3,0.0014,No hit,,,,
822,VIT_00s0477g00010,3,0.0014,No hit,,,,
823,VIT_18s0001g03180,3,0.0014,Nodulin MtN21 family,MTN21,,vv50122Porters_cat_7_to_17,
824,VIT_07s0141g00420,3,0.0014,Poly(A)-specific ribonuclease,K01148,,vv23018RNA_degradation,
825,VIT_18s0001g00840,3,0.0014,Syringolide-induced protein 14-1-1,,,,
826,VIT_08s0007g07840,3,0.0014,Cysteine protease out,E3_4_22_x,,,
827,VIT_11s0016g04610,3,0.0014,Glycine-rich RNA-binding protein,,,,
828,VIT_11s0016g04700,3,0.0014,Beta-ketoacyl-CoA synthase,E2_3_1_41,,vv10061Fatty_acid_biosynthesis,
829,VIT_12s0059g00600,3,0.0014,Unknown protein,,,,
830,VIT_06s0004g01570,3,0.0014,No hit,,,,
831,VIT_06s0080g00910,3,0.0014,F-box family protein,,,,
832,VIT_18s0001g12310,3,0.0014,Ovate family protein 7 OFP7,OFP7_2,,vv60086OFP,
833,VIT_06s0004g06330,3,0.0014,No hit,,,,
834,VIT_06s0080g00780,3,0.0014,NAC domain containing protein 90,NAC090_3,VvNAC74,vv60046NAC,
835,VIT_08s0040g01710,3,0.0014,Phenylalanine ammonia-lyase,E4_3_1_5,,vv10350Tyrosine_metabolism,vv10360Phenylalanine_metabolism
836,VIT_06s0004g02630,3,0.0014,Zinc finger (C3HC4-type ring finger),ZFC3HC4,,,
837,VIT_04s0008g07120,3,0.0014,Chloroplast nucleoid DNA binding protein,,,,
838,VIT_07s0130g00310,3,0.0014,Unknown protein,,,,
