Vv_m2,2000,1000,VIT_10s0003g01600
rank,node,Fabs,Frel,Functional-annotation,Name-EC-KeggID,Updated-name,Network1,Network2
1,VIT_07s0005g02570,2062,1.0000,WRKY DNA-binding protein 47,WRKY47,VvWRKY20,vv60066WRKY,
2,VIT_17s0000g03340,2054,0.9981,Wall-associated kinase 4,,,,
3,VIT_09s0002g02700,2061,0.9976,Basic helix-loop-helix (bHLH) family,BHLHDOM_29,,vv60011BHLH,
4,VIT_18s0001g11130,2051,0.9971,Calmodulin-binding protein AR781,,,,
5,VIT_16s0039g01060,2062,0.9961,CYP89A2,,,,
6,VIT_06s0004g06750,2055,0.9961,Armadillo/beta-catenin repeat,,,,
7,VIT_10s0116g00430,2057,0.9937,Unknown protein,,,,
8,VIT_01s0026g02710,2061,0.9928,NAC domain-containing protein 29,NAC029,VvNAC26,vv60046NAC,
9,VIT_05s0077g00500,2048,0.9908,Myb domain protein 108,MYB108,MYB108A,vv60044MYB,
10,VIT_09s0002g00080,2033,0.9859,Phytosulfokine receptor,,,,
11,VIT_11s0052g00430,2039,0.9836,Glucose-6-phosphate/phosphate-tranlocator,GPTREL,,vv50122Porters_cat_7_to_17,
12,VIT_18s0001g08810,2045,0.9818,Unknown protein,,,,
13,VIT_04s0008g04490,2019,0.9773,MARD1 (mediator of ABA-regulated dormancy 1),MARD1,,vv30001ABA_signaling,
14,VIT_07s0005g04620,1991,0.9698,Unknown,,,,
15,VIT_05s0049g01550,1991,0.9674,Peptide transporter protein 3,PTR3,,vv50122Porters_cat_7_to_17,
16,VIT_10s0092g00710,2009,0.9673,Receptor protein kinase,,,,
17,VIT_01s0011g03070,1991,0.9618,AP2 domain-containing protein RAP2.8,RAP2_8,VvRAV1,vv30008Ethylene_signaling,vv60003AP2_EREBP
18,VIT_01s0010g03930,2004,0.9612,WRKY DNA-binding protein 75,WRKY75_1,VvWRKY03,vv60066WRKY,
19,VIT_06s0004g07500,1997,0.9606,WRKY DNA-binding protein 33,WRKY33_1,VvWRKY16,vv34626Plant-pathogen_interaction,vv60066WRKY
20,VIT_03s0017g01940,1953,0.9527,Unknown,,,,
21,VIT_18s0001g05310,1971,0.9490,F-box domain containing protein,,,,
22,VIT_01s0011g03650,1968,0.9484,Map kinase substrate 1 MKS1,,,,
23,VIT_02s0025g03000,1971,0.9481,NGA1 (NGATHA1),NGATHA1_1,VvRAV3,vv60001ABI3VP1,
24,VIT_18s0001g02300,1942,0.9364,NAC domain containing protein 2,NAC2_7,VvNAC08,vv60046NAC,
25,VIT_05s0049g00310,1922,0.9294,E8 protein,E8,,vv30008Ethylene_signaling,
26,VIT_01s0011g05930,1913,0.9273,S-adenosyl-L-methionine:carboxyl methyltransferase,,,,
27,VIT_18s0001g06950,1911,0.9259,Purine permease 1 (PUP1),PUP1,,vv10908Zeatin_biosynthesis,vv50122Porters_cat_7_to_17
28,VIT_19s0014g01150,1901,0.9215,Curculin (mannose-binding) lectin,,,,
29,VIT_13s0019g03520,1885,0.9209,No hit,,,,
30,VIT_05s0020g03690<br>VIT_05s0020g03710,1894,0.9190,
31,VIT_08s0058g01290,1861,0.8973,Protein kinase AtSIK,,,,
32,VIT_05s0049g00930,1869,0.8951,Inorganic phosphate transporter 1-4,PHT1_4,,vv50121Porters_cat_1_to_6,
33,VIT_16s0050g01850,1843,0.8899,AAA-type ATPase,,,,
34,VIT_17s0000g08770,1813,0.8801,Cysteine-rich receptor-like protein kinase 2,,,,
35,VIT_05s0077g01150,1809,0.8782,Beta-1 3-glucanase,E3_2_1_6,,,
36,VIT_17s0000g09170,1827,0.8754,Receptor lectin kinase,,,,
37,VIT_10s0003g01680,1810,0.8736,Trehalose synthase,E2_4_1_15,,vv10500Starch_and_sucrose_metabolism,
38,VIT_02s0025g03290,1801,0.8696,Hydroxyproline-rich glycoprotein,HRGP,,vv40006Cell_wall,
39,VIT_08s0007g03940,1794,0.8675,Histone deacetylase HD2A,HD2A_1,,vv44110Cell_cycle,vv60017C2H2
40,VIT_19s0014g02170,1798,0.8648,4-amino-4-deoxychorismate lyase,E4_1_3_38,,vv10790Folate_biosynthesis,
41,VIT_14s0066g01150,1791,0.8631,Cinnamoyl-CoA reductase,E1_2_1_44,,vv10940Phenylpropanoid_biosynthesis,
42,VIT_02s0025g01860,1791,0.8611,Cellulose synthase CSLG3,E2_4_1_12_CSLG3,,vv40006Cell_wall,
43,VIT_12s0028g01700,1783,0.8605,WRKY DNA-binding protein 65,WRKY65_3,,vv60066WRKY,
44,VIT_10s0003g00580,1758,0.8513,ERF/AP2 transcription factor sub B-3  (ATERF-2),ERF1_5,VvERF075,vv30008Ethylene_signaling,vv30011Jasmonate_signaling
45,VIT_01s0026g00190,1761,0.8499,Armadillo/beta-catenin repeat,,,,
46,VIT_03s0017g00670,1745,0.8467,Zinc finger (C3HC4-type ring finger),ZFC3HC4_148,,vv60078Other_zf-C3HC4,
47,VIT_01s0026g01660,1750,0.8418,Alpha-amylase isozyme C2 precursor,E3_2_1_1,,vv10500Starch_and_sucrose_metabolism,
48,VIT_12s0028g00920,1751,0.8410,Glutathione S-transferase 9 GSTF9,E2_5_1_18_GSTF9,,vv10480Glutathione_metabolism,
49,VIT_03s0038g03530,1734,0.8401,LYS/HIS transporter 7,LHT7,,vv50123Porters_cat_18_to_29,
50,VIT_12s0059g01640,1708,0.8267,Unknown protein,,,,
51,VIT_10s0003g02810,1706,0.8182,WRKY DNA-binding protein 71,WRKY71_1,VvWRKY31,vv60066WRKY,
52,VIT_02s0025g01950,1682,0.8169,Cellulose synthase CSLG3,E2_4_1_12_CSLG3,,vv40006Cell_wall,
53,VIT_00s1679g00010,1683,0.8091,Avr9/Cf-9 rapidly elicited protein 75,,,,
54,VIT_08s0007g01700,1663,0.8065,Oxidative phosphorylation uncoupler,PUMP1,,vv50123Porters_cat_18_to_29,
55,VIT_01s0011g03980,1668,0.8062,Wall-associated kinase,,,,
56,VIT_12s0059g02140,1667,0.8053,F-box family protein,,,,
57,VIT_00s0225g00050,1665,0.8051,MATE efflux family protein,MATE,,vv50125Porters_cat_66_to_94,
58,VIT_09s0002g03340,1655,0.8034,Unknown,,,,
59,VIT_02s0012g01590,1660,0.8000,Unknown protein,,,,
60,VIT_06s0004g06290,1663,0.7984,Binding,,,,
61,VIT_14s0108g01280,1649,0.7951,WRKY DNA-binding protein 4,WRKY4,VvWRKY45,vv60066WRKY,
62,VIT_07s0005g00410,1649,0.7943,Glycosyl hydrolase family 1 protein,,,,
63,VIT_00s0531g00060,1648,0.7935,Cellulose synthase CSLE1,E2_4_1_12_CSLE1,,vv40006Cell_wall,
64,VIT_18s0001g10800,1630,0.7859,Carboxylesterase CXE,E3_1_1_1,,,
65,VIT_14s0171g00400,1603,0.7751,Lysine histidine transporter 1,LHT1,,vv50123Porters_cat_18_to_29,
66,VIT_03s0063g01080,1611,0.7749,OST1 (open stomata 1) AAPK,OST1,,vv30001ABA_signaling,vv34020Calcium_signaling_pathway
67,VIT_05s0062g00960,1604,0.7741,Exostosin (Xyloglucan galactosyltransferase KATAMARI 1),K02366,,vv11030Glycan_structures-biosynthesis1,
68,VIT_08s0040g01110<br>VIT_08s0040g01060,1595,0.7683,
69,VIT_17s0000g09470,1594,0.7678,Nitrate transporter3.1,NRT3_1,,vv50121Porters_cat_1_to_6,
70,VIT_13s0067g00260,1588,0.7675,Nematode-resistance protein,,,,
71,VIT_12s0028g01690,1581,0.7649,WRKY DNA-binding protein 65,WRKY65_2,,vv60066WRKY,
72,VIT_02s0234g00130,1579,0.7639,Ethylene responsive element binding factor 1,ERF1_9,VvERF076,vv30008Ethylene_signaling,vv30011Jasmonate_signaling
73,VIT_04s0044g01290,1579,0.7632,MAP3Ka,MAP3KA,,vv44110Cell_cycle,
74,VIT_17s0000g07560,1577,0.7622,EDS1 (Enhanced disease susceptibility 1),EDS1,,vv30011Jasmonate_signaling,
75,VIT_18s0072g00260,1581,0.7612,Ethylene-responsive transcription factor related to APETALA2 6,RAP2_6,VvERF114,vv30008Ethylene_signaling,vv60003AP2_EREBP
76,VIT_16s0039g01070,1574,0.7608,Glutathione S-transferase 25 GSTU7,E2_5_1_18_GSTU7,,vv10480Glutathione_metabolism,
77,VIT_07s0031g01490,1575,0.7579,RKP (Related to KPC1),K12169,,,
78,VIT_05s0020g01180,1568,0.7564,Proteasome 26S AAA-ATPase subunit (RPT5a),K03065,,vv23050Proteasome,
79,VIT_02s0033g00660<br>VIT_02s0033g00850<br>VIT_02s0033g00870<br>VIT_02s0033g00800,1550,0.7528,
80,VIT_18s0072g00840,1553,0.7524,Sensitive to proton rhizotoxicity 1,STOP1_2,,vv60017C2H2,
81,VIT_04s0008g02390,1553,0.7499,Zinc finger (C3HC4-type ring finger),ZFC3HC4_39,,vv60078Other_zf-C3HC4,
82,VIT_03s0017g01460,1558,0.7483,No hit,,,,
83,VIT_11s0118g00210,1532,0.7466,Nodulation receptor kinase,,,,
84,VIT_07s0031g02610,1523,0.7393,NAC domain containing protein 2,NAC2_6,VvNAC39,vv60046NAC,
85,VIT_12s0028g01410,1522,0.7360,Heat shock transcription factor A4A,HSFA4A_3,,vv60037HSF,
86,VIT_18s0001g07380,1518,0.7358,DNA-binding protein,,,,
87,VIT_00s0477g00040,1520,0.7350,Clathrin assembly protein 16,CAP16,,vv50110Protein_coat,
88,VIT_02s0012g01400,1509,0.7329,PLATZ transcription factor,PLATZFAM_4,,vv60049PLATZ,
89,VIT_01s0011g05650,1510,0.7309,1-aminocyclopropane-1-carboxylate oxidase,E1_14_17_4,,vv10640Propanoate_metabolism,vv30008Ethylene_signaling
90,VIT_09s0002g03610,1497,0.7239,MYB divaricata,DIVARICATA_16,,vv30009Flower_development,vv60044MYB
91,VIT_01s0011g05950,1464,0.7103,NSL1 (necrotic spotted lesions 1),,,,
92,VIT_17s0000g05360,1461,0.7082,Germin,,,,
93,VIT_19s0014g01370,1463,0.7054,Curculin (mannose-binding) lectin,,,,
94,VIT_19s0090g00360,1427,0.6927,Unknown,,,,
95,VIT_15s0045g00370,1424,0.6883,Phosphatidylglycerol specific phospholipase C,E3_1_4_3,,vv10260Glycine_serine_and_threonine_metabolism,vv10562Inositol_phosphate_metabolism
96,VIT_11s0037g00190,1427,0.6870,Endonuclease/exonuclease/phosphatase  related,E3_1_30_x,,,
97,VIT_18s0001g11570,1394,0.6747,CYP82C1p,,,,
98,VIT_05s0077g00510,1396,0.6718,Beta-fructofuranosidase,E3_2_1_26,,vv10052Galactose_metabolism,vv10500Starch_and_sucrose_metabolism
99,VIT_12s0028g00610,1378,0.6647,Aspartyl protease,E3_4_23_x,,,
100,VIT_05s0077g01680,1364,0.6641,Mal d 1 allergen,,,,
101,VIT_13s0019g04610,1365,0.6620,Salt stress-inducible protein kinase,,,,
102,VIT_01s0150g00120,1380,0.6616,Ethylene-responsive transcription factor ERF114,ERF114_2,VvERF112,vv30008Ethylene_signaling,vv60003AP2_EREBP
103,VIT_04s0008g05970,1362,0.6602,Unknown protein,,,,
104,VIT_00s1349g00010,1362,0.6583,Cellulose synthase CSLE1,E2_4_1_12_CSLE1,,vv40006Cell_wall,
105,VIT_05s0062g00740,1358,0.6576,UDP-glucoronosyl/UDP-glucosyl transferase UGT75C1,UGT75C1,,vv10942Anthocyanin_biosynthesis,
106,VIT_06s0061g01210,1358,0.6573,Lysine histidine transporter 1,LHT1,,vv50123Porters_cat_18_to_29,
107,VIT_02s0033g00790,1347,0.6523,Nitrilase 4B,E3_5_5_1,,vv10460Cyanoamino_acid_metabolism,vv10910Nitrogen_metabolism
108,VIT_18s0001g00210,1346,0.6496,Cytokinin riboside 5'-monophosphate phosphoribohydrolase LOG5,LOG5,,vv10908Zeatin_biosynthesis,
109,VIT_16s0100g00220,1341,0.6466,No hit,,,,
110,VIT_17s0000g05380,1312,0.6363,Dynein light chain LC8-type,K10418,,vv44810Regulation_of_actin_cytoskeleton,
111,VIT_11s0016g03710,1317,0.6338,Abl interactor protein 1 (ABIL1),,,,
112,VIT_12s0059g01580,1301,0.6291,Unknown,,,,
113,VIT_18s0166g00190,1294,0.6263,U-box domain-containing protein,,,,
114,VIT_18s0001g15650,1293,0.6255,Pathogenesis related protein,,,,
115,VIT_10s0116g01200,1294,0.6245,WRKY DNA-binding protein 6,WRKY6_1,VvWRKY29,vv60066WRKY,
116,VIT_15s0045g00380,1284,0.6227,Phosphoesterase,,,,
117,VIT_18s0122g01270,1276,0.6182,Protein kinase APK1B,,,,
118,VIT_12s0055g01160,1270,0.6180,Brassinosteroid insensitive 1-associated receptor kinase 1,BAK1,,vv30005Brassinosteroids_signaling,vv34626Plant-pathogen_interaction
119,VIT_09s0002g03540,1286,0.6177,MYB divaricata,DIVARICATA_15,,vv30009Flower_development,vv60044MYB
120,VIT_19s0015g01440,1271,0.6155,Unknown protein,,,,
121,VIT_17s0119g00150,1277,0.6122,Alpha-amylase/subtilisin inhibitor,E3_2_1_1,,vv10500Starch_and_sucrose_metabolism,
122,VIT_00s0231g00040,1263,0.6110,RPM1-interacting protein 4,K13456,,vv34626Plant-pathogen_interaction,
123,VIT_00s0510g00020,1258,0.6077,Unknown protein,,,,
124,VIT_17s0000g03330,1252,0.6042,Receptor serine/threonine kinase PR5K,,,,
125,VIT_13s0019g04550,1239,0.6041,Protein kinase,,,,
126,VIT_14s0068g01280,1247,0.6039,V-type H+-transporting ATPase subunit C,K02148,,vv10190Oxidative_phosphorylation,vv44145Phagosome
127,VIT_13s0074g00580,1210,0.5879,Unknown protein,,,,
128,VIT_01s0011g03950,1201,0.5839,Wall-associated kinase,,,,
129,VIT_13s0019g00480,1209,0.5835,Zinc finger (C2H2 type) family,C2H2FAM_22,,vv60017C2H2,
130,VIT_12s0059g00440,1205,0.5824,No hit,,,,
131,VIT_04s0008g04950,1205,0.5816,TIFY 8,TIFY8_2,,vv60069ZIM,
132,VIT_18s0001g14060,1197,0.5814,Transposon protein  CACTA  En/Spm sub-class,,,,
133,VIT_08s0058g01350,1207,0.5800,Non-green plastid inner envelope membrane protein,,,,
134,VIT_02s0012g00410,1193,0.5791,Naringenin 2-oxoglutarate 3-dioxygenase,E1_14_11_9,,vv10941Flavonoid_biosynthesis,
135,VIT_05s0020g02820,1201,0.5791,Ubiquitin activating enzyme E1c (ECR1),K10686,,vv24120Ubiquitin_mediated_proteolysis,vv30003Auxin_signaling
136,VIT_01s0137g00600,1189,0.5789,MAP kinase phosphatase (MKP1),,,,
137,VIT_00s0540g00020,1192,0.5781,Chitinase  class V,E3_2_1_14,,vv10530Aminosugars_metabolism,
138,VIT_18s0166g00290,1165,0.5661,Protein kinase,,,,
139,VIT_18s0001g10150,1169,0.5656,Ethylene-responsive transcription factor ERF011,ERF011,VvERF013,vv30008Ethylene_signaling,vv60017C2H2
140,VIT_06s0004g03100,1168,0.5640,MLO1,K08472,,,
141,VIT_17s0000g02290,1166,0.5619,GTPase activating protein,,,,
142,VIT_18s0001g12910,1159,0.5591,Inositol-pentakisphosphate 2-kinase 1 ATIPK1,E2_7_1_158,,vv10562Inositol_phosphate_metabolism,vv34020Calcium_signaling_pathway
143,VIT_07s0005g03040,1130,0.5510,Poly(ADP)-ribose polymerase,K10798,,vv10760Nicotinate_and_nicotinamide_metabolism,vv23410Base_excision_repair
144,VIT_19s0140g00120,1130,0.5475,Gibberellin 2-beta-dioxygenase 1,E1_14_11_13,,vv10904Diterpenoid_biosynthesis,
145,VIT_19s0090g00840,1129,0.5473,WRKY DNA-binding protein 6,WRKY6_2,VvWRKY55,vv60066WRKY,
146,VIT_11s0016g01130,1124,0.5454,MTD1,,,,
147,VIT_07s0031g01980,1116,0.5444,Ethylene-responsive transcription factor aba repressor 1 abr1/erf111,ABR1,VvERF113,vv30001ABA_signaling,vv30008Ethylene_signaling
148,VIT_01s0026g01730,1129,0.5436,WRKY DNA-binding protein 72,WRKY72_1,VvWRKY02,vv60066WRKY,
149,VIT_01s0011g03580,1118,0.5401,Unknown protein,,,,
150,VIT_17s0000g08010,1112,0.5380,Trehalose 6-phosphate synthase,E2_4_1_15,,vv10500Starch_and_sucrose_metabolism,
151,VIT_00s0776g00010,1112,0.5341,Strubbelig receptor family 3,,,,
152,VIT_00s0317g00110,1098,0.5322,Esterase/lipase/thioesterase,,,,
153,VIT_08s0007g00420,1098,0.5309,Protein kinase APK1B,,,,
154,VIT_08s0007g07520,1094,0.5267,3-oxoacyl-[acyl-carrier-protein] reductase  chloroplast,E1_1_1_100,,vv10061Fatty_acid_biosynthesis,vv11040Biosynthesis_of_unsaturated_fatty_acids
155,VIT_16s0013g01950,1084,0.5252,Hexose transporter [Vitis vinifera],VVHT4,,vv50121Porters_cat_1_to_6,
156,VIT_00s0203g00070,1076,0.5251,Myb domain protein 102,MYB102_4,MYB143,vv60044MYB,
157,VIT_07s0130g00190,1079,0.5233,Suppressor of gene silencing 3 (SGS3),,,,
158,VIT_11s0037g00440,1078,0.5215,Hydroxycinnamoyl-CoA shikimate/quinate hydroxycinnamoyltransferase,E2_3_1_133,,vv10940Phenylpropanoid_biosynthesis,
159,VIT_03s0017g01410,1080,0.5200,No hit,,,,
160,VIT_07s0104g00930,1075,0.5191,Gibberellin receptor GID1L2,GID1B,,vv30010Gibberellin_signaling,
161,VIT_13s0064g01220,1057,0.5131,Zf A20 and AN1 domain-containing stress-associated protein 5,SAP5_1,,vv60077Other_zf-AN1,
162,VIT_15s0021g02470,1052,0.5119,Epoxide hydrolase-like protein,E3_3_2_10,,,
163,VIT_03s0063g01790,1052,0.5102,Transducin protein,,,,
164,VIT_13s0156g00550,1055,0.5087,S-receptor kinase,,,,
165,VIT_03s0038g00490,1047,0.5068,GATA transcription factor 12,GAT12,,vv60016C2C2-GATA,
166,VIT_04s0008g02580,1035,0.5034,V-type H+-transporting ATPase subunit A,K02145,,vv10190Oxidative_phosphorylation,vv44145Phagosome
167,VIT_08s0007g05570,1019,0.4959,Embryo-abundant protein,,,,
168,VIT_05s0049g00940,1006,0.4905,Inorganic phosphate transporter 1-4,PHT1_4,,vv50121Porters_cat_1_to_6,
169,VIT_06s0004g07270,1010,0.4882,UDP-glucoronosyl and UDP-glucosyl transferase,,,,
170,VIT_06s0004g04600,995,0.4800,Protein phosphatase 2C POLTERGEIST-like 4,,,,
171,VIT_18s0001g14410,987,0.4736,Unknown protein,,,,
172,VIT_12s0034g02220,980,0.4707,RKF3 (receptor-like kinase IN in flowers 3),,,,
173,VIT_12s0028g00270,962,0.4695,WRKY DNA-binding protein 71,WRKY71_2,VvWRKY35,vv60066WRKY,
174,VIT_05s0020g03140,970,0.4686,Sugar transporter 13,STP13,,vv50121Porters_cat_1_to_6,
175,VIT_08s0056g00080,962,0.4677,Glycosyl transferase family 8 protein,,,,
176,VIT_02s0025g00530,965,0.4660,Unknown,,,,
177,VIT_07s0129g01050,971,0.4653,Myb domain protein 73,MYB73_2,MYB172,vv60044MYB,
178,VIT_01s0137g00790,959,0.4640,No hit,,,,
179,VIT_17s0119g00240,951,0.4614,Trypsin and protease inhibitor Kunitz family,,,,
180,VIT_13s0067g01020,940,0.4579,Leucoanthocyanidin dioxygenase,E1_14_11_19,,vv10941Flavonoid_biosynthesis,
181,VIT_19s0014g05090,937,0.4553,Thioredoxin h,,,,
182,VIT_18s0122g01170,938,0.4536,12-oxophytodienoate reductase 2,E1_3_1_42,,vv10592alpha-Linolenic_acid_metabolism,
183,VIT_17s0000g03320,942,0.4535,Receptor serine/threonine kinase PR5K-l,,,,
184,VIT_03s0063g01800,939,0.4534,Clast3,,,,
185,VIT_05s0049g00180,936,0.4533,IBR10 (indole-3-butyric acid response 10); catalytic/ dodecenoyl-CoA delta-isomerase [Arabidopsis thaliana],E5_3_3_8,,,
186,VIT_03s0097g00600,919,0.4472,Octicosapeptide/Phox/Bem1p (PB1) domain-containing protein,,,,
187,VIT_06s0004g06710,924,0.4468,Cys-3-His zinc finger protein,ZFAR1_2,,vv60018C3H,
188,VIT_02s0025g02420,924,0.4444,Major Facilitator Super,,,,
189,VIT_02s0025g02560,915,0.4412,O-succinylhomoserine sulfhydrylase,E2_5_1_48,,vv10271Methionine_metabolism,vv10272Cysteine_metabolism
190,VIT_03s0038g03400,907,0.4399,Endochitinase 1  basic,E3_2_1_14,,vv10530Aminosugars_metabolism,
191,VIT_04s0008g06210,905,0.4389,Nodulin,,,,
192,VIT_02s0025g04320,908,0.4378,Thaumatin,,,,
193,VIT_19s0014g03290,899,0.4362,NAC domain containing protein 19,NAC019_1,VvNAC17,vv60046NAC,
194,VIT_13s0047g00210,891,0.4334,flavonol synthase,E1_14_11_23,,vv10941Flavonoid_biosynthesis,
195,VIT_11s0103g00520,893,0.4333,Unknown,,,,
196,VIT_08s0007g04560,893,0.4331,PLATZ transcription factor,PLATZFAM_11,,vv60049PLATZ,
197,VIT_18s0001g09650,897,0.4319,CYP81E1,E1_14_13_89,,vv10943Isoflavonoid_biosynthesis,
198,VIT_03s0038g04700,893,0.4310,Isoflavone reductase,E1_3_1_45,,vv10943Isoflavonoid_biosynthesis,
199,VIT_19s0014g01280,876,0.4244,Unknown,,,,
200,VIT_00s1455g00010,875,0.4225,Expansin beta 1 precursor,EXPB1,,vv30003Auxin_signaling,
201,VIT_08s0007g02100,866,0.4224,Alpha-1 4-glycosyltransferase,,,,
202,VIT_00s0125g00090,861,0.4161,Leucine-rich repeat protein kinase,,,,
203,VIT_06s0009g03680,852,0.4130,F-box family protein,,,,
204,VIT_03s0038g03110,851,0.4101,ATSLY1,SLY1,,vv30010Gibberellin_signaling,
205,VIT_14s0006g02610,844,0.4083,Unknown protein,,,,
206,VIT_18s0001g06940,842,0.4081,Purine permease 1 (PUP1),PUP1,,vv10908Zeatin_biosynthesis,vv50122Porters_cat_7_to_17
207,VIT_06s0004g01610,845,0.4078,Ethylene-insensitive33 (EIL3),EIL3,,vv30008Ethylene_signaling,vv60027EIL
208,VIT_10s0092g00570,843,0.4069,Leucine-rich repeat family,,,,
209,VIT_01s0011g01630,837,0.4063,Protein NAP1 (Nck-associated protein 1),K05750,,vv44810Regulation_of_actin_cytoskeleton,
210,VIT_18s0001g11580,833,0.4026,CYP82A3,,,,
211,VIT_07s0104g01500,830,0.4019,Transcription termination factor mitochondrial mTERF,MTERF_10,,vv60085MTERF,
212,VIT_05s0077g01140,831,0.4014,BZIP transcription factor BZIP53,BZIP53_3,VvbZIP14,vv60012BZIP,
213,VIT_12s0028g01030,824,0.3990,Unknown,,,,
214,VIT_18s0001g08760,830,0.3987,No hit,,,,
215,VIT_17s0000g09500,825,0.3978,Serine/threonine-protein kinase AFC2,,,,
216,VIT_07s0005g01450,821,0.3976,BZIP DNA-binding protein BZIP53,BZIP53_1,VvbZIP22,vv60012BZIP,
217,VIT_04s0210g00140,817,0.3976,AMP-dependent synthetase and ligase,E6_2_1_x,,,
218,VIT_09s0002g00770,817,0.3976,2OG-Fe(II) oxygenase,,,,
219,VIT_18s0157g00140,815,0.3941,Alliin lyase,E4_4_1_4,,vv10272Cysteine_metabolism,
220,VIT_09s0002g05260,818,0.3940,Microtubule-severing ATPase,K07767,,vv44810Regulation_of_actin_cytoskeleton,vv50133Primary_active_transporter_cat_A9_to_A18
221,VIT_10s0003g01500,812,0.3917,Zinc finger (C3HC4-type ring finger),ZFC3HC4_1,,vv60078Other_zf-C3HC4,
222,VIT_07s0031g02330,800,0.3887,Anaphase-promoting complex component APC8,K03355,,vv24120Ubiquitin_mediated_proteolysis,vv44110Cell_cycle
223,VIT_18s0001g11730,798,0.3885,No hit,,,,
224,VIT_08s0040g00410,805,0.3880,Proteasome 20S alpha subunit G (PAG1) (PRC8),K02727a,,vv23050Proteasome,
225,VIT_08s0007g02360,787,0.3806,Harpin inducing protein 1-like 9,,,,
226,VIT_17s0119g00280,781,0.3786,Alpha-amylase/subtilisin inhibitor,E3_2_1_1,,vv10500Starch_and_sucrose_metabolism,
227,VIT_06s0004g00600,782,0.3778,SUB1 (short under blue light 1),,,,
228,VIT_06s0004g05240,783,0.3766,Ethylene receptor (ETR2),ETR2,,vv30008Ethylene_signaling,
229,VIT_08s0040g01580,772,0.3751,Protein kinase APK1A  chloroplast precursor,,,,
230,VIT_08s0040g02600,779,0.3751,F-box protein,,,,
231,VIT_17s0119g00160,773,0.3736,Trypsin and protease inhibitor Kunitz family,,,,
232,VIT_19s0014g04090<br>VIT_10s0071g00450<br>VIT_10s0071g00440<br>VIT_19s0015g02410<br>VIT_19s0014g04160,768,0.3714,
233,VIT_01s0150g00410,766,0.3700,Unknown protein,,,,
234,VIT_01s0011g05960,760,0.3670,Trehalose-phosphatase,E2_4_1_15,,vv10500Starch_and_sucrose_metabolism,
235,VIT_07s0031g00480,750,0.3632,Protein kinase family,,,,
236,VIT_02s0025g04110,746,0.3620,MAPKKK HA-tagged protein kinase,,,,
237,VIT_11s0016g01720,751,0.3614,Threonine synthase,E4_2_3_1,,vv10260Glycine_serine_and_threonine_metabolism,vv10750Vitamin_B6_metabolism
238,VIT_15s0048g01930,739,0.3591,ATPP2-A13,,,,
239,VIT_11s0037g01310,736,0.3552,Basic helix-loop-helix (bHLH) family,BHLHDOM_87,,vv60011BHLH,
240,VIT_00s0309g00050,732,0.3552,EXPANSIN-like B1,EXPB1,,vv30003Auxin_signaling,
241,VIT_12s0028g00580,735,0.3510,Unknown protein,,,,
242,VIT_12s0034g01760,719,0.3484,Unknown protein,,,,
243,VIT_01s0010g02540,709,0.3442,No hit,,,,
244,VIT_10s0116g00590,710,0.3437,Pectinesterase family,E3_1_1_11,,vv40006Cell_wall,
245,VIT_13s0019g05010,708,0.3425,Nodulin-like protein,,,,
246,VIT_09s0002g05600,702,0.3406,ABC transporter g family pleiotropic drug resistance 12 PDR12,ABCGPDR12,,vv52010ABC_transporters,
247,VIT_05s0020g04920,699,0.3405,fertility restorer,,,,
248,VIT_18s0001g06120<br>VIT_18s0001g06090,704,0.3394,
249,VIT_05s0062g00720,703,0.3385,UDP-glucoronosyl/UDP-glucosyl transferase UGT75C1,UGT75C1,,vv10942Anthocyanin_biosynthesis,
250,VIT_07s0095g00670,697,0.3380,Curculin (mannose-binding) lectin,,,,
251,VIT_14s0006g01610,698,0.3364,PMI2 (plastid movement impaired 2),,,,
252,VIT_08s0007g04570,689,0.3351,UGT73D1 (UDP-glucosyl transferase 73D1); UDP-glycosyltransferase,,,,
253,VIT_17s0000g09550,695,0.3349,CYP71A26,,,,
254,VIT_09s0002g01150,682,0.3296,RelA/SpoT protein (RSH3),,,,
255,VIT_07s0141g00640,672,0.3253,ProT1 (PROLINE transporter 1),PROT1,,vv50123Porters_cat_18_to_29,
256,VIT_18s0001g00180,671,0.3234,Protein kinase,,,,
257,VIT_16s0100g01210,667,0.3228,6-phospho 3-hexuloisomerase,K08094,,vv10030Pentose_phosphate,
258,VIT_15s0046g03090,668,0.3227,DTA2 (downstream target of AGL15 2),,,,
259,VIT_02s0025g00240,665,0.3199,Beta-carotene hydroxylase,K02294,,vv10906Carotenoid_biosynthesis,
260,VIT_11s0016g02580,658,0.3144,MAPK activating protein-like,,,,
261,VIT_19s0090g01280,653,0.3133,Lipid-binding serum glycoprotein family protein,K05399,,vv50101Channels_and_pores,
262,VIT_00s2563g00010,645,0.3116,Glycogenin glucosyltransferase,E2_4_1_186,,vv10500Starch_and_sucrose_metabolism,
263,VIT_05s0020g03300,636,0.3056,S-receptor kinase,,,,
264,VIT_03s0091g00680,632,0.3052,NPY2 (naked pins in yuc mutants 2),,,,
265,VIT_10s0003g00390,628,0.3037,Glutaredoxin,,,,
266,VIT_01s0010g01710,628,0.3027,Phytosulfokine receptor,,,,
267,VIT_11s0118g00480,628,0.3027,Leucine-rich repeat,,,,
268,VIT_13s0067g02050,621,0.3020,Unknown protein,,,,
269,VIT_10s0405g00050,627,0.3019,Inositol transporter 4,INT4,,vv50121Porters_cat_1_to_6,
270,VIT_02s0087g00750,619,0.2992,Proteinase inhibitor I4  serpin,,,,
271,VIT_04s0008g05700,622,0.2986,ACT domain-containing protein,,,,
272,VIT_13s0156g00590,612,0.2978,S-receptor kinase,,,,
273,VIT_03s0063g02470,592,0.2874,No hit,,,,
274,VIT_06s0004g04390,590,0.2872,UDP-glucuronic acid decarboxylase 1,E4_1_1_35,,vv10500Starch_and_sucrose_metabolism,vv10520Nucleotide_sugars_metabolism
275,VIT_19s0015g01750,590,0.2854,WD-40 repeat,,,,
276,VIT_04s0023g02900,592,0.2853,Ferulate-5-hydroxylase,K09755,,vv10940Phenylpropanoid_biosynthesis,
277,VIT_19s0014g03130,589,0.2850,Stem-specific protein TSJT1,,,,
278,VIT_11s0118g00360,585,0.2826,Leucoanthocyanidin dioxygenase,E1_14_11_19,,vv10941Flavonoid_biosynthesis,
279,VIT_19s0085g00850,568,0.2749,LEM3 (ligand-effect modulator 3),LEM3,,vv50108Accessory_factors_involved_in_transport,
280,VIT_13s0019g01080,567,0.2743,Protein kinase APK1B,,,,
281,VIT_13s0019g02990<br>VIT_13s0019g02890<br>VIT_13s0019g02910,568,0.2743,
282,VIT_17s0000g00010,557,0.2687,MtN19,,,,
283,VIT_04s0044g00040,549,0.2650,Dirigent,,,,
284,VIT_06s0004g01930,545,0.2639,Zinc finger (C3HC4-type ring finger)BIG BROTHER,BIGBROTHER_2,,vv60078Other_zf-C3HC4,
285,VIT_02s0033g00770,544,0.2633,Nitrilase 4B,E3_5_5_1,,vv10460Cyanoamino_acid_metabolism,vv10910Nitrogen_metabolism
286,VIT_19s0014g01010,542,0.2629,NHL repeat-containing protein,,,,
287,VIT_18s0001g06670,543,0.2619,Ring-H2 finger protein ATL1N,,,,
288,VIT_07s0005g03340,539,0.2614,Myb domain protein 14,MYB14_2,MYB14,vv60044MYB,
289,VIT_10s0003g00980,544,0.2613,Unknown protein,,,,
290,VIT_01s0011g01300,535,0.2595,Polygalacturonase QRT3,E3_2_1_15,,vv40006Cell_wall,
291,VIT_11s0052g00020,538,0.2594,Balbiani ring 1,,,,
292,VIT_00s0199g00080,537,0.2592,Unknown protein,,,,
293,VIT_07s0031g02640,537,0.2588,Zinc finger (C3HC4-type ring finger),ZFC3HC4_31,,vv60078Other_zf-C3HC4,
294,VIT_17s0000g07350,536,0.2587,Exocyst subunit EXO70 E2,EXO70E2,,vv50111Tethering_factors,
295,VIT_18s0001g00480,535,0.2586,T-complex protein 1 subunit beta,K09494,,,
296,VIT_06s0009g01810,535,0.2586,APK2A (protein kinase 2A),,,,
297,VIT_12s0059g01120,530,0.2557,CAF protein,,,,
298,VIT_17s0000g03190,528,0.2556,Glycosyl transferase family 28 protein,E2_4_1_227,,vv10550Peptidoglycan_biosynthesis,
299,VIT_09s0002g02680,520,0.2533,Early flowering 3,ELF3,,vv34710Circadian_rhythm,
300,VIT_02s0025g00420,523,0.2531,WRKY DNA-binding protein 27,WRKY27_2,VvWRKY04,vv60066WRKY,
301,VIT_19s0090g01180,523,0.2525,Light induced protein like,,,,
302,VIT_13s0067g00240,520,0.2521,Binding,,,,
303,VIT_02s0012g01390,519,0.2508,Unknown,,,,
304,VIT_04s0008g02550,514,0.2481,4-coumarate-CoA ligase,E6_2_1_12,,vv10940Phenylpropanoid_biosynthesis,vv50104Group_translocators
305,VIT_14s0006g01820,512,0.2475,Histone deacetylase (RPD3A),K06067_HDAC19,,vv30011Jasmonate_signaling,vv44110Cell_cycle
306,VIT_11s0052g00710,513,0.2470,Unknown protein,,,,
307,VIT_02s0025g01900,506,0.2432,Cellulose synthase CSLG3,E2_4_1_12_CSLG3,,vv40006Cell_wall,
308,VIT_02s0033g00840,499,0.2431,Nitrilase 4B,E3_5_5_1,,vv10460Cyanoamino_acid_metabolism,vv10910Nitrogen_metabolism
309,VIT_16s0022g00700,501,0.2424,Pectinesterase family,E3_1_1_11,,vv40006Cell_wall,
310,VIT_15s0048g01080,501,0.2421,Unknown,,,,
311,VIT_14s0083g00320,500,0.2413,Cinnamoyl-CoA reductase,E1_2_1_44,,vv10940Phenylpropanoid_biosynthesis,
312,VIT_16s0039g00930,495,0.2386,CYP89A5,,,,
313,VIT_10s0003g00470,492,0.2381,Isoflavone methyltransferase/ Orcinol O-methyltransferase 1 oomt1,E2_1_1_46,,vv10943Isoflavonoid_biosynthesis,
314,VIT_03s0038g04330,495,0.2379,Unknown,,,,
315,VIT_05s0077g01580,492,0.2375,Pathogenesis protein 10 [Vitis vinifera],,,,
316,VIT_03s0063g00860,490,0.2367,Serine carboxypeptidase,,,,
317,VIT_11s0016g04990,482,0.2350,Unknown protein,,,,
318,VIT_02s0025g01890,479,0.2332,Cellulose synthase CSLG3,E2_4_1_12_CSLG3,,vv40006Cell_wall,
319,VIT_13s0067g03220,479,0.2314,Unknown protein,,,,
320,VIT_06s0004g03190,478,0.2311,Proteasome 20S beta subunit G1 (PBG1) (PRCH),K02736a,,vv23050Proteasome,
321,VIT_08s0058g00150,475,0.2301,Ammonium transporter 2,AMT2,,vv50101Channels_and_pores,
322,VIT_06s0004g07920,474,0.2291,WNK5 (Arabidopsis WNK kinase 5),,,,
323,VIT_00s0404g00100,475,0.2286,Syntaxin of plants 124,K08486,,vv24130SNARE_interactions_in_vesicular_transport,vv50101Channels_and_pores
324,VIT_08s0040g01470,474,0.2285,Cis-zeatin O-beta-D-glucosyltransferase,E2_4_1_215,,vv10908Zeatin_biosynthesis,
325,VIT_00s0207g00240,473,0.2280,Tetratricopeptide repeat (TPR)-containing,,,,
326,VIT_06s0004g02270,463,0.2245,Nuclear transcription factor Y subunit A-1,NFYA1_2,,vv60021CCAAT,
327,VIT_13s0019g05070,462,0.2238,Nodulin family protein,,,,
328,VIT_16s0013g00210,459,0.2227,Metacaspase 1,,,,
329,VIT_05s0049g01020,461,0.2227,Myb domain protein 14,MYB14_3,,vv60044MYB,
330,VIT_14s0128g00300,459,0.2225,Ctp,,,,
331,VIT_00s0179g00250,458,0.2215,No hit,,,,
332,VIT_14s0066g01020,454,0.2193,DEAD box RNA helicase 1,DRH1,,vv23040Spliceosome,vv50133Primary_active_transporter_cat_A9_to_A18
333,VIT_14s0066g00580,451,0.2185,GPI transamidase component protein,K05289,,vv10563Glycosylphosphatidylinositol-anchor_biosynthesis,
334,VIT_03s0017g01990,448,0.2167,UDP-glucose glucosyltransferase,E2_4_1_35,,vv10500Starch_and_sucrose_metabolism,
335,VIT_00s0662g00010,447,0.2164,Acyl-CoA oxidase (ACX2),E1_3_3_6_ACX2,,vv10071Fatty_acid_metabolism,vv10592Alpha-linolenic_acid_metabolism
336,VIT_00s0414g00040,445,0.2151,Cellulose synthase CSLE1,E2_4_1_12_CSLE1,,vv40006Cell_wall,
337,VIT_01s0011g02790,444,0.2149,IDA (inflorescence deficient in abscission),IDA,,vv30008Ethylene_signaling,
338,VIT_04s0023g01430,441,0.2144,Indeterminate(ID)-domain 2,IDD2_2,,vv60017C2H2,
339,VIT_10s0405g00030,443,0.2139,VTC4 3'(2') 5'-bisphosphate nucleotidase,K10047,,vv10053Ascorbate_and_aldarate_metabolism,
340,VIT_05s0136g00380,435,0.2098,Unknown protein,,,,
341,VIT_09s0018g00620,431,0.2098,Co-chaperone-curved DNA binding protein A,K05516,,vv50132Primary_active_transporter_cat_A5_to_A8,
342,VIT_17s0000g01970,432,0.2084,MKK9,MKK9,,vv30008Ethylene_signaling,vv34626Plant-pathogen_interaction
343,VIT_08s0007g03910,428,0.2082,CTR1 serine/threonine protein kinase,CTR1,,vv30008Ethylene_signaling,
344,VIT_03s0063g00700,425,0.2070,CXE carboxylesterase,E3_1_1_1,,,
345,VIT_06s0004g06430,425,0.2066,Receptor ser/thr protein kinase,,,,
346,VIT_11s0016g03080,423,0.2044,Clavata1 receptor kinase (CLV1),,,,
347,VIT_06s0004g08250,422,0.2041,Leucine-rich repeat transmembrane protein kinase  putative,,,,
348,VIT_19s0015g01290,420,0.2034,Amino acid permease 7,AAP7,,vv50123Porters_cat_18_to_29,
349,VIT_01s0011g02320,417,0.2022,Unknown protein,,,,
350,VIT_08s0007g04790,414,0.2006,Zinc finger (C3HC4-type ring finger),ZFC3HC4_134,,vv60078Other_zf-C3HC4,
351,VIT_18s0001g03620,412,0.1983,Avr9/Cf-9 rapidly elicited protein 284,,,,
352,VIT_04s0023g01720,407,0.1969,SEC14 cytosolic factor  putative,SEC14,,vv50122Porters_cat_7_to_17,
353,VIT_13s0156g00150,405,0.1952,Unknown,,,,
354,VIT_18s0001g00840,400,0.1940,Syringolide-induced protein 14-1-1,,,,
355,VIT_18s0001g01110,401,0.1937,Monooxygenase (MO2),,,,
356,VIT_19s0014g00960,400,0.1935,Spg1p (septum-promoting GTPase),,,,
357,VIT_05s0077g01860,399,0.1931,ERF (ethylene response factor) sub B-2,RAP2_3,VvERF058,vv30008Ethylene_signaling,vv60003AP2_EREBP
358,VIT_07s0104g01260,398,0.1924,flavin-containing monooxygenase,E1_14_13_8,,vv11000Single_reactions,
359,VIT_17s0000g03360,394,0.1921,No hit,,,,
360,VIT_00s0414g00010,397,0.1919,Cellulose synthase CSLE1,E2_4_1_12_CSLE1,,vv40006Cell_wall,
361,VIT_05s0020g03190,394,0.1912,Haloacid dehalogenase hydrolase,E3_1_3_18,,vv10630Glyoxylate_and_dicarboxylate_metabolism,
362,VIT_14s0083g00490,393,0.1906,Phosphoglycerate mutase,E5_4_2_1,,vv10010Glycolysis,
363,VIT_00s0227g00130,387,0.1869,A/G-specific adenine glycosylase,K03575,,vv23410Base_excision_repair,
364,VIT_06s0004g02830,378,0.1837,Unknown protein,,,,
365,VIT_00s0445g00010,376,0.1819,Strubbelig receptor family 1,,,,
366,VIT_06s0080g01000,374,0.1803,Secoisolariciresinol dehydrogenase,SIRD,,vv10940Phenylpropanoid_biosynthesis,
367,VIT_04s0044g00770,371,0.1796,Cellulose synthase CSLE1,E2_4_1_12_CSLE1,,vv40006Cell_wall,
368,VIT_12s0028g03560,369,0.1791,Unknown protein,,,,
369,VIT_11s0016g02980,370,0.1791,Unknown protein,,,,
370,VIT_17s0000g07990,364,0.1750,IS10 transposase,,,,
371,VIT_08s0040g00530,361,0.1744,Peroxisomal membrane protein 2,K13347,,vv44146Peroxisome,
372,VIT_11s0016g01690,360,0.1740,Unknown protein,,,,
373,VIT_01s0011g02080,359,0.1738,Ribosomal protein L36a/L44 (RPL36aB) 60S,K02920,,vv23010Ribosome,
374,VIT_09s0054g01620,359,0.1736,Myb family,MYBGE_1,,vv60029G2-like,
375,VIT_07s0031g02600,356,0.1732,No hit,,,,
376,VIT_05s0049g01970,358,0.1728,IAA13,IAA13,,vv30003Auxin_signaling,vv60008AUXIAA
377,VIT_06s0004g01860,356,0.1721,Zinc transporter ZIP3,ZIP3,,vv50121Porters_cat_1_to_6,
378,VIT_06s0080g00790,354,0.1716,MYB divaricata,DIVARICATA_2,,vv30009Flower_development,vv60044MYB
379,VIT_13s0156g00170,355,0.1696,Molybdopterin synthase (CNX2),K03638,,vv10790Folate_biosynthesis,
380,VIT_18s0001g00130,349,0.1686,Unknown protein,,,,
381,VIT_05s0029g00010,348,0.1684,Type 1 membrane protein,,,,
382,VIT_08s0007g08250,345,0.1670,Nuclear transcription factor Y subunit A-9,NFYA9,,vv60021CCAAT,
383,VIT_12s0028g00570,336,0.1626,Vacuolar protein sorting 16 VCL1 (vacuoleless 1),VCL1,,vv50111Tethering_factors,
384,VIT_18s0001g06790,333,0.1614,Ripening regulated protein DDTFR18,DDTFR18,,vv50125Porters_cat_66_to_94,
385,VIT_12s0059g01720,333,0.1614,No hit,,,,
386,VIT_04s0210g00050,334,0.1613,Strictosidine synthase,E4_3_3_2,,vv10900Terpenoid_biosynthesis,vv10902Monoterpenoid_biosynthesis
387,VIT_10s0003g03930,332,0.1602,Inositol transporter 2,INT2,,vv50121Porters_cat_1_to_6,
388,VIT_05s0077g00030,329,0.1592,Ammonium transporter 1  member 1 (AMT1.1),AMT1_1,,vv50101Channels_and_pores,
389,VIT_06s0004g00250,325,0.1578,PUMILIO 12 (APUM12),,,,
390,VIT_13s0074g00350,326,0.1578,Unknown,,,,
391,VIT_05s0094g00020,324,0.1561,RWP-RK domain-containing protein,RWPRKDOM_5,,vv60052RWP-RK,
392,VIT_15s0046g01050,322,0.1551,Abscisic acid receptor PYL9  RCAR1,RCAR1,,vv30001ABA_signaling,
393,VIT_06s0004g08190,321,0.1549,Ethylene-responsive transcription factor cytokinin response factor 1,CRF1,VvERF055,vv30007Cytokinin_signaling,vv30008Ethylene_signaling
394,VIT_00s0174g00310,319,0.1537,Ribonuclease T2,E3_1_27_1,,,
395,VIT_16s0050g01690,317,0.1535,Receptor kinase homolog LRK10,,,,
396,VIT_10s0042g00590,315,0.1528,Leucine-rich repeat receptor-like protein kinase 1,,,,
397,VIT_04s0210g00110,314,0.1508,AMP-dependent synthetase and ligase,E6_2_1_x,,,
398,VIT_00s0225g00220,308,0.1489,Adaptor-related protein complex 1  mu 1 subunit,AP1M1,,vv50110Protein_coat,
399,VIT_09s0002g04780,306,0.1473,Sulfate transporter 3.4,SULTR3_4,,vv50124Porters_cat_30_to_64,
400,VIT_05s0049g00920,306,0.1473,Inorganic phosphate transporter 1-4,PHT1_4,,vv50121Porters_cat_1_to_6,
401,VIT_04s0044g00510,301,0.1455,GT2-like trihelix DNA-binding protein,GT2REL_4,,vv60062Trihelix,
402,VIT_07s0151g00450,296,0.1438,Basic helix-loop-helix (bHLH) family,BHLHDOM_13,,vv60011BHLH,
403,VIT_06s0004g04950,297,0.1433,Scarecrow-like transcription factor 14 SCL14,SCL14_11,,vv60032GRAS,
404,VIT_01s0011g03850,296,0.1428,Unknown protein,,,,
405,VIT_12s0055g01280,296,0.1425,Brassinosteroid insensitive 1-associated receptor kinase 1,BAK1,,vv30005Brassinosteroids_signaling,vv34626Plant-pathogen_interaction
406,VIT_18s0001g11420,291,0.1415,CYP82C2,,,,
407,VIT_01s0026g02550,290,0.1408,MYR1 (MYB-related protein 1),MYR1_3,,vv60029G2-like,
408,VIT_14s0108g01310,291,0.1406,Blue (type 1) copper domain,,,,
409,VIT_17s0000g01740,291,0.1406,Aspartyl aminopeptidase,E3_4_11_21,,,
410,VIT_08s0007g00430,290,0.1393,C2 domain containing protein,,,,
411,VIT_15s0048g02430,287,0.1382,Naringenin 2-oxoglutarate 3-dioxygenase,E1_14_11_9,,vv10941Flavonoid_biosynthesis,
412,VIT_07s0104g01770,286,0.1382,RNA recognition motif (RRM)-containing,,,,
413,VIT_08s0058g00690,285,0.1379,WRKY DNA-binding protein 33,WRKY33_3,VvWRKY24,vv34626Plant-pathogen_interaction,vv60066WRKY
414,VIT_14s0128g00430,281,0.1363,Protein kinase NPK1 (ANP1),,,,
415,VIT_18s0001g15640,277,0.1344,Pathogenesis-related,,,,
416,VIT_16s0098g00200,276,0.1326,Receptor serine/threonine kinase PR5K,,,,
417,VIT_14s0068g01670,269,0.1309,ACT domain-containing protein (ACR6),,,,
418,VIT_04s0069g00920,269,0.1302,WRKY DNA-binding protein 11,WRKY11_2,VvWRKY10,vv60066WRKY,
419,VIT_04s0008g03920,264,0.1281,Dimethylaniline monooxygenase  N-oxide-forming,E1_14_13_8,,vv11000Single_reactions,
420,VIT_01s0011g03820,264,0.1275,EMB2454 (embryo defective 2454),EMB2454_2,,vv60078Other_zf-C3HC4,
421,VIT_08s0007g06160,265,0.1274,BZIP transcription factor,BZIPDOM_11,VvbZIP28,vv60012BZIP,
422,VIT_08s0032g00860,261,0.1261,Unknown protein,,,,
423,VIT_01s0011g05500,261,0.1259,Beta-1 3-glucanase,E3_2_1_6,,,
424,VIT_18s0001g09230,256,0.1239,Salt tolerance zinc finger,STZ_2,,vv60017C2H2,
425,VIT_18s0001g13520,255,0.1227,Zinc finger (B-box type),ZFBBOX_9,,vv60073Orphans_zf-b_box,
426,VIT_02s0025g00480,254,0.1224,Serine/threonine-protein phosphatase PP1,K06269,,vv10500Starch_and_sucrose_metabolism,
427,VIT_19s0085g00760,252,0.1212,Anthocyanidin 3-O-glucosyltransferase,E2_4_1_115,,vv10942Anthocyanin_biosynthesis,
428,VIT_01s0011g02680,250,0.1207,Myb-related protein 3R-1 (Plant c-MYB-like protein 1) MYB3R1,MYB3R1_5,,vv44110Cell_cycle,vv60044MYB
429,VIT_18s0001g11250,252,0.1205,R protein MLA10,K13475,,vv34627R_proteins_from_Plant-pathogen_interaction,
430,VIT_16s0050g00590,247,0.1201,Cleavage and polyadenylation specificity factor subunit 2,K14402,,vv23015mRNA_surveillance_pathway,
431,VIT_14s0006g02910,246,0.1192,Unknown protein,,,,
432,VIT_15s0048g00870,246,0.1187,AT-hook protein 1 (AHP1),HMGIY_2,,vv60035HMG,
433,VIT_10s0003g01830,245,0.1184,Aquaporin NIP1;2,NIP1_2,,vv50101Channels_and_pores,
434,VIT_14s0030g00330,242,0.1170,Sugar transporter ERD6-like 8,ERD6L8,,vv50121Porters_cat_1_to_6,
435,VIT_07s0005g01520,241,0.1165,WRKY DNA-binding protein 35,WRKY35,VvWRKY18,vv60066WRKY,
436,VIT_01s0026g00910,241,0.1161,Unknown,,,,
437,VIT_05s0094g01680,238,0.1149,A/G-specific adenine glycosylase,K03575,,vv23410Base_excision_repair,
438,VIT_18s0001g11470,233,0.1120,CyP82A3,,,,
439,VIT_10s0042g00090,232,0.1119,Isoprenylcysteine carboxyl methyltransferase family,E2_1_1_100,,vv10271Methionine_metabolism,
440,VIT_04s0023g02020,231,0.1119,replication factor C subunit 3/5,K10756,,vv23030DNA_replication,vv23420Nucleotide_excision_repair
441,VIT_11s0016g00720,231,0.1117,Polygalacturonase GH28,E3_2_1_15,,vv40006Cell_wall,
442,VIT_02s0025g01920,229,0.1108,Cellulose synthase CSLG3,E2_4_1_12_CSLG3,,vv40006Cell_wall,
443,VIT_15s0046g02150,224,0.1086,WRKY DNA-binding protein 24,WRKY24,VvWRKY48,vv60066WRKY,
444,VIT_05s0051g00720,223,0.1085,3-ketoacyl-CoA thiolase PED1,K07513,,vv10062Fatty_acid_elongation_in_mitochondria,vv10071Fatty_acid_metabolism
445,VIT_07s0255g00090,222,0.1075,CYP82C1p,,,,
446,VIT_13s0074g00550,223,0.1072,Amino acid transporter family,AAPREL,,vv50123Porters_cat_18_to_29,
447,VIT_02s0025g03520,220,0.1064,Haloacid dehalogenase hydrolase,E3_1_3_18,,vv10630Glyoxylate_and_dicarboxylate_metabolism,
448,VIT_12s0034g00980,220,0.1062,Peptidase C50  separase,K02365,,vv44110Cell_cycle,
449,VIT_00s0586g00030<br>VIT_00s0561g00020,214,0.1032,
450,VIT_03s0063g02530,212,0.1024,Unknown protein,,,,
451,VIT_11s0016g02470,212,0.1021,Carrier protein  Mitochondrial,K03454,,vv50123Porters_cat_18_to_29,
452,VIT_12s0055g00160,206,0.0997,UDP-glycosyltransferase 71E1,E2_4_1_17,,vv10040Pentose_glucuronate_interconversion,vv10500Starch_and_sucrose_metabolism
453,VIT_11s0118g00810,204,0.0987,Peptidyl-prolyl cis-trans isomerase,K01802,,,
454,VIT_14s0030g01240,202,0.0976,Transport inhibitor response 1 protein,TIR1,,vv30003Auxin_signaling,
455,VIT_12s0059g01380,200,0.0968,1-aminocyclopropane-1-carboxylate oxidase 1,E1_14_17_4,,vv10640Propanoate_metabolism,vv30008Ethylene_signaling
456,VIT_06s0061g01560,196,0.0952,PINOID,PINOID,,vv50004Auxin_transport,vv50125Porters_cat_66_to_94
457,VIT_02s0025g02240,195,0.0949,WD-40 repeat,,,,
458,VIT_09s0002g03730,196,0.0947,Unknown protein,,,,
459,VIT_04s0044g00270,195,0.0938,Monooxygenase (MO3),,,,
460,VIT_06s0004g04960,193,0.0932,Scarecrow-like transcription factor 14 SCL14,SCL14_10,,vv60032GRAS,
461,VIT_04s0008g03140,192,0.0929,Unknown,,,,
462,VIT_06s0004g04940,192,0.0926,Telomere repeat binding factor like TRFL2,TRFL2_1,,vv60045MYBrelated,
463,VIT_03s0063g01380,191,0.0917,Unknown protein,,,,
464,VIT_01s0026g00280,188,0.0910,Trehalose 6-phosphate synthase,E2_4_1_15,,vv10500Starch_and_sucrose_metabolism,
465,VIT_18s0089g01220,188,0.0910,Cupin super,,,,
466,VIT_00s0301g00080,188,0.0908,No hit,,,,
467,VIT_18s0001g06350,185,0.0895,VQ motif-containing protein,,,,
468,VIT_13s0019g02080,182,0.0883,DNA-binding protein,,,,
469,VIT_14s0030g01400,181,0.0874,Unknown protein,,,,
470,VIT_11s0016g01830,177,0.0853,Protein kinase,,,,
471,VIT_07s0185g00030,175,0.0850,Ubiquitin-associated (UBA)/TS-N domain-containing protein,,,,
472,VIT_04s0023g02100,175,0.0850,Unknown,,,,
473,VIT_05s0020g02310,175,0.0847,Pyruvate orthophosphate dikinase,E2_7_9_2,,vv10620Pyruvate_metabolism,vv10720Reductive_carboxylate_cycle
474,VIT_04s0008g02650,174,0.0841,Unknown protein,,,,
475,VIT_08s0007g02810,174,0.0841,Regulator of the ATPase vacuolar RAV2,RAV2,VvRAV5,vv60001ABI3VP1,
476,VIT_04s0008g06060,174,0.0839,Unknown,,,,
477,VIT_06s0004g08490,174,0.0838,Defective IN RNA-directed DNA methylation 1 DRD1,DRD1_4,,vv60058SNF2,
478,VIT_15s0045g01370,168,0.0807,Unknown,,,,
479,VIT_01s0137g00400,165,0.0800,Unknown protein,,,,
480,VIT_02s0025g01940,165,0.0793,Cellulose synthase CSLG3,E2_4_1_12_CSLG3,,vv40006Cell_wall,
481,VIT_06s0009g01460,159,0.0766,Homoserine dehydrogenase,E1_1_1_3,,vv10260Glycine_serine_and_threonine_metabolism,vv10300Lysine_biosynthesis
482,VIT_06s0004g03900,156,0.0754,Calcium-transporting ATPase 1  endoplasmic reticulum-type ECA1,K01537,,vv34020Calcium_signaling_pathway,vv50131Primary_active_transporter_cat_A2_to_A4
483,VIT_15s0021g00890,156,0.0754,Ring-H2 zinc finger protein ATL4,,,,
484,VIT_07s0005g01950,155,0.0750,Myb domain protein 78,MYB78,MYB108B,vv60044MYB,
485,VIT_06s0004g06630,155,0.0747,DTA2 (downstream target of AGL15 2),,,,
486,VIT_01s0010g03780,153,0.0737,Histidine kinase (AHK3),AHK3,,vv30007Cytokinin_signaling,
487,VIT_08s0007g07120,152,0.0736,Kelch-like protein 18,K10455,,vv44110Cell_cycle,
488,VIT_17s0000g01060,153,0.0736,No hit,,,,
489,VIT_00s0262g00070,151,0.0735,No hit,,,,
490,VIT_03s0091g00810,150,0.0727,Beta-1 4-xylosidase,E3_2_1_37,,vv10500Starch_and_sucrose_metabolism,vv10520Nucleotide_sugars_metabolism
491,VIT_00s0317g00020,151,0.0725,Unknown protein,,,,
492,VIT_02s0025g04880,149,0.0721,Geraniol 10-hydroxylase,G10H,,vv10902Monoterpenoid_biosynthesis,
493,VIT_14s0108g00380,146,0.0708,Protein kinase APK1A,,,,
494,VIT_06s0004g07280,146,0.0704,UDP-glucuronosyl/UDP-glucosyltransferase,E2_4_1_17,,vv10040Pentose_glucuronate_interconversion,vv10500Starch_and_sucrose_metabolism
495,VIT_00s0153g00050,145,0.0701,Glutathione S-transferase 8 GSTU8,E2_5_1_18_GSTU8,,vv10480Glutathione_metabolism,
496,VIT_06s0004g04010,139,0.0673,Exocyst subunit EXO70 H7,EXO70H7,,vv50111Tethering_factors,
497,VIT_14s0128g00290,138,0.0667,Pentatricopeptide (PPR) repeat-containing,,,,
498,VIT_04s0008g04670,136,0.0659,Blight-associated protein p12 precursor,,,,
499,VIT_14s0081g00670,135,0.0650,DNA-binding protein,,,,
500,VIT_19s0014g04940,133,0.0641,Chitin-inducible gibberellin-responsive protein 1,CIGR1,,vv30010Gibberellin_signaling,vv60032GRAS
501,VIT_16s0100g00740,132,0.0638,Unknown,,,,
502,VIT_03s0063g02680,132,0.0636,Radialis-like protein 5,RADL5,,vv30009Flower_development,vv60044MYB
503,VIT_06s0004g05650,130,0.0630,Unknown protein,,,,
504,VIT_16s0013g01080,129,0.0620,Ethylene-responsive transcription factor ERF105,ERF105_9,VvERF086,vv30008Ethylene_signaling,vv60003AP2_EREBP
505,VIT_16s0115g00410,128,0.0620,No hit,,,,
506,VIT_06s0004g06480,127,0.0615,CYP71E,E1_14_13_73,,vv10902Monoterpenoid_biosynthesis,
507,VIT_00s0414g00060<br>VIT_00s0469g00050<br>VIT_00s0414g00030<br>VIT_00s0469g00020<br>VIT_00s0414g00050,125,0.0606,
508,VIT_12s0055g00660,124,0.0598,Leucine-rich repeat protein kinase,,,,
509,VIT_18s0157g00170,122,0.0590,Alliin lyase precursor,E4_4_1_4,,vv10272Cysteine_metabolism,
510,VIT_13s0019g01710,118,0.0571,Scarecrow transcription factor 14 (SCL14),SCL14_9,,vv60032GRAS,
511,VIT_00s0264g00010<br>VIT_00s0434g00010,117,0.0567,
512,VIT_04s0023g03470,118,0.0566,DNAJ heat shock N-terminal domain-containing protein,DNAJREL,,vv50132Primary_active_transporter_cat_A5_to_A8,
513,VIT_00s0173g00110<br>VIT_14s0036g01210,112,0.0540,
514,VIT_06s0004g05470,111,0.0538,Sterol 4-alpha-methyl-oxidase 2 (SMO2),E1_14_13_72,,vv10100Biosynthesis_of_steroids,
515,VIT_10s0003g00630,110,0.0537,Negative regulator of systemic acquired resistance (SNI1),SNI1,,vv30011Jasmonate_signaling,
516,VIT_19s0027g00340,110,0.0532,Unknown protein,,,,
517,VIT_14s0081g00580,109,0.0529,GPI-anchor transamidase,K05289,,vv10563Glycosylphosphatidylinositol-anchor_biosynthesis,
518,VIT_11s0103g00160,109,0.0527,No hit,,,,
519,VIT_01s0026g02250,109,0.0525,Haloacid dehalogenase hydrolase,E3_1_3_18,,vv10630Glyoxylate_and_dicarboxylate_metabolism,
520,VIT_11s0103g00370,108,0.0521,Cd2+-exporting ATPase HMA2 (Heavy metal ATPase 2),K01532,,vv50131Primary_active_transporter_cat_A2_to_A4,
521,VIT_09s0002g08590,107,0.0515,Pentatricopeptide (PPR) repeat-containing protein,,,,
522,VIT_07s0130g00160,105,0.0509,No hit,,,,
523,VIT_18s0041g02250,104,0.0501,No hit,,,,
524,VIT_14s0083g00910,102,0.0494,Auxin-independent growth promoter,,,,
525,VIT_11s0016g00520,102,0.0493,Auxin-responsive SAUR38,SAUR38,,vv30003Auxin_signaling,
526,VIT_11s0065g00210,102,0.0493,Heat shock protein-related,,,,
527,VIT_17s0000g05680,102,0.0491,Band 7 family,BAND7,,vv50108Accessory_factors_involved_in_transport,
528,VIT_04s0008g02500,100,0.0482,Hydroxyproline-rich glycoprotein LKP2,LKP2,,vv34710Circadian_rhythm,
529,VIT_08s0007g01360,99,0.0478,Unknown protein,,,,
530,VIT_12s0028g01780,98,0.0478,FAD-linked oxidoreductase 1,,,,
531,VIT_09s0002g04160,99,0.0476,Thioesterase family,,,,
532,VIT_02s0087g00450,98,0.0476,Anthranilate phosphoribosyltransferase,E2_4_2_18,,vv10400Phenylalanine_tyrosine_and_tryptophan_biosynthesis,
533,VIT_01s0026g01380,98,0.0475,Glutathione S-transferase 29 GSTU18,E2_5_1_18_GSTU18,,vv10480Glutathione_metabolism,
534,VIT_19s0014g00870,98,0.0474,Brassinosteroid Signaling positive regulator (BZR1),BZR1_3,,vv30005Brassinosteroids_signaling,vv60010BES1
535,VIT_07s0031g02910,98,0.0473,Receptor-like kinase,,,,
536,VIT_13s0074g00010,98,0.0469,Protein phosphate transporter traffic facilitator 1 (PHF-1),PHF1,,vv50109Incompletely_characterized_transport_systems,vv50110Protein_coat
537,VIT_04s0023g02480,96,0.0467,Dehydrin 1b,,,,
538,VIT_08s0007g01230,96,0.0467,Lectin protein kinase,,,,
539,VIT_08s0007g08240,95,0.0460,Unknown,,,,
540,VIT_14s0066g00810,94,0.0457,Raffinose synthase,E2_4_1_82,,vv10052Galactose_metabolism,
541,VIT_11s0065g01010,94,0.0456,Methyl-CpG-binding domain 2 MBD02,,,,
542,VIT_05s0049g01830,93,0.0451,CCT motif constans-like,CCT_1,,vv60070Orphans_CCT,
543,VIT_12s0134g00550,93,0.0450,Equilibrative nucleoside transporter (ENT3),ENT3,,vv10908Zeatin_biosynthesis,vv50124Porters_cat_30_to_64
544,VIT_11s0103g00040,93,0.0449,High-affinity K+ transporter 1 (HKT1),HKT1,,vv50124Porters_cat_30_to_64,
545,VIT_18s0001g09240,92,0.0446,No hit,,,,
546,VIT_04s0023g01090,92,0.0446,Unknown,,,,
547,VIT_17s0000g09970,92,0.0443,Endonuclease,E3_1_30_x,,,
548,VIT_19s0027g00490,92,0.0442,DNA topoisomerase 2-associated protein PAT1,K12617,,vv23018RNA_degradation,
549,VIT_04s0044g01200,91,0.0440,Auxin-independent growth promoter,,,,
550,VIT_05s0094g00640,91,0.0439,CCT chaperonin gamma subunit,,,,
551,VIT_18s0001g10680,90,0.0435,Lipin  N-terminal conserved region family protein  expressed,,,,
552,VIT_18s0001g00490,90,0.0435,MaoC-like dehydratase domain-containing protein,,,,
553,VIT_04s0023g02210,89,0.0432,SAM dependent carboxyl methyltransferase Methyltransf_7,,,,
554,VIT_05s0051g00180,89,0.0432,Glutathione S-transferase 8 GSTU8,E2_5_1_18_GSTU8,,vv10480Glutathione_metabolism,
555,VIT_11s0016g01430,89,0.0431,Zinc finger (C3HC4-type ring finger),ZFC3HC4_48,,vv60078Other_zf-C3HC4,
556,VIT_18s0122g01260,89,0.0430,Protein kinase 1B,,,,
557,VIT_13s0084g00810,89,0.0427,Armadillo,,,,
558,VIT_08s0007g03040,87,0.0422,E8 protein,E8,,vv30008Ethylene_signaling,
559,VIT_17s0000g01820,86,0.0419,Malate synthase  glyoxysomal,E2_3_3_9,,vv10620Pyruvate_metabolism,vv10630Glyoxylate_and_dicarboxylate_metabolism
560,VIT_07s0005g04440,86,0.0415,NADH dehydrogenase (ubiquinone) 1 alpha subcomplex 9,K03953,,vv10190Oxidative_phosphorylation,vv50134Primary_active_transporter_cat_D1
561,VIT_10s0003g05550<br>VIT_10s0003g05620,85,0.0413,
562,VIT_06s0009g02310,85,0.0411,Ubiquitin-associated (UBA),,,,
563,VIT_07s0104g01760,84,0.0408,Unknown,,,,
564,VIT_10s0071g00610,84,0.0407,Unknown,,,,
565,VIT_16s0098g00860,81,0.0392,Flavanone 3-hydroxylase,E1_14_11_9,,vv10941Flavonoid_biosynthesis,
566,VIT_00s0270g00030,81,0.0391,NC domain-containing protein,,,,
567,VIT_13s0019g02110,80,0.0388,fringe-related protein,K05948,,,
568,VIT_08s0040g01750,80,0.0385,Pentatricopeptide (PPR) repeat,,,,
569,VIT_02s0012g00390,80,0.0385,Norcoclaurine synthase,E4_2_1_78,,vv10950Alkaloid_biosynthesis_I,
570,VIT_13s0067g00960,79,0.0385,Ser/Thr protein kinase,,,,
571,VIT_15s0048g01700,79,0.0383,CYP86A1,,,,
572,VIT_08s0007g07670,77,0.0373,NAC domain containing protein 47,NAC047_1,VvNAC60,vv60046NAC,
573,VIT_12s0028g01770,76,0.0370,FAD-linked oxidoreductase 1,,,,
574,VIT_17s0000g03160,76,0.0369,No hit,,,,
575,VIT_18s0001g09470,76,0.0364,Peptidase aspartic,,,,
576,VIT_11s0037g00200,75,0.0362,Unknown,,,,
577,VIT_06s0004g03350,74,0.0358,Lateral organ boundaries protein 1,LBD1_5,,vv60007AS2,
578,VIT_01s0026g02310,74,0.0358,SUR2,K04713,,vv10600Sphingolipid_metabolism,
579,VIT_18s0001g15660,73,0.0357,Pathogen-related,,,,
580,VIT_01s0010g02440,74,0.0356,ABC transporter C member 9,K05033,,vv52010ABC_transporters,
581,VIT_13s0067g02130,73,0.0356,Dehydration-induced protein (ERD15),ERD15,,vv30001ABA_signaling,
582,VIT_13s0175g00150<br>VIT_13s0019g00830,73,0.0354,
583,VIT_06s0004g01400,73,0.0354,S-receptor kinase,,,,
584,VIT_00s0640g00020,72,0.0349,Cig3,K14409,,vv23015mRNA_surveillance_pathway,vv30007Cytokinin_signaling
585,VIT_17s0000g08000,72,0.0348,Ribonuclease III,E3_1_26_3,,,
586,VIT_04s0044g00990,72,0.0346,PGSIP1 (Plant glycogenin-like starch initiation protein 1),,,,
587,VIT_07s0005g00260,71,0.0343,Glutathione-conjugate transporter (MRP10),MRP10,,vv52010ABC_transporters,
588,VIT_01s0011g06380,71,0.0341,BPC2/BBR/BPC2/BPC2 (basic pentacysteine2),BPC2_1,,vv60009BBR,
589,VIT_09s0002g04840,70,0.0338,Unknown,,,,
590,VIT_07s0031g03090,70,0.0338,Avr9 elicitor response protein,,,,
591,VIT_04s0008g02710,69,0.0334,NAC domain containing protein 39,NAC039,VvNAC65,vv60046NAC,
592,VIT_02s0025g00880,69,0.0333,BTB/POZ domain-containing protein POB1,POB1_2,,vv60093TRAF,
593,VIT_03s0091g00690,68,0.0328,Salt tolerance zinc finger,STZ_1,,vv60017C2H2,
594,VIT_06s0004g05070,66,0.0321,Zinc transporter (ZIP2),ZIP2,,vv50121Porters_cat_1_to_6,
595,VIT_08s0007g05030,66,0.0319,Myb domain protein 36,MYB36_2,MYB150,vv60044MYB,
596,VIT_01s0137g00460,66,0.0319,RGLG2 (ring Domain LIGASE2),RGLG2,,vv50004Auxin_transport,
597,VIT_02s0012g00590,65,0.0315,Unknown protein,,,,
598,VIT_18s0001g07490,65,0.0315,Auxin-independent growth promoter,AXI1,,vv30003Auxin_signaling,
599,VIT_18s0001g12520,65,0.0314,ATP binding,,,,
600,VIT_19s0014g03820,65,0.0312,Myb domain protein 102,MYB102_2,MYB145,vv60044MYB,
601,VIT_19s0014g05190,64,0.0311,Cellulase precursor,E3_2_1_4,,vv40006Cell_wall,
602,VIT_05s0049g01420,63,0.0302,Peroxisomal membrane protein PMP22,,,,
603,VIT_18s0001g12360,62,0.0300,Deoxyuridine 5'-triphosphate nucleotidohydrolase,E3_6_1_23,,vv10240Pyrimidine_metabolism,
604,VIT_01s0026g00580,61,0.0298,Receptor protein kinase,,,,
605,VIT_06s0009g03670,61,0.0296,F-box family protein,,,,
606,VIT_14s0066g02020,61,0.0295,Proton-dependent oligopeptide transport (POT) family protein,POT,,vv50122Porters_cat_7_to_17,
607,VIT_04s0008g02000,61,0.0294,Unknown protein,,,,
608,VIT_00s0358g00010,60,0.0289,No hit,,,,
609,VIT_09s0070g00640,60,0.0289,Disease resistance protein,,,,
610,VIT_05s0020g00130,60,0.0288,Unknown protein,,,,
611,VIT_03s0091g00970,57,0.0276,ADP-ribosylation factor-like A1D,ARLA1D,,,
612,VIT_01s0150g00370,57,0.0275,C2 domain-containing protein,,,,
613,VIT_13s0074g00590,57,0.0275,Unknown protein,,,,
614,VIT_09s0002g03450,56,0.0272,Taurine dioxygenase,E1_14_11_17,,vv10272Cysteine_metabolism,
615,VIT_12s0028g02500,55,0.0266,Unknown protein,,,,
616,VIT_13s0019g02250,55,0.0264,Ankyrin,K10380,,,
617,VIT_08s0007g07810,54,0.0263,Basic helix-loop-helix (bHLH) family,BHLHDOM_11,,vv60011BHLH,
618,VIT_19s0014g04780,54,0.0261,No hit,,,,
619,VIT_03s0038g03800,54,0.0261,Protein kinase APK1B,,,,
620,VIT_16s0148g00280,54,0.0261,Receptor kinase homolog LRK10,,,,
621,VIT_03s0017g00250,53,0.0257,No hit,,,,
622,VIT_01s0146g00460,53,0.0257,No hit,,,,
623,VIT_11s0149g00060,52,0.0252,Unknown,,,,
624,VIT_05s0020g03530,51,0.0246,Late embryogenesis abundant protein D-34 (LEA D-34),,,,
625,VIT_01s0146g00330,50,0.0242,Hydroxyproline-rich glycoprotein family protein,HRGP,,vv40006Cell_wall,
626,VIT_02s0025g04340,50,0.0241,Osmotin,,,,
627,VIT_14s0006g02650,48,0.0233,Receptor-like protein kinase,,,,
628,VIT_15s0021g02690,48,0.0233,Unfertilized embryo sac 10 UNE10,UNE10_1,,vv60011BHLH,
629,VIT_13s0067g02500,48,0.0231,Xanthine/uracil permease,K06901,,vv50121Porters_cat_1_to_6,
630,VIT_17s0000g01200,48,0.0230,CBS domain containing protein,,,,
631,VIT_13s0019g04070,46,0.0222,MLO1,K08472,,,
632,VIT_03s0017g02170,46,0.0222,Zinc transporter ZIP5,ZIP5,,vv50121Porters_cat_1_to_6,
633,VIT_14s0066g01670,46,0.0221,Alpha-dioxygenase,K10529,,vv10592alpha-Linolenic_acid_metabolism,
634,VIT_14s0006g02630,45,0.0218,Receptor-like kinase ARK1AS,,,,
635,VIT_07s0130g00410,45,0.0217,T-complex protein 1 subunit gamma,K09495,,,
636,VIT_13s0019g01810,45,0.0217,Scarecrow transcription factor 14 (SCL14),SCL14_3,,vv60032GRAS,
637,VIT_08s0032g00710,44,0.0213,CXE carboxylesterase,E3_1_1_1,,,
638,VIT_06s0004g06600,43,0.0208,Unknown protein,,,,
639,VIT_09s0002g07880,43,0.0208,Pyrophosphate-energized vacuolar membrane proton pump,K01507,,vv10190Oxidative_phosphorylation,vv50133Primary_active_transporter_cat_A9_to_A18
640,VIT_16s0098g01260,43,0.0208,Intramitochondrial sorting protein MSP1 protein,MSP1,,vv50133Primary_active_transporter_cat_A9_to_A18,
641,VIT_11s0052g00660,42,0.0203,Aldose 1-epimerase,E5_1_3_3,,vv10010Glycolysis,
642,VIT_08s0007g07640,42,0.0203,NAC domain-containing protein 87,NAC087,VvNAC61,vv60046NAC,
643,VIT_07s0104g00850,42,0.0203,Pto kinase interactor,,,,
644,VIT_10s0003g05580,41,0.0199,Carbohydrate oxidase,,,,
645,VIT_06s0080g01200,41,0.0197,Harpin-induced family protein,,,,
646,VIT_03s0091g00530,39,0.0189,N-acetyltransferase ESCO2,,,,
647,VIT_03s0017g01040,39,0.0189,Cis-zeatin O-beta-D-glucosyltransferase,E2_4_1_215,,vv10908Zeatin_biosynthesis,
648,VIT_06s0061g01030,39,0.0189,Aspartic proteinase nepenthesin-2 precursor,E3_4_23_12,,,
649,VIT_02s0087g00710,39,0.0188,ABA 8'-hydroxylase CYP707A1,E1_14_13_93,,vv10906Carotenoid_biosynthesis,vv11013ABA_biosynthesis
650,VIT_16s0100g00200,38,0.0184,Unknown protein,,,,
651,VIT_08s0007g01920,38,0.0183,MYB divaricata,DIVARICATA_14,,vv30009Flower_development,vv60044MYB
652,VIT_18s0089g01030,38,0.0183,Ethylene-responsive transcription factor,TINY_10,VvERF017,vv30008Ethylene_signaling,vv60003AP2_EREBP
653,VIT_18s0001g06310,37,0.0180,SnRK2-8,SNRK2C,,vv30001ABA_signaling,
654,VIT_00s0179g00370,37,0.0180,ESCRT-I complex subunit TSG101,VPS23,,vv50111Tethering_factors,
655,VIT_00s0218g00190<br>VIT_00s0218g00150<br>VIT_00s0218g00200<br>VIT_00s0218g00170,37,0.0179,
656,VIT_04s0008g06890,37,0.0179,Solute carrier family 35,SCF35,,vv50122Porters_cat_7_to_17,
657,VIT_01s0011g05810,36,0.0175,Adagio protein 1,FKF1,,vv34710Circadian_rhythm,
658,VIT_18s0041g02110,36,0.0174,Unknown protein,,,,
659,VIT_00s0199g00290,35,0.0168,No hit,,,,
660,VIT_16s0100g01300,34,0.0165,Chromo; Helix-hairpin-helix motif  class 2,,,,
661,VIT_08s0007g05920,34,0.0164,UDP-GlcNAc:dolichyl-phosphate GlcNAc-1-phosphate transferase,E2_7_8_15,,vv10510N-Glycan_biosynthesis,vv11030Glycan_structures-biosynthesis1
662,VIT_16s0050g00680,34,0.0164,Unknown protein,,,,
663,VIT_11s0149g00190,33,0.0161,Transducin family protein / WD-40 repeat,,,,
664,VIT_18s0001g06840,33,0.0160,Peroxidase GvPx2b class III,E1_11_1_7,,vv10360Phenylalanine_metabolism,vv10680Methane_metabolism
665,VIT_05s0051g00240,33,0.0160,Glutathione S-transferase GSTU8,E2_5_1_18_GSTU8,,vv10480Glutathione_metabolism,
666,VIT_00s2466g00010,33,0.0159,Exo-1 3-beta-glucanase,E3_2_1_58,,vv10500Starch_and_sucrose_metabolism,
667,VIT_08s0040g01520,33,0.0159,Indole-3-acetate beta-glucosyltransferase,E2_4_1_121,,vv11002Auxin_biosynthesis,
668,VIT_16s0050g02740<br>VIT_00s1467g00010<br>VIT_00s0294g00070<br>VIT_16s0039g01210<br>VIT_16s0050g02730<br>VIT_16s0148g00180<br>VIT_16s0148g00420,32,0.0155,
669,VIT_06s0004g04140,32,0.0154,Myb domain protein 59,MYB59_1,MYB187,vv60044MYB,
670,VIT_02s0025g03400,32,0.0154,Growth-on protein GRO10,,,,
671,VIT_02s0025g01320,32,0.0154,No hit,,,,
672,VIT_04s0069g00720,31,0.0150,Glutamate receptor protein,GLR2_7,,vv50101Channels_and_pores,
673,VIT_18s0001g04700,31,0.0150,GP5 ubiquitin-like,,,,
674,VIT_02s0012g01380,31,0.0149,No hit,,,,
675,VIT_07s0095g00640,30,0.0146,Serine/threonine kinase BRLK,,,,
676,VIT_14s0083g00750,30,0.0146,Unknown protein,,,,
677,VIT_01s0011g03520,30,0.0145,Constans-like 16,COL16_1,,vv30009Flower_development,vv34710Circadian_rhythm
678,VIT_04s0008g01230,28,0.0136,Harpin-induced protein,,,,
679,VIT_00s0220g00060,28,0.0136,Pentatricopeptide (PPR) repeat-containing protein,,,,
680,VIT_11s0016g02000,28,0.0136,No hit,,,,
681,VIT_08s0007g06230,28,0.0135,Protein translocase ATOEP16-3 Tim17,TIM17,,vv50132Primary_active_transporter_cat_A5_to_A8,
682,VIT_05s0020g03760,28,0.0135,RNA helicase SDE3 (SDE3),,,,
683,VIT_18s0089g01050,28,0.0134,PHD finger transcription factor,PHDFG_24,,vv60048PHD,
684,VIT_06s0004g05890,27,0.0131,Ceramidase,E3_5_1_23,,vv10600Sphingolipid_metabolism,
685,VIT_09s0002g00590,27,0.0130,Phosphoinositide phosphatase,E3_1_3_36,,vv10562Inositol_phosphate_metabolism,vv34070Phosphatidylinositol_signaling_system
686,VIT_17s0000g02030,27,0.0130,Molecular chaperone DnaJ,K03686,,vv50132Primary_active_transporter_cat_A5_to_A8,
687,VIT_04s0023g01390,26,0.0125,Cupin family protein,,,,
688,VIT_16s0022g02090,25,0.0120,Embryo-specific 3,,,,
689,VIT_14s0060g01220,25,0.0120,Pentatricopeptide repeat,,,,
690,VIT_18s0001g00220,24,0.0116,Unknown,,,,
691,VIT_03s0038g00090,23,0.0111,Epoxide hydrolase-like protein,E3_3_2_10,,,
692,VIT_04s0008g03640,22,0.0107,FAD-binding domain-containing protein,,,,
693,VIT_09s0002g02590,22,0.0106,Unknown protein,,,,
694,VIT_12s0028g02530,22,0.0106,Zinc finger (C3HC4-type ring finger),ZFC3HC4_36,,vv60078Other_zf-C3HC4,
695,VIT_17s0000g04870,22,0.0106,Microtubule-associated protein MBP2C,MBP2C,,vv44810Regulation_of_actin_cytoskeleton,
696,VIT_03s0110g00290,22,0.0106,No hit,,,,
697,VIT_11s0037g00980,22,0.0106,Unknown,,,,
698,VIT_13s0156g00110,21,0.0102,Chaperone BCS1 mitochondrial,K08900,,,
699,VIT_05s0020g03680,21,0.0102,GCN5 N-acetyltransferase (GNAT),GCN5_7,,vv60082GNAT,
700,VIT_08s0040g01260,21,0.0101,Unknown protein,,,,
701,VIT_04s0044g01710,21,0.0101,MORC family CW-type zinc finger 3,MORC3,,,
702,VIT_08s0007g05170,20,0.0097,TGA-type basic leucine zipper protein AHBP-1b,AHBP1B_3,VvbZIP27,vv30011Jasmonate_signaling,vv60012BZIP
703,VIT_01s0010g01000,20,0.0097,NIK1 (NSP- interacting  kinase 1),,,,
704,VIT_06s0004g00940,20,0.0097,Carbamoyl-phosphate synthase  large subunit,E6_3_5_5,,vv10240Pyrimidine_metabolism,vv10251Glutamate_metabolism
705,VIT_08s0056g01500,20,0.0097,Unknown protein,,,,
706,VIT_08s0007g02260,20,0.0097,Carboxylic ester hydrolase,E3_1_1_1,,,
707,VIT_08s0007g08970,20,0.0097,Phosphate/phosphoenolpyruvate translocator,PPTLREL,,vv50122Porters_cat_7_to_17,
708,VIT_00s0612g00010,20,0.0096,Phospholipase/carboxylesterase,E3_1_1_1,,,
709,VIT_13s0106g00480,19,0.0092,NHL repeat-containing protein,,,,
710,VIT_17s0000g10160,19,0.0092,No hit,,,,
711,VIT_12s0034g02200,19,0.0092,RKF3 (receptor-like kinase IN in flowers 3),,,,
712,VIT_06s0004g01480,19,0.0092,Lipoxygenase LOX1,E1_13_11_12,,vv10592alpha-Linolenic_acid_metabolism,
713,VIT_10s0003g05320,19,0.0092,Tubulin beta-7 chain,K07375,,vv44145Phagosome,vv44810Regulation_of_actin_cytoskeleton
714,VIT_18s0001g07400,18,0.0088,Carbonic anhydrase  chloroplast precursor,E4_2_1_1,,vv10910Nitrogen_metabolism,vv50124Porters_cat_30_to_64
715,VIT_19s0090g00210,18,0.0087,DTW domain-containing protein,,,,
716,VIT_14s0083g01050,18,0.0087,SEPALLATA1,SEPALLATA1_2,,vv30009Flower_development,vv60042MADS
717,VIT_11s0016g02780,18,0.0087,Myb domain protein 68,MYB68_1,MYB154,vv60044MYB,
718,VIT_16s0022g01490<br>VIT_00s2215g00010<br>VIT_16s0022g01520,18,0.0087,
719,VIT_00s0477g00030,18,0.0087,MATE efflux family protein ripening responsive,MATE,,vv50125Porters_cat_66_to_94,
720,VIT_18s0001g11500,18,0.0087,CYP81E1,E1_14_13_89,,vv10943Isoflavonoid_biosynthesis,
721,VIT_11s0016g05530,18,0.0087,Plastocyanin domain-containing protein,K02638,,vv10195Photosynthesis,vv50113Thylakoid_targeting_pathway
722,VIT_06s0004g02700,18,0.0087,Unknown protein,,,,
723,VIT_10s0003g01880,18,0.0086,RKF1 (receptor-like kinase in flowers 1),,,,
724,VIT_02s0033g01380,18,0.0086,Alternative oxidase 1D,AOX1D,,vv30001ABA_signaling,
725,VIT_01s0026g01880,17,0.0083,Protein kinase APK1B,,,,
726,VIT_18s0075g01090,17,0.0082,Laccase,E1_10_3_2,,vv11000Single_reactions,vv50109Incompletely_characterized_transport_systems
727,VIT_02s0012g01320,17,0.0082,MYC jasmonic acid 3,MYC2_1,,vv30011Jasmonate_signaling,vv34626Plant-pathogen_interaction
728,VIT_13s0074g00710,17,0.0082,Unknown protein,,,,
729,VIT_14s0060g01440,16,0.0078,DNA helicase RECQI1,RECQI1,,vv50122Porters_cat_7_to_17,
730,VIT_12s0028g00710,16,0.0078,4-hydroxyphenylpyruvate dioxygenase,E1_13_11_27,,vv10350Tyrosine_metabolism,vv10360Phenylalanine_metabolism
731,VIT_05s0051g00880,16,0.0078,No hit,,,,
732,VIT_08s0007g03200,16,0.0077,RNA-binding region RNP-1,,,,
733,VIT_15s0024g00760,16,0.0077,No hit,,,,
734,VIT_19s0085g00800,16,0.0077,Anthocyanidin 3-O-glucosyltransferase,E2_4_1_115,,vv10942Anthocyanin_biosynthesis,
735,VIT_07s0104g01560,16,0.0077,Transcription termination factor mitochondrial mTERF,MTERF_32,,vv60085MTERF,
736,VIT_14s0030g02200,16,0.0077,BZIP transcription factor BZO2H1,BZO2H1,VvbZIP38,vv60012BZIP,
737,VIT_08s0007g07620,16,0.0077,Thioredoxin 2,,,,
738,VIT_10s0003g04890,16,0.0077,Mucin,K06568,,,
739,VIT_07s0005g04200,16,0.0077,No hit,,,,
740,VIT_07s0005g02070,16,0.0077,No hit,,,,
741,VIT_18s0001g12260,16,0.0077,Incomplete root hair elongation,IRE,,,
742,VIT_04s0044g01430,16,0.0077,Unknown protein,,,,
743,VIT_05s0049g00260,16,0.0077,2-oxoglutarate-dependent dioxygenase,,,,
744,VIT_07s0197g00160,15,0.0073,No hit,,,,
745,VIT_16s0039g01610,15,0.0073,V-type H+-transporting ATPase 54 kD subunit,K02144,,vv10190Oxidative_phosphorylation,vv44145Phagosome
746,VIT_06s0080g01020,15,0.0073,Secoisolariciresinol dehydrogenase,SIRD,,vv10940Phenylpropanoid_biosynthesis,
747,VIT_19s0014g01110,15,0.0073,Curculin (mannose-binding) lectin,,,,
748,VIT_13s0320g00030,15,0.0073,Unknown protein,,,,
749,VIT_16s0039g01780,15,0.0073,DNA replication complex GINS protein PSF2,,,,
750,VIT_07s0031g02960,15,0.0073,Permease nonimprinted in Prader-Willi/Angelman,NIPA,,vv50122Porters_cat_7_to_17,
751,VIT_04s0023g01850,15,0.0073,Hydrolase  alpha/beta fold,,,,
752,VIT_15s0046g01190,15,0.0072,Hydroquinone glucosyltransferase,E2_4_1_218,,vv10500Starch_and_sucrose_metabolism,
753,VIT_10s0003g00480,15,0.0072,Isoflavone methyltransferase/ Orcinol O-methyltransferase 1 oomt1,E2_1_1_46,,vv10943Isoflavonoid_biosynthesis,
754,VIT_14s0006g00520,15,0.0072,Glucan endo-1 3-beta-glucosidase 3 precursor,E3_2_1_39,,vv10500Starch_and_sucrose_metabolism,
755,VIT_18s0001g10850,15,0.0072,Patatin,,,,
756,VIT_00s0252g00110,14,0.0068,Carbonic anhydrase,E4_2_1_1,,vv10910Nitrogen_metabolism,vv50124Porters_cat_30_to_64
757,VIT_01s0011g03090,14,0.0068,Allene oxide cyclase,E5_3_99_6,,vv10592alpha-Linolenic_acid_metabolism,
758,VIT_04s0044g00050,14,0.0068,Protein kinase APK1B,,,,
759,VIT_09s0002g06380,14,0.0068,Polygalacturonase GH28,E3_2_1_15,,vv40006Cell_wall,
760,VIT_04s0023g00300,14,0.0067,Clavata2 receptor protein (CLV2),,,,
761,VIT_18s0041g02300,13,0.0063,ABC transporter A member 5,K05648,,vv52010ABC_transporters,
762,VIT_12s0057g01440,13,0.0063,Heavy-metal-associated domain-containing protein,,,,
763,VIT_00s0469g00040,13,0.0063,Cellulose synthase CSLE1,E2_4_1_12_CSLE1,,vv40006Cell_wall,
764,VIT_13s0019g01310,13,0.0063,DC1 domain-containing protein,,,,
765,VIT_19s0015g00730,13,0.0063,Cellulose synthase CSLE1,E2_4_1_12_CSLE1,,vv40006Cell_wall,
766,VIT_18s0001g11480,13,0.0063,CYP82C4,,,,
767,VIT_01s0010g02450,13,0.0063,B12D,,,,
768,VIT_08s0007g06510,13,0.0063,Protein phosphatase 2C,E3_1_3_16,,,
769,VIT_02s0025g04200,13,0.0063,Unknown,,,,
770,VIT_08s0007g07730,13,0.0063,CYP93A1 2-hydroxyisoflavanone synthase,E1_14_13_86,,vv10943Isoflavonoid_biosynthesis,
771,VIT_06s0061g00830,12,0.0058,PHD finger transcription factor,PHDFG_29,,vv60048PHD,
772,VIT_15s0021g01060,12,0.0058,CYP72A1,K13400,,vv10902Monoterpenoid_biosynthesis,
773,VIT_12s0028g03310,12,0.0058,Protein phosphatase 2C,E3_1_3_16,,,
774,VIT_08s0058g00970,12,0.0058,Cationic peroxidase,E1_11_1_7,,vv10360Phenylalanine_metabolism,vv10680Methane_metabolism
775,VIT_02s0012g00400,12,0.0058,1-aminocyclopropane-1-carboxylate oxidase,E1_14_17_4,,vv10640Propanoate_metabolism,vv30008Ethylene_signaling
776,VIT_05s0029g00170,12,0.0058,Small ubiquitin modifier 2 (SUMO),K12160,,vv23013RNA_transport,vv50112Nuclear_pore_complex
777,VIT_08s0058g00990,12,0.0058,Peroxidase,E1_11_1_7,,vv10360Phenylalanine_metabolism,vv10680Methane_metabolism
778,VIT_10s0003g00150,12,0.0058,NSL1 (necrotic spotted lesions 1),,,,
779,VIT_01s0010g01090,12,0.0058,Peroxidase ATP23a,E1_11_1_7,,vv10360Phenylalanine_metabolism,vv10680Methane_metabolism
780,VIT_00s0181g00140,12,0.0058,Riboflavin kinase,E2_7_1_26,,vv10740Riboflavin_metabolism,
781,VIT_06s0004g02720,12,0.0058,Pleckstriny (PH) domain-containing protein,,,,
782,VIT_00s0483g00010,12,0.0058,Nucleobase-ascorbate transporter 11 (NAT11),NAT11,,vv50124Porters_cat_30_to_64,
783,VIT_01s0150g00180,12,0.0058,Exostosin,K02366,,vv11030Glycan_structures-biosynthesis1,
784,VIT_11s0118g00570,12,0.0058,Tristeza Virus Resistance Gene (Ctv),,,,
785,VIT_07s0141g00370,11,0.0053,No hit,,,,
786,VIT_13s0019g02210,10,0.0049,Sterol 4-alpha-methyl-oxidase 1 (SMO1),E1_14_13_72,,vv10100Biosynthesis_of_steroids,
787,VIT_10s0597g00020,10,0.0049,UBA; HSC20  C-terminal oligomerisation,,,,
788,VIT_18s0001g15700,10,0.0048,GLTP3 (glycolipid transfer protein 3),GLTP3,,,
789,VIT_09s0096g00800,10,0.0048,Receptor kinase,,,,
790,VIT_09s0002g06830,10,0.0048,Curculin (mannose-binding) lectin,,,,
791,VIT_19s0085g00170,10,0.0048,Unknown protein,,,,
792,VIT_09s0018g01400,9,0.0044,DNA repair protein RAD23,K10839,,vv23420Nucleotide_excision_repair,vv24141Protein_processing_in_endoplasmic_reticulum
793,VIT_16s0013g01110,9,0.0044,Ethylene-responsive transcription factor 5,ERF5_3,VvERF090,vv30008Ethylene_signaling,vv60003AP2_EREBP
794,VIT_09s0002g01550,9,0.0044,Lecithine cholesterol acyltransferase,E2_3_1_43,,vv10564Glycerophospholipid_metabolism,
795,VIT_07s0005g01360,9,0.0044,Zinc finger (C3HC4-type ring finger),ZFC3HC4_185,,vv60078Other_zf-C3HC4,
796,VIT_12s0059g01460,9,0.0044,Ethylene-responsive element-binding factor 3,ERF3_3,VvERF066,vv30008Ethylene_signaling,vv60003AP2_EREBP
797,VIT_06s0004g01740,9,0.0044,Basic helix-loop-helix (bHLH) family,BHLHDOM_27,,vv60011BHLH,
798,VIT_08s0007g02850,9,0.0044,F-box family protein,,,,
799,VIT_09s0002g04660,9,0.0044,Unknown,,,,
800,VIT_03s0038g01510,9,0.0044,Unknown protein,,,,
801,VIT_19s0014g04280,9,0.0044,S-locus protein kinase,,,,
802,VIT_13s0067g02630,9,0.0044,No hit,,,,
803,VIT_04s0008g01980,9,0.0044,MADS-box agamous-like 30,AGL30_2,,vv60042MADS,
804,VIT_19s0090g00630,9,0.0044,Tetraacyldisaccharide 4'-kinase,E2_7_1_130,,vv10540Lipopolysaccharide_biosynthesis,
805,VIT_19s0014g02850,9,0.0044,Dynein light subunit lc6  flagellar outer arm,K10418,,vv44810Regulation_of_actin_cytoskeleton,
806,VIT_19s0015g01110,9,0.0044,Tetraspanning membrane protein  SFT2,SFT2,,vv50109Incompletely_characterized_transport_systems,
807,VIT_18s0001g12760,9,0.0044,Proteasome 20S alpha subunit F2 (PAF2) (PRC2B) (PRS1),K02725a,,vv23050Proteasome,
808,VIT_09s0002g06400,9,0.0044,No hit,,,,
809,VIT_19s0014g04150,9,0.0043,S-receptor protein kinase,,,,
810,VIT_00s0253g00150,9,0.0043,Methyl jasmonate esterase,MEJAE,,vv10592alpha-Linolenic_acid_metabolism,
811,VIT_05s0020g04610,9,0.0043,SYM10 protein,,,,
812,VIT_04s0023g00080,9,0.0043,CYP97B,,,,
813,VIT_07s0005g06640,9,0.0043,SEC14 cytosolic factor,SEC14,,vv50122Porters_cat_7_to_17,
814,VIT_14s0060g01560,9,0.0043,PHD finger transcription factor,PHDFG_28,,vv60048PHD,
815,VIT_01s0010g03690,9,0.0043,Splicing factor YT521-B,,,,
816,VIT_00s0258g00090<br>VIT_16s0148g00330<br>VIT_00s2254g00010<br>VIT_16s0148g00380,9,0.0043,
817,VIT_18s0041g00690,9,0.0043,Basic helix-loop-helix (bHLH) family,BHLHDOM_41,,vv60011BHLH,
818,VIT_06s0009g02060,8,0.0039,Molybdopterin biosynthesis MoaE CNX6,K03635,,vv10790Folate_biosynthesis,
819,VIT_05s0020g00390,7,0.0034,Unknown protein,,,,
820,VIT_03s0038g00660,7,0.0034,Unknown protein,,,,
821,VIT_06s0004g05120,7,0.0034,ARR1 typeB,ARR1_3,,vv30007Cytokinin_signaling,vv60006ARR-B
822,VIT_00s0203g00190,7,0.0034,Nitric oxide synthase interacting protein,K13125,,,
823,VIT_07s0104g00300,7,0.0034,Hemolysin,K06442,,vv50109Incompletely_characterized_transport_systems,
824,VIT_13s0067g03750,7,0.0034,Stigma/style ABC transporter WBC19,WBC19,,vv52010ABC_transporters,
825,VIT_13s0019g02680,7,0.0034,Unknown,,,,
826,VIT_04s0023g01250,7,0.0034,Brassinosteroid Signaling positive regulator (BZR1),BZR1_1,,vv30005Brassinosteroids_signaling,vv60010BES1
827,VIT_00s0179g00260,7,0.0034,Calcium-transporting ATPase 12 ACA12,K01537,,vv34020Calcium_signaling_pathway,vv50131Primary_active_transporter_cat_A2_to_A4
828,VIT_08s0040g02170,7,0.0034,MLO6 (mildew resistance locus O 6),K08472,,,
829,VIT_17s0000g09790,6,0.0029,BT1 (BTB and TAZ domain protein 1),BT1,,vv60060TAZ,
830,VIT_12s0059g01130,6,0.0029,CERK1 (chitin elicitor receptor kinase 1),K13429,,vv34626Plant-pathogen_interaction,
831,VIT_18s0001g09060,6,0.0029,Unknown protein,,,,
832,VIT_00s1339g00010,6,0.0029,Ribonuclease II,K01149,,,
833,VIT_14s0030g00340,6,0.0029,Sugar transporter ERD6-like 8,ERD6L8,,vv50121Porters_cat_1_to_6,
834,VIT_08s0007g06000,6,0.0029,Glucan endo-1 3-beta-glucosidase GII precursor,E3_2_1_39,,vv10500Starch_and_sucrose_metabolism,
835,VIT_00s0475g00040,6,0.0029,Myb family,MYBGE_5,,vv60029G2-like,
836,VIT_18s0001g14700,6,0.0029,Unknown,,,,
837,VIT_12s0142g00050,6,0.0029,PUMILIO 7 (APUM7),,,,
838,VIT_10s0003g01390,6,0.0029,Cupin  RmlC-type,,,,
839,VIT_07s0005g02130,6,0.0029,TolB protein-related,K03641,,vv50125Porters_cat_66_to_94,
840,VIT_18s0001g08660,6,0.0029,Unknown,,,,
841,VIT_03s0088g01170,6,0.0029,Proline iminopeptidase,E3_4_11_5,,vv10330Arginine_and_proline_metabolism,
842,VIT_11s0016g03190,6,0.0029,Unknown,,,,
843,VIT_08s0058g00370,6,0.0029,Unknown protein,,,,
844,VIT_00s0286g00010,6,0.0029,ARK3 (Arabidopsis Receptor Kinase 3),,,,
845,VIT_08s0040g00990,6,0.0029,Transcription elongation factor S-II,K03145,,vv23022Basal_transcription_factors,
846,VIT_18s0041g02240,6,0.0029,ATATH7 (ABC2 homolog7),ATH7,,vv52010ABC_transporters,
847,VIT_03s0063g01780,6,0.0029,Extra-large G-protein (XLG1),,,,
848,VIT_03s0017g02110,6,0.0029,Anthocyanidin 3-O-glucosyltransferase,E2_4_1_115,,vv10942Anthocyanin_biosynthesis,
849,VIT_04s0008g05390,6,0.0029,Carboxyesterase17 CXE17,E3_1_1_1,,,
850,VIT_19s0176g00040,6,0.0029,Ternary complex factor MIP1,,,,
851,VIT_11s0016g04360,6,0.0029,Glycosyl hydrolase family 17 protein,,,,
852,VIT_06s0004g06880,6,0.0029,Ran-binding protein 1 RanBP1,RANBP1,,vv50109Incompletely_characterized_transport_systems,
853,VIT_10s0003g04050,6,0.0029,Unknown protein,,,,
854,VIT_05s0094g00520,6,0.0029,Unknown protein,,,,
855,VIT_10s0003g00140,6,0.0029,Ethylene-responsive transcription factor 9,ERF9_2,VvERF064,vv30008Ethylene_signaling,vv60003AP2_EREBP
856,VIT_18s0122g01290,6,0.0029,RWP-RK domain-containing protein,RWPRKDOM_4,,vv60052RWP-RK,
857,VIT_04s0210g00030,6,0.0029,Strictosidine synthase,E4_3_3_2,,vv10900Terpenoid_biosynthesis,vv10902Monoterpenoid_biosynthesis
858,VIT_10s0116g00030,6,0.0029,Pentatricopeptide (PPR) repeat membrane-associated salt-inducible protein,,,,
859,VIT_04s0044g00870,6,0.0029,U-box domain containing protein,,,,
860,VIT_18s0117g00300,6,0.0029,Coatomer protein complex  subunit beta 2,COPB2,,vv50110Protein_coat,
861,VIT_07s0005g00660,6,0.0029,Late embryogenis abundant protein 5,,,,
862,VIT_19s0027g00910,6,0.0029,NAC domain-containing protein 42,NAC042_6,VvNAC28,vv60046NAC,
863,VIT_13s0156g00080,6,0.0029,Lactose permease,LACTPERM,,vv50121Porters_cat_1_to_6,
864,VIT_13s0074g00330,4,0.0020,No hit,,,,
865,VIT_14s0068g01770,4,0.0019,WRKY DNA-binding protein 75,WRKY75_2,VvWRKY43,vv60066WRKY,
866,VIT_18s0041g01830,4,0.0019,Glyoxylate reductase,E1_1_1_26,,vv10630Glyoxylate_and_dicarboxylate_metabolism,
867,VIT_11s0149g00200,4,0.0019,Unknown protein,,,,
868,VIT_07s0005g04190,4,0.0019,Histone-lysine N-methyltransferase SUVR4,E2_1_1_43SUVR4_1,,vv10300Lysine_biosynthesis,vv60056SET_PCG
869,VIT_06s0061g00970,4,0.0019,Prolylcarboxypeptidase,E3_4_16_2,,,
870,VIT_04s0008g04290,4,0.0019,Transcription elongation factor S-II,K03145,,vv23022Basal_transcription_factors,
871,VIT_05s0094g00200,4,0.0019,Chitinase class IV,E3_2_1_14,,vv10530Aminosugars_metabolism,
872,VIT_02s0025g02290<br>VIT_02s0025g02280<br>VIT_02s0025g02300,3,0.0015,
873,VIT_08s0007g08980,3,0.0015,Unknown,,,,
874,VIT_17s0000g01850,3,0.0015,PDE312/PTAC10 (pigment defective 312),PTAC10,,,
875,VIT_01s0010g00340,3,0.0015,EDA18 (embryo sac development arrest 18),,,,
876,VIT_10s0003g00660,3,0.0015,Assembly factor 1 for F1 component of mitochondrial ATP synthase,,,,
877,VIT_05s0102g01100,3,0.0015,R protein  PRF  disease resistance protein,K13453,,vv34627R_proteins_from_Plant-pathogen_interaction,
878,VIT_01s0011g03240,3,0.0015,PGPS/D12,,,,
879,VIT_10s0042g00770,3,0.0015,Leucine-rich repeat receptor-like protein kinase 1,,,,
880,VIT_14s0108g00080,3,0.0015,V-type H+-transporting ATPase subunit AC39,K02146,,vv10190Oxidative_phosphorylation,vv44145Phagosome
881,VIT_14s0068g01490,3,0.0015,NAC domain-containing protein 83,NAC083_2,VvNAC73,vv60046NAC,
882,VIT_08s0007g02760,3,0.0015,IAA-amino acid hydrolase 1 (ILR1),K01463,,vv11002Auxin_biosynthesis,
883,VIT_05s0020g01900,3,0.0015,No hit,,,,
884,VIT_00s0199g00060,3,0.0015,Pleckstriny (PH) domain-containing protein,RHOGAP,,vv50109Incompletely_characterized_transport_systems,
885,VIT_01s0011g04190,3,0.0015,Unknown,,,,
886,VIT_13s0019g02100,3,0.0015,No hit,,,,
887,VIT_07s0005g03230,3,0.0015,Transcription factor TSRF1,ERF1_4,VvERF099,vv30008Ethylene_signaling,vv30011Jasmonate_signaling
888,VIT_07s0005g00950,3,0.0015,Carrier protein  Mitochondrial,K03454,,vv44146Peroxisome,vv50123Porters_cat_18_to_29
889,VIT_00s0471g00050,3,0.0015,ACT domain repeat 1 (ACR1) uridylyltransferase,,,,
890,VIT_05s0094g00050,3,0.0015,Unknown protein,,,,
891,VIT_11s0016g04590,3,0.0015,ABC transporter g family pleiotropic drug resistance 12 PDR12,ABCGPDR12,,vv52010ABC_transporters,
892,VIT_04s0023g03890,3,0.0015,Atfp6,,,,
893,VIT_08s0007g08410,3,0.0015,4 5-DOPA dioxygenase extradiol,DODA,,vv10350Tyrosine_metabolism,
894,VIT_05s0020g04460,3,0.0015,ADP-ribosylation factor C1,ARFC1,,,
895,VIT_18s0001g14280,3,0.0015,ER lumen protein retaining receptor,,,,
896,VIT_05s0020g00420,3,0.0015,Polygalacturonase GH28,E3_2_1_15,,vv40006Cell_wall,
897,VIT_09s0002g03420,3,0.0015,Cytochrome b5 domain-containing protein,,,,
898,VIT_16s0100g00010,3,0.0015,Carboxyesterase 20 CXE20,E3_1_1_1,,,
899,VIT_08s0007g05800,3,0.0015,Patatin,,,,
900,VIT_09s0070g00160,3,0.0015,CBL-interacting protein kinase 6 (CIPK6),CIPK6,,,
901,VIT_17s0000g04140,3,0.0015,Unknown protein,,,,
902,VIT_03s0038g02760,3,0.0015,V-type H+-transporting ATPase subunit B,K02147,,vv10190Oxidative_phosphorylation,vv44145Phagosome
903,VIT_06s0004g04810,3,0.0015,Protein kinase APK1A,,,,
904,VIT_09s0002g06980,3,0.0015,Chloroplast post-illumination chlorophyll fluorescence increase protein,,,,
905,VIT_18s0072g00270,3,0.0015,Unknown,,,,
906,VIT_08s0007g01720,3,0.0015,Reticulon family protein (RTNLB12),,,,
907,VIT_04s0023g00920,3,0.0014,DCL2 (DICER 2),DCL2,,,
908,VIT_07s0197g00080,3,0.0014,SNF1 protein kinase 2-3 AKIP OST1,SNRK21,,vv30001ABA_signaling,
909,VIT_07s0104g01570,3,0.0014,Metal tolerance protein C1 (AtMTPc1),MTPC1,,vv50121Porters_cat_1_to_6,
910,VIT_19s0014g01180,3,0.0014,Pathogenesis-related,,,,
911,VIT_06s0004g05670,3,0.0014,Glutathione S-transferase 25 GSTU7,E2_5_1_18_GSTU7,,vv10480Glutathione_metabolism,
912,VIT_08s0058g01250,3,0.0014,Unknown protein,,,,
913,VIT_04s0008g06580,3,0.0014,DNA-directed RNA polymerase II subunit B,K03010,,vv23020RNA_polymerase,
914,VIT_00s1847g00010,3,0.0014,Adenine phosphoribosyltransferase,E2_4_2_7,,vv10230Purine_metabolism,
915,VIT_08s0058g00790,3,0.0014,Secoisolariciresinol dehydrogenase,SIRD,,vv10940Phenylpropanoid_biosynthesis,
916,VIT_17s0000g06360,3,0.0014,Alpha-expansin 3,EXPA3,,vv30003Auxin_signaling,
917,VIT_11s0016g02420,3,0.0014,UDP-N-acetylglucosamine O-acyltransferase protein,E2_3_1_129,,vv10540Lipopolysaccharide_biosynthesis,
918,VIT_08s0058g00500,3,0.0014,Breast cancer susceptibility protein 2b,K08775,,vv23440Homologous_recombination,
919,VIT_13s0139g00340,3,0.0014,R protein MLA10,K13475,,vv34627R_proteins_from_Plant-pathogen_interaction,
920,VIT_05s0020g02950,3,0.0014,Deoxyribose-phosphate aldolase 2,E4_1_2_4,,vv10030Pentose_phosphate,
921,VIT_08s0007g06690,3,0.0014,Growth-regulating factor related,GRFREL_2,,vv60033GRF,
922,VIT_17s0000g00080,3,0.0014,Pentatricopeptide (PPR) repeat-containing protein,,,,
923,VIT_07s0129g00520,3,0.0014,Protein phosphatase 2C,E3_1_3_16,,,
924,VIT_04s0008g02530,3,0.0014,ATP binding protein,,,,
925,VIT_04s0023g00030,3,0.0014,CHR4/MI-2-like (chromatin remodeling 4),CHR4_1,,vv60048PHD,
926,VIT_05s0077g01820,3,0.0014,Protein phosphatase 2C,E3_1_3_16,,,
927,VIT_02s0025g05100,3,0.0014,AT-hook DNA-binding protein,,,,
928,VIT_01s0011g05340,3,0.0014,Unknown protein,,,,
929,VIT_10s0092g00520,3,0.0014,Leucine-rich repeat family,,,,
930,VIT_05s0077g00660,3,0.0014,Pectinesterase inhibitor,PMEI,,vv40006Cell_wall,
931,VIT_04s0023g02950,3,0.0014,Zinc finger (CCCH-type) family protein,CCCHFAM_21,,vv60018C3H,
932,VIT_17s0000g06190,3,0.0014,Myb domain protein 94,MYB94_2,MYB30A,vv60044MYB,
933,VIT_00s0184g00050,3,0.0014,B-cell receptor-associated protein 31,,,,
934,VIT_13s0084g00670,3,0.0014,Unknown protein,,,,
935,VIT_19s0014g04060,3,0.0014,ARK3 (Arabidopsis Receptor Kinase 3),,,,
936,VIT_04s0023g00910,3,0.0014,No hit,,,,
937,VIT_12s0028g01650,3,0.0014,S-receptor kinase,,,,
938,VIT_11s0065g00930,3,0.0014,Cyclic nucleotide-gated ion channel 17,K05391_CNGC17,,vv34626Plant-pathogen_interaction,vv50101Channels_and_pores
939,VIT_14s0006g02070,3,0.0014,Unknown,,,,
940,VIT_04s0008g06540,3,0.0014,Translation initiation factor eIF-5A,K03263,,,
941,VIT_05s0049g01860,3,0.0014,Receptor-like protein kinase,,,,
942,VIT_10s0003g01550,3,0.0014,IMK2 (inflorescence meristem receptor-like kinase 2),,,,
943,VIT_03s0017g00480,3,0.0014,Calcineurin phosphoesterase,,,,
