Vv_m2,2000,1000,VIT_10s0042g00840,,,,,
rank,node,Fabs,Frel,Functional-annotation,Name-EC-KeggID,Updated-name,Network1,Network2
1,VIT_16s0100g00960,2069,1,Stilbene synthase [Vitis pseudoreticulata],E2_3_1_95,,vv10940Phenylpropanoid_biosynthesis,
2,VIT_16s0100g00880,2058,1,Stilbene synthase [Vitis pseudoreticulata],E2_3_1_95,,vv10940Phenylpropanoid_biosynthesis,
3,VIT_10s0042g00930<br>VIT_10s0042g00890<br>VIT_10s0042g00870<br>VIT_10s0042g00860<br>VIT_10s0042g00920,2064,1,,,,,
4,VIT_16s0100g00760,2062,1,Stilbene synthase 2 [Vitis sp. cv. 'Norton'],E2_3_1_95,,vv10940Phenylpropanoid_biosynthesis,
5,VIT_10s0042g00850,2069,1,Stilbene synthase [Vitis pseudoreticulata],E2_3_1_95,,vv10940Phenylpropanoid_biosynthesis,
6,VIT_04s0008g00110,2054,0.9918,Jasmonate ZIM domain-containing protein 8,JAZ8_3,,vv30011Jasmonate_signaling,vv60069ZIM
7,VIT_16s0100g01160,2032,0.9893,Stilbene synthase [Vitis vinifera],E2_3_1_95,,vv10940Phenylpropanoid_biosynthesis,
8,VIT_09s0002g05600,2025,0.983,ABC transporter g family pleiotropic drug resistance 12 PDR12,ABCGPDR12,,vv52010ABC_transporters,
9,VIT_08s0007g02360,2022,0.9806,Harpin inducing protein 1-like 9,,,,
10,VIT_10s0042g00910,1992,0.9675,Stilbene synthase [Vitis pseudoreticulata],E2_3_1_95,,vv10940Phenylpropanoid_biosynthesis,
11,VIT_09s0002g05360<br>VIT_09s0002g05400<br>VIT_09s0002g05490<br>VIT_09s0002g05590,1980,0.9584,,,,,
12,VIT_16s0100g00860<br>VIT_16s0100g00940<br>VIT_16s0100g00800<br>VIT_16s0100g00920<br>VIT_16s0100g00930<br>VIT_16s0100g00810<br>VIT_16s0100g00840<br>VIT_16s0100g00850,1968,0.9567,,,,,
13,VIT_17s0119g00070,1973,0.9564,Unknown protein,,,,
14,VIT_08s0058g00690,2005,0.9543,WRKY DNA-binding protein 33,WRKY33_3,VvWRKY24,vv34626Plant-pathogen_interaction,vv60066WRKY
15,VIT_12s0035g02210,1957,0.9509,Unknown protein,,,,
16,VIT_16s0100g01150,1970,0.9489,Stilbene synthase [Vitis vinifera],E2_3_1_95,,vv10940Phenylpropanoid_biosynthesis,
17,VIT_16s0100g01060,1920,0.9316,Stilbene synthase,E2_3_1_95,,vv10940Phenylpropanoid_biosynthesis,
18,VIT_09s0002g05370,1932,0.9297,ABC transporter g family pleiotropic drug resistance 12 PDR12,ABCGPDR12,,vv52010ABC_transporters,
19,VIT_18s0001g15150,1881,0.9074,Unknown protein,,,,
20,VIT_03s0017g00650,1892,0.9048,GTP cyclohydrolase II,E3_5_4_25,,vv10740Riboflavin_metabolism,
21,VIT_18s0001g05760,1867,0.9046,No hit,,,,
22,VIT_15s0048g02070,1852,0.8999,BON2-associated protein (BAP2),,,,
23,VIT_04s0008g01040,1841,0.8902,Lysine decarboxylase,E4_1_1_18,,vv10300Lysine_biosynthesis,
24,VIT_00s0254g00040,1831,0.885,Heat shock cognate 70 kDa protein 3 (HSC70-3) (HSP70-3),HSC703,,vv23040Spliceosome,vv24141Protein_processing_in_endoplasmic_reticulum
25,VIT_18s0001g11230,1812,0.8788,OSB1 (organellar single-stranded),,,,
26,VIT_18s0001g08170,1785,0.8627,Inorganic pyrophosphatase,K01507,,vv10190Oxidative_phosphorylation,vv50133Primary_active_transporter_cat_A9_to_A18
27,VIT_12s0057g00420,1779,0.8623,Auxin-responsive protein AIR12,AIR12,,vv30003Auxin_signaling,
28,VIT_02s0234g00130,1764,0.8509,Ethylene responsive element binding factor 1,ERF1_9,VvERF076,vv30008Ethylene_signaling,vv30011Jasmonate_signaling
29,VIT_03s0017g01410,1757,0.85,No hit,,,,
30,VIT_17s0000g08210,1761,0.8426,Zinc finger (C3HC4-type ring finger),ZFC3HC4_103,,vv60078Other_zf-C3HC4,
31,VIT_13s0064g00050,1713,0.8283,Glutamine-fructose-6-phosphate transaminase 2,E2_6_1_16,,vv10251Glutamate_metabolism,vv10530Aminosugars_metabolism
32,VIT_16s0100g00830<br>VIT_16s0100g01120<br>VIT_16s0100g00780<br>VIT_16s0100g00910,1705,0.8265,,,,,
33,VIT_16s0100g01100,1704,0.826,Stilbene synthase,E2_3_1_95,,vv10940Phenylpropanoid_biosynthesis,
34,VIT_07s0031g01090,1713,0.8255,Ascorbate oxidase,E1_10_3_3,,vv10053Ascorbate_and_aldarate_metabolism,vv50109Incompletely_characterized_transport_systems
35,VIT_09s0002g05380,1692,0.8202,ABC transporter g family pleiotropic drug resistance 12 PDR12,ABCGPDR12,,vv52010ABC_transporters,
36,VIT_12s0057g01090,1704,0.8188,Nudix hydrolase 2,,,,
37,VIT_05s0020g03690<br>VIT_05s0020g03710,1688,0.8131,,,,,
38,VIT_13s0067g02630,1668,0.8125,No hit,,,,
39,VIT_04s0008g01470,1652,0.8012,WRKY DNA-binding protein 50,WRKY50,VvWRKY06,vv60066WRKY,
40,VIT_16s0039g01240<br>VIT_16s0039g01360<br>VIT_16s0039g01130<br>VIT_16s0039g01100<br>VIT_00s2508g00010<br>VITisv_032212<br>VIT_16s0039g01120<br>VIT_16s0039g01320<br>VIT_00s2849g00010<br>VIT_16s0039g01300<br>VIT_16s0039g01170<br>VIT_16s0039g01280,1653,0.7932,,,,,
41,VIT_06s0004g01990,1634,0.7905,No hit,,,,
42,VIT_00s0233g00170,1623,0.7867,flavin-containing monooxygenase 3,E1_14_13_8,,vv11000Single_reactions,
43,VIT_05s0077g01570,1614,0.7797,Pathogenesis protein 10 [Vitis vinifera],,,,
44,VIT_16s0100g01010<br>VIT_16s0100g00950<br>VIT_16s0100g01030<br>VIT_16s0100g00990,1620,0.7781,,,,,
45,VIT_09s0054g00910,1593,0.7763,Chaperone BCS1 mitochondrial,K08900,,,
46,VIT_01s0011g00530,1585,0.7698,Ureide permease 2 (AtUPS2),UPS2,,vv50122Porters_cat_7_to_17,
47,VIT_02s0109g00430,1596,0.7673,Nitrilase 4 (NIT4),K13035,,vv10910Nitrogen_metabolism,
48,VIT_04s0044g00230,1587,0.7656,Monooxygenase (MO2),,,,
49,VIT_07s0141g00390,1577,0.7644,Glutathione reductase (NADPH),E1_8_1_7,,vv10251Glutamate_metabolism,vv10480Glutathione_metabolism
50,VIT_01s0010g03080,1574,0.7575,Unknown,,,,
51,VIT_10s0003g03790,1558,0.757,Jasmonate ZIM domain-containing protein 8,JAZ8_2,,vv30011Jasmonate_signaling,vv60069ZIM
52,VIT_14s0036g00930,1567,0.7566,Polyubiquitin (UBQ4),,,,
53,VIT_19s0014g01110,1549,0.7527,Curculin (mannose-binding) lectin,,,,
54,VIT_00s0480g00030,1548,0.7457,Polyphenol oxidase,E1_10_3_1,,vv10350Tyrosine_metabolism,vv50109Incompletely_characterized_transport_systems
55,VIT_05s0049g01010,1548,0.7457,Myb domain protein 14,MYB14_4,MYB13,vv60044MYB,
56,VIT_06s0004g00020,1529,0.7376,NAC domain containing protein 32,NAC032,VvNAC44,vv60046NAC,
57,VIT_05s0077g01590,1505,0.7288,Major allergen Mal d 1,,,,
58,VIT_13s0156g00570,1518,0.7284,S-receptor kinase,,,,
59,VIT_19s0015g00300,1504,0.7283,KCO1 (two pore K channel),K05389_KCO1,,vv50101Channels_and_pores,
60,VIT_01s0011g03830,1498,0.7268,Metallo-beta-lactamase,E3_5_2_6,,vv10311Penicillin_and_cephalosporin_biosynthesis,
61,VIT_00s0301g00090,1500,0.725,NDA2 (alternative NAD(P)H dehydrogenase 2),K03885,,vv10190Oxidative_phosphorylation,vv50134Primary_active_transporter_cat_D1
62,VIT_13s0019g01440,1493,0.7223,No hit,,,,
63,VIT_07s0005g03220,1486,0.7214,Ethylene-responsive transcription factor ERF098,ERF098_1,VvERF098,vv30008Ethylene_signaling,vv60003AP2_EREBP
64,VIT_16s0100g00750,1492,0.7183,Stilbene synthase,E2_3_1_95,,vv10940Phenylpropanoid_biosynthesis,
65,VIT_10s0116g01200,1475,0.7164,WRKY DNA-binding protein 6,WRKY6_1,VvWRKY29,vv60066WRKY,
66,VIT_13s0019g04870,1467,0.7132,Unknown protein,,,,
67,VIT_00s0211g00050,1460,0.706,Protein BRICK1 (AtBRK1),K05752,,vv44810Regulation_of_actin_cytoskeleton,
68,VIT_16s0100g01000,1446,0.7016,Stilbene synthase 4,E2_3_1_95,,vv10940Phenylpropanoid_biosynthesis,
69,VIT_16s0100g01130,1440,0.6994,Stilbene synthase [Vitis vinifera],E2_3_1_95,,vv10940Phenylpropanoid_biosynthesis,
70,VIT_07s0104g01160,1444,0.6949,Substrate carrier   Mitochondrial,K03454,,vv50123Porters_cat_18_to_29,
71,VIT_19s0015g02610,1435,0.6932,Glutathione S-transferase 25 GSTU25,E2_5_1_18_GSTU25,,vv10480Glutathione_metabolism,
72,VIT_14s0036g00990,1427,0.6917,Polyubiquitin (UBQ4),,,,
73,VIT_06s0004g02010,1426,0.6892,No hit,,,,
74,VIT_07s0031g02520,1408,0.6828,Unknown protein,,,,
75,VIT_10s0003g05430,1407,0.6817,Reticuline oxidase precursor,E1_21_3_3,,vv10950Alkaloid_biosynthesis_I,
76,VIT_16s0100g01200<br>VIT_16s0100g01070,1402,0.6793,,,,,
77,VIT_02s0033g01380,1408,0.6776,Alternative oxidase 1D,AOX1D,,vv30001ABA_signaling,
78,VIT_16s0100g01040,1383,0.671,Stilbene synthase - grape,E2_3_1_95,,vv10940Phenylpropanoid_biosynthesis,
79,VIT_18s0001g04640,1382,0.6686,No hit,,,,
80,VIT_05s0077g01550,1381,0.6684,Pathogenesis protein 10.3 [Vitis quinquangularis],,,,
81,VIT_18s0001g10100,1360,0.6592,Ubiquitin-conjugating enzyme E2 I,K10577,,vv23013RNA_transport,vv24120Ubiquitin_mediated_proteolysis
82,VIT_01s0011g00380,1353,0.6533,SP1L1 (SPIRAL1-like1),,,,
83,VIT_03s0038g03530,1338,0.6489,LYS/HIS transporter 7,LHT7,,vv50123Porters_cat_18_to_29,
84,VIT_14s0060g02320,1323,0.6413,Respiratory burst oxidase protein B (ATRBOHB),RBOHB,,vv34626Plant-pathogen_interaction,vv50105Transport_electron_carriers
85,VIT_09s0002g00890,1319,0.6394,Jasmonate ZIM-domain protein 1,JAZ1_2,,vv30011Jasmonate_signaling,vv60069ZIM
86,VIT_03s0091g00530,1317,0.639,N-acetyltransferase ESCO2,,,,
87,VIT_01s0010g00540,1311,0.6364,BIM2 (BES1-interacting Myc-like protein 2,BIM2_2,,vv30005Brassinosteroids_signaling,vv60011BHLH
88,VIT_00s1463g00010,1300,0.6329,Protease Do-like 5,,,,
89,VIT_05s0077g01660,1307,0.6302,Major allergen protein homolog,,,,
90,VIT_10s0405g00020,1293,0.6292,Mo25,K08272,,vv34150mTOR_signaling_pathway,
91,VIT_02s0025g03300,1306,0.6276,Potassium channel tetramerisation domain-containing protein,KCTREL,,vv50101Channels_and_pores,
92,VIT_09s0002g04720,1295,0.6262,Coatomer protein complex  subunit beta 2,COPB2,,vv50110Protein_coat,
93,VIT_10s0116g01820,1245,0.6012,Unknown protein,,,,
94,VIT_09s0002g05440,1235,0.5972,ABC transporter g family pleiotropic drug resistance 12 PDR12,ABCGPDR12,,vv52010ABC_transporters,
95,VIT_19s0014g05180,1220,0.5931,RPS2 (resistant to p. syringae 2),K13459,,vv34626Plant-pathogen_interaction,
96,VIT_11s0016g01610,1202,0.581,Unknown,,,,
97,VIT_07s0031g01660,1190,0.5794,CYP86A2,,,,
98,VIT_15s0021g01640,1194,0.5757,Unknown protein,,,,
99,VIT_09s0018g01660,1188,0.5739,Biopterin transport-related protein BT1,BIOPTERIN,,vv50125Porters_cat_66_to_94,
100,VIT_11s0016g03710,1180,0.5689,Abl interactor protein 1 (ABIL1),,,,
101,VIT_19s0014g01850,1179,0.5685,Zinc finger (C3HC4-type ring finger),ZFC3HC4_158,,vv60078Other_zf-C3HC4,
102,VIT_17s0000g06860,1169,0.5667,SNAP25ous protein SNAP30,K08509,,vv24130SNARE_interactions_in_vesicular_transport,
103,VIT_08s0032g00690,1151,0.5598,R R)-butanediol dehydrogenase,E1_1_1_4,,vv10650Butanoate_metabolism,
104,VIT_19s0135g00010,1144,0.5532,Ureide permease 2 (AtUPS2),UPS2,,vv50122Porters_cat_7_to_17,
105,VIT_06s0004g01030,1143,0.5506,Dirigent protein,,,,
106,VIT_06s0004g01010,1102,0.5357,Dirigent protein pDIR9,,,,
107,VIT_11s0065g00350,1101,0.5311,Trans-cinnamate 4-monooxygenase,E1_14_13_11,,vv10360Phenylalanine_metabolism,vv10940Phenylpropanoid_biosynthesis
108,VIT_04s0044g00220,1084,0.5278,Monooxygenase,,,,
109,VIT_05s0077g01600,1094,0.5275,Pathogenesis protein 10 [Vitis vinifera],,,,
110,VIT_08s0007g03310,1066,0.5175,Unknown,,,,
111,VIT_18s0001g03540,1076,0.5173,Auxin transporter protein 4,AUX1,,vv50004Auxin_transport,vv50123Porters_cat_18_to_29
112,VIT_18s0001g03850,1081,0.5172,Ribosomal protein S10 30S,K02946,,vv23010Ribosome,
113,VIT_17s0000g02930,1068,0.5172,Glutathione S-transferase 25 GSTU7,E2_5_1_18_GSTU7,,vv10480Glutathione_metabolism,
114,VIT_16s0100g00050,1056,0.5084,Protein kinase,,,,
115,VIT_06s0004g01020,1050,0.508,Dirigent protein,,,,
116,VIT_07s0005g03340,1053,0.508,Myb domain protein 14,MYB14_2,MYB14,vv60044MYB,
117,VIT_05s0077g01560,1049,0.5075,Pathogenesis protein 10.3 [Vitis quinquangularis],,,,
118,VIT_00s0270g00120,1047,0.5063,Alpha-amylase/subtilisin inhibitor,E3_2_1_1,,vv10500Starch_and_sucrose_metabolism,
119,VIT_18s0075g00810,1041,0.5034,Laccase,E1_10_3_2,,vv11000Single_reactions,vv50109Incompletely_characterized_transport_systems
120,VIT_11s0016g01650,1034,0.4988,Ankyrin repeat,,,,
121,VIT_16s0100g01140,1028,0.4942,Stilbene synthase 2,E2_3_1_95,,vv10940Phenylpropanoid_biosynthesis,
122,VIT_07s0031g01010<br>VIT_07s0031g01040<br>VIT_07s0031g01050,1015,0.491,,,,,
123,VIT_12s0035g01520,1017,0.4906,Disease resistance protein RPS2,,,,
124,VIT_14s0171g00490,1006,0.4876,Glucose-6-phosphate 1-dehydrogenase  cytoplasmic isoform,E1_1_1_49,,vv10030Pentose_phosphate,vv10480Glutathione_metabolism
125,VIT_00s0301g00040,1007,0.4874,Glycine-rich protein,,,,
126,VIT_10s0116g01810,1006,0.4872,Unknown protein,,,,
127,VIT_09s0018g00950,1009,0.4858,Laccase,E1_10_3_2,,vv11000Single_reactions,vv50109Incompletely_characterized_transport_systems
128,VIT_15s0024g00400,1001,0.4819,R protein MLA10,K13475,,vv34627R_proteins_from_Plant-pathogen_interaction,
129,VIT_12s0059g01380,999,0.4819,1-aminocyclopropane-1-carboxylate oxidase 1,E1_14_17_4,,vv10640Propanoate_metabolism,vv30008Ethylene_signaling
130,VIT_14s0060g02750<br>VIT_14s0128g00970<br>VIT_14s0128g00990<br>VIT_14s0128g00980<br>VIT_14s0128g01010<br>VIT_14s0128g01030<br>VIT_14s0128g01020<br>VIT_14s0128g01040,994,0.4811,,,,,
131,VIT_05s0020g03190,985,0.4768,Haloacid dehalogenase hydrolase,E3_1_3_18,,vv10630Glyoxylate_and_dicarboxylate_metabolism,
132,VIT_00s0480g00040,985,0.474,Polyphenol oxidase II  chloroplast precursor,E1_10_3_1,,vv10350Tyrosine_metabolism,vv50109Incompletely_characterized_transport_systems
133,VIT_04s0044g00040,976,0.4726,Dirigent,,,,
134,VIT_11s0016g05530,973,0.4726,Plastocyanin domain-containing protein,K02638,,vv10195Photosynthesis,vv50113Thylakoid_targeting_pathway
135,VIT_02s0236g00120,974,0.4692,Unknown,,,,
136,VIT_16s0050g00410,956,0.4645,Photoassimilate-responsive protein PAR-1a,,,,
137,VIT_05s0077g00960,955,0.4631,Ferredoxin 4Fe-4S  iron-sulfur binding,K04755,,,
138,VIT_09s0002g05430,958,0.4617,ABC transporter g family pleiotropic drug resistance 12 PDR12,ABCGPDR12,,vv52010ABC_transporters,
139,VIT_15s0024g00410,957,0.4588,Lectin,,,,
140,VIT_01s0026g02250,940,0.453,Haloacid dehalogenase hydrolase,E3_1_3_18,,vv10630Glyoxylate_and_dicarboxylate_metabolism,
141,VIT_01s0026g00820,935,0.4519,IAA-amino acid hydrolase 1 (ILR1),K01463,,vv11002Auxin_biosynthesis,
142,VIT_01s0010g02990<br>VIT_01s0010g03000,936,0.4502,,,,,
143,VIT_08s0105g00270,928,0.4479,NC domain-containing protein,,,,
144,VIT_14s0081g00190,923,0.447,No hit,,,,
145,VIT_05s0020g05040,922,0.4461,Proteinase inhibitor 1 PPI3B2,,,,
146,VIT_16s0050g00430,922,0.4435,Photoassimilate-responsive protein PAR-1a,,,,
147,VIT_00s1212g00020,902,0.4339,Laccase,E1_10_3_2,,vv11000Single_reactions,vv50109Incompletely_characterized_transport_systems
148,VIT_07s0104g00810,900,0.4331,Lipoyltransferase (LIP2p),E2_3_1_181,,vv10061Fatty_acid_biosynthesis,
149,VIT_10s0042g00380,890,0.4327,Kinesin family member 2/24,K10393,,vv44810Regulation_of_actin_cytoskeleton,
150,VIT_14s0060g00110,888,0.4311,Glutamyl-tRNA synthetase  cytoplasmic,E6_1_1_17,,vv10860Porphyrin_and_chlorophyll_metabolism,vv20970Aminoacyl-tRNA_biosynthesis
151,VIT_16s0050g00400,879,0.4271,Photoassimilate-responsive protein PAR-1a,,,,
152,VIT_00s0410g00040,883,0.4247,Anthranilate N-benzoyltransferase protein 1,E2_3_1_144,,vv10400Phenylalanine_tyrosine_and_tryptophan_biosynthesis,
153,VIT_12s0059g01720,876,0.424,No hit,,,,
154,VIT_16s0100g01190,878,0.4239,Stilbene synthase [Vitis vinifera],E2_3_1_95,,vv10940Phenylpropanoid_biosynthesis,
155,VIT_16s0100g00770,873,0.4185,Stilbene synthase,E2_3_1_95,,vv10940Phenylpropanoid_biosynthesis,
156,VIT_09s0002g06940,874,0.4184,ABC transporter g family pleiotropic drug resistance 12 PDR12,ABCGPDR12,,vv52010ABC_transporters,
157,VIT_12s0059g01660,852,0.4134,3-oxoacyl-[acyl-carrier-protein] synthase II,E2_3_1_179,,vv10061Fatty_acid_biosynthesis,
158,VIT_11s0016g01690,851,0.4117,Unknown protein,,,,
159,VIT_06s0004g00830,850,0.4114,Serine/threonine protein phosphatase PP2A-4 catalytic subunit (PP2A4),K04382,,vv23015mRNA_surveillance_pathway,vv34020Calcium_signaling_pathway
160,VIT_05s0077g01690,832,0.4043,Pathogenesis protein 10 [Vitis vinifera],,,,
161,VIT_18s0001g01820,835,0.4022,NAC domain-containing protein 17,NAC017,VvNAC15,vv60046NAC,
162,VIT_10s0003g05450,823,0.3968,Reticuline oxidase precursor,E1_21_3_3,,vv10950Alkaloid_biosynthesis_I,
163,VIT_06s0004g07780,808,0.3934,No hit,,,,
164,VIT_03s0091g00380,819,0.3932,Thioredoxin domain-containing protein 9,,,,
165,VIT_19s0014g05110,809,0.3916,Unknown,,,,
166,VIT_18s0001g15130,802,0.3878,WD40 repeat protein,,,,
167,VIT_18s0001g01960,805,0.3874,RKF3 (receptor-like kinase IN in flowers 3),,,,
168,VIT_01s0011g01760,803,0.3874,Lectin,,,,
169,VIT_05s0077g01530,794,0.3858,Pathogenesis protein 10 [Vitis vinifera],,,,
170,VIT_13s0067g02940,799,0.3851,Amidohydrolase 3,,,,
171,VIT_00s0413g00010,792,0.3832,Laccase (diphenol oxidase) family protein,E1_10_3_2,,vv11000Single_reactions,vv50109Incompletely_characterized_transport_systems
172,VIT_05s0020g01600,794,0.3823,Unknown protein,,,,
173,VIT_03s0088g00750,797,0.3823,Pathogenesis related protein 1 precursor [Vitis vinifera],PRP1,,vv30011Jasmonate_signaling,vv34626Plant-pathogen_interaction
174,VIT_17s0000g03100,794,0.3808,Protein phosphatase 2C,E3_1_3_16,,,
175,VIT_07s0031g03060,781,0.3775,NSL1 (necrotic spotted lesions 1),,,,
176,VIT_08s0040g01710,774,0.3768,Phenylalanine ammonia-lyase,E4_3_1_5,,vv10350Tyrosine_metabolism,vv10360Phenylalanine_metabolism
177,VIT_11s0016g02070,774,0.3754,Basic helix-loop-helix (bHLH) family,BHLHDOM_63,,vv60011BHLH,
178,VIT_03s0063g00820,772,0.3751,Carboxyesterase 12; CXE12,E3_1_1_1,,,
179,VIT_18s0001g11370,784,0.3751,Cytochrome b6f complex subunit (petM),K02643,,vv10195Photosynthesis,vv50105Transport_electron_carriers
180,VIT_00s0252g00100,772,0.3742,Ribosomal protein S4,K02986,,vv23010Ribosome,
181,VIT_19s0015g00290,766,0.3708,No hit,,,,
182,VIT_17s0119g00150,763,0.3668,Alpha-amylase/subtilisin inhibitor,E3_2_1_1,,vv10500Starch_and_sucrose_metabolism,
183,VIT_16s0100g00150,754,0.365,COP9 signalosome complex subunit 5,K09613,,,
184,VIT_18s0075g00960,748,0.3608,Laccase,E1_10_3_2,,vv11000Single_reactions,vv50109Incompletely_characterized_transport_systems
185,VIT_00s0299g00070,741,0.3597,Unknown protein,,,,
186,VIT_19s0015g01100,748,0.3567,Peptidyl-prolyl cis-trans isomerase  FKBP-type,K01802,,,
187,VIT_16s0050g00760,733,0.3544,Short-chain dehydrogenase/reductase (SDR),,,,
188,VIT_17s0000g05350,733,0.3533,5-formyltetrahydrofolate cycloligase,E6_3_3_2,,vv10670One_carbon_pool_by_folate,
189,VIT_06s0004g04950,730,0.352,Scarecrow-like transcription factor 14 SCL14,SCL14_11,,vv60032GRAS,
190,VIT_01s0011g06140,724,0.3487,Avr9/Cf-9 rapidly elicited protein,,,,
191,VIT_07s0005g01190,722,0.3481,Unknown protein,,,,
192,VIT_15s0021g02240,709,0.3432,3-hydroxyisobutyryl-CoA hydrolase,E3_1_2_4,,vv10280Valine_leucine_and_isoleucine_degradation,vv10410Beta-alanine_metabolism
193,VIT_05s0020g03660,694,0.3353,Biopterin transport protein BT1,BIOPTERIN,,vv50125Porters_cat_66_to_94,
194,VIT_09s0018g00240,687,0.3337,WRKY DNA-binding protein 40,WRKY40,VvWRKY28,vv60066WRKY,
195,VIT_19s0085g00290,691,0.3333,RRNA methylase,,,,
196,VIT_04s0044g00590,691,0.3332,No hit,,,,
197,VIT_10s0042g00310<br>VIT_18s0075g00100,682,0.3304,,,,,
198,VIT_05s0094g00950,668,0.3251,BT3 (BTB and TAZ domain protein 3),BT3,,vv60060TAZ,
199,VIT_07s0031g03090,669,0.3238,Avr9 elicitor response protein,,,,
200,VIT_12s0121g00040,670,0.3232,No hit,,,,
201,VIT_07s0005g04330,664,0.3205,Blight-associated protein p12 precursor,,,,
202,VIT_13s0084g00670,661,0.3198,Unknown protein,,,,
203,VIT_18s0072g00260,661,0.3186,Ethylene-responsive transcription factor related to APETALA2 6,RAP2_6,VvERF114,vv30008Ethylene_signaling,vv60003AP2_EREBP
204,VIT_07s0031g01130,658,0.3183,Ascorbate oxidase,E1_10_3_3,,vv10053Ascorbate_and_aldarate_metabolism,vv50109Incompletely_characterized_transport_systems
205,VIT_15s0046g03550,656,0.3183,(+)-neomenthol dehydrogenase,E1_1_1_208,,vv10902Monoterpenoid_biosynthesis,
206,VIT_03s0063g00890,655,0.318,formin-binding protein,FORMINBIND,,vv44810Regulation_of_actin_cytoskeleton,
207,VIT_18s0075g00530,642,0.3123,Laccase,E1_10_3_2,,vv11000Single_reactions,vv50109Incompletely_characterized_transport_systems
208,VIT_04s0079g00570,641,0.3103,Protein binding / zinc ion binding,,,,
209,VIT_05s0029g00600,627,0.3059,S-adenosyl-L-methionine-dependent methyltransferase mraW,K03438,,,
210,VIT_11s0016g01340,636,0.3053,Unknown protein,,,,
211,VIT_18s0117g00600,628,0.3035,Laccase,E1_10_3_2,,vv11000Single_reactions,vv50109Incompletely_characterized_transport_systems
212,VIT_11s0016g00350,627,0.3028,Sec34/COG3,SEC34,,vv50110Protein_coat,vv50111Tethering_factors
213,VIT_10s0042g00880,623,0.3013,Stilbene synthase [Vitis pseudoreticulata],E2_3_1_95,,vv10940Phenylpropanoid_biosynthesis,
214,VIT_11s0078g00290,618,0.3003,Cinnamate 4-hydroxylase,E1_14_13_11,,vv10360Phenylalanine_metabolism,vv10940Phenylpropanoid_biosynthesis
215,VIT_04s0008g00800,623,0.2995,Ferrochelatase-2,E4_99_1_1,,vv10860Porphyrin_and_chlorophyll_metabolism,
216,VIT_02s0033g01270,615,0.2984,Pentatricopeptide (PPR) repeat-containing protein,,,,
217,VIT_13s0156g00580,622,0.2979,S-receptor kinase,,,,
218,VIT_14s0066g01150,616,0.2974,Cinnamoyl-CoA reductase,E1_2_1_44,,vv10940Phenylpropanoid_biosynthesis,
219,VIT_05s0020g02610,612,0.2948,Hemolysin,K06442,,vv50109Incompletely_characterized_transport_systems,
220,VIT_11s0016g02570,606,0.2946,Phospholipase A2 precursor,E3_1_1_4,,vv10564Glycerophospholipid_metabolism,vv10565Ether_lipid_metabolism
221,VIT_08s0056g00040,606,0.2925,WD-40 repeat protein,,,,
222,VIT_19s0090g00220,590,0.2884,CRS2-associated factor 2  mitochondrial precursor,,,,
223,VIT_09s0018g01550,590,0.2843,Trimethylguanosine synthase,K14292,,vv23013RNA_transport,
224,VIT_06s0009g03130,585,0.2841,Cytochrome P450  family 79  subfamily A  polypeptide 2,K12153,,vv10966Glucosinolate_biosynthesis,
225,VIT_14s0108g00890,589,0.2834,Beta-1 3-galactosyltransferase,K07819,,vv10602Glycosphingolipid_biosynthesis,
226,VIT_02s0025g00540,582,0.2827,Unknown,,,,
227,VIT_18s0001g08870,587,0.2826,Unknown,,,,
228,VIT_00s0346g00100<br>VIT_00s0371g00040<br>VIT_00s0346g00120<br>VIT_00s0371g00060<br>VIT_00s0371g00010,584,0.2806,,,,,
229,VIT_09s0002g05610,576,0.28,Unknown,,,,
230,VIT_04s0069g00310<br>VIT_06s0061g00370,580,0.2791,,,,,
231,VIT_08s0007g08140,572,0.279,Helicase,,,,
232,VIT_11s0016g02890,569,0.2758,Dual specificity protein phosphatase,,,,
233,VIT_18s0001g13100,563,0.2726,Glycosyl transferase family 1 protein,,,,
234,VIT_19s0015g00010,568,0.2722,ABC transporter C member 9,K05033,,vv52010ABC_transporters,
235,VIT_13s0019g03990,552,0.269,Unknown protein,,,,
236,VIT_07s0191g00030,551,0.2654,RAB GTPase RABA4A,K07976,,,
237,VIT_17s0000g07670,547,0.2651,Betaine-aldehyde dehydrogenase,E1_2_1_8,,vv10260Glycine_serine_and_threonine_metabolism,vv50101Channels_and_pores
238,VIT_12s0057g00260,543,0.2617,External rotenone-insensitive NADPH dehydrogenase,K03885,,vv10190Oxidative_phosphorylation,vv50134Primary_active_transporter_cat_D1
239,VIT_01s0146g00480,540,0.2615,TIFY 9 (Jasmonate ZIM domain-containing protein 10),JAZ10,,vv30011Jasmonate_signaling,vv60069ZIM
240,VIT_08s0007g00780,540,0.2611,One helix protein (OHP),,,,
241,VIT_06s0004g06340,540,0.261,flavodoxin-like quinone reductase 1,FQR1,,vv30003Auxin_signaling,
242,VIT_01s0150g00570,536,0.2601,NADH dehydrogenase (ubiquinone) 1 alpha subcomplex 2,K03946,,vv10190Oxidative_phosphorylation,vv50134Primary_active_transporter_cat_D1
243,VIT_01s0127g00150,534,0.2597,Menaquinone biosynthesis methyltransferase ubiE,K03183,,vv10130Ubiquinone_biosynthesis,
244,VIT_11s0118g00450,536,0.2589,No hit,,,,
245,VIT_10s0071g01210,537,0.2585,No hit,,,,
246,VIT_16s0022g02350,526,0.2558,ACI13,,,,
247,VIT_00s0762g00010,525,0.2533,S-locus lectin protein kinase family,,,,
248,VIT_08s0007g04860,522,0.2524,Nodulin family protein,,,,
249,VIT_02s0033g01320,520,0.2518,Amino acid permease,AAPREL,,vv50123Porters_cat_18_to_29,
250,VIT_07s0005g03890,520,0.2516,Transcription termination factor mitochondrial mTERF,MTERF_24,,vv60085MTERF,
251,VIT_01s0011g01730,521,0.2508,ATPP2-A9 (Phloem protein 2-A9),,,,
252,VIT_07s0005g02660,520,0.2506,ABC transporter B member 13,ABCB13,,vv52010ABC_transporters,
253,VIT_09s0054g01260,505,0.2443,No hit,,,,
254,VIT_17s0000g04560,499,0.2418,Kinetochore protein,KINETOCHORE,,vv44110Cell_cycle,
255,VIT_02s0025g03690,500,0.2413,RNA-binding protein NOB1,K11883,,vv23008Ribosome_biogenesis_in_Eukaryotes,
256,VIT_01s0010g01610,498,0.2406,Unknown,,,,
257,VIT_10s0003g02960,498,0.2398,Glycosyl hydrolase family 17 protein,,,,
258,VIT_09s0054g00900,494,0.2397,Chaperone BCS1 mitochondrial,K08900,,,
259,VIT_05s0049g01020,495,0.2381,Myb domain protein 14,MYB14_3,,vv60044MYB,
260,VIT_09s0002g05210,484,0.2348,F-box family protein,,,,
261,VIT_03s0088g00700,491,0.2347,Pathogenesis related protein 1 precursor (pr1 gene),PRP1,,vv30011Jasmonate_signaling,vv34626Plant-pathogen_interaction
262,VIT_13s0073g00040,482,0.2338,Glycine-rich protein,,,,
263,VIT_09s0002g02950,478,0.2317,No hit,,,,
264,VIT_01s0010g03930,471,0.2283,WRKY DNA-binding protein 75,WRKY75_1,VvWRKY03,vv60066WRKY,
265,VIT_18s0117g00290,469,0.2268,Coatomer protein complex  subunit beta 2,COPB2,,vv50110Protein_coat,
266,VIT_05s0020g03220,460,0.2221,S-receptor kinase,,,,
267,VIT_16s0013g00500,458,0.2217,Unknown protein,,,,
268,VIT_03s0063g00670,449,0.2174,Cyclin-dependent kinase inhibitor ICK5,ICK5,,vv44110Cell_cycle,
269,VIT_13s0064g01100,444,0.2144,No hit,,,,
270,VIT_19s0085g00230,440,0.2124,Transcription termination factor mitochondrial mTERF,MTERF_30,,vv60085MTERF,
271,VIT_07s0005g00410,437,0.2122,Glycosyl hydrolase family 1 protein,,,,
272,VIT_17s0000g06790,437,0.2113,flavin-containing monooxygenase,E1_14_13_8,,vv11000Single_reactions,
273,VIT_14s0219g00070,435,0.2106,Zinc finger (C2H2 type) family,C2H2FAM_25,,vv60017C2H2,
274,VIT_05s0077g01030,426,0.2088,Unknown,,,,
275,VIT_15s0021g01630,428,0.2076,Ethylene responsive element binding factor 2,ERF2_1,,vv30008Ethylene_signaling,vv60003AP2_EREBP
276,VIT_11s0016g01970,419,0.2037,Calmodulin-binding region IQD6,,,,
277,VIT_18s0001g03150,420,0.2032,Cation transport protein chaC,K07232,,vv50109Incompletely_characterized_transport_systems,
278,VIT_16s0050g02050,417,0.2021,Casein kinase II subunit beta',K03115,,vv23008Ribosome_biogenesis_in_Eukaryotes,vv34710Circadian_rhythm
279,VIT_01s0127g00700,415,0.2001,Unknown protein,,,,
280,VIT_08s0007g06250,417,0.2001,Strubbelig receptor family 2,,,,
281,VIT_13s0064g01120,409,0.1978,No hit,,,,
282,VIT_17s0000g08200,404,0.1959,Phosphoglycerate/bisphosphoglycerate mutase,E5_4_2_1,,vv10010Glycolysis,
283,VIT_04s0008g01770,397,0.1934,Molecular chaperone DnaJ,K03686,,vv50132Primary_active_transporter_cat_A5_to_A8,
284,VIT_17s0000g03370,399,0.1928,Calmodulin-binding protein,K02183,,vv34020Calcium_signaling_pathway,vv34626Plant-pathogen_interaction
285,VIT_00s0252g00080,391,0.1903,Ribosomal protein S4,K02986,,vv23010Ribosome,
286,VIT_03s0063g02290,389,0.189,Unknown protein,,,,
287,VIT_04s0079g00360,390,0.1884,Glutathione S-transferase 25 GSTU25,E2_5_1_18_GSTU25,,vv10480Glutathione_metabolism,
288,VIT_05s0062g00790,388,0.188,NSL1 (necrotic spotted lesions 1),,,,
289,VIT_04s0044g01200,386,0.1865,Auxin-independent growth promoter,,,,
290,VIT_07s0129g01010,386,0.1865,Unknown,,,,
291,VIT_12s0028g01780,387,0.1864,FAD-linked oxidoreductase 1,,,,
292,VIT_02s0025g02240,381,0.1836,WD-40 repeat,,,,
293,VIT_08s0007g00570,379,0.1833,WRKY DNA-binding protein 49,WRKY49,VvWRKY27,vv60066WRKY,
294,VIT_07s0031g00460,379,0.1825,Nicotinate phosphoribosyltransferase,E2_4_2_11,,vv10760Nicotinate_and_nicotinamide_metabolism,
295,VIT_05s0094g01250,377,0.1815,Allyl alcohol dehydrogenase,,,,
296,VIT_03s0088g01090,374,0.1802,Zinc finger (C3HC4-type ring finger),ZFC3HC4_242,,vv60078Other_zf-C3HC4,
297,VIT_11s0016g03080,373,0.1802,Clavata1 receptor kinase (CLV1),,,,
298,VIT_04s0069g01010,372,0.1795,Harpin-induced protein,,,,
299,VIT_07s0005g02190,363,0.1749,Zinc finger (C2H2 type) family,C2H2FAM_36,,vv60017C2H2,
300,VIT_09s0002g04070,357,0.173,Unknown protein,,,,
301,VIT_18s0001g12500,354,0.1713,Unknown protein,,,,
302,VIT_00s0214g00170,352,0.1701,Actin-related protein 7,ARP7,,vv44810Regulation_of_actin_cytoskeleton,
303,VIT_02s0033g00840,347,0.1675,Nitrilase 4B,E3_5_5_1,,vv10460Cyanoamino_acid_metabolism,vv10910Nitrogen_metabolism
304,VIT_08s0007g01560,342,0.1656,Photoassimilate-responsive protein,,,,
305,VIT_00s0282g00010,338,0.1625,Methionine sulfoxide reductase,E1_8_4_11,,vv10271Methionine_metabolism,
306,VIT_07s0141g00890,333,0.1603,CYP94A1,,,,
307,VIT_15s0024g00680,334,0.1601,No hit,,,,
308,VIT_11s0037g00300,328,0.159,Signal recognition particle receptor alpha subunit,K13431,,vv23060Protein_export,vv50132Primary_active_transporter_cat_A5_to_A8
309,VIT_07s0005g00460,324,0.1565,Complex 1 LYR,,,,
310,VIT_00s0347g00120,325,0.1561,S-locus lectin protein kinase,,,,
311,VIT_13s0064g01110,319,0.1547,No hit,,,,
312,VIT_16s0039g00660,318,0.1542,RNA polymerase nonessential primary-like sigma factor SIGA,K03087,,vv23020RNA_polymerase,vv60057Sigma70-like
313,VIT_09s0054g00690,317,0.1536,Vacuolar processing enzyme alpha,,,,
314,VIT_02s0236g00100,319,0.1534,Unknown,,,,
315,VIT_12s0034g01950<br>VIT_12s0034g01870<br>VIT_12s0034g01920<br>VIT_12s0034g01930<br>VIT_12s0034g01890<br>VIT_12s0034g01910,317,0.1523,,,,,
316,VIT_09s0002g00160,316,0.1522,Histone H2A.4 HTA12,H2A4,,,
317,VIT_10s0003g03850,311,0.1502,Protease Do-like 5,,,,
318,VIT_06s0004g03540,306,0.1483,MAPK (MPK3),MPK3,,vv30008Ethylene_signaling,vv34626Plant-pathogen_interaction
319,VIT_10s0003g04080,303,0.1464,Unknown,,,,
320,VIT_15s0021g02650,302,0.1463,Lipase GDSL,,,,
321,VIT_14s0030g00350,302,0.1456,RKF3 (receptor-like kinase IN in flowers 3),RKF3,,vv60042MADS,
322,VIT_15s0045g01500,294,0.1429,No hit,,,,
323,VIT_17s0000g08540,291,0.1396,Lipase GDSL,,,,
324,VIT_18s0076g00380,288,0.1395,ABC transporter F member 6,ABCF6,,vv52010ABC_transporters,
325,VIT_00s0471g00020,288,0.139,Unknown,,,,
326,VIT_02s0012g01560,285,0.138,No hit,,,,
327,VIT_11s0016g05540,281,0.1374,Dicyanin,,,,
328,VIT_18s0001g00080,283,0.1372,Laccase,E1_10_3_2,,vv11000Single_reactions,vv50109Incompletely_characterized_transport_systems
329,VIT_07s0104g01730,285,0.1372,HAK5 (High affinity K+ transporter 5),HAK5,,vv50125Porters_cat_66_to_94,
330,VIT_01s0182g00020,283,0.1368,Ankyrin repeat family protein,,,,
331,VIT_01s0137g00120,283,0.1365,Ribosomal protein S6 (RPS6B) 40S,K02991,,vv23010Ribosome,vv34150mTOR_signaling_pathway
332,VIT_14s0083g00920,282,0.1358,No hit,,,,
333,VIT_01s0011g03850,281,0.1355,Unknown protein,,,,
334,VIT_03s0088g00410,275,0.1329,Pyruvate kinase isozyme A  chloroplast precursor,E2_7_1_40,,vv10010Glycolysis,vv10230Purine_metabolism
335,VIT_02s0033g00770,274,0.1327,Nitrilase 4B,E3_5_5_1,,vv10460Cyanoamino_acid_metabolism,vv10910Nitrogen_metabolism
336,VIT_14s0060g01940,274,0.1322,Epoxide hydrolase,E3_3_2_10,,,
337,VIT_02s0012g02580,273,0.1314,No hit,,,,
338,VIT_15s0024g00710,270,0.1303,Gag-pol polyprotein,,,,
339,VIT_08s0040g02730,265,0.1282,Exocyst subunit EXO70 H4,EXO70H4,,vv50111Tethering_factors,
340,VIT_10s0003g03090,265,0.128,3-beta hydroxysteroid dehydrogenase,E1_1_1_145,,vv10140C21-Steroid_hormone_metabolism,
341,VIT_19s0090g00210,263,0.1271,DTW domain-containing protein,,,,
342,VIT_09s0002g04150,260,0.1268,Isochorismatase protein rutB,E3_3_2_1,,vv10130Ubiquinone_biosynthesis,
343,VIT_01s0011g01740,260,0.1255,Lectin,,,,
344,VIT_09s0070g00490,259,0.1254,Protein phosphatase 2C,E3_1_3_16,,,
345,VIT_00s0341g00010,257,0.1251,Dual specificity protein phosphatase,,,,
346,VIT_14s0108g01000,258,0.1249,Calcium-binding EF hand,,,,
347,VIT_10s0003g00640,256,0.1238,D-tyrosyl-tRNA(Tyr) deacylase,K07560,,,
348,VIT_05s0077g01580,255,0.1229,Pathogenesis protein 10 [Vitis vinifera],,,,
349,VIT_12s0055g01280,252,0.1229,Brassinosteroid insensitive 1-associated receptor kinase 1,BAK1,,vv30005Brassinosteroids_signaling,vv34626Plant-pathogen_interaction
350,VIT_00s0229g00120,254,0.1226,Ternary complex factor MIP1,,,,
351,VIT_13s0156g00590,253,0.1225,S-receptor kinase,,,,
352,VIT_18s0117g00070,253,0.1224,R protein L6,K13477,,vv34627R_proteins_from_Plant-pathogen_interaction,
353,VIT_05s0062g01360,252,0.1213,Unknown protein,,,,
354,VIT_13s0019g03450,250,0.1212,Unknown protein,,,,
355,VIT_08s0007g05320,249,0.1206,Essential for mitotic growth 1,K14568,,vv23008Ribosome_biogenesis_in_Eukaryotes,
356,VIT_01s0010g02350,248,0.1201,Protein phosphatase 2 (formerly 2A)  regulatory subunit B',K11584,,vv23015mRNA_surveillance_pathway,
357,VIT_00s0207g00260,248,0.1194,No hit,,,,
358,VIT_12s0055g00040,247,0.1194,CCR4-NOT transcription complex subunit 2,K12605,,vv23018RNA_degradation,
359,VIT_00s0671g00010,247,0.1192,Ribosomal protein P0 acidic,K02941,,vv23010Ribosome,
360,VIT_04s0008g05760,245,0.1179,WRKY DNA-binding protein 18,WRKY18_2,VvWRKY08,vv60066WRKY,
361,VIT_19s0014g04940,241,0.1169,Chitin-inducible gibberellin-responsive protein 1,CIGR1,,vv30010Gibberellin_signaling,vv60032GRAS
362,VIT_17s0053g00280,241,0.1161,No hit,,,,
363,VIT_06s0004g06990,239,0.1151,Phytol kinase 2  chloroplast precursor,VTE5,,vv10860Porphyrin_and_chlorophyll_metabolism,
364,VIT_07s0031g02640,238,0.1144,Zinc finger (C3HC4-type ring finger),ZFC3HC4_31,,vv60078Other_zf-C3HC4,
365,VIT_02s0025g04290,236,0.1137,Thaumatin,,,,
366,VIT_07s0104g00510,232,0.1127,MRNA-binding protein precursor,,,,
367,VIT_13s0019g02390,233,0.1124,Dihydrofolate synthetase,E6_3_2_17,,vv10790Folate_biosynthesis,
368,VIT_19s0014g02120,230,0.1113,Metallothionein,,,,
369,VIT_13s0147g00160,228,0.1104,Aluminium-tolerance ALMT1,ALMT1,,vv50125Porters_cat_66_to_94,
370,VIT_18s0001g08760,228,0.1104,No hit,,,,
371,VIT_17s0000g07560,228,0.1103,EDS1 (Enhanced disease susceptibility 1),EDS1,,vv30011Jasmonate_signaling,
372,VIT_03s0017g01460,224,0.1083,No hit,,,,
373,VIT_05s0051g00140,223,0.1081,RRS1 (resistant to ralstonia solanacearum 1),RRS1,,vv34627R_proteins_from_Plant-pathogen_interaction,
374,VIT_16s0022g00700,222,0.1076,Pectinesterase family,E3_1_1_11,,vv40006Cell_wall,
375,VIT_11s0016g02600,218,0.1051,Caffeoyl-CoA O-methyltransferase,E2_1_1_104,,vv10940Phenylpropanoid_biosynthesis,
376,VIT_06s0061g01210,212,0.1019,Lysine histidine transporter 1,LHT1,,vv50123Porters_cat_18_to_29,
377,VIT_13s0019g04890,209,0.1007,Shugoshin-1,,,,
378,VIT_00s0194g00360,208,0.1006,Histone H2A.4 HTA12,H2A4,,,
379,VIT_14s0128g00880,208,0.1003,MYB related DIRP family protein,MYBDIRP_5,,vv60045MYBrelated,
380,VIT_01s0011g06600,210,0.1003,Glutamate decarboxylase,E4_1_1_15,,vv10251Glutamate_metabolism,vv10252Alanine_and_aspartate_metabolism
381,VIT_14s0030g00470,205,0.0996,Stress regulated protein isoform 3,,,,
382,VIT_15s0046g01850,202,0.0974,Syntaxin of plants SYP7,K08506,,vv24130SNARE_interactions_in_vesicular_transport,
383,VIT_16s0050g01690,200,0.0964,Receptor kinase homolog LRK10,,,,
384,VIT_01s0010g02950,199,0.0964,Calcium-binding protein CML,K13448,,vv34626Plant-pathogen_interaction,
385,VIT_09s0070g00740,198,0.0951,PfkB-type carbohydrate kinase,,,,
386,VIT_02s0012g01020,196,0.0951,Zinc finger (C3HC4-type ring finger),ZFC3HC4_174,,vv60078Other_zf-C3HC4,
387,VIT_01s0010g03010,197,0.095,Calcium-binding EF-hand,K13448_CML38,,vv34626Plant-pathogen_interaction,
388,VIT_12s0055g00930,196,0.0944,Heavy-metal-associated domain-containing protein,,,,
389,VIT_06s0004g03620,193,0.0933,MAPK MPK13,MPK13,,,
390,VIT_07s0151g00980,189,0.0914,No hit,,,,
391,VIT_05s0077g02120,188,0.0907,Unknown protein,,,,
392,VIT_15s0048g01350,185,0.0897,Gibberellin receptor GID1L3,GID1C,,vv30010Gibberellin_signaling,
393,VIT_01s0011g05440,183,0.0888,Unknown protein,,,,
394,VIT_07s0031g01500,183,0.0887,Unknown protein,,,,
395,VIT_02s0025g00720,179,0.0872,Transmembrane protein FT27/PFT27,PFT27,,vv50109Incompletely_characterized_transport_systems,
396,VIT_08s0058g01290,178,0.086,Protein kinase AtSIK,,,,
397,VIT_00s0259g00160,177,0.0856,Acyl carrier protein  mitochondrial 3,K02078,,vv50134Primary_active_transporter_cat_D1,
398,VIT_00s0299g00080,176,0.0851,Unknown,,,,
399,VIT_07s0031g02610,174,0.0846,NAC domain containing protein 2,NAC2_6,VvNAC39,vv60046NAC,
400,VIT_01s0026g01220,175,0.0839,No hit,,,,
401,VIT_00s0409g00010,173,0.0836,Receptor kinase RK20-1,,,,
402,VIT_03s0017g01990,172,0.0835,UDP-glucose glucosyltransferase,E2_4_1_35,,vv10500Starch_and_sucrose_metabolism,
403,VIT_07s0031g00530,170,0.0828,MAPKKK21,,,,
404,VIT_16s0039g02730,170,0.0819,TIR1 (transport inhibitor response 1),TIR1,,vv30003Auxin_signaling,
405,VIT_17s0000g01550,170,0.0819,AAA-type ATPase,FHAAAA_1,,vv60028FHA,
406,VIT_06s0004g04590,168,0.0813,Epsin N-terminal homology (ENTH) domain-containing,ENTH,,vv50110Protein_coat,
407,VIT_10s0071g00950,166,0.0808,Serine/threonine protein phosphatase 2A,K04354,,vv34020Calcium_signaling_pathway,
408,VIT_18s0122g01370,167,0.0801,Unknown protein,,,,
409,VIT_03s0017g01220,164,0.0796,Polyadenylate-binding protein 2,K14396,,vv23015mRNA_surveillance_pathway,
410,VIT_14s0068g00500,163,0.0789,Indole-3-acetate beta-glucosyltransferase,E2_4_1_121,,vv11002Auxin_biosynthesis,
411,VIT_18s0001g15710,154,0.0745,Electron carrier/ oxidoreductase,,,,
412,VIT_10s0042g01200,151,0.073,ARGONAUTE 2 (AGO2),,,,
413,VIT_18s0117g00030,151,0.0729,No hit,,,,
414,VIT_19s0085g00850,150,0.0727,LEM3 (ligand-effect modulator 3),LEM3,,vv50108Accessory_factors_involved_in_transport,
415,VIT_18s0001g10200<br>VIT_18s0001g10230,149,0.0723,,,,,
416,VIT_07s0141g00420,148,0.0721,Poly(A)-specific ribonuclease,K01148,,vv23018RNA_degradation,
417,VIT_01s0011g02320,145,0.0705,Unknown protein,,,,
418,VIT_03s0017g01940,143,0.0694,Unknown,,,,
419,VIT_18s0001g02970,144,0.0691,Glucose-6-phosphate/phosphate translocator related,GPTREL,,vv50122Porters_cat_7_to_17,
420,VIT_16s0050g01490,142,0.0686,NADH dehydrogenase (ubiquinone) 1 alpha subcomplex 5,K03949,,vv10190Oxidative_phosphorylation,vv50134Primary_active_transporter_cat_D1
421,VIT_14s0128g00850,139,0.0673,Zinc finger (Ran-binding),ZFRANBPDOM_6,,vv60080Other_zf,
422,VIT_00s0181g00170,140,0.0672,F-box family protein,,,,
423,VIT_10s0071g00190,139,0.0671,R protein disease resistance protein,RPROT,,vv34627R_proteins_from_Plant-pathogen_interaction,
424,VIT_07s0104g00220,137,0.0666,Phenazine biosynthesis PhzC/PhzF,K06998,,vv10400Phenylalanine_tyrosine_and_tryptophan_biosynthesis,
425,VIT_11s0016g03190,137,0.0659,Unknown,,,,
426,VIT_04s0044g00120,135,0.0652,Kinase,,,,
427,VIT_17s0000g05850,133,0.0641,ATATH1 (ABC2 homolog1),ATH1,,vv52010ABC_transporters,
428,VIT_18s0001g02600,132,0.0639,Ribosomal protein S1  30S,K02945,,vv23010Ribosome,
429,VIT_00s0194g00220,133,0.0636,Unknown,,,,
430,VIT_09s0002g05560,129,0.0625,ABC transporter g family pleiotropic drug resistance 12 PDR12,ABCGPDR12,,vv52010ABC_transporters,
431,VIT_07s0031g02530,129,0.0623,No hit,,,,
432,VIT_11s0016g01330,125,0.0609,Unknown protein,,,,
433,VIT_04s0023g03420,125,0.0603,Alcium-dependent protein kinase 16 CPK16,K00908 CPK16,,,
434,VIT_05s0020g03240,122,0.0589,S-receptor kinase,,,,
435,VIT_02s0025g03660,120,0.0577,4-coumarate-CoA ligase,E6_2_1_12,,vv10940Phenylpropanoid_biosynthesis,vv50104Group_translocators
436,VIT_10s0042g00820,118,0.0567,Transparent testa16,TT16_2,,vv60042MADS,
437,VIT_09s0002g07220,117,0.0567,Unknown,,,,
438,VIT_13s0019g01010,117,0.0564,ABA2 (ABA deficient 2),E1_1_1_288,,vv10906Carotenoid_biosynthesis,vv11013ABA_biosynthesis
439,VIT_12s0055g00800,117,0.0564,Arachidonic acid-induced DEA1,,,,
440,VIT_01s0011g00480,116,0.056,Aspartate/glutamate/uridylate kinase,E2_7_2_11,,vv10220Urea_cycle_and_metabolism_of_amino_groups,
441,VIT_16s0022g01800,114,0.0554,RRNA-processing protein EBP2,,,,
442,VIT_05s0020g04380,112,0.0544,Calcium-transporting ATPase 13 ACA13,K01537,,vv34020Calcium_signaling_pathway,vv50131Primary_active_transporter_cat_A2_to_A4
443,VIT_13s0019g01520,110,0.053,Protease inhibitor/seed storage/lipid transfer protein (LTP),,,,
444,VIT_12s0028g03430,110,0.053,Prefoldin alpha subunit,,,,
445,VIT_17s0000g09970,109,0.0527,Endonuclease,E3_1_30_x,,,
446,VIT_02s0087g01010,109,0.0526,CRK10 (cysteine-rich RLK10),,,,
447,VIT_10s0003g05250,107,0.0517,Germin-like protein,,,,
448,VIT_07s0005g00680,106,0.0514,Exocyst complex subunit Sec15B,SEC15B,,vv50111Tethering_factors,
449,VIT_02s0025g03760,106,0.0511,Myosin-related,MYOSINR,,vv44810Regulation_of_actin_cytoskeleton,
450,VIT_16s0022g01880,105,0.0509,No hit,,,,
451,VIT_12s0028g02500,104,0.0504,Unknown protein,,,,
452,VIT_18s0001g00920<br>VIT_18s0075g00590<br>VIT_18s0001g00850<br>VIT_18s0075g00780<br>VIT_18s0001g00790<br>VIT_18s0001g00730<br>VIT_18s0001g00310<br>VIT_18s0075g00620<br>VIT_18s0075g00540<br>VIT_18s0075g00600<br>VIT_18s0075g00580<br>VIT_00s0481g00020<br>VIT_18s0001g00930,103,0.0498,,,,,
453,VIT_18s0001g10180,102,0.0493,N-hydroxycinnamoyl/benzoyltransferase 3,,,,
454,VIT_05s0029g00250,101,0.0488,No hit,,,,
455,VIT_05s0020g03140,101,0.0487,Sugar transporter 13,STP13,,vv50121Porters_cat_1_to_6,
456,VIT_00s0652g00010,100,0.0484,Dof zinc finger protein DOF1.4,DOF1_4_1,,vv60015C2C2-DOF,
457,VIT_00s0322g00020,99,0.0483,HHP4 (heptahelical protein 4),,,,
458,VIT_16s0013g00520,97,0.0468,RAB GTPase RAB1C,K07976,,,
459,VIT_10s0003g03800,97,0.0468,Jasmonate ZIM domain-containing protein 8,JAZ8_1,,vv30011Jasmonate_signaling,vv60069ZIM
460,VIT_12s0059g00600,97,0.0467,Unknown protein,,,,
461,VIT_12s0059g00520,92,0.0446,RabGAP/TBC domain-containing protein,,,,
462,VIT_08s0040g03040,91,0.0441,Glutathione S-transferase GSTO1,E2_5_1_18_GSTO1,,vv10480Glutathione_metabolism,
463,VIT_19s0014g01150,90,0.0438,Curculin (mannose-binding) lectin,,,,
464,VIT_18s0001g07430,90,0.0438,Unknown,,,,
465,VIT_13s0067g00120,91,0.0437,GCN5 N-acetyltransferase (GNAT),GCN5_18,,vv60082GNAT,
466,VIT_01s0026g02310,90,0.0435,SUR2,K04713,,vv10600Sphingolipid_metabolism,
467,VIT_14s0066g00600,88,0.0426,Unknown protein,,,,
468,VIT_09s0002g01550,88,0.0425,Lecithine cholesterol acyltransferase,E2_3_1_43,,vv10564Glycerophospholipid_metabolism,
469,VIT_14s0060g02670,87,0.0422,No hit,,,,
470,VIT_03s0091g00140,86,0.0416,Plant basic secretory protein (BSP) family,,,,
471,VIT_14s0060g02760,86,0.0414,Germin-like protein 3 [Vitis vinifera],,,,
472,VIT_00s1348g00010,84,0.0409,Ternary complex factor MIP1,,,,
473,VIT_19s0027g01810,84,0.0407,Invertase/pectin methylesterase inhibitor,PMEI,,vv40006Cell_wall,
474,VIT_00s0743g00020,84,0.0406,S-locus lectin protein kinase,,,,
475,VIT_00s0207g00250,84,0.0406,No hit,,,,
476,VIT_13s0064g01430,83,0.0402,Pigment defective 322,CP33,,,
477,VIT_03s0017g02110,83,0.0398,Anthocyanidin 3-O-glucosyltransferase,E2_4_1_115,,vv10942Anthocyanin_biosynthesis,
478,VIT_05s0124g00450,82,0.0398,Unknown protein,,,,
479,VIT_16s0013g00440<br>VIT_16s0013g00390<br>VIT_16s0013g00410<br>VIT_16s0013g00480<br>VIT_16s0013g00450,82,0.0397,,,,,
480,VIT_00s0347g00070,82,0.0396,S-locus lectin protein kinase,,,,
481,VIT_09s0002g00730,81,0.0393,No hit,,,,
482,VIT_00s0753g00020,81,0.0393,Histone H2A.4 HTA12,H2A4,,,
483,VIT_11s0037g00700,81,0.0391,Unknown protein,,,,
484,VIT_05s0020g02200,80,0.0386,Inosine-uridine preferring nucleoside hydrolase,E3_2_2_1,,vv10230Purine_metabolism,vv10760Nicotinate_and_nicotinamide_metabolism
485,VIT_09s0002g06900,80,0.0386,NtEIG-A1,,,,
486,VIT_19s0014g02950,79,0.0383,No hit,,,,
487,VIT_00s0301g00080,78,0.038,No hit,,,,
488,VIT_16s0050g02230,78,0.0377,Chitinase [Vitis vinifera],E3_2_1_14,,vv10530Aminosugars_metabolism,
489,VIT_09s0002g06890,78,0.0376,Dicyanin blue copper protein,,,,
490,VIT_01s0026g02590,77,0.0373,Calcium-binding protein CML,K13448,,vv34626Plant-pathogen_interaction,
491,VIT_03s0088g00690,75,0.0362,Pathogenesis-related protein 1 precursor (PRP 1),PRP1,,vv30011Jasmonate_signaling,vv34626Plant-pathogen_interaction
492,VIT_00s0194g00060,74,0.0358,No hit,,,,
493,VIT_16s0050g02060,74,0.0357,Receptor kinase homolog LRK10,,,,
494,VIT_06s0009g02320,72,0.035,4-diphosphocytidyl-2-C-methyl-D-erythritol kinase  chloroplast precursor,E2_7_1_148,,vv10100Biosynthesis_of_steroids,
495,VIT_18s0075g00670,72,0.0349,Laccase,E1_10_3_2,,vv11000Single_reactions,vv50109Incompletely_characterized_transport_systems
496,VIT_04s0044g01430,72,0.0346,Unknown protein,,,,
497,VIT_16s0039g00350,71,0.0343,Unknown protein,,,,
498,VIT_01s0010g02760,70,0.0336,Urease,E3_5_1_5,,vv10220Urea_cycle_and_metabolism_of_amino_groups,
499,VIT_00s0301g00070,68,0.0329,No hit,,,,
500,VIT_16s0100g01110,68,0.0328,Resveratrol synthase (RS1),E2_3_1_95,,vv10940Phenylpropanoid_biosynthesis,
501,VIT_15s0045g01190,66,0.0317,Retrotransposon protein  Unclassified,,,,
502,VIT_05s0020g03440,65,0.0315,Photosystem II 11 kDa protein PSB27,K08902,,vv10195Photosynthesis,vv50135Primary_active_transporter_cat_D3_to_E2
503,VIT_06s0004g01630,65,0.0314,Transcription factor jumonji (jmjC) domain-containing protein,JMJD5,,vv60038Jumonji,
504,VIT_19s0027g01820,65,0.0314,Potassium transporter (KUP1),KUP1,,vv50125Porters_cat_66_to_94,
505,VIT_03s0038g03710,64,0.0311,RWP-RK domain-containing protein,RWPRKDOM_3,,vv60052RWP-RK,
506,VIT_10s0003g05040,64,0.031,3-hydroxyisobutyrate dehydrogenase,E1_1_1_31,,vv10280Valine_leucine_and_isoleucine_degradation,
507,VIT_00s0211g00110,62,0.0299,MADS-box agamous-like 17,AGL17,,vv60042MADS,
508,VIT_00s0404g00020,60,0.0292,MAPK activating protein C22orf5,,,,
509,VIT_05s0077g01130,59,0.0287,Seed maturation protein PM36,,,,
510,VIT_04s0043g00380,59,0.0285,Unknown protein,,,,
511,VIT_14s0081g00540,58,0.028,No hit,,,,
512,VIT_18s0001g12820,58,0.028,Dihydroflavonol 4-reductase,E1_1_1_219,,vv10941Flavonoid_biosynthesis,
513,VIT_18s0117g00060,57,0.0278,R protein L6,K13477,,vv34627R_proteins_from_Plant-pathogen_interaction,
514,VIT_18s0001g01750,57,0.0276,No hit,,,,
515,VIT_07s0031g01380,57,0.0275,ferulate 5-hydroxylase,K09755,,vv10940Phenylpropanoid_biosynthesis,
516,VIT_06s0004g01000,57,0.0274,Dirigent protein,,,,
517,VIT_13s0019g04150,57,0.0272,Receptor protein kinase CRINKLY4 precursor,,,,
518,VIT_14s0068g00890,56,0.0272,Mitochondrial substrate carrier family protein,K03454,,vv50123Porters_cat_18_to_29,
519,VIT_01s0011g00630,56,0.0271,Pentatricopeptide (PPR) repeat-containing,,,,
520,VIT_15s0046g02620,56,0.027,Beta-amylase 9 BMY9,E3_2_1_2,,vv10500Starch_and_sucrose_metabolism,
521,VIT_18s0117g00080,54,0.0261,R protein L6,K13477,,vv34627R_proteins_from_Plant-pathogen_interaction,
522,VIT_16s0039g00300,53,0.0256,Unknown protein,,,,
523,VIT_09s0002g06950,53,0.0255,ABC transporter g family pleiotropic drug resistance 12 PDR12,ABCGPDR12,,vv52010ABC_transporters,
524,VIT_02s0025g01140,53,0.0255,No hit,,,,
525,VIT_14s0066g00210,52,0.0253,Unknown protein,,,,
526,VIT_04s0069g00970,52,0.0251,WRKY DNA-binding protein 51,WRKY51_1,VvWRKY11,vv60066WRKY,
527,VIT_16s0050g02210,51,0.0245,Chitinase III [Vitis vinifera],E3_2_1_14,,vv10530Aminosugars_metabolism,
528,VIT_15s0021g01590,50,0.0239,RKL1 (Receptor-like kinase 1),,,,
529,VIT_01s0010g02450,49,0.0238,B12D,,,,
530,VIT_17s0000g08290,49,0.0238,Dof zinc finger protein DOF5.6,DOF5_6,,vv60015C2C2-DOF,
531,VIT_14s0030g00340,49,0.0236,Sugar transporter ERD6-like 8,ERD6L8,,vv50121Porters_cat_1_to_6,
532,VIT_05s0077g00940,49,0.0236,Phytochrome B,PHYB,,vv30011Jasmonate_signaling,vv34710Circadian_rhythm
533,VIT_18s0001g00420,48,0.0233,Laccase,E1_10_3_2,,vv11000Single_reactions,vv50109Incompletely_characterized_transport_systems
534,VIT_08s0058g01080,48,0.0232,No hit,,,,
535,VIT_02s0012g02190,48,0.0232,Cellulose synthase CSLD2,E2_4_1_12_CSLD2,,vv40006Cell_wall,
536,VIT_05s0049g00460,46,0.0222,Basic helix-loop-helix ILR3,ILR3_3,,vv11002Auxin_biosynthesis,vv60011BHLH
537,VIT_03s0088g00710,45,0.022,Pathogenesis-related protein 1 precursor (PRP 1),PRP1,,vv30011Jasmonate_signaling,vv34626Plant-pathogen_interaction
538,VIT_17s0000g09720,45,0.0218,Unknown protein,,,,
539,VIT_18s0001g11130,45,0.0217,Calmodulin-binding protein AR781,,,,
540,VIT_02s0033g01000,44,0.0214,Anthraniloyal-CoA: methanol anthraniloyal transferase,AMAT,,vv10400Phenylalanine_tyrosine_and_tryptophan_biosynthesis,
541,VIT_07s0031g02730,44,0.0213,Reticulon-like protein B1 RTNLB1,,,,
542,VIT_04s0044g01800,44,0.0213,RNA polymerase I specific transcription initiation factor RRN3,RRN3,,,
543,VIT_13s0084g00850<br>VIT_13s0084g00880,44,0.0213,,,,,
544,VIT_04s0008g01380,44,0.0212,Unknown protein,,,,
545,VIT_18s0001g10760,43,0.0209,Strictosidine synthase,E4_3_3_2,,vv10900Terpenoid_biosynthesis,vv10902Monoterpenoid_biosynthesis
546,VIT_17s0000g06690,43,0.0208,Unknown,,,,
547,VIT_16s0013g01080,42,0.0204,Ethylene-responsive transcription factor ERF105,ERF105_9,VvERF086,vv30008Ethylene_signaling,vv60003AP2_EREBP
548,VIT_17s0000g00640,42,0.0203,No hit,,,,
549,VIT_11s0016g04050,41,0.0198,No hit,,,,
550,VIT_06s0004g03290,40,0.0194,MaoC-like dehydratase,,,,
551,VIT_18s0001g15120,40,0.0193,Unknown protein,,,,
552,VIT_00s0131g00330,39,0.0189,F-box family protein,,,,
553,VIT_08s0056g00300,39,0.0189,Unknown,,,,
554,VIT_13s0047g00790,39,0.0189,No hit,,,,
555,VIT_11s0016g01620,39,0.0188,Unknown,,,,
556,VIT_00s0780g00040,39,0.0187,RGLG2 (ring Domain LIGASE2),RGLG2,,vv50004Auxin_transport,
557,VIT_12s0035g00780,38,0.0184,Proteasome 26S regulatory subunit (RPN5),K03035,,vv23050Proteasome,
558,VIT_13s0074g00210,38,0.0183,Pyruvate kinase,E2_7_1_40,,vv10010Glycolysis,vv10230Purine_metabolism
559,VIT_18s0001g01470,38,0.0183,No hit,,,,
560,VIT_15s0046g01640,37,0.018,Abl interactor protein 1 (ABIL1),,,,
561,VIT_12s0057g01440,37,0.0179,Heavy-metal-associated domain-containing protein,,,,
562,VIT_11s0016g00710,37,0.0178,Jasmonate ZIM-domain protein 1,JAZ1_1,,vv30011Jasmonate_signaling,vv60069ZIM
563,VIT_06s0004g04180,36,0.0175,Zinc finger (C2H2 type) protein (ZAT11),ZAT11,,vv60017C2H2,
564,VIT_11s0118g00610,35,0.0169,Methyltransferase type 11,,,,
565,VIT_18s0075g00260,35,0.0169,Molecular chaperone DnaK,K04043,,vv23018RNA_degradation,vv50101Channels_and_pores
566,VIT_10s0003g04510,35,0.0169,Ankyrin,K10380,,,
567,VIT_00s0261g00020,35,0.0168,Unknown protein,,,,
568,VIT_18s0122g00860,34,0.0165,Unknown protein,,,,
569,VIT_08s0032g00040,34,0.0164,Carboxyesterase 16,CXE16,,,
570,VIT_07s0130g00250,33,0.016,4 5-DOPA dioxygenase extradiol,DODA,,vv10350Tyrosine_metabolism,
571,VIT_14s0128g00610<br>VIT_14s0128g00640,33,0.016,,,,,
572,VIT_15s0024g01330,33,0.016,No hit,,,,
573,VIT_08s0032g01220,33,0.0159,Calcium dependent protein kinase 1,CPK1,,vv34626Plant-pathogen_interaction,
574,VIT_02s0033g00700,32,0.0155,Nitrilase,E3_5_5_1,,vv10460Cyanoamino_acid_metabolism,vv10910Nitrogen_metabolism
575,VIT_01s0011g05850,32,0.0155,SEC14 cytosolic factor,SEC14,,vv50122Porters_cat_7_to_17,
576,VIT_01s0010g01330,32,0.0155,No hit,,,,
577,VIT_11s0037g01250,32,0.0154,Dolichyl-phosphate-mannose--glycolipid alpha-mannosyltransferase,E2_4_1_83,,vv10510N-Glycan_biosynthesis,
578,VIT_18s0117g00050,30,0.0146,R protein L6,K13477,,vv34627R_proteins_from_Plant-pathogen_interaction,
579,VIT_07s0104g01660,30,0.0145,HAK5 (High affinity K+ transporter 5),HAK5,,vv50125Porters_cat_66_to_94,
580,VIT_00s0208g00050<br>VIT_19s0015g00040<br>VIT_15s0045g00090,30,0.0145,,,,,
581,VIT_06s0004g07500,30,0.0145,WRKY DNA-binding protein 33,WRKY33_1,VvWRKY16,vv34626Plant-pathogen_interaction,vv60066WRKY
582,VIT_07s0005g00420,30,0.0145,Zinc finger (C3HC4-type ring finger),ZFC3HC4_195,,vv60078Other_zf-C3HC4,
583,VIT_01s0011g00470,30,0.0144,Metallophosphatase,,,,
584,VIT_08s0058g00810,30,0.0144,D-alanine--D-alanine ligase,E6_3_2_4,,vv10252Alanine_and_aspartate_metabolism,
585,VIT_00s0375g00050,29,0.014,No hit,,,,
586,VIT_13s0019g01470,29,0.014,Geranylgeranyltransferase type I beta subunit,E2_5_1_59,,vv10100Biosynthesis_of_steroids,
587,VIT_09s0018g01320,29,0.014,No hit,,,,
588,VIT_03s0088g00780,29,0.014,Pathogenesis-related protein 1 precursor (PRP 1),PRP1,,vv30011Jasmonate_signaling,vv34626Plant-pathogen_interaction
589,VIT_09s0002g06060,29,0.0139,U3 small nucleolar RNA-associated protein 5,K14546,,vv23008Ribosome_biogenesis_in_Eukaryotes,
590,VIT_05s0020g03410,28,0.0135,Aspartate aminotransferase,E2_6_1_1,vv10710Carbon_fixation,vv10252Alanine_and_aspartate_metabolism,vv10272Cysteine_metabolism
591,VIT_11s0016g01780,27,0.0131,HAB1 (homology toABI1),HAB1,,vv30001ABA_signaling,
592,VIT_17s0000g02220,27,0.013,No hit,,,,
593,VIT_05s0077g01710,26,0.0125,U3 small nucleolar RNA-associated protein 5,K14546,,vv23008Ribosome_biogenesis_in_Eukaryotes,
594,VIT_18s0001g02950,25,0.0122,Unknown protein,,,,
595,VIT_04s0008g04520,25,0.0121,Zinc finger  FYVE domain containing 26,ZFYVE26,,vv60080Other_zf,
596,VIT_03s0063g00410,25,0.0121,Alpha-amylase,E3_2_1_1,,vv10500Starch_and_sucrose_metabolism,
597,VIT_12s0134g00350,25,0.0121,Zinc finger (C3HC4-type ring finger),ZFC3HC4_228,,vv60078Other_zf-C3HC4,
598,VIT_06s0004g00730,25,0.0121,Ubiquitin-conjugating enzyme E2 D/E,K06689,,vv24120Ubiquitin_mediated_proteolysis,vv24141Protein_processing_in_endoplasmic_reticulum
599,VIT_06s0009g03730,25,0.0121,V-type H+-transporting ATPase subunit B,K02147,,vv10190Oxidative_phosphorylation,vv44145Phagosome
600,VIT_05s0020g01540,25,0.0121,Protein arginine N-methyltransferase,K00599,,vv10340Histidine_metabolism,vv10350Tyrosine_metabolism
601,VIT_03s0063g02650,25,0.012,Hydrolase  alpha/beta fold,,,,
602,VIT_18s0072g00980,24,0.0116,Leucine-rich repeat protein kinase,,,,
603,VIT_06s0009g00370,24,0.0116,U-box domain-containing protein,,,,
604,VIT_18s0117g00300,24,0.0116,Coatomer protein complex  subunit beta 2,COPB2,,vv50110Protein_coat,
605,VIT_12s0028g01410,24,0.0116,Heat shock transcription factor A4A,HSFA4A_3,,vv60037HSF,
606,VIT_13s0019g03970,23,0.0111,Ribosomal protein P0 (RPP0A) acidic 60S,K02941,,vv23010Ribosome,
607,VIT_13s0019g04060,23,0.0111,MLO1,K08472,,,
608,VIT_01s0146g00320,22,0.0108,No hit,,,,
609,VIT_08s0032g01150,22,0.0107,Syntaxin 1B/2/3/4,K08486,,vv24130SNARE_interactions_in_vesicular_transport,vv50101Channels_and_pores
610,VIT_14s0030g00490,22,0.0107,Zinc finger (DHHC type),ZFDHHC_1,,vv60079Other_zf-DHHC,
611,VIT_14s0068g02150,22,0.0107,Kelch repeat-containing F-box family protein,,,,
612,VIT_08s0032g00820,22,0.0107,No hit,,,,
613,VIT_11s0118g00040,22,0.0106,Receptor Like Protein 9,,,,
614,VIT_00s2563g00010,22,0.0106,Glycogenin glucosyltransferase,E2_4_1_186,,vv10500Starch_and_sucrose_metabolism,
615,VIT_19s0093g00110,22,0.0106,Glutathione S-transferase 22 GSTU22,E2_5_1_18_GSTU22,,vv10480Glutathione_metabolism,
616,VIT_18s0122g00300,22,0.0106,Unknown protein,,,,
617,VIT_04s0044g01030,22,0.0105,Pectinesterase family,E3_1_1_11,,vv40006Cell_wall,
618,VIT_03s0063g02140,21,0.0102,RRA2 (reduced residual arabinose 2),,,,
619,VIT_12s0034g01320,21,0.0101,TIR-NBS-LRR disease resistance,,,,
620,VIT_02s0012g01730,20,0.0097,Integrase core domain containing protein,,,,
621,VIT_02s0087g00610,20,0.0097,Unknown protein,,,,
622,VIT_02s0025g04270<br>VIT_02s0025g04260<br>VIT_02s0025g04230,20,0.0097,,,,,
623,VIT_00s0301g00060,20,0.0097,No hit,,,,
624,VIT_08s0007g05970,20,0.0097,Purple acid phosphatase 16 ATPAP16/PAP16,E3_1_3_2,,vv10740Riboflavin_metabolism,
625,VIT_16s0039g01920,20,0.0097,Myb domain protein 93,MYB93_7,MYB196,vv60044MYB,
626,VIT_06s0009g01780,20,0.0096,Cytochrome P450  family 79  subfamily A  polypeptide 2,K12153,,vv10966Glucosinolate_biosynthesis,
627,VIT_04s0008g05340,19,0.0093,Bundle-sheath defective protein 2,,,,
628,VIT_04s0008g02530,19,0.0092,ATP binding protein,,,,
629,VIT_06s0004g06500,19,0.0092,Villin,K05768,,vv44810Regulation_of_actin_cytoskeleton,
630,VIT_14s0030g00410,19,0.0092,Arabidopsis histidine phosphotransfer AHP1,AHP1,,vv30007Cytokinin_signaling,
631,VIT_14s0006g03280,19,0.0091,Nuclear matrix constituent protein 1,,,,
632,VIT_07s0031g02650,18,0.0088,Unknown protein,,,,
633,VIT_03s0088g00720,18,0.0088,Pathogenesis-related protein 1 precursor (PRP 1),PRP1,,vv30011Jasmonate_signaling,vv34626Plant-pathogen_interaction
634,VIT_01s0011g05230,18,0.0087,GTPase activating protein,,,,
635,VIT_08s0040g03310,18,0.0087,Unknown protein,,,,
636,VIT_17s0000g00320,17,0.0082,Auxin response factor 2,ARF2_1,,vv30003Auxin_signaling,vv60004ARF
637,VIT_07s0005g01800,17,0.0082,Agenet domain-containing protein,,,,
638,VIT_01s0011g05610,17,0.0082,Caleosin,CALEOSIN,,vv30001ABA_signaling,
639,VIT_00s0264g00010<br>VIT_00s0434g00010,16,0.0078,,,,,
640,VIT_18s0075g00630,16,0.0078,Laccase,E1_10_3_2,,vv11000Single_reactions,vv50109Incompletely_characterized_transport_systems
641,VIT_01s0010g01160,16,0.0077,Zinc finger (DHHC type),ZFDHHC_4,,vv60079Other_zf-DHHC,
642,VIT_15s0045g01030,16,0.0077,MRP-like ABC transporter MRP6,MRP6,,vv52010ABC_transporters,
643,VIT_05s0020g01140,16,0.0077,Ribosomal protein L18,K02881,,vv23010Ribosome,
644,VIT_05s0077g01150,16,0.0077,Beta-1 3-glucanase,E3_2_1_6,,,
645,VIT_11s0016g05250,15,0.0073,Methyltransferase FkbM family,,,,
646,VIT_17s0119g00240,15,0.0073,Trypsin and protease inhibitor Kunitz family,,,,
647,VIT_08s0007g02810,15,0.0073,Regulator of the ATPase vacuolar RAV2,RAV2,VvRAV5,vv60001ABI3VP1,
648,VIT_07s0151g00260,15,0.0073,Quinone-oxidoreductase  Chloroplast,K03956,,vv10190Oxidative_phosphorylation,vv50134Primary_active_transporter_cat_D1
649,VIT_07s0151g00850,15,0.0073,Unknown,,,,
650,VIT_19s0085g00070,15,0.0073,Ubiquitin-activating enzyme E1,K03178,,vv24120Ubiquitin_mediated_proteolysis,
651,VIT_15s0024g00770,15,0.0073,No hit,,,,
652,VIT_01s0011g05470,15,0.0072,PGPS/D12,,,,
653,VIT_03s0063g01340,15,0.0072,Gibberellin 20 oxidase 2,E1_14_11_12,,vv10904Diterpenoid_biosynthesis,
654,VIT_04s0023g01620,15,0.0072,No hit,,,,
655,VIT_08s0105g00200,15,0.0072,U-box domain-containing protein,,,,
656,VIT_05s0051g00860,14,0.0068,PTAC5 (plastid transcriptionally active5),PTAC5,,,
657,VIT_14s0060g00010,14,0.0068,Ribosomal protein L21,K02888,,vv23010Ribosome,
658,VIT_03s0038g02960,14,0.0068,Pentatricopeptide (PPR) repeat-containing protein,,,,
659,VIT_05s0020g00360,14,0.0067,Bucentaur or craniofacial development (BCNT),,,,
660,VIT_17s0053g00750,13,0.0063,Unknown protein,,,,
661,VIT_11s0016g03770,13,0.0063,Dynein light chain LC6  flagellar outer arm,K10418,,vv44810Regulation_of_actin_cytoskeleton,
662,VIT_08s0032g00940,13,0.0063,DnaJ homolog  subfamily A  member 2,K09503,,vv50132Primary_active_transporter_cat_A5_to_A8,
663,VIT_16s0039g01110,13,0.0063,Phenylalanin ammonia-lyase [Vitis vinifera],E4_3_1_5,,vv10350Tyrosine_metabolism,vv10360Phenylalanine_metabolism
664,VIT_00s0332g00100,13,0.0063,No hit,,,,
665,VIT_02s0025g02940,13,0.0063,Caffeic acid O-3-methyltransferase,E2_1_1_68,,vv10940Phenylpropanoid_biosynthesis,
666,VIT_01s0026g01280,13,0.0062,EMB2745 (embryo defective 2745),,,,
667,VIT_00s2776g00010,12,0.0058,S-locus lectin protein kinase,,,,
668,VIT_16s0050g01250,12,0.0058,Heavy-metal-associated domain-containing protein,,,,
669,VIT_00s0181g00160,12,0.0058,F-box family protein,,,,
670,VIT_01s0011g05290,12,0.0058,Inorganic carbon transport protein,INCARBTR,,,
671,VIT_03s0063g01500,12,0.0058,CYP82C3,,,,
672,VIT_01s0010g00820,12,0.0058,2-oxoglutarate decarboxylase,E4_1_1_71,,vv10251Glutamate_metabolism,
673,VIT_15s0045g00880<br>VIT_15s0045g00980,12,0.0058,,,,,
674,VIT_19s0177g00370,12,0.0058,ADP ATP carrier protein,K05863,,vv50123Porters_cat_18_to_29,
675,VIT_05s0102g00210,12,0.0058,Unknown protein,,,,
676,VIT_15s0045g01440,12,0.0058,Eceriferum 1 (CER1 protein) Sterol desaturase,,,,
677,VIT_00s0369g00010,12,0.0058,No hit,,,,
678,VIT_18s0086g00590,12,0.0058,Auxin-binding protein ABP19,ABP19,,vv30003Auxin_signaling,
679,VIT_17s0000g04750,12,0.0058,UDP-glycosyltransferase 89B2,E2_4_1_17,,vv10040Pentose_glucuronate_interconversion,vv10500Starch_and_sucrose_metabolism
680,VIT_18s0075g00410,11,0.0054,Sucrose-phosphate synthase - like protein,E2_4_1_14,,vv10500Starch_and_sucrose_metabolism,
681,VIT_07s0104g01060,11,0.0053,SWA1 (slow walker1); nucleotide binding,K14549,,vv23008Ribosome_biogenesis_in_Eukaryotes,
682,VIT_01s0011g05930,10,0.0049,S-adenosyl-L-methionine:carboxyl methyltransferase,,,,
683,VIT_11s0103g00420,10,0.0049,XH/XS domain-containing protein,,,,
684,VIT_18s0001g12520,10,0.0048,ATP binding,,,,
685,VIT_17s0000g02990,10,0.0048,MATE efflux family protein,MATE,,vv50125Porters_cat_66_to_94,
686,VIT_02s0025g04310,10,0.0048,Thaumatin,,,,
687,VIT_03s0063g00070,10,0.0048,PAB8 (poly(A) binding protein 8),K13126,,vv23013RNA_transport,vv23015mRNA_surveillance_pathway
688,VIT_02s0087g00770,10,0.0048,ABC transporter E member 1,K06174,,vv52010ABC_transporters,
689,VIT_04s0069g00470,10,0.0048,No hit,,,,
690,VIT_12s0034g00260,10,0.0048,Unknown,,,,
691,VIT_07s0031g00130,10,0.0048,Kinesin protein FRA1 (fragile fiber 1),FRA1,,vv44810Regulation_of_actin_cytoskeleton,
692,VIT_08s0040g00870,10,0.0048,BZIP transcription factor BZIP28,BZIP28,VvbZIP24,vv60012BZIP,
693,VIT_07s0104g01500,9,0.0044,Transcription termination factor mitochondrial mTERF,MTERF_10,,vv60085MTERF,
694,VIT_10s0003g01940,9,0.0044,RKF1 (receptor-like kinase in flowers 1),,,,
695,VIT_14s0060g02060,9,0.0044,Tetratricopeptide repeat (TPR)-containing,,,,
696,VIT_01s0011g00740,9,0.0044,Processing peptidase beta subunit  mitochondrial,E3_4_24_64,,,
697,VIT_13s0175g00150<br>VIT_13s0019g00830,9,0.0044,,,,,
698,VIT_05s0020g03980,9,0.0044,Calmodulin-binding region IQD19,,,,
699,VIT_12s0028g01770,9,0.0044,FAD-linked oxidoreductase 1,,,,
700,VIT_18s0089g00070,9,0.0044,TIR-NBS-LRR-TIR disease resistance protein,,,,
701,VIT_05s0020g03380,9,0.0044,WNK1 (with no lysine (K) 1),WNK1,,vv34710Circadian_rhythm,
702,VIT_14s0128g00680,9,0.0044,Germin,,,,
703,VIT_00s1278g00010,9,0.0043,Brassinosteroid insensitive 1-associated receptor kinase 1,BAK1,,vv30005Brassinosteroids_signaling,
704,VIT_16s0148g00210,9,0.0043,Receptor kinase homolog LRK10,,,,
705,VIT_05s0020g02730,9,0.0043,Nectarin IV NEC4,,,,
706,VIT_17s0000g08990,9,0.0043,Alliinase,E4_4_1_4,,vv10272Cysteine_metabolism,
707,VIT_04s0008g04240,9,0.0043,ferredoxin,K02639,,vv10195Photosynthesis,
708,VIT_03s0017g01710,9,0.0043,No hit,,,,
709,VIT_18s0072g00630,8,0.0039,TUBBY like protein 1 TLP10,TLP10_1,,vv60063TUB,
710,VIT_10s0003g00580,8,0.0038,ERF/AP2 transcription factor sub B-3  (ATERF-2),ERF1_5,VvERF075,vv30008Ethylene_signaling,vv30011Jasmonate_signaling
711,VIT_14s0006g00440,7,0.0034,NADH dehydrogenase subunit 4,K03881,,vv10190Oxidative_phosphorylation,vv50134Primary_active_transporter_cat_D1
712,VIT_05s0062g00920,7,0.0034,No hit,,,,
713,VIT_01s0010g00850,7,0.0034,Menaquinone biosynthesis protein,K03183,,vv10130Ubiquinone_biosynthesis,
714,VIT_17s0000g04660,7,0.0034,Agmatine deiminase,E3_5_3_12,,vv10220Urea_cycle_and_metabolism_of_amino_groups,
715,VIT_18s0001g04280,7,0.0034,(-)-germacrene D synthase,E4_2_3_22,,vv10900Terpenoid_biosynthesis,
716,VIT_04s0023g01170,7,0.0034,Unknown protein,,,,
717,VIT_18s0001g05290,7,0.0034,(-)-germacrene D synthase,E4_2_3_22,,vv10900Terpenoid_biosynthesis,
718,VIT_06s0009g01100,7,0.0034,DegP1 protease,E3_4_21_107,,,
719,VIT_19s0090g00750,7,0.0034,Dihydrolipoamide succinyltransferase,E2_3_1_61,,vv10020Citrate_cycle,
720,VIT_01s0026g00580,7,0.0034,Receptor protein kinase,,,,
721,VIT_16s0013g00890,7,0.0034,Ethylene-responsive element binding factor,ERF1A,VvERF077,vv30008Ethylene_signaling,vv60003AP2_EREBP
722,VIT_17s0000g01580,7,0.0034,No hit,,,,
723,VIT_09s0054g00780,7,0.0034,Pseudouridine synthase,E4_2_1_70,,vv10240Pyrimidine_metabolism,
724,VIT_18s0001g09230,6,0.0029,Salt tolerance zinc finger,STZ_2,,vv60017C2H2,
725,VIT_18s0001g11870,6,0.0029,No hit,,,,
726,VIT_05s0020g03290,6,0.0029,S-receptor kinase,,,,
727,VIT_18s0001g13340,6,0.0029,Purple acid phosphatase 32- ATPAP32/PAP32,E3_1_3_2,,vv10740Riboflavin_metabolism,
728,VIT_02s0154g00040,6,0.0029,Thylakoid lumenal protein,,,,
729,VIT_11s0016g00880,6,0.0029,Strictosidine synthase; Soluble quinoprotein glucose dehydrogenase,E4_3_3_2,,vv10900Terpenoid_biosynthesis,vv10902Monoterpenoid_biosynthesis
730,VIT_00s1206g00020,6,0.0029,WD-40 repeat,,,,
731,VIT_08s0040g00300,6,0.0029,No hit,,,,
732,VIT_10s0003g01710,6,0.0029,Ubiquitin domain containing 2,,,,
733,VIT_15s0021g02790,6,0.0029,ATELC/ELC,VPS23,,vv50111Tethering_factors,
734,VIT_15s0107g00390,6,0.0029,5'-adenylylsulfate reductase (APR3),E1_8_4_8,,vv10920Sulfur_metabolism,
735,VIT_01s0011g03310,6,0.0029,Unknown protein,,,,
736,VIT_09s0002g02970,6,0.0029,Unknown,,,,
737,VIT_03s0017g01400,6,0.0029,Adhesive/proline-rich protein,,,,
738,VIT_03s0063g00930,6,0.0029,EMB2745,,,,
739,VIT_06s0080g00300,6,0.0029,Pentatricopeptide (PPR) repeat-containing,,,,
740,VIT_15s0021g01260,6,0.0029,Unknown,,,,
741,VIT_03s0088g00810,6,0.0029,Pathogenesis-related protein 1 precursor (PRP 1),PRP1,,vv30011Jasmonate_signaling,vv34626Plant-pathogen_interaction
742,VIT_16s0039g01230,6,0.0029,VPS5A subunit of retromer complex,VPS5A,,vv50110Protein_coat,
743,VIT_17s0000g05360,6,0.0029,Germin,,,,
744,VIT_07s0104g01430,6,0.0029,Phototropic-responsive NPH3,,,,
745,VIT_09s0070g00290,6,0.0029,Pentatricopeptide (PPR) repeat-containing protein,,,,
746,VIT_10s0042g00590,6,0.0029,Leucine-rich repeat receptor-like protein kinase 1,,,,
747,VIT_16s0098g00220,6,0.0029,Membrane located receptor,,,,
748,VIT_12s0034g02180,6,0.0029,Aminomethyltransferase,E2_1_2_10,,vv10260Glycine_serine_and_threonine_metabolism,vv10670One_carbon_pool_by_folate
749,VIT_18s0001g11620,6,0.0029,WAK receptor protein kinase,,,,
750,VIT_15s0048g02940,6,0.0029,Unknown,,,,
751,VIT_11s0016g01680,6,0.0029,No hit,,,,
752,VIT_05s0094g00200,6,0.0029,Chitinase class IV,E3_2_1_14,,vv10530Aminosugars_metabolism,
753,VIT_19s0014g01460,6,0.0029,Ubiquitin-conjugating enzyme E2 N,K10580,,vv24120Ubiquitin_mediated_proteolysis,
754,VIT_11s0149g00280,6,0.0029,Chitinase A,E3_2_1_14,,vv10530Aminosugars_metabolism,
755,VIT_09s0054g00580<br>VIT_09s0054g00570,6,0.0029,,,,,
756,VIT_09s0002g02280,6,0.0029,No hit,,,,
757,VIT_04s0008g07220,6,0.0029,Chloroplast nucleoid DNA binding protein,,,,
758,VIT_12s0028g00860,6,0.0029,NAC domain-containing protein 42,NAC042_5,VvNAC36,vv60046NAC,
759,VIT_04s0043g00710,6,0.0029,Hypoxia up-regulated 1 HSP70,K09486,,vv50101Channels_and_pores,
760,VIT_13s0067g00260,6,0.0029,Nematode-resistance protein,,,,
761,VIT_19s0014g01370,5,0.0024,Curculin (mannose-binding) lectin,,,,
762,VIT_16s0050g02020<br>VIT_16s0050g02030,4,0.0019,,,,,
763,VIT_15s0021g01280,4,0.0019,Cyclin-U4-1 (CycU4;1) CYCP4;1,CYCP4_1,,vv44110Cell_cycle,
764,VIT_14s0036g00890,4,0.0019,UDP-N-acetylglucosamine--peptide N-acetylglucosaminyltransferase,E2_4_1_41,,vv11030Glycan_structures-biosynthesis1,
765,VIT_17s0000g00030,4,0.0019,Substrate carrier family mitochondrial,K03454,,vv50123Porters_cat_18_to_29,
766,VIT_14s0030g01070,4,0.0019,No hit,,,,
767,VIT_00s0317g00160,4,0.0019,Chalcone and stilbene synthases,E2_3_1_74,,vv10941Flavonoid_biosynthesis,
768,VIT_14s0128g00540<br>VIT_14s0128g00570<br>VIT_14s0128g00600,4,0.0019,,,,,
769,VIT_13s0074g00800,4,0.0019,CCHC-type integrase,,,,
770,VIT_12s0059g00170,4,0.0019,GCN5 N-acetyltransferase (GNAT),GCN5_16,,vv60082GNAT,
771,VIT_12s0057g00990,4,0.0019,Beta 1 2 N-acetylglucosaminyltransferase,E2_4_1_143,,vv10510N-Glycan_biosynthesis,vv11030Glycan_structures-biosynthesis1
772,VIT_16s0022g00610,4,0.0019,Unknown protein,,,,
773,VIT_13s0067g00110,3,0.0015,CYP72A1,K13400,,vv10902Monoterpenoid_biosynthesis,
774,VIT_13s0064g00670,3,0.0015,No hit,,,,
775,VIT_04s0079g00750,3,0.0015,No hit,,,,
776,VIT_00s0265g00010,3,0.0015,Phosphoglycerate mutase,E5_4_2_1,,vv10010Glycolysis,
777,VIT_08s0007g03360,3,0.0015,EMB1345 (embryo defective 1345),,,,
778,VIT_00s0760g00010,3,0.0015,H(+)-ATPase 7 AHA7,K01535,,vv10190Oxidative_phosphorylation,vv50131Primary_active_transporter_cat_A2_to_A4
779,VIT_14s0081g00720,3,0.0015,Basic helix-loop-helix (bHLH) family,BHLHDOM_9,,vv60011BHLH,
780,VIT_04s0023g03240,3,0.0015,Transcription factor TFIIF,K03138,,vv23022Basal_transcription_factors,
781,VIT_06s0009g01810,3,0.0015,APK2A (protein kinase 2A),,,,
782,VIT_04s0008g04960,3,0.0015,Pentatricopeptide (PPR) repeat-containing protein,,,,
783,VIT_14s0030g01370,3,0.0015,Methyltransferase type 12,,,,
784,VIT_08s0007g05950,3,0.0015,Purple acid phosphatase 16 ATPAP16/PAP16,E3_1_3_2,,vv10740Riboflavin_metabolism,
785,VIT_00s1547g00010<br>VIT_00s1596g00010,3,0.0015,,,,,
786,VIT_01s0026g00300,3,0.0015,Zinc finger (C3HC4-type ring finger),ZFC3HC4_105,,vv60078Other_zf-C3HC4,
787,VIT_07s0005g05780,3,0.0015,Pantoate--beta-alanine ligase,E6_3_2_1,,vv10410Beta-alanine_metabolism,vv10770Pantothenate_and_CoA_biosynthesis
788,VIT_04s0044g00940,3,0.0015,ATXR5 (setdomain group 15),E2_1_1_43ATXR5_3,,vv10300Lysine_biosynthesis,vv60048PHD
789,VIT_09s0002g03250,3,0.0015,Profilin 4 (PRO4) (PFN4),K05759,,vv44810Regulation_of_actin_cytoskeleton,
790,VIT_11s0052g00220,3,0.0015,Unknown protein,,,,
791,VIT_07s0141g00130,3,0.0015,Protein phosphatase 2C,,,,
792,VIT_04s0008g06180,3,0.0015,Histone-lysine N-methyltransferase ATX1,E2_1_1_43ATX1,,vv10300Lysine_biosynthesis,vv60056SET_PCG
793,VIT_14s0083g01230,3,0.0015,Heat shock protein 81-4 (HSP81-4),K04079,,vv24141Protein_processing_in_endoplasmic_reticulum,vv34626Plant-pathogen_interaction
794,VIT_13s0019g03520,3,0.0015,No hit,,,,
795,VIT_06s0080g00450,3,0.0015,Calcium-binding protein CML,K13448,,vv34626Plant-pathogen_interaction,
796,VIT_19s0014g04080,3,0.0015,Serine/threonine-protein kinase receptor ARK3,,,,
797,VIT_02s0033g01030,3,0.0015,Anthraniloyal-CoA: methanol anthraniloyal transferase,AMAT,,vv10400Phenylalanine_tyrosine_and_tryptophan_biosynthesis,
798,VIT_16s0022g01340,3,0.0015,Deoxyribodipyrimidine photolyase,E4_1_99_3,,,
799,VIT_02s0025g00580,3,0.0015,Glycoside hydrolase  family 5,,,,
800,VIT_17s0000g02950,3,0.0015,Glutathione S-transferase 25 GSTU7,E2_5_1_18_GSTU7,,vv10480Glutathione_metabolism,
801,VIT_08s0007g08410,3,0.0015,4 5-DOPA dioxygenase extradiol,DODA,,vv10350Tyrosine_metabolism,
802,VIT_13s0019g00720,3,0.0015,Zinc knuckle,ZFC2HC,,,
803,VIT_02s0033g00790,3,0.0015,Nitrilase 4B,E3_5_5_1,,vv10460Cyanoamino_acid_metabolism,vv10910Nitrogen_metabolism
804,VIT_06s0080g00580,3,0.0015,Rac GTPase activating protein 1,RHOGAP,,vv50109Incompletely_characterized_transport_systems,
805,VIT_18s0166g00190,3,0.0015,U-box domain-containing protein,,,,
806,VIT_08s0007g01610,3,0.0015,KOW domain-containing transcription factor family protein,KOWDOM,,,
807,VIT_00s0208g00020,3,0.0015,COP9 signalosome complex subunit 4,,,,
808,VIT_00s0265g00070,3,0.0015,Ubiquitin-conjugating enzyme E2 O,K10581,,vv24120Ubiquitin_mediated_proteolysis,
809,VIT_18s0117g00550,3,0.0015,Laccase,E1_10_3_2,,vv11000Single_reactions,vv50109Incompletely_characterized_transport_systems
810,VIT_01s0137g00080,3,0.0015,Aldehyde dehydrogenase (NAD+),E1_2_1_3,vv10561Glycerolipid_metabolism,vv10010Glycolysis,vv10071Fatty_acid_metabolism
811,VIT_04s0008g04750,3,0.0015,Monooxygenase,,,,
812,VIT_02s0033g00660<br>VIT_02s0033g00850<br>VIT_02s0033g00870<br>VIT_02s0033g00800,3,0.0015,,,,,
813,VIT_14s0068g01730,3,0.0015,ABCNAP14,K02006,,vv52010ABC_transporters,
814,VIT_08s0007g00620,3,0.0015,Zinc finger (DHHC type),ZFDHHC_8,,vv60079Other_zf-DHHC,
815,VIT_08s0007g05090,3,0.0015,DNA-binding protein,,,,
816,VIT_17s0000g07780,3,0.0015,Calmodulin-binding protein,K02183,,vv34020Calcium_signaling_pathway,vv34626Plant-pathogen_interaction
817,VIT_06s0080g00210,3,0.0015,Histone deacetylase protein (HDA8),HDA08,,vv44110Cell_cycle,
818,VIT_18s0001g06210,3,0.0015,No hit,,,,
819,VIT_14s0083g00080,3,0.0015,Unknown protein,,,,
820,VIT_04s0069g00120,3,0.0015,Cullin 3a,K03869,,vv24120Ubiquitin_mediated_proteolysis,
821,VIT_16s0050g02450,3,0.0015,Proline-rich cell wall protein,,,,
822,VIT_01s0010g03860,3,0.0015,Unknown,,,,
823,VIT_08s0007g08320,3,0.0015,Pentatricopeptide (PPR) repeat-containing,,,,
824,VIT_18s0117g00420,3,0.0015,Unknown,,,,
825,VIT_05s0077g00450,3,0.0014,Ribosomal protein S1 30S,K02945,,vv23010Ribosome,
826,VIT_04s0044g00950,3,0.0014,ATXR5 (setdomain group 15),E2_1_1_43ATXR5_2,,vv10300Lysine_biosynthesis,vv60048PHD
827,VIT_11s0016g05030,3,0.0014,No hit,,,,
828,VIT_14s0108g01300,3,0.0014,Division regulator MinE  Plastid,MINE1,,vv44110Cell_cycle,
829,VIT_01s0113g00400,3,0.0014,No hit,,,,
830,VIT_03s0088g01180,3,0.0014,Proline iminopeptidase,E3_4_11_5,,vv10330Arginine_and_proline_metabolism,
831,VIT_12s0028g03270,3,0.0014,Ethylene-responsive transcription factor 9,ERF9_1,,vv30008Ethylene_signaling,vv60003AP2_EREBP
832,VIT_15s0045g01020,3,0.0014,R protein  PRF  disease resistance protein,K13453,,vv34627R_proteins_from_Plant-pathogen_interaction,
833,VIT_19s0085g00900,3,0.0014,Unknown protein,,,,
834,VIT_04s0044g01040,3,0.0014,Basic helix-loop-helix (bHLH) family,BHLHDOM_94,,vv60011BHLH,
835,VIT_05s0029g00170,3,0.0014,Small ubiquitin modifier 2 (SUMO),K12160,,vv23013RNA_transport,vv50112Nuclear_pore_complex
836,VIT_12s0034g02240,3,0.0014,Potassium channel AKT2/3,AKT2,,vv50101Channels_and_pores,
837,VIT_13s0019g01810,3,0.0014,Scarecrow transcription factor 14 (SCL14),SCL14_3,,vv60032GRAS,
838,VIT_08s0007g06470,3,0.0014,VQ motif-containing protein,,,,
839,VIT_02s0025g04100,3,0.0014,CCR4-NOT transcription complex subunit 2,K12605,,vv23018RNA_degradation,
840,VIT_18s0001g04490,3,0.0014,Germacrene-D synthase,E4_2_3_22,,vv10900Terpenoid_biosynthesis,
841,VIT_01s0010g03040,3,0.0014,Calcium-binding protein CML,K13448,,vv34626Plant-pathogen_interaction,
842,VIT_14s0068g01300,3,0.0014,Serine palmitoyltransferase,E2_3_1_50,,vv10600Sphingolipid_metabolism,
843,VIT_05s0049g02130,3,0.0014,Glutamyl-tRNA(Gln) amidotransferase B,E6_3_5_6,,vv10251Glutamate_metabolism,vv10252Alanine_and_aspartate_metabolism
844,VIT_18s0001g06400,3,0.0014,No hit,,,,
845,VIT_15s0045g01120,3,0.0014,6-phosphofructokinase,E2_7_1_11,,vv10010Glycolysis,vv10030Pentose_phosphate
846,VIT_08s0040g01610,3,0.0014,2-phosphoglycerate kinase,K05715,,vv10010Glycolysis,
847,VIT_05s0094g00410,3,0.0014,Unknown protein,,,,
848,VIT_14s0128g00050,3,0.0014,Thylakoid lumenal 18.3 kDa protein,,,,
849,VIT_09s0054g01000,3,0.0014,Unknown,,,,
850,VIT_07s0129g00470,3,0.0014,Unknown protein,,,,
851,VIT_00s0748g00020,3,0.0014,Receptor kinase RK20-1,,,,
852,VIT_19s0027g00380,3,0.0014,Amine oxidase,E1_4_3_4,,vv10220Urea_cycle_and_metabolism_of_amino_groups,vv10340Histidine_metabolism
853,VIT_02s0154g00300,3,0.0014,Small nuclear ribonucleoprotein Sm D3,K04796,,,
854,VIT_02s0025g04280,3,0.0014,Osmotin,,,,
855,VIT_19s0014g04060,3,0.0014,ARK3 (Arabidopsis Receptor Kinase 3),,,,
856,VIT_19s0015g02590,3,0.0014,Glutathione S-transferase 25 GSTU25,E2_5_1_18_GSTU25,,vv10480Glutathione_metabolism,
857,VIT_19s0015g00220,3,0.0014,Unknown protein,,,,
858,VIT_02s0025g00420,3,0.0014,WRKY DNA-binding protein 27,WRKY27_2,VvWRKY04,vv60066WRKY,
859,VIT_11s0016g01470,3,0.0014,Lecithine cholesterol acyltransferase,E2_3_1_43,,vv10564Glycerophospholipid_metabolism,
860,VIT_01s0010g01580,3,0.0014,No hit,,,,
861,VIT_16s0050g02530,3,0.0014,Myb Triptychon,TRIPTYCHON_1,,vv44110Cell_cycle,vv60045MYBrelated
862,VIT_16s0115g00160,3,0.0014,LEM3 (ligand-effect modulator 3),LEM3,,vv50108Accessory_factors_involved_in_transport,
863,VIT_11s0037g00290,3,0.0014,Plastocyanin domain-containing protein,K02638,,vv10195Photosynthesis,vv50113Thylakoid_targeting_pathway
