Vv_m2,2000,1000,VIT_10s0042g00880,,,,,
rank,node,Fabs,Frel,Functional-annotation,Name-EC-KeggID,Updated-name,Network1,Network2
1,VIT_15s0024g01670,2069,1,Receptor kinase RK20-1,,,,
2,VIT_00s0471g00020,2079,1,Unknown,,,,
3,VIT_14s0060g00540,2045,1,TPA: class III peroxidase 70 precursor,E1_11_1_7,,vv10360Phenylalanine_metabolism,vv10680Methane_metabolism
4,VIT_10s0116g01360<br>VIT_10s0116g01290<br>VIT_10s0116g01330<br>VIT_10s0116g01270,2071,1,,,,,
5,VIT_19s0027g00870,2078,1,NAC domain-containing protein 42,NAC042_3,VvNAC30,vv60046NAC,
6,VIT_10s0042g00910,2084,1,Stilbene synthase [Vitis pseudoreticulata],E2_3_1_95,,vv10940Phenylpropanoid_biosynthesis,
7,VIT_16s0039g01110,2070,1,Phenylalanin ammonia-lyase [Vitis vinifera],E4_3_1_5,,vv10350Tyrosine_metabolism,vv10360Phenylalanine_metabolism
8,VIT_05s0020g02730,2064,1,Nectarin IV NEC4,,,,
9,VIT_10s0116g01310,2080,1,F-box family protein,,,,
10,VIT_10s0003g04200,2062,1,Lipase class 3,,,,
11,VIT_19s0027g00860,2078,0.9995,NAC domain-containing protein 42,NAC042_2,VvNAC31,vv60046NAC,
12,VIT_03s0038g04170,2073,0.9995,Lectin protein kinase,,,,
13,VIT_09s0002g08580,2061,0.9995,Pentatricopeptide (PPR) repeat-containing protein,,,,
14,VIT_07s0005g03220,2077,0.999,Ethylene-responsive transcription factor ERF098,ERF098_1,VvERF098,vv30008Ethylene_signaling,vv60003AP2_EREBP
15,VIT_11s0016g01970,2056,0.9981,Calmodulin-binding region IQD6,,,,
16,VIT_00s0567g00050,2060,0.9957,Patatin 2,,,,
17,VIT_04s0069g00880,2069,0.9914,No hit,,,,
18,VIT_01s0010g01970<br>VIT_01s0010g01980,2056,0.9904,,,,,
19,VIT_15s0021g01600,2027,0.9869,Ethylene responsive element binding factor 2,ERF2,VvERF073,vv30008Ethylene_signaling,
20,VIT_09s0002g00230,2037,0.9845,Pentatricopeptide (PPR) repeat-containing protein,,,,
21,VIT_00s0625g00030,2036,0.9836,RAB GTPase RABA4A,K07976,,,
22,VIT_00s0748g00020,2034,0.9831,Receptor kinase RK20-1,,,,
23,VIT_05s0094g00170,2031,0.9788,Protein transport protein Sec61 subunit beta,K09481,,vv23060Protein_export,vv24141Protein_processing_in_endoplasmic_reticulum
24,VIT_18s0117g00280,2016,0.9767,Coatomer protein complex  subunit beta 2,COPB2,,vv50110Protein_coat,
25,VIT_04s0023g01070,2000,0.9732,Nod-factor receptor NFR5a,,,,
26,VIT_00s0250g00090,2010,0.9691,Oxidoreductase  2OG-Fe(II) oxygenase,,,,
27,VIT_16s0100g01000,2004,0.9667,Stilbene synthase 4,E2_3_1_95,,vv10940Phenylpropanoid_biosynthesis,
28,VIT_17s0000g04360,1995,0.9628,Wall-associated kinase 2 (WAK2),,,,
29,VIT_14s0081g00210,1987,0.9613,No hit,,,,
30,VIT_12s0028g01630,1984,0.9608,S-receptor kinase,,,,
31,VIT_16s0100g01110,1963,0.9543,Resveratrol synthase (RS1),E2_3_1_95,,vv10940Phenylpropanoid_biosynthesis,
32,VIT_01s0010g01960,1968,0.9493,Anionic peroxidase,E1_11_1_7,,vv10360Phenylalanine_metabolism,vv10680Methane_metabolism
33,VIT_06s0004g01980,1963,0.9492,No hit,,,,
34,VIT_07s0205g00190,1960,0.9478,Basic helix-loop-helix (bHLH) family,BHLHDOM_57,,vv60011BHLH,
35,VIT_13s0067g03280,1963,0.9465,Inorganic phosphate transporter 1-3,PHT1_3,,vv50121Porters_cat_1_to_6,
36,VIT_03s0063g02650,1964,0.9442,Hydrolase  alpha/beta fold,,,,
37,VIT_12s0028g01450,1960,0.9432,S-receptor kinase,,,,
38,VIT_06s0004g00020,1950,0.9425,NAC domain containing protein 32,NAC032,VvNAC44,vv60046NAC,
39,VIT_10s0003g03800,1946,0.9374,Jasmonate ZIM domain-containing protein 8,JAZ8_1,,vv30011Jasmonate_signaling,vv60069ZIM
40,VIT_00s1386g00010,1939,0.9367,F-box family protein,,,,
41,VIT_14s0083g00920,1916,0.9315,No hit,,,,
42,VIT_16s0100g00900,1915,0.9301,Stilbene synthase [Vitis pseudoreticulata],E2_3_1_95,,vv10940Phenylpropanoid_biosynthesis,
43,VIT_12s0034g01230,1926,0.9246,Thaumatin ATLP-1,,,,
44,VIT_10s0042g00930<br>VIT_10s0042g00890<br>VIT_10s0042g00870<br>VIT_10s0042g00860<br>VIT_10s0042g00920,1929,0.9243,,,,,
45,VIT_14s0060g00520,1923,0.9232,TPA: class III peroxidase 70 precursor,E1_11_1_7,,vv10360Phenylalanine_metabolism,vv10680Methane_metabolism
46,VIT_06s0004g08060,1898,0.9205,Lipid transfer protein 3,LTP3,,,
47,VIT_18s0117g00180,1901,0.9184,CYP71B10,CYP71B10,,vv10940Phenylpropanoid_biosynthesis,
48,VIT_13s0073g00570,1878,0.9108,Cyclin B2;4,CYCB2_4,,vv44110Cell_cycle,
49,VIT_00s0567g00040,1872,0.9105,Patatin,,,,
50,VIT_09s0070g00260,1862,0.9065,No hit,,,,
51,VIT_17s0000g04370,1862,0.9004,Wall-associated kinase,,,,
52,VIT_15s0024g00400,1863,0.8991,R protein MLA10,K13475,,vv34627R_proteins_from_Plant-pathogen_interaction,
53,VIT_02s0012g01490,1868,0.8968,No hit,,,,
54,VIT_01s0011g03850,1848,0.8919,Unknown protein,,,,
55,VIT_09s0002g04400,1824,0.8824,PHD zinc finger protein,,,,
56,VIT_10s0042g00850,1819,0.8813,Stilbene synthase [Vitis pseudoreticulata],E2_3_1_95,,vv10940Phenylpropanoid_biosynthesis,
57,VIT_06s0004g04620,1817,0.8799,Unknown,,,,
58,VIT_19s0027g00840,1806,0.875,NAC domain-containing protein 42,NAC042_4,VvNAC32,vv60046NAC,
59,VIT_02s0025g03300,1776,0.8672,Potassium channel tetramerisation domain-containing protein,KCTREL,,vv50101Channels_and_pores,
60,VIT_00s0144g00300,1783,0.8597,HcrVf2 protein,,,,
61,VIT_11s0016g02070,1773,0.8582,Basic helix-loop-helix (bHLH) family,BHLHDOM_63,,vv60011BHLH,
62,VIT_12s0057g00510,1767,0.8569,Phototropic-responsive NPH3,,,,
63,VIT_18s0001g01100,1776,0.8563,KOW domain-containing factor family protein,KOWDOM,,,
64,VIT_18s0117g00290,1760,0.8511,Coatomer protein complex  subunit beta 2,COPB2,,vv50110Protein_coat,
65,VIT_18s0089g01000,1765,0.8502,F-box family protein,,,,
66,VIT_10s0003g04210<br>VIT_10s0003g04230,1764,0.8497,,,,,
67,VIT_18s0001g10200<br>VIT_18s0001g10230,1750,0.8409,,,,,
68,VIT_00s0270g00030,1725,0.8394,NC domain-containing protein,,,,
69,VIT_19s0014g01760,1719,0.8345,Glutamate receptor 2.8,GLR2_8,,vv50101Channels_and_pores,
70,VIT_06s0004g07250,1733,0.834,UDP-glucoronosyl and UDP-glucosyl transferase,,,,
71,VIT_08s0007g08080,1716,0.8334,G protein beta subunit-like,K08266,,vv34150mTOR_signaling_pathway,
72,VIT_18s0001g00400,1737,0.8323,Laccase,E1_10_3_2,,vv11000Single_reactions,vv50109Incompletely_characterized_transport_systems
73,VIT_18s0076g00200,1707,0.8286,DELLA protein RGL2 (RGA-like protein 2),RGL2_1,,vv30010Gibberellin_signaling,vv60032GRAS
74,VIT_18s0001g09240,1703,0.8271,No hit,,,,
75,VIT_10s0116g01450,1706,0.827,Unknown,,,,
76,VIT_07s0141g00470,1706,0.8266,RNA polymerase Rpb7 N-terminal domain-containing,,,,
77,VIT_17s0000g06600,1700,0.8232,No hit,,,,
78,VIT_13s0019g04440,1699,0.822,Zinc finger (C3HC4-type ring finger),ZFC3HC4_163,,vv60078Other_zf-C3HC4,
79,VIT_18s0001g09890,1692,0.8218,D-3-phosphoglycerate dehydrogenase,E1_1_1_95,,vv10260Glycine_serine_and_threonine_metabolism,
80,VIT_08s0007g01110,1692,0.819,No hit,,,,
81,VIT_06s0009g01350,1670,0.8103,R protein  PRF  disease resistance protein,K13453,,vv34627R_proteins_from_Plant-pathogen_interaction,
82,VIT_10s0042g00700,1670,0.8083,Leucine-rich repeat receptor-like protein kinase 1,,,,
83,VIT_10s0003g00790,1659,0.8046,Glutamate receptor protein,GLR2_7,,vv50101Channels_and_pores,
84,VIT_09s0054g01080,1653,0.8013,Polygalacturonase QRT3,E3_2_1_15,,vv40006Cell_wall,
85,VIT_19s0014g01570,1644,0.7965,RNA-binding protein AKIP1,,,,
86,VIT_08s0105g00250,1644,0.7908,Aluminum activated malate transporter 1,ALMT1,,vv50125Porters_cat_66_to_94,
87,VIT_07s0005g03260,1641,0.7889,Transcription factor TSRF1,ERF1_7,VvERF100,vv30008Ethylene_signaling,vv30011Jasmonate_signaling
88,VIT_04s0069g00620,1626,0.7889,Glutamate receptor 2.8,GLR2_8,,vv50101Channels_and_pores,
89,VIT_14s0108g00900,1621,0.7854,Pectinesterase family,E3_1_1_11,,vv40006Cell_wall,
90,VIT_06s0004g04960,1612,0.7787,Scarecrow-like transcription factor 14 SCL14,SCL14_10,,vv60032GRAS,
91,VIT_02s0236g00160,1621,0.7775,Serine/threonine Phosphatase 7,,,,
92,VIT_14s0068g01770,1578,0.7634,WRKY DNA-binding protein 75,WRKY75_2,VvWRKY43,vv60066WRKY,
93,VIT_18s0001g06400,1572,0.7605,No hit,,,,
94,VIT_13s0074g00350,1575,0.7583,Unknown,,,,
95,VIT_06s0004g03120,1574,0.7553,MLO-like protein 3,K08472,,,
96,VIT_08s0007g06610,1566,0.7525,Lectin protein kinase,,,,
97,VIT_05s0020g05000,1560,0.7514,Inhibitor of trypsin and hageman factor (CMTI-V),,,,
98,VIT_16s0100g01040,1525,0.7378,Stilbene synthase - grape,E2_3_1_95,,vv10940Phenylpropanoid_biosynthesis,
99,VIT_13s0064g00470,1533,0.7374,Disease resistance protein (NBS-LRR class) RGH1,,,,
100,VIT_12s0028g00690,1511,0.7342,Auxin responsive SAUR protein,SAUR,,vv30003Auxin_signaling,
101,VIT_13s0019g04060,1518,0.7319,MLO1,K08472,,,
102,VIT_10s0003g05100,1505,0.7316,Unknown,,,,
103,VIT_16s0098g00220,1507,0.7291,Membrane located receptor,,,,
104,VIT_04s0023g01280,1491,0.7234,RUB1 conjugating enzyme (RCE1),K10579,,vv24120Ubiquitin_mediated_proteolysis,vv30003Auxin_signaling
105,VIT_16s0100g01140,1495,0.7205,Stilbene synthase 2,E2_3_1_95,,vv10940Phenylpropanoid_biosynthesis,
106,VIT_12s0028g01310,1488,0.7195,Germin-like protein 1,,,,
107,VIT_09s0018g01650,1465,0.7146,Wrinkled1 (AP2/ERBP),WRINKLED1_1,VvAP2-06,vv30008Ethylene_signaling,vv60003AP2_EREBP
108,VIT_08s0007g05950,1460,0.7077,Purple acid phosphatase 16 ATPAP16/PAP16,E3_1_3_2,,vv10740Riboflavin_metabolism,
109,VIT_04s0008g02930,1460,0.7063,Oligouridylate binding protein 1B UBP1B,UBP1B,,,
110,VIT_02s0025g01960,1465,0.7053,No hit,,,,
111,VIT_06s0009g02570,1456,0.7013,Pectinesterase family,E3_1_1_11,,vv40006Cell_wall,
112,VIT_12s0059g00160,1440,0.6994,Ankyrin repeat,K10380,,vv50108Accessory_factors_involved_in_transport,
113,VIT_00s1873g00010,1439,0.6985,No hit,,,,
114,VIT_05s0020g00510,1440,0.6984,Glycosyl hydrolase family 3 protein,,,,
115,VIT_19s0014g00830,1422,0.692,RKF1 (receptor-like kinase in flowers 1),,,,
116,VIT_18s0001g08170,1422,0.6903,Inorganic pyrophosphatase,K01507,,vv10190Oxidative_phosphorylation,vv50133Primary_active_transporter_cat_A9_to_A18
117,VIT_07s0005g04050,1419,0.6878,Leucine Rich Repeat receptor-like kinase,,,,
118,VIT_06s0004g03630,1420,0.686,HAD superfamily hydrolase,K07025,,,
119,VIT_18s0001g09380,1411,0.6843,Syntaxin 6,,,,
120,VIT_18s0001g14420,1413,0.6843,Unknown,,,,
121,VIT_06s0004g04990,1402,0.6776,Scarecrow transcription factor 14 (SCL14),SCL14_8,,vv60032GRAS,
122,VIT_16s0100g00860<br>VIT_16s0100g00940<br>VIT_16s0100g00800<br>VIT_16s0100g00920<br>VIT_16s0100g00930<br>VIT_16s0100g00810<br>VIT_16s0100g00840<br>VIT_16s0100g00850,1393,0.6772,,,,,
123,VIT_18s0001g01960,1401,0.6765,RKF3 (receptor-like kinase IN in flowers 3),,,,
124,VIT_16s0050g01340,1406,0.6734,Retrovirus Pol polyprotein from transposon TNT 1-94,,,,
125,VIT_16s0050g00480,1376,0.6631,CYP715A1,,,,
126,VIT_07s0005g04670,1375,0.6623,ABC transporter C member 9,K05033,,vv52010ABC_transporters,
127,VIT_18s0001g06180,1356,0.6605,Phosphate-induced protein 1,,,,
128,VIT_01s0010g02350,1367,0.6604,Protein phosphatase 2 (formerly 2A)  regulatory subunit B',K11584,,vv23015mRNA_surveillance_pathway,
129,VIT_00s2659g00010,1365,0.6594,CRK10 (cysteine-rich RLK10),,,,
130,VIT_07s0005g00720,1351,0.6571,Pectinesterase family,E3_1_1_11,,vv40006Cell_wall,
131,VIT_13s0106g00390,1354,0.6557,VAP27-1 (VAMP/synaptobrevin-associated protein 27-1),K06096,,vv50109Incompletely_characterized_transport_systems,
132,VIT_16s0098g00460,1342,0.6537,Lipase class 3,,,,
133,VIT_03s0017g01730,1341,0.65,ABC protein 6 non-intrinsic,K09015,,vv52010ABC_transporters,
134,VIT_18s0075g00660,1337,0.6478,Disease resistance protein (TIR-NBS-LRR class),,,,
135,VIT_17s0000g04380,1336,0.6454,Wall-associated kinase 1 (WAK1),,,,
136,VIT_08s0058g00690,1322,0.6442,WRKY DNA-binding protein 33,WRKY33_3,VvWRKY24,vv34626Plant-pathogen_interaction,vv60066WRKY
137,VIT_01s0010g01950,1331,0.6436,Anionic peroxidase,E1_11_1_7,,vv10360Phenylalanine_metabolism,vv10680Methane_metabolism
138,VIT_15s0021g01630,1331,0.6408,Ethylene responsive element binding factor 2,ERF2_1,,vv30008Ethylene_signaling,vv60003AP2_EREBP
139,VIT_04s0079g00670,1325,0.6398,SET Domain group 40,SDG40_3,,vv60056SET_PCG,
140,VIT_10s0003g04220,1316,0.6391,Lipase class 3,,,,
141,VIT_13s0019g02370,1300,0.6289,Yip1 domain   member 2,YIP1,,vv50110Protein_coat,
142,VIT_05s0020g00540,1300,0.6274,Alpha-L-arabinofuranosidase,E3_2_1_55,,vv10520Nucleotide_sugars_metabolism,
143,VIT_06s0061g00950,1294,0.6242,Prolylcarboxypeptidase,E3_4_16_2,,,
144,VIT_11s0065g00970,1282,0.6217,No hit,,,,
145,VIT_07s0005g01050,1272,0.6178,Unknown protein,,,,
146,VIT_12s0142g00590,1269,0.6151,R protein L6,K13477,,vv34627R_proteins_from_Plant-pathogen_interaction,
147,VIT_01s0011g05240,1272,0.6148,No hit,,,,
148,VIT_04s0008g02650,1263,0.6087,Unknown protein,,,,
149,VIT_14s0036g00330,1254,0.607,RPS2 (resistant to p. syringae 2),K13459,,vv34626Plant-pathogen_interaction,
150,VIT_09s0054g00910,1239,0.6015,Chaperone BCS1 mitochondrial,K08900,,,
151,VIT_06s0004g01670,1246,0.6002,UDP-glucoronosyl and UDP-glucosyl transferase,,,,
152,VIT_15s0048g00780,1221,0.5947,AT-hook DNA-binding protein,,,,
153,VIT_19s0014g02610,1228,0.5947,RNA-binding S4 domain-containing protein,,,,
154,VIT_12s0028g03260,1218,0.5918,Rooty/superroot1,K11819,,vv10966Glucosinolate_biosynthesis,
155,VIT_12s0028g03810,1216,0.5889,DTW domain-containing protein,,,,
156,VIT_15s0021g02510,1209,0.5824,GATA transcription factor 2,GATA2,,vv60016C2C2-GATA,
157,VIT_18s0001g00920<br>VIT_18s0075g00590<br>VIT_18s0001g00850<br>VIT_18s0075g00780<br>VIT_18s0001g00790<br>VIT_18s0001g00730<br>VIT_18s0001g00310<br>VIT_18s0075g00620<br>VIT_18s0075g00540<br>VIT_18s0075g00600<br>VIT_18s0075g00580<br>VIT_00s0481g00020<br>VIT_18s0001g00930,1197,0.5822,,,,,
158,VIT_18s0041g02450,1196,0.5783,RPS5 (resistant to p. syringae 5),K13460,,vv34627R_proteins_from_Plant-pathogen_interaction,
159,VIT_17s0000g03050,1192,0.5775,Nodulin MtN21 family,MTN21,,vv50122Porters_cat_7_to_17,
160,VIT_09s0002g00220,1180,0.5714,Avr9/Cf-9 rapidly elicited protein 132,,,,
161,VIT_03s0063g01820,1180,0.5673,AOS (allene oxide synthase),E4_2_1_92,,vv10592alpha-Linolenic_acid_metabolism,
162,VIT_18s0001g00840,1166,0.5627,Syringolide-induced protein 14-1-1,,,,
163,VIT_17s0000g09260,1171,0.5624,No hit,,,,
164,VIT_07s0005g05780,1172,0.5597,Pantoate--beta-alanine ligase,E6_3_2_1,,vv10410Beta-alanine_metabolism,vv10770Pantothenate_and_CoA_biosynthesis
165,VIT_18s0041g02470,1143,0.5516,Disease resistance protein (TIR-NBS-LRR class),,,,
166,VIT_18s0166g00190,1134,0.5473,U-box domain-containing protein,,,,
167,VIT_07s0031g03060,1125,0.5464,NSL1 (necrotic spotted lesions 1),,,,
168,VIT_05s0029g01280,1123,0.5454,Unknown protein,,,,
169,VIT_14s0068g01910,1120,0.5405,Peroxidase 55,E1_11_1_7,,vv10360Phenylalanine_metabolism,vv10680Methane_metabolism
170,VIT_12s0028g03920,1114,0.5361,Ankyrin repeat,K10380,,vv50108Accessory_factors_involved_in_transport,
171,VIT_14s0068g01250,1111,0.5354,Mitochondrial phosphate transporter,MPHOSPTR,,vv50123Porters_cat_18_to_29,
172,VIT_01s0010g03020,1101,0.5345,Calcium-binding protein CML,K13448,,vv34626Plant-pathogen_interaction,
173,VIT_04s0044g00840,1109,0.5342,S-receptor kinase,,,,
174,VIT_06s0080g00090,1099,0.533,CYP94A1,,,,
175,VIT_06s0061g01100,1091,0.5296,OB-fold nucleic acid binding domain containing protein,,,,
176,VIT_17s0000g09730,1089,0.5248,Transducin family protein / WD-40 repeat,,,,
177,VIT_08s0007g03070,1084,0.5222,Pentatricopeptide (PPR) repeat-containing protein,,,,
178,VIT_17s0000g03560,1076,0.5201,(myb domain protein 62,MYB62_1,MYB164,vv60044MYB,
179,VIT_18s0075g00700,1069,0.5154,Laccase,E1_10_3_2,,vv11000Single_reactions,vv50109Incompletely_characterized_transport_systems
180,VIT_11s0016g00570,1060,0.5153,Dimethylaniline monooxygenase (N-oxide forming) 2,E1_14_13_8,,vv11000Single_reactions,
181,VIT_13s0019g03310,1064,0.5118,Transposon protein,,,,
182,VIT_06s0009g02600<br>VIT_06s0009g02630,1053,0.5094,,,,,
183,VIT_00s2397g00010<br>VIT_16s0050g02690<br>VIT_00s0258g00120<br>VIT_00s1944g00010<br>VIT_00s2304g00010,1046,0.5063,,,,,
184,VIT_13s0019g01620,1047,0.5058,No hit,,,,
185,VIT_15s0024g01600,1040,0.5056,No hit,,,,
186,VIT_01s0127g00700,1058,0.5053,Unknown protein,,,,
187,VIT_15s0045g00150,1040,0.5044,No hit,,,,
188,VIT_00s0335g00050,1040,0.5031,S-receptor kinase 1,,,,
189,VIT_00s0409g00050,1037,0.5017,Receptor-like serine-threonine protein kinase,,,,
190,VIT_00s0671g00010,1026,0.4973,Ribosomal protein P0 acidic,K02941,,vv23010Ribosome,
191,VIT_02s0109g00390,1018,0.4927,N-hydroxycinnamoyl/benzoyltransferase 5,,,,
192,VIT_05s0049g00300,1022,0.4909,1-aminocyclopropane-1-carboxylate oxidase homolog 1,E1_14_17_4,,vv10640Propanoate_metabolism,vv30008Ethylene_signaling
193,VIT_01s0026g01200,986,0.4784,Disease resistance protein,,,,
194,VIT_07s0031g00530,975,0.4724,MAPKKK21,,,,
195,VIT_05s0094g00160,972,0.4712,No hit,,,,
196,VIT_18s0117g00300,981,0.471,Coatomer protein complex  subunit beta 2,COPB2,,vv50110Protein_coat,
197,VIT_03s0091g00460,977,0.4693,Unknown protein,,,,
198,VIT_13s0067g01310,967,0.4685,R protein disease resistance protein,RPROT,,vv34627R_proteins_from_Plant-pathogen_interaction,
199,VIT_16s0022g02350,965,0.4662,ACI13,,,,
200,VIT_16s0013g01080,960,0.4649,Ethylene-responsive transcription factor ERF105,ERF105_9,VvERF086,vv30008Ethylene_signaling,vv60003AP2_EREBP
201,VIT_15s0048g00180,958,0.4648,No hit,,,,
202,VIT_05s0020g02410,955,0.4631,Mo25,K08272,,vv34150mTOR_signaling_pathway,
203,VIT_19s0014g01830,944,0.458,Glutamate receptor protein,GLR2_6,,vv50101Channels_and_pores,
204,VIT_04s0008g05970,937,0.452,Unknown protein,,,,
205,VIT_06s0004g05640,932,0.4511,Pentatricopeptide (PPR) repeat-containing protein,,,,
206,VIT_13s0047g00060,921,0.4469,Pentatricopeptide (PPR) repeat-containing protein,,,,
207,VIT_11s0206g00050<br>VIT_11s0149g00410,921,0.4439,,,,,
208,VIT_02s0025g02240,909,0.4372,WD-40 repeat,,,,
209,VIT_16s0098g01260,906,0.4362,Intramitochondrial sorting protein MSP1 protein,MSP1,,vv50133Primary_active_transporter_cat_A9_to_A18,
210,VIT_00s0174g00220,894,0.4325,Cinnamyl alcohol dehydrogenase,E1_1_1_195,,vv10940Phenylpropanoid_biosynthesis,
211,VIT_15s0046g03020,879,0.4292,Pentatricopeptide (PPR) repeat-containing protein,,,,
212,VIT_13s0074g00630,886,0.4272,No hit,,,,
213,VIT_07s0104g01500,876,0.4238,Transcription termination factor mitochondrial mTERF,MTERF_10,,vv60085MTERF,
214,VIT_16s0100g00870,878,0.4237,No hit,,,,
215,VIT_13s0067g01270,875,0.4211,Avr9/Cf-9 rapidly elicited protein 284,,,,
216,VIT_03s0038g02040,857,0.4156,Amidase,E3_5_1_4,,vv10220Urea_cycle_and_metabolism_of_amino_groups,vv10360Phenylalanine_metabolism
217,VIT_04s0069g00130,851,0.4115,No hit,,,,
218,VIT_06s0004g04950,848,0.4111,Scarecrow-like transcription factor 14 SCL14,SCL14_11,,vv60032GRAS,
219,VIT_18s0122g01230,848,0.4101,Zinc finger (C3HC4-type ring finger),ZFC3HC4_74,,vv60078Other_zf-C3HC4,
220,VIT_12s0028g01650,851,0.4099,S-receptor kinase,,,,
221,VIT_07s0005g02330,841,0.4088,ABC transporter G member 21,ABCG21,,vv52010ABC_transporters,
222,VIT_04s0023g00950,842,0.4074,AP2/EREBP transcription factor BABY BOOM,BBM,VvAP2-05,vv30008Ethylene_signaling,vv60003AP2_EREBP
223,VIT_16s0098g00330,829,0.4015,ORG1 (OBP3-responsive gene 1),ORG1,,vv30011Jasmonate_signaling,
224,VIT_08s0007g08390,825,0.3972,Ozone-responsive stress protein,,,,
225,VIT_00s0226g00100,819,0.3966,Regulator of chromosome condensation (RCC1),RCC1,,vv50112Nuclear_pore_complex,
226,VIT_04s0008g03220,821,0.3949,Lysophospholipase,E3_1_1_5,,vv10564Glycerophospholipid_metabolism,
227,VIT_06s0009g02740,817,0.3943,Pentatricopeptide (PPR) repeat-containing protein,,,,
228,VIT_08s0056g00880,809,0.3908,No hit,,,,
229,VIT_16s0100g01130,805,0.3859,Stilbene synthase [Vitis vinifera],E2_3_1_95,,vv10940Phenylpropanoid_biosynthesis,
230,VIT_06s0009g00370,793,0.385,U-box domain-containing protein,,,,
231,VIT_01s0026g01520,786,0.3801,Guanine nucleotide exchange factor protein,RCC1,,vv50112Nuclear_pore_complex,
232,VIT_16s0022g01660,778,0.3777,Receptor kinase homolog LRK10,,,,
233,VIT_07s0031g01890,770,0.3738,No hit,,,,
234,VIT_13s0019g01280,763,0.3665,DC1 domain-containing protein,,,,
235,VIT_19s0014g01530,744,0.3617,Protein kinase,,,,
236,VIT_05s0049g01200,748,0.3608,S-locus lectin protein kinase,,,,
237,VIT_01s0026g01730,742,0.3591,WRKY DNA-binding protein 72,WRKY72_1,VvWRKY02,vv60066WRKY,
238,VIT_01s0011g01390,742,0.3581,No hit,,,,
239,VIT_00s2648g00010,739,0.3556,FAD-dependent pyridine nucleotide-disulphide oxidoreductase,,,,
240,VIT_14s0068g01270,727,0.3541,No hit,,,,
241,VIT_06s0009g03470,731,0.3521,Unknown protein,,,,
242,VIT_05s0077g01690,714,0.3461,Pathogenesis protein 10 [Vitis vinifera],,,,
243,VIT_18s0001g04870,718,0.3455,(-)-germacrene D synthase,E4_2_3_22,,vv10900Terpenoid_biosynthesis,
244,VIT_00s0269g00100,709,0.3452,Ankyrin,K10380,,vv50108Accessory_factors_involved_in_transport,
245,VIT_10s0092g00680,711,0.344,Receptor kinase RK20-1,,,,
246,VIT_18s0075g00530,708,0.3435,Laccase,E1_10_3_2,,vv11000Single_reactions,vv50109Incompletely_characterized_transport_systems
247,VIT_09s0002g08460,706,0.3412,8-amino-7-oxononanoate synthase,E2_3_1_47,,vv10780Biotin_metabolism,
248,VIT_16s0100g01150,702,0.34,Stilbene synthase [Vitis vinifera],E2_3_1_95,,vv10940Phenylpropanoid_biosynthesis,
249,VIT_00s0409g00010,692,0.3356,Receptor kinase RK20-1,,,,
250,VIT_18s0041g01470,701,0.3356,TIR-NBS-LRR-TIR disease resistance protein,,,,
251,VIT_18s0001g10910,694,0.3353,Patatin,,,,
252,VIT_05s0020g04680,689,0.3325,Auxin-induced protein 22D,IAA22D_2,,vv30003Auxin_signaling,vv60008AUXIAA
253,VIT_13s0019g01740,684,0.3316,Scarecrow transcription factor 14 (SCL14),SCL14_6,,vv60032GRAS,
254,VIT_19s0014g02270,686,0.3304,Ribosomal protein L11 methyltransferase,K02867,,vv23010Ribosome,
255,VIT_16s0013g00060<br>VIT_16s0013g00010,678,0.3291,,,,,
256,VIT_13s0019g00360,676,0.3269,F-box protein,,,,
257,VIT_06s0080g00710,674,0.3264,Germin-like protein 1,,,,
258,VIT_13s0156g00590,674,0.3262,S-receptor kinase,,,,
259,VIT_18s0117g00070,678,0.3258,R protein L6,K13477,,vv34627R_proteins_from_Plant-pathogen_interaction,
260,VIT_17s0000g00810,673,0.3254,Zinc finger homeobox 33,ZFHB33_1,,vv60068Zf-HD,
261,VIT_02s0025g00390,674,0.3253,Unknown protein,,,,
262,VIT_00s0760g00010,668,0.3241,H(+)-ATPase 7 AHA7,K01535,,vv10190Oxidative_phosphorylation,vv50131Primary_active_transporter_cat_A2_to_A4
263,VIT_14s0030g00970,669,0.323,Oxidoreductase  zinc-binding dehydrogenase family,,,,
264,VIT_18s0001g04640,668,0.3216,No hit,,,,
265,VIT_01s0011g05250,664,0.3188,Senescence-associated protein,,,,
266,VIT_10s0092g00690,659,0.3177,Cysteine-rich receptor-like protein kinase 8,,,,
267,VIT_19s0090g00770,653,0.3171,F-box family protein,,,,
268,VIT_16s0100g01190,651,0.3145,Stilbene synthase [Vitis vinifera],E2_3_1_95,,vv10940Phenylpropanoid_biosynthesis,
269,VIT_05s0062g00790,646,0.3136,NSL1 (necrotic spotted lesions 1),,,,
270,VIT_19s0015g02140,646,0.3136,CYP72A59,K13400,,vv10902Monoterpenoid_biosynthesis,
271,VIT_14s0030g01930,642,0.3117,Peptide-N4-(N-acetyl-beta-glucosaminyl)asparagine amidase,K01456,,vv24141Protein_processing_in_endoplasmic_reticulum,
272,VIT_07s0129g01010,635,0.3077,Unknown,,,,
273,VIT_10s0042g00840,634,0.3055,Stilbene synthase [Vitis pseudoreticulata],E2_3_1_95,,vv10940Phenylpropanoid_biosynthesis,
274,VIT_00s2879g00010,631,0.3044,No hit,,,,
275,VIT_01s0026g02260,626,0.3029,Unknown protein,,,,
276,VIT_10s0116g01080,625,0.3022,No hit,,,,
277,VIT_06s0004g07540,625,0.3019,Secoisolariciresinol dehydrogenase,SIRD,,vv10940Phenylpropanoid_biosynthesis,
278,VIT_00s1052g00020,618,0.3007,No hit,,,,
279,VIT_02s0025g01100,619,0.2992,Protein kinase,,,,
280,VIT_18s0122g00200,616,0.2992,Cullin-1,K03347,,vv24120Ubiquitin_mediated_proteolysis,vv30003Auxin_signaling
281,VIT_12s0035g00790,618,0.2986,Unknown protein,,,,
282,VIT_09s0002g05170,612,0.2984,Unknown protein,,,,
283,VIT_00s2246g00010,611,0.2962,No hit,,,,
284,VIT_00s0264g00070,608,0.2957,DNA-directed RNA polymerase II subunit A,K03006,,vv23020RNA_polymerase,
285,VIT_15s0046g00440,613,0.2954,Phosphatidylinositol 3- and 4-kinase / ubiquitin,,,,
286,VIT_15s0046g02170,610,0.2944,3-methyl-2-oxobutanoate hydroxy-methyl-transferase,E2_1_2_11,,vv10770Pantothenate_and_CoA_biosynthesis,
287,VIT_18s0001g08820,607,0.293,Unknown protein,,,,
288,VIT_10s0003g02280,604,0.2929,SRG1 (senescence-related gene 1) oxidoreductase,,,,
289,VIT_03s0063g00880,608,0.292,Calmodulin-binding protein,,,,
290,VIT_05s0049g02070,604,0.2914,Calcium-binding protein,,,,
291,VIT_14s0060g00900,592,0.2863,Unknown protein,,,,
292,VIT_08s0007g07210,593,0.2861,Ribosomal protein S28 (RPS28C) 40S,K02979,,vv23010Ribosome,
293,VIT_19s0090g00870,587,0.284,Unknown protein,,,,
294,VIT_01s0011g04220,578,0.2791,Unknown,,,,
295,VIT_15s0021g00900,575,0.2787,No hit,,,,
296,VIT_16s0100g00880,566,0.276,Stilbene synthase [Vitis pseudoreticulata],E2_3_1_95,,vv10940Phenylpropanoid_biosynthesis,
297,VIT_08s0007g05680,570,0.2747,No hit,,,,
298,VIT_08s0032g00390,566,0.2729,Myosin-like protein,MYOSINXIK,,vv44810Regulation_of_actin_cytoskeleton,
299,VIT_07s0005g01360,551,0.2676,Zinc finger (C3HC4-type ring finger),ZFC3HC4_185,,vv60078Other_zf-C3HC4,
300,VIT_12s0035g00570,552,0.2656,CYP82M1v3,,,,
301,VIT_02s0025g03000,549,0.265,NGA1 (NGATHA1),NGATHA1_1,VvRAV3,vv60001ABI3VP1,
302,VIT_05s0020g02520,541,0.2615,BTB-POZ and math Domain 2 ATBPM2,BPM2_2,,vv60093TRAF,
303,VIT_18s0001g10120,537,0.2606,SPla/RYanodine receptor (SPRY) domain-containing protein,,,,
304,VIT_08s0007g05170,529,0.257,TGA-type basic leucine zipper protein AHBP-1b,AHBP1B_3,VvbZIP27,vv30011Jasmonate_signaling,vv60012BZIP
305,VIT_18s0122g00490,530,0.2558,No hit,,,,
306,VIT_04s0079g00660,525,0.2533,SET Domain group 40,SDG40_2,,vv60056SET_PCG,
307,VIT_02s0012g00880,524,0.253,AT-hook DNA-binding protein,,,,
308,VIT_11s0016g01510,521,0.2524,Phenylalanine ammonia-lyase,E4_3_1_5,,vv10350Tyrosine_metabolism,vv10360Phenylalanine_metabolism
309,VIT_08s0056g00980,525,0.2519,F-box domain containing protein,,,,
310,VIT_13s0074g00530,516,0.2517,No hit,,,,
311,VIT_07s0005g06260,518,0.251,No hit,,,,
312,VIT_01s0010g00840,515,0.2502,2-oxoglutarate decarboxylase,E4_1_1_71,,vv10251Glutamate_metabolism,
313,VIT_02s0234g00130,519,0.2498,Ethylene responsive element binding factor 1,ERF1_9,VvERF076,vv30008Ethylene_signaling,vv30011Jasmonate_signaling
314,VIT_15s0021g01760,515,0.2496,Palmitoyl-protein thioesterase 1 precursor,E3_1_2_22,,vv10062Fatty_acid_elongation_in_mitochondria,
315,VIT_07s0005g05600,512,0.2477,UDP-glucose:sterol 3-O-glucosyltransferase,E2_4_1_173,,vv10100Biosynthesis_of_steroids,
316,VIT_04s0023g02760,512,0.2463,Protein kinase,,,,
317,VIT_19s0027g01100,504,0.2443,No hit,,,,
318,VIT_15s0046g02180,504,0.2432,Pentatricopeptide (PPR) repeat-containing protein,,,,
319,VIT_16s0022g02220,490,0.2373,Receptor Like Protein 48 RLP48,RLP48,,,
320,VIT_08s0007g01230,489,0.2361,Lectin protein kinase,,,,
321,VIT_09s0002g06850,490,0.2359,Barwin endoglucanase,,,,
322,VIT_07s0141g00840,480,0.2324,33 kDa secretory protein,,,,
323,VIT_14s0060g02630,479,0.2323,Unknown protein,,,,
324,VIT_00s0187g00260,481,0.2309,Alcohol O-fatty-acyltransferase long-chain-,E2_3_1_75,,vv11000Single_reactions,
325,VIT_11s0052g01020,472,0.2273,Glutamate receptor protein,GLR2_2,,vv50101Channels_and_pores,
326,VIT_06s0004g06710,462,0.2255,Cys-3-His zinc finger protein,ZFAR1_2,,vv60018C3H,
327,VIT_11s0016g01720,465,0.2243,Threonine synthase,E4_2_3_1,,vv10260Glycine_serine_and_threonine_metabolism,vv10750Vitamin_B6_metabolism
328,VIT_10s0116g01370,458,0.223,Heat shock protein binding,,,,
329,VIT_00s0262g00100,460,0.2227,No hit,,,,
330,VIT_08s0007g01950,453,0.2187,Unknown,,,,
331,VIT_07s0095g00710,453,0.2186,Bystin,,,,
332,VIT_17s0000g04080,448,0.2166,No hit,,,,
333,VIT_18s0041g01210<br>VIT_18s0041g01160<br>VIT_18s0041g01170,443,0.2137,,,,,
334,VIT_08s0007g00850,441,0.2137,EFR (EF-TU receptor),K13428,,vv34626Plant-pathogen_interaction,
335,VIT_02s0025g03660,432,0.2083,4-coumarate-CoA ligase,E6_2_1_12,,vv10940Phenylpropanoid_biosynthesis,vv50104Group_translocators
336,VIT_16s0022g00280,430,0.2081,No hit,,,,
337,VIT_00s2785g00010,427,0.2051,Calmodulin-binding protein,,,,
338,VIT_15s0021g02370,419,0.202,Unknown protein,,,,
339,VIT_14s0083g00470,416,0.2008,2 3-biphosphoglycerate-independent phosphoglycerate mutase,E5_4_2_1,,vv10010Glycolysis,
340,VIT_14s0060g01940,411,0.1985,Epoxide hydrolase,E3_3_2_10,,,
341,VIT_06s0004g01580,405,0.1956,Lipoxygenase,E1_13_11_12,,vv10592alpha-Linolenic_acid_metabolism,
342,VIT_02s0154g00060,402,0.1942,Thylakoid lumenal protein,,,,
343,VIT_11s0016g01260,398,0.1936,Early flowering 8 (ELF8),ELF8,,vv30009Flower_development,
344,VIT_09s0070g00660,395,0.1908,No hit,,,,
345,VIT_14s0081g00730,388,0.1882,Ethylene response factor ERF1,ERF1_6,VvERF093,vv30008Ethylene_signaling,vv30011Jasmonate_signaling
346,VIT_01s0011g02240,390,0.188,Metal-nicotianamine transporter YSL7,YSL7,,vv50125Porters_cat_66_to_94,
347,VIT_17s0000g08100,388,0.1876,UDP-glucoronosyl and UDP-glucosyl transferase,,,,
348,VIT_04s0023g00490,388,0.1872,Auxin responsive SAUR protein,SAUR,,vv30003Auxin_signaling,
349,VIT_17s0000g05810,385,0.1864,WRKY DNA-binding protein 72,WRKY72_2,VvWRKY53,vv60066WRKY,
350,VIT_17s0000g02920,388,0.1863,Glutathione S-transferase 25 GSTU7,E2_5_1_18_GSTU7,,vv10480Glutathione_metabolism,
351,VIT_14s0068g01490,386,0.1862,NAC domain-containing protein 83,NAC083_2,VvNAC73,vv60046NAC,
352,VIT_18s0001g00420,380,0.1855,Laccase,E1_10_3_2,,vv11000Single_reactions,vv50109Incompletely_characterized_transport_systems
353,VIT_09s0002g01110,379,0.1829,Avr9/Cf-9 induced kinase 1,,,,
354,VIT_13s0019g03340<br>VIT_04s0044g01780,371,0.1794,,,,,
355,VIT_11s0037g00300,369,0.1793,Signal recognition particle receptor alpha subunit,K13431,,vv23060Protein_export,vv50132Primary_active_transporter_cat_A5_to_A8
356,VIT_02s0025g02050,365,0.1756,Unknown,,,,
357,VIT_02s0154g00120,361,0.1733,Unknown,,,,
358,VIT_12s0034g02260,356,0.1719,SEC6,K06110,,vv44810Regulation_of_actin_cytoskeleton,vv50111Tethering_factors
359,VIT_11s0065g00790<br>VIT_00s0188g00040<br>VIT_00s0279g00110,354,0.1711,,,,,
360,VIT_15s0048g02960,355,0.1709,No hit,,,,
361,VIT_00s1212g00020,348,0.1683,Laccase,E1_10_3_2,,vv11000Single_reactions,vv50109Incompletely_characterized_transport_systems
362,VIT_18s0086g00690,337,0.1638,Exostosin,K02366,,vv11030Glycan_structures-biosynthesis1,
363,VIT_00s0262g00110,336,0.1618,6-phosphogluconate dehydrogenase  decarboxylating,E1_1_1_44,,vv10030Pentose_phosphate,
364,VIT_04s0008g00860,333,0.1613,Ndr family protein,,,,
365,VIT_15s0048g00020,332,0.1606,Thaumatin SE39b,,,,
366,VIT_08s0007g03280,330,0.1606,Phosphoribosylformimino-5-aminoimidazole carboxamide ribotide isomerase,E5_3_1_16,,vv10340Histidine_metabolism,
367,VIT_16s0100g00770,331,0.16,Stilbene synthase,E2_3_1_95,,vv10940Phenylpropanoid_biosynthesis,
368,VIT_18s0122g00590,331,0.1595,DNA-binding protein,,,,
369,VIT_06s0061g00780,327,0.158,Zinc finger (C2H2 type) family,C2H2FAM_39,,vv60017C2H2,
370,VIT_18s0041g02010<br>VIT_18s0041g02050,326,0.1578,,,,,
371,VIT_19s0093g00120,320,0.1541,No hit,,,,
372,VIT_14s0006g03050,308,0.1492,Unknown protein,,,,
373,VIT_18s0041g02070,309,0.1487,12-oxophytodienoate reductase 1,E1_3_1_42,,vv10592alpha-Linolenic_acid_metabolism,
374,VIT_07s0005g05620,299,0.1457,Thioredoxin 4B,,,,
375,VIT_14s0128g00700,299,0.1451,EMB2261 (embryo defective 2261),,,,
376,VIT_08s0040g00590,299,0.1451,Zinc finger (C3HC4-type ring finger),ZFC3HC4_43,,vv60078Other_zf-C3HC4,
377,VIT_09s0002g04720,300,0.1448,Coatomer protein complex  subunit beta 2,COPB2,,vv50110Protein_coat,
378,VIT_11s0052g01760,298,0.1435,No hit,,,,
379,VIT_08s0032g01150,296,0.1433,Syntaxin 1B/2/3/4,K08486,,vv24130SNARE_interactions_in_vesicular_transport,vv50101Channels_and_pores
380,VIT_12s0055g01240,292,0.1418,P-glycoprotein 11,PGP11,,vv52010ABC_transporters,
381,VIT_06s0009g02560,292,0.1416,Pectinesterase family,E3_1_1_11,,vv40006Cell_wall,
382,VIT_11s0016g01860,293,0.1414,RPS2 (resistant to p. syringae 2),K13459,,vv34626Plant-pathogen_interaction,
383,VIT_16s0050g00410,289,0.1404,Photoassimilate-responsive protein PAR-1a,,,,
384,VIT_04s0023g01980<br>VIT_04s0043g00820,288,0.139,,,,,
385,VIT_01s0026g01140,288,0.1387,ZCW32 (BIGPETAL  BIGPETALUB),ZCW32_2,,vv60011BHLH,
386,VIT_03s0017g01990,284,0.1371,UDP-glucose glucosyltransferase,E2_4_1_35,,vv10500Starch_and_sucrose_metabolism,
387,VIT_02s0025g01750,281,0.1363,Cellulose synthase CSLG3,E2_4_1_12_CSLG3,,vv40006Cell_wall,
388,VIT_02s0025g03100,278,0.1346,Cinnamyl alcohol dehydrogenase,E1_1_1_195,,vv10940Phenylpropanoid_biosynthesis,
389,VIT_16s0022g00760,276,0.1337,Zinc knuckle,ZFC2HC,,,
390,VIT_07s0197g00020,267,0.129,Lateral organ boundaries domain gene 36,LBD36_5,,vv60007AS2,
391,VIT_05s0029g00970,264,0.1282,No hit,,,,
392,VIT_16s0115g00150,265,0.128,No hit,,,,
393,VIT_17s0000g05800,263,0.1271,Delta-1-pyrroline-5-carboxylate dehydrogenase (P5CDH),E1_5_1_12,,vv10251Glutamate_metabolism,vv10330Arginine_and_proline_metabolism
394,VIT_16s0100g01010<br>VIT_16s0100g00950<br>VIT_16s0100g01030<br>VIT_16s0100g00990,259,0.1251,,,,,
395,VIT_08s0007g03310,258,0.1243,Unknown,,,,
396,VIT_18s0075g00670,253,0.1228,Laccase,E1_10_3_2,,vv11000Single_reactions,vv50109Incompletely_characterized_transport_systems
397,VIT_03s0017g00650,250,0.1211,GTP cyclohydrolase II,E3_5_4_25,,vv10740Riboflavin_metabolism,
398,VIT_17s0000g00640,247,0.1195,No hit,,,,
399,VIT_01s0010g03040,246,0.1192,Calcium-binding protein CML,K13448,,vv34626Plant-pathogen_interaction,
400,VIT_16s0098g00980,245,0.1191,Unknown,,,,
401,VIT_07s0129g00540,247,0.1191,Tetratricopeptide repeat (TPR)-containing,,,,
402,VIT_06s0009g02590,245,0.1177,Pectinesterase family,E3_1_1_11,,vv40006Cell_wall,
403,VIT_00s0288g00070<br>VIT_18s0001g03530,242,0.1162,,,,,
404,VIT_12s0055g00450,240,0.1161,Unknown protein,,,,
405,VIT_07s0104g01160,240,0.1161,Substrate carrier   Mitochondrial,K03454,,vv50123Porters_cat_18_to_29,
406,VIT_09s0070g00720,240,0.1159,No hit,,,,
407,VIT_13s0074g00580,240,0.1158,Unknown protein,,,,
408,VIT_19s0090g00090,234,0.1128,No hit,,,,
409,VIT_08s0007g01690,231,0.1116,Phosphate translocator protein2  Plastidic,PTL2,,vv50122Porters_cat_7_to_17,
410,VIT_19s0014g00190,229,0.1108,Unknown,,,,
411,VIT_00s0301g00090,229,0.1103,NDA2 (alternative NAD(P)H dehydrogenase 2),K03885,,vv10190Oxidative_phosphorylation,vv50134Primary_active_transporter_cat_D1
412,VIT_12s0059g01080,228,0.1102,Acid phosphatase/vanadium-dependent haloperoxidase,,,,
413,VIT_07s0289g00050,225,0.1089,UDP-glucose:salicylic acid glucosyltransferase,E2_4_1_35,,vv10500Starch_and_sucrose_metabolism,
414,VIT_08s0007g08300,226,0.1089,Calcium-dependent protein kinase 32 CPK32,CPK32,,vv30001ABA_signaling,vv34626Plant-pathogen_interaction
415,VIT_14s0171g00310,223,0.1081,SET domain-containing protein,SETDOM_9,,vv60056SET_PCG,
416,VIT_07s0031g02420,222,0.1074,F-box domain containing protein,,,,
417,VIT_10s0003g01580,221,0.1065,Unknown protein,,,,
418,VIT_12s0028g01440,220,0.1061,S-receptor kinase,,,,
419,VIT_18s0001g09640,217,0.1056,No hit,,,,
420,VIT_13s0047g01220,216,0.1048,Ankyrin repeat,K10380,,vv50108Accessory_factors_involved_in_transport,
421,VIT_02s0025g05040,217,0.1044,Nuclear pore complex component,,,,
422,VIT_04s0023g03480,215,0.1044,Armadillo/beta-catenin repeat,,,,
423,VIT_03s0063g02100,211,0.1023,Dolichyl-diphosphooligosaccharide-protein glycosyltransferase 48kDa,K12670,,vv10510N-Glycan_biosynthesis,vv24141Protein_processing_in_endoplasmic_reticulum
424,VIT_18s0166g00050,208,0.1013,EFR (EF-TU receptor),K13428,,vv34626Plant-pathogen_interaction,
425,VIT_05s0049g01190,209,0.101,Receptor serine/threonine kinase,,,,
426,VIT_03s0038g00760,208,0.101,Arginine decarboxylase (Fragment),E4_1_1_19,,vv10220Urea_cycle_and_metabolism_of_amino_groups,vv10251Glutamate_metabolism
427,VIT_12s0142g00030,203,0.0983,No hit,,,,
428,VIT_07s0031g03080,202,0.0971,No hit,,,,
429,VIT_03s0091g00530,201,0.0971,N-acetyltransferase ESCO2,,,,
430,VIT_05s0051g00400,201,0.097,Disease resistance-responsive family,,,,
431,VIT_18s0001g00220,198,0.0958,Unknown,,,,
432,VIT_18s0001g00650,195,0.0946,No hit,,,,
433,VIT_00s0787g00020,193,0.0938,Heat shock 70kDa protein 1/8,K03283,,vv23040Spliceosome,vv24141Protein_processing_in_endoplasmic_reticulum
434,VIT_02s0012g00490,194,0.0938,Cytochrome c oxidase subunit 6b,K02267,,vv10190Oxidative_phosphorylation,vv50135Primary_active_transporter_cat_D3_to_E2
435,VIT_14s0108g01000,191,0.0925,Calcium-binding EF hand,,,,
436,VIT_07s0031g02530,191,0.0917,No hit,,,,
437,VIT_01s0010g00560,186,0.0895,Unknown protein,,,,
438,VIT_05s0051g00310,184,0.089,Glutathione S-transferase 9 GSTU9,E2_5_1_18_GSTU9,,vv10480Glutathione_metabolism,
439,VIT_15s0046g02420,183,0.0889,Aquaporin TMP-C,TMPC,,vv50101Channels_and_pores,
440,VIT_18s0072g01140,183,0.0887,CYP71B26,,,,
441,VIT_06s0004g03540,182,0.0879,MAPK (MPK3),MPK3,,vv30008Ethylene_signaling,vv34626Plant-pathogen_interaction
442,VIT_04s0008g05850,180,0.0869,CCR4-NOT transcription complex subunit 7/8,K12581,,vv23018RNA_degradation,
443,VIT_05s0020g04670,179,0.086,No hit,,,,
444,VIT_07s0005g01440,177,0.0855,Unknown protein,,,,
445,VIT_03s0038g03200,164,0.08,MATE efflux family protein,MATE,,vv50125Porters_cat_66_to_94,
446,VIT_14s0066g02070,164,0.0795,AAA-type ATPase,,,,
447,VIT_00s0262g00030,158,0.0764,CRK10 (cysteine-rich RLK10),,,,
448,VIT_19s0085g00640,157,0.0758,CTV.20,,,,
449,VIT_18s0041g01290,156,0.0753,Serine/threonine-protein kinase CCR4,,,,
450,VIT_03s0038g01170,150,0.073,Auxin responsive SAUR protein,SAUR,,vv30003Auxin_signaling,
451,VIT_01s0010g02020,150,0.0726,Peroxidase (EC 1.11.1.7)  anionic,E1_11_1_7,,vv10360Phenylalanine_metabolism,vv10680Methane_metabolism
452,VIT_18s0001g10180,149,0.0718,N-hydroxycinnamoyl/benzoyltransferase 3,,,,
453,VIT_01s0011g04630,149,0.0717,Ribose 5-phosphate isomerase,E5_3_1_6,,vv10030Pentose_phosphate,vv10710Carbon_fixation
454,VIT_13s0067g03570,148,0.0717,R protein MLA10,K13475,,vv34627R_proteins_from_Plant-pathogen_interaction,
455,VIT_19s0014g01070,148,0.0713,Germacrene D synthase,E4_2_3_22,,vv10900Terpenoid_biosynthesis,
456,VIT_11s0016g00690,147,0.0705,Senescence-associated protein,,,,
457,VIT_13s0139g00070,145,0.0704,R protein MLA10,K13475,,vv34627R_proteins_from_Plant-pathogen_interaction,
458,VIT_06s0004g00330,146,0.0702,Hcr2-p4.1,,,,
459,VIT_08s0007g05510,146,0.07,Unknown protein,,,,
460,VIT_12s0059g01720,144,0.0692,No hit,,,,
461,VIT_01s0010g01070,142,0.0689,No hit,,,,
462,VIT_02s0025g02900,143,0.0688,Zinc transporter MTPA2,MTPA2,,vv50121Porters_cat_1_to_6,
463,VIT_15s0048g02070,141,0.0684,BON2-associated protein (BAP2),,,,
464,VIT_05s0077g02060,140,0.0681,Ribosomal protein L18 (RPL18B) 60S,K02881,,vv23010Ribosome,
465,VIT_01s0011g01570,140,0.0679,Coatomer subunit delta,COPD,,vv50110Protein_coat,
466,VIT_18s0075g00630,140,0.0679,Laccase,E1_10_3_2,,vv11000Single_reactions,vv50109Incompletely_characterized_transport_systems
467,VIT_14s0030g01820,140,0.0674,Tetratricopeptide repeat domain 35,,,,
468,VIT_03s0038g04740,139,0.0672,Pectinesterase family,E3_1_1_11,,vv40006Cell_wall,
469,VIT_16s0050g02510,138,0.0666,WRKY DNA-binding protein 53,WRKY53_1,VvWRKY51,vv60066WRKY,
470,VIT_14s0060g02750<br>VIT_14s0128g00970<br>VIT_14s0128g00990<br>VIT_14s0128g00980<br>VIT_14s0128g01010<br>VIT_14s0128g01030<br>VIT_14s0128g01020<br>VIT_14s0128g01040,136,0.0658,,,,,
471,VIT_03s0038g01400,135,0.0652,R protein  PRF  disease resistance protein,K13453,,vv34627R_proteins_from_Plant-pathogen_interaction,
472,VIT_19s0014g04190,133,0.0649,ARK3 (Arabidopsis Receptor Kinase 3),,,,
473,VIT_00s0199g00200,134,0.0644,SWI1 (switch1),,,,
474,VIT_07s0031g01090,132,0.0639,Ascorbate oxidase,E1_10_3_3,,vv10053Ascorbate_and_aldarate_metabolism,vv50109Incompletely_characterized_transport_systems
475,VIT_03s0063g01140,129,0.0627,Map kinase substrate 1 MKS1,,,,
476,VIT_13s0067g01110,125,0.0609,N-(5phosphoribosyl)anthranilate isomerase (PRAI),E5_3_1_24,,vv10400Phenylalanine_tyrosine_and_tryptophan_biosynthesis,
477,VIT_17s0000g05410,124,0.0601,Galactosyltransferase,E2_4_x_x,,,
478,VIT_07s0005g02560,124,0.0597,Chitinase Class I,E3_2_1_14,,vv10530Aminosugars_metabolism,
479,VIT_05s0029g00610,122,0.0592,ER lumen protein retaining receptor family protein,,,,
480,VIT_06s0004g05170,119,0.0576,Lectin protein kinase,,,,
481,VIT_16s0013g00120,118,0.0572,Unknown,,,,
482,VIT_14s0030g01100,118,0.057,DNA-directed RNA polymerase III subunit C25,K03022,,vv23020RNA_polymerase,
483,VIT_16s0039g01010,118,0.0568,Aldo-keto reductase,E1_1_1_21,,vv10040Pentose_glucuronate_interconversion,vv10051Fructose_and_mannose_metabolism
484,VIT_13s0074g00760,118,0.0568,Calmodulin-binding,,,,
485,VIT_04s0043g00280,117,0.0566,No hit,,,,
486,VIT_10s0003g05530,114,0.0552,CPRD2,,,,
487,VIT_15s0046g00550,112,0.0541,Wax synthase,E2_3_1_75,,vv11000Single_reactions,
488,VIT_12s0059g00700,110,0.053,MYB33 /GAMYB,MYB33,MYB160,vv30001ABA_signaling,vv60044MYB
489,VIT_06s0004g03600,109,0.053,DNA repair protein RAD51 homolog 2,K10869,,vv23440Homologous_recombination,
490,VIT_11s0016g02340,110,0.0528,Cytidine deaminase,E3_5_4_5,,vv10240Pyrimidine_metabolism,
491,VIT_05s0094g01230,109,0.0527,Allyl alcohol dehydrogenase,,,,
492,VIT_16s0039g01870,109,0.0525,Protein kinase,,,,
493,VIT_01s0010g03010,109,0.0523,Calcium-binding EF-hand,K13448_CML38,,vv34626Plant-pathogen_interaction,
494,VIT_03s0017g01050,107,0.0517,MBD9 (methyl-CPG-binding Domain 9),MBD9_4,,vv30009Flower_development,vv60048PHD
495,VIT_18s0001g02270,106,0.051,Unknown,,,,
496,VIT_12s0034g01020,105,0.0505,Ribosomal protein L18,K02881,,vv23010Ribosome,
497,VIT_03s0091g00690,102,0.0493,Salt tolerance zinc finger,STZ_1,,vv60017C2H2,
498,VIT_17s0000g10380,102,0.0493,Ribosomal protein S14 (Clone MCH1) 40S,K02955,,vv23010Ribosome,
499,VIT_02s0025g03650,102,0.0493,Cu2+-exporting ATPase HMA5 (heavy metal ATPase 5),K01533_HMA5,,vv50131Primary_active_transporter_cat_A2_to_A4,
500,VIT_09s0002g05530,102,0.0493,ABC transporter g family pleiotropic drug resistance 12 PDR12,ABCGPDR12,,vv52010ABC_transporters,
501,VIT_05s0094g01160,100,0.0486,Allyl alcohol dehydrogenase,,,,
502,VIT_14s0060g02760,100,0.0485,Germin-like protein 3 [Vitis vinifera],,,,
503,VIT_18s0041g02040,99,0.0479,12-oxophytodienoate reductase,E1_3_1_42,,vv10592alpha-Linolenic_acid_metabolism,
504,VIT_01s0026g00940,98,0.0474,ARR3 typeA,ARR3_2,,vv30007Cytokinin_signaling,vv60072Orphans_Response_reg
505,VIT_18s0001g14700,96,0.0465,Unknown,,,,
506,VIT_13s0019g04650,95,0.0462,Thioredoxin 8,,,,
507,VIT_01s0011g01880,96,0.0461,Unknown protein,,,,
508,VIT_15s0045g01010,95,0.0458,R protein  PRF  disease resistance protein,K13453,,vv34627R_proteins_from_Plant-pathogen_interaction,
509,VIT_19s0014g01720,93,0.0449,Sodium/calcium exchanger family protein,NACAEX,,vv50123Porters_cat_18_to_29,
510,VIT_15s0046g02860,91,0.0442,Riboflavin biosynthesis protein ribD,E3_5_4_26,,vv10740Riboflavin_metabolism,
511,VIT_19s0014g04260,91,0.044,S-locus protein kinase,,,,
512,VIT_03s0038g03060,91,0.044,Transposase,,,,
513,VIT_10s0003g02570,91,0.0439,ABC transporter B member 14,ABCB14,,vv52010ABC_transporters,
514,VIT_00s0226g00050,89,0.0431,R protein  PRF  disease resistance protein,K13453,,vv34627R_proteins_from_Plant-pathogen_interaction,
515,VIT_14s0068g00670,88,0.0427,Heavy-metal-associated domain-containing protein,,,,
516,VIT_18s0001g14790,88,0.0427,Lipase 3 (EXL3) family II extracellular,,,,
517,VIT_15s0021g00930,87,0.0422,EMB2745 (embryo defective 2745),,,,
518,VIT_07s0104g00260,86,0.0414,Unknown protein,,,,
519,VIT_11s0016g03190,85,0.0414,Unknown,,,,
520,VIT_18s0001g00570,85,0.0413,Pentatricopeptide (PPR) repeat-containing,,,,
521,VIT_00s0269g00070,84,0.041,No hit,,,,
522,VIT_17s0000g08440,83,0.0403,Unknown protein,,,,
523,VIT_06s0009g01980,82,0.0396,No hit,,,,
524,VIT_18s0001g01990,82,0.0396,Pseudouridylate synthase,E4_2_1_70,,vv10240Pyrimidine_metabolism,
525,VIT_06s0004g07130,79,0.0381,Cinnamoyl-CoA reductase,E1_2_1_44,,vv10940Phenylpropanoid_biosynthesis,
526,VIT_18s0001g14690,79,0.0381,Protein kinase,,,,
527,VIT_05s0049g00460,78,0.0379,Basic helix-loop-helix ILR3,ILR3_3,,vv11002Auxin_biosynthesis,vv60011BHLH
528,VIT_13s0047g00070,79,0.0378,Pentatricopeptide (PPR) repeat,,,,
529,VIT_10s0092g00670,76,0.0366,Receptor kinase RK20-1,,,,
530,VIT_09s0002g02570,75,0.0365,No hit,,,,
531,VIT_13s0019g03150,75,0.036,Membrane protein,,,,
532,VIT_13s0067g00210,74,0.0359,Unknown protein,,,,
533,VIT_03s0063g00540,74,0.0359,Pentatricopeptide (PPR) repeat-containing protein,,,,
534,VIT_09s0002g03370,74,0.0358,No hit,,,,
535,VIT_19s0014g00670,74,0.0355,LRR receptor-like serine/threonine-protein kinase,,,,
536,VIT_19s0027g00880,72,0.0348,NAC domain-containing protein 42,NAC042_7,VvNAC29,vv60046NAC,
537,VIT_10s0042g00370,72,0.0347,R protein disease resistance protein,RPROT,,vv34627R_proteins_from_Plant-pathogen_interaction,
538,VIT_14s0006g00090,71,0.0343,MMD1 (male meiocyte death 1),MMD1,,vv60048PHD,
539,VIT_18s0001g07870,70,0.0339,Unknown protein,,,,
540,VIT_18s0075g00610,70,0.0337,Laccase,E1_10_3_2,,vv11000Single_reactions,vv50109Incompletely_characterized_transport_systems
541,VIT_08s0058g00790,69,0.0334,Secoisolariciresinol dehydrogenase,SIRD,,vv10940Phenylpropanoid_biosynthesis,
542,VIT_12s0035g01520,68,0.0329,Disease resistance protein RPS2,,,,
543,VIT_12s0028g00200,68,0.0327,Unknown protein,,,,
544,VIT_06s0004g00370,65,0.0315,Hcr2-p4.1,,,,
545,VIT_15s0024g00410,64,0.0311,Lectin,,,,
546,VIT_00s0336g00020,65,0.031,No hit,,,,
547,VIT_19s0014g01850,64,0.0309,Zinc finger (C3HC4-type ring finger),ZFC3HC4_158,,vv60078Other_zf-C3HC4,
548,VIT_18s0075g00810,63,0.0306,Laccase,E1_10_3_2,,vv11000Single_reactions,vv50109Incompletely_characterized_transport_systems
549,VIT_19s0014g00540,63,0.0305,No hit,,,,
550,VIT_06s0004g05380,63,0.0303,Tropinone reductase,E1_1_1_206,,vv10220Urea_cycle_and_metabolism_of_amino_groups,
551,VIT_04s0023g02810,62,0.0301,Aldehyde dehydrogenase 3B1,E1_2_1_3,vv10561Glycerolipid_metabolism,vv10010Glycolysis,vv10071Fatty_acid_metabolism
552,VIT_08s0040g03160,61,0.0296,CCR4-NOT transcription complex  subunit 4,K10643,,vv23018RNA_degradation,
553,VIT_01s0011g05420,61,0.0296,Fw2.2 ORFX,,,,
554,VIT_19s0090g01400,61,0.0292,Wax synthase isoform 1,E2_3_1_75,,vv11000Single_reactions,
555,VIT_09s0002g01570,60,0.029,Unknown protein,,,,
556,VIT_06s0004g04680,60,0.029,No hit,,,,
557,VIT_06s0009g01790,60,0.0287,ABA-responsive element-binding protein 3 (AREB3),AREB3_2,VvbZIP18,vv30001ABA_signaling,vv60012BZIP
558,VIT_12s0034g01100,59,0.0286,Mucin-related,K06568,,,
559,VIT_05s0102g00200,58,0.028,Unknown protein,,,,
560,VIT_09s0002g08870,57,0.0277,F-box/kelch-repeat protein,,,,
561,VIT_18s0075g00950,57,0.0276,Laccase,E1_10_3_2,,vv11000Single_reactions,vv50109Incompletely_characterized_transport_systems
562,VIT_14s0081g00530,57,0.0273,Histone H2A,,,,
563,VIT_08s0007g05810,56,0.0272,Calmodulin-binding  plant,,,,
564,VIT_08s0007g05840,56,0.027,No hit,,,,
565,VIT_12s0028g00610,55,0.0265,Aspartyl protease,E3_4_23_x,,,
566,VIT_16s0013g01230,54,0.0262,Receptor serine/threonine kinase PR5K,,,,
567,VIT_10s0071g00270,53,0.0257,Abscisic acid-insensitive protein 3 (ABI3),ABI3_1,,vv30001ABA_signaling,vv30003Auxin_signaling
568,VIT_09s0002g03580,52,0.0252,ABC transporter G member 21,ABCG21,,vv52010ABC_transporters,
569,VIT_07s0005g03210,52,0.0252,Ethylene-responsive transcription factor ERF098,ERF098_4,VvERF094,vv30008Ethylene_signaling,vv60003AP2_EREBP
570,VIT_08s0058g00430,52,0.0251,ferritin,E1_16_3_1,,vv10860Porphyrin_and_chlorophyll_metabolism,
571,VIT_06s0004g01630,50,0.0242,Transcription factor jumonji (jmjC) domain-containing protein,JMJD5,,vv60038Jumonji,
572,VIT_17s0000g10260,50,0.0242,AarF domain containing kinase,K08869,,,
573,VIT_18s0117g00080,50,0.0242,R protein L6,K13477,,vv34627R_proteins_from_Plant-pathogen_interaction,
574,VIT_03s0063g02560,48,0.0233,Phenylalanyl-tRNA synthetase alpha chain,E6_1_1_20,,vv10400Phenylalanine_tyrosine_and_tryptophan_biosynthesis,vv20970Aminoacyl-tRNA_biosynthesis
575,VIT_13s0064g01470,48,0.0232,Urophorphyrin III methylase,E2_1_1_107,,vv10860Porphyrin_and_chlorophyll_metabolism,
576,VIT_09s0096g00710,47,0.0226,No hit,,,,
577,VIT_17s0000g01970,47,0.0226,MKK9,MKK9,,vv30008Ethylene_signaling,vv34626Plant-pathogen_interaction
578,VIT_18s0001g15140,46,0.0223,Unknown,,,,
579,VIT_18s0001g12940,46,0.0222,Dihydrofolate reductase-thymidylate synthase,K13998,,vv10240Pyrimidine_metabolism,vv10670One_carbon_pool_by_folate
580,VIT_07s0031g00580,46,0.0222,No hit,,,,
581,VIT_01s0026g01270,46,0.0221,No hit,,,,
582,VIT_01s0127g00240<br>VIT_04s0008g06010<br>VIT_16s0050g00310<br>VIT_00s0504g00020<br>VIT_19s0014g02820<br>VITisv_018279<br>VIT_00s0922g00010,45,0.0218,,,,,
583,VIT_07s0095g00520,45,0.0216,S-receptor kinase 1,,,,
584,VIT_10s0071g00090,44,0.0213,No hit,,,,
585,VIT_19s0014g00060,44,0.0212,FRIGIDA protein,FRIGIDA,,vv30009Flower_development,
586,VIT_15s0046g01880,41,0.0199,Brassinosteroid-responsive ring-H2 (BRH1),BRH1,,vv30005Brassinosteroids_signaling,
587,VIT_13s0019g03990,41,0.0197,Unknown protein,,,,
588,VIT_13s0067g03130,40,0.0193,WRKY DNA-binding protein 55,WRKY55,VvWRKY40,vv60066WRKY,
589,VIT_06s0004g07270,39,0.0189,UDP-glucoronosyl and UDP-glucosyl transferase,,,,
590,VIT_04s0023g01820,39,0.0188,ADP-ribosylation factor,,,,
591,VIT_18s0001g05060,39,0.0188,2 3-bisphosphoglycerate-dependent phosphoglycerate mutase,E5_4_2_1,,vv10010Glycolysis,
592,VIT_06s0004g00760,38,0.0184,Leucoanthocyanidin dioxygenase-like protein,E1_14_11_19,,vv10941Flavonoid_biosynthesis,
593,VIT_05s0020g02500,38,0.0183,Unknown protein,,,,
594,VIT_00s0342g00010,38,0.0183,GHMP kinase,,,,
595,VIT_18s0086g00510,37,0.018,Unknown,,,,
596,VIT_10s0116g01850,37,0.018,Unknown protein,,,,
597,VIT_14s0066g02110,37,0.0178,AAA-type ATPase,,,,
598,VIT_18s0164g00130,36,0.0175,No hit,,,,
599,VIT_08s0056g00300,36,0.0173,Unknown,,,,
600,VIT_11s0037g00400,34,0.0164,Zinc finger (C2H2 type) family,C2H2FAM_28,,vv60017C2H2,
601,VIT_06s0004g05310,33,0.016,Tropinone reductase,E1_1_1_206,,vv10220Urea_cycle_and_metabolism_of_amino_groups,
602,VIT_01s0011g05440,33,0.0158,Unknown protein,,,,
603,VIT_01s0011g01340<br>VIT_01s0011g01330,32,0.0155,,,,,
604,VIT_04s0044g00590,31,0.0151,No hit,,,,
605,VIT_01s0010g02970,31,0.015,Calcium-binding protein CML,K13448,,vv34626Plant-pathogen_interaction,
606,VIT_05s0136g00210,31,0.015,Kafirin cluster,,,,
607,VIT_09s0002g07080,30,0.0145,No hit,,,,
608,VIT_03s0017g02110,29,0.0141,Anthocyanidin 3-O-glucosyltransferase,E2_4_1_115,,vv10942Anthocyanin_biosynthesis,
609,VIT_03s0038g02730,29,0.0141,Mutator-like transposase,,,,
610,VIT_15s0021g01260,29,0.014,Unknown,,,,
611,VIT_04s0008g02200,29,0.014,3-beta-hydroxy-delta5-steroid dehydrogenase,E1_1_1_145,,vv10140C21-Steroid_hormone_metabolism,
612,VIT_09s0002g08320,28,0.0135,Unknown,,,,
613,VIT_06s0004g04010,27,0.0131,Exocyst subunit EXO70 H7,EXO70H7,,vv50111Tethering_factors,
614,VIT_08s0007g00480,27,0.0131,Oxysterol binding protein,,,,
615,VIT_13s0067g02710,27,0.013,Unknown protein,,,,
616,VIT_12s0057g01490,27,0.013,Telomere repeat binding protein 1,TRP1,,vv60045MYBrelated,
617,VIT_07s0141g00750,27,0.013,Triacylglycerol lipase,E3_1_1_3,,vv10561Glycerolipid_metabolism,
618,VIT_06s0004g07280,26,0.0126,UDP-glucuronosyl/UDP-glucosyltransferase,E2_4_1_17,,vv10040Pentose_glucuronate_interconversion,vv10500Starch_and_sucrose_metabolism
619,VIT_05s0077g01680,26,0.0126,Mal d 1 allergen,,,,
620,VIT_04s0044g00140,26,0.0126,Unknown protein,,,,
621,VIT_18s0001g10240,26,0.0126,N-hydroxycinnamoyl/benzoyltransferase 6,,,,
622,VIT_04s0069g00670,26,0.0125,Glutamate receptor 2.8,GLR2_8,,vv50101Channels_and_pores,
623,VIT_06s0004g02590,25,0.0122,Carbonic anhydrase,E4_2_1_1,,vv10910Nitrogen_metabolism,vv50124Porters_cat_30_to_64
624,VIT_11s0016g00090,25,0.0121,Ubiquitin-specific protease 23 (UBP23),,,,
625,VIT_09s0002g05610,25,0.0121,Unknown,,,,
626,VIT_01s0010g03670,25,0.012,Unknown protein,,,,
627,VIT_08s0032g00400,25,0.012,Unknown,,,,
628,VIT_12s0059g00900,24,0.0116,Pentatricopeptide repeat,,,,
629,VIT_19s0015g00300,24,0.0116,KCO1 (two pore K channel),K05389_KCO1,,vv50101Channels_and_pores,
630,VIT_11s0016g02470,24,0.0116,Carrier protein  Mitochondrial,K03454,,vv50123Porters_cat_18_to_29,
631,VIT_17s0000g05420,23,0.0112,AAA-type ATPase family,,,,
632,VIT_07s0141g00120,23,0.0111,No hit,,,,
633,VIT_15s0045g01160,23,0.0111,Avr9/Cf-9 rapidly elicited protein,,,,
634,VIT_08s0058g01290,22,0.0107,Protein kinase AtSIK,,,,
635,VIT_08s0007g04020,22,0.0107,AT-hook protein 1 (AHP1),HMGIY_1,,vv60035HMG,
636,VIT_08s0105g00200,22,0.0106,U-box domain-containing protein,,,,
637,VIT_08s0007g04180,22,0.0106,Retrotransposon protein  Ty1-copia subclass,,,,
638,VIT_18s0001g13290,21,0.0102,GTP1/OBG family,K03979,,,
639,VIT_01s0182g00150,21,0.0101,PHO1-like protein,PHO1,,vv50125Porters_cat_66_to_94,
640,VIT_00s0398g00040,21,0.0101,Receptor kinase RK20-1,,,,
641,VIT_12s0028g01410,21,0.0101,Heat shock transcription factor A4A,HSFA4A_3,,vv60037HSF,
642,VIT_05s0049g00490,21,0.0101,Ethylene response factor ERF14,ERF14_2,VvERF109,vv30008Ethylene_signaling,vv60003AP2_EREBP
643,VIT_08s0032g01220,20,0.0097,Calcium dependent protein kinase 1,CPK1,,vv34626Plant-pathogen_interaction,
644,VIT_00s0823g00010,20,0.0097,Gag-pol polyprotein,,,,
645,VIT_03s0180g00280,20,0.0097,Indole-3-acetate beta-glucosyltransferase,E2_4_1_121,,vv11002Auxin_biosynthesis,
646,VIT_05s0062g00970,20,0.0096,Pyruvate decarboxylase isozyme 2,E4_1_1_1,,vv10010Glycolysis,
647,VIT_00s0568g00020,19,0.0092,Gag-pol polyprotein,,,,
648,VIT_19s0014g00840,19,0.0092,Unknown protein,,,,
649,VIT_16s0050g02000,19,0.0092,WD40,,,,
650,VIT_14s0006g03120,19,0.0092,HEAT repeat-containing protein,,,,
651,VIT_19s0027g00370,19,0.0092,CYP716A1,,,,
652,VIT_02s0087g00070,19,0.0092,ATP-dependent DNA helicase recQ,K10901,,vv23440Homologous_recombination,vv50122Porters_cat_7_to_17
653,VIT_00s0302g00020,19,0.0091,LYS/HIS transporter 7 LHT7,LHT7,,vv50123Porters_cat_18_to_29,
654,VIT_04s0008g05840,19,0.0091,DOMON domain containing protein,E1_14_17_1,,vv10350Tyrosine_metabolism,
655,VIT_15s0046g01950,19,0.0091,Anthocyanidine rhamnosyl-transferase,RHATR,,vv10942Anthocyanin_biosynthesis,
656,VIT_03s0017g02120,18,0.0088,UDP-glucose flavonoid 3-O-glucosyltransferase 2,E2_4_1_91,,vv10941Flavonoid_biosynthesis,
657,VIT_18s0072g01070,18,0.0087,Brassinosteroid-responsive ring-H2 (BRH1),BRH1,,vv30005Brassinosteroids_signaling,
658,VIT_13s0067g00930,18,0.0087,ACR4 (Arabidopsis CRINKLY4),,,,
659,VIT_00s0226g00030,17,0.0082,Peroxidase,E1_11_1_7,,vv10360Phenylalanine_metabolism,vv10680Methane_metabolism
660,VIT_11s0016g04000,17,0.0082,Unknown protein,,,,
661,VIT_09s0002g03620,17,0.0082,NADP-dependent malic enzyme,E1_1_1_39,,vv10620Pyruvate_metabolism,vv10710Carbon_fixation
662,VIT_12s0035g00800,16,0.0077,DEAH (Asp-Glu-Ala-His) box polypeptide 36,DHX36,,vv23040Spliceosome,
663,VIT_06s0009g00240,16,0.0077,OEP80 (outer envelope protein of 80 kda),OEP80,,vv50101Channels_and_pores,
664,VIT_17s0000g06860,16,0.0077,SNAP25ous protein SNAP30,K08509,,vv24130SNARE_interactions_in_vesicular_transport,
665,VIT_14s0060g00800,15,0.0073,Galactinol synthase,E2_4_1_123,,vv10052Galactose_metabolism,
666,VIT_03s0063g01790,15,0.0073,Transducin protein,,,,
667,VIT_11s0037g00920,15,0.0073,No hit,,,,
668,VIT_11s0052g00090,15,0.0072,Accumulation of photosystem one 3 (APO3),,,,
669,VIT_16s0022g00070,15,0.0072,No hit,,,,
670,VIT_03s0017g00270,15,0.0072,Carbonic anhydrase  chloroplast precursor,E4_2_1_1,,vv10910Nitrogen_metabolism,vv50124Porters_cat_30_to_64
671,VIT_03s0063g01890,14,0.0067,Ring-H2 finger protein ATL3G,,,,
672,VIT_06s0004g05400,13,0.0063,Tropinone reductase,E1_1_1_206,,vv10220Urea_cycle_and_metabolism_of_amino_groups,
673,VIT_04s0008g07360,13,0.0063,ADP-ribosylation factor 3 (ARF3),ADPRF3,,,
674,VIT_18s0117g00060,13,0.0063,R protein L6,K13477,,vv34627R_proteins_from_Plant-pathogen_interaction,
675,VIT_02s0012g03260,13,0.0063,No hit,,,,
676,VIT_04s0023g01900,13,0.0063,AAA-type ATPase,,,,
677,VIT_13s0067g01410,12,0.0058,Anthranilate N-hydroxycinnamoyl/benzoyltransferase,E2_3_1_144,,vv10400Phenylalanine_tyrosine_and_tryptophan_biosynthesis,
678,VIT_00s0181g00220,12,0.0058,Calmodulin-binding protein,K02183,,vv34020Calcium_signaling_pathway,vv34626Plant-pathogen_interaction
679,VIT_15s0046g03140,12,0.0058,DTA2 (downstream target of AGL15 2),,,,
680,VIT_14s0066g01240,12,0.0058,L-aspartate oxidase,E1_4_3_16,,vv10252Alanine_and_aspartate_metabolism,vv10760Nicotinate_and_nicotinamide_metabolism
681,VIT_10s0003g04910,12,0.0058,Sinapyl alcohol dehydrogenase,E1_1_1_195,,vv10940Phenylpropanoid_biosynthesis,
682,VIT_02s0012g02520,12,0.0058,Vacuolar protein sorting 25,VPS25,,vv50111Tethering_factors,
683,VIT_18s0072g01170,12,0.0058,Phosphoribosylanthranilate transferase,E2_4_2_18,,vv10400Phenylalanine_tyrosine_and_tryptophan_biosynthesis,
684,VIT_19s0014g05040,12,0.0058,formin homology 2 domain-containing protein 5,FH5,,vv44810Regulation_of_actin_cytoskeleton,
685,VIT_15s0021g00940,12,0.0058,Senescence-associated protein,,,,
686,VIT_10s0071g00300,12,0.0058,Unknown protein,,,,
687,VIT_14s0128g00170,12,0.0058,UDP-N-acetylglucosamine transferase subunit alg13,E2_4_1_141,,vv10510N-Glycan_biosynthesis,vv11030Glycan_structures-biosynthesis1
688,VIT_16s0148g00010,12,0.0058,Receptor kinase homolog LRK10,,,,
689,VIT_05s0062g00150,12,0.0058,Pentatricopeptide repeat protein,,,,
690,VIT_12s0059g00170,12,0.0058,GCN5 N-acetyltransferase (GNAT),GCN5_16,,vv60082GNAT,
691,VIT_18s0001g12900,12,0.0058,S-adenosyl-L-methionine:salicylic acid carboxyl methyltransferase,SAMTBSCMT,,vv10360Phenylalanine_metabolism,
692,VIT_15s0048g00560,12,0.0058,UNE1 (unfertilized embryo sac 1),,,,
693,VIT_19s0015g01440,11,0.0053,Unknown protein,,,,
694,VIT_15s0045g00070,11,0.0053,Aminopeptidase,,,,
695,VIT_15s0048g01240,10,0.0049,MADS-box protein AGL20,SOC1_3,,vv30009Flower_development,vv60042MADS
696,VIT_10s0003g00340,10,0.0049,ACR4 (Arabidopsis CRINKLY4),,,,
697,VIT_16s0039g01240<br>VIT_16s0039g01360<br>VIT_16s0039g01130<br>VIT_16s0039g01100<br>VIT_00s2508g00010<br>VITisv_032212<br>VIT_16s0039g01120<br>VIT_16s0039g01320<br>VIT_00s2849g00010<br>VIT_16s0039g01300<br>VIT_16s0039g01170<br>VIT_16s0039g01280,10,0.0048,,,,,
698,VIT_03s0063g00260,10,0.0048,Hydrogenobyrinic acid a c-diamide synthase,E6_3_5_9,,vv50101Channels_and_pores,
699,VIT_17s0000g01660,10,0.0048,WD40,,,,
700,VIT_16s0050g02060,10,0.0048,Receptor kinase homolog LRK10,,,,
701,VIT_18s0001g07900,10,0.0048,MADS-box agamous-like 21,AGL21_4,,vv60042MADS,
702,VIT_01s0010g01080,10,0.0048,Phosphoribulokinase/uridine kinase,E2_7_1_48,,vv10240Pyrimidine_metabolism,
703,VIT_08s0007g08520,9,0.0044,Unknown protein,,,,
704,VIT_00s0516g00010,9,0.0044,Unknown,,,,
705,VIT_16s0050g00430,9,0.0044,Photoassimilate-responsive protein PAR-1a,,,,
706,VIT_06s0004g06800,9,0.0044,PHD finger transcription factor,PHDFG_18,,vv60048PHD,
707,VIT_16s0039g02420,9,0.0044,No hit,,,,
708,VIT_01s0011g04780,9,0.0044,Unknown protein,,,,
709,VIT_07s0031g02310,9,0.0044,Leucine-rich repeat-containing protein 40,,,,
710,VIT_17s0053g00460,9,0.0044,Pinoresinol-lariciresinol reductase,PLR,,vv10940Phenylpropanoid_biosynthesis,
711,VIT_12s0055g00990,9,0.0043,Peroxidase,E1_11_1_7,,vv10360Phenylalanine_metabolism,vv10680Methane_metabolism
712,VIT_13s0019g00850,9,0.0043,U3 small nucleolar ribonucleoprotein protein IMP4,K14561,,vv23008Ribosome_biogenesis_in_Eukaryotes,
713,VIT_15s0021g00730,9,0.0043,No hit,,,,
714,VIT_13s0019g00310,9,0.0043,ABC transporter B member 20,ABCB20,,vv52010ABC_transporters,
715,VIT_14s0108g00120,9,0.0043,WRKY DNA-binding protein 72,WRKY72_3,VvWRKY44,vv60066WRKY,
716,VIT_14s0006g00360,9,0.0043,No hit,,,,
717,VIT_00s0413g00010,9,0.0043,Laccase (diphenol oxidase) family protein,E1_10_3_2,,vv11000Single_reactions,vv50109Incompletely_characterized_transport_systems
718,VIT_14s0060g02330,9,0.0043,Actin binding formin homology 1,FH2,,vv44810Regulation_of_actin_cytoskeleton,
719,VIT_09s0002g08310,9,0.0043,Unknown,,,,
720,VIT_14s0060g02690,7,0.0034,Germin-like protein 3 [Vitis vinifera],,,,
721,VIT_03s0097g00390,7,0.0034,Unknown protein,,,,
722,VIT_16s0100g01200<br>VIT_16s0100g01070,7,0.0034,,,,,
723,VIT_01s0150g00450,7,0.0034,Respiratory burst oxidase protein D (RBOHD),RBOHD,,vv34626Plant-pathogen_interaction,vv50105Transport_electron_carriers
724,VIT_03s0038g03970,7,0.0034,Unknown protein,,,,
725,VIT_10s0003g02320<br>VIT_10s0003g02300<br>VIT_10s0003g02390<br>VIT_10s0003g02350<br>VIT_10s0003g02340<br>VIT_10s0003g02400,7,0.0034,,,,,
726,VIT_12s0055g01000,7,0.0034,Peroxidase,E1_11_1_7,,vv10360Phenylalanine_metabolism,vv10680Methane_metabolism
727,VIT_03s0110g00320,7,0.0034,Cinnamyl alcohol dehydrogenase,E1_1_1_195,,vv10940Phenylpropanoid_biosynthesis,
728,VIT_12s0059g00140,7,0.0034,Ankyrin repeat protein,,,,
729,VIT_07s0141g00500,7,0.0034,V-type H+-transporting ATPase 21kDa proteolipid subunit,K03661,,vv10190Oxidative_phosphorylation,vv44145Phagosome
730,VIT_18s0001g02200,6,0.0029,8-oxoguanine-DNA glycosylase (OGG1),K03660,,vv23410Base_excision_repair,
731,VIT_19s0027g00910,6,0.0029,NAC domain-containing protein 42,NAC042_6,VvNAC28,vv60046NAC,
732,VIT_12s0035g00920,6,0.0029,Unknown protein,,,,
733,VIT_09s0070g00440,6,0.0029,No hit,,,,
734,VIT_13s0019g01000,6,0.0029,Zinc finger (C3HC4-type ring finger),ZFC3HC4_231,,vv60078Other_zf-C3HC4,
735,VIT_19s0015g00550,6,0.0029,Nudix hydrolase 10,,,,
736,VIT_13s0074g00800,6,0.0029,CCHC-type integrase,,,,
737,VIT_15s0021g01970<br>VIT_15s0021g01960,6,0.0029,,,,,
738,VIT_17s0000g09230,6,0.0029,Leucine-rich repeat family protein,,,,
739,VIT_19s0090g00710,6,0.0029,No hit,,,,
740,VIT_00s0437g00060,6,0.0029,Receptor kinase RK20-1,,,,
741,VIT_00s0262g00090,6,0.0029,Receptor kinase RK20-1,,,,
742,VIT_16s0039g02860,6,0.0029,Germin-like protein 3 [Vitis vinifera],,,,
743,VIT_14s0066g01460,6,0.0029,HEAT repeat-containing protein,,,,
744,VIT_15s0021g02470,6,0.0029,Epoxide hydrolase-like protein,E3_3_2_10,,,
745,VIT_16s0013g01590,6,0.0029,No hit,,,,
746,VIT_10s0003g01710,6,0.0029,Ubiquitin domain containing 2,,,,
747,VIT_13s0156g00160,6,0.0029,Unknown,,,,
748,VIT_18s0001g06520,6,0.0029,Isoamylase protein.,E2_4_1_18,,vv10500Starch_and_sucrose_metabolism,
749,VIT_02s0154g00340,6,0.0029,No hit,,,,
750,VIT_18s0001g11400,6,0.0029,CYP82C4,,,,
751,VIT_01s0010g01360,6,0.0029,No hit,,,,
752,VIT_16s0050g00920,6,0.0029,MATE efflux family protein,MATE,,vv50125Porters_cat_66_to_94,
753,VIT_06s0080g00060,6,0.0029,Arabidopsis histidine phosphotransfer AHP3,AHP3,,vv30007Cytokinin_signaling,
754,VIT_01s0010g02940,6,0.0029,Calmodulin CML37,K02183,,vv34020Calcium_signaling_pathway,vv34626Plant-pathogen_interaction
755,VIT_12s0121g00300,6,0.0029,Brassinosteroid insensitive 1-associated receptor kinase 1,BAK1,,vv30005Brassinosteroids_signaling,vv34626Plant-pathogen_interaction
756,VIT_11s0016g04950,6,0.0029,NAD+ diphosphatase,K03426,,vv44146Peroxisome,
757,VIT_13s0019g01700,6,0.0029,Scarecrow transcription factor 14 (SCL14),SCL14_1,,vv60032GRAS,
758,VIT_02s0154g00050,6,0.0029,Glycosyl hydrolase family 5,,,,
759,VIT_11s0149g00360,6,0.0029,No hit,,,,
760,VIT_03s0038g03930,6,0.0029,No hit,,,,
761,VIT_17s0000g04310,6,0.0029,DEAD (Asp-Glu-Ala-Asp) box polypeptide 18,DDX18,,vv23040Spliceosome,vv50133Primary_active_transporter_cat_A9_to_A18
762,VIT_05s0049g01860,6,0.0029,Receptor-like protein kinase,,,,
763,VIT_03s0063g01810,6,0.0029,No hit,,,,
764,VIT_18s0001g08940,4,0.0019,No hit,,,,
765,VIT_18s0075g00770,4,0.0019,No hit,,,,
766,VIT_14s0030g00130,4,0.0019,RPS2 (resistant to p. syringae 2),K13459,,vv34626Plant-pathogen_interaction,
767,VIT_00s0193g00160,4,0.0019,Ankyrin,K10380,,,
768,VIT_16s0013g01360,4,0.0019,No hit,,,,
769,VIT_07s0005g04040,3,0.0015,Leucine Rich Repeat receptor-like kinase,,,,
770,VIT_07s0031g01010<br>VIT_07s0031g01040<br>VIT_07s0031g01050,3,0.0015,,,,,
771,VIT_14s0128g00690,3,0.0015,Germin protein 3,,,,
772,VIT_04s0008g06460,3,0.0015,Beta-glucuronidase,E3_2_1_31,,vv10040Pentose_glucuronate_interconversion,vv10500Starch_and_sucrose_metabolism
773,VIT_05s0020g03240,3,0.0015,S-receptor kinase,,,,
774,VIT_05s0077g01810,3,0.0015,Unknown protein,,,,
775,VIT_10s0003g03790,3,0.0015,Jasmonate ZIM domain-containing protein 8,JAZ8_2,,vv30011Jasmonate_signaling,vv60069ZIM
776,VIT_06s0004g05080,3,0.0015,Zinc finger (C3HC4-type ring finger),ZFC3HC4_24,,vv60078Other_zf-C3HC4,
777,VIT_06s0004g03570,3,0.0015,No hit,,,,
778,VIT_00s0652g00030,3,0.0015,Microtubule organization 1 protein (MOR1),MOR1,,vv44810Regulation_of_actin_cytoskeleton,
779,VIT_18s0001g00080,3,0.0015,Laccase,E1_10_3_2,,vv11000Single_reactions,vv50109Incompletely_characterized_transport_systems
780,VIT_14s0030g00080,3,0.0015,No hit,,,,
781,VIT_04s0008g02220,3,0.0015,Sterile alpha motif (SAM) domain-containing protein,,,,
782,VIT_07s0005g01770,3,0.0015,Pre-mRNA-splicing factor ATP-dependent RNA helicase DHX15/PRP43,K12820,,vv23040Spliceosome,
783,VIT_18s0122g01150,3,0.0015,Diphenol oxidase,E1_10_3_1,,vv10350Tyrosine_metabolism,vv50109Incompletely_characterized_transport_systems
784,VIT_13s0106g00710,3,0.0015,EMB2745 (embryo defective 2745),,,,
785,VIT_18s0001g14540,3,0.0015,DEAD-box ATP-dependent RNA helicase 28,K03732,,vv23040Spliceosome,vv50133Primary_active_transporter_cat_A9_to_A18
786,VIT_00s0227g00060,3,0.0015,WD-40 repeat protein,,,,
787,VIT_04s0210g00070,3,0.0015,Strictosidine synthase,E4_3_3_2,,vv10900Terpenoid_biosynthesis,vv10902Monoterpenoid_biosynthesis
788,VIT_01s0011g06640,3,0.0015,Beta-Ig-H3/fasciclin,,,,
789,VIT_00s0409g00060,3,0.0015,Cysteine-rich receptor-like protein kinase 25,,,,
790,VIT_06s0004g06990,3,0.0015,Phytol kinase 2  chloroplast precursor,VTE5,,vv10860Porphyrin_and_chlorophyll_metabolism,
791,VIT_15s0046g02450,3,0.0015,SKP1-like 21 ASK21,K03094,,vv24120Ubiquitin_mediated_proteolysis,vv24141Protein_processing_in_endoplasmic_reticulum
792,VIT_00s0420g00010,3,0.0015,S-locus lectin protein kinase,,,,
793,VIT_16s0022g00700,3,0.0015,Pectinesterase family,E3_1_1_11,,vv40006Cell_wall,
794,VIT_09s0018g00480,3,0.0015,RPS5 (resistant to p. syringae 5),K13460,,vv34627R_proteins_from_Plant-pathogen_interaction,
795,VIT_17s0000g10160,3,0.0015,No hit,,,,
796,VIT_01s0146g00480,3,0.0015,TIFY 9 (Jasmonate ZIM domain-containing protein 10),JAZ10,,vv30011Jasmonate_signaling,vv60069ZIM
797,VIT_13s0156g00460,3,0.0015,CC-NBS-LRR class,,,,
798,VIT_04s0023g03450,3,0.0015,AP endonuclease 2,K10772,,vv23410Base_excision_repair,
799,VIT_00s0346g00090,3,0.0015,Cinnamyl alcohol dehydrogenase,E1_1_1_195,,vv10940Phenylpropanoid_biosynthesis,
800,VIT_10s0003g03170,3,0.0015,CYP710A1 C-22 sterol desaturase,K09832,,vv10100Biosynthesis_of_steroids,
801,VIT_06s0004g01070,3,0.0014,No hit,,,,
802,VIT_16s0039g02520,3,0.0014,Unknown protein,,,,
803,VIT_12s0028g00860,3,0.0014,NAC domain-containing protein 42,NAC042_5,VvNAC36,vv60046NAC,
804,VIT_04s0079g00300,3,0.0014,No hit,,,,
805,VIT_14s0128g00940,3,0.0014,No hit,,,,
806,VIT_19s0090g00660,3,0.0014,Lipase GDSL,,,,
807,VIT_03s0038g02990,3,0.0014,No hit,,,,
808,VIT_19s0090g00430,3,0.0014,Ubiquitin-like 5 UBL5,,,,
809,VIT_12s0059g01590,3,0.0014,Lipase GDSL,,,,
810,VIT_06s0004g07200,3,0.0014,Other LOB domain-containing protein ASL5,ASL5_1,,vv60007AS2,
811,VIT_15s0048g01350,3,0.0014,Gibberellin receptor GID1L3,GID1C,,vv30010Gibberellin_signaling,
812,VIT_17s0000g08210,3,0.0014,Zinc finger (C3HC4-type ring finger),ZFC3HC4_103,,vv60078Other_zf-C3HC4,
813,VIT_05s0020g03690<br>VIT_05s0020g03710,3,0.0014,,,,,
814,VIT_19s0093g00380,3,0.0014,RPS2 (resistant to p. syringae 2),K13459,,vv34626Plant-pathogen_interaction,
815,VIT_08s0007g05940,3,0.0014,Unknown,,,,
816,VIT_15s0024g00860,3,0.0014,Unknown,,,,
817,VIT_15s0046g03500,3,0.0014,Metal ion binding,,,,
818,VIT_01s0011g06140,3,0.0014,Avr9/Cf-9 rapidly elicited protein,,,,
819,VIT_18s0001g11120,3,0.0014,Ternary complex factor MIP1,,,,
820,VIT_14s0036g00860,3,0.0014,Acyl-CoA ligase,E6_2_1_3,,vv10071Fatty_acid_metabolism,vv50104Group_translocators
821,VIT_08s0040g02430,3,0.0014,Unknown protein,,,,
822,VIT_18s0041g02350,3,0.0014,R protein disease resistance protein,RPROT,,vv34627R_proteins_from_Plant-pathogen_interaction,
823,VIT_17s0000g07930,3,0.0014,Nodulin MtN21 family,MTN21,,vv50122Porters_cat_7_to_17,
824,VIT_11s0016g02460,3,0.0014,Pentatricopeptide (PPR) repeat-containing protein,,,,
825,VIT_14s0068g00170,3,0.0014,No hit,,,,
826,VIT_17s0000g06690,3,0.0014,Unknown,,,,
827,VIT_07s0104g01180,3,0.0014,Unknown protein,,,,
828,VIT_06s0004g07500,3,0.0014,WRKY DNA-binding protein 33,WRKY33_1,VvWRKY16,vv34626Plant-pathogen_interaction,vv60066WRKY
829,VIT_10s0071g00210,3,0.0014,Myosin VA (heavy chain 12  myoxin),K10357,,vv44810Regulation_of_actin_cytoskeleton,
830,VIT_01s0010g03080,3,0.0014,Unknown,,,,
831,VIT_09s0002g00490,3,0.0014,Lipase GDSL 5,,,,
832,VIT_14s0060g00510,3,0.0014,TPA: class III peroxidase 70 precursor,E1_11_1_7,,vv10360Phenylalanine_metabolism,vv10680Methane_metabolism
833,VIT_01s0011g03650,3,0.0014,Map kinase substrate 1 MKS1,,,,
