Vv_m2,2000,1000,VIT_12s0028g00270
rank,node,Fabs,Frel,Functional-annotation,Name-EC-KeggID,Updated-name,Network1,Network2
1,VIT_10s0116g00430,2063,1.0000,Unknown protein,,,,
2,VIT_01s0011g00720,2053,1.0000,WRKY DNA-binding protein 57,WRKY57,VvWRKY01,vv60066WRKY,
3,VIT_11s0065g00130,2062,1.0000,Taxane 10-beta-hydroxylase,E1_14_13_76,,vv10904Diterpenoid_biosynthesis,
4,VIT_03s0038g03530,2060,0.9995,LYS/HIS transporter 7,LHT7,,vv50123Porters_cat_18_to_29,
5,VIT_01s0011g03780,2067,0.9990,Zinc finger protein 6,ZFP6_2,,vv60017C2H2,
6,VIT_07s0005g02570,2063,0.9990,WRKY DNA-binding protein 47,WRKY47,VvWRKY20,vv60066WRKY,
7,VIT_19s0090g00840,2062,0.9966,WRKY DNA-binding protein 6,WRKY6_2,VvWRKY55,vv60066WRKY,
8,VIT_07s0104g01730,2056,0.9928,HAK5 (High affinity K+ transporter 5),HAK5,,vv50125Porters_cat_66_to_94,
9,VIT_00s0337g00090,2052,0.9927,Unknown,,,,
10,VIT_04s0023g01720,2046,0.9903,SEC14 cytosolic factor  putative,SEC14,,vv50122Porters_cat_7_to_17,
11,VIT_04s0008g03160,2040,0.9869,G protein protein gamma subunit (AGG2),,,,
12,VIT_16s0098g01170,2036,0.9855,Homeobox-leucine zipper protein HB-12,VVHB12_1,VvHB56,vv60034HB,
13,VIT_17s0000g06190,2042,0.9850,Myb domain protein 94,MYB94_2,MYB30A,vv60044MYB,
14,VIT_19s0027g01710,2032,0.9850,Acetylornithine aminotransferase,E2_6_1_11,,vv10220Urea_cycle_and_metabolism_of_amino_groups,
15,VIT_02s0025g02190,2035,0.9840,Short-chain dehydrogenase/reductase,,,,
16,VIT_13s0067g00240,2013,0.9839,Binding,,,,
17,VIT_01s0127g00780,2023,0.9830,Polyamine Oxidase,E1_5_3_11,,vv11000Single_reactions,
18,VIT_05s0020g03740,2023,0.9811,Lipid transfer protein,LTP,,,
19,VIT_02s0025g02180,2016,0.9744,No hit,,,,
20,VIT_10s0116g01840,2012,0.9710,No hit,,,,
21,VIT_00s0203g00070,1992,0.9609,Myb domain protein 102,MYB102_4,MYB143,vv60044MYB,
22,VIT_16s0050g02750,1997,0.9601,Zinc finger (C3HC4-type ring finger),ZFC3HC4_40,,vv60078Other_zf-C3HC4,
23,VIT_08s0040g02600,1981,0.9598,F-box protein,,,,
24,VIT_13s0019g04610,1978,0.9583,Salt stress-inducible protein kinase,,,,
25,VIT_18s0166g00210,1989,0.9558,Regulator of chromosome condensation (RCC1),RCC1,,vv50112Nuclear_pore_complex,
26,VIT_13s0156g00550,1988,0.9558,S-receptor kinase,,,,
27,VIT_18s0122g01280,1975,0.9555,Niemann-Pick C1 protein precursor,NPC1,,vv50121Porters_cat_1_to_6,
28,VIT_10s0003g03330,1949,0.9429,Receptor-like serine-threonine protein kinase,,,,
29,VIT_15s0021g01060,1934,0.9393,CYP72A1,K13400,,vv10902Monoterpenoid_biosynthesis,
30,VIT_00s0945g00010,1931,0.9347,Unknown protein,,,,
31,VIT_19s0135g00060,1924,0.9313,Glyoxalase II,E3_1_2_6,,vv10620Pyruvate_metabolism,
32,VIT_16s0050g00930,1916,0.9283,AnthoMATE1  anthocyanin permease AM1,ANTHOMATE1,,vv50125Porters_cat_66_to_94,
33,VIT_12s0059g00650,1915,0.9269,No hit,,,,
34,VIT_03s0017g00620,1904,0.9176,GA 20-oxidase,E1_14_11_12,,vv10904Diterpenoid_biosynthesis,
35,VIT_08s0007g00890,1911,0.9161,Tropinone reductase,E1_1_1_206,,vv10220Urea_cycle_and_metabolism_of_amino_groups,
36,VIT_12s0035g01500<br>VIT_09s0002g03280,1889,0.9161,
37,VIT_01s0010g00560,1900,0.9148,Unknown protein,,,,
38,VIT_02s0109g00310,1884,0.9093,flavonoid 3-monooxygenase,E1_14_13_21,,vv10941Flavonoid_biosynthesis,
39,VIT_05s0062g00720,1858,0.8959,UDP-glucoronosyl/UDP-glucosyl transferase UGT75C1,UGT75C1,,vv10942Anthocyanin_biosynthesis,
40,VIT_05s0062g01120,1855,0.8948,PIN1,PIN1,,vv50004Auxin_transport,vv50125Porters_cat_66_to_94
41,VIT_02s0033g01370,1844,0.8917,Sodium:solute symporter family protein,SSF,,vv50123Porters_cat_18_to_29,
42,VIT_10s0071g00270,1839,0.8880,Abscisic acid-insensitive protein 3 (ABI3),ABI3_1,,vv30001ABA_signaling,vv30003Auxin_signaling
43,VIT_04s0008g02480,1834,0.8873,Unknown protein,,,,
44,VIT_14s0068g00780,1831,0.8841,Nematode chemoreceptor,K08473,,vv50122Porters_cat_7_to_17,
45,VIT_06s0004g08250,1823,0.8828,Leucine-rich repeat transmembrane protein kinase  putative,,,,
46,VIT_18s0072g00580<br>VIT_11s0065g00040,1820,0.8788,
47,VIT_18s0001g11500,1816,0.8764,CYP81E1,E1_14_13_89,,vv10943Isoflavonoid_biosynthesis,
48,VIT_00s0804g00020,1797,0.8728,Unknown protein,,,,
49,VIT_01s0011g05950,1793,0.8712,NSL1 (necrotic spotted lesions 1),,,,
50,VIT_04s0008g02510,1800,0.8683,Receptor kinase homolog LRK10,,,,
51,VIT_16s0039g00700,1747,0.8481,RCP1 (root cap 1),RCP1,,vv50125Porters_cat_66_to_94,
52,VIT_05s0020g04320,1744,0.8458,Pentatricopeptide repeat-containing protein,,,,
53,VIT_00s0333g00010,1751,0.8455,fimbrin 1,FIMBRIN1,,vv44810Regulation_of_actin_cytoskeleton,
54,VIT_10s0003g01380,1739,0.8434,Myb family,MYBGE_9,,vv60029G2-like,
55,VIT_17s0000g02950,1753,0.8424,Glutathione S-transferase 25 GSTU7,E2_5_1_18_GSTU7,,vv10480Glutathione_metabolism,
56,VIT_08s0007g05130,1737,0.8416,UDP-glucoronosyl/UDP-glucosyl transferase,,,,
57,VIT_09s0054g01220,1740,0.8406,Cycloartenol synthase,E5_4_99_8,,vv10100Biosynthesis_of_steroids,
58,VIT_01s0011g00220,1738,0.8356,WRKY DNA-binding protein 3,WRKY3,VvWRKY58,vv60066WRKY,
59,VIT_04s0008g04770,1716,0.8302,Zinc finger protein VAR3  chloroplastic,VARIEGATED3_3,,vv60080Other_zf,
60,VIT_04s0069g00300,1707,0.8246,Gamma-aminobutyrate transaminase subunit precursor isozyme 3,E2_6_1_19,,vv10251Glutamate_metabolism,vv10252Alanine_and_aspartate_metabolism
61,VIT_01s0011g02440,1710,0.8225,Metal-dependent phosphohydrolase HD domain-containing protein-like,K07023,,,
62,VIT_01s0011g02080,1704,0.8220,Ribosomal protein L36a/L44 (RPL36aB) 60S,K02920,,vv23010Ribosome,
63,VIT_12s0034g01550,1685,0.8168,Pentatricopeptide (PPR) repeat,,,,
64,VIT_13s0067g03220,1684,0.8147,Unknown protein,,,,
65,VIT_18s0001g14790,1677,0.8141,Lipase 3 (EXL3) family II extracellular,,,,
66,VIT_09s0002g04780,1682,0.8126,Sulfate transporter 3.4,SULTR3_4,,vv50124Porters_cat_30_to_64,
67,VIT_00s0286g00010,1678,0.8122,ARK3 (Arabidopsis Receptor Kinase 3),,,,
68,VIT_13s0106g00330,1674,0.8095,Lipase GDSL,,,,
69,VIT_02s0025g00970,1679,0.8092,ABC transporter C member 15,ABCC15,,vv52010ABC_transporters,
70,VIT_00s0366g00020,1664,0.8043,CRK10 (cysteine-rich RLK10),,,,
71,VIT_18s0001g11480,1658,0.8037,CYP82C4,,,,
72,VIT_06s0004g03350,1647,0.7991,Lateral organ boundaries protein 1,LBD1_5,,vv60007AS2,
73,VIT_00s2642g00010,1647,0.7976,H(+)-ATPase 4 AHA4,K01535,,vv10190Oxidative_phosphorylation,vv50131Primary_active_transporter_cat_A2_to_A4
74,VIT_08s0058g00150,1648,0.7946,Ammonium transporter 2,AMT2,,vv50101Channels_and_pores,
75,VIT_04s0008g03230,1630,0.7920,Unknown protein,,,,
76,VIT_00s0225g00060,1637,0.7904,MATE efflux family protein,MATE,,vv50125Porters_cat_66_to_94,
77,VIT_02s0025g01900,1625,0.7865,Cellulose synthase CSLG3,E2_4_1_12_CSLG3,,vv40006Cell_wall,
78,VIT_17s0000g05470,1622,0.7840,Nodulin,,,,
79,VIT_14s0066g02200,1621,0.7823,Unknown protein,,,,
80,VIT_05s0077g00500,1600,0.7763,Myb domain protein 108,MYB108,MYB108A,vv60044MYB,
81,VIT_17s0119g00030,1583,0.7670,Guanine nucleotide-binding protein alpha-1 subunit,,,,
82,VIT_11s0037g00800,1589,0.7658,Serine carboxypeptidase II,,,,
83,VIT_05s0049g01010,1585,0.7653,Myb domain protein 14,MYB14_4,MYB13,vv60044MYB,
84,VIT_18s0122g01260,1572,0.7627,Protein kinase 1B,,,,
85,VIT_07s0151g00740,1573,0.7614,Non-specific lipid-transfer protein,,,,
86,VIT_05s0020g03300,1567,0.7570,S-receptor kinase,,,,
87,VIT_06s0004g06210,1557,0.7514,CYP86A1,,,,
88,VIT_08s0040g01300,1557,0.7511,DPB-1 transcription factor (DPB),DPB1_3,,vv44110Cell_cycle,vv60026E2F-DP
89,VIT_00s0532g00070,1540,0.7479,CRK10 (cysteine-rich RLK10); kinase,,,,
90,VIT_14s0006g02600,1527,0.7449,Wall-associated kinase 4,,,,
91,VIT_19s0090g01870,1539,0.7435,Multidrug resistance-associated protein 3,MRP3,,vv52010ABC_transporters,
92,VIT_13s0064g00860,1517,0.7357,Nuclear transcription factor Y subunit A-1,NFYA1_1,,vv60021CCAAT,
93,VIT_18s0001g14280,1518,0.7333,ER lumen protein retaining receptor,,,,
94,VIT_13s0019g00480,1502,0.7284,Zinc finger (C2H2 type) family,C2H2FAM_22,,vv60017C2H2,
95,VIT_00s0131g00220,1503,0.7254,Annexin ANN3,ANN3,,vv50101Channels_and_pores,
96,VIT_19s0014g03820,1512,0.7248,Myb domain protein 102,MYB102_2,MYB145,vv60044MYB,
97,VIT_00s2547g00010,1494,0.7176,WRKY DNA-binding protein 21,WRKY21_2,,vv60066WRKY,
98,VIT_08s0007g05030,1480,0.7126,Myb domain protein 36,MYB36_2,MYB150,vv60044MYB,
99,VIT_19s0015g02470,1470,0.7112,Zinc finger (C3HC4-type ring finger),ZFC3HC4_72,,vv60078Other_zf-C3HC4,
100,VIT_01s0010g00710,1469,0.7110,Armadillo/beta-catenin repeat protein / U-box domain-containing protein ,,,,
101,VIT_08s0007g01400,1466,0.7106,Glutathione S-transferase 8 GSTU8,E2_5_1_18_GSTU8,,vv10480Glutathione_metabolism,
102,VIT_13s0067g01410,1467,0.7104,Anthranilate N-hydroxycinnamoyl/benzoyltransferase,E2_3_1_144,,vv10400Phenylalanine_tyrosine_and_tryptophan_biosynthesis,
103,VIT_15s0045g01160,1461,0.7103,Avr9/Cf-9 rapidly elicited protein,,,,
104,VIT_08s0058g00990,1459,0.7069,Peroxidase,E1_11_1_7,,vv10360Phenylalanine_metabolism,vv10680Methane_metabolism
105,VIT_16s0148g00170,1443,0.6964,Protein binding / zinc ion binding,,,,
106,VIT_04s0023g02100,1438,0.6937,Unknown,,,,
107,VIT_07s0104g00240,1439,0.6932,Unknown protein,,,,
108,VIT_08s0007g01010,1441,0.6925,Aldo/keto reductase,E1_1_1_21,,vv10040Pentose_glucuronate_interconversion,vv10051Fructose_and_mannose_metabolism
109,VIT_02s0012g02620,1426,0.6912,PFT1 (phytochrome and flowering time 1) MED25,PFT1,,vv30009Flower_development,
110,VIT_00s0477g00030,1418,0.6864,MATE efflux family protein ripening responsive,MATE,,vv50125Porters_cat_66_to_94,
111,VIT_05s0062g00740,1427,0.6851,UDP-glucoronosyl/UDP-glucosyl transferase UGT75C1,UGT75C1,,vv10942Anthocyanin_biosynthesis,
112,VIT_07s0151g00520,1413,0.6846,Homocysteine S-methyltransferase 3,E2_1_1_10,,vv10271Methionine_metabolism,
113,VIT_03s0132g00320,1426,0.6846,No hit,,,,
114,VIT_02s0012g01590,1414,0.6831,Unknown protein,,,,
115,VIT_07s0129g00370,1415,0.6829,Unknown protein,,,,
116,VIT_00s0456g00040<br>VIT_00s0374g00030,1403,0.6784,
117,VIT_07s0151g00110<br>VIT_07s0151g00190<br>VIT_07s0151g00250,1404,0.6783,
118,VIT_16s0039g01710,1397,0.6752,Myb domain protein 9,MYB9,MYB181,vv60044MYB,
119,VIT_18s0001g13730,1388,0.6744,BPC6/BBR/BPC6/BPC6,BPC6_3,,vv60009BBR,
120,VIT_06s0004g02580,1393,0.6736,BLH8 (BEL1-like homeodomain 8),BLH8,VvHB22,vv60034HB,
121,VIT_19s0027g01770,1397,0.6697,Acetylornithine aminotransferase,E2_6_1_11,,vv10220Urea_cycle_and_metabolism_of_amino_groups,
122,VIT_08s0032g01190,1364,0.6693,Nuclear transcription factor Y subunit A-10,NFYA10,,vv60021CCAAT,
123,VIT_02s0025g00960,1376,0.6647,V-type H+-transporting ATPase subunit E,K02150,,vv10190Oxidative_phosphorylation,vv44145Phagosome
124,VIT_18s0001g11460,1358,0.6628,CYP82C4,,,,
125,VIT_06s0080g00970,1372,0.6618,NAC domain-containing protein 40,NAC040,VvNAC67,vv60046NAC,
126,VIT_07s0031g00670,1367,0.6594,Heat shock transcription factor 4,HSF4,,vv60037HSF,
127,VIT_14s0036g00460,1358,0.6541,Myb domain protein 102,MYB102_3,MYB135,vv60044MYB,
128,VIT_18s0001g12550,1351,0.6536,Beta-ketoacyl-CoA synthase,E2_3_1_41,,vv10061Fatty_acid_biosynthesis,
129,VIT_17s0000g01230,1322,0.6436,MADS-box protein AGL20,SOC1_2,,vv30009Flower_development,vv60042MADS
130,VIT_00s0225g00080,1325,0.6420,MATE efflux family protein,MATE,,vv50125Porters_cat_66_to_94,
131,VIT_15s0046g03090,1326,0.6390,DTA2 (downstream target of AGL15 2),,,,
132,VIT_09s0002g06020,1296,0.6291,Tesmin/TSO1-like CXC domain-containing,TCX2_1,,vv60022CPP,
133,VIT_16s0050g01880,1298,0.6286,Receptor kinase homolog LRK10,,,,
134,VIT_09s0002g08840,1302,0.6284,Unknown,,,,
135,VIT_18s0001g11620,1287,0.6238,WAK receptor protein kinase,,,,
136,VIT_06s0004g05400,1287,0.6223,Tropinone reductase,E1_1_1_206,,vv10220Urea_cycle_and_metabolism_of_amino_groups,
137,VIT_07s0005g04020,1282,0.6208,Leucine Rich Repeat receptor-like kinase,,,,
138,VIT_13s0084g00660,1276,0.6170,Basic/Leu zipper protein HBP-1b(c1),AHBP1B_2,VvbZIP35,vv30011Jasmonate_signaling,vv60012BZIP
139,VIT_03s0110g00290,1265,0.6144,No hit,,,,
140,VIT_18s0001g01650,1279,0.6128,Unknown,,,,
141,VIT_13s0019g00350,1276,0.6126,ARF GTPase activator  ARF-GAP Domain 13,AGD13,,vv50110Protein_coat,
142,VIT_08s0007g03200,1263,0.6101,RNA-binding region RNP-1,,,,
143,VIT_05s0077g01650,1260,0.6093,Major allergen Pru ar 1,,,,
144,VIT_08s0058g00590,1263,0.6090,Macrophage migration inhibitory factor,,,,
145,VIT_14s0081g00250,1254,0.6067,No hit,,,,
146,VIT_01s0011g05370,1252,0.6066,Phosphoglucomutase  cytoplasmic,E5_4_2_2,,vv10010Glycolysis,vv10030Pentose_phosphate
147,VIT_06s0004g05310,1257,0.6049,Tropinone reductase,E1_1_1_206,,vv10220Urea_cycle_and_metabolism_of_amino_groups,
148,VIT_05s0062g01380,1237,0.5990,Unknown,,,,
149,VIT_02s0025g00930,1232,0.5983,Multidrug resistance-associated protein 14,MRP14,,vv52010ABC_transporters,
150,VIT_08s0007g05960,1233,0.5954,Calmodulin binding protein,,,,
151,VIT_07s0129g00670,1221,0.5896,Zinc finger protein 4,ZFP4_4,,vv60017C2H2,
152,VIT_06s0009g03380,1224,0.5893,ABC transporter G member 14,ABCG14,,vv52010ABC_transporters,
153,VIT_06s0004g04150,1205,0.5802,Auxin-regulated protein,AUXREG,,vv30003Auxin_signaling,
154,VIT_10s0003g04130,1205,0.5796,Unknown,,,,
155,VIT_10s0003g04820,1196,0.5778,No hit,,,,
156,VIT_01s0127g00070,1197,0.5774,Nitrate transporter2.5,NRT2_5,,vv50121Porters_cat_1_to_6,
157,VIT_08s0040g01860,1175,0.5685,Unknown protein,,,,
158,VIT_18s0001g12730,1170,0.5674,Carbonate dehydratase,E4_2_1_1,,vv10910Nitrogen_metabolism,vv50124Porters_cat_30_to_64
159,VIT_05s0020g03750,1170,0.5671,Protease inhibitor/seed storage/lipid transfer protein (LTP),,,,
160,VIT_14s0006g01420,1164,0.5667,Ser/Thr receptor kinase,,,,
161,VIT_07s0104g00180,1164,0.5667,Nectarin IV NEC4,,,,
162,VIT_15s0021g01560,1150,0.5564,Leucine carboxyl methyltransferase family protein,K00599,,vv10340Histidine_metabolism,vv10350Tyrosine_metabolism
163,VIT_14s0030g00420,1150,0.5537,Inosine-uridine preferring nucleoside hydrolase family protein,E3_2_2_1,,vv10230Purine_metabolism,vv10760Nicotinate_and_nicotinamide_metabolism
164,VIT_00s0407g00050,1142,0.5504,No hit,,,,
165,VIT_01s0011g06650,1115,0.5428,Beta-Ig-H3/fasciclin,,,,
166,VIT_14s0036g00590,1121,0.5415,Lysine decarboxylase,E4_1_1_18,,vv10300Lysine_biosynthesis,
167,VIT_18s0001g11160,1117,0.5391,Unknown protein,,,,
168,VIT_06s0004g07770,1113,0.5390,Peroxidase,E1_11_1_7,,vv10360Phenylalanine_metabolism,vv10680Methane_metabolism
169,VIT_00s0484g00030,1113,0.5369,ARK3 (Arabidopsis Receptor Kinase 3),,,,
170,VIT_11s0037g00980,1109,0.5337,Unknown,,,,
171,VIT_16s0013g00590,1097,0.5292,Plastocyanin domain-containing protein,K02638,,vv10195Photosynthesis,vv50113Thylakoid_targeting_pathway
172,VIT_12s0134g00450,1086,0.5241,S-locus lectin protein kinase,,,,
173,VIT_19s0014g04980,1083,0.5234,Cinnamyl alcohol dehydrogenase,E1_1_1_195,,vv10940Phenylpropanoid_biosynthesis,
174,VIT_07s0005g02360,1087,0.5234,Unknown protein,,,,
175,VIT_17s0119g00160,1067,0.5195,Trypsin and protease inhibitor Kunitz family,,,,
176,VIT_01s0011g03650,1068,0.5172,Map kinase substrate 1 MKS1,,,,
177,VIT_08s0056g00260,1068,0.5157,Harpin-induced protein,,,,
178,VIT_17s0119g00280,1064,0.5150,Alpha-amylase/subtilisin inhibitor,E3_2_1_1,,vv10500Starch_and_sucrose_metabolism,
179,VIT_03s0017g00250,1069,0.5149,No hit,,,,
180,VIT_12s0059g02280,1064,0.5135,Spg1p (septum-promoting GTPase),,,,
181,VIT_18s0041g00490,1060,0.5111,Proton-dependent oligopeptide transport (POT) family protein,POT,,vv50122Porters_cat_7_to_17,
182,VIT_01s0011g04580,1063,0.5108,No hit,,,,
183,VIT_05s0049g00300,1052,0.5107,1-aminocyclopropane-1-carboxylate oxidase homolog 1,E1_14_17_4,,vv10640Propanoate_metabolism,vv30008Ethylene_signaling
184,VIT_10s0003g03300,1040,0.5071,Unknown protein,,,,
185,VIT_10s0042g01240,1040,0.5019,Transducin protein,,,,
186,VIT_09s0002g00390,1039,0.5014,Translation initiation factor eIF-2B alpha subunit,K03239,,vv23013RNA_transport,
187,VIT_01s0010g01090,1044,0.5000,Peroxidase ATP23a,E1_11_1_7,,vv10360Phenylalanine_metabolism,vv10680Methane_metabolism
188,VIT_07s0005g04220,1026,0.4957,Receptor-like protein kinase,,,,
189,VIT_00s0174g00150,1017,0.4906,Ubiquitin-specific protease 5 (UBP5),,,,
190,VIT_13s0067g03260,1013,0.4870,Pheophorbidase,E3_1_1_82,,vv10860Porphyrin_and_chlorophyll_metabolism,
191,VIT_10s0003g00340,1001,0.4838,ACR4 (Arabidopsis CRINKLY4),,,,
192,VIT_16s0013g01500,1003,0.4836,Disease resistance protein,,,,
193,VIT_13s0019g04520,999,0.4828,Early flowering 6,ELF6_2,,vv34710Circadian_rhythm,vv60038Jumonji
194,VIT_17s0119g00240,996,0.4828,Trypsin and protease inhibitor Kunitz family,,,,
195,VIT_11s0037g01210,988,0.4796,Eceriferum 1 (CER1 protein) Sterol desaturase,,,,
196,VIT_00s0353g00060,987,0.4773,ARK3 (Arabidopsis Receptor Kinase 3),,,,
197,VIT_03s0017g00480,981,0.4762,Calcineurin phosphoesterase,,,,
198,VIT_10s0003g01600,989,0.4743,WRKY DNA-binding protein 65,WRKY65_1,VvWRKY30,vv60066WRKY,
199,VIT_16s0013g00310,975,0.4722,Histone-lysine N-methyltransferase  H3 lysine-9 specific SUVH5,E2_1_1_43SUVH5_2,,vv10300Lysine_biosynthesis,vv60056SET_PCG
200,VIT_18s0001g11420,966,0.4694,CYP82C2,,,,
201,VIT_00s0371g00050,966,0.4671,Mannitol dehydrogenase,E1_1_1_67,,vv10051Fructose_and_mannose_metabolism,
202,VIT_07s0151g00700,972,0.4664,EDA4 (embryo sac development arrest 4),EDA4,,vv50109Incompletely_characterized_transport_systems,
203,VIT_04s0008g02360,965,0.4662,No hit,,,,
204,VIT_00s2844g00010,958,0.4635,Autoinhibited H+ ATPase,,,,
205,VIT_17s0000g06860,960,0.4622,SNAP25ous protein SNAP30,K08509,,vv24130SNARE_interactions_in_vesicular_transport,
206,VIT_05s0049g01550,938,0.4558,Peptide transporter protein 3,PTR3,,vv50122Porters_cat_7_to_17,
207,VIT_16s0022g01730,937,0.4551,6-phosphogluconate dehydrogenase,E1_1_1_44,,vv10030Pentose_phosphate,
208,VIT_11s0016g04960,947,0.4540,Aspartate-glutamate racemase,E5_1_1_13,,vv10252Alanine_and_aspartate_metabolism,
209,VIT_18s0001g02750,938,0.4534,Unknown protein,,,,
210,VIT_05s0049g01020,934,0.4514,Myb domain protein 14,MYB14_3,,vv60044MYB,
211,VIT_09s0002g03920,936,0.4509,Ankyrin repeat,K10380,,vv50108Accessory_factors_involved_in_transport,
212,VIT_12s0034g02560,923,0.4487,DNA (cytosine-5)-methyltransferase (ATHIM),E2_1_1_37,,vv10271Methionine_metabolism,
213,VIT_18s0041g01820,928,0.4481,Taxane 13-alpha-hydroxylase,E1_14_13_77,,vv10904Diterpenoid_biosynthesis,
214,VIT_11s0103g00530,927,0.4455,Oxysterol binding protein,,,,
215,VIT_07s0191g00170,912,0.4431,LMBR1 integral membrane,,,,
216,VIT_01s0011g02350,915,0.4384,Unknown,,,,
217,VIT_10s0003g02810,905,0.4376,WRKY DNA-binding protein 71,WRKY71_1,VvWRKY31,vv60066WRKY,
218,VIT_16s0050g01550,900,0.4352,HcrVf2 protein,,,,
219,VIT_11s0149g00050,886,0.4288,Hexose transporter 7,VVHT7,,vv50121Porters_cat_1_to_6,
220,VIT_14s0068g01040,887,0.4283,Ethylene-responsive transcription factor ERF113,ERF113,VvERF120,vv30008Ethylene_signaling,vv60003AP2_EREBP
221,VIT_07s0255g00090,884,0.4283,CYP82C1p,,,,
222,VIT_18s0001g08920,884,0.4271,No hit,,,,
223,VIT_17s0000g01290,885,0.4269,RGP1 (reversibly glycosylated polypeptide 1),E2_4_1_186,,vv10052Galactose_metabolism,
224,VIT_13s0175g00040,874,0.4243,No hit,,,,
225,VIT_10s0116g01800,863,0.4204,Calcium-dependent protein kinase 21 CPK21,CPK21,,vv34626Plant-pathogen_interaction,
226,VIT_13s0067g02360,868,0.4199,Peroxidase  class III,E1_11_1_7,,vv10360Phenylalanine_metabolism,vv10680Methane_metabolism
227,VIT_05s0094g00150,856,0.4151,Membrane-associated 30 kDa protein  chloroplast precursor (M30),,,,
228,VIT_02s0025g00860,864,0.4150,Unknown,,,,
229,VIT_05s0049g00060,853,0.4115,Oxidative-stress responsive 1,K08835,,,
230,VIT_11s0103g00160,851,0.4109,No hit,,,,
231,VIT_00s0640g00020,849,0.4099,Cig3,K14409,,vv23015mRNA_surveillance_pathway,vv30007Cytokinin_signaling
232,VIT_19s0014g03450,844,0.4093,Unknown,,,,
233,VIT_19s0093g00620,841,0.4067,Ring-type E3 ubiquitin ligase,,,,
234,VIT_10s0042g00210,841,0.4061,Homeobox protein 23,VVHB23,,vv60034HB,
235,VIT_16s0098g00690,843,0.4049,Major Facilitator Superfamily,MFS,,vv50121Porters_cat_1_to_6,
236,VIT_14s0060g01910,838,0.4048,Nodulin MtN3 family,,,,
237,VIT_13s0106g00460,838,0.4041,NHL repeat-containing protein,,,,
238,VIT_00s0194g00210<br>VIT_00s0194g00250,834,0.4039,
239,VIT_14s0030g00350,831,0.4014,RKF3 (receptor-like kinase IN in flowers 3),RKF3,,vv60042MADS,
240,VIT_01s0011g03110,833,0.3988,Myb family,MYBGE_23,,vv60029G2-like,
241,VIT_16s0050g01530,823,0.3985,HcrVf2 protein,,,,
242,VIT_16s0050g01920,821,0.3980,Curculin (mannose-binding) lectin,,,,
243,VIT_09s0002g06770,823,0.3972,Unknown protein,,,,
244,VIT_11s0016g05360,825,0.3970,Phospholipase D alpha 1 precursor (PLD 1) (Choline phosphatase 1),PLDA1,,vv10564Glycerophospholipid_metabolism,vv10565Ether_lipid_metabolism
245,VIT_03s0017g01940,818,0.3959,Unknown,,,,
246,VIT_15s0048g02050,816,0.3948,Hydrolase  alpha/beta fold family protein  expressed,,,,
247,VIT_06s0080g00100,816,0.3940,Eceriferum 4 (CER4),,,,
248,VIT_19s0014g01700,813,0.3933,Unknown,,,,
249,VIT_13s0019g00360,808,0.3917,F-box protein,,,,
250,VIT_17s0053g00310,808,0.3905,No hit,,,,
251,VIT_14s0006g02070,809,0.3895,Unknown,,,,
252,VIT_01s0011g02790,803,0.3887,IDA (inflorescence deficient in abscission),IDA,,vv30008Ethylene_signaling,
253,VIT_15s0046g02480,799,0.3873,Protein kinase,,,,
254,VIT_10s0003g01790,792,0.3856,BES1/BZR1 homolog protein 4,BES1_1,,vv30005Brassinosteroids_signaling,vv60010BES1
255,VIT_05s0077g01910,799,0.3852,No hit,,,,
256,VIT_11s0016g01930,794,0.3847,Diacylglycerol acyltransferase,E2_3_1_20,,vv10561Glycerolipid_metabolism,vv50124Porters_cat_30_to_64
257,VIT_01s0010g03930,793,0.3836,WRKY DNA-binding protein 75,WRKY75_1,VvWRKY03,vv60066WRKY,
258,VIT_05s0077g00820,782,0.3789,Unknown protein,,,,
259,VIT_19s0014g01370,774,0.3770,Curculin (mannose-binding) lectin,,,,
260,VIT_02s0033g00360,772,0.3744,Urease,E3_5_1_5,,vv10220Urea_cycle_and_metabolism_of_amino_groups,
261,VIT_09s0054g01230,771,0.3725,Beta-amyrin synthase,E5_4_99_BAS,,vv10900Terpenoid_biosynthesis,
262,VIT_03s0017g01090,773,0.3722,Alanyl-tRNA synthetase,E6_1_1_7,,vv10252Alanine_and_aspartate_metabolism,vv20970Aminoacyl-tRNA_biosynthesis
263,VIT_07s0031g02670,765,0.3705,Delay of germination 1,DOG1_4,,vv60012BZIP,
264,VIT_14s0006g02730,763,0.3704,Zinc finger protein 6,ZFP6_1,,vv60017C2H2,
265,VIT_04s0008g06920,767,0.3689,1 2-diacylglycerol 3-beta-galactosyltransferase,E2_4_1_46,,vv10561Glycerolipid_metabolism,
266,VIT_12s0028g03920,761,0.3682,Ankyrin repeat,K10380,,vv50108Accessory_factors_involved_in_transport,
267,VIT_07s0005g03880,760,0.3679,Transcription termination factor mitochondrial mTERF,MTERF_23,,vv60085MTERF,
268,VIT_05s0077g02280,755,0.3663,Unknown protein,,,,
269,VIT_02s0012g01170,759,0.3660,Pyruvate kinase,E2_7_1_40,,vv10010Glycolysis,vv10230Purine_metabolism
270,VIT_06s0009g02870,748,0.3619,No hit,,,,
271,VIT_12s0134g00550,746,0.3606,Equilibrative nucleoside transporter (ENT3),ENT3,,vv10908Zeatin_biosynthesis,vv50124Porters_cat_30_to_64
272,VIT_09s0002g06780,743,0.3605,Unknown protein,,,,
273,VIT_07s0005g01520,738,0.3596,WRKY DNA-binding protein 35,WRKY35,VvWRKY18,vv60066WRKY,
274,VIT_14s0068g01790,742,0.3593,Unknown,,,,
275,VIT_18s0001g10810,744,0.3592,Carboxylesterase CXE,E3_1_1_1,,,
276,VIT_04s0023g02020,740,0.3578,replication factor C subunit 3/5,K10756,,vv23030DNA_replication,vv23420Nucleotide_excision_repair
277,VIT_05s0051g00130,736,0.3559,Glutathione S-transferase 25 GSTU7,E2_5_1_18_GSTU7,,vv10480Glutathione_metabolism,
278,VIT_17s0053g00650,733,0.3550,Unknown protein,,,,
279,VIT_00s0414g00040,722,0.3498,Cellulose synthase CSLE1,E2_4_1_12_CSLE1,,vv40006Cell_wall,
280,VIT_00s0259g00200,723,0.3494,Nudix hydrolase 2,,,,
281,VIT_05s0020g01100,727,0.3492,Myb domain protein 61,MYB61_3,MYB146,vv60044MYB,
282,VIT_02s0025g03330,719,0.3485,H(+)-ATPase 4 AHA4,K01535,,vv10190Oxidative_phosphorylation,vv50131Primary_active_transporter_cat_A2_to_A4
283,VIT_18s0041g00250,718,0.3480,R protein L6,K13477,,vv34627R_proteins_from_Plant-pathogen_interaction,
284,VIT_05s0049g01160,718,0.3467,Zinc finger (C3HC4-type ring finger),ZFC3HC4_143,,vv60078Other_zf-C3HC4,
285,VIT_09s0002g00080,710,0.3450,Phytosulfokine receptor,,,,
286,VIT_19s0014g01360,710,0.3447,Curculin (mannose-binding) lectin,,,,
287,VIT_19s0027g00490,709,0.3410,DNA topoisomerase 2-associated protein PAT1,K12617,,vv23018RNA_degradation,
288,VIT_10s0003g00560,697,0.3362,Wuschel homeobox 9,WOX9,VvHB37,vv60034HB,
289,VIT_02s0012g01380,695,0.3345,No hit,,,,
290,VIT_19s0015g00480,696,0.3341,No hit,,,,
291,VIT_12s0034g02570,685,0.3330,Leucine Rich Repeat receptor-like kinase,,,,
292,VIT_17s0000g06290,685,0.3324,Lipase GDSL,,,,
293,VIT_13s0019g02100,682,0.3316,No hit,,,,
294,VIT_12s0034g01540,688,0.3295,Pentatricopeptide (PPR) repeat-containing,,,,
295,VIT_18s0001g10600,678,0.3269,Unknown,,,,
296,VIT_17s0000g08770,675,0.3266,Cysteine-rich receptor-like protein kinase 2,,,,
297,VIT_18s0001g08410,671,0.3249,Homeobox-leucine zipper protein 22,HAT22_2,VvHB64,vv60034HB,
298,VIT_11s0016g01650,662,0.3204,Ankyrin repeat,,,,
299,VIT_05s0049g00940,658,0.3183,Inorganic phosphate transporter 1-4,PHT1_4,,vv50121Porters_cat_1_to_6,
300,VIT_05s0077g00030,658,0.3167,Ammonium transporter 1  member 1 (AMT1.1),AMT1_1,,vv50101Channels_and_pores,
301,VIT_13s0074g00400,656,0.3160,PTL (PETAL LOSS),PETAL_LOSS_1,,vv60062Trihelix,
302,VIT_08s0040g01330,652,0.3142,DPB-1 transcription factor (DPB),DPB1_2,,vv44110Cell_cycle,vv60026E2F-DP
303,VIT_04s0210g00090<br>VIT_04s0210g00080<br>VIT_04s0210g00120,652,0.3141,
304,VIT_05s0029g01370,646,0.3128,Ubiquitin-associated (UBA),,,,
305,VIT_07s0005g01950,645,0.3123,Myb domain protein 78,MYB78,MYB108B,vv60044MYB,
306,VIT_07s0130g00040,645,0.3113,Myb domain protein 4,MYB4_10,MYB3,vv60044MYB,
307,VIT_00s0199g00010,641,0.3098,No hit,,,,
308,VIT_14s0066g01860,642,0.3094,Zinc finger protein 5,ZFP5_2,,vv60017C2H2,
309,VIT_18s0001g10680,641,0.3092,Lipin  N-terminal conserved region family protein  expressed,,,,
310,VIT_16s0100g00670,643,0.3088,Homeodomain GLABROUS1,HDG1_2,VvHB55,vv60034HB,
311,VIT_09s0096g00920,638,0.3082,Aminotransferase class I and II,E2_6_1_1,vv10710Carbon_fixation,vv10252Alanine_and_aspartate_metabolism,vv10272Cysteine_metabolism
312,VIT_05s0020g02740,640,0.3081,Aquaporin NIP7;1,NIP7_1,,vv50101Channels_and_pores,
313,VIT_16s0013g02030,637,0.3080,Unknown protein,,,,
314,VIT_13s0019g00040,635,0.3080,Beta-N-acetylhexosaminidase,E3_2_1_52,,vv10511N-Glycan_degradation,vv10530Aminosugars_metabolism
315,VIT_03s0017g01300,635,0.3069,ABC transporter G member 7,ABCG7,,vv52010ABC_transporters,
316,VIT_01s0011g00420,633,0.3061,RPK1 (receptor-like protein kinase 1),,,,
317,VIT_03s0063g02620,631,0.3053,Myb RAD (Transcription factor RAD),RADIALIS_1,,vv30009Flower_development,vv60045MYBrelated
318,VIT_18s0041g01800,622,0.3028,Taxadiene 5-alpha-hydroxylase,E1_14_99_37,,vv10904Diterpenoid_biosynthesis,
319,VIT_07s0005g00880,629,0.3025,fumarate hydratase,E4_2_1_2,,vv10020Citrate_cycle,vv10720Reductive_carboxylate_cycle
320,VIT_17s0000g05790,621,0.3010,Cupin  RmlC-type,,,,
321,VIT_01s0127g00440,620,0.2989,ADP-ribosylation factor A1B,ARFA1B,,vv50110Protein_coat,
322,VIT_02s0236g00150,613,0.2977,Calcineurin B 1,E3_1_3_16,,,
323,VIT_18s0001g03110,610,0.2947,Unknown protein,,,,
324,VIT_08s0007g04810,609,0.2932,No hit,,,,
325,VIT_01s0010g03410,603,0.2920,Pentatricopeptide (PPR) repeat-containing protein,,,,
326,VIT_11s0016g04270,602,0.2893,Hydrolase  alpha/beta fold,,,,
327,VIT_02s0025g01860,599,0.2892,Cellulose synthase CSLG3,E2_4_1_12_CSLG3,,vv40006Cell_wall,
328,VIT_12s0057g00930,601,0.2891,Hydroxycinnamoyl-CoA:shikimate hydroxycinnamoyltransferase,E2_3_1_133,,vv10940Phenylpropanoid_biosynthesis,
329,VIT_00s0144g00110,591,0.2847,HcrVf2 protein,,,,
330,VIT_12s0028g01540,591,0.2844,NADPH-dependent mannose 6-phosphate reductase,E1_1_1_224,,vv10051Fructose_and_mannose_metabolism,
331,VIT_15s0048g01700,581,0.2801,CYP86A1,,,,
332,VIT_03s0063g01790,579,0.2798,Transducin protein,,,,
333,VIT_13s0106g00350,570,0.2791,Lipase GDSL,,,,
334,VIT_19s0014g00420,576,0.2791,Unknown protein,,,,
335,VIT_07s0129g01020,577,0.2785,MRG,,,,
336,VIT_09s0018g01150,571,0.2764,No hit,,,,
337,VIT_14s0068g01690,564,0.2739,TCP family transcription factor TCP20,TCP20_2,,vv60061TCP,
338,VIT_04s0023g01350,560,0.2726,HSL2 (HAESA-like 2),,,,
339,VIT_05s0029g01420,560,0.2712,Ankyrin repeat,K10380,,vv50108Accessory_factors_involved_in_transport,
340,VIT_16s0039g02670,559,0.2690,Translocase of chloroplast 34,TOC34,,vv50133Primary_active_transporter_cat_A9_to_A18,
341,VIT_05s0124g00320,556,0.2689,Male sterility 2,,,,
342,VIT_16s0050g01960,546,0.2636,Curculin (mannose-binding) lectin,,,,
343,VIT_05s0051g00240,544,0.2634,Glutathione S-transferase GSTU8,E2_5_1_18_GSTU8,,vv10480Glutathione_metabolism,
344,VIT_08s0007g00390,543,0.2631,Eceriferum 3 (CER3),,,,
345,VIT_00s0125g00290,542,0.2617,Lateral organ boundaries domain protein 4 (LBD4),LBD4_2,,vv60007AS2,
346,VIT_15s0021g01390,541,0.2616,Uclacyanin 3,UCC3,,,
347,VIT_07s0129g00360,542,0.2616,Peroxidase 73,E1_11_1_7,,vv10360Phenylalanine_metabolism,vv10680Methane_metabolism
348,VIT_00s0374g00040,542,0.2600,S-locus lectin protein kinase,,,,
349,VIT_00s0231g00070,538,0.2589,Auxin-responsive protein,AUXREG,,vv30003Auxin_signaling,
350,VIT_18s0001g14950,535,0.2588,EMB2170 (embryo defective 2170),,,,
351,VIT_18s0086g00590,534,0.2587,Auxin-binding protein ABP19,ABP19,,vv30003Auxin_signaling,
352,VIT_02s0012g02440,537,0.2573,No hit,,,,
353,VIT_01s0010g03630,527,0.2553,Zinc finger (MYND type),ZFMYND_3,,vv60067Zf-MYND,
354,VIT_14s0083g00750,525,0.2535,Unknown protein,,,,
355,VIT_13s0067g00260,524,0.2529,Nematode-resistance protein,,,,
356,VIT_13s0019g04530,518,0.2522,Early flowering 6,ELF6_1,,vv34710Circadian_rhythm,vv60038Jumonji
357,VIT_16s0098g01250,519,0.2508,Metal-nicotianamine transporter YSL3,YSL3,,vv50125Porters_cat_66_to_94,
358,VIT_11s0052g00450,517,0.2499,WRKY DNA-binding protein 11,WRKY11_1,VvWRKY34,vv60066WRKY,
359,VIT_18s0122g01270,516,0.2496,Protein kinase APK1B,,,,
360,VIT_09s0054g00890,517,0.2495,V-type H+-transporting ATPase subunit A,K02145,,vv10190Oxidative_phosphorylation,vv44145Phagosome
361,VIT_17s0119g00150,514,0.2481,Alpha-amylase/subtilisin inhibitor,E3_2_1_1,,vv10500Starch_and_sucrose_metabolism,
362,VIT_06s0004g07700,510,0.2465,Basic helix-loop-helix (bHLH) family,BHLHDOM_5,,vv60011BHLH,
363,VIT_03s0017g01290,500,0.2440,ABC transporter G member 7,ABCG7,,vv52010ABC_transporters,
364,VIT_19s0014g04210,501,0.2421,S-locus protein kinase,,,,
365,VIT_12s0059g02140,498,0.2413,F-box family protein,,,,
366,VIT_06s0004g01800,496,0.2411,Ethylene-responsive transcription factor PLETHORA 2,PLETHORA2_1,VvAP2-03,vv30008Ethylene_signaling,vv60003AP2_EREBP
367,VIT_04s0044g00510,496,0.2408,GT2-like trihelix DNA-binding protein,GT2REL_4,,vv60062Trihelix,
368,VIT_00s2191g00010<br>VIT_07s0005g06010<br>VIT_00s2520g00010,494,0.2393,
369,VIT_11s0052g01000,496,0.2386,No hit,,,,
370,VIT_05s0049g00410,492,0.2376,1-aminocyclopropane-1-carboxylate oxidase,E1_14_17_4,,vv10640Propanoate_metabolism,vv30008Ethylene_signaling
371,VIT_13s0074g00700,486,0.2360,ABC transporter G member 22,ABCG22,,vv52010ABC_transporters,
372,VIT_10s0116g01200,486,0.2333,WRKY DNA-binding protein 6,WRKY6_1,VvWRKY29,vv60066WRKY,
373,VIT_17s0000g01170,480,0.2326,Thylakoid lumenal 17.9 kDa protein  chloroplast,,,,
374,VIT_04s0008g01980,479,0.2320,MADS-box agamous-like 30,AGL30_2,,vv60042MADS,
375,VIT_04s0008g03590,475,0.2309,Phosphorylase,E2_4_1_1,,vv10500Starch_and_sucrose_metabolism,
376,VIT_06s0080g00190,482,0.2307,No hit,,,,
377,VIT_02s0033g00740,478,0.2307,Kinesin motor,KMOTOR,,vv44810Regulation_of_actin_cytoskeleton,
378,VIT_03s0038g01530,472,0.2297,R protein  PRF  disease resistance protein,K13453,,vv34627R_proteins_from_Plant-pathogen_interaction,
379,VIT_10s0003g05550<br>VIT_10s0003g05620,472,0.2291,
380,VIT_00s0174g00220,470,0.2269,Cinnamyl alcohol dehydrogenase,E1_1_1_195,,vv10940Phenylpropanoid_biosynthesis,
381,VIT_13s0019g00320,471,0.2264,Photosystem II protein P PsbP,K02717,,vv10195Photosynthesis,vv50135Primary_active_transporter_cat_D3_to_E2
382,VIT_02s0025g02730,461,0.2251,Alcohol dehydrogenase,E1_1_1_1,,vv10010Glycolysis,vv10071Fatty_acid_metabolism
383,VIT_18s0089g00510,460,0.2207,Isopentenyltransferase 1,E2_5_1_27,,vv10908Zeatin_biosynthesis,
384,VIT_06s0004g06910,456,0.2203,Unknown protein,,,,
385,VIT_16s0050g01940,453,0.2186,S-locus lectin protein kinase,,,,
386,VIT_14s0006g01610,453,0.2184,PMI2 (plastid movement impaired 2),,,,
387,VIT_18s0001g02720,453,0.2180,fatty acid elongation1 (FAE1),,,,
388,VIT_15s0048g02430,448,0.2179,Naringenin 2-oxoglutarate 3-dioxygenase,E1_14_11_9,,vv10941Flavonoid_biosynthesis,
389,VIT_10s0003g03930,449,0.2174,Inositol transporter 2,INT2,,vv50121Porters_cat_1_to_6,
390,VIT_00s0218g00190<br>VIT_00s0218g00150<br>VIT_00s0218g00200<br>VIT_00s0218g00170,446,0.2162,
391,VIT_18s0001g03180,444,0.2150,Nodulin MtN21 family,MTN21,,vv50122Porters_cat_7_to_17,
392,VIT_04s0044g00160,444,0.2149,Wuschel-related homeobox 13,WOX13_3,VvHB21,vv60034HB,
393,VIT_07s0255g00030,443,0.2139,Lipase GDSL,,,,
394,VIT_16s0013g00730,441,0.2137,Fe2+ dioxygenase-like,,,,
395,VIT_11s0016g05630,440,0.2136,Acetylglucosaminyltransferase,E2_4_1_223,,vv11030Glycan_structures-biosynthesis1,
396,VIT_18s0001g09790,437,0.2117,S-domain receptor kinase,,,,
397,VIT_14s0006g01120,436,0.2110,Lipase GDSL,,,,
398,VIT_18s0122g01480,437,0.2109,CYP87A2,,,,
399,VIT_06s0004g07420,436,0.2105,Unknown protein,,,,
400,VIT_10s0071g00360<br>VIT_10s0071g00350,435,0.2084,
401,VIT_02s0012g00360,429,0.2084,1-aminocyclopropane-1-carboxylate oxidase,E1_14_17_4,,vv10640Propanoate_metabolism,vv30008Ethylene_signaling
402,VIT_06s0004g02150,430,0.2079,No hit,,,,
403,VIT_09s0002g03220,425,0.2057,Acid phosphatase,E3_1_3_2,,vv10740Riboflavin_metabolism,
404,VIT_00s0211g00070,426,0.2045,Glycine hydroxymethyltransferase,E2_1_2_1,,vv10260Glycine_serine_and_threonine_metabolism,vv10460Cyanoamino_acid_metabolism
405,VIT_07s0005g01730,424,0.2029,flowering time control protein FCA,FCA,,vv30009Flower_development,
406,VIT_07s0031g00340,418,0.2020,F-box domain containing protein,,,,
407,VIT_07s0005g00540,416,0.2010,Ribosomal protein S12 (RPS12C) 40S,K02950,,vv23010Ribosome,
408,VIT_01s0026g01550,415,0.2005,Homeodomain leucine zipper protein HB-1,VVHB1_4,VvHB04,vv60034HB,
409,VIT_10s0405g00050,412,0.1985,Inositol transporter 4,INT4,,vv50121Porters_cat_1_to_6,
410,VIT_00s0294g00060<br>VIT_00s0258g00050,409,0.1979,
411,VIT_14s0036g00370,407,0.1960,Serine/threonine-protein phosphatase PP1,K06269,,vv10500Starch_and_sucrose_metabolism,
412,VIT_17s0053g00890,404,0.1955,Cyclic nucleotide-binding transporter 1,K05391_CNBT1,,vv34626Plant-pathogen_interaction,vv50101Channels_and_pores
413,VIT_14s0006g00090,399,0.1933,MMD1 (male meiocyte death 1),MMD1,,vv60048PHD,
414,VIT_17s0000g02700,397,0.1912,Alpha-dioxygenase 2,K10529,,vv10592alpha-Linolenic_acid_metabolism,
415,VIT_02s0012g00620,396,0.1908,Phosphoacetylglucosamine mutase,E5_4_2_3,,vv10530Aminosugars_metabolism,
416,VIT_19s0027g01120,392,0.1907,Lateral organ boundaries protein 4,LBD4_1,,vv60007AS2,
417,VIT_09s0002g07210,391,0.1891,Molecular chaperone DnaJ,K03686,,vv50132Primary_active_transporter_cat_A5_to_A8,
418,VIT_03s0017g00180,387,0.1858,No hit,,,,
419,VIT_00s0398g00020,378,0.1831,S-receptor kinase KIK1 precursor,,,,
420,VIT_16s0100g00220,378,0.1825,No hit,,,,
421,VIT_13s0019g02110,373,0.1814,fringe-related protein,K05948,,,
422,VIT_01s0011g03360,374,0.1811,Unknown,,,,
423,VIT_12s0028g01410,373,0.1807,Heat shock transcription factor A4A,HSFA4A_3,,vv60037HSF,
424,VIT_06s0004g04810,370,0.1783,Protein kinase APK1A,,,,
425,VIT_17s0000g01090,368,0.1783,Acyl-(acyl carrier protein) thioesterase,E3_1_2_14,,vv10061Fatty_acid_biosynthesis,
426,VIT_04s0043g00770,366,0.1783,Pentatricopeptide (PPR) repeat-containing protein,,,,
427,VIT_02s0025g02590,369,0.1779,Homeobox-leucine zipper protein ATHB-12,VVHB12_2,VvHB07,vv60034HB,
428,VIT_04s0023g00060<br>VIT_18s0041g00140,372,0.1777,
429,VIT_07s0005g04580,366,0.1761,Xyloglucanase inhibitor,,,,
430,VIT_07s0005g06000,362,0.1743,Pore-forming toxin-like protein Hfr-2,HFR2,,vv50101Channels_and_pores,
431,VIT_05s0077g00660,359,0.1735,Pectinesterase inhibitor,PMEI,,vv40006Cell_wall,
432,VIT_18s0072g00270,360,0.1732,Unknown,,,,
433,VIT_01s0010g03720,345,0.1671,4-coumarate:CoA ligase,E6_2_1_12,,vv10940Phenylpropanoid_biosynthesis,vv50104Group_translocators
434,VIT_15s0046g03010,342,0.1650,Barwin endoglucanase,,,,
435,VIT_14s0068g00470,341,0.1648,UDP-glucosyl transferase,E2_4_1_81,,vv10941Flavonoid_biosynthesis,
436,VIT_15s0021g02690,340,0.1647,Unfertilized embryo sac 10 UNE10,UNE10_1,,vv60011BHLH,
437,VIT_05s0020g04560,342,0.1640,Armadillo/beta-catenin repeat protein / U-box domain-containing protein,,,,
438,VIT_15s0021g00220,336,0.1615,ABC transporter C member 15,ABCC15,,vv52010ABC_transporters,
439,VIT_13s0067g00440,332,0.1605,Protein kinase Xa21,,,,
440,VIT_02s0012g01810,327,0.1577,Heat shock transcription factor A1D,HSFA1D,,vv60037HSF,
441,VIT_18s0001g12330,324,0.1563,No hit,,,,
442,VIT_01s0011g03730,324,0.1559,(myb domain protein 62,MYB62_2,MYB163,vv60044MYB,
443,VIT_08s0058g00110,322,0.1554,Basic helix-loop-helix aprataxin,APRATAXIN_2,,vv60011BHLH,
444,VIT_00s0454g00010,319,0.1548,Subtilase,,,,
445,VIT_14s0006g01440,318,0.1534,Double-stranded RNA binding protein,,,,
446,VIT_02s0012g01980,316,0.1530,Valyl tRNA synthetase,E6_1_1_9,,vv10290Valine_leucine_and_isoleucine_biosynthesis,vv20970Aminoacyl-tRNA_biosynthesis
447,VIT_12s0028g01030,315,0.1526,Unknown,,,,
448,VIT_10s0003g02800,314,0.1525,KCO6 (Ca2+ activated outward rectifying K+ channel 6),K05389_KCO6,,vv50101Channels_and_pores,
449,VIT_01s0011g04190,309,0.1499,Unknown,,,,
450,VIT_13s0320g00050,310,0.1498,Lipid transfer protein 3,LTP3,,,
451,VIT_14s0066g01960,310,0.1496,Metalloendoproteinase 1 precursor,,,,
452,VIT_14s0066g02390,312,0.1494,Golgi alpha-mannosidase II,E3_2_1_114,,vv10510N-Glycan_biosynthesis,vv11030Glycan_structures-biosynthesis1
453,VIT_18s0122g01160,305,0.1484,12-oxophytodienoate reductase 2,E1_3_1_42,,vv10592alpha-Linolenic_acid_metabolism,
454,VIT_14s0060g02190,306,0.1484,Unknown protein,,,,
455,VIT_16s0050g02430,306,0.1483,Receptor protein kinase,,,,
456,VIT_05s0077g02030,303,0.1462,Epoxide hydrolase,E3_3_2_10,,,
457,VIT_07s0031g00190,304,0.1462,Ethylene-responsive transcription factor ERF011,ERF011,VvERF007,vv30008Ethylene_signaling,vv60003AP2_EREBP
458,VIT_08s0007g01030,302,0.1456,Aldo/keto reductase,E1_1_1_21,,vv10040Pentose_glucuronate_interconversion,vv10051Fructose_and_mannose_metabolism
459,VIT_00s0338g00030,299,0.1449,Cellular retinaldehyde-binding/triple function  C-terminal,,,,
460,VIT_08s0007g04500,297,0.1429,No hit,,,,
461,VIT_05s0020g03730,293,0.1409,Lipid transfer protein,LTP,,,
462,VIT_09s0002g01320,286,0.1391,Germin-like protein,,,,
463,VIT_17s0000g06360,289,0.1388,Alpha-expansin 3,EXPA3,,vv30003Auxin_signaling,
464,VIT_19s0014g01070,286,0.1387,Germacrene D synthase,E4_2_3_22,,vv10900Terpenoid_biosynthesis,
465,VIT_13s0019g03780,282,0.1354,Lateral organ boundaries protein 11,LBD11_6,,vv60007AS2,
466,VIT_12s0055g00660,279,0.1350,Leucine-rich repeat protein kinase,,,,
467,VIT_06s0009g02360,275,0.1331,THO complex subunit 7,K13176,,vv23013RNA_transport,
468,VIT_05s0165g00260,277,0.1329,Ankyrin,K10380,,vv50108Accessory_factors_involved_in_transport,
469,VIT_14s0081g00270,272,0.1315,Pentatricopeptide (PPR) repeat-containing protein,,,,
470,VIT_11s0016g04140,270,0.1308,No hit,,,,
471,VIT_10s0116g00820,264,0.1272,Adenosine/AMP deaminase,E3_5_4_4,,vv10230Purine_metabolism,
472,VIT_06s0004g02010,263,0.1266,No hit,,,,
473,VIT_06s0004g00900,261,0.1262,C-myc binding protein  prefoldin,,,,
474,VIT_15s0046g00490,261,0.1261,Wax synthase,E2_3_1_75,,vv11000Single_reactions,
475,VIT_12s0028g01240,259,0.1259,fanconi anemia  complementation group D2,,,,
476,VIT_00s0941g00020,259,0.1245,Constans interacting protein 6,CIP6,,vv30009Flower_development,
477,VIT_12s0028g03070,259,0.1245,Unknown protein,,,,
478,VIT_02s0012g01940,255,0.1236,Myb KAN2 (KANADI 2),KANADI2_1,,vv60029G2-like,
479,VIT_00s0301g00040,256,0.1231,Glycine-rich protein,,,,
480,VIT_03s0063g01520,254,0.1228,CyP82A3,,,,
481,VIT_00s0287g00070,252,0.1224,No hit,,,,
482,VIT_03s0038g01410,252,0.1223,Aquaporin PIP PIP1A,PIP1A,,vv50101Channels_and_pores,
483,VIT_09s0070g00140,252,0.1223,CBL-interacting protein kinase 6 (CIPK6),,,,
484,VIT_18s0001g05650<br>VIT_15s0024g01420,251,0.1210,
485,VIT_00s0340g00090,249,0.1201,Lateral organ boundaries Domain 6,LBD6_1,,vv60007AS2,
486,VIT_01s0011g02780,248,0.1197,Unknown protein,,,,
487,VIT_10s0003g00480,248,0.1193,Isoflavone methyltransferase/ Orcinol O-methyltransferase 1 oomt1,E2_1_1_46,,vv10943Isoflavonoid_biosynthesis,
488,VIT_05s0049g00400,246,0.1187,Desacetoxyvindoline 4-hydroxylase,E1_14_11_20,,vv10902Monoterpenoid_biosynthesis,
489,VIT_13s0106g00070,245,0.1185,Ankyrin repeat protein,K10380,,vv50108Accessory_factors_involved_in_transport,
490,VIT_13s0074g00710,244,0.1176,Unknown protein,,,,
491,VIT_18s0089g00210,241,0.1172,Endo-1 4-beta-glucanase,E3_2_1_4,,vv40006Cell_wall,
492,VIT_12s0035g00010,238,0.1158,DNA (cytosine-5)-methyltransferase (ATHIM),E2_1_1_37,,vv10271Methionine_metabolism,
493,VIT_01s0127g00720,239,0.1155,Carbonic anhydrase  beta,E4_2_1_1,,vv10910Nitrogen_metabolism,vv50124Porters_cat_30_to_64
494,VIT_13s0019g00790,239,0.1151,Early-responsive to dehydration,,,,
495,VIT_15s0024g00800,229,0.1113,No hit,,,,
496,VIT_03s0097g00700,226,0.1099,Pathogenesis-related protein 1 precursor (PRP 1),PRP1,,vv30011Jasmonate_signaling,vv34626Plant-pathogen_interaction
497,VIT_08s0040g02760,229,0.1098,Ankyrin repeat,K10380,,vv50108Accessory_factors_involved_in_transport,
498,VIT_09s0002g03610,223,0.1084,MYB divaricata,DIVARICATA_16,,vv30009Flower_development,vv60044MYB
499,VIT_02s0025g01320,223,0.1079,No hit,,,,
500,VIT_06s0061g00230,218,0.1059,ABC transporter G member 7,ABCG7,,vv52010ABC_transporters,
501,VIT_14s0030g02080,213,0.1036,Ca2+-ATPase 12 ACA12  plasma membrane,K01537,,vv34020Calcium_signaling_pathway,vv50131Primary_active_transporter_cat_A2_to_A4
502,VIT_07s0005g05960,214,0.1033,Cytokinin dehydrogenase 5 precursor,E1_5_99_12,,vv10908Zeatin_biosynthesis,
503,VIT_18s0001g08470,214,0.1030,Myb domain protein 84/RAX3,MYB84_1,MYB152,vv60044MYB,
504,VIT_01s0026g00720,210,0.1014,Unknown protein,,,,
505,VIT_08s0040g01090,208,0.1009,No hit,,,,
506,VIT_08s0007g01270,206,0.0994,Dynein light chain LC6  flagellar outer arm,K10418,,vv44810Regulation_of_actin_cytoskeleton,
507,VIT_04s0008g04610,207,0.0993,PDE247 (pigment defective 247),,,,
508,VIT_12s0057g01180,201,0.0974,Lipase class 3,,,,
509,VIT_09s0096g00780,199,0.0966,Kinesin motor,KMOTOR,,vv44810Regulation_of_actin_cytoskeleton,
510,VIT_08s0007g03540,199,0.0961,Anthocyanin membrane protein 1 (Anm1),ANM1,,vv50122Porters_cat_7_to_17,
511,VIT_04s0023g00110,198,0.0957,Alpha-1 4-glucan-protein synthase,E2_4_1_113,,vv10500Starch_and_sucrose_metabolism,
512,VIT_07s0104g01030,198,0.0956,Serine/threonine-protein phosphatase BSL1,K04382,,vv23015mRNA_surveillance_pathway,vv34020Calcium_signaling_pathway
513,VIT_00s1339g00010,198,0.0952,Ribonuclease II,K01149,,,
514,VIT_12s0035g00300,196,0.0950,Carbohydrate transmembrane transporter SFP1,SFP1,,vv50121Porters_cat_1_to_6,
515,VIT_00s0916g00010,195,0.0943,Zinc finger (C3HC4-type ring finger) protein (RMA1),RMA1_1,,vv60078Other_zf-C3HC4,
516,VIT_05s0029g00010,191,0.0924,Type 1 membrane protein,,,,
517,VIT_16s0022g02080,191,0.0924,Exostosin family protein,K02366,,vv11030Glycan_structures-biosynthesis1,
518,VIT_10s0092g00220,191,0.0924,Integral membrane family protein UPF0497,,,,
519,VIT_07s0104g01780,190,0.0919,Autophagy 18 ATG18a,ATG18,,vv44140Regulation_of_autophagy,
520,VIT_18s0089g01250,188,0.0910,U4/U6.U5 tri-snRNP-associated protein 2,K12847,,vv23040Spliceosome,
521,VIT_18s0001g12750,184,0.0899,Carbohydrate kinase,E2_7_1_15,,vv10030Pentose_phosphate,
522,VIT_01s0150g00120,184,0.0887,Ethylene-responsive transcription factor ERF114,ERF114_2,VvERF112,vv30008Ethylene_signaling,vv60003AP2_EREBP
523,VIT_15s0021g01650,183,0.0881,Zinc finger (Ran-binding),ZFRANBPDOM_1,,vv60080Other_zf,
524,VIT_07s0005g03620,178,0.0859,Serine/threonine kinase 19 isoform 1 STK19,,,,
525,VIT_04s0044g01710,178,0.0858,MORC family CW-type zinc finger 3,MORC3,,,
526,VIT_12s0028g01430,177,0.0858,S-locus lectin protein kinase,,,,
527,VIT_08s0056g01640,177,0.0855,3-isopropylmalate dehydratase large subunit 2,E4_2_1_33,,vv10290Valine_leucine_and_isoleucine_biosynthesis,
528,VIT_14s0066g00680,175,0.0850,Ramosa 2,LBDA_1,,vv60007AS2,
529,VIT_02s0025g04340,172,0.0832,Osmotin,,,,
530,VIT_07s0104g01250,171,0.0828,flavin-containing monooxygenase,E1_14_13_8,,vv11000Single_reactions,
531,VIT_19s0014g01540,171,0.0824,ABC transporter G member 14,ABCG14,,vv52010ABC_transporters,
532,VIT_19s0014g04990,171,0.0822,No hit,,,,
533,VIT_04s0023g02450,167,0.0809,Papain cysteine proteinase,E3_4_22_2,,,
534,VIT_03s0097g00230,166,0.0807,No hit,,,,
535,VIT_11s0103g00180,166,0.0805,Kinesin 4 motor protein,K10395,,vv44810Regulation_of_actin_cytoskeleton,
536,VIT_18s0001g11130,165,0.0799,Calmodulin-binding protein AR781,,,,
537,VIT_19s0014g00620,162,0.0788,Receptor kinase 2,,,,
538,VIT_07s0005g06580,162,0.0783,Glycosyl hydrolase 9B10,,,,
539,VIT_02s0488g00010,160,0.0773,H(+)-ATPase 4 AHA4,K01535,,vv10190Oxidative_phosphorylation,vv50131Primary_active_transporter_cat_A2_to_A4
540,VIT_15s0048g00200,157,0.0762,Gag-pol polyprotein,,,,
541,VIT_03s0097g00600,156,0.0754,Octicosapeptide/Phox/Bem1p (PB1) domain-containing protein,,,,
542,VIT_01s0127g00910,155,0.0748,AERO1 (arabidopsis endoplasmic reticulum oxidoreductins 1),,,,
543,VIT_04s0079g00240,149,0.0720,Leucine Rich Repeat receptor-like kinase,,,,
544,VIT_01s0011g03170,148,0.0719,PFT1 (phytochrome and flowering time 1) MED25,PFT1,,vv30009Flower_development,
545,VIT_01s0011g00140,148,0.0716,CRABS CLAW,CRABS_CLAW,,vv60019C2C2-YABBY,
546,VIT_18s0001g15700,147,0.0709,GLTP3 (glycolipid transfer protein 3),GLTP3,,,
547,VIT_01s0010g01610,145,0.0704,Unknown,,,,
548,VIT_07s0141g00720,146,0.0703,fimbrin 1,FIMBRIN1,,vv44810Regulation_of_actin_cytoskeleton,
549,VIT_00s0131g00060,146,0.0701,Annexin ANN3,ANN3,,vv50101Channels_and_pores,
550,VIT_14s0030g00230,143,0.0689,Sugar transporter ERD6-like 5,ERD6L5,,vv50121Porters_cat_1_to_6,
551,VIT_11s0037g00470,141,0.0684,No hit,,,,
552,VIT_01s0127g00860,140,0.0678,Aborted microspores AMS,AMS_1,,vv60011BHLH,
553,VIT_11s0065g00210,140,0.0678,Heat shock protein-related,,,,
554,VIT_09s0002g04120,138,0.0661,Ethylene-responsive protein,ERUNK_5,,vv30008Ethylene_signaling,vv60011BHLH
555,VIT_04s0008g05790,136,0.0660,No hit,,,,
556,VIT_16s0098g00390,137,0.0660,Receptor kinase homolog LRK10,,,,
557,VIT_19s0015g02690,137,0.0659,Glutathione S-transferase 25 GSTU25,E2_5_1_18_GSTU25,,vv10480Glutathione_metabolism,
558,VIT_17s0000g02930,135,0.0651,Glutathione S-transferase 25 GSTU7,E2_5_1_18_GSTU7,,vv10480Glutathione_metabolism,
559,VIT_14s0066g00810,135,0.0651,Raffinose synthase,E2_4_1_82,,vv10052Galactose_metabolism,
560,VIT_05s0094g00990,134,0.0649,UDP-glucose:salicylic acid glucosyltransferase,E2_4_1_35,,vv10500Starch_and_sucrose_metabolism,
561,VIT_07s0005g01500,134,0.0647,DELLA protein RGL2 (RGA-like protein 2),RGL2_2,,vv30010Gibberellin_signaling,vv60032GRAS
562,VIT_05s0051g00180,129,0.0623,Glutathione S-transferase 8 GSTU8,E2_5_1_18_GSTU8,,vv10480Glutathione_metabolism,
563,VIT_17s0000g05610,129,0.0620,Isopiperitenol dehydrogenase,E1_1_1_223,,vv10902Monoterpenoid_biosynthesis,
564,VIT_12s0034g00320,128,0.0617,Asparaginyl-tRNA synthetase  cytoplasmic 3,E6_1_1_22,,vv10252Alanine_and_aspartate_metabolism,vv20970Aminoacyl-tRNA_biosynthesis
565,VIT_08s0040g01800,127,0.0612,BTB/POZ; NPH3,,,,
566,VIT_03s0088g00270,127,0.0611,No hit,,,,
567,VIT_05s0020g02020,126,0.0611,SYD (splayed),SPLAYED_2,,vv30009Flower_development,vv60058SNF2
568,VIT_03s0038g03420,124,0.0601,Cytokinin riboside 5'-monophosphate phosphoribohydrolase LOG5,LOG5,,vv10908Zeatin_biosynthesis,
569,VIT_16s0100g00200,124,0.0599,Unknown protein,,,,
570,VIT_12s0059g02460,120,0.0581,Histone-lysine N-methyltransferase ATXR2,E2_1_1_43ATXR2,,vv10300Lysine_biosynthesis,vv60056SET_PCG
571,VIT_13s0019g04010,119,0.0577,Myb family transcription factor,MYBDOM_2,,vv60044MYB,
572,VIT_05s0020g00830,114,0.0550,CBL-interacting protein kinase 1 (CIPK1),CIPK1,,,
573,VIT_19s0085g00950,114,0.0550,NAC domain-containing protein 20,NAC020,VvNAC69,vv60046NAC,
574,VIT_08s0007g07390,112,0.0544,Unknown protein,,,,
575,VIT_01s0026g02470,112,0.0541,Zinc finger (C3HC4-type ring finger),ZFC3HC4_101,,vv60078Other_zf-C3HC4,
576,VIT_17s0053g00810,111,0.0538,Cyclic nucleotide-binding transporter 1,K05391_CNBT1,,vv34626Plant-pathogen_interaction,vv50101Channels_and_pores
577,VIT_01s0011g04780,108,0.0520,Unknown protein,,,,
578,VIT_00s0346g00110,107,0.0517,Mannitol dehydrogenase,E1_1_1_67,,vv10051Fructose_and_mannose_metabolism,
579,VIT_01s0026g02710,107,0.0517,NAC domain-containing protein 29,NAC029,VvNAC26,vv60046NAC,
580,VIT_12s0134g00180,107,0.0516,Unknown,,,,
581,VIT_15s0046g00650,106,0.0515,Wax synthase,E2_3_1_75,,vv11000Single_reactions,
582,VIT_17s0000g03600,107,0.0514,ATSYTE/NTMC2T3.1/NTMC2TYPE3.1/SYTE,NTMC2T3_1,,vv50109Incompletely_characterized_transport_systems,
583,VIT_00s0484g00020,107,0.0513,Receptor kinase ARK3,,,,
584,VIT_09s0054g00530,105,0.0509,Zinc finger (B-box type),ZFBBOX_13,,vv60073Orphans_zf-b_box,
585,VIT_14s0006g02610,105,0.0505,Unknown protein,,,,
586,VIT_00s2077g00010,104,0.0504,Subtilisin protease,,,,
587,VIT_17s0000g02290,103,0.0499,GTPase activating protein,,,,
588,VIT_04s0008g01800,102,0.0493,Myb domain protein 7,MYB7_3,MYBPA7,vv60044MYB,
589,VIT_07s0130g00370,102,0.0491,Smr protein/MutS2 C-terminal,,,,
590,VIT_05s0049g00180,101,0.0487,IBR10 (indole-3-butyric acid response 10); catalytic/ dodecenoyl-CoA delta-isomerase [Arabidopsis thaliana],E5_3_3_8,,,
591,VIT_05s0094g01680,101,0.0487,A/G-specific adenine glycosylase,K03575,,vv23410Base_excision_repair,
592,VIT_11s0016g01710,101,0.0486,Myosin-like protein XIK,MYOSINXIK,,vv44810Regulation_of_actin_cytoskeleton,
593,VIT_07s0104g01670,97,0.0470,HAK5 (High affinity K+ transporter 5),HAK5,,vv50125Porters_cat_66_to_94,
594,VIT_00s1616g00010,97,0.0467,Unknown protein,,,,
595,VIT_19s0027g00840,96,0.0465,NAC domain-containing protein 42,NAC042_4,VvNAC32,vv60046NAC,
596,VIT_03s0063g01230,96,0.0464,No hit,,,,
597,VIT_01s0026g02400,94,0.0456,Glutathione S-transferase 10 GSTU10,E2_5_1_18_GSTU10,,vv10480Glutathione_metabolism,
598,VIT_00s0878g00010,94,0.0456,Subtilase,,,,
599,VIT_05s0102g01140,94,0.0455,SKIP16 (SKP1/ASK- interacting  protein 16),,,,
600,VIT_12s0059g02670,93,0.0451,Beta-amylase,E3_2_1_2,,vv10500Starch_and_sucrose_metabolism,
601,VIT_15s0048g01080,94,0.0449,Unknown,,,,
602,VIT_14s0030g00340,91,0.0440,Sugar transporter ERD6-like 8,ERD6L8,,vv50121Porters_cat_1_to_6,
603,VIT_00s0226g00160,90,0.0435,RabGAP/TBC domain-containing protein,,,,
604,VIT_18s0001g05670,89,0.0430,Myb domain protein 93,MYB93_6,MYB182,vv60044MYB,
605,VIT_00s0304g00030,88,0.0425,VQ motif-containing protein,,,,
606,VIT_05s0062g00820,87,0.0423,Unknown protein,,,,
607,VIT_18s0001g03910,88,0.0422,Nitrate reductase 2 (NR2),E1_7_1_1,,vv10910Nitrogen_metabolism,vv34020Calcium_signaling_pathway
608,VIT_16s0098g00990,87,0.0419,No hit,,,,
609,VIT_17s0000g07350,86,0.0415,Exocyst subunit EXO70 E2,EXO70E2,,vv50111Tethering_factors,
610,VIT_15s0048g00510,85,0.0412,Pectinesterase family,E3_1_1_11,,vv40006Cell_wall,
611,VIT_07s0104g01360,85,0.0410,Constans-like 13,COL13,,vv30009Flower_development,vv34710Circadian_rhythm
612,VIT_00s0335g00020,83,0.0403,TIR-NBS-LRR disease resistance,,,,
613,VIT_12s0028g02780,81,0.0394,flavonoid O-methyltransferase,E2_1_1_75,,vv10941Flavonoid_biosynthesis,
614,VIT_16s0039g01560,78,0.0376,PLATZ transcription factor,PLATZFAM_8,,vv60049PLATZ,
615,VIT_18s0122g00300,76,0.0368,Unknown protein,,,,
616,VIT_07s0005g06680,75,0.0360,DNA binding,,,,
617,VIT_17s0000g03310,74,0.0356,Heat shock protein 70,K03283,,vv23040Spliceosome,vv24141Protein_processing_in_endoplasmic_reticulum
618,VIT_05s0020g02350,73,0.0352,SAC3/GANP,,,,
619,VIT_19s0015g01310,72,0.0347,Amino acid permease 7,AAP7,,vv50123Porters_cat_18_to_29,
620,VIT_19s0014g03290,70,0.0339,NAC domain containing protein 19,NAC019_1,VvNAC17,vv60046NAC,
621,VIT_18s0001g14780,69,0.0334,Lipase 3 (EXL3) family II extracellular,,,,
622,VIT_11s0037g00440,68,0.0329,Hydroxycinnamoyl-CoA shikimate/quinate hydroxycinnamoyltransferase,E2_3_1_133,,vv10940Phenylpropanoid_biosynthesis,
623,VIT_04s0008g02520,68,0.0327,ATP binding protein,,,,
624,VIT_13s0019g01840,67,0.0327,Cell division cycle 20-like protein 1,K03364,,vv24120Ubiquitin_mediated_proteolysis,vv44110Cell_cycle
625,VIT_05s0077g00670,67,0.0323,Unknown protein,,,,
626,VIT_06s0004g03330,67,0.0321,Lateral organ boundaries protein 11,LBD11_1,,vv60007AS2,
627,VIT_13s0156g00360,66,0.0320,Emsy N terminus domain-containing protein,,,,
628,VIT_10s0003g05240,66,0.0318,Protein phosphatase 2C,E3_1_3_16,,,
629,VIT_03s0038g00500<br>VIT_03s0038g00550,65,0.0315,
630,VIT_14s0060g00500,64,0.0309,Unknown protein,,,,
631,VIT_16s0039g02720,63,0.0305,Glutamate dehydrogenase 2 (GDH2),E1_4_1_2,,vv10251Glutamate_metabolism,vv10910Nitrogen_metabolism
632,VIT_04s0023g02030,62,0.0301,No hit,,,,
633,VIT_17s0000g05400,62,0.0300,Myb domain protein 35,MYB35_1,MYB35B,vv60044MYB,
634,VIT_02s0087g00630,62,0.0300,Alcohol oxidase,E1_1_3_13,,vv10680Methane_metabolism,
635,VIT_06s0009g01810,62,0.0298,APK2A (protein kinase 2A),,,,
636,VIT_04s0079g00760,61,0.0293,Ras-related protein Rab-5A,K07887,,vv44145Phagosome,
637,VIT_11s0037g01220,60,0.0290,No hit,,,,
638,VIT_10s0003g04950,60,0.0288,Esterase/lipase/thioesterase,,,,
639,VIT_19s0015g01100,59,0.0286,Peptidyl-prolyl cis-trans isomerase  FKBP-type,K01802,,,
640,VIT_18s0072g00290,59,0.0284,No hit,,,,
641,VIT_10s0116g00800,58,0.0282,CYP77A3,,,,
642,VIT_18s0075g00440,58,0.0280,TIR-NBS-LRR disease resistance,,,,
643,VIT_05s0029g00480,56,0.0272,Eceriferum 2 (CER2),,,,
644,VIT_00s0620g00010,56,0.0271,Triacylglycerol lipase,E3_1_1_3,,vv10561Glycerolipid_metabolism,
645,VIT_04s0008g02580,55,0.0268,V-type H+-transporting ATPase subunit A,K02145,,vv10190Oxidative_phosphorylation,vv44145Phagosome
646,VIT_09s0002g09120,55,0.0265,Ethylene-responsive transcription factor ERF003,ERF003_4,VvERF046,vv30008Ethylene_signaling,vv60003AP2_EREBP
647,VIT_02s0012g01280,55,0.0265,VQ motif-containing protein,,,,
648,VIT_01s0026g01960,54,0.0262,SUT2 (sucrose transporter 3),SUT2,,vv50121Porters_cat_1_to_6,
649,VIT_12s0057g01040,54,0.0260,No hit,,,,
650,VIT_18s0001g11150,54,0.0260,Acyl-peptide hydrolase,E3_4_19_1,,,
651,VIT_18s0041g01270,53,0.0256,Amino acid permease 2,AAP2,,vv50123Porters_cat_18_to_29,
652,VIT_10s0092g00640,53,0.0255,Unknown protein,,,,
653,VIT_10s0003g04740,53,0.0255,No hit,,,,
654,VIT_16s0098g01260,52,0.0253,Intramitochondrial sorting protein MSP1 protein,MSP1,,vv50133Primary_active_transporter_cat_A9_to_A18,
655,VIT_15s0048g00560,52,0.0252,UNE1 (unfertilized embryo sac 1),,,,
656,VIT_13s0019g02010,51,0.0248,SRG1 (senescence-related gene 1),,,,
657,VIT_09s0002g00700,51,0.0248,Dormancy/auxin associated protein,DRM3,,vv30003Auxin_signaling,
658,VIT_04s0023g02480,50,0.0242,Dehydrin 1b,,,,
659,VIT_00s0286g00030,50,0.0242,S-locus protein kinase,,,,
660,VIT_18s0001g10660,50,0.0242,Methionyl-tRNA synthetase,E6_1_1_10,,vv10271Methionine_metabolism,vv10450Selenoamino_acid_metabolism
661,VIT_18s0001g04700,50,0.0242,GP5 ubiquitin-like,,,,
662,VIT_07s0031g02380,50,0.0241,No hit,,,,
663,VIT_11s0037g00230,49,0.0236,Cyclic nucleotide gated channel 5,K05391_CNGC5,,vv34626Plant-pathogen_interaction,vv50101Channels_and_pores
664,VIT_06s0004g06880,49,0.0235,Ran-binding protein 1 RanBP1,RANBP1,,vv50109Incompletely_characterized_transport_systems,
665,VIT_13s0019g04200,48,0.0233,Patatin,,,,
666,VIT_06s0004g00300,47,0.0228,Hcr2-p4.1,,,,
667,VIT_17s0000g03660,47,0.0227,NAC domain containing protein 58,NAC058,VvNAC06,vv60046NAC,
668,VIT_03s0063g00880,47,0.0226,Calmodulin-binding protein,,,,
669,VIT_18s0001g15720,46,0.0223,Leucine Rich Repeat receptor-like kinase,,,,
670,VIT_08s0007g04380,46,0.0223,PAB7 (poly(A) binding protein 7),PAB7,,vv50133Primary_active_transporter_cat_A9_to_A18,
671,VIT_09s0018g00380,45,0.0218,5-formyltetrahydrofolate cycloligase,E6_3_3_2,,vv10670One_carbon_pool_by_folate,
672,VIT_13s0019g01990,45,0.0218,Phospholipid/glycerol acyltransferase,E2_3_1_51,,vv10561Glycerolipid_metabolism,vv10564Glycerophospholipid_metabolism
673,VIT_12s0057g01300,45,0.0217,Armadillo/beta-catenin repeat family protein,,,,
674,VIT_18s0041g00810<br>VIT_18s0041g00910<br>VIT_00s1602g00010<br>VIT_18s0041g00920<br>VIT_18s0041g00980<br>VIT_18s0041g01000<br>VIT_00s2707g00010<br>VIT_18s0041g01080<br>VIT_18s0041g00950<br>VIT_18s0041g00830<br>VIT_18s0041g01040,43,0.0210,
675,VIT_09s0070g00470,43,0.0209,Nucleoporin-like protein 2,K14321,,vv23013RNA_transport,vv60018C3H
676,VIT_09s0002g04460,43,0.0209,Peroxidase 48 (Atperox P48),E1_11_1_7,,vv10360Phenylalanine_metabolism,vv10680Methane_metabolism
677,VIT_18s0001g10510,43,0.0208,Thioredoxin family,,,,
678,VIT_13s0047g00350,43,0.0207,Unknown,,,,
679,VIT_15s0046g03240,42,0.0204,Unknown protein,,,,
680,VIT_09s0002g05450,42,0.0204,ABC transporter g family pleiotropic drug resistance 12 PDR12,ABCGPDR12,,vv52010ABC_transporters,
681,VIT_02s0025g03010,42,0.0201,Copper chaperone (CCH),,,,
682,VIT_07s0005g02730,41,0.0199,Myb Radialis,RADIALIS_2,,vv30009Flower_development,vv60045MYBrelated
683,VIT_16s0148g00070,41,0.0199,Receptor-like protein kinase,,,,
684,VIT_06s0061g01030,41,0.0198,Aspartic proteinase nepenthesin-2 precursor,E3_4_23_12,,,
685,VIT_18s0166g00040,40,0.0194,Protein kinase Xa21,,,,
686,VIT_11s0016g04580,40,0.0194,Pentatricopeptide (PPR) repeat-containing protein,,,,
687,VIT_01s0011g03160,39,0.0190,PFT1 (phytochrome and flowering time 1) MED25,PFT1,,vv30009Flower_development,
688,VIT_01s0026g01620,39,0.0189,Protein kinase APK1A,,,,
689,VIT_00s0516g00010,39,0.0188,Unknown,,,,
690,VIT_14s0083g00150,39,0.0188,TCP family transcription factor 1,TCP1_1,,vv60061TCP,
691,VIT_08s0007g07640,38,0.0184,NAC domain-containing protein 87,NAC087,VvNAC61,vv60046NAC,
692,VIT_18s0072g00940,38,0.0184,Histidinol-phosphate aminotransferase  chloroplast precursor,E2_6_1_9,,vv10340Histidine_metabolism,vv10350Tyrosine_metabolism
693,VIT_18s0001g02300,38,0.0183,NAC domain containing protein 2,NAC2_7,VvNAC08,vv60046NAC,
694,VIT_09s0002g00940,38,0.0182,Unknown protein,,,,
695,VIT_06s0004g02630,37,0.0179,Zinc finger (C3HC4-type ring finger),ZFC3HC4,,,
696,VIT_01s0026g00880,37,0.0176,Transducin protein,,,,
697,VIT_08s0040g01720,36,0.0174,No hit,,,,
698,VIT_07s0005g06110,36,0.0174,Pore-forming toxin-like protein Hfr-2,HFR2,,vv50101Channels_and_pores,
699,VIT_01s0010g00010,36,0.0174,No hit,,,,
700,VIT_07s0005g06060,36,0.0173,Pore-forming toxin-like protein Hfr-2,HFR2,,vv50101Channels_and_pores,
701,VIT_12s0028g00980,35,0.0169,Myb family,MYBGE_17,,vv60029G2-like,
702,VIT_14s0066g02670,34,0.0165,Leucine Rich Repeat receptor-like kinase,,,,
703,VIT_11s0118g00400,34,0.0164,Oxidoreductase  2OG-Fe(II) oxygenase,,,,
704,VIT_03s0091g00450,34,0.0164,Progesterone 5-beta-reductase,E1_3_99_6,,vv10140C21-Steroid_hormone_metabolism,
705,VIT_04s0008g02540,33,0.0160,Zinc finger (C2H2 type) family,C2H2FAM_46,,vv60017C2H2,
706,VIT_01s0011g02320,33,0.0160,Unknown protein,,,,
707,VIT_11s0016g01620,33,0.0159,Unknown,,,,
708,VIT_19s0015g01290,32,0.0155,Amino acid permease 7,AAP7,,vv50123Porters_cat_18_to_29,
709,VIT_03s0063g01420,32,0.0155,No hit,,,,
710,VIT_09s0054g01370,31,0.0150,Beta-amyrin synthase,E5_4_99_BAS,,vv10900Terpenoid_biosynthesis,
711,VIT_16s0050g00670,31,0.0150,Kinesin motor,KMOTOR,,vv44810Regulation_of_actin_cytoskeleton,
712,VIT_17s0000g03340,31,0.0150,Wall-associated kinase 4,,,,
713,VIT_09s0018g02030,31,0.0150,EXO70-G1 protein,EXO70G1,,vv50111Tethering_factors,
714,VIT_08s0056g00810,30,0.0145,Co-chaperone grpE,K03687,,vv50132Primary_active_transporter_cat_A5_to_A8,
715,VIT_12s0028g03340,30,0.0145,Protein binding / zinc ion binding,,,,
716,VIT_05s0049g00930,29,0.0140,Inorganic phosphate transporter 1-4,PHT1_4,,vv50121Porters_cat_1_to_6,
717,VIT_14s0068g01430,29,0.0140,Beta-ketoacyl-CoA synthase,E2_3_1_41,,vv10061Fatty_acid_biosynthesis,
718,VIT_16s0115g00340,29,0.0140,UDP-glucose: anthocyanidin 5 3-O-glucosyltransferase,E2_4_1_238,,vv10941Flavonoid_biosynthesis,vv10942Anthocyanin_biosynthesis
719,VIT_06s0004g01480,29,0.0139,Lipoxygenase LOX1,E1_13_11_12,,vv10592alpha-Linolenic_acid_metabolism,
720,VIT_03s0017g01780,28,0.0136,far-red elongated HYPOCOTYLS 3,FHY3_1,,vv60071Orphans_far-red,
721,VIT_16s0098g00480,28,0.0135,Lipase class 3,,,,
722,VIT_07s0031g01380,27,0.0131,ferulate 5-hydroxylase,K09755,,vv10940Phenylpropanoid_biosynthesis,
723,VIT_06s0004g02180,27,0.0130,Histidinol-phosphate aminotransferase,E2_6_1_9,,vv10340Histidine_metabolism,vv10350Tyrosine_metabolism
724,VIT_08s0007g05470,27,0.0130,No hit,,,,
725,VIT_11s0206g00150,27,0.0130,Unknown protein,,,,
726,VIT_08s0056g00790,26,0.0126,Phagocytosis and cell motility protein ELMO1,,,,
727,VIT_00s0286g00130,26,0.0126,S-locus lectin protein kinase,,,,
728,VIT_18s0001g07900,26,0.0126,MADS-box agamous-like 21,AGL21_4,,vv60042MADS,
729,VIT_10s0003g01830,26,0.0126,Aquaporin NIP1;2,NIP1_2,,vv50101Channels_and_pores,
730,VIT_03s0017g00780,26,0.0126,Disease resistance protein (TIR-NBS-LRR class),,,,
731,VIT_01s0011g02060,26,0.0125,CYP86B1,,,,
732,VIT_04s0023g03350,25,0.0121,transformation/transcription domain-associated protein,K08874,,,
733,VIT_04s0069g01130,25,0.0121,No hit,,,,
734,VIT_19s0085g00050,24,0.0117,Myb domain protein 58,MYB58_1,MYB139,vv60044MYB,
735,VIT_01s0026g01970,24,0.0116,RNA-binding region RNP-1 (RNA recognition motif),,,,
736,VIT_07s0005g00260,24,0.0116,Glutathione-conjugate transporter (MRP10),MRP10,,vv52010ABC_transporters,
737,VIT_13s0047g00210,24,0.0116,flavonol synthase,E1_14_11_23,,vv10941Flavonoid_biosynthesis,
738,VIT_10s0003g01650,24,0.0116,Unknown,,,,
739,VIT_00s0286g00100,23,0.0111,S-locus protein kinase,,,,
740,VIT_18s0001g12630,22,0.0107,Nuclear fusion defective 5 NFD5,NFD5,,,
741,VIT_08s0007g08690,22,0.0107,Villin-3,K05768,,vv44810Regulation_of_actin_cytoskeleton,
742,VIT_17s0000g03160,22,0.0106,No hit,,,,
743,VIT_08s0007g06730,22,0.0106,Spindle pole body component 98,SPC98,,vv44810Regulation_of_actin_cytoskeleton,
744,VIT_05s0102g00130,21,0.0102,Unknown protein,,,,
745,VIT_18s0041g00520,21,0.0102,Proton-dependent oligopeptide transport (POT) family protein,POT,,vv50122Porters_cat_7_to_17,
746,VIT_02s0025g01950,21,0.0101,Cellulose synthase CSLG3,E2_4_1_12_CSLG3,,vv40006Cell_wall,
747,VIT_08s0056g00290,21,0.0100,Calcium-binding protein CML,K13448,,vv34626Plant-pathogen_interaction,
748,VIT_16s0050g00120,20,0.0097,B57,,,,
749,VIT_08s0105g00300,20,0.0097,Phospholipase C,E3_1_4_3,,vv10260Glycine_serine_and_threonine_metabolism,vv10562Inositol_phosphate_metabolism
750,VIT_01s0011g05930,20,0.0097,S-adenosyl-L-methionine:carboxyl methyltransferase,,,,
751,VIT_18s0041g00230,20,0.0097,TIR-NBS-LRR disease resistance,,,,
752,VIT_00s0341g00050,19,0.0092,ATMYB66/WER/WER1 (WEREWOLF 1),WEREWOLF_3,MYBPAL1,vv44110Cell_cycle,vv60044MYB
753,VIT_04s0069g01110,19,0.0092,Tyrosine specific protein phosphatase,,,,
754,VIT_09s0002g04160,19,0.0092,Thioesterase family,,,,
755,VIT_12s0028g01230,19,0.0092,fanconi anemia  complementation group D2,,,,
756,VIT_11s0016g05900,18,0.0088,Clathrin assembly protein 10,CAP10,,vv50110Protein_coat,
757,VIT_10s0003g00470,18,0.0087,Isoflavone methyltransferase/ Orcinol O-methyltransferase 1 oomt1,E2_1_1_46,,vv10943Isoflavonoid_biosynthesis,
758,VIT_08s0058g00120,18,0.0087,Phosphatidylethanolamine-binding,,,,
759,VIT_14s0068g02280,18,0.0087,No hit,,,,
760,VIT_17s0053g00170,18,0.0087,Tubulin alpha,K07374,,vv44145Phagosome,vv44810Regulation_of_actin_cytoskeleton
761,VIT_04s0210g00190,18,0.0087,Serine O-acetyltransferase  cytosolic,E2_3_1_30,,vv10272Cysteine_metabolism,vv10920Sulfur_metabolism
762,VIT_14s0030g01700,18,0.0087,Unknown,,,,
763,VIT_13s0106g00170,18,0.0087,Cig3,K14409,,vv23015mRNA_surveillance_pathway,vv30007Cytokinin_signaling
764,VIT_18s0001g06790,18,0.0087,Ripening regulated protein DDTFR18,DDTFR18,,vv50125Porters_cat_66_to_94,
765,VIT_14s0068g00670,18,0.0087,Heavy-metal-associated domain-containing protein,,,,
766,VIT_15s0045g00330,18,0.0087,Ring-H2 finger protein ATL3A,,,,
767,VIT_12s0028g03310,18,0.0087,Protein phosphatase 2C,E3_1_3_16,,,
768,VIT_05s0077g00200,17,0.0083,Unknown protein,,,,
769,VIT_16s0115g00440,17,0.0082,NADP-dependent malic enzyme,E1_1_1_39,,vv10620Pyruvate_metabolism,vv10710Carbon_fixation
770,VIT_17s0000g10400,17,0.0082,Ribosomal protein S14 (Clone MCH1) 40S,K02955,,vv23010Ribosome,
771,VIT_09s0018g01660,16,0.0078,Biopterin transport-related protein BT1,BIOPTERIN,,vv50125Porters_cat_66_to_94,
772,VIT_18s0001g05340,16,0.0077,Transcription termination factor mitochondrial mTERF,MTERF_3,,vv60085MTERF,
773,VIT_19s0176g00030,16,0.0077,ABC transporter C member 15,ABCC15,,vv52010ABC_transporters,
774,VIT_03s0038g02530,16,0.0077,Pre-mRNA-splicing factor SYF2,K12868,,vv23040Spliceosome,
775,VIT_03s0063g02250,16,0.0077,Polyol transporter 5,PLT5,,vv50121Porters_cat_1_to_6,
776,VIT_06s0061g00720,16,0.0077,BHLH transcriptional regulator bHLH029,BHLH029,,vv60011BHLH,
777,VIT_19s0027g00910,15,0.0073,NAC domain-containing protein 42,NAC042_6,VvNAC28,vv60046NAC,
778,VIT_00s0131g00140,15,0.0073,Annexin ANN3,ANN3,,vv50101Channels_and_pores,
779,VIT_12s0142g00050,15,0.0073,PUMILIO 7 (APUM7),,,,
780,VIT_00s0317g00110,15,0.0073,Esterase/lipase/thioesterase,,,,
781,VIT_13s0106g00060,15,0.0073,Ankyrin repeat,,,,
782,VIT_01s0026g02460,15,0.0072,Zinc finger homeobox 30,ZFHB30,,vv60068Zf-HD,
783,VIT_08s0007g01360,15,0.0072,Unknown protein,,,,
784,VIT_02s0025g04760,15,0.0072,Splicing factor YT521-B,,,,
785,VIT_08s0040g02290,15,0.0072,Armadillo/beta-catenin repeat,,,,
786,VIT_17s0000g07820,14,0.0068,LIM domain protein WLIM1,WLIM1_1,,vv60040LIM,
787,VIT_00s0358g00010,14,0.0068,No hit,,,,
788,VIT_06s0004g03100,14,0.0068,MLO1,K08472,,,
789,VIT_08s0007g01000,14,0.0068,Aldo/keto reductase,E1_1_1_21,,vv10040Pentose_glucuronate_interconversion,vv10051Fructose_and_mannose_metabolism
790,VIT_14s0068g00160,14,0.0068,No hit,,,,
791,VIT_12s0055g00320,13,0.0063,UDP-glucose: anthocyanidin 5 3-O-glucosyltransferase,RHGT1,,vv10942Anthocyanin_biosynthesis,
792,VIT_09s0018g00260,13,0.0063,No hit,,,,
793,VIT_18s0001g14810,13,0.0063,Lipase 3 (EXL3) family II extracellular,,,,
794,VIT_16s0050g02120,13,0.0063,HcrVf3 protein,,,,
795,VIT_04s0043g01040,13,0.0062,No hit,,,,
796,VIT_03s0038g04700,12,0.0058,Isoflavone reductase,E1_3_1_45,,vv10943Isoflavonoid_biosynthesis,
797,VIT_16s0050g01690,12,0.0058,Receptor kinase homolog LRK10,,,,
798,VIT_16s0013g00210,12,0.0058,Metacaspase 1,,,,
799,VIT_02s0025g01530,12,0.0058,Membrane protein-like,,,,
800,VIT_02s0025g00750,12,0.0058,Pinoresinol forming dirigent protein,DIRPR,,vv10940Phenylpropanoid_biosynthesis,
801,VIT_11s0016g01060,12,0.0058,Avr9/Cf-9 induced kinase 1,,,,
802,VIT_19s0085g00540,12,0.0058,DELLA protein RGL1 (RGA-like protein 1),RGL1_2,,vv30010Gibberellin_signaling,vv60032GRAS
803,VIT_11s0016g04720,12,0.0058,Blight-associated protein p12 precursor,,,,
804,VIT_08s0007g06040,12,0.0058,Beta-1 3-glucanase,E3_2_1_6,,,
805,VIT_01s0011g03580,12,0.0058,Unknown protein,,,,
806,VIT_12s0142g00410,12,0.0058,No hit,,,,
807,VIT_17s0000g06110,12,0.0058,Glutathione S-transferase 9 GSTU9,E2_5_1_18_GSTU9,,vv10480Glutathione_metabolism,
808,VIT_18s0001g02410,12,0.0058,Laccase,E1_10_3_2,,vv11000Single_reactions,vv50109Incompletely_characterized_transport_systems
809,VIT_05s0020g03340,12,0.0058,Unknown protein,,,,
810,VIT_01s0137g00780,12,0.0058,Unknown protein,,,,
811,VIT_00s1365g00010,12,0.0058,fimbrin 1,FIMBRIN1,,vv44810Regulation_of_actin_cytoskeleton,
812,VIT_19s0090g01860,11,0.0053,No hit,,,,
813,VIT_08s0007g02690,11,0.0053,Secoisolariciresinol dehydrogenase,SIRD,,vv10940Phenylpropanoid_biosynthesis,
814,VIT_04s0079g00290,11,0.0053,Regulator of chromosome condensation (RCC1),RCC1,,vv50112Nuclear_pore_complex,
815,VIT_18s0041g00190,11,0.0053,R protein L6,K13477,,vv34627R_proteins_from_Plant-pathogen_interaction,
816,VIT_01s0011g06570,10,0.0048,Beta-Ig-H3/fasciclin,,,,
817,VIT_01s0010g03810,10,0.0048,No hit,,,,
818,VIT_06s0004g07910,10,0.0048,Ovate family protein 3 OFP3,OFP3_2,,vv60086OFP,
819,VIT_18s0001g09820,10,0.0048,S-domain receptor kinase,,,,
820,VIT_07s0129g01030,10,0.0048,Cinnamyl alcohol dehydrogenase,E1_1_1_195,,vv10940Phenylpropanoid_biosynthesis,
821,VIT_00s0988g00010,10,0.0048,CF9,,,,
822,VIT_06s0009g00410,10,0.0048,BLH1 (embryo sac development arrest 29),BLH1_2,VvHB25,vv60034HB,
823,VIT_13s0074g00660,10,0.0048,ABC transporter G member 22,ABCG22,,vv52010ABC_transporters,
824,VIT_06s0004g04390,10,0.0048,UDP-glucuronic acid decarboxylase 1,E4_1_1_35,,vv10500Starch_and_sucrose_metabolism,vv10520Nucleotide_sugars_metabolism
825,VIT_05s0077g01820,9,0.0044,Protein phosphatase 2C,E3_1_3_16,,,
826,VIT_08s0056g01710,9,0.0044,Cationic amino acid transporter 2,CAT2,,vv50121Porters_cat_1_to_6,
827,VIT_05s0020g03290,9,0.0044,S-receptor kinase,,,,
828,VIT_06s0009g01380,9,0.0044,Ethylene-insensitive 3 (EIN3),EIN3_2,,vv30001ABA_signaling,vv30008Ethylene_signaling
829,VIT_16s0050g01970,9,0.0044,Serine/threonine protein kinase LRK19,,,,
830,VIT_11s0016g02790,9,0.0044,Zinc finger (CCCH-type) family protein,CCCHFAM_11,,vv60018C3H,
831,VIT_19s0014g05010,9,0.0044,Unknown protein,,,,
832,VIT_02s0154g00210,9,0.0044,WRKY DNA-binding protein 21,WRKY21_1,,vv60066WRKY,
833,VIT_03s0063g01060,9,0.0044,Myb family,MYBGE_19,,vv60029G2-like,
834,VIT_18s0001g11580,9,0.0044,CYP82A3,,,,
835,VIT_00s0194g00340,9,0.0043,No hit,,,,
836,VIT_04s0008g01620,9,0.0043,Heat shock protein 17.6 kDa class II,K13993,,vv24141Protein_processing_in_endoplasmic_reticulum,
837,VIT_09s0002g03180,9,0.0043,DNA repair protein,,,,
838,VIT_17s0000g06780,9,0.0043,Dimethylaniline monooxygenase,E1_14_13_8,,vv11000Single_reactions,
839,VIT_19s0015g01910,9,0.0043,F-box family protein,,,,
840,VIT_07s0005g05930<br>VIT_07s0005g05910<br>VIT_07s0005g05920,9,0.0043,
841,VIT_11s0016g00700,9,0.0043,Oligouridylate binding protein 1B UBP1B,UBP1B,,,
842,VIT_06s0004g05380,9,0.0043,Tropinone reductase,E1_1_1_206,,vv10220Urea_cycle_and_metabolism_of_amino_groups,
843,VIT_13s0019g00390,9,0.0043,F-box family protein,,,,
844,VIT_10s0003g05570,9,0.0043,Reticuline oxidase,E1_21_3_3,,vv10950Alkaloid_biosynthesis_I,
845,VIT_16s0050g01950,9,0.0043,Disease resistance family protein / LRR family,,,,
846,VIT_10s0003g00910,9,0.0043,Unknown protein,,,,
847,VIT_07s0130g00020,8,0.0039,NADPH2:quinone reductase,E1_6_5_5,,vv10740Riboflavin_metabolism,
848,VIT_18s0001g02730,8,0.0039,Unknown,,,,
849,VIT_15s0024g01310,7,0.0034,No hit,,,,
850,VIT_14s0068g00870,7,0.0034,Nudix hydrolase 13,,,,
851,VIT_18s0086g00530,7,0.0034,H(+)-ATPase AHA10 (autoinhibited H(+)-ATPase isoform 10),K01535,,vv10190Oxidative_phosphorylation,vv50131Primary_active_transporter_cat_A2_to_A4
852,VIT_12s0035g01260,7,0.0034,NBS-LRR type disease resistance protein,,,,
853,VIT_18s0001g07700,7,0.0034,Ethylene-inducible CTR1,CTR1,,vv30008Ethylene_signaling,
854,VIT_07s0005g04760,7,0.0034,PfkB-type carbohydrate kinase,,,,
855,VIT_03s0063g01580,7,0.0034,CYP82C2,,,,
856,VIT_13s0074g00350,7,0.0034,Unknown,,,,
857,VIT_05s0049g01660,6,0.0029,RNA-binding protein Musashi,K14411,,vv23015mRNA_surveillance_pathway,
858,VIT_05s0020g04520,6,0.0029,AT rich interactive domain 2 (ARID  RFX-like),ARID2,,vv60005ARID,
859,VIT_13s0019g01090,6,0.0029,Triosephosphate isomerase  cytosolic,E5_3_1_1,,vv10010Glycolysis,vv10051Fructose_and_mannose_metabolism
860,VIT_08s0040g01290,6,0.0029,F-box family protein,,,,
861,VIT_11s0016g03950,6,0.0029,Dehydration-responsive protein (RD22),RD22,,,
862,VIT_11s0016g01980,6,0.0029,Unknown protein,,,,
863,VIT_02s0025g03310,6,0.0029,Arsenite transport protein (ArsB),ARSB,,vv50124Porters_cat_30_to_64,
864,VIT_08s0040g02820,6,0.0029,Unknown protein,,,,
865,VIT_09s0018g01630,6,0.0029,TUBBY like protein 8 TLP8,TLP8_2,,vv60063TUB,
866,VIT_17s0000g04930,6,0.0029,Desulfo-glucosinolate sulfotransferase 18,SOT18,,vv10966Glucosinolate_biosynthesis,
867,VIT_07s0005g02070,6,0.0029,No hit,,,,
868,VIT_13s0019g01710,6,0.0029,Scarecrow transcription factor 14 (SCL14),SCL14_9,,vv60032GRAS,
869,VIT_06s0004g02100,6,0.0029,3-beta-hydroxysteroid-delta-isomerase,E5_3_3_5,,vv10100Biosynthesis_of_steroids,
870,VIT_03s0063g01560,6,0.0029,CYP82C1p,,,,
871,VIT_05s0020g03690<br>VIT_05s0020g03710,6,0.0029,
872,VIT_04s0008g02710,6,0.0029,NAC domain containing protein 39,NAC039,VvNAC65,vv60046NAC,
873,VIT_06s0004g01410,6,0.0029,S-receptor kinase,,,,
874,VIT_18s0089g00560,6,0.0029,Acetyl Co-A acetyltransferase,E2_3_1_9,,vv10071Fatty_acid_metabolism,vv10072Synthesis_and_degradation_of_ketone_bodies
875,VIT_03s0091g00560,6,0.0029,Leucine-rich repeat protein kinase,,,,
876,VIT_15s0048g02000,6,0.0029,Homeodomain GLABROUS1,HDG1_1,VvHB53,vv60034HB,
877,VIT_07s0129g01040,6,0.0029,Copper-exporting ATPase HMA1 (Heavy metal ATPase 1),HMA1,,vv50131Primary_active_transporter_cat_A2_to_A4,
878,VIT_09s0070g00160,6,0.0029,CBL-interacting protein kinase 6 (CIPK6),CIPK6,,,
879,VIT_14s0083g00220,6,0.0029,Zinc finger CCHC domain-containing protein 8,K13128,,,
880,VIT_17s0000g00560,6,0.0029,UPF0497 family,,,,
881,VIT_15s0045g01370,6,0.0029,Unknown,,,,
882,VIT_13s0074g00230,6,0.0029,Outer envelope protein omp24,,,,
883,VIT_13s0074g00680,6,0.0029,ABC transporter G member 22,ABCG22,,vv52010ABC_transporters,
884,VIT_13s0156g00580,6,0.0029,S-receptor kinase,,,,
885,VIT_04s0008g06300,6,0.0029,Leucine-rich repeat family,,,,
886,VIT_13s0019g00970,6,0.0029,Kinesin motor protein,KMOTOR,,vv44810Regulation_of_actin_cytoskeleton,
887,VIT_00s0216g00060,6,0.0029,Nuclear transport factor 2 (NTF2),NTF2,,vv50133Primary_active_transporter_cat_A9_to_A18,
888,VIT_11s0037g00870,6,0.0029,AP2-like ethylene-responsive transcription factor,AP2_1,VvAP2-01,vv30008Ethylene_signaling,vv60003AP2_EREBP
889,VIT_11s0052g00440,5,0.0024,PIN1 auxin transport protein,PIN1,,vv50004Auxin_transport,vv50125Porters_cat_66_to_94
890,VIT_00s0160g00250,4,0.0019,No hit,,,,
891,VIT_07s0130g00160,4,0.0019,No hit,,,,
892,VIT_10s0116g00170,4,0.0019,S-locus lectin protein kinase,,,,
893,VIT_11s0016g02340,4,0.0019,Cytidine deaminase,E3_5_4_5,,vv10240Pyrimidine_metabolism,
894,VIT_00s0245g00040,4,0.0019,Unknown,,,,
895,VIT_12s0028g02530,4,0.0019,Zinc finger (C3HC4-type ring finger),ZFC3HC4_36,,vv60078Other_zf-C3HC4,
896,VIT_18s0001g04890,4,0.0019,Low affinity sulphate transporter,AST68,,vv50124Porters_cat_30_to_64,
897,VIT_18s0089g00200,4,0.0019,1 4-beta-mannan endohydrolase,E3_2_1_78,,vv10051Fructose_and_mannose_metabolism,
898,VIT_08s0007g01090,4,0.0019,DC1 domain-containing protein,,,,
899,VIT_12s0028g00940,3,0.0015,Electron transfer flavoprotein alpha-subunit precursor (Alpha-ETF),K03522,,,
900,VIT_11s0052g00110,3,0.0015,Unknown,,,,
901,VIT_01s0010g02980,3,0.0015,Calcium-binding protein CML,K13448,,vv34626Plant-pathogen_interaction,
902,VIT_19s0090g00660,3,0.0015,Lipase GDSL,,,,
903,VIT_11s0065g00170,3,0.0015,Squamosa promoter-binding protein 2 (SPL2),SPL2_3,,vv60055SBP,
904,VIT_01s0026g00360,3,0.0015,Nodulin MtN21 family,MTN21,,vv50122Porters_cat_7_to_17,
905,VIT_07s0005g03600,3,0.0015,Transcription factor jumonji (jmj) / zinc finger (C5HC2 type),JMJD1B_7,,vv60038Jumonji,
906,VIT_18s0122g00690,3,0.0015,Laccase,E1_10_3_2,,vv11000Single_reactions,vv50109Incompletely_characterized_transport_systems
907,VIT_08s0007g06690,3,0.0015,Growth-regulating factor related,GRFREL_2,,vv60033GRF,
908,VIT_03s0063g00110,3,0.0015,Cyclin delta-3,CYCD3,,vv30007Cytokinin_signaling,vv44110Cell_cycle
909,VIT_12s0059g00740,3,0.0015,Germin1,,,,
910,VIT_07s0031g00450,3,0.0015,Basic helix-loop-helix protein SPATULA,SPATULA_2,,vv60011BHLH,
911,VIT_14s0068g01460,3,0.0015,Shikimate kinase,E2_7_1_71,,vv10400Phenylalanine_tyrosine_and_tryptophan_biosynthesis,
912,VIT_04s0023g00080,3,0.0015,CYP97B,,,,
913,VIT_17s0000g00900,3,0.0015,Glutamate 1-semialdehyde aminotransferase,E5_4_3_8,,vv10860Porphyrin_and_chlorophyll_metabolism,
914,VIT_01s0026g01340,3,0.0015,Glutathione S-transferase 29 GSTU18,E2_5_1_18_GSTU18,,vv10480Glutathione_metabolism,
915,VIT_00s0183g00130,3,0.0015,No hit,,,,
916,VIT_12s0055g00450,3,0.0015,Unknown protein,,,,
917,VIT_00s0174g00310,3,0.0015,Ribonuclease T2,E3_1_27_1,,,
918,VIT_13s0067g02050,3,0.0015,Unknown protein,,,,
919,VIT_08s0007g06970,3,0.0015,No hit,,,,
920,VIT_15s0048g01270,3,0.0015,MADS-box agamous-like 6,AGL6_1,,vv60042MADS,
921,VIT_19s0085g00030,3,0.0015,Unknown protein,,,,
922,VIT_00s1314g00010,3,0.0015,Basic helix-loop-helix (bHLH) family,BHLHDOM_89,,vv60011BHLH,
923,VIT_13s0067g01840,3,0.0015,ferritin,E1_16_3_1,,vv10860Porphyrin_and_chlorophyll_metabolism,
924,VIT_04s0008g06420,3,0.0015,No hit,,,,
925,VIT_10s0597g00050,3,0.0015,Heat shock transcription factor B2A,HSFB2A_3,,vv60037HSF,
926,VIT_08s0007g06560,3,0.0015,Lectin protein kinase,,,,
927,VIT_17s0000g00060,3,0.0015,No hit,,,,
928,VIT_00s0262g00030,3,0.0015,CRK10 (cysteine-rich RLK10),,,,
929,VIT_00s2380g00010,3,0.0015,S-locus lectin protein kinase,,,,
930,VIT_18s0001g15560,3,0.0015,Unknown protein,,,,
931,VIT_05s0020g02880,3,0.0015,ADP-glucose pyrophosphorylase,E2_7_7_27,,vv10500Starch_and_sucrose_metabolism,
932,VIT_18s0001g05030,3,0.0015,Glucan 1 3-beta-glucosidase precursor,E3_2_1_58,,vv10500Starch_and_sucrose_metabolism,
933,VIT_04s0008g05960,3,0.0015,Unknown protein,,,,
934,VIT_08s0007g01780,3,0.0015,MRNA-capping enzyme,K13917,,vv23015mRNA_surveillance_pathway,
935,VIT_17s0000g03790,3,0.0015,Unknown protein,,,,
936,VIT_17s0000g03280,3,0.0014,Alcohol dehydrogenase 7,E1_1_1_1,,vv10010Glycolysis,vv10071Fatty_acid_metabolism
937,VIT_16s0022g00960,3,0.0014,Invertase/pectin methylesterase inhibitor,PMEI,,vv40006Cell_wall,
938,VIT_09s0002g02950,3,0.0014,No hit,,,,
939,VIT_16s0050g00630,3,0.0014,Prolyl 4-hydroxylase,E1_14_11_2,,vv10330Arginine_and_proline_metabolismis,
940,VIT_06s0004g05640,3,0.0014,Pentatricopeptide (PPR) repeat-containing protein,,,,
941,VIT_01s0026g02570,3,0.0014,Kafirin cluster,,,,
942,VIT_08s0056g00980,3,0.0014,F-box domain containing protein,,,,
943,VIT_07s0005g05730,3,0.0014,Peroxiredoxin (alkyl hydroperoxide reductase subunit C),E1_11_1_15,,,
944,VIT_05s0062g00950,3,0.0014,Aldo/keto reductase AKR,E1_1_1_21,,vv10040Pentose_glucuronate_interconversion,vv10051Fructose_and_mannose_metabolism
945,VIT_01s0011g06300,3,0.0014,Annexin 5 (ANN5),ANN5,,vv50101Channels_and_pores,
946,VIT_11s0016g02750,3,0.0014,Ankyrin repeat protein,,,,
947,VIT_13s0067g01800,3,0.0014,Histidine acid phosphatase,E3_1_3_2,,vv10740Riboflavin_metabolism,
948,VIT_13s0019g03040,3,0.0014,Indole-3-acetate beta-glucosyltransferase,E2_4_1_121,,vv11002Auxin_biosynthesis,
949,VIT_01s0011g06380,3,0.0014,BPC2/BBR/BPC2/BPC2 (basic pentacysteine2),BPC2_1,,vv60009BBR,
950,VIT_14s0081g00550,3,0.0014,Metal ion binding,,,,
951,VIT_13s0084g00160,3,0.0014,Proline-rich family protein,,,,
952,VIT_08s0040g01690,3,0.0014,T-complex protein 1 epsilon subunit,K09497,,,
953,VIT_12s0034g00160,3,0.0014,UDP-glucose glucosyltransferase,E2_4_1_35,,vv10500Starch_and_sucrose_metabolism,
954,VIT_09s0002g03690,3,0.0014,Avr9/Cf-9 rapidly elicited protein 146,,,,
955,VIT_17s0000g07880,3,0.0014,Bromo-adjacenty (BAH) domain-containing protein,,,,
956,VIT_13s0073g00200,3,0.0014,Disease resistance protein (TIR-NBS-LRR class),,,,
957,VIT_06s0004g06590,3,0.0014,PRLI-interacting factor N,,,,
958,VIT_13s0019g03530,3,0.0014,No hit,,,,
959,VIT_03s0063g01470,3,0.0014,Steroid nuclear receptor  ligand-binding,,,,
960,VIT_09s0054g01040,3,0.0014,Unknown protein,,,,
961,VIT_13s0064g00590,3,0.0014,Cyclin-related,CYCREL,,vv44110Cell_cycle,
962,VIT_07s0005g02310,3,0.0014,Expansin EXPA17,EXPA17,,vv30003Auxin_signaling,
963,VIT_12s0055g01120,3,0.0014,Unknown,,,,
964,VIT_14s0068g00730,3,0.0014,Unknown protein,,,,
965,VIT_06s0009g02160,3,0.0014,NADH dehydrogenase (ubiquinone) flavoprotein 2,K03943,,vv10190Oxidative_phosphorylation,vv50134Primary_active_transporter_cat_D1
966,VIT_14s0108g01170,3,0.0014,Pectinesterase family,E3_1_1_11,,vv40006Cell_wall,
967,VIT_12s0028g03760,3,0.0014,UPF0497 family,,,,
968,VIT_13s0067g01350,3,0.0014,Basic helix-loop-helix (bHLH) family,BHLHDOM_16,,vv60011BHLH,
969,VIT_06s0004g04000,3,0.0014,Beta-ketoacyl-CoA synthase,E2_3_1_41,,vv10061Fatty_acid_biosynthesis,
970,VIT_01s0011g04850,3,0.0014,Unknown protein,,,,
971,VIT_01s0146g00330,3,0.0014,Hydroxyproline-rich glycoprotein family protein,HRGP,,vv40006Cell_wall,
972,VIT_18s0001g15170,3,0.0014,S-adenosylmethionine sythetase 2,E2_5_1_6,,vv10271Methionine_metabolism,vv10450Selenoamino_acid_metabolism
973,VIT_13s0019g03020,3,0.0014,Glucosyltransferase-2,,,,
974,VIT_14s0219g00260,3,0.0014,No hit,,,,
975,VIT_12s0059g01580,3,0.0014,Unknown,,,,
976,VIT_15s0046g02150,3,0.0014,WRKY DNA-binding protein 24,WRKY24,VvWRKY48,vv60066WRKY,
977,VIT_07s0205g00030,3,0.0014,Zinc finger (C3HC4-type ring finger),ZFC3HC4_8,,vv60078Other_zf-C3HC4,
978,VIT_02s0025g02250,3,0.0014,Dof zinc finger protein DOF4.6,DOF4_6_2,,vv60015C2C2-DOF,
979,VIT_04s0008g03240,3,0.0014,BAM2 (big apical meristem 2),BAM2,,vv30009Flower_development,
