Vv_m2,2000,1000,VIT_16s0100g00750,,,,,
rank,node,Fabs,Frel,Functional-annotation,Name-EC-KeggID,Updated-name,Network1,Network2
1,VIT_16s0100g00770,2067,1,Stilbene synthase,E2_3_1_95,,vv10940Phenylpropanoid_biosynthesis,
2,VIT_16s0100g01200<br>VIT_16s0100g01070,2080,1,,,,,
3,VIT_16s0100g01010<br>VIT_16s0100g00950<br>VIT_16s0100g01030<br>VIT_16s0100g00990,2066,1,,,,,
4,VIT_16s0100g00830<br>VIT_16s0100g01120<br>VIT_16s0100g00780<br>VIT_16s0100g00910,2079,1,,,,,
5,VIT_16s0100g01150,2078,0.9995,Stilbene synthase [Vitis vinifera],E2_3_1_95,,vv10940Phenylpropanoid_biosynthesis,
6,VIT_16s0100g01130,2058,0.9913,Stilbene synthase [Vitis vinifera],E2_3_1_95,,vv10940Phenylpropanoid_biosynthesis,
7,VIT_16s0100g01190,2060,0.9909,Stilbene synthase [Vitis vinifera],E2_3_1_95,,vv10940Phenylpropanoid_biosynthesis,
8,VIT_16s0100g01040,2053,0.9904,Stilbene synthase - grape,E2_3_1_95,,vv10940Phenylpropanoid_biosynthesis,
9,VIT_11s0065g00350,2046,0.9903,Trans-cinnamate 4-monooxygenase,E1_14_13_11,,vv10360Phenylalanine_metabolism,vv10940Phenylpropanoid_biosynthesis
10,VIT_16s0100g01100,2034,0.9874,Stilbene synthase,E2_3_1_95,,vv10940Phenylpropanoid_biosynthesis,
11,VIT_02s0236g00120,2030,0.984,Unknown,,,,
12,VIT_16s0039g01240<br>VIT_16s0039g01360<br>VIT_16s0039g01130<br>VIT_16s0039g01100<br>VIT_00s2508g00010<br>VIT_16s0039g01120<br>VIT_16s0039g01320<br>VIT_00s2849g00010<br>VIT_16s0039g01300<br>VIT_16s0039g01170<br>VIT_16s0039g01280,2031,0.9835,,,,,
13,VIT_16s0100g01000,2019,0.9758,Stilbene synthase 4,E2_3_1_95,,vv10940Phenylpropanoid_biosynthesis,
14,VIT_06s0004g01020,2017,0.972,Dirigent protein,,,,
15,VIT_11s0078g00290,1984,0.965,Cinnamate 4-hydroxylase,E1_14_13_11,,vv10360Phenylalanine_metabolism,vv10940Phenylpropanoid_biosynthesis
16,VIT_16s0100g00860<br>VIT_16s0100g00940<br>VIT_16s0100g00800<br>VIT_16s0100g00920<br>VIT_16s0100g00930<br>VIT_16s0100g00810<br>VIT_16s0100g00840<br>VIT_16s0100g00850,1989,0.9599,,,,,
17,VIT_16s0100g01160,1988,0.9599,Stilbene synthase [Vitis vinifera],E2_3_1_95,,vv10940Phenylpropanoid_biosynthesis,
18,VIT_06s0004g01010,1974,0.9569,Dirigent protein pDIR9,,,,
19,VIT_05s0077g01530,1981,0.9565,Pathogenesis protein 10 [Vitis vinifera],,,,
20,VIT_06s0004g01030,1979,0.951,Dirigent protein,,,,
21,VIT_12s0059g01720,1958,0.9441,No hit,,,,
22,VIT_16s0100g01060,1949,0.9425,Stilbene synthase,E2_3_1_95,,vv10940Phenylpropanoid_biosynthesis,
23,VIT_07s0151g00260,1936,0.9375,Quinone-oxidoreductase  Chloroplast,K03956,,vv10190Oxidative_phosphorylation,vv50134Primary_active_transporter_cat_D1
24,VIT_10s0042g00930<br>VIT_10s0042g00890<br>VIT_10s0042g00870<br>VIT_10s0042g00860<br>VIT_10s0042g00920,1957,0.9355,,,,,
25,VIT_16s0100g01140,1937,0.9344,Stilbene synthase 2,E2_3_1_95,,vv10940Phenylpropanoid_biosynthesis,
26,VIT_05s0077g01690,1901,0.9201,Pathogenesis protein 10 [Vitis vinifera],,,,
27,VIT_13s0074g00570,1899,0.9183,Gamma-aminobutyric acid transporter,GAT1,,vv50123Porters_cat_18_to_29,
28,VIT_05s0094g00200,1894,0.9176,Chitinase class IV,E3_2_1_14,,vv10530Aminosugars_metabolism,
29,VIT_11s0016g03190,1889,0.9117,Unknown,,,,
30,VIT_12s0028g00860,1878,0.9099,NAC domain-containing protein 42,NAC042_5,VvNAC36,vv60046NAC,
31,VIT_16s0100g00760,1882,0.9083,Stilbene synthase 2 [Vitis sp. cv. 'Norton'],E2_3_1_95,,vv10940Phenylpropanoid_biosynthesis,
32,VIT_19s0014g01370,1870,0.9073,Curculin (mannose-binding) lectin,,,,
33,VIT_16s0100g00960,1869,0.9051,Stilbene synthase [Vitis pseudoreticulata],E2_3_1_95,,vv10940Phenylpropanoid_biosynthesis,
34,VIT_10s0042g00850,1830,0.8845,Stilbene synthase [Vitis pseudoreticulata],E2_3_1_95,,vv10940Phenylpropanoid_biosynthesis,
35,VIT_16s0100g00880,1803,0.8706,Stilbene synthase [Vitis pseudoreticulata],E2_3_1_95,,vv10940Phenylpropanoid_biosynthesis,
36,VIT_18s0001g10180,1799,0.8691,N-hydroxycinnamoyl/benzoyltransferase 3,,,,
37,VIT_17s0000g05360,1762,0.8537,Germin,,,,
38,VIT_14s0006g00910,1774,0.8533,ATA15 protein,,,,
39,VIT_17s0000g00650,1766,0.8527,No hit,,,,
40,VIT_05s0077g01550,1759,0.8502,Pathogenesis protein 10.3 [Vitis quinquangularis],,,,
41,VIT_16s0100g01110,1736,0.8464,Resveratrol synthase (RS1),E2_3_1_95,,vv10940Phenylpropanoid_biosynthesis,
42,VIT_17s0000g06220,1734,0.8385,Exostosin,K02366,,vv11030Glycan_structures-biosynthesis1,
43,VIT_11s0016g03080,1726,0.835,Clavata1 receptor kinase (CLV1),,,,
44,VIT_14s0068g01000,1725,0.8293,Unknown protein,,,,
45,VIT_07s0141g00890,1701,0.8174,CYP94A1,,,,
46,VIT_09s0054g00580<br>VIT_09s0054g00570,1676,0.8136,,,,,
47,VIT_05s0077g01570,1673,0.8125,Pathogenesis protein 10 [Vitis vinifera],,,,
48,VIT_10s0003g04080,1670,0.8068,Unknown,,,,
49,VIT_17s0000g00640,1674,0.8067,No hit,,,,
50,VIT_08s0040g03100,1664,0.8054,Glutathione S-transferase GSTO1,E2_5_1_18_GSTO1,,vv10480Glutathione_metabolism,
51,VIT_07s0129g01010,1659,0.8034,Unknown,,,,
52,VIT_05s0049g01010,1656,0.8008,Myb domain protein 14,MYB14_4,MYB13,vv60044MYB,
53,VIT_05s0077g01600,1669,0.8001,Pathogenesis protein 10 [Vitis vinifera],,,,
54,VIT_02s0025g02770,1654,0.7986,Glucan endo-1 3-beta-glucosidase 7 precursor,E3_2_1_39,,vv10500Starch_and_sucrose_metabolism,
55,VIT_17s0000g03370,1653,0.7943,Calmodulin-binding protein,K02183,,vv34020Calcium_signaling_pathway,vv34626Plant-pathogen_interaction
56,VIT_05s0094g00160,1633,0.7943,No hit,,,,
57,VIT_07s0005g03340,1626,0.7855,Myb domain protein 14,MYB14_2,MYB14,vv60044MYB,
58,VIT_09s0002g05570,1597,0.7749,ABC transporter g family pleiotropic drug resistance 12 PDR12,ABCGPDR12,,vv52010ABC_transporters,
59,VIT_18s0001g02760,1584,0.7697,Lipase GDSL,,,,
60,VIT_07s0005g02660,1584,0.766,ABC transporter B member 13,ABCB13,,vv52010ABC_transporters,
61,VIT_14s0036g01060,1565,0.7604,Unknown protein,,,,
62,VIT_05s0094g00260<br>VIT_05s0094g00220,1551,0.7511,,,,,
63,VIT_00s0480g00030,1542,0.7442,Polyphenol oxidase,E1_10_3_1,,vv10350Tyrosine_metabolism,vv50109Incompletely_characterized_transport_systems
64,VIT_14s0108g00930,1534,0.7432,Unknown protein,,,,
65,VIT_04s0044g00040,1535,0.7423,Dirigent,,,,
66,VIT_04s0044g00220,1525,0.7396,Monooxygenase,,,,
67,VIT_09s0002g05610,1526,0.739,Unknown,,,,
68,VIT_09s0002g02320,1535,0.7387,Cell wall apoplastic invertase,E3_2_1_26,,vv10052Galactose_metabolism,vv10500Starch_and_sucrose_metabolism
69,VIT_00s0301g00090,1495,0.7296,NDA2 (alternative NAD(P)H dehydrogenase 2),K03885,,vv10190Oxidative_phosphorylation,vv50134Primary_active_transporter_cat_D1
70,VIT_00s0226g00100,1513,0.7295,Regulator of chromosome condensation (RCC1),RCC1,,vv50112Nuclear_pore_complex,
71,VIT_01s0011g04210,1508,0.726,Amino acid permease,AAPREL,,vv50123Porters_cat_18_to_29,
72,VIT_18s0001g00840,1481,0.7144,Syringolide-induced protein 14-1-1,,,,
73,VIT_06s0004g00610,1475,0.7143,Accelerated cell death 1 ACD1,ACD1,,vv50133Primary_active_transporter_cat_A9_to_A18,
74,VIT_10s0042g00840,1459,0.71,Stilbene synthase [Vitis pseudoreticulata],E2_3_1_95,,vv10940Phenylpropanoid_biosynthesis,
75,VIT_08s0105g00450,1459,0.7079,Transducin protein,,,,
76,VIT_03s0038g03400,1442,0.7017,Endochitinase 1  basic,E3_2_1_14,,vv10530Aminosugars_metabolism,
77,VIT_10s0042g00910,1443,0.7001,Stilbene synthase [Vitis pseudoreticulata],E2_3_1_95,,vv10940Phenylpropanoid_biosynthesis,
78,VIT_05s0020g05040,1445,0.695,Proteinase inhibitor 1 PPI3B2,,,,
79,VIT_14s0068g01250,1433,0.6933,Mitochondrial phosphate transporter,MPHOSPTR,,vv50123Porters_cat_18_to_29,
80,VIT_18s0001g15130,1437,0.6925,WD40 repeat protein,,,,
81,VIT_03s0088g00690,1425,0.6874,Pathogenesis-related protein 1 precursor (PRP 1),PRP1,,vv30011Jasmonate_signaling,vv34626Plant-pathogen_interaction
82,VIT_16s0039g01110,1425,0.6874,Phenylalanin ammonia-lyase [Vitis vinifera],E4_3_1_5,,vv10350Tyrosine_metabolism,vv10360Phenylalanine_metabolism
83,VIT_09s0002g02970,1428,0.6872,Unknown,,,,
84,VIT_17s0000g03130,1415,0.6866,Unknown protein,,,,
85,VIT_06s0004g01990,1417,0.6839,No hit,,,,
86,VIT_03s0088g00700,1416,0.6821,Pathogenesis related protein 1 precursor (pr1 gene),PRP1,,vv30011Jasmonate_signaling,vv34626Plant-pathogen_interaction
87,VIT_06s0004g05110,1393,0.6742,Unknown,,,,
88,VIT_19s0014g01020,1381,0.6694,Protein transport protein Sec61 subunit alpha,K10956,,vv23060Protein_export,vv24141Protein_processing_in_endoplasmic_reticulum
89,VIT_08s0007g05350,1381,0.6655,Haloacid dehalogenase hydrolase,E3_1_3_18,,vv10630Glyoxylate_and_dicarboxylate_metabolism,
90,VIT_02s0033g00700,1381,0.6646,Nitrilase,E3_5_5_1,,vv10460Cyanoamino_acid_metabolism,vv10910Nitrogen_metabolism
91,VIT_17s0000g01650,1376,0.6612,Cyclopropyl isomerase,E5_5_1_9,,vv10100Biosynthesis_of_steroids,
92,VIT_14s0060g02750<br>VIT_14s0128g00970<br>VIT_14s0128g00990<br>VIT_14s0128g00980<br>VIT_14s0128g01010<br>VIT_14s0128g01030<br>VIT_14s0128g01020<br>VIT_14s0128g01040,1364,0.6567,,,,,
93,VIT_11s0016g02070,1355,0.6552,Basic helix-loop-helix (bHLH) family,BHLHDOM_63,,vv60011BHLH,
94,VIT_05s0077g01560,1350,0.6515,Pathogenesis protein 10.3 [Vitis quinquangularis],,,,
95,VIT_07s0104g00220,1345,0.6485,Phenazine biosynthesis PhzC/PhzF,K06998,,vv10400Phenylalanine_tyrosine_and_tryptophan_biosynthesis,
96,VIT_17s0000g04230,1348,0.6484,Translation initiation factor eIF-2B delta subunit,K03680,,vv23013RNA_transport,
97,VIT_01s0011g04780,1335,0.6449,Unknown protein,,,,
98,VIT_18s0001g00920<br>VIT_18s0075g00590<br>VIT_18s0001g00850<br>VIT_18s0075g00780<br>VIT_18s0001g00790<br>VIT_18s0001g00730<br>VIT_18s0001g00310<br>VIT_18s0075g00620<br>VIT_18s0075g00540<br>VIT_18s0075g00600<br>VIT_18s0075g00580<br>VIT_00s0481g00020<br>VIT_18s0001g00930,1327,0.6417,,,,,
99,VIT_01s0146g00320,1322,0.6402,No hit,,,,
100,VIT_04s0044g00230,1315,0.638,Monooxygenase (MO2),,,,
101,VIT_08s0007g08750,1250,0.6024,Heat shock transcription factor B3,HSFB3,,vv60037HSF,
102,VIT_10s0003g05430,1246,0.5996,Reticuline oxidase precursor,E1_21_3_3,,vv10950Alkaloid_biosynthesis_I,
103,VIT_00s0270g00120,1233,0.5985,Alpha-amylase/subtilisin inhibitor,E3_2_1_1,,vv10500Starch_and_sucrose_metabolism,
104,VIT_15s0048g01350,1249,0.597,Gibberellin receptor GID1L3,GID1C,,vv30010Gibberellin_signaling,
105,VIT_10s0071g00230,1231,0.5955,HcrVf1 protein,,,,
106,VIT_15s0048g01080,1225,0.5952,Unknown,,,,
107,VIT_04s0069g01010,1213,0.5888,Harpin-induced protein,,,,
108,VIT_18s0117g00550,1208,0.583,Laccase,E1_10_3_2,,vv11000Single_reactions,vv50109Incompletely_characterized_transport_systems
109,VIT_03s0088g00710,1205,0.583,Pathogenesis-related protein 1 precursor (PRP 1),PRP1,,vv30011Jasmonate_signaling,vv34626Plant-pathogen_interaction
110,VIT_04s0044g00270,1195,0.5731,Monooxygenase (MO3),,,,
111,VIT_12s0035g01000,1175,0.5682,Serine protease inhibitor  serine-type,,,,
112,VIT_02s0025g02920,1173,0.5669,Quercetin 3-O-methyltransferase 1,E2_1_1_76,,vv10941Flavonoid_biosynthesis,
113,VIT_12s0028g01400,1163,0.5621,DNA-directed RNA polymerase II subunit D,K03012,,vv23020RNA_polymerase,
114,VIT_08s0007g04700,1165,0.5612,Phosphatidylinositol-4-phosphate 5-kinase,E2_7_1_68,,vv10562Inositol_phosphate_metabolism,vv34070Phosphatidylinositol_signaling_system
115,VIT_16s0100g00900,1164,0.5607,Stilbene synthase [Vitis pseudoreticulata],E2_3_1_95,,vv10940Phenylpropanoid_biosynthesis,
116,VIT_03s0063g02650,1155,0.5591,Hydrolase  alpha/beta fold,,,,
117,VIT_18s0001g01850,1153,0.5586,Amino acid permease,AAPREL,,vv50123Porters_cat_18_to_29,
118,VIT_15s0021g02470,1151,0.5534,Epoxide hydrolase-like protein,E3_3_2_10,,,
119,VIT_05s0020g03140,1142,0.5533,Sugar transporter 13,STP13,,vv50121Porters_cat_1_to_6,
120,VIT_12s0059g01380,1150,0.5532,1-aminocyclopropane-1-carboxylate oxidase 1,E1_14_17_4,,vv10640Propanoate_metabolism,vv30008Ethylene_signaling
121,VIT_00s0743g00020,1132,0.5469,S-locus lectin protein kinase,,,,
122,VIT_07s0005g05780,1130,0.5467,Pantoate--beta-alanine ligase,E6_3_2_1,,vv10410Beta-alanine_metabolism,vv10770Pantothenate_and_CoA_biosynthesis
123,VIT_03s0017g01990,1119,0.5422,UDP-glucose glucosyltransferase,E2_4_1_35,,vv10500Starch_and_sucrose_metabolism,
124,VIT_18s0001g05780,1125,0.5416,Leucine-rich repeat family protein,,,,
125,VIT_02s0025g04280,1114,0.5397,Osmotin,,,,
126,VIT_05s0077g01680,1112,0.5336,Mal d 1 allergen,,,,
127,VIT_12s0055g00770,1105,0.5333,SWAP (Suppressor-of-White-APricot),,,,
128,VIT_15s0048g00620,1109,0.5324,No hit,,,,
129,VIT_08s0007g00610,1106,0.5305,Unknown,,,,
130,VIT_09s0002g03640,1093,0.5285,ABC transporter g family pleiotropic drug resistance 7 PDR7,ABCGPDR7,,vv52010ABC_transporters,
131,VIT_00s0179g00250,1082,0.525,No hit,,,,
132,VIT_17s0000g02220,1070,0.5209,No hit,,,,
133,VIT_09s0054g00910,1071,0.5186,Chaperone BCS1 mitochondrial,K08900,,,
134,VIT_11s0016g05540,1069,0.5182,Dicyanin,,,,
135,VIT_01s0011g00590,1079,0.5173,Acclimation of photosynthesis to environment,APE2,,vv50122Porters_cat_7_to_17,
136,VIT_05s0062g00990,1065,0.5142,Aldo/keto reductase AKR,E1_1_1_21,,vv10040Pentose_glucuronate_interconversion,vv10051Fructose_and_mannose_metabolism
137,VIT_09s0002g02950,1063,0.5135,No hit,,,,
138,VIT_13s0019g04060,1065,0.5133,MLO1,K08472,,,
139,VIT_18s0001g04280,1057,0.5119,(-)-germacrene D synthase,E4_2_3_22,,vv10900Terpenoid_biosynthesis,
140,VIT_05s0049g01020,1062,0.5101,Myb domain protein 14,MYB14_3,,vv60044MYB,
141,VIT_06s0004g02010,1047,0.5083,No hit,,,,
142,VIT_14s0108g00890,1048,0.5078,Beta-1 3-galactosyltransferase,K07819,,vv10602Glycosphingolipid_biosynthesis,
143,VIT_09s0002g05560,1050,0.5075,ABC transporter g family pleiotropic drug resistance 12 PDR12,ABCGPDR12,,vv52010ABC_transporters,
144,VIT_08s0007g05830,1050,0.5072,No hit,,,,
145,VIT_11s0016g00570,1039,0.5041,Dimethylaniline monooxygenase (N-oxide forming) 2,E1_14_13_8,,vv11000Single_reactions,
146,VIT_15s0046g02170,1040,0.5024,3-methyl-2-oxobutanoate hydroxy-methyl-transferase,E2_1_2_11,,vv10770Pantothenate_and_CoA_biosynthesis,
147,VIT_05s0020g03290,1033,0.5002,S-receptor kinase,,,,
148,VIT_04s0023g00360,1032,0.4983,Unknown protein,,,,
149,VIT_00s0746g00010<br>VIT_00s0871g00010<br>VIT_16s0013g01420<br>VIT_00s0655g00020,1031,0.4976,,,,,
150,VIT_00s0347g00050,1020,0.4925,Ser/Thr receptor-like kinase1,,,,
151,VIT_16s0050g00430,1015,0.492,Photoassimilate-responsive protein PAR-1a,,,,
152,VIT_14s0128g00540<br>VIT_14s0128g00570<br>VIT_14s0128g00600,1012,0.4877,,,,,
153,VIT_12s0059g01120,994,0.4814,CAF protein,,,,
154,VIT_00s0480g00040,989,0.4796,Polyphenol oxidase II  chloroplast precursor,E1_10_3_1,,vv10350Tyrosine_metabolism,vv50109Incompletely_characterized_transport_systems
155,VIT_16s0050g00400,981,0.4755,Photoassimilate-responsive protein PAR-1a,,,,
156,VIT_00s0410g00040,988,0.4752,Anthranilate N-benzoyltransferase protein 1,E2_3_1_144,,vv10400Phenylalanine_tyrosine_and_tryptophan_biosynthesis,
157,VIT_17s0000g02150,977,0.4722,Ribosomal protein L19,K02884,,vv23010Ribosome,
158,VIT_05s0020g03280,970,0.4716,Copper amine oxidase,E1_4_3_4,,vv10220Urea_cycle_and_metabolism_of_amino_groups,vv10340Histidine_metabolism
159,VIT_15s0021g01260,967,0.4703,Unknown,,,,
160,VIT_02s0025g02170,976,0.4697,Trehalase precursor,E2_4_1_15,,vv10500Starch_and_sucrose_metabolism,
161,VIT_03s0063g01310,971,0.4695,Oxidoreductase  2OG-Fe(II) oxygenase family,,,,
162,VIT_03s0088g00750,961,0.4654,Pathogenesis related protein 1 precursor [Vitis vinifera],PRP1,,vv30011Jasmonate_signaling,vv34626Plant-pathogen_interaction
163,VIT_03s0063g01280<br>VIT_03s0063g01160,944,0.4576,,,,,
164,VIT_05s0049g01200,937,0.4524,S-locus lectin protein kinase,,,,
165,VIT_10s0116g00960,939,0.4519,Transcription factor jumonji (jmjC) domain-containing protein,JMJD1B_5,,vv60038Jumonji,
166,VIT_12s0028g02530,937,0.4513,Zinc finger (C3HC4-type ring finger),ZFC3HC4_36,,vv60078Other_zf-C3HC4,
167,VIT_06s0004g01670,925,0.4495,UDP-glucoronosyl and UDP-glucosyl transferase,,,,
168,VIT_00s1463g00010,911,0.4409,Protease Do-like 5,,,,
169,VIT_14s0060g02760,907,0.4407,Germin-like protein 3 [Vitis vinifera],,,,
170,VIT_18s0001g05060,913,0.4389,2 3-bisphosphoglycerate-dependent phosphoglycerate mutase,E5_4_2_1,,vv10010Glycolysis,
171,VIT_12s0057g00990,902,0.4385,Beta 1 2 N-acetylglucosaminyltransferase,E2_4_1_143,,vv10510N-Glycan_biosynthesis,vv11030Glycan_structures-biosynthesis1
172,VIT_08s0040g01710,897,0.4327,Phenylalanine ammonia-lyase,E4_3_1_5,,vv10350Tyrosine_metabolism,vv10360Phenylalanine_metabolism
173,VIT_08s0040g03010,886,0.4305,Pigment defective 149,PDE149,,vv50109Incompletely_characterized_transport_systems,
174,VIT_04s0008g05350,886,0.4264,Serine hydrolase [Vitis vinifera],E4_3_1_18,,vv10260Glycine_serine_and_threonine_metabolism,
175,VIT_19s0090g00060,877,0.4245,Biopterin transport-related protein BT1,BIOPTERIN,,vv50125Porters_cat_66_to_94,
176,VIT_07s0104g00440,869,0.4214,Endo-1 3;1 4-beta-D-glucanase precursor,E3_2_1_73,,,
177,VIT_06s0061g01210,872,0.4202,Lysine histidine transporter 1,LHT1,,vv50123Porters_cat_18_to_29,
178,VIT_01s0011g02320,870,0.4199,Unknown protein,,,,
179,VIT_01s0026g01040,871,0.4198,Unknown protein,,,,
180,VIT_02s0033g01380,873,0.4195,Alternative oxidase 1D,AOX1D,,vv30001ABA_signaling,
181,VIT_04s0008g00640,858,0.4143,Epsin N-terminal homology (ENTH) domain-containing,ENTH,,vv50110Protein_coat,
182,VIT_07s0005g03220,853,0.4139,Ethylene-responsive transcription factor ERF098,ERF098_1,VvERF098,vv30008Ethylene_signaling,vv60003AP2_EREBP
183,VIT_18s0001g10200<br>VIT_18s0001g10230,853,0.4139,,,,,
184,VIT_18s0122g00690,855,0.4122,Laccase,E1_10_3_2,,vv11000Single_reactions,vv50109Incompletely_characterized_transport_systems
185,VIT_03s0038g02350,846,0.4111,No hit,,,,
186,VIT_02s0025g00540,845,0.41,Unknown,,,,
187,VIT_04s0023g01080,842,0.4099,Lys Motif-Type Receptor-Like Kinase LYK4,,,,
188,VIT_00s1212g00020,839,0.4067,Laccase,E1_10_3_2,,vv11000Single_reactions,vv50109Incompletely_characterized_transport_systems
189,VIT_18s0075g00810,841,0.4059,Laccase,E1_10_3_2,,vv11000Single_reactions,vv50109Incompletely_characterized_transport_systems
190,VIT_14s0171g00400,828,0.4021,Lysine histidine transporter 1,LHT1,,vv50123Porters_cat_18_to_29,
191,VIT_05s0020g00900,820,0.3944,P-glycoprotein 4,PGP4,,vv52010ABC_transporters,
192,VIT_18s0001g12090,815,0.3941,Unknown protein,,,,
193,VIT_14s0083g00920,808,0.3903,No hit,,,,
194,VIT_13s0067g01730,808,0.3883,Steroid 5alpha-reductase,K09591,,vv10905Brassinosteroid_biosynthesis,
195,VIT_07s0031g03060,805,0.3878,NSL1 (necrotic spotted lesions 1),,,,
196,VIT_17s0000g07780,791,0.3864,Calmodulin-binding protein,K02183,,vv34020Calcium_signaling_pathway,vv34626Plant-pathogen_interaction
197,VIT_05s0102g00610,798,0.3851,No hit,,,,
198,VIT_04s0008g05540,797,0.3826,Clathrin assembly protein 2,CAP2,,vv50110Protein_coat,
199,VIT_16s0050g01090,788,0.3825,Beta-carotene hydroxylase,K02294,,vv10906Carotenoid_biosynthesis,
200,VIT_03s0091g00160,788,0.382,NtPRp27 secretory protein,,,,
201,VIT_01s0011g05440,785,0.3801,Unknown protein,,,,
202,VIT_00s0274g00080,783,0.3794,Benzoquinone reductase,E1_6_5_6,,vv10740Riboflavin_metabolism,
203,VIT_09s0002g00510,782,0.3791,Lipase GDSL 1,,,,
204,VIT_08s0058g00790,781,0.3777,Secoisolariciresinol dehydrogenase,SIRD,,vv10940Phenylpropanoid_biosynthesis,
205,VIT_00s0194g00140,776,0.3749,Agenet domain-containing protein,,,,
206,VIT_09s0054g00900,758,0.3674,Chaperone BCS1 mitochondrial,K08900,,,
207,VIT_14s0083g00260,759,0.3663,No hit,,,,
208,VIT_19s0093g00320,752,0.3659,Glutathione S-transferase 25 GSTU25,E2_5_1_18_GSTU25,,vv10480Glutathione_metabolism,
209,VIT_02s0025g04340,740,0.3575,Osmotin,,,,
210,VIT_04s0069g00970,734,0.3563,WRKY DNA-binding protein 51,WRKY51_1,VvWRKY11,vv60066WRKY,
211,VIT_01s0146g00070,730,0.3549,11-beta-hydroxysteroid dehydrogenase,E1_1_1_146,,vv10140C21-Steroid_hormone_metabolism,
212,VIT_16s0039g02930,724,0.3491,Unknown,,,,
213,VIT_00s2776g00010,724,0.3481,S-locus lectin protein kinase,,,,
214,VIT_01s0127g00070,717,0.3479,Nitrate transporter2.5,NRT2_5,,vv50121Porters_cat_1_to_6,
215,VIT_12s0028g00610,720,0.3475,Aspartyl protease,E3_4_23_x,,,
216,VIT_02s0033g00270,719,0.3465,Pinoresinol-lariciresinol reductase,PLR,,vv10940Phenylpropanoid_biosynthesis,
217,VIT_06s0009g02020,720,0.3465,Tubulin beta-4 chain,K07375,,vv44145Phagosome,vv44810Regulation_of_actin_cytoskeleton
218,VIT_05s0077g01590,717,0.346,Major allergen Mal d 1,,,,
219,VIT_13s0067g02940,704,0.3404,Amidohydrolase 3,,,,
220,VIT_05s0077g01150,705,0.3403,Beta-1 3-glucanase,E3_2_1_6,,,
221,VIT_12s0028g02970,699,0.3387,MLO1,K08472,,,
222,VIT_09s0002g01650,705,0.3381,5'-nucleotidase surE,E3_1_3_5,,vv10230Purine_metabolism,vv10240Pyrimidine_metabolism
223,VIT_15s0048g00510,696,0.337,Pectinesterase family,E3_1_1_11,,vv40006Cell_wall,
224,VIT_01s0010g03930,693,0.3367,WRKY DNA-binding protein 75,WRKY75_1,VvWRKY03,vv60066WRKY,
225,VIT_12s0057g01100,689,0.3345,Nudix hydrolase 2,,,,
226,VIT_16s0050g00480,692,0.3343,CYP715A1,,,,
227,VIT_14s0068g01770,691,0.3338,WRKY DNA-binding protein 75,WRKY75_2,VvWRKY43,vv60066WRKY,
228,VIT_19s0085g01200,685,0.3322,CTP synthase,E6_3_4_2,,vv10240Pyrimidine_metabolism,
229,VIT_02s0025g04310,675,0.3291,Thaumatin,,,,
230,VIT_12s0059g01080,679,0.3269,Acid phosphatase/vanadium-dependent haloperoxidase,,,,
231,VIT_00s0179g00260,674,0.3267,Calcium-transporting ATPase 12 ACA12,K01537,,vv34020Calcium_signaling_pathway,vv50131Primary_active_transporter_cat_A2_to_A4
232,VIT_11s0016g03780,672,0.3253,Continuous vascular ring (COV1),COV1,,vv30003Auxin_signaling,
233,VIT_02s0025g04250,665,0.3194,Osmotin,,,,
234,VIT_18s0117g00080,660,0.3173,R protein L6,K13477,,vv34627R_proteins_from_Plant-pathogen_interaction,
235,VIT_10s0003g01160,654,0.3153,Basic helix-loop-helix (bHLH) family,BHLHDOM_23,,vv60011BHLH,
236,VIT_02s0025g04270<br>VIT_02s0025g04260<br>VIT_02s0025g04230,646,0.3131,,,,,
237,VIT_01s0011g00380,648,0.3127,SP1L1 (SPIRAL1-like1),,,,
238,VIT_17s0000g07640,639,0.3109,Mannose-1-phosphate guanyltransferase,E2_7_7_23,,vv10530Aminosugars_metabolism,
239,VIT_07s0129g00410,648,0.3098,Casein kinase II alpha chain 2,K03097,,vv23008Ribosome_biogenesis_in_Eukaryotes,vv34710Circadian_rhythm
240,VIT_09s0002g02580,634,0.3061,No hit,,,,
241,VIT_03s0038g00090,633,0.3056,Epoxide hydrolase-like protein,E3_3_2_10,,,
242,VIT_07s0031g00460,629,0.305,Nicotinate phosphoribosyltransferase,E2_4_2_11,,vv10760Nicotinate_and_nicotinamide_metabolism,
243,VIT_01s0026g02590,626,0.3021,Calcium-binding protein CML,K13448,,vv34626Plant-pathogen_interaction,
244,VIT_08s0007g09010,613,0.2979,Esterase,E3_1_2_12,,vv10680Methane_metabolism,
245,VIT_05s0020g02080,610,0.295,Zinc finger (C3HC4-type ring finger),ZFC3HC4_164,,vv60078Other_zf-C3HC4,
246,VIT_05s0062g01190,607,0.2937,Pirin,,,,
247,VIT_09s0002g05360<br>VIT_09s0002g05400<br>VIT_09s0002g05490<br>VIT_09s0002g05590,605,0.292,,,,,
248,VIT_08s0007g04310,602,0.2903,Threonine dehydratase/deaminase,E4_3_1_19,,vv10260Glycine_serine_and_threonine_metabolism,vv10290Valine_leucine_and_isoleucine_biosynthesis
249,VIT_06s0004g01000,600,0.29,Dirigent protein,,,,
250,VIT_02s0109g00430,602,0.2894,Nitrilase 4 (NIT4),K13035,,vv10910Nitrogen_metabolism,
251,VIT_03s0038g02490,591,0.2833,SKP1,K03094,,vv24120Ubiquitin_mediated_proteolysis,vv24141Protein_processing_in_endoplasmic_reticulum
252,VIT_14s0066g01670,579,0.2804,Alpha-dioxygenase,K10529,,vv10592alpha-Linolenic_acid_metabolism,
253,VIT_06s0004g08180,570,0.2768,Translation initiation factor eIF-2 beta subunit,K03238,,vv23013RNA_transport,
254,VIT_08s0040g03040,566,0.2746,Glutathione S-transferase GSTO1,E2_5_1_18_GSTO1,,vv10480Glutathione_metabolism,
255,VIT_18s0117g00150,568,0.2741,Heterogeneous nuclear ribonucleoprotein A1/A3,K12741,,vv23040Spliceosome,
256,VIT_08s0040g02090,567,0.274,DnaJ homolog  subfamily C  member 3,K09523,,vv50132Primary_active_transporter_cat_A5_to_A8,
257,VIT_08s0007g03310,563,0.2709,Unknown,,,,
258,VIT_18s0001g11130,557,0.2701,Calmodulin-binding protein AR781,,,,
259,VIT_14s0083g01170,560,0.27,Mitochondrial substrate carrier family protein,K03454,,vv50123Porters_cat_18_to_29,
260,VIT_01s0011g05420,556,0.2691,Fw2.2 ORFX,,,,
261,VIT_05s0062g00980,556,0.2673,Aldo/keto reductase AKR,E1_1_1_21,,vv10040Pentose_glucuronate_interconversion,vv10051Fructose_and_mannose_metabolism
262,VIT_17s0000g06880,550,0.2662,Heparanase protein 2 precursor,E3_2_1_31,,vv10040Pentose_glucuronate_interconversion,vv10500Starch_and_sucrose_metabolism
263,VIT_15s0021g02060,551,0.2657,Arbutin synthase,E2_4_1_218,,vv10500Starch_and_sucrose_metabolism,
264,VIT_14s0083g00900,549,0.2648,Aspartate aminotransferase,E2_6_1_1,vv10710Carbon_fixation,vv10252Alanine_and_aspartate_metabolism,vv10272Cysteine_metabolism
265,VIT_12s0055g01240,548,0.2647,P-glycoprotein 11,PGP11,,vv52010ABC_transporters,
266,VIT_08s0007g04020,543,0.2623,AT-hook protein 1 (AHP1),HMGIY_1,,vv60035HMG,
267,VIT_02s0033g00660<br>VIT_02s0033g00850<br>VIT_02s0033g00870<br>VIT_02s0033g00800,533,0.2582,,,,,
268,VIT_07s0005g04890,528,0.2545,Glutathione S-transferase 25 GSTU7,E2_5_1_18_GSTU7,,vv10480Glutathione_metabolism,
269,VIT_00s0347g00120,527,0.2523,S-locus lectin protein kinase,,,,
270,VIT_01s0010g02450,516,0.251,B12D,,,,
271,VIT_07s0031g01090,516,0.2505,Ascorbate oxidase,E1_10_3_3,,vv10053Ascorbate_and_aldarate_metabolism,vv50109Incompletely_characterized_transport_systems
272,VIT_01s0127g00490,511,0.2471,Pantothenate kinase 2,E2_7_1_33,,vv10770Pantothenate_and_CoA_biosynthesis,
273,VIT_18s0117g00290,507,0.245,Coatomer protein complex  subunit beta 2,COPB2,,vv50110Protein_coat,
274,VIT_10s0042g00700,500,0.2421,Leucine-rich repeat receptor-like protein kinase 1,,,,
275,VIT_14s0128g00390,500,0.2417,Mitochondrial FAD carrier,MFADC,,vv50123Porters_cat_18_to_29,
276,VIT_17s0000g00680,498,0.241,No hit,,,,
277,VIT_05s0020g03680,492,0.2402,GCN5 N-acetyltransferase (GNAT),GCN5_7,,vv60082GNAT,
278,VIT_03s0063g01820,494,0.2397,AOS (allene oxide synthase),E4_2_1_92,,vv10592alpha-Linolenic_acid_metabolism,
279,VIT_14s0108g01440,492,0.2388,Unknown protein,,,,
280,VIT_01s0026g02310,492,0.2386,SUR2,K04713,,vv10600Sphingolipid_metabolism,
281,VIT_05s0094g00820,492,0.2383,Unknown protein,,,,
282,VIT_08s0105g00200,493,0.238,U-box domain-containing protein,,,,
283,VIT_10s0003g04910,493,0.2375,Sinapyl alcohol dehydrogenase,E1_1_1_195,,vv10940Phenylpropanoid_biosynthesis,
284,VIT_18s0001g04870,492,0.237,(-)-germacrene D synthase,E4_2_3_22,,vv10900Terpenoid_biosynthesis,
285,VIT_14s0068g02150,486,0.2359,Kelch repeat-containing F-box family protein,,,,
286,VIT_02s0025g02930,484,0.2342,Caffeic acid O-3-methyltransferase,E2_1_1_68,,vv10940Phenylpropanoid_biosynthesis,
287,VIT_05s0049g01980,478,0.2306,3-isopropylmalate dehydratase large subunit 2,E4_2_1_33,,vv10290Valine_leucine_and_isoleucine_biosynthesis,
288,VIT_05s0102g00200,474,0.2305,Unknown protein,,,,
289,VIT_14s0060g00110,469,0.2269,Glutamyl-tRNA synthetase  cytoplasmic,E6_1_1_17,,vv10860Porphyrin_and_chlorophyll_metabolism,vv20970Aminoacyl-tRNA_biosynthesis
290,VIT_14s0081g00190,464,0.2243,No hit,,,,
291,VIT_18s0117g00300,460,0.2223,Coatomer protein complex  subunit beta 2,COPB2,,vv50110Protein_coat,
292,VIT_18s0075g00960,460,0.2216,Laccase,E1_10_3_2,,vv11000Single_reactions,vv50109Incompletely_characterized_transport_systems
293,VIT_17s0053g00750,457,0.2201,Unknown protein,,,,
294,VIT_12s0028g00590,436,0.2112,3-hydroxyisobutyryl-CoA hydrolase,E3_1_2_4,,vv10280Valine_leucine_and_isoleucine_degradation,vv10410Beta-alanine_metabolism
295,VIT_11s0016g05460,435,0.2109,BRI1-KD interacting protein,BRI1INT,,vv30005Brassinosteroids_signaling,
296,VIT_07s0104g01260,430,0.208,flavin-containing monooxygenase,E1_14_13_8,,vv11000Single_reactions,
297,VIT_03s0017g02110,426,0.2064,Anthocyanidin 3-O-glucosyltransferase,E2_4_1_115,,vv10942Anthocyanin_biosynthesis,
298,VIT_17s0000g06710,424,0.2062,Leucine-rich repeat transmembrane protein kinase,,,,
299,VIT_19s0014g04280,417,0.1999,S-locus protein kinase,,,,
300,VIT_17s0000g10260,411,0.199,AarF domain containing kinase,K08869,,,
301,VIT_09s0002g04720,410,0.1976,Coatomer protein complex  subunit beta 2,COPB2,,vv50110Protein_coat,
302,VIT_19s0014g02340,406,0.1959,Protein phosphatase 2C,E3_1_3_16,,,
303,VIT_14s0060g00460,404,0.1955,Receptor-like protein kinase,,,,
304,VIT_13s0019g01490,404,0.1948,C2 domain-containing protein,,,,
305,VIT_02s0033g00770,402,0.1946,Nitrilase 4B,E3_5_5_1,,vv10460Cyanoamino_acid_metabolism,vv10910Nitrogen_metabolism
306,VIT_13s0067g00110,401,0.1939,CYP72A1,K13400,,vv10902Monoterpenoid_biosynthesis,
307,VIT_10s0003g05450,398,0.1916,Reticuline oxidase precursor,E1_21_3_3,,vv10950Alkaloid_biosynthesis_I,
308,VIT_11s0037g01410,392,0.1898,XBAT32 (XB3 ortholog 2 in Arabidopsis thaliana 32),XBAT32,,vv50108Accessory_factors_involved_in_transport,
309,VIT_11s0016g03960,390,0.1889,Kinesin family member 2/24,K10393,,vv44810Regulation_of_actin_cytoskeleton,
310,VIT_16s0039g01070,387,0.1872,Glutathione S-transferase 25 GSTU7,E2_5_1_18_GSTU7,,vv10480Glutathione_metabolism,
311,VIT_18s0001g15660,382,0.1855,Pathogen-related,,,,
312,VIT_19s0090g01320,382,0.1845,Cell division protein FtsZ,K03531,,vv44110Cell_cycle,
313,VIT_19s0027g00880,378,0.1833,NAC domain-containing protein 42,NAC042_7,VvNAC29,vv60046NAC,
314,VIT_18s0122g00330,376,0.1831,Unknown protein,,,,
315,VIT_13s0064g01110,376,0.1818,No hit,,,,
316,VIT_04s0008g06620,375,0.1811,Phospholipase D,E3_1_4_4,,vv10564Glycerophospholipid_metabolism,vv10565Ether_lipid_metabolism
317,VIT_18s0117g00050,373,0.1811,R protein L6,K13477,,vv34627R_proteins_from_Plant-pathogen_interaction,
318,VIT_02s0025g01560,374,0.1803,UDP-glucose 4-epimerase GEPI48,E5_1_3_2,,vv10052Galactose_metabolism,vv10520Nucleotide_sugars_metabolism
319,VIT_13s0067g01450,372,0.1801,Lateral organ boundaries domain 21,LBD21,,vv60007AS2,
320,VIT_14s0108g00540,372,0.1795,Phosphofructokinase,E2_7_1_90,,vv10051Fructose_and_mannose_metabolism,
321,VIT_07s0005g04580,367,0.1778,Xyloglucanase inhibitor,,,,
322,VIT_11s0016g01470,365,0.1768,Lecithine cholesterol acyltransferase,E2_3_1_43,,vv10564Glycerophospholipid_metabolism,
323,VIT_06s0009g03130,364,0.1766,Cytochrome P450  family 79  subfamily A  polypeptide 2,K12153,,vv10966Glucosinolate_biosynthesis,
324,VIT_01s0010g03680,361,0.1756,Unknown protein,,,,
325,VIT_18s0001g09550,360,0.1732,Receptor kinase TRKe,,,,
326,VIT_14s0006g00430,357,0.1721,Carboxylesterase,E3_1_1_1,,,
327,VIT_18s0086g00410,354,0.1716,Auxin-binding protein ABP19,ABP19,,vv30003Auxin_signaling,
328,VIT_17s0000g08200,353,0.1704,Phosphoglycerate/bisphosphoglycerate mutase,E5_4_2_1,,vv10010Glycolysis,
329,VIT_16s0050g00410,352,0.1693,Photoassimilate-responsive protein PAR-1a,,,,
330,VIT_14s0128g00520,351,0.169,Alpha-L-fucosidase 2 precursor,E3_2_1_51,,vv10511N-Glycan_degradation,
331,VIT_01s0026g01780,351,0.1684,Leucine-rich repeat transmembrane,,,,
332,VIT_14s0171g00490,348,0.1672,Glucose-6-phosphate 1-dehydrogenase  cytoplasmic isoform,E1_1_1_49,,vv10030Pentose_phosphate,vv10480Glutathione_metabolism
333,VIT_06s0004g02590,343,0.1655,Carbonic anhydrase,E4_2_1_1,,vv10910Nitrogen_metabolism,vv50124Porters_cat_30_to_64
334,VIT_00s0179g00280,339,0.1653,Calmodulin-8 (CAM8),K02183,,vv34020Calcium_signaling_pathway,vv34626Plant-pathogen_interaction
335,VIT_02s0025g01230,339,0.1642,Amino acid permease,AAPREL,,vv50123Porters_cat_18_to_29,
336,VIT_08s0040g02730,337,0.1637,Exocyst subunit EXO70 H4,EXO70H4,,vv50111Tethering_factors,
337,VIT_13s0067g01700,337,0.163,Steroid 5alpha-reductase,K09591,,vv10905Brassinosteroid_biosynthesis,
338,VIT_18s0001g04640,335,0.1625,No hit,,,,
339,VIT_03s0091g00130,332,0.1623,Prp27,,,,
340,VIT_18s0001g12500,336,0.162,Unknown protein,,,,
341,VIT_14s0083g00080,334,0.1616,Unknown protein,,,,
342,VIT_12s0059g02620,332,0.1605,Receptor protein kinase RK20-1,,,,
343,VIT_08s0007g02470,331,0.1602,Aspartyl protease,E3_4_23_x,,,
344,VIT_03s0088g00720,322,0.1566,Pathogenesis-related protein 1 precursor (PRP 1),PRP1,,vv30011Jasmonate_signaling,vv34626Plant-pathogen_interaction
345,VIT_19s0014g01150,324,0.1563,Curculin (mannose-binding) lectin,,,,
346,VIT_02s0025g04100,319,0.1541,CCR4-NOT transcription complex subunit 2,K12605,,vv23018RNA_degradation,
347,VIT_09s0002g03700,317,0.154,No hit,,,,
348,VIT_05s0094g00170,311,0.1513,Protein transport protein Sec61 subunit beta,K09481,,vv23060Protein_export,vv24141Protein_processing_in_endoplasmic_reticulum
349,VIT_15s0021g01630,308,0.1488,Ethylene responsive element binding factor 2,ERF2_1,,vv30008Ethylene_signaling,vv60003AP2_EREBP
350,VIT_15s0021g02090,307,0.1478,DnaJ homolog  subfamily A  member 2,K09503,,vv50132Primary_active_transporter_cat_A5_to_A8,
351,VIT_08s0105g00280,304,0.1468,Ribosomal protein S8e,K02995,,vv23010Ribosome,
352,VIT_14s0066g01150,304,0.1466,Cinnamoyl-CoA reductase,E1_2_1_44,,vv10940Phenylpropanoid_biosynthesis,
353,VIT_09s0002g05390,300,0.1451,ABC transporter g family pleiotropic drug resistance 12 PDR12,ABCGPDR12,,vv52010ABC_transporters,
354,VIT_03s0091g00140,295,0.1437,Plant basic secretory protein (BSP) family,,,,
355,VIT_17s0000g04360,296,0.1435,Wall-associated kinase 2 (WAK2),,,,
356,VIT_13s0106g00780,298,0.1434,Hydrolase  alpha/beta fold,,,,
357,VIT_13s0064g01040,292,0.1415,No hit,,,,
358,VIT_12s0055g00490,289,0.1401,Accumulation and replication of chloroplast 5,ARC5,,vv44110Cell_cycle,vv50109Incompletely_characterized_transport_systems
359,VIT_09s0002g01320,289,0.1396,Germin-like protein,,,,
360,VIT_07s0104g00850,287,0.139,Pto kinase interactor,,,,
361,VIT_14s0006g01410,282,0.1368,fructokinase-2,E2_7_1_4,,vv10051Fructose_and_mannose_metabolism,vv10500Starch_and_sucrose_metabolism
362,VIT_08s0007g01560,282,0.136,Photoassimilate-responsive protein,,,,
363,VIT_15s0046g03290,275,0.1327,Unknown protein,,,,
364,VIT_03s0088g00780,269,0.1304,Pathogenesis-related protein 1 precursor (PRP 1),PRP1,,vv30011Jasmonate_signaling,vv34626Plant-pathogen_interaction
365,VIT_07s0151g01070,269,0.1291,Copalyl diphosphate synthase,E5_5_1_12,,vv10904Diterpenoid_biosynthesis,
366,VIT_13s0019g00940,269,0.1289,SLT1 (sodium- and lithium-tolerant 1),,,,
367,VIT_00s0586g00020,265,0.1276,Unknown protein,,,,
368,VIT_04s0079g00020,263,0.1264,Cysteine-rich receptor-like protein kinase 2,,,,
369,VIT_02s0012g00730,262,0.1262,Purine permease 10 PUP10,PUP10,,vv50122Porters_cat_7_to_17,
370,VIT_01s0010g02170,257,0.124,CAAX amino terminal protease,,,,
371,VIT_09s0054g00370,253,0.1226,Mannosyl-oligosaccharide 1 2-alpha-mannosidase IA,E3_2_1_113,,vv10510N-Glycan_biosynthesis,vv11030Glycan_structures-biosynthesis1
372,VIT_00s0413g00010,251,0.1225,Laccase (diphenol oxidase) family protein,E1_10_3_2,,vv11000Single_reactions,vv50109Incompletely_characterized_transport_systems
373,VIT_16s0098g00720,251,0.1218,Lectin protein kinase,,,,
374,VIT_15s0048g01530,249,0.1203,Geraniol 10-hydroxylase,G10H,,vv10902Monoterpenoid_biosynthesis,
375,VIT_17s0000g03560,248,0.1199,(myb domain protein 62,MYB62_1,MYB164,vv60044MYB,
376,VIT_08s0032g00950,244,0.1182,Unknown protein,,,,
377,VIT_11s0052g00350,244,0.118,Receptor kinase TRKe,,,,
378,VIT_18s0117g00590,244,0.1175,Laccase,E1_10_3_2,,vv11000Single_reactions,vv50109Incompletely_characterized_transport_systems
379,VIT_02s0025g04300,233,0.1128,Thaumatin,,,,
380,VIT_00s0187g00020,231,0.1121,No hit,,,,
381,VIT_14s0030g02050,231,0.112,Auxin-induced protein PCNT115,AUXREG,,vv30003Auxin_signaling,
382,VIT_09s0002g06890,230,0.1111,Dicyanin blue copper protein,,,,
383,VIT_00s0181g00170,229,0.1111,F-box family protein,,,,
384,VIT_03s0017g01940,226,0.1099,Unknown,,,,
385,VIT_10s0003g00480,223,0.108,Isoflavone methyltransferase/ Orcinol O-methyltransferase 1 oomt1,E2_1_1_46,,vv10943Isoflavonoid_biosynthesis,
386,VIT_00s0616g00020,222,0.1077,Ribosomal protein L19,K02884,,vv23010Ribosome,
387,VIT_08s0007g02360,221,0.1073,Harpin inducing protein 1-like 9,,,,
388,VIT_15s0048g00350,218,0.1056,3-phosphoshikimate 1-carboxyvinyltransferase  chloroplast precursor,E2_5_1_19,,vv10400Phenylalanine_tyrosine_and_tryptophan_biosynthesis,
389,VIT_02s0033g00840,215,0.1045,Nitrilase 4B,E3_5_5_1,,vv10460Cyanoamino_acid_metabolism,vv10910Nitrogen_metabolism
390,VIT_11s0016g01780,214,0.1034,HAB1 (homology toABI1),HAB1,,vv30001ABA_signaling,
391,VIT_00s0409g00010,214,0.1033,Receptor kinase RK20-1,,,,
392,VIT_06s0061g00120,214,0.1032,Beta-1 3-glucanase [Vitis riparia],E3_2_1_6,,,
393,VIT_01s0011g04040,213,0.1027,No hit,,,,
394,VIT_08s0032g00240,212,0.1027,CYP71A22,E1_14_13_73,,vv10902Monoterpenoid_biosynthesis,
395,VIT_17s0000g03160,205,0.0998,No hit,,,,
396,VIT_06s0004g01810,205,0.0995,MSF1,,,,
397,VIT_05s0077g01580,204,0.0989,Pathogenesis protein 10 [Vitis vinifera],,,,
398,VIT_06s0009g02600<br>VIT_06s0009g02630,203,0.0983,,,,,
399,VIT_19s0027g00860,202,0.0982,NAC domain-containing protein 42,NAC042_2,VvNAC31,vv60046NAC,
400,VIT_08s0007g02810,200,0.0974,Regulator of the ATPase vacuolar RAV2,RAV2,VvRAV5,vv60001ABI3VP1,
401,VIT_08s0056g00620,200,0.0972,V-type H+-transporting ATPase subunit E,K02150,,vv10190Oxidative_phosphorylation,vv44145Phagosome
402,VIT_14s0036g00480,199,0.0958,Tyrosyl-tRNA synthetase,E6_1_1_1,,vv10400Phenylalanine_tyrosine_and_tryptophan_biosynthesis,vv20970Aminoacyl-tRNA_biosynthesis
403,VIT_14s0060g00250,195,0.0942,Unknown,,,,
404,VIT_17s0000g02210,194,0.094,Hsp70 interacting protein,,,,
405,VIT_05s0020g03690<br>VIT_05s0020g03710,196,0.0937,,,,,
406,VIT_00s0194g00110,193,0.0935,4-nitrophenylphosphatase,E3_1_3_18,,vv10630Glyoxylate_and_dicarboxylate_metabolism,
407,VIT_12s0057g00400,191,0.0925,Threonyl-tRNA synthetase / threonine--tRNA ligase,E6_1_1_3,,vv10260Glycine_serine_and_threonine_metabolism,vv20970Aminoacyl-tRNA_biosynthesis
408,VIT_06s0009g02560,191,0.0924,Pectinesterase family,E3_1_1_11,,vv40006Cell_wall,
409,VIT_01s0010g03600,190,0.0918,Rubber elongation factor (REF),,,,
410,VIT_18s0041g02010<br>VIT_18s0041g02050,184,0.0888,,,,,
411,VIT_09s0002g00340,184,0.0888,Alanine aminotransferase 2,E2_6_1_21,,vv10330Arginine_and_proline_metabolism,vv10360Phenylalanine_metabolism
412,VIT_13s0067g00900,183,0.0887,Phosphoinositide-specific phospholipase C,E3_1_4_11,,vv10562Inositol_phosphate_metabolism,vv30001ABA_signaling
413,VIT_17s0000g05240,178,0.086,Nuclear transport factor 2 (NTF2),NTF2,,vv50133Primary_active_transporter_cat_A9_to_A18,
414,VIT_01s0011g04760,178,0.0859,Myb domain protein 4,MYB4_2,MYBC2-L1,vv60044MYB,
415,VIT_08s0007g08480,176,0.0849,Zinc proteinase,,,,
416,VIT_18s0001g00650,172,0.0832,No hit,,,,
417,VIT_06s0004g00020,171,0.0825,NAC domain containing protein 32,NAC032,VvNAC44,vv60046NAC,
418,VIT_19s0014g04450,170,0.0821,S-locus protein kinase,,,,
419,VIT_14s0108g00350,165,0.0802,3-dehydroquinate synthase,E4_2_3_4,,vv10400Phenylalanine_tyrosine_and_tryptophan_biosynthesis,
420,VIT_01s0011g05890,164,0.0797,S-adenosyl-L-methionine:salicylic acid carboxyl methyltransferase,SAMTBSCMT,,vv10360Phenylalanine_metabolism,
421,VIT_09s0018g01660,165,0.0794,Biopterin transport-related protein BT1,BIOPTERIN,,vv50125Porters_cat_66_to_94,
422,VIT_12s0034g02240,164,0.0793,Potassium channel AKT2/3,AKT2,,vv50101Channels_and_pores,
423,VIT_03s0063g00400,163,0.0787,Alpha-amylase / 1 4-alpha-D-glucan glucanohydrolase,E3_2_1_1,,vv10500Starch_and_sucrose_metabolism,
424,VIT_05s0020g04990,159,0.0766,No hit,,,,
425,VIT_14s0030g02150,157,0.0763,Calmodulin,K02183,,vv34020Calcium_signaling_pathway,vv34626Plant-pathogen_interaction
426,VIT_10s0003g01360,158,0.0759,Cysteine protease,E3_4_22_x,,,
427,VIT_01s0011g02480,155,0.0751,Phospholipid-transporting ATPase,K01530,,vv50131Primary_active_transporter_cat_A2_to_A4,
428,VIT_09s0002g00790,153,0.074,Beta-ketoacyl-ACP synthase II,E2_3_1_41,,vv10061Fatty_acid_biosynthesis,
429,VIT_00s2634g00010<br>VIT_00s0429g00010,147,0.071,,,,,
430,VIT_18s0001g09360,145,0.0706,Hydrogenobyrinic acid a c-diamide synthase,E6_3_5_9,,vv50101Channels_and_pores,
431,VIT_11s0016g02360,145,0.07,TET2 (tetraspanin2),,,,
432,VIT_01s0010g00540,143,0.069,BIM2 (BES1-interacting Myc-like protein 2,BIM2_2,,vv30005Brassinosteroids_signaling,vv60011BHLH
433,VIT_18s0001g03390,142,0.0688,S-receptor kinase,,,,
434,VIT_07s0031g01130,138,0.0665,Ascorbate oxidase,E1_10_3_3,,vv10053Ascorbate_and_aldarate_metabolism,vv50109Incompletely_characterized_transport_systems
435,VIT_18s0117g00070,137,0.0663,R protein L6,K13477,,vv34627R_proteins_from_Plant-pathogen_interaction,
436,VIT_12s0055g00340,136,0.0657,WRKY DNA-binding protein 9,WRKY9,VvWRKY39,vv60066WRKY,
437,VIT_18s0076g00380,134,0.0652,ABC transporter F member 6,ABCF6,,vv52010ABC_transporters,
438,VIT_18s0001g12510,133,0.0645,5' nucleotidase,E3_1_3_5,,vv10230Purine_metabolism,vv10240Pyrimidine_metabolism
439,VIT_18s0117g00030,133,0.0644,No hit,,,,
440,VIT_09s0096g01010,132,0.064,RPP27 (resistance to peronospora parasitica 27),,,,
441,VIT_16s0050g02220,131,0.0633,Acidic endochitinase (CHIB1),E3_2_1_14,,vv10530Aminosugars_metabolism,
442,VIT_12s0059g01820,131,0.0631,Protein phosphatase 1D,K10147,,,
443,VIT_00s2648g00010,131,0.0628,FAD-dependent pyridine nucleotide-disulphide oxidoreductase,,,,
444,VIT_14s0068g02210,126,0.061,HcrVf1 protein,,,,
445,VIT_18s0075g00530,125,0.0605,Laccase,E1_10_3_2,,vv11000Single_reactions,vv50109Incompletely_characterized_transport_systems
446,VIT_11s0016g03770,123,0.0597,Dynein light chain LC6  flagellar outer arm,K10418,,vv44810Regulation_of_actin_cytoskeleton,
447,VIT_19s0014g00830,123,0.0592,RKF1 (receptor-like kinase in flowers 1),,,,
448,VIT_18s0166g00070,122,0.0589,No hit,,,,
449,VIT_08s0007g05430,121,0.0586,Pyruvate kinase,E2_7_1_40,,vv10010Glycolysis,vv10230Purine_metabolism
450,VIT_06s0061g00100,121,0.0585,Glucan endo-1 3-beta-glucosidase  acidic isoform precursor,E3_2_1_39,,vv10500Starch_and_sucrose_metabolism,
451,VIT_17s0053g00120,121,0.0583,Succinyl-CoA ligase alpha 2 subunit,E6_2_1_4,,vv10020Citrate_cycle,
452,VIT_18s0001g08760,120,0.0581,No hit,,,,
453,VIT_16s0039g00660,119,0.0578,RNA polymerase nonessential primary-like sigma factor SIGA,K03087,,vv23020RNA_polymerase,vv60057Sigma70-like
454,VIT_17s0000g05810,120,0.0577,WRKY DNA-binding protein 72,WRKY72_2,VvWRKY53,vv60066WRKY,
455,VIT_18s0117g00450<br>VIT_18s0117g00480,118,0.057,,,,,
456,VIT_00s0187g00010,118,0.0568,No hit,,,,
457,VIT_18s0075g00830,117,0.0565,Laccase,E1_10_3_2,,vv11000Single_reactions,vv50109Incompletely_characterized_transport_systems
458,VIT_17s0000g06680,116,0.0561,Unknown protein,,,,
459,VIT_13s0064g01100,114,0.0553,No hit,,,,
460,VIT_07s0005g02050,113,0.0544,Carboxylic ester hydrolase,E3_1_1_1,,,
461,VIT_14s0030g01980,109,0.0527,Auxin-induced protein PCNT115,AUXREG,,vv30003Auxin_signaling,
462,VIT_11s0016g05530,107,0.0522,Plastocyanin domain-containing protein,K02638,,vv10195Photosynthesis,vv50113Thylakoid_targeting_pathway
463,VIT_19s0014g01870,107,0.0519,Transcription elongation factor 1,,,,
464,VIT_05s0094g00320,106,0.0512,Chitinase  class IV [Vitis vinifera],E3_2_1_14,,vv10530Aminosugars_metabolism,
465,VIT_10s0003g02680,105,0.0505,Phytochrome E,PHYE,,vv34710Circadian_rhythm,
466,VIT_13s0074g00620,104,0.0504,Kelch repeat-containing protein,,,,
467,VIT_02s0012g01570,104,0.0503,Cinnamoyl-CoA reductase,E1_2_1_44,,vv10940Phenylpropanoid_biosynthesis,
468,VIT_10s0003g00150,101,0.0491,NSL1 (necrotic spotted lesions 1),,,,
469,VIT_02s0087g01020,101,0.049,CRK10 (cysteine-rich RLK10),,,,
470,VIT_15s0021g00730,101,0.0487,No hit,,,,
471,VIT_16s0013g00070<br>VIT_16s0039g02840<br>VIT_16s0013g00810,101,0.0487,,,,,
472,VIT_03s0091g00360,100,0.0481,Seed maturation protein PM23,,,,
473,VIT_07s0031g00780,99,0.0477,Transcriptional factor B3,TFB3_4,,vv60001ABI3VP1,
474,VIT_13s0067g02500,97,0.0469,Xanthine/uracil permease,K06901,,vv50121Porters_cat_1_to_6,
475,VIT_04s0008g02070,94,0.0455,Avr9/Cf-9 induced kinase 1,,,,
476,VIT_01s0011g06330,93,0.0449,Microtubule associated protein (MAP65-6),MAP656,,vv44810Regulation_of_actin_cytoskeleton,
477,VIT_02s0033g00790,92,0.0442,Nitrilase 4B,E3_5_5_1,,vv10460Cyanoamino_acid_metabolism,vv10910Nitrogen_metabolism
478,VIT_17s0000g07670,91,0.0438,Betaine-aldehyde dehydrogenase,E1_2_1_8,,vv10260Glycine_serine_and_threonine_metabolism,vv50101Channels_and_pores
479,VIT_00s0254g00040,91,0.0437,Heat shock cognate 70 kDa protein 3 (HSC70-3) (HSP70-3),HSC703,,vv23040Spliceosome,vv24141Protein_processing_in_endoplasmic_reticulum
480,VIT_17s0000g00800,90,0.0436,Zinc finger (DHHC type),ZFDHHC_11,,vv60079Other_zf-DHHC,
481,VIT_15s0021g01130,90,0.0434,Rho GTPase; Rho GTP binding protein,E3_6_5_1,,,
482,VIT_11s0016g00560,88,0.0425,Peroxiredoxin bcp,E1_11_1_15,,,
483,VIT_16s0039g01600,87,0.0422,11-beta-hydroxysteroid dehydrogenase,E1_1_1_146,,vv10140C21-Steroid_hormone_metabolism,
484,VIT_11s0016g01060,86,0.0417,Avr9/Cf-9 induced kinase 1,,,,
485,VIT_05s0051g00440,86,0.0416,Transmembrane protein FT27/PFT27,PFT27,,vv50109Incompletely_characterized_transport_systems,
486,VIT_18s0117g00040,85,0.0412,No hit,,,,
487,VIT_08s0058g00690,85,0.041,WRKY DNA-binding protein 33,WRKY33_3,VvWRKY24,vv34626Plant-pathogen_interaction,vv60066WRKY
488,VIT_12s0059g01660,84,0.041,3-oxoacyl-[acyl-carrier-protein] synthase II,E2_3_1_179,,vv10061Fatty_acid_biosynthesis,
489,VIT_19s0014g01110,84,0.0407,Curculin (mannose-binding) lectin,,,,
490,VIT_01s0011g06150,84,0.0405,Receptor protein kinase,,,,
491,VIT_00s0762g00010,82,0.0396,S-locus lectin protein kinase family,,,,
492,VIT_18s0001g07870,82,0.0396,Unknown protein,,,,
493,VIT_18s0001g00420,81,0.0392,Laccase,E1_10_3_2,,vv11000Single_reactions,vv50109Incompletely_characterized_transport_systems
494,VIT_01s0026g00520,79,0.0385,Nodulin MtN21 family,MTN21,,vv50122Porters_cat_7_to_17,
495,VIT_19s0085g00020,79,0.0381,Nucleolar complex protein 3 homolog (Protein NOC3 homolog),,,,
496,VIT_18s0166g00260,79,0.0381,No hit,,,,
497,VIT_10s0116g01850,79,0.0381,Unknown protein,,,,
498,VIT_14s0066g02550,78,0.0377,H(+)-ATPase 4 AHA4,K01535,,vv10190Oxidative_phosphorylation,vv50131Primary_active_transporter_cat_A2_to_A4
499,VIT_19s0014g03640,76,0.0367,Myosin VII,K10359,,vv44810Regulation_of_actin_cytoskeleton,
500,VIT_05s0077g00450,75,0.0364,Ribosomal protein S1 30S,K02945,,vv23010Ribosome,
501,VIT_03s0091g00150,75,0.0361,NtPRp27 secretory protein,,,,
502,VIT_02s0033g01390,75,0.0361,No hit,,,,
503,VIT_18s0001g13870,74,0.0359,Calmodulin binding protein,,,,
504,VIT_11s0052g00610,72,0.0349,Homogenitisate geranylgeranyl transferase,K09833,,vv10100Biosynthesis_of_steroids,
505,VIT_17s0000g00200,72,0.0348,Ethylene-responsive transcription factor ERF114,ERF114_1,VvERF118,vv30008Ethylene_signaling,vv60003AP2_EREBP
506,VIT_02s0025g00780,72,0.0348,Cation/hydrogen exchanger (CHX18),CHX18,,vv50124Porters_cat_30_to_64,
507,VIT_12s0034g01950<br>VIT_12s0034g01870<br>VIT_12s0034g01920<br>VIT_12s0034g01930<br>VIT_12s0034g01890<br>VIT_12s0034g01910,72,0.0347,,,,,
508,VIT_10s0405g00020,71,0.0343,Mo25,K08272,,vv34150mTOR_signaling_pathway,
509,VIT_05s0020g03980,71,0.0343,Calmodulin-binding region IQD19,,,,
510,VIT_09s0002g01550,71,0.0343,Lecithine cholesterol acyltransferase,E2_3_1_43,,vv10564Glycerophospholipid_metabolism,
511,VIT_00s0551g00030,70,0.034,Protein transport protein Sec61 subunit alpha,K10956,,vv23060Protein_export,vv24141Protein_processing_in_endoplasmic_reticulum
512,VIT_09s0096g00130,69,0.0333,Pirin,K06911,,,
513,VIT_08s0056g00300,69,0.0332,Unknown,,,,
514,VIT_07s0031g01010<br>VIT_07s0031g01040<br>VIT_07s0031g01050,68,0.0329,,,,,
515,VIT_03s0088g01260,66,0.0321,TIP growth defective 1,TIP1GD,,vv50108Accessory_factors_involved_in_transport,
516,VIT_12s0142g00570,66,0.0319,R protein disease resistance protein,RPROT,,vv34627R_proteins_from_Plant-pathogen_interaction,
517,VIT_06s0004g05700,62,0.0301,Glutathione S-transferase 8 GSTU8,E2_5_1_18_GSTU8,,vv10480Glutathione_metabolism,
518,VIT_06s0009g00970,62,0.0299,Thylakoid lumenal P17.1 protein,,,,
519,VIT_01s0011g04680,61,0.0295,Glycosyltransferase family 14,,,,
520,VIT_05s0020g03220,61,0.0295,S-receptor kinase,,,,
521,VIT_04s0043g00380,58,0.0281,Unknown protein,,,,
522,VIT_05s0020g04870,58,0.0281,Membrane related protein CP5,,,,
523,VIT_18s0041g02020,58,0.028,12-oxophytodienoate reductase 2,E1_3_1_42,,vv10592alpha-Linolenic_acid_metabolism,
524,VIT_16s0050g02210,56,0.0272,Chitinase III [Vitis vinifera],E3_2_1_14,,vv10530Aminosugars_metabolism,
525,VIT_19s0090g01290,55,0.0268,Serine/threonine-protein phosphatase PP-X isozyme 2,K01090,,,
526,VIT_16s0148g00290<br>VIT_16s0148g00360<br>VIT_16s0148g00100<br>VIT_00s0258g00140,55,0.0266,,,,,
527,VIT_05s0077g01710,52,0.0253,U3 small nucleolar RNA-associated protein 5,K14546,,vv23008Ribosome_biogenesis_in_Eukaryotes,
528,VIT_17s0000g07280,52,0.0251,Histone deacetylase HDA05,HDA05,,vv44110Cell_cycle,
529,VIT_14s0060g02710,51,0.0247,Germin,,,,
530,VIT_16s0022g01120<br>VIT_11s0037g01390<br>VIT_16s0022g01150,50,0.0241,,,,,
531,VIT_14s0030g01610,50,0.0241,Cytidine/deoxycytidylate deaminase,E3_5_4_5,,vv10240Pyrimidine_metabolism,
532,VIT_08s0058g01450,50,0.024,STN8 (state transition 8),,,,
533,VIT_06s0061g01310,50,0.024,Nucleobase-ascorbate transporter 12 (NAT12),NAT12,,vv50124Porters_cat_30_to_64,
534,VIT_16s0050g01890,49,0.0237,Unknown,,,,
535,VIT_16s0050g02230,49,0.0237,Chitinase [Vitis vinifera],E3_2_1_14,,vv10530Aminosugars_metabolism,
536,VIT_03s0088g00410,48,0.0232,Pyruvate kinase isozyme A  chloroplast precursor,E2_7_1_40,,vv10010Glycolysis,vv10230Purine_metabolism
537,VIT_14s0108g00150,48,0.0232,Calmodulin-binding region IQD28,IQD28,,,
538,VIT_08s0058g00370,47,0.0229,Unknown protein,,,,
539,VIT_09s0002g05370,47,0.0228,ABC transporter g family pleiotropic drug resistance 12 PDR12,ABCGPDR12,,vv52010ABC_transporters,
540,VIT_09s0054g01080,46,0.0223,Polygalacturonase QRT3,E3_2_1_15,,vv40006Cell_wall,
541,VIT_18s0001g05000<br>VIT_18s0001g04780<br>VIT_18s0001g04120,46,0.0223,,,,,
542,VIT_02s0033g01400,46,0.0221,Alternative oxidase 1a  (AOX1A),AOX1A,,vv30001ABA_signaling,
543,VIT_18s0001g13570,45,0.0219,Calcium ion binding protein,,,,
544,VIT_13s0019g01010,45,0.0218,ABA2 (ABA deficient 2),E1_1_1_288,,vv10906Carotenoid_biosynthesis,vv11013ABA_biosynthesis
545,VIT_01s0127g00220,45,0.0217,PMR5 (powdery mildew resistant 5),,,,
546,VIT_06s0061g00960,44,0.0213,Prolylcarboxypeptidase,E3_4_16_2,,,
547,VIT_01s0010g01130,44,0.0212,6-phosphogluconate dehydrogenase,E1_1_1_44,,vv10030Pentose_phosphate,
548,VIT_02s0025g04290,44,0.0212,Thaumatin,,,,
549,VIT_12s0059g02590,43,0.021,Receptor protein kinase RK20-1,,,,
550,VIT_06s0004g08290,41,0.02,KH domain-containing protein,,,,
551,VIT_11s0118g00230,41,0.0199,ATSYTE/NTMC2T2.1/NTMC2TYPE2.1/SYTE,NTMC2T2_1,,vv50109Incompletely_characterized_transport_systems,
552,VIT_18s0072g00260,41,0.0199,Ethylene-responsive transcription factor related to APETALA2 6,RAP2_6,VvERF114,vv30008Ethylene_signaling,vv60003AP2_EREBP
553,VIT_10s0003g05640,41,0.0198,UDP-arabinose 4-epimerase 3,E5_1_3_5,,vv10520Nucleotide_sugars_metabolism,
554,VIT_18s0075g00630,41,0.0198,Laccase,E1_10_3_2,,vv11000Single_reactions,vv50109Incompletely_characterized_transport_systems
555,VIT_10s0042g00590,41,0.0197,Leucine-rich repeat receptor-like protein kinase 1,,,,
556,VIT_06s0004g05070,40,0.0194,Zinc transporter (ZIP2),ZIP2,,vv50121Porters_cat_1_to_6,
557,VIT_12s0035g01150,40,0.0192,RAB GTPase FP8,K07976,,,
558,VIT_19s0085g00600,39,0.0189,Glyceraldehyde-3-phosphate dehydrogenase  cytosolic,E1_2_1_12,,vv10010Glycolysis,
559,VIT_13s0019g03930,39,0.0189,No hit,,,,
560,VIT_04s0069g00470,39,0.0189,No hit,,,,
561,VIT_06s0009g02590,39,0.0188,Pectinesterase family,E3_1_1_11,,vv40006Cell_wall,
562,VIT_18s0001g01210,39,0.0187,Senescence-inducible chloroplast stay-green protein 2,,,,
563,VIT_03s0063g01330,38,0.0185,Nodulin 1A  senescence-associated,,,,
564,VIT_18s0001g05410,38,0.0184,No hit,,,,
565,VIT_10s0003g00880,38,0.0184,Nudix hydrolase 15,,,,
566,VIT_09s0002g04160,38,0.0184,Thioesterase family,,,,
567,VIT_10s0042g00190,38,0.0183,No hit,,,,
568,VIT_02s0025g03370,37,0.0179,YDA (YODA),,,,
569,VIT_01s0026g01730,37,0.0178,WRKY DNA-binding protein 72,WRKY72_1,VvWRKY02,vv60066WRKY,
570,VIT_09s0002g05810,36,0.0175,Boron transporter-like protein 4,BOR4,,vv50124Porters_cat_30_to_64,
571,VIT_17s0000g06790,36,0.0174,flavin-containing monooxygenase,E1_14_13_8,,vv11000Single_reactions,
572,VIT_17s0000g00930,35,0.017,Unknown protein,,,,
573,VIT_08s0007g03870,35,0.0169,Phytosulfokines PSK1,,,,
574,VIT_00s0437g00070,35,0.0169,Receptor kinase RK20-1,,,,
575,VIT_14s0083g00460,35,0.0168,Tryptophan synthase beta chain 2,E4_2_1_20,,vv10400Phenylalanine_tyrosine_and_tryptophan_biosynthesis,
576,VIT_04s0008g06870,34,0.0165,Cytochrome b5 domain-containing protein,,,,
577,VIT_19s0014g03030,34,0.0164,No hit,,,,
578,VIT_14s0006g02290,34,0.0164,DREB sub A-4 of ERF/AP2 transcription factor,TINY_2,VvERF028,vv30008Ethylene_signaling,vv60003AP2_EREBP
579,VIT_01s0026g02640,34,0.0164,UbiE/COQ5 methyltransferase,K06127,,vv10130Ubiquinone_biosynthesis,
580,VIT_13s0019g03910,33,0.0161,Unknown,,,,
581,VIT_05s0020g03090,32,0.0156,Chloride channel protein (CLC-d),K05393_CLCD,,vv50124Porters_cat_30_to_64,
582,VIT_04s0043g00250,32,0.0155,Nonsense-mediated mRNA decay NMD3,K07562,,vv23008Ribosome_biogenesis_in_Eukaryotes,vv23013RNA_transport
583,VIT_07s0031g00620,30,0.0145,Zeaxanthin epoxidase (ZEP) (ABA1),E1_14_13_90_1,,vv10906Carotenoid_biosynthesis,vv60028FHA
584,VIT_17s0000g00940,30,0.0143,F-box protein,,,,
585,VIT_04s0008g05570,29,0.014,UDP-glucuronic acid/UDP-N-acetylgalactosamine transporter,UDPGLUCUTR,,vv50122Porters_cat_7_to_17,
586,VIT_17s0000g04850,29,0.0139,OBF binding protein 4,OBP4,,vv60015C2C2-DOF,
587,VIT_11s0065g00940,29,0.0139,Preprotein translocase secY subunit  chloroplast (CpSecY),K03076,,vv23060Protein_export,vv50113Thylakoid_targeting_pathway
588,VIT_01s0150g00410,28,0.0136,Unknown protein,,,,
589,VIT_07s0005g04400,28,0.0136,Photosystem II reaction centre W (PsbW),K08903,,vv10195Photosynthesis,vv50135Primary_active_transporter_cat_D3_to_E2
590,VIT_18s0001g06370,28,0.0136,L-ascorbate peroxidase  chloroplast,E1_11_1_11,,vv10053Ascorbate_and_aldarate_metabolism,
591,VIT_04s0008g01040,27,0.0131,Lysine decarboxylase,E4_1_1_18,,vv10300Lysine_biosynthesis,
592,VIT_01s0026g00500,27,0.0131,Nodulin MtN21 family,MTN21,,vv50122Porters_cat_7_to_17,
593,VIT_01s0011g01350,27,0.0131,No hit,,,,
594,VIT_19s0014g04080,27,0.013,Serine/threonine-protein kinase receptor ARK3,,,,
595,VIT_19s0014g04470,27,0.013,S-locus protein kinase,,,,
596,VIT_16s0050g02450,26,0.0127,Proline-rich cell wall protein,,,,
597,VIT_13s0064g01470,26,0.0125,Urophorphyrin III methylase,E2_1_1_107,,vv10860Porphyrin_and_chlorophyll_metabolism,
598,VIT_10s0003g01010,25,0.0121,Lipase GDSL,,,,
599,VIT_01s0010g01950,25,0.0121,Anionic peroxidase,E1_11_1_7,,vv10360Phenylalanine_metabolism,vv10680Methane_metabolism
600,VIT_13s0019g02330,24,0.0116,GDP-mannose pyrophosphorylase (GMP1),E2_7_7_22,,vv10051Fructose_and_mannose_metabolism,
601,VIT_15s0046g01440,24,0.0116,BZip transcription factor G- box  binding factor 3,GBF3_1,VvbZIP40,vv60012BZIP,
602,VIT_14s0060g02170,24,0.0116,Glutathione S-transferase GSTU8,E2_5_1_18_GSTU8,,vv10480Glutathione_metabolism,
603,VIT_16s0039g00990,24,0.0116,Glutathione S-transferase 8 GSTU8,E2_5_1_18_GSTU8,,vv10480Glutathione_metabolism,
604,VIT_08s0007g05320,24,0.0115,Essential for mitotic growth 1,K14568,,vv23008Ribosome_biogenesis_in_Eukaryotes,
605,VIT_04s0008g03910,24,0.0115,No hit,,,,
606,VIT_18s0166g00060,23,0.0111,No hit,,,,
607,VIT_09s0054g00590,23,0.0111,No hit,,,,
608,VIT_01s0011g05930,23,0.0111,S-adenosyl-L-methionine:carboxyl methyltransferase,,,,
609,VIT_09s0002g05130,23,0.0111,Zinc finger (C3HC4-type ring finger),ZFC3HC4_53,,vv60078Other_zf-C3HC4,
610,VIT_04s0023g02900,23,0.0111,Ferulate-5-hydroxylase,K09755,,vv10940Phenylpropanoid_biosynthesis,
611,VIT_13s0019g03170,22,0.0107,Heat shock protein 16.9 kDa class I,K13993,,vv24141Protein_processing_in_endoplasmic_reticulum,
612,VIT_01s0011g00530,22,0.0107,Ureide permease 2 (AtUPS2),UPS2,,vv50122Porters_cat_7_to_17,
613,VIT_08s0007g05330,22,0.0107,EDA7 (embryo sac development arrest 7),,,,
614,VIT_09s0002g03800,22,0.0106,RPS5 (resistant to p. syringae 5),K13460,,vv34627R_proteins_from_Plant-pathogen_interaction,
615,VIT_02s0025g04870,22,0.0106,No hit,,,,
616,VIT_05s0020g01530,22,0.0106,Alpha-1 6-xylosyltransferase,E2_4_2_39,,vv40006Cell_wall,
617,VIT_09s0002g06440,22,0.0106,CYP81B2v2,,,,
618,VIT_11s0065g00640,22,0.0106,Cycloartenol synthase,E5_4_99_8,,vv10100Biosynthesis_of_steroids,
619,VIT_12s0057g00570,21,0.0102,Zinc finger (CCCH-type) family protein,CCCHFAM_30,,vv60018C3H,
620,VIT_08s0007g04860,21,0.0102,Nodulin family protein,,,,
621,VIT_04s0008g05340,21,0.0101,Bundle-sheath defective protein 2,,,,
622,VIT_02s0025g03690,19,0.0092,RNA-binding protein NOB1,K11883,,vv23008Ribosome_biogenesis_in_Eukaryotes,
623,VIT_00s0960g00010,19,0.0092,Phosphosulfolactate synthase protein,E4_4_1_19,,vv10010Glycolysis,
624,VIT_16s0039g01870,19,0.0092,Protein kinase,,,,
625,VIT_08s0007g07530,19,0.0092,3-oxoacyl-[acyl-carrier-protein] reductase  chloroplast,E1_1_1_100,,vv10061Fatty_acid_biosynthesis,vv11040Biosynthesis_of_unsaturated_fatty_acids
626,VIT_12s0028g00930,19,0.0092,Glutathione S-transferase 9 GSTF9,E2_5_1_18_GSTF9,,vv10480Glutathione_metabolism,
627,VIT_10s0003g01940,18,0.0087,RKF1 (receptor-like kinase in flowers 1),,,,
628,VIT_13s0019g01640,18,0.0087,Unknown protein,,,,
629,VIT_18s0001g13920,18,0.0087,Unknown protein,,,,
630,VIT_05s0077g01410,18,0.0087,No hit,,,,
631,VIT_13s0019g05360,18,0.0087,KH domain-containing protein NOVA,,,,
632,VIT_13s0019g00240,18,0.0087,Glycosyltransferase family 14 Beta-1-3-galactosyl-O-glycosyl-glycoprotein,,,,
633,VIT_16s0098g00460,18,0.0087,Lipase class 3,,,,
634,VIT_18s0075g00610,18,0.0087,Laccase,E1_10_3_2,,vv11000Single_reactions,vv50109Incompletely_characterized_transport_systems
635,VIT_07s0005g03050,17,0.0083,Deoxyhypusine hydroxylase,E1_14_99_29,,vv10220Urea_cycle_and_metabolism_of_amino_groups,
636,VIT_18s0117g00600,17,0.0082,Laccase,E1_10_3_2,,vv11000Single_reactions,vv50109Incompletely_characterized_transport_systems
637,VIT_04s0044g00120,17,0.0082,Kinase,,,,
638,VIT_14s0083g00930,16,0.0078,BIM2 (BES1-interacting Myc-like protein 2),BIM2_1,,vv30005Brassinosteroids_signaling,vv60011BHLH
639,VIT_05s0020g04430,16,0.0077,MPBQ/MSBQ methyltransferase 1,K12502,,vv10100Biosynthesis_of_steroids,
640,VIT_10s0042g00170,16,0.0077,TCP family transcription factor 7,TCP7,,vv60061TCP,
641,VIT_03s0038g02230,15,0.0073,Subtilisin-like serine protease 2,SLP2,,vv50101Channels_and_pores,
642,VIT_01s0026g00850,15,0.0073,Zinc finger protein 5,ZFP5_3,,vv60017C2H2,
643,VIT_01s0026g01120,15,0.0073,R protein L6,K13477,,vv34627R_proteins_from_Plant-pathogen_interaction,
644,VIT_03s0038g02520,15,0.0073,Aquaporin PIP3,PIP3,,vv50101Channels_and_pores,
645,VIT_18s0075g00660,15,0.0072,Disease resistance protein (TIR-NBS-LRR class),,,,
646,VIT_04s0008g00110,15,0.0072,Jasmonate ZIM domain-containing protein 8,JAZ8_3,,vv30011Jasmonate_signaling,vv60069ZIM
647,VIT_13s0064g01120,15,0.0072,No hit,,,,
648,VIT_05s0094g00360,15,0.0072,Chitinase class IV,E3_2_1_14,,vv10530Aminosugars_metabolism,
649,VIT_14s0081g00640,15,0.0072,Aspartate aminotransferase,E2_6_1_1,vv10710Carbon_fixation,vv10252Alanine_and_aspartate_metabolism,vv10272Cysteine_metabolism
650,VIT_14s0006g02870,15,0.0072,Unknown,,,,
651,VIT_13s0019g04440,14,0.0068,Zinc finger (C3HC4-type ring finger),ZFC3HC4_163,,vv60078Other_zf-C3HC4,
652,VIT_05s0020g03380,13,0.0063,WNK1 (with no lysine (K) 1),WNK1,,vv34710Circadian_rhythm,
653,VIT_05s0049g01130,13,0.0063,Aldo/keto reductase,E1_1_1_21,,vv10040Pentose_glucuronate_interconversion,vv10051Fructose_and_mannose_metabolism
654,VIT_07s0104g00390,13,0.0063,Unknown protein,,,,
655,VIT_11s0016g01860,13,0.0063,RPS2 (resistant to p. syringae 2),K13459,,vv34626Plant-pathogen_interaction,
656,VIT_18s0001g13230,13,0.0063,Beta-galactosidase BG1 [Vitis vinifera],E3_2_1_23,,vv10052Galactose_metabolism,vv10511N-Glycan_degradation
657,VIT_05s0020g04510,12,0.0058,GDP-mannose 3 5-epimerase 1,E5_1_3_18,,vv10053Ascorbate_and_aldarate_metabolism,
658,VIT_01s0137g00080,12,0.0058,Aldehyde dehydrogenase (NAD+),E1_2_1_3,vv10561Glycerolipid_metabolism,vv10010Glycolysis,vv10071Fatty_acid_metabolism
659,VIT_11s0016g03320,12,0.0058,Oligosaccharyl transferase STT3 subunit,K07151,,vv10510N-Glycan_biosynthesis,vv24141Protein_processing_in_endoplasmic_reticulum
660,VIT_06s0004g00120,12,0.0058,Zinc finger (C3HC4-type ring finger),ZFC3HC4_41,,vv60078Other_zf-C3HC4,
661,VIT_19s0093g00390,12,0.0058,Glutathione S-transferase 25 GSTU25,E2_5_1_18_GSTU25,,vv10480Glutathione_metabolism,
662,VIT_09s0018g00520,12,0.0058,Plastocyanin domain-containing protein,K02638,,vv10195Photosynthesis,vv50113Thylakoid_targeting_pathway
663,VIT_12s0057g01260,12,0.0058,Unknown protein,,,,
664,VIT_09s0002g00890,12,0.0058,Jasmonate ZIM-domain protein 1,JAZ1_2,,vv30011Jasmonate_signaling,vv60069ZIM
665,VIT_04s0008g00200,11,0.0054,Tryptophan-tRNA ligase,E6_1_1_2,,vv10400Phenylalanine_tyrosine_and_tryptophan_biosynthesis,vv20970Aminoacyl-tRNA_biosynthesis
666,VIT_05s0020g02790,11,0.0053,Nuclear transcription factor Y subunit C-9,NFYC9_2,,vv60021CCAAT,
667,VIT_19s0015g00070,10,0.0048,CYP71D10p,,,,
668,VIT_04s0044g00530,10,0.0048,PAP/fibrillin family,K06825,,,
669,VIT_07s0005g05030,10,0.0048,CLIP-associating protein (CLASP),,,,
670,VIT_14s0128g00940,10,0.0048,No hit,,,,
671,VIT_17s0000g02930,9,0.0044,Glutathione S-transferase 25 GSTU7,E2_5_1_18_GSTU7,,vv10480Glutathione_metabolism,
672,VIT_14s0030g00400,9,0.0044,WD40,,,,
673,VIT_19s0135g00010,9,0.0044,Ureide permease 2 (AtUPS2),UPS2,,vv50122Porters_cat_7_to_17,
674,VIT_06s0004g07250,9,0.0044,UDP-glucoronosyl and UDP-glucosyl transferase,,,,
675,VIT_18s0001g15150,9,0.0044,Unknown protein,,,,
676,VIT_14s0066g01080,9,0.0044,ADP-ribosylation factor A1B,ARFA1B,,vv50110Protein_coat,
677,VIT_14s0068g01270,9,0.0044,No hit,,,,
678,VIT_05s0094g00500,9,0.0044,C2 domain-containing protein,,,,
679,VIT_08s0007g00850,9,0.0043,EFR (EF-TU receptor),K13428,,vv34626Plant-pathogen_interaction,
680,VIT_03s0063g00270,9,0.0043,Unknown protein,,,,
681,VIT_00s1737g00010,9,0.0043,Zinc finger (DHHC type),ZFDHHC_25,,vv60079Other_zf-DHHC,
682,VIT_18s0001g04410,9,0.0043,No hit,,,,
683,VIT_08s0040g02210,9,0.0043,Lectin protein kinase,,,,
684,VIT_17s0000g08480,8,0.0039,ATMYB66/WER/WER1 (WEREWOLF 1),WEREWOLF_6,MYB157,vv44110Cell_cycle,vv60044MYB
685,VIT_13s0156g00590,7,0.0034,S-receptor kinase,,,,
686,VIT_19s0090g01250,7,0.0034,Jasmonate O-methyltransferase,E2_1_1_141,,vv10592alpha-Linolenic_acid_metabolism,
687,VIT_05s0049g01290,7,0.0034,Protein phosphatase 2C,E3_1_3_16,,,
688,VIT_00s2269g00010,7,0.0034,Armadillo/beta-catenin repeat,,,,
689,VIT_02s0025g00080,7,0.0034,Unknown protein,,,,
690,VIT_01s0010g01970<br>VIT_01s0010g01980,6,0.0029,,,,,
691,VIT_16s0013g01500,6,0.0029,Disease resistance protein,,,,
692,VIT_14s0108g00970,6,0.0029,Pentatricopeptide (PPR) repeat,,,,
693,VIT_11s0016g04770,6,0.0029,Unknown,,,,
694,VIT_05s0094g00610,6,0.0029,Pirin,,,,
695,VIT_06s0009g01810,6,0.0029,APK2A (protein kinase 2A),,,,
696,VIT_19s0015g00020,6,0.0029,ABC transporter C member 9,K05033,,vv52010ABC_transporters,
697,VIT_12s0057g00300,6,0.0029,Unknown protein,,,,
698,VIT_12s0059g01250,6,0.0029,Endo-1 4-beta-glucanase,E3_2_1_4,,vv40006Cell_wall,
699,VIT_08s0056g00150,6,0.0029,Protein kinase APK1B,,,,
700,VIT_13s0067g02630,6,0.0029,No hit,,,,
701,VIT_07s0031g01660,6,0.0029,CYP86A2,,,,
702,VIT_08s0007g05580,6,0.0029,Embryo-abundant protein,,,,
703,VIT_19s0014g05110,6,0.0029,Unknown,,,,
704,VIT_19s0085g00050,6,0.0029,Myb domain protein 58,MYB58_1,MYB139,vv60044MYB,
705,VIT_11s0016g01010,6,0.0029,Serine/threonine-protein kinase NAK,,,,
706,VIT_14s0068g01760,6,0.0029,Alcohol dehydrogenase,E1_1_1_1,,vv10010Glycolysis,vv10071Fatty_acid_metabolism
707,VIT_11s0016g00530,6,0.0029,Adrenodoxin ferredoxin 2,K04755,,,
708,VIT_11s0118g00040,6,0.0029,Receptor Like Protein 9,,,,
709,VIT_09s0002g03660,6,0.0029,Retrotransposon protein  Unclassified,,,,
710,VIT_03s0038g01050,6,0.0029,Phenylalanine-tRNA ligase,E6_1_1_20,,vv10400Phenylalanine_tyrosine_and_tryptophan_biosynthesis,vv20970Aminoacyl-tRNA_biosynthesis
711,VIT_14s0006g02630,6,0.0029,Receptor-like kinase ARK1AS,,,,
712,VIT_04s0008g06930,6,0.0029,Transposase  IS4,,,,
713,VIT_18s0075g00670,6,0.0029,Laccase,E1_10_3_2,,vv11000Single_reactions,vv50109Incompletely_characterized_transport_systems
714,VIT_11s0016g00130,6,0.0029,Omega-6 fatty acid desaturase  chloroplast (FAD6) (FADC),K10255,,vv11040Biosynthesis_of_unsaturated_fatty_acids,
715,VIT_09s0002g02570,6,0.0029,No hit,,,,
716,VIT_00s0262g00090,6,0.0029,Receptor kinase RK20-1,,,,
717,VIT_11s0037g01300,6,0.0029,No hit,,,,
718,VIT_18s0001g05280,6,0.0029,No hit,,,,
719,VIT_01s0011g01110,6,0.0029,Molybdenum cofactor sulfurase,,,,
720,VIT_15s0048g01750,6,0.0029,fasciclin arabinogalactan-protein (FLA8),FLA8,,vv40006Cell_wall,
721,VIT_02s0234g00080,6,0.0029,Enoyl-CoA hydratase/isomerase,E4_2_1_17,,vv10062Fatty_acid_elongation_in_mitochondria,vv10071Fatty_acid_metabolism
722,VIT_12s0034g00030,6,0.0029,Anthocyanidin 3-O-glucosyltransferase,E2_4_1_115,,vv10942Anthocyanin_biosynthesis,
723,VIT_03s0097g00460,6,0.0029,Geraniol 10-hydroxylase,G10H,,vv10902Monoterpenoid_biosynthesis,
724,VIT_17s0000g04370,4,0.0019,Wall-associated kinase,,,,
725,VIT_08s0040g00390,4,0.0019,Magnesium-protoporphyrin IX monomethyl ester [oxidative] cyclase,E1_14_13_81,,vv10860Porphyrin_and_chlorophyll_metabolism,
726,VIT_12s0035g02270,4,0.0019,Unknown protein,,,,
727,VIT_02s0025g00420,4,0.0019,WRKY DNA-binding protein 27,WRKY27_2,VvWRKY04,vv60066WRKY,
728,VIT_09s0002g00370,4,0.0019,Unknown protein,,,,
729,VIT_01s0011g01810,4,0.0019,No hit,,,,
730,VIT_01s0026g00210,4,0.0019,Aldehyde dehydrogenase (NAD+),E1_2_1_3,vv10561Glycerolipid_metabolism,vv10010Glycolysis,vv10071Fatty_acid_metabolism
731,VIT_01s0146g00440,4,0.0019,Unknown protein,,,,
732,VIT_07s0031g01850,4,0.0019,BRI1 protein,BRI1,,vv30005Brassinosteroids_signaling,
733,VIT_01s0011g03850,4,0.0019,Unknown protein,,,,
734,VIT_00s0508g00010,3,0.0015,No hit,,,,
735,VIT_05s0029g00480,3,0.0015,Eceriferum 2 (CER2),,,,
736,VIT_09s0002g05600,3,0.0015,ABC transporter g family pleiotropic drug resistance 12 PDR12,ABCGPDR12,,vv52010ABC_transporters,
737,VIT_16s0013g01590,3,0.0015,No hit,,,,
738,VIT_18s0001g15220,3,0.0015,Unknown protein,,,,
739,VIT_10s0003g01390,3,0.0015,Cupin  RmlC-type,,,,
740,VIT_05s0020g00750,3,0.0015,Novel plant snare 13,K08494,,,
741,VIT_18s0166g00230,3,0.0015,S-receptor kinase,,,,
742,VIT_00s2288g00010,3,0.0015,No hit,,,,
743,VIT_09s0002g01160,3,0.0015,Transcription initiation factor TFIID subunit D7,K14535,,vv23008Ribosome_biogenesis_in_Eukaryotes,vv23022Basal_transcription_factors
744,VIT_14s0068g02240,3,0.0015,HcrVf1 protein,K13466,,vv34626Plant-pathogen_interaction,
745,VIT_01s0011g02390,3,0.0015,Unknown,,,,
746,VIT_00s0347g00070,3,0.0015,S-locus lectin protein kinase,,,,
747,VIT_00s0409g00060,3,0.0015,Cysteine-rich receptor-like protein kinase 25,,,,
748,VIT_02s0025g02940,3,0.0015,Caffeic acid O-3-methyltransferase,E2_1_1_68,,vv10940Phenylpropanoid_biosynthesis,
749,VIT_14s0128g00690,3,0.0015,Germin protein 3,,,,
750,VIT_08s0007g01150,3,0.0015,Unc51-like kinase,K08269,,vv44140Regulation_of_autophagy,vv34150mTOR_signaling_pathway
751,VIT_08s0007g01300,3,0.0015,Glyoxal oxidase,,,,
752,VIT_19s0027g00870,3,0.0015,NAC domain-containing protein 42,NAC042_3,VvNAC30,vv60046NAC,
753,VIT_19s0085g00390,3,0.0015,Unknown protein,,,,
754,VIT_05s0051g00140,3,0.0015,RRS1 (resistant to ralstonia solanacearum 1),RRS1,,vv34627R_proteins_from_Plant-pathogen_interaction,
755,VIT_16s0098g01830,3,0.0015,Transcription factor jumonji (jmjC) domain-containing protein,JMJD1B_3,,vv60038Jumonji,
756,VIT_03s0063g01210,3,0.0015,Nodulin 1A  senescence-associated,,,,
757,VIT_00s0194g00020,3,0.0015,DNA-directed RNA polymerase II subunit D,K03012,,vv23020RNA_polymerase,
758,VIT_04s0079g00420,3,0.0015,Alpha-expansin 13 precursor,EXPA13,,vv30003Auxin_signaling,
759,VIT_13s0019g01470,3,0.0015,Geranylgeranyltransferase type I beta subunit,E2_5_1_59,,vv10100Biosynthesis_of_steroids,
760,VIT_09s0054g01870,3,0.0015,Transmembrane receptor,,,,
761,VIT_17s0000g01700,3,0.0015,Leucine-rich repeat transmembrane protein kinase,,,,
762,VIT_04s0043g01010,3,0.0015,Violaxanthin de-epoxidase,E1_10_99_3,,vv10906Carotenoid_biosynthesis,
763,VIT_14s0128g00680,3,0.0015,Germin,,,,
764,VIT_18s0001g04480,3,0.0015,Germacrene-D synthase,E4_2_3_22,,vv10900Terpenoid_biosynthesis,
765,VIT_18s0122g01150,3,0.0015,Diphenol oxidase,E1_10_3_1,,vv10350Tyrosine_metabolism,vv50109Incompletely_characterized_transport_systems
766,VIT_09s0018g01320,3,0.0015,No hit,,,,
767,VIT_18s0001g04530,3,0.0015,(-)-germacrene D synthase,E4_2_3_22,,vv10900Terpenoid_biosynthesis,
768,VIT_00s0194g00120,3,0.0015,Serine acetyltransferase,E2_3_1_30,,vv10272Cysteine_metabolism,vv10920Sulfur_metabolism
769,VIT_11s0016g04940,3,0.0014,Zinc finger (CCCH-type) family protein,CCCHFAM_12,,vv60018C3H,
770,VIT_06s0009g00210,3,0.0014,Calmodulin-binding region IQ5,,,,
771,VIT_16s0098g01770,3,0.0014,Vesicle-associated membrane protein 72,K08511,,vv24130SNARE_interactions_in_vesicular_transport,vv50101Channels_and_pores
772,VIT_10s0042g00880,3,0.0014,Stilbene synthase [Vitis pseudoreticulata],E2_3_1_95,,vv10940Phenylpropanoid_biosynthesis,
773,VIT_00s0252g00130,3,0.0014,Calcium-binding protein CML,K13448,,vv34626Plant-pathogen_interaction,
774,VIT_12s0059g00800,3,0.0014,DNA helicase SNF2 domain-containing protein,SNF2HEL_13,,vv60058SNF2,
775,VIT_17s0000g05210,3,0.0014,LNG1 (LONGIFOLIA1),,,,
776,VIT_16s0100g00690,3,0.0014,Ankyrin repeat,K10380,,vv50108Accessory_factors_involved_in_transport,
777,VIT_14s0128g00610<br>VIT_14s0128g00640,3,0.0014,,,,,
778,VIT_06s0004g02520,3,0.0014,Telomere repeat binding factor like TRFL6,TRFL6_1,,vv60045MYBrelated,
779,VIT_08s0040g01860,3,0.0014,Unknown protein,,,,
780,VIT_11s0016g00100,3,0.0014,Adapter protein SPIKE1 (SPK1),,,,
781,VIT_15s0046g02560,3,0.0014,GLABRA 3,GLABRA3,,vv44110Cell_cycle,vv60011BHLH
782,VIT_12s0059g00740,3,0.0014,Germin1,,,,
783,VIT_13s0084g00850<br>VIT_13s0084g00880,3,0.0014,,,,,
784,VIT_08s0007g01230,3,0.0014,Lectin protein kinase,,,,
785,VIT_11s0016g02660<br>VIT_05s0029g01030,3,0.0014,,,,,
786,VIT_00s0391g00040,3,0.0014,F-box family protein,,,,
787,VIT_03s0017g02120,3,0.0014,UDP-glucose flavonoid 3-O-glucosyltransferase 2,E2_4_1_91,,vv10941Flavonoid_biosynthesis,
788,VIT_18s0122g00070,3,0.0014,DNAJ heat shock N-terminal domain-containing protein,DNAJREL,,vv50132Primary_active_transporter_cat_A5_to_A8,
789,VIT_13s0019g02360,3,0.0014,Pyrroline-5-carboxylate synthetase,E2_7_2_11,,vv10220Urea_cycle_and_metabolism_of_amino_groups,
790,VIT_17s0000g02000,3,0.0014,IRE (incomplete root hair elongation),,,,
791,VIT_18s0001g04860,3,0.0014,Aspartate transaminase.,E2_6_1_1,vv10710Carbon_fixation,vv10252Alanine_and_aspartate_metabolism,vv10272Cysteine_metabolism
792,VIT_08s0058g01090,3,0.0014,CBL-interacting protein kinase 14 (CIPK14),,,,
793,VIT_03s0038g04540,3,0.0014,S-adenosyl-L-methionine:salicylic acid carboxyl methyltransferase,SAMTBSCMT,,vv10360Phenylalanine_metabolism,
794,VIT_18s0001g14090,3,0.0014,Molecular chaperone DnaJ,K03686,,vv50132Primary_active_transporter_cat_A5_to_A8,
795,VIT_00s0386g00050,3,0.0014,Xyloglucan endotransglucosylase/hydrolase precursor,E2_4_1_207,,vv40006Cell_wall,
796,VIT_03s0038g03530,3,0.0014,LYS/HIS transporter 7,LHT7,,vv50123Porters_cat_18_to_29,
797,VIT_07s0005g02560,3,0.0014,Chitinase Class I,E3_2_1_14,,vv10530Aminosugars_metabolism,
798,VIT_07s0005g04040,3,0.0014,Leucine Rich Repeat receptor-like kinase,,,,
799,VIT_13s0019g03970,3,0.0014,Ribosomal protein P0 (RPP0A) acidic 60S,K02941,,vv23010Ribosome,
800,VIT_14s0066g01850,3,0.0014,Peroxidase,E1_11_1_7,,vv10360Phenylalanine_metabolism,vv10680Methane_metabolism
801,VIT_08s0040g00070,3,0.0014,Argonaute,,,,
802,VIT_06s0009g00810,3,0.0014,Periplasmic beta-glucosidase precursor,E3_2_1_21,,vv10460Cyanoamino_acid_metabolism,vv10500Starch_and_sucrose_metabolism
