Vv_m2,2000,1000,VIT_16s0100g00760,,,,,
rank,node,Fabs,Frel,Functional-annotation,Name-EC-KeggID,Updated-name,Network1,Network2
1,VIT_10s0042g00840,2067,1,Stilbene synthase [Vitis pseudoreticulata],E2_3_1_95,,vv10940Phenylpropanoid_biosynthesis,
2,VIT_16s0100g00960,2068,1,Stilbene synthase [Vitis pseudoreticulata],E2_3_1_95,,vv10940Phenylpropanoid_biosynthesis,
3,VIT_16s0100g01160,2085,1,Stilbene synthase [Vitis vinifera],E2_3_1_95,,vv10940Phenylpropanoid_biosynthesis,
4,VIT_16s0100g01060,2066,1,Stilbene synthase,E2_3_1_95,,vv10940Phenylpropanoid_biosynthesis,
5,VIT_16s0100g00880,2082,0.9986,Stilbene synthase [Vitis pseudoreticulata],E2_3_1_95,,vv10940Phenylpropanoid_biosynthesis,
6,VIT_04s0044g00230,2066,0.9961,Monooxygenase (MO2),,,,
7,VIT_16s0100g01100,2037,0.9826,Stilbene synthase,E2_3_1_95,,vv10940Phenylpropanoid_biosynthesis,
8,VIT_02s0109g00430,2048,0.9804,Nitrilase 4 (NIT4),K13035,,vv10910Nitrogen_metabolism,
9,VIT_16s0100g01150,2029,0.9797,Stilbene synthase [Vitis vinifera],E2_3_1_95,,vv10940Phenylpropanoid_biosynthesis,
10,VIT_16s0100g00830<br>VIT_16s0100g01120<br>VIT_16s0100g00780<br>VIT_16s0100g00910,1976,0.9616,,,,,
11,VIT_00s0254g00040,1945,0.9437,Heat shock cognate 70 kDa protein 3 (HSC70-3) (HSP70-3),HSC703,,vv23040Spliceosome,vv24141Protein_processing_in_endoplasmic_reticulum
12,VIT_05s0077g01550,1933,0.9365,Pathogenesis protein 10.3 [Vitis quinquangularis],,,,
13,VIT_16s0100g00750,1874,0.9106,Stilbene synthase,E2_3_1_95,,vv10940Phenylpropanoid_biosynthesis,
14,VIT_05s0077g01560,1825,0.8902,Pathogenesis protein 10.3 [Vitis quinquangularis],,,,
15,VIT_16s0100g00860<br>VIT_16s0100g00940<br>VIT_16s0100g00800<br>VIT_16s0100g00920<br>VIT_16s0100g00930<br>VIT_16s0100g00810<br>VIT_16s0100g00840<br>VIT_16s0100g00850,1834,0.889,,,,,
16,VIT_06s0004g01990,1832,0.8872,No hit,,,,
17,VIT_04s0079g00570,1839,0.8871,Protein binding / zinc ion binding,,,,
18,VIT_02s0236g00120,1828,0.8852,Unknown,,,,
19,VIT_00s0131g00330,1831,0.885,F-box family protein,,,,
20,VIT_08s0007g02360,1836,0.8848,Harpin inducing protein 1-like 9,,,,
21,VIT_18s0075g00810,1832,0.8833,Laccase,E1_10_3_2,,vv11000Single_reactions,vv50109Incompletely_characterized_transport_systems
22,VIT_10s0003g05430,1812,0.8809,Reticuline oxidase precursor,E1_21_3_3,,vv10950Alkaloid_biosynthesis_I,
23,VIT_05s0077g01150,1811,0.8796,Beta-1 3-glucanase,E3_2_1_6,,,
24,VIT_00s1212g00020,1803,0.8748,Laccase,E1_10_3_2,,vv11000Single_reactions,vv50109Incompletely_characterized_transport_systems
25,VIT_05s0077g01590,1790,0.8627,Major allergen Mal d 1,,,,
26,VIT_05s0077g01570,1761,0.8582,Pathogenesis protein 10 [Vitis vinifera],,,,
27,VIT_18s0001g05760,1768,0.8562,No hit,,,,
28,VIT_00s0480g00030,1750,0.8524,Polyphenol oxidase,E1_10_3_1,,vv10350Tyrosine_metabolism,vv50109Incompletely_characterized_transport_systems
29,VIT_18s0075g00960,1750,0.8499,Laccase,E1_10_3_2,,vv11000Single_reactions,vv50109Incompletely_characterized_transport_systems
30,VIT_19s0015g02610,1739,0.8454,Glutathione S-transferase 25 GSTU25,E2_5_1_18_GSTU25,,vv10480Glutathione_metabolism,
31,VIT_16s0100g01010<br>VIT_16s0100g00950<br>VIT_16s0100g01030<br>VIT_16s0100g00990,1740,0.8422,,,,,
32,VIT_06s0004g02010,1732,0.8371,No hit,,,,
33,VIT_17s0000g08210,1717,0.8367,Zinc finger (C3HC4-type ring finger),ZFC3HC4_103,,vv60078Other_zf-C3HC4,
34,VIT_06s0004g01010,1722,0.8351,Dirigent protein pDIR9,,,,
35,VIT_16s0039g01240<br>VIT_16s0039g01360<br>VIT_16s0039g01130<br>VIT_16s0039g01100<br>VIT_00s2508g00010<br>VIT_16s0039g01120<br>VIT_16s0039g01320<br>VIT_00s2849g00010<br>VIT_16s0039g01300<br>VIT_16s0039g01170<br>VIT_16s0039g01280,1707,0.8303,,,,,
36,VIT_01s0010g00540,1722,0.8275,BIM2 (BES1-interacting Myc-like protein 2,BIM2_2,,vv30005Brassinosteroids_signaling,vv60011BHLH
37,VIT_16s0100g01200<br>VIT_16s0100g01070,1712,0.8239,,,,,
38,VIT_10s0042g00850,1660,0.8054,Stilbene synthase [Vitis pseudoreticulata],E2_3_1_95,,vv10940Phenylpropanoid_biosynthesis,
39,VIT_10s0042g00930<br>VIT_10s0042g00890<br>VIT_10s0042g00870<br>VIT_10s0042g00860<br>VIT_10s0042g00920,1657,0.8036,,,,,
40,VIT_01s0010g01490,1628,0.7827,Lysine histidine transporter 1,LHT1,,vv50123Porters_cat_18_to_29,
41,VIT_12s0034g01950<br>VIT_12s0034g01870<br>VIT_12s0034g01920<br>VIT_12s0034g01930<br>VIT_12s0034g01890<br>VIT_12s0034g01910,1602,0.7747,,,,,
42,VIT_06s0004g01020,1586,0.768,Dirigent protein,,,,
43,VIT_11s0016g00350,1579,0.7669,Sec34/COG3,SEC34,,vv50110Protein_coat,vv50111Tethering_factors
44,VIT_04s0044g00220,1589,0.7654,Monooxygenase,,,,
45,VIT_06s0004g01030,1580,0.7644,Dirigent protein,,,,
46,VIT_00s0347g00120,1565,0.7597,S-locus lectin protein kinase,,,,
47,VIT_02s0025g04290,1558,0.7585,Thaumatin,,,,
48,VIT_01s0137g00220,1569,0.7561,ALB4 (ALBINA 4),K03217,,vv23060Protein_export,vv50122Porters_cat_7_to_17
49,VIT_18s0001g13240,1571,0.7535,Thioredoxin H-type 1,,,,
50,VIT_12s0034g01970,1541,0.747,Cupin,,,,
51,VIT_05s0049g01010,1521,0.7344,Myb domain protein 14,MYB14_4,MYB13,vv60044MYB,
52,VIT_08s0007g05320,1516,0.7274,Essential for mitotic growth 1,K14568,,vv23008Ribosome_biogenesis_in_Eukaryotes,
53,VIT_10s0042g00910,1503,0.7264,Stilbene synthase [Vitis pseudoreticulata],E2_3_1_95,,vv10940Phenylpropanoid_biosynthesis,
54,VIT_18s0001g15130,1490,0.7226,WD40 repeat protein,,,,
55,VIT_04s0008g00110,1483,0.7217,Jasmonate ZIM domain-containing protein 8,JAZ8_3,,vv30011Jasmonate_signaling,vv60069ZIM
56,VIT_08s0007g03310,1479,0.7148,Unknown,,,,
57,VIT_05s0077g01580,1467,0.7114,Pathogenesis protein 10 [Vitis vinifera],,,,
58,VIT_02s0025g04100,1474,0.7097,CCR4-NOT transcription complex subunit 2,K12605,,vv23018RNA_degradation,
59,VIT_09s0018g01320,1464,0.7076,No hit,,,,
60,VIT_03s0088g00410,1457,0.7052,Pyruvate kinase isozyme A  chloroplast precursor,E2_7_1_40,,vv10010Glycolysis,vv10230Purine_metabolism
61,VIT_18s0117g00600,1464,0.7045,Laccase,E1_10_3_2,,vv11000Single_reactions,vv50109Incompletely_characterized_transport_systems
62,VIT_02s0025g02940,1452,0.7008,Caffeic acid O-3-methyltransferase,E2_1_1_68,,vv10940Phenylpropanoid_biosynthesis,
63,VIT_05s0094g01670,1448,0.7002,PP1/PP2A phosphatases pleiotropic regulator PRL1,K12862,,vv23040Spliceosome,vv50109Incompletely_characterized_transport_systems
64,VIT_09s0002g05210,1449,0.6993,F-box family protein,,,,
65,VIT_00s0270g00120,1448,0.6982,Alpha-amylase/subtilisin inhibitor,E3_2_1_1,,vv10500Starch_and_sucrose_metabolism,
66,VIT_14s0036g00990,1442,0.6966,Polyubiquitin (UBQ4),,,,
67,VIT_09s0054g00960,1444,0.6959,No hit,,,,
68,VIT_03s0088g00750,1434,0.6948,Pathogenesis related protein 1 precursor [Vitis vinifera],PRP1,,vv30011Jasmonate_signaling,vv34626Plant-pathogen_interaction
69,VIT_10s0405g00020,1436,0.6917,Mo25,K08272,,vv34150mTOR_signaling_pathway,
70,VIT_17s0119g00070,1421,0.6838,Unknown protein,,,,
71,VIT_19s0014g01150,1413,0.6823,Curculin (mannose-binding) lectin,,,,
72,VIT_09s0002g05430,1391,0.6697,ABC transporter g family pleiotropic drug resistance 12 PDR12,ABCGPDR12,,vv52010ABC_transporters,
73,VIT_16s0100g01000,1377,0.6665,Stilbene synthase 4,E2_3_1_95,,vv10940Phenylpropanoid_biosynthesis,
74,VIT_02s0033g00790,1369,0.662,Nitrilase 4B,E3_5_5_1,,vv10460Cyanoamino_acid_metabolism,vv10910Nitrogen_metabolism
75,VIT_08s0040g01710,1345,0.6507,Phenylalanine ammonia-lyase,E4_3_1_5,,vv10350Tyrosine_metabolism,vv10360Phenylalanine_metabolism
76,VIT_00s0413g00010,1348,0.6487,Laccase (diphenol oxidase) family protein,E1_10_3_2,,vv11000Single_reactions,vv50109Incompletely_characterized_transport_systems
77,VIT_04s0044g01320,1322,0.6433,ABCNAP13,K02006,,vv52010ABC_transporters,
78,VIT_03s0091g00380,1334,0.6429,Thioredoxin domain-containing protein 9,,,,
79,VIT_19s0014g01110,1319,0.6409,Curculin (mannose-binding) lectin,,,,
80,VIT_18s0086g00630,1313,0.6361,Unknown,,,,
81,VIT_11s0065g00350,1312,0.6341,Trans-cinnamate 4-monooxygenase,E1_14_13_11,,vv10360Phenylalanine_metabolism,vv10940Phenylpropanoid_biosynthesis
82,VIT_03s0038g00920,1306,0.6334,Carbohydrate kinase  PfkB,E2_7_1_15,,vv10030Pentose_phosphate,
83,VIT_07s0005g03340,1317,0.6307,Myb domain protein 14,MYB14_2,MYB14,vv60044MYB,
84,VIT_17s0000g09200,1307,0.6302,Unknown protein,,,,
85,VIT_05s0077g01600,1300,0.6268,Pathogenesis protein 10 [Vitis vinifera],,,,
86,VIT_18s0001g13340,1288,0.6259,Purple acid phosphatase 32- ATPAP32/PAP32,E3_1_3_2,,vv10740Riboflavin_metabolism,
87,VIT_02s0033g00840,1286,0.6219,Nitrilase 4B,E3_5_5_1,,vv10460Cyanoamino_acid_metabolism,vv10910Nitrogen_metabolism
88,VIT_05s0077g01530,1276,0.617,Pathogenesis protein 10 [Vitis vinifera],,,,
89,VIT_08s0040g03100,1268,0.6146,Glutathione S-transferase GSTO1,E2_5_1_18_GSTO1,,vv10480Glutathione_metabolism,
90,VIT_13s0047g00460,1263,0.6134,Essential for mitotic growth 1,K14568,,vv23008Ribosome_biogenesis_in_Eukaryotes,
91,VIT_03s0063g01330,1269,0.6104,Nodulin 1A  senescence-associated,,,,
92,VIT_11s0078g00290,1255,0.6069,Cinnamate 4-hydroxylase,E1_14_13_11,,vv10360Phenylalanine_metabolism,vv10940Phenylpropanoid_biosynthesis
93,VIT_08s0007g08480,1247,0.6018,Zinc proteinase,,,,
94,VIT_16s0100g00050,1247,0.6001,Protein kinase,,,,
95,VIT_02s0025g02930,1244,0.5998,Caffeic acid O-3-methyltransferase,E2_1_1_68,,vv10940Phenylpropanoid_biosynthesis,
96,VIT_16s0100g01040,1240,0.5993,Stilbene synthase - grape,E2_3_1_95,,vv10940Phenylpropanoid_biosynthesis,
97,VIT_03s0091g00140,1239,0.598,Plant basic secretory protein (BSP) family,,,,
98,VIT_18s0001g15710,1222,0.5976,Electron carrier/ oxidoreductase,,,,
99,VIT_16s0100g01130,1241,0.5963,Stilbene synthase [Vitis vinifera],E2_3_1_95,,vv10940Phenylpropanoid_biosynthesis,
100,VIT_06s0004g07780,1223,0.5937,No hit,,,,
101,VIT_14s0030g00400,1232,0.5926,WD40,,,,
102,VIT_14s0108g00890,1223,0.5923,Beta-1 3-galactosyltransferase,K07819,,vv10602Glycosphingolipid_biosynthesis,
103,VIT_07s0005g02050,1207,0.5851,Carboxylic ester hydrolase,E3_1_1_1,,,
104,VIT_05s0077g01690,1212,0.5841,Pathogenesis protein 10 [Vitis vinifera],,,,
105,VIT_16s0050g02230,1206,0.5826,Chitinase [Vitis vinifera],E3_2_1_14,,vv10530Aminosugars_metabolism,
106,VIT_01s0026g00210,1204,0.5805,Aldehyde dehydrogenase (NAD+),E1_2_1_3,vv10561Glycerolipid_metabolism,vv10010Glycolysis,vv10071Fatty_acid_metabolism
107,VIT_17s0000g06390,1183,0.5757,Pentatricopeptide (PPR) repeat-containing protein,,,,
108,VIT_07s0191g00030,1193,0.5744,RAB GTPase RABA4A,K07976,,,
109,VIT_05s0020g05040,1191,0.5743,Proteinase inhibitor 1 PPI3B2,,,,
110,VIT_06s0004g05220,1191,0.5709,Serine/arginine repetitive matrix protein 1,K13171,,vv23013RNA_transport,vv23015mRNA_surveillance_pathway
111,VIT_01s0011g02320,1173,0.5669,Unknown protein,,,,
112,VIT_16s0100g01140,1175,0.5668,Stilbene synthase 2,E2_3_1_95,,vv10940Phenylpropanoid_biosynthesis,
113,VIT_14s0036g00930,1166,0.5663,Polyubiquitin (UBQ4),,,,
114,VIT_03s0063g01310,1165,0.5631,Oxidoreductase  2OG-Fe(II) oxygenase family,,,,
115,VIT_14s0006g02770,1159,0.5569,Proton-dependent oligopeptide transport (POT) family protein,POT,,vv50122Porters_cat_7_to_17,
116,VIT_08s0056g00040,1143,0.5516,WD-40 repeat protein,,,,
117,VIT_02s0033g00770,1143,0.5516,Nitrilase 4B,E3_5_5_1,,vv10460Cyanoamino_acid_metabolism,vv10910Nitrogen_metabolism
118,VIT_18s0075g00530,1139,0.5508,Laccase,E1_10_3_2,,vv11000Single_reactions,vv50109Incompletely_characterized_transport_systems
119,VIT_03s0063g01280<br>VIT_03s0063g01160,1139,0.5481,,,,,
120,VIT_18s0075g00630,1133,0.5476,Laccase,E1_10_3_2,,vv11000Single_reactions,vv50109Incompletely_characterized_transport_systems
121,VIT_16s0100g00770,1119,0.538,Stilbene synthase,E2_3_1_95,,vv10940Phenylpropanoid_biosynthesis,
122,VIT_00s0410g00040,1097,0.5338,Anthranilate N-benzoyltransferase protein 1,E2_3_1_144,,vv10400Phenylalanine_tyrosine_and_tryptophan_biosynthesis,
123,VIT_03s0088g00700,1101,0.5311,Pathogenesis related protein 1 precursor (pr1 gene),PRP1,,vv30011Jasmonate_signaling,vv34626Plant-pathogen_interaction
124,VIT_14s0060g00110,1090,0.525,Glutamyl-tRNA synthetase  cytoplasmic,E6_1_1_17,,vv10860Porphyrin_and_chlorophyll_metabolism,vv20970Aminoacyl-tRNA_biosynthesis
125,VIT_05s0020g03690<br>VIT_05s0020g03710,1090,0.5245,,,,,
126,VIT_00s0194g00220,1086,0.5234,Unknown,,,,
127,VIT_11s0016g02360,1074,0.5211,TET2 (tetraspanin2),,,,
128,VIT_08s0007g06250,1071,0.5166,Strubbelig receptor family 2,,,,
129,VIT_03s0063g01500,1062,0.5155,CYP82C3,,,,
130,VIT_10s0042g00590,1038,0.5027,Leucine-rich repeat receptor-like protein kinase 1,,,,
131,VIT_16s0050g00400,1029,0.4981,Photoassimilate-responsive protein PAR-1a,,,,
132,VIT_09s0002g05370,1018,0.4942,ABC transporter g family pleiotropic drug resistance 12 PDR12,ABCGPDR12,,vv52010ABC_transporters,
133,VIT_16s0100g01190,1011,0.4898,Stilbene synthase [Vitis vinifera],E2_3_1_95,,vv10940Phenylpropanoid_biosynthesis,
134,VIT_09s0002g02950,1008,0.4893,No hit,,,,
135,VIT_02s0025g04340,1010,0.4889,Osmotin,,,,
136,VIT_16s0050g02210,1000,0.4843,Chitinase III [Vitis vinifera],E3_2_1_14,,vv10530Aminosugars_metabolism,
137,VIT_00s0301g00090,1008,0.4835,NDA2 (alternative NAD(P)H dehydrogenase 2),K03885,,vv10190Oxidative_phosphorylation,vv50134Primary_active_transporter_cat_D1
138,VIT_16s0050g00430,980,0.4727,Photoassimilate-responsive protein PAR-1a,,,,
139,VIT_10s0003g04080,965,0.4673,Unknown,,,,
140,VIT_18s0001g12500,966,0.4667,Unknown protein,,,,
141,VIT_13s0067g02630,952,0.4615,No hit,,,,
142,VIT_04s0008g01040,950,0.4605,Lysine decarboxylase,E4_1_1_18,,vv10300Lysine_biosynthesis,
143,VIT_12s0059g01380,953,0.4588,1-aminocyclopropane-1-carboxylate oxidase 1,E1_14_17_4,,vv10640Propanoate_metabolism,vv30008Ethylene_signaling
144,VIT_17s0000g05350,947,0.4575,5-formyltetrahydrofolate cycloligase,E6_3_3_2,,vv10670One_carbon_pool_by_folate,
145,VIT_03s0017g00650,938,0.4567,GTP cyclohydrolase II,E3_5_4_25,,vv10740Riboflavin_metabolism,
146,VIT_01s0011g00550,946,0.4542,Hydrolase  alpha/beta fold family,,,,
147,VIT_11s0016g01780,940,0.4539,HAB1 (homology toABI1),HAB1,,vv30001ABA_signaling,
148,VIT_00s0762g00010,933,0.4531,S-locus lectin protein kinase family,,,,
149,VIT_18s0001g11650,933,0.4514,Pentatricopeptide repeat,,,,
150,VIT_12s0035g01520,935,0.4493,Disease resistance protein RPS2,,,,
151,VIT_09s0002g05540,931,0.4491,ABC transporter g family pleiotropic drug resistance 12 PDR12,ABCGPDR12,,vv52010ABC_transporters,
152,VIT_14s0068g02150,928,0.4487,Kelch repeat-containing F-box family protein,,,,
153,VIT_03s0017g01410,914,0.4403,No hit,,,,
154,VIT_06s0009g03130,915,0.4388,Cytochrome P450  family 79  subfamily A  polypeptide 2,K12153,,vv10966Glucosinolate_biosynthesis,
155,VIT_07s0031g01090,907,0.4384,Ascorbate oxidase,E1_10_3_3,,vv10053Ascorbate_and_aldarate_metabolism,vv50109Incompletely_characterized_transport_systems
156,VIT_17s0000g03370,899,0.4379,Calmodulin-binding protein,K02183,,vv34020Calcium_signaling_pathway,vv34626Plant-pathogen_interaction
157,VIT_13s0019g00980,898,0.4353,GTP binding protein,,,,
158,VIT_13s0067g01730,898,0.4344,Steroid 5alpha-reductase,K09591,,vv10905Brassinosteroid_biosynthesis,
159,VIT_14s0060g02750<br>VIT_14s0128g00970<br>VIT_14s0128g00990<br>VIT_14s0128g00980<br>VIT_14s0128g01010<br>VIT_14s0128g01030<br>VIT_14s0128g01020<br>VIT_14s0128g01040,889,0.4293,,,,,
160,VIT_16s0050g02530,878,0.4252,Myb Triptychon,TRIPTYCHON_1,,vv44110Cell_cycle,vv60045MYBrelated
161,VIT_16s0039g00310,868,0.4201,Unknown protein,,,,
162,VIT_17s0000g07670,855,0.4157,Betaine-aldehyde dehydrogenase,E1_2_1_8,,vv10260Glycine_serine_and_threonine_metabolism,vv50101Channels_and_pores
163,VIT_00s0480g00040,854,0.4142,Polyphenol oxidase II  chloroplast precursor,E1_10_3_1,,vv10350Tyrosine_metabolism,vv50109Incompletely_characterized_transport_systems
164,VIT_12s0035g02210,861,0.4129,Unknown protein,,,,
165,VIT_14s0083g00080,846,0.4087,Unknown protein,,,,
166,VIT_11s0052g00610,848,0.4079,Homogenitisate geranylgeranyl transferase,K09833,,vv10100Biosynthesis_of_steroids,
167,VIT_03s0088g00690,842,0.4054,Pathogenesis-related protein 1 precursor (PRP 1),PRP1,,vv30011Jasmonate_signaling,vv34626Plant-pathogen_interaction
168,VIT_15s0024g00710,832,0.4,Gag-pol polyprotein,,,,
169,VIT_09s0002g05360<br>VIT_09s0002g05400<br>VIT_09s0002g05490<br>VIT_09s0002g05590,813,0.396,,,,,
170,VIT_07s0141g00890,819,0.3949,CYP94A1,,,,
171,VIT_02s0025g04280,817,0.3934,Osmotin,,,,
172,VIT_05s0020g03440,815,0.3932,Photosystem II 11 kDa protein PSB27,K08902,,vv10195Photosynthesis,vv50135Primary_active_transporter_cat_D3_to_E2
173,VIT_13s0019g01440,809,0.3903,No hit,,,,
174,VIT_09s0002g00160,806,0.3899,Histone H2A.4 HTA12,H2A4,,,
175,VIT_18s0001g08760,796,0.3873,No hit,,,,
176,VIT_06s0004g08290,803,0.3862,KH domain-containing protein,,,,
177,VIT_09s0054g00910,784,0.3797,Chaperone BCS1 mitochondrial,K08900,,,
178,VIT_08s0058g00690,778,0.3788,WRKY DNA-binding protein 33,WRKY33_3,VvWRKY24,vv34626Plant-pathogen_interaction,vv60066WRKY
179,VIT_14s0108g00350,780,0.3775,3-dehydroquinate synthase,E4_2_3_4,,vv10400Phenylalanine_tyrosine_and_tryptophan_biosynthesis,
180,VIT_19s0015g00220,782,0.3774,Unknown protein,,,,
181,VIT_11s0016g03080,775,0.3751,Clavata1 receptor kinase (CLV1),,,,
182,VIT_05s0020g03140,767,0.3716,Sugar transporter 13,STP13,,vv50121Porters_cat_1_to_6,
183,VIT_17s0000g03130,741,0.3594,Unknown protein,,,,
184,VIT_18s0001g15150,738,0.3586,Unknown protein,,,,
185,VIT_07s0031g01010<br>VIT_07s0031g01040<br>VIT_07s0031g01050,735,0.3558,,,,,
186,VIT_01s0137g00090,735,0.3556,Aldehyde dehydrogenase (NAD+),E1_2_1_3,vv10561Glycerolipid_metabolism,vv10010Glycolysis,vv10071Fatty_acid_metabolism
187,VIT_19s0014g01370,732,0.3543,Curculin (mannose-binding) lectin,,,,
188,VIT_11s0016g04120,735,0.3539,No hit,,,,
189,VIT_01s0137g00080,730,0.3513,Aldehyde dehydrogenase (NAD+),E1_2_1_3,vv10561Glycerolipid_metabolism,vv10010Glycolysis,vv10071Fatty_acid_metabolism
190,VIT_14s0030g00470,713,0.3458,Stress regulated protein isoform 3,,,,
191,VIT_19s0014g01020,715,0.3451,Protein transport protein Sec61 subunit alpha,K10956,,vv23060Protein_export,vv24141Protein_processing_in_endoplasmic_reticulum
192,VIT_03s0091g00530,708,0.3435,N-acetyltransferase ESCO2,,,,
193,VIT_14s0128g00610<br>VIT_14s0128g00640,695,0.3351,,,,,
194,VIT_14s0171g00400,686,0.3324,Lysine histidine transporter 1,LHT1,,vv50123Porters_cat_18_to_29,
195,VIT_09s0054g00900,685,0.332,Chaperone BCS1 mitochondrial,K08900,,,
196,VIT_09s0002g02970,690,0.3316,Unknown,,,,
197,VIT_05s0124g00450,682,0.3296,Unknown protein,,,,
198,VIT_01s0011g03310,676,0.3277,Unknown protein,,,,
199,VIT_02s0025g04270<br>VIT_02s0025g04260<br>VIT_02s0025g04230,678,0.3267,,,,,
200,VIT_14s0108g01490,669,0.3259,Pentatricopeptide (PPR) repeat-containing protein,,,,
201,VIT_07s0005g02660,673,0.3234,ABC transporter B member 13,ABCB13,,vv52010ABC_transporters,
202,VIT_03s0038g02790,660,0.3175,Ribosomal protein L2  Chloroplast,K02886,,vv23010Ribosome,
203,VIT_03s0088g00810,642,0.3107,Pathogenesis-related protein 1 precursor (PRP 1),PRP1,,vv30011Jasmonate_signaling,vv34626Plant-pathogen_interaction
204,VIT_05s0077g01660,641,0.3089,Major allergen protein homolog,,,,
205,VIT_03s0038g00090,633,0.3056,Epoxide hydrolase-like protein,E3_3_2_10,,,
206,VIT_13s0019g01010,630,0.3048,ABA2 (ABA deficient 2),E1_1_1_288,,vv10906Carotenoid_biosynthesis,vv11013ABA_biosynthesis
207,VIT_04s0044g00040,627,0.3029,Dirigent,,,,
208,VIT_13s0019g01810,625,0.3028,Scarecrow transcription factor 14 (SCL14),SCL14_3,,vv60032GRAS,
209,VIT_16s0050g00410,621,0.3004,Photoassimilate-responsive protein PAR-1a,,,,
210,VIT_18s0001g10180,620,0.2997,N-hydroxycinnamoyl/benzoyltransferase 3,,,,
211,VIT_00s0753g00020,619,0.2996,Histone H2A.4 HTA12,H2A4,,,
212,VIT_08s0007g04860,621,0.299,Nodulin family protein,,,,
213,VIT_17s0000g02930,620,0.2987,Glutathione S-transferase 25 GSTU7,E2_5_1_18_GSTU7,,vv10480Glutathione_metabolism,
214,VIT_03s0088g00780,615,0.2971,Pathogenesis-related protein 1 precursor (PRP 1),PRP1,,vv30011Jasmonate_signaling,vv34626Plant-pathogen_interaction
215,VIT_14s0128g00680,612,0.2961,Germin,,,,
216,VIT_10s0003g05450,599,0.2918,Reticuline oxidase precursor,E1_21_3_3,,vv10950Alkaloid_biosynthesis_I,
217,VIT_09s0002g05440,583,0.2808,ABC transporter g family pleiotropic drug resistance 12 PDR12,ABCGPDR12,,vv52010ABC_transporters,
218,VIT_05s0049g01020,582,0.2806,Myb domain protein 14,MYB14_3,,vv60044MYB,
219,VIT_01s0010g03930,579,0.2792,WRKY DNA-binding protein 75,WRKY75_1,VvWRKY03,vv60066WRKY,
220,VIT_04s0069g01010,576,0.2789,Harpin-induced protein,,,,
221,VIT_05s0077g01130,571,0.2768,Seed maturation protein PM36,,,,
222,VIT_05s0077g01030,563,0.2728,Unknown,,,,
223,VIT_12s0055g00800,558,0.27,Arachidonic acid-induced DEA1,,,,
224,VIT_09s0002g05600,555,0.2681,ABC transporter g family pleiotropic drug resistance 12 PDR12,ABCGPDR12,,vv52010ABC_transporters,
225,VIT_14s0030g01390,554,0.268,Ribosome biogenesis protein Bms1,K14569,,vv23008Ribosome_biogenesis_in_Eukaryotes,
226,VIT_06s0004g05110,551,0.2675,Unknown,,,,
227,VIT_03s0063g01180,546,0.2647,Gibberellin 20 oxidase 2,E1_14_11_12,,vv10904Diterpenoid_biosynthesis,
228,VIT_00s0586g00020,545,0.2637,Unknown protein,,,,
229,VIT_04s0044g01200,538,0.2605,Auxin-independent growth promoter,,,,
230,VIT_01s0026g02250,533,0.2579,Haloacid dehalogenase hydrolase,E3_1_3_18,,vv10630Glyoxylate_and_dicarboxylate_metabolism,
231,VIT_07s0005g04400,530,0.2559,Photosystem II reaction centre W (PsbW),K08903,,vv10195Photosynthesis,vv50135Primary_active_transporter_cat_D3_to_E2
232,VIT_11s0037g00750,527,0.2546,CDK-activating kinase assembly factor MAT1,K10842,,vv23420Nucleotide_excision_repair,
233,VIT_14s0036g00480,524,0.2534,Tyrosyl-tRNA synthetase,E6_1_1_1,,vv10400Phenylalanine_tyrosine_and_tryptophan_biosynthesis,vv20970Aminoacyl-tRNA_biosynthesis
234,VIT_00s0183g00040,521,0.2529,Importin alpha,IMPALPHA,,vv50109Incompletely_characterized_transport_systems,vv50112Nuclear_pore_complex
235,VIT_18s0001g04640,520,0.2522,No hit,,,,
236,VIT_18s0086g00410,522,0.2508,Auxin-binding protein ABP19,ABP19,,vv30003Auxin_signaling,
237,VIT_00s1278g00010,520,0.2507,Brassinosteroid insensitive 1-associated receptor kinase 1,BAK1,,vv30005Brassinosteroids_signaling,
238,VIT_18s0001g15660,515,0.2502,Pathogen-related,,,,
239,VIT_14s0128g00540<br>VIT_14s0128g00570<br>VIT_14s0128g00600,513,0.2485,,,,,
240,VIT_12s0059g01720,510,0.2472,No hit,,,,
241,VIT_08s0007g00780,507,0.246,One helix protein (OHP),,,,
242,VIT_13s0156g00590,503,0.2423,S-receptor kinase,,,,
243,VIT_13s0019g03520,502,0.2404,No hit,,,,
244,VIT_17s0000g06790,495,0.2397,flavin-containing monooxygenase,E1_14_13_8,,vv11000Single_reactions,
245,VIT_08s0007g01560,495,0.2394,Photoassimilate-responsive protein,,,,
246,VIT_00s0207g00110,493,0.2379,Antigen receptor,,,,
247,VIT_12s0057g01090,490,0.2369,Nudix hydrolase 2,,,,
248,VIT_13s0019g03450,488,0.2347,Unknown protein,,,,
249,VIT_03s0088g00710,483,0.2347,Pathogenesis-related protein 1 precursor (PRP 1),PRP1,,vv30011Jasmonate_signaling,vv34626Plant-pathogen_interaction
250,VIT_13s0156g00570,475,0.2299,S-receptor kinase,,,,
251,VIT_07s0005g04890,473,0.2284,Glutathione S-transferase 25 GSTU7,E2_5_1_18_GSTU7,,vv10480Glutathione_metabolism,
252,VIT_10s0071g01210,459,0.2222,No hit,,,,
253,VIT_09s0002g06940,459,0.222,ABC transporter g family pleiotropic drug resistance 12 PDR12,ABCGPDR12,,vv52010ABC_transporters,
254,VIT_15s0048g02070,450,0.2187,BON2-associated protein (BAP2),,,,
255,VIT_11s0016g05540,448,0.2156,Dicyanin,,,,
256,VIT_03s0091g00130,445,0.2152,Prp27,,,,
257,VIT_17s0000g04660,444,0.215,Agmatine deiminase,E3_5_3_12,,vv10220Urea_cycle_and_metabolism_of_amino_groups,
258,VIT_03s0088g01260,445,0.2134,TIP growth defective 1,TIP1GD,,vv50108Accessory_factors_involved_in_transport,
259,VIT_11s0016g05530,428,0.2053,Plastocyanin domain-containing protein,K02638,,vv10195Photosynthesis,vv50113Thylakoid_targeting_pathway
260,VIT_03s0017g01940,415,0.2016,Unknown,,,,
261,VIT_03s0038g03530,410,0.1991,LYS/HIS transporter 7,LHT7,,vv50123Porters_cat_18_to_29,
262,VIT_04s0008g05340,406,0.1959,Bundle-sheath defective protein 2,,,,
263,VIT_18s0075g00670,403,0.1937,Laccase,E1_10_3_2,,vv11000Single_reactions,vv50109Incompletely_characterized_transport_systems
264,VIT_09s0096g00130,397,0.1916,Pirin,K06911,,,
265,VIT_00s0347g00070,396,0.191,S-locus lectin protein kinase,,,,
266,VIT_14s0060g02760,391,0.1891,Germin-like protein 3 [Vitis vinifera],,,,
267,VIT_07s0031g00460,388,0.1866,Nicotinate phosphoribosyltransferase,E2_4_2_11,,vv10760Nicotinate_and_nicotinamide_metabolism,
268,VIT_05s0020g00400,386,0.1861,Galactosyltransferase family protein,E2_4_x_x,,,
269,VIT_00s0181g00170,386,0.1858,F-box family protein,,,,
270,VIT_18s0001g13100,385,0.1856,Glycosyl transferase family 1 protein,,,,
271,VIT_12s0055g01280,380,0.1848,Brassinosteroid insensitive 1-associated receptor kinase 1,BAK1,,vv30005Brassinosteroids_signaling,vv34626Plant-pathogen_interaction
272,VIT_02s0033g01390,380,0.1845,No hit,,,,
273,VIT_10s0003g04510,378,0.1826,Ankyrin,K10380,,,
274,VIT_11s0037g00700,374,0.1815,Unknown protein,,,,
275,VIT_04s0008g01380,372,0.1802,Unknown protein,,,,
276,VIT_00s0743g00020,374,0.1799,S-locus lectin protein kinase,,,,
277,VIT_05s0020g00750,366,0.1782,Novel plant snare 13,K08494,,,
278,VIT_06s0009g02600<br>VIT_06s0009g02630,368,0.1773,,,,,
279,VIT_19s0015g00070,366,0.1767,CYP71D10p,,,,
280,VIT_02s0033g01380,357,0.1729,Alternative oxidase 1D,AOX1D,,vv30001ABA_signaling,
281,VIT_04s0008g03180,353,0.1708,Unknown protein,,,,
282,VIT_13s0067g01450,351,0.1699,Lateral organ boundaries domain 21,LBD21,,vv60007AS2,
283,VIT_07s0005g02190,351,0.1691,Zinc finger (C2H2 type) family,C2H2FAM_36,,vv60017C2H2,
284,VIT_00s0531g00010,347,0.168,HEAT repeat-containing protein,,,,
285,VIT_11s0016g01590,345,0.1667,Oligosaccharyl transferase STT3 protein [Vitis vinifera],K07151,,vv10510N-Glycan_biosynthesis,vv24141Protein_processing_in_endoplasmic_reticulum
286,VIT_09s0018g00950,344,0.1663,Laccase,E1_10_3_2,,vv11000Single_reactions,vv50109Incompletely_characterized_transport_systems
287,VIT_03s0038g03400,345,0.1656,Endochitinase 1  basic,E3_2_1_14,,vv10530Aminosugars_metabolism,
288,VIT_17s0053g00460,343,0.1656,Pinoresinol-lariciresinol reductase,PLR,,vv10940Phenylpropanoid_biosynthesis,
289,VIT_09s0002g05570,343,0.1654,ABC transporter g family pleiotropic drug resistance 12 PDR12,ABCGPDR12,,vv52010ABC_transporters,
290,VIT_09s0002g05610,339,0.1642,Unknown,,,,
291,VIT_18s0001g00920<br>VIT_18s0075g00590<br>VIT_18s0001g00850<br>VIT_18s0075g00780<br>VIT_18s0001g00790<br>VIT_18s0001g00730<br>VIT_18s0001g00310<br>VIT_18s0075g00620<br>VIT_18s0075g00540<br>VIT_18s0075g00600<br>VIT_18s0075g00580<br>VIT_00s0481g00020<br>VIT_18s0001g00930,338,0.1634,,,,,
292,VIT_09s0054g00580<br>VIT_09s0054g00570,338,0.163,,,,,
293,VIT_19s0014g05110,335,0.1628,Unknown,,,,
294,VIT_03s0017g01990,338,0.1616,UDP-glucose glucosyltransferase,E2_4_1_35,,vv10500Starch_and_sucrose_metabolism,
295,VIT_01s0026g02640,334,0.1611,UbiE/COQ5 methyltransferase,K06127,,vv10130Ubiquinone_biosynthesis,
296,VIT_03s0038g02460,332,0.1602,CDP-diacylglycerol--inositol 3-phosphatidyltransferase 1,E2_7_8_11,,vv10564Glycerophospholipid_metabolism,vv34070Phosphatidylinositol_signaling_system
297,VIT_02s0025g04310,318,0.1546,Thaumatin,,,,
298,VIT_02s0025g02770,311,0.1506,Glucan endo-1 3-beta-glucosidase 7 precursor,E3_2_1_39,,vv10500Starch_and_sucrose_metabolism,
299,VIT_15s0046g01640,307,0.1484,Abl interactor protein 1 (ABIL1),,,,
300,VIT_14s0030g01970,304,0.147,Auxin-induced protein PCNT115,AUXREG,,vv30003Auxin_signaling,
301,VIT_07s0031g01380,302,0.1462,ferulate 5-hydroxylase,K09755,,vv10940Phenylpropanoid_biosynthesis,
302,VIT_08s0058g00810,296,0.1432,D-alanine--D-alanine ligase,E6_3_2_4,,vv10252Alanine_and_aspartate_metabolism,
303,VIT_01s0182g00020,293,0.1417,Ankyrin repeat family protein,,,,
304,VIT_02s0087g01010,294,0.1416,CRK10 (cysteine-rich RLK10),,,,
305,VIT_14s0081g00540,291,0.1405,No hit,,,,
306,VIT_12s0034g01980,291,0.1405,Globulin-like protein,,,,
307,VIT_06s0061g01210,290,0.1395,Lysine histidine transporter 1,LHT1,,vv50123Porters_cat_18_to_29,
308,VIT_01s0010g01330,284,0.1369,No hit,,,,
309,VIT_15s0048g01350,282,0.1364,Gibberellin receptor GID1L3,GID1C,,vv30010Gibberellin_signaling,
310,VIT_06s0004g05100,280,0.1349,PUMILIO 1 (APUM1),PUM1,,,
311,VIT_11s0016g01610,279,0.1336,Unknown,,,,
312,VIT_14s0066g01150,271,0.1308,Cinnamoyl-CoA reductase,E1_2_1_44,,vv10940Phenylpropanoid_biosynthesis,
313,VIT_02s0012g00730,268,0.13,Purine permease 10 PUP10,PUP10,,vv50122Porters_cat_7_to_17,
314,VIT_11s0037g00340,267,0.1297,Homoserine kinase (HSK),E2_7_1_39,,vv10260Glycine_serine_and_threonine_metabolism,
315,VIT_18s0001g04490,265,0.129,Germacrene-D synthase,E4_2_3_22,,vv10900Terpenoid_biosynthesis,
316,VIT_00s2582g00010,265,0.1281,Unknown,,,,
317,VIT_02s0025g01480,262,0.1269,Translation initiation factor eIF-3 subunit 10,K03254,,vv23013RNA_transport,
318,VIT_02s0033g01320,261,0.1264,Amino acid permease,AAPREL,,vv50123Porters_cat_18_to_29,
319,VIT_05s0020g04380,261,0.126,Calcium-transporting ATPase 13 ACA13,K01537,,vv34020Calcium_signaling_pathway,vv50131Primary_active_transporter_cat_A2_to_A4
320,VIT_09s0002g01550,259,0.1255,Lecithine cholesterol acyltransferase,E2_3_1_43,,vv10564Glycerophospholipid_metabolism,
321,VIT_11s0118g00040,259,0.1252,Receptor Like Protein 9,,,,
322,VIT_07s0129g01010,258,0.125,Unknown,,,,
323,VIT_08s0040g03010,256,0.1238,Pigment defective 149,PDE149,,vv50109Incompletely_characterized_transport_systems,
324,VIT_07s0005g04320,255,0.1235,No hit,,,,
325,VIT_00s0207g00080,255,0.1232,UDP-galactose transporter 6,UTR6,,vv50122Porters_cat_7_to_17,
326,VIT_05s0049g00910,252,0.1227,No hit,,,,
327,VIT_17s0053g00750,250,0.1211,Unknown protein,,,,
328,VIT_18s0001g00420,249,0.1204,Laccase,E1_10_3_2,,vv11000Single_reactions,vv50109Incompletely_characterized_transport_systems
329,VIT_04s0069g00470,247,0.1203,No hit,,,,
330,VIT_07s0005g00410,249,0.1198,Glycosyl hydrolase family 1 protein,,,,
331,VIT_18s0076g00380,249,0.1198,ABC transporter F member 6,ABCF6,,vv52010ABC_transporters,
332,VIT_12s0134g00130,246,0.1191,Ribosomal protein L2 60S,K02886,,vv23010Ribosome,
333,VIT_17s0119g00150,246,0.1191,Alpha-amylase/subtilisin inhibitor,E3_2_1_1,,vv10500Starch_and_sucrose_metabolism,
334,VIT_00s0125g00090,245,0.1188,Leucine-rich repeat protein kinase,,,,
335,VIT_10s0003g05250,247,0.1185,Germin-like protein,,,,
336,VIT_17s0053g00030,244,0.1178,No hit,,,,
337,VIT_02s0025g00540,243,0.1171,Unknown,,,,
338,VIT_01s0010g02450,240,0.1164,B12D,,,,
339,VIT_01s0011g01850,239,0.1154,Cytochrome c6 (ATC6),K08906,,vv10195Photosynthesis,vv50105Transport_electron_carriers
340,VIT_14s0006g02290,236,0.1151,DREB sub A-4 of ERF/AP2 transcription factor,TINY_2,VvERF028,vv30008Ethylene_signaling,vv60003AP2_EREBP
341,VIT_08s0007g05970,239,0.1149,Purple acid phosphatase 16 ATPAP16/PAP16,E3_1_3_2,,vv10740Riboflavin_metabolism,
342,VIT_18s0001g10760,235,0.1135,Strictosidine synthase,E4_3_3_2,,vv10900Terpenoid_biosynthesis,vv10902Monoterpenoid_biosynthesis
343,VIT_10s0042g00310<br>VIT_18s0075g00100,233,0.1132,,,,,
344,VIT_08s0007g05580,233,0.1129,Embryo-abundant protein,,,,
345,VIT_04s0023g01080,233,0.1128,Lys Motif-Type Receptor-Like Kinase LYK4,,,,
346,VIT_09s0002g00890,229,0.1114,Jasmonate ZIM-domain protein 1,JAZ1_2,,vv30011Jasmonate_signaling,vv60069ZIM
347,VIT_13s0175g00190,229,0.1105,V-type H+-transporting ATPase subunit I,K02154,,vv10190Oxidative_phosphorylation,vv44145Phagosome
348,VIT_18s0001g11130,226,0.1095,Calmodulin-binding protein AR781,,,,
349,VIT_18s0001g12470,227,0.1093,Dehydration-responsive protein,,,,
350,VIT_04s0044g00270,224,0.1088,Monooxygenase (MO3),,,,
351,VIT_01s0011g01760,224,0.108,Lectin,,,,
352,VIT_05s0077g00450,221,0.1074,Ribosomal protein S1 30S,K02945,,vv23010Ribosome,
353,VIT_11s0016g01650,220,0.1064,Ankyrin repeat,,,,
354,VIT_13s0067g02940,220,0.1064,Amidohydrolase 3,,,,
355,VIT_04s0069g00120,213,0.1036,Cullin 3a,K03869,,vv24120Ubiquitin_mediated_proteolysis,
356,VIT_13s0074g00570,211,0.1026,Gamma-aminobutyric acid transporter,GAT1,,vv50123Porters_cat_18_to_29,
357,VIT_18s0072g00260,211,0.1017,Ethylene-responsive transcription factor related to APETALA2 6,RAP2_6,VvERF114,vv30008Ethylene_signaling,vv60003AP2_EREBP
358,VIT_00s0214g00170,212,0.1016,Actin-related protein 7,ARP7,,vv44810Regulation_of_actin_cytoskeleton,
359,VIT_14s0081g00580,207,0.1002,GPI-anchor transamidase,K05289,,vv10563Glycosylphosphatidylinositol-anchor_biosynthesis,
360,VIT_05s0020g01140,201,0.0964,Ribosomal protein L18,K02881,,vv23010Ribosome,
361,VIT_01s0026g00820,197,0.0955,IAA-amino acid hydrolase 1 (ILR1),K01463,,vv11002Auxin_biosynthesis,
362,VIT_18s0001g10200<br>VIT_18s0001g10230,198,0.0952,,,,,
363,VIT_05s0094g00610,196,0.0949,Pirin,,,,
364,VIT_00s0204g00070,194,0.0939,Unknown protein,,,,
365,VIT_03s0063g02290,193,0.0933,Unknown protein,,,,
366,VIT_16s0050g02060,193,0.0927,Receptor kinase homolog LRK10,,,,
367,VIT_06s0004g02290,190,0.0917,Unknown,,,,
368,VIT_05s0062g00990,190,0.0915,Aldo/keto reductase AKR,E1_1_1_21,,vv10040Pentose_glucuronate_interconversion,vv10051Fructose_and_mannose_metabolism
369,VIT_17s0000g01650,189,0.0912,Cyclopropyl isomerase,E5_5_1_9,,vv10100Biosynthesis_of_steroids,
370,VIT_04s0043g00380,187,0.0907,Unknown protein,,,,
371,VIT_18s0001g11230,184,0.0889,OSB1 (organellar single-stranded),,,,
372,VIT_01s0011g02450,184,0.0885,No hit,,,,
373,VIT_19s0085g01200,181,0.0877,CTP synthase,E6_3_4_2,,vv10240Pyrimidine_metabolism,
374,VIT_14s0060g02170,179,0.0866,Glutathione S-transferase GSTU8,E2_5_1_18_GSTU8,,vv10480Glutathione_metabolism,
375,VIT_10s0092g00200,178,0.0861,Drug/metabolite transporter DMT family transporter,DMT,,vv50122Porters_cat_7_to_17,
376,VIT_12s0028g03850,177,0.0852,Thioredoxin M-type 2,,,,
377,VIT_17s0000g01060,176,0.085,No hit,,,,
378,VIT_07s0031g02640,174,0.0841,Zinc finger (C3HC4-type ring finger),ZFC3HC4_31,,vv60078Other_zf-C3HC4,
379,VIT_00s0768g00030,169,0.0814,Isopentenyl diphosphate isomerase 2,E5_3_3_2,,vv10100Biosynthesis_of_steroids,vv10900Terpenoid_biosynthesis
380,VIT_05s0020g03660,168,0.0813,Biopterin transport protein BT1,BIOPTERIN,,vv50125Porters_cat_66_to_94,
381,VIT_12s0057g00300,169,0.0811,Unknown protein,,,,
382,VIT_02s0012g02340,168,0.081,CYP76C4,,,,
383,VIT_01s0011g00380,162,0.0787,SP1L1 (SPIRAL1-like1),,,,
384,VIT_06s0061g00100,162,0.078,Glucan endo-1 3-beta-glucosidase  acidic isoform precursor,E3_2_1_39,,vv10500Starch_and_sucrose_metabolism,
385,VIT_19s0027g00380,158,0.0767,Amine oxidase,E1_4_3_4,,vv10220Urea_cycle_and_metabolism_of_amino_groups,vv10340Histidine_metabolism
386,VIT_12s0028g00040,158,0.0762,Unknown protein,,,,
387,VIT_14s0006g00780,156,0.0756,No hit,,,,
388,VIT_01s0011g03850,155,0.0752,Unknown protein,,,,
389,VIT_14s0036g01060,154,0.0748,Unknown protein,,,,
390,VIT_08s0040g03040,153,0.0738,Glutathione S-transferase GSTO1,E2_5_1_18_GSTO1,,vv10480Glutathione_metabolism,
391,VIT_18s0122g00690,153,0.0736,Laccase,E1_10_3_2,,vv11000Single_reactions,vv50109Incompletely_characterized_transport_systems
392,VIT_12s0057g00420,151,0.073,Auxin-responsive protein AIR12,AIR12,,vv30003Auxin_signaling,
393,VIT_17s0000g06880,149,0.0726,Heparanase protein 2 precursor,E3_2_1_31,,vv10040Pentose_glucuronate_interconversion,vv10500Starch_and_sucrose_metabolism
394,VIT_10s0116g00910,145,0.07,CERK1 (chitin elicitor receptor kinase 1),K13429,,vv34626Plant-pathogen_interaction,
395,VIT_02s0025g04300,143,0.0692,Thaumatin,,,,
396,VIT_04s0023g01620,140,0.068,No hit,,,,
397,VIT_19s0014g01330,140,0.0678,Peptide-N4-asparagine amidase A,E3_5_1_52,,,
398,VIT_02s0033g00190,141,0.0677,DNA replication licensing factor MCM2,,,,
399,VIT_18s0086g00620,139,0.0674,Unknown,,,,
400,VIT_19s0085g00290,137,0.0665,RRNA methylase,,,,
401,VIT_19s0015g00290,137,0.0664,No hit,,,,
402,VIT_19s0014g00760,137,0.0662,Unknown,,,,
403,VIT_17s0000g08200,136,0.0655,Phosphoglycerate/bisphosphoglycerate mutase,E5_4_2_1,,vv10010Glycolysis,
404,VIT_14s0171g00490,134,0.0649,Glucose-6-phosphate 1-dehydrogenase  cytoplasmic isoform,E1_1_1_49,,vv10030Pentose_phosphate,vv10480Glutathione_metabolism
405,VIT_13s0147g00180,133,0.0642,Unknown,,,,
406,VIT_11s0016g01270,132,0.0641,Unknown protein,,,,
407,VIT_05s0020g03220,133,0.064,S-receptor kinase,,,,
408,VIT_11s0016g02070,130,0.0631,Basic helix-loop-helix (bHLH) family,BHLHDOM_63,,vv60011BHLH,
409,VIT_09s0002g07250,131,0.063,No hit,,,,
410,VIT_02s0033g00660<br>VIT_02s0033g00850<br>VIT_02s0033g00870<br>VIT_02s0033g00800,124,0.0602,,,,,
411,VIT_13s0064g01110,114,0.0553,No hit,,,,
412,VIT_12s0055g00040,113,0.0547,CCR4-NOT transcription complex subunit 2,K12605,,vv23018RNA_degradation,
413,VIT_12s0055g00770,113,0.0544,SWAP (Suppressor-of-White-APricot),,,,
414,VIT_17s0000g02220,113,0.0542,No hit,,,,
415,VIT_02s0154g00300,112,0.0542,Small nuclear ribonucleoprotein Sm D3,K04796,,,
416,VIT_03s0038g00840,110,0.0528,BPC4/BBR/BPC4/BPC4,BPC4,,vv60009BBR,
417,VIT_02s0025g02920,110,0.0528,Quercetin 3-O-methyltransferase 1,E2_1_1_76,,vv10941Flavonoid_biosynthesis,
418,VIT_10s0116g01200,107,0.052,WRKY DNA-binding protein 6,WRKY6_1,VvWRKY29,vv60066WRKY,
419,VIT_13s0019g03970,106,0.0517,Ribosomal protein P0 (RPP0A) acidic 60S,K02941,,vv23010Ribosome,
420,VIT_00s0332g00100,106,0.051,No hit,,,,
421,VIT_14s0128g00020,104,0.0503,Na+/H+ exchanger,NHX1,,vv50124Porters_cat_30_to_64,
422,VIT_12s0057g01260,103,0.0496,Unknown protein,,,,
423,VIT_14s0030g01370,102,0.0492,Methyltransferase type 12,,,,
424,VIT_05s0049g00920,101,0.0487,Inorganic phosphate transporter 1-4,PHT1_4,,vv50121Porters_cat_1_to_6,
425,VIT_18s0117g00070,101,0.0487,R protein L6,K13477,,vv34627R_proteins_from_Plant-pathogen_interaction,
426,VIT_16s0013g00440<br>VIT_16s0013g00390<br>VIT_16s0013g00410<br>VIT_16s0013g00480<br>VIT_16s0013g00450,101,0.0487,,,,,
427,VIT_15s0107g00390,100,0.0484,5'-adenylylsulfate reductase (APR3),E1_8_4_8,,vv10920Sulfur_metabolism,
428,VIT_13s0084g00850<br>VIT_13s0084g00880,100,0.0478,,,,,
429,VIT_00s0347g00050,98,0.0473,Ser/Thr receptor-like kinase1,,,,
430,VIT_15s0024g00680,97,0.0469,No hit,,,,
431,VIT_07s0005g03890,95,0.0461,Transcription termination factor mitochondrial mTERF,MTERF_24,,vv60085MTERF,
432,VIT_14s0068g02210,94,0.0454,HcrVf1 protein,,,,
433,VIT_09s0054g01870,91,0.044,Transmembrane receptor,,,,
434,VIT_10s0003g03850,91,0.0439,Protease Do-like 5,,,,
435,VIT_18s0001g04530,90,0.0434,(-)-germacrene D synthase,E4_2_3_22,,vv10900Terpenoid_biosynthesis,
436,VIT_18s0001g04280,89,0.0431,(-)-germacrene D synthase,E4_2_3_22,,vv10900Terpenoid_biosynthesis,
437,VIT_01s0010g01610,88,0.0428,Unknown,,,,
438,VIT_07s0104g00220,88,0.0427,Phenazine biosynthesis PhzC/PhzF,K06998,,vv10400Phenylalanine_tyrosine_and_tryptophan_biosynthesis,
439,VIT_01s0011g05930,88,0.0425,S-adenosyl-L-methionine:carboxyl methyltransferase,,,,
440,VIT_03s0038g00800,87,0.0423,NADP-dependent D-sorbitol-6-phosphate dehydrogenase,E1_1_1_140,,vv10051Fructose_and_mannose_metabolism,
441,VIT_02s0025g04250,87,0.0422,Osmotin,,,,
442,VIT_17s0000g05360,87,0.0421,Germin,,,,
443,VIT_17s0000g01550,87,0.042,AAA-type ATPase,FHAAAA_1,,vv60028FHA,
444,VIT_09s0002g04720,86,0.0417,Coatomer protein complex  subunit beta 2,COPB2,,vv50110Protein_coat,
445,VIT_08s0007g05950,85,0.0412,Purple acid phosphatase 16 ATPAP16/PAP16,E3_1_3_2,,vv10740Riboflavin_metabolism,
446,VIT_18s0086g00590,85,0.0411,Auxin-binding protein ABP19,ABP19,,vv30003Auxin_signaling,
447,VIT_17s0000g08290,81,0.0392,Dof zinc finger protein DOF5.6,DOF5_6,,vv60015C2C2-DOF,
448,VIT_05s0062g00920,79,0.0384,No hit,,,,
449,VIT_14s0006g01410,79,0.0382,fructokinase-2,E2_7_1_4,,vv10051Fructose_and_mannose_metabolism,vv10500Starch_and_sucrose_metabolism
450,VIT_17s0000g04850,79,0.0381,OBF binding protein 4,OBP4,,vv60015C2C2-DOF,
451,VIT_14s0068g01250,79,0.0381,Mitochondrial phosphate transporter,MPHOSPTR,,vv50123Porters_cat_18_to_29,
452,VIT_19s0015g01760,79,0.0379,Photosystem I reaction center subunit V (PSAG),K08905,,vv10195Photosynthesis,vv50105Transport_electron_carriers
453,VIT_17s0000g00930,78,0.0376,Unknown protein,,,,
454,VIT_13s0019g03670,77,0.0372,Unknown protein,,,,
455,VIT_05s0094g00930,76,0.0369,Phosphoglucomutase/phosphomannomutase C terminal,E5_4_2_2,,vv10010Glycolysis,vv10030Pentose_phosphate
456,VIT_13s0106g00780,75,0.0362,Hydrolase  alpha/beta fold,,,,
457,VIT_13s0047g00790,74,0.036,No hit,,,,
458,VIT_01s0146g00320,74,0.0357,No hit,,,,
459,VIT_05s0077g00210,72,0.0349,Unknown protein,,,,
460,VIT_16s0022g01880,71,0.0344,No hit,,,,
461,VIT_18s0001g05410,71,0.034,No hit,,,,
462,VIT_04s0008g00200,70,0.0338,Tryptophan-tRNA ligase,E6_1_1_2,,vv10400Phenylalanine_tyrosine_and_tryptophan_biosynthesis,vv20970Aminoacyl-tRNA_biosynthesis
463,VIT_01s0011g03560,69,0.0334,fiber protein Fb34,,,,
464,VIT_12s0134g00350,69,0.0332,Zinc finger (C3HC4-type ring finger),ZFC3HC4_228,,vv60078Other_zf-C3HC4,
465,VIT_13s0074g00310,68,0.0329,Translation initiation factor eIF-2 gamma subunit,K03242,,vv23013RNA_transport,
466,VIT_05s0102g01070,67,0.0323,No hit,,,,
467,VIT_00s0341g00010,67,0.0322,Dual specificity protein phosphatase,,,,
468,VIT_18s0001g05110,66,0.032,DNA2-NAM7 helicase,,,,
469,VIT_16s0100g01110,64,0.031,Resveratrol synthase (RS1),E2_3_1_95,,vv10940Phenylpropanoid_biosynthesis,
470,VIT_00s1463g00010,63,0.0306,Protease Do-like 5,,,,
471,VIT_18s0001g11820,63,0.0305,LIM domain containing protein,LIMUIM_1,,vv60040LIM,
472,VIT_09s0002g05560,62,0.0301,ABC transporter g family pleiotropic drug resistance 12 PDR12,ABCGPDR12,,vv52010ABC_transporters,
473,VIT_13s0064g01430,62,0.0297,Pigment defective 322,CP33,,,
474,VIT_07s0031g02720,60,0.0291,Myosin heavy chain,K10352,,vv44810Regulation_of_actin_cytoskeleton,
475,VIT_16s0039g00350,60,0.029,Unknown protein,,,,
476,VIT_14s0068g00080,60,0.029,Non-symbiotic hemoglobin class 1,C01708,,vv10860Porphyrin_and_chlorophyll_metabolism,
477,VIT_04s0008g05540,59,0.0286,Clathrin assembly protein 2,CAP2,,vv50110Protein_coat,
478,VIT_00s0616g00020,59,0.0286,Ribosomal protein L19,K02884,,vv23010Ribosome,
479,VIT_12s0028g00860,58,0.0281,NAC domain-containing protein 42,NAC042_5,VvNAC36,vv60046NAC,
480,VIT_08s0007g00610,57,0.0276,Unknown,,,,
481,VIT_05s0051g00140,57,0.0275,RRS1 (resistant to ralstonia solanacearum 1),RRS1,,vv34627R_proteins_from_Plant-pathogen_interaction,
482,VIT_12s0134g00100,57,0.0274,Ribosomal protein L8 (RPL8C) 60S,K02938,,vv23010Ribosome,
483,VIT_01s0011g02050,56,0.0271,No hit,,,,
484,VIT_01s0011g05480,55,0.0266,Dynein light subunit lc6  flagellar outer arm,K10418,,vv44810Regulation_of_actin_cytoskeleton,
485,VIT_19s0135g00010,55,0.0265,Ureide permease 2 (AtUPS2),UPS2,,vv50122Porters_cat_7_to_17,
486,VIT_18s0001g10100,54,0.0262,Ubiquitin-conjugating enzyme E2 I,K10577,,vv23013RNA_transport,vv24120Ubiquitin_mediated_proteolysis
487,VIT_18s0075g00830,54,0.0262,Laccase,E1_10_3_2,,vv11000Single_reactions,vv50109Incompletely_characterized_transport_systems
488,VIT_02s0033g00700,53,0.0256,Nitrilase,E3_5_5_1,,vv10460Cyanoamino_acid_metabolism,vv10910Nitrogen_metabolism
489,VIT_00s0375g00050,50,0.0242,No hit,,,,
490,VIT_04s0008g04310,50,0.0242,Oxygen-evolving complex PsbP,K02717,,vv10195Photosynthesis,vv50135Primary_active_transporter_cat_D3_to_E2
491,VIT_00s0386g00030,49,0.0238,Unknown protein,,,,
492,VIT_00s1547g00010<br>VIT_00s1596g00010,49,0.0237,,,,,
493,VIT_13s0064g01100,49,0.0236,No hit,,,,
494,VIT_17s0000g03710,48,0.0232,Unknown protein,,,,
495,VIT_00s0253g00060,47,0.0229,OBF binding protein 2,OBP2,,vv60015C2C2-DOF,
496,VIT_01s0010g03010,47,0.0229,Calcium-binding EF-hand,K13448_CML38,,vv34626Plant-pathogen_interaction,
497,VIT_09s0018g01660,47,0.0227,Biopterin transport-related protein BT1,BIOPTERIN,,vv50125Porters_cat_66_to_94,
498,VIT_01s0127g00240<br>VIT_04s0008g06010<br>VIT_16s0050g00310<br>VIT_00s0504g00020<br>VIT_19s0014g02820<br>VITisv_018279<br>VIT_00s0922g00010,47,0.0227,,,,,
499,VIT_14s0128g00940,46,0.0222,No hit,,,,
500,VIT_15s0046g02620,45,0.0218,Beta-amylase 9 BMY9,E3_2_1_2,,vv10500Starch_and_sucrose_metabolism,
501,VIT_16s0098g00770,45,0.0216,Auxin-amidohydrolase precursor,ILL3,,vv11002Auxin_biosynthesis,
502,VIT_12s0121g00040,44,0.0214,No hit,,,,
503,VIT_09s0070g01030,44,0.0213,AAA-type ATPase,,,,
504,VIT_08s0040g00870,43,0.0208,BZIP transcription factor BZIP28,BZIP28,VvbZIP24,vv60012BZIP,
505,VIT_03s0017g02110,43,0.0208,Anthocyanidin 3-O-glucosyltransferase,E2_4_1_115,,vv10942Anthocyanin_biosynthesis,
506,VIT_07s0005g05780,42,0.0204,Pantoate--beta-alanine ligase,E6_3_2_1,,vv10410Beta-alanine_metabolism,vv10770Pantothenate_and_CoA_biosynthesis
507,VIT_12s0028g01780,42,0.0203,FAD-linked oxidoreductase 1,,,,
508,VIT_07s0104g00440,42,0.0203,Endo-1 3;1 4-beta-D-glucanase precursor,E3_2_1_73,,,
509,VIT_03s0017g01640,40,0.0193,Cysteine--tRNA ligase.,E6_1_1_16,,vv10272Cysteine_metabolism,vv20970Aminoacyl-tRNA_biosynthesis
510,VIT_03s0110g00220,39,0.0189,Ribosomal RNA assembly protein mis3,,,,
511,VIT_10s0003g04040,39,0.0189,Mitochondrial transcription termination factor,MTERF_17,,vv60085MTERF,
512,VIT_05s0049g00290,39,0.0188,No hit,,,,
513,VIT_08s0007g00570,39,0.0188,WRKY DNA-binding protein 49,WRKY49,VvWRKY27,vv60066WRKY,
514,VIT_16s0148g00290<br>VIT_16s0148g00360<br>VIT_16s0148g00100<br>VIT_00s0258g00140,39,0.0188,,,,,
515,VIT_01s0011g02480,38,0.0184,Phospholipid-transporting ATPase,K01530,,vv50131Primary_active_transporter_cat_A2_to_A4,
516,VIT_08s0007g03870,37,0.0179,Phytosulfokines PSK1,,,,
517,VIT_08s0032g00820,37,0.0179,No hit,,,,
518,VIT_07s0141g00420,37,0.0178,Poly(A)-specific ribonuclease,K01148,,vv23018RNA_degradation,
519,VIT_08s0007g08750,36,0.0173,Heat shock transcription factor B3,HSFB3,,vv60037HSF,
520,VIT_19s0015g00300,35,0.017,KCO1 (two pore K channel),K05389_KCO1,,vv50101Channels_and_pores,
521,VIT_10s0003g01160,35,0.0169,Basic helix-loop-helix (bHLH) family,BHLHDOM_23,,vv60011BHLH,
522,VIT_08s0058g01080,35,0.0169,No hit,,,,
523,VIT_14s0171g00390,35,0.0169,DNA-binding storekeeper protein,STOREKEEPER_1,,vv60030GeBP,
524,VIT_05s0049g02200,34,0.0165,CBS domain containing protein,,,,
525,VIT_07s0005g04330,34,0.0165,Blight-associated protein p12 precursor,,,,
526,VIT_04s0008g06050,34,0.0164,Phytosulfokine receptor precursor,,,,
527,VIT_16s0013g00070<br>VIT_16s0039g02840<br>VIT_16s0013g00810,34,0.0164,,,,,
528,VIT_04s0008g01470,33,0.016,WRKY DNA-binding protein 50,WRKY50,VvWRKY06,vv60066WRKY,
529,VIT_00s2776g00010,33,0.0159,S-locus lectin protein kinase,,,,
530,VIT_17s0000g09970,33,0.0159,Endonuclease,E3_1_30_x,,,
531,VIT_14s0108g01440,33,0.0159,Unknown protein,,,,
532,VIT_10s0003g01940,32,0.0155,RKF1 (receptor-like kinase in flowers 1),,,,
533,VIT_03s0038g00940,32,0.0154,Auxin-responsive,AUXREG,,vv30003Auxin_signaling,
534,VIT_06s0004g04180,31,0.015,Zinc finger (C2H2 type) protein (ZAT11),ZAT11,,vv60017C2H2,
535,VIT_19s0093g00110,31,0.015,Glutathione S-transferase 22 GSTU22,E2_5_1_18_GSTU22,,vv10480Glutathione_metabolism,
536,VIT_05s0020g02080,31,0.015,Zinc finger (C3HC4-type ring finger),ZFC3HC4_164,,vv60078Other_zf-C3HC4,
537,VIT_08s0105g00270,31,0.015,NC domain-containing protein,,,,
538,VIT_14s0068g00800,31,0.015,Syntaxin 7,K08488,,vv24130SNARE_interactions_in_vesicular_transport,vv44145Phagosome
539,VIT_18s0001g00080,31,0.0149,Laccase,E1_10_3_2,,vv11000Single_reactions,vv50109Incompletely_characterized_transport_systems
540,VIT_00s0233g00170,31,0.0149,flavin-containing monooxygenase 3,E1_14_13_8,,vv11000Single_reactions,
541,VIT_03s0038g02960,30,0.0146,Pentatricopeptide (PPR) repeat-containing protein,,,,
542,VIT_17s0053g00880,30,0.0145,Polyamine oxidase 4,E1_5_3_11,,vv11000Single_reactions,
543,VIT_01s0011g00110,30,0.0145,SEPALLATA1,SEPALLATA1_3,,vv30009Flower_development,vv60042MADS
544,VIT_07s0031g02520,30,0.0144,Unknown protein,,,,
545,VIT_07s0031g03060,29,0.0139,NSL1 (necrotic spotted lesions 1),,,,
546,VIT_14s0083g00260,28,0.0136,No hit,,,,
547,VIT_05s0049g00840<br>VIT_05s0049g00780<br>VIT_05s0049g00800,28,0.0135,,,,,
548,VIT_08s0105g00450,27,0.0131,Transducin protein,,,,
549,VIT_19s0027g01370,27,0.013,Glutathione transferase microsomal,E2_5_1_18,,vv10480Glutathione_metabolism,
550,VIT_18s0001g03190,26,0.0126,Glutaredoxin 2,,,,
551,VIT_09s0002g07120,26,0.0126,Adenine phosphoribosyltransferase,E2_4_2_7,,vv10230Purine_metabolism,
552,VIT_12s0034g02180,26,0.0126,Aminomethyltransferase,E2_1_2_10,,vv10260Glycine_serine_and_threonine_metabolism,vv10670One_carbon_pool_by_folate
553,VIT_03s0088g00220<br>VIT_13s0047g00860,26,0.0126,,,,,
554,VIT_01s0137g00210,25,0.0121,Photosystem II core complex proteins psbY  chloroplast precursor,K02723,,vv10195Photosynthesis,vv50135Primary_active_transporter_cat_D3_to_E2
555,VIT_12s0034g02240,25,0.0121,Potassium channel AKT2/3,AKT2,,vv50101Channels_and_pores,
556,VIT_00s0211g00050,25,0.012,Protein BRICK1 (AtBRK1),K05752,,vv44810Regulation_of_actin_cytoskeleton,
557,VIT_15s0024g01330,24,0.0116,No hit,,,,
558,VIT_11s0037g00930,24,0.0116,GDP-L-fucose synthase.,E1_1_1_271,,vv10051Fructose_and_mannose_metabolism,
559,VIT_18s0166g00260,24,0.0116,No hit,,,,
560,VIT_07s0005g03220,24,0.0116,Ethylene-responsive transcription factor ERF098,ERF098_1,VvERF098,vv30008Ethylene_signaling,vv60003AP2_EREBP
561,VIT_11s0016g05250,23,0.0112,Methyltransferase FkbM family,,,,
562,VIT_15s0048g00570,23,0.0111,No hit,,,,
563,VIT_08s0007g05330,23,0.0111,EDA7 (embryo sac development arrest 7),,,,
564,VIT_04s0008g05350,22,0.0107,Serine hydrolase [Vitis vinifera],E4_3_1_18,,vv10260Glycine_serine_and_threonine_metabolism,
565,VIT_13s0064g00050,21,0.0102,Glutamine-fructose-6-phosphate transaminase 2,E2_6_1_16,,vv10251Glutamate_metabolism,vv10530Aminosugars_metabolism
566,VIT_05s0020g03280,21,0.0102,Copper amine oxidase,E1_4_3_4,,vv10220Urea_cycle_and_metabolism_of_amino_groups,vv10340Histidine_metabolism
567,VIT_18s0041g00670,21,0.0101,Proton-dependent oligopeptide transport (POT) family protein,POT,,vv50122Porters_cat_7_to_17,
568,VIT_18s0001g06370,20,0.0097,L-ascorbate peroxidase  chloroplast,E1_11_1_11,,vv10053Ascorbate_and_aldarate_metabolism,
569,VIT_12s0028g02530,20,0.0096,Zinc finger (C3HC4-type ring finger),ZFC3HC4_36,,vv60078Other_zf-C3HC4,
570,VIT_11s0016g02660<br>VIT_05s0029g01030,20,0.0096,,,,,
571,VIT_00s0173g00130,19,0.0093,RKF1 (receptor-like kinase in flowers 1),,,,
572,VIT_13s0019g00940,19,0.0092,SLT1 (sodium- and lithium-tolerant 1),,,,
573,VIT_06s0004g04950,19,0.0091,Scarecrow-like transcription factor 14 SCL14,SCL14_11,,vv60032GRAS,
574,VIT_17s0119g00240,18,0.0087,Trypsin and protease inhibitor Kunitz family,,,,
575,VIT_05s0049g01980,18,0.0087,3-isopropylmalate dehydratase large subunit 2,E4_2_1_33,,vv10290Valine_leucine_and_isoleucine_biosynthesis,
576,VIT_12s0035g01560,18,0.0087,SGT1,SGT1,,vv30003Auxin_signaling,
577,VIT_04s0008g07070,18,0.0087,Translation initiation factor eIF-3 subunit 9,K03253,,vv23013RNA_transport,
578,VIT_14s0068g01000,18,0.0087,Unknown protein,,,,
579,VIT_04s0069g01000,17,0.0082,Drug/metabolite transporter DMT family transporter,DMT,,vv50122Porters_cat_7_to_17,
580,VIT_06s0009g01670,17,0.0082,forkhead-associated domain-containing protein,FHADOM_1,,vv60028FHA,
581,VIT_02s0012g00110,17,0.0082,Chromatin remodeling 31,CHR31,,vv60058SNF2,
582,VIT_01s0026g00590,16,0.0078,GCN5 N-acetyltransferase (GNAT),GCN5_11,,vv60082GNAT,
583,VIT_01s0026g00280,16,0.0077,Trehalose 6-phosphate synthase,E2_4_1_15,,vv10500Starch_and_sucrose_metabolism,
584,VIT_17s0119g00280,16,0.0077,Alpha-amylase/subtilisin inhibitor,E3_2_1_1,,vv10500Starch_and_sucrose_metabolism,
585,VIT_13s0019g01470,16,0.0077,Geranylgeranyltransferase type I beta subunit,E2_5_1_59,,vv10100Biosynthesis_of_steroids,
586,VIT_14s0068g01360,16,0.0077,GEM-like protein 5,,,,
587,VIT_15s0048g01820,15,0.0073,Acclimation of photosynthesis to environment APE1,,,,
588,VIT_09s0002g04070,15,0.0073,Unknown protein,,,,
589,VIT_03s0038g02350,15,0.0072,No hit,,,,
590,VIT_13s0084g00670,15,0.0072,Unknown protein,,,,
591,VIT_03s0017g00540,15,0.0072,Subtilase,,,,
592,VIT_07s0129g00830,15,0.0072,CYP81D2,,,,
593,VIT_19s0177g00340,15,0.0072,Unknown protein,,,,
594,VIT_00s0207g00260,15,0.0072,No hit,,,,
595,VIT_00s0194g00020,14,0.0067,DNA-directed RNA polymerase II subunit D,K03012,,vv23020RNA_polymerase,
596,VIT_18s0001g03850,13,0.0063,Ribosomal protein S10 30S,K02946,,vv23010Ribosome,
597,VIT_04s0008g02530,13,0.0063,ATP binding protein,,,,
598,VIT_14s0006g03030,13,0.0063,Glyceraldehyde-3-phosphate dehydrogenase GAPC1 cytosolic,E1_2_1_12,,vv10010Glycolysis,
599,VIT_18s0001g08870,13,0.0063,Unknown,,,,
600,VIT_14s0083g00920,13,0.0063,No hit,,,,
601,VIT_19s0014g04080,13,0.0063,Serine/threonine-protein kinase receptor ARK3,,,,
602,VIT_16s0039g00660,13,0.0062,RNA polymerase nonessential primary-like sigma factor SIGA,K03087,,vv23020RNA_polymerase,vv60057Sigma70-like
603,VIT_14s0081g00190,13,0.0062,No hit,,,,
604,VIT_13s0019g05380,12,0.0058,Unknown protein,,,,
605,VIT_14s0108g01300,12,0.0058,Division regulator MinE  Plastid,MINE1,,vv44110Cell_cycle,
606,VIT_16s0022g01120<br>VIT_11s0037g01390<br>VIT_16s0022g01150,12,0.0058,,,,,
607,VIT_08s0040g00390,12,0.0058,Magnesium-protoporphyrin IX monomethyl ester [oxidative] cyclase,E1_14_13_81,,vv10860Porphyrin_and_chlorophyll_metabolism,
608,VIT_00s0194g00360,12,0.0058,Histone H2A.4 HTA12,H2A4,,,
609,VIT_00s0187g00020,12,0.0058,No hit,,,,
610,VIT_12s0059g00520,12,0.0058,RabGAP/TBC domain-containing protein,,,,
611,VIT_09s0002g05380,12,0.0058,ABC transporter g family pleiotropic drug resistance 12 PDR12,ABCGPDR12,,vv52010ABC_transporters,
612,VIT_11s0016g03190,10,0.0049,Unknown,,,,
613,VIT_13s0147g00160,10,0.0048,Aluminium-tolerance ALMT1,ALMT1,,vv50125Porters_cat_66_to_94,
614,VIT_10s0042g00380,10,0.0048,Kinesin family member 2/24,K10393,,vv44810Regulation_of_actin_cytoskeleton,
615,VIT_18s0075g00610,10,0.0048,Laccase,E1_10_3_2,,vv11000Single_reactions,vv50109Incompletely_characterized_transport_systems
616,VIT_02s0012g01020,10,0.0048,Zinc finger (C3HC4-type ring finger),ZFC3HC4_174,,vv60078Other_zf-C3HC4,
617,VIT_04s0069g00970,10,0.0048,WRKY DNA-binding protein 51,WRKY51_1,VvWRKY11,vv60066WRKY,
618,VIT_19s0015g00840,10,0.0048,Proliferating cell nuclear protein P120,,,,
619,VIT_14s0006g00910,10,0.0048,ATA15 protein,,,,
620,VIT_08s0056g01520,9,0.0044,Acetylglucosaminyltransferase,E2_4_1_223,,vv11030Glycan_structures-biosynthesis1,
621,VIT_16s0050g00780,9,0.0044,Arsenite transport protein (ArsB),ARSB,,vv50124Porters_cat_30_to_64,
622,VIT_03s0097g00370,9,0.0044,No hit,,,,
623,VIT_06s0009g02320,9,0.0044,4-diphosphocytidyl-2-C-methyl-D-erythritol kinase  chloroplast precursor,E2_7_1_148,,vv10100Biosynthesis_of_steroids,
624,VIT_02s0012g00390,9,0.0044,Norcoclaurine synthase,E4_2_1_78,,vv10950Alkaloid_biosynthesis_I,
625,VIT_08s0007g02810,9,0.0044,Regulator of the ATPase vacuolar RAV2,RAV2,VvRAV5,vv60001ABI3VP1,
626,VIT_06s0009g02570,9,0.0044,Pectinesterase family,E3_1_1_11,,vv40006Cell_wall,
627,VIT_15s0021g01130,9,0.0044,Rho GTPase; Rho GTP binding protein,E3_6_5_1,,,
628,VIT_17s0000g05650,9,0.0044,Unknown protein,,,,
629,VIT_01s0011g05440,9,0.0044,Unknown protein,,,,
630,VIT_14s0108g00830,9,0.0044,Myb domain protein 94,MYB94_1,MYB30B,vv60044MYB,
631,VIT_08s0007g01610,9,0.0044,KOW domain-containing transcription factor family protein,KOWDOM,,,
632,VIT_07s0104g01160,9,0.0043,Substrate carrier   Mitochondrial,K03454,,vv50123Porters_cat_18_to_29,
633,VIT_07s0104g01660,9,0.0043,HAK5 (High affinity K+ transporter 5),HAK5,,vv50125Porters_cat_66_to_94,
634,VIT_02s0033g01400,9,0.0043,Alternative oxidase 1a  (AOX1A),AOX1A,,vv30001ABA_signaling,
635,VIT_18s0117g00550,9,0.0043,Laccase,E1_10_3_2,,vv11000Single_reactions,vv50109Incompletely_characterized_transport_systems
636,VIT_09s0002g06900,9,0.0043,NtEIG-A1,,,,
637,VIT_03s0063g00410,9,0.0043,Alpha-amylase,E3_2_1_1,,vv10500Starch_and_sucrose_metabolism,
638,VIT_18s0001g05260,9,0.0043,Actin-related protein 3,ARP3,,vv44810Regulation_of_actin_cytoskeleton,
639,VIT_18s0075g00260,9,0.0043,Molecular chaperone DnaK,K04043,,vv23018RNA_degradation,vv50101Channels_and_pores
640,VIT_10s0116g01850,9,0.0043,Unknown protein,,,,
641,VIT_18s0001g02030,9,0.0043,Signal peptidase 1,K03100,,vv23060Protein_export,vv50132Primary_active_transporter_cat_A5_to_A8
642,VIT_12s0028g01330,8,0.0039,Glu-tRNA(Gln) amidotransferase subunit A,E6_3_5_6,,vv10251Glutamate_metabolism,vv10252Alanine_and_aspartate_metabolism
643,VIT_07s0031g01710,8,0.0039,WRKY DNA-binding protein 51,WRKY51_3,VvWRKY22,vv60066WRKY,
644,VIT_12s0059g01660,7,0.0034,3-oxoacyl-[acyl-carrier-protein] synthase II,E2_3_1_179,,vv10061Fatty_acid_biosynthesis,
645,VIT_18s0117g00300,7,0.0034,Coatomer protein complex  subunit beta 2,COPB2,,vv50110Protein_coat,
646,VIT_06s0004g01580,7,0.0034,Lipoxygenase,E1_13_11_12,,vv10592alpha-Linolenic_acid_metabolism,
647,VIT_07s0104g00630,7,0.0034,Zinc finger (C3HC4-type ring finger),ZFC3HC4_113,,vv60078Other_zf-C3HC4,
648,VIT_17s0000g08240,7,0.0034,HT1 (high leaf temperature 1),,,,
649,VIT_03s0017g02130,7,0.0034,Zinc finger (C2H2 type) family,C2H2FAM_19,,vv60017C2H2,
650,VIT_01s0011g03830,7,0.0034,Metallo-beta-lactamase,E3_5_2_6,,vv10311Penicillin_and_cephalosporin_biosynthesis,
651,VIT_04s0008g04240,7,0.0034,ferredoxin,K02639,,vv10195Photosynthesis,
652,VIT_04s0043g00710,6,0.0029,Hypoxia up-regulated 1 HSP70,K09486,,vv50101Channels_and_pores,
653,VIT_00s0204g00040,6,0.0029,Unknown protein,,,,
654,VIT_00s0409g00010,6,0.0029,Receptor kinase RK20-1,,,,
655,VIT_18s0001g12090,6,0.0029,Unknown protein,,,,
656,VIT_14s0030g00490,6,0.0029,Zinc finger (DHHC type),ZFDHHC_1,,vv60079Other_zf-DHHC,
657,VIT_03s0063g00270,6,0.0029,Unknown protein,,,,
658,VIT_00s0316g00060,6,0.0029,HcrVf1 protein,,,,
659,VIT_07s0104g00510,6,0.0029,MRNA-binding protein precursor,,,,
660,VIT_04s0008g03500,6,0.0029,Ankyrin,K10380,,vv50108Accessory_factors_involved_in_transport,
661,VIT_03s0091g00150,6,0.0029,NtPRp27 secretory protein,,,,
662,VIT_19s0015g00010,6,0.0029,ABC transporter C member 9,K05033,,vv52010ABC_transporters,
663,VIT_01s0010g02990<br>VIT_01s0010g03000,6,0.0029,,,,,
664,VIT_03s0038g02490,6,0.0029,SKP1,K03094,,vv24120Ubiquitin_mediated_proteolysis,vv24141Protein_processing_in_endoplasmic_reticulum
665,VIT_07s0104g00810,6,0.0029,Lipoyltransferase (LIP2p),E2_3_1_181,,vv10061Fatty_acid_biosynthesis,
666,VIT_16s0039g01070,6,0.0029,Glutathione S-transferase 25 GSTU7,E2_5_1_18_GSTU7,,vv10480Glutathione_metabolism,
667,VIT_19s0093g00360,6,0.0029,Unknown protein,,,,
668,VIT_11s0016g00100,6,0.0029,Adapter protein SPIKE1 (SPK1),,,,
669,VIT_08s0058g01050,6,0.0029,Unknown protein,,,,
670,VIT_11s0016g05000,6,0.0029,Dynein light chain LC8-type,K10418,,vv44810Regulation_of_actin_cytoskeleton,
671,VIT_14s0006g01420,6,0.0029,Ser/Thr receptor kinase,,,,
672,VIT_14s0081g00720,6,0.0029,Basic helix-loop-helix (bHLH) family,BHLHDOM_9,,vv60011BHLH,
673,VIT_06s0061g00120,6,0.0029,Beta-1 3-glucanase [Vitis riparia],E3_2_1_6,,,
674,VIT_03s0091g00540,6,0.0029,Prolyl 4-hydroxylase,E1_14_11_2,,vv10330Arginine_and_proline_metabolismis,
675,VIT_07s0005g00420,6,0.0029,Zinc finger (C3HC4-type ring finger),ZFC3HC4_195,,vv60078Other_zf-C3HC4,
676,VIT_06s0004g04130,6,0.0029,Protein tyrosine phosphatase protein (PAS2),K01104,,,
677,VIT_15s0048g00510,6,0.0029,Pectinesterase family,E3_1_1_11,,vv40006Cell_wall,
678,VIT_16s0050g02450,6,0.0029,Proline-rich cell wall protein,,,,
679,VIT_00s0259g00040,6,0.0029,Histone H2A,,,,
680,VIT_18s0157g00180,6,0.0029,S-adenosylmethionine carrier 1,SAMC1,,vv50123Porters_cat_18_to_29,
681,VIT_07s0031g01130,6,0.0029,Ascorbate oxidase,E1_10_3_3,,vv10053Ascorbate_and_aldarate_metabolism,vv50109Incompletely_characterized_transport_systems
682,VIT_01s0127g00420,6,0.0029,Naphthoate synthase,E4_1_3_36,,vv10130Ubiquinone_biosynthesis,
683,VIT_18s0041g00850,6,0.0029,Non-symbiotic hemoglobin class 1,C01708,,vv10860Porphyrin_and_chlorophyll_metabolism,
684,VIT_07s0005g05930<br>VIT_07s0005g05910<br>VIT_07s0005g05920,6,0.0029,,,,,
685,VIT_01s0150g00570,6,0.0029,NADH dehydrogenase (ubiquinone) 1 alpha subcomplex 2,K03946,,vv10190Oxidative_phosphorylation,vv50134Primary_active_transporter_cat_D1
686,VIT_10s0003g00710,6,0.0029,Protein transport protein Sec61 subunit alpha,K10956,,vv23060Protein_export,vv24141Protein_processing_in_endoplasmic_reticulum
687,VIT_14s0171g00190,6,0.0029,Protoporphyrinogen oxidase,E1_3_3_4,,vv10860Porphyrin_and_chlorophyll_metabolism,
688,VIT_08s0007g04700,6,0.0029,Phosphatidylinositol-4-phosphate 5-kinase,E2_7_1_68,,vv10562Inositol_phosphate_metabolism,vv34070Phosphatidylinositol_signaling_system
689,VIT_05s0020g03190,4,0.0019,Haloacid dehalogenase hydrolase,E3_1_3_18,,vv10630Glyoxylate_and_dicarboxylate_metabolism,
690,VIT_13s0064g00380,4,0.0019,Unknown protein,,,,
691,VIT_04s0079g00560,4,0.0019,Protein binding / zinc ion binding,,,,
692,VIT_04s0044g00120,4,0.0019,Kinase,,,,
693,VIT_08s0007g07200,4,0.0019,Tocotrienol/plastoquinone prenyltransferase,K09833,,vv10100Biosynthesis_of_steroids,
694,VIT_06s0009g02590,4,0.0019,Pectinesterase family,E3_1_1_11,,vv40006Cell_wall,
695,VIT_12s0028g00140,4,0.0019,KCO6 (Ca2+ activated outward rectifying K+ channel 6),K05389_KCO6,,vv50101Channels_and_pores,
696,VIT_04s0043g00250,3,0.0015,Nonsense-mediated mRNA decay NMD3,K07562,,vv23008Ribosome_biogenesis_in_Eukaryotes,vv23013RNA_transport
697,VIT_05s0094g00430,3,0.0015,5'-3' exonuclease,E3_1_11_1,,,
698,VIT_19s0135g00050,3,0.0015,Calcineurin phosphoesterase,,,,
699,VIT_12s0028g01770,3,0.0015,FAD-linked oxidoreductase 1,,,,
700,VIT_02s0234g00130,3,0.0015,Ethylene responsive element binding factor 1,ERF1_9,VvERF076,vv30008Ethylene_signaling,vv30011Jasmonate_signaling
701,VIT_05s0124g00390,3,0.0015,2-isopropylmalate synthase B,E2_3_3_13,,vv10290Valine_leucine_and_isoleucine_biosynthesis,vv10620Pyruvate_metabolism
702,VIT_00s0258g00130<br>VIT_16s0148g00370,3,0.0015,,,,,
703,VIT_16s0013g02160,3,0.0015,No hit,,,,
704,VIT_14s0030g01890,3,0.0015,Unknown,,,,
705,VIT_12s0034g02490,3,0.0015,Unknown,,,,
706,VIT_12s0055g00490,3,0.0015,Accumulation and replication of chloroplast 5,ARC5,,vv44110Cell_cycle,vv50109Incompletely_characterized_transport_systems
707,VIT_09s0018g01550,3,0.0015,Trimethylguanosine synthase,K14292,,vv23013RNA_transport,
708,VIT_03s0038g00130,3,0.0015,No hit,,,,
709,VIT_07s0031g01850,3,0.0015,BRI1 protein,BRI1,,vv30005Brassinosteroids_signaling,
710,VIT_14s0068g02290,3,0.0015,Disease resistance protein,K13466,,vv34626Plant-pathogen_interaction,
711,VIT_15s0021g01260,3,0.0015,Unknown,,,,
712,VIT_01s0011g03610,3,0.0015,MAPK activating protein,,,,
713,VIT_14s0108g01160,3,0.0015,Latex abundant protein 1,,,,
714,VIT_15s0107g00090,3,0.0015,Gag-pol polyprotein,,,,
715,VIT_09s0002g03310,3,0.0015,Unknown protein,,,,
716,VIT_08s0040g02090,3,0.0015,DnaJ homolog  subfamily C  member 3,K09523,,vv50132Primary_active_transporter_cat_A5_to_A8,
717,VIT_19s0090g00220,3,0.0015,CRS2-associated factor 2  mitochondrial precursor,,,,
718,VIT_14s0066g02370,3,0.0015,Transcription factor E2Fe DEL1,DEL1_2,,vv44110Cell_cycle,vv60026E2F-DP
719,VIT_02s0025g02660,3,0.0015,Transmembrane receptor,,,,
720,VIT_02s0234g00080,3,0.0015,Enoyl-CoA hydratase/isomerase,E4_2_1_17,,vv10062Fatty_acid_elongation_in_mitochondria,vv10071Fatty_acid_metabolism
721,VIT_03s0091g00160,3,0.0015,NtPRp27 secretory protein,,,,
722,VIT_13s0067g03350,3,0.0015,Ribosomal protein L4/L1 (RPL4A) 60S,K02926,,vv23010Ribosome,
723,VIT_01s0011g00960,3,0.0015,RPM1 (resistance to p. syringae pv maculicola 1),K13457,,vv34626Plant-pathogen_interaction,
724,VIT_14s0083g01170,3,0.0015,Mitochondrial substrate carrier family protein,K03454,,vv50123Porters_cat_18_to_29,
725,VIT_19s0015g01510,3,0.0015,2-hydroxyacyl-CoA lyase 1,K12261,,vv44146Peroxisome,
726,VIT_14s0060g00460,3,0.0015,Receptor-like protein kinase,,,,
727,VIT_17s0000g06680,3,0.0015,Unknown protein,,,,
728,VIT_00s0194g00140,3,0.0015,Agenet domain-containing protein,,,,
729,VIT_12s0028g00050,3,0.0015,Beta-1 3 glucanase,E3_2_1_6,,,
730,VIT_03s0088g00720,3,0.0015,Pathogenesis-related protein 1 precursor (PRP 1),PRP1,,vv30011Jasmonate_signaling,vv34626Plant-pathogen_interaction
731,VIT_16s0022g00700,3,0.0014,Pectinesterase family,E3_1_1_11,,vv40006Cell_wall,
732,VIT_19s0014g02950,3,0.0014,No hit,,,,
733,VIT_14s0081g00630,3,0.0014,Ethylene receptor (EIN4),EIN4,,vv30008Ethylene_signaling,
734,VIT_13s0067g00110,3,0.0014,CYP72A1,K13400,,vv10902Monoterpenoid_biosynthesis,
735,VIT_19s0014g04180,3,0.0014,Curculin (mannose-binding) lectin,,,,
736,VIT_01s0011g00930,3,0.0014,FK506-binding protein 1 (FKBP13),K01802,,,
737,VIT_00s0240g00050,3,0.0014,Glutathione S-transferase 8 GSTU19,E2_5_1_18_GSTU19,,vv10480Glutathione_metabolism,
738,VIT_06s0004g01000,3,0.0014,Dirigent protein,,,,
739,VIT_15s0048g01620,3,0.0014,CYP76E3,,,,
740,VIT_14s0128g00320,3,0.0014,Amidase,E3_5_1_4,,vv10220Urea_cycle_and_metabolism_of_amino_groups,vv10360Phenylalanine_metabolism
741,VIT_03s0063g00400,3,0.0014,Alpha-amylase / 1 4-alpha-D-glucan glucanohydrolase,E3_2_1_1,,vv10500Starch_and_sucrose_metabolism,
742,VIT_15s0046g01330,3,0.0014,Nucleotide-sugar transporter family protein,NUCSUGTR,,vv50122Porters_cat_7_to_17,
743,VIT_03s0017g01390,3,0.0014,No hit,,,,
744,VIT_17s0000g07560,3,0.0014,EDS1 (Enhanced disease susceptibility 1),EDS1,,vv30011Jasmonate_signaling,
745,VIT_01s0011g00250,3,0.0014,6-phosphogluconolactonase,E3_1_1_31,,vv10030Pentose_phosphate,
746,VIT_06s0004g02890,3,0.0014,Protein disulfide-isomerase A1,K09580,,vv24141Protein_processing_in_endoplasmic_reticulum,
747,VIT_07s0104g01400,3,0.0014,Glutaredoxin,,,,
748,VIT_00s0299g00070,3,0.0014,Unknown protein,,,,
749,VIT_15s0046g01380,3,0.0014,Unknown,,,,
750,VIT_06s0004g08180,3,0.0014,Translation initiation factor eIF-2 beta subunit,K03238,,vv23013RNA_transport,
751,VIT_05s0020g03290,3,0.0014,S-receptor kinase,,,,
752,VIT_03s0063g02140,3,0.0014,RRA2 (reduced residual arabinose 2),,,,
753,VIT_00s2262g00010,3,0.0014,Low expression of osmotically responsive genes 1,LOS4,,vv50133Primary_active_transporter_cat_A9_to_A18,
754,VIT_14s0036g00890,3,0.0014,UDP-N-acetylglucosamine--peptide N-acetylglucosaminyltransferase,E2_4_1_41,,vv11030Glycan_structures-biosynthesis1,
755,VIT_18s0089g01390,3,0.0014,Unknown protein,,,,
756,VIT_11s0206g00020,3,0.0014,Isopentenyl diphosphate isomerase 2,E5_3_3_2,,vv10100Biosynthesis_of_steroids,vv10900Terpenoid_biosynthesis
757,VIT_01s0010g03740,3,0.0014,Transcription termination factor mitochondrial mTERF,MTERF_4,,vv60085MTERF,
758,VIT_05s0029g00250,3,0.0014,No hit,,,,
759,VIT_08s0007g06060,3,0.0014,Beta 1-3 glucanase,E3_2_1_6,,,
760,VIT_17s0000g00200,3,0.0014,Ethylene-responsive transcription factor ERF114,ERF114_1,VvERF118,vv30008Ethylene_signaling,vv60003AP2_EREBP
761,VIT_09s0054g01260,3,0.0014,No hit,,,,
762,VIT_16s0022g01800,3,0.0014,RRNA-processing protein EBP2,,,,
