Vv_m2,2000,1000,VIT_16s0100g00880,,,,,
rank,node,Fabs,Frel,Functional-annotation,Name-EC-KeggID,Updated-name,Network1,Network2
1,VIT_10s0042g00840,2078,1,Stilbene synthase [Vitis pseudoreticulata],E2_3_1_95,,vv10940Phenylpropanoid_biosynthesis,
2,VIT_16s0100g00960,2079,1,Stilbene synthase [Vitis pseudoreticulata],E2_3_1_95,,vv10940Phenylpropanoid_biosynthesis,
3,VIT_16s0100g00860<br>VIT_16s0100g00940<br>VIT_16s0100g00800<br>VIT_16s0100g00920<br>VIT_16s0100g00930<br>VIT_16s0100g00810<br>VIT_16s0100g00840<br>VIT_16s0100g00850,2061,1,,,,,
4,VIT_16s0100g00760,2054,0.9985,Stilbene synthase 2 [Vitis sp. cv. 'Norton'],E2_3_1_95,,vv10940Phenylpropanoid_biosynthesis,
5,VIT_16s0100g01160,2052,0.9981,Stilbene synthase [Vitis vinifera],E2_3_1_95,,vv10940Phenylpropanoid_biosynthesis,
6,VIT_16s0100g01000,2008,0.9682,Stilbene synthase 4,E2_3_1_95,,vv10940Phenylpropanoid_biosynthesis,
7,VIT_16s0100g01150,1976,0.9625,Stilbene synthase [Vitis vinifera],E2_3_1_95,,vv10940Phenylpropanoid_biosynthesis,
8,VIT_10s0042g00930<br>VIT_10s0042g00890<br>VIT_10s0042g00870<br>VIT_10s0042g00860<br>VIT_10s0042g00920,1975,0.9587,,,,,
9,VIT_16s0039g01240<br>VIT_16s0039g01360<br>VIT_16s0039g01130<br>VIT_16s0039g01100<br>VIT_00s2508g00010<br>VITisv_032212<br>VIT_16s0039g01120<br>VIT_16s0039g01320<br>VIT_00s2849g00010<br>VIT_16s0039g01300<br>VIT_16s0039g01170<br>VIT_16s0039g01280,1969,0.9498,,,,,
10,VIT_16s0100g00830<br>VIT_16s0100g01120<br>VIT_16s0100g00780<br>VIT_16s0100g00910,1950,0.9452,,,,,
11,VIT_10s0042g00850,1958,0.945,Stilbene synthase [Vitis pseudoreticulata],E2_3_1_95,,vv10940Phenylpropanoid_biosynthesis,
12,VIT_10s0042g00910,1931,0.9311,Stilbene synthase [Vitis pseudoreticulata],E2_3_1_95,,vv10940Phenylpropanoid_biosynthesis,
13,VIT_05s0020g03690<br>VIT_05s0020g03710,1911,0.9219,,,,,
14,VIT_04s0044g00230,1878,0.9086,Monooxygenase (MO2),,,,
15,VIT_07s0104g00810,1875,0.9071,Lipoyltransferase (LIP2p),E2_3_1_181,,vv10061Fatty_acid_biosynthesis,
16,VIT_00s0254g00040,1884,0.904,Heat shock cognate 70 kDa protein 3 (HSC70-3) (HSP70-3),HSC703,,vv23040Spliceosome,vv24141Protein_processing_in_endoplasmic_reticulum
17,VIT_04s0008g00110,1855,0.9,Jasmonate ZIM domain-containing protein 8,JAZ8_3,,vv30011Jasmonate_signaling,vv60069ZIM
18,VIT_16s0100g01010<br>VIT_16s0100g00950<br>VIT_16s0100g01030<br>VIT_16s0100g00990,1829,0.8874,,,,,
19,VIT_09s0002g05600,1798,0.8737,ABC transporter g family pleiotropic drug resistance 12 PDR12,ABCGPDR12,,vv52010ABC_transporters,
20,VIT_05s0077g01570,1805,0.8699,Pathogenesis protein 10 [Vitis vinifera],,,,
21,VIT_16s0100g00750,1778,0.8606,Stilbene synthase,E2_3_1_95,,vv10940Phenylpropanoid_biosynthesis,
22,VIT_16s0100g01100,1762,0.8541,Stilbene synthase,E2_3_1_95,,vv10940Phenylpropanoid_biosynthesis,
23,VIT_11s0016g01650,1729,0.8418,Ankyrin repeat,,,,
24,VIT_08s0058g00690,1727,0.8331,WRKY DNA-binding protein 33,WRKY33_3,VvWRKY24,vv34626Plant-pathogen_interaction,vv60066WRKY
25,VIT_04s0044g00220,1717,0.8295,Monooxygenase,,,,
26,VIT_09s0002g05360<br>VIT_09s0002g05400<br>VIT_09s0002g05490<br>VIT_09s0002g05590,1708,0.8243,,,,,
27,VIT_02s0109g00430,1703,0.8239,Nitrilase 4 (NIT4),K13035,,vv10910Nitrogen_metabolism,
28,VIT_19s0015g00300,1695,0.8216,KCO1 (two pore K channel),K05389_KCO1,,vv50101Channels_and_pores,
29,VIT_05s0077g01550,1685,0.8188,Pathogenesis protein 10.3 [Vitis quinquangularis],,,,
30,VIT_09s0002g05370,1659,0.7972,ABC transporter g family pleiotropic drug resistance 12 PDR12,ABCGPDR12,,vv52010ABC_transporters,
31,VIT_16s0100g01040,1636,0.7907,Stilbene synthase - grape,E2_3_1_95,,vv10940Phenylpropanoid_biosynthesis,
32,VIT_17s0000g08210,1624,0.7883,Zinc finger (C3HC4-type ring finger),ZFC3HC4_103,,vv60078Other_zf-C3HC4,
33,VIT_18s0001g05760,1603,0.7831,No hit,,,,
34,VIT_05s0077g01590,1635,0.7823,Major allergen Mal d 1,,,,
35,VIT_11s0016g05530,1615,0.7809,Plastocyanin domain-containing protein,K02638,,vv10195Photosynthesis,vv50113Thylakoid_targeting_pathway
36,VIT_19s0015g02610,1631,0.7793,Glutathione S-transferase 25 GSTU25,E2_5_1_18_GSTU25,,vv10480Glutathione_metabolism,
37,VIT_16s0100g01200<br>VIT_16s0100g01070,1602,0.7758,,,,,
38,VIT_16s0100g01060,1605,0.7757,Stilbene synthase,E2_3_1_95,,vv10940Phenylpropanoid_biosynthesis,
39,VIT_07s0031g01090,1588,0.7679,Ascorbate oxidase,E1_10_3_3,,vv10053Ascorbate_and_aldarate_metabolism,vv50109Incompletely_characterized_transport_systems
40,VIT_09s0002g05430,1588,0.7631,ABC transporter g family pleiotropic drug resistance 12 PDR12,ABCGPDR12,,vv52010ABC_transporters,
41,VIT_01s0011g01760,1572,0.7587,Lectin,,,,
42,VIT_14s0036g00990,1547,0.7495,Polyubiquitin (UBQ4),,,,
43,VIT_03s0091g00530,1543,0.7476,N-acetyltransferase ESCO2,,,,
44,VIT_05s0077g01560,1553,0.7463,Pathogenesis protein 10.3 [Vitis quinquangularis],,,,
45,VIT_00s0480g00030,1522,0.7328,Polyphenol oxidase,E1_10_3_1,,vv10350Tyrosine_metabolism,vv50109Incompletely_characterized_transport_systems
46,VIT_16s0100g01130,1507,0.7266,Stilbene synthase [Vitis vinifera],E2_3_1_95,,vv10940Phenylpropanoid_biosynthesis,
47,VIT_04s0008g01040,1465,0.7119,Lysine decarboxylase,E4_1_1_18,,vv10300Lysine_biosynthesis,
48,VIT_05s0049g01010,1468,0.7116,Myb domain protein 14,MYB14_4,MYB13,vv60044MYB,
49,VIT_09s0054g00910,1466,0.711,Chaperone BCS1 mitochondrial,K08900,,,
50,VIT_00s1212g00020,1457,0.7049,Laccase,E1_10_3_2,,vv11000Single_reactions,vv50109Incompletely_characterized_transport_systems
51,VIT_05s0077g01690,1425,0.6907,Pathogenesis protein 10 [Vitis vinifera],,,,
52,VIT_06s0004g01010,1413,0.6803,Dirigent protein pDIR9,,,,
53,VIT_02s0236g00120,1391,0.6739,Unknown,,,,
54,VIT_19s0014g01850,1395,0.6733,Zinc finger (C3HC4-type ring finger),ZFC3HC4_158,,vv60078Other_zf-C3HC4,
55,VIT_12s0034g02180,1378,0.6712,Aminomethyltransferase,E2_1_2_10,,vv10260Glycine_serine_and_threonine_metabolism,vv10670One_carbon_pool_by_folate
56,VIT_11s0065g00350,1389,0.671,Trans-cinnamate 4-monooxygenase,E1_14_13_11,,vv10360Phenylalanine_metabolism,vv10940Phenylpropanoid_biosynthesis
57,VIT_10s0003g05430,1381,0.6707,Reticuline oxidase precursor,E1_21_3_3,,vv10950Alkaloid_biosynthesis_I,
58,VIT_07s0104g01500,1378,0.6638,Transcription termination factor mitochondrial mTERF,MTERF_10,,vv60085MTERF,
59,VIT_03s0038g03530,1375,0.6633,LYS/HIS transporter 7,LHT7,,vv50123Porters_cat_18_to_29,
60,VIT_15s0048g02070,1359,0.6549,BON2-associated protein (BAP2),,,,
61,VIT_16s0100g00770,1345,0.6494,Stilbene synthase,E2_3_1_95,,vv10940Phenylpropanoid_biosynthesis,
62,VIT_04s0008g01470,1333,0.6471,WRKY DNA-binding protein 50,WRKY50,VvWRKY06,vv60066WRKY,
63,VIT_13s0156g00570,1318,0.637,S-receptor kinase,,,,
64,VIT_07s0005g03220,1307,0.6332,Ethylene-responsive transcription factor ERF098,ERF098_1,VvERF098,vv30008Ethylene_signaling,vv60003AP2_EREBP
65,VIT_16s0050g00400,1305,0.6301,Photoassimilate-responsive protein PAR-1a,,,,
66,VIT_02s0025g04280,1307,0.6278,Osmotin,,,,
67,VIT_16s0050g00430,1295,0.6253,Photoassimilate-responsive protein PAR-1a,,,,
68,VIT_06s0004g02010,1298,0.624,No hit,,,,
69,VIT_12s0035g02210,1289,0.623,Unknown protein,,,,
70,VIT_11s0016g03080,1284,0.6218,Clavata1 receptor kinase (CLV1),,,,
71,VIT_03s0017g01410,1292,0.6212,No hit,,,,
72,VIT_12s0059g01720,1277,0.6166,No hit,,,,
73,VIT_00s0586g00020,1266,0.6125,Unknown protein,,,,
74,VIT_06s0004g07780,1255,0.6092,No hit,,,,
75,VIT_12s0059g01380,1255,0.608,1-aminocyclopropane-1-carboxylate oxidase 1,E1_14_17_4,,vv10640Propanoate_metabolism,vv30008Ethylene_signaling
76,VIT_05s0020g03220,1255,0.6066,S-receptor kinase,,,,
77,VIT_18s0075g00810,1255,0.6031,Laccase,E1_10_3_2,,vv11000Single_reactions,vv50109Incompletely_characterized_transport_systems
78,VIT_02s0033g01380,1255,0.6028,Alternative oxidase 1D,AOX1D,,vv30001ABA_signaling,
79,VIT_06s0004g01990,1240,0.6005,No hit,,,,
80,VIT_06s0004g01020,1247,0.6004,Dirigent protein,,,,
81,VIT_18s0001g04640,1242,0.6003,No hit,,,,
82,VIT_05s0077g01660,1223,0.5885,Major allergen protein homolog,,,,
83,VIT_16s0100g01140,1209,0.5858,Stilbene synthase 2,E2_3_1_95,,vv10940Phenylpropanoid_biosynthesis,
84,VIT_16s0100g01190,1209,0.5841,Stilbene synthase [Vitis vinifera],E2_3_1_95,,vv10940Phenylpropanoid_biosynthesis,
85,VIT_13s0067g02630,1195,0.5737,No hit,,,,
86,VIT_05s0077g01600,1178,0.5713,Pathogenesis protein 10 [Vitis vinifera],,,,
87,VIT_01s0011g00530,1162,0.5633,Ureide permease 2 (AtUPS2),UPS2,,vv50122Porters_cat_7_to_17,
88,VIT_01s0026g00820,1168,0.5632,IAA-amino acid hydrolase 1 (ILR1),K01463,,vv11002Auxin_biosynthesis,
89,VIT_06s0004g01030,1170,0.563,Dirigent protein,,,,
90,VIT_18s0001g11230,1149,0.5589,OSB1 (organellar single-stranded),,,,
91,VIT_01s0010g00540,1150,0.5548,BIM2 (BES1-interacting Myc-like protein 2,BIM2_2,,vv30005Brassinosteroids_signaling,vv60011BHLH
92,VIT_09s0002g05440,1137,0.5538,ABC transporter g family pleiotropic drug resistance 12 PDR12,ABCGPDR12,,vv52010ABC_transporters,
93,VIT_03s0017g01990,1112,0.5364,UDP-glucose glucosyltransferase,E2_4_1_35,,vv10500Starch_and_sucrose_metabolism,
94,VIT_08s0007g02360,1099,0.5322,Harpin inducing protein 1-like 9,,,,
95,VIT_07s0031g03060,1092,0.5278,NSL1 (necrotic spotted lesions 1),,,,
96,VIT_15s0024g00710,1070,0.5187,Gag-pol polyprotein,,,,
97,VIT_06s0004g00020,1075,0.5163,NAC domain containing protein 32,NAC032,VvNAC44,vv60046NAC,
98,VIT_04s0079g00570,1063,0.5145,Protein binding / zinc ion binding,,,,
99,VIT_18s0001g15150,1071,0.5139,Unknown protein,,,,
100,VIT_05s0049g01020,1066,0.5127,Myb domain protein 14,MYB14_3,,vv60044MYB,
101,VIT_14s0108g00890,1055,0.5121,Beta-1 3-galactosyltransferase,K07819,,vv10602Glycosphingolipid_biosynthesis,
102,VIT_05s0077g01530,1053,0.5117,Pathogenesis protein 10 [Vitis vinifera],,,,
103,VIT_00s0301g00090,1054,0.5104,NDA2 (alternative NAD(P)H dehydrogenase 2),K03885,,vv10190Oxidative_phosphorylation,vv50134Primary_active_transporter_cat_D1
104,VIT_07s0005g00410,1048,0.5068,Glycosyl hydrolase family 1 protein,,,,
105,VIT_02s0033g00770,1050,0.506,Nitrilase 4B,E3_5_5_1,,vv10460Cyanoamino_acid_metabolism,vv10910Nitrogen_metabolism
106,VIT_05s0077g01580,1029,0.4976,Pathogenesis protein 10 [Vitis vinifera],,,,
107,VIT_12s0059g01660,1018,0.4913,3-oxoacyl-[acyl-carrier-protein] synthase II,E2_3_1_179,,vv10061Fatty_acid_biosynthesis,
108,VIT_16s0039g01110,1010,0.4889,Phenylalanin ammonia-lyase [Vitis vinifera],E4_3_1_5,,vv10350Tyrosine_metabolism,vv10360Phenylalanine_metabolism
109,VIT_19s0135g00010,1006,0.4872,Ureide permease 2 (AtUPS2),UPS2,,vv50122Porters_cat_7_to_17,
110,VIT_07s0005g03340,1009,0.4865,Myb domain protein 14,MYB14_2,MYB14,vv60044MYB,
111,VIT_07s0031g01010<br>VIT_07s0031g01040<br>VIT_07s0031g01050,999,0.4864,,,,,
112,VIT_03s0088g00700,990,0.4794,Pathogenesis related protein 1 precursor (pr1 gene),PRP1,,vv30011Jasmonate_signaling,vv34626Plant-pathogen_interaction
113,VIT_11s0016g02070,990,0.478,Basic helix-loop-helix (bHLH) family,BHLHDOM_63,,vv60011BHLH,
114,VIT_08s0007g00620,980,0.4764,Zinc finger (DHHC type),ZFDHHC_8,,vv60079Other_zf-DHHC,
115,VIT_07s0005g02660,981,0.476,ABC transporter B member 13,ABCB13,,vv52010ABC_transporters,
116,VIT_12s0034g01950<br>VIT_12s0034g01870<br>VIT_12s0034g01920<br>VIT_12s0034g01930<br>VIT_12s0034g01890<br>VIT_12s0034g01910,984,0.474,,,,,
117,VIT_12s0034g01970,961,0.4652,Cupin,,,,
118,VIT_00s0233g00170,958,0.465,flavin-containing monooxygenase 3,E1_14_13_8,,vv11000Single_reactions,
119,VIT_16s0050g00410,958,0.4612,Photoassimilate-responsive protein PAR-1a,,,,
120,VIT_05s0077g01150,955,0.4607,Beta-1 3-glucanase,E3_2_1_6,,,
121,VIT_14s0060g00110,945,0.4576,Glutamyl-tRNA synthetase  cytoplasmic,E6_1_1_17,,vv10860Porphyrin_and_chlorophyll_metabolism,vv20970Aminoacyl-tRNA_biosynthesis
122,VIT_18s0001g01470,945,0.4539,No hit,,,,
123,VIT_05s0020g05040,939,0.4536,Proteinase inhibitor 1 PPI3B2,,,,
124,VIT_09s0002g05560,934,0.4534,ABC transporter g family pleiotropic drug resistance 12 PDR12,ABCGPDR12,,vv52010ABC_transporters,
125,VIT_08s0007g03310,930,0.4504,Unknown,,,,
126,VIT_12s0035g01520,927,0.4474,Disease resistance protein RPS2,,,,
127,VIT_10s0003g03850,925,0.4462,Protease Do-like 5,,,,
128,VIT_09s0002g05380,915,0.4427,ABC transporter g family pleiotropic drug resistance 12 PDR12,ABCGPDR12,,vv52010ABC_transporters,
129,VIT_02s0025g04310,909,0.4419,Thaumatin,,,,
130,VIT_07s0031g03090,906,0.4394,Avr9 elicitor response protein,,,,
131,VIT_17s0000g03370,901,0.437,Calmodulin-binding protein,K02183,,vv34020Calcium_signaling_pathway,vv34626Plant-pathogen_interaction
132,VIT_14s0060g02750<br>VIT_14s0128g00970<br>VIT_14s0128g00990<br>VIT_14s0128g00980<br>VIT_14s0128g01010<br>VIT_14s0128g01030<br>VIT_14s0128g01020<br>VIT_14s0128g01040,894,0.4313,,,,,
133,VIT_17s0000g02930,884,0.4285,Glutathione S-transferase 25 GSTU7,E2_5_1_18_GSTU7,,vv10480Glutathione_metabolism,
134,VIT_08s0007g08480,881,0.4283,Zinc proteinase,,,,
135,VIT_12s0057g01090,874,0.4243,Nudix hydrolase 2,,,,
136,VIT_09s0002g04720,866,0.4206,Coatomer protein complex  subunit beta 2,COPB2,,vv50110Protein_coat,
137,VIT_11s0078g00290,859,0.4134,Cinnamate 4-hydroxylase,E1_14_13_11,,vv10360Phenylalanine_metabolism,vv10940Phenylpropanoid_biosynthesis
138,VIT_17s0000g06860,844,0.406,SNAP25ous protein SNAP30,K08509,,vv24130SNARE_interactions_in_vesicular_transport,
139,VIT_10s0042g00380,825,0.3991,Kinesin family member 2/24,K10393,,vv44810Regulation_of_actin_cytoskeleton,
140,VIT_14s0030g01370,827,0.3987,Methyltransferase type 12,,,,
141,VIT_07s0129g01010,803,0.3868,Unknown,,,,
142,VIT_01s0026g02250,796,0.3845,Haloacid dehalogenase hydrolase,E3_1_3_18,,vv10630Glyoxylate_and_dicarboxylate_metabolism,
143,VIT_18s0001g10180,793,0.3838,N-hydroxycinnamoyl/benzoyltransferase 3,,,,
144,VIT_10s0405g00020,782,0.3787,Mo25,K08272,,vv34150mTOR_signaling_pathway,
145,VIT_11s0016g00350,779,0.3761,Sec34/COG3,SEC34,,vv50110Protein_coat,vv50111Tethering_factors
146,VIT_13s0067g02940,774,0.3759,Amidohydrolase 3,,,,
147,VIT_07s0031g00460,777,0.375,Nicotinate phosphoribosyltransferase,E2_4_2_11,,vv10760Nicotinate_and_nicotinamide_metabolism,
148,VIT_15s0046g01640,763,0.3682,Abl interactor protein 1 (ABIL1),,,,
149,VIT_10s0042g00310<br>VIT_18s0075g00100,755,0.3644,,,,,
150,VIT_01s0011g02320,755,0.3637,Unknown protein,,,,
151,VIT_00s0762g00010,750,0.3625,S-locus lectin protein kinase family,,,,
152,VIT_12s0055g01280,743,0.3596,Brassinosteroid insensitive 1-associated receptor kinase 1,BAK1,,vv30005Brassinosteroids_signaling,vv34626Plant-pathogen_interaction
153,VIT_07s0031g00130,741,0.3595,Kinesin protein FRA1 (fragile fiber 1),FRA1,,vv44810Regulation_of_actin_cytoskeleton,
154,VIT_00s0410g00040,741,0.3588,Anthranilate N-benzoyltransferase protein 1,E2_3_1_144,,vv10400Phenylalanine_tyrosine_and_tryptophan_biosynthesis,
155,VIT_07s0031g02520,738,0.3581,Unknown protein,,,,
156,VIT_19s0014g04080,739,0.358,Serine/threonine-protein kinase receptor ARK3,,,,
157,VIT_09s0002g06940,744,0.3575,ABC transporter g family pleiotropic drug resistance 12 PDR12,ABCGPDR12,,vv52010ABC_transporters,
158,VIT_18s0075g00960,728,0.3544,Laccase,E1_10_3_2,,vv11000Single_reactions,vv50109Incompletely_characterized_transport_systems
159,VIT_03s0088g00750,723,0.3506,Pathogenesis related protein 1 precursor [Vitis vinifera],PRP1,,vv30011Jasmonate_signaling,vv34626Plant-pathogen_interaction
160,VIT_09s0002g00890,721,0.3493,Jasmonate ZIM-domain protein 1,JAZ1_2,,vv30011Jasmonate_signaling,vv60069ZIM
161,VIT_00s1463g00010,720,0.3482,Protease Do-like 5,,,,
162,VIT_08s0007g04860,723,0.3459,Nodulin family protein,,,,
163,VIT_17s0000g02220,704,0.3408,No hit,,,,
164,VIT_07s0141g00890,709,0.3407,CYP94A1,,,,
165,VIT_13s0019g04060,696,0.3392,MLO1,K08472,,,
166,VIT_04s0044g00040,695,0.3359,Dirigent,,,,
167,VIT_18s0001g13100,686,0.3328,Glycosyl transferase family 1 protein,,,,
168,VIT_10s0003g04510,682,0.3322,Ankyrin,K10380,,,
169,VIT_13s0156g00590,683,0.332,S-receptor kinase,,,,
170,VIT_02s0234g00130,675,0.3262,Ethylene responsive element binding factor 1,ERF1_9,VvERF076,vv30008Ethylene_signaling,vv30011Jasmonate_signaling
171,VIT_18s0001g15130,671,0.3254,WD40 repeat protein,,,,
172,VIT_01s0010g03600,675,0.3241,Rubber elongation factor (REF),,,,
173,VIT_14s0036g00930,667,0.3239,Polyubiquitin (UBQ4),,,,
174,VIT_08s0007g08140,646,0.3122,Helicase,,,,
175,VIT_01s0010g03930,640,0.3108,WRKY DNA-binding protein 75,WRKY75_1,VvWRKY03,vv60066WRKY,
176,VIT_00s0480g00040,635,0.308,Polyphenol oxidase II  chloroplast precursor,E1_10_3_1,,vv10350Tyrosine_metabolism,vv50109Incompletely_characterized_transport_systems
177,VIT_11s0016g01620,633,0.3076,Unknown,,,,
178,VIT_02s0033g00700,637,0.3074,Nitrilase,E3_5_5_1,,vv10460Cyanoamino_acid_metabolism,vv10910Nitrogen_metabolism
179,VIT_02s0025g04290,616,0.2974,Thaumatin,,,,
180,VIT_07s0151g00980,616,0.2967,No hit,,,,
181,VIT_00s0270g00120,614,0.2951,Alpha-amylase/subtilisin inhibitor,E3_2_1_1,,vv10500Starch_and_sucrose_metabolism,
182,VIT_06s0004g01000,606,0.2923,Dirigent protein,,,,
183,VIT_11s0016g03190,599,0.2908,Unknown,,,,
184,VIT_16s0100g01110,599,0.2897,Resveratrol synthase (RS1),E2_3_1_95,,vv10940Phenylpropanoid_biosynthesis,
185,VIT_03s0063g01500,585,0.2832,CYP82C3,,,,
186,VIT_18s0117g00600,584,0.2817,Laccase,E1_10_3_2,,vv11000Single_reactions,vv50109Incompletely_characterized_transport_systems
187,VIT_03s0088g00410,576,0.2799,Pyruvate kinase isozyme A  chloroplast precursor,E2_7_1_40,,vv10010Glycolysis,vv10230Purine_metabolism
188,VIT_10s0042g00880,572,0.2781,Stilbene synthase [Vitis pseudoreticulata],E2_3_1_95,,vv10940Phenylpropanoid_biosynthesis,
189,VIT_05s0102g00940,574,0.2773,R protein  PRF  disease resistance protein,K13453,,vv34627R_proteins_from_Plant-pathogen_interaction,
190,VIT_14s0083g00920,567,0.2752,No hit,,,,
191,VIT_09s0054g00900,564,0.2741,Chaperone BCS1 mitochondrial,K08900,,,
192,VIT_13s0156g00580,554,0.2666,S-receptor kinase,,,,
193,VIT_18s0001g10100,551,0.2664,Ubiquitin-conjugating enzyme E2 I,K10577,,vv23013RNA_transport,vv24120Ubiquitin_mediated_proteolysis
194,VIT_18s0001g08760,550,0.2656,No hit,,,,
195,VIT_05s0077g01030,547,0.2643,Unknown,,,,
196,VIT_00s0413g00010,539,0.262,Laccase (diphenol oxidase) family protein,E1_10_3_2,,vv11000Single_reactions,vv50109Incompletely_characterized_transport_systems
197,VIT_19s0014g04180,540,0.2594,Curculin (mannose-binding) lectin,,,,
198,VIT_14s0006g02630,536,0.2593,Receptor-like kinase ARK1AS,,,,
199,VIT_17s0000g07670,532,0.2571,Betaine-aldehyde dehydrogenase,E1_2_1_8,,vv10260Glycine_serine_and_threonine_metabolism,vv50101Channels_and_pores
200,VIT_16s0022g02350,533,0.2571,ACI13,,,,
201,VIT_18s0001g10200<br>VIT_18s0001g10230,534,0.2567,,,,,
202,VIT_02s0033g00840,538,0.2557,Nitrilase 4B,E3_5_5_1,,vv10460Cyanoamino_acid_metabolism,vv10910Nitrogen_metabolism
203,VIT_10s0003g04080,523,0.2543,Unknown,,,,
204,VIT_06s0009g03130,521,0.2541,Cytochrome P450  family 79  subfamily A  polypeptide 2,K12153,,vv10966Glucosinolate_biosynthesis,
205,VIT_06s0009g03770,526,0.2534,Phycoerythrobilin ferredoxin oxidoreductase,E1_3_7_4,,vv10860Porphyrin_and_chlorophyll_metabolism,
206,VIT_07s0104g00210,523,0.2522,Phenazine biosynthesis PhzC/PhzF protein,K06998,,vv10400Phenylalanine_tyrosine_and_tryptophan_biosynthesis,
207,VIT_09s0002g05610,521,0.2513,Unknown,,,,
208,VIT_05s0020g01080,520,0.2511,Unknown,,,,
209,VIT_02s0033g00790,516,0.2506,Nitrilase 4B,E3_5_5_1,,vv10460Cyanoamino_acid_metabolism,vv10910Nitrogen_metabolism
210,VIT_14s0068g02150,517,0.2502,Kelch repeat-containing F-box family protein,,,,
211,VIT_09s0002g04070,515,0.2498,Unknown protein,,,,
212,VIT_18s0072g00260,515,0.2484,Ethylene-responsive transcription factor related to APETALA2 6,RAP2_6,VvERF114,vv30008Ethylene_signaling,vv60003AP2_EREBP
213,VIT_10s0003g03790,514,0.2479,Jasmonate ZIM domain-containing protein 8,JAZ8_2,,vv30011Jasmonate_signaling,vv60069ZIM
214,VIT_00s2582g00010,515,0.2475,Unknown,,,,
215,VIT_02s0033g01320,502,0.2418,Amino acid permease,AAPREL,,vv50123Porters_cat_18_to_29,
216,VIT_00s0299g00070,499,0.2418,Unknown protein,,,,
217,VIT_18s0001g04280,485,0.2346,(-)-germacrene D synthase,E4_2_3_22,,vv10900Terpenoid_biosynthesis,
218,VIT_12s0057g01440,482,0.2341,Heavy-metal-associated domain-containing protein,,,,
219,VIT_05s0124g00450,488,0.2335,Unknown protein,,,,
220,VIT_17s0000g05350,482,0.2332,5-formyltetrahydrofolate cycloligase,E6_3_3_2,,vv10670One_carbon_pool_by_folate,
221,VIT_13s0019g01470,474,0.2297,Geranylgeranyltransferase type I beta subunit,E2_5_1_59,,vv10100Biosynthesis_of_steroids,
222,VIT_14s0219g00070,473,0.2275,Zinc finger (C2H2 type) family,C2H2FAM_25,,vv60017C2H2,
223,VIT_09s0018g00950,466,0.2259,Laccase,E1_10_3_2,,vv11000Single_reactions,vv50109Incompletely_characterized_transport_systems
224,VIT_19s0014g01110,464,0.2248,Curculin (mannose-binding) lectin,,,,
225,VIT_19s0085g00290,462,0.2247,RRNA methylase,,,,
226,VIT_01s0010g02990<br>VIT_01s0010g03000,464,0.2244,,,,,
227,VIT_10s0042g00590,463,0.2236,Leucine-rich repeat receptor-like protein kinase 1,,,,
228,VIT_14s0066g01150,460,0.2233,Cinnamoyl-CoA reductase,E1_2_1_44,,vv10940Phenylpropanoid_biosynthesis,
229,VIT_09s0002g00160,459,0.2212,Histone H2A.4 HTA12,H2A4,,,
230,VIT_13s0047g00790,457,0.2207,No hit,,,,
231,VIT_08s0040g01710,453,0.2199,Phenylalanine ammonia-lyase,E4_3_1_5,,vv10350Tyrosine_metabolism,vv10360Phenylalanine_metabolism
232,VIT_00s0753g00020,449,0.2187,Histone H2A.4 HTA12,H2A4,,,
233,VIT_04s0044g00400,451,0.2177,MTN21,MTN21,,vv50122Porters_cat_7_to_17,
234,VIT_03s0091g00380,448,0.2176,Thioredoxin domain-containing protein 9,,,,
235,VIT_14s0060g02760,446,0.2158,Germin-like protein 3 [Vitis vinifera],,,,
236,VIT_01s0011g03850,443,0.2148,Unknown protein,,,,
237,VIT_02s0025g00540,442,0.2135,Unknown,,,,
238,VIT_18s0001g06210,437,0.2135,No hit,,,,
239,VIT_03s0091g00140,436,0.2117,Plant basic secretory protein (BSP) family,,,,
240,VIT_07s0005g04320,437,0.2115,No hit,,,,
241,VIT_00s0409g00010,435,0.211,Receptor kinase RK20-1,,,,
242,VIT_09s0002g02950,434,0.2103,No hit,,,,
243,VIT_18s0166g00320,426,0.207,ABC transporter F member 6,ABCF6,,vv52010ABC_transporters,
244,VIT_16s0039g01070,429,0.2067,Glutathione S-transferase 25 GSTU7,E2_5_1_18_GSTU7,,vv10480Glutathione_metabolism,
245,VIT_05s0020g01600,424,0.2038,Unknown protein,,,,
246,VIT_18s0122g00690,414,0.201,Laccase,E1_10_3_2,,vv11000Single_reactions,vv50109Incompletely_characterized_transport_systems
247,VIT_03s0063g00820,411,0.1983,Carboxyesterase 12; CXE12,E3_1_1_1,,,
248,VIT_07s0191g00030,409,0.1977,RAB GTPase RABA4A,K07976,,,
249,VIT_15s0021g01630,406,0.1963,Ethylene responsive element binding factor 2,ERF2_1,,vv30008Ethylene_signaling,vv60003AP2_EREBP
250,VIT_13s0019g01440,406,0.1961,No hit,,,,
251,VIT_14s0171g00400,402,0.1944,Lysine histidine transporter 1,LHT1,,vv50123Porters_cat_18_to_29,
252,VIT_04s0069g00970,400,0.1932,WRKY DNA-binding protein 51,WRKY51_1,VvWRKY11,vv60066WRKY,
253,VIT_00s0240g00050,400,0.1931,Glutathione S-transferase 8 GSTU19,E2_5_1_18_GSTU19,,vv10480Glutathione_metabolism,
254,VIT_10s0042g01200,396,0.1917,ARGONAUTE 2 (AGO2),,,,
255,VIT_19s0014g01150,397,0.1913,Curculin (mannose-binding) lectin,,,,
256,VIT_10s0003g05450,392,0.1896,Reticuline oxidase precursor,E1_21_3_3,,vv10950Alkaloid_biosynthesis_I,
257,VIT_09s0054g00780,392,0.1894,Pseudouridine synthase,E4_2_1_70,,vv10240Pyrimidine_metabolism,
258,VIT_12s0134g00350,390,0.1888,Zinc finger (C3HC4-type ring finger),ZFC3HC4_228,,vv60078Other_zf-C3HC4,
259,VIT_01s0011g00380,389,0.1878,SP1L1 (SPIRAL1-like1),,,,
260,VIT_02s0025g04100,387,0.1872,CCR4-NOT transcription complex subunit 2,K12605,,vv23018RNA_degradation,
261,VIT_13s0074g00570,382,0.1853,Gamma-aminobutyric acid transporter,GAT1,,vv50123Porters_cat_18_to_29,
262,VIT_19s0015g00010,385,0.1851,ABC transporter C member 9,K05033,,vv52010ABC_transporters,
263,VIT_00s2262g00010,377,0.1826,Low expression of osmotically responsive genes 1,LOS4,,vv50133Primary_active_transporter_cat_A9_to_A18,
264,VIT_01s0137g00820,377,0.1821,Phototropic-responsive NPH3,,,,
265,VIT_11s0016g01340,372,0.1813,Unknown protein,,,,
266,VIT_07s0005g03890,374,0.1794,Transcription termination factor mitochondrial mTERF,MTERF_24,,vv60085MTERF,
267,VIT_03s0017g00650,366,0.1785,GTP cyclohydrolase II,E3_5_4_25,,vv10740Riboflavin_metabolism,
268,VIT_03s0017g02110,366,0.177,Anthocyanidin 3-O-glucosyltransferase,E2_4_1_115,,vv10942Anthocyanin_biosynthesis,
269,VIT_14s0171g00490,361,0.1757,Glucose-6-phosphate 1-dehydrogenase  cytoplasmic isoform,E1_1_1_49,,vv10030Pentose_phosphate,vv10480Glutathione_metabolism
270,VIT_19s0085g00850,360,0.1742,LEM3 (ligand-effect modulator 3),LEM3,,vv50108Accessory_factors_involved_in_transport,
271,VIT_11s0016g01610,359,0.1737,Unknown,,,,
272,VIT_16s0100g00900,357,0.173,Stilbene synthase [Vitis pseudoreticulata],E2_3_1_95,,vv10940Phenylpropanoid_biosynthesis,
273,VIT_05s0029g00600,356,0.173,S-adenosyl-L-methionine-dependent methyltransferase mraW,K03438,,,
274,VIT_05s0049g00910,357,0.1716,No hit,,,,
275,VIT_16s0022g00700,352,0.1698,Pectinesterase family,E3_1_1_11,,vv40006Cell_wall,
276,VIT_07s0031g01130,346,0.1678,Ascorbate oxidase,E1_10_3_3,,vv10053Ascorbate_and_aldarate_metabolism,vv50109Incompletely_characterized_transport_systems
277,VIT_18s0075g00530,342,0.1655,Laccase,E1_10_3_2,,vv11000Single_reactions,vv50109Incompletely_characterized_transport_systems
278,VIT_09s0018g01550,337,0.1635,Trimethylguanosine synthase,K14292,,vv23013RNA_transport,
279,VIT_02s0236g00100,339,0.1632,Unknown,,,,
280,VIT_07s0005g01190,334,0.1621,Unknown protein,,,,
281,VIT_19s0014g03030,336,0.162,No hit,,,,
282,VIT_18s0001g00920<br>VIT_18s0075g00590<br>VIT_18s0001g00850<br>VIT_18s0075g00780<br>VIT_18s0001g00790<br>VIT_18s0001g00730<br>VIT_18s0001g00310<br>VIT_18s0075g00620<br>VIT_18s0075g00540<br>VIT_18s0075g00600<br>VIT_18s0075g00580<br>VIT_00s0481g00020<br>VIT_18s0001g00930,335,0.1605,,,,,
283,VIT_11s0016g02850,327,0.159,Phosphofructokinase,E2_7_1_90,,vv10051Fructose_and_mannose_metabolism,
284,VIT_12s0121g00040,330,0.159,No hit,,,,
285,VIT_13s0019g03520,324,0.1563,No hit,,,,
286,VIT_09s0002g06890,319,0.1546,Dicyanin blue copper protein,,,,
287,VIT_16s0039g00350,313,0.1525,Unknown protein,,,,
288,VIT_14s0081g00190,317,0.1523,No hit,,,,
289,VIT_00s0317g00090,314,0.1515,Disease resistance-responsive,,,,
290,VIT_01s0137g00080,310,0.1503,Aldehyde dehydrogenase (NAD+),E1_2_1_3,vv10561Glycerolipid_metabolism,vv10010Glycolysis,vv10071Fatty_acid_metabolism
291,VIT_03s0088g00690,310,0.15,Pathogenesis-related protein 1 precursor (PRP 1),PRP1,,vv30011Jasmonate_signaling,vv34626Plant-pathogen_interaction
292,VIT_12s0142g00640,312,0.1496,FLS2 (flagellin-sensitive 2),K13420,,vv34626Plant-pathogen_interaction,
293,VIT_02s0087g01010,308,0.1489,CRK10 (cysteine-rich RLK10),,,,
294,VIT_03s0088g00710,308,0.1484,Pathogenesis-related protein 1 precursor (PRP 1),PRP1,,vv30011Jasmonate_signaling,vv34626Plant-pathogen_interaction
295,VIT_17s0119g00070,300,0.1452,Unknown protein,,,,
296,VIT_08s0007g01610,293,0.1411,KOW domain-containing transcription factor family protein,KOWDOM,,,
297,VIT_08s0040g03100,289,0.14,Glutathione S-transferase GSTO1,E2_5_1_18_GSTO1,,vv10480Glutathione_metabolism,
298,VIT_04s0044g01200,278,0.1348,Auxin-independent growth promoter,,,,
299,VIT_00s0347g00120,276,0.1323,S-locus lectin protein kinase,,,,
300,VIT_14s0066g01080,271,0.1302,ADP-ribosylation factor A1B,ARFA1B,,vv50110Protein_coat,
301,VIT_15s0024g00680,267,0.1297,No hit,,,,
302,VIT_00s0207g00110,269,0.1297,Antigen receptor,,,,
303,VIT_12s0055g00800,269,0.1297,Arachidonic acid-induced DEA1,,,,
304,VIT_18s0076g00380,266,0.128,ABC transporter F member 6,ABCF6,,vv52010ABC_transporters,
305,VIT_09s0002g06900,264,0.1277,NtEIG-A1,,,,
306,VIT_00s0301g00040,253,0.1231,Glycine-rich protein,,,,
307,VIT_14s0006g00780,252,0.1223,No hit,,,,
308,VIT_03s0038g03810,251,0.1215,Serine/threonine Protein kinase BNK1,,,,
309,VIT_08s0007g01560,253,0.1213,Photoassimilate-responsive protein,,,,
310,VIT_09s0002g07220,251,0.1211,Unknown,,,,
311,VIT_08s0007g05320,246,0.1186,Essential for mitotic growth 1,K14568,,vv23008Ribosome_biogenesis_in_Eukaryotes,
312,VIT_05s0020g03140,241,0.1168,Sugar transporter 13,STP13,,vv50121Porters_cat_1_to_6,
313,VIT_18s0001g11130,238,0.1148,Calmodulin-binding protein AR781,,,,
314,VIT_00s0181g00170,238,0.1143,F-box family protein,,,,
315,VIT_04s0069g00470,234,0.1127,No hit,,,,
316,VIT_18s0001g03850,233,0.1119,Ribosomal protein S10 30S,K02946,,vv23010Ribosome,
317,VIT_11s0016g03710,227,0.1103,Abl interactor protein 1 (ABIL1),,,,
318,VIT_01s0127g00150,230,0.1103,Menaquinone biosynthesis methyltransferase ubiE,K03183,,vv10130Ubiquinone_biosynthesis,
319,VIT_13s0019g03670,227,0.1097,Unknown protein,,,,
320,VIT_09s0070g00610<br>VIT_00s0120g00020<br>VIT_19s0015g00790<br>VIT_19s0015g00800,226,0.1091,,,,,
321,VIT_17s0000g08200,220,0.1065,Phosphoglycerate/bisphosphoglycerate mutase,E5_4_2_1,,vv10010Glycolysis,
322,VIT_02s0025g04270<br>VIT_02s0025g04260<br>VIT_02s0025g04230,215,0.1037,,,,,
323,VIT_02s0025g04340,209,0.1013,Osmotin,,,,
324,VIT_01s0011g03830,210,0.1012,Metallo-beta-lactamase,E3_5_2_6,,vv10311Penicillin_and_cephalosporin_biosynthesis,
325,VIT_13s0047g00460,210,0.1011,Essential for mitotic growth 1,K14568,,vv23008Ribosome_biogenesis_in_Eukaryotes,
326,VIT_14s0060g02320,207,0.1004,Respiratory burst oxidase protein B (ATRBOHB),RBOHB,,vv34626Plant-pathogen_interaction,vv50105Transport_electron_carriers
327,VIT_01s0011g05440,206,0.0991,Unknown protein,,,,
328,VIT_00s0187g00020,204,0.0988,No hit,,,,
329,VIT_19s0015g00290,202,0.0967,No hit,,,,
330,VIT_00s0211g00050,201,0.0963,Protein BRICK1 (AtBRK1),K05752,,vv44810Regulation_of_actin_cytoskeleton,
331,VIT_11s0016g05540,199,0.0957,Dicyanin,,,,
332,VIT_15s0048g01820,197,0.0952,Acclimation of photosynthesis to environment APE1,,,,
333,VIT_18s0001g10760,196,0.0951,Strictosidine synthase,E4_3_3_2,,vv10900Terpenoid_biosynthesis,vv10902Monoterpenoid_biosynthesis
334,VIT_00s0341g00010,196,0.0945,Dual specificity protein phosphatase,,,,
335,VIT_16s0148g00210,195,0.0941,Receptor kinase homolog LRK10,,,,
336,VIT_13s0019g03990,195,0.0938,Unknown protein,,,,
337,VIT_03s0088g00010,192,0.0924,Concanavalin A lectin,,,,
338,VIT_07s0104g01160,189,0.0914,Substrate carrier   Mitochondrial,K03454,,vv50123Porters_cat_18_to_29,
339,VIT_00s0375g00050,187,0.0912,No hit,,,,
340,VIT_07s0104g00300,188,0.0908,Hemolysin,K06442,,vv50109Incompletely_characterized_transport_systems,
341,VIT_09s0002g02970,187,0.0905,Unknown,,,,
342,VIT_07s0005g05780,183,0.0886,Pantoate--beta-alanine ligase,E6_3_2_1,,vv10410Beta-alanine_metabolism,vv10770Pantothenate_and_CoA_biosynthesis
343,VIT_16s0050g02230,182,0.0881,Chitinase [Vitis vinifera],E3_2_1_14,,vv10530Aminosugars_metabolism,
344,VIT_08s0007g06250,181,0.0874,Strubbelig receptor family 2,,,,
345,VIT_04s0069g01010,180,0.0873,Harpin-induced protein,,,,
346,VIT_13s0019g04870,178,0.0859,Unknown protein,,,,
347,VIT_05s0094g01670,175,0.0847,PP1/PP2A phosphatases pleiotropic regulator PRL1,K12862,,vv23040Spliceosome,vv50109Incompletely_characterized_transport_systems
348,VIT_03s0038g02840,175,0.0846,Unknown,,,,
349,VIT_15s0048g02950,172,0.0835,Unknown,,,,
350,VIT_00s0194g00220,172,0.0833,Unknown,,,,
351,VIT_19s0014g01370,172,0.0833,Curculin (mannose-binding) lectin,,,,
352,VIT_01s0026g00210,171,0.0828,Aldehyde dehydrogenase (NAD+),E1_2_1_3,vv10561Glycerolipid_metabolism,vv10010Glycolysis,vv10071Fatty_acid_metabolism
353,VIT_16s0050g02450,170,0.0826,Proline-rich cell wall protein,,,,
354,VIT_01s0011g04210,168,0.0816,Amino acid permease,AAPREL,,vv50123Porters_cat_18_to_29,
355,VIT_05s0049g00920,168,0.0812,Inorganic phosphate transporter 1-4,PHT1_4,,vv50121Porters_cat_1_to_6,
356,VIT_01s0010g03010,169,0.0812,Calcium-binding EF-hand,K13448_CML38,,vv34626Plant-pathogen_interaction,
357,VIT_09s0054g01260,169,0.081,No hit,,,,
358,VIT_09s0002g05210,166,0.0798,F-box family protein,,,,
359,VIT_06s0004g06490,163,0.0786,Serine/threonine-protein kinase RLCKVII,,,,
360,VIT_01s0011g01730,160,0.0774,ATPP2-A9 (Phloem protein 2-A9),,,,
361,VIT_06s0061g01210,161,0.0773,Lysine histidine transporter 1,LHT1,,vv50123Porters_cat_18_to_29,
362,VIT_01s0011g03310,154,0.0749,Unknown protein,,,,
363,VIT_16s0050g02210,151,0.0728,Chitinase III [Vitis vinifera],E3_2_1_14,,vv10530Aminosugars_metabolism,
364,VIT_03s0088g00780,149,0.0728,Pathogenesis-related protein 1 precursor (PRP 1),PRP1,,vv30011Jasmonate_signaling,vv34626Plant-pathogen_interaction
365,VIT_15s0048g01350,149,0.0718,Gibberellin receptor GID1L3,GID1C,,vv30010Gibberellin_signaling,
366,VIT_09s0002g05570,146,0.0703,ABC transporter g family pleiotropic drug resistance 12 PDR12,ABCGPDR12,,vv52010ABC_transporters,
367,VIT_18s0001g01960,143,0.0697,RKF3 (receptor-like kinase IN in flowers 3),,,,
368,VIT_01s0026g02640,144,0.0692,UbiE/COQ5 methyltransferase,K06127,,vv10130Ubiquinone_biosynthesis,
369,VIT_19s0027g00380,140,0.068,Amine oxidase,E1_4_3_4,,vv10220Urea_cycle_and_metabolism_of_amino_groups,vv10340Histidine_metabolism
370,VIT_02s0033g00660<br>VIT_02s0033g00850<br>VIT_02s0033g00870<br>VIT_02s0033g00800,139,0.0678,,,,,
371,VIT_09s0070g00490,139,0.067,Protein phosphatase 2C,E3_1_3_16,,,
372,VIT_16s0050g02530,138,0.0664,Myb Triptychon,TRIPTYCHON_1,,vv44110Cell_cycle,vv60045MYBrelated
373,VIT_09s0002g06400,134,0.065,No hit,,,,
374,VIT_13s0019g00980,134,0.0648,GTP binding protein,,,,
375,VIT_19s0027g00870,134,0.0645,NAC domain-containing protein 42,NAC042_3,VvNAC30,vv60046NAC,
376,VIT_09s0018g01660,133,0.064,Biopterin transport-related protein BT1,BIOPTERIN,,vv50125Porters_cat_66_to_94,
377,VIT_08s0105g00200,131,0.0634,U-box domain-containing protein,,,,
378,VIT_17s0000g03100,130,0.0627,Protein phosphatase 2C,E3_1_3_16,,,
379,VIT_11s0016g04120,126,0.0612,No hit,,,,
380,VIT_07s0031g02320,125,0.0603,Leaf senescence protein,,,,
381,VIT_14s0060g02670,124,0.0597,No hit,,,,
382,VIT_14s0108g01300,123,0.0593,Division regulator MinE  Plastid,MINE1,,vv44110Cell_cycle,
383,VIT_07s0104g00220,122,0.0589,Phenazine biosynthesis PhzC/PhzF,K06998,,vv10400Phenylalanine_tyrosine_and_tryptophan_biosynthesis,
384,VIT_08s0058g00880,119,0.0579,Class E vacuolar protein-sorting machinery protein HSE1,HSE1,,vv50111Tethering_factors,
385,VIT_02s0025g03760,119,0.0579,Myosin-related,MYOSINR,,vv44810Regulation_of_actin_cytoskeleton,
386,VIT_18s0001g08170,119,0.0576,Inorganic pyrophosphatase,K01507,,vv10190Oxidative_phosphorylation,vv50133Primary_active_transporter_cat_A9_to_A18
387,VIT_02s0025g03300,118,0.0569,Potassium channel tetramerisation domain-containing protein,KCTREL,,vv50101Channels_and_pores,
388,VIT_12s0057g00420,116,0.0562,Auxin-responsive protein AIR12,AIR12,,vv30003Auxin_signaling,
389,VIT_17s0000g07560,115,0.0554,EDS1 (Enhanced disease susceptibility 1),EDS1,,vv30011Jasmonate_signaling,
390,VIT_08s0058g01080,114,0.0554,No hit,,,,
391,VIT_03s0063g00410,115,0.0553,Alpha-amylase,E3_2_1_1,,vv10500Starch_and_sucrose_metabolism,
392,VIT_05s0020g03440,114,0.0553,Photosystem II 11 kDa protein PSB27,K08902,,vv10195Photosynthesis,vv50135Primary_active_transporter_cat_D3_to_E2
393,VIT_15s0021g01260,114,0.0552,Unknown,,,,
394,VIT_14s0066g00220,114,0.0549,Elongation factor EF-Tu RABE1B,K02358,,vv34626Plant-pathogen_interaction,
395,VIT_16s0039g00310,112,0.0543,Unknown protein,,,,
396,VIT_08s0007g06680,110,0.0531,PMR5 (powdery mildew resistant 5),,,,
397,VIT_13s0019g01810,109,0.0527,Scarecrow transcription factor 14 (SCL14),SCL14_3,,vv60032GRAS,
398,VIT_14s0068g01300,108,0.0524,Serine palmitoyltransferase,E2_3_1_50,,vv10600Sphingolipid_metabolism,
399,VIT_18s0117g00070,108,0.0522,R protein L6,K13477,,vv34627R_proteins_from_Plant-pathogen_interaction,
400,VIT_19s0027g00860,107,0.052,NAC domain-containing protein 42,NAC042_2,VvNAC31,vv60046NAC,
401,VIT_04s0079g00360,104,0.0503,Glutathione S-transferase 25 GSTU25,E2_5_1_18_GSTU25,,vv10480Glutathione_metabolism,
402,VIT_14s0081g00540,102,0.0497,No hit,,,,
403,VIT_04s0023g01080,101,0.0488,Lys Motif-Type Receptor-Like Kinase LYK4,,,,
404,VIT_07s0031g02640,101,0.0486,Zinc finger (C3HC4-type ring finger),ZFC3HC4_31,,vv60078Other_zf-C3HC4,
405,VIT_08s0007g00570,100,0.0485,WRKY DNA-binding protein 49,WRKY49,VvWRKY27,vv60066WRKY,
406,VIT_09s0018g01320,100,0.0483,No hit,,,,
407,VIT_05s0020g01140,99,0.048,Ribosomal protein L18,K02881,,vv23010Ribosome,
408,VIT_10s0116g00910,99,0.048,CERK1 (chitin elicitor receptor kinase 1),K13429,,vv34626Plant-pathogen_interaction,
409,VIT_05s0077g01130,98,0.0474,Seed maturation protein PM36,,,,
410,VIT_00s0181g00160,98,0.0474,F-box family protein,,,,
411,VIT_09s0054g00580<br>VIT_09s0054g00570,97,0.0467,,,,,
412,VIT_03s0088g00810,94,0.0456,Pathogenesis-related protein 1 precursor (PRP 1),PRP1,,vv30011Jasmonate_signaling,vv34626Plant-pathogen_interaction
413,VIT_01s0113g00400,94,0.0455,No hit,,,,
414,VIT_09s0002g01550,94,0.0454,Lecithine cholesterol acyltransferase,E2_3_1_43,,vv10564Glycerophospholipid_metabolism,
415,VIT_04s0008g05440,94,0.0453,Ethylene-responsive transcription factor SHINE 3,SHINE3_1,VvERF044,vv30008Ethylene_signaling,vv60003AP2_EREBP
416,VIT_15s0107g00390,93,0.0448,5'-adenylylsulfate reductase (APR3),E1_8_4_8,,vv10920Sulfur_metabolism,
417,VIT_07s0031g01380,92,0.0446,ferulate 5-hydroxylase,K09755,,vv10940Phenylpropanoid_biosynthesis,
418,VIT_02s0012g01730,92,0.0445,Integrase core domain containing protein,,,,
419,VIT_19s0015g00220,90,0.0432,Unknown protein,,,,
420,VIT_05s0077g00960,88,0.0426,Ferredoxin 4Fe-4S  iron-sulfur binding,K04755,,,
421,VIT_00s0780g00040,88,0.0424,RGLG2 (ring Domain LIGASE2),RGLG2,,vv50004Auxin_transport,
422,VIT_07s0031g02650,87,0.0422,Unknown protein,,,,
423,VIT_08s0007g00780,86,0.0418,One helix protein (OHP),,,,
424,VIT_17s0000g00640,86,0.0416,No hit,,,,
425,VIT_01s0011g00550,85,0.0412,Hydrolase  alpha/beta fold family,,,,
426,VIT_07s0005g00420,85,0.0412,Zinc finger (C3HC4-type ring finger),ZFC3HC4_195,,vv60078Other_zf-C3HC4,
427,VIT_03s0063g01330,85,0.0411,Nodulin 1A  senescence-associated,,,,
428,VIT_04s0008g01380,83,0.0404,Unknown protein,,,,
429,VIT_06s0004g04950,82,0.0396,Scarecrow-like transcription factor 14 SCL14,SCL14_11,,vv60032GRAS,
430,VIT_04s0023g01170,82,0.0396,Unknown protein,,,,
431,VIT_00s0214g00170,82,0.0395,Actin-related protein 7,ARP7,,vv44810Regulation_of_actin_cytoskeleton,
432,VIT_10s0116g01200,81,0.0394,WRKY DNA-binding protein 6,WRKY6_1,VvWRKY29,vv60066WRKY,
433,VIT_18s0001g01750,81,0.0394,No hit,,,,
434,VIT_01s0150g00410,81,0.0391,Unknown protein,,,,
435,VIT_00s0471g00020,81,0.0391,Unknown,,,,
436,VIT_19s0015g01100,80,0.0389,Peptidyl-prolyl cis-trans isomerase  FKBP-type,K01802,,,
437,VIT_12s0057g00820,76,0.0368,Leucine-rich repeat,,,,
438,VIT_01s0010g01610,73,0.0353,Unknown,,,,
439,VIT_01s0011g05930,71,0.0345,S-adenosyl-L-methionine:carboxyl methyltransferase,,,,
440,VIT_08s0056g00040,71,0.0344,WD-40 repeat protein,,,,
441,VIT_11s0016g00570,71,0.0344,Dimethylaniline monooxygenase (N-oxide forming) 2,E1_14_13_8,,vv11000Single_reactions,
442,VIT_17s0000g04660,71,0.0343,Agmatine deiminase,E3_5_3_12,,vv10220Urea_cycle_and_metabolism_of_amino_groups,
443,VIT_14s0030g00730,70,0.0338,Vesicle-associated membrane protein 27 VAP27-2,VAP27_2,,vv50109Incompletely_characterized_transport_systems,
444,VIT_12s0034g01020,69,0.0335,Ribosomal protein L18,K02881,,vv23010Ribosome,
445,VIT_04s0008g04520,68,0.0329,Zinc finger  FYVE domain containing 26,ZFYVE26,,vv60080Other_zf,
446,VIT_02s0025g01140,68,0.0327,No hit,,,,
447,VIT_01s0026g02310,67,0.0324,SUR2,K04713,,vv10600Sphingolipid_metabolism,
448,VIT_09s0054g00690,66,0.0321,Vacuolar processing enzyme alpha,,,,
449,VIT_12s0035g01560,66,0.0319,SGT1,SGT1,,vv30003Auxin_signaling,
450,VIT_17s0000g09200,65,0.0315,Unknown protein,,,,
451,VIT_01s0146g00480,64,0.031,TIFY 9 (Jasmonate ZIM domain-containing protein 10),JAZ10,,vv30011Jasmonate_signaling,vv60069ZIM
452,VIT_13s0073g00040,64,0.0309,Glycine-rich protein,,,,
453,VIT_18s0001g00080,63,0.0304,Laccase,E1_10_3_2,,vv11000Single_reactions,vv50109Incompletely_characterized_transport_systems
454,VIT_05s0051g00140,63,0.0302,RRS1 (resistant to ralstonia solanacearum 1),RRS1,,vv34627R_proteins_from_Plant-pathogen_interaction,
455,VIT_19s0014g02950,61,0.0296,No hit,,,,
456,VIT_14s0030g00400,61,0.0294,WD40,,,,
457,VIT_04s0044g00270,60,0.0292,Monooxygenase (MO3),,,,
458,VIT_00s0259g00160,58,0.0278,Acyl carrier protein  mitochondrial 3,K02078,,vv50134Primary_active_transporter_cat_D1,
459,VIT_11s0052g00890,56,0.0271,Unknown protein,,,,
460,VIT_15s0046g01850,55,0.0267,Syntaxin of plants SYP7,K08506,,vv24130SNARE_interactions_in_vesicular_transport,
461,VIT_15s0045g00390,55,0.0267,No hit,,,,
462,VIT_03s0063g00060,54,0.0262,IMP dehydrogenase,E1_1_1_205,,vv10230Purine_metabolism,
463,VIT_04s0008g05540,54,0.0261,Clathrin assembly protein 2,CAP2,,vv50110Protein_coat,
464,VIT_05s0049g01200,54,0.0261,S-locus lectin protein kinase,,,,
465,VIT_09s0054g01870,53,0.0258,Transmembrane receptor,,,,
466,VIT_06s0061g00100,53,0.0256,Glucan endo-1 3-beta-glucosidase  acidic isoform precursor,E3_2_1_39,,vv10500Starch_and_sucrose_metabolism,
467,VIT_02s0033g00710,53,0.0256,No hit,,,,
468,VIT_09s0002g02380,52,0.0253,Thioredoxin 2,,,,
469,VIT_14s0068g01250,52,0.0252,Mitochondrial phosphate transporter,MPHOSPTR,,vv50123Porters_cat_18_to_29,
470,VIT_09s0018g00240,52,0.025,WRKY DNA-binding protein 40,WRKY40,VvWRKY28,vv60066WRKY,
471,VIT_01s0026g01270,50,0.0243,No hit,,,,
472,VIT_08s0105g00270,48,0.0232,NC domain-containing protein,,,,
473,VIT_09s0054g00230,48,0.0231,Mannosyl-oligosaccharide 1 2-alpha-mannosidase IA,E3_2_1_113,,vv10510N-Glycan_biosynthesis,vv11030Glycan_structures-biosynthesis1
474,VIT_01s0010g02450,47,0.0227,B12D,,,,
475,VIT_02s0025g02240,47,0.0227,WD-40 repeat,,,,
476,VIT_10s0116g01810,47,0.0226,Unknown protein,,,,
477,VIT_00s0194g00360,45,0.0218,Histone H2A.4 HTA12,H2A4,,,
478,VIT_13s0064g01430,45,0.0217,Pigment defective 322,CP33,,,
479,VIT_18s0001g00840,44,0.0212,Syringolide-induced protein 14-1-1,,,,
480,VIT_07s0031g01500,43,0.0209,Unknown protein,,,,
481,VIT_00s0531g00010,42,0.0204,HEAT repeat-containing protein,,,,
482,VIT_00s0346g00100<br>VIT_00s0371g00040<br>VIT_00s0346g00120<br>VIT_00s0371g00060<br>VIT_00s0371g00010,42,0.0203,,,,,
483,VIT_06s0009g02600<br>VIT_06s0009g02630,42,0.0203,,,,,
484,VIT_16s0039g00660,42,0.0203,RNA polymerase nonessential primary-like sigma factor SIGA,K03087,,vv23020RNA_polymerase,vv60057Sigma70-like
485,VIT_12s0057g00300,41,0.0196,Unknown protein,,,,
486,VIT_04s0008g02530,40,0.0193,ATP binding protein,,,,
487,VIT_18s0117g00290,40,0.0192,Coatomer protein complex  subunit beta 2,COPB2,,vv50110Protein_coat,
488,VIT_08s0007g01230,40,0.0192,Lectin protein kinase,,,,
489,VIT_05s0094g00160,39,0.0189,No hit,,,,
490,VIT_13s0074g00310,39,0.0188,Translation initiation factor eIF-2 gamma subunit,K03242,,vv23013RNA_transport,
491,VIT_19s0093g00110,39,0.0187,Glutathione S-transferase 22 GSTU22,E2_5_1_18_GSTU22,,vv10480Glutathione_metabolism,
492,VIT_17s0000g09970,38,0.0184,Endonuclease,E3_1_30_x,,,
493,VIT_03s0038g00920,37,0.0179,Carbohydrate kinase  PfkB,E2_7_1_15,,vv10030Pentose_phosphate,
494,VIT_11s0016g01970,37,0.0179,Calmodulin-binding region IQD6,,,,
495,VIT_03s0017g01940,36,0.0174,Unknown,,,,
496,VIT_14s0171g00190,35,0.017,Protoporphyrinogen oxidase,E1_3_3_4,,vv10860Porphyrin_and_chlorophyll_metabolism,
497,VIT_01s0010g01330,34,0.0166,No hit,,,,
498,VIT_04s0008g00340,34,0.0165,Clavata1 receptor kinase (CLV1),,,,
499,VIT_06s0004g01630,33,0.016,Transcription factor jumonji (jmjC) domain-containing protein,JMJD5,,vv60038Jumonji,
500,VIT_00s0531g00030,32,0.0155,C2 domain containing protein,,,,
501,VIT_12s0028g00860,32,0.0154,NAC domain-containing protein 42,NAC042_5,VvNAC36,vv60046NAC,
502,VIT_07s0151g00260,31,0.0151,Quinone-oxidoreductase  Chloroplast,K03956,,vv10190Oxidative_phosphorylation,vv50134Primary_active_transporter_cat_D1
503,VIT_14s0083g00080,31,0.0149,Unknown protein,,,,
504,VIT_01s0011g06140,30,0.0145,Avr9/Cf-9 rapidly elicited protein,,,,
505,VIT_07s0031g01710,29,0.014,WRKY DNA-binding protein 51,WRKY51_3,VvWRKY22,vv60066WRKY,
506,VIT_00s0229g00120,29,0.014,Ternary complex factor MIP1,,,,
507,VIT_19s0090g00210,29,0.014,DTW domain-containing protein,,,,
508,VIT_14s0128g00540<br>VIT_14s0128g00570<br>VIT_14s0128g00600,29,0.0139,,,,,
509,VIT_16s0013g00500,28,0.0136,Unknown protein,,,,
510,VIT_00s0207g00080,28,0.0136,UDP-galactose transporter 6,UTR6,,vv50122Porters_cat_7_to_17,
511,VIT_00s1348g00010,28,0.0136,Ternary complex factor MIP1,,,,
512,VIT_12s0057g00990,28,0.0136,Beta 1 2 N-acetylglucosaminyltransferase,E2_4_1_143,,vv10510N-Glycan_biosynthesis,vv11030Glycan_structures-biosynthesis1
513,VIT_11s0016g01780,28,0.0136,HAB1 (homology toABI1),HAB1,,vv30001ABA_signaling,
514,VIT_13s0064g00050,28,0.0135,Glutamine-fructose-6-phosphate transaminase 2,E2_6_1_16,,vv10251Glutamate_metabolism,vv10530Aminosugars_metabolism
515,VIT_01s0026g01730,28,0.0135,WRKY DNA-binding protein 72,WRKY72_1,VvWRKY02,vv60066WRKY,
516,VIT_12s0028g03430,27,0.0131,Prefoldin alpha subunit,,,,
517,VIT_12s0055g00490,27,0.0131,Accumulation and replication of chloroplast 5,ARC5,,vv44110Cell_cycle,vv50109Incompletely_characterized_transport_systems
518,VIT_05s0102g00610,27,0.013,No hit,,,,
519,VIT_16s0013g00070<br>VIT_16s0039g02840<br>VIT_16s0013g00810,27,0.013,,,,,
520,VIT_18s0001g15710,26,0.0126,Electron carrier/ oxidoreductase,,,,
521,VIT_18s0001g12500,26,0.0126,Unknown protein,,,,
522,VIT_02s0012g00730,26,0.0126,Purine permease 10 PUP10,PUP10,,vv50122Porters_cat_7_to_17,
523,VIT_12s0057g01430,26,0.0125,Heavy-metal-associated domain-containing protein,,,,
524,VIT_02s0012g00110,25,0.0121,Chromatin remodeling 31,CHR31,,vv60058SNF2,
525,VIT_00s2776g00010,25,0.0121,S-locus lectin protein kinase,,,,
526,VIT_14s0030g02150,25,0.012,Calmodulin,K02183,,vv34020Calcium_signaling_pathway,vv34626Plant-pathogen_interaction
527,VIT_05s0020g03410,24,0.0116,Aspartate aminotransferase,E2_6_1_1,vv10710Carbon_fixation,vv10252Alanine_and_aspartate_metabolism,vv10272Cysteine_metabolism
528,VIT_19s0014g04470,24,0.0116,S-locus protein kinase,,,,
529,VIT_12s0028g02530,23,0.0111,Zinc finger (C3HC4-type ring finger),ZFC3HC4_36,,vv60078Other_zf-C3HC4,
530,VIT_18s0117g00080,23,0.0111,R protein L6,K13477,,vv34627R_proteins_from_Plant-pathogen_interaction,
531,VIT_06s0004g01580,23,0.0111,Lipoxygenase,E1_13_11_12,,vv10592alpha-Linolenic_acid_metabolism,
532,VIT_00s0226g00100,23,0.0111,Regulator of chromosome condensation (RCC1),RCC1,,vv50112Nuclear_pore_complex,
533,VIT_03s0088g00720,22,0.0107,Pathogenesis-related protein 1 precursor (PRP 1),PRP1,,vv30011Jasmonate_signaling,vv34626Plant-pathogen_interaction
534,VIT_16s0100g00050,22,0.0106,Protein kinase,,,,
535,VIT_13s0067g00110,22,0.0106,CYP72A1,K13400,,vv10902Monoterpenoid_biosynthesis,
536,VIT_13s0047g00540,22,0.0106,Cinnamyl alcohol dehydrogenase,E1_1_1_195,,vv10940Phenylpropanoid_biosynthesis,
537,VIT_04s0008g03500,22,0.0106,Ankyrin,K10380,,vv50108Accessory_factors_involved_in_transport,
538,VIT_09s0054g00430,22,0.0106,Unknown protein,,,,
539,VIT_18s0001g05270,21,0.0102,ERGIC and golgi 3,ERGIC,,vv50109Incompletely_characterized_transport_systems,
540,VIT_19s0014g04060,21,0.0102,ARK3 (Arabidopsis Receptor Kinase 3),,,,
541,VIT_10s0003g01710,21,0.0101,Ubiquitin domain containing 2,,,,
542,VIT_00s0160g00300,21,0.0101,No hit,,,,
543,VIT_19s0015g01760,21,0.0101,Photosystem I reaction center subunit V (PSAG),K08905,,vv10195Photosynthesis,vv50105Transport_electron_carriers
544,VIT_00s0194g00020,21,0.0101,DNA-directed RNA polymerase II subunit D,K03012,,vv23020RNA_polymerase,
545,VIT_09s0002g00370,20,0.0097,Unknown protein,,,,
546,VIT_08s0058g00790,20,0.0097,Secoisolariciresinol dehydrogenase,SIRD,,vv10940Phenylpropanoid_biosynthesis,
547,VIT_04s0043g00380,19,0.0092,Unknown protein,,,,
548,VIT_19s0177g00340,19,0.0092,Unknown protein,,,,
549,VIT_08s0040g03010,19,0.0092,Pigment defective 149,PDE149,,vv50109Incompletely_characterized_transport_systems,
550,VIT_03s0063g02650,19,0.0091,Hydrolase  alpha/beta fold,,,,
551,VIT_01s0010g03080,19,0.0091,Unknown,,,,
552,VIT_00s0399g00020,18,0.0087,Protease inhibitor/seed storage/lipid transfer protein (LTP),,,,
553,VIT_02s0025g04250,18,0.0087,Osmotin,,,,
554,VIT_05s0020g03240,18,0.0087,S-receptor kinase,,,,
555,VIT_18s0086g00620,18,0.0087,Unknown,,,,
556,VIT_17s0000g06790,18,0.0087,flavin-containing monooxygenase,E1_14_13_8,,vv11000Single_reactions,
557,VIT_19s0027g01550,18,0.0087,Disease resistance protein (CC-NBS-LRR class),,,,
558,VIT_16s0050g02020<br>VIT_16s0050g02030,18,0.0087,,,,,
559,VIT_18s0086g00410,17,0.0082,Auxin-binding protein ABP19,ABP19,,vv30003Auxin_signaling,
560,VIT_04s0008g07250,17,0.0082,Aspartyl protease,E3_4_23_x,,,
561,VIT_07s0031g01660,16,0.0078,CYP86A2,,,,
562,VIT_05s0020g03290,16,0.0078,S-receptor kinase,,,,
563,VIT_16s0039g02730,16,0.0077,TIR1 (transport inhibitor response 1),TIR1,,vv30003Auxin_signaling,
564,VIT_00s0652g00010,16,0.0077,Dof zinc finger protein DOF1.4,DOF1_4_1,,vv60015C2C2-DOF,
565,VIT_01s0011g05890,16,0.0077,S-adenosyl-L-methionine:salicylic acid carboxyl methyltransferase,SAMTBSCMT,,vv10360Phenylalanine_metabolism,
566,VIT_01s0146g00320,15,0.0073,No hit,,,,
567,VIT_18s0001g01590,15,0.0073,BTB/POZ domain-containing protein,BTBDOM_1,,vv60093TRAF,
568,VIT_03s0063g01340,15,0.0072,Gibberellin 20 oxidase 2,E1_14_11_12,,vv10904Diterpenoid_biosynthesis,
569,VIT_00s0347g00070,15,0.0072,S-locus lectin protein kinase,,,,
570,VIT_14s0068g02110,14,0.0068,Sulfite oxidase,E1_8_3_1,,vv10920Sulfur_metabolism,
571,VIT_10s0003g05250,14,0.0068,Germin-like protein,,,,
572,VIT_17s0000g05360,14,0.0068,Germin,,,,
573,VIT_16s0022g01880,13,0.0063,No hit,,,,
574,VIT_17s0000g03710,13,0.0063,Unknown protein,,,,
575,VIT_14s0108g01160,13,0.0063,Latex abundant protein 1,,,,
576,VIT_11s0037g00180,13,0.0063,Leucine aminopeptidase 3  chloroplast precursor,E3_4_11_1,,,
577,VIT_13s0084g00670,13,0.0063,Unknown protein,,,,
578,VIT_02s0025g02270,13,0.0063,PRLI-interacting factor G,,,,
579,VIT_02s0025g04300,13,0.0062,Thaumatin,,,,
580,VIT_05s0124g00490,13,0.0062,Oxalyl-CoA decarboxylase,E4_1_1_8,,vv10630Glyoxylate_and_dicarboxylate_metabolism,
581,VIT_02s0234g00020,12,0.0058,Embryonic flower 2 (EMF2),EMF2,,vv30009Flower_development,
582,VIT_08s0007g00980,12,0.0058,Integral membrane family protein UPF0497,,,,
583,VIT_00s0748g00020,12,0.0058,Receptor kinase RK20-1,,,,
584,VIT_00s0131g00330,12,0.0058,F-box family protein,,,,
585,VIT_17s0000g04820,12,0.0058,BSD domain-containing protein,BSDDOM_7,,vv60075Other_BSD,
586,VIT_05s0049g01980,12,0.0058,3-isopropylmalate dehydratase large subunit 2,E4_2_1_33,,vv10290Valine_leucine_and_isoleucine_biosynthesis,
587,VIT_01s0011g02480,12,0.0058,Phospholipid-transporting ATPase,K01530,,vv50131Primary_active_transporter_cat_A2_to_A4,
588,VIT_04s0044g00590,12,0.0058,No hit,,,,
589,VIT_19s0090g00630,12,0.0058,Tetraacyldisaccharide 4'-kinase,E2_7_1_130,,vv10540Lipopolysaccharide_biosynthesis,
590,VIT_05s0020g03190,12,0.0058,Haloacid dehalogenase hydrolase,E3_1_3_18,,vv10630Glyoxylate_and_dicarboxylate_metabolism,
591,VIT_14s0060g02060,12,0.0058,Tetratricopeptide repeat (TPR)-containing,,,,
592,VIT_05s0020g04380,12,0.0058,Calcium-transporting ATPase 13 ACA13,K01537,,vv34020Calcium_signaling_pathway,vv50131Primary_active_transporter_cat_A2_to_A4
593,VIT_10s0003g00580,12,0.0058,ERF/AP2 transcription factor sub B-3  (ATERF-2),ERF1_5,VvERF075,vv30008Ethylene_signaling,vv30011Jasmonate_signaling
594,VIT_14s0081g00580,12,0.0058,GPI-anchor transamidase,K05289,,vv10563Glycosylphosphatidylinositol-anchor_biosynthesis,
595,VIT_02s0087g00770,12,0.0058,ABC transporter E member 1,K06174,,vv52010ABC_transporters,
596,VIT_18s0122g00070,11,0.0053,DNAJ heat shock N-terminal domain-containing protein,DNAJREL,,vv50132Primary_active_transporter_cat_A5_to_A8,
597,VIT_17s0000g06710,11,0.0053,Leucine-rich repeat transmembrane protein kinase,,,,
598,VIT_00s0183g00040,10,0.0049,Importin alpha,IMPALPHA,,vv50109Incompletely_characterized_transport_systems,vv50112Nuclear_pore_complex
599,VIT_09s0002g03640,10,0.0049,ABC transporter g family pleiotropic drug resistance 7 PDR7,ABCGPDR7,,vv52010ABC_transporters,
600,VIT_10s0116g01820,10,0.0049,Unknown protein,,,,
601,VIT_01s0182g00020,10,0.0049,Ankyrin repeat family protein,,,,
602,VIT_18s0117g00550,10,0.0048,Laccase,E1_10_3_2,,vv11000Single_reactions,vv50109Incompletely_characterized_transport_systems
603,VIT_08s0007g02810,10,0.0048,Regulator of the ATPase vacuolar RAV2,RAV2,VvRAV5,vv60001ABI3VP1,
604,VIT_04s0023g01620,10,0.0048,No hit,,,,
605,VIT_05s0077g00450,10,0.0048,Ribosomal protein S1 30S,K02945,,vv23010Ribosome,
606,VIT_07s0141g00390,10,0.0048,Glutathione reductase (NADPH),E1_8_1_7,,vv10251Glutamate_metabolism,vv10480Glutathione_metabolism
607,VIT_02s0025g02920,10,0.0048,Quercetin 3-O-methyltransferase 1,E2_1_1_76,,vv10941Flavonoid_biosynthesis,
608,VIT_10s0003g03090,10,0.0048,3-beta hydroxysteroid dehydrogenase,E1_1_1_145,,vv10140C21-Steroid_hormone_metabolism,
609,VIT_10s0116g00320<br>VIT_10s0116g00250,10,0.0048,,,,,
610,VIT_18s0001g02970,9,0.0044,Glucose-6-phosphate/phosphate translocator related,GPTREL,,vv50122Porters_cat_7_to_17,
611,VIT_17s0119g00150,9,0.0044,Alpha-amylase/subtilisin inhibitor,E3_2_1_1,,vv10500Starch_and_sucrose_metabolism,
612,VIT_08s0007g00610,9,0.0044,Unknown,,,,
613,VIT_13s0019g01520,9,0.0044,Protease inhibitor/seed storage/lipid transfer protein (LTP),,,,
614,VIT_01s0150g00120,9,0.0044,Ethylene-responsive transcription factor ERF114,ERF114_2,VvERF112,vv30008Ethylene_signaling,vv60003AP2_EREBP
615,VIT_01s0026g02260,9,0.0044,Unknown protein,,,,
616,VIT_07s0005g03760,9,0.0044,Phytochelatin synthase 1 (PCS1),E2_3_2_15,,vv10251Glutamate_metabolism,
617,VIT_03s0088g01090,9,0.0044,Zinc finger (C3HC4-type ring finger),ZFC3HC4_242,,vv60078Other_zf-C3HC4,
618,VIT_05s0020g04500,9,0.0044,Unknown protein,,,,
619,VIT_00s0349g00020,9,0.0044,Unknown protein,,,,
620,VIT_07s0104g00440,9,0.0044,Endo-1 3;1 4-beta-D-glucanase precursor,E3_2_1_73,,,
621,VIT_19s0090g00220,9,0.0044,CRS2-associated factor 2  mitochondrial precursor,,,,
622,VIT_02s0012g01250,9,0.0043,Carnitine/acylcarnitine carrier  Mitochondrial,BOU,,vv50123Porters_cat_18_to_29,
623,VIT_15s0024g00240,9,0.0043,C-5 cytosine-specific DNA methylase,E2_1_1_37,,vv10271Methionine_metabolism,
624,VIT_10s0003g04300,9,0.0043,F-box/LRR-repeat protein 20,,,,
625,VIT_12s0055g00040,9,0.0043,CCR4-NOT transcription complex subunit 2,K12605,,vv23018RNA_degradation,
626,VIT_08s0105g00450,9,0.0043,Transducin protein,,,,
627,VIT_17s0000g09720,8,0.0039,Unknown protein,,,,
628,VIT_18s0041g02010<br>VIT_18s0041g02050,8,0.0039,,,,,
629,VIT_03s0017g01460,8,0.0039,No hit,,,,
630,VIT_14s0108g00540,7,0.0034,Phosphofructokinase,E2_7_1_90,,vv10051Fructose_and_mannose_metabolism,
631,VIT_14s0128g00940,7,0.0034,No hit,,,,
632,VIT_04s0008g05350,7,0.0034,Serine hydrolase [Vitis vinifera],E4_3_1_18,,vv10260Glycine_serine_and_threonine_metabolism,
633,VIT_08s0032g00940,7,0.0034,DnaJ homolog  subfamily A  member 2,K09503,,vv50132Primary_active_transporter_cat_A5_to_A8,
634,VIT_01s0011g00630,7,0.0034,Pentatricopeptide (PPR) repeat-containing,,,,
635,VIT_17s0000g06390,7,0.0034,Pentatricopeptide (PPR) repeat-containing protein,,,,
636,VIT_02s0025g04320,7,0.0034,Thaumatin,,,,
637,VIT_17s0053g00750,7,0.0034,Unknown protein,,,,
638,VIT_05s0077g00210,7,0.0034,Unknown protein,,,,
639,VIT_14s0066g00600,6,0.0029,Unknown protein,,,,
640,VIT_18s0001g06370,6,0.0029,L-ascorbate peroxidase  chloroplast,E1_11_1_11,,vv10053Ascorbate_and_aldarate_metabolism,
641,VIT_08s0040g03040,6,0.0029,Glutathione S-transferase GSTO1,E2_5_1_18_GSTO1,,vv10480Glutathione_metabolism,
642,VIT_15s0048g02940,6,0.0029,Unknown,,,,
643,VIT_19s0014g02780,6,0.0029,Unknown,,,,
644,VIT_01s0011g01810,6,0.0029,No hit,,,,
645,VIT_14s0006g02290,6,0.0029,DREB sub A-4 of ERF/AP2 transcription factor,TINY_2,VvERF028,vv30008Ethylene_signaling,vv60003AP2_EREBP
646,VIT_18s0117g00300,6,0.0029,Coatomer protein complex  subunit beta 2,COPB2,,vv50110Protein_coat,
647,VIT_08s0007g00060,6,0.0029,5-oxoprolinase,E3_5_2_9,,vv10480Glutathione_metabolism,
648,VIT_02s0025g02940,6,0.0029,Caffeic acid O-3-methyltransferase,E2_1_1_68,,vv10940Phenylpropanoid_biosynthesis,
649,VIT_12s0028g01780,6,0.0029,FAD-linked oxidoreductase 1,,,,
650,VIT_18s0001g02950,6,0.0029,Unknown protein,,,,
651,VIT_19s0027g01810,6,0.0029,Invertase/pectin methylesterase inhibitor,PMEI,,vv40006Cell_wall,
652,VIT_07s0104g00510,6,0.0029,MRNA-binding protein precursor,,,,
653,VIT_13s0019g04890,6,0.0029,Shugoshin-1,,,,
654,VIT_03s0091g00130,6,0.0029,Prp27,,,,
655,VIT_16s0039g01230,6,0.0029,VPS5A subunit of retromer complex,VPS5A,,vv50110Protein_coat,
656,VIT_13s0073g00240,6,0.0029,Glycosyl transferase family 1,,,,
657,VIT_05s0094g00200,6,0.0029,Chitinase class IV,E3_2_1_14,,vv10530Aminosugars_metabolism,
658,VIT_09s0002g00790,6,0.0029,Beta-ketoacyl-ACP synthase II,E2_3_1_41,,vv10061Fatty_acid_biosynthesis,
659,VIT_03s0091g00150,6,0.0029,NtPRp27 secretory protein,,,,
660,VIT_06s0009g01810,6,0.0029,APK2A (protein kinase 2A),,,,
661,VIT_06s0080g00210,6,0.0029,Histone deacetylase protein (HDA8),HDA08,,vv44110Cell_cycle,
662,VIT_10s0003g00420,6,0.0029,Auxin response factor 3,ARF3_2,,vv30003Auxin_signaling,vv60004ARF
663,VIT_07s0141g00310,6,0.0029,Phosphoribulokinase/uridine kinase,E2_7_1_48,,vv10240Pyrimidine_metabolism,
664,VIT_08s0007g04700,6,0.0029,Phosphatidylinositol-4-phosphate 5-kinase,E2_7_1_68,,vv10562Inositol_phosphate_metabolism,vv34070Phosphatidylinositol_signaling_system
665,VIT_18s0075g00630,6,0.0029,Laccase,E1_10_3_2,,vv11000Single_reactions,vv50109Incompletely_characterized_transport_systems
666,VIT_19s0014g02120,6,0.0029,Metallothionein,,,,
667,VIT_15s0024g01330,6,0.0029,No hit,,,,
668,VIT_12s0059g00170,4,0.0019,GCN5 N-acetyltransferase (GNAT),GCN5_16,,vv60082GNAT,
669,VIT_08s0040g00390,4,0.0019,Magnesium-protoporphyrin IX monomethyl ester [oxidative] cyclase,E1_14_13_81,,vv10860Porphyrin_and_chlorophyll_metabolism,
670,VIT_06s0004g01400,4,0.0019,S-receptor kinase,,,,
671,VIT_07s0031g02720,3,0.0015,Myosin heavy chain,K10352,,vv44810Regulation_of_actin_cytoskeleton,
672,VIT_11s0037g00310,3,0.0015,Yip1 interacting factor homolog B,YIF1B,,vv50110Protein_coat,
673,VIT_09s0002g00190,3,0.0015,NBS-LRR type disease resistance protein,,,,
674,VIT_14s0083g01170,3,0.0015,Mitochondrial substrate carrier family protein,K03454,,vv50123Porters_cat_18_to_29,
675,VIT_17s0000g01650,3,0.0015,Cyclopropyl isomerase,E5_5_1_9,,vv10100Biosynthesis_of_steroids,
676,VIT_13s0019g00720,3,0.0015,Zinc knuckle,ZFC2HC,,,
677,VIT_12s0121g00300,3,0.0015,Brassinosteroid insensitive 1-associated receptor kinase 1,BAK1,,vv30005Brassinosteroids_signaling,vv34626Plant-pathogen_interaction
678,VIT_14s0036g00330,3,0.0015,RPS2 (resistant to p. syringae 2),K13459,,vv34626Plant-pathogen_interaction,
679,VIT_09s0054g00960,3,0.0015,No hit,,,,
680,VIT_07s0005g04400,3,0.0015,Photosystem II reaction centre W (PsbW),K08903,,vv10195Photosynthesis,vv50135Primary_active_transporter_cat_D3_to_E2
681,VIT_16s0022g01800,3,0.0015,RRNA-processing protein EBP2,,,,
682,VIT_01s0011g04780,3,0.0015,Unknown protein,,,,
683,VIT_10s0003g00890,3,0.0015,Magnesium-chelatase subunit chlI  chloroplast precursor,E6_6_1_1,,vv10860Porphyrin_and_chlorophyll_metabolism,
684,VIT_03s0038g03640,3,0.0015,Phosphoglycerate mutase,E5_4_2_1,,vv10010Glycolysis,
685,VIT_17s0000g06880,3,0.0015,Heparanase protein 2 precursor,E3_2_1_31,,vv10040Pentose_glucuronate_interconversion,vv10500Starch_and_sucrose_metabolism
686,VIT_00s0250g00090,3,0.0015,Oxidoreductase  2OG-Fe(II) oxygenase,,,,
687,VIT_00s0207g00250,3,0.0015,No hit,,,,
688,VIT_08s0058g01290,3,0.0015,Protein kinase AtSIK,,,,
689,VIT_14s0030g01070,3,0.0015,No hit,,,,
690,VIT_14s0006g01410,3,0.0015,fructokinase-2,E2_7_1_4,,vv10051Fructose_and_mannose_metabolism,vv10500Starch_and_sucrose_metabolism
691,VIT_19s0085g00230,3,0.0015,Transcription termination factor mitochondrial mTERF,MTERF_30,,vv60085MTERF,
692,VIT_18s0001g12090,3,0.0015,Unknown protein,,,,
693,VIT_18s0001g15660,3,0.0015,Pathogen-related,,,,
694,VIT_04s0008g03530,3,0.0015,Ankyrin repeat,K10380,,vv50108Accessory_factors_involved_in_transport,
695,VIT_04s0044g01800,3,0.0015,RNA polymerase I specific transcription initiation factor RRN3,RRN3,,,
696,VIT_03s0063g00270,3,0.0015,Unknown protein,,,,
697,VIT_19s0015g00280,3,0.0015,DNA topoisomerase VIA (SPO11-1),K10878,,vv44110Cell_cycle,
698,VIT_14s0006g00910,3,0.0015,ATA15 protein,,,,
699,VIT_00s0258g00080,3,0.0015,Brassinosteroid insensitive 1-associated receptor kinase 1,BAK1,,vv30005Brassinosteroids_signaling,vv34626Plant-pathogen_interaction
700,VIT_18s0001g05410,3,0.0015,No hit,,,,
701,VIT_01s0137g00120,3,0.0015,Ribosomal protein S6 (RPS6B) 40S,K02991,,vv23010Ribosome,vv34150mTOR_signaling_pathway
702,VIT_01s0010g03680,3,0.0015,Unknown protein,,,,
703,VIT_18s0001g03150,3,0.0015,Cation transport protein chaC,K07232,,vv50109Incompletely_characterized_transport_systems,
704,VIT_07s0005g00680,3,0.0015,Exocyst complex subunit Sec15B,SEC15B,,vv50111Tethering_factors,
705,VIT_09s0018g00330,3,0.0015,No hit,,,,
706,VIT_13s0175g00100,3,0.0015,Sad1/unc-84 protein,,,,
707,VIT_08s0007g05760,3,0.0015,No hit,,,,
708,VIT_07s0031g01120,3,0.0015,Ascorbate oxidase,E1_10_3_3,,vv10053Ascorbate_and_aldarate_metabolism,vv50109Incompletely_characterized_transport_systems
709,VIT_06s0004g01670,3,0.0015,UDP-glucoronosyl and UDP-glucosyl transferase,,,,
710,VIT_04s0069g00120,3,0.0015,Cullin 3a,K03869,,vv24120Ubiquitin_mediated_proteolysis,
711,VIT_05s0020g03680,3,0.0015,GCN5 N-acetyltransferase (GNAT),GCN5_7,,vv60082GNAT,
712,VIT_02s0025g00720,3,0.0015,Transmembrane protein FT27/PFT27,PFT27,,vv50109Incompletely_characterized_transport_systems,
713,VIT_09s0002g05540,3,0.0015,ABC transporter g family pleiotropic drug resistance 12 PDR12,ABCGPDR12,,vv52010ABC_transporters,
714,VIT_14s0060g02710,3,0.0015,Germin,,,,
715,VIT_10s0092g00200,3,0.0015,Drug/metabolite transporter DMT family transporter,DMT,,vv50122Porters_cat_7_to_17,
716,VIT_18s0086g00630,3,0.0015,Unknown,,,,
717,VIT_19s0014g05110,3,0.0015,Unknown,,,,
718,VIT_01s0011g02390,3,0.0015,Unknown,,,,
719,VIT_15s0024g00410,3,0.0015,Lectin,,,,
720,VIT_00s0299g00080,3,0.0015,Unknown,,,,
721,VIT_16s0098g00980,3,0.0014,Unknown,,,,
722,VIT_15s0046g03550,3,0.0014,(+)-neomenthol dehydrogenase,E1_1_1_208,,vv10902Monoterpenoid_biosynthesis,
723,VIT_13s0064g01120,3,0.0014,No hit,,,,
724,VIT_01s0011g03590,3,0.0014,Ribosomal protein L15  chloroplast (CL15) 50S,K02876,,vv23010Ribosome,
725,VIT_13s0147g00160,3,0.0014,Aluminium-tolerance ALMT1,ALMT1,,vv50125Porters_cat_66_to_94,
726,VIT_19s0093g00360,3,0.0014,Unknown protein,,,,
727,VIT_06s0061g01460,3,0.0014,ABC transporter G member 22,ABCG22,,vv52010ABC_transporters,
728,VIT_04s0008g01770,3,0.0014,Molecular chaperone DnaJ,K03686,,vv50132Primary_active_transporter_cat_A5_to_A8,
729,VIT_03s0088g01180,3,0.0014,Proline iminopeptidase,E3_4_11_5,,vv10330Arginine_and_proline_metabolism,
730,VIT_19s0177g00370,3,0.0014,ADP ATP carrier protein,K05863,,vv50123Porters_cat_18_to_29,
731,VIT_04s0008g00800,3,0.0014,Ferrochelatase-2,E4_99_1_1,,vv10860Porphyrin_and_chlorophyll_metabolism,
732,VIT_05s0020g04430,3,0.0014,MPBQ/MSBQ methyltransferase 1,K12502,,vv10100Biosynthesis_of_steroids,
733,VIT_18s0001g15120,3,0.0014,Unknown protein,,,,
734,VIT_11s0016g02600,3,0.0014,Caffeoyl-CoA O-methyltransferase,E2_1_1_104,,vv10940Phenylpropanoid_biosynthesis,
735,VIT_05s0102g00200,3,0.0014,Unknown protein,,,,
736,VIT_18s0001g00420,3,0.0014,Laccase,E1_10_3_2,,vv11000Single_reactions,vv50109Incompletely_characterized_transport_systems
737,VIT_01s0010g02360,3,0.0014,Thimet oligopeptidase,E3_4_24_15,,,
738,VIT_00s0332g00100,3,0.0014,No hit,,,,
739,VIT_12s0028g01450,3,0.0014,S-receptor kinase,,,,
740,VIT_12s0028g03810,3,0.0014,DTW domain-containing protein,,,,
741,VIT_15s0021g01640,3,0.0014,Unknown protein,,,,
742,VIT_11s0016g04880,3,0.0014,Salt-inducible protein kinase,,,,
743,VIT_11s0016g00100,3,0.0014,Adapter protein SPIKE1 (SPK1),,,,
744,VIT_11s0037g00200,3,0.0014,Unknown,,,,
745,VIT_01s0026g00300,3,0.0014,Zinc finger (C3HC4-type ring finger),ZFC3HC4_105,,vv60078Other_zf-C3HC4,
746,VIT_14s0068g01490,3,0.0014,NAC domain-containing protein 83,NAC083_2,VvNAC73,vv60046NAC,
747,VIT_11s0016g00260,3,0.0014,Tac7077,,,,
748,VIT_01s0026g02590,3,0.0014,Calcium-binding protein CML,K13448,,vv34626Plant-pathogen_interaction,
749,VIT_11s0016g01470,3,0.0014,Lecithine cholesterol acyltransferase,E2_3_1_43,,vv10564Glycerophospholipid_metabolism,
750,VIT_04s0043g00250,3,0.0014,Nonsense-mediated mRNA decay NMD3,K07562,,vv23008Ribosome_biogenesis_in_Eukaryotes,vv23013RNA_transport
751,VIT_10s0003g03290,3,0.0014,Intron maturase  type II,,,,
752,VIT_13s0064g01110,3,0.0014,No hit,,,,
753,VIT_01s0011g01210,3,0.0014,No hit,,,,
754,VIT_03s0063g00670,3,0.0014,Cyclin-dependent kinase inhibitor ICK5,ICK5,,vv44110Cell_cycle,
755,VIT_03s0063g01910,3,0.0014,Integral membrane protein,,,,
756,VIT_13s0019g02390,3,0.0014,Dihydrofolate synthetase,E6_3_2_17,,vv10790Folate_biosynthesis,
757,VIT_11s0016g03770,3,0.0014,Dynein light chain LC6  flagellar outer arm,K10418,,vv44810Regulation_of_actin_cytoskeleton,
758,VIT_10s0003g00790,3,0.0014,Glutamate receptor protein,GLR2_7,,vv50101Channels_and_pores,
