Vv_m2,2000,1000,VIT_16s0100g01100,,,,,
rank,node,Fabs,Frel,Functional-annotation,Name-EC-KeggID,Updated-name,Network1,Network2
1,VIT_06s0004g01990,2067,1,No hit,,,,
2,VIT_16s0100g01200<br>VIT_16s0100g01070,2065,1,,,,,
3,VIT_16s0100g01160,2080,1,Stilbene synthase [Vitis vinifera],E2_3_1_95,,vv10940Phenylpropanoid_biosynthesis,
4,VIT_06s0004g01020,2069,0.9995,Dirigent protein,,,,
5,VIT_06s0004g01010,2081,0.9976,Dirigent protein pDIR9,,,,
6,VIT_16s0100g01060,2076,0.9976,Stilbene synthase,E2_3_1_95,,vv10940Phenylpropanoid_biosynthesis,
7,VIT_00s0270g00120,2066,0.9966,Alpha-amylase/subtilisin inhibitor,E3_2_1_1,,vv10500Starch_and_sucrose_metabolism,
8,VIT_16s0100g00830<br>VIT_16s0100g01120<br>VIT_16s0100g00780<br>VIT_16s0100g00910,2061,0.9961,,,,,
9,VIT_00s0413g00010,2022,0.9849,Laccase (diphenol oxidase) family protein,E1_10_3_2,,vv11000Single_reactions,vv50109Incompletely_characterized_transport_systems
10,VIT_16s0100g00760,2043,0.9832,Stilbene synthase 2 [Vitis sp. cv. 'Norton'],E2_3_1_95,,vv10940Phenylpropanoid_biosynthesis,
11,VIT_16s0100g00750,2026,0.9787,Stilbene synthase,E2_3_1_95,,vv10940Phenylpropanoid_biosynthesis,
12,VIT_06s0004g01030,1988,0.9636,Dirigent protein,,,,
13,VIT_06s0004g02010,2007,0.9635,No hit,,,,
14,VIT_09s0002g02950,1992,0.9605,No hit,,,,
15,VIT_14s0128g00540<br>VIT_14s0128g00570<br>VIT_14s0128g00600,1967,0.9535,,,,,
16,VIT_09s0002g02970,1961,0.9483,Unknown,,,,
17,VIT_08s0007g08750,1962,0.9474,Heat shock transcription factor B3,HSFB3,,vv60037HSF,
18,VIT_00s1212g00020,1963,0.9442,Laccase,E1_10_3_2,,vv11000Single_reactions,vv50109Incompletely_characterized_transport_systems
19,VIT_12s0034g01950<br>VIT_12s0034g01870<br>VIT_12s0034g01920<br>VIT_12s0034g01930<br>VIT_12s0034g01890<br>VIT_12s0034g01910,1947,0.9424,,,,,
20,VIT_18s0075g00960,1945,0.9419,Laccase,E1_10_3_2,,vv11000Single_reactions,vv50109Incompletely_characterized_transport_systems
21,VIT_14s0060g02750<br>VIT_14s0128g00970<br>VIT_14s0128g00990<br>VIT_14s0128g00980<br>VIT_14s0128g01010<br>VIT_14s0128g01030<br>VIT_14s0128g01020<br>VIT_14s0128g01040,1936,0.9348,,,,,
22,VIT_05s0020g05040,1916,0.9225,Proteinase inhibitor 1 PPI3B2,,,,
23,VIT_01s0011g02320,1891,0.9171,Unknown protein,,,,
24,VIT_16s0100g00960,1902,0.9157,Stilbene synthase [Vitis pseudoreticulata],E2_3_1_95,,vv10940Phenylpropanoid_biosynthesis,
25,VIT_16s0100g01010<br>VIT_16s0100g00950<br>VIT_16s0100g01030<br>VIT_16s0100g00990,1860,0.91,,,,,
26,VIT_16s0100g01150,1875,0.9062,Stilbene synthase [Vitis vinifera],E2_3_1_95,,vv10940Phenylpropanoid_biosynthesis,
27,VIT_18s0117g00550,1875,0.9054,Laccase,E1_10_3_2,,vv11000Single_reactions,vv50109Incompletely_characterized_transport_systems
28,VIT_14s0128g00610<br>VIT_14s0128g00640,1863,0.9035,,,,,
29,VIT_16s0039g01240<br>VIT_16s0039g01360<br>VIT_16s0039g01130<br>VIT_16s0039g01100<br>VIT_00s2508g00010<br>VIT_16s0039g01120<br>VIT_16s0039g01320<br>VIT_00s2849g00010<br>VIT_16s0039g01300<br>VIT_16s0039g01170<br>VIT_16s0039g01280,1833,0.8894,,,,,
30,VIT_08s0058g00790,1841,0.8838,Secoisolariciresinol dehydrogenase,SIRD,,vv10940Phenylpropanoid_biosynthesis,
31,VIT_16s0100g01140,1839,0.882,Stilbene synthase 2,E2_3_1_95,,vv10940Phenylpropanoid_biosynthesis,
32,VIT_05s0077g01550,1788,0.8726,Pathogenesis protein 10.3 [Vitis quinquangularis],,,,
33,VIT_02s0109g00430,1789,0.8647,Nitrilase 4 (NIT4),K13035,,vv10910Nitrogen_metabolism,
34,VIT_04s0069g01010,1793,0.862,Harpin-induced protein,,,,
35,VIT_16s0100g00880,1779,0.8603,Stilbene synthase [Vitis pseudoreticulata],E2_3_1_95,,vv10940Phenylpropanoid_biosynthesis,
36,VIT_07s0141g00890,1773,0.8557,CYP94A1,,,,
37,VIT_16s0100g00860<br>VIT_16s0100g00940<br>VIT_16s0100g00800<br>VIT_16s0100g00920<br>VIT_16s0100g00930<br>VIT_16s0100g00810<br>VIT_16s0100g00840<br>VIT_16s0100g00850,1774,0.8545,,,,,
38,VIT_18s0075g00810,1751,0.8488,Laccase,E1_10_3_2,,vv11000Single_reactions,vv50109Incompletely_characterized_transport_systems
39,VIT_03s0088g00690,1737,0.844,Pathogenesis-related protein 1 precursor (PRP 1),PRP1,,vv30011Jasmonate_signaling,vv34626Plant-pathogen_interaction
40,VIT_02s0025g02930,1730,0.8402,Caffeic acid O-3-methyltransferase,E2_1_1_68,,vv10940Phenylpropanoid_biosynthesis,
41,VIT_05s0077g01530,1722,0.8367,Pathogenesis protein 10 [Vitis vinifera],,,,
42,VIT_18s0001g00920<br>VIT_18s0075g00590<br>VIT_18s0001g00850<br>VIT_18s0075g00780<br>VIT_18s0001g00790<br>VIT_18s0001g00730<br>VIT_18s0001g00310<br>VIT_18s0075g00620<br>VIT_18s0075g00540<br>VIT_18s0075g00600<br>VIT_18s0075g00580<br>VIT_00s0481g00020<br>VIT_18s0001g00930,1737,0.8343,,,,,
43,VIT_09s0054g00580<br>VIT_09s0054g00570,1713,0.8279,,,,,
44,VIT_18s0001g15130,1694,0.8243,WD40 repeat protein,,,,
45,VIT_05s0020g03280,1706,0.8242,Copper amine oxidase,E1_4_3_4,,vv10220Urea_cycle_and_metabolism_of_amino_groups,vv10340Histidine_metabolism
46,VIT_10s0042g00840,1690,0.8216,Stilbene synthase [Vitis pseudoreticulata],E2_3_1_95,,vv10940Phenylpropanoid_biosynthesis,
47,VIT_05s0077g01560,1696,0.8189,Pathogenesis protein 10.3 [Vitis quinquangularis],,,,
48,VIT_14s0128g00680,1701,0.8174,Germin,,,,
49,VIT_13s0067g01450,1680,0.8128,Lateral organ boundaries domain 21,LBD21,,vv60007AS2,
50,VIT_18s0166g00260,1672,0.8113,No hit,,,,
51,VIT_19s0085g00050,1670,0.8079,Myb domain protein 58,MYB58_1,MYB139,vv60044MYB,
52,VIT_14s0060g02760,1675,0.8072,Germin-like protein 3 [Vitis vinifera],,,,
53,VIT_03s0038g03400,1670,0.8037,Endochitinase 1  basic,E3_2_1_14,,vv10530Aminosugars_metabolism,
54,VIT_05s0077g01570,1651,0.7945,Pathogenesis protein 10 [Vitis vinifera],,,,
55,VIT_16s0100g00770,1628,0.7922,Stilbene synthase,E2_3_1_95,,vv10940Phenylpropanoid_biosynthesis,
56,VIT_18s0117g00600,1625,0.7869,Laccase,E1_10_3_2,,vv11000Single_reactions,vv50109Incompletely_characterized_transport_systems
57,VIT_18s0086g00410,1631,0.7849,Auxin-binding protein ABP19,ABP19,,vv30003Auxin_signaling,
58,VIT_15s0048g01080,1625,0.782,Unknown,,,,
59,VIT_11s0065g00350,1594,0.7734,Trans-cinnamate 4-monooxygenase,E1_14_13_11,,vv10360Phenylalanine_metabolism,vv10940Phenylpropanoid_biosynthesis
60,VIT_02s0033g00190,1602,0.7717,DNA replication licensing factor MCM2,,,,
61,VIT_01s0026g02400,1592,0.7683,Glutathione S-transferase 10 GSTU10,E2_5_1_18_GSTU10,,vv10480Glutathione_metabolism,
62,VIT_12s0034g01970,1577,0.7626,Cupin,,,,
63,VIT_16s0100g01190,1572,0.7624,Stilbene synthase [Vitis vinifera],E2_3_1_95,,vv10940Phenylpropanoid_biosynthesis,
64,VIT_11s0078g00290,1596,0.7589,Cinnamate 4-hydroxylase,E1_14_13_11,,vv10360Phenylalanine_metabolism,vv10940Phenylpropanoid_biosynthesis
65,VIT_16s0100g01040,1558,0.7552,Stilbene synthase - grape,E2_3_1_95,,vv10940Phenylpropanoid_biosynthesis,
66,VIT_02s0033g00840,1567,0.7545,Nitrilase 4B,E3_5_5_1,,vv10460Cyanoamino_acid_metabolism,vv10910Nitrogen_metabolism
67,VIT_02s0025g02920,1564,0.7537,Quercetin 3-O-methyltransferase 1,E2_1_1_76,,vv10941Flavonoid_biosynthesis,
68,VIT_07s0005g03340,1559,0.7531,Myb domain protein 14,MYB14_2,MYB14,vv60044MYB,
69,VIT_10s0003g04080,1567,0.753,Unknown,,,,
70,VIT_02s0033g01390,1539,0.7489,No hit,,,,
71,VIT_18s0075g00630,1541,0.747,Laccase,E1_10_3_2,,vv11000Single_reactions,vv50109Incompletely_characterized_transport_systems
72,VIT_19s0015g01070,1508,0.7345,Calcineurin B,E3_1_3_16,,,
73,VIT_10s0042g00930<br>VIT_10s0042g00890<br>VIT_10s0042g00870<br>VIT_10s0042g00860<br>VIT_10s0042g00920,1503,0.725,,,,,
74,VIT_05s0049g00430,1469,0.7107,1-aminocyclopropane-1-carboxylate oxidase homolog 1,E1_14_17_4,,vv10640Propanoate_metabolism,vv30008Ethylene_signaling
75,VIT_12s0055g00770,1462,0.7015,SWAP (Suppressor-of-White-APricot),,,,
76,VIT_11s0052g01110,1429,0.6903,4-coumarate-CoA ligase 1,E6_2_1_12,,vv10940Phenylpropanoid_biosynthesis,vv50104Group_translocators
77,VIT_01s0146g00320,1409,0.679,No hit,,,,
78,VIT_10s0003g01940,1386,0.6692,RKF1 (receptor-like kinase in flowers 1),,,,
79,VIT_12s0028g00860,1369,0.662,NAC domain-containing protein 42,NAC042_5,VvNAC36,vv60046NAC,
80,VIT_00s0480g00030,1363,0.6578,Polyphenol oxidase,E1_10_3_1,,vv10350Tyrosine_metabolism,vv50109Incompletely_characterized_transport_systems
81,VIT_03s0088g00710,1347,0.6492,Pathogenesis-related protein 1 precursor (PRP 1),PRP1,,vv30011Jasmonate_signaling,vv34626Plant-pathogen_interaction
82,VIT_07s0104g01260,1345,0.6485,flavin-containing monooxygenase,E1_14_13_8,,vv11000Single_reactions,
83,VIT_03s0038g02490,1338,0.6483,SKP1,K03094,,vv24120Ubiquitin_mediated_proteolysis,vv24141Protein_processing_in_endoplasmic_reticulum
84,VIT_03s0088g00700,1342,0.6477,Pathogenesis related protein 1 precursor (pr1 gene),PRP1,,vv30011Jasmonate_signaling,vv34626Plant-pathogen_interaction
85,VIT_09s0002g01320,1342,0.6461,Germin-like protein,,,,
86,VIT_05s0077g01150,1324,0.6396,Beta-1 3-glucanase,E3_2_1_6,,,
87,VIT_18s0075g00530,1323,0.637,Laccase,E1_10_3_2,,vv11000Single_reactions,vv50109Incompletely_characterized_transport_systems
88,VIT_03s0063g01310,1304,0.6263,Oxidoreductase  2OG-Fe(II) oxygenase family,,,,
89,VIT_07s0031g01380,1294,0.6248,ferulate 5-hydroxylase,K09755,,vv10940Phenylpropanoid_biosynthesis,
90,VIT_18s0001g10180,1289,0.6248,N-hydroxycinnamoyl/benzoyltransferase 3,,,,
91,VIT_06s0061g01380,1293,0.6237,Pop3 peptide,,,,
92,VIT_14s0128g00940,1288,0.6222,No hit,,,,
93,VIT_06s0004g05700,1284,0.6221,Glutathione S-transferase 8 GSTU8,E2_5_1_18_GSTU8,,vv10480Glutathione_metabolism,
94,VIT_16s0100g01000,1289,0.6206,Stilbene synthase 4,E2_3_1_95,,vv10940Phenylpropanoid_biosynthesis,
95,VIT_02s0033g00790,1285,0.6178,Nitrilase 4B,E3_5_5_1,,vv10460Cyanoamino_acid_metabolism,vv10910Nitrogen_metabolism
96,VIT_18s0001g04280,1249,0.6054,(-)-germacrene D synthase,E4_2_3_22,,vv10900Terpenoid_biosynthesis,
97,VIT_15s0048g00510,1242,0.602,Pectinesterase family,E3_1_1_11,,vv40006Cell_wall,
98,VIT_00s0373g00040,1255,0.6019,Malate dehydrogenase Glyoxysomal,E1_1_1_37,,vv10020Citrate_cycle,vv10620Pyruvate_metabolism
99,VIT_02s0025g04270<br>VIT_02s0025g04260<br>VIT_02s0025g04230,1242,0.6006,,,,,
100,VIT_02s0033g00700,1243,0.599,Nitrilase,E3_5_5_1,,vv10460Cyanoamino_acid_metabolism,vv10910Nitrogen_metabolism
101,VIT_16s0148g00290<br>VIT_16s0148g00360<br>VIT_16s0148g00100<br>VIT_00s0258g00140,1238,0.5981,,,,,
102,VIT_19s0015g00070,1223,0.5937,CYP71D10p,,,,
103,VIT_18s0001g00080,1233,0.5925,Laccase,E1_10_3_2,,vv11000Single_reactions,vv50109Incompletely_characterized_transport_systems
104,VIT_01s0182g00020,1215,0.5904,Ankyrin repeat family protein,,,,
105,VIT_13s0019g03930,1211,0.5876,No hit,,,,
106,VIT_16s0100g01130,1208,0.5867,Stilbene synthase [Vitis vinifera],E2_3_1_95,,vv10940Phenylpropanoid_biosynthesis,
107,VIT_08s0040g01710,1206,0.5815,Phenylalanine ammonia-lyase,E4_3_1_5,,vv10350Tyrosine_metabolism,vv10360Phenylalanine_metabolism
108,VIT_18s0075g00670,1193,0.5763,Laccase,E1_10_3_2,,vv11000Single_reactions,vv50109Incompletely_characterized_transport_systems
109,VIT_19s0014g01370,1183,0.5729,Curculin (mannose-binding) lectin,,,,
110,VIT_02s0033g01400,1175,0.5674,Alternative oxidase 1a  (AOX1A),AOX1A,,vv30001ABA_signaling,
111,VIT_14s0060g02170,1156,0.5603,Glutathione S-transferase GSTU8,E2_5_1_18_GSTU8,,vv10480Glutathione_metabolism,
112,VIT_02s0236g00120,1163,0.5594,Unknown,,,,
113,VIT_00s1352g00010,1144,0.5591,Myb domain protein 84,MYB84_3,MYB148,vv60044MYB,
114,VIT_13s0019g01010,1154,0.5564,ABA2 (ABA deficient 2),E1_1_1_288,,vv10906Carotenoid_biosynthesis,vv11013ABA_biosynthesis
115,VIT_15s0048g01350,1158,0.5543,Gibberellin receptor GID1L3,GID1C,,vv30010Gibberellin_signaling,
116,VIT_10s0042g00850,1143,0.554,Stilbene synthase [Vitis pseudoreticulata],E2_3_1_95,,vv10940Phenylpropanoid_biosynthesis,
117,VIT_16s0013g00890,1123,0.5417,Ethylene-responsive element binding factor,ERF1A,VvERF077,vv30008Ethylene_signaling,vv60003AP2_EREBP
118,VIT_05s0020g03140,1112,0.5414,Sugar transporter 13,STP13,,vv50121Porters_cat_1_to_6,
119,VIT_05s0077g01690,1102,0.5334,Pathogenesis protein 10 [Vitis vinifera],,,,
120,VIT_14s0108g00930,1086,0.53,Unknown protein,,,,
121,VIT_03s0088g00750,1092,0.528,Pathogenesis related protein 1 precursor [Vitis vinifera],PRP1,,vv30011Jasmonate_signaling,vv34626Plant-pathogen_interaction
122,VIT_00s0344g00010,1077,0.5215,No hit,,,,
123,VIT_09s0002g02070,1083,0.5209,Protein kinase PKN/PRK1,,,,
124,VIT_06s0061g00100,1069,0.5179,Glucan endo-1 3-beta-glucosidase  acidic isoform precursor,E3_2_1_39,,vv10500Starch_and_sucrose_metabolism,
125,VIT_18s0001g13340,1067,0.5167,Purple acid phosphatase 32- ATPAP32/PAP32,E3_1_3_2,,vv10740Riboflavin_metabolism,
126,VIT_02s0025g04340,1055,0.5116,Osmotin,,,,
127,VIT_07s0005g02050,1046,0.511,Carboxylic ester hydrolase,E3_1_1_1,,,
128,VIT_00s0386g00050,1053,0.5092,Xyloglucan endotransglucosylase/hydrolase precursor,E2_4_1_207,,vv40006Cell_wall,
129,VIT_14s0030g02150,1046,0.5048,Calmodulin,K02183,,vv34020Calcium_signaling_pathway,vv34626Plant-pathogen_interaction
130,VIT_17s0000g02150,1038,0.5029,Ribosomal protein L19,K02884,,vv23010Ribosome,
131,VIT_02s0012g01210,1041,0.5019,Acetylornithine deacetylase,E3_5_1_16,,vv10220Urea_cycle_and_metabolism_of_amino_groups,
132,VIT_03s0017g01940,1039,0.5,Unknown,,,,
133,VIT_15s0046g01380,1025,0.4971,Unknown,,,,
134,VIT_14s0030g01890,1027,0.4959,Unknown,,,,
135,VIT_02s0033g00770,1030,0.4957,Nitrilase 4B,E3_5_5_1,,vv10460Cyanoamino_acid_metabolism,vv10910Nitrogen_metabolism
136,VIT_14s0068g01250,1028,0.4949,Mitochondrial phosphate transporter,MPHOSPTR,,vv50123Porters_cat_18_to_29,
137,VIT_08s0007g02360,1012,0.4925,Harpin inducing protein 1-like 9,,,,
138,VIT_18s0001g01850,1016,0.4918,Amino acid permease,AAPREL,,vv50123Porters_cat_18_to_29,
139,VIT_12s0028g02970,1005,0.4893,MLO1,K08472,,,
140,VIT_11s0052g00350,1010,0.487,Receptor kinase TRKe,,,,
141,VIT_01s0150g00250,1009,0.4867,Peptide transporter PTR2-B,PTR2B,,vv50122Porters_cat_7_to_17,
142,VIT_01s0011g05440,1005,0.4857,Unknown protein,,,,
143,VIT_14s0083g00460,993,0.4783,Tryptophan synthase beta chain 2,E4_2_1_20,,vv10400Phenylalanine_tyrosine_and_tryptophan_biosynthesis,
144,VIT_06s0004g08180,989,0.4775,Translation initiation factor eIF-2 beta subunit,K03238,,vv23013RNA_transport,
145,VIT_07s0005g02660,983,0.4772,ABC transporter B member 13,ABCB13,,vv52010ABC_transporters,
146,VIT_03s0088g00780,982,0.4726,Pathogenesis-related protein 1 precursor (PRP 1),PRP1,,vv30011Jasmonate_signaling,vv34626Plant-pathogen_interaction
147,VIT_17s0000g03130,966,0.4678,Unknown protein,,,,
148,VIT_04s0008g01040,957,0.4628,Lysine decarboxylase,E4_1_1_18,,vv10300Lysine_biosynthesis,
149,VIT_18s0075g00610,953,0.4615,Laccase,E1_10_3_2,,vv11000Single_reactions,vv50109Incompletely_characterized_transport_systems
150,VIT_17s0000g00650,956,0.4605,No hit,,,,
151,VIT_07s0129g00830,939,0.4552,CYP81D2,,,,
152,VIT_01s0011g00110,922,0.4474,SEPALLATA1,SEPALLATA1_3,,vv30009Flower_development,vv60042MADS
153,VIT_14s0068g01000,931,0.4459,Unknown protein,,,,
154,VIT_04s0008g03180,923,0.445,Unknown protein,,,,
155,VIT_10s0003g01360,924,0.443,Cysteine protease,E3_4_22_x,,,
156,VIT_02s0012g02620,917,0.4411,PFT1 (phytochrome and flowering time 1) MED25,PFT1,,vv30009Flower_development,
157,VIT_18s0001g12500,915,0.4408,Unknown protein,,,,
158,VIT_09s0054g00900,913,0.4404,Chaperone BCS1 mitochondrial,K08900,,,
159,VIT_03s0038g02350,895,0.4349,No hit,,,,
160,VIT_14s0036g01060,904,0.4346,Unknown protein,,,,
161,VIT_16s0100g01110,903,0.4343,Resveratrol synthase (RS1),E2_3_1_95,,vv10940Phenylpropanoid_biosynthesis,
162,VIT_03s0063g01330,896,0.4318,Nodulin 1A  senescence-associated,,,,
163,VIT_03s0063g02020,886,0.4286,Tic Complex Tic62 Subunit,TIC62,,vv50133Primary_active_transporter_cat_A9_to_A18,
164,VIT_14s0128g00690,886,0.4284,Germin protein 3,,,,
165,VIT_07s0104g00440,877,0.4251,Endo-1 3;1 4-beta-D-glucanase precursor,E3_2_1_73,,,
166,VIT_18s0075g00830,884,0.4242,Laccase,E1_10_3_2,,vv11000Single_reactions,vv50109Incompletely_characterized_transport_systems
167,VIT_02s0025g02770,876,0.4234,Glucan endo-1 3-beta-glucosidase 7 precursor,E3_2_1_39,,vv10500Starch_and_sucrose_metabolism,
168,VIT_18s0122g00690,869,0.4204,Laccase,E1_10_3_2,,vv11000Single_reactions,vv50109Incompletely_characterized_transport_systems
169,VIT_05s0094g00210,864,0.4184,No hit,,,,
170,VIT_07s0130g00480,860,0.4171,Unknown protein,,,,
171,VIT_05s0062g00990,861,0.4161,Aldo/keto reductase AKR,E1_1_1_21,,vv10040Pentose_glucuronate_interconversion,vv10051Fructose_and_mannose_metabolism
172,VIT_09s0018g01320,852,0.4146,No hit,,,,
173,VIT_18s0001g15230,858,0.4131,Unknown,,,,
174,VIT_19s0014g01020,850,0.411,Protein transport protein Sec61 subunit alpha,K10956,,vv23060Protein_export,vv24141Protein_processing_in_endoplasmic_reticulum
175,VIT_18s0001g04530,847,0.4086,(-)-germacrene D synthase,E4_2_3_22,,vv10900Terpenoid_biosynthesis,
176,VIT_19s0014g01580,845,0.4084,No hit,,,,
177,VIT_02s0025g04290,849,0.407,Thaumatin,,,,
178,VIT_07s0129g01010,837,0.4067,Unknown,,,,
179,VIT_12s0028g02530,832,0.4063,Zinc finger (C3HC4-type ring finger),ZFC3HC4_36,,vv60078Other_zf-C3HC4,
180,VIT_05s0049g01010,837,0.4045,Myb domain protein 14,MYB14_4,MYB13,vv60044MYB,
181,VIT_18s0076g00380,831,0.4036,ABC transporter F member 6,ABCF6,,vv52010ABC_transporters,
182,VIT_12s0028g01780,824,0.3981,FAD-linked oxidoreductase 1,,,,
183,VIT_09s0002g06810,821,0.3955,Binding,,,,
184,VIT_10s0042g00910,814,0.3953,Stilbene synthase [Vitis pseudoreticulata],E2_3_1_95,,vv10940Phenylpropanoid_biosynthesis,
185,VIT_14s0060g02710,816,0.3948,Germin,,,,
186,VIT_12s0055g00340,816,0.3934,WRKY DNA-binding protein 9,WRKY9,VvWRKY39,vv60066WRKY,
187,VIT_07s0104g00220,808,0.3926,Phenazine biosynthesis PhzC/PhzF,K06998,,vv10400Phenylalanine_tyrosine_and_tryptophan_biosynthesis,
188,VIT_04s0044g00270,812,0.3915,Monooxygenase (MO3),,,,
189,VIT_01s0010g01090,810,0.3913,Peroxidase ATP23a,E1_11_1_7,,vv10360Phenylalanine_metabolism,vv10680Methane_metabolism
190,VIT_12s0028g01770,799,0.3894,FAD-linked oxidoreductase 1,,,,
191,VIT_19s0014g01150,801,0.3866,Curculin (mannose-binding) lectin,,,,
192,VIT_18s0117g00590,787,0.3817,Laccase,E1_10_3_2,,vv11000Single_reactions,vv50109Incompletely_characterized_transport_systems
193,VIT_18s0001g04490,787,0.38,Germacrene-D synthase,E4_2_3_22,,vv10900Terpenoid_biosynthesis,
194,VIT_04s0008g05480,777,0.377,BRI1-KD interacting protein 118,BRI1INT,,vv30005Brassinosteroids_signaling,
195,VIT_01s0011g02050,777,0.3745,No hit,,,,
196,VIT_14s0083g00080,772,0.3728,Unknown protein,,,,
197,VIT_00s0301g00090,767,0.3709,NDA2 (alternative NAD(P)H dehydrogenase 2),K03885,,vv10190Oxidative_phosphorylation,vv50134Primary_active_transporter_cat_D1
198,VIT_00s0254g00040,764,0.3693,Heat shock cognate 70 kDa protein 3 (HSC70-3) (HSP70-3),HSC703,,vv23040Spliceosome,vv24141Protein_processing_in_endoplasmic_reticulum
199,VIT_03s0038g00130,761,0.3678,No hit,,,,
200,VIT_02s0033g00270,755,0.3651,Pinoresinol-lariciresinol reductase,PLR,,vv10940Phenylpropanoid_biosynthesis,
201,VIT_01s0026g02370<br>VIT_01s0026g02390,759,0.3647,,,,,
202,VIT_08s0032g00240,757,0.3646,CYP71A22,E1_14_13_73,,vv10902Monoterpenoid_biosynthesis,
203,VIT_02s0025g04250,739,0.3575,Osmotin,,,,
204,VIT_11s0037g00930,732,0.3545,GDP-L-fucose synthase.,E1_1_1_271,,vv10051Fructose_and_mannose_metabolism,
205,VIT_16s0050g02210,735,0.3535,Chitinase III [Vitis vinifera],E3_2_1_14,,vv10530Aminosugars_metabolism,
206,VIT_05s0077g01590,735,0.3532,Major allergen Mal d 1,,,,
207,VIT_12s0034g01900,730,0.3525,Globulin-like protein,,,,
208,VIT_14s0060g00460,720,0.3473,Receptor-like protein kinase,,,,
209,VIT_07s0005g04890,722,0.3466,Glutathione S-transferase 25 GSTU7,E2_5_1_18_GSTU7,,vv10480Glutathione_metabolism,
210,VIT_02s0025g02940,716,0.3461,Caffeic acid O-3-methyltransferase,E2_1_1_68,,vv10940Phenylpropanoid_biosynthesis,
211,VIT_07s0151g01070,712,0.3458,Copalyl diphosphate synthase,E5_5_1_12,,vv10904Diterpenoid_biosynthesis,
212,VIT_01s0011g05930,716,0.3452,S-adenosyl-L-methionine:carboxyl methyltransferase,,,,
213,VIT_12s0028g01330,706,0.3421,Glu-tRNA(Gln) amidotransferase subunit A,E6_3_5_6,,vv10251Glutamate_metabolism,vv10252Alanine_and_aspartate_metabolism
214,VIT_08s0056g00620,706,0.3406,V-type H+-transporting ATPase subunit E,K02150,,vv10190Oxidative_phosphorylation,vv44145Phagosome
215,VIT_03s0063g01280<br>VIT_03s0063g01160,693,0.3353,,,,,
216,VIT_07s0005g04880,681,0.3298,Glutathione S-transferase 25 GSTU7,E2_5_1_18_GSTU7,,vv10480Glutathione_metabolism,
217,VIT_07s0205g00160,676,0.3272,Basic helix-loop-helix (bHLH) family,BHLHDOM_8,,vv60011BHLH,
218,VIT_14s0083g00260,675,0.3264,No hit,,,,
219,VIT_12s0034g01980,675,0.3255,Globulin-like protein,,,,
220,VIT_09s0002g02580,674,0.3247,No hit,,,,
221,VIT_16s0098g00720,671,0.324,Lectin protein kinase,,,,
222,VIT_03s0088g01260,657,0.318,TIP growth defective 1,TIP1GD,,vv50108Accessory_factors_involved_in_transport,
223,VIT_17s0053g00750,655,0.3177,Unknown protein,,,,
224,VIT_18s0001g00420,659,0.3176,Laccase,E1_10_3_2,,vv11000Single_reactions,vv50109Incompletely_characterized_transport_systems
225,VIT_13s0019g03910,647,0.3155,Unknown,,,,
226,VIT_17s0000g00680,652,0.3151,No hit,,,,
227,VIT_18s0001g05410,650,0.314,No hit,,,,
228,VIT_06s0004g02020,640,0.3107,No hit,,,,
229,VIT_18s0157g00140,643,0.3103,Alliin lyase,E4_4_1_4,,vv10272Cysteine_metabolism,
230,VIT_01s0010g03930,632,0.3059,WRKY DNA-binding protein 75,WRKY75_1,VvWRKY03,vv60066WRKY,
231,VIT_12s0059g00520,633,0.3054,RabGAP/TBC domain-containing protein,,,,
232,VIT_04s0044g00230,630,0.3042,Monooxygenase (MO2),,,,
233,VIT_17s0000g02930,632,0.304,Glutathione S-transferase 25 GSTU7,E2_5_1_18_GSTU7,,vv10480Glutathione_metabolism,
234,VIT_18s0086g00590,621,0.3016,Auxin-binding protein ABP19,ABP19,,vv30003Auxin_signaling,
235,VIT_18s0072g00160,625,0.3011,Peroxidase 12,E1_11_1_7,,vv10360Phenylalanine_metabolism,vv10680Methane_metabolism
236,VIT_11s0016g02660<br>VIT_05s0029g01030,621,0.3009,,,,,
237,VIT_02s0012g00730,619,0.3002,Purine permease 10 PUP10,PUP10,,vv50122Porters_cat_7_to_17,
238,VIT_18s0117g00450<br>VIT_18s0117g00480,611,0.2957,,,,,
239,VIT_17s0000g06350,600,0.2913,LHCA4 (Photosystem I light harvesting complex gene 4),K08910,,vv10196Photosynthesis_antenna_proteins,vv50105Transport_electron_carriers
240,VIT_14s0068g01770,585,0.2849,WRKY DNA-binding protein 75,WRKY75_2,VvWRKY43,vv60066WRKY,
241,VIT_09s0002g03670,581,0.2819,No hit,,,,
242,VIT_13s0019g02100,587,0.2814,No hit,,,,
243,VIT_12s0059g00740,578,0.2791,Germin1,,,,
244,VIT_00s0183g00130,566,0.2758,No hit,,,,
245,VIT_04s0008g00640,563,0.274,Epsin N-terminal homology (ENTH) domain-containing,ENTH,,vv50110Protein_coat,
246,VIT_11s0016g03080,569,0.274,Clavata1 receptor kinase (CLV1),,,,
247,VIT_16s0013g00590,558,0.2719,Plastocyanin domain-containing protein,K02638,,vv10195Photosynthesis,vv50113Thylakoid_targeting_pathway
248,VIT_16s0050g00400,558,0.2707,Photoassimilate-responsive protein PAR-1a,,,,
249,VIT_18s0001g13680,553,0.2674,Histone H3,,,,
250,VIT_17s0000g01650,548,0.2663,Cyclopropyl isomerase,E5_5_1_9,,vv10100Biosynthesis_of_steroids,
251,VIT_01s0011g02390,549,0.266,Unknown,,,,
252,VIT_13s0067g02940,546,0.2636,Amidohydrolase 3,,,,
253,VIT_08s0007g00290,541,0.2616,Pectinacetylesterase,PAE,,vv40006Cell_wall,
254,VIT_14s0108g01490,541,0.2611,Pentatricopeptide (PPR) repeat-containing protein,,,,
255,VIT_00s0181g00100,535,0.2592,Unknown protein,,,,
256,VIT_02s0033g00660<br>VIT_02s0033g00850<br>VIT_02s0033g00870<br>VIT_02s0033g00800,533,0.2585,,,,,
257,VIT_05s0077g01600,530,0.2583,Pathogenesis protein 10 [Vitis vinifera],,,,
258,VIT_06s0004g00610,532,0.2578,Accelerated cell death 1 ACD1,ACD1,,vv50133Primary_active_transporter_cat_A9_to_A18,
259,VIT_11s0016g03190,528,0.2559,Unknown,,,,
260,VIT_17s0000g05350,530,0.2559,5-formyltetrahydrofolate cycloligase,E6_3_3_2,,vv10670One_carbon_pool_by_folate,
261,VIT_00s2580g00010,519,0.2516,U4/U6.U5 tri-snRNP-associated protein 2,K12847,,vv23040Spliceosome,
262,VIT_12s0055g00920,520,0.2507,Aspartate aminotransferase,E2_6_1_1,vv10710Carbon_fixation,vv10252Alanine_and_aspartate_metabolism,vv10272Cysteine_metabolism
263,VIT_10s0003g00120,511,0.2476,Leucine-rich repeat family protein,,,,
264,VIT_06s0009g03130,509,0.2457,Cytochrome P450  family 79  subfamily A  polypeptide 2,K12153,,vv10966Glucosinolate_biosynthesis,
265,VIT_10s0003g02590,508,0.2455,SH3 domain-containing protein 3 (SH3P3),SH3P3,,vv50110Protein_coat,
266,VIT_03s0038g00090,503,0.2435,Epoxide hydrolase-like protein,E3_3_2_10,,,
267,VIT_05s0020g03290,499,0.2418,S-receptor kinase,,,,
268,VIT_11s0016g01010,483,0.2344,Serine/threonine-protein kinase NAK,,,,
269,VIT_14s0108g00730,481,0.2329,5'-aminoimidazole ribonucleotide synthetase,E6_3_3_1,,vv10230Purine_metabolism,
270,VIT_05s0020g03370,476,0.2301,5-nucleotidase surE,E3_1_3_2,,vv10740Riboflavin_metabolism,
271,VIT_19s0014g01720,476,0.2291,Sodium/calcium exchanger family protein,NACAEX,,vv50123Porters_cat_18_to_29,
272,VIT_15s0021g00330,471,0.228,Proton-dependent oligopeptide transport (POT) family protein,POT,,vv50122Porters_cat_7_to_17,
273,VIT_01s0011g04040,465,0.225,No hit,,,,
274,VIT_05s0049g01020,462,0.2239,Myb domain protein 14,MYB14_3,,vv60044MYB,
275,VIT_06s0004g08300,458,0.2225,Zinc finger (C3HC4-type ring finger),ZFC3HC4_56,,vv60078Other_zf-C3HC4,
276,VIT_13s0019g01700,458,0.221,Scarecrow transcription factor 14 (SCL14),SCL14_1,,vv60032GRAS,
277,VIT_11s0052g01390,443,0.2142,Adenosylmethionine-8-amino-7- oxononanoate aminotransferase,E2_6_1_62,,vv10780Biotin_metabolism,
278,VIT_18s0001g11130,439,0.2134,Calmodulin-binding protein AR781,,,,
279,VIT_11s0016g05540,433,0.2107,Dicyanin,,,,
280,VIT_04s0023g01910,431,0.2094,Myb family,MYBREL_12,,vv60045MYBrelated,
281,VIT_14s0108g00350,427,0.2053,3-dehydroquinate synthase,E4_2_3_4,,vv10400Phenylalanine_tyrosine_and_tryptophan_biosynthesis,
282,VIT_09s0002g00510,421,0.205,Lipase GDSL 1,,,,
283,VIT_14s0006g00910,416,0.2016,ATA15 protein,,,,
284,VIT_13s0156g00590,419,0.2012,S-receptor kinase,,,,
285,VIT_03s0038g02790,413,0.1996,Ribosomal protein L2  Chloroplast,K02886,,vv23010Ribosome,
286,VIT_16s0050g00430,411,0.1985,Photoassimilate-responsive protein PAR-1a,,,,
287,VIT_12s0059g01720,412,0.1979,No hit,,,,
288,VIT_11s0037g01300,404,0.1964,No hit,,,,
289,VIT_09s0054g01870,406,0.1962,Transmembrane receptor,,,,
290,VIT_07s0104g00410,401,0.1945,Endo-1 3;1 4-beta-D-glucanase precursor,E3_2_1_73,,,
291,VIT_10s0003g05250,400,0.1941,Germin-like protein,,,,
292,VIT_13s0067g03890,400,0.1934,Beta-ketoacyl-CoA synthase,E2_3_1_41,,vv10061Fatty_acid_biosynthesis,
293,VIT_17s0000g06680,400,0.1932,Unknown protein,,,,
294,VIT_08s0007g06250,400,0.1929,Strubbelig receptor family 2,,,,
295,VIT_18s0001g05000<br>VIT_18s0001g04780<br>VIT_18s0001g04120,398,0.1918,,,,,
296,VIT_18s0001g12480,401,0.1917,Metal transporter CNNM4 (Cyclin-M4),CNNM4,,vv50109Incompletely_characterized_transport_systems,
297,VIT_09s0018g02010,395,0.191,EXO70-G1 protein,EXO70G1,,vv50111Tethering_factors,
298,VIT_05s0077g01130,392,0.1899,Seed maturation protein PM36,,,,
299,VIT_11s0016g03960,387,0.187,Kinesin family member 2/24,K10393,,vv44810Regulation_of_actin_cytoskeleton,
300,VIT_08s0007g03310,386,0.1865,Unknown,,,,
301,VIT_13s0084g00670,387,0.1859,Unknown protein,,,,
302,VIT_06s0061g00120,379,0.1833,Beta-1 3-glucanase [Vitis riparia],E3_2_1_6,,,
303,VIT_18s0001g05780,378,0.1831,Leucine-rich repeat family protein,,,,
304,VIT_14s0128g00520,378,0.1823,Alpha-L-fucosidase 2 precursor,E3_2_1_51,,vv10511N-Glycan_degradation,
305,VIT_13s0067g00240,373,0.1805,Binding,,,,
306,VIT_08s0040g00390,372,0.1789,Magnesium-protoporphyrin IX monomethyl ester [oxidative] cyclase,E1_14_13_81,,vv10860Porphyrin_and_chlorophyll_metabolism,
307,VIT_12s0134g00130,364,0.1764,Ribosomal protein L2 60S,K02886,,vv23010Ribosome,
308,VIT_09s0002g05610,354,0.1707,Unknown,,,,
309,VIT_18s0075g00950,350,0.1706,Laccase,E1_10_3_2,,vv11000Single_reactions,vv50109Incompletely_characterized_transport_systems
310,VIT_03s0063g02630,351,0.1696,Unknown protein,,,,
311,VIT_16s0022g01690,352,0.1696,Band 7 family,BAND7,,vv50108Accessory_factors_involved_in_transport,
312,VIT_19s0014g02110,346,0.1678,Homeobox protein 52,VVHB52_1,VvHB70,vv60034HB,
313,VIT_02s0012g00890,346,0.1676,Unknown protein,,,,
314,VIT_17s0000g03370,345,0.1673,Calmodulin-binding protein,K02183,,vv34020Calcium_signaling_pathway,vv34626Plant-pathogen_interaction
315,VIT_05s0094g00320,348,0.1673,Chitinase  class IV [Vitis vinifera],E3_2_1_14,,vv10530Aminosugars_metabolism,
316,VIT_02s0025g01330,345,0.1669,Polygalacturonase GH28,E3_2_1_15,,vv40006Cell_wall,
317,VIT_18s0001g02760,346,0.166,Lipase GDSL,,,,
318,VIT_10s0003g01160,343,0.1659,Basic helix-loop-helix (bHLH) family,BHLHDOM_23,,vv60011BHLH,
319,VIT_06s0061g01210,342,0.1659,Lysine histidine transporter 1,LHT1,,vv50123Porters_cat_18_to_29,
320,VIT_08s0058g01450,343,0.1655,STN8 (state transition 8),,,,
321,VIT_14s0068g01360,341,0.1655,GEM-like protein 5,,,,
322,VIT_08s0040g03010,343,0.1651,Pigment defective 149,PDE149,,vv50109Incompletely_characterized_transport_systems,
323,VIT_02s0025g01230,341,0.1649,Amino acid permease,AAPREL,,vv50123Porters_cat_18_to_29,
324,VIT_17s0000g02920,342,0.1646,Glutathione S-transferase 25 GSTU7,E2_5_1_18_GSTU7,,vv10480Glutathione_metabolism,
325,VIT_12s0035g01000,336,0.1633,Serine protease inhibitor  serine-type,,,,
326,VIT_08s0040g03100,335,0.163,Glutathione S-transferase GSTO1,E2_5_1_18_GSTO1,,vv10480Glutathione_metabolism,
327,VIT_14s0030g00400,333,0.1608,WD40,,,,
328,VIT_11s0016g02070,331,0.1593,Basic helix-loop-helix (bHLH) family,BHLHDOM_63,,vv60011BHLH,
329,VIT_09s0002g06900,329,0.1592,NtEIG-A1,,,,
330,VIT_09s0002g05560,324,0.1575,ABC transporter g family pleiotropic drug resistance 12 PDR12,ABCGPDR12,,vv52010ABC_transporters,
331,VIT_03s0038g04540,318,0.1544,S-adenosyl-L-methionine:salicylic acid carboxyl methyltransferase,SAMTBSCMT,,vv10360Phenylalanine_metabolism,
332,VIT_11s0016g04510,320,0.1542,No hit,,,,
333,VIT_10s0003g05430,315,0.1522,Reticuline oxidase precursor,E1_21_3_3,,vv10950Alkaloid_biosynthesis_I,
334,VIT_09s0002g05570,316,0.1521,ABC transporter g family pleiotropic drug resistance 12 PDR12,ABCGPDR12,,vv52010ABC_transporters,
335,VIT_07s0151g00740,306,0.1488,Non-specific lipid-transfer protein,,,,
336,VIT_16s0100g00010,308,0.1486,Carboxyesterase 20 CXE20,E3_1_1_1,,,
337,VIT_04s0044g00220,304,0.1469,Monooxygenase,,,,
338,VIT_07s0031g02720,301,0.1453,Myosin heavy chain,K10352,,vv44810Regulation_of_actin_cytoskeleton,
339,VIT_16s0039g01650,300,0.1448,Transporter-related,TRANSPORTERUNK,,vv50109Incompletely_characterized_transport_systems,
340,VIT_09s0002g02320,296,0.1436,Cell wall apoplastic invertase,E3_2_1_26,,vv10052Galactose_metabolism,vv10500Starch_and_sucrose_metabolism
341,VIT_01s0010g02450,295,0.1431,B12D,,,,
342,VIT_03s0038g04530,295,0.1429,S-adenosyl-L-methionine:salicylic acid carboxyl methyltransferase,SAMTBSCMT,,vv10360Phenylalanine_metabolism,
343,VIT_01s0011g05420,292,0.1419,Fw2.2 ORFX,,,,
344,VIT_19s0090g01470,289,0.1406,Protease inhibitor/seed storage/lipid transfer protein (LTP),,,,
345,VIT_16s0013g00040,291,0.1397,Unknown,,,,
346,VIT_15s0021g02060,282,0.1385,Arbutin synthase,E2_4_1_218,,vv10500Starch_and_sucrose_metabolism,
347,VIT_16s0050g02230,286,0.1383,Chitinase [Vitis vinifera],E3_2_1_14,,vv10530Aminosugars_metabolism,
348,VIT_08s0007g05830,274,0.1315,No hit,,,,
349,VIT_13s0067g03030,267,0.1295,Unknown protein,,,,
350,VIT_05s0077g01580,268,0.1295,Pathogenesis protein 10 [Vitis vinifera],,,,
351,VIT_06s0004g03100,266,0.1285,MLO1,K08472,,,
352,VIT_11s0052g00610,265,0.1281,Homogenitisate geranylgeranyl transferase,K09833,,vv10100Biosynthesis_of_steroids,
353,VIT_16s0050g01890,263,0.1277,Unknown,,,,
354,VIT_02s0012g01010,260,0.1251,Leucine-rich repeat,,,,
355,VIT_19s0085g01030,255,0.1235,Metacaspase TYPE-II,,,,
356,VIT_11s0016g00570,251,0.122,Dimethylaniline monooxygenase (N-oxide forming) 2,E1_14_13_8,,vv11000Single_reactions,
357,VIT_14s0006g01410,252,0.1218,fructokinase-2,E2_7_1_4,,vv10051Fructose_and_mannose_metabolism,vv10500Starch_and_sucrose_metabolism
358,VIT_18s0075g00660,250,0.1202,Disease resistance protein (TIR-NBS-LRR class),,,,
359,VIT_02s0109g00260,247,0.1201,Retrotransposon gag protein,,,,
360,VIT_18s0001g15220,244,0.1184,Unknown protein,,,,
361,VIT_14s0030g02050,243,0.1177,Auxin-induced protein PCNT115,AUXREG,,vv30003Auxin_signaling,
362,VIT_11s0016g00130,241,0.1166,Omega-6 fatty acid desaturase  chloroplast (FAD6) (FADC),K10255,,vv11040Biosynthesis_of_unsaturated_fatty_acids,
363,VIT_07s0005g04400,239,0.1161,Photosystem II reaction centre W (PsbW),K08903,,vv10195Photosynthesis,vv50135Primary_active_transporter_cat_D3_to_E2
364,VIT_01s0010g02170,241,0.1159,CAAX amino terminal protease,,,,
365,VIT_14s0171g00490,241,0.1159,Glucose-6-phosphate 1-dehydrogenase  cytoplasmic isoform,E1_1_1_49,,vv10030Pentose_phosphate,vv10480Glutathione_metabolism
366,VIT_02s0025g00540,238,0.1151,Unknown,,,,
367,VIT_05s0020g04380,237,0.115,Calcium-transporting ATPase 13 ACA13,K01537,,vv34020Calcium_signaling_pathway,vv50131Primary_active_transporter_cat_A2_to_A4
368,VIT_17s0000g03560,234,0.1128,(myb domain protein 62,MYB62_1,MYB164,vv60044MYB,
369,VIT_11s0016g01060,226,0.1095,Avr9/Cf-9 induced kinase 1,,,,
370,VIT_06s0080g00920,225,0.1091,Photosystem I subunit O (PSAO),PSAO,,vv10195Photosynthesis,
371,VIT_03s0063g00270,224,0.1088,Unknown protein,,,,
372,VIT_17s0000g00930,225,0.1087,Unknown protein,,,,
373,VIT_16s0039g01110,223,0.1071,Phenylalanin ammonia-lyase [Vitis vinifera],E4_3_1_5,,vv10350Tyrosine_metabolism,vv10360Phenylalanine_metabolism
374,VIT_10s0405g00020,217,0.1047,Mo25,K08272,,vv34150mTOR_signaling_pathway,
375,VIT_17s0000g07840,216,0.1044,Unknown protein,,,,
376,VIT_17s0000g07640,214,0.1039,Mannose-1-phosphate guanyltransferase,E2_7_7_23,,vv10530Aminosugars_metabolism,
377,VIT_05s0049g01200,212,0.1028,S-locus lectin protein kinase,,,,
378,VIT_17s0000g05360,208,0.1007,Germin,,,,
379,VIT_17s0000g08200,205,0.0994,Phosphoglycerate/bisphosphoglycerate mutase,E5_4_2_1,,vv10010Glycolysis,
380,VIT_01s0026g02590,202,0.0983,Calcium-binding protein CML,K13448,,vv34626Plant-pathogen_interaction,
381,VIT_06s0004g05070,203,0.0979,Zinc transporter (ZIP2),ZIP2,,vv50121Porters_cat_1_to_6,
382,VIT_09s0054g00590,201,0.0971,No hit,,,,
383,VIT_19s0014g00760,200,0.0963,Unknown,,,,
384,VIT_05s0102g01070,197,0.0955,No hit,,,,
385,VIT_04s0008g02670,198,0.0955,Cryptochrome DASH,CRYDASH,,vv34710Circadian_rhythm,
386,VIT_00s0480g00040,197,0.0953,Polyphenol oxidase II  chloroplast precursor,E1_10_3_1,,vv10350Tyrosine_metabolism,vv50109Incompletely_characterized_transport_systems
387,VIT_00s0258g00130<br>VIT_16s0148g00370,194,0.094,,,,,
388,VIT_08s0056g00110,193,0.0936,Emp24/gp25L/p24,EMP24,,vv50110Protein_coat,
389,VIT_09s0002g04360,190,0.0918,Thylakoid membrane phosphoprotein 14 kda  chloroplast precursor,,,,
390,VIT_17s0053g01070,189,0.0916,DNA excision repair protein ERCC-6,K10841,,vv23420Nucleotide_excision_repair,
391,VIT_13s0084g00850<br>VIT_13s0084g00880,185,0.0899,,,,,
392,VIT_11s0016g04120,183,0.0886,No hit,,,,
393,VIT_03s0038g01050,183,0.0885,Phenylalanine-tRNA ligase,E6_1_1_20,,vv10400Phenylalanine_tyrosine_and_tryptophan_biosynthesis,vv20970Aminoacyl-tRNA_biosynthesis
394,VIT_17s0000g00940,181,0.0872,F-box protein,,,,
395,VIT_05s0102g00510,177,0.0856,Unknown protein,,,,
396,VIT_14s0068g02290,175,0.0845,Disease resistance protein,K13466,,vv34626Plant-pathogen_interaction,
397,VIT_06s0009g03670,174,0.0844,F-box family protein,,,,
398,VIT_01s0011g01350,172,0.0828,No hit,,,,
399,VIT_10s0003g01220,172,0.0827,Copper-binding family protein,,,,
400,VIT_05s0020g03300,165,0.0803,S-receptor kinase,,,,
401,VIT_13s0064g01110,165,0.0802,No hit,,,,
402,VIT_10s0003g02890,166,0.0798,LHCII type I CAB-1,K08912,,vv10196Photosynthesis_antenna_proteins,vv50105Transport_electron_carriers
403,VIT_08s0007g05580,163,0.0791,Embryo-abundant protein,,,,
404,VIT_07s0005g04050,163,0.0789,Leucine Rich Repeat receptor-like kinase,,,,
405,VIT_05s0094g00170,161,0.0781,Protein transport protein Sec61 subunit beta,K09481,,vv23060Protein_export,vv24141Protein_processing_in_endoplasmic_reticulum
406,VIT_08s0058g01050,161,0.0779,Unknown protein,,,,
407,VIT_14s0108g00890,161,0.0777,Beta-1 3-galactosyltransferase,K07819,,vv10602Glycosphingolipid_biosynthesis,
408,VIT_14s0060g02690,159,0.0768,Germin-like protein 3 [Vitis vinifera],,,,
409,VIT_08s0007g04310,160,0.0768,Threonine dehydratase/deaminase,E4_3_1_19,,vv10260Glycine_serine_and_threonine_metabolism,vv10290Valine_leucine_and_isoleucine_biosynthesis
410,VIT_07s0031g01260,156,0.0755,No hit,,,,
411,VIT_14s0068g01070,151,0.0731,SUVH4 (SU(VAR)3-9 homolog 4),E2_1_1_43SUVH4_6,,vv10300Lysine_biosynthesis,vv60056SET_PCG
412,VIT_18s0001g12490,147,0.0707,O-methyltransferase,,,,
413,VIT_14s0066g01670,145,0.0701,Alpha-dioxygenase,K10529,,vv10592alpha-Linolenic_acid_metabolism,
414,VIT_07s0031g02560,145,0.0699,UVB-resistance protein UVR8,,,,
415,VIT_01s0011g03610,143,0.0688,MAPK activating protein,,,,
416,VIT_13s0073g00680,141,0.0681,Endonuclease/exonuclease/phosphatase family protein,E3_1_30_x,,,
417,VIT_15s0048g00620,141,0.0679,No hit,,,,
418,VIT_13s0019g01810,140,0.0676,Scarecrow transcription factor 14 (SCL14),SCL14_3,,vv60032GRAS,
419,VIT_02s0033g01380,137,0.0662,Alternative oxidase 1D,AOX1D,,vv30001ABA_signaling,
420,VIT_08s0032g01000,134,0.0651,No hit,,,,
421,VIT_09s0002g06890,134,0.0649,Dicyanin blue copper protein,,,,
422,VIT_11s0016g03830,131,0.0637,Protein kinase,,,,
423,VIT_13s0019g02080,130,0.0627,DNA-binding protein,,,,
424,VIT_18s0001g15660,129,0.0624,Pathogen-related,,,,
425,VIT_18s0117g00030,128,0.062,No hit,,,,
426,VIT_01s0137g00740,128,0.062,Unknown protein,,,,
427,VIT_19s0014g01110,128,0.0618,Curculin (mannose-binding) lectin,,,,
428,VIT_17s0000g07670,128,0.0615,Betaine-aldehyde dehydrogenase,E1_2_1_8,,vv10260Glycine_serine_and_threonine_metabolism,vv50101Channels_and_pores
429,VIT_19s0015g02610,124,0.0592,Glutathione S-transferase 25 GSTU25,E2_5_1_18_GSTU25,,vv10480Glutathione_metabolism,
430,VIT_14s0128g00650,120,0.0579,Germin-like protein 3 [Vitis vinifera],,,,
431,VIT_07s0031g01090,114,0.0551,Ascorbate oxidase,E1_10_3_3,,vv10053Ascorbate_and_aldarate_metabolism,vv50109Incompletely_characterized_transport_systems
432,VIT_13s0067g00110,113,0.0547,CYP72A1,K13400,,vv10902Monoterpenoid_biosynthesis,
433,VIT_07s0031g01850,113,0.0541,BRI1 protein,BRI1,,vv30005Brassinosteroids_signaling,
434,VIT_07s0031g01700,112,0.054,RAB GTPase LIP1,K07976,,,
435,VIT_00s0125g00280,111,0.0539,Photosystem I reaction center subunit III (PSAF),K02694,,vv10195Photosynthesis,vv50105Transport_electron_carriers
436,VIT_09s0002g01180,111,0.0538,Zinc finger (C3HC4-type ring finger),ZFC3HC4_47,,vv60078Other_zf-C3HC4,
437,VIT_09s0054g01740,108,0.0522,C2-HC type zinc finger protein C.e-MyT1,,,,
438,VIT_15s0021g02470,108,0.0519,Epoxide hydrolase-like protein,E3_3_2_10,,,
439,VIT_01s0011g00380,107,0.0517,SP1L1 (SPIRAL1-like1),,,,
440,VIT_09s0096g00950,106,0.0512,No hit,,,,
441,VIT_03s0088g00410,104,0.0504,Pyruvate kinase isozyme A  chloroplast precursor,E2_7_1_40,,vv10010Glycolysis,vv10230Purine_metabolism
442,VIT_08s0056g01390,102,0.0494,No hit,,,,
443,VIT_06s0009g00450,101,0.0488,Aluminium-tolerance ALMT1,ALMT1,,vv50125Porters_cat_66_to_94,
444,VIT_13s0074g00570,101,0.0485,Gamma-aminobutyric acid transporter,GAT1,,vv50123Porters_cat_18_to_29,
445,VIT_02s0025g00780,100,0.0482,Cation/hydrogen exchanger (CHX18),CHX18,,vv50124Porters_cat_30_to_64,
446,VIT_16s0039g00990,100,0.0482,Glutathione S-transferase 8 GSTU8,E2_5_1_18_GSTU8,,vv10480Glutathione_metabolism,
447,VIT_08s0007g07530,99,0.048,3-oxoacyl-[acyl-carrier-protein] reductase  chloroplast,E1_1_1_100,,vv10061Fatty_acid_biosynthesis,vv11040Biosynthesis_of_unsaturated_fatty_acids
448,VIT_07s0130g00160,98,0.0476,No hit,,,,
449,VIT_17s0000g00640,97,0.0469,No hit,,,,
450,VIT_19s0085g00600,97,0.0468,Glyceraldehyde-3-phosphate dehydrogenase  cytosolic,E1_2_1_12,,vv10010Glycolysis,
451,VIT_18s0001g13670,96,0.0466,Glyoxal oxidase-related,,,,
452,VIT_06s0004g02590,96,0.0462,Carbonic anhydrase,E4_2_1_1,,vv10910Nitrogen_metabolism,vv50124Porters_cat_30_to_64
453,VIT_06s0009g02020,96,0.0462,Tubulin beta-4 chain,K07375,,vv44145Phagosome,vv44810Regulation_of_actin_cytoskeleton
454,VIT_13s0019g03970,93,0.0453,Ribosomal protein P0 (RPP0A) acidic 60S,K02941,,vv23010Ribosome,
455,VIT_12s0028g04000,93,0.0452,Ankyrin repeat,K10380,,vv50108Accessory_factors_involved_in_transport,
456,VIT_17s0119g00400,93,0.0449,Methyltransferase,,,,
457,VIT_03s0038g01450,91,0.0439,No hit,,,,
458,VIT_03s0038g00940,88,0.0427,Auxin-responsive,AUXREG,,vv30003Auxin_signaling,
459,VIT_18s0166g00070,88,0.0426,No hit,,,,
460,VIT_00s0226g00100,86,0.0415,Regulator of chromosome condensation (RCC1),RCC1,,vv50112Nuclear_pore_complex,
461,VIT_02s0025g04310,85,0.041,Thaumatin,,,,
462,VIT_05s0020g04130,84,0.0405,Perakine reductase aldo/keto reductase,,,,
463,VIT_18s0075g01090,83,0.0403,Laccase,E1_10_3_2,,vv11000Single_reactions,vv50109Incompletely_characterized_transport_systems
464,VIT_05s0077g01680,80,0.0387,Mal d 1 allergen,,,,
465,VIT_14s0081g00720,78,0.038,Basic helix-loop-helix (bHLH) family,BHLHDOM_9,,vv60011BHLH,
466,VIT_11s0016g00350,78,0.0377,Sec34/COG3,SEC34,,vv50110Protein_coat,vv50111Tethering_factors
467,VIT_09s0054g00910,78,0.0377,Chaperone BCS1 mitochondrial,K08900,,,
468,VIT_13s0019g02000,78,0.0374,PUMILIO 1 (APUM1),PUM1,,,
469,VIT_11s0016g00100,76,0.0367,Adapter protein SPIKE1 (SPK1),,,,
470,VIT_04s0008g01160,74,0.036,Indeterminate(ID)-domain 7,IDD7_2,,vv60017C2H2,
471,VIT_19s0085g00840,74,0.0358,SAM-dependent methyltransferase,,,,
472,VIT_05s0049g01980,74,0.0357,3-isopropylmalate dehydratase large subunit 2,E4_2_1_33,,vv10290Valine_leucine_and_isoleucine_biosynthesis,
473,VIT_04s0023g03610,73,0.0352,MLO4 (mildew resistance locus O 4),K08472,,,
474,VIT_03s0091g00380,72,0.0347,Thioredoxin domain-containing protein 9,,,,
475,VIT_12s0059g00290,72,0.0347,Calmodulin-binding region IQD33,,,,
476,VIT_17s0000g08290,71,0.0345,Dof zinc finger protein DOF5.6,DOF5_6,,vv60015C2C2-DOF,
477,VIT_13s0019g00480,71,0.0342,Zinc finger (C2H2 type) family,C2H2FAM_22,,vv60017C2H2,
478,VIT_00s0386g00030,69,0.0334,Unknown protein,,,,
479,VIT_08s0105g00270,69,0.0332,NC domain-containing protein,,,,
480,VIT_07s0005g05930<br>VIT_07s0005g05910<br>VIT_07s0005g05920,68,0.0327,,,,,
481,VIT_07s0191g00210,67,0.0325,Helicase domain-containing protein,,,,
482,VIT_01s0011g02480,67,0.0323,Phospholipid-transporting ATPase,K01530,,vv50131Primary_active_transporter_cat_A2_to_A4,
483,VIT_15s0046g00940,67,0.0323,Ubiquitin family,,,,
484,VIT_19s0090g01290,65,0.0316,Serine/threonine-protein phosphatase PP-X isozyme 2,K01090,,,
485,VIT_18s0001g00400,65,0.0314,Laccase,E1_10_3_2,,vv11000Single_reactions,vv50109Incompletely_characterized_transport_systems
486,VIT_00s0125g00190,63,0.0305,Potassium transporter (KUP1),KUP1,,vv50125Porters_cat_66_to_94,
487,VIT_01s0011g05480,63,0.0304,Dynein light subunit lc6  flagellar outer arm,K10418,,vv44810Regulation_of_actin_cytoskeleton,
488,VIT_12s0028g02110,62,0.0302,Unknown protein,,,,
489,VIT_08s0032g00950,61,0.0298,Unknown protein,,,,
490,VIT_04s0044g00040,61,0.0296,Dirigent,,,,
491,VIT_12s0034g01080,60,0.0292,3-isopropylmalate dehydrogenase 2  chloroplast precursor,E1_1_1_85,,vv10290Valine_leucine_and_isoleucine_biosynthesis,
492,VIT_01s0010g03680,60,0.0291,Unknown protein,,,,
493,VIT_12s0035g00270,60,0.0289,ferredoxin  chloroplast (PETF),K02639,,vv10195Photosynthesis,
494,VIT_00s0347g00120,60,0.0289,S-locus lectin protein kinase,,,,
495,VIT_06s0004g05110,59,0.0285,Unknown,,,,
496,VIT_00s0399g00020,59,0.0284,Protease inhibitor/seed storage/lipid transfer protein (LTP),,,,
497,VIT_19s0015g02420,58,0.0282,Serine/threonine-protein kinase receptor ARK3,,,,
498,VIT_16s0050g01090,57,0.0276,Beta-carotene hydroxylase,K02294,,vv10906Carotenoid_biosynthesis,
499,VIT_06s0009g02600<br>VIT_06s0009g02630,54,0.0261,,,,,
500,VIT_10s0003g00330,54,0.0261,HSL1 (HAESA-like 1),,,,
501,VIT_09s0002g02570,54,0.0259,No hit,,,,
502,VIT_14s0030g01490<br>VIT_14s0030g01520,53,0.0256,,,,,
503,VIT_14s0081g00190,52,0.0251,No hit,,,,
504,VIT_09s0002g04160,51,0.0247,Thioesterase family,,,,
505,VIT_00s0410g00040,51,0.0246,Anthranilate N-benzoyltransferase protein 1,E2_3_1_144,,vv10400Phenylalanine_tyrosine_and_tryptophan_biosynthesis,
506,VIT_02s0012g00410,51,0.0246,Naringenin 2-oxoglutarate 3-dioxygenase,E1_14_11_9,,vv10941Flavonoid_biosynthesis,
507,VIT_04s0044g00120,51,0.0246,Kinase,,,,
508,VIT_18s0001g11790,51,0.0245,Inositol polyphosphate 5-phosphatase,E3_1_3_56,,vv10562Inositol_phosphate_metabolism,vv34070Phosphatidylinositol_signaling_system
509,VIT_12s0059g02080,50,0.0243,No hit,,,,
510,VIT_10s0003g05550<br>VIT_10s0003g05620,50,0.0241,,,,,
511,VIT_18s0001g12510,50,0.0241,5' nucleotidase,E3_1_3_5,,vv10230Purine_metabolism,vv10240Pyrimidine_metabolism
512,VIT_17s0119g00280,48,0.0231,Alpha-amylase/subtilisin inhibitor,E3_2_1_1,,vv10500Starch_and_sucrose_metabolism,
513,VIT_06s0004g06600,48,0.023,Unknown protein,,,,
514,VIT_18s0117g00050,47,0.0227,R protein L6,K13477,,vv34627R_proteins_from_Plant-pathogen_interaction,
515,VIT_14s0108g01440,46,0.0222,Unknown protein,,,,
516,VIT_18s0001g15710,45,0.0218,Electron carrier/ oxidoreductase,,,,
517,VIT_18s0117g00070,45,0.0218,R protein L6,K13477,,vv34627R_proteins_from_Plant-pathogen_interaction,
518,VIT_12s0059g01240,45,0.0216,Nitrate transporter (NTP3),NTP3,,vv50122Porters_cat_7_to_17,
519,VIT_05s0020g03440,44,0.0213,Photosystem II 11 kDa protein PSB27,K08902,,vv10195Photosynthesis,vv50135Primary_active_transporter_cat_D3_to_E2
520,VIT_19s0090g01870,44,0.0213,Multidrug resistance-associated protein 3,MRP3,,vv52010ABC_transporters,
521,VIT_18s0001g10200<br>VIT_18s0001g10230,43,0.0208,,,,,
522,VIT_18s0001g05240,43,0.0208,(-)-germacrene D synthase,E4_2_3_22,,vv10900Terpenoid_biosynthesis,
523,VIT_14s0030g01610,43,0.0207,Cytidine/deoxycytidylate deaminase,E3_5_4_5,,vv10240Pyrimidine_metabolism,
524,VIT_12s0057g01100,43,0.0207,Nudix hydrolase 2,,,,
525,VIT_06s0004g05970,42,0.0205,Antiviral helicase SKI2,K12599,,vv23018RNA_degradation,
526,VIT_07s0031g03060,42,0.0203,NSL1 (necrotic spotted lesions 1),,,,
527,VIT_15s0048g02780,41,0.0198,Unknown protein,,,,
528,VIT_02s0012g02340,40,0.0194,CYP76C4,,,,
529,VIT_10s0003g04250,40,0.0193,Glutathione S-transferase GSTU22,E2_5_1_18_GSTU22,,vv10480Glutathione_metabolism,
530,VIT_08s0040g00870,40,0.0193,BZIP transcription factor BZIP28,BZIP28,VvbZIP24,vv60012BZIP,
531,VIT_14s0066g01850,40,0.0193,Peroxidase,E1_11_1_7,,vv10360Phenylalanine_metabolism,vv10680Methane_metabolism
532,VIT_18s0041g00670,40,0.0192,Proton-dependent oligopeptide transport (POT) family protein,POT,,vv50122Porters_cat_7_to_17,
533,VIT_03s0063g01180,39,0.019,Gibberellin 20 oxidase 2,E1_14_11_12,,vv10904Diterpenoid_biosynthesis,
534,VIT_00s0415g00040,39,0.0189,Glycine-rich protein,,,,
535,VIT_03s0038g02680,39,0.0188,Zeta-carotene desaturase,E1_14_99_30,,vv10906Carotenoid_biosynthesis,
536,VIT_08s0007g02810,39,0.0188,Regulator of the ATPase vacuolar RAV2,RAV2,VvRAV5,vv60001ABI3VP1,
537,VIT_05s0020g03680,38,0.0184,GCN5 N-acetyltransferase (GNAT),GCN5_7,,vv60082GNAT,
538,VIT_18s0001g12470,38,0.0184,Dehydration-responsive protein,,,,
539,VIT_06s0061g01310,38,0.0184,Nucleobase-ascorbate transporter 12 (NAT12),NAT12,,vv50124Porters_cat_30_to_64,
540,VIT_16s0148g00300,37,0.018,Receptor serine/threonine kinase,,,,
541,VIT_18s0001g02030,37,0.018,Signal peptidase 1,K03100,,vv23060Protein_export,vv50132Primary_active_transporter_cat_A5_to_A8
542,VIT_00s0218g00050,36,0.0175,Kinesin motor protein,KMOTOR,,vv44810Regulation_of_actin_cytoskeleton,
543,VIT_13s0067g01730,36,0.0174,Steroid 5alpha-reductase,K09591,,vv10905Brassinosteroid_biosynthesis,
544,VIT_18s0001g05430,36,0.0173,(+)-delta-cadinene synthase isozyme XC14,E4_2_3_13,,vv10900Terpenoid_biosynthesis,
545,VIT_16s0013g02160,36,0.0173,No hit,,,,
546,VIT_17s0000g05210,35,0.0169,LNG1 (LONGIFOLIA1),,,,
547,VIT_18s0001g04660,35,0.0169,No hit,,,,
548,VIT_01s0011g01820,35,0.0169,Ribosomal protein L27 (RPL27C) 60S,K02901,,vv23010Ribosome,
549,VIT_07s0031g01660,35,0.0169,CYP86A2,,,,
550,VIT_12s0035g00580,34,0.0165,No hit,,,,
551,VIT_15s0021g01390,34,0.0165,Uclacyanin 3,UCC3,,,
552,VIT_01s0026g00290,33,0.0159,No hit,,,,
553,VIT_07s0005g05780,32,0.0154,Pantoate--beta-alanine ligase,E6_3_2_1,,vv10410Beta-alanine_metabolism,vv10770Pantothenate_and_CoA_biosynthesis
554,VIT_05s0020g00640,31,0.015,Methyltransferase,,,,
555,VIT_02s0012g02530,31,0.015,Phosphomevalonate kinase,E2_7_4_2,,vv10100Biosynthesis_of_steroids,
556,VIT_14s0128g00590,30,0.0145,No hit,,,,
557,VIT_18s0001g06370,30,0.0145,L-ascorbate peroxidase  chloroplast,E1_11_1_11,,vv10053Ascorbate_and_aldarate_metabolism,
558,VIT_00s0743g00020,30,0.0145,S-locus lectin protein kinase,,,,
559,VIT_14s0128g00670,30,0.0144,Germin-like protein 3 [Vitis vinifera],,,,
560,VIT_16s0039g02530,30,0.0144,No hit,,,,
561,VIT_16s0050g02200,29,0.014,No hit,,,,
562,VIT_13s0019g04060,29,0.014,MLO1,K08472,,,
563,VIT_02s0025g01380,29,0.014,Endo-1 4-beta-glucanase,E3_2_1_4,,vv40006Cell_wall,
564,VIT_02s0025g04280,29,0.0139,Osmotin,,,,
565,VIT_04s0008g03500,28,0.0136,Ankyrin,K10380,,vv50108Accessory_factors_involved_in_transport,
566,VIT_18s0001g09360,28,0.0135,Hydrogenobyrinic acid a c-diamide synthase,E6_3_5_9,,vv50101Channels_and_pores,
567,VIT_11s0016g02360,28,0.0135,TET2 (tetraspanin2),,,,
568,VIT_05s0077g01660,27,0.0131,Major allergen protein homolog,,,,
569,VIT_09s0054g00370,27,0.013,Mannosyl-oligosaccharide 1 2-alpha-mannosidase IA,E3_2_1_113,,vv10510N-Glycan_biosynthesis,vv11030Glycan_structures-biosynthesis1
570,VIT_02s0012g02420,26,0.0126,TRNA pseudouridine synthase,E5_4_99_12,,vv11000Single_reactions,
571,VIT_18s0122g01150,26,0.0126,Diphenol oxidase,E1_10_3_1,,vv10350Tyrosine_metabolism,vv50109Incompletely_characterized_transport_systems
572,VIT_03s0038g03190,26,0.0125,Flavin containing monooxygenase 3,E1_14_13_8,,vv11000Single_reactions,
573,VIT_18s0001g04480,25,0.0121,Germacrene-D synthase,E4_2_3_22,,vv10900Terpenoid_biosynthesis,
574,VIT_16s0022g01120<br>VIT_11s0037g01390<br>VIT_16s0022g01150,25,0.012,,,,,
575,VIT_12s0034g02240,24,0.0117,Potassium channel AKT2/3,AKT2,,vv50101Channels_and_pores,
576,VIT_12s0057g01110,24,0.0116,Nudix hydrolase 2,,,,
577,VIT_16s0013g00550,24,0.0115,No hit,,,,
578,VIT_10s0071g00230,23,0.0111,HcrVf1 protein,,,,
579,VIT_15s0021g01130,22,0.0107,Rho GTPase; Rho GTP binding protein,E3_6_5_1,,,
580,VIT_07s0005g02190,22,0.0107,Zinc finger (C2H2 type) family,C2H2FAM_36,,vv60017C2H2,
581,VIT_09s0002g03360,22,0.0106,Calmodulin binding protein,,,,
582,VIT_01s0026g00330,21,0.0102,NHL repeat-containing protein,,,,
583,VIT_01s0011g02900,21,0.0101,No hit,,,,
584,VIT_11s0016g00120,21,0.0101,Omega-6 fatty acid desaturase  chloroplast (FAD6) (FADC),K10255,,vv11040Biosynthesis_of_unsaturated_fatty_acids,
585,VIT_00s0349g00020,20,0.0097,Unknown protein,,,,
586,VIT_08s0032g01110,20,0.0097,Axial regulator YABBY2,YABBY2_2,,vv60019C2C2-YABBY,
587,VIT_07s0031g01010<br>VIT_07s0031g01040<br>VIT_07s0031g01050,20,0.0097,,,,,
588,VIT_05s0020g02810,20,0.0097,Unknown protein,,,,
589,VIT_19s0085g01200,20,0.0097,CTP synthase,E6_3_4_2,,vv10240Pyrimidine_metabolism,
590,VIT_05s0062g00980,20,0.0097,Aldo/keto reductase AKR,E1_1_1_21,,vv10040Pentose_glucuronate_interconversion,vv10051Fructose_and_mannose_metabolism
591,VIT_14s0066g01880,19,0.0093,Zf AN1 domain-containing stress-associated protein 12 (SAP12),SAP12,,vv60017C2H2,
592,VIT_09s0002g05810,19,0.0092,Boron transporter-like protein 4,BOR4,,vv50124Porters_cat_30_to_64,
593,VIT_17s0053g00460,19,0.0092,Pinoresinol-lariciresinol reductase,PLR,,vv10940Phenylpropanoid_biosynthesis,
594,VIT_11s0037g01410,19,0.0092,XBAT32 (XB3 ortholog 2 in Arabidopsis thaliana 32),XBAT32,,vv50108Accessory_factors_involved_in_transport,
595,VIT_01s0127g00070,18,0.0088,Nitrate transporter2.5,NRT2_5,,vv50121Porters_cat_1_to_6,
596,VIT_11s0016g00560,18,0.0087,Peroxiredoxin bcp,E1_11_1_15,,,
597,VIT_14s0066g01170,18,0.0087,MAP4K alpha1,,,,
598,VIT_19s0014g02170,18,0.0087,4-amino-4-deoxychorismate lyase,E4_1_3_38,,vv10790Folate_biosynthesis,
599,VIT_07s0031g01710,18,0.0087,WRKY DNA-binding protein 51,WRKY51_3,VvWRKY22,vv60066WRKY,
600,VIT_03s0063g00700,17,0.0082,CXE carboxylesterase,E3_1_1_1,,,
601,VIT_14s0060g00110,16,0.0078,Glutamyl-tRNA synthetase  cytoplasmic,E6_1_1_17,,vv10860Porphyrin_and_chlorophyll_metabolism,vv20970Aminoacyl-tRNA_biosynthesis
602,VIT_04s0008g05700,16,0.0078,ACT domain-containing protein,,,,
603,VIT_18s0001g12310,16,0.0077,Ovate family protein 7 OFP7,OFP7_2,,vv60086OFP,
604,VIT_05s0020g02080,16,0.0077,Zinc finger (C3HC4-type ring finger),ZFC3HC4_164,,vv60078Other_zf-C3HC4,
605,VIT_06s0009g01670,16,0.0077,forkhead-associated domain-containing protein,FHADOM_1,,vv60028FHA,
606,VIT_04s0008g00200,16,0.0077,Tryptophan-tRNA ligase,E6_1_1_2,,vv10400Phenylalanine_tyrosine_and_tryptophan_biosynthesis,vv20970Aminoacyl-tRNA_biosynthesis
607,VIT_06s0004g01140,16,0.0077,GRIK1 (geminivirus rep  interacting  kinase 1),,,,
608,VIT_00s0145g00110,15,0.0073,Pirin,K06911,,,
609,VIT_01s0011g03850,15,0.0073,Unknown protein,,,,
610,VIT_13s0064g01100,15,0.0073,No hit,,,,
611,VIT_04s0008g05540,15,0.0072,Clathrin assembly protein 2,CAP2,,vv50110Protein_coat,
612,VIT_04s0008g05340,15,0.0072,Bundle-sheath defective protein 2,,,,
613,VIT_13s0074g00210,15,0.0072,Pyruvate kinase,E2_7_1_40,,vv10010Glycolysis,vv10230Purine_metabolism
614,VIT_01s0011g00120,15,0.0072,Unknown protein,,,,
615,VIT_01s0026g01950,15,0.0072,Homeobox-leucine zipper protein HB13,VVHB13_2,VvHB05,vv60034HB,
616,VIT_03s0038g00920,14,0.0068,Carbohydrate kinase  PfkB,E2_7_1_15,,vv10030Pentose_phosphate,
617,VIT_08s0040g02730,13,0.0063,Exocyst subunit EXO70 H4,EXO70H4,,vv50111Tethering_factors,
618,VIT_17s0000g09370,13,0.0063,Elongation factor EF-Tu RABE1B,K02358,,vv34626Plant-pathogen_interaction,
619,VIT_01s0137g00210,13,0.0063,Photosystem II core complex proteins psbY  chloroplast precursor,K02723,,vv10195Photosynthesis,vv50135Primary_active_transporter_cat_D3_to_E2
620,VIT_12s0035g00920,13,0.0063,Unknown protein,,,,
621,VIT_05s0051g00440,13,0.0063,Transmembrane protein FT27/PFT27,PFT27,,vv50109Incompletely_characterized_transport_systems,
622,VIT_01s0146g00440,13,0.0063,Unknown protein,,,,
623,VIT_18s0001g13570,12,0.0058,Calcium ion binding protein,,,,
624,VIT_18s0001g02740,12,0.0058,Photosystem II 22 kDa protein PSBS,K03542,,vv10195Photosynthesis,
625,VIT_17s0000g03660,12,0.0058,NAC domain containing protein 58,NAC058,VvNAC06,vv60046NAC,
626,VIT_16s0013g01760,12,0.0058,Derlin-1,K11519,,vv24141Protein_processing_in_endoplasmic_reticulum,vv50133Primary_active_transporter_cat_A9_to_A18
627,VIT_18s0089g00220,12,0.0058,RNA recognition motif (RRM)-containing protein,,,,
628,VIT_05s0165g00200,12,0.0058,Unknown protein,,,,
629,VIT_04s0008g05350,12,0.0058,Serine hydrolase [Vitis vinifera],E4_3_1_18,,vv10260Glycine_serine_and_threonine_metabolism,
630,VIT_13s0067g01770,12,0.0058,Steroid 5alpha-reductase,K09591,,vv10905Brassinosteroid_biosynthesis,
631,VIT_15s0048g02350,12,0.0058,Prohibitin 1,PHB1,,vv50108Accessory_factors_involved_in_transport,
632,VIT_03s0091g00160,12,0.0058,NtPRp27 secretory protein,,,,
633,VIT_18s0001g11270,12,0.0058,SERine Proteinase Inhibitor Serpin P,,,,
634,VIT_18s0001g05060,12,0.0058,2 3-bisphosphoglycerate-dependent phosphoglycerate mutase,E5_4_2_1,,vv10010Glycolysis,
635,VIT_06s0004g05220,12,0.0058,Serine/arginine repetitive matrix protein 1,K13171,,vv23013RNA_transport,vv23015mRNA_surveillance_pathway
636,VIT_16s0100g00290,12,0.0058,L-idonate dehydrogenase,E1_1_1_14,,vv10051Fructose_and_mannose_metabolism,
637,VIT_12s0057g00400,12,0.0058,Threonyl-tRNA synthetase / threonine--tRNA ligase,E6_1_1_3,,vv10260Glycine_serine_and_threonine_metabolism,vv20970Aminoacyl-tRNA_biosynthesis
638,VIT_17s0000g05250,12,0.0057,Unknown protein,,,,
639,VIT_14s0128g00780,12,0.0057,Lipoxygenase,E1_13_11_12,,vv10592alpha-Linolenic_acid_metabolism,
640,VIT_00s0214g00150,11,0.0053,F-box protein PP2-B1 (Protein phloem protein 2-like B1),,,,
641,VIT_04s0069g01000,10,0.0048,Drug/metabolite transporter DMT family transporter,DMT,,vv50122Porters_cat_7_to_17,
642,VIT_05s0020g00750,10,0.0048,Novel plant snare 13,K08494,,,
643,VIT_11s0016g05000,10,0.0048,Dynein light chain LC8-type,K10418,,vv44810Regulation_of_actin_cytoskeleton,
644,VIT_14s0006g00430,10,0.0048,Carboxylesterase,E3_1_1_1,,,
645,VIT_11s0016g05460,9,0.0044,BRI1-KD interacting protein,BRI1INT,,vv30005Brassinosteroids_signaling,
646,VIT_00s0945g00010,9,0.0044,Unknown protein,,,,
647,VIT_12s0028g00590,9,0.0044,3-hydroxyisobutyryl-CoA hydrolase,E3_1_2_4,,vv10280Valine_leucine_and_isoleucine_degradation,vv10410Beta-alanine_metabolism
648,VIT_14s0066g01150,9,0.0044,Cinnamoyl-CoA reductase,E1_2_1_44,,vv10940Phenylpropanoid_biosynthesis,
649,VIT_02s0025g00130,9,0.0044,Hydroxyproline-rich glycoprotein,HRGP,,vv40006Cell_wall,
650,VIT_05s0102g00200,9,0.0044,Unknown protein,,,,
651,VIT_03s0063g02650,9,0.0043,Hydrolase  alpha/beta fold,,,,
652,VIT_01s0010g03620,9,0.0043,LHCA2 (Photosystem I light harvesting complex gene 2),K08908,,vv10196Photosynthesis_antenna_proteins,vv50105Transport_electron_carriers
653,VIT_12s0028g00930,9,0.0043,Glutathione S-transferase 9 GSTF9,E2_5_1_18_GSTF9,,vv10480Glutathione_metabolism,
654,VIT_18s0001g15150,9,0.0043,Unknown protein,,,,
655,VIT_12s0028g00050,9,0.0043,Beta-1 3 glucanase,E3_2_1_6,,,
656,VIT_06s0004g08290,9,0.0043,KH domain-containing protein,,,,
657,VIT_08s0040g03040,9,0.0043,Glutathione S-transferase GSTO1,E2_5_1_18_GSTO1,,vv10480Glutathione_metabolism,
658,VIT_15s0045g01190,9,0.0043,Retrotransposon protein  Unclassified,,,,
659,VIT_19s0014g01870,9,0.0043,Transcription elongation factor 1,,,,
660,VIT_09s0002g01600,9,0.0043,PHD finger protein alfin,ALFINDOM8,,vv60002Alfin-like,
661,VIT_14s0128g00100,9,0.0043,Aminotransferase class IV,E2_6_1_42,,vv10280Valine_leucine_and_isoleucine_degradation,vv10290Valine_leucine_and_isoleucine_biosynthesis
662,VIT_13s0067g00080,7,0.0034,COP1-interacting protein 7,CIP7,,vv24120Ubiquitin_mediated_proteolysis,
663,VIT_07s0151g00720,7,0.0034,Lipid transfer protein,LTP,,,
664,VIT_14s0066g02370,7,0.0034,Transcription factor E2Fe DEL1,DEL1_2,,vv44110Cell_cycle,vv60026E2F-DP
665,VIT_01s0011g00550,6,0.0029,Hydrolase  alpha/beta fold family,,,,
666,VIT_04s0008g06420,6,0.0029,No hit,,,,
667,VIT_08s0105g00200,6,0.0029,U-box domain-containing protein,,,,
668,VIT_10s0116g01850,6,0.0029,Unknown protein,,,,
669,VIT_09s0018g01660,6,0.0029,Biopterin transport-related protein BT1,BIOPTERIN,,vv50125Porters_cat_66_to_94,
670,VIT_00s0265g00010,6,0.0029,Phosphoglycerate mutase,E5_4_2_1,,vv10010Glycolysis,
671,VIT_08s0007g07630,6,0.0029,Tryptophan/tyrosine permease family,TRYTYRPERM,,vv50124Porters_cat_30_to_64,
672,VIT_02s0109g00310,6,0.0029,flavonoid 3-monooxygenase,E1_14_13_21,,vv10941Flavonoid_biosynthesis,
673,VIT_09s0002g01550,6,0.0029,Lecithine cholesterol acyltransferase,E2_3_1_43,,vv10564Glycerophospholipid_metabolism,
674,VIT_07s0151g00260,6,0.0029,Quinone-oxidoreductase  Chloroplast,K03956,,vv10190Oxidative_phosphorylation,vv50134Primary_active_transporter_cat_D1
675,VIT_14s0108g01670,6,0.0029,Ac-CoA carboxylase,E6_4_1_2,,vv10061Fatty_acid_biosynthesis,vv10620Pyruvate_metabolism
676,VIT_17s0119g00150,6,0.0029,Alpha-amylase/subtilisin inhibitor,E3_2_1_1,,vv10500Starch_and_sucrose_metabolism,
677,VIT_17s0000g08210,6,0.0029,Zinc finger (C3HC4-type ring finger),ZFC3HC4_103,,vv60078Other_zf-C3HC4,
678,VIT_18s0157g00180,6,0.0029,S-adenosylmethionine carrier 1,SAMC1,,vv50123Porters_cat_18_to_29,
679,VIT_00s0179g00320,6,0.0029,Unknown protein,,,,
680,VIT_06s0004g05230,6,0.0029,Plastid transcriptionally active18,PTAC16,,vv50133Primary_active_transporter_cat_A9_to_A18,
681,VIT_12s0028g00040,6,0.0029,Unknown protein,,,,
682,VIT_19s0090g00910,6,0.0029,Alanine racemase,E5_1_1_1,,vv10252Alanine_and_aspartate_metabolism,
683,VIT_12s0028g00980,6,0.0029,Myb family,MYBGE_17,,vv60029G2-like,
684,VIT_11s0016g03840,6,0.0029,No hit,,,,
685,VIT_05s0029g00480,6,0.0029,Eceriferum 2 (CER2),,,,
686,VIT_04s0069g00970,6,0.0029,WRKY DNA-binding protein 51,WRKY51_1,VvWRKY11,vv60066WRKY,
687,VIT_00s0762g00010,6,0.0029,S-locus lectin protein kinase family,,,,
688,VIT_06s0009g01110,6,0.0029,Cation exchanger (CAX7),K07300_CAX7,,vv50123Porters_cat_18_to_29,
689,VIT_13s0064g01120,6,0.0029,No hit,,,,
690,VIT_05s0020g02460,6,0.0029,Cobalt ion transporter,K02008,,vv52010ABC_transporters,
691,VIT_18s0086g00630,6,0.0029,Unknown,,,,
692,VIT_14s0036g00930,6,0.0029,Polyubiquitin (UBQ4),,,,
693,VIT_06s0061g00720,4,0.0019,BHLH transcriptional regulator bHLH029,BHLH029,,vv60011BHLH,
694,VIT_00s2776g00010,4,0.0019,S-locus lectin protein kinase,,,,
695,VIT_05s0077g00450,3,0.0015,Ribosomal protein S1 30S,K02945,,vv23010Ribosome,
696,VIT_06s0004g02850,3,0.0015,Aquaporin PIP2B,PIP2B,,vv50101Channels_and_pores,
697,VIT_07s0005g00260,3,0.0015,Glutathione-conjugate transporter (MRP10),MRP10,,vv52010ABC_transporters,
698,VIT_00s0207g00210,3,0.0015,Photosystem II PsbO protein,K02716,,vv10195Photosynthesis,vv50113Thylakoid_targeting_pathway
699,VIT_17s0119g00240,3,0.0015,Trypsin and protease inhibitor Kunitz family,,,,
700,VIT_17s0000g00200,3,0.0015,Ethylene-responsive transcription factor ERF114,ERF114_1,VvERF118,vv30008Ethylene_signaling,vv60003AP2_EREBP
701,VIT_05s0094g00610,3,0.0015,Pirin,,,,
702,VIT_17s0000g05550,3,0.0015,Proton-dependent oligopeptide transport (POT) family protein,POT,,vv50122Porters_cat_7_to_17,
703,VIT_06s0061g01060,3,0.0015,Magnesium transporter CorA 10,GMN10,,vv50101Channels_and_pores,
704,VIT_05s0094g00800,3,0.0015,Prp8 binding protein,K12857,,vv23040Spliceosome,vv50133Primary_active_transporter_cat_A9_to_A18
705,VIT_08s0007g00570,3,0.0015,WRKY DNA-binding protein 49,WRKY49,VvWRKY27,vv60066WRKY,
706,VIT_04s0008g04240,3,0.0015,ferredoxin,K02639,,vv10195Photosynthesis,
707,VIT_11s0016g00020,3,0.0015,Translation initiation factor eIF-5A,K03263,,,
708,VIT_13s0106g00280<br>VIT_06s0009g03120,3,0.0015,,,,,
709,VIT_10s0003g00480,3,0.0015,Isoflavone methyltransferase/ Orcinol O-methyltransferase 1 oomt1,E2_1_1_46,,vv10943Isoflavonoid_biosynthesis,
710,VIT_07s0031g02000,3,0.0015,Ribonucleotide reductase large subunit B,E1_17_4_1,,vv10230Purine_metabolism,vv10240Pyrimidine_metabolism
711,VIT_15s0048g01530,3,0.0015,Geraniol 10-hydroxylase,G10H,,vv10902Monoterpenoid_biosynthesis,
712,VIT_07s0191g00030,3,0.0015,RAB GTPase RABA4A,K07976,,,
713,VIT_05s0124g00390,3,0.0015,2-isopropylmalate synthase B,E2_3_3_13,,vv10290Valine_leucine_and_isoleucine_biosynthesis,vv10620Pyruvate_metabolism
714,VIT_19s0014g02870<br>VIT_19s0014g02860,3,0.0015,,,,,
715,VIT_01s0011g01520,3,0.0015,Peroxisomal 2 4-dienoyl-CoA reductase,E1_3_1_34,,vv10062Fatty_acid_elongation_in_mitochondria,vv44146Peroxisome
716,VIT_12s0059g01380,3,0.0015,1-aminocyclopropane-1-carboxylate oxidase 1,E1_14_17_4,,vv10640Propanoate_metabolism,vv30008Ethylene_signaling
717,VIT_06s0004g01000,3,0.0015,Dirigent protein,,,,
718,VIT_13s0019g05240,3,0.0015,NAC domain-containing protein 78,NAC078,VvNAC20,vv60046NAC,
719,VIT_17s0000g04230,3,0.0015,Translation initiation factor eIF-2B delta subunit,K03680,,vv23013RNA_transport,
720,VIT_14s0068g00800,3,0.0015,Syntaxin 7,K08488,,vv24130SNARE_interactions_in_vesicular_transport,vv44145Phagosome
721,VIT_02s0025g02170,3,0.0015,Trehalase precursor,E2_4_1_15,,vv10500Starch_and_sucrose_metabolism,
722,VIT_14s0060g00820,3,0.0015,3-beta hydroxysteroid dehydrogenase,E1_1_1_145,,vv10140C21-Steroid_hormone_metabolism,
723,VIT_11s0016g04550,3,0.0015,WD-40 repeat protein (LEUNIG),LEUNIG_4,,vv30009Flower_development,vv60041LUG
724,VIT_00s0586g00020,3,0.0015,Unknown protein,,,,
725,VIT_09s0096g00130,3,0.0015,Pirin,K06911,,,
726,VIT_03s0017g01550,3,0.0015,CRK10 (cysteine-rich RLK10),,,,
727,VIT_13s0019g04140,3,0.0015,LHCA1,K08907,,vv10196Photosynthesis_antenna_proteins,vv34710Circadian_rhythm
728,VIT_00s0531g00010,3,0.0015,HEAT repeat-containing protein,,,,
729,VIT_00s0187g00010,3,0.0015,No hit,,,,
730,VIT_12s0059g01250,3,0.0015,Endo-1 4-beta-glucanase,E3_2_1_4,,vv40006Cell_wall,
731,VIT_00s0285g00050<br>VIT_16s0013g01380<br>VIT_07s0104g00140,3,0.0014,,,,,
732,VIT_04s0008g03770,3,0.0014,Aspartate aminotransferase P1,E2_6_1_1,vv10710Carbon_fixation,vv10252Alanine_and_aspartate_metabolism,vv10272Cysteine_metabolism
733,VIT_13s0067g02630,3,0.0014,No hit,,,,
734,VIT_05s0094g00260<br>VIT_05s0094g00220,3,0.0014,,,,,
735,VIT_12s0028g01400,3,0.0014,DNA-directed RNA polymerase II subunit D,K03012,,vv23020RNA_polymerase,
736,VIT_02s0033g01310,3,0.0014,Amino acid permease,AAPREL,,vv50123Porters_cat_18_to_29,
737,VIT_10s0003g00590,3,0.0014,Ethylene-responsive transcription factor ERF091,ERF091,VvERF095,vv30008Ethylene_signaling,vv60003AP2_EREBP
738,VIT_11s0118g00040,3,0.0014,Receptor Like Protein 9,,,,
739,VIT_05s0094g01670,3,0.0014,PP1/PP2A phosphatases pleiotropic regulator PRL1,K12862,,vv23040Spliceosome,vv50109Incompletely_characterized_transport_systems
740,VIT_19s0014g00270,3,0.0014,Unknown protein,,,,
741,VIT_18s0166g00060,3,0.0014,No hit,,,,
742,VIT_11s0016g01400,3,0.0014,PSBX (photosystem II subunit X),K02722,,vv10195Photosynthesis,
743,VIT_05s0020g00400,3,0.0014,Galactosyltransferase family protein,E2_4_x_x,,,
744,VIT_14s0108g01160,3,0.0014,Latex abundant protein 1,,,,
745,VIT_03s0038g00800,3,0.0014,NADP-dependent D-sorbitol-6-phosphate dehydrogenase,E1_1_1_140,,vv10051Fructose_and_mannose_metabolism,
746,VIT_18s0122g00450,3,0.0014,Sinapyl alcohol dehydrogenase,E1_1_1_195,,vv10940Phenylpropanoid_biosynthesis,
747,VIT_14s0006g00350,3,0.0014,Glutamine synthetase cytosolic isozyme 2,E6_3_1_2,,vv10251Glutamate_metabolism,vv10550Peptidoglycan_biosynthesis
748,VIT_16s0022g00700,3,0.0014,Pectinesterase family,E3_1_1_11,,vv40006Cell_wall,
749,VIT_05s0094g00160,3,0.0014,No hit,,,,
750,VIT_06s0004g00020,3,0.0014,NAC domain containing protein 32,NAC032,VvNAC44,vv60046NAC,
751,VIT_08s0007g07450,3,0.0014,Splicing factor YT521-B,,,,
752,VIT_12s0035g00610,3,0.0014,CYP82M1v3,,,,
753,VIT_08s0007g02190,3,0.0014,LHCB4 chlorophyll A-B binding protein CP29,K08915,,vv10196Photosynthesis_antenna_proteins,vv50105Transport_electron_carriers
754,VIT_07s0005g03760,3,0.0014,Phytochelatin synthase 1 (PCS1),E2_3_2_15,,vv10251Glutamate_metabolism,
755,VIT_08s0007g05980,3,0.0014,Calmodulin binding protein,,,,
756,VIT_16s0022g02430,3,0.0014,Carboxyesterase 20 CXE20,E3_1_1_1,,,
757,VIT_08s0105g00450,3,0.0014,Transducin protein,,,,
758,VIT_19s0015g00970,3,0.0014,Unknown protein,,,,
759,VIT_14s0068g00510,3,0.0014,Unknown,,,,
