Vv_m2,2000,1000,VIT_16s0100g01060,,,,,
rank,node,Fabs,Frel,Functional-annotation,Name-EC-KeggID,Updated-name,Network1,Network2
1,VIT_16s0100g01140,2077,1,Stilbene synthase 2,E2_3_1_95,,vv10940Phenylpropanoid_biosynthesis,
2,VIT_02s0025g02930,2061,1,Caffeic acid O-3-methyltransferase,E2_1_1_68,,vv10940Phenylpropanoid_biosynthesis,
3,VIT_16s0100g01150,2052,1,Stilbene synthase [Vitis vinifera],E2_3_1_95,,vv10940Phenylpropanoid_biosynthesis,
4,VIT_16s0100g00760,2065,1,Stilbene synthase 2 [Vitis sp. cv. 'Norton'],E2_3_1_95,,vv10940Phenylpropanoid_biosynthesis,
5,VIT_10s0042g00850,2071,1,Stilbene synthase [Vitis pseudoreticulata],E2_3_1_95,,vv10940Phenylpropanoid_biosynthesis,
6,VIT_18s0001g05410,2056,0.999,No hit,,,,
7,VIT_16s0100g01100,2073,0.9976,Stilbene synthase,E2_3_1_95,,vv10940Phenylpropanoid_biosynthesis,
8,VIT_06s0004g01030,2065,0.9961,Dirigent protein,,,,
9,VIT_18s0075g00830,2051,0.9932,Laccase,E1_10_3_2,,vv11000Single_reactions,vv50109Incompletely_characterized_transport_systems
10,VIT_00s1212g00020,2060,0.9904,Laccase,E1_10_3_2,,vv11000Single_reactions,vv50109Incompletely_characterized_transport_systems
11,VIT_02s0109g00430,2024,0.9825,Nitrilase 4 (NIT4),K13035,,vv10910Nitrogen_metabolism,
12,VIT_17s0053g00750,2024,0.9792,Unknown protein,,,,
13,VIT_14s0060g02750<br>VIT_14s0128g00970<br>VIT_14s0128g00990<br>VIT_14s0128g00980<br>VIT_14s0128g01010<br>VIT_14s0128g01030<br>VIT_14s0128g01020<br>VIT_14s0128g01040,2022,0.9763,,,,,
14,VIT_01s0146g00320,2013,0.9697,No hit,,,,
15,VIT_18s0075g00810,2003,0.9695,Laccase,E1_10_3_2,,vv11000Single_reactions,vv50109Incompletely_characterized_transport_systems
16,VIT_00s0410g00040,1980,0.9584,Anthranilate N-benzoyltransferase protein 1,E2_3_1_144,,vv10400Phenylalanine_tyrosine_and_tryptophan_biosynthesis,
17,VIT_02s0025g02940,1965,0.953,Caffeic acid O-3-methyltransferase,E2_1_1_68,,vv10940Phenylpropanoid_biosynthesis,
18,VIT_16s0100g00750,1972,0.9499,Stilbene synthase,E2_3_1_95,,vv10940Phenylpropanoid_biosynthesis,
19,VIT_16s0100g01200<br>VIT_16s0100g01070,1935,0.9402,,,,,
20,VIT_06s0004g01020,1942,0.9377,Dirigent protein,,,,
21,VIT_19s0014g01110,1928,0.935,Curculin (mannose-binding) lectin,,,,
22,VIT_16s0100g01160,1908,0.924,Stilbene synthase [Vitis vinifera],E2_3_1_95,,vv10940Phenylpropanoid_biosynthesis,
23,VIT_10s0042g00840,1921,0.9236,Stilbene synthase [Vitis pseudoreticulata],E2_3_1_95,,vv10940Phenylpropanoid_biosynthesis,
24,VIT_03s0088g00750,1906,0.9146,Pathogenesis related protein 1 precursor [Vitis vinifera],PRP1,,vv30011Jasmonate_signaling,vv34626Plant-pathogen_interaction
25,VIT_13s0106g00180,1899,0.9134,Alpha-1 4-glucan-protein synthase [UDP-forming],E2_4_1_113,,vv10500Starch_and_sucrose_metabolism,
26,VIT_00s0413g00010,1856,0.9063,Laccase (diphenol oxidase) family protein,E1_10_3_2,,vv11000Single_reactions,vv50109Incompletely_characterized_transport_systems
27,VIT_16s0100g00830<br>VIT_16s0100g01120<br>VIT_16s0100g00780<br>VIT_16s0100g00910,1875,0.9054,,,,,
28,VIT_04s0044g00270,1861,0.8977,Monooxygenase (MO3),,,,
29,VIT_11s0078g00290,1847,0.8962,Cinnamate 4-hydroxylase,E1_14_13_11,,vv10360Phenylalanine_metabolism,vv10940Phenylpropanoid_biosynthesis
30,VIT_17s0053g00460,1865,0.8945,Pinoresinol-lariciresinol reductase,PLR,,vv10940Phenylpropanoid_biosynthesis,
31,VIT_03s0063g01280<br>VIT_03s0063g01160,1844,0.8921,,,,,
32,VIT_14s0108g00350,1829,0.89,3-dehydroquinate synthase,E4_2_3_4,,vv10400Phenylalanine_tyrosine_and_tryptophan_biosynthesis,
33,VIT_18s0075g00670,1823,0.8875,Laccase,E1_10_3_2,,vv11000Single_reactions,vv50109Incompletely_characterized_transport_systems
34,VIT_05s0077g01600,1818,0.8761,Pathogenesis protein 10 [Vitis vinifera],,,,
35,VIT_06s0004g01010,1796,0.8693,Dirigent protein pDIR9,,,,
36,VIT_16s0100g00860<br>VIT_16s0100g00940<br>VIT_16s0100g00800<br>VIT_16s0100g00920<br>VIT_16s0100g00930<br>VIT_16s0100g00810<br>VIT_16s0100g00840<br>VIT_16s0100g00850,1786,0.8683,,,,,
37,VIT_18s0075g00530,1802,0.8676,Laccase,E1_10_3_2,,vv11000Single_reactions,vv50109Incompletely_characterized_transport_systems
38,VIT_16s0100g01130,1798,0.8636,Stilbene synthase [Vitis vinifera],E2_3_1_95,,vv10940Phenylpropanoid_biosynthesis,
39,VIT_03s0088g01260,1782,0.8609,TIP growth defective 1,TIP1GD,,vv50108Accessory_factors_involved_in_transport,
40,VIT_03s0088g00690,1779,0.8565,Pathogenesis-related protein 1 precursor (PRP 1),PRP1,,vv30011Jasmonate_signaling,vv34626Plant-pathogen_interaction
41,VIT_10s0042g00910,1760,0.8527,Stilbene synthase [Vitis pseudoreticulata],E2_3_1_95,,vv10940Phenylpropanoid_biosynthesis,
42,VIT_06s0004g01990,1763,0.8492,No hit,,,,
43,VIT_04s0044g00230,1758,0.8485,Monooxygenase (MO2),,,,
44,VIT_16s0100g01010<br>VIT_16s0100g00950<br>VIT_16s0100g01030<br>VIT_16s0100g00990,1757,0.8463,,,,,
45,VIT_18s0075g00960,1760,0.8453,Laccase,E1_10_3_2,,vv11000Single_reactions,vv50109Incompletely_characterized_transport_systems
46,VIT_18s0001g15150,1734,0.8413,Unknown protein,,,,
47,VIT_10s0042g00930<br>VIT_10s0042g00890<br>VIT_10s0042g00870<br>VIT_10s0042g00860<br>VIT_10s0042g00920,1733,0.8372,,,,,
48,VIT_07s0005g04040,1733,0.8356,Leucine Rich Repeat receptor-like kinase,,,,
49,VIT_16s0100g00960,1718,0.83,Stilbene synthase [Vitis pseudoreticulata],E2_3_1_95,,vv10940Phenylpropanoid_biosynthesis,
50,VIT_14s0068g01250,1712,0.8291,Mitochondrial phosphate transporter,MPHOSPTR,,vv50123Porters_cat_18_to_29,
51,VIT_00s0145g00110,1718,0.8288,Pirin,K06911,,,
52,VIT_16s0100g01000,1725,0.8265,Stilbene synthase 4,E2_3_1_95,,vv10940Phenylpropanoid_biosynthesis,
53,VIT_18s0001g05280,1703,0.8227,No hit,,,,
54,VIT_19s0135g00010,1691,0.8221,Ureide permease 2 (AtUPS2),UPS2,,vv50122Porters_cat_7_to_17,
55,VIT_18s0001g10200<br>VIT_18s0001g10230,1689,0.8195,,,,,
56,VIT_16s0100g01190,1659,0.8101,Stilbene synthase [Vitis vinifera],E2_3_1_95,,vv10940Phenylpropanoid_biosynthesis,
57,VIT_11s0016g01010,1671,0.8065,Serine/threonine-protein kinase NAK,,,,
58,VIT_09s0002g05390,1643,0.7991,ABC transporter g family pleiotropic drug resistance 12 PDR12,ABCGPDR12,,vv52010ABC_transporters,
59,VIT_14s0030g02010,1630,0.7867,Auxin-induced protein PCNT115,AUXREG,,vv30003Auxin_signaling,
60,VIT_18s0001g15130,1614,0.7827,WD40 repeat protein,,,,
61,VIT_16s0100g00880,1616,0.7799,Stilbene synthase [Vitis pseudoreticulata],E2_3_1_95,,vv10940Phenylpropanoid_biosynthesis,
62,VIT_09s0002g02950,1594,0.7779,No hit,,,,
63,VIT_03s0038g00090,1600,0.7759,Epoxide hydrolase-like protein,E3_3_2_10,,,
64,VIT_14s0128g00610<br>VIT_14s0128g00640,1583,0.7692,,,,,
65,VIT_18s0086g00630,1603,0.7685,Unknown,,,,
66,VIT_16s0100g00770,1584,0.7674,Stilbene synthase,E2_3_1_95,,vv10940Phenylpropanoid_biosynthesis,
67,VIT_18s0075g00610,1583,0.767,Laccase,E1_10_3_2,,vv11000Single_reactions,vv50109Incompletely_characterized_transport_systems
68,VIT_07s0005g02050,1589,0.7662,Carboxylic ester hydrolase,E3_1_1_1,,,
69,VIT_03s0088g00700,1575,0.7638,Pathogenesis related protein 1 precursor (pr1 gene),PRP1,,vv30011Jasmonate_signaling,vv34626Plant-pathogen_interaction
70,VIT_16s0100g01040,1572,0.7583,Stilbene synthase - grape,E2_3_1_95,,vv10940Phenylpropanoid_biosynthesis,
71,VIT_18s0001g00420,1560,0.758,Laccase,E1_10_3_2,,vv11000Single_reactions,vv50109Incompletely_characterized_transport_systems
72,VIT_17s0000g03130,1565,0.7575,Unknown protein,,,,
73,VIT_09s0002g02970,1562,0.7564,Unknown,,,,
74,VIT_13s0074g00620,1558,0.7519,Kelch repeat-containing protein,,,,
75,VIT_09s0096g00130,1555,0.7487,Pirin,K06911,,,
76,VIT_10s0042g00590,1542,0.7446,Leucine-rich repeat receptor-like protein kinase 1,,,,
77,VIT_06s0004g02010,1530,0.7388,No hit,,,,
78,VIT_16s0039g01240<br>VIT_16s0039g01360<br>VIT_16s0039g01130<br>VIT_16s0039g01100<br>VIT_00s2508g00010<br>VIT_16s0039g01120<br>VIT_16s0039g01320<br>VIT_00s2849g00010<br>VIT_16s0039g01300<br>VIT_16s0039g01170<br>VIT_16s0039g01280,1520,0.7375,,,,,
79,VIT_18s0001g11270,1504,0.7266,SERine Proteinase Inhibitor Serpin P,,,,
80,VIT_13s0156g00590,1491,0.7203,S-receptor kinase,,,,
81,VIT_10s0003g04080,1472,0.7177,Unknown,,,,
82,VIT_18s0075g00630,1480,0.7139,Laccase,E1_10_3_2,,vv11000Single_reactions,vv50109Incompletely_characterized_transport_systems
83,VIT_18s0001g10240,1475,0.7132,N-hydroxycinnamoyl/benzoyltransferase 6,,,,
84,VIT_18s0001g04410,1472,0.7111,No hit,,,,
85,VIT_05s0077g01530,1453,0.7033,Pathogenesis protein 10 [Vitis vinifera],,,,
86,VIT_00s0283g00080,1461,0.7014,MtN19-like protein,,,,
87,VIT_16s0050g00410,1442,0.6973,Photoassimilate-responsive protein PAR-1a,,,,
88,VIT_16s0115g00020,1435,0.6926,BTB/POZ domain-containing protein POB1,POB1_1,,vv60093TRAF,
89,VIT_19s0015g01540,1433,0.6909,2-hydroxyacyl-CoA lyase 1,K12261,,vv44146Peroxisome,
90,VIT_07s0141g00890,1427,0.6904,CYP94A1,,,,
91,VIT_09s0002g04720,1419,0.6855,Coatomer protein complex  subunit beta 2,COPB2,,vv50110Protein_coat,
92,VIT_12s0035g00920,1408,0.6845,Unknown protein,,,,
93,VIT_16s0050g00430,1404,0.6776,Photoassimilate-responsive protein PAR-1a,,,,
94,VIT_09s0054g00580<br>VIT_09s0054g00570,1389,0.6733,,,,,
95,VIT_13s0019g01470,1362,0.6641,Geranylgeranyltransferase type I beta subunit,E2_5_1_59,,vv10100Biosynthesis_of_steroids,
96,VIT_07s0005g03340,1374,0.6612,Myb domain protein 14,MYB14_2,MYB14,vv60044MYB,
97,VIT_13s0067g02800,1350,0.6576,Cytochrome P450  family 79  subfamily B  polypeptide 2,K11812,,vv10966Glucosinolate_biosynthesis,
98,VIT_06s0004g05110,1363,0.6575,Unknown,,,,
99,VIT_15s0045g01190,1338,0.6514,Retrotransposon protein  Unclassified,,,,
100,VIT_14s0060g02760,1334,0.6466,Germin-like protein 3 [Vitis vinifera],,,,
101,VIT_07s0104g00220,1308,0.6377,Phenazine biosynthesis PhzC/PhzF,K06998,,vv10400Phenylalanine_tyrosine_and_tryptophan_biosynthesis,
102,VIT_02s0234g00080,1311,0.6376,Enoyl-CoA hydratase/isomerase,E4_2_1_17,,vv10062Fatty_acid_elongation_in_mitochondria,vv10071Fatty_acid_metabolism
103,VIT_18s0001g00920<br>VIT_18s0075g00590<br>VIT_18s0001g00850<br>VIT_18s0075g00780<br>VIT_18s0001g00790<br>VIT_18s0001g00730<br>VIT_18s0001g00310<br>VIT_18s0075g00620<br>VIT_18s0075g00540<br>VIT_18s0075g00600<br>VIT_18s0075g00580<br>VIT_00s0481g00020<br>VIT_18s0001g00930,1295,0.6262,,,,,
104,VIT_09s0054g00900,1269,0.6196,Chaperone BCS1 mitochondrial,K08900,,,
105,VIT_18s0117g00300,1271,0.6164,Coatomer protein complex  subunit beta 2,COPB2,,vv50110Protein_coat,
106,VIT_18s0117g00600,1276,0.6161,Laccase,E1_10_3_2,,vv11000Single_reactions,vv50109Incompletely_characterized_transport_systems
107,VIT_17s0000g03370,1253,0.6088,Calmodulin-binding protein,K02183,,vv34020Calcium_signaling_pathway,vv34626Plant-pathogen_interaction
108,VIT_00s0226g00100,1246,0.6046,Regulator of chromosome condensation (RCC1),RCC1,,vv50112Nuclear_pore_complex,
109,VIT_18s0086g00590,1258,0.6039,Auxin-binding protein ABP19,ABP19,,vv30003Auxin_signaling,
110,VIT_12s0028g03220,1229,0.5966,STT3B (staurosporin and temperature sensitive 3-like B),K07151,,vv10510N-Glycan_biosynthesis,vv24141Protein_processing_in_endoplasmic_reticulum
111,VIT_08s0007g08750,1226,0.5946,Heat shock transcription factor B3,HSFB3,,vv60037HSF,
112,VIT_00s0216g00050,1217,0.5891,No hit,,,,
113,VIT_05s0020g03280,1217,0.5888,Copper amine oxidase,E1_4_3_4,,vv10220Urea_cycle_and_metabolism_of_amino_groups,vv10340Histidine_metabolism
114,VIT_18s0001g13240,1207,0.5839,Thioredoxin H-type 1,,,,
115,VIT_09s0054g00910,1207,0.5822,Chaperone BCS1 mitochondrial,K08900,,,
116,VIT_18s0001g00270,1205,0.581,No hit,,,,
117,VIT_18s0001g04490,1203,0.5792,Germacrene-D synthase,E4_2_3_22,,vv10900Terpenoid_biosynthesis,
118,VIT_15s0048g01530,1194,0.5763,Geraniol 10-hydroxylase,G10H,,vv10902Monoterpenoid_biosynthesis,
119,VIT_07s0129g01010,1196,0.5758,Unknown,,,,
120,VIT_06s0009g03130,1148,0.5527,Cytochrome P450  family 79  subfamily A  polypeptide 2,K12153,,vv10966Glucosinolate_biosynthesis,
121,VIT_08s0058g00810,1133,0.5495,D-alanine--D-alanine ligase,E6_3_2_4,,vv10252Alanine_and_aspartate_metabolism,
122,VIT_00s0194g00140,1124,0.5467,Agenet domain-containing protein,,,,
123,VIT_14s0060g02710,1117,0.5401,Germin,,,,
124,VIT_05s0094g00610,1117,0.5383,Pirin,,,,
125,VIT_02s0025g04270<br>VIT_02s0025g04260<br>VIT_02s0025g04230,1115,0.5379,,,,,
126,VIT_13s0084g00850<br>VIT_13s0084g00880,1109,0.537,,,,,
127,VIT_05s0077g01550,1116,0.536,Pathogenesis protein 10.3 [Vitis quinquangularis],,,,
128,VIT_05s0020g05040,1096,0.5344,Proteinase inhibitor 1 PPI3B2,,,,
129,VIT_00s0261g00020,1100,0.5314,Unknown protein,,,,
130,VIT_13s0019g00240,1087,0.5284,Glycosyltransferase family 14 Beta-1-3-galactosyl-O-glycosyl-glycoprotein,,,,
131,VIT_13s0019g01010,1082,0.5258,ABA2 (ABA deficient 2),E1_1_1_288,,vv10906Carotenoid_biosynthesis,vv11013ABA_biosynthesis
132,VIT_00s0258g00130<br>VIT_16s0148g00370,1086,0.5239,,,,,
133,VIT_00s0270g00120,1075,0.5226,Alpha-amylase/subtilisin inhibitor,E3_2_1_1,,vv10500Starch_and_sucrose_metabolism,
134,VIT_16s0148g00290<br>VIT_16s0148g00360<br>VIT_16s0148g00100<br>VIT_00s0258g00140,1080,0.5222,,,,,
135,VIT_05s0077g01690,1053,0.5117,Pathogenesis protein 10 [Vitis vinifera],,,,
136,VIT_09s0002g05610,1049,0.508,Unknown,,,,
137,VIT_14s0128g00940,1039,0.5046,No hit,,,,
138,VIT_05s0020g03140,1039,0.5024,Sugar transporter 13,STP13,,vv50121Porters_cat_1_to_6,
139,VIT_02s0033g00790,1043,0.5019,Nitrilase 4B,E3_5_5_1,,vv10460Cyanoamino_acid_metabolism,vv10910Nitrogen_metabolism
140,VIT_01s0011g05420,1027,0.4976,Fw2.2 ORFX,,,,
141,VIT_03s0063g01180,1024,0.4964,Gibberellin 20 oxidase 2,E1_14_11_12,,vv10904Diterpenoid_biosynthesis,
142,VIT_00s1352g00010,1014,0.4963,Myb domain protein 84,MYB84_3,MYB148,vv60044MYB,
143,VIT_06s0061g01380,1019,0.4908,Pop3 peptide,,,,
144,VIT_19s0014g02950,1022,0.4885,No hit,,,,
145,VIT_18s0001g05430,1002,0.4871,(+)-delta-cadinene synthase isozyme XC14,E4_2_3_13,,vv10900Terpenoid_biosynthesis,
146,VIT_11s0037g00700,1005,0.486,Unknown protein,,,,
147,VIT_15s0021g01820,1000,0.4836,No hit,,,,
148,VIT_11s0065g00350,1002,0.4829,Trans-cinnamate 4-monooxygenase,E1_14_13_11,,vv10360Phenylalanine_metabolism,vv10940Phenylpropanoid_biosynthesis
149,VIT_17s0000g09200,997,0.4823,Unknown protein,,,,
150,VIT_11s0016g00570,991,0.4811,Dimethylaniline monooxygenase (N-oxide forming) 2,E1_14_13_8,,vv11000Single_reactions,
151,VIT_02s0033g00840,987,0.4796,Nitrilase 4B,E3_5_5_1,,vv10460Cyanoamino_acid_metabolism,vv10910Nitrogen_metabolism
152,VIT_05s0077g01570,981,0.4732,Pathogenesis protein 10 [Vitis vinifera],,,,
153,VIT_05s0049g01010,971,0.4691,Myb domain protein 14,MYB14_4,MYB13,vv60044MYB,
154,VIT_14s0083g00900,959,0.4642,Aspartate aminotransferase,E2_6_1_1,vv10710Carbon_fixation,vv10252Alanine_and_aspartate_metabolism,vv10272Cysteine_metabolism
155,VIT_05s0051g00440,956,0.4601,Transmembrane protein FT27/PFT27,PFT27,,vv50109Incompletely_characterized_transport_systems,
156,VIT_02s0109g00390,953,0.4588,N-hydroxycinnamoyl/benzoyltransferase 5,,,,
157,VIT_18s0001g01100,937,0.4529,KOW domain-containing factor family protein,KOWDOM,,,
158,VIT_11s0037g01300,929,0.4525,No hit,,,,
159,VIT_17s0000g06790,921,0.4495,flavin-containing monooxygenase,E1_14_13_8,,vv11000Single_reactions,
160,VIT_02s0033g00190,922,0.4471,DNA replication licensing factor MCM2,,,,
161,VIT_13s0019g03930,925,0.4464,No hit,,,,
162,VIT_02s0025g01560,911,0.4392,UDP-glucose 4-epimerase GEPI48,E5_1_3_2,,vv10052Galactose_metabolism,vv10520Nucleotide_sugars_metabolism
163,VIT_05s0094g01670,897,0.4344,PP1/PP2A phosphatases pleiotropic regulator PRL1,K12862,,vv23040Spliceosome,vv50109Incompletely_characterized_transport_systems
164,VIT_18s0075g00660,896,0.4329,Disease resistance protein (TIR-NBS-LRR class),,,,
165,VIT_09s0002g05470,883,0.4284,ABC transporter g family pleiotropic drug resistance 12 PDR12,ABCGPDR12,,vv52010ABC_transporters,
166,VIT_08s0007g05950,885,0.4271,Purple acid phosphatase 16 ATPAP16/PAP16,E3_1_3_2,,vv10740Riboflavin_metabolism,
167,VIT_17s0000g06390,878,0.4248,Pentatricopeptide (PPR) repeat-containing protein,,,,
168,VIT_12s0055g01240,870,0.4201,P-glycoprotein 11,PGP11,,vv52010ABC_transporters,
169,VIT_19s0014g04180,859,0.4178,Curculin (mannose-binding) lectin,,,,
170,VIT_01s0011g05540,855,0.415,Unknown protein,,,,
171,VIT_15s0048g01350,851,0.4133,Gibberellin receptor GID1L3,GID1C,,vv30010Gibberellin_signaling,
172,VIT_05s0062g00990,848,0.4097,Aldo/keto reductase AKR,E1_1_1_21,,vv10040Pentose_glucuronate_interconversion,vv10051Fructose_and_mannose_metabolism
173,VIT_07s0104g01400,851,0.4089,Glutaredoxin,,,,
174,VIT_18s0001g04280,841,0.4083,(-)-germacrene D synthase,E4_2_3_22,,vv10900Terpenoid_biosynthesis,
175,VIT_19s0027g01370,845,0.408,Glutathione transferase microsomal,E2_5_1_18,,vv10480Glutathione_metabolism,
176,VIT_01s0026g02640,834,0.4021,UbiE/COQ5 methyltransferase,K06127,,vv10130Ubiquinone_biosynthesis,
177,VIT_11s0016g02360,820,0.4016,TET2 (tetraspanin2),,,,
178,VIT_13s0019g03910,830,0.4008,Unknown,,,,
179,VIT_13s0019g03450,823,0.3995,Unknown protein,,,,
180,VIT_12s0028g02530,830,0.3994,Zinc finger (C3HC4-type ring finger),ZFC3HC4_36,,vv60078Other_zf-C3HC4,
181,VIT_18s0075g00950,824,0.396,Laccase,E1_10_3_2,,vv11000Single_reactions,vv50109Incompletely_characterized_transport_systems
182,VIT_00s0301g00090,822,0.3958,NDA2 (alternative NAD(P)H dehydrogenase 2),K03885,,vv10190Oxidative_phosphorylation,vv50134Primary_active_transporter_cat_D1
183,VIT_16s0098g01770,817,0.3945,Vesicle-associated membrane protein 72,K08511,,vv24130SNARE_interactions_in_vesicular_transport,vv50101Channels_and_pores
184,VIT_13s0073g00290,816,0.3944,Proline transporter 1 (ProT1),PROT1,,vv50123Porters_cat_18_to_29,
185,VIT_09s0002g00510,807,0.3902,Lipase GDSL 1,,,,
186,VIT_05s0077g01560,808,0.3896,Pathogenesis protein 10.3 [Vitis quinquangularis],,,,
187,VIT_05s0020g03410,803,0.3889,Aspartate aminotransferase,E2_6_1_1,vv10710Carbon_fixation,vv10252Alanine_and_aspartate_metabolism,vv10272Cysteine_metabolism
188,VIT_18s0001g05240,799,0.3869,(-)-germacrene D synthase,E4_2_3_22,,vv10900Terpenoid_biosynthesis,
189,VIT_05s0077g01660,805,0.3865,Major allergen protein homolog,,,,
190,VIT_12s0059g02080,780,0.3759,No hit,,,,
191,VIT_01s0011g05480,775,0.3753,Dynein light subunit lc6  flagellar outer arm,K10418,,vv44810Regulation_of_actin_cytoskeleton,
192,VIT_11s0016g02070,776,0.3738,Basic helix-loop-helix (bHLH) family,BHLHDOM_63,,vv60011BHLH,
193,VIT_08s0040g01710,771,0.3726,Phenylalanine ammonia-lyase,E4_3_1_5,,vv10350Tyrosine_metabolism,vv10360Phenylalanine_metabolism
194,VIT_10s0071g00230,765,0.3721,HcrVf1 protein,,,,
195,VIT_18s0086g00410,731,0.3557,Auxin-binding protein ABP19,ABP19,,vv30003Auxin_signaling,
196,VIT_05s0020g03290,737,0.354,S-receptor kinase,,,,
197,VIT_19s0015g01520,735,0.3537,No hit,,,,
198,VIT_03s0088g00720,728,0.3534,Pathogenesis-related protein 1 precursor (PRP 1),PRP1,,vv30011Jasmonate_signaling,vv34626Plant-pathogen_interaction
199,VIT_18s0117g00040,731,0.3508,No hit,,,,
200,VIT_15s0021g01130,724,0.3503,Rho GTPase; Rho GTP binding protein,E3_6_5_1,,,
201,VIT_05s0020g00400,708,0.3429,Galactosyltransferase family protein,E2_4_x_x,,,
202,VIT_02s0012g02380,711,0.3422,Geraniol 10-hydroxylase,G10H,,vv10902Monoterpenoid_biosynthesis,
203,VIT_14s0030g00470,702,0.3403,Stress regulated protein isoform 3,,,,
204,VIT_03s0063g01330,707,0.3396,Nodulin 1A  senescence-associated,,,,
205,VIT_16s0022g00610,693,0.3369,Unknown protein,,,,
206,VIT_14s0081g00640,684,0.3308,Aspartate aminotransferase,E2_6_1_1,vv10710Carbon_fixation,vv10252Alanine_and_aspartate_metabolism,vv10272Cysteine_metabolism
207,VIT_02s0033g00770,678,0.3298,Nitrilase 4B,E3_5_5_1,,vv10460Cyanoamino_acid_metabolism,vv10910Nitrogen_metabolism
208,VIT_18s0075g00650,681,0.3296,No hit,,,,
209,VIT_07s0031g01090,680,0.3295,Ascorbate oxidase,E1_10_3_3,,vv10053Ascorbate_and_aldarate_metabolism,vv50109Incompletely_characterized_transport_systems
210,VIT_19s0014g01150,682,0.3285,Curculin (mannose-binding) lectin,,,,
211,VIT_14s0128g00680,679,0.3282,Germin,,,,
212,VIT_08s0058g00690,673,0.3254,WRKY DNA-binding protein 33,WRKY33_3,VvWRKY24,vv34626Plant-pathogen_interaction,vv60066WRKY
213,VIT_05s0062g00920,666,0.3221,No hit,,,,
214,VIT_14s0108g00890,665,0.3211,Beta-1 3-galactosyltransferase,K07819,,vv10602Glycosphingolipid_biosynthesis,
215,VIT_10s0003g01220,664,0.3203,Copper-binding family protein,,,,
216,VIT_04s0044g00220,660,0.3191,Monooxygenase,,,,
217,VIT_18s0117g00290,660,0.3184,Coatomer protein complex  subunit beta 2,COPB2,,vv50110Protein_coat,
218,VIT_01s0026g01540,652,0.3145,Unknown protein,,,,
219,VIT_18s0166g00260,639,0.3088,No hit,,,,
220,VIT_12s0035g01520,636,0.3074,Disease resistance protein RPS2,,,,
221,VIT_00s0420g00030,630,0.307,S-locus lectin protein kinase,,,,
222,VIT_17s0000g10480,627,0.3028,Protein kinase beta-1 subunit 5'-AMP-activated,K07199,,vv10061Fatty_acid_biosynthesis,vv10620Pyruvate_metabolism
223,VIT_11s0016g01910,624,0.3022,THO complex subunit 6,K13175,,vv23013RNA_transport,
224,VIT_02s0236g00120,626,0.3001,Unknown,,,,
225,VIT_05s0020g02080,617,0.2982,Zinc finger (C3HC4-type ring finger),ZFC3HC4_164,,vv60078Other_zf-C3HC4,
226,VIT_11s0016g01970,618,0.2978,Calmodulin-binding region IQD6,,,,
227,VIT_18s0117g00450<br>VIT_18s0117g00480,614,0.297,,,,,
228,VIT_18s0001g00080,608,0.2953,Laccase,E1_10_3_2,,vv11000Single_reactions,vv50109Incompletely_characterized_transport_systems
229,VIT_02s0025g02770,610,0.2953,Glucan endo-1 3-beta-glucosidase 7 precursor,E3_2_1_39,,vv10500Starch_and_sucrose_metabolism,
230,VIT_17s0000g04850,611,0.295,OBF binding protein 4,OBP4,,vv60015C2C2-DOF,
231,VIT_02s0012g00730,610,0.2941,Purine permease 10 PUP10,PUP10,,vv50122Porters_cat_7_to_17,
232,VIT_05s0077g01680,606,0.2937,Mal d 1 allergen,,,,
233,VIT_18s0001g04480,601,0.2902,Germacrene-D synthase,E4_2_3_22,,vv10900Terpenoid_biosynthesis,
234,VIT_09s0002g09000,601,0.2901,No hit,,,,
235,VIT_16s0050g00400,600,0.2899,Photoassimilate-responsive protein PAR-1a,,,,
236,VIT_16s0050g02210,596,0.2888,Chitinase III [Vitis vinifera],E3_2_1_14,,vv10530Aminosugars_metabolism,
237,VIT_18s0122g00690,596,0.2883,Laccase,E1_10_3_2,,vv11000Single_reactions,vv50109Incompletely_characterized_transport_systems
238,VIT_17s0000g01650,591,0.2856,Cyclopropyl isomerase,E5_5_1_9,,vv10100Biosynthesis_of_steroids,
239,VIT_09s0054g00780,582,0.2817,Pseudouridine synthase,E4_2_1_70,,vv10240Pyrimidine_metabolism,
240,VIT_04s0069g00980,574,0.2792,WRKY DNA-binding protein 51,WRKY51_4,VvWRKY12,vv60066WRKY,
241,VIT_06s0009g02570,573,0.2759,Pectinesterase family,E3_1_1_11,,vv40006Cell_wall,
242,VIT_14s0081g00720,568,0.2743,Basic helix-loop-helix (bHLH) family,BHLHDOM_9,,vv60011BHLH,
243,VIT_12s0028g01780,570,0.2742,FAD-linked oxidoreductase 1,,,,
244,VIT_00s0960g00010,552,0.2664,Phosphosulfolactate synthase protein,E4_4_1_19,,vv10010Glycolysis,
245,VIT_07s0095g00060,549,0.265,Cystathionine gamma-synthase isoform 1,E4_4_1_8,,vv10271Methionine_metabolism,vv10272Cysteine_metabolism
246,VIT_03s0017g01550,536,0.2599,CRK10 (cysteine-rich RLK10),,,,
247,VIT_06s0004g02590,537,0.258,Carbonic anhydrase,E4_2_1_1,,vv10910Nitrogen_metabolism,vv50124Porters_cat_30_to_64
248,VIT_14s0128g00540<br>VIT_14s0128g00570<br>VIT_14s0128g00600,533,0.2576,,,,,
249,VIT_01s0011g03000,534,0.2572,No hit,,,,
250,VIT_18s0117g00550,531,0.2571,Laccase,E1_10_3_2,,vv11000Single_reactions,vv50109Incompletely_characterized_transport_systems
251,VIT_18s0072g00410,532,0.2554,Unknown protein,,,,
252,VIT_08s0007g05320,518,0.2507,Essential for mitotic growth 1,K14568,,vv23008Ribosome_biogenesis_in_Eukaryotes,
253,VIT_06s0009g02560,517,0.2494,Pectinesterase family,E3_1_1_11,,vv40006Cell_wall,
254,VIT_01s0113g00410,509,0.2481,Unknown,,,,
255,VIT_04s0043g00380,507,0.2429,Unknown protein,,,,
256,VIT_04s0008g02170,496,0.2387,DCL3 (DICER-like 3),DCL3,,,
257,VIT_01s0011g02320,488,0.2372,Unknown protein,,,,
258,VIT_02s0025g04250,486,0.2333,Osmotin,,,,
259,VIT_12s0059g01720,483,0.2332,No hit,,,,
260,VIT_18s0001g04110,472,0.2287,(-)-germacrene D synthase,E4_2_3_22,,vv10900Terpenoid_biosynthesis,
261,VIT_17s0000g02930,474,0.2277,Glutathione S-transferase 25 GSTU7,E2_5_1_18_GSTU7,,vv10480Glutathione_metabolism,
262,VIT_13s0019g01700,465,0.2244,Scarecrow transcription factor 14 (SCL14),SCL14_1,,vv60032GRAS,
263,VIT_12s0055g00110,455,0.2208,Unknown,,,,
264,VIT_00s0344g00010,455,0.2206,No hit,,,,
265,VIT_14s0030g02150,456,0.22,Calmodulin,K02183,,vv34020Calcium_signaling_pathway,vv34626Plant-pathogen_interaction
266,VIT_13s0064g01100,454,0.2195,No hit,,,,
267,VIT_05s0077g01590,454,0.2188,Major allergen Mal d 1,,,,
268,VIT_04s0008g05350,449,0.2175,Serine hydrolase [Vitis vinifera],E4_3_1_18,,vv10260Glycine_serine_and_threonine_metabolism,
269,VIT_00s0421g00020,444,0.2161,Hcr2-5B,,,,
270,VIT_12s0028g00860,442,0.213,NAC domain-containing protein 42,NAC042_5,VvNAC36,vv60046NAC,
271,VIT_19s0015g01510,438,0.2124,2-hydroxyacyl-CoA lyase 1,K12261,,vv44146Peroxisome,
272,VIT_18s0001g10180,436,0.2114,N-hydroxycinnamoyl/benzoyltransferase 3,,,,
273,VIT_01s0011g00380,435,0.211,SP1L1 (SPIRAL1-like1),,,,
274,VIT_16s0050g02230,432,0.2084,Chitinase [Vitis vinifera],E3_2_1_14,,vv10530Aminosugars_metabolism,
275,VIT_14s0068g01770,423,0.2049,WRKY DNA-binding protein 75,WRKY75_2,VvWRKY43,vv60066WRKY,
276,VIT_12s0057g01260,424,0.2037,Unknown protein,,,,
277,VIT_18s0001g13340,419,0.2036,Purple acid phosphatase 32- ATPAP32/PAP32,E3_1_3_2,,vv10740Riboflavin_metabolism,
278,VIT_16s0039g02100,421,0.2034,U4/U6 small nuclear ribonucleoprotein PRP31,K12844,,vv23040Spliceosome,
279,VIT_07s0031g01660,420,0.2033,CYP86A2,,,,
280,VIT_04s0069g01010,416,0.2017,Harpin-induced protein,,,,
281,VIT_15s0048g01440,409,0.1976,Geraniol 10-hydroxylase,G10H,,vv10902Monoterpenoid_biosynthesis,
282,VIT_04s0008g00650,408,0.1965,3'-5' exonuclease domain-containing protein,K01146,,,
283,VIT_06s0061g00100,403,0.1948,Glucan endo-1 3-beta-glucosidase  acidic isoform precursor,E3_2_1_39,,vv10500Starch_and_sucrose_metabolism,
284,VIT_03s0063g01310,399,0.1923,Oxidoreductase  2OG-Fe(II) oxygenase family,,,,
285,VIT_06s0009g02600<br>VIT_06s0009g02630,398,0.1921,,,,,
286,VIT_02s0012g02920,392,0.189,Acyl-CoA oxidase ACX3,E1_3_3_6_ACX3,,vv10071Fatty_acid_metabolism,vv10592Alpha-linolenic_acid_metabolism
287,VIT_07s0005g04320,386,0.1873,No hit,,,,
288,VIT_08s0007g05830,385,0.1862,No hit,,,,
289,VIT_04s0023g01080,384,0.1858,Lys Motif-Type Receptor-Like Kinase LYK4,,,,
290,VIT_14s0083g00080,386,0.1848,Unknown protein,,,,
291,VIT_01s0010g02450,382,0.1845,B12D,,,,
292,VIT_08s0007g03310,380,0.1839,Unknown,,,,
293,VIT_09s0002g01550,378,0.1832,Lecithine cholesterol acyltransferase,E2_3_1_43,,vv10564Glycerophospholipid_metabolism,
294,VIT_00s0480g00030,373,0.1803,Polyphenol oxidase,E1_10_3_1,,vv10350Tyrosine_metabolism,vv50109Incompletely_characterized_transport_systems
295,VIT_17s0053g01050,376,0.1802,Non-symbiotic hemoglobin class 1,C01708,,vv10860Porphyrin_and_chlorophyll_metabolism,
296,VIT_01s0011g02390,371,0.1801,Unknown,,,,
297,VIT_16s0100g01110,374,0.1801,Resveratrol synthase (RS1),E2_3_1_95,,vv10940Phenylpropanoid_biosynthesis,
298,VIT_12s0055g00340,372,0.1793,WRKY DNA-binding protein 9,WRKY9,VvWRKY39,vv60066WRKY,
299,VIT_15s0048g01080,367,0.1779,Unknown,,,,
300,VIT_07s0151g01070,364,0.176,Copalyl diphosphate synthase,E5_5_1_12,,vv10904Diterpenoid_biosynthesis,
301,VIT_18s0001g04870,363,0.1756,(-)-germacrene D synthase,E4_2_3_22,,vv10900Terpenoid_biosynthesis,
302,VIT_14s0083g00260,364,0.1753,No hit,,,,
303,VIT_08s0058g00790,360,0.1751,Secoisolariciresinol dehydrogenase,SIRD,,vv10940Phenylpropanoid_biosynthesis,
304,VIT_00s0480g00040,355,0.1733,Polyphenol oxidase II  chloroplast precursor,E1_10_3_1,,vv10350Tyrosine_metabolism,vv50109Incompletely_characterized_transport_systems
305,VIT_18s0075g00410,353,0.1714,Sucrose-phosphate synthase - like protein,E2_4_1_14,,vv10500Starch_and_sucrose_metabolism,
306,VIT_13s0019g03970,346,0.1676,Ribosomal protein P0 (RPP0A) acidic 60S,K02941,,vv23010Ribosome,
307,VIT_05s0124g00390,344,0.167,2-isopropylmalate synthase B,E2_3_3_13,,vv10290Valine_leucine_and_isoleucine_biosynthesis,vv10620Pyruvate_metabolism
308,VIT_04s0008g01040,339,0.1635,Lysine decarboxylase,E4_1_1_18,,vv10300Lysine_biosynthesis,
309,VIT_01s0011g03850,334,0.1628,Unknown protein,,,,
310,VIT_18s0157g00140,335,0.1625,Alliin lyase,E4_4_1_4,,vv10272Cysteine_metabolism,
311,VIT_02s0033g00270,332,0.1608,Pinoresinol-lariciresinol reductase,PLR,,vv10940Phenylpropanoid_biosynthesis,
312,VIT_06s0004g00610,331,0.1592,Accelerated cell death 1 ACD1,ACD1,,vv50133Primary_active_transporter_cat_A9_to_A18,
313,VIT_05s0094g00320,326,0.1585,Chitinase  class IV [Vitis vinifera],E3_2_1_14,,vv10530Aminosugars_metabolism,
314,VIT_03s0097g00370,327,0.1584,No hit,,,,
315,VIT_15s0048g00510,325,0.156,Pectinesterase family,E3_1_1_11,,vv40006Cell_wall,
316,VIT_10s0042g00700,322,0.1554,Leucine-rich repeat receptor-like protein kinase 1,,,,
317,VIT_19s0014g04080,320,0.1543,Serine/threonine-protein kinase receptor ARK3,,,,
318,VIT_03s0088g00710,319,0.1543,Pathogenesis-related protein 1 precursor (PRP 1),PRP1,,vv30011Jasmonate_signaling,vv34626Plant-pathogen_interaction
319,VIT_09s0018g00520,318,0.1539,Plastocyanin domain-containing protein,K02638,,vv10195Photosynthesis,vv50113Thylakoid_targeting_pathway
320,VIT_12s0057g00260,318,0.1534,External rotenone-insensitive NADPH dehydrogenase,K03885,,vv10190Oxidative_phosphorylation,vv50134Primary_active_transporter_cat_D1
321,VIT_08s0007g02360,312,0.1504,Harpin inducing protein 1-like 9,,,,
322,VIT_07s0005g02660,309,0.1487,ABC transporter B member 13,ABCB13,,vv52010ABC_transporters,
323,VIT_07s0104g01670,296,0.1432,HAK5 (High affinity K+ transporter 5),HAK5,,vv50125Porters_cat_66_to_94,
324,VIT_03s0063g02140,296,0.1427,RRA2 (reduced residual arabinose 2),,,,
325,VIT_12s0028g04000,293,0.1427,Ankyrin repeat,K10380,,vv50108Accessory_factors_involved_in_transport,
326,VIT_08s0040g02530,294,0.1416,No hit,,,,
327,VIT_10s0003g03800,292,0.1415,Jasmonate ZIM domain-containing protein 8,JAZ8_1,,vv30011Jasmonate_signaling,vv60069ZIM
328,VIT_01s0026g02590,292,0.1402,Calcium-binding protein CML,K13448,,vv34626Plant-pathogen_interaction,
329,VIT_14s0030g02050,285,0.1376,Auxin-induced protein PCNT115,AUXREG,,vv30003Auxin_signaling,
330,VIT_18s0122g01150,282,0.136,Diphenol oxidase,E1_10_3_1,,vv10350Tyrosine_metabolism,vv50109Incompletely_characterized_transport_systems
331,VIT_09s0002g07420,279,0.1355,No hit,,,,
332,VIT_13s0064g01110,275,0.1325,No hit,,,,
333,VIT_05s0124g00450,273,0.1325,Unknown protein,,,,
334,VIT_08s0032g00560,275,0.1323,No hit,,,,
335,VIT_07s0031g01710,273,0.1321,WRKY DNA-binding protein 51,WRKY51_3,VvWRKY22,vv60066WRKY,
336,VIT_18s0122g01310,274,0.1316,RWP-RK domain-containing protein,RWPRKDOM_2,,vv60052RWP-RK,
337,VIT_18s0001g10100,272,0.1313,Ubiquitin-conjugating enzyme E2 I,K10577,,vv23013RNA_transport,vv24120Ubiquitin_mediated_proteolysis
338,VIT_16s0148g00300,269,0.1296,Receptor serine/threonine kinase,,,,
339,VIT_12s0059g00740,260,0.1258,Germin1,,,,
340,VIT_18s0075g01050,258,0.1251,No hit,,,,
341,VIT_06s0004g07250,257,0.1244,UDP-glucoronosyl and UDP-glucosyl transferase,,,,
342,VIT_03s0017g02130,255,0.1234,Zinc finger (C2H2 type) family,C2H2FAM_19,,vv60017C2H2,
343,VIT_14s0083g00920,254,0.1222,No hit,,,,
344,VIT_12s0059g02290,252,0.1215,Unknown protein,,,,
345,VIT_16s0098g00770,249,0.1208,Auxin-amidohydrolase precursor,ILL3,,vv11002Auxin_biosynthesis,
346,VIT_04s0008g02300,247,0.1192,Pyruvate dehydrogenase E1 beta subunit,E1_2_4_1,,vv10010Glycolysis,vv10252Alanine_and_aspartate_metabolism
347,VIT_15s0021g02060,242,0.1175,Arbutin synthase,E2_4_1_218,,vv10500Starch_and_sucrose_metabolism,
348,VIT_13s0067g02940,242,0.1168,Amidohydrolase 3,,,,
349,VIT_16s0098g00560,240,0.1166,SP1L2 (SPIRAL2),SP1L2,,vv44810Regulation_of_actin_cytoskeleton,
350,VIT_09s0018g01320,239,0.1153,No hit,,,,
351,VIT_02s0012g00890,235,0.1133,Unknown protein,,,,
352,VIT_15s0046g02620,233,0.113,Beta-amylase 9 BMY9,E3_2_1_2,,vv10500Starch_and_sucrose_metabolism,
353,VIT_17s0000g01580,232,0.1126,No hit,,,,
354,VIT_08s0007g05970,233,0.1125,Purple acid phosphatase 16 ATPAP16/PAP16,E3_1_3_2,,vv10740Riboflavin_metabolism,
355,VIT_00s0743g00030,231,0.1115,S-locus lectin protein kinase,,,,
356,VIT_05s0094g00930,230,0.1111,Phosphoglucomutase/phosphomannomutase C terminal,E5_4_2_2,,vv10010Glycolysis,vv10030Pentose_phosphate
357,VIT_07s0005g04690,229,0.1106,7S globulin precursor  basic,,,,
358,VIT_05s0094g00210,227,0.1088,No hit,,,,
359,VIT_11s0037g00340,221,0.1074,Homoserine kinase (HSK),E2_7_1_39,,vv10260Glycine_serine_and_threonine_metabolism,
360,VIT_00s0194g00120,219,0.1062,Serine acetyltransferase,E2_3_1_30,,vv10272Cysteine_metabolism,vv10920Sulfur_metabolism
361,VIT_09s0002g05360<br>VIT_09s0002g05400<br>VIT_09s0002g05490<br>VIT_09s0002g05590,219,0.1057,,,,,
362,VIT_08s0032g00240,219,0.1056,CYP71A22,E1_14_13_73,,vv10902Monoterpenoid_biosynthesis,
363,VIT_00s1278g00010,214,0.1032,Brassinosteroid insensitive 1-associated receptor kinase 1,BAK1,,vv30005Brassinosteroids_signaling,
364,VIT_02s0025g00780,211,0.102,Cation/hydrogen exchanger (CHX18),CHX18,,vv50124Porters_cat_30_to_64,
365,VIT_18s0122g00450,204,0.0982,Sinapyl alcohol dehydrogenase,E1_1_1_195,,vv10940Phenylpropanoid_biosynthesis,
366,VIT_17s0000g08200,203,0.0981,Phosphoglycerate/bisphosphoglycerate mutase,E5_4_2_1,,vv10010Glycolysis,
367,VIT_06s0004g08510,199,0.0962,Unknown protein,,,,
368,VIT_13s0047g00460,193,0.0935,Essential for mitotic growth 1,K14568,,vv23008Ribosome_biogenesis_in_Eukaryotes,
369,VIT_12s0134g00130,193,0.0934,Ribosomal protein L2 60S,K02886,,vv23010Ribosome,
370,VIT_04s0044g01200,190,0.0918,Auxin-independent growth promoter,,,,
371,VIT_11s0016g05460,189,0.0912,BRI1-KD interacting protein,BRI1INT,,vv30005Brassinosteroids_signaling,
372,VIT_19s0015g00290,187,0.0902,No hit,,,,
373,VIT_18s0086g00620,186,0.0902,Unknown,,,,
374,VIT_00s0254g00040,184,0.0898,Heat shock cognate 70 kDa protein 3 (HSC70-3) (HSP70-3),HSC703,,vv23040Spliceosome,vv24141Protein_processing_in_endoplasmic_reticulum
375,VIT_07s0005g02850,184,0.0888,No hit,,,,
376,VIT_13s0067g01730,182,0.0878,Steroid 5alpha-reductase,K09591,,vv10905Brassinosteroid_biosynthesis,
377,VIT_17s0000g03560,180,0.0874,(myb domain protein 62,MYB62_1,MYB164,vv60044MYB,
378,VIT_13s0074g00260,180,0.087,IK cytokine,K13109,,,
379,VIT_10s0003g00120,180,0.0869,Leucine-rich repeat family protein,,,,
380,VIT_19s0014g01370,173,0.0838,Curculin (mannose-binding) lectin,,,,
381,VIT_05s0020g01140,173,0.0835,Ribosomal protein L18,K02881,,vv23010Ribosome,
382,VIT_09s0054g00960,171,0.0831,No hit,,,,
383,VIT_10s0003g05250,173,0.083,Germin-like protein,,,,
384,VIT_02s0033g01380,172,0.0827,Alternative oxidase 1D,AOX1D,,vv30001ABA_signaling,
385,VIT_02s0033g01320,169,0.0818,Amino acid permease,AAPREL,,vv50123Porters_cat_18_to_29,
386,VIT_16s0039g00990,169,0.0817,Glutathione S-transferase 8 GSTU8,E2_5_1_18_GSTU8,,vv10480Glutathione_metabolism,
387,VIT_13s0064g01320,168,0.0816,CYP712A1,,,,
388,VIT_17s0000g05360,169,0.0809,Germin,,,,
389,VIT_14s0006g01410,166,0.0802,fructokinase-2,E2_7_1_4,,vv10051Fructose_and_mannose_metabolism,vv10500Starch_and_sucrose_metabolism
390,VIT_10s0003g04910,165,0.0801,Sinapyl alcohol dehydrogenase,E1_1_1_195,,vv10940Phenylpropanoid_biosynthesis,
391,VIT_14s0128g00520,164,0.0794,Alpha-L-fucosidase 2 precursor,E3_2_1_51,,vv10511N-Glycan_degradation,
392,VIT_00s0207g00260,163,0.079,No hit,,,,
393,VIT_19s0014g00560,162,0.0786,Exostosin,K02366,,vv11030Glycan_structures-biosynthesis1,
394,VIT_05s0020g01420,162,0.0782,FPF1 (flowering promoting factor 1),FPF1,,vv30009Flower_development,
395,VIT_00s0743g00020,157,0.0764,S-locus lectin protein kinase,,,,
396,VIT_00s0254g00010,157,0.076,Unknown,,,,
397,VIT_19s0014g05110,157,0.0757,Unknown,,,,
398,VIT_11s0016g03080,155,0.0747,Clavata1 receptor kinase (CLV1),,,,
399,VIT_13s0019g04060,153,0.0743,MLO1,K08472,,,
400,VIT_07s0005g05930<br>VIT_07s0005g05910<br>VIT_07s0005g05920,153,0.0738,,,,,
401,VIT_18s0001g05000<br>VIT_18s0001g04780<br>VIT_18s0001g04120,152,0.0731,,,,,
402,VIT_01s0137g00090,150,0.0729,Aldehyde dehydrogenase (NAD+),E1_2_1_3,vv10561Glycerolipid_metabolism,vv10010Glycolysis,vv10071Fatty_acid_metabolism
403,VIT_06s0004g01000,151,0.0729,Dirigent protein,,,,
404,VIT_10s0003g00590,151,0.0727,Ethylene-responsive transcription factor ERF091,ERF091,VvERF095,vv30008Ethylene_signaling,vv60003AP2_EREBP
405,VIT_03s0017g01990,146,0.0706,UDP-glucose glucosyltransferase,E2_4_1_35,,vv10500Starch_and_sucrose_metabolism,
406,VIT_03s0091g00150,146,0.0704,NtPRp27 secretory protein,,,,
407,VIT_17s0119g00240,144,0.0698,Trypsin and protease inhibitor Kunitz family,,,,
408,VIT_02s0012g01210,142,0.0685,Acetylornithine deacetylase,E3_5_1_16,,vv10220Urea_cycle_and_metabolism_of_amino_groups,
409,VIT_18s0117g00050,140,0.0678,R protein L6,K13477,,vv34627R_proteins_from_Plant-pathogen_interaction,
410,VIT_10s0071g00170,141,0.0678,Phosphatidylinositol 3- and 4-kinase / ubiquitin,,,,
411,VIT_07s0129g00760,139,0.0673,CYP81E1 Isoflavone 2'-hydroxylase,E1_14_13_89,,vv10943Isoflavonoid_biosynthesis,
412,VIT_19s0027g00380,139,0.0672,Amine oxidase,E1_4_3_4,,vv10220Urea_cycle_and_metabolism_of_amino_groups,vv10340Histidine_metabolism
413,VIT_05s0102g00200,139,0.067,Unknown protein,,,,
414,VIT_15s0048g01470,137,0.0668,Geraniol 10-hydroxylase,G10H,,vv10902Monoterpenoid_biosynthesis,
415,VIT_02s0033g00660<br>VIT_02s0033g00850<br>VIT_02s0033g00870<br>VIT_02s0033g00800,137,0.0665,,,,,
416,VIT_14s0030g01970,137,0.0663,Auxin-induced protein PCNT115,AUXREG,,vv30003Auxin_signaling,
417,VIT_19s0085g00020,138,0.0661,Nucleolar complex protein 3 homolog (Protein NOC3 homolog),,,,
418,VIT_16s0100g00050,135,0.0651,Protein kinase,,,,
419,VIT_14s0036g01060,133,0.0647,Unknown protein,,,,
420,VIT_14s0108g01490,133,0.0641,Pentatricopeptide (PPR) repeat-containing protein,,,,
421,VIT_00s0183g00040,132,0.0637,Importin alpha,IMPALPHA,,vv50109Incompletely_characterized_transport_systems,vv50112Nuclear_pore_complex
422,VIT_00s0218g00050,132,0.0637,Kinesin motor protein,KMOTOR,,vv44810Regulation_of_actin_cytoskeleton,
423,VIT_08s0007g01300,129,0.0625,Glyoxal oxidase,,,,
424,VIT_19s0015g02420,126,0.0608,Serine/threonine-protein kinase receptor ARK3,,,,
425,VIT_06s0061g01210,125,0.0603,Lysine histidine transporter 1,LHT1,,vv50123Porters_cat_18_to_29,
426,VIT_13s0106g00780,122,0.0594,Hydrolase  alpha/beta fold,,,,
427,VIT_10s0116g01200,121,0.059,WRKY DNA-binding protein 6,WRKY6_1,VvWRKY29,vv60066WRKY,
428,VIT_03s0038g02960,121,0.0589,Pentatricopeptide (PPR) repeat-containing protein,,,,
429,VIT_16s0039g00350,121,0.0586,Unknown protein,,,,
430,VIT_04s0008g04790,120,0.0584,ABC transporter g family pleiotropic drug resistance 12 PDR12,ABCGPDR12,,vv52010ABC_transporters,
431,VIT_11s0052g00610,121,0.0582,Homogenitisate geranylgeranyl transferase,K09833,,vv10100Biosynthesis_of_steroids,
432,VIT_04s0008g03180,117,0.0569,Unknown protein,,,,
433,VIT_07s0191g00030,117,0.0566,RAB GTPase RABA4A,K07976,,,
434,VIT_17s0000g03270,114,0.0554,CYP77A5P,,,,
435,VIT_12s0028g00050,115,0.0552,Beta-1 3 glucanase,E3_2_1_6,,,
436,VIT_03s0063g02650,114,0.0551,Hydrolase  alpha/beta fold,,,,
437,VIT_04s0008g01950,110,0.0536,YGGT,K02221,,vv50109Incompletely_characterized_transport_systems,
438,VIT_09s0002g06890,110,0.0532,Dicyanin blue copper protein,,,,
439,VIT_10s0003g05430,110,0.053,Reticuline oxidase precursor,E1_21_3_3,,vv10950Alkaloid_biosynthesis_I,
440,VIT_12s0035g01510<br>VIT_00s0174g00240,109,0.0527,,,,,
441,VIT_06s0004g01580,107,0.0515,Lipoxygenase,E1_13_11_12,,vv10592alpha-Linolenic_acid_metabolism,
442,VIT_14s0060g00250,105,0.0508,Unknown,,,,
443,VIT_18s0001g00970,103,0.0497,No hit,,,,
444,VIT_09s0018g00190,102,0.049,Glycerol kinase,E2_7_1_30,,vv10561Glycerolipid_metabolism,
445,VIT_05s0049g01200,101,0.049,S-locus lectin protein kinase,,,,
446,VIT_05s0094g00260<br>VIT_05s0094g00220,101,0.0489,,,,,
447,VIT_13s0073g00680,100,0.048,Endonuclease/exonuclease/phosphatase family protein,E3_1_30_x,,,
448,VIT_12s0057g01090,99,0.0478,Nudix hydrolase 2,,,,
449,VIT_14s0108g01670,98,0.0474,Ac-CoA carboxylase,E6_4_1_2,,vv10061Fatty_acid_biosynthesis,vv10620Pyruvate_metabolism
450,VIT_11s0052g00340,96,0.0463,Protein kinase Xa21,,,,
451,VIT_17s0000g00640,95,0.0461,No hit,,,,
452,VIT_03s0097g00230,95,0.0459,No hit,,,,
453,VIT_13s0067g01770,94,0.0454,Steroid 5alpha-reductase,K09591,,vv10905Brassinosteroid_biosynthesis,
454,VIT_03s0091g00140,89,0.043,Plant basic secretory protein (BSP) family,,,,
455,VIT_02s0025g02450,89,0.043,Unknown protein,,,,
456,VIT_06s0004g00020,87,0.0422,NAC domain containing protein 32,NAC032,VvNAC44,vv60046NAC,
457,VIT_08s0007g05650,88,0.042,Unknown protein,,,,
458,VIT_11s0037g00710,87,0.0418,Trehalose-phosphate phosphatase,E3_1_3_12,,vv10500Starch_and_sucrose_metabolism,
459,VIT_08s0007g05760,84,0.0406,No hit,,,,
460,VIT_16s0050g02060,84,0.0405,Receptor kinase homolog LRK10,,,,
461,VIT_15s0021g00330,83,0.0404,Proton-dependent oligopeptide transport (POT) family protein,POT,,vv50122Porters_cat_7_to_17,
462,VIT_08s0007g05330,82,0.0396,EDA7 (embryo sac development arrest 7),,,,
463,VIT_02s0033g00700,81,0.0392,Nitrilase,E3_5_5_1,,vv10460Cyanoamino_acid_metabolism,vv10910Nitrogen_metabolism
464,VIT_12s0028g02110,81,0.039,Unknown protein,,,,
465,VIT_14s0128g00690,79,0.0383,Germin protein 3,,,,
466,VIT_03s0091g00380,77,0.0375,Thioredoxin domain-containing protein 9,,,,
467,VIT_08s0007g04860,76,0.0368,Nodulin family protein,,,,
468,VIT_12s0035g00580,75,0.0364,No hit,,,,
469,VIT_17s0000g05350,75,0.0363,5-formyltetrahydrofolate cycloligase,E6_3_3_2,,vv10670One_carbon_pool_by_folate,
470,VIT_10s0003g01180,74,0.0358,Ketol-acid reductoisomerase,E1_1_1_86,,vv10290Valine_leucine_and_isoleucine_biosynthesis,vv10770Pantothenate_and_CoA_biosynthesis
471,VIT_17s0000g02920,73,0.0356,Glutathione S-transferase 25 GSTU7,E2_5_1_18_GSTU7,,vv10480Glutathione_metabolism,
472,VIT_05s0102g01070,71,0.0344,No hit,,,,
473,VIT_16s0013g00050,71,0.0344,Unknown,,,,
474,VIT_18s0001g05760,71,0.0343,No hit,,,,
475,VIT_03s0091g00130,71,0.0342,Prp27,,,,
476,VIT_07s0095g00190,69,0.0335,No hit,,,,
477,VIT_14s0081g00190,68,0.0331,No hit,,,,
478,VIT_02s0025g02920,67,0.0324,Quercetin 3-O-methyltransferase 1,E2_1_1_76,,vv10941Flavonoid_biosynthesis,
479,VIT_01s0011g05440,66,0.032,Unknown protein,,,,
480,VIT_06s0009g01670,65,0.0314,forkhead-associated domain-containing protein,FHADOM_1,,vv60028FHA,
481,VIT_04s0044g00120,62,0.0301,Kinase,,,,
482,VIT_18s0001g01850,62,0.03,Amino acid permease,AAPREL,,vv50123Porters_cat_18_to_29,
483,VIT_15s0024g01810,62,0.03,No hit,,,,
484,VIT_03s0017g01940,61,0.0296,Unknown,,,,
485,VIT_16s0039g01600,61,0.0295,11-beta-hydroxysteroid dehydrogenase,E1_1_1_146,,vv10140C21-Steroid_hormone_metabolism,
486,VIT_05s0077g01150,60,0.029,Beta-1 3-glucanase,E3_2_1_6,,,
487,VIT_13s0067g01450,60,0.0289,Lateral organ boundaries domain 21,LBD21,,vv60007AS2,
488,VIT_04s0023g02850,58,0.0281,NC domain-containing protein,,,,
489,VIT_00s0299g00070,57,0.0276,Unknown protein,,,,
490,VIT_07s0031g01380,57,0.0276,ferulate 5-hydroxylase,K09755,,vv10940Phenylpropanoid_biosynthesis,
491,VIT_16s0013g01460,56,0.0272,No hit,,,,
492,VIT_15s0021g01630,55,0.0268,Ethylene responsive element binding factor 2,ERF2_1,,vv30008Ethylene_signaling,vv60003AP2_EREBP
493,VIT_07s0031g03170,55,0.0267,1-acyl-sn-glycerol-3-phosphate acyltransferase,E2_3_1_51,,vv10561Glycerolipid_metabolism,vv10564Glycerophospholipid_metabolism
494,VIT_18s0122g00540,54,0.0262,No hit,,,,
495,VIT_00s0207g00110,54,0.026,Antigen receptor,,,,
496,VIT_14s0030g01610,53,0.0258,Cytidine/deoxycytidylate deaminase,E3_5_4_5,,vv10240Pyrimidine_metabolism,
497,VIT_10s0116g00930,52,0.025,Root hair defective 3 GTP-binding (RHD3),,,,
498,VIT_00s0252g00080,51,0.0246,Ribosomal protein S4,K02986,,vv23010Ribosome,
499,VIT_01s0137g00080,51,0.0246,Aldehyde dehydrogenase (NAD+),E1_2_1_3,vv10561Glycerolipid_metabolism,vv10010Glycolysis,vv10071Fatty_acid_metabolism
500,VIT_01s0011g01350,51,0.0245,No hit,,,,
501,VIT_15s0048g02070,49,0.0237,BON2-associated protein (BAP2),,,,
502,VIT_13s0019g01810,49,0.0236,Scarecrow transcription factor 14 (SCL14),SCL14_3,,vv60032GRAS,
503,VIT_14s0036g00480,48,0.0233,Tyrosyl-tRNA synthetase,E6_1_1_1,,vv10400Phenylalanine_tyrosine_and_tryptophan_biosynthesis,vv20970Aminoacyl-tRNA_biosynthesis
504,VIT_04s0008g00200,47,0.0228,Tryptophan-tRNA ligase,E6_1_1_2,,vv10400Phenylalanine_tyrosine_and_tryptophan_biosynthesis,vv20970Aminoacyl-tRNA_biosynthesis
505,VIT_18s0086g00690,47,0.0227,Exostosin,K02366,,vv11030Glycan_structures-biosynthesis1,
506,VIT_02s0025g04290,46,0.0223,Thaumatin,,,,
507,VIT_18s0001g04530,46,0.0222,(-)-germacrene D synthase,E4_2_3_22,,vv10900Terpenoid_biosynthesis,
508,VIT_16s0013g01390<br>VIT_16s0013g01350,46,0.0221,,,,,
509,VIT_05s0077g01130,46,0.0221,Seed maturation protein PM36,,,,
510,VIT_01s0010g01090,45,0.0219,Peroxidase ATP23a,E1_11_1_7,,vv10360Phenylalanine_metabolism,vv10680Methane_metabolism
511,VIT_00s0233g00190,45,0.0219,Unknown protein,,,,
512,VIT_04s0069g00970,45,0.0218,WRKY DNA-binding protein 51,WRKY51_1,VvWRKY11,vv60066WRKY,
513,VIT_07s0031g01120,44,0.0214,Ascorbate oxidase,E1_10_3_3,,vv10053Ascorbate_and_aldarate_metabolism,vv50109Incompletely_characterized_transport_systems
514,VIT_14s0006g03030,44,0.0213,Glyceraldehyde-3-phosphate dehydrogenase GAPC1 cytosolic,E1_2_1_12,,vv10010Glycolysis,
515,VIT_12s0057g00420,43,0.0208,Auxin-responsive protein AIR12,AIR12,,vv30003Auxin_signaling,
516,VIT_11s0016g04940,42,0.0202,Zinc finger (CCCH-type) family protein,CCCHFAM_12,,vv60018C3H,
517,VIT_11s0016g05540,41,0.02,Dicyanin,,,,
518,VIT_12s0059g00230,41,0.0198,Epoxide hydrolase 2,E3_3_2_10,,,
519,VIT_11s0037g01410,40,0.0195,XBAT32 (XB3 ortholog 2 in Arabidopsis thaliana 32),XBAT32,,vv50108Accessory_factors_involved_in_transport,
520,VIT_18s0001g00400,40,0.0192,Laccase,E1_10_3_2,,vv11000Single_reactions,vv50109Incompletely_characterized_transport_systems
521,VIT_01s0026g00590,39,0.0189,GCN5 N-acetyltransferase (GNAT),GCN5_11,,vv60082GNAT,
522,VIT_10s0003g02190,39,0.0189,Nodulin MtN3 family,,,,
523,VIT_00s0194g00060,39,0.0188,No hit,,,,
524,VIT_09s0070g00210,39,0.0188,Metal transporter Nramp1,NRAMP1,,vv50124Porters_cat_30_to_64,
525,VIT_14s0006g00350,38,0.0184,Glutamine synthetase cytosolic isozyme 2,E6_3_1_2,,vv10251Glutamate_metabolism,vv10550Peptidoglycan_biosynthesis
526,VIT_17s0000g00940,38,0.0183,F-box protein,,,,
527,VIT_00s0841g00020,37,0.0179,No hit,,,,
528,VIT_00s0262g00150,37,0.0179,Glycine-rich protein,,,,
529,VIT_02s0488g00020,37,0.0179,Palmitoyl-protein thioesterase 1 precursor,E3_1_2_22,,vv10062Fatty_acid_elongation_in_mitochondria,
530,VIT_12s0034g01980,37,0.0178,Globulin-like protein,,,,
531,VIT_15s0045g00640,36,0.0175,R protein  PRF  disease resistance protein,K13453,,vv34627R_proteins_from_Plant-pathogen_interaction,
532,VIT_02s0025g03300,35,0.017,Potassium channel tetramerisation domain-containing protein,KCTREL,,vv50101Channels_and_pores,
533,VIT_13s0067g01700,35,0.017,Steroid 5alpha-reductase,K09591,,vv10905Brassinosteroid_biosynthesis,
534,VIT_00s0762g00010,35,0.0169,S-locus lectin protein kinase family,,,,
535,VIT_14s0083g00460,35,0.0169,Tryptophan synthase beta chain 2,E4_2_1_20,,vv10400Phenylalanine_tyrosine_and_tryptophan_biosynthesis,
536,VIT_09s0002g05540,34,0.0165,ABC transporter g family pleiotropic drug resistance 12 PDR12,ABCGPDR12,,vv52010ABC_transporters,
537,VIT_07s0005g04050,34,0.0164,Leucine Rich Repeat receptor-like kinase,,,,
538,VIT_18s0086g00580,34,0.0164,DnaJ homolog  subfamily B  member 12,K09518,,vv50132Primary_active_transporter_cat_A5_to_A8,
539,VIT_07s0031g02720,34,0.0163,Myosin heavy chain,K10352,,vv44810Regulation_of_actin_cytoskeleton,
540,VIT_08s0032g00780,33,0.016,Calcium-dependent protein kinase 20 CPK20,CPK20,,vv34626Plant-pathogen_interaction,
541,VIT_15s0046g01380,33,0.0159,Unknown,,,,
542,VIT_03s0038g00130,33,0.0159,No hit,,,,
543,VIT_15s0048g00620,32,0.0156,No hit,,,,
544,VIT_14s0060g00110,32,0.0156,Glutamyl-tRNA synthetase  cytoplasmic,E6_1_1_17,,vv10860Porphyrin_and_chlorophyll_metabolism,vv20970Aminoacyl-tRNA_biosynthesis
545,VIT_19s0014g02340,32,0.0155,Protein phosphatase 2C,E3_1_3_16,,,
546,VIT_03s0038g00920,32,0.0155,Carbohydrate kinase  PfkB,E2_7_1_15,,vv10030Pentose_phosphate,
547,VIT_14s0036g01090,32,0.0154,Unknown protein,,,,
548,VIT_16s0098g01830,31,0.0152,Transcription factor jumonji (jmjC) domain-containing protein,JMJD1B_3,,vv60038Jumonji,
549,VIT_05s0020g04380,31,0.015,Calcium-transporting ATPase 13 ACA13,K01537,,vv34020Calcium_signaling_pathway,vv50131Primary_active_transporter_cat_A2_to_A4
550,VIT_03s0088g00780,31,0.015,Pathogenesis-related protein 1 precursor (PRP 1),PRP1,,vv30011Jasmonate_signaling,vv34626Plant-pathogen_interaction
551,VIT_14s0060g00460,31,0.015,Receptor-like protein kinase,,,,
552,VIT_06s0004g01540,31,0.0149,Oxidoreductase,,,,
553,VIT_19s0090g01870,30,0.0146,Multidrug resistance-associated protein 3,MRP3,,vv52010ABC_transporters,
554,VIT_07s0005g04580,30,0.0146,Xyloglucanase inhibitor,,,,
555,VIT_07s0005g05780,30,0.0144,Pantoate--beta-alanine ligase,E6_3_2_1,,vv10410Beta-alanine_metabolism,vv10770Pantothenate_and_CoA_biosynthesis
556,VIT_12s0035g01000,29,0.0141,Serine protease inhibitor  serine-type,,,,
557,VIT_13s0074g00800,29,0.0141,CCHC-type integrase,,,,
558,VIT_01s0026g02070,29,0.014,Peptidyl-prolyl cis-trans isomerase cyclophilin-type,K01802,,,
559,VIT_07s0031g01010<br>VIT_07s0031g01040<br>VIT_07s0031g01050,29,0.0138,,,,,
560,VIT_17s0000g02220,28,0.0135,No hit,,,,
561,VIT_05s0049g00130,27,0.0131,forkhead-associated domain-containing protein,FHADOM_13,,vv60028FHA,
562,VIT_02s0025g00930,27,0.0131,Multidrug resistance-associated protein 14,MRP14,,vv52010ABC_transporters,
563,VIT_04s0043g00940,27,0.0131,MONOPTEROS,MONOPTEROS_1,,vv30003Auxin_signaling,vv60004ARF
564,VIT_19s0093g00390,27,0.0131,Glutathione S-transferase 25 GSTU25,E2_5_1_18_GSTU25,,vv10480Glutathione_metabolism,
565,VIT_12s0034g00260,27,0.013,Unknown,,,,
566,VIT_14s0068g01000,27,0.013,Unknown protein,,,,
567,VIT_03s0063g01820,27,0.013,AOS (allene oxide synthase),E4_2_1_92,,vv10592alpha-Linolenic_acid_metabolism,
568,VIT_04s0008g04240,26,0.0125,ferredoxin,K02639,,vv10195Photosynthesis,
569,VIT_12s0059g01120,26,0.0125,CAF protein,,,,
570,VIT_01s0026g00210,25,0.0121,Aldehyde dehydrogenase (NAD+),E1_2_1_3,vv10561Glycerolipid_metabolism,vv10010Glycolysis,vv10071Fatty_acid_metabolism
571,VIT_18s0075g01090,25,0.012,Laccase,E1_10_3_2,,vv11000Single_reactions,vv50109Incompletely_characterized_transport_systems
572,VIT_00s0960g00040<br>VIT_00s1356g00020,25,0.012,,,,,
573,VIT_12s0057g01110,24,0.0116,Nudix hydrolase 2,,,,
574,VIT_18s0001g03190,24,0.0116,Glutaredoxin 2,,,,
575,VIT_18s0001g00880,24,0.0116,No hit,,,,
576,VIT_07s0031g02520,24,0.0115,Unknown protein,,,,
577,VIT_04s0023g01780,23,0.0112,Phytoene dehydrogenase,K10027,,vv10906Carotenoid_biosynthesis,
578,VIT_11s0016g02660<br>VIT_05s0029g01030,23,0.0111,,,,,
579,VIT_01s0113g00400,22,0.0106,No hit,,,,
580,VIT_00s0316g00060,22,0.0106,HcrVf1 protein,,,,
581,VIT_02s0025g01170,21,0.0102,COP1-interactive protein 1 / CIP1,CIP1,,vv24120Ubiquitin_mediated_proteolysis,
582,VIT_18s0041g02020,21,0.0102,12-oxophytodienoate reductase 2,E1_3_1_42,,vv10592alpha-Linolenic_acid_metabolism,
583,VIT_14s0068g00080,21,0.0102,Non-symbiotic hemoglobin class 1,C01708,,vv10860Porphyrin_and_chlorophyll_metabolism,
584,VIT_18s0001g12500,20,0.0097,Unknown protein,,,,
585,VIT_01s0026g02200,20,0.0097,TCP family transcription factor TCP15,TCP15,,vv60061TCP,
586,VIT_10s0003g01940,19,0.0093,RKF1 (receptor-like kinase in flowers 1),,,,
587,VIT_00s0194g00020,19,0.0092,DNA-directed RNA polymerase II subunit D,K03012,,vv23020RNA_polymerase,
588,VIT_12s0059g01380,19,0.0092,1-aminocyclopropane-1-carboxylate oxidase 1,E1_14_17_4,,vv10640Propanoate_metabolism,vv30008Ethylene_signaling
589,VIT_09s0018g00950,19,0.0091,Laccase,E1_10_3_2,,vv11000Single_reactions,vv50109Incompletely_characterized_transport_systems
590,VIT_17s0000g00650,18,0.0088,No hit,,,,
591,VIT_13s0067g00620,18,0.0087,Cinnamyl alcohol dehydrogenase,E1_1_1_195,,vv10940Phenylpropanoid_biosynthesis,
592,VIT_13s0064g00670,18,0.0087,No hit,,,,
593,VIT_01s0026g00820,18,0.0087,IAA-amino acid hydrolase 1 (ILR1),K01463,,vv11002Auxin_biosynthesis,
594,VIT_14s0108g00930,18,0.0087,Unknown protein,,,,
595,VIT_00s0125g00090,18,0.0087,Leucine-rich repeat protein kinase,,,,
596,VIT_14s0066g02370,18,0.0087,Transcription factor E2Fe DEL1,DEL1_2,,vv44110Cell_cycle,vv60026E2F-DP
597,VIT_07s0005g04890,17,0.0082,Glutathione S-transferase 25 GSTU7,E2_5_1_18_GSTU7,,vv10480Glutathione_metabolism,
598,VIT_01s0026g01220,17,0.0082,No hit,,,,
599,VIT_18s0117g00080,16,0.0078,R protein L6,K13477,,vv34627R_proteins_from_Plant-pathogen_interaction,
600,VIT_09s0002g05430,16,0.0077,ABC transporter g family pleiotropic drug resistance 12 PDR12,ABCGPDR12,,vv52010ABC_transporters,
601,VIT_14s0068g02210,15,0.0073,HcrVf1 protein,,,,
602,VIT_18s0117g00070,15,0.0073,R protein L6,K13477,,vv34627R_proteins_from_Plant-pathogen_interaction,
603,VIT_08s0007g07280,15,0.0073,Superoxide dismutase [Cu-Zn] 2,K04565,,vv44146Peroxisome,
604,VIT_11s0016g05000,15,0.0073,Dynein light chain LC8-type,K10418,,vv44810Regulation_of_actin_cytoskeleton,
605,VIT_11s0016g01060,15,0.0073,Avr9/Cf-9 induced kinase 1,,,,
606,VIT_17s0000g06220,15,0.0073,Exostosin,K02366,,vv11030Glycan_structures-biosynthesis1,
607,VIT_13s0064g01430,15,0.0073,Pigment defective 322,CP33,,,
608,VIT_00s0516g00030,15,0.0072,Dehydrogenase/reductase SDR family member 4,K11147,,vv44146Peroxisome,
609,VIT_14s0108g01180,15,0.0072,Unknown protein,,,,
610,VIT_04s0008g05700,15,0.0072,ACT domain-containing protein,,,,
611,VIT_00s0394g00040,14,0.0068,Alliinase EGF,E4_4_1_4,,vv10272Cysteine_metabolism,
612,VIT_07s0104g01660,14,0.0067,HAK5 (High affinity K+ transporter 5),HAK5,,vv50125Porters_cat_66_to_94,
613,VIT_19s0027g00860,14,0.0067,NAC domain-containing protein 42,NAC042_2,VvNAC31,vv60046NAC,
614,VIT_07s0031g00460,13,0.0063,Nicotinate phosphoribosyltransferase,E2_4_2_11,,vv10760Nicotinate_and_nicotinamide_metabolism,
615,VIT_00s0275g00030,13,0.0063,Ycf1,,,,
616,VIT_12s0057g00570,13,0.0063,Zinc finger (CCCH-type) family protein,CCCHFAM_30,,vv60018C3H,
617,VIT_05s0094g00430,13,0.0063,5'-3' exonuclease,E3_1_11_1,,,
618,VIT_02s0012g02340,13,0.0063,CYP76C4,,,,
619,VIT_06s0061g00120,13,0.0063,Beta-1 3-glucanase [Vitis riparia],E3_2_1_6,,,
620,VIT_09s0002g05570,13,0.0063,ABC transporter g family pleiotropic drug resistance 12 PDR12,ABCGPDR12,,vv52010ABC_transporters,
621,VIT_05s0020g03220,13,0.0063,S-receptor kinase,,,,
622,VIT_14s0006g02870,13,0.0063,Unknown,,,,
623,VIT_07s0005g03220,13,0.0062,Ethylene-responsive transcription factor ERF098,ERF098_1,VvERF098,vv30008Ethylene_signaling,vv60003AP2_EREBP
624,VIT_03s0038g03400,12,0.0058,Endochitinase 1  basic,E3_2_1_14,,vv10530Aminosugars_metabolism,
625,VIT_17s0000g02150,12,0.0058,Ribosomal protein L19,K02884,,vv23010Ribosome,
626,VIT_14s0066g00760,12,0.0058,Disease resistance protein (NBS-LRR class),,,,
627,VIT_12s0034g01950<br>VIT_12s0034g01870<br>VIT_12s0034g01920<br>VIT_12s0034g01930<br>VIT_12s0034g01890<br>VIT_12s0034g01910,12,0.0058,,,,,
628,VIT_08s0058g00280,12,0.0058,Lectin protein kinase,,,,
629,VIT_18s0001g11650,12,0.0058,Pentatricopeptide repeat,,,,
630,VIT_00s0220g00050,12,0.0058,Unknown,,,,
631,VIT_13s0019g05360,12,0.0058,KH domain-containing protein NOVA,,,,
632,VIT_00s2648g00010,12,0.0058,FAD-dependent pyridine nucleotide-disulphide oxidoreductase,,,,
633,VIT_17s0000g06490,12,0.0058,MKK5,K13413_MKK5,,vv34626Plant-pathogen_interaction,
634,VIT_03s0038g02780,12,0.0058,Ribosomal protein L23,K02892,,vv23010Ribosome,
635,VIT_17s0000g00930,11,0.0053,Unknown protein,,,,
636,VIT_09s0002g05560,11,0.0053,ABC transporter g family pleiotropic drug resistance 12 PDR12,ABCGPDR12,,vv52010ABC_transporters,
637,VIT_18s0001g15710,10,0.0049,Electron carrier/ oxidoreductase,,,,
638,VIT_09s0070g00760,10,0.0049,Glycerol kinase,E2_7_1_30,,vv10561Glycerolipid_metabolism,
639,VIT_12s0055g00920,10,0.0048,Aspartate aminotransferase,E2_6_1_1,vv10710Carbon_fixation,vv10252Alanine_and_aspartate_metabolism,vv10272Cysteine_metabolism
640,VIT_12s0028g01770,10,0.0048,FAD-linked oxidoreductase 1,,,,
641,VIT_15s0021g02470,10,0.0048,Epoxide hydrolase-like protein,E3_3_2_10,,,
642,VIT_09s0002g04330,10,0.0048,Ribosomal protein S17 30S,K02961,,vv23010Ribosome,
643,VIT_14s0128g00670,10,0.0048,Germin-like protein 3 [Vitis vinifera],,,,
644,VIT_17s0000g07980,10,0.0048,RDR2 (RNA-dependent RNA polymerase 2),K00985,,,
645,VIT_18s0001g10760,10,0.0048,Strictosidine synthase,E4_3_3_2,,vv10900Terpenoid_biosynthesis,vv10902Monoterpenoid_biosynthesis
646,VIT_01s0127g00070,10,0.0048,Nitrate transporter2.5,NRT2_5,,vv50121Porters_cat_1_to_6,
647,VIT_00s0194g00360,10,0.0048,Histone H2A.4 HTA12,H2A4,,,
648,VIT_02s0087g00320,10,0.0048,Glycosyl transferase family 1 protein,,,,
649,VIT_01s0010g03310,10,0.0048,Unknown protein,,,,
650,VIT_15s0045g01120,10,0.0048,6-phosphofructokinase,E2_7_1_11,,vv10010Glycolysis,vv10030Pentose_phosphate
651,VIT_18s0001g12510,10,0.0048,5' nucleotidase,E3_1_3_5,,vv10230Purine_metabolism,vv10240Pyrimidine_metabolism
652,VIT_19s0015g00170,9,0.0044,Zinc metallopeptidase,E3_4_24_x,,,
653,VIT_03s0091g00160,9,0.0044,NtPRp27 secretory protein,,,,
654,VIT_14s0171g00390,9,0.0044,DNA-binding storekeeper protein,STOREKEEPER_1,,vv60030GeBP,
655,VIT_00s0347g00070,9,0.0044,S-locus lectin protein kinase,,,,
656,VIT_11s0065g00670,9,0.0044,No hit,,,,
657,VIT_11s0118g00040,9,0.0044,Receptor Like Protein 9,,,,
658,VIT_14s0171g00150,9,0.0044,Avr9/Cf-9 rapidly elicited protein 57,,,,
659,VIT_04s0069g00470,9,0.0044,No hit,,,,
660,VIT_01s0010g03930,9,0.0044,WRKY DNA-binding protein 75,WRKY75_1,VvWRKY03,vv60066WRKY,
661,VIT_09s0002g05810,9,0.0044,Boron transporter-like protein 4,BOR4,,vv50124Porters_cat_30_to_64,
662,VIT_03s0063g02660,9,0.0043,DNA-3-methyladenine glycosylase II,K01247,,vv23410Base_excision_repair,
663,VIT_07s0005g02480,9,0.0043,Myb domain protein 61,MYB61_1,MYB55A,vv60044MYB,
664,VIT_01s0011g04780,9,0.0043,Unknown protein,,,,
665,VIT_00s0173g00130,9,0.0043,RKF1 (receptor-like kinase in flowers 1),,,,
666,VIT_05s0020g03590,9,0.0043,Unknown protein,,,,
667,VIT_10s0003g05550<br>VIT_10s0003g05620,9,0.0043,,,,,
668,VIT_09s0054g00520,9,0.0043,Membrane protein ycf1 (RF1),,,,
669,VIT_01s0026g00720,9,0.0043,Unknown protein,,,,
670,VIT_04s0079g00560,9,0.0043,Protein binding / zinc ion binding,,,,
671,VIT_03s0038g00800,9,0.0043,NADP-dependent D-sorbitol-6-phosphate dehydrogenase,E1_1_1_140,,vv10051Fructose_and_mannose_metabolism,
672,VIT_02s0033g00920,9,0.0043,No hit,,,,
673,VIT_09s0002g03240,9,0.0043,Unknown,,,,
674,VIT_09s0002g07950,8,0.0039,No hit,,,,
675,VIT_07s0031g00620,7,0.0034,Zeaxanthin epoxidase (ZEP) (ABA1),E1_14_13_90_1,,vv10906Carotenoid_biosynthesis,vv60028FHA
676,VIT_16s0100g00870,7,0.0034,No hit,,,,
677,VIT_13s0064g01120,7,0.0034,No hit,,,,
678,VIT_11s0052g00350,7,0.0034,Receptor kinase TRKe,,,,
679,VIT_14s0060g02170,7,0.0034,Glutathione S-transferase GSTU8,E2_5_1_18_GSTU8,,vv10480Glutathione_metabolism,
680,VIT_12s0028g02730,7,0.0034,AarF domain-containing kinase ABC1,K08869,,,
681,VIT_04s0079g00420,7,0.0034,Alpha-expansin 13 precursor,EXPA13,,vv30003Auxin_signaling,
682,VIT_01s0026g02370<br>VIT_01s0026g02390,7,0.0034,,,,,
683,VIT_01s0026g02400,7,0.0034,Glutathione S-transferase 10 GSTU10,E2_5_1_18_GSTU10,,vv10480Glutathione_metabolism,
684,VIT_05s0020g03680,7,0.0034,GCN5 N-acetyltransferase (GNAT),GCN5_7,,vv60082GNAT,
685,VIT_04s0008g05540,6,0.0029,Clathrin assembly protein 2,CAP2,,vv50110Protein_coat,
686,VIT_12s0059g00520,6,0.0029,RabGAP/TBC domain-containing protein,,,,
687,VIT_09s0002g06950,6,0.0029,ABC transporter g family pleiotropic drug resistance 12 PDR12,ABCGPDR12,,vv52010ABC_transporters,
688,VIT_11s0052g01390,6,0.0029,Adenosylmethionine-8-amino-7- oxononanoate aminotransferase,E2_6_1_62,,vv10780Biotin_metabolism,
689,VIT_11s0065g00710,6,0.0029,Cleavage stimulation factor subunit 3,K14408,,vv23015mRNA_surveillance_pathway,
690,VIT_12s0028g02540,6,0.0029,Glucan endo-1 3-beta-glucosidase 1 precursor,E3_2_1_39,,vv10500Starch_and_sucrose_metabolism,
691,VIT_08s0056g00620,6,0.0029,V-type H+-transporting ATPase subunit E,K02150,,vv10190Oxidative_phosphorylation,vv44145Phagosome
692,VIT_18s0001g11130,6,0.0029,Calmodulin-binding protein AR781,,,,
693,VIT_11s0052g00740,6,0.0029,No hit,,,,
694,VIT_16s0039g00310,6,0.0029,Unknown protein,,,,
695,VIT_07s0129g00800,6,0.0029,CYP81E1 Isoflavone 2'-hydroxylase,E1_14_13_89,,vv10943Isoflavonoid_biosynthesis,
696,VIT_11s0016g01780,6,0.0029,HAB1 (homology toABI1),HAB1,,vv30001ABA_signaling,
697,VIT_13s0067g00120,6,0.0029,GCN5 N-acetyltransferase (GNAT),GCN5_18,,vv60082GNAT,
698,VIT_16s0050g00480,6,0.0029,CYP715A1,,,,
699,VIT_07s0104g01260,6,0.0029,flavin-containing monooxygenase,E1_14_13_8,,vv11000Single_reactions,
700,VIT_12s0057g01100,6,0.0029,Nudix hydrolase 2,,,,
701,VIT_11s0118g00050,6,0.0029,EIX receptor,,,,
702,VIT_07s0104g01160,6,0.0029,Substrate carrier   Mitochondrial,K03454,,vv50123Porters_cat_18_to_29,
703,VIT_08s0105g00200,6,0.0029,U-box domain-containing protein,,,,
704,VIT_10s0003g04250,6,0.0029,Glutathione S-transferase GSTU22,E2_5_1_18_GSTU22,,vv10480Glutathione_metabolism,
705,VIT_08s0040g02210,6,0.0029,Lectin protein kinase,,,,
706,VIT_13s0106g00510,6,0.0029,Maternal effect embryo arrest 5,K12852,,vv23040Spliceosome,
707,VIT_01s0010g00540,6,0.0029,BIM2 (BES1-interacting Myc-like protein 2,BIM2_2,,vv30005Brassinosteroids_signaling,vv60011BHLH
708,VIT_18s0001g03620,6,0.0029,Avr9/Cf-9 rapidly elicited protein 284,,,,
709,VIT_18s0001g12480,6,0.0029,Metal transporter CNNM4 (Cyclin-M4),CNNM4,,vv50109Incompletely_characterized_transport_systems,
710,VIT_10s0116g00070,6,0.0029,Unknown,,,,
711,VIT_09s0002g06940,6,0.0029,ABC transporter g family pleiotropic drug resistance 12 PDR12,ABCGPDR12,,vv52010ABC_transporters,
712,VIT_06s0004g08180,6,0.0029,Translation initiation factor eIF-2 beta subunit,K03238,,vv23013RNA_transport,
713,VIT_05s0094g00170,6,0.0029,Protein transport protein Sec61 subunit beta,K09481,,vv23060Protein_export,vv24141Protein_processing_in_endoplasmic_reticulum
714,VIT_05s0020g00900,4,0.0019,P-glycoprotein 4,PGP4,,vv52010ABC_transporters,
715,VIT_01s0011g03610,4,0.0019,MAPK activating protein,,,,
716,VIT_04s0023g02290,4,0.0019,S-adenosyl-L-methionine:salicylic acid carboxyl methyltransferase,SAMTBSCMT,,vv10360Phenylalanine_metabolism,
717,VIT_09s0002g05440,3,0.0015,ABC transporter g family pleiotropic drug resistance 12 PDR12,ABCGPDR12,,vv52010ABC_transporters,
718,VIT_13s0156g00570,3,0.0015,S-receptor kinase,,,,
719,VIT_11s0065g00650,3,0.0015,No hit,,,,
720,VIT_04s0008g00110,3,0.0015,Jasmonate ZIM domain-containing protein 8,JAZ8_3,,vv30011Jasmonate_signaling,vv60069ZIM
721,VIT_10s0116g00960,3,0.0015,Transcription factor jumonji (jmjC) domain-containing protein,JMJD1B_5,,vv60038Jumonji,
722,VIT_14s0006g03050,3,0.0015,Unknown protein,,,,
723,VIT_00s1274g00010,3,0.0015,Phosphosulfolactate synthase protein,E4_4_1_19,,vv10010Glycolysis,
724,VIT_04s0008g06870,3,0.0015,Cytochrome b5 domain-containing protein,,,,
725,VIT_19s0027g00870,3,0.0015,NAC domain-containing protein 42,NAC042_3,VvNAC30,vv60046NAC,
726,VIT_02s0025g00530,3,0.0015,Unknown,,,,
727,VIT_08s0058g00950,3,0.0015,Curculin-like (mannose-binding) lectin family,,,,
728,VIT_18s0001g06370,3,0.0015,L-ascorbate peroxidase  chloroplast,E1_11_1_11,,vv10053Ascorbate_and_aldarate_metabolism,
729,VIT_11s0078g00430,3,0.0015,L-fucokinase,E3_2_1_51,,vv10511N-Glycan_degradation,
730,VIT_03s0038g02490,3,0.0015,SKP1,K03094,,vv24120Ubiquitin_mediated_proteolysis,vv24141Protein_processing_in_endoplasmic_reticulum
731,VIT_07s0005g06650,3,0.0015,Molecular chaperone DnaK,K04043,,vv23018RNA_degradation,vv50101Channels_and_pores
732,VIT_14s0036g00990,3,0.0015,Polyubiquitin (UBQ4),,,,
733,VIT_18s0001g00840,3,0.0015,Syringolide-induced protein 14-1-1,,,,
734,VIT_17s0000g06680,3,0.0015,Unknown protein,,,,
735,VIT_18s0072g00150,3,0.0015,Unknown protein,,,,
736,VIT_11s0016g04310,3,0.0015,No hit,,,,
737,VIT_18s0001g00820,3,0.0015,Thioredoxin-like protein CDSP32,,,,
738,VIT_09s0002g09180,3,0.0015,No hit,,,,
739,VIT_08s0040g03100,3,0.0015,Glutathione S-transferase GSTO1,E2_5_1_18_GSTO1,,vv10480Glutathione_metabolism,
740,VIT_10s0003g05570,3,0.0015,Reticuline oxidase,E1_21_3_3,,vv10950Alkaloid_biosynthesis_I,
741,VIT_19s0014g01720,3,0.0015,Sodium/calcium exchanger family protein,NACAEX,,vv50123Porters_cat_18_to_29,
742,VIT_15s0107g00390,3,0.0015,5'-adenylylsulfate reductase (APR3),E1_8_4_8,,vv10920Sulfur_metabolism,
743,VIT_00s0616g00020,3,0.0014,Ribosomal protein L19,K02884,,vv23010Ribosome,
744,VIT_07s0005g04020,3,0.0014,Leucine Rich Repeat receptor-like kinase,,,,
745,VIT_09s0054g00330,3,0.0014,Mannosyl-oligosaccharide 1 2-alpha-mannosidase,E3_2_1_113,,vv10510N-Glycan_biosynthesis,vv11030Glycan_structures-biosynthesis1
746,VIT_01s0011g05930,3,0.0014,S-adenosyl-L-methionine:carboxyl methyltransferase,,,,
747,VIT_10s0071g00180,3,0.0014,Phosphatidylinositol 3- and 4-kinase / ubiquitin,,,,
748,VIT_05s0020g04330<br>VIT_05s0020g04300,3,0.0014,,,,,
749,VIT_12s0057g01150,3,0.0014,AarF domain containing kinase,K08869,,,
750,VIT_08s0007g07450,3,0.0014,Splicing factor YT521-B,,,,
751,VIT_18s0117g00530,3,0.0014,Splicing factor 3A subunit 3,K12827,,vv23040Spliceosome,
752,VIT_17s0053g00970,3,0.0014,No hit,,,,
753,VIT_18s0001g04640,3,0.0014,No hit,,,,
754,VIT_16s0013g00550,3,0.0014,No hit,,,,
755,VIT_09s0002g02580,3,0.0014,No hit,,,,
756,VIT_09s0002g01320,3,0.0014,Germin-like protein,,,,
757,VIT_05s0077g00450,3,0.0014,Ribosomal protein S1 30S,K02945,,vv23010Ribosome,
758,VIT_11s0037g00930,3,0.0014,GDP-L-fucose synthase.,E1_1_1_271,,vv10051Fructose_and_mannose_metabolism,
759,VIT_16s0050g00760,3,0.0014,Short-chain dehydrogenase/reductase (SDR),,,,
760,VIT_01s0146g00300,3,0.0014,Proteasome 20S beta subunit F1 (PBF1),K02732a,,vv23050Proteasome,
761,VIT_06s0009g02590,3,0.0014,Pectinesterase family,E3_1_1_11,,vv40006Cell_wall,
762,VIT_17s0000g07670,3,0.0014,Betaine-aldehyde dehydrogenase,E1_2_1_8,,vv10260Glycine_serine_and_threonine_metabolism,vv50101Channels_and_pores
763,VIT_06s0009g03600,3,0.0014,Wall-associated receptor kinase-like 14,,,,
764,VIT_13s0064g00680,3,0.0014,Retroelement pol polyprotein,,,,
765,VIT_11s0016g00560,3,0.0014,Peroxiredoxin bcp,E1_11_1_15,,,
766,VIT_01s0011g00480,3,0.0014,Aspartate/glutamate/uridylate kinase,E2_7_2_11,,vv10220Urea_cycle_and_metabolism_of_amino_groups,
767,VIT_18s0001g06400,3,0.0014,No hit,,,,
768,VIT_11s0052g00130,3,0.0014,Calcineurin phosphoesterase,,,,
769,VIT_11s0065g00020,3,0.0014,Unknown,,,,
770,VIT_10s0003g05560,3,0.0014,Pentatricopeptide (PPR) repeat-containing protein,,,,
771,VIT_14s0060g00050,3,0.0014,Nucleobase:cation symporter-1  NCS1 family,K03457,,vv50124Porters_cat_30_to_64,
772,VIT_12s0035g01150,3,0.0014,RAB GTPase FP8,K07976,,,
773,VIT_10s0042g00770,3,0.0014,Leucine-rich repeat receptor-like protein kinase 1,,,,
774,VIT_14s0083g00350,3,0.0014,Beta-glucan-binding protein 5,E3_2_1_23,,vv10052Galactose_metabolism,vv10511N-Glycan_degradation
775,VIT_19s0135g00050,3,0.0014,Calcineurin phosphoesterase,,,,
776,VIT_08s0007g00570,3,0.0014,WRKY DNA-binding protein 49,WRKY49,VvWRKY27,vv60066WRKY,
777,VIT_10s0405g00020,3,0.0014,Mo25,K08272,,vv34150mTOR_signaling_pathway,
778,VIT_03s0038g03180,3,0.0014,flavin-containing monooxygenase 1,E1_14_13_8,,vv11000Single_reactions,
779,VIT_11s0016g01620,3,0.0014,Unknown,,,,
780,VIT_15s0046g02170,3,0.0014,3-methyl-2-oxobutanoate hydroxy-methyl-transferase,E2_1_2_11,,vv10770Pantothenate_and_CoA_biosynthesis,
