Vv_m2,2000,1000,VIT_16s0100g00960,,,,,
rank,node,Fabs,Frel,Functional-annotation,Name-EC-KeggID,Updated-name,Network1,Network2
1,VIT_16s0100g00880,2070,1,Stilbene synthase [Vitis pseudoreticulata],E2_3_1_95,,vv10940Phenylpropanoid_biosynthesis,
2,VIT_16s0100g01160,2055,1,Stilbene synthase [Vitis vinifera],E2_3_1_95,,vv10940Phenylpropanoid_biosynthesis,
3,VIT_10s0042g00840,2068,1,Stilbene synthase [Vitis pseudoreticulata],E2_3_1_95,,vv10940Phenylpropanoid_biosynthesis,
4,VIT_16s0100g00760,2064,1,Stilbene synthase 2 [Vitis sp. cv. 'Norton'],E2_3_1_95,,vv10940Phenylpropanoid_biosynthesis,
5,VIT_16s0100g00830<br>VIT_16s0100g01120<br>VIT_16s0100g00780<br>VIT_16s0100g00910,2058,0.9966,,,,,
6,VIT_16s0100g00860<br>VIT_16s0100g00940<br>VIT_16s0100g00800<br>VIT_16s0100g00920<br>VIT_16s0100g00930<br>VIT_16s0100g00810<br>VIT_16s0100g00840<br>VIT_16s0100g00850,2040,0.9869,,,,,
7,VIT_05s0020g03690<br>VIT_05s0020g03710,2010,0.971,,,,,
8,VIT_04s0044g00220,1986,0.9613,Monooxygenase,,,,
9,VIT_16s0100g01150,1922,0.9321,Stilbene synthase [Vitis vinifera],E2_3_1_95,,vv10940Phenylpropanoid_biosynthesis,
10,VIT_16s0100g01100,1894,0.9167,Stilbene synthase,E2_3_1_95,,vv10940Phenylpropanoid_biosynthesis,
11,VIT_04s0044g00230,1889,0.9108,Monooxygenase (MO2),,,,
12,VIT_00s0480g00030,1859,0.9037,Polyphenol oxidase,E1_10_3_1,,vv10350Tyrosine_metabolism,vv50109Incompletely_characterized_transport_systems
13,VIT_16s0039g01240<br>VIT_16s0039g01360<br>VIT_16s0039g01130<br>VIT_16s0039g01100<br>VIT_00s2508g00010<br>VIT_16s0039g01120<br>VIT_16s0039g01320<br>VIT_00s2849g00010<br>VIT_16s0039g01300<br>VIT_16s0039g01170<br>VIT_16s0039g01280,1866,0.9036,,,,,
14,VIT_16s0100g00750,1865,0.9027,Stilbene synthase,E2_3_1_95,,vv10940Phenylpropanoid_biosynthesis,
15,VIT_05s0077g01550,1859,0.9011,Pathogenesis protein 10.3 [Vitis quinquangularis],,,,
16,VIT_05s0077g01570,1872,0.9009,Pathogenesis protein 10 [Vitis vinifera],,,,
17,VIT_01s0010g00540,1853,0.9008,BIM2 (BES1-interacting Myc-like protein 2,BIM2_2,,vv30005Brassinosteroids_signaling,vv60011BHLH
18,VIT_10s0042g00930<br>VIT_10s0042g00890<br>VIT_10s0042g00870<br>VIT_10s0042g00860<br>VIT_10s0042g00920,1867,0.9006,,,,,
19,VIT_08s0007g02360,1860,0.896,Harpin inducing protein 1-like 9,,,,
20,VIT_16s0100g01010<br>VIT_16s0100g00950<br>VIT_16s0100g01030<br>VIT_16s0100g00990,1850,0.895,,,,,
21,VIT_00s0254g00040,1810,0.8719,Heat shock cognate 70 kDa protein 3 (HSC70-3) (HSP70-3),HSC703,,vv23040Spliceosome,vv24141Protein_processing_in_endoplasmic_reticulum
22,VIT_12s0034g01950<br>VIT_12s0034g01870<br>VIT_12s0034g01920<br>VIT_12s0034g01930<br>VIT_12s0034g01890<br>VIT_12s0034g01910,1797,0.8681,,,,,
23,VIT_10s0042g00910,1777,0.8614,Stilbene synthase [Vitis pseudoreticulata],E2_3_1_95,,vv10940Phenylpropanoid_biosynthesis,
24,VIT_05s0077g01560,1754,0.8429,Pathogenesis protein 10.3 [Vitis quinquangularis],,,,
25,VIT_16s0100g01200<br>VIT_16s0100g01070,1732,0.8391,,,,,
26,VIT_10s0042g00850,1709,0.8357,Stilbene synthase [Vitis pseudoreticulata],E2_3_1_95,,vv10940Phenylpropanoid_biosynthesis,
27,VIT_16s0100g01060,1719,0.8337,Stilbene synthase,E2_3_1_95,,vv10940Phenylpropanoid_biosynthesis,
28,VIT_11s0016g05530,1703,0.8251,Plastocyanin domain-containing protein,K02638,,vv10195Photosynthesis,vv50113Thylakoid_targeting_pathway
29,VIT_02s0236g00120,1716,0.8238,Unknown,,,,
30,VIT_05s0077g01590,1705,0.8209,Major allergen Mal d 1,,,,
31,VIT_04s0008g00110,1679,0.8174,Jasmonate ZIM domain-containing protein 8,JAZ8_3,,vv30011Jasmonate_signaling,vv60069ZIM
32,VIT_17s0000g08210,1663,0.803,Zinc finger (C3HC4-type ring finger),ZFC3HC4_103,,vv60078Other_zf-C3HC4,
33,VIT_10s0003g05430,1651,0.8003,Reticuline oxidase precursor,E1_21_3_3,,vv10950Alkaloid_biosynthesis_I,
34,VIT_04s0079g00570,1657,0.7989,Protein binding / zinc ion binding,,,,
35,VIT_12s0034g01970,1651,0.7976,Cupin,,,,
36,VIT_08s0058g00690,1622,0.7851,WRKY DNA-binding protein 33,WRKY33_3,VvWRKY24,vv34626Plant-pathogen_interaction,vv60066WRKY
37,VIT_02s0109g00430,1630,0.784,Nitrilase 4 (NIT4),K13035,,vv10910Nitrogen_metabolism,
38,VIT_13s0067g02630,1605,0.7795,No hit,,,,
39,VIT_16s0100g01000,1593,0.7688,Stilbene synthase 4,E2_3_1_95,,vv10940Phenylpropanoid_biosynthesis,
40,VIT_03s0038g03530,1566,0.7591,LYS/HIS transporter 7,LHT7,,vv50123Porters_cat_18_to_29,
41,VIT_14s0108g00890,1576,0.7588,Beta-1 3-galactosyltransferase,K07819,,vv10602Glycosphingolipid_biosynthesis,
42,VIT_06s0004g01010,1537,0.745,Dirigent protein pDIR9,,,,
43,VIT_11s0065g00350,1525,0.7403,Trans-cinnamate 4-monooxygenase,E1_14_13_11,,vv10360Phenylalanine_metabolism,vv10940Phenylpropanoid_biosynthesis
44,VIT_05s0077g01580,1530,0.7384,Pathogenesis protein 10 [Vitis vinifera],,,,
45,VIT_06s0004g02010,1517,0.7371,No hit,,,,
46,VIT_05s0049g01020,1501,0.7276,Myb domain protein 14,MYB14_3,,vv60044MYB,
47,VIT_06s0004g01990,1508,0.725,No hit,,,,
48,VIT_10s0405g00020,1471,0.7069,Mo25,K08272,,vv34150mTOR_signaling_pathway,
49,VIT_05s0077g01150,1445,0.6981,Beta-1 3-glucanase,E3_2_1_6,,,
50,VIT_01s0011g02320,1440,0.6946,Unknown protein,,,,
51,VIT_12s0059g01380,1436,0.6934,1-aminocyclopropane-1-carboxylate oxidase 1,E1_14_17_4,,vv10640Propanoate_metabolism,vv30008Ethylene_signaling
52,VIT_19s0015g02610,1421,0.6885,Glutathione S-transferase 25 GSTU25,E2_5_1_18_GSTU25,,vv10480Glutathione_metabolism,
53,VIT_06s0004g01020,1406,0.6835,Dirigent protein,,,,
54,VIT_09s0002g05360<br>VIT_09s0002g05400<br>VIT_09s0002g05490<br>VIT_09s0002g05590,1411,0.6816,,,,,
55,VIT_00s0301g00090,1407,0.6814,NDA2 (alternative NAD(P)H dehydrogenase 2),K03885,,vv10190Oxidative_phosphorylation,vv50134Primary_active_transporter_cat_D1
56,VIT_04s0008g01380,1413,0.6806,Unknown protein,,,,
57,VIT_05s0049g01010,1393,0.6792,Myb domain protein 14,MYB14_4,MYB13,vv60044MYB,
58,VIT_16s0100g01130,1384,0.6686,Stilbene synthase [Vitis vinifera],E2_3_1_95,,vv10940Phenylpropanoid_biosynthesis,
59,VIT_16s0100g01040,1369,0.6652,Stilbene synthase - grape,E2_3_1_95,,vv10940Phenylpropanoid_biosynthesis,
60,VIT_00s0347g00120,1373,0.662,S-locus lectin protein kinase,,,,
61,VIT_09s0002g05600,1363,0.662,ABC transporter g family pleiotropic drug resistance 12 PDR12,ABCGPDR12,,vv52010ABC_transporters,
62,VIT_11s0016g03080,1366,0.6605,Clavata1 receptor kinase (CLV1),,,,
63,VIT_08s0007g04860,1359,0.6531,Nodulin family protein,,,,
64,VIT_17s0000g03370,1342,0.6515,Calmodulin-binding protein,K02183,,vv34020Calcium_signaling_pathway,vv34626Plant-pathogen_interaction
65,VIT_14s0036g00990,1355,0.6511,Polyubiquitin (UBQ4),,,,
66,VIT_08s0007g01560,1325,0.6429,Photoassimilate-responsive protein,,,,
67,VIT_03s0088g00410,1335,0.6394,Pyruvate kinase isozyme A  chloroplast precursor,E2_7_1_40,,vv10010Glycolysis,vv10230Purine_metabolism
68,VIT_07s0005g03340,1310,0.6325,Myb domain protein 14,MYB14_2,MYB14,vv60044MYB,
69,VIT_14s0108g01300,1297,0.6324,Division regulator MinE  Plastid,MINE1,,vv44110Cell_cycle,
70,VIT_05s0051g00140,1301,0.6267,RRS1 (resistant to ralstonia solanacearum 1),RRS1,,vv34627R_proteins_from_Plant-pathogen_interaction,
71,VIT_09s0002g05370,1279,0.6221,ABC transporter g family pleiotropic drug resistance 12 PDR12,ABCGPDR12,,vv52010ABC_transporters,
72,VIT_08s0007g03310,1278,0.6192,Unknown,,,,
73,VIT_06s0004g01030,1264,0.6127,Dirigent protein,,,,
74,VIT_03s0017g01410,1262,0.6094,No hit,,,,
75,VIT_02s0033g00790,1253,0.6088,Nitrilase 4B,E3_5_5_1,,vv10460Cyanoamino_acid_metabolism,vv10910Nitrogen_metabolism
76,VIT_07s0031g01090,1221,0.5884,Ascorbate oxidase,E1_10_3_3,,vv10053Ascorbate_and_aldarate_metabolism,vv50109Incompletely_characterized_transport_systems
77,VIT_11s0118g00040,1206,0.5857,Receptor Like Protein 9,,,,
78,VIT_16s0100g01140,1214,0.5851,Stilbene synthase 2,E2_3_1_95,,vv10940Phenylpropanoid_biosynthesis,
79,VIT_05s0077g01530,1199,0.5792,Pathogenesis protein 10 [Vitis vinifera],,,,
80,VIT_00s0480g00040,1170,0.5682,Polyphenol oxidase II  chloroplast precursor,E1_10_3_1,,vv10350Tyrosine_metabolism,vv50109Incompletely_characterized_transport_systems
81,VIT_07s0031g01010<br>VIT_07s0031g01040<br>VIT_07s0031g01050,1169,0.5639,,,,,
82,VIT_05s0077g01690,1156,0.5623,Pathogenesis protein 10 [Vitis vinifera],,,,
83,VIT_19s0014g01150,1166,0.5592,Curculin (mannose-binding) lectin,,,,
84,VIT_02s0025g04280,1150,0.5572,Osmotin,,,,
85,VIT_02s0025g04340,1147,0.5563,Osmotin,,,,
86,VIT_04s0044g00040,1150,0.5529,Dirigent,,,,
87,VIT_05s0077g01660,1138,0.5445,Major allergen protein homolog,,,,
88,VIT_18s0001g04640,1129,0.5433,No hit,,,,
89,VIT_02s0033g00770,1121,0.5423,Nitrilase 4B,E3_5_5_1,,vv10460Cyanoamino_acid_metabolism,vv10910Nitrogen_metabolism
90,VIT_01s0010g03930,1113,0.5382,WRKY DNA-binding protein 75,WRKY75_1,VvWRKY03,vv60066WRKY,
91,VIT_12s0059g01720,1116,0.5371,No hit,,,,
92,VIT_02s0033g01380,1105,0.5341,Alternative oxidase 1D,AOX1D,,vv30001ABA_signaling,
93,VIT_08s0007g08480,1090,0.5263,Zinc proteinase,,,,
94,VIT_16s0100g00770,1083,0.5262,Stilbene synthase,E2_3_1_95,,vv10940Phenylpropanoid_biosynthesis,
95,VIT_17s0000g07670,1081,0.5225,Betaine-aldehyde dehydrogenase,E1_2_1_8,,vv10260Glycine_serine_and_threonine_metabolism,vv50101Channels_and_pores
96,VIT_00s1463g00010,1071,0.5166,Protease Do-like 5,,,,
97,VIT_01s0011g01760,1052,0.5107,Lectin,,,,
98,VIT_14s0068g02150,1048,0.5102,Kelch repeat-containing F-box family protein,,,,
99,VIT_07s0005g02660,1050,0.5102,ABC transporter B member 13,ABCB13,,vv52010ABC_transporters,
100,VIT_05s0124g00450,1037,0.5063,Unknown protein,,,,
101,VIT_12s0035g02210,1050,0.5051,Unknown protein,,,,
102,VIT_09s0018g01320,1038,0.5032,No hit,,,,
103,VIT_18s0001g12500,1039,0.5017,Unknown protein,,,,
104,VIT_09s0002g05430,1033,0.5,ABC transporter g family pleiotropic drug resistance 12 PDR12,ABCGPDR12,,vv52010ABC_transporters,
105,VIT_14s0030g00400,1020,0.4944,WD40,,,,
106,VIT_16s0013g02160,1018,0.4942,No hit,,,,
107,VIT_18s0072g00260,1019,0.4913,Ethylene-responsive transcription factor related to APETALA2 6,RAP2_6,VvERF114,vv30008Ethylene_signaling,vv60003AP2_EREBP
108,VIT_05s0077g01600,1019,0.4904,Pathogenesis protein 10 [Vitis vinifera],,,,
109,VIT_11s0016g01650,1004,0.4898,Ankyrin repeat,,,,
110,VIT_05s0020g05040,1011,0.4896,Proteinase inhibitor 1 PPI3B2,,,,
111,VIT_16s0100g01190,1005,0.4864,Stilbene synthase [Vitis vinifera],E2_3_1_95,,vv10940Phenylpropanoid_biosynthesis,
112,VIT_11s0078g00290,998,0.4826,Cinnamate 4-hydroxylase,E1_14_13_11,,vv10360Phenylalanine_metabolism,vv10940Phenylpropanoid_biosynthesis
113,VIT_11s0016g00350,997,0.48,Sec34/COG3,SEC34,,vv50110Protein_coat,vv50111Tethering_factors
114,VIT_16s0050g02530,987,0.4759,Myb Triptychon,TRIPTYCHON_1,,vv44110Cell_cycle,vv60045MYBrelated
115,VIT_02s0087g01010,985,0.4749,CRK10 (cysteine-rich RLK10),,,,
116,VIT_13s0156g00570,976,0.4736,S-receptor kinase,,,,
117,VIT_14s0171g00400,973,0.4735,Lysine histidine transporter 1,LHT1,,vv50123Porters_cat_18_to_29,
118,VIT_03s0091g00380,972,0.4693,Thioredoxin domain-containing protein 9,,,,
119,VIT_06s0061g01210,962,0.4647,Lysine histidine transporter 1,LHT1,,vv50123Porters_cat_18_to_29,
120,VIT_14s0060g02750<br>VIT_14s0128g00970<br>VIT_14s0128g00990<br>VIT_14s0128g00980<br>VIT_14s0128g01010<br>VIT_14s0128g01030<br>VIT_14s0128g01020<br>VIT_14s0128g01040,964,0.4639,,,,,
121,VIT_07s0031g00460,955,0.4607,Nicotinate phosphoribosyltransferase,E2_4_2_11,,vv10760Nicotinate_and_nicotinamide_metabolism,
122,VIT_13s0019g00940,951,0.4605,SLT1 (sodium- and lithium-tolerant 1),,,,
123,VIT_09s0054g00910,948,0.4591,Chaperone BCS1 mitochondrial,K08900,,,
124,VIT_18s0075g00810,936,0.4564,Laccase,E1_10_3_2,,vv11000Single_reactions,vv50109Incompletely_characterized_transport_systems
125,VIT_17s0000g09970,934,0.4523,Endonuclease,E3_1_30_x,,,
126,VIT_04s0008g01470,932,0.4502,WRKY DNA-binding protein 50,WRKY50,VvWRKY06,vv60066WRKY,
127,VIT_16s0013g00440<br>VIT_16s0013g00390<br>VIT_16s0013g00410<br>VIT_16s0013g00480<br>VIT_16s0013g00450,924,0.4462,,,,,
128,VIT_00s0270g00120,906,0.4392,Alpha-amylase/subtilisin inhibitor,E3_2_1_1,,vv10500Starch_and_sucrose_metabolism,
129,VIT_00s1212g00020,906,0.4385,Laccase,E1_10_3_2,,vv11000Single_reactions,vv50109Incompletely_characterized_transport_systems
130,VIT_05s0020g03140,900,0.435,Sugar transporter 13,STP13,,vv50121Porters_cat_1_to_6,
131,VIT_18s0001g15710,896,0.4333,Electron carrier/ oxidoreductase,,,,
132,VIT_05s0077g01030,891,0.4321,Unknown,,,,
133,VIT_16s0050g00400,884,0.4314,Photoassimilate-responsive protein PAR-1a,,,,
134,VIT_07s0104g01160,892,0.4307,Substrate carrier   Mitochondrial,K03454,,vv50123Porters_cat_18_to_29,
135,VIT_10s0042g00590,883,0.4253,Leucine-rich repeat receptor-like protein kinase 1,,,,
136,VIT_12s0035g01520,872,0.4194,Disease resistance protein RPS2,,,,
137,VIT_08s0040g01710,854,0.4152,Phenylalanine ammonia-lyase,E4_3_1_5,,vv10350Tyrosine_metabolism,vv10360Phenylalanine_metabolism
138,VIT_18s0001g15150,866,0.4148,Unknown protein,,,,
139,VIT_03s0088g00750,848,0.4101,Pathogenesis related protein 1 precursor [Vitis vinifera],PRP1,,vv30011Jasmonate_signaling,vv34626Plant-pathogen_interaction
140,VIT_00s0410g00040,842,0.406,Anthranilate N-benzoyltransferase protein 1,E2_3_1_144,,vv10400Phenylalanine_tyrosine_and_tryptophan_biosynthesis,
141,VIT_02s0025g04310,844,0.4034,Thaumatin,,,,
142,VIT_07s0191g00030,828,0.4012,RAB GTPase RABA4A,K07976,,,
143,VIT_12s0035g01560,827,0.3991,SGT1,SGT1,,vv30003Auxin_signaling,
144,VIT_02s0033g00840,824,0.3985,Nitrilase 4B,E3_5_5_1,,vv10460Cyanoamino_acid_metabolism,vv10910Nitrogen_metabolism
145,VIT_04s0008g01040,830,0.3981,Lysine decarboxylase,E4_1_1_18,,vv10300Lysine_biosynthesis,
146,VIT_03s0088g00780,826,0.3979,Pathogenesis-related protein 1 precursor (PRP 1),PRP1,,vv30011Jasmonate_signaling,vv34626Plant-pathogen_interaction
147,VIT_01s0137g00080,804,0.3878,Aldehyde dehydrogenase (NAD+),E1_2_1_3,vv10561Glycerolipid_metabolism,vv10010Glycolysis,vv10071Fatty_acid_metabolism
148,VIT_12s0057g00990,790,0.3828,Beta 1 2 N-acetylglucosaminyltransferase,E2_4_1_143,,vv10510N-Glycan_biosynthesis,vv11030Glycan_structures-biosynthesis1
149,VIT_11s0016g05540,786,0.3803,Dicyanin,,,,
150,VIT_18s0001g15130,781,0.3782,WD40 repeat protein,,,,
151,VIT_08s0007g05320,785,0.3774,Essential for mitotic growth 1,K14568,,vv23008Ribosome_biogenesis_in_Eukaryotes,
152,VIT_18s0075g00960,777,0.3754,Laccase,E1_10_3_2,,vv11000Single_reactions,vv50109Incompletely_characterized_transport_systems
153,VIT_01s0011g00550,768,0.3712,Hydrolase  alpha/beta fold family,,,,
154,VIT_09s0054g00900,750,0.3655,Chaperone BCS1 mitochondrial,K08900,,,
155,VIT_07s0005g00410,758,0.3655,Glycosyl hydrolase family 1 protein,,,,
156,VIT_15s0048g02070,747,0.3607,BON2-associated protein (BAP2),,,,
157,VIT_07s0104g01500,742,0.3597,Transcription termination factor mitochondrial mTERF,MTERF_10,,vv60085MTERF,
158,VIT_19s0015g00300,727,0.3521,KCO1 (two pore K channel),K05389_KCO1,,vv50101Channels_and_pores,
159,VIT_03s0088g00810,727,0.3521,Pathogenesis-related protein 1 precursor (PRP 1),PRP1,,vv30011Jasmonate_signaling,vv34626Plant-pathogen_interaction
160,VIT_18s0001g05760,723,0.351,No hit,,,,
161,VIT_03s0017g01990,726,0.3504,UDP-glucose glucosyltransferase,E2_4_1_35,,vv10500Starch_and_sucrose_metabolism,
162,VIT_17s0119g00070,724,0.3499,Unknown protein,,,,
163,VIT_04s0008g02530,725,0.3487,ATP binding protein,,,,
164,VIT_15s0024g00710,723,0.3481,Gag-pol polyprotein,,,,
165,VIT_01s0026g00820,710,0.343,IAA-amino acid hydrolase 1 (ILR1),K01463,,vv11002Auxin_biosynthesis,
166,VIT_03s0091g00140,711,0.343,Plant basic secretory protein (BSP) family,,,,
167,VIT_14s0036g00930,705,0.3393,Polyubiquitin (UBQ4),,,,
168,VIT_18s0001g10180,704,0.3373,N-hydroxycinnamoyl/benzoyltransferase 3,,,,
169,VIT_02s0033g00700,700,0.337,Nitrilase,E3_5_5_1,,vv10460Cyanoamino_acid_metabolism,vv10910Nitrogen_metabolism
170,VIT_19s0085g00290,693,0.3348,RRNA methylase,,,,
171,VIT_09s0002g00890,676,0.3299,Jasmonate ZIM-domain protein 1,JAZ1_2,,vv30011Jasmonate_signaling,vv60069ZIM
172,VIT_18s0001g08760,678,0.3255,No hit,,,,
173,VIT_07s0031g03090,664,0.322,Avr9 elicitor response protein,,,,
174,VIT_16s0050g00430,667,0.3219,Photoassimilate-responsive protein PAR-1a,,,,
175,VIT_12s0055g01280,666,0.3219,Brassinosteroid insensitive 1-associated receptor kinase 1,BAK1,,vv30005Brassinosteroids_signaling,vv34626Plant-pathogen_interaction
176,VIT_02s0025g04290,666,0.3217,Thaumatin,,,,
177,VIT_03s0091g00530,660,0.3201,N-acetyltransferase ESCO2,,,,
178,VIT_10s0003g04080,644,0.3122,Unknown,,,,
179,VIT_08s0040g00870,639,0.3109,BZIP transcription factor BZIP28,BZIP28,VvbZIP24,vv60012BZIP,
180,VIT_11s0016g04120,636,0.3086,No hit,,,,
181,VIT_03s0038g00920,635,0.3066,Carbohydrate kinase  PfkB,E2_7_1_15,,vv10030Pentose_phosphate,
182,VIT_13s0156g00590,631,0.306,S-receptor kinase,,,,
183,VIT_09s0054g00960,631,0.3059,No hit,,,,
184,VIT_09s0002g06940,632,0.3044,ABC transporter g family pleiotropic drug resistance 12 PDR12,ABCGPDR12,,vv52010ABC_transporters,
185,VIT_00s0413g00010,627,0.3044,Laccase (diphenol oxidase) family protein,E1_10_3_2,,vv11000Single_reactions,vv50109Incompletely_characterized_transport_systems
186,VIT_18s0001g13100,624,0.3036,Glycosyl transferase family 1 protein,,,,
187,VIT_14s0171g00490,617,0.2988,Glucose-6-phosphate 1-dehydrogenase  cytoplasmic isoform,E1_1_1_49,,vv10030Pentose_phosphate,vv10480Glutathione_metabolism
188,VIT_04s0069g01010,617,0.2979,Harpin-induced protein,,,,
189,VIT_00s1278g00010,617,0.2975,Brassinosteroid insensitive 1-associated receptor kinase 1,BAK1,,vv30005Brassinosteroids_signaling,
190,VIT_03s0088g00700,613,0.2973,Pathogenesis related protein 1 precursor (pr1 gene),PRP1,,vv30011Jasmonate_signaling,vv34626Plant-pathogen_interaction
191,VIT_01s0026g02250,614,0.2955,Haloacid dehalogenase hydrolase,E3_1_3_18,,vv10630Glyoxylate_and_dicarboxylate_metabolism,
192,VIT_01s0137g00090,613,0.2954,Aldehyde dehydrogenase (NAD+),E1_2_1_3,vv10561Glycerolipid_metabolism,vv10010Glycolysis,vv10071Fatty_acid_metabolism
193,VIT_14s0066g01150,610,0.2937,Cinnamoyl-CoA reductase,E1_2_1_44,,vv10940Phenylpropanoid_biosynthesis,
194,VIT_14s0081g00540,603,0.292,No hit,,,,
195,VIT_07s0005g00420,603,0.2906,Zinc finger (C3HC4-type ring finger),ZFC3HC4_195,,vv60078Other_zf-C3HC4,
196,VIT_14s0030g01370,600,0.29,Methyltransferase type 12,,,,
197,VIT_07s0005g02190,589,0.2851,Zinc finger (C2H2 type) family,C2H2FAM_36,,vv60017C2H2,
198,VIT_18s0076g00380,586,0.2838,ABC transporter F member 6,ABCF6,,vv52010ABC_transporters,
199,VIT_02s0025g04100,585,0.2825,CCR4-NOT transcription complex subunit 2,K12605,,vv23018RNA_degradation,
200,VIT_18s0117g00600,584,0.2823,Laccase,E1_10_3_2,,vv11000Single_reactions,vv50109Incompletely_characterized_transport_systems
201,VIT_01s0011g03850,579,0.2798,Unknown protein,,,,
202,VIT_07s0005g03220,578,0.278,Ethylene-responsive transcription factor ERF098,ERF098_1,VvERF098,vv30008Ethylene_signaling,vv60003AP2_EREBP
203,VIT_01s0026g00210,572,0.2773,Aldehyde dehydrogenase (NAD+),E1_2_1_3,vv10561Glycerolipid_metabolism,vv10010Glycolysis,vv10071Fatty_acid_metabolism
204,VIT_11s0016g03190,569,0.2772,Unknown,,,,
205,VIT_14s0060g02760,563,0.2741,Germin-like protein 3 [Vitis vinifera],,,,
206,VIT_10s0003g05450,563,0.2736,Reticuline oxidase precursor,E1_21_3_3,,vv10950Alkaloid_biosynthesis_I,
207,VIT_01s0011g05930,562,0.272,S-adenosyl-L-methionine:carboxyl methyltransferase,,,,
208,VIT_18s0117g00070,558,0.2715,R protein L6,K13477,,vv34627R_proteins_from_Plant-pathogen_interaction,
209,VIT_09s0002g05610,556,0.2695,Unknown,,,,
210,VIT_00s0586g00020,556,0.2687,Unknown protein,,,,
211,VIT_17s0000g03710,552,0.2673,Unknown protein,,,,
212,VIT_00s2582g00010,553,0.267,Unknown,,,,
213,VIT_13s0047g00790,553,0.2665,No hit,,,,
214,VIT_08s0007g06250,545,0.2647,Strubbelig receptor family 2,,,,
215,VIT_07s0141g00890,542,0.2634,CYP94A1,,,,
216,VIT_03s0017g01940,535,0.2587,Unknown,,,,
217,VIT_02s0033g00660<br>VIT_02s0033g00850<br>VIT_02s0033g00870<br>VIT_02s0033g00800,537,0.2564,,,,,
218,VIT_07s0005g03890,532,0.2556,Transcription termination factor mitochondrial mTERF,MTERF_24,,vv60085MTERF,
219,VIT_01s0026g02310,526,0.2542,SUR2,K04713,,vv10600Sphingolipid_metabolism,
220,VIT_03s0063g00670,525,0.254,Cyclin-dependent kinase inhibitor ICK5,ICK5,,vv44110Cell_cycle,
221,VIT_11s0016g02070,520,0.2527,Basic helix-loop-helix (bHLH) family,BHLHDOM_63,,vv60011BHLH,
222,VIT_01s0011g03310,521,0.2508,Unknown protein,,,,
223,VIT_00s0207g00110,515,0.2481,Antigen receptor,,,,
224,VIT_11s0052g00610,512,0.2472,Homogenitisate geranylgeranyl transferase,K09833,,vv10100Biosynthesis_of_steroids,
225,VIT_08s0040g00390,514,0.2468,Magnesium-protoporphyrin IX monomethyl ester [oxidative] cyclase,E1_14_13_81,,vv10860Porphyrin_and_chlorophyll_metabolism,
226,VIT_17s0000g02930,491,0.2383,Glutathione S-transferase 25 GSTU7,E2_5_1_18_GSTU7,,vv10480Glutathione_metabolism,
227,VIT_16s0039g01110,482,0.2329,Phenylalanin ammonia-lyase [Vitis vinifera],E4_3_1_5,,vv10350Tyrosine_metabolism,vv10360Phenylalanine_metabolism
228,VIT_12s0034g02180,479,0.2314,Aminomethyltransferase,E2_1_2_10,,vv10260Glycine_serine_and_threonine_metabolism,vv10670One_carbon_pool_by_folate
229,VIT_08s0105g00270,472,0.2269,NC domain-containing protein,,,,
230,VIT_05s0051g00170,468,0.2267,RRS1 (resistant to ralstonia solanacearum 1),RRS1,,vv34627R_proteins_from_Plant-pathogen_interaction,
231,VIT_09s0002g05570,467,0.2263,ABC transporter g family pleiotropic drug resistance 12 PDR12,ABCGPDR12,,vv52010ABC_transporters,
232,VIT_07s0031g03060,459,0.2222,NSL1 (necrotic spotted lesions 1),,,,
233,VIT_03s0017g00650,450,0.2178,GTP cyclohydrolase II,E3_5_4_25,,vv10740Riboflavin_metabolism,
234,VIT_07s0129g01010,445,0.2169,Unknown,,,,
235,VIT_03s0091g00130,441,0.213,Prp27,,,,
236,VIT_03s0017g01640,440,0.213,Cysteine--tRNA ligase.,E6_1_1_16,,vv10272Cysteine_metabolism,vv20970Aminoacyl-tRNA_biosynthesis
237,VIT_12s0057g00420,435,0.2101,Auxin-responsive protein AIR12,AIR12,,vv30003Auxin_signaling,
238,VIT_11s0037g00180,428,0.2091,Leucine aminopeptidase 3  chloroplast precursor,E3_4_11_1,,,
239,VIT_11s0037g00750,432,0.2088,CDK-activating kinase assembly factor MAT1,K10842,,vv23420Nucleotide_excision_repair,
240,VIT_09s0002g01550,430,0.2054,Lecithine cholesterol acyltransferase,E2_3_1_43,,vv10564Glycerophospholipid_metabolism,
241,VIT_19s0014g01110,426,0.2048,Curculin (mannose-binding) lectin,,,,
242,VIT_09s0002g05540,421,0.204,ABC transporter g family pleiotropic drug resistance 12 PDR12,ABCGPDR12,,vv52010ABC_transporters,
243,VIT_00s0762g00010,421,0.2026,S-locus lectin protein kinase family,,,,
244,VIT_07s0005g04890,415,0.2003,Glutathione S-transferase 25 GSTU7,E2_5_1_18_GSTU7,,vv10480Glutathione_metabolism,
245,VIT_02s0025g04270<br>VIT_02s0025g04260<br>VIT_02s0025g04230,413,0.1994,,,,,
246,VIT_03s0088g00690,411,0.1978,Pathogenesis-related protein 1 precursor (PRP 1),PRP1,,vv30011Jasmonate_signaling,vv34626Plant-pathogen_interaction
247,VIT_06s0009g03130,404,0.195,Cytochrome P450  family 79  subfamily A  polypeptide 2,K12153,,vv10966Glucosinolate_biosynthesis,
248,VIT_18s0166g00320,402,0.1944,ABC transporter F member 6,ABCF6,,vv52010ABC_transporters,
249,VIT_08s0007g00780,399,0.1921,One helix protein (OHP),,,,
250,VIT_05s0077g01130,393,0.1912,Seed maturation protein PM36,,,,
251,VIT_14s0060g00110,394,0.1903,Glutamyl-tRNA synthetase  cytoplasmic,E6_1_1_17,,vv10860Porphyrin_and_chlorophyll_metabolism,vv20970Aminoacyl-tRNA_biosynthesis
252,VIT_10s0003g04510,392,0.1903,Ankyrin,K10380,,,
253,VIT_18s0001g11130,389,0.1876,Calmodulin-binding protein AR781,,,,
254,VIT_19s0014g01850,384,0.1859,Zinc finger (C3HC4-type ring finger),ZFC3HC4_158,,vv60078Other_zf-C3HC4,
255,VIT_14s0083g01170,382,0.1836,Mitochondrial substrate carrier family protein,K03454,,vv50123Porters_cat_18_to_29,
256,VIT_16s0039g01070,376,0.1822,Glutathione S-transferase 25 GSTU7,E2_5_1_18_GSTU7,,vv10480Glutathione_metabolism,
257,VIT_12s0057g01440,371,0.1798,Heavy-metal-associated domain-containing protein,,,,
258,VIT_01s0137g00220,370,0.1787,ALB4 (ALBINA 4),K03217,,vv23060Protein_export,vv50122Porters_cat_7_to_17
259,VIT_04s0069g00970,366,0.1777,WRKY DNA-binding protein 51,WRKY51_1,VvWRKY11,vv60066WRKY,
260,VIT_01s0026g02640,368,0.1773,UbiE/COQ5 methyltransferase,K06127,,vv10130Ubiquinone_biosynthesis,
261,VIT_00s0753g00020,366,0.1768,Histone H2A.4 HTA12,H2A4,,,
262,VIT_17s0000g06790,368,0.1766,flavin-containing monooxygenase,E1_14_13_8,,vv11000Single_reactions,
263,VIT_14s0083g00080,359,0.1735,Unknown protein,,,,
264,VIT_05s0020g03220,347,0.1676,S-receptor kinase,,,,
265,VIT_13s0156g00580,345,0.1667,S-receptor kinase,,,,
266,VIT_00s0375g00050,346,0.1663,No hit,,,,
267,VIT_16s0039g00310,339,0.1639,Unknown protein,,,,
268,VIT_02s0025g03300,328,0.1589,Potassium channel tetramerisation domain-containing protein,KCTREL,,vv50101Channels_and_pores,
269,VIT_09s0002g05440,329,0.1583,ABC transporter g family pleiotropic drug resistance 12 PDR12,ABCGPDR12,,vv52010ABC_transporters,
270,VIT_17s0000g05350,320,0.1552,5-formyltetrahydrofolate cycloligase,E6_3_3_2,,vv10670One_carbon_pool_by_folate,
271,VIT_14s0006g01410,318,0.1545,fructokinase-2,E2_7_1_4,,vv10051Fructose_and_mannose_metabolism,vv10500Starch_and_sucrose_metabolism
272,VIT_13s0074g00570,313,0.1519,Gamma-aminobutyric acid transporter,GAT1,,vv50123Porters_cat_18_to_29,
273,VIT_13s0019g01810,314,0.1515,Scarecrow transcription factor 14 (SCL14),SCL14_3,,vv60032GRAS,
274,VIT_19s0177g00340,312,0.1506,Unknown protein,,,,
275,VIT_03s0038g00800,305,0.1471,NADP-dependent D-sorbitol-6-phosphate dehydrogenase,E1_1_1_140,,vv10051Fructose_and_mannose_metabolism,
276,VIT_00s0301g00040,303,0.1467,Glycine-rich protein,,,,
277,VIT_12s0028g02500,303,0.1461,Unknown protein,,,,
278,VIT_03s0088g00710,299,0.1444,Pathogenesis-related protein 1 precursor (PRP 1),PRP1,,vv30011Jasmonate_signaling,vv34626Plant-pathogen_interaction
279,VIT_08s0056g00040,294,0.1431,WD-40 repeat protein,,,,
280,VIT_00s0204g00070,296,0.1429,Unknown protein,,,,
281,VIT_04s0023g01080,291,0.1417,Lys Motif-Type Receptor-Like Kinase LYK4,,,,
282,VIT_01s0127g00150,291,0.1414,Menaquinone biosynthesis methyltransferase ubiE,K03183,,vv10130Ubiquinone_biosynthesis,
283,VIT_02s0234g00130,290,0.141,Ethylene responsive element binding factor 1,ERF1_9,VvERF076,vv30008Ethylene_signaling,vv30011Jasmonate_signaling
284,VIT_03s0063g01500,287,0.139,CYP82C3,,,,
285,VIT_05s0020g03440,286,0.1383,Photosystem II 11 kDa protein PSB27,K08902,,vv10195Photosynthesis,vv50135Primary_active_transporter_cat_D3_to_E2
286,VIT_09s0002g06400,283,0.1364,No hit,,,,
287,VIT_18s0001g03850,279,0.1353,Ribosomal protein S10 30S,K02946,,vv23010Ribosome,
288,VIT_11s0016g01340,279,0.1347,Unknown protein,,,,
289,VIT_09s0018g01550,277,0.1341,Trimethylguanosine synthase,K14292,,vv23013RNA_transport,
290,VIT_18s0117g00080,277,0.1339,R protein L6,K13477,,vv34627R_proteins_from_Plant-pathogen_interaction,
291,VIT_11s0016g01780,275,0.1331,HAB1 (homology toABI1),HAB1,,vv30001ABA_signaling,
292,VIT_17s0000g06860,269,0.1294,SNAP25ous protein SNAP30,K08509,,vv24130SNARE_interactions_in_vesicular_transport,
293,VIT_10s0042g01200,267,0.1292,ARGONAUTE 2 (AGO2),,,,
294,VIT_00s2776g00010,265,0.128,S-locus lectin protein kinase,,,,
295,VIT_18s0001g15660,258,0.1247,Pathogen-related,,,,
296,VIT_10s0003g00150,257,0.1243,NSL1 (necrotic spotted lesions 1),,,,
297,VIT_12s0121g00300,255,0.1242,Brassinosteroid insensitive 1-associated receptor kinase 1,BAK1,,vv30005Brassinosteroids_signaling,vv34626Plant-pathogen_interaction
298,VIT_12s0057g00300,255,0.1235,Unknown protein,,,,
299,VIT_08s0007g05580,255,0.1233,Embryo-abundant protein,,,,
300,VIT_13s0067g02940,255,0.1227,Amidohydrolase 3,,,,
301,VIT_16s0013g00070<br>VIT_16s0039g02840<br>VIT_16s0013g00810,250,0.1207,,,,,
302,VIT_13s0019g04890,248,0.1195,Shugoshin-1,,,,
303,VIT_05s0094g01670,246,0.1187,PP1/PP2A phosphatases pleiotropic regulator PRL1,K12862,,vv23040Spliceosome,vv50109Incompletely_characterized_transport_systems
304,VIT_11s0037g00340,241,0.1177,Homoserine kinase (HSK),E2_7_1_39,,vv10260Glycine_serine_and_threonine_metabolism,
305,VIT_17s0000g04660,240,0.1163,Agmatine deiminase,E3_5_3_12,,vv10220Urea_cycle_and_metabolism_of_amino_groups,
306,VIT_05s0020g04380,234,0.1131,Calcium-transporting ATPase 13 ACA13,K01537,,vv34020Calcium_signaling_pathway,vv50131Primary_active_transporter_cat_A2_to_A4
307,VIT_07s0005g04400,234,0.1129,Photosystem II reaction centre W (PsbW),K08903,,vv10195Photosynthesis,vv50135Primary_active_transporter_cat_D3_to_E2
308,VIT_18s0001g11230,231,0.1113,OSB1 (organellar single-stranded),,,,
309,VIT_07s0031g02640,230,0.1109,Zinc finger (C3HC4-type ring finger),ZFC3HC4_31,,vv60078Other_zf-C3HC4,
310,VIT_19s0015g00290,228,0.1099,No hit,,,,
311,VIT_02s0025g00540,225,0.1086,Unknown,,,,
312,VIT_16s0050g00410,219,0.106,Photoassimilate-responsive protein PAR-1a,,,,
313,VIT_12s0059g01660,219,0.1057,3-oxoacyl-[acyl-carrier-protein] synthase II,E2_3_1_179,,vv10061Fatty_acid_biosynthesis,
314,VIT_17s0000g07780,217,0.1041,Calmodulin-binding protein,K02183,,vv34020Calcium_signaling_pathway,vv34626Plant-pathogen_interaction
315,VIT_11s0037g00200,215,0.1039,Unknown,,,,
316,VIT_10s0003g03790,213,0.1035,Jasmonate ZIM domain-containing protein 8,JAZ8_2,,vv30011Jasmonate_signaling,vv60069ZIM
317,VIT_09s0002g04070,214,0.1034,Unknown protein,,,,
318,VIT_13s0019g03670,212,0.1029,Unknown protein,,,,
319,VIT_09s0002g02950,214,0.1028,No hit,,,,
320,VIT_09s0054g00580<br>VIT_09s0054g00570,212,0.1026,,,,,
321,VIT_07s0104g00810,205,0.0988,Lipoyltransferase (LIP2p),E2_3_1_181,,vv10061Fatty_acid_biosynthesis,
322,VIT_14s0066g01080,203,0.0983,ADP-ribosylation factor A1B,ARFA1B,,vv50110Protein_coat,
323,VIT_03s0088g01180,203,0.0981,Proline iminopeptidase,E3_4_11_5,,vv10330Arginine_and_proline_metabolism,
324,VIT_09s0002g05210,202,0.0976,F-box family protein,,,,
325,VIT_04s0069g00470,200,0.097,No hit,,,,
326,VIT_09s0002g02970,197,0.095,Unknown,,,,
327,VIT_16s0050g02230,196,0.0949,Chitinase [Vitis vinifera],E3_2_1_14,,vv10530Aminosugars_metabolism,
328,VIT_12s0055g00490,191,0.0925,Accumulation and replication of chloroplast 5,ARC5,,vv44110Cell_cycle,vv50109Incompletely_characterized_transport_systems
329,VIT_14s0128g00540<br>VIT_14s0128g00570<br>VIT_14s0128g00600,187,0.091,,,,,
330,VIT_18s0001g10200<br>VIT_18s0001g10230,188,0.0908,,,,,
331,VIT_06s0004g07780,187,0.0905,No hit,,,,
332,VIT_16s0022g01880,186,0.0896,No hit,,,,
333,VIT_16s0100g01110,177,0.0851,Resveratrol synthase (RS1),E2_3_1_95,,vv10940Phenylpropanoid_biosynthesis,
334,VIT_18s0001g10760,173,0.0843,Strictosidine synthase,E4_3_3_2,,vv10900Terpenoid_biosynthesis,vv10902Monoterpenoid_biosynthesis
335,VIT_10s0116g01200,174,0.0841,WRKY DNA-binding protein 6,WRKY6_1,VvWRKY29,vv60066WRKY,
336,VIT_08s0040g03010,172,0.0829,Pigment defective 149,PDE149,,vv50109Incompletely_characterized_transport_systems,
337,VIT_01s0010g03600,170,0.0819,Rubber elongation factor (REF),,,,
338,VIT_17s0000g05360,167,0.0804,Germin,,,,
339,VIT_03s0038g00840,164,0.0798,BPC4/BBR/BPC4/BPC4,BPC4,,vv60009BBR,
340,VIT_08s0040g03100,163,0.079,Glutathione S-transferase GSTO1,E2_5_1_18_GSTO1,,vv10480Glutathione_metabolism,
341,VIT_14s0083g00920,159,0.0767,No hit,,,,
342,VIT_06s0009g02040,160,0.0766,Plectin (myosin-like),K10388,,vv44810Regulation_of_actin_cytoskeleton,
343,VIT_13s0084g00670,157,0.0763,Unknown protein,,,,
344,VIT_01s0011g00380,158,0.076,SP1L1 (SPIRAL1-like1),,,,
345,VIT_19s0015g01760,157,0.076,Photosystem I reaction center subunit V (PSAG),K08905,,vv10195Photosynthesis,vv50105Transport_electron_carriers
346,VIT_09s0002g05380,156,0.0757,ABC transporter g family pleiotropic drug resistance 12 PDR12,ABCGPDR12,,vv52010ABC_transporters,
347,VIT_13s0019g01470,157,0.0757,Geranylgeranyltransferase type I beta subunit,E2_5_1_59,,vv10100Biosynthesis_of_steroids,
348,VIT_02s0012g00110,156,0.0754,Chromatin remodeling 31,CHR31,,vv60058SNF2,
349,VIT_18s0075g00530,155,0.0746,Laccase,E1_10_3_2,,vv11000Single_reactions,vv50109Incompletely_characterized_transport_systems
350,VIT_01s0010g02360,153,0.0742,Thimet oligopeptidase,E3_4_24_15,,,
351,VIT_19s0014g01370,149,0.0723,Curculin (mannose-binding) lectin,,,,
352,VIT_16s0039g00350,148,0.0719,Unknown protein,,,,
353,VIT_17s0000g07560,148,0.0714,EDS1 (Enhanced disease susceptibility 1),EDS1,,vv30011Jasmonate_signaling,
354,VIT_15s0021g02090,142,0.0685,DnaJ homolog  subfamily A  member 2,K09503,,vv50132Primary_active_transporter_cat_A5_to_A8,
355,VIT_00s0409g00010,141,0.0682,Receptor kinase RK20-1,,,,
356,VIT_13s0064g01430,140,0.0677,Pigment defective 322,CP33,,,
357,VIT_01s0150g00120,137,0.0665,Ethylene-responsive transcription factor ERF114,ERF114_2,VvERF112,vv30008Ethylene_signaling,vv60003AP2_EREBP
358,VIT_04s0008g05340,138,0.0663,Bundle-sheath defective protein 2,,,,
359,VIT_10s0042g00310<br>VIT_18s0075g00100,136,0.0657,,,,,
360,VIT_04s0044g01200,136,0.0656,Auxin-independent growth promoter,,,,
361,VIT_13s0019g01440,134,0.0645,No hit,,,,
362,VIT_06s0004g04950,133,0.0644,Scarecrow-like transcription factor 14 SCL14,SCL14_11,,vv60032GRAS,
363,VIT_16s0050g02210,131,0.0633,Chitinase III [Vitis vinifera],E3_2_1_14,,vv10530Aminosugars_metabolism,
364,VIT_19s0085g00230,130,0.0631,Transcription termination factor mitochondrial mTERF,MTERF_30,,vv60085MTERF,
365,VIT_02s0012g00730,129,0.0624,Purine permease 10 PUP10,PUP10,,vv50122Porters_cat_7_to_17,
366,VIT_16s0100g00050,128,0.062,Protein kinase,,,,
367,VIT_03s0038g02960,128,0.0617,Pentatricopeptide (PPR) repeat-containing protein,,,,
368,VIT_08s0007g00980,121,0.0585,Integral membrane family protein UPF0497,,,,
369,VIT_18s0001g00920<br>VIT_18s0075g00590<br>VIT_18s0001g00850<br>VIT_18s0075g00780<br>VIT_18s0001g00790<br>VIT_18s0001g00730<br>VIT_18s0001g00310<br>VIT_18s0075g00620<br>VIT_18s0075g00540<br>VIT_18s0075g00600<br>VIT_18s0075g00580<br>VIT_00s0481g00020<br>VIT_18s0001g00930,120,0.058,,,,,
370,VIT_05s0020g01080,119,0.0579,Unknown,,,,
371,VIT_13s0019g00980,118,0.0571,GTP binding protein,,,,
372,VIT_09s0002g03640,118,0.0569,ABC transporter g family pleiotropic drug resistance 7 PDR7,ABCGPDR7,,vv52010ABC_transporters,
373,VIT_03s0017g02110,117,0.0567,Anthocyanidin 3-O-glucosyltransferase,E2_4_1_115,,vv10942Anthocyanin_biosynthesis,
374,VIT_19s0014g04280,117,0.0563,S-locus protein kinase,,,,
375,VIT_01s0010g03010,116,0.0562,Calcium-binding EF-hand,K13448_CML38,,vv34626Plant-pathogen_interaction,
376,VIT_13s0019g03520,115,0.0555,No hit,,,,
377,VIT_09s0002g05560,115,0.0554,ABC transporter g family pleiotropic drug resistance 12 PDR12,ABCGPDR12,,vv52010ABC_transporters,
378,VIT_06s0004g07380,114,0.0552,Acyl-carrier protein S-malonyltransferase,E2_3_1_39,,vv10061Fatty_acid_biosynthesis,
379,VIT_00s0531g00010,113,0.0544,HEAT repeat-containing protein,,,,
380,VIT_00s0253g00060,109,0.0529,OBF binding protein 2,OBP2,,vv60015C2C2-DOF,
381,VIT_14s0081g00190,109,0.0526,No hit,,,,
382,VIT_18s0001g11650,108,0.0522,Pentatricopeptide repeat,,,,
383,VIT_18s0001g09060,106,0.0514,Unknown protein,,,,
384,VIT_00s0160g00290,105,0.0508,No hit,,,,
385,VIT_07s0031g01130,105,0.0505,Ascorbate oxidase,E1_10_3_3,,vv10053Ascorbate_and_aldarate_metabolism,vv50109Incompletely_characterized_transport_systems
386,VIT_01s0010g02990<br>VIT_01s0010g03000,101,0.0487,,,,,
387,VIT_11s0016g01690,97,0.047,Unknown protein,,,,
388,VIT_07s0031g01660,96,0.0462,CYP86A2,,,,
389,VIT_07s0031g01500,95,0.0461,Unknown protein,,,,
390,VIT_03s0017g01460,95,0.046,No hit,,,,
391,VIT_05s0020g03190,91,0.044,Haloacid dehalogenase hydrolase,E3_1_3_18,,vv10630Glyoxylate_and_dicarboxylate_metabolism,
392,VIT_07s0031g01380,89,0.0431,ferulate 5-hydroxylase,K09755,,vv10940Phenylpropanoid_biosynthesis,
393,VIT_17s0000g04750,88,0.0427,UDP-glycosyltransferase 89B2,E2_4_1_17,,vv10040Pentose_glucuronate_interconversion,vv10500Starch_and_sucrose_metabolism
394,VIT_03s0038g03400,88,0.0424,Endochitinase 1  basic,E3_2_1_14,,vv10530Aminosugars_metabolism,
395,VIT_17s0000g02220,86,0.0415,No hit,,,,
396,VIT_18s0001g04280,84,0.0409,(-)-germacrene D synthase,E4_2_3_22,,vv10900Terpenoid_biosynthesis,
397,VIT_09s0002g04720,85,0.0409,Coatomer protein complex  subunit beta 2,COPB2,,vv50110Protein_coat,
398,VIT_15s0024g00680,84,0.0407,No hit,,,,
399,VIT_00s0299g00070,83,0.0403,Unknown protein,,,,
400,VIT_15s0021g01260,83,0.0402,Unknown,,,,
401,VIT_00s0131g00330,82,0.0395,F-box family protein,,,,
402,VIT_01s0182g00020,82,0.0394,Ankyrin repeat family protein,,,,
403,VIT_15s0048g01350,81,0.0389,Gibberellin receptor GID1L3,GID1C,,vv30010Gibberellin_signaling,
404,VIT_04s0044g00270,80,0.0387,Monooxygenase (MO3),,,,
405,VIT_08s0007g07200,79,0.0384,Tocotrienol/plastoquinone prenyltransferase,K09833,,vv10100Biosynthesis_of_steroids,
406,VIT_03s0017g00540,79,0.0381,Subtilase,,,,
407,VIT_03s0063g02290,78,0.0379,Unknown protein,,,,
408,VIT_01s0010g02450,78,0.0378,B12D,,,,
409,VIT_07s0104g00300,78,0.0378,Hemolysin,K06442,,vv50109Incompletely_characterized_transport_systems,
410,VIT_14s0030g00470,78,0.0377,Stress regulated protein isoform 3,,,,
411,VIT_09s0018g01660,78,0.0377,Biopterin transport-related protein BT1,BIOPTERIN,,vv50125Porters_cat_66_to_94,
412,VIT_14s0068g01570,77,0.0373,Glutaredoxin-like,,,,
413,VIT_07s0005g00680,76,0.0368,Exocyst complex subunit Sec15B,SEC15B,,vv50111Tethering_factors,
414,VIT_00s0332g00100,75,0.0363,No hit,,,,
415,VIT_19s0015g00010,75,0.0361,ABC transporter C member 9,K05033,,vv52010ABC_transporters,
416,VIT_06s0004g00020,73,0.0355,NAC domain containing protein 32,NAC032,VvNAC44,vv60046NAC,
417,VIT_14s0108g00080,73,0.0353,V-type H+-transporting ATPase subunit AC39,K02146,,vv10190Oxidative_phosphorylation,vv44145Phagosome
418,VIT_00s0347g00050,72,0.0347,Ser/Thr receptor-like kinase1,,,,
419,VIT_12s0055g00800,72,0.0347,Arachidonic acid-induced DEA1,,,,
420,VIT_12s0057g01090,71,0.0341,Nudix hydrolase 2,,,,
421,VIT_11s0016g04050,70,0.034,No hit,,,,
422,VIT_18s0086g00410,69,0.0335,Auxin-binding protein ABP19,ABP19,,vv30003Auxin_signaling,
423,VIT_18s0001g08870,69,0.0334,Unknown,,,,
424,VIT_02s0025g02930,69,0.0333,Caffeic acid O-3-methyltransferase,E2_1_1_68,,vv10940Phenylpropanoid_biosynthesis,
425,VIT_05s0020g01140,69,0.0333,Ribosomal protein L18,K02881,,vv23010Ribosome,
426,VIT_01s0011g03830,67,0.0325,Metallo-beta-lactamase,E3_5_2_6,,vv10311Penicillin_and_cephalosporin_biosynthesis,
427,VIT_19s0014g04080,67,0.0323,Serine/threonine-protein kinase receptor ARK3,,,,
428,VIT_00s0211g00050,67,0.0323,Protein BRICK1 (AtBRK1),K05752,,vv44810Regulation_of_actin_cytoskeleton,
429,VIT_14s0030g00350,66,0.0318,RKF3 (receptor-like kinase IN in flowers 3),RKF3,,vv60042MADS,
430,VIT_02s0025g02920,66,0.0317,Quercetin 3-O-methyltransferase 1,E2_1_1_76,,vv10941Flavonoid_biosynthesis,
431,VIT_06s0004g06980,63,0.0304,Phytol kinase 2  chloroplast precursor,VTE5,,vv10860Porphyrin_and_chlorophyll_metabolism,
432,VIT_17s0119g00150,62,0.0302,Alpha-amylase/subtilisin inhibitor,E3_2_1_1,,vv10500Starch_and_sucrose_metabolism,
433,VIT_10s0003g03850,62,0.03,Protease Do-like 5,,,,
434,VIT_19s0027g00380,60,0.0291,Amine oxidase,E1_4_3_4,,vv10220Urea_cycle_and_metabolism_of_amino_groups,vv10340Histidine_metabolism
435,VIT_19s0014g01020,60,0.0289,Protein transport protein Sec61 subunit alpha,K10956,,vv23060Protein_export,vv24141Protein_processing_in_endoplasmic_reticulum
436,VIT_12s0121g00040,58,0.0281,No hit,,,,
437,VIT_07s0031g02780,57,0.0276,Cyclase/dehydrase,,,,
438,VIT_00s0299g00080,57,0.0275,Unknown,,,,
439,VIT_09s0002g07250,56,0.0271,No hit,,,,
440,VIT_12s0057g01430,54,0.026,Heavy-metal-associated domain-containing protein,,,,
441,VIT_16s0013g01510,53,0.0258,WD-repeat protein 8,,,,
442,VIT_14s0128g00020,53,0.0257,Na+/H+ exchanger,NHX1,,vv50124Porters_cat_30_to_64,
443,VIT_00s0187g00020,52,0.025,No hit,,,,
444,VIT_19s0014g02950,51,0.0246,No hit,,,,
445,VIT_01s0011g03560,50,0.0241,fiber protein Fb34,,,,
446,VIT_02s0033g01390,50,0.024,No hit,,,,
447,VIT_17s0000g08200,49,0.0238,Phosphoglycerate/bisphosphoglycerate mutase,E5_4_2_1,,vv10010Glycolysis,
448,VIT_01s0011g06140,49,0.0237,Avr9/Cf-9 rapidly elicited protein,,,,
449,VIT_07s0005g04330,49,0.0236,Blight-associated protein p12 precursor,,,,
450,VIT_17s0000g03130,48,0.0233,Unknown protein,,,,
451,VIT_14s0068g02110,48,0.0233,Sulfite oxidase,E1_8_3_1,,vv10920Sulfur_metabolism,
452,VIT_11s0016g01610,48,0.0232,Unknown,,,,
453,VIT_00s0181g00170,48,0.0232,F-box family protein,,,,
454,VIT_04s0043g00380,47,0.0226,Unknown protein,,,,
455,VIT_09s0070g00490,45,0.0216,Protein phosphatase 2C,E3_1_3_16,,,
456,VIT_10s0071g01210,43,0.0208,No hit,,,,
457,VIT_00s0160g00300,43,0.0208,No hit,,,,
458,VIT_18s0001g12470,43,0.0207,Dehydration-responsive protein,,,,
459,VIT_02s0025g02940,41,0.0198,Caffeic acid O-3-methyltransferase,E2_1_1_68,,vv10940Phenylpropanoid_biosynthesis,
460,VIT_05s0094g00200,41,0.0198,Chitinase class IV,E3_2_1_14,,vv10530Aminosugars_metabolism,
461,VIT_13s0067g01730,41,0.0197,Steroid 5alpha-reductase,K09591,,vv10905Brassinosteroid_biosynthesis,
462,VIT_18s0001g05110,40,0.0193,DNA2-NAM7 helicase,,,,
463,VIT_02s0012g01020,39,0.0189,Zinc finger (C3HC4-type ring finger),ZFC3HC4_174,,vv60078Other_zf-C3HC4,
464,VIT_00s0204g00040,38,0.0184,Unknown protein,,,,
465,VIT_16s0050g01690,38,0.0183,Receptor kinase homolog LRK10,,,,
466,VIT_04s0023g01170,37,0.0178,Unknown protein,,,,
467,VIT_05s0049g00840<br>VIT_05s0049g00780<br>VIT_05s0049g00800,35,0.017,,,,,
468,VIT_18s0117g00300,35,0.017,Coatomer protein complex  subunit beta 2,COPB2,,vv50110Protein_coat,
469,VIT_06s0004g05110,35,0.0169,Unknown,,,,
470,VIT_09s0054g00780,35,0.0169,Pseudouridine synthase,E4_2_1_70,,vv10240Pyrimidine_metabolism,
471,VIT_10s0092g00200,35,0.0169,Drug/metabolite transporter DMT family transporter,DMT,,vv50122Porters_cat_7_to_17,
472,VIT_09s0002g06890,34,0.0165,Dicyanin blue copper protein,,,,
473,VIT_14s0006g00910,34,0.0165,ATA15 protein,,,,
474,VIT_15s0046g03550,34,0.0164,(+)-neomenthol dehydrogenase,E1_1_1_208,,vv10902Monoterpenoid_biosynthesis,
475,VIT_12s0055g00040,33,0.016,CCR4-NOT transcription complex subunit 2,K12605,,vv23018RNA_degradation,
476,VIT_08s0007g04700,32,0.0155,Phosphatidylinositol-4-phosphate 5-kinase,E2_7_1_68,,vv10562Inositol_phosphate_metabolism,vv34070Phosphatidylinositol_signaling_system
477,VIT_13s0106g00740,32,0.0155,Bile acid:sodium symporter,K03453,,vv50123Porters_cat_18_to_29,
478,VIT_00s0218g00180,32,0.0155,Geranylgeranyl transferase type-2 beta subunit.,E2_5_1_60,,vv10100Biosynthesis_of_steroids,
479,VIT_10s0042g00380,32,0.0154,Kinesin family member 2/24,K10393,,vv44810Regulation_of_actin_cytoskeleton,
480,VIT_13s0147g00160,31,0.015,Aluminium-tolerance ALMT1,ALMT1,,vv50125Porters_cat_66_to_94,
481,VIT_14s0006g02770,31,0.015,Proton-dependent oligopeptide transport (POT) family protein,POT,,vv50122Porters_cat_7_to_17,
482,VIT_00s0207g00080,31,0.015,UDP-galactose transporter 6,UTR6,,vv50122Porters_cat_7_to_17,
483,VIT_07s0104g00220,30,0.0146,Phenazine biosynthesis PhzC/PhzF,K06998,,vv10400Phenylalanine_tyrosine_and_tryptophan_biosynthesis,
484,VIT_01s0011g03610,30,0.0144,MAPK activating protein,,,,
485,VIT_17s0000g06390,29,0.014,Pentatricopeptide (PPR) repeat-containing protein,,,,
486,VIT_14s0066g00220,29,0.014,Elongation factor EF-Tu RABE1B,K02358,,vv34626Plant-pathogen_interaction,
487,VIT_03s0088g00010,28,0.0136,Concanavalin A lectin,,,,
488,VIT_01s0011g04210,28,0.0135,Amino acid permease,AAPREL,,vv50123Porters_cat_18_to_29,
489,VIT_13s0019g01010,27,0.0131,ABA2 (ABA deficient 2),E1_1_1_288,,vv10906Carotenoid_biosynthesis,vv11013ABA_biosynthesis
490,VIT_06s0004g04180,27,0.0131,Zinc finger (C2H2 type) protein (ZAT11),ZAT11,,vv60017C2H2,
491,VIT_01s0137g00210,27,0.013,Photosystem II core complex proteins psbY  chloroplast precursor,K02723,,vv10195Photosynthesis,vv50135Primary_active_transporter_cat_D3_to_E2
492,VIT_03s0038g03810,27,0.013,Serine/threonine Protein kinase BNK1,,,,
493,VIT_08s0058g01050,26,0.0126,Unknown protein,,,,
494,VIT_10s0003g04350,26,0.0126,Photosystem I subunit X (PSAK),K02698,,vv10195Photosynthesis,vv50105Transport_electron_carriers
495,VIT_14s0006g00780,26,0.0126,No hit,,,,
496,VIT_15s0045g00390,26,0.0125,No hit,,,,
497,VIT_01s0150g00410,25,0.0121,Unknown protein,,,,
498,VIT_05s0049g00640,25,0.0121,Unknown,,,,
499,VIT_07s0104g01560,24,0.0116,Transcription termination factor mitochondrial mTERF,MTERF_32,,vv60085MTERF,
500,VIT_18s0001g12090,24,0.0116,Unknown protein,,,,
501,VIT_14s0171g00190,24,0.0115,Protoporphyrinogen oxidase,E1_3_3_4,,vv10860Porphyrin_and_chlorophyll_metabolism,
502,VIT_18s0001g11630,23,0.0111,Allene oxide synthase,E4_2_1_92,,vv10592alpha-Linolenic_acid_metabolism,
503,VIT_08s0058g01320,23,0.0111,Unknown,,,,
504,VIT_11s0118g00080,22,0.0107,Disease resistance protein,,,,
505,VIT_19s0085g00850,22,0.0107,LEM3 (ligand-effect modulator 3),LEM3,,vv50108Accessory_factors_involved_in_transport,
506,VIT_05s0077g00960,22,0.0107,Ferredoxin 4Fe-4S  iron-sulfur binding,K04755,,,
507,VIT_05s0049g00910,22,0.0107,No hit,,,,
508,VIT_01s0011g05440,22,0.0106,Unknown protein,,,,
509,VIT_14s0081g00580,21,0.0102,GPI-anchor transamidase,K05289,,vv10563Glycosylphosphatidylinositol-anchor_biosynthesis,
510,VIT_06s0009g02600<br>VIT_06s0009g02630,21,0.0102,,,,,
511,VIT_17s0000g09200,21,0.0101,Unknown protein,,,,
512,VIT_01s0026g02590,21,0.0101,Calcium-binding protein CML,K13448,,vv34626Plant-pathogen_interaction,
513,VIT_09s0002g00380,20,0.0097,1-phosphatidylinositol-3-phosphate 5-kinase,K00921,,vv10562Inositol_phosphate_metabolism,vv44145Phagosome
514,VIT_13s0064g01110,20,0.0096,No hit,,,,
515,VIT_17s0000g08480,20,0.0096,ATMYB66/WER/WER1 (WEREWOLF 1),WEREWOLF_6,MYB157,vv44110Cell_cycle,vv60044MYB
516,VIT_06s0004g01540,19,0.0092,Oxidoreductase,,,,
517,VIT_05s0102g00610,19,0.0092,No hit,,,,
518,VIT_14s0128g00680,19,0.0092,Germin,,,,
519,VIT_09s0002g00160,19,0.0092,Histone H2A.4 HTA12,H2A4,,,
520,VIT_07s0031g01120,19,0.0092,Ascorbate oxidase,E1_10_3_3,,vv10053Ascorbate_and_aldarate_metabolism,vv50109Incompletely_characterized_transport_systems
521,VIT_06s0004g04130,19,0.0092,Protein tyrosine phosphatase protein (PAS2),K01104,,,
522,VIT_05s0102g00940,19,0.0092,R protein  PRF  disease resistance protein,K13453,,vv34627R_proteins_from_Plant-pathogen_interaction,
523,VIT_03s0038g02460,19,0.0092,CDP-diacylglycerol--inositol 3-phosphatidyltransferase 1,E2_7_8_11,,vv10564Glycerophospholipid_metabolism,vv34070Phosphatidylinositol_signaling_system
524,VIT_00s0194g00220,19,0.0091,Unknown,,,,
525,VIT_03s0091g00580,19,0.0091,Protein Mpv17,K13348,,vv44146Peroxisome,
526,VIT_07s0031g01710,19,0.0091,WRKY DNA-binding protein 51,WRKY51_3,VvWRKY22,vv60066WRKY,
527,VIT_00s0208g00080,18,0.0087,Oxidosqualene Cyclase,E5_4_99_7,,vv10100Biosynthesis_of_steroids,
528,VIT_08s0058g00880,18,0.0087,Class E vacuolar protein-sorting machinery protein HSE1,HSE1,,vv50111Tethering_factors,
529,VIT_18s0122g00690,18,0.0087,Laccase,E1_10_3_2,,vv11000Single_reactions,vv50109Incompletely_characterized_transport_systems
530,VIT_14s0108g01440,18,0.0087,Unknown protein,,,,
531,VIT_13s0019g04060,18,0.0087,MLO1,K08472,,,
532,VIT_15s0021g01590,18,0.0086,RKL1 (Receptor-like kinase 1),,,,
533,VIT_08s0040g00030,17,0.0083,No hit,,,,
534,VIT_03s0063g00270,17,0.0082,Unknown protein,,,,
535,VIT_05s0077g00450,17,0.0082,Ribosomal protein S1 30S,K02945,,vv23010Ribosome,
536,VIT_08s0007g02810,17,0.0082,Regulator of the ATPase vacuolar RAV2,RAV2,VvRAV5,vv60001ABI3VP1,
537,VIT_19s0014g04940,17,0.0082,Chitin-inducible gibberellin-responsive protein 1,CIGR1,,vv30010Gibberellin_signaling,vv60032GRAS
538,VIT_18s0001g13340,16,0.0077,Purple acid phosphatase 32- ATPAP32/PAP32,E3_1_3_2,,vv10740Riboflavin_metabolism,
539,VIT_06s0004g01580,16,0.0077,Lipoxygenase,E1_13_11_12,,vv10592alpha-Linolenic_acid_metabolism,
540,VIT_19s0090g00210,16,0.0077,DTW domain-containing protein,,,,
541,VIT_02s0025g04250,16,0.0077,Osmotin,,,,
542,VIT_06s0004g08290,16,0.0077,KH domain-containing protein,,,,
543,VIT_12s0134g00350,15,0.0073,Zinc finger (C3HC4-type ring finger),ZFC3HC4_228,,vv60078Other_zf-C3HC4,
544,VIT_11s0016g03710,15,0.0073,Abl interactor protein 1 (ABIL1),,,,
545,VIT_01s0146g00320,15,0.0073,No hit,,,,
546,VIT_16s0022g00700,15,0.0073,Pectinesterase family,E3_1_1_11,,vv40006Cell_wall,
547,VIT_08s0007g01230,15,0.0073,Lectin protein kinase,,,,
548,VIT_01s0011g03590,15,0.0072,Ribosomal protein L15  chloroplast (CL15) 50S,K02876,,vv23010Ribosome,
549,VIT_00s0945g00010,15,0.0072,Unknown protein,,,,
550,VIT_18s0117g00290,15,0.0072,Coatomer protein complex  subunit beta 2,COPB2,,vv50110Protein_coat,
551,VIT_03s0063g01790,15,0.0072,Transducin protein,,,,
552,VIT_05s0077g01710,15,0.0072,U3 small nucleolar RNA-associated protein 5,K14546,,vv23008Ribosome_biogenesis_in_Eukaryotes,
553,VIT_15s0048g01820,15,0.0072,Acclimation of photosynthesis to environment APE1,,,,
554,VIT_00s0743g00020,14,0.0068,S-locus lectin protein kinase,,,,
555,VIT_05s0029g00170,13,0.0063,Small ubiquitin modifier 2 (SUMO),K12160,,vv23013RNA_transport,vv50112Nuclear_pore_complex
556,VIT_02s0033g00710,13,0.0063,No hit,,,,
557,VIT_06s0009g03770,13,0.0063,Phycoerythrobilin ferredoxin oxidoreductase,E1_3_7_4,,vv10860Porphyrin_and_chlorophyll_metabolism,
558,VIT_01s0011g01850,13,0.0063,Cytochrome c6 (ATC6),K08906,,vv10195Photosynthesis,vv50105Transport_electron_carriers
559,VIT_08s0056g01520,13,0.0063,Acetylglucosaminyltransferase,E2_4_1_223,,vv11030Glycan_structures-biosynthesis1,
560,VIT_19s0014g04450,13,0.0063,S-locus protein kinase,,,,
561,VIT_02s0154g00300,12,0.0058,Small nuclear ribonucleoprotein Sm D3,K04796,,,
562,VIT_19s0014g02650,12,0.0058,Glycosyl transferase family 14 protein,,,,
563,VIT_14s0006g02630,12,0.0058,Receptor-like kinase ARK1AS,,,,
564,VIT_14s0128g00030,12,0.0058,Unknown protein,,,,
565,VIT_02s0025g04300,12,0.0058,Thaumatin,,,,
566,VIT_04s0008g03180,12,0.0058,Unknown protein,,,,
567,VIT_09s0002g00790,11,0.0053,Beta-ketoacyl-ACP synthase II,E2_3_1_41,,vv10061Fatty_acid_biosynthesis,
568,VIT_14s0068g01360,10,0.0049,GEM-like protein 5,,,,
569,VIT_03s0091g00160,10,0.0049,NtPRp27 secretory protein,,,,
570,VIT_04s0008g04310,10,0.0049,Oxygen-evolving complex PsbP,K02717,,vv10195Photosynthesis,vv50135Primary_active_transporter_cat_D3_to_E2
571,VIT_16s0148g00290<br>VIT_16s0148g00360<br>VIT_16s0148g00100<br>VIT_00s0258g00140,10,0.0049,,,,,
572,VIT_09s0002g07220,10,0.0048,Unknown,,,,
573,VIT_17s0053g00030,10,0.0048,No hit,,,,
574,VIT_05s0029g00250,10,0.0048,No hit,,,,
575,VIT_14s0036g01060,10,0.0048,Unknown protein,,,,
576,VIT_10s0003g01160,10,0.0048,Basic helix-loop-helix (bHLH) family,BHLHDOM_23,,vv60011BHLH,
577,VIT_14s0066g02530,10,0.0048,Fumarate reductase/succinate dehydrogenase flavoprotein,E1_3_99_1,,vv10020Citrate_cycle,vv10190Oxidative_phosphorylation
578,VIT_18s0001g06370,9,0.0044,L-ascorbate peroxidase  chloroplast,E1_11_1_11,,vv10053Ascorbate_and_aldarate_metabolism,
579,VIT_09s0002g06900,9,0.0044,NtEIG-A1,,,,
580,VIT_13s0064g01100,9,0.0044,No hit,,,,
581,VIT_17s0000g01650,9,0.0044,Cyclopropyl isomerase,E5_5_1_9,,vv10100Biosynthesis_of_steroids,
582,VIT_15s0048g00570,9,0.0044,No hit,,,,
583,VIT_18s0086g00630,9,0.0044,Unknown,,,,
584,VIT_07s0141g00390,9,0.0043,Glutathione reductase (NADPH),E1_8_1_7,,vv10251Glutamate_metabolism,vv10480Glutathione_metabolism
585,VIT_18s0001g11820,9,0.0043,LIM domain containing protein,LIMUIM_1,,vv60040LIM,
586,VIT_03s0063g00410,9,0.0043,Alpha-amylase,E3_2_1_1,,vv10500Starch_and_sucrose_metabolism,
587,VIT_03s0038g00130,9,0.0043,No hit,,,,
588,VIT_14s0068g01250,9,0.0043,Mitochondrial phosphate transporter,MPHOSPTR,,vv50123Porters_cat_18_to_29,
589,VIT_00s0780g00040,9,0.0043,RGLG2 (ring Domain LIGASE2),RGLG2,,vv50004Auxin_transport,
590,VIT_14s0006g01420,9,0.0043,Ser/Thr receptor kinase,,,,
591,VIT_03s0038g02350,9,0.0043,No hit,,,,
592,VIT_08s0058g01290,9,0.0043,Protein kinase AtSIK,,,,
593,VIT_15s0046g01380,9,0.0043,Unknown,,,,
594,VIT_02s0012g01450,8,0.0039,Basic helix-loop-helix BHLH071,BHLH071,,vv60011BHLH,
595,VIT_12s0055g00100,8,0.0038,Anthranilate synthase component 1,E4_1_3_27,,vv10400Phenylalanine_tyrosine_and_tryptophan_biosynthesis,
596,VIT_01s0010g03740,7,0.0034,Transcription termination factor mitochondrial mTERF,MTERF_4,,vv60085MTERF,
597,VIT_13s0019g03990,7,0.0034,Unknown protein,,,,
598,VIT_07s0005g05780,7,0.0034,Pantoate--beta-alanine ligase,E6_3_2_1,,vv10410Beta-alanine_metabolism,vv10770Pantothenate_and_CoA_biosynthesis
599,VIT_12s0028g00860,7,0.0034,NAC domain-containing protein 42,NAC042_5,VvNAC36,vv60046NAC,
600,VIT_03s0091g00150,7,0.0034,NtPRp27 secretory protein,,,,
601,VIT_12s0028g02530,7,0.0034,Zinc finger (C3HC4-type ring finger),ZFC3HC4_36,,vv60078Other_zf-C3HC4,
602,VIT_15s0046g01330,7,0.0034,Nucleotide-sugar transporter family protein,NUCSUGTR,,vv50122Porters_cat_7_to_17,
603,VIT_08s0105g00200,7,0.0034,U-box domain-containing protein,,,,
604,VIT_19s0090g01210,7,0.0034,Trigger factor type chaperone,,,,
605,VIT_11s0016g01620,7,0.0034,Unknown,,,,
606,VIT_14s0171g00390,7,0.0034,DNA-binding storekeeper protein,STOREKEEPER_1,,vv60030GeBP,
607,VIT_02s0025g02240,6,0.0029,WD-40 repeat,,,,
608,VIT_06s0004g04070,6,0.0029,UDP-galactose transporter 5,UTR5,,vv50122Porters_cat_7_to_17,
609,VIT_19s0090g00220,6,0.0029,CRS2-associated factor 2  mitochondrial precursor,,,,
610,VIT_14s0030g00490,6,0.0029,Zinc finger (DHHC type),ZFDHHC_1,,vv60079Other_zf-DHHC,
611,VIT_05s0062g00920,6,0.0029,No hit,,,,
612,VIT_18s0001g13240,6,0.0029,Thioredoxin H-type 1,,,,
613,VIT_06s0009g02280,6,0.0029,Ankyrin repeat,K10380,,vv50108Accessory_factors_involved_in_transport,
614,VIT_19s0015g00660,6,0.0029,E3 ubiquitin-protein ligase HUWE1,K10592,,vv24120Ubiquitin_mediated_proteolysis,
615,VIT_15s0021g01640,6,0.0029,Unknown protein,,,,
616,VIT_00s0479g00010,6,0.0029,Protein kinase 6,,,,
617,VIT_02s0025g00720,6,0.0029,Transmembrane protein FT27/PFT27,PFT27,,vv50109Incompletely_characterized_transport_systems,
618,VIT_19s0090g01290,6,0.0029,Serine/threonine-protein phosphatase PP-X isozyme 2,K01090,,,
619,VIT_05s0020g03280,6,0.0029,Copper amine oxidase,E1_4_3_4,,vv10220Urea_cycle_and_metabolism_of_amino_groups,vv10340Histidine_metabolism
620,VIT_11s0016g02360,6,0.0029,TET2 (tetraspanin2),,,,
621,VIT_08s0105g00450,6,0.0029,Transducin protein,,,,
622,VIT_15s0048g01080,6,0.0029,Unknown,,,,
623,VIT_18s0001g00080,6,0.0029,Laccase,E1_10_3_2,,vv11000Single_reactions,vv50109Incompletely_characterized_transport_systems
624,VIT_17s0000g08540,6,0.0029,Lipase GDSL,,,,
625,VIT_13s0064g00670,6,0.0029,No hit,,,,
626,VIT_04s0008g03530,6,0.0029,Ankyrin repeat,K10380,,vv50108Accessory_factors_involved_in_transport,
627,VIT_08s0007g06950,6,0.0029,Disease resistance-responsive,,,,
628,VIT_00s0194g00020,6,0.0029,DNA-directed RNA polymerase II subunit D,K03012,,vv23020RNA_polymerase,
629,VIT_17s0000g03340,6,0.0029,Wall-associated kinase 4,,,,
630,VIT_18s0089g01390,6,0.0029,Unknown protein,,,,
631,VIT_17s0000g05650,6,0.0029,Unknown protein,,,,
632,VIT_05s0049g01200,6,0.0029,S-locus lectin protein kinase,,,,
633,VIT_19s0090g00060,6,0.0029,Biopterin transport-related protein BT1,BIOPTERIN,,vv50125Porters_cat_66_to_94,
634,VIT_13s0047g00460,6,0.0029,Essential for mitotic growth 1,K14568,,vv23008Ribosome_biogenesis_in_Eukaryotes,
635,VIT_03s0038g03640,6,0.0029,Phosphoglycerate mutase,E5_4_2_1,,vv10010Glycolysis,
636,VIT_00s0214g00170,6,0.0029,Actin-related protein 7,ARP7,,vv44810Regulation_of_actin_cytoskeleton,
637,VIT_18s0001g13870,6,0.0029,Calmodulin binding protein,,,,
638,VIT_10s0116g00910,6,0.0029,CERK1 (chitin elicitor receptor kinase 1),K13429,,vv34626Plant-pathogen_interaction,
639,VIT_09s0002g07120,6,0.0029,Adenine phosphoribosyltransferase,E2_4_2_7,,vv10230Purine_metabolism,
640,VIT_00s0183g00040,6,0.0029,Importin alpha,IMPALPHA,,vv50109Incompletely_characterized_transport_systems,vv50112Nuclear_pore_complex
641,VIT_18s0001g04490,6,0.0029,Germacrene-D synthase,E4_2_3_22,,vv10900Terpenoid_biosynthesis,
642,VIT_10s0071g00950,6,0.0029,Serine/threonine protein phosphatase 2A,K04354,,vv34020Calcium_signaling_pathway,
643,VIT_04s0008g07250,5,0.0024,Aspartyl protease,E3_4_23_x,,,
644,VIT_15s0045g00880<br>VIT_15s0045g00980,4,0.0019,,,,,
645,VIT_18s0001g02970,4,0.0019,Glucose-6-phosphate/phosphate translocator related,GPTREL,,vv50122Porters_cat_7_to_17,
646,VIT_08s0058g00810,4,0.0019,D-alanine--D-alanine ligase,E6_3_2_4,,vv10252Alanine_and_aspartate_metabolism,
647,VIT_16s0100g00900,4,0.0019,Stilbene synthase [Vitis pseudoreticulata],E2_3_1_95,,vv10940Phenylpropanoid_biosynthesis,
648,VIT_05s0020g03680,4,0.0019,GCN5 N-acetyltransferase (GNAT),GCN5_7,,vv60082GNAT,
649,VIT_08s0058g00790,4,0.0019,Secoisolariciresinol dehydrogenase,SIRD,,vv10940Phenylpropanoid_biosynthesis,
650,VIT_02s0012g01730,3,0.0015,Integrase core domain containing protein,,,,
651,VIT_17s0000g04230,3,0.0015,Translation initiation factor eIF-2B delta subunit,K03680,,vv23013RNA_transport,
652,VIT_16s0050g01890,3,0.0015,Unknown,,,,
653,VIT_00s0125g00090,3,0.0015,Leucine-rich repeat protein kinase,,,,
654,VIT_14s0108g00540,3,0.0015,Phosphofructokinase,E2_7_1_90,,vv10051Fructose_and_mannose_metabolism,
655,VIT_09s0002g07950,3,0.0015,No hit,,,,
656,VIT_11s0016g04880,3,0.0015,Salt-inducible protein kinase,,,,
657,VIT_08s0007g00060,3,0.0015,5-oxoprolinase,E3_5_2_9,,vv10480Glutathione_metabolism,
658,VIT_19s0014g03250,3,0.0015,Beta-mannosidase 4,E3_2_1_25,,vv10511N-Glycan_degradation,
659,VIT_16s0148g00210,3,0.0015,Receptor kinase homolog LRK10,,,,
660,VIT_07s0151g00980,3,0.0015,No hit,,,,
661,VIT_15s0048g01470,3,0.0015,Geraniol 10-hydroxylase,G10H,,vv10902Monoterpenoid_biosynthesis,
662,VIT_16s0050g02450,3,0.0015,Proline-rich cell wall protein,,,,
663,VIT_06s0004g06480,3,0.0015,CYP71E,E1_14_13_73,,vv10902Monoterpenoid_biosynthesis,
664,VIT_13s0019g05240,3,0.0015,NAC domain-containing protein 78,NAC078,VvNAC20,vv60046NAC,
665,VIT_06s0009g00970,3,0.0015,Thylakoid lumenal P17.1 protein,,,,
666,VIT_08s0040g01400,3,0.0015,Thylakoid lumenal 15.0 kDa protein 2,,,,
667,VIT_10s0003g04810,3,0.0015,Acyl-[acyl-carrier-protein] desaturase  chloroplastic,E1_14_19_2,,vv11040Biosynthesis_of_unsaturated_fatty_acids,
668,VIT_18s0001g00840,3,0.0015,Syringolide-induced protein 14-1-1,,,,
669,VIT_19s0135g00010,3,0.0015,Ureide permease 2 (AtUPS2),UPS2,,vv50122Porters_cat_7_to_17,
670,VIT_17s0000g06680,3,0.0015,Unknown protein,,,,
671,VIT_13s0019g00020,3,0.0015,Cation efflux MTP11,MTP11,,vv50121Porters_cat_1_to_6,
672,VIT_04s0043g00710,3,0.0015,Hypoxia up-regulated 1 HSP70,K09486,,vv50101Channels_and_pores,
673,VIT_08s0007g08750,3,0.0015,Heat shock transcription factor B3,HSFB3,,vv60037HSF,
674,VIT_06s0004g01630,3,0.0015,Transcription factor jumonji (jmjC) domain-containing protein,JMJD5,,vv60038Jumonji,
675,VIT_10s0003g04040,3,0.0015,Mitochondrial transcription termination factor,MTERF_17,,vv60085MTERF,
676,VIT_17s0000g04820,3,0.0015,BSD domain-containing protein,BSDDOM_7,,vv60075Other_BSD,
677,VIT_03s0038g02840,3,0.0015,Unknown,,,,
678,VIT_19s0015g02420,3,0.0015,Serine/threonine-protein kinase receptor ARK3,,,,
679,VIT_10s0003g00890,3,0.0015,Magnesium-chelatase subunit chlI  chloroplast precursor,E6_6_1_1,,vv10860Porphyrin_and_chlorophyll_metabolism,
680,VIT_18s0001g02950,3,0.0015,Unknown protein,,,,
681,VIT_07s0031g02720,3,0.0015,Myosin heavy chain,K10352,,vv44810Regulation_of_actin_cytoskeleton,
682,VIT_13s0175g00190,3,0.0015,V-type H+-transporting ATPase subunit I,K02154,,vv10190Oxidative_phosphorylation,vv44145Phagosome
683,VIT_14s0083g00460,3,0.0015,Tryptophan synthase beta chain 2,E4_2_1_20,,vv10400Phenylalanine_tyrosine_and_tryptophan_biosynthesis,
684,VIT_01s0010g00510,3,0.0014,Unknown protein,,,,
685,VIT_06s0004g03620,3,0.0014,MAPK MPK13,MPK13,,,
686,VIT_03s0038g00090,3,0.0014,Epoxide hydrolase-like protein,E3_3_2_10,,,
687,VIT_05s0049g01980,3,0.0014,3-isopropylmalate dehydratase large subunit 2,E4_2_1_33,,vv10290Valine_leucine_and_isoleucine_biosynthesis,
688,VIT_02s0025g04320,3,0.0014,Thaumatin,,,,
689,VIT_06s0009g01460,3,0.0014,Homoserine dehydrogenase,E1_1_1_3,,vv10260Glycine_serine_and_threonine_metabolism,vv10300Lysine_biosynthesis
690,VIT_17s0000g01560,3,0.0014,Component of oligomeric golgi complex 2,COG2,,vv50111Tethering_factors,
691,VIT_11s0037g01410,3,0.0014,XBAT32 (XB3 ortholog 2 in Arabidopsis thaliana 32),XBAT32,,vv50108Accessory_factors_involved_in_transport,
692,VIT_06s0004g06040,3,0.0014,ANTR2 (anion transporter 2),ANTR2,,vv50121Porters_cat_1_to_6,
693,VIT_13s0064g00050,3,0.0014,Glutamine-fructose-6-phosphate transaminase 2,E2_6_1_16,,vv10251Glutamate_metabolism,vv10530Aminosugars_metabolism
694,VIT_09s0018g00250,3,0.0014,DNA-3-methyladenine glycosylase I,K01246,,vv23410Base_excision_repair,
695,VIT_05s0020g04640,3,0.0014,Unknown protein,,,,
696,VIT_11s0016g00100,3,0.0014,Adapter protein SPIKE1 (SPK1),,,,
697,VIT_19s0014g05110,3,0.0014,Unknown,,,,
698,VIT_19s0015g01100,3,0.0014,Peptidyl-prolyl cis-trans isomerase  FKBP-type,K01802,,,
699,VIT_00s0748g00020,3,0.0014,Receptor kinase RK20-1,,,,
700,VIT_08s0040g00820,3,0.0014,CYP94A1,,,,
701,VIT_00s0194g00360,3,0.0014,Histone H2A.4 HTA12,H2A4,,,
702,VIT_17s0000g00640,3,0.0014,No hit,,,,
703,VIT_18s0117g00550,3,0.0014,Laccase,E1_10_3_2,,vv11000Single_reactions,vv50109Incompletely_characterized_transport_systems
704,VIT_17s0000g00650,3,0.0014,No hit,,,,
705,VIT_07s0141g00420,3,0.0014,Poly(A)-specific ribonuclease,K01148,,vv23018RNA_degradation,
706,VIT_01s0026g00280,3,0.0014,Trehalose 6-phosphate synthase,E2_4_1_15,,vv10500Starch_and_sucrose_metabolism,
707,VIT_18s0166g00070,3,0.0014,No hit,,,,
708,VIT_11s0016g01470,3,0.0014,Lecithine cholesterol acyltransferase,E2_3_1_43,,vv10564Glycerophospholipid_metabolism,
709,VIT_05s0051g00720,3,0.0014,3-ketoacyl-CoA thiolase PED1,K07513,,vv10062Fatty_acid_elongation_in_mitochondria,vv10071Fatty_acid_metabolism
710,VIT_14s0108g00830,3,0.0014,Myb domain protein 94,MYB94_1,MYB30B,vv60044MYB,
711,VIT_00s0179g00250,3,0.0014,No hit,,,,
712,VIT_07s0005g03760,3,0.0014,Phytochelatin synthase 1 (PCS1),E2_3_2_15,,vv10251Glutamate_metabolism,
713,VIT_19s0014g01330,3,0.0014,Peptide-N4-asparagine amidase A,E3_5_1_52,,,
714,VIT_13s0019g04870,3,0.0014,Unknown protein,,,,
715,VIT_02s0025g04890,3,0.0014,CYP76B1,,,,
716,VIT_04s0043g00720,3,0.0014,Transketolase,E2_2_1_1,,vv10030Pentose_phosphate,vv10710Carbon_fixation
717,VIT_09s0002g06950,3,0.0014,ABC transporter g family pleiotropic drug resistance 12 PDR12,ABCGPDR12,,vv52010ABC_transporters,
718,VIT_07s0005g02050,3,0.0014,Carboxylic ester hydrolase,E3_1_1_1,,,
719,VIT_01s0010g01330,3,0.0014,No hit,,,,
720,VIT_01s0010g03860,3,0.0014,Unknown,,,,
721,VIT_03s0063g00820,3,0.0014,Carboxyesterase 12; CXE12,E3_1_1_1,,,
722,VIT_16s0039g02730,3,0.0014,TIR1 (transport inhibitor response 1),TIR1,,vv30003Auxin_signaling,
