Vv_m2,2000,1000,VIT_16s0100g01040,,,,,
rank,node,Fabs,Frel,Functional-annotation,Name-EC-KeggID,Updated-name,Network1,Network2
1,VIT_16s0100g01130,2066,1,Stilbene synthase [Vitis vinifera],E2_3_1_95,,vv10940Phenylpropanoid_biosynthesis,
2,VIT_16s0100g01000,2066,1,Stilbene synthase 4,E2_3_1_95,,vv10940Phenylpropanoid_biosynthesis,
3,VIT_16s0100g00770,2075,1,Stilbene synthase,E2_3_1_95,,vv10940Phenylpropanoid_biosynthesis,
4,VIT_10s0042g00850,2079,0.9995,Stilbene synthase [Vitis pseudoreticulata],E2_3_1_95,,vv10940Phenylpropanoid_biosynthesis,
5,VIT_07s0005g05780,2072,0.9995,Pantoate--beta-alanine ligase,E6_3_2_1,,vv10410Beta-alanine_metabolism,vv10770Pantothenate_and_CoA_biosynthesis
6,VIT_16s0100g01010<br>VIT_16s0100g00950<br>VIT_16s0100g01030<br>VIT_16s0100g00990,2060,0.9995,,,,,
7,VIT_03s0063g02650,2059,0.9995,Hydrolase  alpha/beta fold,,,,
8,VIT_07s0129g01010,2069,0.9986,Unknown,,,,
9,VIT_05s0077g01690,2067,0.9981,Pathogenesis protein 10 [Vitis vinifera],,,,
10,VIT_16s0100g01190,2087,0.9976,Stilbene synthase [Vitis vinifera],E2_3_1_95,,vv10940Phenylpropanoid_biosynthesis,
11,VIT_12s0059g01720,2065,0.9971,No hit,,,,
12,VIT_16s0100g01140,2063,0.9961,Stilbene synthase 2,E2_3_1_95,,vv10940Phenylpropanoid_biosynthesis,
13,VIT_16s0100g00750,2066,0.9952,Stilbene synthase,E2_3_1_95,,vv10940Phenylpropanoid_biosynthesis,
14,VIT_10s0042g00930<br>VIT_10s0042g00890<br>VIT_10s0042g00870<br>VIT_10s0042g00860<br>VIT_10s0042g00920,2062,0.9947,,,,,
15,VIT_11s0078g00290,2041,0.9893,Cinnamate 4-hydroxylase,E1_14_13_11,,vv10360Phenylalanine_metabolism,vv10940Phenylpropanoid_biosynthesis
16,VIT_16s0100g01200<br>VIT_16s0100g01070,2040,0.9869,,,,,
17,VIT_16s0100g01150,2028,0.9849,Stilbene synthase [Vitis vinifera],E2_3_1_95,,vv10940Phenylpropanoid_biosynthesis,
18,VIT_16s0100g00860<br>VIT_16s0100g00940<br>VIT_16s0100g00800<br>VIT_16s0100g00920<br>VIT_16s0100g00930<br>VIT_16s0100g00810<br>VIT_16s0100g00840<br>VIT_16s0100g00850,2036,0.9826,,,,,
19,VIT_07s0141g00890,2004,0.9723,CYP94A1,,,,
20,VIT_16s0100g01110,2007,0.9696,Resveratrol synthase (RS1),E2_3_1_95,,vv10940Phenylpropanoid_biosynthesis,
21,VIT_05s0077g01600,1994,0.9666,Pathogenesis protein 10 [Vitis vinifera],,,,
22,VIT_08s0007g01230,1993,0.9628,Lectin protein kinase,,,,
23,VIT_05s0094g00160,1985,0.9575,No hit,,,,
24,VIT_10s0003g04910,1984,0.9575,Sinapyl alcohol dehydrogenase,E1_1_1_195,,vv10940Phenylpropanoid_biosynthesis,
25,VIT_11s0016g02070,1978,0.9556,Basic helix-loop-helix (bHLH) family,BHLHDOM_63,,vv60011BHLH,
26,VIT_01s0011g04780,1956,0.9436,Unknown protein,,,,
27,VIT_11s0065g00350,1931,0.9351,Trans-cinnamate 4-monooxygenase,E1_14_13_11,,vv10360Phenylalanine_metabolism,vv10940Phenylpropanoid_biosynthesis
28,VIT_16s0100g00900,1858,0.9037,Stilbene synthase [Vitis pseudoreticulata],E2_3_1_95,,vv10940Phenylpropanoid_biosynthesis,
29,VIT_17s0000g00640,1861,0.9012,No hit,,,,
30,VIT_03s0017g02120,1866,0.901,UDP-glucose flavonoid 3-O-glucosyltransferase 2,E2_4_1_91,,vv10941Flavonoid_biosynthesis,
31,VIT_19s0014g00830,1861,0.8982,RKF1 (receptor-like kinase in flowers 1),,,,
32,VIT_06s0004g01670,1845,0.893,UDP-glucoronosyl and UDP-glucosyl transferase,,,,
33,VIT_15s0021g01630,1832,0.885,Ethylene responsive element binding factor 2,ERF2_1,,vv30008Ethylene_signaling,vv60003AP2_EREBP
34,VIT_16s0100g00830<br>VIT_16s0100g01120<br>VIT_16s0100g00780<br>VIT_16s0100g00910,1826,0.8817,,,,,
35,VIT_10s0042g00910,1824,0.8807,Stilbene synthase [Vitis pseudoreticulata],E2_3_1_95,,vv10940Phenylpropanoid_biosynthesis,
36,VIT_18s0001g00840,1812,0.8792,Syringolide-induced protein 14-1-1,,,,
37,VIT_15s0046g02170,1807,0.8746,3-methyl-2-oxobutanoate hydroxy-methyl-transferase,E2_1_2_11,,vv10770Pantothenate_and_CoA_biosynthesis,
38,VIT_07s0005g03220,1801,0.8722,Ethylene-responsive transcription factor ERF098,ERF098_1,VvERF098,vv30008Ethylene_signaling,vv60003AP2_EREBP
39,VIT_16s0039g01240<br>VIT_16s0039g01360<br>VIT_16s0039g01130<br>VIT_16s0039g01100<br>VIT_00s2508g00010<br>VIT_16s0039g01120<br>VIT_16s0039g01320<br>VIT_00s2849g00010<br>VIT_16s0039g01300<br>VIT_16s0039g01170<br>VIT_16s0039g01280,1771,0.8585,,,,,
40,VIT_00s0409g00050,1772,0.8569,Receptor-like serine-threonine protein kinase,,,,
41,VIT_06s0004g01010,1773,0.8557,Dirigent protein pDIR9,,,,
42,VIT_13s0019g01700,1756,0.8504,Scarecrow transcription factor 14 (SCL14),SCL14_1,,vv60032GRAS,
43,VIT_16s0039g01110,1743,0.8392,Phenylalanin ammonia-lyase [Vitis vinifera],E4_3_1_5,,vv10350Tyrosine_metabolism,vv10360Phenylalanine_metabolism
44,VIT_14s0083g00920,1713,0.8336,No hit,,,,
45,VIT_17s0000g03560,1693,0.8206,(myb domain protein 62,MYB62_1,MYB164,vv60044MYB,
46,VIT_17s0000g06690,1685,0.8148,Unknown,,,,
47,VIT_05s0077g01530,1689,0.8148,Pathogenesis protein 10 [Vitis vinifera],,,,
48,VIT_16s0100g01160,1682,0.8126,Stilbene synthase [Vitis vinifera],E2_3_1_95,,vv10940Phenylpropanoid_biosynthesis,
49,VIT_18s0001g04870,1666,0.8087,(-)-germacrene D synthase,E4_2_3_22,,vv10900Terpenoid_biosynthesis,
50,VIT_07s0104g00220,1665,0.8079,Phenazine biosynthesis PhzC/PhzF,K06998,,vv10400Phenylalanine_tyrosine_and_tryptophan_biosynthesis,
51,VIT_09s0002g04720,1659,0.798,Coatomer protein complex  subunit beta 2,COPB2,,vv50110Protein_coat,
52,VIT_18s0117g00290,1648,0.7969,Coatomer protein complex  subunit beta 2,COPB2,,vv50110Protein_coat,
53,VIT_07s0005g02660,1649,0.7958,ABC transporter B member 13,ABCB13,,vv52010ABC_transporters,
54,VIT_04s0008g05350,1647,0.7945,Serine hydrolase [Vitis vinifera],E4_3_1_18,,vv10260Glycine_serine_and_threonine_metabolism,
55,VIT_13s0019g04060,1636,0.7858,MLO1,K08472,,,
56,VIT_16s0100g00880,1613,0.7845,Stilbene synthase [Vitis pseudoreticulata],E2_3_1_95,,vv10940Phenylpropanoid_biosynthesis,
57,VIT_05s0094g00260<br>VIT_05s0094g00220,1584,0.7671,,,,,
58,VIT_11s0016g00570,1592,0.7661,Dimethylaniline monooxygenase (N-oxide forming) 2,E1_14_13_8,,vv11000Single_reactions,
59,VIT_18s0122g00690,1575,0.7635,Laccase,E1_10_3_2,,vv11000Single_reactions,vv50109Incompletely_characterized_transport_systems
60,VIT_16s0100g01100,1570,0.7618,Stilbene synthase,E2_3_1_95,,vv10940Phenylpropanoid_biosynthesis,
61,VIT_01s0127g00490,1565,0.7579,Pantothenate kinase 2,E2_7_1_33,,vv10770Pantothenate_and_CoA_biosynthesis,
62,VIT_12s0059g01080,1573,0.7577,Acid phosphatase/vanadium-dependent haloperoxidase,,,,
63,VIT_02s0025g02770,1568,0.7575,Glucan endo-1 3-beta-glucosidase 7 precursor,E3_2_1_39,,vv10500Starch_and_sucrose_metabolism,
64,VIT_05s0077g01550,1558,0.7574,Pathogenesis protein 10.3 [Vitis quinquangularis],,,,
65,VIT_15s0048g01350,1549,0.7552,Gibberellin receptor GID1L3,GID1C,,vv30010Gibberellin_signaling,
66,VIT_14s0068g01770,1564,0.7548,WRKY DNA-binding protein 75,WRKY75_2,VvWRKY43,vv60066WRKY,
67,VIT_16s0100g01060,1555,0.7538,Stilbene synthase,E2_3_1_95,,vv10940Phenylpropanoid_biosynthesis,
68,VIT_01s0010g02010,1553,0.7524,Anionic peroxidase,E1_11_1_7,,vv10360Phenylalanine_metabolism,vv10680Methane_metabolism
69,VIT_16s0050g02570,1558,0.7519,Protein phosphatase 2C,E3_1_3_16,,,
70,VIT_06s0004g01020,1548,0.7489,Dirigent protein,,,,
71,VIT_07s0005g03710,1544,0.7481,Casein Kinase I-like 10,K02218,,vv23008Ribosome_biogenesis_in_Eukaryotes,
72,VIT_05s0077g01570,1540,0.7429,Pathogenesis protein 10 [Vitis vinifera],,,,
73,VIT_05s0020g03680,1501,0.7258,GCN5 N-acetyltransferase (GNAT),GCN5_7,,vv60082GNAT,
74,VIT_06s0004g07240,1486,0.7249,UDP-glucoronosyl and UDP-glucosyl transferase,,,,
75,VIT_09s0002g08460,1494,0.7231,8-amino-7-oxononanoate synthase,E2_3_1_47,,vv10780Biotin_metabolism,
76,VIT_14s0060g02760,1482,0.7159,Germin-like protein 3 [Vitis vinifera],,,,
77,VIT_09s0002g05610,1487,0.7152,Unknown,,,,
78,VIT_07s0031g03060,1487,0.7152,NSL1 (necrotic spotted lesions 1),,,,
79,VIT_18s0041g02010<br>VIT_18s0041g02050,1492,0.7139,,,,,
80,VIT_17s0000g10260,1477,0.7125,AarF domain containing kinase,K08869,,,
81,VIT_05s0094g00170,1459,0.7079,Protein transport protein Sec61 subunit beta,K09481,,vv23060Protein_export,vv24141Protein_processing_in_endoplasmic_reticulum
82,VIT_18s0041g02070,1460,0.7074,12-oxophytodienoate reductase 1,E1_3_1_42,,vv10592alpha-Linolenic_acid_metabolism,
83,VIT_10s0003g04080,1450,0.7042,Unknown,,,,
84,VIT_10s0042g00880,1459,0.7018,Stilbene synthase [Vitis pseudoreticulata],E2_3_1_95,,vv10940Phenylpropanoid_biosynthesis,
85,VIT_07s0031g00780,1447,0.698,Transcriptional factor B3,TFB3_4,,vv60001ABI3VP1,
86,VIT_14s0068g01250,1455,0.6962,Mitochondrial phosphate transporter,MPHOSPTR,,vv50123Porters_cat_18_to_29,
87,VIT_13s0074g00570,1427,0.6897,Gamma-aminobutyric acid transporter,GAT1,,vv50123Porters_cat_18_to_29,
88,VIT_09s0002g00510,1398,0.6793,Lipase GDSL 1,,,,
89,VIT_01s0026g02670,1395,0.6762,No hit,,,,
90,VIT_06s0009g02560,1397,0.6746,Pectinesterase family,E3_1_1_11,,vv40006Cell_wall,
91,VIT_03s0063g01820,1397,0.6739,AOS (allene oxide synthase),E4_2_1_92,,vv10592alpha-Linolenic_acid_metabolism,
92,VIT_18s0001g10180,1378,0.6657,N-hydroxycinnamoyl/benzoyltransferase 3,,,,
93,VIT_16s0100g00960,1373,0.6655,Stilbene synthase [Vitis pseudoreticulata],E2_3_1_95,,vv10940Phenylpropanoid_biosynthesis,
94,VIT_18s0001g04280,1365,0.6642,(-)-germacrene D synthase,E4_2_3_22,,vv10900Terpenoid_biosynthesis,
95,VIT_01s0011g05420,1372,0.6618,Fw2.2 ORFX,,,,
96,VIT_17s0000g04360,1376,0.6603,Wall-associated kinase 2 (WAK2),,,,
97,VIT_06s0004g01030,1360,0.6596,Dirigent protein,,,,
98,VIT_11s0016g03190,1358,0.6567,Unknown,,,,
99,VIT_09s0002g03640,1353,0.6511,ABC transporter g family pleiotropic drug resistance 7 PDR7,ABCGPDR7,,vv52010ABC_transporters,
100,VIT_15s0048g01530,1338,0.6458,Geraniol 10-hydroxylase,G10H,,vv10902Monoterpenoid_biosynthesis,
101,VIT_11s0016g03080,1326,0.6428,Clavata1 receptor kinase (CLV1),,,,
102,VIT_10s0042g00840,1315,0.639,Stilbene synthase [Vitis pseudoreticulata],E2_3_1_95,,vv10940Phenylpropanoid_biosynthesis,
103,VIT_14s0083g00900,1308,0.6322,Aspartate aminotransferase,E2_6_1_1,vv10710Carbon_fixation,vv10252Alanine_and_aspartate_metabolism,vv10272Cysteine_metabolism
104,VIT_01s0010g01960,1297,0.6275,Anionic peroxidase,E1_11_1_7,,vv10360Phenylalanine_metabolism,vv10680Methane_metabolism
105,VIT_16s0050g00430,1300,0.6274,Photoassimilate-responsive protein PAR-1a,,,,
106,VIT_00s0226g00100,1293,0.6274,Regulator of chromosome condensation (RCC1),RCC1,,vv50112Nuclear_pore_complex,
107,VIT_08s0105g00200,1288,0.6231,U-box domain-containing protein,,,,
108,VIT_17s0000g06220,1290,0.6223,Exostosin,K02366,,vv11030Glycan_structures-biosynthesis1,
109,VIT_05s0049g01980,1278,0.6192,3-isopropylmalate dehydratase large subunit 2,E4_2_1_33,,vv10290Valine_leucine_and_isoleucine_biosynthesis,
110,VIT_06s0004g01000,1279,0.6185,Dirigent protein,,,,
111,VIT_14s0036g00330,1276,0.6173,RPS2 (resistant to p. syringae 2),K13459,,vv34626Plant-pathogen_interaction,
112,VIT_00s0437g00060,1267,0.6118,Receptor kinase RK20-1,,,,
113,VIT_16s0100g00760,1263,0.611,Stilbene synthase 2 [Vitis sp. cv. 'Norton'],E2_3_1_95,,vv10940Phenylpropanoid_biosynthesis,
114,VIT_08s0007g05350,1269,0.6098,Haloacid dehalogenase hydrolase,E3_1_3_18,,vv10630Glyoxylate_and_dicarboxylate_metabolism,
115,VIT_03s0088g00450,1256,0.6091,FKBP12-rapamycin complex-associated protein,K07203,,vv34150mTOR_signaling_pathway,
116,VIT_19s0093g00320,1254,0.6058,Glutathione S-transferase 25 GSTU25,E2_5_1_18_GSTU25,,vv10480Glutathione_metabolism,
117,VIT_15s0021g01260,1224,0.5922,Unknown,,,,
118,VIT_00s0409g00010,1216,0.5906,Receptor kinase RK20-1,,,,
119,VIT_16s0050g00480,1207,0.5845,CYP715A1,,,,
120,VIT_14s0128g00690,1215,0.5836,Germin protein 3,,,,
121,VIT_17s0000g02220,1188,0.5789,No hit,,,,
122,VIT_05s0077g01590,1195,0.5767,Major allergen Mal d 1,,,,
123,VIT_13s0019g04440,1192,0.5761,Zinc finger (C3HC4-type ring finger),ZFC3HC4_163,,vv60078Other_zf-C3HC4,
124,VIT_00s0174g00270,1186,0.571,D-isomer specific 2-hydroxyacid dehydrogenase  NAD-binding,E1_1_1_272,,vv10272Cysteine_metabolism,
125,VIT_14s0060g02750<br>VIT_14s0128g00970<br>VIT_14s0128g00990<br>VIT_14s0128g00980<br>VIT_14s0128g01010<br>VIT_14s0128g01030<br>VIT_14s0128g01020<br>VIT_14s0128g01040,1168,0.5698,,,,,
126,VIT_15s0046g00170,1186,0.568,MYBPA1 protein [Vitis vinifera],MYBPA1,MYBPA1,vv60044MYB,
127,VIT_06s0004g00610,1176,0.5665,Accelerated cell death 1 ACD1,ACD1,,vv50133Primary_active_transporter_cat_A9_to_A18,
128,VIT_17s0000g04380,1172,0.5654,Wall-associated kinase 1 (WAK1),,,,
129,VIT_08s0007g04310,1158,0.56,Threonine dehydratase/deaminase,E4_3_1_19,,vv10260Glycine_serine_and_threonine_metabolism,vv10290Valine_leucine_and_isoleucine_biosynthesis
130,VIT_04s0023g00490,1155,0.558,Auxin responsive SAUR protein,SAUR,,vv30003Auxin_signaling,
131,VIT_15s0021g02470,1147,0.5552,Epoxide hydrolase-like protein,E3_3_2_10,,,
132,VIT_09s0002g06450,1151,0.555,CYP81B2v1,,,,
133,VIT_06s0009g02600<br>VIT_06s0009g02630,1134,0.5476,,,,,
134,VIT_19s0027g00860,1134,0.547,NAC domain-containing protein 42,NAC042_2,VvNAC31,vv60046NAC,
135,VIT_01s0026g01730,1124,0.5462,WRKY DNA-binding protein 72,WRKY72_1,VvWRKY02,vv60066WRKY,
136,VIT_12s0028g00860,1134,0.5457,NAC domain-containing protein 42,NAC042_5,VvNAC36,vv60046NAC,
137,VIT_14s0030g01980,1113,0.54,Auxin-induced protein PCNT115,AUXREG,,vv30003Auxin_signaling,
138,VIT_14s0083g00350,1116,0.5371,Beta-glucan-binding protein 5,E3_2_1_23,,vv10052Galactose_metabolism,vv10511N-Glycan_degradation
139,VIT_05s0102g00610,1107,0.5363,No hit,,,,
140,VIT_00s0347g00070,1106,0.5353,S-locus lectin protein kinase,,,,
141,VIT_01s0010g01950,1104,0.5349,Anionic peroxidase,E1_11_1_7,,vv10360Phenylalanine_metabolism,vv10680Methane_metabolism
142,VIT_01s0011g00380,1092,0.5304,SP1L1 (SPIRAL1-like1),,,,
143,VIT_00s0748g00020,1092,0.5273,Receptor kinase RK20-1,,,,
144,VIT_08s0007g04020,1075,0.5196,AT-hook protein 1 (AHP1),HMGIY_1,,vv60035HMG,
145,VIT_19s0015g00300,1069,0.5157,KCO1 (two pore K channel),K05389_KCO1,,vv50101Channels_and_pores,
146,VIT_18s0117g00080,1066,0.5132,R protein L6,K13477,,vv34627R_proteins_from_Plant-pathogen_interaction,
147,VIT_09s0054g00590,1048,0.5102,No hit,,,,
148,VIT_10s0003g02280,1052,0.5102,SRG1 (senescence-related gene 1) oxidoreductase,,,,
149,VIT_06s0004g07250,1045,0.5058,UDP-glucoronosyl and UDP-glucosyl transferase,,,,
150,VIT_03s0088g00690,1040,0.5046,Pathogenesis-related protein 1 precursor (PRP 1),PRP1,,vv30011Jasmonate_signaling,vv34626Plant-pathogen_interaction
151,VIT_17s0000g05810,1050,0.5043,WRKY DNA-binding protein 72,WRKY72_2,VvWRKY53,vv60066WRKY,
152,VIT_19s0014g04080,1046,0.5039,Serine/threonine-protein kinase receptor ARK3,,,,
153,VIT_18s0001g10200<br>VIT_18s0001g10230,1031,0.4995,,,,,
154,VIT_09s0054g01080,1031,0.4976,Polygalacturonase QRT3,E3_2_1_15,,vv40006Cell_wall,
155,VIT_12s0028g03260,1026,0.4976,Rooty/superroot1,K11819,,vv10966Glucosinolate_biosynthesis,
156,VIT_19s0027g00870,1027,0.4952,NAC domain-containing protein 42,NAC042_3,VvNAC30,vv60046NAC,
157,VIT_10s0003g00880,1023,0.494,Nudix hydrolase 15,,,,
158,VIT_04s0044g00270,1023,0.4928,Monooxygenase (MO3),,,,
159,VIT_13s0067g01700,1008,0.4896,Steroid 5alpha-reductase,K09591,,vv10905Brassinosteroid_biosynthesis,
160,VIT_16s0039g02930,1002,0.4869,Unknown,,,,
161,VIT_00s0301g00090,1003,0.4852,NDA2 (alternative NAD(P)H dehydrogenase 2),K03885,,vv10190Oxidative_phosphorylation,vv50134Primary_active_transporter_cat_D1
162,VIT_01s0011g05440,990,0.4808,Unknown protein,,,,
163,VIT_02s0154g00160,998,0.4803,flavin-containing monooxygenase family protein / FMO family protein,E1_14_13_8,,vv11000Single_reactions,
164,VIT_09s0054g00580<br>VIT_09s0054g00570,993,0.4783,,,,,
165,VIT_08s0007g02980,986,0.4763,Unknown,,,,
166,VIT_04s0069g00880,970,0.4725,No hit,,,,
167,VIT_17s0000g03050,971,0.4693,Nodulin MtN21 family,MTN21,,vv50122Porters_cat_7_to_17,
168,VIT_02s0025g03370,965,0.4684,YDA (YODA),,,,
169,VIT_15s0048g01080,964,0.4671,Unknown,,,,
170,VIT_15s0046g01440,960,0.4635,BZip transcription factor G- box  binding factor 3,GBF3_1,VvbZIP40,vv60012BZIP,
171,VIT_05s0077g01560,958,0.4621,Pathogenesis protein 10.3 [Vitis quinquangularis],,,,
172,VIT_08s0007g00610,954,0.4604,Unknown,,,,
173,VIT_03s0017g02140,947,0.4599,Tetrahydroxychalcone 2'-glucosyltransferase,THCGT,,vv10941Flavonoid_biosynthesis,
174,VIT_08s0040g02230,948,0.4562,Unknown protein,,,,
175,VIT_02s0012g00730,933,0.4531,Purine permease 10 PUP10,PUP10,,vv50122Porters_cat_7_to_17,
176,VIT_14s0066g01670,930,0.4517,Alpha-dioxygenase,K10529,,vv10592alpha-Linolenic_acid_metabolism,
177,VIT_18s0001g10240,924,0.4468,N-hydroxycinnamoyl/benzoyltransferase 6,,,,
178,VIT_16s0100g00870,917,0.4447,No hit,,,,
179,VIT_12s0034g00030,894,0.4346,Anthocyanidin 3-O-glucosyltransferase,E2_4_1_115,,vv10942Anthocyanin_biosynthesis,
180,VIT_16s0098g00460,897,0.4335,Lipase class 3,,,,
181,VIT_05s0049g01200,890,0.4329,S-locus lectin protein kinase,,,,
182,VIT_08s0040g03100,893,0.4327,Glutathione S-transferase GSTO1,E2_5_1_18_GSTO1,,vv10480Glutathione_metabolism,
183,VIT_00s1212g00020,893,0.4322,Laccase,E1_10_3_2,,vv11000Single_reactions,vv50109Incompletely_characterized_transport_systems
184,VIT_02s0025g04870,892,0.4322,No hit,,,,
185,VIT_02s0087g00330,884,0.4279,Glycosyl transferase family 1 protein,,,,
186,VIT_07s0005g03340,881,0.426,Myb domain protein 14,MYB14_2,MYB14,vv60044MYB,
187,VIT_14s0068g02240,877,0.4259,HcrVf1 protein,K13466,,vv34626Plant-pathogen_interaction,
188,VIT_09s0054g00910,876,0.4218,Chaperone BCS1 mitochondrial,K08900,,,
189,VIT_14s0081g00640,863,0.4179,Aspartate aminotransferase,E2_6_1_1,vv10710Carbon_fixation,vv10252Alanine_and_aspartate_metabolism,vv10272Cysteine_metabolism
190,VIT_01s0146g00320,862,0.4174,No hit,,,,
191,VIT_07s0031g01130,861,0.4167,Ascorbate oxidase,E1_10_3_3,,vv10053Ascorbate_and_aldarate_metabolism,vv50109Incompletely_characterized_transport_systems
192,VIT_18s0001g00920<br>VIT_18s0075g00590<br>VIT_18s0001g00850<br>VIT_18s0075g00780<br>VIT_18s0001g00790<br>VIT_18s0001g00730<br>VIT_18s0001g00310<br>VIT_18s0075g00620<br>VIT_18s0075g00540<br>VIT_18s0075g00600<br>VIT_18s0075g00580<br>VIT_00s0481g00020<br>VIT_18s0001g00930,860,0.4159,,,,,
193,VIT_14s0068g01270,854,0.4134,No hit,,,,
194,VIT_10s0003g00480,854,0.4128,Isoflavone methyltransferase/ Orcinol O-methyltransferase 1 oomt1,E2_1_1_46,,vv10943Isoflavonoid_biosynthesis,
195,VIT_11s0016g03780,854,0.412,Continuous vascular ring (COV1),COV1,,vv30003Auxin_signaling,
196,VIT_01s0010g01130,850,0.4108,6-phosphogluconate dehydrogenase,E1_1_1_44,,vv10030Pentose_phosphate,
197,VIT_12s0028g02530,847,0.4102,Zinc finger (C3HC4-type ring finger),ZFC3HC4_36,,vv60078Other_zf-C3HC4,
198,VIT_07s0005g02560,830,0.4025,Chitinase Class I,E3_2_1_14,,vv10530Aminosugars_metabolism,
199,VIT_04s0008g00640,827,0.4005,Epsin N-terminal homology (ENTH) domain-containing,ENTH,,vv50110Protein_coat,
200,VIT_12s0028g01400,831,0.4001,DNA-directed RNA polymerase II subunit D,K03012,,vv23020RNA_polymerase,
201,VIT_02s0025g04280,819,0.396,Osmotin,,,,
202,VIT_05s0077g01680,791,0.3868,Mal d 1 allergen,,,,
203,VIT_18s0041g02040,795,0.3861,12-oxophytodienoate reductase,E1_3_1_42,,vv10592alpha-Linolenic_acid_metabolism,
204,VIT_01s0011g05890,786,0.3819,S-adenosyl-L-methionine:salicylic acid carboxyl methyltransferase,SAMTBSCMT,,vv10360Phenylalanine_metabolism,
205,VIT_17s0000g03150,788,0.3816,No hit,,,,
206,VIT_06s0009g02570,788,0.3809,Pectinesterase family,E3_1_1_11,,vv40006Cell_wall,
207,VIT_06s0004g00020,780,0.3781,NAC domain containing protein 32,NAC032,VvNAC44,vv60046NAC,
208,VIT_07s0151g00260,784,0.3766,Quinone-oxidoreductase  Chloroplast,K03956,,vv10190Oxidative_phosphorylation,vv50134Primary_active_transporter_cat_D1
209,VIT_11s0016g02780,775,0.3762,Myb domain protein 68,MYB68_1,MYB154,vv60044MYB,
210,VIT_09s0002g05560,778,0.3762,ABC transporter g family pleiotropic drug resistance 12 PDR12,ABCGPDR12,,vv52010ABC_transporters,
211,VIT_05s0077g01620,781,0.3762,No hit,,,,
212,VIT_18s0117g00300,776,0.3743,Coatomer protein complex  subunit beta 2,COPB2,,vv50110Protein_coat,
213,VIT_18s0122g01150,772,0.3733,Diphenol oxidase,E1_10_3_1,,vv10350Tyrosine_metabolism,vv50109Incompletely_characterized_transport_systems
214,VIT_18s0001g03390,767,0.3716,S-receptor kinase,,,,
215,VIT_09s0002g03700,766,0.3713,No hit,,,,
216,VIT_17s0000g06710,759,0.3683,Leucine-rich repeat transmembrane protein kinase,,,,
217,VIT_18s0001g04640,760,0.368,No hit,,,,
218,VIT_08s0040g01020,752,0.3654,DNA helicase SNF2 domain-containing protein,SNF2HEL_9,,vv60058SNF2,
219,VIT_18s0001g05060,754,0.3634,2 3-bisphosphoglycerate-dependent phosphoglycerate mutase,E5_4_2_1,,vv10010Glycolysis,
220,VIT_07s0031g02750,751,0.3616,CBS domain containing protein,,,,
221,VIT_19s0014g01020,744,0.3615,Protein transport protein Sec61 subunit alpha,K10956,,vv23060Protein_export,vv24141Protein_processing_in_endoplasmic_reticulum
222,VIT_05s0094g00200,747,0.3609,Chitinase class IV,E3_2_1_14,,vv10530Aminosugars_metabolism,
223,VIT_17s0000g04370,738,0.3562,Wall-associated kinase,,,,
224,VIT_16s0039g02010,737,0.3557,Vacuolar sorting-associated protein (Vps27),VPS27,,vv50111Tethering_factors,
225,VIT_00s0265g00110,728,0.3532,Lectin-receptor like protein kinase 3,,,,
226,VIT_08s0007g04700,723,0.3479,Phosphatidylinositol-4-phosphate 5-kinase,E2_7_1_68,,vv10562Inositol_phosphate_metabolism,vv34070Phosphatidylinositol_signaling_system
227,VIT_14s0060g00110,710,0.3448,Glutamyl-tRNA synthetase  cytoplasmic,E6_1_1_17,,vv10860Porphyrin_and_chlorophyll_metabolism,vv20970Aminoacyl-tRNA_biosynthesis
228,VIT_16s0050g02510,711,0.3435,WRKY DNA-binding protein 53,WRKY53_1,VvWRKY51,vv60066WRKY,
229,VIT_09s0002g02970,703,0.339,Unknown,,,,
230,VIT_17s0000g00200,695,0.3375,Ethylene-responsive transcription factor ERF114,ERF114_1,VvERF118,vv30008Ethylene_signaling,vv60003AP2_EREBP
231,VIT_09s0002g05810,696,0.3351,Boron transporter-like protein 4,BOR4,,vv50124Porters_cat_30_to_64,
232,VIT_00s0194g00140,691,0.3338,Agenet domain-containing protein,,,,
233,VIT_00s0203g00220,695,0.3335,S-locus lectin protein kinase,,,,
234,VIT_15s0021g02060,680,0.3312,Arbutin synthase,E2_4_1_218,,vv10500Starch_and_sucrose_metabolism,
235,VIT_15s0048g00510,682,0.3288,Pectinesterase family,E3_1_1_11,,vv40006Cell_wall,
236,VIT_00s2659g00010,671,0.3273,CRK10 (cysteine-rich RLK10),,,,
237,VIT_19s0014g04450,678,0.3263,S-locus protein kinase,,,,
238,VIT_00s0226g00030,672,0.3262,Peroxidase,E1_11_1_7,,vv10360Phenylalanine_metabolism,vv10680Methane_metabolism
239,VIT_10s0042g00700,671,0.3257,Leucine-rich repeat receptor-like protein kinase 1,,,,
240,VIT_07s0104g00850,670,0.3238,Pto kinase interactor,,,,
241,VIT_06s0004g01990,669,0.3232,No hit,,,,
242,VIT_19s0014g02340,663,0.322,Protein phosphatase 2C,E3_1_3_16,,,
243,VIT_05s0020g04990,660,0.321,No hit,,,,
244,VIT_01s0127g00220,660,0.3199,PMR5 (powdery mildew resistant 5),,,,
245,VIT_06s0009g02590,660,0.3198,Pectinesterase family,E3_1_1_11,,vv40006Cell_wall,
246,VIT_17s0000g02150,659,0.3174,Ribosomal protein L19,K02884,,vv23010Ribosome,
247,VIT_15s0046g01640,651,0.3157,Abl interactor protein 1 (ABIL1),,,,
248,VIT_17s0053g00120,648,0.3124,Succinyl-CoA ligase alpha 2 subunit,E6_2_1_4,,vv10020Citrate_cycle,
249,VIT_08s0007g00850,643,0.3123,EFR (EF-TU receptor),K13428,,vv34626Plant-pathogen_interaction,
250,VIT_08s0007g05830,644,0.3119,No hit,,,,
251,VIT_08s0007g08750,642,0.3106,Heat shock transcription factor B3,HSFB3,,vv60037HSF,
252,VIT_01s0010g01970<br>VIT_01s0010g01980,641,0.3097,,,,,
253,VIT_10s0071g00230,639,0.3094,HcrVf1 protein,,,,
254,VIT_08s0032g00240,640,0.3089,CYP71A22,E1_14_13_73,,vv10902Monoterpenoid_biosynthesis,
255,VIT_18s0001g11130,639,0.3088,Calmodulin-binding protein AR781,,,,
256,VIT_10s0116g01450,637,0.3071,Unknown,,,,
257,VIT_00s0480g00030,635,0.3059,Polyphenol oxidase,E1_10_3_1,,vv10350Tyrosine_metabolism,vv50109Incompletely_characterized_transport_systems
258,VIT_02s0236g00120,630,0.3054,Unknown,,,,
259,VIT_17s0000g05360,634,0.3042,Germin,,,,
260,VIT_03s0088g01140,628,0.3041,Squalene monooxygenase 2,E1_14_99_7,,vv10100Biosynthesis_of_steroids,vv10900Terpenoid_biosynthesis
261,VIT_11s0065g00640,625,0.3005,Cycloartenol synthase,E5_4_99_8,,vv10100Biosynthesis_of_steroids,
262,VIT_14s0081g00190,619,0.2992,No hit,,,,
263,VIT_02s0025g03690,616,0.2983,RNA-binding protein NOB1,K11883,,vv23008Ribosome_biogenesis_in_Eukaryotes,
264,VIT_10s0116g01850,610,0.2953,Unknown protein,,,,
265,VIT_02s0025g04310,607,0.2939,Thaumatin,,,,
266,VIT_00s0250g00090,603,0.2922,Oxidoreductase  2OG-Fe(II) oxygenase,,,,
267,VIT_09s0002g02320,598,0.2906,Cell wall apoplastic invertase,E3_2_1_26,,vv10052Galactose_metabolism,vv10500Starch_and_sucrose_metabolism
268,VIT_18s0001g14420,599,0.2892,Unknown,,,,
269,VIT_14s0171g00490,590,0.2857,Glucose-6-phosphate 1-dehydrogenase  cytoplasmic isoform,E1_1_1_49,,vv10030Pentose_phosphate,vv10480Glutathione_metabolism
270,VIT_09s0002g01200,582,0.2802,Unknown protein,,,,
271,VIT_17s0000g00650,580,0.2788,No hit,,,,
272,VIT_08s0007g00620,579,0.2773,Zinc finger (DHHC type),ZFDHHC_8,,vv60079Other_zf-DHHC,
273,VIT_02s0025g00540,568,0.2765,Unknown,,,,
274,VIT_04s0079g00020,568,0.2743,Cysteine-rich receptor-like protein kinase 2,,,,
275,VIT_03s0017g00700,559,0.2697,Oxidoreductase  2OG-Fe(II) oxygenase,,,,
276,VIT_13s0047g00030,556,0.2689,ZIFL1 (Zinc induced facilitator 1),ZIFL1,,vv50121Porters_cat_1_to_6,
277,VIT_16s0050g00410,552,0.2669,Photoassimilate-responsive protein PAR-1a,,,,
278,VIT_09s0002g02950,548,0.2665,No hit,,,,
279,VIT_09s0002g05360<br>VIT_09s0002g05400<br>VIT_09s0002g05490<br>VIT_09s0002g05590,547,0.2664,,,,,
280,VIT_11s0016g01970,543,0.2641,Calmodulin-binding region IQD6,,,,
281,VIT_01s0011g02700,547,0.2634,No hit,,,,
282,VIT_09s0002g06890,537,0.2606,Dicyanin blue copper protein,,,,
283,VIT_00s0437g00070,532,0.2565,Receptor kinase RK20-1,,,,
284,VIT_12s0055g01160,528,0.2559,Brassinosteroid insensitive 1-associated receptor kinase 1,BAK1,,vv30005Brassinosteroids_signaling,vv34626Plant-pathogen_interaction
285,VIT_12s0059g02590,527,0.2553,Receptor protein kinase RK20-1,,,,
286,VIT_14s0068g01000,526,0.2552,Unknown protein,,,,
287,VIT_18s0001g05410,524,0.2542,No hit,,,,
288,VIT_01s0011g05230,524,0.2536,GTPase activating protein,,,,
289,VIT_03s0017g01220,517,0.2498,Polyadenylate-binding protein 2,K14396,,vv23015mRNA_surveillance_pathway,
290,VIT_08s0040g03010,514,0.2494,Pigment defective 149,PDE149,,vv50109Incompletely_characterized_transport_systems,
291,VIT_18s0001g01960,518,0.2492,RKF3 (receptor-like kinase IN in flowers 3),,,,
292,VIT_00s2634g00010<br>VIT_00s0429g00010,511,0.2466,,,,,
293,VIT_06s0009g00760,497,0.2411,HcrVf1 protein,,,,
294,VIT_06s0004g02590,491,0.2371,Carbonic anhydrase,E4_2_1_1,,vv10910Nitrogen_metabolism,vv50124Porters_cat_30_to_64
295,VIT_14s0108g00150,490,0.2368,Calmodulin-binding region IQD28,IQD28,,,
296,VIT_04s0044g00230,491,0.2366,Monooxygenase (MO2),,,,
297,VIT_12s0035g01000,487,0.2355,Serine protease inhibitor  serine-type,,,,
298,VIT_04s0008g06830,483,0.2341,Biopterin transport-related protein BT1,BIOPTERIN,,vv50125Porters_cat_66_to_94,
299,VIT_04s0079g00750,477,0.2292,No hit,,,,
300,VIT_17s0000g08100,462,0.2237,UDP-glucoronosyl and UDP-glucosyl transferase,,,,
301,VIT_00s0410g00040,460,0.2215,Anthranilate N-benzoyltransferase protein 1,E2_3_1_144,,vv10400Phenylalanine_tyrosine_and_tryptophan_biosynthesis,
302,VIT_01s0010g02450,457,0.2203,B12D,,,,
303,VIT_16s0050g00400,446,0.2165,Photoassimilate-responsive protein PAR-1a,,,,
304,VIT_07s0104g01660,448,0.2159,HAK5 (High affinity K+ transporter 5),HAK5,,vv50125Porters_cat_66_to_94,
305,VIT_03s0017g01990,444,0.215,UDP-glucose glucosyltransferase,E2_4_1_35,,vv10500Starch_and_sucrose_metabolism,
306,VIT_03s0017g02110,443,0.2147,Anthocyanidin 3-O-glucosyltransferase,E2_4_1_115,,vv10942Anthocyanin_biosynthesis,
307,VIT_19s0014g02670,443,0.2141,Protein kinase CRK1 CRK1 protein(Cdc2-related kinase 1),,,,
308,VIT_00s0294g00080,440,0.2137,Receptor kinase homolog LRK10,,,,
309,VIT_04s0023g01990,441,0.2137,Nucleotidyltransferase,E2_7_7_x,,,
310,VIT_00s0179g00280,440,0.2124,Calmodulin-8 (CAM8),K02183,,vv34020Calcium_signaling_pathway,vv34626Plant-pathogen_interaction
311,VIT_03s0038g00090,435,0.2104,Epoxide hydrolase-like protein,E3_3_2_10,,,
312,VIT_18s0001g01110,433,0.2102,Monooxygenase (MO2),,,,
313,VIT_03s0091g00140,434,0.21,Plant basic secretory protein (BSP) family,,,,
314,VIT_18s0001g01850,431,0.2086,Amino acid permease,AAPREL,,vv50123Porters_cat_18_to_29,
315,VIT_07s0031g01090,428,0.2061,Ascorbate oxidase,E1_10_3_3,,vv10053Ascorbate_and_aldarate_metabolism,vv50109Incompletely_characterized_transport_systems
316,VIT_04s0008g05540,420,0.2042,Clathrin assembly protein 2,CAP2,,vv50110Protein_coat,
317,VIT_19s0014g00760,418,0.2018,Unknown,,,,
318,VIT_02s0012g02340,411,0.1996,CYP76C4,,,,
319,VIT_03s0088g00700,412,0.1984,Pathogenesis related protein 1 precursor (pr1 gene),PRP1,,vv30011Jasmonate_signaling,vv34626Plant-pathogen_interaction
320,VIT_11s0037g00400,400,0.1945,Zinc finger (C2H2 type) family,C2H2FAM_28,,vv60017C2H2,
321,VIT_06s0009g03470,400,0.1928,Unknown protein,,,,
322,VIT_02s0033g00750,396,0.1919,Kinesin motor protein,KMOTOR,,vv44810Regulation_of_actin_cytoskeleton,
323,VIT_14s0060g02710,397,0.1913,Germin,,,,
324,VIT_04s0069g00470,394,0.191,No hit,,,,
325,VIT_13s0106g00780,394,0.19,Hydrolase  alpha/beta fold,,,,
326,VIT_10s0003g05250,387,0.1877,Germin-like protein,,,,
327,VIT_00s0471g00020,386,0.1868,Unknown,,,,
328,VIT_09s0002g06060,384,0.1853,U3 small nucleolar RNA-associated protein 5,K14546,,vv23008Ribosome_biogenesis_in_Eukaryotes,
329,VIT_14s0081g00730,370,0.1792,Ethylene response factor ERF1,ERF1_6,VvERF093,vv30008Ethylene_signaling,vv30011Jasmonate_signaling
330,VIT_06s0004g02980,367,0.1778,Kelch repeat-containing F-box protein,,,,
331,VIT_14s0030g02010,366,0.1768,Auxin-induced protein PCNT115,AUXREG,,vv30003Auxin_signaling,
332,VIT_12s0028g01310,365,0.1758,Germin-like protein 1,,,,
333,VIT_03s0091g00530,355,0.1719,N-acetyltransferase ESCO2,,,,
334,VIT_09s0002g00340,354,0.171,Alanine aminotransferase 2,E2_6_1_21,,vv10330Arginine_and_proline_metabolism,vv10360Phenylalanine_metabolism
335,VIT_08s0040g01860,351,0.169,Unknown protein,,,,
336,VIT_18s0001g15130,344,0.1671,WD40 repeat protein,,,,
337,VIT_08s0040g00920,344,0.1665,Glutathione S-transferase 25 GSTU7,E2_5_1_18_GSTU7,,vv10480Glutathione_metabolism,
338,VIT_10s0003g01360,344,0.1663,Cysteine protease,E3_4_22_x,,,
339,VIT_10s0116g00960,342,0.1656,Transcription factor jumonji (jmjC) domain-containing protein,JMJD1B_5,,vv60038Jumonji,
340,VIT_14s0006g00910,341,0.1646,ATA15 protein,,,,
341,VIT_17s0000g00800,338,0.1638,Zinc finger (DHHC type),ZFDHHC_11,,vv60079Other_zf-DHHC,
342,VIT_09s0002g05570,335,0.1615,ABC transporter g family pleiotropic drug resistance 12 PDR12,ABCGPDR12,,vv52010ABC_transporters,
343,VIT_05s0020g02730,333,0.1612,Nectarin IV NEC4,,,,
344,VIT_05s0102g00200,329,0.1589,Unknown protein,,,,
345,VIT_19s0014g01110,323,0.1558,Curculin (mannose-binding) lectin,,,,
346,VIT_12s0059g01660,320,0.1548,3-oxoacyl-[acyl-carrier-protein] synthase II,E2_3_1_179,,vv10061Fatty_acid_biosynthesis,
347,VIT_08s0058g00790,320,0.1547,Secoisolariciresinol dehydrogenase,SIRD,,vv10940Phenylpropanoid_biosynthesis,
348,VIT_12s0057g01100,320,0.154,Nudix hydrolase 2,,,,
349,VIT_12s0059g01380,319,0.1539,1-aminocyclopropane-1-carboxylate oxidase 1,E1_14_17_4,,vv10640Propanoate_metabolism,vv30008Ethylene_signaling
350,VIT_06s0009g01200,314,0.1521,Argonaute,,,,
351,VIT_18s0001g13780,312,0.1515,Cytochrome P450  family 83  subfamily B  polypeptide 1,K11818,,vv10966Glucosinolate_biosynthesis,
352,VIT_18s0001g01100,303,0.1467,KOW domain-containing factor family protein,KOWDOM,,,
353,VIT_05s0020g03290,301,0.1461,S-receptor kinase,,,,
354,VIT_18s0117g00550,299,0.1444,Laccase,E1_10_3_2,,vv11000Single_reactions,vv50109Incompletely_characterized_transport_systems
355,VIT_02s0025g01420,295,0.1438,Preprotein translocase YidC subunit,K03217,,vv23060Protein_export,vv50122Porters_cat_7_to_17
356,VIT_09s0002g05390,297,0.1437,ABC transporter g family pleiotropic drug resistance 12 PDR12,ABCGPDR12,,vv52010ABC_transporters,
357,VIT_09s0002g01550,297,0.1434,Lecithine cholesterol acyltransferase,E2_3_1_43,,vv10564Glycerophospholipid_metabolism,
358,VIT_03s0063g01280<br>VIT_03s0063g01160,297,0.1433,,,,,
359,VIT_19s0014g04280,296,0.1433,S-locus protein kinase,,,,
360,VIT_13s0067g02940,297,0.1428,Amidohydrolase 3,,,,
361,VIT_14s0108g00900,295,0.142,Pectinesterase family,E3_1_1_11,,vv40006Cell_wall,
362,VIT_04s0008g01040,293,0.1407,Lysine decarboxylase,E4_1_1_18,,vv10300Lysine_biosynthesis,
363,VIT_10s0003g03800,289,0.1406,Jasmonate ZIM domain-containing protein 8,JAZ8_1,,vv30011Jasmonate_signaling,vv60069ZIM
364,VIT_19s0085g01200,288,0.1395,CTP synthase,E6_3_4_2,,vv10240Pyrimidine_metabolism,
365,VIT_18s0117g00050,287,0.1395,R protein L6,K13477,,vv34627R_proteins_from_Plant-pathogen_interaction,
366,VIT_12s0057g00990,287,0.1382,Beta 1 2 N-acetylglucosaminyltransferase,E2_4_1_143,,vv10510N-Glycan_biosynthesis,vv11030Glycan_structures-biosynthesis1
367,VIT_07s0104g00210,282,0.1372,Phenazine biosynthesis PhzC/PhzF protein,K06998,,vv10400Phenylalanine_tyrosine_and_tryptophan_biosynthesis,
368,VIT_16s0148g00020,282,0.1362,Ser/Thr receptor-like kinase1,,,,
369,VIT_03s0063g01330,282,0.136,Nodulin 1A  senescence-associated,,,,
370,VIT_06s0004g05700,276,0.1332,Glutathione S-transferase 8 GSTU8,E2_5_1_18_GSTU8,,vv10480Glutathione_metabolism,
371,VIT_14s0068g02210,275,0.1329,HcrVf1 protein,,,,
372,VIT_16s0050g00160,270,0.1311,DTA2 (downstream target of AGL15 2),,,,
373,VIT_15s0021g01130,272,0.1309,Rho GTPase; Rho GTP binding protein,E3_6_5_1,,,
374,VIT_13s0019g03170,271,0.1308,Heat shock protein 16.9 kDa class I,K13993,,vv24141Protein_processing_in_endoplasmic_reticulum,
375,VIT_10s0003g04250,268,0.1295,Glutathione S-transferase GSTU22,E2_5_1_18_GSTU22,,vv10480Glutathione_metabolism,
376,VIT_06s0061g00120,263,0.1273,Beta-1 3-glucanase [Vitis riparia],E3_2_1_6,,,
377,VIT_00s2776g00010,259,0.125,S-locus lectin protein kinase,,,,
378,VIT_18s0001g01860,258,0.1239,Preprotein translocase secA,K03070,,vv23060Protein_export,vv50113Thylakoid_targeting_pathway
379,VIT_03s0038g03400,255,0.1235,Endochitinase 1  basic,E3_2_1_14,,vv10530Aminosugars_metabolism,
380,VIT_17s0000g01110,256,0.1233,ATFP3 (Arabidopsis thaliana farnesylated protein 3,VVFP3,,,
381,VIT_13s0064g01470,250,0.1209,Urophorphyrin III methylase,E2_1_1_107,,vv10860Porphyrin_and_chlorophyll_metabolism,
382,VIT_00s0187g00020,248,0.1195,No hit,,,,
383,VIT_09s0002g02570,246,0.1192,No hit,,,,
384,VIT_03s0097g00580,244,0.1187,No hit,,,,
385,VIT_04s0043g01010,245,0.1186,Violaxanthin de-epoxidase,E1_10_99_3,,vv10906Carotenoid_biosynthesis,
386,VIT_02s0012g01560,244,0.1177,No hit,,,,
387,VIT_05s0020g03280,241,0.1168,Copper amine oxidase,E1_4_3_4,,vv10220Urea_cycle_and_metabolism_of_amino_groups,vv10340Histidine_metabolism
388,VIT_08s0007g02810,241,0.1164,Regulator of the ATPase vacuolar RAV2,RAV2,VvRAV5,vv60001ABI3VP1,
389,VIT_00s0194g00120,238,0.1148,Serine acetyltransferase,E2_3_1_30,,vv10272Cysteine_metabolism,vv10920Sulfur_metabolism
390,VIT_18s0001g10120,235,0.1145,SPla/RYanodine receptor (SPRY) domain-containing protein,,,,
391,VIT_04s0069g00980,233,0.1129,WRKY DNA-binding protein 51,WRKY51_4,VvWRKY12,vv60066WRKY,
392,VIT_07s0005g00720,232,0.1126,Pectinesterase family,E3_1_1_11,,vv40006Cell_wall,
393,VIT_07s0141g00540,232,0.1124,Multi-copper oxidase (SKU5),SKS3,,vv50109Incompletely_characterized_transport_systems,
394,VIT_07s0005g05600,230,0.1114,UDP-glucose:sterol 3-O-glucosyltransferase,E2_4_1_173,,vv10100Biosynthesis_of_steroids,
395,VIT_12s0059g01120,229,0.1113,CAF protein,,,,
396,VIT_12s0034g02180,228,0.1105,Aminomethyltransferase,E2_1_2_10,,vv10260Glycine_serine_and_threonine_metabolism,vv10670One_carbon_pool_by_folate
397,VIT_11s0016g01650,226,0.1094,Ankyrin repeat,,,,
398,VIT_05s0094g00820,225,0.109,Unknown protein,,,,
399,VIT_18s0001g15660,222,0.1076,Pathogen-related,,,,
400,VIT_14s0128g00940,222,0.1074,No hit,,,,
401,VIT_14s0060g02170,221,0.1065,Glutathione S-transferase GSTU8,E2_5_1_18_GSTU8,,vv10480Glutathione_metabolism,
402,VIT_02s0025g01560,218,0.1061,UDP-glucose 4-epimerase GEPI48,E5_1_3_2,,vv10052Galactose_metabolism,vv10520Nucleotide_sugars_metabolism
403,VIT_06s0004g05080,219,0.1057,Zinc finger (C3HC4-type ring finger),ZFC3HC4_24,,vv60078Other_zf-C3HC4,
404,VIT_08s0056g00300,211,0.1016,Unknown,,,,
405,VIT_12s0028g03930,211,0.1014,Retrotransposon protein  Unclassified,,,,
406,VIT_14s0066g01150,209,0.1008,Cinnamoyl-CoA reductase,E1_2_1_44,,vv10940Phenylpropanoid_biosynthesis,
407,VIT_12s0028g00590,206,0.0999,3-hydroxyisobutyryl-CoA hydrolase,E3_1_2_4,,vv10280Valine_leucine_and_isoleucine_degradation,vv10410Beta-alanine_metabolism
408,VIT_08s0007g05430,205,0.0998,Pyruvate kinase,E2_7_1_40,,vv10010Glycolysis,vv10230Purine_metabolism
409,VIT_06s0004g08180,207,0.0995,Translation initiation factor eIF-2 beta subunit,K03238,,vv23013RNA_transport,
410,VIT_18s0001g12090,204,0.0992,Unknown protein,,,,
411,VIT_15s0048g00350,205,0.0989,3-phosphoshikimate 1-carboxyvinyltransferase  chloroplast precursor,E2_5_1_19,,vv10400Phenylalanine_tyrosine_and_tryptophan_biosynthesis,
412,VIT_12s0059g02600,204,0.0987,Receptor protein kinase RK20-1,,,,
413,VIT_15s0045g01190,201,0.0974,Retrotransposon protein  Unclassified,,,,
414,VIT_06s0004g02520,194,0.0936,Telomere repeat binding factor like TRFL6,TRFL6_1,,vv60045MYBrelated,
415,VIT_09s0002g05370,190,0.0917,ABC transporter g family pleiotropic drug resistance 12 PDR12,ABCGPDR12,,vv52010ABC_transporters,
416,VIT_14s0036g01060,189,0.0915,Unknown protein,,,,
417,VIT_00s0551g00030,190,0.0913,Protein transport protein Sec61 subunit alpha,K10956,,vv23060Protein_export,vv24141Protein_processing_in_endoplasmic_reticulum
418,VIT_01s0010g03600,183,0.0881,Rubber elongation factor (REF),,,,
419,VIT_17s0000g03370,182,0.088,Calmodulin-binding protein,K02183,,vv34020Calcium_signaling_pathway,vv34626Plant-pathogen_interaction
420,VIT_10s0092g00680,181,0.0879,Receptor kinase RK20-1,,,,
421,VIT_07s0005g01190,181,0.0876,Unknown protein,,,,
422,VIT_12s0028g00610,181,0.0875,Aspartyl protease,E3_4_23_x,,,
423,VIT_01s0146g00480,180,0.0873,TIFY 9 (Jasmonate ZIM domain-containing protein 10),JAZ10,,vv30011Jasmonate_signaling,vv60069ZIM
424,VIT_05s0020g03140,180,0.087,Sugar transporter 13,STP13,,vv50121Porters_cat_1_to_6,
425,VIT_08s0040g03040,178,0.0867,Glutathione S-transferase GSTO1,E2_5_1_18_GSTO1,,vv10480Glutathione_metabolism,
426,VIT_13s0019g05360,179,0.0864,KH domain-containing protein NOVA,,,,
427,VIT_02s0025g02920,177,0.0859,Quercetin 3-O-methyltransferase 1,E2_1_1_76,,vv10941Flavonoid_biosynthesis,
428,VIT_19s0014g03030,176,0.0849,No hit,,,,
429,VIT_04s0044g00040,174,0.0846,Dirigent,,,,
430,VIT_09s0096g00030,172,0.0835,No hit,,,,
431,VIT_00s0567g00040,169,0.0816,Patatin,,,,
432,VIT_07s0005g01180,167,0.0809,Unknown protein,,,,
433,VIT_05s0020g03220,166,0.0806,S-receptor kinase,,,,
434,VIT_06s0061g00100,166,0.0802,Glucan endo-1 3-beta-glucosidase  acidic isoform precursor,E3_2_1_39,,vv10500Starch_and_sucrose_metabolism,
435,VIT_06s0009g01810,164,0.0792,APK2A (protein kinase 2A),,,,
436,VIT_04s0069g00970,163,0.0791,WRKY DNA-binding protein 51,WRKY51_1,VvWRKY11,vv60066WRKY,
437,VIT_18s0001g00690,163,0.0787,Glutathione S-transferase 8 GSTF8,E2_5_1_18_GSTF8,,vv10480Glutathione_metabolism,
438,VIT_02s0109g00430,161,0.078,Nitrilase 4 (NIT4),K13035,,vv10910Nitrogen_metabolism,
439,VIT_11s0037g01270,161,0.0775,R protein disease resistance protein,RPROT,,vv34627R_proteins_from_Plant-pathogen_interaction,
440,VIT_06s0009g02020,159,0.0764,Tubulin beta-4 chain,K07375,,vv44145Phagosome,vv44810Regulation_of_actin_cytoskeleton
441,VIT_01s0010g02020,158,0.0763,Peroxidase (EC 1.11.1.7)  anionic,E1_11_1_7,,vv10360Phenylalanine_metabolism,vv10680Methane_metabolism
442,VIT_09s0002g06440,157,0.0756,CYP81B2v2,,,,
443,VIT_18s0001g04410,154,0.0746,No hit,,,,
444,VIT_11s0016g03770,153,0.074,Dynein light chain LC6  flagellar outer arm,K10418,,vv44810Regulation_of_actin_cytoskeleton,
445,VIT_04s0008g05970,153,0.0738,Unknown protein,,,,
446,VIT_15s0021g00060,149,0.0723,Eceriferum 1 (CER1 protein) Sterol desaturase,,,,
447,VIT_12s0134g00100,149,0.0715,Ribosomal protein L8 (RPL8C) 60S,K02938,,vv23010Ribosome,
448,VIT_07s0031g00590,148,0.0714,Triacylglycerol lipase,E3_1_1_3,,vv10561Glycerolipid_metabolism,
449,VIT_16s0039g01070,146,0.0704,Glutathione S-transferase 25 GSTU7,E2_5_1_18_GSTU7,,vv10480Glutathione_metabolism,
450,VIT_19s0027g01140,145,0.0703,EDM2,PHDEDM2_1,,vv60048PHD,
451,VIT_12s0035g01520,142,0.0689,Disease resistance protein RPS2,,,,
452,VIT_16s0013g01590,142,0.0688,No hit,,,,
453,VIT_09s0002g02580,137,0.0667,No hit,,,,
454,VIT_03s0063g01310,137,0.0664,Oxidoreductase  2OG-Fe(II) oxygenase family,,,,
455,VIT_18s0117g00030,137,0.0662,No hit,,,,
456,VIT_03s0088g00710,135,0.0651,Pathogenesis-related protein 1 precursor (PRP 1),PRP1,,vv30011Jasmonate_signaling,vv34626Plant-pathogen_interaction
457,VIT_02s0025g02170,133,0.0648,Trehalase precursor,E2_4_1_15,,vv10500Starch_and_sucrose_metabolism,
458,VIT_03s0088g00750,133,0.0644,Pathogenesis related protein 1 precursor [Vitis vinifera],PRP1,,vv30011Jasmonate_signaling,vv34626Plant-pathogen_interaction
459,VIT_18s0001g08820,131,0.0634,Unknown protein,,,,
460,VIT_12s0059g02620,131,0.0633,Receptor protein kinase RK20-1,,,,
461,VIT_18s0001g13230,129,0.0625,Beta-galactosidase BG1 [Vitis vinifera],E3_2_1_23,,vv10052Galactose_metabolism,vv10511N-Glycan_degradation
462,VIT_18s0001g11120,128,0.0621,Ternary complex factor MIP1,,,,
463,VIT_08s0040g01710,128,0.0619,Phenylalanine ammonia-lyase,E4_3_1_5,,vv10350Tyrosine_metabolism,vv10360Phenylalanine_metabolism
464,VIT_01s0010g02000,127,0.0613,Peroxidase,E1_11_1_7,,vv10360Phenylalanine_metabolism,vv10680Methane_metabolism
465,VIT_06s0004g05970,125,0.0609,Antiviral helicase SKI2,K12599,,vv23018RNA_degradation,
466,VIT_03s0038g01050,125,0.0607,Phenylalanine-tRNA ligase,E6_1_1_20,,vv10400Phenylalanine_tyrosine_and_tryptophan_biosynthesis,vv20970Aminoacyl-tRNA_biosynthesis
467,VIT_14s0108g00540,125,0.0603,Phosphofructokinase,E2_7_1_90,,vv10051Fructose_and_mannose_metabolism,
468,VIT_12s0055g01240,122,0.0589,P-glycoprotein 11,PGP11,,vv52010ABC_transporters,
469,VIT_05s0049g00460,120,0.058,Basic helix-loop-helix ILR3,ILR3_3,,vv11002Auxin_biosynthesis,vv60011BHLH
470,VIT_13s0147g00210,119,0.0579,Unknown protein,,,,
471,VIT_19s0014g01370,120,0.0578,Curculin (mannose-binding) lectin,,,,
472,VIT_18s0076g00380,117,0.0567,ABC transporter F member 6,ABCF6,,vv52010ABC_transporters,
473,VIT_05s0049g01020,117,0.0565,Myb domain protein 14,MYB14_3,,vv60044MYB,
474,VIT_02s0033g00270,116,0.0564,Pinoresinol-lariciresinol reductase,PLR,,vv10940Phenylpropanoid_biosynthesis,
475,VIT_13s0067g01730,115,0.0556,Steroid 5alpha-reductase,K09591,,vv10905Brassinosteroid_biosynthesis,
476,VIT_10s0003g00590,114,0.0553,Ethylene-responsive transcription factor ERF091,ERF091,VvERF095,vv30008Ethylene_signaling,vv60003AP2_EREBP
477,VIT_14s0083g00340,114,0.0551,Beta-glucan-binding protein 4,E3_2_1_23,,vv10052Galactose_metabolism,vv10511N-Glycan_degradation
478,VIT_11s0016g05460,112,0.0541,BRI1-KD interacting protein,BRI1INT,,vv30005Brassinosteroids_signaling,
479,VIT_06s0004g07350,111,0.0537,Substrate carrier  Mitochondrial,K03454,,vv50123Porters_cat_18_to_29,
480,VIT_19s0014g04700,111,0.0536,No hit,,,,
481,VIT_14s0060g02690,109,0.0528,Germin-like protein 3 [Vitis vinifera],,,,
482,VIT_18s0117g00590,108,0.0524,Laccase,E1_10_3_2,,vv11000Single_reactions,vv50109Incompletely_characterized_transport_systems
483,VIT_19s0014g05110,109,0.0524,Unknown,,,,
484,VIT_06s0004g02010,102,0.0493,No hit,,,,
485,VIT_07s0104g01770,102,0.0492,RNA recognition motif (RRM)-containing,,,,
486,VIT_04s0069g01010,102,0.049,Harpin-induced protein,,,,
487,VIT_14s0006g00350,101,0.0489,Glutamine synthetase cytosolic isozyme 2,E6_3_1_2,,vv10251Glutamate_metabolism,vv10550Peptidoglycan_biosynthesis
488,VIT_18s0075g00810,101,0.0487,Laccase,E1_10_3_2,,vv11000Single_reactions,vv50109Incompletely_characterized_transport_systems
489,VIT_06s0004g06480,100,0.0482,CYP71E,E1_14_13_73,,vv10902Monoterpenoid_biosynthesis,
490,VIT_06s0004g00120,96,0.0463,Zinc finger (C3HC4-type ring finger),ZFC3HC4_41,,vv60078Other_zf-C3HC4,
491,VIT_10s0003g04050,95,0.0462,Unknown protein,,,,
492,VIT_00s0187g00260,95,0.0458,Alcohol O-fatty-acyltransferase long-chain-,E2_3_1_75,,vv11000Single_reactions,
493,VIT_19s0014g01720,95,0.0458,Sodium/calcium exchanger family protein,NACAEX,,vv50123Porters_cat_18_to_29,
494,VIT_05s0029g00350,94,0.0456,Heat shock transcription factor A5,HSFA5_2,,vv60037HSF,
495,VIT_11s0016g01860,93,0.0451,RPS2 (resistant to p. syringae 2),K13459,,vv34626Plant-pathogen_interaction,
496,VIT_18s0001g08760,93,0.0449,No hit,,,,
497,VIT_18s0001g12500,92,0.0445,Unknown protein,,,,
498,VIT_14s0068g02110,91,0.0441,Sulfite oxidase,E1_8_3_1,,vv10920Sulfur_metabolism,
499,VIT_02s0012g00960,91,0.044,1-deoxy-D-xylulose-5-phosphate synthase,E2_2_1_7,,vv10100Biosynthesis_of_steroids,
500,VIT_14s0108g00890,90,0.0436,Beta-1 3-galactosyltransferase,K07819,,vv10602Glycosphingolipid_biosynthesis,
501,VIT_08s0058g00690,89,0.0432,WRKY DNA-binding protein 33,WRKY33_3,VvWRKY24,vv34626Plant-pathogen_interaction,vv60066WRKY
502,VIT_01s0150g00410,89,0.043,Unknown protein,,,,
503,VIT_00s0194g00020,85,0.0411,DNA-directed RNA polymerase II subunit D,K03012,,vv23020RNA_polymerase,
504,VIT_05s0020g00640,85,0.041,Methyltransferase,,,,
505,VIT_17s0000g05240,84,0.0405,Nuclear transport factor 2 (NTF2),NTF2,,vv50133Primary_active_transporter_cat_A9_to_A18,
506,VIT_10s0003g01940,83,0.0404,RKF1 (receptor-like kinase in flowers 1),,,,
507,VIT_01s0150g00450,83,0.0399,Respiratory burst oxidase protein D (RBOHD),RBOHD,,vv34626Plant-pathogen_interaction,vv50105Transport_electron_carriers
508,VIT_08s0007g06610,81,0.039,Lectin protein kinase,,,,
509,VIT_02s0025g00420,81,0.0389,WRKY DNA-binding protein 27,WRKY27_2,VvWRKY04,vv60066WRKY,
510,VIT_13s0019g01710,80,0.0389,Scarecrow transcription factor 14 (SCL14),SCL14_9,,vv60032GRAS,
511,VIT_00s0347g00050,80,0.0387,Ser/Thr receptor-like kinase1,,,,
512,VIT_10s0405g00020,80,0.0385,Mo25,K08272,,vv34150mTOR_signaling_pathway,
513,VIT_14s0083g00260,79,0.0382,No hit,,,,
514,VIT_16s0039g01870,77,0.0374,Protein kinase,,,,
515,VIT_17s0000g02210,78,0.0373,Hsp70 interacting protein,,,,
516,VIT_06s0009g00210,77,0.0371,Calmodulin-binding region IQ5,,,,
517,VIT_01s0127g00070,77,0.037,Nitrate transporter2.5,NRT2_5,,vv50121Porters_cat_1_to_6,
518,VIT_10s0003g05430,75,0.0363,Reticuline oxidase precursor,E1_21_3_3,,vv10950Alkaloid_biosynthesis_I,
519,VIT_19s0014g01150,74,0.0359,Curculin (mannose-binding) lectin,,,,
520,VIT_05s0077g01250,73,0.0354,Endochitinase A2 precursor,E3_2_1_14,,vv10530Aminosugars_metabolism,
521,VIT_18s0001g04490,73,0.0353,Germacrene-D synthase,E4_2_3_22,,vv10900Terpenoid_biosynthesis,
522,VIT_10s0042g00590,73,0.0353,Leucine-rich repeat receptor-like protein kinase 1,,,,
523,VIT_09s0054g00370,71,0.0344,Mannosyl-oligosaccharide 1 2-alpha-mannosidase IA,E3_2_1_113,,vv10510N-Glycan_biosynthesis,vv11030Glycan_structures-biosynthesis1
524,VIT_04s0008g04790,71,0.0344,ABC transporter g family pleiotropic drug resistance 12 PDR12,ABCGPDR12,,vv52010ABC_transporters,
525,VIT_16s0098g01830,71,0.0342,Transcription factor jumonji (jmjC) domain-containing protein,JMJD1B_3,,vv60038Jumonji,
526,VIT_08s0040g02210,70,0.0339,Lectin protein kinase,,,,
527,VIT_07s0031g00570,70,0.0339,Lipase class 3,,,,
528,VIT_01s0026g01780,70,0.0339,Leucine-rich repeat transmembrane,,,,
529,VIT_15s0024g01670,70,0.0338,Receptor kinase RK20-1,,,,
530,VIT_13s0067g03470,70,0.0338,Glutathione S-transferase GSTO1,E2_5_1_18_GSTO1,,vv10480Glutathione_metabolism,
531,VIT_17s0000g04230,70,0.0338,Translation initiation factor eIF-2B delta subunit,K03680,,vv23013RNA_transport,
532,VIT_15s0046g02220,69,0.0333,ACC synthase,E4_4_1_14,,vv10640Propanoate_metabolism,vv30008Ethylene_signaling
533,VIT_03s0091g00150,65,0.0315,NtPRp27 secretory protein,,,,
534,VIT_01s0011g01810,64,0.031,No hit,,,,
535,VIT_09s0002g05530,64,0.0309,ABC transporter g family pleiotropic drug resistance 12 PDR12,ABCGPDR12,,vv52010ABC_transporters,
536,VIT_05s0020g03980,64,0.0309,Calmodulin-binding region IQD19,,,,
537,VIT_00s0567g00050,63,0.0305,Patatin 2,,,,
538,VIT_16s0098g01260,63,0.0305,Intramitochondrial sorting protein MSP1 protein,MSP1,,vv50133Primary_active_transporter_cat_A9_to_A18,
539,VIT_08s0007g07530,63,0.0304,3-oxoacyl-[acyl-carrier-protein] reductase  chloroplast,E1_1_1_100,,vv10061Fatty_acid_biosynthesis,vv11040Biosynthesis_of_unsaturated_fatty_acids
540,VIT_11s0016g02830,63,0.0301,Gamma-glutamyltranspeptidase,E2_3_2_2,,vv10272Cysteine_metabolism,vv10450Selenoamino_acid_metabolism
541,VIT_01s0137g00600,62,0.0299,MAP kinase phosphatase (MKP1),,,,
542,VIT_18s0001g05230,62,0.0299,Valencene synthase,CSTPS1,,vv10900Terpenoid_biosynthesis,
543,VIT_05s0062g01190,61,0.0295,Pirin,,,,
544,VIT_09s0054g00430,61,0.0295,Unknown protein,,,,
545,VIT_09s0002g05600,61,0.0294,ABC transporter g family pleiotropic drug resistance 12 PDR12,ABCGPDR12,,vv52010ABC_transporters,
546,VIT_07s0129g00800,61,0.0293,CYP81E1 Isoflavone 2'-hydroxylase,E1_14_13_89,,vv10943Isoflavonoid_biosynthesis,
547,VIT_08s0007g03890,59,0.0286,Brix domain-containing protein,,,,
548,VIT_18s0001g10100,59,0.0284,Ubiquitin-conjugating enzyme E2 I,K10577,,vv23013RNA_transport,vv24120Ubiquitin_mediated_proteolysis
549,VIT_00s0743g00020,59,0.0284,S-locus lectin protein kinase,,,,
550,VIT_01s0011g01110,59,0.0284,Molybdenum cofactor sulfurase,,,,
551,VIT_01s0010g02350,59,0.0284,Protein phosphatase 2 (formerly 2A)  regulatory subunit B',K11584,,vv23015mRNA_surveillance_pathway,
552,VIT_01s0010g03930,58,0.028,WRKY DNA-binding protein 75,WRKY75_1,VvWRKY03,vv60066WRKY,
553,VIT_13s0084g00800,57,0.0274,Transcription factor,TRIHELIXDOM_7,,vv60062Trihelix,
554,VIT_18s0001g10910,56,0.0272,Patatin,,,,
555,VIT_04s0008g00650,55,0.0267,3'-5' exonuclease domain-containing protein,K01146,,,
556,VIT_15s0021g01600,55,0.0266,Ethylene responsive element binding factor 2,ERF2,VvERF073,vv30008Ethylene_signaling,
557,VIT_18s0076g00200,54,0.0259,DELLA protein RGL2 (RGA-like protein 2),RGL2_1,,vv30010Gibberellin_signaling,vv60032GRAS
558,VIT_18s0089g01020,53,0.0259,Ethylene-responsive transcription factor,TINY_4,,vv30008Ethylene_signaling,vv60003AP2_EREBP
559,VIT_10s0003g04200,53,0.0255,Lipase class 3,,,,
560,VIT_05s0049g01010,51,0.0246,Myb domain protein 14,MYB14_4,MYB13,vv60044MYB,
561,VIT_16s0148g00210,50,0.0243,Receptor kinase homolog LRK10,,,,
562,VIT_17s0000g01650,50,0.0242,Cyclopropyl isomerase,E5_5_1_9,,vv10100Biosynthesis_of_steroids,
563,VIT_15s0048g00700,49,0.0237,Unknown protein,,,,
564,VIT_02s0025g04100,49,0.0236,CCR4-NOT transcription complex subunit 2,K12605,,vv23018RNA_degradation,
565,VIT_18s0001g14090,49,0.0236,Molecular chaperone DnaJ,K03686,,vv50132Primary_active_transporter_cat_A5_to_A8,
566,VIT_01s0011g00590,48,0.0232,Acclimation of photosynthesis to environment,APE2,,vv50122Porters_cat_7_to_17,
567,VIT_19s0085g00020,48,0.0232,Nucleolar complex protein 3 homolog (Protein NOC3 homolog),,,,
568,VIT_18s0001g07870,48,0.0231,Unknown protein,,,,
569,VIT_17s0000g00730,47,0.0228,ATP binding / DNA binding,,,,
570,VIT_17s0000g03160,47,0.0228,No hit,,,,
571,VIT_08s0058g00090,47,0.0228,Hcr9-Avr4-par1,,,,
572,VIT_08s0007g02470,46,0.0222,Aspartyl protease,E3_4_23_x,,,
573,VIT_18s0117g00060,45,0.0218,R protein L6,K13477,,vv34627R_proteins_from_Plant-pathogen_interaction,
574,VIT_18s0117g00070,44,0.0213,R protein L6,K13477,,vv34627R_proteins_from_Plant-pathogen_interaction,
575,VIT_13s0156g00160,44,0.0212,Unknown,,,,
576,VIT_14s0030g02050,44,0.0212,Auxin-induced protein PCNT115,AUXREG,,vv30003Auxin_signaling,
577,VIT_13s0074g00800,43,0.021,CCHC-type integrase,,,,
578,VIT_02s0025g02550,43,0.0209,Late embryogenesis abundant protein,,,,
579,VIT_11s0016g05540,43,0.0208,Dicyanin,,,,
580,VIT_05s0077g01710,43,0.0208,U3 small nucleolar RNA-associated protein 5,K14546,,vv23008Ribosome_biogenesis_in_Eukaryotes,
581,VIT_18s0117g00280,43,0.0208,Coatomer protein complex  subunit beta 2,COPB2,,vv50110Protein_coat,
582,VIT_05s0077g01410,43,0.0208,No hit,,,,
583,VIT_00s0762g00010,43,0.0207,S-locus lectin protein kinase family,,,,
584,VIT_09s0002g03800,43,0.0207,RPS5 (resistant to p. syringae 5),K13460,,vv34627R_proteins_from_Plant-pathogen_interaction,
585,VIT_14s0066g01080,42,0.0203,ADP-ribosylation factor A1B,ARFA1B,,vv50110Protein_coat,
586,VIT_01s0011g00530,41,0.0197,Ureide permease 2 (AtUPS2),UPS2,,vv50122Porters_cat_7_to_17,
587,VIT_13s0019g01380,40,0.0193,Integral membrane protein,,,,
588,VIT_07s0129g00410,39,0.0187,Casein kinase II alpha chain 2,K03097,,vv23008Ribosome_biogenesis_in_Eukaryotes,vv34710Circadian_rhythm
589,VIT_00s0270g00120,38,0.0185,Alpha-amylase/subtilisin inhibitor,E3_2_1_1,,vv10500Starch_and_sucrose_metabolism,
590,VIT_13s0019g04190,38,0.0184,Chorismate synthase 1  chloroplast precursor,E4_2_3_5,,vv10400Phenylalanine_tyrosine_and_tryptophan_biosynthesis,
591,VIT_17s0119g00290,37,0.0179,No hit,,,,
592,VIT_00s0480g00040,37,0.0179,Polyphenol oxidase II  chloroplast precursor,E1_10_3_1,,vv10350Tyrosine_metabolism,vv50109Incompletely_characterized_transport_systems
593,VIT_05s0094g01230,37,0.0179,Allyl alcohol dehydrogenase,,,,
594,VIT_13s0067g03720,37,0.0178,SAC3/GANP,,,,
595,VIT_07s0141g00640,37,0.0178,ProT1 (PROLINE transporter 1),PROT1,,vv50123Porters_cat_18_to_29,
596,VIT_15s0048g01390,36,0.0174,Gibberellin receptor GID1L3,GID1C,,vv30010Gibberellin_signaling,
597,VIT_05s0077g01660,36,0.0174,Major allergen protein homolog,,,,
598,VIT_03s0038g04170,36,0.0173,Lectin protein kinase,,,,
599,VIT_19s0093g00390,36,0.0173,Glutathione S-transferase 25 GSTU25,E2_5_1_18_GSTU25,,vv10480Glutathione_metabolism,
600,VIT_18s0041g02470,35,0.0169,Disease resistance protein (TIR-NBS-LRR class),,,,
601,VIT_09s0002g05170,35,0.0168,Unknown protein,,,,
602,VIT_03s0063g01910,34,0.0165,Integral membrane protein,,,,
603,VIT_04s0008g05650,34,0.0164,Vesicle-associated membrane protein 7,K08515,,vv24130SNARE_interactions_in_vesicular_transport,vv50101Channels_and_pores
604,VIT_16s0022g00700,33,0.0161,Pectinesterase family,E3_1_1_11,,vv40006Cell_wall,
605,VIT_06s0004g04620,33,0.016,Unknown,,,,
606,VIT_01s0026g00820,33,0.016,IAA-amino acid hydrolase 1 (ILR1),K01463,,vv11002Auxin_biosynthesis,
607,VIT_00s2262g00010,31,0.0149,Low expression of osmotically responsive genes 1,LOS4,,vv50133Primary_active_transporter_cat_A9_to_A18,
608,VIT_10s0003g05640,30,0.0145,UDP-arabinose 4-epimerase 3,E5_1_3_5,,vv10520Nucleotide_sugars_metabolism,
609,VIT_00s0421g00020,30,0.0145,Hcr2-5B,,,,
610,VIT_18s0001g00080,29,0.0141,Laccase,E1_10_3_2,,vv11000Single_reactions,vv50109Incompletely_characterized_transport_systems
611,VIT_09s0054g00380,28,0.0136,Unknown protein,,,,
612,VIT_07s0104g00300,28,0.0135,Hemolysin,K06442,,vv50109Incompletely_characterized_transport_systems,
613,VIT_14s0081g00210,28,0.0135,No hit,,,,
614,VIT_07s0191g00070,28,0.0135,SNF1-related protein kinase 2.7 SNRK2.7 SRK2F,SRK2F,,vv30001ABA_signaling,
615,VIT_08s0058g01450,27,0.0132,STN8 (state transition 8),,,,
616,VIT_02s0087g00320,27,0.0132,Glycosyl transferase family 1 protein,,,,
617,VIT_04s0008g06850,27,0.0131,Biopterin transport-related protein BT1,BIOPTERIN,,vv50125Porters_cat_66_to_94,
618,VIT_19s0085g00460,27,0.013,No hit,,,,
619,VIT_00s0347g00120,27,0.013,S-locus lectin protein kinase,,,,
620,VIT_01s0011g06150,26,0.0126,Receptor protein kinase,,,,
621,VIT_03s0088g00720,25,0.0121,Pathogenesis-related protein 1 precursor (PRP 1),PRP1,,vv30011Jasmonate_signaling,vv34626Plant-pathogen_interaction
622,VIT_11s0016g03960,25,0.0121,Kinesin family member 2/24,K10393,,vv44810Regulation_of_actin_cytoskeleton,
623,VIT_07s0191g00080,25,0.0121,GCR2-like 1 ABA receptor,,,,
624,VIT_19s0014g02780,25,0.012,Unknown,,,,
625,VIT_01s0011g03850,24,0.0117,Unknown protein,,,,
626,VIT_06s0004g06310,24,0.0116,Ribosomal protein P0 (RPP0A) acidic 60S,K02941,,vv23010Ribosome,
627,VIT_15s0046g01620,23,0.0111,Glycosyl transferase family 1 protein,,,,
628,VIT_03s0180g00080,23,0.0111,Cyclase,,,,
629,VIT_19s0014g03640,23,0.0111,Myosin VII,K10359,,vv44810Regulation_of_actin_cytoskeleton,
630,VIT_18s0001g09550,22,0.0107,Receptor kinase TRKe,,,,
631,VIT_16s0050g02630,22,0.0106,FtsH protease that is localized to the chloroplast,K03798,,vv50133Primary_active_transporter_cat_A9_to_A18,
632,VIT_17s0000g07670,21,0.0102,Betaine-aldehyde dehydrogenase,E1_2_1_8,,vv10260Glycine_serine_and_threonine_metabolism,vv50101Channels_and_pores
633,VIT_12s0028g01450,21,0.0102,S-receptor kinase,,,,
634,VIT_14s0006g02770,20,0.0097,Proton-dependent oligopeptide transport (POT) family protein,POT,,vv50122Porters_cat_7_to_17,
635,VIT_03s0091g00160,20,0.0097,NtPRp27 secretory protein,,,,
636,VIT_10s0003g02020,20,0.0097,RKF1 (receptor-like kinase in flowers 1),,,,
637,VIT_07s0031g00460,20,0.0096,Nicotinate phosphoribosyltransferase,E2_4_2_11,,vv10760Nicotinate_and_nicotinamide_metabolism,
638,VIT_18s0001g00650,20,0.0096,No hit,,,,
639,VIT_13s0067g02500,19,0.0092,Xanthine/uracil permease,K06901,,vv50121Porters_cat_1_to_6,
640,VIT_00s0181g00170,19,0.0092,F-box family protein,,,,
641,VIT_14s0068g01070,18,0.0087,SUVH4 (SU(VAR)3-9 homolog 4),E2_1_1_43SUVH4_6,,vv10300Lysine_biosynthesis,vv60056SET_PCG
642,VIT_11s0016g00530,18,0.0087,Adrenodoxin ferredoxin 2,K04755,,,
643,VIT_14s0171g00400,17,0.0083,Lysine histidine transporter 1,LHT1,,vv50123Porters_cat_18_to_29,
644,VIT_06s0009g03130,17,0.0082,Cytochrome P450  family 79  subfamily A  polypeptide 2,K12153,,vv10966Glucosinolate_biosynthesis,
645,VIT_05s0020g03090,17,0.0082,Chloride channel protein (CLC-d),K05393_CLCD,,vv50124Porters_cat_30_to_64,
646,VIT_17s0000g06790,16,0.0078,flavin-containing monooxygenase,E1_14_13_8,,vv11000Single_reactions,
647,VIT_00s1386g00010,16,0.0078,F-box family protein,,,,
648,VIT_14s0030g01500,16,0.0078,SF21,,,,
649,VIT_07s0151g01070,16,0.0077,Copalyl diphosphate synthase,E5_5_1_12,,vv10904Diterpenoid_biosynthesis,
650,VIT_14s0060g01590,16,0.0077,Wall-associated receptor kinase-like 20,,,,
651,VIT_06s0004g00770,16,0.0077,Leucoanthocyanidin dioxygenase-like protein,E1_14_11_19,,vv10941Flavonoid_biosynthesis,
652,VIT_09s0002g07850,15,0.0073,No hit,,,,
653,VIT_05s0062g00990,15,0.0073,Aldo/keto reductase AKR,E1_1_1_21,,vv10040Pentose_glucuronate_interconversion,vv10051Fructose_and_mannose_metabolism
654,VIT_05s0049g00500,15,0.0073,Ethylene-responsive transcription factor ERF098,ERF098_2,VvERF110,vv30008Ethylene_signaling,vv60003AP2_EREBP
655,VIT_08s0007g02350,15,0.0073,Harpin-induced protein,,,,
656,VIT_02s0012g01870,15,0.0073,No hit,,,,
657,VIT_08s0007g05630,15,0.0072,No hit,,,,
658,VIT_06s0061g01400,15,0.0072,CBF transcription factor [Vitis vinifera],CBF1_1,VvERF026,vv30008Ethylene_signaling,vv60003AP2_EREBP
659,VIT_17s0000g04820,14,0.0068,BSD domain-containing protein,BSDDOM_7,,vv60075Other_BSD,
660,VIT_19s0014g04180,14,0.0068,Curculin (mannose-binding) lectin,,,,
661,VIT_07s0031g02400,14,0.0067,Amino acid permease,AAPREL,,vv50123Porters_cat_18_to_29,
662,VIT_17s0053g00750,13,0.0063,Unknown protein,,,,
663,VIT_00s0413g00010,13,0.0063,Laccase (diphenol oxidase) family protein,E1_10_3_2,,vv11000Single_reactions,vv50109Incompletely_characterized_transport_systems
664,VIT_11s0016g02360,13,0.0063,TET2 (tetraspanin2),,,,
665,VIT_05s0020g03690<br>VIT_05s0020g03710,13,0.0063,,,,,
666,VIT_00s0316g00060,13,0.0063,HcrVf1 protein,,,,
667,VIT_02s0033g00770,13,0.0063,Nitrilase 4B,E3_5_5_1,,vv10460Cyanoamino_acid_metabolism,vv10910Nitrogen_metabolism
668,VIT_00s0533g00020,13,0.0063,Zeaxanthin epoxidase  chloroplast precursor,E1_14_13_90_2,,vv10906Carotenoid_biosynthesis,vv60028FHA
669,VIT_02s0025g04250,12,0.0059,Osmotin,,,,
670,VIT_08s0040g00070,12,0.0058,Argonaute,,,,
671,VIT_18s0001g04860,12,0.0058,Aspartate transaminase.,E2_6_1_1,vv10710Carbon_fixation,vv10252Alanine_and_aspartate_metabolism,vv10272Cysteine_metabolism
672,VIT_01s0026g02640,12,0.0058,UbiE/COQ5 methyltransferase,K06127,,vv10130Ubiquinone_biosynthesis,
673,VIT_16s0013g00050,12,0.0058,Unknown,,,,
674,VIT_08s0007g01470,12,0.0058,Copper transporter 3,COPT3,,vv50101Channels_and_pores,
675,VIT_00s0179g00360,12,0.0058,Unknown protein,,,,
676,VIT_05s0020g05040,12,0.0058,Proteinase inhibitor 1 PPI3B2,,,,
677,VIT_06s0004g00790,12,0.0058,Amino acid permease,AAPREL,,vv50123Porters_cat_18_to_29,
678,VIT_12s0057g00900,12,0.0058,Import inner membrane translocase subunit TIM50,TIM50,,vv50132Primary_active_transporter_cat_A5_to_A8,
679,VIT_01s0026g01140,12,0.0058,ZCW32 (BIGPETAL  BIGPETALUB),ZCW32_2,,vv60011BHLH,
680,VIT_11s0016g01530,10,0.0048,Ankyrin repeat family protein,,,,
681,VIT_03s0017g01540,10,0.0048,No hit,,,,
682,VIT_02s0012g00890,10,0.0048,Unknown protein,,,,
683,VIT_08s0007g08480,10,0.0048,Zinc proteinase,,,,
684,VIT_08s0007g03310,10,0.0048,Unknown,,,,
685,VIT_09s0002g01650,10,0.0048,5'-nucleotidase surE,E3_1_3_5,,vv10230Purine_metabolism,vv10240Pyrimidine_metabolism
686,VIT_05s0020g04510,10,0.0048,GDP-mannose 3 5-epimerase 1,E5_1_3_18,,vv10053Ascorbate_and_aldarate_metabolism,
687,VIT_02s0025g02900,9,0.0044,Zinc transporter MTPA2,MTPA2,,vv50121Porters_cat_1_to_6,
688,VIT_14s0060g02320,9,0.0044,Respiratory burst oxidase protein B (ATRBOHB),RBOHB,,vv34626Plant-pathogen_interaction,vv50105Transport_electron_carriers
689,VIT_07s0005g04320,9,0.0044,No hit,,,,
690,VIT_07s0005g04570,9,0.0044,Xyloglucanase inhibitor,,,,
691,VIT_06s0061g01160,9,0.0044,Unknown protein,,,,
692,VIT_08s0007g05220,9,0.0044,Unknown,,,,
693,VIT_05s0094g01110,9,0.0044,Acetolactate synthase small subunit,E2_2_1_6,,vv10290Valine_leucine_and_isoleucine_biosynthesis,vv10650Butanoate_metabolism
694,VIT_04s0023g01170,9,0.0044,Unknown protein,,,,
695,VIT_12s0059g01590,9,0.0044,Lipase GDSL,,,,
696,VIT_14s0060g01390,9,0.0044,Protein disulfide isomerase A6 precursor (P5),E5_3_4_1,,,
697,VIT_18s0166g00070,9,0.0044,No hit,,,,
698,VIT_14s0060g00540,9,0.0044,TPA: class III peroxidase 70 precursor,E1_11_1_7,,vv10360Phenylalanine_metabolism,vv10680Methane_metabolism
699,VIT_08s0007g02790,9,0.0044,Unknown protein,,,,
700,VIT_17s0000g04420,9,0.0043,Wall-associated kinase 2 (WAK2),,,,
701,VIT_02s0012g01680,9,0.0043,Trehalose phosphatase 5,E3_1_3_12,,vv10500Starch_and_sucrose_metabolism,
702,VIT_02s0109g00390,9,0.0043,N-hydroxycinnamoyl/benzoyltransferase 5,,,,
703,VIT_04s0044g00220,9,0.0043,Monooxygenase,,,,
704,VIT_19s0014g04470,9,0.0043,S-locus protein kinase,,,,
705,VIT_02s0025g01080,9,0.0043,No hit,,,,
706,VIT_10s0003g01180,9,0.0043,Ketol-acid reductoisomerase,E1_1_1_86,,vv10290Valine_leucine_and_isoleucine_biosynthesis,vv10770Pantothenate_and_CoA_biosynthesis
707,VIT_00s0252g00030,9,0.0043,Unknown protein,,,,
708,VIT_07s0031g00960,9,0.0043,Aspartate aminotransferase,E2_6_1_1,vv10710Carbon_fixation,vv10252Alanine_and_aspartate_metabolism,vv10272Cysteine_metabolism
709,VIT_03s0063g01210,9,0.0043,Nodulin 1A  senescence-associated,,,,
710,VIT_09s0054g00560,8,0.0039,No hit,,,,
711,VIT_02s0087g00770,8,0.0039,ABC transporter E member 1,K06174,,vv52010ABC_transporters,
712,VIT_13s0064g01260,7,0.0034,DNA-damage-repair/toleration protein (DRT100),,,,
713,VIT_18s0001g10880,7,0.0034,Patatin,,,,
714,VIT_01s0011g03830,7,0.0034,Metallo-beta-lactamase,E3_5_2_6,,vv10311Penicillin_and_cephalosporin_biosynthesis,
715,VIT_07s0141g00840,7,0.0034,33 kDa secretory protein,,,,
716,VIT_19s0027g00390,7,0.0034,Protein kinase,,,,
717,VIT_03s0038g02350,7,0.0034,No hit,,,,
718,VIT_17s0000g00680,7,0.0034,No hit,,,,
719,VIT_18s0001g00810,7,0.0034,24-methylenesterol C-methyltransferase 2,E2_1_1_143,,vv10100Biosynthesis_of_steroids,
720,VIT_15s0021g02510,7,0.0034,GATA transcription factor 2,GATA2,,vv60016C2C2-GATA,
721,VIT_05s0077g01090,7,0.0034,RKF2 (receptor-like serine/threonine kinase 2),,,,
722,VIT_18s0001g12510,7,0.0034,5' nucleotidase,E3_1_3_5,,vv10230Purine_metabolism,vv10240Pyrimidine_metabolism
723,VIT_18s0089g01290,7,0.0034,No hit,,,,
724,VIT_05s0102g00830,7,0.0034,Unknown protein,,,,
725,VIT_02s0033g00700,6,0.0029,Nitrilase,E3_5_5_1,,vv10460Cyanoamino_acid_metabolism,vv10910Nitrogen_metabolism
726,VIT_18s0001g02770,6,0.0029,Alpha-L-fucosidase 2 precursor,E3_2_1_51,,vv10511N-Glycan_degradation,
727,VIT_16s0148g00310,6,0.0029,No hit,,,,
728,VIT_14s0068g02150,6,0.0029,Kelch repeat-containing F-box family protein,,,,
729,VIT_14s0030g01970,6,0.0029,Auxin-induced protein PCNT115,AUXREG,,vv30003Auxin_signaling,
730,VIT_05s0049g00490,6,0.0029,Ethylene response factor ERF14,ERF14_2,VvERF109,vv30008Ethylene_signaling,vv60003AP2_EREBP
731,VIT_11s0016g04940,6,0.0029,Zinc finger (CCCH-type) family protein,CCCHFAM_12,,vv60018C3H,
732,VIT_10s0003g04540,6,0.0029,Cationic amino acid transporter 1,AAT1,,vv50121Porters_cat_1_to_6,
733,VIT_03s0038g04540,6,0.0029,S-adenosyl-L-methionine:salicylic acid carboxyl methyltransferase,SAMTBSCMT,,vv10360Phenylalanine_metabolism,
734,VIT_04s0008g06970,6,0.0029,DnaJ-like zinc-finger protein,ZNJ3,,vv50132Primary_active_transporter_cat_A5_to_A8,
735,VIT_13s0019g03470,6,0.0029,Translation initiation factor eIF-3 subunit 5,K03249,,vv23013RNA_transport,
736,VIT_02s0025g02940,6,0.0029,Caffeic acid O-3-methyltransferase,E2_1_1_68,,vv10940Phenylpropanoid_biosynthesis,
737,VIT_01s0011g03310,6,0.0029,Unknown protein,,,,
738,VIT_12s0134g00290,6,0.0029,Receptor ser/thr protein kinase,,,,
739,VIT_07s0031g02320,6,0.0029,Leaf senescence protein,,,,
740,VIT_11s0037g01410,6,0.0029,XBAT32 (XB3 ortholog 2 in Arabidopsis thaliana 32),XBAT32,,vv50108Accessory_factors_involved_in_transport,
741,VIT_08s0007g07970,6,0.0029,Serine/threonine-protein kinase Nek4,,,,
742,VIT_03s0063g00100,6,0.0029,Unknown protein,,,,
743,VIT_07s0129g00760,6,0.0029,CYP81E1 Isoflavone 2'-hydroxylase,E1_14_13_89,,vv10943Isoflavonoid_biosynthesis,
744,VIT_04s0008g06870,6,0.0029,Cytochrome b5 domain-containing protein,,,,
745,VIT_13s0067g03130,6,0.0029,WRKY DNA-binding protein 55,WRKY55,VvWRKY40,vv60066WRKY,
746,VIT_05s0020g03440,6,0.0029,Photosystem II 11 kDa protein PSB27,K08902,,vv10195Photosynthesis,vv50135Primary_active_transporter_cat_D3_to_E2
747,VIT_04s0023g02810,6,0.0029,Aldehyde dehydrogenase 3B1,E1_2_1_3,vv10561Glycerolipid_metabolism,vv10010Glycolysis,vv10071Fatty_acid_metabolism
748,VIT_16s0050g01090,6,0.0029,Beta-carotene hydroxylase,K02294,,vv10906Carotenoid_biosynthesis,
749,VIT_08s0007g04780,6,0.0029,Aquaporin GAMMA-TIP,TIP_GAMMA,,vv50101Channels_and_pores,
750,VIT_00s0409g00060,6,0.0029,Cysteine-rich receptor-like protein kinase 25,,,,
751,VIT_00s0274g00080,6,0.0029,Benzoquinone reductase,E1_6_5_6,,vv10740Riboflavin_metabolism,
752,VIT_01s0026g00210,6,0.0029,Aldehyde dehydrogenase (NAD+),E1_2_1_3,vv10561Glycerolipid_metabolism,vv10010Glycolysis,vv10071Fatty_acid_metabolism
753,VIT_01s0010g00840,6,0.0029,2-oxoglutarate decarboxylase,E4_1_1_71,,vv10251Glutamate_metabolism,
754,VIT_02s0025g04270<br>VIT_02s0025g04260<br>VIT_02s0025g04230,6,0.0029,,,,,
755,VIT_09s0002g06810,6,0.0029,Binding,,,,
756,VIT_14s0219g00070,6,0.0029,Zinc finger (C2H2 type) family,C2H2FAM_25,,vv60017C2H2,
757,VIT_07s0005g05030,6,0.0029,CLIP-associating protein (CLASP),,,,
758,VIT_12s0034g02220,6,0.0029,RKF3 (receptor-like kinase IN in flowers 3),,,,
759,VIT_04s0044g00400,6,0.0029,MTN21,MTN21,,vv50122Porters_cat_7_to_17,
760,VIT_04s0023g02700,6,0.0029,Thioredoxin H,,,,
761,VIT_07s0005g02050,6,0.0029,Carboxylic ester hydrolase,E3_1_1_1,,,
762,VIT_00s0391g00070,6,0.0029,3-deoxy-D-arabino-heptulosonate 7-phosphate synthase,E2_5_1_54,,vv10400Phenylalanine_tyrosine_and_tryptophan_biosynthesis,
763,VIT_19s0015g00070,6,0.0029,CYP71D10p,,,,
764,VIT_01s0137g00820,6,0.0029,Phototropic-responsive NPH3,,,,
765,VIT_00s0398g00040,6,0.0029,Receptor kinase RK20-1,,,,
766,VIT_13s0019g01490,4,0.0019,C2 domain-containing protein,,,,
767,VIT_02s0025g04760,4,0.0019,Splicing factor YT521-B,,,,
768,VIT_13s0047g01170,4,0.0019,No hit,,,,
769,VIT_14s0108g00430,4,0.0019,ABC transporter B member 16,ABCB16,,vv52010ABC_transporters,
770,VIT_14s0083g00710,4,0.0019,Zinc finger (C3HC4-type ring finger),ZFC3HC4_30,,vv60078Other_zf-C3HC4,
771,VIT_14s0108g00930,4,0.0019,Unknown protein,,,,
772,VIT_19s0014g01530,4,0.0019,Protein kinase,,,,
773,VIT_08s0007g02990,4,0.0019,Unknown,,,,
774,VIT_03s0038g01820,3,0.0015,Translocon-associated protein alpha TRAP complex,K13249,,vv24141Protein_processing_in_endoplasmic_reticulum,vv50133Primary_active_transporter_cat_A9_to_A18
775,VIT_17s0000g08210,3,0.0015,Zinc finger (C3HC4-type ring finger),ZFC3HC4_103,,vv60078Other_zf-C3HC4,
776,VIT_11s0016g01470,3,0.0015,Lecithine cholesterol acyltransferase,E2_3_1_43,,vv10564Glycerophospholipid_metabolism,
777,VIT_19s0014g01730,3,0.0015,Glutamate receptor 2.8,GLR2_8,,vv50101Channels_and_pores,
778,VIT_19s0014g04440,3,0.0015,S-locus protein kinase,,,,
779,VIT_18s0001g01470,3,0.0015,No hit,,,,
780,VIT_14s0006g00630,3,0.0015,Dehydroascorbate reductase,E1_8_5_1,,vv10053Ascorbate_and_aldarate_metabolism,vv10251Glutamate_metabolism
781,VIT_10s0116g00070,3,0.0015,Unknown,,,,
782,VIT_07s0005g03050,3,0.0015,Deoxyhypusine hydroxylase,E1_14_99_29,,vv10220Urea_cycle_and_metabolism_of_amino_groups,
783,VIT_09s0002g04160,3,0.0015,Thioesterase family,,,,
784,VIT_16s0039g00660,3,0.0015,RNA polymerase nonessential primary-like sigma factor SIGA,K03087,,vv23020RNA_polymerase,vv60057Sigma70-like
785,VIT_06s0080g00730,3,0.0015,Germin-like protein 1,,,,
786,VIT_16s0100g00690,3,0.0015,Ankyrin repeat,K10380,,vv50108Accessory_factors_involved_in_transport,
787,VIT_18s0001g02760,3,0.0015,Lipase GDSL,,,,
788,VIT_07s0191g00090,3,0.0015,14-3-3 protein GF14 omega (GRF2),,,,
789,VIT_18s0001g02340,3,0.0015,Armadillo/beta-catenin repeat,,,,
790,VIT_17s0000g07640,3,0.0015,Mannose-1-phosphate guanyltransferase,E2_7_7_23,,vv10530Aminosugars_metabolism,
791,VIT_04s0023g01830,3,0.0015,U3 small nucleolar RNA-associated protein 22,K14544,,vv23008Ribosome_biogenesis_in_Eukaryotes,
792,VIT_19s0014g04000,3,0.0015,Curculin (mannose-binding) lectin,,,,
793,VIT_07s0005g01480,3,0.0015,PMR5 (powdery mildew resistant 5),,,,
794,VIT_18s0072g00260,3,0.0015,Ethylene-responsive transcription factor related to APETALA2 6,RAP2_6,VvERF114,vv30008Ethylene_signaling,vv60003AP2_EREBP
795,VIT_04s0023g00360,3,0.0015,Unknown protein,,,,
796,VIT_17s0000g02120,3,0.0015,Unknown protein,,,,
797,VIT_07s0104g01260,3,0.0015,flavin-containing monooxygenase,E1_14_13_8,,vv11000Single_reactions,
798,VIT_14s0066g01400,3,0.0015,MLK/Raf-related protein kinase 1,,,,
799,VIT_16s0050g02220,3,0.0015,Acidic endochitinase (CHIB1),E3_2_1_14,,vv10530Aminosugars_metabolism,
800,VIT_00s0194g00110,3,0.0015,4-nitrophenylphosphatase,E3_1_3_18,,vv10630Glyoxylate_and_dicarboxylate_metabolism,
801,VIT_01s0011g00060,3,0.0015,No hit,,,,
802,VIT_19s0085g00390,3,0.0015,Unknown protein,,,,
803,VIT_09s0070g00130,3,0.0015,Ribosomal protein L7 (RPL7A) 60S,K02937,,vv23010Ribosome,
804,VIT_14s0066g02550,3,0.0015,H(+)-ATPase 4 AHA4,K01535,,vv10190Oxidative_phosphorylation,vv50131Primary_active_transporter_cat_A2_to_A4
805,VIT_18s0001g05430,3,0.0015,(+)-delta-cadinene synthase isozyme XC14,E4_2_3_13,,vv10900Terpenoid_biosynthesis,
806,VIT_19s0015g02610,3,0.0015,Glutathione S-transferase 25 GSTU25,E2_5_1_18_GSTU25,,vv10480Glutathione_metabolism,
807,VIT_14s0128g00280,3,0.0015,Unknown,,,,
808,VIT_16s0039g00740,3,0.0014,Histone-lysine N-methyltransferase ASHH3,E2_1_1_43ASHH3_1,,vv10300Lysine_biosynthesis,vv60056SET_PCG
809,VIT_06s0061g01210,3,0.0014,Lysine histidine transporter 1,LHT1,,vv50123Porters_cat_18_to_29,
810,VIT_08s0105g00280,3,0.0014,Ribosomal protein S8e,K02995,,vv23010Ribosome,
811,VIT_09s0002g05430,3,0.0014,ABC transporter g family pleiotropic drug resistance 12 PDR12,ABCGPDR12,,vv52010ABC_transporters,
812,VIT_07s0005g03760,3,0.0014,Phytochelatin synthase 1 (PCS1),E2_3_2_15,,vv10251Glutamate_metabolism,
813,VIT_04s0023g01980<br>VIT_04s0043g00820,3,0.0014,,,,,
814,VIT_03s0063g02560,3,0.0014,Phenylalanyl-tRNA synthetase alpha chain,E6_1_1_20,,vv10400Phenylalanine_tyrosine_and_tryptophan_biosynthesis,vv20970Aminoacyl-tRNA_biosynthesis
815,VIT_09s0002g00890,3,0.0014,Jasmonate ZIM-domain protein 1,JAZ1_2,,vv30011Jasmonate_signaling,vv60069ZIM
816,VIT_18s0001g02970,3,0.0014,Glucose-6-phosphate/phosphate translocator related,GPTREL,,vv50122Porters_cat_7_to_17,
817,VIT_15s0107g00210,3,0.0014,Cinnamyl alcohol dehydrogenase,E1_1_1_195,,vv10940Phenylpropanoid_biosynthesis,
818,VIT_05s0077g01580,3,0.0014,Pathogenesis protein 10 [Vitis vinifera],,,,
819,VIT_16s0039g01650,3,0.0014,Transporter-related,TRANSPORTERUNK,,vv50109Incompletely_characterized_transport_systems,
820,VIT_05s0049g01190,3,0.0014,Receptor serine/threonine kinase,,,,
821,VIT_11s0103g00490,3,0.0014,Unknown protein,,,,
822,VIT_13s0019g03930,3,0.0014,No hit,,,,
823,VIT_05s0020g03360,3,0.0014,Unknown,,,,
824,VIT_18s0001g00420,3,0.0014,Laccase,E1_10_3_2,,vv11000Single_reactions,vv50109Incompletely_characterized_transport_systems
825,VIT_08s0007g05490,3,0.0014,Pyruvate kinase,E2_7_1_40,,vv10010Glycolysis,vv10230Purine_metabolism
826,VIT_18s0075g00630,3,0.0014,Laccase,E1_10_3_2,,vv11000Single_reactions,vv50109Incompletely_characterized_transport_systems
827,VIT_01s0150g00120,3,0.0014,Ethylene-responsive transcription factor ERF114,ERF114_2,VvERF112,vv30008Ethylene_signaling,vv60003AP2_EREBP
828,VIT_09s0002g06780,3,0.0014,Unknown protein,,,,
829,VIT_06s0004g00130,3,0.0014,Pyruvate kinase,E2_7_1_40,,vv10010Glycolysis,vv10230Purine_metabolism
830,VIT_11s0016g03320,3,0.0014,Oligosaccharyl transferase STT3 subunit,K07151,,vv10510N-Glycan_biosynthesis,vv24141Protein_processing_in_endoplasmic_reticulum
831,VIT_19s0135g00010,3,0.0014,Ureide permease 2 (AtUPS2),UPS2,,vv50122Porters_cat_7_to_17,
832,VIT_07s0104g00440,3,0.0014,Endo-1 3;1 4-beta-D-glucanase precursor,E3_2_1_73,,,
833,VIT_17s0000g07780,3,0.0014,Calmodulin-binding protein,K02183,,vv34020Calcium_signaling_pathway,vv34626Plant-pathogen_interaction
834,VIT_18s0001g05000<br>VIT_18s0001g04780<br>VIT_18s0001g04120,3,0.0014,,,,,
835,VIT_18s0001g01210,3,0.0014,Senescence-inducible chloroplast stay-green protein 2,,,,
836,VIT_07s0205g00160,3,0.0014,Basic helix-loop-helix (bHLH) family,BHLHDOM_8,,vv60011BHLH,
837,VIT_13s0019g03970,3,0.0014,Ribosomal protein P0 (RPP0A) acidic 60S,K02941,,vv23010Ribosome,
838,VIT_01s0011g03650,3,0.0014,Map kinase substrate 1 MKS1,,,,
839,VIT_07s0031g02510,3,0.0014,Sirtuin (silent mating type information regulation 2 homolog),SRT2,,,
840,VIT_17s0000g06880,3,0.0014,Heparanase protein 2 precursor,E3_2_1_31,,vv10040Pentose_glucuronate_interconversion,vv10500Starch_and_sucrose_metabolism
841,VIT_03s0017g02190,3,0.0014,ZIP family transporter,ZIP1,,vv50121Porters_cat_1_to_6,
842,VIT_07s0005g04890,3,0.0014,Glutathione S-transferase 25 GSTU7,E2_5_1_18_GSTU7,,vv10480Glutathione_metabolism,
843,VIT_18s0001g14950,3,0.0014,EMB2170 (embryo defective 2170),,,,
844,VIT_00s0391g00040,3,0.0014,F-box family protein,,,,
845,VIT_19s0015g00180,3,0.0014,Unknown protein,,,,
846,VIT_07s0031g01660,3,0.0014,CYP86A2,,,,
