Vv_m2,2000,1000,VIT_16s0100g01110,,,,,
rank,node,Fabs,Frel,Functional-annotation,Name-EC-KeggID,Updated-name,Network1,Network2
1,VIT_13s0019g04440,2060,1,Zinc finger (C3HC4-type ring finger),ZFC3HC4_163,,vv60078Other_zf-C3HC4,
2,VIT_00s0179g00280,2078,1,Calmodulin-8 (CAM8),K02183,,vv34020Calcium_signaling_pathway,vv34626Plant-pathogen_interaction
3,VIT_18s0117g00590,2065,1,Laccase,E1_10_3_2,,vv11000Single_reactions,vv50109Incompletely_characterized_transport_systems
4,VIT_16s0100g01190,2072,1,Stilbene synthase [Vitis vinifera],E2_3_1_95,,vv10940Phenylpropanoid_biosynthesis,
5,VIT_17s0000g00640,2055,1,No hit,,,,
6,VIT_16s0100g00770,2055,1,Stilbene synthase,E2_3_1_95,,vv10940Phenylpropanoid_biosynthesis,
7,VIT_16s0039g01110,2085,1,Phenylalanin ammonia-lyase [Vitis vinifera],E4_3_1_5,,vv10350Tyrosine_metabolism,vv10360Phenylalanine_metabolism
8,VIT_19s0027g00860,2086,1,NAC domain-containing protein 42,NAC042_2,VvNAC31,vv60046NAC,
9,VIT_05s0094g00170,2071,1,Protein transport protein Sec61 subunit beta,K09481,,vv23060Protein_export,vv24141Protein_processing_in_endoplasmic_reticulum
10,VIT_19s0014g00830,2067,1,RKF1 (receptor-like kinase in flowers 1),,,,
11,VIT_14s0068g01770,2065,1,WRKY DNA-binding protein 75,WRKY75_2,VvWRKY43,vv60066WRKY,
12,VIT_00s0409g00050,2065,0.9995,Receptor-like serine-threonine protein kinase,,,,
13,VIT_03s0063g02650,2071,0.999,Hydrolase  alpha/beta fold,,,,
14,VIT_10s0003g04910,2068,0.9986,Sinapyl alcohol dehydrogenase,E1_1_1_195,,vv10940Phenylpropanoid_biosynthesis,
15,VIT_09s0002g03700,2069,0.9981,No hit,,,,
16,VIT_00s0437g00060,2069,0.9947,Receptor kinase RK20-1,,,,
17,VIT_06s0004g07250,2038,0.9946,UDP-glucoronosyl and UDP-glucosyl transferase,,,,
18,VIT_09s0002g08460,2065,0.9933,8-amino-7-oxononanoate synthase,E2_3_1_47,,vv10780Biotin_metabolism,
19,VIT_05s0094g00160,2048,0.9894,No hit,,,,
20,VIT_09s0002g01200,2034,0.9869,Unknown protein,,,,
21,VIT_11s0016g01860,2039,0.985,RPS2 (resistant to p. syringae 2),K13459,,vv34626Plant-pathogen_interaction,
22,VIT_01s0010g01950,2030,0.9845,Anionic peroxidase,E1_11_1_7,,vv10360Phenylalanine_metabolism,vv10680Methane_metabolism
23,VIT_00s1386g00010,2037,0.9817,F-box family protein,,,,
24,VIT_12s0028g03260,2024,0.9806,Rooty/superroot1,K11819,,vv10966Glucosinolate_biosynthesis,
25,VIT_03s0063g01820,2022,0.9792,AOS (allene oxide synthase),E4_2_1_92,,vv10592alpha-Linolenic_acid_metabolism,
26,VIT_09s0054g01080,2002,0.97,Polygalacturonase QRT3,E3_2_1_15,,vv40006Cell_wall,
27,VIT_08s0007g00850,2007,0.9686,EFR (EF-TU receptor),K13428,,vv34626Plant-pathogen_interaction,
28,VIT_10s0003g00480,2006,0.9677,Isoflavone methyltransferase/ Orcinol O-methyltransferase 1 oomt1,E2_1_1_46,,vv10943Isoflavonoid_biosynthesis,
29,VIT_16s0100g01040,2001,0.9648,Stilbene synthase - grape,E2_3_1_95,,vv10940Phenylpropanoid_biosynthesis,
30,VIT_17s0000g03560,1998,0.9643,(myb domain protein 62,MYB62_1,MYB164,vv60044MYB,
31,VIT_16s0100g00900,1985,0.9636,Stilbene synthase [Vitis pseudoreticulata],E2_3_1_95,,vv10940Phenylpropanoid_biosynthesis,
32,VIT_07s0031g03060,1990,0.9632,NSL1 (necrotic spotted lesions 1),,,,
33,VIT_13s0019g04060,1992,0.9623,MLO1,K08472,,,
34,VIT_19s0027g00870,1983,0.9589,NAC domain-containing protein 42,NAC042_3,VvNAC30,vv60046NAC,
35,VIT_16s0100g01130,1986,0.9576,Stilbene synthase [Vitis vinifera],E2_3_1_95,,vv10940Phenylpropanoid_biosynthesis,
36,VIT_17s0000g03150,1980,0.957,No hit,,,,
37,VIT_11s0016g00570,1984,0.9548,Dimethylaniline monooxygenase (N-oxide forming) 2,E1_14_13_8,,vv11000Single_reactions,
38,VIT_10s0042g00880,1977,0.9546,Stilbene synthase [Vitis pseudoreticulata],E2_3_1_95,,vv10940Phenylpropanoid_biosynthesis,
39,VIT_06s0004g01670,1973,0.9504,UDP-glucoronosyl and UDP-glucosyl transferase,,,,
40,VIT_01s0010g01970<br>VIT_01s0010g01980,1978,0.9469,,,,,
41,VIT_18s0001g04280,1950,0.9461,(-)-germacrene D synthase,E4_2_3_22,,vv10900Terpenoid_biosynthesis,
42,VIT_15s0048g01350,1954,0.944,Gibberellin receptor GID1L3,GID1C,,vv30010Gibberellin_signaling,
43,VIT_18s0001g10180,1932,0.9347,N-hydroxycinnamoyl/benzoyltransferase 3,,,,
44,VIT_01s0011g04780,1918,0.9284,Unknown protein,,,,
45,VIT_18s0001g05060,1918,0.927,2 3-bisphosphoglycerate-dependent phosphoglycerate mutase,E5_4_2_1,,vv10010Glycolysis,
46,VIT_18s0001g04870,1922,0.9263,(-)-germacrene D synthase,E4_2_3_22,,vv10900Terpenoid_biosynthesis,
47,VIT_12s0035g01000,1924,0.9254,Serine protease inhibitor  serine-type,,,,
48,VIT_01s0011g05420,1913,0.9233,Fw2.2 ORFX,,,,
49,VIT_10s0042g00700,1925,0.9219,Leucine-rich repeat receptor-like protein kinase 1,,,,
50,VIT_16s0100g01140,1884,0.9204,Stilbene synthase 2,E2_3_1_95,,vv10940Phenylpropanoid_biosynthesis,
51,VIT_18s0001g00840,1899,0.9196,Syringolide-induced protein 14-1-1,,,,
52,VIT_16s0100g01000,1890,0.917,Stilbene synthase 4,E2_3_1_95,,vv10940Phenylpropanoid_biosynthesis,
53,VIT_18s0076g00200,1880,0.9148,DELLA protein RGL2 (RGA-like protein 2),RGL2_1,,vv30010Gibberellin_signaling,vv60032GRAS
54,VIT_07s0151g00260,1882,0.9074,Quinone-oxidoreductase  Chloroplast,K03956,,vv10190Oxidative_phosphorylation,vv50134Primary_active_transporter_cat_D1
55,VIT_12s0028g01310,1871,0.9074,Germin-like protein 1,,,,
56,VIT_12s0055g00400,1882,0.9061,Unknown,,,,
57,VIT_08s0007g04020,1875,0.9058,AT-hook protein 1 (AHP1),HMGIY_1,,vv60035HMG,
58,VIT_05s0102g00200,1869,0.9029,Unknown protein,,,,
59,VIT_17s0000g04360,1864,0.9009,Wall-associated kinase 2 (WAK2),,,,
60,VIT_13s0047g00060,1863,0.8996,Pentatricopeptide (PPR) repeat-containing protein,,,,
61,VIT_16s0100g01010<br>VIT_16s0100g00950<br>VIT_16s0100g01030<br>VIT_16s0100g00990,1850,0.8929,,,,,
62,VIT_05s0077g01690,1858,0.8928,Pathogenesis protein 10 [Vitis vinifera],,,,
63,VIT_17s0000g04370,1850,0.8924,Wall-associated kinase,,,,
64,VIT_14s0036g00330,1822,0.8819,RPS2 (resistant to p. syringae 2),K13459,,vv34626Plant-pathogen_interaction,
65,VIT_00s0567g00040,1829,0.881,Patatin,,,,
66,VIT_17s0000g05810,1801,0.8768,WRKY DNA-binding protein 72,WRKY72_2,VvWRKY53,vv60066WRKY,
67,VIT_10s0116g01450,1806,0.8737,Unknown,,,,
68,VIT_15s0048g00350,1786,0.8687,3-phosphoshikimate 1-carboxyvinyltransferase  chloroplast precursor,E2_5_1_19,,vv10400Phenylalanine_tyrosine_and_tryptophan_biosynthesis,
69,VIT_01s0010g02010,1779,0.8678,Anionic peroxidase,E1_11_1_7,,vv10360Phenylalanine_metabolism,vv10680Methane_metabolism
70,VIT_04s0079g00020,1791,0.8644,Cysteine-rich receptor-like protein kinase 2,,,,
71,VIT_07s0005g03220,1755,0.8499,Ethylene-responsive transcription factor ERF098,ERF098_1,VvERF098,vv30008Ethylene_signaling,vv60003AP2_EREBP
72,VIT_07s0129g01010,1762,0.8496,Unknown,,,,
73,VIT_01s0010g01960,1753,0.8465,Anionic peroxidase,E1_11_1_7,,vv10360Phenylalanine_metabolism,vv10680Methane_metabolism
74,VIT_09s0002g05530,1743,0.8396,ABC transporter g family pleiotropic drug resistance 12 PDR12,ABCGPDR12,,vv52010ABC_transporters,
75,VIT_17s0000g03050,1721,0.8367,Nodulin MtN21 family,MTN21,,vv50122Porters_cat_7_to_17,
76,VIT_09s0002g05570,1725,0.8366,ABC transporter g family pleiotropic drug resistance 12 PDR12,ABCGPDR12,,vv52010ABC_transporters,
77,VIT_18s0001g01370,1729,0.8353,Wall-associated receptor kinase 5,,,,
78,VIT_00s0437g00050,1714,0.832,Receptor kinase RK20-1,,,,
79,VIT_18s0001g00920<br>VIT_18s0075g00590<br>VIT_18s0001g00850<br>VIT_18s0075g00780<br>VIT_18s0001g00790<br>VIT_18s0001g00730<br>VIT_18s0001g00310<br>VIT_18s0075g00620<br>VIT_18s0075g00540<br>VIT_18s0075g00600<br>VIT_18s0075g00580<br>VIT_00s0481g00020<br>VIT_18s0001g00930,1725,0.8293,,,,,
80,VIT_17s0000g04380,1706,0.8274,Wall-associated kinase 1 (WAK1),,,,
81,VIT_03s0017g02120,1710,0.8269,UDP-glucose flavonoid 3-O-glucosyltransferase 2,E2_4_1_91,,vv10941Flavonoid_biosynthesis,
82,VIT_16s0100g01200<br>VIT_16s0100g01070,1711,0.8258,,,,,
83,VIT_07s0005g05780,1709,0.8252,Pantoate--beta-alanine ligase,E6_3_2_1,,vv10410Beta-alanine_metabolism,vv10770Pantothenate_and_CoA_biosynthesis
84,VIT_16s0100g00750,1689,0.8239,Stilbene synthase,E2_3_1_95,,vv10940Phenylpropanoid_biosynthesis,
85,VIT_07s0005g02660,1705,0.8225,ABC transporter B member 13,ABCB13,,vv52010ABC_transporters,
86,VIT_13s0019g00540,1690,0.82,Ethylene-responsive protein,ERUNK_7,,vv30008Ethylene_signaling,vv60011BHLH
87,VIT_15s0046g02170,1687,0.8154,3-methyl-2-oxobutanoate hydroxy-methyl-transferase,E2_1_2_11,,vv10770Pantothenate_and_CoA_biosynthesis,
88,VIT_18s0041g02010<br>VIT_18s0041g02050,1685,0.8124,,,,,
89,VIT_18s0117g00450<br>VIT_18s0117g00480,1677,0.8121,,,,,
90,VIT_07s0031g02310,1666,0.8041,Leucine-rich repeat-containing protein 40,,,,
91,VIT_06s0061g00960,1656,0.8015,Prolylcarboxypeptidase,E3_4_16_2,,,
92,VIT_10s0116g01310,1655,0.8003,F-box family protein,,,,
93,VIT_18s0001g00400,1633,0.7912,Laccase,E1_10_3_2,,vv11000Single_reactions,vv50109Incompletely_characterized_transport_systems
94,VIT_07s0191g00070,1611,0.776,SNF1-related protein kinase 2.7 SNRK2.7 SRK2F,SRK2F,,vv30001ABA_signaling,
95,VIT_00s0262g00090,1600,0.7744,Receptor kinase RK20-1,,,,
96,VIT_09s0096g01010,1603,0.7744,RPP27 (resistance to peronospora parasitica 27),,,,
97,VIT_09s0002g01280,1596,0.774,Retrotransposon,,,,
98,VIT_03s0132g00070,1596,0.7692,ATHVA22A (Arabidopsis thaliana HVA22 homologue A),HVA22A,,vv30001ABA_signaling,
99,VIT_09s0002g08580,1583,0.7655,Pentatricopeptide (PPR) repeat-containing protein,,,,
100,VIT_16s0100g01150,1572,0.7576,Stilbene synthase [Vitis vinifera],E2_3_1_95,,vv10940Phenylpropanoid_biosynthesis,
101,VIT_18s0117g00550,1556,0.7531,Laccase,E1_10_3_2,,vv11000Single_reactions,vv50109Incompletely_characterized_transport_systems
102,VIT_19s0014g01720,1553,0.7499,Sodium/calcium exchanger family protein,NACAEX,,vv50123Porters_cat_18_to_29,
103,VIT_13s0067g00460,1537,0.7422,Cinnamyl alcohol dehydrogenase,E1_1_1_195,,vv10940Phenylpropanoid_biosynthesis,
104,VIT_07s0031g00570,1532,0.7408,Lipase class 3,,,,
105,VIT_07s0005g00720,1529,0.7386,Pectinesterase family,E3_1_1_11,,vv40006Cell_wall,
106,VIT_05s0020g05000,1524,0.7377,Inhibitor of trypsin and hageman factor (CMTI-V),,,,
107,VIT_14s0068g01270,1526,0.7358,No hit,,,,
108,VIT_03s0017g02140,1519,0.7303,Tetrahydroxychalcone 2'-glucosyltransferase,THCGT,,vv10941Flavonoid_biosynthesis,
109,VIT_14s0083g00920,1511,0.7296,No hit,,,,
110,VIT_11s0016g05190,1512,0.7294,Phosphate translocator-related,PTLREL,,vv50122Porters_cat_7_to_17,
111,VIT_17s0000g00650,1502,0.7284,No hit,,,,
112,VIT_12s0028g00590,1514,0.7282,3-hydroxyisobutyryl-CoA hydrolase,E3_1_2_4,,vv10280Valine_leucine_and_isoleucine_degradation,vv10410Beta-alanine_metabolism
113,VIT_18s0001g03390,1498,0.7216,S-receptor kinase,,,,
114,VIT_15s0046g00320,1492,0.7201,Myc2 bHLH protein,MYC2_2,,vv30011Jasmonate_signaling,vv34626Plant-pathogen_interaction
115,VIT_00s0437g00070,1482,0.7149,Receptor kinase RK20-1,,,,
116,VIT_12s0059g02600,1480,0.7143,Receptor protein kinase RK20-1,,,,
117,VIT_10s0042g00850,1466,0.711,Stilbene synthase [Vitis pseudoreticulata],E2_3_1_95,,vv10940Phenylpropanoid_biosynthesis,
118,VIT_05s0094g00260<br>VIT_05s0094g00220,1466,0.711,,,,,
119,VIT_19s0027g00880,1453,0.7009,NAC domain-containing protein 42,NAC042_7,VvNAC29,vv60046NAC,
120,VIT_02s0087g00190,1440,0.699,SH3 domain-containing protein 2,SH3P2,,vv50110Protein_coat,
121,VIT_11s0016g02070,1440,0.694,Basic helix-loop-helix (bHLH) family,BHLHDOM_63,,vv60011BHLH,
122,VIT_12s0059g01720,1430,0.6925,No hit,,,,
123,VIT_18s0001g10200<br>VIT_18s0001g10230,1415,0.6872,,,,,
124,VIT_00s0748g00020,1421,0.6858,Receptor kinase RK20-1,,,,
125,VIT_15s0021g01260,1412,0.6769,Unknown,,,,
126,VIT_07s0141g00890,1393,0.6759,CYP94A1,,,,
127,VIT_18s0001g00650,1390,0.6731,No hit,,,,
128,VIT_10s0003g04200,1389,0.6675,Lipase class 3,,,,
129,VIT_00s0226g00100,1378,0.6638,Regulator of chromosome condensation (RCC1),RCC1,,vv50112Nuclear_pore_complex,
130,VIT_02s0025g03390,1365,0.662,Aquaporin TMP-C,TMPC,,vv50101Channels_and_pores,
131,VIT_06s0004g02590,1359,0.654,Carbonic anhydrase,E4_2_1_1,,vv10910Nitrogen_metabolism,vv50124Porters_cat_30_to_64
132,VIT_08s0040g00920,1316,0.6379,Glutathione S-transferase 25 GSTU7,E2_5_1_18_GSTU7,,vv10480Glutathione_metabolism,
133,VIT_12s0059g02590,1314,0.636,Receptor protein kinase RK20-1,,,,
134,VIT_11s0078g00290,1308,0.6325,Cinnamate 4-hydroxylase,E1_14_13_11,,vv10360Phenylalanine_metabolism,vv10940Phenylpropanoid_biosynthesis
135,VIT_12s0059g02620,1305,0.6323,Receptor protein kinase RK20-1,,,,
136,VIT_19s0014g01830,1303,0.6316,Glutamate receptor protein,GLR2_6,,vv50101Channels_and_pores,
137,VIT_04s0023g01980<br>VIT_04s0043g00820,1306,0.63,,,,,
138,VIT_01s0010g02020,1295,0.6296,Peroxidase (EC 1.11.1.7)  anionic,E1_11_1_7,,vv10360Phenylalanine_metabolism,vv10680Methane_metabolism
139,VIT_17s0000g01110,1310,0.6289,ATFP3 (Arabidopsis thaliana farnesylated protein 3,VVFP3,,,
140,VIT_14s0068g02240,1293,0.6252,HcrVf1 protein,K13466,,vv34626Plant-pathogen_interaction,
141,VIT_05s0077g01530,1292,0.6239,Pathogenesis protein 10 [Vitis vinifera],,,,
142,VIT_17s0000g02480,1274,0.6181,Calcium-binding protein,,,,
143,VIT_14s0068g01250,1277,0.6178,Mitochondrial phosphate transporter,MPHOSPTR,,vv50123Porters_cat_18_to_29,
144,VIT_06s0004g07240,1272,0.6139,UDP-glucoronosyl and UDP-glucosyl transferase,,,,
145,VIT_09s0054g00580<br>VIT_09s0054g00570,1271,0.6125,,,,,
146,VIT_10s0003g00880,1245,0.6029,Nudix hydrolase 15,,,,
147,VIT_06s0004g02980,1233,0.5985,Kelch repeat-containing F-box protein,,,,
148,VIT_01s0010g01130,1235,0.5969,6-phosphogluconate dehydrogenase,E1_1_1_44,,vv10030Pentose_phosphate,
149,VIT_02s0012g02370,1219,0.5906,Geraniol 10-hydroxylase,G10H,,vv10902Monoterpenoid_biosynthesis,
150,VIT_18s0001g02760,1228,0.5901,Lipase GDSL,,,,
151,VIT_12s0028g02660,1212,0.5881,Acyl-CoA oxidase (ACX3),E1_3_3_6_ACX3,,vv10071Fatty_acid_metabolism,vv10592Alpha-linolenic_acid_metabolism
152,VIT_08s0105g00200,1209,0.5852,U-box domain-containing protein,,,,
153,VIT_16s0100g00830<br>VIT_16s0100g01120<br>VIT_16s0100g00780<br>VIT_16s0100g00910,1192,0.577,,,,,
154,VIT_13s0019g04190,1172,0.5676,Chorismate synthase 1  chloroplast precursor,E4_2_3_5,,vv10400Phenylalanine_tyrosine_and_tryptophan_biosynthesis,
155,VIT_10s0003g01010,1163,0.5629,Lipase GDSL,,,,
156,VIT_15s0021g01630,1161,0.5628,Ethylene responsive element binding factor 2,ERF2_1,,vv30008Ethylene_signaling,vv60003AP2_EREBP
157,VIT_16s0100g00860<br>VIT_16s0100g00940<br>VIT_16s0100g00800<br>VIT_16s0100g00920<br>VIT_16s0100g00930<br>VIT_16s0100g00810<br>VIT_16s0100g00840<br>VIT_16s0100g00850,1163,0.561,,,,,
158,VIT_18s0001g01860,1162,0.5581,Preprotein translocase secA,K03070,,vv23060Protein_export,vv50113Thylakoid_targeting_pathway
159,VIT_04s0008g06830,1148,0.5565,Biopterin transport-related protein BT1,BIOPTERIN,,vv50125Porters_cat_66_to_94,
160,VIT_16s0039g01070,1145,0.555,Glutathione S-transferase 25 GSTU7,E2_5_1_18_GSTU7,,vv10480Glutathione_metabolism,
161,VIT_10s0116g00960,1150,0.5539,Transcription factor jumonji (jmjC) domain-containing protein,JMJD1B_5,,vv60038Jumonji,
162,VIT_11s0052g01420,1143,0.5535,Receptor kinase TRKe,,,,
163,VIT_07s0005g01180,1143,0.5511,Unknown protein,,,,
164,VIT_11s0065g00350,1127,0.5447,Trans-cinnamate 4-monooxygenase,E1_14_13_11,,vv10360Phenylalanine_metabolism,vv10940Phenylpropanoid_biosynthesis
165,VIT_18s0001g04860,1126,0.5437,Aspartate transaminase.,E2_6_1_1,vv10710Carbon_fixation,vv10252Alanine_and_aspartate_metabolism,vv10272Cysteine_metabolism
166,VIT_18s0117g00290,1124,0.5406,Coatomer protein complex  subunit beta 2,COPB2,,vv50110Protein_coat,
167,VIT_06s0009g02560,1110,0.5381,Pectinesterase family,E3_1_1_11,,vv40006Cell_wall,
168,VIT_10s0071g00230,1120,0.5361,HcrVf1 protein,,,,
169,VIT_09s0002g05560,1103,0.5341,ABC transporter g family pleiotropic drug resistance 12 PDR12,ABCGPDR12,,vv52010ABC_transporters,
170,VIT_05s0049g01200,1096,0.5295,S-locus lectin protein kinase,,,,
171,VIT_11s0037g01270,1083,0.5257,R protein disease resistance protein,RPROT,,vv34627R_proteins_from_Plant-pathogen_interaction,
172,VIT_06s0004g01020,1073,0.5184,Dirigent protein,,,,
173,VIT_05s0077g01680,1061,0.5118,Mal d 1 allergen,,,,
174,VIT_05s0094g00320,1052,0.5117,Chitinase  class IV [Vitis vinifera],E3_2_1_14,,vv10530Aminosugars_metabolism,
175,VIT_06s0004g01010,1046,0.5048,Dirigent protein pDIR9,,,,
176,VIT_01s0127g00490,1042,0.5046,Pantothenate kinase 2,E2_7_1_33,,vv10770Pantothenate_and_CoA_biosynthesis,
177,VIT_10s0116g01360<br>VIT_10s0116g01290<br>VIT_10s0116g01330<br>VIT_10s0116g01270,1046,0.5029,,,,,
178,VIT_16s0039g01240<br>VIT_16s0039g01360<br>VIT_16s0039g01130<br>VIT_16s0039g01100<br>VIT_00s2508g00010<br>VIT_16s0039g01120<br>VIT_16s0039g01320<br>VIT_00s2849g00010<br>VIT_16s0039g01300<br>VIT_16s0039g01170<br>VIT_16s0039g01280,1027,0.4966,,,,,
179,VIT_19s0093g00320,1025,0.4961,Glutathione S-transferase 25 GSTU25,E2_5_1_18_GSTU25,,vv10480Glutathione_metabolism,
180,VIT_05s0094g01230,1032,0.4959,Allyl alcohol dehydrogenase,,,,
181,VIT_06s0004g04620,1028,0.4952,Unknown,,,,
182,VIT_06s0009g02590,1022,0.4942,Pectinesterase family,E3_1_1_11,,vv40006Cell_wall,
183,VIT_08s0056g00850,1012,0.4922,No hit,,,,
184,VIT_18s0117g00280,1017,0.4918,Coatomer protein complex  subunit beta 2,COPB2,,vv50110Protein_coat,
185,VIT_06s0004g00760,1015,0.4903,Leucoanthocyanidin dioxygenase-like protein,E1_14_11_19,,vv10941Flavonoid_biosynthesis,
186,VIT_16s0050g00430,1018,0.4892,Photoassimilate-responsive protein PAR-1a,,,,
187,VIT_15s0048g01390,1010,0.4889,Gibberellin receptor GID1L3,GID1C,,vv30010Gibberellin_signaling,
188,VIT_10s0003g04080,1010,0.4879,Unknown,,,,
189,VIT_06s0004g05700,1007,0.4877,Glutathione S-transferase 8 GSTU8,E2_5_1_18_GSTU8,,vv10480Glutathione_metabolism,
190,VIT_08s0007g04310,1007,0.4867,Threonine dehydratase/deaminase,E4_3_1_19,,vv10260Glycine_serine_and_threonine_metabolism,vv10290Valine_leucine_and_isoleucine_biosynthesis
191,VIT_07s0104g00220,1007,0.4846,Phenazine biosynthesis PhzC/PhzF,K06998,,vv10400Phenylalanine_tyrosine_and_tryptophan_biosynthesis,
192,VIT_18s0001g00420,1005,0.482,Laccase,E1_10_3_2,,vv11000Single_reactions,vv50109Incompletely_characterized_transport_systems
193,VIT_07s0104g00850,976,0.474,Pto kinase interactor,,,,
194,VIT_14s0081g00050,975,0.4708,PATHOgenesIS-related 4,,,,
195,VIT_16s0013g01590,952,0.4603,No hit,,,,
196,VIT_12s0034g00030,947,0.4593,Anthocyanidin 3-O-glucosyltransferase,E2_4_1_115,,vv10942Anthocyanin_biosynthesis,
197,VIT_06s0004g00790,944,0.4587,Amino acid permease,AAPREL,,vv50123Porters_cat_18_to_29,
198,VIT_11s0016g03770,940,0.4543,Dynein light chain LC6  flagellar outer arm,K10418,,vv44810Regulation_of_actin_cytoskeleton,
199,VIT_07s0005g02560,940,0.4515,Chitinase Class I,E3_2_1_14,,vv10530Aminosugars_metabolism,
200,VIT_09s0002g02320,925,0.4486,Cell wall apoplastic invertase,E3_2_1_26,,vv10052Galactose_metabolism,vv10500Starch_and_sucrose_metabolism
201,VIT_10s0042g00930<br>VIT_10s0042g00890<br>VIT_10s0042g00870<br>VIT_10s0042g00860<br>VIT_10s0042g00920,925,0.4486,,,,,
202,VIT_13s0067g03470,925,0.4477,Glutathione S-transferase GSTO1,E2_5_1_18_GSTO1,,vv10480Glutathione_metabolism,
203,VIT_02s0033g00270,935,0.4474,Pinoresinol-lariciresinol reductase,PLR,,vv10940Phenylpropanoid_biosynthesis,
204,VIT_19s0014g02130,923,0.4442,No hit,,,,
205,VIT_13s0019g01490,907,0.4373,C2 domain-containing protein,,,,
206,VIT_13s0019g00080,907,0.4363,Unknown protein,,,,
207,VIT_16s0100g01100,898,0.4355,Stilbene synthase,E2_3_1_95,,vv10940Phenylpropanoid_biosynthesis,
208,VIT_09s0002g06440,891,0.4317,CYP81B2v2,,,,
209,VIT_11s0016g03080,886,0.4286,Clavata1 receptor kinase (CLV1),,,,
210,VIT_16s0050g00480,891,0.4275,CYP715A1,,,,
211,VIT_17s0000g10260,879,0.4263,AarF domain containing kinase,K08869,,,
212,VIT_01s0011g05190,867,0.4217,Bet v I allergen,,,,
213,VIT_15s0021g00730,868,0.4216,No hit,,,,
214,VIT_06s0004g02670,872,0.4202,Cyclic nucleotide-gated ion channel 15,K05391_CNGC15,,vv34626Plant-pathogen_interaction,vv50101Channels_and_pores
215,VIT_07s0005g03210,863,0.4179,Ethylene-responsive transcription factor ERF098,ERF098_4,VvERF094,vv30008Ethylene_signaling,vv60003AP2_EREBP
216,VIT_08s0007g05430,859,0.4136,Pyruvate kinase,E2_7_1_40,,vv10010Glycolysis,vv10230Purine_metabolism
217,VIT_10s0042g00910,842,0.4099,Stilbene synthase [Vitis pseudoreticulata],E2_3_1_95,,vv10940Phenylpropanoid_biosynthesis,
218,VIT_08s0058g00090,850,0.4092,Hcr9-Avr4-par1,,,,
219,VIT_15s0024g01670,840,0.4074,Receptor kinase RK20-1,,,,
220,VIT_13s0019g03170,839,0.4045,Heat shock protein 16.9 kDa class I,K13993,,vv24141Protein_processing_in_endoplasmic_reticulum,
221,VIT_19s0090g01250,840,0.4038,Jasmonate O-methyltransferase,E2_1_1_141,,vv10592alpha-Linolenic_acid_metabolism,
222,VIT_11s0052g01510,832,0.4015,MATE efflux family protein,MATE,,vv50125Porters_cat_66_to_94,
223,VIT_08s0007g06610,824,0.399,Lectin protein kinase,,,,
224,VIT_12s0121g00300,829,0.3989,Brassinosteroid insensitive 1-associated receptor kinase 1,BAK1,,vv30005Brassinosteroids_signaling,vv34626Plant-pathogen_interaction
225,VIT_14s0060g02710,825,0.398,Germin,,,,
226,VIT_02s0236g00160,822,0.3969,Serine/threonine Phosphatase 7,,,,
227,VIT_15s0048g01540,815,0.3947,CYP76B1,,,,
228,VIT_13s0019g01700,819,0.3943,Scarecrow transcription factor 14 (SCL14),SCL14_1,,vv60032GRAS,
229,VIT_16s0039g00190,803,0.3866,Leucine-rich repeat transmembrane protein kinase,,,,
230,VIT_12s0059g01080,791,0.3845,Acid phosphatase/vanadium-dependent haloperoxidase,,,,
231,VIT_19s0085g00790,796,0.384,Zinc transporter ZIP5,ZIP5,,vv50121Porters_cat_1_to_6,
232,VIT_12s0028g00860,792,0.3833,NAC domain-containing protein 42,NAC042_5,VvNAC36,vv60046NAC,
233,VIT_06s0009g00760,786,0.3812,HcrVf1 protein,,,,
234,VIT_04s0023g03820,787,0.3811,3-dehydroquinate synthase,E4_2_3_4,,vv10400Phenylalanine_tyrosine_and_tryptophan_biosynthesis,
235,VIT_09s0002g05610,787,0.3804,Unknown,,,,
236,VIT_07s0141g00930,786,0.3795,33 kDa secretory protein,,,,
237,VIT_01s0011g05230,782,0.3772,GTPase activating protein,,,,
238,VIT_08s0040g02230,777,0.3772,Unknown protein,,,,
239,VIT_19s0015g00550,769,0.3724,Nudix hydrolase 10,,,,
240,VIT_01s0010g02350,768,0.3719,Protein phosphatase 2 (formerly 2A)  regulatory subunit B',K11584,,vv23015mRNA_surveillance_pathway,
241,VIT_12s0028g02210,765,0.371,Riboflavin kinase,E2_7_1_26,,vv10740Riboflavin_metabolism,
242,VIT_18s0001g01010,766,0.3704,Laccase,E1_10_3_2,,vv11000Single_reactions,vv50109Incompletely_characterized_transport_systems
243,VIT_09s0002g04720,761,0.3673,Coatomer protein complex  subunit beta 2,COPB2,,vv50110Protein_coat,
244,VIT_18s0122g01150,748,0.3635,Diphenol oxidase,E1_10_3_1,,vv10350Tyrosine_metabolism,vv50109Incompletely_characterized_transport_systems
245,VIT_00s0250g00090,753,0.3627,Oxidoreductase  2OG-Fe(II) oxygenase,,,,
246,VIT_10s0003g00550,749,0.3618,RAB GTPase RABA1F,YPT32,,vv50110Protein_coat,
247,VIT_00s0233g00130,749,0.361,flavin-containing monooxygenase family protein / FMO family protein,E1_14_13_8,,vv11000Single_reactions,
248,VIT_12s0034g00630,744,0.3599,MEKK1,K04416,,vv24120Ubiquitin_mediated_proteolysis,vv34626Plant-pathogen_interaction
249,VIT_11s0016g03780,738,0.3591,Continuous vascular ring (COV1),COV1,,vv30003Auxin_signaling,
250,VIT_17s0000g06710,745,0.3589,Leucine-rich repeat transmembrane protein kinase,,,,
251,VIT_14s0060g00520,737,0.3562,TPA: class III peroxidase 70 precursor,E1_11_1_7,,vv10360Phenylalanine_metabolism,vv10680Methane_metabolism
252,VIT_06s0009g03470,725,0.353,Unknown protein,,,,
253,VIT_00s0391g00070,731,0.3528,3-deoxy-D-arabino-heptulosonate 7-phosphate synthase,E2_5_1_54,,vv10400Phenylalanine_tyrosine_and_tryptophan_biosynthesis,
254,VIT_06s0004g01030,728,0.3514,Dirigent protein,,,,
255,VIT_04s0008g05350,728,0.3505,Serine hydrolase [Vitis vinifera],E4_3_1_18,,vv10260Glycine_serine_and_threonine_metabolism,
256,VIT_17s0000g07100,723,0.3494,UDP-glucosyltransferase HRA25,,,,
257,VIT_16s0098g01260,724,0.3479,Intramitochondrial sorting protein MSP1 protein,MSP1,,vv50133Primary_active_transporter_cat_A9_to_A18,
258,VIT_05s0094g00270,721,0.3476,Chitinase  class IV [Vitis vinifera],E3_2_1_14,,vv10530Aminosugars_metabolism,
259,VIT_14s0006g02570,716,0.3472,Protease inhibitor/seed storage/lipid transfer protein (LTP),,,,
260,VIT_14s0060g00540,712,0.346,TPA: class III peroxidase 70 precursor,E1_11_1_7,,vv10360Phenylalanine_metabolism,vv10680Methane_metabolism
261,VIT_04s0044g00870,720,0.3452,U-box domain containing protein,,,,
262,VIT_09s0096g00480,713,0.3448,Potassium channel SKOR,SKOR,,vv50101Channels_and_pores,
263,VIT_02s0012g02720,711,0.3445,RPM1 (resistance to p. syringae pv maculicola 1),K13457,,vv34626Plant-pathogen_interaction,
264,VIT_10s0116g01850,705,0.3401,Unknown protein,,,,
265,VIT_13s0074g00800,704,0.3396,CCHC-type integrase,,,,
266,VIT_14s0081g00210,704,0.339,No hit,,,,
267,VIT_16s0100g00070,695,0.3361,Prohibitin 1,PHB1,,vv50108Accessory_factors_involved_in_transport,
268,VIT_09s0002g05810,695,0.3353,Boron transporter-like protein 4,BOR4,,vv50124Porters_cat_30_to_64,
269,VIT_11s0052g01550,691,0.3349,MATE efflux family protein,MATE,,vv50125Porters_cat_66_to_94,
270,VIT_08s0056g00880,685,0.3338,No hit,,,,
271,VIT_05s0049g00490,689,0.333,Ethylene response factor ERF14,ERF14_2,VvERF109,vv30008Ethylene_signaling,vv60003AP2_EREBP
272,VIT_05s0077g01570,688,0.3328,Pathogenesis protein 10 [Vitis vinifera],,,,
273,VIT_14s0060g01860,679,0.3304,No hit,,,,
274,VIT_16s0100g01160,683,0.3287,Stilbene synthase [Vitis vinifera],E2_3_1_95,,vv10940Phenylpropanoid_biosynthesis,
275,VIT_06s0004g04820,677,0.3277,Salt stress-inducible protein kinase,,,,
276,VIT_08s0007g05350,672,0.3267,Haloacid dehalogenase hydrolase,E3_1_3_18,,vv10630Glyoxylate_and_dicarboxylate_metabolism,
277,VIT_18s0001g04240,668,0.3233,(+)-delta-cadinene synthase,E4_2_3_13,,vv10900Terpenoid_biosynthesis,
278,VIT_15s0045g01200,667,0.3232,Avr9/Cf-9 rapidly elicited protein,,,,
279,VIT_05s0029g00480,667,0.323,Eceriferum 2 (CER2),,,,
280,VIT_07s0005g01920,667,0.3225,Gibberellin 2-beta-dioxygenase 2,E1_14_11_13,,vv10904Diterpenoid_biosynthesis,
281,VIT_08s0007g05220,666,0.3217,Unknown,,,,
282,VIT_14s0060g02760,659,0.3208,Germin-like protein 3 [Vitis vinifera],,,,
283,VIT_03s0038g03500,653,0.3181,Auxin-induced SAUR,SAUR,,vv30003Auxin_signaling,
284,VIT_10s0003g02280,649,0.3147,SRG1 (senescence-related gene 1) oxidoreductase,,,,
285,VIT_13s0019g01300,645,0.3123,No hit,,,,
286,VIT_04s0008g06620,646,0.3122,Phospholipase D,E3_1_4_4,,vv10564Glycerophospholipid_metabolism,vv10565Ether_lipid_metabolism
287,VIT_04s0008g02720,644,0.3122,Myosin heavy chain,K10352,,vv44810Regulation_of_actin_cytoskeleton,
288,VIT_18s0086g00520,641,0.31,No hit,,,,
289,VIT_10s0116g01090,635,0.3083,Stigma-specific Stig1,,,,
290,VIT_04s0044g00840,630,0.3024,S-receptor kinase,,,,
291,VIT_14s0060g02750<br>VIT_14s0128g00970<br>VIT_14s0128g00990<br>VIT_14s0128g00980<br>VIT_14s0128g01010<br>VIT_14s0128g01030<br>VIT_14s0128g01020<br>VIT_14s0128g01040,628,0.3024,,,,,
292,VIT_06s0004g01000,619,0.2993,Dirigent protein,,,,
293,VIT_16s0022g02340,616,0.298,fructokinase-2,E2_7_1_4,,vv10051Fructose_and_mannose_metabolism,vv10500Starch_and_sucrose_metabolism
294,VIT_18s0075g00660,610,0.2958,Disease resistance protein (TIR-NBS-LRR class),,,,
295,VIT_16s0100g00880,600,0.2928,Stilbene synthase [Vitis pseudoreticulata],E2_3_1_95,,vv10940Phenylpropanoid_biosynthesis,
296,VIT_19s0027g00840,603,0.2899,NAC domain-containing protein 42,NAC042_4,VvNAC32,vv60046NAC,
297,VIT_17s0000g04540,600,0.2889,Enolase,E4_2_1_11,,vv10010Glycolysis,
298,VIT_16s0022g01660,591,0.2869,Receptor kinase homolog LRK10,,,,
299,VIT_06s0009g02600<br>VIT_06s0009g02630,595,0.2869,,,,,
300,VIT_01s0026g02670,593,0.2868,No hit,,,,
301,VIT_14s0066g01670,591,0.2865,Alpha-dioxygenase,K10529,,vv10592alpha-Linolenic_acid_metabolism,
302,VIT_18s0122g00690,586,0.2835,Laccase,E1_10_3_2,,vv11000Single_reactions,vv50109Incompletely_characterized_transport_systems
303,VIT_15s0046g01440,583,0.2814,BZip transcription factor G- box  binding factor 3,GBF3_1,VvbZIP40,vv60012BZIP,
304,VIT_17s0000g00800,585,0.2806,Zinc finger (DHHC type),ZFDHHC_11,,vv60079Other_zf-DHHC,
305,VIT_09s0002g05580,583,0.2803,No hit,,,,
306,VIT_05s0020g02730,582,0.2802,Nectarin IV NEC4,,,,
307,VIT_08s0007g05490,576,0.2799,Pyruvate kinase,E2_7_1_40,,vv10010Glycolysis,vv10230Purine_metabolism
308,VIT_03s0063g01210,581,0.2799,Nodulin 1A  senescence-associated,,,,
309,VIT_05s0077g01090,583,0.2793,RKF2 (receptor-like serine/threonine kinase 2),,,,
310,VIT_06s0004g05080,566,0.2736,Zinc finger (C3HC4-type ring finger),ZFC3HC4_24,,vv60078Other_zf-C3HC4,
311,VIT_09s0002g03640,566,0.2725,ABC transporter g family pleiotropic drug resistance 7 PDR7,ABCGPDR7,,vv52010ABC_transporters,
312,VIT_04s0023g01990,553,0.2683,Nucleotidyltransferase,E2_7_7_x,,,
313,VIT_13s0067g03280,553,0.2668,Inorganic phosphate transporter 1-3,PHT1_3,,vv50121Porters_cat_1_to_6,
314,VIT_07s0005g03710,545,0.2627,Casein Kinase I-like 10,K02218,,vv23008Ribosome_biogenesis_in_Eukaryotes,
315,VIT_18s0001g00220,540,0.2614,Unknown,,,,
316,VIT_16s0098g00460,532,0.2583,Lipase class 3,,,,
317,VIT_18s0041g02040,533,0.2576,12-oxophytodienoate reductase,E1_3_1_42,,vv10592alpha-Linolenic_acid_metabolism,
318,VIT_07s0104g00180,523,0.2546,Nectarin IV NEC4,,,,
319,VIT_00s0187g00260,524,0.253,Alcohol O-fatty-acyltransferase long-chain-,E2_3_1_75,,vv11000Single_reactions,
320,VIT_15s0048g00360,522,0.2518,5-enolpyruvylshikimate 3-phosphate synthase,E2_5_1_19,,vv10400Phenylalanine_tyrosine_and_tryptophan_biosynthesis,
321,VIT_02s0012g01570,515,0.2494,Cinnamoyl-CoA reductase,E1_2_1_44,,vv10940Phenylpropanoid_biosynthesis,
322,VIT_18s0166g00230,508,0.2473,S-receptor kinase,,,,
323,VIT_17s0000g08100,506,0.2463,UDP-glucoronosyl and UDP-glucosyl transferase,,,,
324,VIT_02s0025g03020,508,0.2462,NAC domain-containing protein 14,NAC014,VvNAC25,vv60046NAC,
325,VIT_14s0006g00350,509,0.2461,Glutamine synthetase cytosolic isozyme 2,E6_3_1_2,,vv10251Glutamate_metabolism,vv10550Peptidoglycan_biosynthesis
326,VIT_08s0007g00930,511,0.2448,Regulator of chromosome condensation (RCC1),RCC1,,vv50112Nuclear_pore_complex,
327,VIT_07s0031g02230,504,0.2439,MLO12 (mildew resistance locus O 12),K08472,,,
328,VIT_13s0074g00570,500,0.2408,Gamma-aminobutyric acid transporter,GAT1,,vv50123Porters_cat_18_to_29,
329,VIT_09s0054g00910,497,0.2406,Chaperone BCS1 mitochondrial,K08900,,,
330,VIT_05s0049g01420,493,0.2392,Peroxisomal membrane protein PMP22,,,,
331,VIT_04s0008g05970,488,0.2372,Unknown protein,,,,
332,VIT_05s0020g03680,487,0.2349,GCN5 N-acetyltransferase (GNAT),GCN5_7,,vv60082GNAT,
333,VIT_14s0030g01980,484,0.2345,Auxin-induced protein PCNT115,AUXREG,,vv30003Auxin_signaling,
334,VIT_02s0025g02850,481,0.2316,Subtilisin protease,SBT3_3,,vv50101Channels_and_pores,
335,VIT_18s0117g00300,476,0.2314,Coatomer protein complex  subunit beta 2,COPB2,,vv50110Protein_coat,
336,VIT_03s0088g00690,479,0.2312,Pathogenesis-related protein 1 precursor (PRP 1),PRP1,,vv30011Jasmonate_signaling,vv34626Plant-pathogen_interaction
337,VIT_05s0020g03290,478,0.231,S-receptor kinase,,,,
338,VIT_12s0059g01590,473,0.2284,Lipase GDSL,,,,
339,VIT_02s0033g00700,472,0.2281,Nitrilase,E3_5_5_1,,vv10460Cyanoamino_acid_metabolism,vv10910Nitrogen_metabolism
340,VIT_07s0031g00970,469,0.2278,Unknown,,,,
341,VIT_15s0048g00510,462,0.2237,Pectinesterase family,E3_1_1_11,,vv40006Cell_wall,
342,VIT_09s0002g02960,457,0.2206,Unknown protein,,,,
343,VIT_00s2648g00010,450,0.2181,FAD-dependent pyridine nucleotide-disulphide oxidoreductase,,,,
344,VIT_19s0014g04240,450,0.2177,S-locus protein kinase,,,,
345,VIT_09s0002g06720,448,0.2159,SPX1 (SYG1/Pho81/XPR1) domain-containing protein,SPX1,,vv50125Porters_cat_66_to_94,
346,VIT_18s0001g10240,447,0.2153,N-hydroxycinnamoyl/benzoyltransferase 6,,,,
347,VIT_18s0041g01210<br>VIT_18s0041g01160<br>VIT_18s0041g01170,438,0.2136,,,,,
348,VIT_19s0085g00660,442,0.2128,No hit,,,,
349,VIT_00s0211g00180,440,0.2117,MADS-box agamous-like 21,AGL21_8,,vv60042MADS,
350,VIT_18s0075g00830,437,0.2097,Laccase,E1_10_3_2,,vv11000Single_reactions,vv50109Incompletely_characterized_transport_systems
351,VIT_16s0098g00880,425,0.2059,Unknown protein,,,,
352,VIT_09s0002g06450,422,0.2049,CYP81B2v1,,,,
353,VIT_05s0020g00640,422,0.2034,Methyltransferase,,,,
354,VIT_14s0083g00900,419,0.2027,Aspartate aminotransferase,E2_6_1_1,vv10710Carbon_fixation,vv10252Alanine_and_aspartate_metabolism,vv10272Cysteine_metabolism
355,VIT_01s0026g00080,417,0.2019,Metal-dependent phosphohydrolase HD domain-containing protein,K07023,,,
356,VIT_13s0156g00070,421,0.2019,DEAD box RNA helicase,DEADBOX,,vv23040Spliceosome,vv50133Primary_active_transporter_cat_A9_to_A18
357,VIT_11s0016g02470,421,0.2017,Carrier protein  Mitochondrial,K03454,,vv50123Porters_cat_18_to_29,
358,VIT_06s0009g02570,408,0.1977,Pectinesterase family,E3_1_1_11,,vv40006Cell_wall,
359,VIT_19s0014g04080,406,0.1969,Serine/threonine-protein kinase receptor ARK3,,,,
360,VIT_00s0274g00090,406,0.1967,Quinone oxidoreductase,K03956,,vv10190Oxidative_phosphorylation,vv50134Primary_active_transporter_cat_D1
361,VIT_19s0014g04450,407,0.196,S-locus protein kinase,,,,
362,VIT_17s0000g06220,402,0.1942,Exostosin,K02366,,vv11030Glycan_structures-biosynthesis1,
363,VIT_11s0016g04000,399,0.1936,Unknown protein,,,,
364,VIT_01s0010g03600,397,0.1923,Rubber elongation factor (REF),,,,
365,VIT_15s0048g01080,394,0.191,Unknown,,,,
366,VIT_01s0011g02380,394,0.1907,Unknown,,,,
367,VIT_02s0012g01560,391,0.19,No hit,,,,
368,VIT_06s0009g03280,392,0.1894,No hit,,,,
369,VIT_16s0039g01870,391,0.1885,Protein kinase,,,,
370,VIT_15s0046g03290,388,0.1881,Unknown protein,,,,
371,VIT_00s0125g00160,383,0.1849,No hit,,,,
372,VIT_00s2745g00010,382,0.1843,Receptor kinase RK20-1,,,,
373,VIT_12s0028g03750,372,0.181,Zinc finger (C3HC4-type ring finger),ZFC3HC4_92,,vv60078Other_zf-C3HC4,
374,VIT_18s0001g10900,372,0.1809,Patatin,,,,
375,VIT_14s0128g00940,375,0.1803,No hit,,,,
376,VIT_08s0007g01230,370,0.1781,Lectin protein kinase,,,,
377,VIT_00s0203g00220,363,0.1765,S-locus lectin protein kinase,,,,
378,VIT_05s0077g01550,360,0.1737,Pathogenesis protein 10.3 [Vitis quinquangularis],,,,
379,VIT_14s0006g01380,361,0.1737,No hit,,,,
380,VIT_15s0021g02470,360,0.1734,Epoxide hydrolase-like protein,E3_3_2_10,,,
381,VIT_14s0060g00900,357,0.1732,Unknown protein,,,,
382,VIT_07s0130g00170,355,0.1727,Transmembrane CLPTM1 Cleft lip and palate transmembrane protein 1,,,,
383,VIT_04s0008g02070,358,0.1723,Avr9/Cf-9 induced kinase 1,,,,
384,VIT_07s0005g05600,357,0.1722,UDP-glucose:sterol 3-O-glucosyltransferase,E2_4_1_173,,vv10100Biosynthesis_of_steroids,
385,VIT_09s0002g05170,354,0.1709,Unknown protein,,,,
386,VIT_18s0001g05230,350,0.1697,Valencene synthase,CSTPS1,,vv10900Terpenoid_biosynthesis,
387,VIT_18s0001g15660,351,0.1696,Pathogen-related,,,,
388,VIT_16s0050g00410,353,0.1695,Photoassimilate-responsive protein PAR-1a,,,,
389,VIT_00s0187g00030,348,0.1685,Lysine-ketoglutarate reductase,E1_5_1_10,,vv10300Lysine_biosynthesis,
390,VIT_00s0409g00060,347,0.1674,Cysteine-rich receptor-like protein kinase 25,,,,
391,VIT_02s0012g01870,345,0.167,No hit,,,,
392,VIT_04s0069g00880,346,0.1668,No hit,,,,
393,VIT_14s0081g00100,344,0.166,No hit,,,,
394,VIT_10s0092g00680,343,0.166,Receptor kinase RK20-1,,,,
395,VIT_00s0567g00050,341,0.1658,Patatin 2,,,,
396,VIT_07s0031g00780,343,0.1655,Transcriptional factor B3,TFB3_4,,vv60001ABI3VP1,
397,VIT_02s0025g02770,341,0.1648,Glucan endo-1 3-beta-glucosidase 7 precursor,E3_2_1_39,,vv10500Starch_and_sucrose_metabolism,
398,VIT_16s0100g01060,344,0.1648,Stilbene synthase,E2_3_1_95,,vv10940Phenylpropanoid_biosynthesis,
399,VIT_05s0049g01370,342,0.1646,No hit,,,,
400,VIT_12s0142g00190,335,0.1626,No hit,,,,
401,VIT_00s2659g00010,334,0.1625,CRK10 (cysteine-rich RLK10),,,,
402,VIT_18s0075g00950,334,0.1621,Laccase,E1_10_3_2,,vv11000Single_reactions,vv50109Incompletely_characterized_transport_systems
403,VIT_05s0102g00090,325,0.1582,Biotin synthase (BioB) (BIO2),E2_8_1_6,,vv10780Biotin_metabolism,
404,VIT_11s0016g03190,326,0.1576,Unknown,,,,
405,VIT_05s0020g03090,324,0.1573,Chloride channel protein (CLC-d),K05393_CLCD,,vv50124Porters_cat_30_to_64,
406,VIT_03s0038g04170,324,0.157,Lectin protein kinase,,,,
407,VIT_02s0154g00160,324,0.1567,flavin-containing monooxygenase family protein / FMO family protein,E1_14_13_8,,vv11000Single_reactions,
408,VIT_18s0001g12590,321,0.1564,No hit,,,,
409,VIT_00s0809g00020,314,0.1516,Unknown,,,,
410,VIT_03s0038g02520,312,0.1512,Aquaporin PIP3,PIP3,,vv50101Channels_and_pores,
411,VIT_06s0061g00120,310,0.1506,Beta-1 3-glucanase [Vitis riparia],E3_2_1_6,,,
412,VIT_06s0004g03120,311,0.1506,MLO-like protein 3,K08472,,,
413,VIT_10s0003g04220,303,0.1455,Lipase class 3,,,,
414,VIT_00s0187g00290,302,0.1448,IQ calmodulin-binding region; Apoptosis regulator Bcl-2 protein  BAG [Medicago truncatula],,,,
415,VIT_15s0021g01600,294,0.1416,Ethylene responsive element binding factor 2,ERF2,VvERF073,vv30008Ethylene_signaling,
416,VIT_13s0019g01710,292,0.141,Scarecrow transcription factor 14 (SCL14),SCL14_9,,vv60032GRAS,
417,VIT_12s0028g00610,291,0.1398,Aspartyl protease,E3_4_23_x,,,
418,VIT_00s0211g00150,288,0.1391,MADS-box agamous-like 21,AGL21_7,,vv60042MADS,
419,VIT_17s0000g06590,285,0.138,Galactosyl transferase GMA12/MNN10,K05531,,vv11030Glycan_structures-biosynthesis1,
420,VIT_18s0117g00150,283,0.1372,Heterogeneous nuclear ribonucleoprotein A1/A3,K12741,,vv23040Spliceosome,
421,VIT_10s0042g00590,279,0.1354,Leucine-rich repeat receptor-like protein kinase 1,,,,
422,VIT_16s0050g02630,278,0.1346,FtsH protease that is localized to the chloroplast,K03798,,vv50133Primary_active_transporter_cat_A9_to_A18,
423,VIT_16s0100g00870,273,0.1325,No hit,,,,
424,VIT_17s0000g03910,273,0.1324,flavonoid 3-monooxygenase,E1_14_13_21,,vv10941Flavonoid_biosynthesis,
425,VIT_06s0004g00020,273,0.1316,NAC domain containing protein 32,NAC032,VvNAC44,vv60046NAC,
426,VIT_16s0050g01780,272,0.131,Unknown protein,,,,
427,VIT_01s0146g00320,270,0.1305,No hit,,,,
428,VIT_00s1557g00020,264,0.1275,Lectin-receptor like protein kinase 3,,,,
429,VIT_11s0037g01300,263,0.1274,No hit,,,,
430,VIT_01s0011g05440,264,0.1274,Unknown protein,,,,
431,VIT_12s0055g01240,261,0.1271,P-glycoprotein 11,PGP11,,vv52010ABC_transporters,
432,VIT_18s0001g09550,259,0.1255,Receptor kinase TRKe,,,,
433,VIT_17s0000g09740,258,0.1252,Esterase,,,,
434,VIT_05s0062g01320,255,0.1245,Chitinase,E3_2_1_14,,vv10530Aminosugars_metabolism,
435,VIT_18s0001g04980,257,0.1242,Acetyl-CoA carboxylase 2 (ACC2),E6_4_1_2,,vv10061Fatty_acid_biosynthesis,vv10620Pyruvate_metabolism
436,VIT_13s0019g05360,255,0.1229,KH domain-containing protein NOVA,,,,
437,VIT_14s0066g00760,254,0.1228,Disease resistance protein (NBS-LRR class),,,,
438,VIT_17s0000g01410,250,0.1218,Nucleotide pyrophosphatase,E3_6_1_9,,vv10230Purine_metabolism,vv10500Starch_and_sucrose_metabolism
439,VIT_01s0150g00450,250,0.1214,Respiratory burst oxidase protein D (RBOHD),RBOHD,,vv34626Plant-pathogen_interaction,vv50105Transport_electron_carriers
440,VIT_18s0001g14090,248,0.1205,Molecular chaperone DnaJ,K03686,,vv50132Primary_active_transporter_cat_A5_to_A8,
441,VIT_05s0049g01190,247,0.1188,Receptor serine/threonine kinase,,,,
442,VIT_18s0001g11120,239,0.116,Ternary complex factor MIP1,,,,
443,VIT_11s0016g02830,241,0.1159,Gamma-glutamyltranspeptidase,E2_3_2_2,,vv10272Cysteine_metabolism,vv10450Selenoamino_acid_metabolism
444,VIT_13s0084g00700,236,0.1137,Unknown protein,,,,
445,VIT_18s0001g10850,234,0.1135,Patatin,,,,
446,VIT_01s0011g00830,233,0.1128,Nodulin,,,,
447,VIT_04s0023g01070,226,0.1094,Nod-factor receptor NFR5a,,,,
448,VIT_03s0088g00310,225,0.1088,No hit,,,,
449,VIT_01s0010g02000,224,0.1081,Peroxidase,E1_11_1_7,,vv10360Phenylalanine_metabolism,vv10680Methane_metabolism
450,VIT_07s0005g04040,220,0.1066,Leucine Rich Repeat receptor-like kinase,,,,
451,VIT_02s0025g01560,217,0.1054,UDP-glucose 4-epimerase GEPI48,E5_1_3_2,,vv10052Galactose_metabolism,vv10520Nucleotide_sugars_metabolism
452,VIT_04s0044g01460,217,0.1049,PUB26 (plant U- box  26),,,,
453,VIT_01s0011g03650,211,0.1017,Map kinase substrate 1 MKS1,,,,
454,VIT_07s0104g01130,210,0.1016,No hit,,,,
455,VIT_16s0100g00430,210,0.1014,ARR2 type-B response regulator,ARR2_1,,vv30007Cytokinin_signaling,vv60006ARR-B
456,VIT_02s0025g03370,208,0.1008,YDA (YODA),,,,
457,VIT_06s0004g00610,208,0.1001,Accelerated cell death 1 ACD1,ACD1,,vv50133Primary_active_transporter_cat_A9_to_A18,
458,VIT_16s0050g02510,204,0.0985,WRKY DNA-binding protein 53,WRKY53_1,VvWRKY51,vv60066WRKY,
459,VIT_07s0031g00960,198,0.0956,Aspartate aminotransferase,E2_6_1_1,vv10710Carbon_fixation,vv10252Alanine_and_aspartate_metabolism,vv10272Cysteine_metabolism
460,VIT_00s0271g00110,195,0.0938,flavodoxin-like quinone reductase 1,FQR1,,vv30003Auxin_signaling,
461,VIT_05s0077g01620,191,0.0929,No hit,,,,
462,VIT_15s0046g01640,190,0.0919,Abl interactor protein 1 (ABIL1),,,,
463,VIT_13s0019g03930,191,0.0919,No hit,,,,
464,VIT_06s0004g08060,189,0.0917,Lipid transfer protein 3,LTP3,,,
465,VIT_11s0052g01070,183,0.0883,Transferase,,,,
466,VIT_14s0108g00150,181,0.0875,Calmodulin-binding region IQD28,IQD28,,,
467,VIT_11s0037g00620,177,0.0858,Receptor kinase TRKe,,,,
468,VIT_13s0067g03130,178,0.0858,WRKY DNA-binding protein 55,WRKY55,VvWRKY40,vv60066WRKY,
469,VIT_18s0001g08970,177,0.0856,No hit,,,,
470,VIT_00s0410g00040,175,0.0854,Anthranilate N-benzoyltransferase protein 1,E2_3_1_144,,vv10400Phenylalanine_tyrosine_and_tryptophan_biosynthesis,
471,VIT_12s0055g00770,176,0.0853,SWAP (Suppressor-of-White-APricot),,,,
472,VIT_09s0002g05180,171,0.0825,No hit,,,,
473,VIT_02s0025g04310,168,0.081,Thaumatin,,,,
474,VIT_06s0009g00850,168,0.0809,Strictosidine synthase,E4_3_3_2,,vv10900Terpenoid_biosynthesis,vv10902Monoterpenoid_biosynthesis
475,VIT_16s0013g02150,165,0.0802,No hit,,,,
476,VIT_00s0262g00180,160,0.0776,S-locus lectin protein kinase,,,,
477,VIT_13s0019g00310,161,0.0776,ABC transporter B member 20,ABCB20,,vv52010ABC_transporters,
478,VIT_19s0085g01200,160,0.0774,CTP synthase,E6_3_4_2,,vv10240Pyrimidine_metabolism,
479,VIT_16s0100g00960,161,0.0773,Stilbene synthase [Vitis pseudoreticulata],E2_3_1_95,,vv10940Phenylpropanoid_biosynthesis,
480,VIT_00s0471g00020,152,0.0734,Unknown,,,,
481,VIT_16s0050g00400,151,0.0727,Photoassimilate-responsive protein PAR-1a,,,,
482,VIT_18s0001g05780,150,0.0727,Leucine-rich repeat family protein,,,,
483,VIT_00s0253g00170,150,0.0722,Methyl jasmonate esterase,MEJAE,,vv10592alpha-Linolenic_acid_metabolism,
484,VIT_11s0016g01970,149,0.0721,Calmodulin-binding region IQD6,,,,
485,VIT_05s0094g00330,146,0.0711,Chitinase  class IV [Vitis vinifera],E3_2_1_14,,vv10530Aminosugars_metabolism,
486,VIT_16s0039g02930,147,0.0706,Unknown,,,,
487,VIT_00s0265g00110,145,0.0705,Lectin-receptor like protein kinase 3,,,,
488,VIT_04s0008g05840,145,0.0704,DOMON domain containing protein,E1_14_17_1,,vv10350Tyrosine_metabolism,
489,VIT_18s0117g00080,143,0.069,R protein L6,K13477,,vv34627R_proteins_from_Plant-pathogen_interaction,
490,VIT_10s0003g03280,142,0.0685,Alpha-mannosidase,E3_2_1_113,,vv10510N-Glycan_biosynthesis,vv11030Glycan_structures-biosynthesis1
491,VIT_04s0008g00710,140,0.0677,Unknown,,,,
492,VIT_12s0057g01170,138,0.0669,Pentatricopeptide (PPR) repeat-containing protein,,,,
493,VIT_02s0025g02900,136,0.0657,Zinc transporter MTPA2,MTPA2,,vv50121Porters_cat_1_to_6,
494,VIT_19s0015g00180,134,0.065,Unknown protein,,,,
495,VIT_17s0000g05240,134,0.0649,Nuclear transport factor 2 (NTF2),NTF2,,vv50133Primary_active_transporter_cat_A9_to_A18,
496,VIT_16s0013g01070,135,0.0649,Ethylene-responsive transcription factor ERF105,ERF105_3,VvERF085,vv30008Ethylene_signaling,vv60003AP2_EREBP
497,VIT_17s0000g05070,132,0.0642,Phytochelatin synthetase,E2_3_2_15,,vv10251Glutamate_metabolism,
498,VIT_05s0094g00200,132,0.064,Chitinase class IV,E3_2_1_14,,vv10530Aminosugars_metabolism,
499,VIT_15s0021g01660,129,0.0624,H(+)-ATPase 11 AHA11,K01535,,vv10190Oxidative_phosphorylation,vv50131Primary_active_transporter_cat_A2_to_A4
500,VIT_01s0137g00680,122,0.0589,No hit,,,,
501,VIT_08s0056g00300,121,0.0585,Unknown,,,,
502,VIT_04s0008g06850,119,0.0575,Biopterin transport-related protein BT1,BIOPTERIN,,vv50125Porters_cat_66_to_94,
503,VIT_09s0002g03360,116,0.0561,Calmodulin binding protein,,,,
504,VIT_03s0088g00700,113,0.0542,Pathogenesis related protein 1 precursor (pr1 gene),PRP1,,vv30011Jasmonate_signaling,vv34626Plant-pathogen_interaction
505,VIT_18s0075g00530,109,0.0528,Laccase,E1_10_3_2,,vv11000Single_reactions,vv50109Incompletely_characterized_transport_systems
506,VIT_03s0017g01990,109,0.0527,UDP-glucose glucosyltransferase,E2_4_1_35,,vv10500Starch_and_sucrose_metabolism,
507,VIT_06s0080g00350,108,0.0519,Myo-inositol-1-phosphate synthase,E5_5_1_4,,vv10562Inositol_phosphate_metabolism,
508,VIT_18s0041g02070,107,0.0515,12-oxophytodienoate reductase 1,E1_3_1_42,,vv10592alpha-Linolenic_acid_metabolism,
509,VIT_06s0004g01440,103,0.0498,ABA glucosidase,ABAGLC,,vv11013ABA_biosynthesis,
510,VIT_01s0010g02450,102,0.0495,B12D,,,,
511,VIT_04s0023g02900,98,0.0475,Ferulate-5-hydroxylase,K09755,,vv10940Phenylpropanoid_biosynthesis,
512,VIT_12s0028g02560,97,0.0471,Sodium/calcium exchanger family protein,NACAEX,,vv50123Porters_cat_18_to_29,
513,VIT_10s0042g00840,92,0.0444,Stilbene synthase [Vitis pseudoreticulata],E2_3_1_95,,vv10940Phenylpropanoid_biosynthesis,
514,VIT_07s0205g00160,91,0.0443,Basic helix-loop-helix (bHLH) family,BHLHDOM_8,,vv60011BHLH,
515,VIT_00s0281g00020,91,0.0442,Ankyrin repeat protein,,,,
516,VIT_09s0018g01650,91,0.044,Wrinkled1 (AP2/ERBP),WRINKLED1_1,VvAP2-06,vv30008Ethylene_signaling,vv60003AP2_EREBP
517,VIT_08s0105g00470,90,0.0436,PHD finger-like domain-containing protein 5A,K12834,,vv23040Spliceosome,
518,VIT_01s0026g01140,89,0.0428,ZCW32 (BIGPETAL  BIGPETALUB),ZCW32_2,,vv60011BHLH,
519,VIT_00s0421g00020,85,0.0413,Hcr2-5B,,,,
520,VIT_05s0049g00950,82,0.0398,Phosphoenolpyruvate carboxylase kinase,E4_1_1_49,,vv10020Citrate_cycle,vv10620Pyruvate_metabolism
521,VIT_01s0011g05030,82,0.0393,Unknown protein,,,,
522,VIT_00s2558g00010,81,0.039,TRNA synthetase  class II (D  K and N); Nucleic acid-binding  OB-fold,E6_1_1_6,,vv10300Lysine_biosynthesis,vv20970Aminoacyl-tRNA_biosynthesis
523,VIT_11s0016g01470,80,0.0388,Lecithine cholesterol acyltransferase,E2_3_1_43,,vv10564Glycerophospholipid_metabolism,
524,VIT_03s0017g01820,79,0.0383,No hit,,,,
525,VIT_17s0000g05420,79,0.0383,AAA-type ATPase family,,,,
526,VIT_03s0097g00240,78,0.0379,No hit,,,,
527,VIT_04s0008g00640,78,0.0377,Epsin N-terminal homology (ENTH) domain-containing,ENTH,,vv50110Protein_coat,
528,VIT_01s0010g03690,77,0.0373,Splicing factor YT521-B,,,,
529,VIT_00s0181g00170,77,0.0373,F-box family protein,,,,
530,VIT_19s0014g01020,77,0.037,Protein transport protein Sec61 subunit alpha,K10956,,vv23060Protein_export,vv24141Protein_processing_in_endoplasmic_reticulum
531,VIT_13s0067g03720,75,0.0362,SAC3/GANP,,,,
532,VIT_07s0197g00170<br>VIT_00s0487g00030<br>VIT_07s0197g00240<br>VIT_00s0487g00010<br>VIT_07s0031g01070<br>VIT_07s0197g00130<br>VIT_07s0197g00120<br>VIT_07s0197g00210<br>VIT_07s0197g00140<br>VIT_07s0197g00220,74,0.0357,,,,,
533,VIT_12s0057g01020,73,0.0353,fasciclin-like arabinogalactan protein FLA2,FLA2,,vv40006Cell_wall,
534,VIT_03s0017g02280,70,0.034,Myb family,MYBGE_22,,vv60029G2-like,
535,VIT_07s0185g00090,70,0.034,Receptor kinase ARK3,,,,
536,VIT_01s0137g00460,70,0.0338,RGLG2 (ring Domain LIGASE2),RGLG2,,vv50004Auxin_transport,
537,VIT_09s0054g00380,69,0.0334,Unknown protein,,,,
538,VIT_16s0013g00990,69,0.0332,Ethylene-responsive transcription factor ERF105,ERF105_14,VvERF104,vv30008Ethylene_signaling,vv60003AP2_EREBP
539,VIT_11s0016g01060,68,0.0329,Avr9/Cf-9 induced kinase 1,,,,
540,VIT_14s0060g02690,68,0.0326,Germin-like protein 3 [Vitis vinifera],,,,
541,VIT_11s0052g01090,67,0.0323,4-coumarate-CoA ligase 2,E6_2_1_12,,vv10940Phenylpropanoid_biosynthesis,vv50104Group_translocators
542,VIT_10s0003g01360,65,0.0315,Cysteine protease,E3_4_22_x,,,
543,VIT_14s0108g00540,64,0.031,Phosphofructokinase,E2_7_1_90,,vv10051Fructose_and_mannose_metabolism,
544,VIT_00s1212g00020,64,0.031,Laccase,E1_10_3_2,,vv11000Single_reactions,vv50109Incompletely_characterized_transport_systems
545,VIT_09s0002g07080,63,0.0304,No hit,,,,
546,VIT_08s0007g03890,62,0.03,Brix domain-containing protein,,,,
547,VIT_05s0051g00310,62,0.0299,Glutathione S-transferase 9 GSTU9,E2_5_1_18_GSTU9,,vv10480Glutathione_metabolism,
548,VIT_12s0059g00860,62,0.0299,SLAH1 (SLAC1 homologue 1),SLAH1,,vv50122Porters_cat_7_to_17,
549,VIT_03s0088g00710,61,0.0294,Pathogenesis-related protein 1 precursor (PRP 1),PRP1,,vv30011Jasmonate_signaling,vv34626Plant-pathogen_interaction
550,VIT_05s0102g00780,60,0.0293,Unknown protein,,,,
551,VIT_05s0094g01320,60,0.029,Ankyrin repeat,K10380,,vv50108Accessory_factors_involved_in_transport,
552,VIT_05s0077g01600,56,0.0271,Pathogenesis protein 10 [Vitis vinifera],,,,
553,VIT_11s0016g02780,56,0.0268,Myb domain protein 68,MYB68_1,MYB154,vv60044MYB,
554,VIT_05s0020g03280,55,0.0266,Copper amine oxidase,E1_4_3_4,,vv10220Urea_cycle_and_metabolism_of_amino_groups,vv10340Histidine_metabolism
555,VIT_11s0052g01410,55,0.0265,Leucine Rich Repeat receptor-like kinase,,,,
556,VIT_17s0000g05410,54,0.0261,Galactosyltransferase,E2_4_x_x,,,
557,VIT_09s0002g00250,54,0.026,Disease resistance protein (NBS-LRR class),,,,
558,VIT_19s0090g00870,53,0.0257,Unknown protein,,,,
559,VIT_02s0012g00830,53,0.0256,Expansin-like B1,EXPB1,,vv30003Auxin_signaling,
560,VIT_18s0001g01960,53,0.0255,RKF3 (receptor-like kinase IN in flowers 3),,,,
561,VIT_01s0137g00600,51,0.0248,MAP kinase phosphatase (MKP1),,,,
562,VIT_08s0007g08750,51,0.0246,Heat shock transcription factor B3,HSFB3,,vv60037HSF,
563,VIT_17s0000g02150,50,0.0242,Ribosomal protein L19,K02884,,vv23010Ribosome,
564,VIT_09s0002g06890,50,0.0242,Dicyanin blue copper protein,,,,
565,VIT_17s0000g08450,49,0.0238,Carbonic anhydrase chloroplast,E4_2_1_1,,vv10910Nitrogen_metabolism,vv50124Porters_cat_30_to_64
566,VIT_04s0043g00250,49,0.0236,Nonsense-mediated mRNA decay NMD3,K07562,,vv23008Ribosome_biogenesis_in_Eukaryotes,vv23013RNA_transport
567,VIT_03s0038g02280,49,0.0236,ERD7 (EARLY-responsive TO dehydration 7),,,,
568,VIT_17s0000g04230,48,0.0233,Translation initiation factor eIF-2B delta subunit,K03680,,vv23013RNA_transport,
569,VIT_08s0007g02980,48,0.0232,Unknown,,,,
570,VIT_16s0100g00760,46,0.0222,Stilbene synthase 2 [Vitis sp. cv. 'Norton'],E2_3_1_95,,vv10940Phenylpropanoid_biosynthesis,
571,VIT_17s0000g03160,46,0.0222,No hit,,,,
572,VIT_16s0022g01070,45,0.0217,Chalcone synthase [Vitis vinifera],E2_3_1_74,,vv10941Flavonoid_biosynthesis,
573,VIT_10s0003g03800,44,0.0214,Jasmonate ZIM domain-containing protein 8,JAZ8_1,,vv30011Jasmonate_signaling,vv60069ZIM
574,VIT_17s0053g00120,44,0.0213,Succinyl-CoA ligase alpha 2 subunit,E6_2_1_4,,vv10020Citrate_cycle,
575,VIT_08s0032g00240,44,0.0211,CYP71A22,E1_14_13_73,,vv10902Monoterpenoid_biosynthesis,
576,VIT_01s0011g00480,43,0.0208,Aspartate/glutamate/uridylate kinase,E2_7_2_11,,vv10220Urea_cycle_and_metabolism_of_amino_groups,
577,VIT_14s0060g02620,43,0.0207,Unknown protein,,,,
578,VIT_04s0069g00470,43,0.0207,No hit,,,,
579,VIT_04s0023g02810,42,0.0203,Aldehyde dehydrogenase 3B1,E1_2_1_3,vv10561Glycerolipid_metabolism,vv10010Glycolysis,vv10071Fatty_acid_metabolism
580,VIT_19s0014g01530,42,0.0202,Protein kinase,,,,
581,VIT_09s0002g02570,41,0.02,No hit,,,,
582,VIT_03s0038g00100,41,0.0198,Epoxide hydrolase-like protein,E3_3_2_10,,,
583,VIT_15s0048g02300,41,0.0197,NAC transcription factor-like 9,NTL9_2,VvNAC53,vv60046NAC,
584,VIT_09s0002g02970,40,0.0194,Unknown,,,,
585,VIT_03s0038g03430,40,0.0193,Beta-expansin (EXPL2),EXPL2,,vv30003Auxin_signaling,
586,VIT_06s0004g03210,39,0.0188,Unknown,,,,
587,VIT_18s0075g00610,38,0.0184,Laccase,E1_10_3_2,,vv11000Single_reactions,vv50109Incompletely_characterized_transport_systems
588,VIT_02s0012g00670,38,0.0184,No hit,,,,
589,VIT_05s0020g03210,38,0.0183,S-receptor kinase,,,,
590,VIT_00s0174g00010,38,0.0183,No hit,,,,
591,VIT_00s0274g00080,37,0.0179,Benzoquinone reductase,E1_6_5_6,,vv10740Riboflavin_metabolism,
592,VIT_04s0023g00490,36,0.0174,Auxin responsive SAUR protein,SAUR,,vv30003Auxin_signaling,
593,VIT_16s0100g00380,36,0.0174,DREB sub A-1 of ERF/AP2 transcription factor (CBF4),DREB1A_1,VvERF022,vv30008Ethylene_signaling,vv60003AP2_EREBP
594,VIT_18s0001g07780,36,0.0173,ABA-responsive protein (HVA22a),HVA22A,,vv30001ABA_signaling,
595,VIT_16s0013g00970,35,0.0169,Ethylene responsive element binding factor 5,ERF5_5,VvERF081,vv30008Ethylene_signaling,vv60003AP2_EREBP
596,VIT_00s2634g00010<br>VIT_00s0429g00010,35,0.0169,,,,,
597,VIT_04s0044g00400,33,0.016,MTN21,MTN21,,vv50122Porters_cat_7_to_17,
598,VIT_07s0005g04880,33,0.0159,Glutathione S-transferase 25 GSTU7,E2_5_1_18_GSTU7,,vv10480Glutathione_metabolism,
599,VIT_01s0026g00220,32,0.0156,Aldehyde dehydrogenase 1 precursor,E1_2_1_3,vv10561Glycerolipid_metabolism,vv10010Glycolysis,vv10071Fatty_acid_metabolism
600,VIT_11s0016g01160,32,0.0155,GCN5 N-acetyltransferase (GNAT),GCN5_3,,vv60082GNAT,
601,VIT_17s0000g04420,32,0.0155,Wall-associated kinase 2 (WAK2),,,,
602,VIT_09s0002g06760,32,0.0154,Phospholipase D alpha 1 precursor (PLD 1) (Choline phosphatase 1),PLDA1,,vv10564Glycerophospholipid_metabolism,vv10565Ether_lipid_metabolism
603,VIT_16s0013g01500,31,0.015,Disease resistance protein,,,,
604,VIT_00s0125g00140,31,0.015,SHR5-receptor-like kinase,,,,
605,VIT_09s0002g05390,31,0.0149,ABC transporter g family pleiotropic drug resistance 12 PDR12,ABCGPDR12,,vv52010ABC_transporters,
606,VIT_14s0083g01170,30,0.0145,Mitochondrial substrate carrier family protein,K03454,,vv50123Porters_cat_18_to_29,
607,VIT_10s0003g02320<br>VIT_10s0003g02300<br>VIT_10s0003g02390<br>VIT_10s0003g02350<br>VIT_10s0003g02340<br>VIT_10s0003g02400,30,0.0145,,,,,
608,VIT_15s0021g01590,29,0.014,RKL1 (Receptor-like kinase 1),,,,
609,VIT_19s0014g04210,29,0.014,S-locus protein kinase,,,,
610,VIT_18s0072g00550,28,0.0136,Unknown protein,,,,
611,VIT_13s0019g01690,28,0.0136,Ubiquitin-specific protease 24 (UBP24),,,,
612,VIT_19s0015g00120,27,0.0131,No hit,,,,
613,VIT_19s0090g00060,27,0.013,Biopterin transport-related protein BT1,BIOPTERIN,,vv50125Porters_cat_66_to_94,
614,VIT_04s0008g05540,26,0.0126,Clathrin assembly protein 2,CAP2,,vv50110Protein_coat,
615,VIT_06s0009g02020,26,0.0126,Tubulin beta-4 chain,K07375,,vv44145Phagosome,vv44810Regulation_of_actin_cytoskeleton
616,VIT_07s0197g00060,25,0.0121,Myb family,MYBGE_12,,vv60029G2-like,
617,VIT_18s0041g02020,25,0.0121,12-oxophytodienoate reductase 2,E1_3_1_42,,vv10592alpha-Linolenic_acid_metabolism,
618,VIT_07s0129g00590,25,0.012,Armadillo/beta-catenin repeat protein / U-box domain-containing,,,,
619,VIT_03s0091g00090,24,0.0116,No hit,,,,
620,VIT_04s0044g00170,24,0.0116,MUTL protein homolog 3 (ATMLH3/MLH3),K08739,,vv23430Mismatch_repair,
621,VIT_07s0104g00210,24,0.0116,Phenazine biosynthesis PhzC/PhzF protein,K06998,,vv10400Phenylalanine_tyrosine_and_tryptophan_biosynthesis,
622,VIT_13s0084g00800,24,0.0116,Transcription factor,TRIHELIXDOM_7,,vv60062Trihelix,
623,VIT_01s0011g04690,23,0.0112,Pentatricopeptide (PPR) repeat-containing protein,,,,
624,VIT_15s0048g01530,23,0.0111,Geraniol 10-hydroxylase,G10H,,vv10902Monoterpenoid_biosynthesis,
625,VIT_02s0025g04280,22,0.0107,Osmotin,,,,
626,VIT_08s0040g01710,22,0.0107,Phenylalanine ammonia-lyase,E4_3_1_5,,vv10350Tyrosine_metabolism,vv10360Phenylalanine_metabolism
627,VIT_01s0011g05920,22,0.0106,S-adenosyl-L-methionine:salicylic acid carboxyl methyltransferase,SAMTBSCMT,,vv10360Phenylalanine_metabolism,
628,VIT_12s0028g02530,21,0.0102,Zinc finger (C3HC4-type ring finger),ZFC3HC4_36,,vv60078Other_zf-C3HC4,
629,VIT_18s0001g09970,20,0.0097,C2 domain-containing protein,,,,
630,VIT_03s0088g00620,20,0.0097,Stress-induced,,,,
631,VIT_00s0400g00050,20,0.0096,No hit,,,,
632,VIT_18s0075g00630,19,0.0092,Laccase,E1_10_3_2,,vv11000Single_reactions,vv50109Incompletely_characterized_transport_systems
633,VIT_08s0007g08420,19,0.0092,R protein MLA10,K13475,,vv34627R_proteins_from_Plant-pathogen_interaction,
634,VIT_14s0036g01330,19,0.0092,No hit,,,,
635,VIT_01s0150g00300,19,0.0092,Indole-3-acetic acid amido synthetase,AUXINBIOSYNTHESIS_GH3,,vv11002Auxin_biosynthesis,
636,VIT_12s0028g02970,18,0.0087,MLO1,K08472,,,
637,VIT_18s0001g13230,18,0.0087,Beta-galactosidase BG1 [Vitis vinifera],E3_2_1_23,,vv10052Galactose_metabolism,vv10511N-Glycan_degradation
638,VIT_17s0000g00730,16,0.0078,ATP binding / DNA binding,,,,
639,VIT_11s0052g01340,16,0.0078,Xyloglucan endo-transglycosylase  C-terminal,E2_4_1_207,,vv40006Cell_wall,
640,VIT_18s0001g11240,16,0.0077,MAPKKK5 (Mitogen-activated protein kinase kinase kinase 5),,,,
641,VIT_18s0001g10120,16,0.0077,SPla/RYanodine receptor (SPRY) domain-containing protein,,,,
642,VIT_00s2525g00010,16,0.0077,Unknown,,,,
643,VIT_14s0081g00730,16,0.0077,Ethylene response factor ERF1,ERF1_6,VvERF093,vv30008Ethylene_signaling,vv30011Jasmonate_signaling
644,VIT_01s0146g00060,16,0.0077,Glucose-6-phosphate 1-dehydrogenase 2  chloroplast precursor,E1_1_1_49,,vv10030Pentose_phosphate,vv10480Glutathione_metabolism
645,VIT_13s0067g02500,16,0.0077,Xanthine/uracil permease,K06901,,vv50121Porters_cat_1_to_6,
646,VIT_11s0052g01330,15,0.0073,Xyloglucan endotransglucosylase/hydrolase 23,E2_4_1_207,,vv40006Cell_wall,
647,VIT_10s0003g05330,15,0.0073,Ethylene-regulated nuclear protein ERN1,ERN1,,vv30008Ethylene_signaling,
648,VIT_09s0002g05790,15,0.0073,Serine-threonine kinase receptor-associated protein STRAP,K13137,,vv23013RNA_transport,
649,VIT_09s0002g00510,15,0.0073,Lipase GDSL 1,,,,
650,VIT_07s0005g05330,15,0.0073,No hit,,,,
651,VIT_08s0007g02950,15,0.0073,Unknown protein,,,,
652,VIT_06s0061g00100,15,0.0073,Glucan endo-1 3-beta-glucosidase  acidic isoform precursor,E3_2_1_39,,vv10500Starch_and_sucrose_metabolism,
653,VIT_19s0014g04470,15,0.0073,S-locus protein kinase,,,,
654,VIT_02s0025g01100,15,0.0073,Protein kinase,,,,
655,VIT_17s0000g02920,15,0.0072,Glutathione S-transferase 25 GSTU7,E2_5_1_18_GSTU7,,vv10480Glutathione_metabolism,
656,VIT_14s0060g00110,15,0.0072,Glutamyl-tRNA synthetase  cytoplasmic,E6_1_1_17,,vv10860Porphyrin_and_chlorophyll_metabolism,vv20970Aminoacyl-tRNA_biosynthesis
657,VIT_18s0072g00940,15,0.0072,Histidinol-phosphate aminotransferase  chloroplast precursor,E2_6_1_9,,vv10340Histidine_metabolism,vv10350Tyrosine_metabolism
658,VIT_17s0000g03260,15,0.0072,Reticulon (RTNLB9),,,,
659,VIT_03s0180g00280,14,0.0068,Indole-3-acetate beta-glucosyltransferase,E2_4_1_121,,vv11002Auxin_biosynthesis,
660,VIT_06s0004g00120,14,0.0068,Zinc finger (C3HC4-type ring finger),ZFC3HC4_41,,vv60078Other_zf-C3HC4,
661,VIT_05s0049g00640,14,0.0068,Unknown,,,,
662,VIT_04s0008g05220,14,0.0067,Cellulose synthase CESA1,E2_4_1_12_CESA1,,vv40006Cell_wall,
663,VIT_03s0038g04420,13,0.0063,DnaJ homolog  subfamily A  member 2,K09503,,vv50132Primary_active_transporter_cat_A5_to_A8,
664,VIT_06s0004g04360,13,0.0063,Amino acid binding protein,,,,
665,VIT_18s0166g00070,13,0.0063,No hit,,,,
666,VIT_01s0010g01290,13,0.0062,Unknown protein,,,,
667,VIT_18s0001g00320,12,0.0058,LYS/HIS transporter 7 LHT7,LHT7,,vv50123Porters_cat_18_to_29,
668,VIT_18s0001g05410,12,0.0058,No hit,,,,
669,VIT_03s0088g00720,12,0.0058,Pathogenesis-related protein 1 precursor (PRP 1),PRP1,,vv30011Jasmonate_signaling,vv34626Plant-pathogen_interaction
670,VIT_18s0001g02340,12,0.0058,Armadillo/beta-catenin repeat,,,,
671,VIT_01s0011g03910,12,0.0058,Protein phosphatase 2C,E3_1_3_16,,,
672,VIT_06s0061g00780,12,0.0058,Zinc finger (C2H2 type) family,C2H2FAM_39,,vv60017C2H2,
673,VIT_18s0001g00080,12,0.0058,Laccase,E1_10_3_2,,vv11000Single_reactions,vv50109Incompletely_characterized_transport_systems
674,VIT_18s0001g11130,11,0.0053,Calmodulin-binding protein AR781,,,,
675,VIT_17s0000g00680,10,0.0048,No hit,,,,
676,VIT_00s0746g00010<br>VIT_00s0871g00010<br>VIT_16s0013g01420<br>VIT_00s0655g00020,10,0.0048,,,,,
677,VIT_05s0062g01080,10,0.0048,Translation initiation factor eIF-3 subunit 8,K03252,,vv23013RNA_transport,
678,VIT_11s0037g00400,10,0.0048,Zinc finger (C2H2 type) family,C2H2FAM_28,,vv60017C2H2,
679,VIT_15s0046g03180,10,0.0048,Remorin,,,,
680,VIT_18s0001g14690,10,0.0048,Protein kinase,,,,
681,VIT_10s0003g01940,9,0.0044,RKF1 (receptor-like kinase in flowers 1),,,,
682,VIT_06s0009g01200,9,0.0044,Argonaute,,,,
683,VIT_18s0001g06340,9,0.0044,RPS4 (resistant to p. syringae 4),RPS4,,vv34627R_proteins_from_Plant-pathogen_interaction,
684,VIT_03s0038g03970,9,0.0044,Unknown protein,,,,
685,VIT_01s0011g05890,9,0.0044,S-adenosyl-L-methionine:salicylic acid carboxyl methyltransferase,SAMTBSCMT,,vv10360Phenylalanine_metabolism,
686,VIT_01s0010g02580,9,0.0044,Acid phosphatase/vanadium-dependent haloperoxidase,,,,
687,VIT_15s0021g00120,9,0.0044,RPP13 (recognition of peronospora parasitica 13),RPP13,,vv34626Plant-pathogen_interaction,
688,VIT_19s0014g05040,9,0.0044,formin homology 2 domain-containing protein 5,FH5,,vv44810Regulation_of_actin_cytoskeleton,
689,VIT_14s0081g00190,9,0.0044,No hit,,,,
690,VIT_16s0013g01000,9,0.0044,Ethylene-responsive transcription factor ERF105,ERF105_10,VvERF084,vv30008Ethylene_signaling,vv60003AP2_EREBP
691,VIT_16s0050g02220,9,0.0043,Acidic endochitinase (CHIB1),E3_2_1_14,,vv10530Aminosugars_metabolism,
692,VIT_01s0011g04040,9,0.0043,No hit,,,,
693,VIT_16s0050g02490,9,0.0043,Tetrahydrofolylpolyglutamate synthase,E6_3_2_17,,vv10790Folate_biosynthesis,
694,VIT_10s0116g00940,9,0.0043,Early-responsive to dehydration protein / ERD protein,,,,
695,VIT_16s0022g02460,9,0.0043,Subtilisin protease C1,SBT4_12,,,
696,VIT_03s0038g01050,9,0.0043,Phenylalanine-tRNA ligase,E6_1_1_20,,vv10400Phenylalanine_tyrosine_and_tryptophan_biosynthesis,vv20970Aminoacyl-tRNA_biosynthesis
697,VIT_18s0075g00310,9,0.0043,R protein L6,K13477,,vv34627R_proteins_from_Plant-pathogen_interaction,
698,VIT_00s0179g00260,9,0.0043,Calcium-transporting ATPase 12 ACA12,K01537,,vv34020Calcium_signaling_pathway,vv50131Primary_active_transporter_cat_A2_to_A4
699,VIT_00s0347g00060<br>VIT_00s0762g00020<br>VIT_00s0347g00080<br>VIT_00s0743g00010,9,0.0043,,,,,
700,VIT_15s0021g02060,7,0.0034,Arbutin synthase,E2_4_1_218,,vv10500Starch_and_sucrose_metabolism,
701,VIT_15s0021g00650,7,0.0034,Purine permease 11 PUP11,PUP11,,vv50122Porters_cat_7_to_17,
702,VIT_13s0067g00150,7,0.0034,Hydrolase  alpha/beta fold,,,,
703,VIT_19s0014g00060,7,0.0034,FRIGIDA protein,FRIGIDA,,vv30009Flower_development,
704,VIT_04s0008g06870,7,0.0034,Cytochrome b5 domain-containing protein,,,,
705,VIT_17s0000g09150,7,0.0034,ATP binding,,,,
706,VIT_10s0003g00470,7,0.0034,Isoflavone methyltransferase/ Orcinol O-methyltransferase 1 oomt1,E2_1_1_46,,vv10943Isoflavonoid_biosynthesis,
707,VIT_17s0000g02220,6,0.0029,No hit,,,,
708,VIT_11s0016g03960,6,0.0029,Kinesin family member 2/24,K10393,,vv44810Regulation_of_actin_cytoskeleton,
709,VIT_01s0127g00250,6,0.0029,Kelch repeat-containing F-box protein,,,,
710,VIT_01s0011g04680,6,0.0029,Glycosyltransferase family 14,,,,
711,VIT_10s0116g01430,6,0.0029,Lucose inhibited division protein A,K03495,,,
712,VIT_12s0055g01160,6,0.0029,Brassinosteroid insensitive 1-associated receptor kinase 1,BAK1,,vv30005Brassinosteroids_signaling,vv34626Plant-pathogen_interaction
713,VIT_12s0134g00170,6,0.0029,No hit,,,,
714,VIT_00s0480g00030,6,0.0029,Polyphenol oxidase,E1_10_3_1,,vv10350Tyrosine_metabolism,vv50109Incompletely_characterized_transport_systems
715,VIT_18s0001g06110,6,0.0029,R protein L6,K13477,,vv34627R_proteins_from_Plant-pathogen_interaction,
716,VIT_09s0002g02580,6,0.0029,No hit,,,,
717,VIT_19s0014g02340,6,0.0029,Protein phosphatase 2C,E3_1_3_16,,,
718,VIT_10s0042g00770,6,0.0029,Leucine-rich repeat receptor-like protein kinase 1,,,,
719,VIT_05s0062g00850,6,0.0029,Auxin-responsive protein,AUXREG,,vv30003Auxin_signaling,
720,VIT_01s0146g00310,6,0.0029,Pyruvate dehydrogenase E1 component subunit beta,E1_2_4_1,,vv10010Glycolysis,vv10252Alanine_and_aspartate_metabolism
721,VIT_10s0003g05640,6,0.0029,UDP-arabinose 4-epimerase 3,E5_1_3_5,,vv10520Nucleotide_sugars_metabolism,
722,VIT_02s0154g00230,6,0.0029,Phosphatidic acid phosphatase / PAP2,E3_1_3_4,,vv10561Glycerolipid_metabolism,vv10564Glycerophospholipid_metabolism
723,VIT_19s0085g00560,6,0.0029,Pentatricopeptide (PPR) repeat-containing,,,,
724,VIT_00s0409g00010,4,0.0019,Receptor kinase RK20-1,,,,
725,VIT_08s0007g05830,4,0.0019,No hit,,,,
726,VIT_01s0146g00070,4,0.0019,11-beta-hydroxysteroid dehydrogenase,E1_1_1_146,,vv10140C21-Steroid_hormone_metabolism,
727,VIT_18s0041g00280,4,0.0019,T-complex protein 11,,,,
728,VIT_19s0015g01750,4,0.0019,WD-40 repeat,,,,
729,VIT_18s0117g00070,4,0.0019,R protein L6,K13477,,vv34627R_proteins_from_Plant-pathogen_interaction,
730,VIT_03s0017g01220,3,0.0015,Polyadenylate-binding protein 2,K14396,,vv23015mRNA_surveillance_pathway,
731,VIT_05s0020g01530,3,0.0015,Alpha-1 6-xylosyltransferase,E2_4_2_39,,vv40006Cell_wall,
732,VIT_06s0004g05970,3,0.0015,Antiviral helicase SKI2,K12599,,vv23018RNA_degradation,
733,VIT_05s0049g02070,3,0.0015,Calcium-binding protein,,,,
734,VIT_18s0001g05000<br>VIT_18s0001g04780<br>VIT_18s0001g04120,3,0.0015,,,,,
735,VIT_19s0014g00840,3,0.0015,Unknown protein,,,,
736,VIT_08s0040g00960,3,0.0015,CXE carboxylesterase,E3_1_1_1,,,
737,VIT_14s0030g01500,3,0.0015,SF21,,,,
738,VIT_06s0009g00210,3,0.0015,Calmodulin-binding region IQ5,,,,
739,VIT_03s0063g01280<br>VIT_03s0063g01160,3,0.0015,,,,,
740,VIT_07s0005g01190,3,0.0015,Unknown protein,,,,
741,VIT_07s0031g01090,3,0.0015,Ascorbate oxidase,E1_10_3_3,,vv10053Ascorbate_and_aldarate_metabolism,vv50109Incompletely_characterized_transport_systems
742,VIT_06s0004g02040,3,0.0015,RNA-binding protein 45 (RBP45),,,,
743,VIT_07s0005g03260,3,0.0015,Transcription factor TSRF1,ERF1_7,VvERF100,vv30008Ethylene_signaling,vv30011Jasmonate_signaling
744,VIT_12s0057g00760,3,0.0015,CF9,K13446,,vv34626Plant-pathogen_interaction,
745,VIT_18s0001g10910,3,0.0015,Patatin,,,,
746,VIT_00s0413g00010,3,0.0015,Laccase (diphenol oxidase) family protein,E1_10_3_2,,vv11000Single_reactions,vv50109Incompletely_characterized_transport_systems
747,VIT_00s0227g00060,3,0.0015,WD-40 repeat protein,,,,
748,VIT_19s0014g02670,3,0.0015,Protein kinase CRK1 CRK1 protein(Cdc2-related kinase 1),,,,
749,VIT_16s0050g02570,3,0.0015,Protein phosphatase 2C,E3_1_3_16,,,
750,VIT_04s0008g05650,3,0.0015,Vesicle-associated membrane protein 7,K08515,,vv24130SNARE_interactions_in_vesicular_transport,vv50101Channels_and_pores
751,VIT_06s0009g02650,3,0.0015,Gag-pol polyprotein,,,,
752,VIT_00s0286g00050,3,0.0015,S-locus protein kinase,,,,
753,VIT_18s0001g07870,3,0.0015,Unknown protein,,,,
754,VIT_00s0199g00220,3,0.0015,Phosphofructokinase,E2_7_1_90,,vv10051Fructose_and_mannose_metabolism,
755,VIT_19s0015g00170,3,0.0015,Zinc metallopeptidase,E3_4_24_x,,,
756,VIT_19s0014g04220,3,0.0015,S-locus protein kinase,,,,
757,VIT_01s0026g01730,3,0.0015,WRKY DNA-binding protein 72,WRKY72_1,VvWRKY02,vv60066WRKY,
758,VIT_19s0014g04510,3,0.0015,S-locus protein kinase,,,,
759,VIT_13s0019g04360,3,0.0015,GCN5 N-acetyltransferase (GNAT),GCN5_6,,vv60082GNAT,
760,VIT_08s0032g00710,3,0.0015,CXE carboxylesterase,E3_1_1_1,,,
761,VIT_11s0016g02660<br>VIT_05s0029g01030,3,0.0015,,,,,
762,VIT_12s0059g01120,3,0.0015,CAF protein,,,,
763,VIT_03s0132g00400,3,0.0015,Wall-associated receptor kinase-like 9,,,,
764,VIT_09s0002g05540,3,0.0015,ABC transporter g family pleiotropic drug resistance 12 PDR12,ABCGPDR12,,vv52010ABC_transporters,
765,VIT_02s0012g00680<br>VIT_02s0012g00700,3,0.0015,,,,,
766,VIT_18s0001g01110,3,0.0015,Monooxygenase (MO2),,,,
767,VIT_08s0040g03100,3,0.0015,Glutathione S-transferase GSTO1,E2_5_1_18_GSTO1,,vv10480Glutathione_metabolism,
768,VIT_03s0038g03640,3,0.0014,Phosphoglycerate mutase,E5_4_2_1,,vv10010Glycolysis,
769,VIT_17s0000g05360,3,0.0014,Germin,,,,
770,VIT_17s0000g08520,3,0.0014,Pantothenate kinase,E2_7_1_33,,vv10770Pantothenate_and_CoA_biosynthesis,
771,VIT_08s0058g00790,3,0.0014,Secoisolariciresinol dehydrogenase,SIRD,,vv10940Phenylpropanoid_biosynthesis,
772,VIT_08s0007g09010,3,0.0014,Esterase,E3_1_2_12,,vv10680Methane_metabolism,
773,VIT_05s0094g00540,3,0.0014,Acyl-[acyl-carrier-protein] desaturase,E1_14_19_2,,vv11040Biosynthesis_of_unsaturated_fatty_acids,
774,VIT_02s0025g00540,3,0.0014,Unknown,,,,
775,VIT_00s0475g00010,3,0.0014,Glycosyl transferase family 8 protein,,,,
776,VIT_03s0017g02110,3,0.0014,Anthocyanidin 3-O-glucosyltransferase,E2_4_1_115,,vv10942Anthocyanin_biosynthesis,
777,VIT_01s0011g02390,3,0.0014,Unknown,,,,
778,VIT_12s0059g00690,3,0.0014,2-alkenal reductase,E1_3_1_74,,,
779,VIT_11s0016g01260,3,0.0014,Early flowering 8 (ELF8),ELF8,,vv30009Flower_development,
780,VIT_10s0003g04180,3,0.0014,Early-responsive to dehydration stress protein (ERD4),,,,
781,VIT_00s0399g00020,3,0.0014,Protease inhibitor/seed storage/lipid transfer protein (LTP),,,,
782,VIT_13s0106g00050,3,0.0014,No hit,,,,
783,VIT_12s0057g01100,3,0.0014,Nudix hydrolase 2,,,,
784,VIT_17s0000g07260,3,0.0014,Glucan endo-1 3-beta-glucosidase 3 precursor,E3_2_1_39,,vv10500Starch_and_sucrose_metabolism,
785,VIT_07s0031g02880,3,0.0014,No hit,,,,
786,VIT_18s0122g00590,3,0.0014,DNA-binding protein,,,,
787,VIT_01s0011g05450,3,0.0014,Unknown protein,,,,
788,VIT_17s0000g06690,3,0.0014,Unknown,,,,
789,VIT_06s0004g01990,3,0.0014,No hit,,,,
790,VIT_07s0005g04050,3,0.0014,Leucine Rich Repeat receptor-like kinase,,,,
791,VIT_09s0002g06780,3,0.0014,Unknown protein,,,,
792,VIT_11s0016g01870,3,0.0014,Dihydrolipoamide S-acetyltransferase,E2_3_1_12,,vv10010Glycolysis,vv10252Alanine_and_aspartate_metabolism
793,VIT_04s0008g02200,3,0.0014,3-beta-hydroxy-delta5-steroid dehydrogenase,E1_1_1_145,,vv10140C21-Steroid_hormone_metabolism,
794,VIT_15s0021g01840,3,0.0014,Cationic amino acid transporter 9,CAT9,,vv50121Porters_cat_1_to_6,
795,VIT_18s0001g13440,3,0.0014,SLAH1 (SLAC1 homologue 1),SLAH1,,vv50122Porters_cat_7_to_17,
796,VIT_19s0014g01360,3,0.0014,Curculin (mannose-binding) lectin,,,,
797,VIT_18s0001g12480,3,0.0014,Metal transporter CNNM4 (Cyclin-M4),CNNM4,,vv50109Incompletely_characterized_transport_systems,
798,VIT_01s0011g00380,3,0.0014,SP1L1 (SPIRAL1-like1),,,,
799,VIT_01s0150g00440,3,0.0014,Respiratory burst oxidase protein D (RBOHD),RBOHD,,vv34626Plant-pathogen_interaction,vv50105Transport_electron_carriers
800,VIT_09s0002g01320,3,0.0014,Germin-like protein,,,,
801,VIT_06s0080g00970,3,0.0014,NAC domain-containing protein 40,NAC040,VvNAC67,vv60046NAC,
802,VIT_16s0039g00130,3,0.0014,CTV.22,,,,
