Vv_m2,2000,1000,VIT_16s0100g01150,,,,,
rank,node,Fabs,Frel,Functional-annotation,Name-EC-KeggID,Updated-name,Network1,Network2
1,VIT_16s0100g01130,2059,1,Stilbene synthase [Vitis vinifera],E2_3_1_95,,vv10940Phenylpropanoid_biosynthesis,
2,VIT_16s0100g01060,2066,1,Stilbene synthase,E2_3_1_95,,vv10940Phenylpropanoid_biosynthesis,
3,VIT_16s0100g01010<br>VIT_16s0100g00950<br>VIT_16s0100g01030<br>VIT_16s0100g00990,2066,1,,,,,
4,VIT_10s0042g00850,2063,1,Stilbene synthase [Vitis pseudoreticulata],E2_3_1_95,,vv10940Phenylpropanoid_biosynthesis,
5,VIT_16s0100g01140,2056,1,Stilbene synthase 2,E2_3_1_95,,vv10940Phenylpropanoid_biosynthesis,
6,VIT_16s0100g00750,2062,0.999,Stilbene synthase,E2_3_1_95,,vv10940Phenylpropanoid_biosynthesis,
7,VIT_16s0100g01000,2066,0.9971,Stilbene synthase 4,E2_3_1_95,,vv10940Phenylpropanoid_biosynthesis,
8,VIT_16s0100g01040,2038,0.9898,Stilbene synthase - grape,E2_3_1_95,,vv10940Phenylpropanoid_biosynthesis,
9,VIT_16s0100g00770,2039,0.9893,Stilbene synthase,E2_3_1_95,,vv10940Phenylpropanoid_biosynthesis,
10,VIT_16s0100g01200<br>VIT_16s0100g01070,2022,0.9835,,,,,
11,VIT_16s0100g00760,2030,0.9821,Stilbene synthase 2 [Vitis sp. cv. 'Norton'],E2_3_1_95,,vv10940Phenylpropanoid_biosynthesis,
12,VIT_16s0100g01160,2021,0.9763,Stilbene synthase [Vitis vinifera],E2_3_1_95,,vv10940Phenylpropanoid_biosynthesis,
13,VIT_16s0100g00860<br>VIT_16s0100g00940<br>VIT_16s0100g00800<br>VIT_16s0100g00920<br>VIT_16s0100g00930<br>VIT_16s0100g00810<br>VIT_16s0100g00840<br>VIT_16s0100g00850,2005,0.9752,,,,,
14,VIT_16s0100g01190,2014,0.9715,Stilbene synthase [Vitis vinifera],E2_3_1_95,,vv10940Phenylpropanoid_biosynthesis,
15,VIT_14s0060g00110,1980,0.9579,Glutamyl-tRNA synthetase  cytoplasmic,E6_1_1_17,,vv10860Porphyrin_and_chlorophyll_metabolism,vv20970Aminoacyl-tRNA_biosynthesis
16,VIT_18s0001g10200<br>VIT_18s0001g10230,1981,0.9575,,,,,
17,VIT_16s0100g00880,1984,0.9552,Stilbene synthase [Vitis pseudoreticulata],E2_3_1_95,,vv10940Phenylpropanoid_biosynthesis,
18,VIT_10s0042g00910,1966,0.9521,Stilbene synthase [Vitis pseudoreticulata],E2_3_1_95,,vv10940Phenylpropanoid_biosynthesis,
19,VIT_05s0077g01600,1950,0.9512,Pathogenesis protein 10 [Vitis vinifera],,,,
20,VIT_10s0042g00840,1977,0.9464,Stilbene synthase [Vitis pseudoreticulata],E2_3_1_95,,vv10940Phenylpropanoid_biosynthesis,
21,VIT_00s0410g00040,1953,0.9421,Anthranilate N-benzoyltransferase protein 1,E2_3_1_144,,vv10400Phenylalanine_tyrosine_and_tryptophan_biosynthesis,
22,VIT_16s0100g00830<br>VIT_16s0100g01120<br>VIT_16s0100g00780<br>VIT_16s0100g00910,1949,0.9402,,,,,
23,VIT_10s0071g00230,1939,0.9394,HcrVf1 protein,,,,
24,VIT_16s0100g00960,1906,0.9243,Stilbene synthase [Vitis pseudoreticulata],E2_3_1_95,,vv10940Phenylpropanoid_biosynthesis,
25,VIT_10s0042g00930<br>VIT_10s0042g00890<br>VIT_10s0042g00870<br>VIT_10s0042g00860<br>VIT_10s0042g00920,1880,0.914,,,,,
26,VIT_09s0002g05540,1869,0.909,ABC transporter g family pleiotropic drug resistance 12 PDR12,ABCGPDR12,,vv52010ABC_transporters,
27,VIT_16s0100g01100,1876,0.9032,Stilbene synthase,E2_3_1_95,,vv10940Phenylpropanoid_biosynthesis,
28,VIT_14s0060g02750<br>VIT_14s0128g00970<br>VIT_14s0128g00990<br>VIT_14s0128g00980<br>VIT_14s0128g01010<br>VIT_14s0128g01030<br>VIT_14s0128g01020<br>VIT_14s0128g01040,1825,0.8872,,,,,
29,VIT_05s0077g01690,1812,0.8728,Pathogenesis protein 10 [Vitis vinifera],,,,
30,VIT_05s0077g01550,1806,0.8704,Pathogenesis protein 10.3 [Vitis quinquangularis],,,,
31,VIT_14s0068g01250,1793,0.8679,Mitochondrial phosphate transporter,MPHOSPTR,,vv50123Porters_cat_18_to_29,
32,VIT_01s0011g05420,1792,0.8628,Fw2.2 ORFX,,,,
33,VIT_00s0226g00100,1773,0.8603,Regulator of chromosome condensation (RCC1),RCC1,,vv50112Nuclear_pore_complex,
34,VIT_05s0077g01530,1774,0.8578,Pathogenesis protein 10 [Vitis vinifera],,,,
35,VIT_11s0078g00290,1732,0.842,Cinnamate 4-hydroxylase,E1_14_13_11,,vv10360Phenylalanine_metabolism,vv10940Phenylpropanoid_biosynthesis
36,VIT_04s0044g00230,1735,0.8365,Monooxygenase (MO2),,,,
37,VIT_06s0004g01030,1730,0.8333,Dirigent protein,,,,
38,VIT_09s0002g05570,1710,0.8277,ABC transporter g family pleiotropic drug resistance 12 PDR12,ABCGPDR12,,vv52010ABC_transporters,
39,VIT_06s0004g01020,1711,0.8274,Dirigent protein,,,,
40,VIT_16s0050g00430,1714,0.8244,Photoassimilate-responsive protein PAR-1a,,,,
41,VIT_07s0129g01010,1674,0.8091,Unknown,,,,
42,VIT_09s0002g05610,1670,0.8052,Unknown,,,,
43,VIT_18s0001g00920<br>VIT_18s0075g00590<br>VIT_18s0001g00850<br>VIT_18s0075g00780<br>VIT_18s0001g00790<br>VIT_18s0001g00730<br>VIT_18s0001g00310<br>VIT_18s0075g00620<br>VIT_18s0075g00540<br>VIT_18s0075g00600<br>VIT_18s0075g00580<br>VIT_00s0481g00020<br>VIT_18s0001g00930,1658,0.8045,,,,,
44,VIT_07s0104g00220,1661,0.804,Phenazine biosynthesis PhzC/PhzF,K06998,,vv10400Phenylalanine_tyrosine_and_tryptophan_biosynthesis,
45,VIT_17s0000g06220,1654,0.8006,Exostosin,K02366,,vv11030Glycan_structures-biosynthesis1,
46,VIT_09s0054g00910,1642,0.7925,Chaperone BCS1 mitochondrial,K08900,,,
47,VIT_01s0146g00320,1629,0.7889,No hit,,,,
48,VIT_05s0077g01570,1627,0.7879,Pathogenesis protein 10 [Vitis vinifera],,,,
49,VIT_10s0003g04080,1618,0.7877,Unknown,,,,
50,VIT_09s0002g04720,1615,0.7855,Coatomer protein complex  subunit beta 2,COPB2,,vv50110Protein_coat,
51,VIT_13s0064g01110,1615,0.7844,No hit,,,,
52,VIT_02s0025g04310,1621,0.7808,Thaumatin,,,,
53,VIT_17s0000g05360,1617,0.7778,Germin,,,,
54,VIT_02s0109g00430,1590,0.7648,Nitrilase 4 (NIT4),K13035,,vv10910Nitrogen_metabolism,
55,VIT_16s0100g01110,1569,0.7617,Resveratrol synthase (RS1),E2_3_1_95,,vv10940Phenylpropanoid_biosynthesis,
56,VIT_00s0413g00010,1574,0.7604,Laccase (diphenol oxidase) family protein,E1_10_3_2,,vv11000Single_reactions,vv50109Incompletely_characterized_transport_systems
57,VIT_08s0007g05320,1565,0.7601,Essential for mitotic growth 1,K14568,,vv23008Ribosome_biogenesis_in_Eukaryotes,
58,VIT_16s0039g01240<br>VIT_16s0039g01360<br>VIT_16s0039g01130<br>VIT_16s0039g01100<br>VIT_00s2508g00010<br>VIT_16s0039g01120<br>VIT_16s0039g01320<br>VIT_00s2849g00010<br>VIT_16s0039g01300<br>VIT_16s0039g01170<br>VIT_16s0039g01280,1570,0.7555,,,,,
59,VIT_11s0016g03080,1555,0.7534,Clavata1 receptor kinase (CLV1),,,,
60,VIT_06s0009g03130,1565,0.7531,Cytochrome P450  family 79  subfamily A  polypeptide 2,K12153,,vv10966Glucosinolate_biosynthesis,
61,VIT_06s0004g01010,1554,0.7482,Dirigent protein pDIR9,,,,
62,VIT_09s0054g00580<br>VIT_09s0054g00570,1540,0.7447,,,,,
63,VIT_14s0108g00890,1536,0.7445,Beta-1 3-galactosyltransferase,K07819,,vv10602Glycosphingolipid_biosynthesis,
64,VIT_15s0048g01350,1524,0.7387,Gibberellin receptor GID1L3,GID1C,,vv30010Gibberellin_signaling,
65,VIT_18s0001g10180,1535,0.738,N-hydroxycinnamoyl/benzoyltransferase 3,,,,
66,VIT_18s0001g11120,1526,0.7376,Ternary complex factor MIP1,,,,
67,VIT_03s0088g00700,1517,0.7364,Pathogenesis related protein 1 precursor (pr1 gene),PRP1,,vv30011Jasmonate_signaling,vv34626Plant-pathogen_interaction
68,VIT_18s0117g00080,1525,0.7364,R protein L6,K13477,,vv34627R_proteins_from_Plant-pathogen_interaction,
69,VIT_09s0002g05360<br>VIT_09s0002g05400<br>VIT_09s0002g05490<br>VIT_09s0002g05590,1495,0.7264,,,,,
70,VIT_05s0102g00200,1487,0.7222,Unknown protein,,,,
71,VIT_04s0008g05540,1473,0.715,Clathrin assembly protein 2,CAP2,,vv50110Protein_coat,
72,VIT_12s0059g01720,1448,0.7005,No hit,,,,
73,VIT_00s0145g00110,1445,0.7001,Pirin,K06911,,,
74,VIT_10s0003g03800,1439,0.6985,Jasmonate ZIM domain-containing protein 8,JAZ8_1,,vv30011Jasmonate_signaling,vv60069ZIM
75,VIT_02s0025g02930,1438,0.6954,Caffeic acid O-3-methyltransferase,E2_1_1_68,,vv10940Phenylpropanoid_biosynthesis,
76,VIT_03s0088g00690,1432,0.6938,Pathogenesis-related protein 1 precursor (PRP 1),PRP1,,vv30011Jasmonate_signaling,vv34626Plant-pathogen_interaction
77,VIT_18s0001g01470,1424,0.6889,No hit,,,,
78,VIT_11s0065g00350,1420,0.684,Trans-cinnamate 4-monooxygenase,E1_14_13_11,,vv10360Phenylalanine_metabolism,vv10940Phenylpropanoid_biosynthesis
79,VIT_09s0002g05560,1397,0.6749,ABC transporter g family pleiotropic drug resistance 12 PDR12,ABCGPDR12,,vv52010ABC_transporters,
80,VIT_01s0011g00380,1385,0.674,SP1L1 (SPIRAL1-like1),,,,
81,VIT_18s0075g00810,1397,0.6729,Laccase,E1_10_3_2,,vv11000Single_reactions,vv50109Incompletely_characterized_transport_systems
82,VIT_07s0005g03340,1386,0.6728,Myb domain protein 14,MYB14_2,MYB14,vv60044MYB,
83,VIT_01s0137g00080,1386,0.6689,Aldehyde dehydrogenase (NAD+),E1_2_1_3,vv10561Glycerolipid_metabolism,vv10010Glycolysis,vv10071Fatty_acid_metabolism
84,VIT_03s0063g01820,1364,0.6605,AOS (allene oxide synthase),E4_2_1_92,,vv10592alpha-Linolenic_acid_metabolism,
85,VIT_17s0000g00640,1352,0.6531,No hit,,,,
86,VIT_03s0063g02650,1354,0.6506,Hydrolase  alpha/beta fold,,,,
87,VIT_07s0005g05780,1341,0.6478,Pantoate--beta-alanine ligase,E6_3_2_1,,vv10410Beta-alanine_metabolism,vv10770Pantothenate_and_CoA_biosynthesis
88,VIT_00s1212g00020,1336,0.647,Laccase,E1_10_3_2,,vv11000Single_reactions,vv50109Incompletely_characterized_transport_systems
89,VIT_16s0050g00410,1336,0.6467,Photoassimilate-responsive protein PAR-1a,,,,
90,VIT_13s0067g01730,1336,0.6457,Steroid 5alpha-reductase,K09591,,vv10905Brassinosteroid_biosynthesis,
91,VIT_00s0421g00020,1342,0.6455,Hcr2-5B,,,,
92,VIT_13s0067g01700,1322,0.6424,Steroid 5alpha-reductase,K09591,,vv10905Brassinosteroid_biosynthesis,
93,VIT_18s0117g00550,1313,0.6365,Laccase,E1_10_3_2,,vv11000Single_reactions,vv50109Incompletely_characterized_transport_systems
94,VIT_14s0068g01770,1315,0.635,WRKY DNA-binding protein 75,WRKY75_2,VvWRKY43,vv60066WRKY,
95,VIT_11s0016g02070,1306,0.634,Basic helix-loop-helix (bHLH) family,BHLHDOM_63,,vv60011BHLH,
96,VIT_18s0117g00290,1315,0.6328,Coatomer protein complex  subunit beta 2,COPB2,,vv50110Protein_coat,
97,VIT_18s0075g00830,1297,0.6236,Laccase,E1_10_3_2,,vv11000Single_reactions,vv50109Incompletely_characterized_transport_systems
98,VIT_15s0046g02170,1283,0.6198,3-methyl-2-oxobutanoate hydroxy-methyl-transferase,E2_1_2_11,,vv10770Pantothenate_and_CoA_biosynthesis,
99,VIT_18s0075g00530,1271,0.6155,Laccase,E1_10_3_2,,vv11000Single_reactions,vv50109Incompletely_characterized_transport_systems
100,VIT_13s0106g00780,1262,0.6085,Hydrolase  alpha/beta fold,,,,
101,VIT_01s0010g00540,1254,0.607,BIM2 (BES1-interacting Myc-like protein 2,BIM2_2,,vv30005Brassinosteroids_signaling,vv60011BHLH
102,VIT_09s0002g05390,1244,0.6039,ABC transporter g family pleiotropic drug resistance 12 PDR12,ABCGPDR12,,vv52010ABC_transporters,
103,VIT_14s0083g00920,1243,0.6034,No hit,,,,
104,VIT_15s0046g01640,1254,0.6017,Abl interactor protein 1 (ABIL1),,,,
105,VIT_17s0000g03130,1238,0.601,Unknown protein,,,,
106,VIT_19s0014g04080,1239,0.5997,Serine/threonine-protein kinase receptor ARK3,,,,
107,VIT_09s0096g00130,1237,0.597,Pirin,K06911,,,
108,VIT_17s0053g00750,1236,0.5968,Unknown protein,,,,
109,VIT_00s0301g00090,1223,0.5883,NDA2 (alternative NAD(P)H dehydrogenase 2),K03885,,vv10190Oxidative_phosphorylation,vv50134Primary_active_transporter_cat_D1
110,VIT_17s0000g03370,1200,0.5828,Calmodulin-binding protein,K02183,,vv34020Calcium_signaling_pathway,vv34626Plant-pathogen_interaction
111,VIT_11s0016g03190,1211,0.5805,Unknown,,,,
112,VIT_07s0141g00890,1203,0.5795,CYP94A1,,,,
113,VIT_05s0020g03290,1188,0.5773,S-receptor kinase,,,,
114,VIT_18s0117g00300,1195,0.5753,Coatomer protein complex  subunit beta 2,COPB2,,vv50110Protein_coat,
115,VIT_04s0043g00380,1181,0.5733,Unknown protein,,,,
116,VIT_17s0000g02220,1186,0.5705,No hit,,,,
117,VIT_16s0100g00050,1174,0.5702,Protein kinase,,,,
118,VIT_19s0085g00460,1168,0.5692,No hit,,,,
119,VIT_18s0001g05410,1168,0.5662,No hit,,,,
120,VIT_19s0135g00010,1166,0.5638,Ureide permease 2 (AtUPS2),UPS2,,vv50122Porters_cat_7_to_17,
121,VIT_05s0077g01560,1156,0.5568,Pathogenesis protein 10.3 [Vitis quinquangularis],,,,
122,VIT_13s0074g00800,1150,0.5548,CCHC-type integrase,,,,
123,VIT_18s0001g15130,1147,0.5536,WD40 repeat protein,,,,
124,VIT_07s0031g00460,1134,0.5497,Nicotinate phosphoribosyltransferase,E2_4_2_11,,vv10760Nicotinate_and_nicotinamide_metabolism,
125,VIT_18s0001g00420,1124,0.5443,Laccase,E1_10_3_2,,vv11000Single_reactions,vv50109Incompletely_characterized_transport_systems
126,VIT_09s0002g01550,1118,0.5409,Lecithine cholesterol acyltransferase,E2_3_1_43,,vv10564Glycerophospholipid_metabolism,
127,VIT_10s0042g00700,1102,0.5337,Leucine-rich repeat receptor-like protein kinase 1,,,,
128,VIT_08s0007g05330,1086,0.5244,EDA7 (embryo sac development arrest 7),,,,
129,VIT_13s0156g00590,1087,0.5241,S-receptor kinase,,,,
130,VIT_14s0036g01060,1080,0.5215,Unknown protein,,,,
131,VIT_06s0004g01990,1081,0.5205,No hit,,,,
132,VIT_07s0005g03220,1077,0.52,Ethylene-responsive transcription factor ERF098,ERF098_1,VvERF098,vv30008Ethylene_signaling,vv60003AP2_EREBP
133,VIT_14s0128g00540<br>VIT_14s0128g00570<br>VIT_14s0128g00600,1079,0.5185,,,,,
134,VIT_13s0064g01100,1065,0.5172,No hit,,,,
135,VIT_15s0021g01260,1076,0.5163,Unknown,,,,
136,VIT_17s0000g00650,1066,0.5162,No hit,,,,
137,VIT_07s0031g03060,1067,0.5152,NSL1 (necrotic spotted lesions 1),,,,
138,VIT_03s0063g01280<br>VIT_03s0063g01160,1067,0.5147,,,,,
139,VIT_11s0016g01970,1047,0.5107,Calmodulin-binding region IQD6,,,,
140,VIT_11s0016g02360,1054,0.5089,TET2 (tetraspanin2),,,,
141,VIT_09s0002g05370,1048,0.5055,ABC transporter g family pleiotropic drug resistance 12 PDR12,ABCGPDR12,,vv52010ABC_transporters,
142,VIT_11s0016g00570,1040,0.5019,Dimethylaniline monooxygenase (N-oxide forming) 2,E1_14_13_8,,vv11000Single_reactions,
143,VIT_04s0044g00220,1040,0.5017,Monooxygenase,,,,
144,VIT_02s0236g00120,1035,0.5007,Unknown,,,,
145,VIT_02s0012g00730,1024,0.5,Purine permease 10 PUP10,PUP10,,vv50122Porters_cat_7_to_17,
146,VIT_07s0005g02660,1030,0.4952,ABC transporter B member 13,ABCB13,,vv52010ABC_transporters,
147,VIT_17s0000g01650,1021,0.4923,Cyclopropyl isomerase,E5_5_1_9,,vv10100Biosynthesis_of_steroids,
148,VIT_00s0743g00020,1017,0.4904,S-locus lectin protein kinase,,,,
149,VIT_13s0074g00570,1011,0.487,Gamma-aminobutyric acid transporter,GAT1,,vv50123Porters_cat_18_to_29,
150,VIT_00s1463g00010,1005,0.4867,Protease Do-like 5,,,,
151,VIT_15s0021g00730,997,0.4819,No hit,,,,
152,VIT_00s0347g00070,997,0.4812,S-locus lectin protein kinase,,,,
153,VIT_16s0050g00400,986,0.4756,Photoassimilate-responsive protein PAR-1a,,,,
154,VIT_16s0039g00190,987,0.4752,Leucine-rich repeat transmembrane protein kinase,,,,
155,VIT_18s0001g04280,979,0.4748,(-)-germacrene D synthase,E4_2_3_22,,vv10900Terpenoid_biosynthesis,
156,VIT_06s0009g02570,979,0.4743,Pectinesterase family,E3_1_1_11,,vv40006Cell_wall,
157,VIT_16s0039g01110,980,0.473,Phenylalanin ammonia-lyase [Vitis vinifera],E4_3_1_5,,vv10350Tyrosine_metabolism,vv10360Phenylalanine_metabolism
158,VIT_00s0437g00060,977,0.4724,Receptor kinase RK20-1,,,,
159,VIT_18s0075g00610,975,0.4724,Laccase,E1_10_3_2,,vv11000Single_reactions,vv50109Incompletely_characterized_transport_systems
160,VIT_03s0088g00750,972,0.4723,Pathogenesis related protein 1 precursor [Vitis vinifera],PRP1,,vv30011Jasmonate_signaling,vv34626Plant-pathogen_interaction
161,VIT_02s0025g04280,973,0.4696,Osmotin,,,,
162,VIT_13s0019g03970,964,0.468,Ribosomal protein P0 (RPP0A) acidic 60S,K02941,,vv23010Ribosome,
163,VIT_14s0083g00900,963,0.4663,Aspartate aminotransferase,E2_6_1_1,vv10710Carbon_fixation,vv10252Alanine_and_aspartate_metabolism,vv10272Cysteine_metabolism
164,VIT_07s0031g01090,960,0.4618,Ascorbate oxidase,E1_10_3_3,,vv10053Ascorbate_and_aldarate_metabolism,vv50109Incompletely_characterized_transport_systems
165,VIT_04s0008g05350,950,0.46,Serine hydrolase [Vitis vinifera],E4_3_1_18,,vv10260Glycine_serine_and_threonine_metabolism,
166,VIT_05s0049g01200,952,0.459,S-locus lectin protein kinase,,,,
167,VIT_06s0009g02600<br>VIT_06s0009g02630,953,0.4573,,,,,
168,VIT_01s0026g02590,944,0.4545,Calcium-binding protein CML,K13448,,vv34626Plant-pathogen_interaction,
169,VIT_05s0094g00170,939,0.4521,Protein transport protein Sec61 subunit beta,K09481,,vv23060Protein_export,vv24141Protein_processing_in_endoplasmic_reticulum
170,VIT_09s0002g00340,926,0.4491,Alanine aminotransferase 2,E2_6_1_21,,vv10330Arginine_and_proline_metabolism,vv10360Phenylalanine_metabolism
171,VIT_10s0042g00590,919,0.4457,Leucine-rich repeat receptor-like protein kinase 1,,,,
172,VIT_03s0038g03810,916,0.4412,Serine/threonine Protein kinase BNK1,,,,
173,VIT_17s0000g10260,911,0.4409,AarF domain containing kinase,K08869,,,
174,VIT_05s0049g01010,909,0.4377,Myb domain protein 14,MYB14_4,MYB13,vv60044MYB,
175,VIT_01s0026g02640,904,0.4355,UbiE/COQ5 methyltransferase,K06127,,vv10130Ubiquinone_biosynthesis,
176,VIT_08s0058g00690,903,0.4339,WRKY DNA-binding protein 33,WRKY33_3,VvWRKY24,vv34626Plant-pathogen_interaction,vv60066WRKY
177,VIT_05s0077g01680,890,0.4306,Mal d 1 allergen,,,,
178,VIT_13s0067g02940,885,0.4282,Amidohydrolase 3,,,,
179,VIT_18s0075g00630,871,0.4206,Laccase,E1_10_3_2,,vv11000Single_reactions,vv50109Incompletely_characterized_transport_systems
180,VIT_03s0063g01910,857,0.4138,Integral membrane protein,,,,
181,VIT_04s0043g00250,852,0.4138,Nonsense-mediated mRNA decay NMD3,K07562,,vv23008Ribosome_biogenesis_in_Eukaryotes,vv23013RNA_transport
182,VIT_01s0011g04780,850,0.411,Unknown protein,,,,
183,VIT_16s0022g00610,847,0.408,Unknown protein,,,,
184,VIT_13s0019g04060,834,0.4013,MLO1,K08472,,,
185,VIT_17s0000g07780,828,0.4006,Calmodulin-binding protein,K02183,,vv34020Calcium_signaling_pathway,vv34626Plant-pathogen_interaction
186,VIT_04s0023g01170,820,0.3971,Unknown protein,,,,
187,VIT_04s0044g00270,812,0.3925,Monooxygenase (MO3),,,,
188,VIT_08s0040g03100,818,0.3918,Glutathione S-transferase GSTO1,E2_5_1_18_GSTO1,,vv10480Glutathione_metabolism,
189,VIT_06s0004g01670,804,0.3884,UDP-glucoronosyl and UDP-glucosyl transferase,,,,
190,VIT_07s0151g00260,800,0.388,Quinone-oxidoreductase  Chloroplast,K03956,,vv10190Oxidative_phosphorylation,vv50134Primary_active_transporter_cat_D1
191,VIT_10s0071g00170,802,0.3856,Phosphatidylinositol 3- and 4-kinase / ubiquitin,,,,
192,VIT_13s0074g00420,796,0.384,Unknown,,,,
193,VIT_17s0119g00070,795,0.3837,Unknown protein,,,,
194,VIT_15s0021g01630,790,0.3815,Ethylene responsive element binding factor 2,ERF2_1,,vv30008Ethylene_signaling,vv60003AP2_EREBP
195,VIT_18s0117g00600,787,0.3811,Laccase,E1_10_3_2,,vv11000Single_reactions,vv50109Incompletely_characterized_transport_systems
196,VIT_13s0084g00850<br>VIT_13s0084g00880,790,0.3785,,,,,
197,VIT_05s0077g01590,785,0.3776,Major allergen Mal d 1,,,,
198,VIT_02s0109g00390,783,0.3768,N-hydroxycinnamoyl/benzoyltransferase 5,,,,
199,VIT_18s0075g00960,780,0.3757,Laccase,E1_10_3_2,,vv11000Single_reactions,vv50109Incompletely_characterized_transport_systems
200,VIT_09s0054g00960,780,0.3755,No hit,,,,
201,VIT_15s0021g01130,765,0.3712,Rho GTPase; Rho GTP binding protein,E3_6_5_1,,,
202,VIT_18s0075g00670,766,0.3683,Laccase,E1_10_3_2,,vv11000Single_reactions,vv50109Incompletely_characterized_transport_systems
203,VIT_19s0014g05110,756,0.367,Unknown,,,,
204,VIT_10s0042g00880,749,0.3648,Stilbene synthase [Vitis pseudoreticulata],E2_3_1_95,,vv10940Phenylpropanoid_biosynthesis,
205,VIT_10s0116g01850,742,0.36,Unknown protein,,,,
206,VIT_18s0001g00840,740,0.3599,Syringolide-induced protein 14-1-1,,,,
207,VIT_02s0025g02920,743,0.3589,Quercetin 3-O-methyltransferase 1,E2_1_1_76,,vv10941Flavonoid_biosynthesis,
208,VIT_09s0002g05170,733,0.3543,Unknown protein,,,,
209,VIT_10s0003g04910,728,0.3517,Sinapyl alcohol dehydrogenase,E1_1_1_195,,vv10940Phenylpropanoid_biosynthesis,
210,VIT_00s0316g00060,724,0.3513,HcrVf1 protein,,,,
211,VIT_18s0086g00630,729,0.3503,Unknown,,,,
212,VIT_08s0007g00610,728,0.35,Unknown,,,,
213,VIT_14s0068g02240,722,0.3485,HcrVf1 protein,K13466,,vv34626Plant-pathogen_interaction,
214,VIT_02s0025g01560,720,0.3478,UDP-glucose 4-epimerase GEPI48,E5_1_3_2,,vv10052Galactose_metabolism,vv10520Nucleotide_sugars_metabolism
215,VIT_10s0405g00020,721,0.3475,Mo25,K08272,,vv34150mTOR_signaling_pathway,
216,VIT_19s0027g00860,714,0.3448,NAC domain-containing protein 42,NAC042_2,VvNAC31,vv60046NAC,
217,VIT_02s0025g02940,712,0.3435,Caffeic acid O-3-methyltransferase,E2_1_1_68,,vv10940Phenylpropanoid_biosynthesis,
218,VIT_01s0010g02450,707,0.3427,B12D,,,,
219,VIT_18s0075g00660,710,0.3418,Disease resistance protein (TIR-NBS-LRR class),,,,
220,VIT_10s0003g05430,699,0.3378,Reticuline oxidase precursor,E1_21_3_3,,vv10950Alkaloid_biosynthesis_I,
221,VIT_03s0088g00710,695,0.3375,Pathogenesis-related protein 1 precursor (PRP 1),PRP1,,vv30011Jasmonate_signaling,vv34626Plant-pathogen_interaction
222,VIT_06s0009g02560,693,0.3362,Pectinesterase family,E3_1_1_11,,vv40006Cell_wall,
223,VIT_12s0059g01120,685,0.3316,CAF protein,,,,
224,VIT_17s0000g06790,686,0.3314,flavin-containing monooxygenase,E1_14_13_8,,vv11000Single_reactions,
225,VIT_08s0007g03310,684,0.3308,Unknown,,,,
226,VIT_09s0002g02320,685,0.3303,Cell wall apoplastic invertase,E3_2_1_26,,vv10052Galactose_metabolism,vv10500Starch_and_sucrose_metabolism
227,VIT_05s0094g00260<br>VIT_05s0094g00220,681,0.3293,,,,,
228,VIT_04s0069g01010,673,0.325,Harpin-induced protein,,,,
229,VIT_07s0191g00030,668,0.3249,RAB GTPase RABA4A,K07976,,,
230,VIT_11s0016g01780,671,0.3248,HAB1 (homology toABI1),HAB1,,vv30001ABA_signaling,
231,VIT_14s0030g02010,677,0.3239,Auxin-induced protein PCNT115,AUXREG,,vv30003Auxin_signaling,
232,VIT_18s0076g00380,665,0.3231,ABC transporter F member 6,ABCF6,,vv52010ABC_transporters,
233,VIT_06s0004g05110,662,0.3195,Unknown,,,,
234,VIT_10s0116g00960,656,0.3188,Transcription factor jumonji (jmjC) domain-containing protein,JMJD1B_5,,vv60038Jumonji,
235,VIT_14s0060g02760,655,0.3161,Germin-like protein 3 [Vitis vinifera],,,,
236,VIT_12s0035g01000,649,0.311,Serine protease inhibitor  serine-type,,,,
237,VIT_01s0010g01950,641,0.3092,Anionic peroxidase,E1_11_1_7,,vv10360Phenylalanine_metabolism,vv10680Methane_metabolism
238,VIT_05s0020g03140,637,0.3064,Sugar transporter 13,STP13,,vv50121Porters_cat_1_to_6,
239,VIT_03s0063g01310,633,0.3049,Oxidoreductase  2OG-Fe(II) oxygenase family,,,,
240,VIT_18s0122g00690,630,0.3032,Laccase,E1_10_3_2,,vv11000Single_reactions,vv50109Incompletely_characterized_transport_systems
241,VIT_05s0077g01710,622,0.3015,U3 small nucleolar RNA-associated protein 5,K14546,,vv23008Ribosome_biogenesis_in_Eukaryotes,
242,VIT_00s0399g00020,620,0.3001,Protease inhibitor/seed storage/lipid transfer protein (LTP),,,,
243,VIT_12s0059g01380,613,0.2961,1-aminocyclopropane-1-carboxylate oxidase 1,E1_14_17_4,,vv10640Propanoate_metabolism,vv30008Ethylene_signaling
244,VIT_11s0016g05540,611,0.2952,Dicyanin,,,,
245,VIT_06s0004g02010,607,0.2938,No hit,,,,
246,VIT_03s0038g00090,603,0.2922,Epoxide hydrolase-like protein,E3_3_2_10,,,
247,VIT_13s0019g01470,608,0.2919,Geranylgeranyltransferase type I beta subunit,E2_5_1_59,,vv10100Biosynthesis_of_steroids,
248,VIT_00s0274g00080,604,0.2915,Benzoquinone reductase,E1_6_5_6,,vv10740Riboflavin_metabolism,
249,VIT_05s0020g03280,602,0.2914,Copper amine oxidase,E1_4_3_4,,vv10220Urea_cycle_and_metabolism_of_amino_groups,vv10340Histidine_metabolism
250,VIT_05s0049g01020,604,0.2912,Myb domain protein 14,MYB14_3,,vv60044MYB,
251,VIT_03s0091g00140,602,0.2908,Plant basic secretory protein (BSP) family,,,,
252,VIT_18s0117g00590,593,0.2852,Laccase,E1_10_3_2,,vv11000Single_reactions,vv50109Incompletely_characterized_transport_systems
253,VIT_00s2648g00010,588,0.2834,FAD-dependent pyridine nucleotide-disulphide oxidoreductase,,,,
254,VIT_01s0026g01140,583,0.2831,ZCW32 (BIGPETAL  BIGPETALUB),ZCW32_2,,vv60011BHLH,
255,VIT_06s0004g00020,586,0.2817,NAC domain containing protein 32,NAC032,VvNAC44,vv60046NAC,
256,VIT_00s0762g00010,579,0.28,S-locus lectin protein kinase family,,,,
257,VIT_15s0048g01530,574,0.278,Geraniol 10-hydroxylase,G10H,,vv10902Monoterpenoid_biosynthesis,
258,VIT_06s0009g02590,572,0.2773,Pectinesterase family,E3_1_1_11,,vv40006Cell_wall,
259,VIT_16s0050g00480,568,0.2769,CYP715A1,,,,
260,VIT_19s0085g01200,573,0.2765,CTP synthase,E6_3_4_2,,vv10240Pyrimidine_metabolism,
261,VIT_16s0148g00210,572,0.2765,Receptor kinase homolog LRK10,,,,
262,VIT_18s0041g02010<br>VIT_18s0041g02050,573,0.2764,,,,,
263,VIT_18s0117g00050,574,0.2753,R protein L6,K13477,,vv34627R_proteins_from_Plant-pathogen_interaction,
264,VIT_11s0016g05460,560,0.2701,BRI1-KD interacting protein,BRI1INT,,vv30005Brassinosteroids_signaling,
265,VIT_00s0194g00140,557,0.2686,Agenet domain-containing protein,,,,
266,VIT_07s0031g01120,552,0.2667,Ascorbate oxidase,E1_10_3_3,,vv10053Ascorbate_and_aldarate_metabolism,vv50109Incompletely_characterized_transport_systems
267,VIT_01s0011g02500,550,0.2663,No hit,,,,
268,VIT_02s0033g00700,549,0.2651,Nitrilase,E3_5_5_1,,vv10460Cyanoamino_acid_metabolism,vv10910Nitrogen_metabolism
269,VIT_14s0108g00540,543,0.2636,Phosphofructokinase,E2_7_1_90,,vv10051Fructose_and_mannose_metabolism,
270,VIT_06s0004g00610,544,0.2622,Accelerated cell death 1 ACD1,ACD1,,vv50133Primary_active_transporter_cat_A9_to_A18,
271,VIT_14s0083g01170,544,0.2618,Mitochondrial substrate carrier family protein,K03454,,vv50123Porters_cat_18_to_29,
272,VIT_14s0081g00640,539,0.2596,Aspartate aminotransferase,E2_6_1_1,vv10710Carbon_fixation,vv10252Alanine_and_aspartate_metabolism,vv10272Cysteine_metabolism
273,VIT_03s0017g01990,536,0.2594,UDP-glucose glucosyltransferase,E2_4_1_35,,vv10500Starch_and_sucrose_metabolism,
274,VIT_14s0128g00610<br>VIT_14s0128g00640,534,0.2592,,,,,
275,VIT_04s0044g00040,536,0.2584,Dirigent,,,,
276,VIT_00s0480g00030,530,0.2548,Polyphenol oxidase,E1_10_3_1,,vv10350Tyrosine_metabolism,vv50109Incompletely_characterized_transport_systems
277,VIT_00s0270g00120,524,0.2545,Alpha-amylase/subtilisin inhibitor,E3_2_1_1,,vv10500Starch_and_sucrose_metabolism,
278,VIT_08s0105g00200,524,0.2542,U-box domain-containing protein,,,,
279,VIT_05s0094g00160,523,0.2531,No hit,,,,
280,VIT_13s0156g00570,523,0.2523,S-receptor kinase,,,,
281,VIT_14s0171g00490,520,0.2511,Glucose-6-phosphate 1-dehydrogenase  cytoplasmic isoform,E1_1_1_49,,vv10030Pentose_phosphate,vv10480Glutathione_metabolism
282,VIT_14s0081g00190,518,0.2498,No hit,,,,
283,VIT_01s0011g02530,516,0.2496,Carboxylesterase,E3_1_1_1,,,
284,VIT_12s0028g00860,520,0.2495,NAC domain-containing protein 42,NAC042_5,VvNAC36,vv60046NAC,
285,VIT_04s0008g05440,516,0.2489,Ethylene-responsive transcription factor SHINE 3,SHINE3_1,VvERF044,vv30008Ethylene_signaling,vv60003AP2_EREBP
286,VIT_08s0007g04950,514,0.2462,Xyloglucan endotransglucosylase/hydrolase 32,E2_4_1_207,,vv40006Cell_wall,
287,VIT_15s0048g01080,503,0.2437,Unknown,,,,
288,VIT_19s0027g01370,501,0.2424,Glutathione transferase microsomal,E2_5_1_18,,vv10480Glutathione_metabolism,
289,VIT_18s0117g00070,500,0.2422,R protein L6,K13477,,vv34627R_proteins_from_Plant-pathogen_interaction,
290,VIT_02s0025g02770,500,0.2407,Glucan endo-1 3-beta-glucosidase 7 precursor,E3_2_1_39,,vv10500Starch_and_sucrose_metabolism,
291,VIT_08s0040g03010,497,0.2401,Pigment defective 149,PDE149,,vv50109Incompletely_characterized_transport_systems,
292,VIT_01s0026g00820,497,0.2399,IAA-amino acid hydrolase 1 (ILR1),K01463,,vv11002Auxin_biosynthesis,
293,VIT_08s0007g05350,496,0.2395,Haloacid dehalogenase hydrolase,E3_1_3_18,,vv10630Glyoxylate_and_dicarboxylate_metabolism,
294,VIT_06s0004g07250,493,0.2391,UDP-glucoronosyl and UDP-glucosyl transferase,,,,
295,VIT_18s0001g00080,495,0.2384,Laccase,E1_10_3_2,,vv11000Single_reactions,vv50109Incompletely_characterized_transport_systems
296,VIT_08s0007g00620,492,0.2369,Zinc finger (DHHC type),ZFDHHC_8,,vv60079Other_zf-DHHC,
297,VIT_16s0050g02060,491,0.2365,Receptor kinase homolog LRK10,,,,
298,VIT_16s0148g00290<br>VIT_16s0148g00360<br>VIT_16s0148g00100<br>VIT_00s0258g00140,489,0.2342,,,,,
299,VIT_07s0104g01160,478,0.2298,Substrate carrier   Mitochondrial,K03454,,vv50123Porters_cat_18_to_29,
300,VIT_03s0091g00150,468,0.2265,NtPRp27 secretory protein,,,,
301,VIT_02s0025g03690,465,0.2256,RNA-binding protein NOB1,K11883,,vv23008Ribosome_biogenesis_in_Eukaryotes,
302,VIT_01s0011g00480,468,0.2255,Aspartate/glutamate/uridylate kinase,E2_7_2_11,,vv10220Urea_cycle_and_metabolism_of_amino_groups,
303,VIT_18s0001g04640,462,0.223,No hit,,,,
304,VIT_04s0023g00360,458,0.2201,Unknown protein,,,,
305,VIT_18s0001g01960,450,0.219,RKF3 (receptor-like kinase IN in flowers 3),,,,
306,VIT_05s0049g01980,446,0.2161,3-isopropylmalate dehydratase large subunit 2,E4_2_1_33,,vv10290Valine_leucine_and_isoleucine_biosynthesis,
307,VIT_06s0004g08180,442,0.2138,Translation initiation factor eIF-2 beta subunit,K03238,,vv23013RNA_transport,
308,VIT_00s0347g00120,439,0.2125,S-locus lectin protein kinase,,,,
309,VIT_17s0000g02600,440,0.2119,Unknown protein,,,,
310,VIT_14s0060g00460,432,0.2096,Receptor-like protein kinase,,,,
311,VIT_12s0035g01150,432,0.2083,RAB GTPase FP8,K07976,,,
312,VIT_10s0116g01450,428,0.208,Unknown,,,,
313,VIT_02s0025g04290,428,0.2079,Thaumatin,,,,
314,VIT_09s0054g01080,428,0.2078,Polygalacturonase QRT3,E3_2_1_15,,vv40006Cell_wall,
315,VIT_09s0002g02970,428,0.2066,Unknown,,,,
316,VIT_12s0059g00230,424,0.2058,Epoxide hydrolase 2,E3_3_2_10,,,
317,VIT_08s0040g02090,427,0.2057,DnaJ homolog  subfamily C  member 3,K09523,,vv50132Primary_active_transporter_cat_A5_to_A8,
318,VIT_12s0055g01240,424,0.205,P-glycoprotein 11,PGP11,,vv52010ABC_transporters,
319,VIT_14s0066g01150,420,0.2026,Cinnamoyl-CoA reductase,E1_2_1_44,,vv10940Phenylpropanoid_biosynthesis,
320,VIT_05s0020g03220,415,0.2024,S-receptor kinase,,,,
321,VIT_15s0048g00510,420,0.2023,Pectinesterase family,E3_1_1_11,,vv40006Cell_wall,
322,VIT_02s0033g00660<br>VIT_02s0033g00850<br>VIT_02s0033g00870<br>VIT_02s0033g00800,418,0.2019,,,,,
323,VIT_03s0088g00720,412,0.1993,Pathogenesis-related protein 1 precursor (PRP 1),PRP1,,vv30011Jasmonate_signaling,vv34626Plant-pathogen_interaction
324,VIT_19s0015g02610,412,0.1991,Glutathione S-transferase 25 GSTU25,E2_5_1_18_GSTU25,,vv10480Glutathione_metabolism,
325,VIT_17s0000g09200,409,0.1974,Unknown protein,,,,
326,VIT_17s0000g03560,406,0.1961,(myb domain protein 62,MYB62_1,MYB164,vv60044MYB,
327,VIT_06s0004g01000,405,0.1957,Dirigent protein,,,,
328,VIT_12s0035g01510<br>VIT_00s0174g00240,403,0.1954,,,,,
329,VIT_00s0294g00080,401,0.1947,Receptor kinase homolog LRK10,,,,
330,VIT_18s0001g10240,399,0.1941,N-hydroxycinnamoyl/benzoyltransferase 6,,,,
331,VIT_19s0014g00830,395,0.1915,RKF1 (receptor-like kinase in flowers 1),,,,
332,VIT_01s0010g03600,395,0.1913,Rubber elongation factor (REF),,,,
333,VIT_05s0020g05040,382,0.1862,Proteinase inhibitor 1 PPI3B2,,,,
334,VIT_14s0030g01970,384,0.185,Auxin-induced protein PCNT115,AUXREG,,vv30003Auxin_signaling,
335,VIT_14s0036g00990,381,0.1846,Polyubiquitin (UBQ4),,,,
336,VIT_00s0283g00080,378,0.1828,MtN19-like protein,,,,
337,VIT_00s0261g00020,377,0.1822,Unknown protein,,,,
338,VIT_15s0021g02470,375,0.1811,Epoxide hydrolase-like protein,E3_3_2_10,,,
339,VIT_12s0035g01520,375,0.1804,Disease resistance protein RPS2,,,,
340,VIT_07s0005g04040,368,0.1782,Leucine Rich Repeat receptor-like kinase,,,,
341,VIT_01s0137g00090,364,0.175,Aldehyde dehydrogenase (NAD+),E1_2_1_3,vv10561Glycerolipid_metabolism,vv10010Glycolysis,vv10071Fatty_acid_metabolism
342,VIT_03s0017g00650,362,0.1738,GTP cyclohydrolase II,E3_5_4_25,,vv10740Riboflavin_metabolism,
343,VIT_08s0007g04700,347,0.1686,Phosphatidylinositol-4-phosphate 5-kinase,E2_7_1_68,,vv10562Inositol_phosphate_metabolism,vv34070Phosphatidylinositol_signaling_system
344,VIT_09s0002g07950,349,0.1682,No hit,,,,
345,VIT_01s0011g06150,346,0.1677,Receptor protein kinase,,,,
346,VIT_18s0001g04490,343,0.1657,Germacrene-D synthase,E4_2_3_22,,vv10900Terpenoid_biosynthesis,
347,VIT_14s0006g00340,342,0.1655,No hit,,,,
348,VIT_07s0104g00850,339,0.1644,Pto kinase interactor,,,,
349,VIT_01s0010g01970<br>VIT_01s0010g01980,338,0.1631,,,,,
350,VIT_07s0005g02190,334,0.1617,Zinc finger (C2H2 type) family,C2H2FAM_36,,vv60017C2H2,
351,VIT_10s0003g01940,337,0.1612,RKF1 (receptor-like kinase in flowers 1),,,,
352,VIT_02s0025g04100,334,0.1608,CCR4-NOT transcription complex subunit 2,K12605,,vv23018RNA_degradation,
353,VIT_06s0061g01210,331,0.1583,Lysine histidine transporter 1,LHT1,,vv50123Porters_cat_18_to_29,
354,VIT_14s0068g02150,327,0.157,Kelch repeat-containing F-box family protein,,,,
355,VIT_01s0011g03850,319,0.1539,Unknown protein,,,,
356,VIT_18s0041g02020,317,0.1535,12-oxophytodienoate reductase 2,E1_3_1_42,,vv10592alpha-Linolenic_acid_metabolism,
357,VIT_01s0011g05480,313,0.1517,Dynein light subunit lc6  flagellar outer arm,K10418,,vv44810Regulation_of_actin_cytoskeleton,
358,VIT_12s0028g03220,317,0.1515,STT3B (staurosporin and temperature sensitive 3-like B),K07151,,vv10510N-Glycan_biosynthesis,vv24141Protein_processing_in_endoplasmic_reticulum
359,VIT_11s0016g04940,314,0.151,Zinc finger (CCCH-type) family protein,CCCHFAM_12,,vv60018C3H,
360,VIT_19s0014g04280,313,0.1509,S-locus protein kinase,,,,
361,VIT_19s0014g04470,313,0.1508,S-locus protein kinase,,,,
362,VIT_05s0062g00920,309,0.1483,No hit,,,,
363,VIT_00s0347g00050,304,0.1473,Ser/Thr receptor-like kinase1,,,,
364,VIT_09s0002g02580,303,0.1468,No hit,,,,
365,VIT_00s0480g00040,303,0.1464,Polyphenol oxidase II  chloroplast precursor,E1_10_3_1,,vv10350Tyrosine_metabolism,vv50109Incompletely_characterized_transport_systems
366,VIT_18s0001g04870,302,0.1455,(-)-germacrene D synthase,E4_2_3_22,,vv10900Terpenoid_biosynthesis,
367,VIT_07s0005g04890,298,0.1445,Glutathione S-transferase 25 GSTU7,E2_5_1_18_GSTU7,,vv10480Glutathione_metabolism,
368,VIT_16s0050g02530,297,0.1438,Myb Triptychon,TRIPTYCHON_1,,vv44110Cell_cycle,vv60045MYBrelated
369,VIT_07s0005g02050,298,0.1437,Carboxylic ester hydrolase,E3_1_1_1,,,
370,VIT_02s0033g01380,295,0.1433,Alternative oxidase 1D,AOX1D,,vv30001ABA_signaling,
371,VIT_05s0020g03680,292,0.1409,GCN5 N-acetyltransferase (GNAT),GCN5_7,,vv60082GNAT,
372,VIT_13s0067g00110,289,0.14,CYP72A1,K13400,,vv10902Monoterpenoid_biosynthesis,
373,VIT_17s0000g04360,288,0.1395,Wall-associated kinase 2 (WAK2),,,,
374,VIT_05s0077g01150,287,0.1386,Beta-1 3-glucanase,E3_2_1_6,,,
375,VIT_14s0068g02210,285,0.1386,HcrVf1 protein,,,,
376,VIT_08s0007g04310,284,0.1381,Threonine dehydratase/deaminase,E4_3_1_19,,vv10260Glycine_serine_and_threonine_metabolism,vv10290Valine_leucine_and_isoleucine_biosynthesis
377,VIT_04s0069g00470,286,0.138,No hit,,,,
378,VIT_06s0004g02590,283,0.1359,Carbonic anhydrase,E4_2_1_1,,vv10910Nitrogen_metabolism,vv50124Porters_cat_30_to_64
379,VIT_15s0048g00360,282,0.1356,5-enolpyruvylshikimate 3-phosphate synthase,E2_5_1_19,,vv10400Phenylalanine_tyrosine_and_tryptophan_biosynthesis,
380,VIT_18s0075g00950,275,0.133,Laccase,E1_10_3_2,,vv11000Single_reactions,vv50109Incompletely_characterized_transport_systems
381,VIT_05s0077g01130,272,0.1311,Seed maturation protein PM36,,,,
382,VIT_16s0050g01090,273,0.1311,Beta-carotene hydroxylase,K02294,,vv10906Carotenoid_biosynthesis,
383,VIT_18s0001g08760,269,0.1304,No hit,,,,
384,VIT_18s0117g00040,268,0.1295,No hit,,,,
385,VIT_01s0010g03930,265,0.1278,WRKY DNA-binding protein 75,WRKY75_1,VvWRKY03,vv60066WRKY,
386,VIT_05s0077g01350,260,0.1267,Mov34 STAM-binding protein,K11866,,vv50111Tethering_factors,
387,VIT_05s0094g00610,262,0.1267,Pirin,,,,
388,VIT_14s0108g00150,261,0.126,Calmodulin-binding region IQD28,IQD28,,,
389,VIT_08s0040g01710,261,0.1257,Phenylalanine ammonia-lyase,E4_3_1_5,,vv10350Tyrosine_metabolism,vv10360Phenylalanine_metabolism
390,VIT_19s0085g00020,259,0.125,Nucleolar complex protein 3 homolog (Protein NOC3 homolog),,,,
391,VIT_18s0001g05060,256,0.1238,2 3-bisphosphoglycerate-dependent phosphoglycerate mutase,E5_4_2_1,,vv10010Glycolysis,
392,VIT_04s0008g00110,252,0.1222,Jasmonate ZIM domain-containing protein 8,JAZ8_3,,vv30011Jasmonate_signaling,vv60069ZIM
393,VIT_14s0128g00940,251,0.1212,No hit,,,,
394,VIT_19s0014g01110,250,0.1207,Curculin (mannose-binding) lectin,,,,
395,VIT_18s0001g04410,249,0.1203,No hit,,,,
396,VIT_12s0057g00420,248,0.1197,Auxin-responsive protein AIR12,AIR12,,vv30003Auxin_signaling,
397,VIT_00s0254g00040,247,0.1196,Heat shock cognate 70 kDa protein 3 (HSC70-3) (HSP70-3),HSC703,,vv23040Spliceosome,vv24141Protein_processing_in_endoplasmic_reticulum
398,VIT_01s0010g01160,242,0.1174,Zinc finger (DHHC type),ZFDHHC_4,,vv60079Other_zf-DHHC,
399,VIT_14s0108g00350,243,0.1171,3-dehydroquinate synthase,E4_2_3_4,,vv10400Phenylalanine_tyrosine_and_tryptophan_biosynthesis,
400,VIT_18s0117g00450<br>VIT_18s0117g00480,241,0.1168,,,,,
401,VIT_00s0586g00020,241,0.1166,Unknown protein,,,,
402,VIT_12s0059g01660,238,0.1149,3-oxoacyl-[acyl-carrier-protein] synthase II,E2_3_1_179,,vv10061Fatty_acid_biosynthesis,
403,VIT_18s0001g15150,235,0.1141,Unknown protein,,,,
404,VIT_09s0002g02950,234,0.1136,No hit,,,,
405,VIT_18s0001g12090,231,0.112,Unknown protein,,,,
406,VIT_17s0000g06880,230,0.1112,Heparanase protein 2 precursor,E3_2_1_31,,vv10040Pentose_glucuronate_interconversion,vv10500Starch_and_sucrose_metabolism
407,VIT_12s0028g02110,231,0.1112,Unknown protein,,,,
408,VIT_16s0050g02570,230,0.1107,Protein phosphatase 2C,E3_1_3_16,,,
409,VIT_18s0001g00690,227,0.1098,Glutathione S-transferase 8 GSTF8,E2_5_1_18_GSTF8,,vv10480Glutathione_metabolism,
410,VIT_19s0027g00880,223,0.1077,NAC domain-containing protein 42,NAC042_7,VvNAC29,vv60046NAC,
411,VIT_17s0053g00460,224,0.1073,Pinoresinol-lariciresinol reductase,PLR,,vv10940Phenylpropanoid_biosynthesis,
412,VIT_14s0068g01000,215,0.1041,Unknown protein,,,,
413,VIT_11s0016g05530,215,0.104,Plastocyanin domain-containing protein,K02638,,vv10195Photosynthesis,vv50113Thylakoid_targeting_pathway
414,VIT_11s0016g02830,212,0.1025,Gamma-glutamyltranspeptidase,E2_3_2_2,,vv10272Cysteine_metabolism,vv10450Selenoamino_acid_metabolism
415,VIT_03s0088g00410,210,0.1014,Pyruvate kinase isozyme A  chloroplast precursor,E2_7_1_40,,vv10010Glycolysis,vv10230Purine_metabolism
416,VIT_14s0006g00430,210,0.1011,Carboxylesterase,E3_1_1_1,,,
417,VIT_18s0001g15710,203,0.0985,Electron carrier/ oxidoreductase,,,,
418,VIT_12s0028g02530,203,0.0984,Zinc finger (C3HC4-type ring finger),ZFC3HC4_36,,vv60078Other_zf-C3HC4,
419,VIT_18s0001g00400,203,0.0981,Laccase,E1_10_3_2,,vv11000Single_reactions,vv50109Incompletely_characterized_transport_systems
420,VIT_01s0011g05890,203,0.0978,S-adenosyl-L-methionine:salicylic acid carboxyl methyltransferase,SAMTBSCMT,,vv10360Phenylalanine_metabolism,
421,VIT_01s0010g02010,201,0.0971,Anionic peroxidase,E1_11_1_7,,vv10360Phenylalanine_metabolism,vv10680Methane_metabolism
422,VIT_11s0016g00560,201,0.097,Peroxiredoxin bcp,E1_11_1_15,,,
423,VIT_04s0008g06870,200,0.0966,Cytochrome b5 domain-containing protein,,,,
424,VIT_06s0009g00970,200,0.0963,Thylakoid lumenal P17.1 protein,,,,
425,VIT_06s0004g01580,197,0.0957,Lipoxygenase,E1_13_11_12,,vv10592alpha-Linolenic_acid_metabolism,
426,VIT_14s0030g00470,197,0.0955,Stress regulated protein isoform 3,,,,
427,VIT_03s0017g02110,194,0.095,Anthocyanidin 3-O-glucosyltransferase,E2_4_1_115,,vv10942Anthocyanin_biosynthesis,
428,VIT_13s0019g01010,196,0.0948,ABA2 (ABA deficient 2),E1_1_1_288,,vv10906Carotenoid_biosynthesis,vv11013ABA_biosynthesis
429,VIT_06s0004g00230,192,0.0927,WRKY DNA-binding protein 48,WRKY48_2,VvWRKY15,vv60066WRKY,
430,VIT_02s0025g00540,191,0.0924,Unknown,,,,
431,VIT_02s0025g04270<br>VIT_02s0025g04260<br>VIT_02s0025g04230,190,0.0916,,,,,
432,VIT_03s0097g00460,183,0.089,Geraniol 10-hydroxylase,G10H,,vv10902Monoterpenoid_biosynthesis,
433,VIT_04s0023g01080,172,0.0839,Lys Motif-Type Receptor-Like Kinase LYK4,,,,
434,VIT_19s0090g00060,167,0.0806,Biopterin transport-related protein BT1,BIOPTERIN,,vv50125Porters_cat_66_to_94,
435,VIT_08s0007g05830,167,0.0806,No hit,,,,
436,VIT_09s0002g05470,166,0.0805,ABC transporter g family pleiotropic drug resistance 12 PDR12,ABCGPDR12,,vv52010ABC_transporters,
437,VIT_05s0029g00320,166,0.0804,Unknown,,,,
438,VIT_06s0009g00760,167,0.0803,HcrVf1 protein,,,,
439,VIT_00s0616g00020,165,0.0793,Ribosomal protein L19,K02884,,vv23010Ribosome,
440,VIT_14s0171g00390,163,0.0789,DNA-binding storekeeper protein,STOREKEEPER_1,,vv60030GeBP,
441,VIT_05s0020g03380,162,0.0786,WNK1 (with no lysine (K) 1),WNK1,,vv34710Circadian_rhythm,
442,VIT_14s0006g00910,161,0.0783,ATA15 protein,,,,
443,VIT_08s0007g08750,163,0.078,Heat shock transcription factor B3,HSFB3,,vv60037HSF,
444,VIT_00s0437g00070,162,0.0778,Receptor kinase RK20-1,,,,
445,VIT_18s0122g00540,161,0.0771,No hit,,,,
446,VIT_19s0015g00300,159,0.0771,KCO1 (two pore K channel),K05389_KCO1,,vv50101Channels_and_pores,
447,VIT_00s2776g00010,155,0.0752,S-locus lectin protein kinase,,,,
448,VIT_08s0040g03040,156,0.0751,Glutathione S-transferase GSTO1,E2_5_1_18_GSTO1,,vv10480Glutathione_metabolism,
449,VIT_05s0020g01140,154,0.0746,Ribosomal protein L18,K02881,,vv23010Ribosome,
450,VIT_11s0118g00080,154,0.0744,Disease resistance protein,,,,
451,VIT_05s0020g03410,153,0.0737,Aspartate aminotransferase,E2_6_1_1,vv10710Carbon_fixation,vv10252Alanine_and_aspartate_metabolism,vv10272Cysteine_metabolism
452,VIT_05s0020g03090,151,0.0734,Chloride channel protein (CLC-d),K05393_CLCD,,vv50124Porters_cat_30_to_64,
453,VIT_02s0012g01800,142,0.0684,Shikimate kinase,E2_7_1_71,,vv10400Phenylalanine_tyrosine_and_tryptophan_biosynthesis,
454,VIT_14s0083g00080,139,0.067,Unknown protein,,,,
455,VIT_10s0003g05450,134,0.0645,Reticuline oxidase precursor,E1_21_3_3,,vv10950Alkaloid_biosynthesis_I,
456,VIT_17s0000g06680,134,0.0645,Unknown protein,,,,
457,VIT_14s0006g02290,132,0.0642,DREB sub A-4 of ERF/AP2 transcription factor,TINY_2,VvERF028,vv30008Ethylene_signaling,vv60003AP2_EREBP
458,VIT_19s0015g01510,133,0.0639,2-hydroxyacyl-CoA lyase 1,K12261,,vv44146Peroxisome,
459,VIT_17s0000g08200,132,0.0637,Phosphoglycerate/bisphosphoglycerate mutase,E5_4_2_1,,vv10010Glycolysis,
460,VIT_17s0000g03150,130,0.0627,No hit,,,,
461,VIT_16s0098g01830,130,0.0626,Transcription factor jumonji (jmjC) domain-containing protein,JMJD1B_3,,vv60038Jumonji,
462,VIT_12s0057g01100,129,0.0623,Nudix hydrolase 2,,,,
463,VIT_11s0118g00040,128,0.0619,Receptor Like Protein 9,,,,
464,VIT_19s0014g01150,124,0.0601,Curculin (mannose-binding) lectin,,,,
465,VIT_08s0007g02360,123,0.059,Harpin inducing protein 1-like 9,,,,
466,VIT_18s0001g01100,121,0.0585,KOW domain-containing factor family protein,KOWDOM,,,
467,VIT_04s0023g02850,120,0.0581,NC domain-containing protein,,,,
468,VIT_09s0002g06060,119,0.0576,U3 small nucleolar RNA-associated protein 5,K14546,,vv23008Ribosome_biogenesis_in_Eukaryotes,
469,VIT_03s0097g00370,117,0.0569,No hit,,,,
470,VIT_19s0015g00840,117,0.0569,Proliferating cell nuclear protein P120,,,,
471,VIT_07s0141g00420,117,0.0566,Poly(A)-specific ribonuclease,K01148,,vv23018RNA_degradation,
472,VIT_00s0521g00040<br>VIT_00s0687g00030,116,0.0565,,,,,
473,VIT_17s0000g07670,117,0.0563,Betaine-aldehyde dehydrogenase,E1_2_1_8,,vv10260Glycine_serine_and_threonine_metabolism,vv50101Channels_and_pores
474,VIT_05s0094g01670,117,0.0561,PP1/PP2A phosphatases pleiotropic regulator PRL1,K12862,,vv23040Spliceosome,vv50109Incompletely_characterized_transport_systems
475,VIT_01s0010g03860,115,0.0558,Unknown,,,,
476,VIT_09s0002g06940,114,0.0554,ABC transporter g family pleiotropic drug resistance 12 PDR12,ABCGPDR12,,vv52010ABC_transporters,
477,VIT_05s0020g02080,112,0.0539,Zinc finger (C3HC4-type ring finger),ZFC3HC4_164,,vv60078Other_zf-C3HC4,
478,VIT_19s0090g00220,110,0.053,CRS2-associated factor 2  mitochondrial precursor,,,,
479,VIT_11s0037g01300,109,0.0529,No hit,,,,
480,VIT_14s0083g00260,109,0.0526,No hit,,,,
481,VIT_18s0001g10100,108,0.0523,Ubiquitin-conjugating enzyme E2 I,K10577,,vv23013RNA_transport,vv24120Ubiquitin_mediated_proteolysis
482,VIT_13s0019g03210,107,0.0517,Lectin-like protein,,,,
483,VIT_02s0033g00790,106,0.0511,Nitrilase 4B,E3_5_5_1,,vv10460Cyanoamino_acid_metabolism,vv10910Nitrogen_metabolism
484,VIT_09s0002g09000,104,0.0505,No hit,,,,
485,VIT_12s0028g00610,104,0.0504,Aspartyl protease,E3_4_23_x,,,
486,VIT_12s0059g02080,103,0.0498,No hit,,,,
487,VIT_18s0157g00140,100,0.0483,Alliin lyase,E4_4_1_4,,vv10272Cysteine_metabolism,
488,VIT_12s0055g00920,99,0.0479,Aspartate aminotransferase,E2_6_1_1,vv10710Carbon_fixation,vv10252Alanine_and_aspartate_metabolism,vv10272Cysteine_metabolism
489,VIT_13s0019g04440,98,0.0477,Zinc finger (C3HC4-type ring finger),ZFC3HC4_163,,vv60078Other_zf-C3HC4,
490,VIT_05s0020g03690<br>VIT_05s0020g03710,98,0.0476,,,,,
491,VIT_17s0000g08210,98,0.0473,Zinc finger (C3HC4-type ring finger),ZFC3HC4_103,,vv60078Other_zf-C3HC4,
492,VIT_00s0391g00040,98,0.0472,F-box family protein,,,,
493,VIT_01s0011g05440,97,0.047,Unknown protein,,,,
494,VIT_00s0207g00110,96,0.0465,Antigen receptor,,,,
495,VIT_10s0116g01480,96,0.0464,2-oxoglutarate dehydrogenase E2 subunit,E1_2_4_2,,vv10020Citrate_cycle,vv10380Tryptophan_metabolism
496,VIT_09s0002g05810,96,0.0461,Boron transporter-like protein 4,BOR4,,vv50124Porters_cat_30_to_64,
497,VIT_04s0044g01200,95,0.0461,Auxin-independent growth promoter,,,,
498,VIT_10s0116g00070,94,0.0454,Unknown,,,,
499,VIT_11s0037g01380,91,0.0439,No hit,,,,
500,VIT_02s0154g00160,90,0.0434,flavin-containing monooxygenase family protein / FMO family protein,E1_14_13_8,,vv11000Single_reactions,
501,VIT_12s0121g00300,89,0.0432,Brassinosteroid insensitive 1-associated receptor kinase 1,BAK1,,vv30005Brassinosteroids_signaling,vv34626Plant-pathogen_interaction
502,VIT_19s0014g02390,89,0.0429,No hit,,,,
503,VIT_12s0035g02210,87,0.0418,Unknown protein,,,,
504,VIT_17s0000g05370,86,0.0416,MYC ZCW32 (bigpetal  bigpetalub),ZCW32_1,,vv60011BHLH,
505,VIT_07s0151g01070,85,0.0414,Copalyl diphosphate synthase,E5_5_1_12,,vv10904Diterpenoid_biosynthesis,
506,VIT_17s0000g04850,85,0.0413,OBF binding protein 4,OBP4,,vv60015C2C2-DOF,
507,VIT_05s0062g01190,84,0.0405,Pirin,,,,
508,VIT_14s0060g02710,81,0.0392,Germin,,,,
509,VIT_06s0004g07240,78,0.0377,UDP-glucoronosyl and UDP-glucosyl transferase,,,,
510,VIT_01s0011g03000,77,0.0373,No hit,,,,
511,VIT_03s0063g01330,77,0.0372,Nodulin 1A  senescence-associated,,,,
512,VIT_16s0100g00900,76,0.0368,Stilbene synthase [Vitis pseudoreticulata],E2_3_1_95,,vv10940Phenylpropanoid_biosynthesis,
513,VIT_05s0051g00140,76,0.0365,RRS1 (resistant to ralstonia solanacearum 1),RRS1,,vv34627R_proteins_from_Plant-pathogen_interaction,
514,VIT_14s0030g02150,75,0.0362,Calmodulin,K02183,,vv34020Calcium_signaling_pathway,vv34626Plant-pathogen_interaction
515,VIT_16s0050g02510,75,0.0361,WRKY DNA-binding protein 53,WRKY53_1,VvWRKY51,vv60066WRKY,
516,VIT_06s0061g00100,73,0.0353,Glucan endo-1 3-beta-glucosidase  acidic isoform precursor,E3_2_1_39,,vv10500Starch_and_sucrose_metabolism,
517,VIT_00s0194g00120,72,0.0347,Serine acetyltransferase,E2_3_1_30,,vv10272Cysteine_metabolism,vv10920Sulfur_metabolism
518,VIT_12s0028g02970,71,0.0346,MLO1,K08472,,,
519,VIT_04s0079g00420,71,0.0343,Alpha-expansin 13 precursor,EXPA13,,vv30003Auxin_signaling,
520,VIT_05s0062g00790,71,0.0343,NSL1 (necrotic spotted lesions 1),,,,
521,VIT_03s0091g00130,70,0.034,Prp27,,,,
522,VIT_03s0017g02130,67,0.0326,Zinc finger (C2H2 type) family,C2H2FAM_19,,vv60017C2H2,
523,VIT_09s0002g03640,67,0.0325,ABC transporter g family pleiotropic drug resistance 7 PDR7,ABCGPDR7,,vv52010ABC_transporters,
524,VIT_14s0006g03030,67,0.0324,Glyceraldehyde-3-phosphate dehydrogenase GAPC1 cytosolic,E1_2_1_12,,vv10010Glycolysis,
525,VIT_16s0148g00010,66,0.0318,Receptor kinase homolog LRK10,,,,
526,VIT_11s0016g00030,64,0.0308,Digalactosyldiacylglycerol synthase 2  chloroplastic,E2_4_1_184,,vv10561Glycerolipid_metabolism,
527,VIT_02s0033g00770,63,0.0305,Nitrilase 4B,E3_5_5_1,,vv10460Cyanoamino_acid_metabolism,vv10910Nitrogen_metabolism
528,VIT_18s0001g01210,63,0.0305,Senescence-inducible chloroplast stay-green protein 2,,,,
529,VIT_05s0094g00320,61,0.0295,Chitinase  class IV [Vitis vinifera],E3_2_1_14,,vv10530Aminosugars_metabolism,
530,VIT_05s0077g01580,61,0.0295,Pathogenesis protein 10 [Vitis vinifera],,,,
531,VIT_18s0166g00320,61,0.0293,ABC transporter F member 6,ABCF6,,vv52010ABC_transporters,
532,VIT_00s0349g00020,59,0.0286,Unknown protein,,,,
533,VIT_05s0094g00200,59,0.0286,Chitinase class IV,E3_2_1_14,,vv10530Aminosugars_metabolism,
534,VIT_17s0000g04370,58,0.0281,Wall-associated kinase,,,,
535,VIT_14s0128g00390,58,0.0281,Mitochondrial FAD carrier,MFADC,,vv50123Porters_cat_18_to_29,
536,VIT_14s0036g00930,58,0.0279,Polyubiquitin (UBQ4),,,,
537,VIT_09s0002g05430,57,0.0276,ABC transporter g family pleiotropic drug resistance 12 PDR12,ABCGPDR12,,vv52010ABC_transporters,
538,VIT_01s0011g04210,56,0.0271,Amino acid permease,AAPREL,,vv50123Porters_cat_18_to_29,
539,VIT_05s0020g02730,54,0.0262,Nectarin IV NEC4,,,,
540,VIT_16s0098g00460,54,0.0261,Lipase class 3,,,,
541,VIT_18s0001g05240,54,0.0261,(-)-germacrene D synthase,E4_2_3_22,,vv10900Terpenoid_biosynthesis,
542,VIT_06s0061g00810,52,0.0252,Cyclin-dependent kinase regulatory subunit CKS2,CKS2,,vv44110Cell_cycle,
543,VIT_17s0000g02210,52,0.0251,Hsp70 interacting protein,,,,
544,VIT_09s0002g09180,51,0.0248,No hit,,,,
545,VIT_18s0001g05280,51,0.0246,No hit,,,,
546,VIT_03s0063g01500,51,0.0246,CYP82C3,,,,
547,VIT_18s0001g05000<br>VIT_18s0001g04780<br>VIT_18s0001g04120,50,0.0242,,,,,
548,VIT_11s0037g01410,50,0.0241,XBAT32 (XB3 ortholog 2 in Arabidopsis thaliana 32),XBAT32,,vv50108Accessory_factors_involved_in_transport,
549,VIT_08s0007g00780,49,0.0236,One helix protein (OHP),,,,
550,VIT_01s0010g02350,47,0.0227,Protein phosphatase 2 (formerly 2A)  regulatory subunit B',K11584,,vv23015mRNA_surveillance_pathway,
551,VIT_13s0156g00580,44,0.0213,S-receptor kinase,,,,
552,VIT_01s0011g00590,43,0.0208,Acclimation of photosynthesis to environment,APE2,,vv50122Porters_cat_7_to_17,
553,VIT_14s0060g00250,43,0.0207,Unknown,,,,
554,VIT_02s0012g02920,43,0.0207,Acyl-CoA oxidase ACX3,E1_3_3_6_ACX3,,vv10071Fatty_acid_metabolism,vv10592Alpha-linolenic_acid_metabolism
555,VIT_10s0003g00330,42,0.0205,HSL1 (HAESA-like 1),,,,
556,VIT_17s0000g04230,42,0.0203,Translation initiation factor eIF-2B delta subunit,K03680,,vv23013RNA_transport,
557,VIT_11s0037g00240,42,0.0202,No hit,,,,
558,VIT_11s0016g01060,41,0.0199,Avr9/Cf-9 induced kinase 1,,,,
559,VIT_18s0122g01150,41,0.0199,Diphenol oxidase,E1_10_3_1,,vv10350Tyrosine_metabolism,vv50109Incompletely_characterized_transport_systems
560,VIT_18s0001g15230,40,0.0194,Unknown,,,,
561,VIT_09s0018g00540,40,0.0194,No hit,,,,
562,VIT_01s0011g02480,40,0.0194,Phospholipid-transporting ATPase,K01530,,vv50131Primary_active_transporter_cat_A2_to_A4,
563,VIT_02s0012g01560,40,0.0194,No hit,,,,
564,VIT_16s0039g01600,39,0.0189,11-beta-hydroxysteroid dehydrogenase,E1_1_1_146,,vv10140C21-Steroid_hormone_metabolism,
565,VIT_14s0068g00170,38,0.0184,No hit,,,,
566,VIT_01s0011g02320,38,0.0182,Unknown protein,,,,
567,VIT_05s0020g03130,36,0.0175,Plastocyanin domain-containing protein,K02638,,vv10195Photosynthesis,vv50113Thylakoid_targeting_pathway
568,VIT_03s0038g02960,36,0.0174,Pentatricopeptide (PPR) repeat-containing protein,,,,
569,VIT_00s0181g00170,36,0.0174,F-box family protein,,,,
570,VIT_17s0000g02150,36,0.0173,Ribosomal protein L19,K02884,,vv23010Ribosome,
571,VIT_02s0012g01680,35,0.0169,Trehalose phosphatase 5,E3_1_3_12,,vv10500Starch_and_sucrose_metabolism,
572,VIT_00s0218g00180,35,0.0169,Geranylgeranyl transferase type-2 beta subunit.,E2_5_1_60,,vv10100Biosynthesis_of_steroids,
573,VIT_00s0409g00050,35,0.0169,Receptor-like serine-threonine protein kinase,,,,
574,VIT_14s0219g00290,34,0.0165,Esterase/lipase/thioesterase,,,,
575,VIT_18s0001g05780,34,0.0164,Leucine-rich repeat family protein,,,,
576,VIT_12s0134g00100,33,0.016,Ribosomal protein L8 (RPL8C) 60S,K02938,,vv23010Ribosome,
577,VIT_16s0039g01070,33,0.0159,Glutathione S-transferase 25 GSTU7,E2_5_1_18_GSTU7,,vv10480Glutathione_metabolism,
578,VIT_12s0055g01280,32,0.0155,Brassinosteroid insensitive 1-associated receptor kinase 1,BAK1,,vv30005Brassinosteroids_signaling,vv34626Plant-pathogen_interaction
579,VIT_01s0011g06600,32,0.0155,Glutamate decarboxylase,E4_1_1_15,,vv10251Glutamate_metabolism,vv10252Alanine_and_aspartate_metabolism
580,VIT_09s0002g05600,31,0.015,ABC transporter g family pleiotropic drug resistance 12 PDR12,ABCGPDR12,,vv52010ABC_transporters,
581,VIT_03s0038g03400,31,0.015,Endochitinase 1  basic,E3_2_1_14,,vv10530Aminosugars_metabolism,
582,VIT_03s0063g02560,31,0.0149,Phenylalanyl-tRNA synthetase alpha chain,E6_1_1_20,,vv10400Phenylalanine_tyrosine_and_tryptophan_biosynthesis,vv20970Aminoacyl-tRNA_biosynthesis
583,VIT_14s0036g00480,30,0.0146,Tyrosyl-tRNA synthetase,E6_1_1_1,,vv10400Phenylalanine_tyrosine_and_tryptophan_biosynthesis,vv20970Aminoacyl-tRNA_biosynthesis
584,VIT_15s0046g01440,30,0.0145,BZip transcription factor G- box  binding factor 3,GBF3_1,VvbZIP40,vv60012BZIP,
585,VIT_18s0072g00260,30,0.0145,Ethylene-responsive transcription factor related to APETALA2 6,RAP2_6,VvERF114,vv30008Ethylene_signaling,vv60003AP2_EREBP
586,VIT_11s0016g01270,29,0.0141,Unknown protein,,,,
587,VIT_00s0748g00020,29,0.014,Receptor kinase RK20-1,,,,
588,VIT_00s0475g00020,29,0.014,Zinc finger (C3HC4-type ring finger),,,,
589,VIT_12s0057g01260,29,0.014,Unknown protein,,,,
590,VIT_14s0108g00930,29,0.014,Unknown protein,,,,
591,VIT_07s0031g02720,28,0.0135,Myosin heavy chain,K10352,,vv44810Regulation_of_actin_cytoskeleton,
592,VIT_08s0007g01560,28,0.0135,Photoassimilate-responsive protein,,,,
593,VIT_08s0007g02810,28,0.0135,Regulator of the ATPase vacuolar RAV2,RAV2,VvRAV5,vv60001ABI3VP1,
594,VIT_07s0005g00410,28,0.0135,Glycosyl hydrolase family 1 protein,,,,
595,VIT_08s0040g02210,26,0.0126,Lectin protein kinase,,,,
596,VIT_11s0016g00530,26,0.0126,Adrenodoxin ferredoxin 2,K04755,,,
597,VIT_09s0018g00520,26,0.0125,Plastocyanin domain-containing protein,K02638,,vv10195Photosynthesis,vv50113Thylakoid_targeting_pathway
598,VIT_16s0050g02230,25,0.0122,Chitinase [Vitis vinifera],E3_2_1_14,,vv10530Aminosugars_metabolism,
599,VIT_17s0053g00880,25,0.0121,Polyamine oxidase 4,E1_5_3_11,,vv11000Single_reactions,
600,VIT_05s0077g01660,25,0.0121,Major allergen protein homolog,,,,
601,VIT_18s0001g06370,25,0.0121,L-ascorbate peroxidase  chloroplast,E1_11_1_11,,vv10053Ascorbate_and_aldarate_metabolism,
602,VIT_04s0069g00970,25,0.0121,WRKY DNA-binding protein 51,WRKY51_1,VvWRKY11,vv60066WRKY,
603,VIT_18s0001g02760,25,0.012,Lipase GDSL,,,,
604,VIT_03s0063g02290,25,0.0119,Unknown protein,,,,
605,VIT_13s0019g01940,24,0.0116,Laccase,E1_10_3_2,,vv11000Single_reactions,vv50109Incompletely_characterized_transport_systems
606,VIT_13s0084g00800,24,0.0116,Transcription factor,TRIHELIXDOM_7,,vv60062Trihelix,
607,VIT_01s0137g00220,24,0.0115,ALB4 (ALBINA 4),K03217,,vv23060Protein_export,vv50122Porters_cat_7_to_17
608,VIT_17s0000g08540,24,0.0115,Lipase GDSL,,,,
609,VIT_11s0052g00340,23,0.0112,Protein kinase Xa21,,,,
610,VIT_09s0002g00890,23,0.0112,Jasmonate ZIM-domain protein 1,JAZ1_2,,vv30011Jasmonate_signaling,vv60069ZIM
611,VIT_12s0134g00060,23,0.0111,Ribosomal protein L2,K02886,,vv23010Ribosome,
612,VIT_02s0025g04300,23,0.0111,Thaumatin,,,,
613,VIT_13s0106g00270,23,0.011,No hit,,,,
614,VIT_08s0007g00570,22,0.0107,WRKY DNA-binding protein 49,WRKY49,VvWRKY27,vv60066WRKY,
615,VIT_02s0087g00190,22,0.0107,SH3 domain-containing protein 2,SH3P2,,vv50110Protein_coat,
616,VIT_07s0005g00720,22,0.0107,Pectinesterase family,E3_1_1_11,,vv40006Cell_wall,
617,VIT_15s0048g02010,22,0.0107,Shaggy protein kinase theta,,,,
618,VIT_06s0004g08290,22,0.0106,KH domain-containing protein,,,,
619,VIT_01s0026g01040,22,0.0106,Unknown protein,,,,
620,VIT_15s0021g02060,22,0.0106,Arbutin synthase,E2_4_1_218,,vv10500Starch_and_sucrose_metabolism,
621,VIT_09s0002g06890,22,0.0106,Dicyanin blue copper protein,,,,
622,VIT_07s0104g01650,21,0.0102,HAK5 (High affinity K+ transporter 5),HAK5,,vv50125Porters_cat_66_to_94,
623,VIT_07s0005g01180,21,0.0102,Unknown protein,,,,
624,VIT_12s0142g00570,21,0.0102,R protein disease resistance protein,RPROT,,vv34627R_proteins_from_Plant-pathogen_interaction,
625,VIT_12s0034g02180,21,0.0102,Aminomethyltransferase,E2_1_2_10,,vv10260Glycine_serine_and_threonine_metabolism,vv10670One_carbon_pool_by_folate
626,VIT_12s0059g01080,21,0.0101,Acid phosphatase/vanadium-dependent haloperoxidase,,,,
627,VIT_09s0002g02570,20,0.0097,No hit,,,,
628,VIT_09s0054g00430,20,0.0097,Unknown protein,,,,
629,VIT_06s0009g00370,20,0.0097,U-box domain-containing protein,,,,
630,VIT_04s0023g01830,20,0.0096,U3 small nucleolar RNA-associated protein 22,K14544,,vv23008Ribosome_biogenesis_in_Eukaryotes,
631,VIT_07s0031g01130,19,0.0092,Ascorbate oxidase,E1_10_3_3,,vv10053Ascorbate_and_aldarate_metabolism,vv50109Incompletely_characterized_transport_systems
632,VIT_02s0033g00270,19,0.0092,Pinoresinol-lariciresinol reductase,PLR,,vv10940Phenylpropanoid_biosynthesis,
633,VIT_18s0001g04480,19,0.0092,Germacrene-D synthase,E4_2_3_22,,vv10900Terpenoid_biosynthesis,
634,VIT_12s0057g00600,19,0.0092,Unknown protein,,,,
635,VIT_13s0067g02630,19,0.0092,No hit,,,,
636,VIT_00s0420g00030,19,0.0092,S-locus lectin protein kinase,,,,
637,VIT_02s0025g04250,19,0.0092,Osmotin,,,,
638,VIT_09s0002g00370,19,0.0092,Unknown protein,,,,
639,VIT_09s0002g05440,19,0.0092,ABC transporter g family pleiotropic drug resistance 12 PDR12,ABCGPDR12,,vv52010ABC_transporters,
640,VIT_06s0004g05970,19,0.0092,Antiviral helicase SKI2,K12599,,vv23018RNA_degradation,
641,VIT_07s0005g04400,19,0.0091,Photosystem II reaction centre W (PsbW),K08903,,vv10195Photosynthesis,vv50135Primary_active_transporter_cat_D3_to_E2
642,VIT_02s0025g03300,18,0.0087,Potassium channel tetramerisation domain-containing protein,KCTREL,,vv50101Channels_and_pores,
643,VIT_16s0050g02210,18,0.0087,Chitinase III [Vitis vinifera],E3_2_1_14,,vv10530Aminosugars_metabolism,
644,VIT_16s0098g00560,18,0.0087,SP1L2 (SPIRAL2),SP1L2,,vv44810Regulation_of_actin_cytoskeleton,
645,VIT_17s0000g01700,18,0.0087,Leucine-rich repeat transmembrane protein kinase,,,,
646,VIT_05s0062g00990,18,0.0086,Aldo/keto reductase AKR,E1_1_1_21,,vv10040Pentose_glucuronate_interconversion,vv10051Fructose_and_mannose_metabolism
647,VIT_07s0031g01010<br>VIT_07s0031g01040<br>VIT_07s0031g01050,18,0.0086,,,,,
648,VIT_00s0179g00250,17,0.0082,No hit,,,,
649,VIT_14s0171g00400,17,0.0082,Lysine histidine transporter 1,LHT1,,vv50123Porters_cat_18_to_29,
650,VIT_19s0027g00870,17,0.0082,NAC domain-containing protein 42,NAC042_3,VvNAC30,vv60046NAC,
651,VIT_13s0019g03470,16,0.0078,Translation initiation factor eIF-3 subunit 5,K03249,,vv23013RNA_transport,
652,VIT_14s0066g00760,16,0.0077,Disease resistance protein (NBS-LRR class),,,,
653,VIT_15s0107g00390,16,0.0077,5'-adenylylsulfate reductase (APR3),E1_8_4_8,,vv10920Sulfur_metabolism,
654,VIT_03s0038g02460,16,0.0077,CDP-diacylglycerol--inositol 3-phosphatidyltransferase 1,E2_7_8_11,,vv10564Glycerophospholipid_metabolism,vv34070Phosphatidylinositol_signaling_system
655,VIT_06s0009g02020,16,0.0077,Tubulin beta-4 chain,K07375,,vv44145Phagosome,vv44810Regulation_of_actin_cytoskeleton
656,VIT_00s0160g00290,16,0.0077,No hit,,,,
657,VIT_00s1278g00010,16,0.0077,Brassinosteroid insensitive 1-associated receptor kinase 1,BAK1,,vv30005Brassinosteroids_signaling,
658,VIT_13s0064g01430,16,0.0077,Pigment defective 322,CP33,,,
659,VIT_19s0014g02340,15,0.0073,Protein phosphatase 2C,E3_1_3_16,,,
660,VIT_13s0106g00740,15,0.0072,Bile acid:sodium symporter,K03453,,vv50123Porters_cat_18_to_29,
661,VIT_19s0014g01720,15,0.0072,Sodium/calcium exchanger family protein,NACAEX,,vv50123Porters_cat_18_to_29,
662,VIT_11s0016g02600,14,0.0068,Caffeoyl-CoA O-methyltransferase,E2_1_1_104,,vv10940Phenylpropanoid_biosynthesis,
663,VIT_08s0058g01340,14,0.0067,Leucine-rich repeat transmembrane protein kinase,,,,
664,VIT_19s0014g04180,13,0.0063,Curculin (mannose-binding) lectin,,,,
665,VIT_00s0194g00020,13,0.0063,DNA-directed RNA polymerase II subunit D,K03012,,vv23020RNA_polymerase,
666,VIT_01s0026g01540,13,0.0063,Unknown protein,,,,
667,VIT_07s0031g02520,13,0.0063,Unknown protein,,,,
668,VIT_04s0008g05590,13,0.0063,F-type H+-transporting ATPase b chain CfoII,K02109,,vv10190Oxidative_phosphorylation,vv10195Photosynthesis
669,VIT_04s0044g00530,13,0.0063,PAP/fibrillin family,K06825,,,
670,VIT_08s0007g00980,13,0.0063,Integral membrane family protein UPF0497,,,,
671,VIT_02s0087g00770,13,0.0063,ABC transporter E member 1,K06174,,vv52010ABC_transporters,
672,VIT_11s0016g03770,13,0.0063,Dynein light chain LC6  flagellar outer arm,K10418,,vv44810Regulation_of_actin_cytoskeleton,
673,VIT_17s0000g04820,13,0.0063,BSD domain-containing protein,BSDDOM_7,,vv60075Other_BSD,
674,VIT_08s0058g00790,13,0.0063,Secoisolariciresinol dehydrogenase,SIRD,,vv10940Phenylpropanoid_biosynthesis,
675,VIT_14s0030g01980,12,0.0059,Auxin-induced protein PCNT115,AUXREG,,vv30003Auxin_signaling,
676,VIT_18s0086g00410,12,0.0058,Auxin-binding protein ABP19,ABP19,,vv30003Auxin_signaling,
677,VIT_03s0017g02120,12,0.0058,UDP-glucose flavonoid 3-O-glucosyltransferase 2,E2_4_1_91,,vv10941Flavonoid_biosynthesis,
678,VIT_13s0019g01920,12,0.0058,Laccase,E1_10_3_2,,vv11000Single_reactions,vv50109Incompletely_characterized_transport_systems
679,VIT_00s0183g00040,12,0.0058,Importin alpha,IMPALPHA,,vv50109Incompletely_characterized_transport_systems,vv50112Nuclear_pore_complex
680,VIT_18s0117g00280,12,0.0058,Coatomer protein complex  subunit beta 2,COPB2,,vv50110Protein_coat,
681,VIT_02s0087g00330,12,0.0058,Glycosyl transferase family 1 protein,,,,
682,VIT_18s0001g11130,12,0.0058,Calmodulin-binding protein AR781,,,,
683,VIT_01s0011g06330,12,0.0058,Microtubule associated protein (MAP65-6),MAP656,,vv44810Regulation_of_actin_cytoskeleton,
684,VIT_19s0014g01370,12,0.0058,Curculin (mannose-binding) lectin,,,,
685,VIT_01s0146g00480,12,0.0058,TIFY 9 (Jasmonate ZIM domain-containing protein 10),JAZ10,,vv30011Jasmonate_signaling,vv60069ZIM
686,VIT_06s0004g05070,12,0.0058,Zinc transporter (ZIP2),ZIP2,,vv50121Porters_cat_1_to_6,
687,VIT_08s0007g01300,12,0.0058,Glyoxal oxidase,,,,
688,VIT_01s0011g00530,12,0.0058,Ureide permease 2 (AtUPS2),UPS2,,vv50122Porters_cat_7_to_17,
689,VIT_04s0069g00310<br>VIT_06s0061g00370,12,0.0058,,,,,
690,VIT_16s0039g01260,12,0.0058,Ser/Thr receptor-like kinase1,,,,
691,VIT_04s0079g00560,12,0.0058,Protein binding / zinc ion binding,,,,
692,VIT_11s0118g00050,11,0.0053,EIX receptor,,,,
693,VIT_09s0002g03310,11,0.0053,Unknown protein,,,,
694,VIT_07s0005g00470,11,0.0053,Brix domain-containing protein,,,,
695,VIT_01s0150g00410,10,0.0049,Unknown protein,,,,
696,VIT_14s0006g01410,10,0.0048,fructokinase-2,E2_7_1_4,,vv10051Fructose_and_mannose_metabolism,vv10500Starch_and_sucrose_metabolism
697,VIT_15s0024g01330,10,0.0048,No hit,,,,
698,VIT_12s0055g00340,10,0.0048,WRKY DNA-binding protein 9,WRKY9,VvWRKY39,vv60066WRKY,
699,VIT_12s0035g00920,10,0.0048,Unknown protein,,,,
700,VIT_01s0011g00060,10,0.0048,No hit,,,,
701,VIT_07s0129g00560,9,0.0044,No hit,,,,
702,VIT_17s0000g06010,9,0.0044,Unknown protein,,,,
703,VIT_16s0148g00160,9,0.0044,Receptor serine/threonine kinase,,,,
704,VIT_03s0110g00230,9,0.0044,Seed maturation protein PM23,,,,
705,VIT_05s0029g00630,9,0.0043,Unknown,,,,
706,VIT_05s0020g02410,9,0.0043,Mo25,K08272,,vv34150mTOR_signaling_pathway,
707,VIT_01s0026g01220,9,0.0043,No hit,,,,
708,VIT_00s0335g00070,9,0.0043,No hit,,,,
709,VIT_07s0005g04580,9,0.0043,Xyloglucanase inhibitor,,,,
710,VIT_12s0028g01400,7,0.0034,DNA-directed RNA polymerase II subunit D,K03012,,vv23020RNA_polymerase,
711,VIT_01s0137g00820,7,0.0034,Phototropic-responsive NPH3,,,,
712,VIT_11s0016g01470,7,0.0034,Lecithine cholesterol acyltransferase,E2_3_1_43,,vv10564Glycerophospholipid_metabolism,
713,VIT_19s0015g02040,7,0.0034,UDP-galactose transporter 6,UTR6,,vv50122Porters_cat_7_to_17,
714,VIT_05s0020g04280,6,0.0029,Ca2+-ATPase 13 ACA13  plasma membrane,K01537,,vv34020Calcium_signaling_pathway,vv50131Primary_active_transporter_cat_A2_to_A4
715,VIT_17s0000g00940,6,0.0029,F-box protein,,,,
716,VIT_19s0177g00340,6,0.0029,Unknown protein,,,,
717,VIT_01s0011g05230,6,0.0029,GTPase activating protein,,,,
718,VIT_18s0001g03620,6,0.0029,Avr9/Cf-9 rapidly elicited protein 284,,,,
719,VIT_13s0019g03930,6,0.0029,No hit,,,,
720,VIT_18s0089g00070,6,0.0029,TIR-NBS-LRR-TIR disease resistance protein,,,,
721,VIT_18s0001g03390,6,0.0029,S-receptor kinase,,,,
722,VIT_07s0095g00590,6,0.0029,ATATH7 (ABC2 homolog 7),ATH7,,vv52010ABC_transporters,
723,VIT_09s0054g00370,6,0.0029,Mannosyl-oligosaccharide 1 2-alpha-mannosidase IA,E3_2_1_113,,vv10510N-Glycan_biosynthesis,vv11030Glycan_structures-biosynthesis1
724,VIT_18s0001g03850,6,0.0029,Ribosomal protein S10 30S,K02946,,vv23010Ribosome,
725,VIT_11s0037g01060,6,0.0029,Metal-dependent phosphohydrolase HD domain-containing protein,K07023,,,
726,VIT_01s0010g01680,6,0.0029,Glutaredoxin,,,,
727,VIT_03s0088g00780,6,0.0029,Pathogenesis-related protein 1 precursor (PRP 1),PRP1,,vv30011Jasmonate_signaling,vv34626Plant-pathogen_interaction
728,VIT_16s0098g01770,6,0.0029,Vesicle-associated membrane protein 72,K08511,,vv24130SNARE_interactions_in_vesicular_transport,vv50101Channels_and_pores
729,VIT_08s0007g04020,6,0.0029,AT-hook protein 1 (AHP1),HMGIY_1,,vv60035HMG,
730,VIT_13s0019g01810,6,0.0029,Scarecrow transcription factor 14 (SCL14),SCL14_3,,vv60032GRAS,
731,VIT_01s0113g00400,6,0.0029,No hit,,,,
732,VIT_11s0016g01310,6,0.0029,TT2 (transparent testa 2),TT2_5,MYBPA4,vv44110Cell_cycle,vv60044MYB
733,VIT_05s0020g03440,6,0.0029,Photosystem II 11 kDa protein PSB27,K08902,,vv10195Photosynthesis,vv50135Primary_active_transporter_cat_D3_to_E2
734,VIT_06s0061g01380,6,0.0029,Pop3 peptide,,,,
735,VIT_01s0150g00450,6,0.0029,Respiratory burst oxidase protein D (RBOHD),RBOHD,,vv34626Plant-pathogen_interaction,vv50105Transport_electron_carriers
736,VIT_00s0250g00090,6,0.0029,Oxidoreductase  2OG-Fe(II) oxygenase,,,,
737,VIT_19s0027g00380,6,0.0029,Amine oxidase,E1_4_3_4,,vv10220Urea_cycle_and_metabolism_of_amino_groups,vv10340Histidine_metabolism
738,VIT_14s0006g00800,6,0.0029,Tubulin alpha-2 chain,K07374,,vv44145Phagosome,vv44810Regulation_of_actin_cytoskeleton
739,VIT_11s0037g00700,6,0.0029,Unknown protein,,,,
740,VIT_18s0001g10120,6,0.0029,SPla/RYanodine receptor (SPRY) domain-containing protein,,,,
741,VIT_00s0426g00060,6,0.0029,No hit,,,,
742,VIT_12s0059g01820,6,0.0029,Protein phosphatase 1D,K10147,,,
743,VIT_08s0007g06640,6,0.0029,Growth-regulating factor related,GRFREL_1,,vv60033GRF,
744,VIT_18s0001g05430,6,0.0029,(+)-delta-cadinene synthase isozyme XC14,E4_2_3_13,,vv10900Terpenoid_biosynthesis,
745,VIT_09s0054g00900,6,0.0029,Chaperone BCS1 mitochondrial,K08900,,,
746,VIT_15s0048g00350,6,0.0029,3-phosphoshikimate 1-carboxyvinyltransferase  chloroplast precursor,E2_5_1_19,,vv10400Phenylalanine_tyrosine_and_tryptophan_biosynthesis,
747,VIT_18s0001g12500,6,0.0029,Unknown protein,,,,
748,VIT_06s0061g00120,6,0.0029,Beta-1 3-glucanase [Vitis riparia],E3_2_1_6,,,
749,VIT_03s0091g00160,6,0.0029,NtPRp27 secretory protein,,,,
750,VIT_03s0038g03530,6,0.0029,LYS/HIS transporter 7,LHT7,,vv50123Porters_cat_18_to_29,
751,VIT_09s0002g05550,6,0.0029,ABC transporter g family pleiotropic drug resistance 12 PDR12,ABCGPDR12,,vv52010ABC_transporters,
752,VIT_13s0019g01700,6,0.0029,Scarecrow transcription factor 14 (SCL14),SCL14_1,,vv60032GRAS,
753,VIT_06s0061g01290,6,0.0029,No hit,,,,
754,VIT_00s0271g00110,5,0.0024,flavodoxin-like quinone reductase 1,FQR1,,vv30003Auxin_signaling,
755,VIT_18s0001g04110,4,0.0019,(-)-germacrene D synthase,E4_2_3_22,,vv10900Terpenoid_biosynthesis,
756,VIT_08s0007g03890,4,0.0019,Brix domain-containing protein,,,,
757,VIT_16s0022g00700,4,0.0019,Pectinesterase family,E3_1_1_11,,vv40006Cell_wall,
758,VIT_08s0007g06680,4,0.0019,PMR5 (powdery mildew resistant 5),,,,
759,VIT_17s0000g05710,4,0.0019,Unknown,,,,
760,VIT_17s0000g02920,4,0.0019,Glutathione S-transferase 25 GSTU7,E2_5_1_18_GSTU7,,vv10480Glutathione_metabolism,
761,VIT_05s0077g00450,4,0.0019,Ribosomal protein S1 30S,K02945,,vv23010Ribosome,
762,VIT_12s0059g00800,4,0.0019,DNA helicase SNF2 domain-containing protein,SNF2HEL_13,,vv60058SNF2,
763,VIT_10s0071g01210,4,0.0019,No hit,,,,
764,VIT_08s0056g00300,4,0.0019,Unknown,,,,
765,VIT_13s0019g05360,4,0.0019,KH domain-containing protein NOVA,,,,
766,VIT_15s0021g02090,4,0.0019,DnaJ homolog  subfamily A  member 2,K09503,,vv50132Primary_active_transporter_cat_A5_to_A8,
767,VIT_00s0179g00280,3,0.0015,Calmodulin-8 (CAM8),K02183,,vv34020Calcium_signaling_pathway,vv34626Plant-pathogen_interaction
768,VIT_11s0016g00100,3,0.0015,Adapter protein SPIKE1 (SPK1),,,,
769,VIT_19s0015g00220,3,0.0015,Unknown protein,,,,
770,VIT_14s0081g00110,3,0.0015,Pentatricopeptide (PPR) repeat-containing,,,,
771,VIT_16s0039g00660,3,0.0015,RNA polymerase nonessential primary-like sigma factor SIGA,K03087,,vv23020RNA_polymerase,vv60057Sigma70-like
772,VIT_10s0003g00480,3,0.0015,Isoflavone methyltransferase/ Orcinol O-methyltransferase 1 oomt1,E2_1_1_46,,vv10943Isoflavonoid_biosynthesis,
773,VIT_00s0187g00010,3,0.0015,No hit,,,,
774,VIT_16s0100g00870,3,0.0015,No hit,,,,
775,VIT_18s0001g00270,3,0.0015,No hit,,,,
776,VIT_08s0056g00110,3,0.0015,Emp24/gp25L/p24,EMP24,,vv50110Protein_coat,
777,VIT_12s0028g00050,3,0.0015,Beta-1 3 glucanase,E3_2_1_6,,,
778,VIT_18s0001g07870,3,0.0015,Unknown protein,,,,
779,VIT_08s0032g00240,3,0.0015,CYP71A22,E1_14_13_73,,vv10902Monoterpenoid_biosynthesis,
780,VIT_11s0016g01010,3,0.0015,Serine/threonine-protein kinase NAK,,,,
781,VIT_11s0016g01320,3,0.0015,Myb domain protein 13,MYB13,MYBPA2,vv60044MYB,
782,VIT_00s2582g00010,3,0.0015,Unknown,,,,
783,VIT_11s0016g05430,3,0.0015,Unknown protein,,,,
784,VIT_11s0016g04570,3,0.0015,RKL1 (Receptor-like kinase 1),,,,
785,VIT_17s0000g07340,3,0.0015,Presenilin,K06060,,vv50101Channels_and_pores,
786,VIT_02s0241g00120,3,0.0015,Receptor protein kinase,,,,
787,VIT_19s0014g02950,3,0.0015,No hit,,,,
788,VIT_07s0104g01670,3,0.0015,HAK5 (High affinity K+ transporter 5),HAK5,,vv50125Porters_cat_66_to_94,
789,VIT_14s0083g00460,3,0.0015,Tryptophan synthase beta chain 2,E4_2_1_20,,vv10400Phenylalanine_tyrosine_and_tryptophan_biosynthesis,
790,VIT_06s0004g05220,3,0.0015,Serine/arginine repetitive matrix protein 1,K13171,,vv23013RNA_transport,vv23015mRNA_surveillance_pathway
791,VIT_16s0022g01800,3,0.0015,RRNA-processing protein EBP2,,,,
792,VIT_00s0203g00220,3,0.0015,S-locus lectin protein kinase,,,,
793,VIT_14s0006g02250,3,0.0015,No hit,,,,
794,VIT_12s0034g01950<br>VIT_12s0034g01870<br>VIT_12s0034g01920<br>VIT_12s0034g01930<br>VIT_12s0034g01890<br>VIT_12s0034g01910,3,0.0015,,,,,
795,VIT_03s0038g03970,3,0.0015,Unknown protein,,,,
796,VIT_13s0067g02500,3,0.0015,Xanthine/uracil permease,K06901,,vv50121Porters_cat_1_to_6,
797,VIT_05s0049g01290,3,0.0015,Protein phosphatase 2C,E3_1_3_16,,,
798,VIT_17s0000g04660,3,0.0015,Agmatine deiminase,E3_5_3_12,,vv10220Urea_cycle_and_metabolism_of_amino_groups,
799,VIT_12s0055g00770,3,0.0015,SWAP (Suppressor-of-White-APricot),,,,
800,VIT_17s0000g05250,3,0.0015,Unknown protein,,,,
801,VIT_16s0039g02110,3,0.0015,AAA-type ATPase,,,,
802,VIT_15s0046g00020,3,0.0015,Ubiquitin-protein ligase,,,,
803,VIT_09s0002g00510,3,0.0015,Lipase GDSL 1,,,,
804,VIT_11s0016g00350,3,0.0015,Sec34/COG3,SEC34,,vv50110Protein_coat,vv50111Tethering_factors
805,VIT_07s0005g01190,3,0.0015,Unknown protein,,,,
806,VIT_18s0041g01350,3,0.0015,Receptor-like protein kinase HAIKU2,,,,
807,VIT_00s0214g00170,3,0.0015,Actin-related protein 7,ARP7,,vv44810Regulation_of_actin_cytoskeleton,
808,VIT_03s0017g01220,3,0.0015,Polyadenylate-binding protein 2,K14396,,vv23015mRNA_surveillance_pathway,
809,VIT_03s0063g00700,3,0.0015,CXE carboxylesterase,E3_1_1_1,,,
810,VIT_18s0001g13920,3,0.0015,Unknown protein,,,,
811,VIT_03s0091g01290,3,0.0015,Serine carboxypeptidase S10,,,,
812,VIT_10s0116g01310,3,0.0015,F-box family protein,,,,
813,VIT_16s0098g01460,3,0.0015,No hit,,,,
814,VIT_01s0127g00490,3,0.0014,Pantothenate kinase 2,E2_7_1_33,,vv10770Pantothenate_and_CoA_biosynthesis,
815,VIT_14s0108g01490,3,0.0014,Pentatricopeptide (PPR) repeat-containing protein,,,,
816,VIT_03s0063g00400,3,0.0014,Alpha-amylase / 1 4-alpha-D-glucan glucanohydrolase,E3_2_1_1,,vv10500Starch_and_sucrose_metabolism,
817,VIT_18s0086g00590,3,0.0014,Auxin-binding protein ABP19,ABP19,,vv30003Auxin_signaling,
818,VIT_12s0055g00490,3,0.0014,Accumulation and replication of chloroplast 5,ARC5,,vv44110Cell_cycle,vv50109Incompletely_characterized_transport_systems
819,VIT_11s0052g00610,3,0.0014,Homogenitisate geranylgeranyl transferase,K09833,,vv10100Biosynthesis_of_steroids,
820,VIT_18s0001g14090,3,0.0014,Molecular chaperone DnaJ,K03686,,vv50132Primary_active_transporter_cat_A5_to_A8,
821,VIT_10s0003g00150,3,0.0014,NSL1 (necrotic spotted lesions 1),,,,
822,VIT_15s0021g00750,3,0.0014,Separase,K02365,,,
823,VIT_13s0019g01200,3,0.0014,Unknown,,,,
824,VIT_11s0016g00880,3,0.0014,Strictosidine synthase; Soluble quinoprotein glucose dehydrogenase,E4_3_3_2,,vv10900Terpenoid_biosynthesis,vv10902Monoterpenoid_biosynthesis
825,VIT_18s0072g00970,3,0.0014,DegP protease ,E3_4_21_107,,,
826,VIT_05s0020g04990,3,0.0014,No hit,,,,
827,VIT_07s0031g01660,3,0.0014,CYP86A2,,,,
828,VIT_05s0051g00440,3,0.0014,Transmembrane protein FT27/PFT27,PFT27,,vv50109Incompletely_characterized_transport_systems,
829,VIT_03s0063g01250,3,0.0014,Nodulin 1A  Senescence-associated,,,,
830,VIT_19s0093g00320,3,0.0014,Glutathione S-transferase 25 GSTU25,E2_5_1_18_GSTU25,,vv10480Glutathione_metabolism,
831,VIT_17s0000g04380,3,0.0014,Wall-associated kinase 1 (WAK1),,,,
832,VIT_14s0066g02530,3,0.0014,Fumarate reductase/succinate dehydrogenase flavoprotein,E1_3_99_1,,vv10020Citrate_cycle,vv10190Oxidative_phosphorylation
833,VIT_15s0021g02510,3,0.0014,GATA transcription factor 2,GATA2,,vv60016C2C2-GATA,
834,VIT_03s0017g01940,3,0.0014,Unknown,,,,
835,VIT_00s0218g00050,3,0.0014,Kinesin motor protein,KMOTOR,,vv44810Regulation_of_actin_cytoskeleton,
836,VIT_14s0068g02110,3,0.0014,Sulfite oxidase,E1_8_3_1,,vv10920Sulfur_metabolism,
837,VIT_02s0012g02340,3,0.0014,CYP76C4,,,,
838,VIT_12s0055g00020,3,0.0014,UDP-glucose glucosyltransferase,E2_4_1_35,,vv10500Starch_and_sucrose_metabolism,
839,VIT_06s0004g04590,3,0.0014,Epsin N-terminal homology (ENTH) domain-containing,ENTH,,vv50110Protein_coat,
840,VIT_02s0234g00080,3,0.0014,Enoyl-CoA hydratase/isomerase,E4_2_1_17,,vv10062Fatty_acid_elongation_in_mitochondria,vv10071Fatty_acid_metabolism
841,VIT_02s0033g00840,3,0.0014,Nitrilase 4B,E3_5_5_1,,vv10460Cyanoamino_acid_metabolism,vv10910Nitrogen_metabolism
842,VIT_02s0025g04340,3,0.0014,Osmotin,,,,
843,VIT_01s0011g01850,3,0.0014,Cytochrome c6 (ATC6),K08906,,vv10195Photosynthesis,vv50105Transport_electron_carriers
844,VIT_17s0000g00930,3,0.0014,Unknown protein,,,,
845,VIT_11s0016g04790,3,0.0014,No hit,,,,
846,VIT_07s0031g00780,3,0.0014,Transcriptional factor B3,TFB3_4,,vv60001ABI3VP1,
847,VIT_16s0013g01240,3,0.0014,Receptor kinase homolog LRK14,,,,
848,VIT_01s0011g03650,3,0.0014,Map kinase substrate 1 MKS1,,,,
849,VIT_13s0067g00680,3,0.0014,Cinnamyl alcohol dehydrogenase,E1_1_1_195,,vv10940Phenylpropanoid_biosynthesis,
850,VIT_08s0105g00450,3,0.0014,Transducin protein,,,,
851,VIT_12s0028g01820,3,0.0014,Aspartate transaminase  mitochondrial,E2_6_1_1,vv10710Carbon_fixation,vv10252Alanine_and_aspartate_metabolism,vv10272Cysteine_metabolism
852,VIT_15s0046g02620,3,0.0014,Beta-amylase 9 BMY9,E3_2_1_2,,vv10500Starch_and_sucrose_metabolism,
853,VIT_19s0090g00910,3,0.0014,Alanine racemase,E5_1_1_1,,vv10252Alanine_and_aspartate_metabolism,
854,VIT_15s0048g02070,3,0.0014,BON2-associated protein (BAP2),,,,
855,VIT_18s0001g01860,3,0.0014,Preprotein translocase secA,K03070,,vv23060Protein_export,vv50113Thylakoid_targeting_pathway
856,VIT_18s0001g13340,3,0.0014,Purple acid phosphatase 32- ATPAP32/PAP32,E3_1_3_2,,vv10740Riboflavin_metabolism,
857,VIT_10s0071g00180,3,0.0014,Phosphatidylinositol 3- and 4-kinase / ubiquitin,,,,
858,VIT_18s0117g00060,3,0.0014,R protein L6,K13477,,vv34627R_proteins_from_Plant-pathogen_interaction,
859,VIT_17s0000g02930,3,0.0014,Glutathione S-transferase 25 GSTU7,E2_5_1_18_GSTU7,,vv10480Glutathione_metabolism,
860,VIT_16s0098g00770,3,0.0014,Auxin-amidohydrolase precursor,ILL3,,vv11002Auxin_biosynthesis,
