Vv_m2,2000,1000,VIT_01s0010g02750
rank,node,Fabs,Frel,Functional-annotation,Name-EC-KeggID,Updated-name,Network1,Network2
1,VIT_14s0030g00410,2061,1.0000,Arabidopsis histidine phosphotransfer AHP1,AHP1,,vv30007Cytokinin_signaling,
2,VIT_13s0019g01980,2076,0.9990,Aspartic proteinase nepenthesin-2 precursor,E3_4_23_12,,,
3,VIT_03s0180g00130,2074,0.9990,D-3-phosphoglycerate dehydrogenase  chloroplast precursor,E1_1_1_95,,vv10260Glycine_serine_and_threonine_metabolism,
4,VIT_01s0011g03480,2068,0.9990,Cinnamoyl CoA reductase,E1_2_1_44,,vv10940Phenylpropanoid_biosynthesis,
5,VIT_12s0028g02000,2070,0.9976,Triacylglycerol lipase,E3_1_1_3,,vv10561Glycerolipid_metabolism,
6,VIT_00s0732g00010,2064,0.9909,Homeobox-leucine zipper protein 22,HAT22_4,VvHB73,vv60034HB,
7,VIT_04s0008g03820,2044,0.9870,Membrane protein,,,,
8,VIT_14s0060g00640,2030,0.9869,Glucose-6-phosphate dehydrogenase,E1_1_1_49,,vv10030Pentose_phosphate,vv10480Glutathione_metabolism
9,VIT_18s0001g00380,2024,0.9835,Alcohol dehydrogenase,E1_1_1_1,,vv10010Glycolysis,vv10071Fatty_acid_metabolism
10,VIT_04s0008g04990,2032,0.9807,Potassium channel AKT1,AKT1,,vv30001ABA_signaling,vv50101Channels_and_pores
11,VIT_13s0019g04380,2016,0.9753,Auxin response factor 10,ARF10_2,,vv30003Auxin_signaling,vv60004ARF
12,VIT_11s0016g04810,2023,0.9721,BAS1 (PHYB activation tagged suppressor 1),CYP734A1,,vv10905Brassinosteroid_biosynthesis,
13,VIT_09s0018g01190,2013,0.9697,Anthranilate N-benzoyltransferase,E2_3_1_144,,vv10400Phenylalanine_tyrosine_and_tryptophan_biosynthesis,
14,VIT_18s0001g12340,2008,0.9696,Unknown protein,,,,
15,VIT_03s0038g03220,2009,0.9691,Chitin elicitor-binding CEBIP LysM domain-containing,K13473,,vv34626Plant-pathogen_interaction,
16,VIT_04s0023g00130,1999,0.9690,Unknown protein,,,,
17,VIT_19s0090g00410,2005,0.9672,Calcium-dependent protein kinase 9 CPK9,CPK9,,vv34626Plant-pathogen_interaction,
18,VIT_08s0032g01040,1999,0.9638,SYNC1 protein  related,,,,
19,VIT_08s0040g02530,1983,0.9631,No hit,,,,
20,VIT_04s0008g06130,1997,0.9629,KNAT2 (knotted1-like homeobox gene 3),KNAT3_1,VvHB15,vv60034HB,
21,VIT_06s0004g07880,1976,0.9606,Allergen,,,,
22,VIT_04s0008g03050,1982,0.9593,Acetylglutamate kinase,E2_7_2_8,,vv10220Urea_cycle_and_metabolism_of_amino_groups,
23,VIT_00s0253g00140,1971,0.9536,Polyneuridine-aldehyde esterase precursor,E3_1_1_78,,vv10902Monoterpenoid_biosynthesis,
24,VIT_17s0000g05520,1957,0.9436,Calcium-dependent protein kinase 30 CPK30,CPK30,,vv34626Plant-pathogen_interaction,
25,VIT_17s0000g01490,1947,0.9433,CYP94B3,,,,
26,VIT_10s0116g00480,1908,0.9276,WNK kinase 6,,,,
27,VIT_11s0052g00630,1909,0.9245,Metallothionein,,,,
28,VIT_08s0007g03630,1915,0.9242,Calmodulin binding protein,,,,
29,VIT_12s0134g00330,1914,0.9242,Protein kinase,,,,
30,VIT_11s0016g04300,1878,0.9117,Nudix hydrolase 20  chloroplast precursor (AtNUDT20),,,,
31,VIT_01s0011g00910,1879,0.9104,Unknown protein,,,,
32,VIT_06s0004g01680,1877,0.9076,Unknown protein,,,,
33,VIT_10s0003g02840,1860,0.9069,Purine permease 10 PUP10,PUP10,,vv50122Porters_cat_7_to_17,
34,VIT_14s0083g01030,1877,0.9028,MADS-box APETALA 1,APETALA1_1,,vv30009Flower_development,vv60042MADS
35,VIT_02s0025g03420,1838,0.8879,Unknown protein,,,,
36,VIT_08s0040g00780,1847,0.8837,P-coumaroyl shikimate 3'-hydroxylase isoform 1,K09754,,vv10940Phenylpropanoid_biosynthesis,
37,VIT_08s0007g01930,1834,0.8822,Anthranilate N-benzoyltransferase,E2_3_1_144,,vv10400Phenylalanine_tyrosine_and_tryptophan_biosynthesis,
38,VIT_11s0016g03010,1816,0.8794,Glutamate carboxypeptidase 2,E3_4_17_21,,,
39,VIT_11s0016g01020,1819,0.8792,flavonoid 3-monooxygenase,E1_14_13_21,,vv10941Flavonoid_biosynthesis,
40,VIT_06s0004g02570,1803,0.8787,Kiwellin Ripening-related protein grip22,,,,
41,VIT_01s0026g00260,1785,0.8665,Potassium transporter (KUP7),KUP7,,vv50125Porters_cat_66_to_94,
42,VIT_16s0050g01840,1793,0.8658,Nucleoside triphosphatase,E3_6_1_15,,vv10230Purine_metabolism,vv10730Thiamine_metabolism
43,VIT_04s0210g00170,1794,0.8654,Squamosa promoter-binding protein 12 (SPL12),SPL12_1,,vv60055SBP,
44,VIT_01s0026g02460,1793,0.8649,Zinc finger homeobox 30,ZFHB30,,vv60068Zf-HD,
45,VIT_07s0031g00420,1778,0.8573,SHN1 (SHINE 1),SHINE1_2,,vv30008Ethylene_signaling,vv60003AP2_EREBP
46,VIT_07s0031g02060,1756,0.8528,Cellulose synthase CESA2,E2_4_1_12_CESA2,,vv40006Cell_wall,
47,VIT_17s0000g03890,1758,0.8501,Peptidyl-prolyl isomerase C,K09563,,,
48,VIT_19s0085g01170,1762,0.8496,Seed maturation protein PM41,,,,
49,VIT_06s0061g00550,1747,0.8489,Xyloglucan endotransglucosylase/hydrolase 32,E2_4_1_207,,vv40006Cell_wall,
50,VIT_14s0219g00210,1744,0.8466,Ubiquitin family,,,,
51,VIT_11s0016g00980,1736,0.8399,flavonoid 3-monooxygenase,E1_14_13_21,,vv10941Flavonoid_biosynthesis,
52,VIT_04s0008g06000,1733,0.8352,Ethylene-responsive transcription factor ERF003,ERF003_2,VvERF045,vv30008Ethylene_signaling,vv60003AP2_EREBP
53,VIT_18s0001g11930,1729,0.8337,Thaumatin SCUTL2,,,,
54,VIT_18s0001g02570,1709,0.8272,IAA-amino acid hydrolase 6,IAR6,,vv11002Auxin_biosynthesis,
55,VIT_02s0025g02070,1702,0.8262,RWP-RK domain-containing protein,RWPRKDOM_10,,vv60052RWP-RK,
56,VIT_12s0035g00910,1710,0.8257,Bile acid sodium symporter,K03453,,vv50123Porters_cat_18_to_29,
57,VIT_06s0009g02280,1708,0.8247,Ankyrin repeat,K10380,,vv50108Accessory_factors_involved_in_transport,
58,VIT_06s0004g02250,1700,0.8177,Unknown protein,,,,
59,VIT_19s0015g02070,1687,0.8173,(-)-germacrene D synthase,E4_2_3_22,,vv10900Terpenoid_biosynthesis,
60,VIT_01s0026g01740,1669,0.8130,CBS,,,,
61,VIT_17s0000g07690,1675,0.8104,Transducin family protein / WD-40,,,,
62,VIT_06s0080g00320,1660,0.8047,Esterase/lipase/thioesterase,,,,
63,VIT_11s0052g01090,1669,0.8020,4-coumarate-CoA ligase 2,E6_2_1_12,,vv10940Phenylpropanoid_biosynthesis,vv50104Group_translocators
64,VIT_06s0004g07560,1658,0.7987,Ribosomal protein S29 28S,K02980,,vv23010Ribosome,
65,VIT_13s0019g04500,1649,0.7982,Transketolase,E2_2_1_1,,vv10030Pentose_phosphate,vv10710Carbon_fixation
66,VIT_12s0059g00140,1645,0.7982,Ankyrin repeat protein,,,,
67,VIT_07s0205g00010,1644,0.7965,Unknown,,,,
68,VIT_19s0014g02950,1648,0.7946,No hit,,,,
69,VIT_07s0141g00920,1612,0.7840,CYP94A1,,,,
70,VIT_13s0067g00700,1624,0.7834,Hydrolase  alpha/beta fold,,,,
71,VIT_09s0002g08370,1602,0.7765,TPR1 (topless-related 1),TPR1,,vv30003Auxin_signaling,
72,VIT_03s0063g02620,1594,0.7723,Myb RAD (Transcription factor RAD),RADIALIS_1,,vv30009Flower_development,vv60045MYBrelated
73,VIT_05s0020g04500,1591,0.7701,Unknown protein,,,,
74,VIT_19s0014g03240,1570,0.7603,Beta-mannosidase 4,E3_2_1_25,,vv10511N-Glycan_degradation,
75,VIT_18s0089g00140,1569,0.7576,1 4-beta-mannan endohydrolase,E3_2_1_78,,vv10051Fructose_and_mannose_metabolism,
76,VIT_04s0008g00540,1572,0.7569,Oleosin OLE-3,,,,
77,VIT_05s0049g00950,1557,0.7533,Phosphoenolpyruvate carboxylase kinase,E4_1_1_49,,vv10020Citrate_cycle,vv10620Pyruvate_metabolism
78,VIT_06s0061g01040,1544,0.7488,Argonaute protein,,,,
79,VIT_18s0001g03120,1539,0.7456,Ethylene-responsive transcription factor ERF003,ERF003_6,,vv30008Ethylene_signaling,vv60003AP2_EREBP
80,VIT_01s0011g04720,1547,0.7441,Multi copper oxidase type 1,,,,
81,VIT_03s0063g00780,1544,0.7441,CXE carboxylesterase,E3_1_1_1,,,
82,VIT_05s0077g01240,1537,0.7407,Calmodulin-binding transcription activator 6,CMTA6,,vv60020CAMTA,
83,VIT_04s0043g00510,1530,0.7406,Ethylene-responsive transcription factor ERF003,ERF003_1,,vv30008Ethylene_signaling,vv60003AP2_EREBP
84,VIT_18s0001g12530,1517,0.7329,Retrotransposon protein  Unclassified,,,,
85,VIT_15s0046g02730,1515,0.7312,R protein  PRF  disease resistance protein,K13453,,vv34627R_proteins_from_Plant-pathogen_interaction,
86,VIT_02s0033g01070,1514,0.7307,Anthraniloyal-CoA: methanol anthraniloyal transferase,AMAT,,vv10400Phenylalanine_tyrosine_and_tryptophan_biosynthesis,
87,VIT_18s0001g11450<br>VIT_18s0001g11410,1512,0.7266,
88,VIT_07s0141g00360,1492,0.7236,Lipase class 3,,,,
89,VIT_09s0018g01390,1497,0.7221,STE20/SPS1 proline-alanine-rich protein kinase,,,,
90,VIT_15s0046g03340,1479,0.7173,Acetyl co-enzyme A carboxylase carboxyltransferase alpha subunit,E6_4_1_2,,vv10061Fatty_acid_biosynthesis,vv10620Pyruvate_metabolism
91,VIT_13s0019g02400,1474,0.7131,Transducin protein,,,,
92,VIT_09s0018g01370,1466,0.7123,STE20/SPS1 proline-alanine-rich protein kinase,,,,
93,VIT_16s0013g00220,1472,0.7101,Metacaspase AtMCP1b,,,,
94,VIT_02s0025g04380,1461,0.7065,ATPP2-A13,,,,
95,VIT_06s0080g00150,1443,0.7001,Subtilisin-like proteinase AIR3,,,,
96,VIT_07s0031g02030,1449,0.6983,Polypyrimidine tract-binding protein 3,,,,
97,VIT_14s0083g00110,1439,0.6902,Allene oxide cyclase,E5_3_99_6,,vv10592alpha-Linolenic_acid_metabolism,
98,VIT_12s0028g03640,1408,0.6828,Ripening induced protein,,,,
99,VIT_03s0038g03240,1411,0.6813,Auxin-independent growth promoter,,,,
100,VIT_11s0016g00010,1407,0.6810,Purine permease 5 PUP5,PUP5,,vv50122Porters_cat_7_to_17,
101,VIT_18s0072g00670,1400,0.6803,GT2-like trihelix DNA-binding protein,GT2REL_1,,vv60062Trihelix,
102,VIT_18s0041g00610,1413,0.6800,Proton-dependent oligopeptide transport (POT) family protein,POT,,vv50122Porters_cat_7_to_17,
103,VIT_08s0007g06040,1414,0.6795,Beta-1 3-glucanase,E3_2_1_6,,,
104,VIT_14s0006g02090,1404,0.6766,Ankyrin protein kinase,,,,
105,VIT_13s0019g05190,1399,0.6752,RAB GTPase RAB_ALPHA,K07976,,,
106,VIT_09s0002g04240,1377,0.6649,Membrane protein,,,,
107,VIT_16s0098g01640,1370,0.6638,No hit,,,,
108,VIT_00s0187g00340,1378,0.6635,fumarylacetoacetase,E3_7_1_2,,vv10350Tyrosine_metabolism,
109,VIT_05s0077g00900,1364,0.6615,No hit,,,,
110,VIT_01s0011g04740,1364,0.6536,LPR1 (Low Phosphate Root1) multicopper oxidase,,,,
111,VIT_18s0001g04890,1340,0.6502,Low affinity sulphate transporter,AST68,,vv50124Porters_cat_30_to_64,
112,VIT_07s0031g02670,1341,0.6494,Delay of germination 1,DOG1_4,,vv60012BZIP,
113,VIT_02s0154g00520,1338,0.6476,Aspartyl protease,E3_4_23_x,,,
114,VIT_03s0038g00820,1342,0.6464,3-oxo-5-alpha-steroid 4-dehydrogenase  C-terminal,K09591,,vv10905Brassinosteroid_biosynthesis,
115,VIT_00s0323g00070,1307,0.6357,Pectin methylesterase inhibitor,PMEI,,vv40006Cell_wall,
116,VIT_02s0154g00350,1310,0.6353,L-lactate dehydrogenase A,E1_1_1_27,,vv10010Glycolysis,vv10272Cysteine_metabolism
117,VIT_18s0001g14920,1299,0.6297,Unknown protein,,,,
118,VIT_06s0004g02560,1296,0.6279,Kiwellin Ripening-related protein grip22,,,,
119,VIT_11s0103g00210,1296,0.6276,F-box family protein,,,,
120,VIT_09s0002g05730,1298,0.6274,Esterase,,,,
121,VIT_18s0089g00180,1293,0.6268,1 4-beta-mannan endohydrolase,E3_2_1_78,,vv10051Fructose_and_mannose_metabolism,
122,VIT_00s0253g00060,1293,0.6240,OBF binding protein 2,OBP2,,vv60015C2C2-DOF,
123,VIT_08s0040g00690,1283,0.6201,Unknown,,,,
124,VIT_08s0007g04590,1276,0.6173,UGT73C2 (UDP-glucosyl transferase 73C2),,,,
125,VIT_06s0004g06390,1270,0.6138,UDP-glucose glucosyltransferase,E2_4_1_35,,vv10500Starch_and_sucrose_metabolism,
126,VIT_01s0011g04090,1256,0.6109,Unknown protein,,,,
127,VIT_05s0020g01930,1259,0.6070,TUBBY like protein 3 TLP3,TLP3_1,,vv60063TUB,
128,VIT_14s0006g02600,1209,0.5886,Wall-associated kinase 4,,,,
129,VIT_06s0061g00570,1199,0.5803,Amino acid permease,AAPREL,,vv50123Porters_cat_18_to_29,
130,VIT_02s0025g03630,1199,0.5789,Cu2+-exporting ATPase HMA5 (heavy metal ATPase 5),K01533_HMA5,,vv50131Primary_active_transporter_cat_A2_to_A4,
131,VIT_01s0011g06200,1180,0.5643,Zinc finger protein 4,ZFP4_2,,vv60017C2H2,
132,VIT_11s0016g01000,1161,0.5611,flavonoid 3-monooxygenase,E1_14_13_21,,vv10941Flavonoid_biosynthesis,
133,VIT_18s0001g00140,1149,0.5580,Unknown protein,,,,
134,VIT_05s0049g00890,1151,0.5579,Serine/threonine-protein phosphatase PP1,K06269,,vv10500Starch_and_sucrose_metabolism,
135,VIT_05s0020g02280,1144,0.5551,Unknown protein,,,,
136,VIT_15s0046g01900,1146,0.5528,ferric reduction oxidase 2,FRO2,,vv50105Transport_electron_carriers,
137,VIT_00s0317g00160,1133,0.5500,Chalcone and stilbene synthases,E2_3_1_74,,vv10941Flavonoid_biosynthesis,
138,VIT_05s0020g03080,1138,0.5484,Acyl-CoA synthetase long-chain member 6,E6_2_1_3_LACS6,,vv10071Fatty_acid_metabolism,vv44146Peroxisome
139,VIT_19s0085g00010,1124,0.5425,Auxin-regulated protein,AUXREG,,vv30003Auxin_signaling,
140,VIT_14s0030g01980,1117,0.5401,Auxin-induced protein PCNT115,AUXREG,,vv30003Auxin_signaling,
141,VIT_04s0023g03840,1113,0.5390,Beta-galactosidase,E3_2_1_23,,vv10052Galactose_metabolism,vv10511N-Glycan_degradation
142,VIT_11s0016g00300,1100,0.5324,Pectinesterase family,E3_1_1_11,,vv40006Cell_wall,
143,VIT_09s0002g00550,1101,0.5324,Lipase GDSL 1,,,,
144,VIT_03s0088g00110<br>VIT_03s0088g00050,1103,0.5321,
145,VIT_13s0019g05000,1084,0.5280,Cytokinesis Sec1 protein (KEULE),KEULE,,vv24130SNARE_interactions_in_vesicular_transport,vv44110Cell_cycle
146,VIT_06s0009g00850,1072,0.5227,Strictosidine synthase,E4_3_3_2,,vv10900Terpenoid_biosynthesis,vv10902Monoterpenoid_biosynthesis
147,VIT_11s0052g00360,1078,0.5190,No hit,,,,
148,VIT_12s0059g00150,1044,0.5048,Ankyrin repeat,K10380,,vv50108Accessory_factors_involved_in_transport,
149,VIT_11s0052g00880,1035,0.5029,NADPH-cytochrome P450 oxydoreductase isoform 3,E1_6_2_4,,vv10195Photosynthesis,
150,VIT_00s0480g00090<br>VIT_00s0480g00100,1037,0.5015,
151,VIT_14s0081g00560,1032,0.4986,WRKY DNA-binding protein 39,WRKY39_1,VvWRKY42,vv60066WRKY,
152,VIT_01s0150g00540,1028,0.4981,Unknown protein,,,,
153,VIT_11s0016g03920,1023,0.4968,Polyol transporter 5,PLT5,,vv50121Porters_cat_1_to_6,
154,VIT_11s0016g01340,1029,0.4942,Unknown protein,,,,
155,VIT_08s0007g01350,1019,0.4932,No hit,,,,
156,VIT_05s0077g01980,1018,0.4904,Unknown protein,,,,
157,VIT_05s0049g01280,1013,0.4868,COP1-interacting protein 7,CIP7,,vv24120Ubiquitin_mediated_proteolysis,
158,VIT_04s0008g06570,1007,0.4867,Chorismate mutase  cytosolic (CM2),E5_4_99_5,,vv10400Phenylalanine_tyrosine_and_tryptophan_biosynthesis,
159,VIT_04s0008g00280,1002,0.4852,Amino acid permease 1,AAP1,,vv50123Porters_cat_18_to_29,
160,VIT_04s0008g04380,998,0.4852,Vernalization insensitive 3,VIN3,,vv30009Flower_development,
161,VIT_14s0066g00600,1007,0.4851,Unknown protein,,,,
162,VIT_00s0392g00050,1002,0.4836,Protein-serine/threonine kinase,,,,
163,VIT_00s0203g00040,991,0.4825,Vesicle-associated membrane protein,VAMPREL,,vv50109Incompletely_characterized_transport_systems,
164,VIT_17s0000g02440,997,0.4819,Integral membrane protein,,,,
165,VIT_00s1328g00020,996,0.4809,Phytosulfokines PSK4,,,,
166,VIT_07s0005g02730,990,0.4806,Myb Radialis,RADIALIS_2,,vv30009Flower_development,vv60045MYBrelated
167,VIT_09s0002g06300,989,0.4796,Unknown,,,,
168,VIT_18s0001g01640,971,0.4671,UDP-sugar pyrophospharylase,E2_7_7_23,,vv10530Aminosugars_metabolism,
169,VIT_18s0001g11240,952,0.4617,MAPKKK5 (Mitogen-activated protein kinase kinase kinase 5),,,,
170,VIT_04s0023g03540,955,0.4609,Thaumatin SCUTL1,,,,
171,VIT_05s0077g00520,947,0.4586,Gibberellin 2-oxidase,E1_14_11_13,,vv10904Diterpenoid_biosynthesis,
172,VIT_16s0022g00960,950,0.4563,Invertase/pectin methylesterase inhibitor,PMEI,,vv40006Cell_wall,
173,VIT_12s0142g00450,936,0.4520,Unknown protein,,,,
174,VIT_15s0048g00770,924,0.4449,Kinesin motor KHC,KMKHC,,,
175,VIT_05s0094g00350,923,0.4444,Chitinase class IV,E3_2_1_14,,vv10530Aminosugars_metabolism,
176,VIT_11s0016g01770,910,0.4407,MKK2,K04368_MKK2,,vv34626Plant-pathogen_interaction,
177,VIT_00s0253g00110,911,0.4405,Methyl jasmonate esterase,MEJAE,,vv10592alpha-Linolenic_acid_metabolism,
178,VIT_18s0001g09300,907,0.4388,Protein Mpv17,K13348,,vv44146Peroxisome,
179,VIT_13s0067g01250,899,0.4364,Em protein GEA6 (EM6),,,,
180,VIT_09s0002g02490,886,0.4295,Dof zinc finger protein 1,ADOF1,,vv60015C2C2-DOF,
181,VIT_07s0031g00130,879,0.4273,Kinesin protein FRA1 (fragile fiber 1),FRA1,,vv44810Regulation_of_actin_cytoskeleton,
182,VIT_16s0115g00170,885,0.4263,Seed maturation protein PM28,,,,
183,VIT_19s0014g02360,887,0.4262,Phytosulfokine receptor precursor,,,,
184,VIT_07s0104g01340,883,0.4253,Nodulin MtN3 family,,,,
185,VIT_00s0317g00010,872,0.4221,Unknown,,,,
186,VIT_07s0005g01660,871,0.4216,Pentatricopeptide (PPR) repeat-containing protein,,,,
187,VIT_01s0011g05140,868,0.4167,Major latex-like protein ripening protein [grip61],,,,
188,VIT_03s0038g04390,858,0.4125,Dehydrin 1,,,,
189,VIT_14s0030g00590,856,0.4119,ABC transporter g family pleiotropic drug resistance 12 PDR12,ABCGPDR12,,vv52010ABC_transporters,
190,VIT_03s0063g00580,850,0.4112,Rad54,K10875,,vv23440Homologous_recombination,vv60058SNF2
191,VIT_12s0059g02710,845,0.4094,Pinene synthase,E4_2_3_14,,vv10902Monoterpenoid_biosynthesis,
192,VIT_04s0044g01410,849,0.4092,Photosystem I reaction center subunit N (PSAN),K02701,,vv10195Photosynthesis,vv50105Transport_electron_carriers
193,VIT_08s0040g01340,843,0.4084,Cellulose synthase CSLA09,E2_4_1_12_CSLA09,,vv40006Cell_wall,
194,VIT_11s0016g01040,837,0.4067,CYP92A2v4,,,,
195,VIT_15s0048g01390,833,0.4036,Gibberellin receptor GID1L3,GID1C,,vv30010Gibberellin_signaling,
196,VIT_05s0077g01190,828,0.4027,Outer envelope protein 16,OEP16,,vv50101Channels_and_pores,
197,VIT_03s0038g00430,832,0.4012,Enhanced disease susceptibility 5 EDS5,EDS5,,vv30011Jasmonate_signaling,vv50125Porters_cat_66_to_94
198,VIT_05s0020g01240,830,0.4002,Geranylgeranyl pyrophosphate synthase,E2_5_1_29,,vv10100Biosynthesis_of_steroids,vv10900Terpenoid_biosynthesis
199,VIT_03s0038g00670,823,0.3978,fructose-bisphosphate aldolase  chloroplast precursor,E4_1_2_13,,vv10010Glycolysis,vv10030Pentose_phosphate
200,VIT_15s0021g00310,815,0.3954,Ent-kaurenoic acid oxidase,E1_14_13_79,,vv10904Diterpenoid_biosynthesis,
201,VIT_19s0015g01310,798,0.3878,Amino acid permease 7,AAP7,,vv50123Porters_cat_18_to_29,
202,VIT_13s0067g00600,800,0.3872,Arginine-tRNA-protein transferase 1,E2_3_2_8,,vv20970Aminoacyl-tRNA_biosynthesis,
203,VIT_19s0027g00430,791,0.3838,No hit,,,,
204,VIT_04s0023g03120,792,0.3822,Histone H3,,,,
205,VIT_03s0017g01520,783,0.3814,Peptidyl-prolyl cis-trans isomerase ROC7 (rotamase CYP 7),ROC7,,,
206,VIT_07s0130g00260,785,0.3792,SET domain-containing protein,SETDOM_6,,vv60056SET_PCG,
207,VIT_16s0098g01150,781,0.3775,Auxin-responsive SAUR29,SAUR29,,vv30003Auxin_signaling,
208,VIT_03s0063g00790,780,0.3770,Carboxyesterase 13; CXE13,E3_1_1_1,,,
209,VIT_06s0080g00590,775,0.3748,Harpin-induced protein,,,,
210,VIT_10s0116g00400,775,0.3742,SEC14 cytosolic factor,SEC14,,vv50122Porters_cat_7_to_17,
211,VIT_14s0066g01720,775,0.3740,Bromo-adjacenty (BAH) domain-containing protein,,,,
212,VIT_10s0116g00560,771,0.3730,Polyphenol oxidase II  chloroplast precursor,E1_10_3_1,,vv10350Tyrosine_metabolism,vv50109Incompletely_characterized_transport_systems
213,VIT_04s0044g01380,765,0.3710,Myb domain protein 52,MYB52_3,MYB166,vv60044MYB,
214,VIT_11s0016g01050,766,0.3704,ferulate 5-hydroxylase,K09755,,vv10940Phenylpropanoid_biosynthesis,
215,VIT_00s0253g00090,763,0.3702,Methyl jasmonate esterase,MEJAE,,vv10592alpha-Linolenic_acid_metabolism,
216,VIT_14s0219g00290,760,0.3689,Esterase/lipase/thioesterase,,,,
217,VIT_00s0341g00070<br>VIT_00s0632g00010,761,0.3675,
218,VIT_11s0016g01230,750,0.3628,12-oxophytodienoate reductase 3,E1_3_1_42,,vv10592alpha-Linolenic_acid_metabolism,
219,VIT_10s0071g00020<br>VIT_10s0042g00050<br>VIT_13s0074g00070<br>VIT_10s0042g00030<br>VIT_10s0042g00020<br>VIT_13s0074g00080<br>VIT_10s0042g00010<br>VIT_00s0575g00020<br>VIT_10s0071g00010,747,0.3612,
220,VIT_00s0373g00030,742,0.3600,HSL2 (HAESA-like 2),,,,
221,VIT_00s0199g00240,742,0.3591,Pyrophosphate-fructose-6-phosphate 1-phosphotransferase,E2_7_1_90,,vv10051Fructose_and_mannose_metabolism,
222,VIT_18s0075g00410,740,0.3573,Sucrose-phosphate synthase - like protein,E2_4_1_14,,vv10500Starch_and_sucrose_metabolism,
223,VIT_12s0028g03270,731,0.3564,Ethylene-responsive transcription factor 9,ERF9_1,,vv30008Ethylene_signaling,vv60003AP2_EREBP
224,VIT_06s0004g04310,736,0.3542,Alcohol dehydrogenase,E1_1_1_1,,vv10010Glycolysis,vv10071Fatty_acid_metabolism
225,VIT_17s0000g03630,732,0.3533,No hit,,,,
226,VIT_06s0080g00420,729,0.3529,Glucan endo-1 3-beta-glucosidase 7 precursor,E3_2_1_39,,vv10500Starch_and_sucrose_metabolism,
227,VIT_15s0048g02980,725,0.3502,Unknown protein,,,,
228,VIT_00s0480g00070,725,0.3499,Polyphenol oxidase II  chloroplast precursor,E1_10_3_1,,vv10350Tyrosine_metabolism,vv50109Incompletely_characterized_transport_systems
229,VIT_13s0067g02930,703,0.3428,Expansin [Vitis labrusca x Vitis vinifera] EXPA8,EXPA8,,vv30003Auxin_signaling,
230,VIT_05s0124g00480,708,0.3410,2-hydroxyacyl-CoA lyase 1,K12261,,vv44146Peroxisome,
231,VIT_10s0003g01410,704,0.3404,CBL-interacting protein kinase 20 (CIPK20),CIPK20,,,
232,VIT_00s0253g00030,702,0.3388,BTI2 (VIRB2- interacting  protein 2),,,,
233,VIT_00s0291g00100,697,0.3379,ABC transporter B member 5,K05660,,vv52010ABC_transporters,
234,VIT_05s0094g00930,691,0.3332,Phosphoglucomutase/phosphomannomutase C terminal,E5_4_2_2,,vv10010Glycolysis,vv10030Pentose_phosphate
235,VIT_08s0007g06530,689,0.3330,DnaJ homolog  subfamily B  member 6,K09512,,vv50132Primary_active_transporter_cat_A5_to_A8,
236,VIT_17s0000g08460,688,0.3314,Carbonic anhydrase  chloroplast precursor,E4_2_1_1,,vv10910Nitrogen_metabolism,vv50124Porters_cat_30_to_64
237,VIT_02s0012g01450,664,0.3228,Basic helix-loop-helix BHLH071,BHLH071,,vv60011BHLH,
238,VIT_18s0001g07960,665,0.3220,Serine hydroxymethyltransferase,E2_1_2_1,,vv10260Glycine_serine_and_threonine_metabolism,vv10670One_carbon_pool_by_folate
239,VIT_09s0018g01490,662,0.3220,Anthraniloyal-CoA: methanol anthraniloyal transferase,AMAT,,vv10400Phenylalanine_tyrosine_and_tryptophan_biosynthesis,
240,VIT_09s0002g02080,664,0.3198,CYP90D2,K09589,,vv10905Brassinosteroid_biosynthesis,
241,VIT_06s0004g01890,655,0.3170,Cu2+-exporting ATPase HMA5 (heavy metal ATPase 5),K01533_HMA5,,vv50131Primary_active_transporter_cat_A2_to_A4,
242,VIT_16s0013g01880,656,0.3169,No hit,,,,
243,VIT_01s0026g01020,650,0.3151,Binding,,,,
244,VIT_14s0006g02900,650,0.3134,Monoglyceride lipase,E3_1_1_23,,vv10561Glycerolipid_metabolism,
245,VIT_02s0025g05050,649,0.3126,Zf A20 and AN1 domain-containing stress-associated protein 1,SAP1_1,,vv60077Other_zf-AN1,
246,VIT_06s0004g07530,642,0.3123,U2B'' (U2 small nuclear ribonucleoprotein B),K11094,,vv23040Spliceosome,
247,VIT_13s0158g00080,642,0.3100,Serine carboxypeptidase,,,,
248,VIT_02s0025g03590,641,0.3100,Phospholipid hydroperoxide glutathione peroxidase,E1_11_1_12,,vv10480Glutathione_metabolism,
249,VIT_00s0199g00220,637,0.3083,Phosphofructokinase,E2_7_1_90,,vv10051Fructose_and_mannose_metabolism,
250,VIT_16s0050g02530,633,0.3043,Myb Triptychon,TRIPTYCHON_1,,vv44110Cell_cycle,vv60045MYBrelated
251,VIT_00s0299g00090,625,0.3031,No hit,,,,
252,VIT_00s0218g00210,627,0.3028,Folate-biopterin transporter,FBT,,vv50125Porters_cat_66_to_94,
253,VIT_06s0004g06790,626,0.3024,Gibberellin 2-beta-dioxygenase 7,E1_14_11_13,,vv10904Diterpenoid_biosynthesis,
254,VIT_08s0007g08840,623,0.3021,Glycosyl transferaseHGA1,,,,
255,VIT_13s0067g00870,625,0.3021,Peptidyl-prolyl cis-trans isomerase ROC7 (rotamase CyP 7),ROC7,,,
256,VIT_14s0108g01460,618,0.2984,Circadian clock coupling factor,,,,
257,VIT_15s0048g00500,612,0.2959,Pectinesterase family,E3_1_1_11,,vv40006Cell_wall,
258,VIT_12s0057g00950,613,0.2953,No hit,,,,
259,VIT_13s0019g00750,609,0.2946,Annexin ANN4,ANN4,,vv50101Channels_and_pores,
260,VIT_06s0004g00220,606,0.2937,Protein kinase APK1B,,,,
261,VIT_06s0004g07790,613,0.2933,Lateral organ boundaries Domain 15,LBD15_1,,vv60007AS2,
262,VIT_10s0003g02960,608,0.2922,Glycosyl hydrolase family 17 protein,,,,
263,VIT_11s0016g00070,596,0.2910,Zinc finger (C3HC4-type ring finger),ZFC3HC4_95,,vv60078Other_zf-C3HC4,
264,VIT_09s0070g00240,599,0.2906,Cinnamoyl-CoA reductase,E1_2_1_44,,vv10940Phenylpropanoid_biosynthesis,
265,VIT_00s0125g00080,595,0.2891,No hit,,,,
266,VIT_03s0017g01210,594,0.2877,Phosphate-induced protein 1,,,,
267,VIT_04s0023g00530,596,0.2868,Auxin responsive SAUR protein,SAUR,,vv30003Auxin_signaling,
268,VIT_15s0046g01040,588,0.2861,Lipase class 3,,,,
269,VIT_16s0100g00390,589,0.2832,AP2 domain-containing transcription factor TINY,TINY_7,,vv30008Ethylene_signaling,vv60003AP2_EREBP
270,VIT_08s0056g00180,584,0.2825,Translation initiation factor IF-2B subunit delta,K03680,,,
271,VIT_07s0005g02480,580,0.2813,Myb domain protein 61,MYB61_1,MYB55A,vv60044MYB,
272,VIT_01s0011g03470,583,0.2803,Ethylene-responsive transcription factor ERF118,ERF118,VvERF122,vv30008Ethylene_signaling,vv60003AP2_EREBP
273,VIT_04s0008g01720,578,0.2800,Mechanosensitive ion channel,MSCSREL,,vv50101Channels_and_pores,
274,VIT_07s0129g00660,579,0.2777,Indole-3-acetic acid-amido synthetase GH3.2,AUXINBIOSYNTHESIS_GH3,,vv11002Auxin_biosynthesis,
275,VIT_05s0077g00270,574,0.2776,SPX1 (SYG1/Pho81/XPR1) domain-containing protein SPX1,SPX1,,vv50125Porters_cat_66_to_94,
276,VIT_18s0001g07410,573,0.2765,Basic helix-loop-helix (bHLH) family,BHLHDOM_65,,vv60011BHLH,
277,VIT_13s0019g02320,552,0.2680,No hit,,,,
278,VIT_10s0116g00980,553,0.2674,Unknown protein,,,,
279,VIT_18s0001g08550,549,0.2664,Squalene monooxygenase,E1_14_99_7,,vv10100Biosynthesis_of_steroids,vv10900Terpenoid_biosynthesis
280,VIT_04s0023g02150,548,0.2658,Phosphatidic acid phosphatase / PAP2,E3_1_3_4,,vv10561Glycerolipid_metabolism,vv10564Glycerophospholipid_metabolism
281,VIT_02s0033g00290,550,0.2657,Pinoresinol-lariciresinol reductase,PLR,,vv10940Phenylpropanoid_biosynthesis,
282,VIT_03s0017g00270,546,0.2639,Carbonic anhydrase  chloroplast precursor,E4_2_1_1,,vv10910Nitrogen_metabolism,vv50124Porters_cat_30_to_64
283,VIT_12s0028g03010,546,0.2633,Glutaredoxin,,,,
284,VIT_05s0020g00400,541,0.2625,Galactosyltransferase family protein,E2_4_x_x,,,
285,VIT_18s0041g02040,542,0.2622,12-oxophytodienoate reductase,E1_3_1_42,,vv10592alpha-Linolenic_acid_metabolism,
286,VIT_15s0021g02270,543,0.2617,Unknown protein,,,,
287,VIT_14s0060g00990,544,0.2612,Unknown,,,,
288,VIT_18s0001g02920,537,0.2603,Late embryogenesis abundant proteins,,,,
289,VIT_01s0011g00350,538,0.2585,CYP78A5,,,,
290,VIT_01s0010g01730,530,0.2568,Aldose reductase,E1_1_1_21,,vv10561Glycerolipid_metabolism,
291,VIT_13s0158g00130,524,0.2562,Lactoylglutathione lyase,E4_4_1_5,,vv10620Pyruvate_metabolism,
292,VIT_10s0116g00440,528,0.2559,Protein kinase G11A,,,,
293,VIT_02s0012g00940,526,0.2545,Late embryogenesis abundant group 1,,,,
294,VIT_11s0016g04510,523,0.2519,No hit,,,,
295,VIT_12s0055g00800,517,0.2496,Arachidonic acid-induced DEA1,,,,
296,VIT_04s0008g05430,512,0.2490,RDR6 (RNA-dependent RNA polymerase 6),,,,
297,VIT_01s0011g02750,506,0.2460,Nudix hydrolase 1,,,,
298,VIT_02s0154g00090,510,0.2459,Vacuolar invertase 2  GIN2,E3_2_1_26,,vv10052Galactose_metabolism,vv10500Starch_and_sucrose_metabolism
299,VIT_15s0045g01490,509,0.2455,Isoflavone methyltransferase/Orcinol O-methyltransferase 2 oomt2,E2_1_1_46,,vv10943Isoflavonoid_biosynthesis,
300,VIT_01s0011g05000,507,0.2453,Auxin-independent growth promoter,,,,
301,VIT_12s0028g01050,507,0.2453,Helicase in vascular tissue and TAPETUM,HVT1,,vv23040Spliceosome,
302,VIT_00s0226g00040,509,0.2451,Myb family,MYBREL_19,,vv60045MYBrelated,
303,VIT_08s0032g00470,507,0.2435,Periplasmic beta-glucosidase precursor,E3_2_1_21,,vv10460Cyanoamino_acid_metabolism,vv10500Starch_and_sucrose_metabolism
304,VIT_17s0000g00110,501,0.2431,Rubredoxin,C00340,,vv10071Fatty_acid_metabolism,
305,VIT_10s0003g00720,505,0.2429,No hit,,,,
306,VIT_04s0023g01560,494,0.2386,Unknown protein,,,,
307,VIT_01s0011g04100,490,0.2382,No hit,,,,
308,VIT_06s0080g01060,494,0.2374,Calcium-binding EF hand,,,,
309,VIT_06s0080g00610,492,0.2370,No hit,,,,
310,VIT_12s0057g01400,486,0.2344,Steroid nuclear receptor  ligand-binding,,,,
311,VIT_08s0007g06480,480,0.2322,Unknown protein,,,,
312,VIT_15s0021g00970,472,0.2293,NAK-type protein kinase,,,,
313,VIT_18s0072g00110,473,0.2281,Light stress-responsive one-helix protein,,,,
314,VIT_02s0025g00510,469,0.2272,Respiratory burst oxidase protein F (RBOHF),RBOHF,,vv30001ABA_signaling,vv34626Plant-pathogen_interaction
315,VIT_16s0098g00290,463,0.2251,GLT1 (NADH-dependent glutamate synthase 1 gene),E1_4_1_14,,vv10251Glutamate_metabolism,vv10910Nitrogen_metabolism
316,VIT_02s0025g01300,468,0.2249,Unknown protein,,,,
317,VIT_06s0004g04180,468,0.2247,Zinc finger (C2H2 type) protein (ZAT11),ZAT11,,vv60017C2H2,
318,VIT_02s0087g00880,458,0.2218,Nodulin,MTN21,,vv50122Porters_cat_7_to_17,
319,VIT_01s0010g03620,457,0.2212,LHCA2 (Photosystem I light harvesting complex gene 2),K08908,,vv10196Photosynthesis_antenna_proteins,vv50105Transport_electron_carriers
320,VIT_08s0007g08330,452,0.2189,Polygalacturonase PG1,E3_2_1_15,,vv40006Cell_wall,
321,VIT_14s0219g00130,452,0.2187,PQ-loop repeat / transmembrane,PQLOOP,,vv50124Porters_cat_30_to_64,
322,VIT_07s0005g02960,448,0.2186,Kelch repeat-containing F-box protein,,,,
323,VIT_18s0166g00250,449,0.2184,No hit,,,,
324,VIT_09s0002g05280,447,0.2165,2-oxoglutarate-dependent dioxygenase,,,,
325,VIT_18s0089g00070,448,0.2160,TIR-NBS-LRR-TIR disease resistance protein,,,,
326,VIT_16s0022g01310,447,0.2150,Hydroxymethylglutaryl coenzyme A synthase,E4_1_3_4,,vv10072Synthesis_and_degradation_of_ketone_bodies,vv10280Valine_leucine_and_isoleucine_degradation
327,VIT_07s0005g05960,440,0.2131,Cytokinin dehydrogenase 5 precursor,E1_5_99_12,,vv10908Zeatin_biosynthesis,
328,VIT_06s0004g07090,439,0.2122,Unknown protein,,,,
329,VIT_00s0454g00010,437,0.2121,Subtilase,,,,
330,VIT_19s0015g01970,430,0.2076,Unknown,,,,
331,VIT_17s0000g03200,422,0.2054,Unknown protein,,,,
332,VIT_05s0102g00590,421,0.2047,No hit,,,,
333,VIT_17s0000g06360,414,0.1992,Alpha-expansin 3,EXPA3,,vv30003Auxin_signaling,
334,VIT_18s0001g11520,415,0.1990,flavonoid 3-monooxygenase,E1_14_13_21,,vv10941Flavonoid_biosynthesis,
335,VIT_07s0129g00510,413,0.1985,Unknown,,,,
336,VIT_13s0064g00670,403,0.1952,No hit,,,,
337,VIT_18s0001g00280,402,0.1947,OPCL1 (OPC-8:0 COA ligase1),K10526,,vv10592alpha-Linolenic_acid_metabolism,vv50104Group_translocators
338,VIT_09s0002g04110,394,0.1905,Peroxisome assembly protein 2 (Peroxin-2) (PEX2),K06664,,vv44146Peroxisome,vv50133Primary_active_transporter_cat_A9_to_A18
339,VIT_16s0039g00220,391,0.1902,Aquaporin BETA-TIP,TIP_BETA,,vv50101Channels_and_pores,
340,VIT_05s0094g01150,391,0.1901,Allyl alcohol dehydrogenase,,,,
341,VIT_07s0205g00070,394,0.1895,Phosphoenolpyruvate carboxykinase,E4_1_1_49,,vv10020Citrate_cycle,vv10620Pyruvate_metabolism
342,VIT_02s0033g01410,393,0.1890,Alpha-glucosidase 2,E3_2_1_20,,vv10052Galactose_metabolism,vv10500Starch_and_sucrose_metabolism
343,VIT_14s0066g02580,388,0.1872,Zinc finger (C3HC4-type ring finger),ZFC3HC4_86,,vv60078Other_zf-C3HC4,
344,VIT_10s0071g01080,382,0.1854,Unknown protein,,,,
345,VIT_11s0016g05770,382,0.1838,Alkaline alpha galactosidase 2,E3_2_1_22,,vv10052Galactose_metabolism,vv10561Glycerolipid_metabolism
346,VIT_16s0022g02150,379,0.1827,Lectin,,,,
347,VIT_10s0003g01980,375,0.1799,RKF1 (receptor-like kinase in flowers 1),,,,
348,VIT_12s0034g01980,369,0.1789,Globulin-like protein,,,,
349,VIT_04s0044g01520,367,0.1777,GA 20-oxidase 2,E1_14_11_12,,vv10904Diterpenoid_biosynthesis,
350,VIT_01s0010g01170,360,0.1737,YGGT,,,,
351,VIT_12s0142g00400,357,0.1724,Copper-transporting ATPase PAA1,K01533_PAA1,,vv50131Primary_active_transporter_cat_A2_to_A4,
352,VIT_10s0003g04070,352,0.1692,Metallo-beta-lactamase,E3_5_2_6,,vv10311Penicillin_and_cephalosporin_biosynthesis,
353,VIT_13s0019g00730,350,0.1684,Annexin ANN3,ANN3,,vv50101Channels_and_pores,
354,VIT_00s1525g00010,346,0.1676,GAE3 (UDP-D- glcucuronate  4-epimerase 3),E5_1_3_6,,vv10500Starch_and_sucrose_metabolism,vv10520Nucleotide_sugars_metabolism
355,VIT_14s0006g02720,347,0.1672,Hexose transporter  Plastid,VVPGLT,,vv50121Porters_cat_1_to_6,
356,VIT_07s0005g00390,338,0.1642,Beta Glucosidase 11,BGLU11,,,
357,VIT_18s0001g07700,334,0.1621,Ethylene-inducible CTR1,CTR1,,vv30008Ethylene_signaling,
358,VIT_03s0063g01060,333,0.1610,Myb family,MYBGE_19,,vv60029G2-like,
359,VIT_06s0004g07950,332,0.1606,Superoxide dismutase  Fe-Mn family,K04564,,vv44146Peroxisome,
360,VIT_02s0025g03700,329,0.1587,ATP binding protein,,,,
361,VIT_01s0127g00680,326,0.1578,SRO2 (similar to rcd one 2),E2_4_2_30,,vv10760Nicotinate_and_nicotinamide_metabolism,
362,VIT_09s0002g05070,319,0.1549,RPS5 (resistant to p. syringae 5),K13460,,vv34627R_proteins_from_Plant-pathogen_interaction,
363,VIT_17s0000g03510,316,0.1530,Serine/threonine kinase BRLK,,,,
364,VIT_06s0004g06620,316,0.1528,Zinc finger (C3HC4-type ring finger),ZFC3HC4_100,,vv60078Other_zf-C3HC4,
365,VIT_09s0002g06820,311,0.1510,Equilibrative nucleoside transporter ENT8,ENT8,,vv50124Porters_cat_30_to_64,
366,VIT_00s0389g00020,309,0.1489,Acyl-CoA oxidase (ACX1),E1_3_3_6_ACX1,,vv10071Fatty_acid_metabolism,vv10592Alpha-linolenic_acid_metabolism
367,VIT_07s0104g00830,308,0.1484,Sugar transporter ERD6-like 7,ERD6L7,,vv50121Porters_cat_1_to_6,
368,VIT_08s0040g01820,301,0.1451,No hit,,,,
369,VIT_06s0004g04380,296,0.1427,Unknown protein,,,,
370,VIT_18s0001g01610,291,0.1411,Heat shock protein 16.9 kDa class I,K13993,,vv24141Protein_processing_in_endoplasmic_reticulum,
371,VIT_11s0052g00920,290,0.1402,Unknown protein,,,,
372,VIT_19s0014g03370,286,0.1390,Methyltransferase type 11,,,,
373,VIT_01s0010g03890,277,0.1343,Unknown,,,,
374,VIT_19s0090g01390,273,0.1318,Acyltransferase,E2_3_1_x,,,
375,VIT_09s0018g00080,270,0.1300,No hit,,,,
376,VIT_14s0068g01580,265,0.1283,Basic helix-loop-helix (bHLH) family,BHLHDOM_50,,vv60011BHLH,
377,VIT_13s0047g01230,263,0.1276,flavonoid 1-2 rhamnosyltransferase,E2_4_1_236,,vv10941Flavonoid_biosynthesis,
378,VIT_02s0025g03240,265,0.1271,Protein kinase,,,,
379,VIT_00s1291g00030<br>VIT_00s0768g00040<br>VIT_00s0929g00020,258,0.1254,
380,VIT_18s0076g00290,252,0.1214,No hit,,,,
381,VIT_16s0039g02550,250,0.1203,Seed specific protein Bn15D1B,,,,
382,VIT_04s0008g07340,250,0.1198,Constans-like 4,COL4,,vv30009Flower_development,vv34710Circadian_rhythm
383,VIT_00s0253g00020<br>VIT_00s1380g00030,247,0.1197,
384,VIT_12s0142g00630,247,0.1195,Calcineurin-like phosphoesterase family,,,,
385,VIT_18s0001g15000,246,0.1189,ACT domain containing protein (ACR4),,,,
386,VIT_16s0100g00570,241,0.1169,Dehydration-responsive protein,,,,
387,VIT_06s0061g00180,241,0.1165,WD40,,,,
388,VIT_01s0011g05390,240,0.1152,Invertase/pectin methylesterase inhibitor,PMEI,,vv40006Cell_wall,
389,VIT_01s0011g05070,237,0.1146,Major latex-like protein 34,,,,
390,VIT_00s0414g00010,235,0.1133,Cellulose synthase CSLE1,E2_4_1_12_CSLE1,,vv40006Cell_wall,
391,VIT_17s0000g01500,232,0.1123,SWIB complex BAF60b domain-containing protein,SWIB_1,,vv60092SWIB,
392,VIT_11s0065g00470,229,0.1117,Protein kinase APK1B,,,,
393,VIT_07s0005g00890,229,0.1109,Polygalacturonase GH28,E3_2_1_15,,vv40006Cell_wall,
394,VIT_02s0241g00180,227,0.1097,UDP-D- glcucuronate  4-epimerase 5 GAE5,E5_1_3_6,,vv10500Starch_and_sucrose_metabolism,vv10520Nucleotide_sugars_metabolism
395,VIT_10s0003g04090,226,0.1087,Remorin,,,,
396,VIT_11s0016g00770,226,0.1084,Actin beta/gamma 1,K05692,,vv44810Regulation_of_actin_cytoskeleton,
397,VIT_02s0234g00110,224,0.1077,Oleosin OLE-4,,,,
398,VIT_19s0015g01760,220,0.1064,Photosystem I reaction center subunit V (PSAG),K08905,,vv10195Photosynthesis,vv50105Transport_electron_carriers
399,VIT_12s0055g00820,215,0.1037,Serine carboxypeptidase II,,,,
400,VIT_16s0098g01050,211,0.1027,RNA binding / nucleic acid binding / nucleotide binding [Arabidopsis thaliana],,,,
401,VIT_05s0020g03490,210,0.1021,ferredoxin,K02639,,vv10195Photosynthesis,
402,VIT_01s0137g00520<br>VIT_01s0137g00560<br>VIT_01s0137g00550,211,0.1019,
403,VIT_00s0125g00330,211,0.1018,TET10 (tetraspanin10),,,,
404,VIT_14s0066g02530,208,0.1005,Fumarate reductase/succinate dehydrogenase flavoprotein,E1_3_99_1,,vv10020Citrate_cycle,vv10190Oxidative_phosphorylation
405,VIT_08s0007g00980,204,0.0995,Integral membrane family protein UPF0497,,,,
406,VIT_11s0016g00800,205,0.0988,Unknown protein,,,,
407,VIT_14s0030g01470,206,0.0987,Late embryogenesis abundant protein D-34 (LEA D-34),,,,
408,VIT_04s0044g00770,205,0.0985,Cellulose synthase CSLE1,E2_4_1_12_CSLE1,,vv40006Cell_wall,
409,VIT_09s0002g07060,202,0.0980,Receptor protein kinase PERK1,,,,
410,VIT_01s0010g01340,200,0.0970,GTPase activating protein,,,,
411,VIT_16s0022g00500,199,0.0965,ABC transporter C member 12,K05672,,vv52010ABC_transporters,
412,VIT_18s0001g11460,199,0.0959,CYP82C4,,,,
413,VIT_18s0001g14350,192,0.0930,No hit,,,,
414,VIT_13s0019g04290,192,0.0930,No hit,,,,
415,VIT_17s0000g00520,191,0.0924,Forever young oxidoreductase,,,,
416,VIT_14s0066g00700,188,0.0910,Oleosin H-isoform,,,,
417,VIT_06s0009g01470,185,0.0898,Embryo-abundant protein-related,,,,
418,VIT_12s0035g00130,183,0.0884,TIR1 (transport inhibitor response 1),TIR1,,vv30003Auxin_signaling,
419,VIT_06s0061g00670,180,0.0874,Salutaridine reductase,E1_1_1_248,,vv10950Alkaloid_biosynthesis_I,
420,VIT_07s0104g01290,179,0.0868,TUBBY like protein 3 TLP3,TLP3_9,,vv60063TUB,
421,VIT_11s0016g05110,180,0.0868,Sodium hypersensitive 1,SHS1,,vv50123Porters_cat_18_to_29,
422,VIT_02s0025g03810,178,0.0862,Potassium channel AKT5,AKT5,,vv50101Channels_and_pores,
423,VIT_15s0048g01880,171,0.0829,Armadillo/beta-catenin repeat,,,,
424,VIT_01s0011g03360,173,0.0829,Unknown,,,,
425,VIT_05s0077g02100,167,0.0808,Senescence-associated protein,,,,
426,VIT_06s0004g02870,168,0.0807,Unknown protein,,,,
427,VIT_05s0051g00070,165,0.0799,Coenzyme F420 hydrogenase/dehydrogenase beta subunit,E1_12_98_1,,,
428,VIT_08s0007g06420,165,0.0796,No hit,,,,
429,VIT_00s0253g00100,160,0.0775,Methyl jasmonate esterase,MEJAE,,vv10592alpha-Linolenic_acid_metabolism,
430,VIT_17s0000g09080,159,0.0765,Myb domain protein 4,MYB4_3,MYB147,vv60044MYB,
431,VIT_07s0005g04920,158,0.0762,Photosystem I reaction center subunit IV B (PSAE B),K02693,,vv10195Photosynthesis,vv50105Transport_electron_carriers
432,VIT_16s0050g02650,155,0.0751,Unknown protein,,,,
433,VIT_15s0021g00940,154,0.0746,Senescence-associated protein,,,,
434,VIT_19s0015g01550,152,0.0736,Phenylalanine-tRNA ligase,E6_1_1_20,,vv10400Phenylalanine_tyrosine_and_tryptophan_biosynthesis,vv20970Aminoacyl-tRNA_biosynthesis
435,VIT_07s0129g00500,151,0.0729,Seed maturation protein PM21,,,,
436,VIT_12s0057g01240,150,0.0729,Indole-3-glycerol phosphate synthase,E4_1_1_48,,vv10400Phenylalanine_tyrosine_and_tryptophan_biosynthesis,
437,VIT_02s0025g01930,151,0.0728,Cellulose synthase CSLG3,E2_4_1_12_CSLG3,,vv40006Cell_wall,
438,VIT_06s0004g03340,149,0.0716,Ribose-5-phosphate isomerase,E5_3_1_6,,vv10030Pentose_phosphate,vv10710Carbon_fixation
439,VIT_18s0001g06130,147,0.0713,No hit,,,,
440,VIT_16s0100g00400,145,0.0699,Ethylene-responsive transcription factor ERF025,ERF025,VvERF019,vv30008Ethylene_signaling,vv60003AP2_EREBP
441,VIT_15s0024g00040,143,0.0688,LHCA3 (Photosystem I light harvesting complex gene 3),K08909,,vv10196Photosynthesis_antenna_proteins,vv50105Transport_electron_carriers
442,VIT_13s0019g00820,138,0.0667,Early-responsive to dehydration,,,,
443,VIT_04s0023g01680,136,0.0653,No hit,,,,
444,VIT_13s0067g01770,136,0.0652,Steroid 5alpha-reductase,K09591,,vv10905Brassinosteroid_biosynthesis,
445,VIT_14s0030g01160,133,0.0639,R protein disease resistance protein,RPROT,,vv34627R_proteins_from_Plant-pathogen_interaction,
446,VIT_12s0028g01080,132,0.0635,Photosystem II oxygen-evolving complex precursor  23kda PSBP,K02717,,vv10195Photosynthesis,vv50135Primary_active_transporter_cat_D3_to_E2
447,VIT_03s0091g00670,131,0.0634,Lateral organ boundaries protein 38,LBD38_1,,vv60007AS2,
448,VIT_18s0001g03660,130,0.0629,Aspartokinase-homoserine dehydrogenase,E2_7_2_4,,vv10260Glycine_serine_and_threonine_metabolism,vv10300Lysine_biosynthesis
449,VIT_00s0199g00190,130,0.0628,14-3-3 protein GF14 kappa (GRF8),,,,
450,VIT_04s0023g00510,129,0.0627,Auxin responsive SAUR protein,SAUR,,vv30003Auxin_signaling,
451,VIT_02s0109g00230,129,0.0624,Early-responsive to dehydration protein / ERD protein,,,,
452,VIT_14s0128g00340,126,0.0612,Seed maturation protein PM34,,,,
453,VIT_12s0028g01350,126,0.0610,RKF1 (receptor-like kinase in flowers 1),,,,
454,VIT_14s0128g00790,126,0.0607,Lipoxygenase (LOX1),E1_13_11_12,,vv10592alpha-Linolenic_acid_metabolism,
455,VIT_16s0039g00500,125,0.0607,No hit,,,,
456,VIT_14s0030g00250,125,0.0606,Sugar transporter ERD6-like 3,ERD6L3,,vv50121Porters_cat_1_to_6,
457,VIT_15s0107g00240,125,0.0601,Unknown protein,,,,
458,VIT_07s0005g02080,122,0.0593,No hit,,,,
459,VIT_14s0060g00010,121,0.0586,Ribosomal protein L21,K02888,,vv23010Ribosome,
460,VIT_16s0050g02340,119,0.0578,Regulator of nonsense transcripts 1,K14326,,vv23013RNA_transport,vv23015mRNA_surveillance_pathway
461,VIT_06s0061g01300,117,0.0566,Prephenate dehydratase,E4_2_1_51,,vv10400Phenylalanine_tyrosine_and_tryptophan_biosynthesis,
462,VIT_15s0048g01870,117,0.0565,Arginine/serine-rich splicing factor RSP41,,,,
463,VIT_05s0094g01080,116,0.0560,Ankyrin protein kinase,K10380,,vv50108Accessory_factors_involved_in_transport,
464,VIT_00s1213g00020,114,0.0551,Cellulose synthase CSLE1,E2_4_1_12_CSLE1,,vv40006Cell_wall,
465,VIT_00s1543g00010<br>VIT_00s0194g00160,112,0.0541,
466,VIT_03s0038g04280,111,0.0538,Protein BCCIP homolog,,,,
467,VIT_19s0014g02190,112,0.0537,Tyrosine aminotransferase,E2_6_1_5,,vv10271Methionine_metabolism,vv10350Tyrosine_metabolism
468,VIT_03s0063g01890,111,0.0535,Ring-H2 finger protein ATL3G,,,,
469,VIT_03s0038g03730,110,0.0533,Niemann-Pick C1 protein precursor,NPC1,,vv50121Porters_cat_1_to_6,
470,VIT_06s0004g05950,108,0.0522,Unknown protein,,,,
471,VIT_07s0031g03080,105,0.0509,No hit,,,,
472,VIT_04s0023g00310,104,0.0503,CBS domain-containing protein,,,,
473,VIT_01s0026g01300,101,0.0487,Unknown protein,,,,
474,VIT_13s0019g02040,100,0.0483,Lectin protein kinase,,,,
475,VIT_08s0007g02860,100,0.0482,RNA-binding protein,,,,
476,VIT_01s0011g04960,100,0.0482,Unknown protein,,,,
477,VIT_04s0008g06660,99,0.0478,Unknown protein,,,,
478,VIT_19s0015g01300,98,0.0475,Amino acid permease 7,AAP7,,vv50123Porters_cat_18_to_29,
479,VIT_10s0116g00140,96,0.0465,Abnormal leaf shape 1 ALE1,,,,
480,VIT_08s0040g03070,96,0.0465,TTG2 (transparent testa GLABRA 2),TTG2,VvWRKY26,vv44110Cell_cycle,vv60066WRKY
481,VIT_01s0127g00540,94,0.0455,Protein disulfide isomerase,E5_3_4_1,,,
482,VIT_12s0059g01790,94,0.0454,Caffeic acid O-methyltransferase,E2_1_1_68,,vv10940Phenylpropanoid_biosynthesis,
483,VIT_18s0001g15070,94,0.0451,No hit,,,,
484,VIT_04s0008g04730,89,0.0431,Unknown protein,,,,
485,VIT_14s0030g00210,88,0.0425,Sugar transporter ERD6-like 5,ERD6L5,,vv50121Porters_cat_1_to_6,
486,VIT_02s0012g00570,87,0.0421,Pseudo-response regulator 2 (APRR2) (TOC2),APRR2,,vv30007Cytokinin_signaling,vv60006ARR-B
487,VIT_00s2191g00010<br>VIT_07s0005g06010<br>VIT_00s2520g00010,87,0.0420,
488,VIT_14s0068g00380,85,0.0411,NLI interacting factor (NIF) family protein,,,,
489,VIT_07s0141g00020,85,0.0411,Sensitive to proton rhizotoxicity 1,STOP1_3,,vv60017C2H2,
490,VIT_05s0020g04490,85,0.0410,No hit,,,,
491,VIT_01s0026g01940,83,0.0402,No hit,,,,
492,VIT_10s0003g05000,83,0.0401,VTC2 (vitamin C defective),VTC2,,vv10053Ascorbate_and_aldarate_metabolism,
493,VIT_04s0023g01670,82,0.0398,Unknown protein,,,,
494,VIT_05s0094g01000,80,0.0386,Indole-3-acetate beta-glucosyltransferase,E2_4_1_121,,vv11002Auxin_biosynthesis,
495,VIT_02s0025g05100,78,0.0379,AT-hook DNA-binding protein,,,,
496,VIT_11s0016g01850,78,0.0378,Anthocyanidin-3-glucoside rhamnosyltransferase,RHATR,,vv10942Anthocyanin_biosynthesis,
497,VIT_14s0060g02720,79,0.0378,Alpha-L-fucosidase 2 precursor,E3_2_1_51,,vv10511N-Glycan_degradation,
498,VIT_13s0019g01220,76,0.0369,Scarecrow transcription factor 3 (SCL3),SCL3_3,,vv60032GRAS,
499,VIT_19s0015g00110,76,0.0367,CYP71D10,E1_14_13_73,,vv10902Monoterpenoid_biosynthesis,
500,VIT_02s0025g04120,76,0.0366,Calmodulin binding protein,,,,
501,VIT_02s0025g02900,75,0.0362,Zinc transporter MTPA2,MTPA2,,vv50121Porters_cat_1_to_6,
502,VIT_08s0007g02020,75,0.0362,Proton-dependent oligopeptide transport (POT) family protein,POT,,vv50122Porters_cat_7_to_17,
503,VIT_05s0029g01140,73,0.0353,Sucrose-phosphate synthase,E2_4_1_14,,vv10500Starch_and_sucrose_metabolism,
504,VIT_09s0002g02430,73,0.0351,ABC transporter C member 12,K05672,,vv52010ABC_transporters,
505,VIT_18s0072g00820,72,0.0347,VFB3 (VIER F- box  proteinE 3),,,,
506,VIT_11s0118g00800,71,0.0344,KNAT2 (knotted1-like homeobox gene 3),KNAT3_2,VvHB40,vv60034HB,
507,VIT_00s1235g00020<br>VIT_00s0976g00010,71,0.0343,
508,VIT_03s0038g00250<br>VIT_03s0038g00230,70,0.0338,
509,VIT_04s0008g03630,69,0.0333,Binding,,,,
510,VIT_00s0665g00040,69,0.0332,RAB GTPase RABH1E,K07976,,,
511,VIT_13s0067g02950,69,0.0332,Appr-1-p processing enzyme,,,,
512,VIT_19s0090g00830,67,0.0324,Phytepsin,K08245,,vv50101Channels_and_pores,
513,VIT_03s0017g00560,65,0.0315,Disease resistance RPP13 protein 4,,,,
514,VIT_06s0061g00640,65,0.0313,Salutaridine reductase,E1_1_1_248,,vv10950Alkaloid_biosynthesis_I,
515,VIT_01s0127g00840,65,0.0313,DNA-binding protein,,,,
516,VIT_14s0060g01100,65,0.0313,Unknown protein,,,,
517,VIT_05s0051g00880,64,0.0311,No hit,,,,
518,VIT_03s0132g00430,64,0.0309,Kinesin family member 22,K10403,,vv44810Regulation_of_actin_cytoskeleton,
519,VIT_18s0075g00650,63,0.0306,No hit,,,,
520,VIT_00s0291g00050,63,0.0303,Octicosapeptide/Phox/Bem1p (PB1) domain-containing protein,,,,
521,VIT_09s0018g01790,62,0.0302,Integral membrane Yip1 family protein,YIP1,,vv50110Protein_coat,
522,VIT_11s0065g00100,62,0.0300,Carbonic anhydrase,E4_2_1_1,,vv10910Nitrogen_metabolism,vv50124Porters_cat_30_to_64
523,VIT_02s0012g01020,61,0.0296,Zinc finger (C3HC4-type ring finger),ZFC3HC4_174,,vv60078Other_zf-C3HC4,
524,VIT_02s0025g03820,61,0.0296,Potassium transporter 2,KUP2,,vv50125Porters_cat_66_to_94,
525,VIT_17s0000g04490,61,0.0296,Extracellular Ca2+ sensing receptor,,,,
526,VIT_00s2879g00020,59,0.0286,ATP-dependent Clp protease proteolytic subunit,E3_4_21_92,,,
527,VIT_00s0908g00010<br>VIT_10s0003g00020,59,0.0285,
528,VIT_00s2269g00010,59,0.0285,Armadillo/beta-catenin repeat,,,,
529,VIT_19s0027g01810,58,0.0280,Invertase/pectin methylesterase inhibitor,PMEI,,vv40006Cell_wall,
530,VIT_14s0030g01330,58,0.0280,No hit,,,,
531,VIT_16s0050g01000,57,0.0277,Unknown protein,,,,
532,VIT_05s0102g00620,57,0.0275,No hit,,,,
533,VIT_15s0021g02670,57,0.0275,Expansin beta 1 precursor,EXPB1,,vv30003Auxin_signaling,
534,VIT_00s0415g00080,57,0.0275,Beta-D-xylosidase,E3_2_1_37,,vv10500Starch_and_sucrose_metabolism,vv10520Nucleotide_sugars_metabolism
535,VIT_12s0028g01220,56,0.0271,Zinc finger (C3HC4-type ring finger),ZFC3HC4_212,,vv60078Other_zf-C3HC4,
536,VIT_15s0046g03390,56,0.0271,K+ efflux antiporter (KEA1),KEA1,,vv50124Porters_cat_30_to_64,
537,VIT_13s0074g00730,56,0.0269,PID (PINOID),PINOID,,vv50004Auxin_transport,vv50125Porters_cat_66_to_94
538,VIT_04s0008g05120,55,0.0265,Phospholipase/carboxylesterase,E3_1_1_1,,,
539,VIT_08s0056g00100,54,0.0262,Protein kinase,,,,
540,VIT_09s0002g00580,53,0.0257,Lipase GDSL 3,,,,
541,VIT_13s0064g01320,53,0.0256,CYP712A1,,,,
542,VIT_02s0025g00580,53,0.0256,Glycoside hydrolase  family 5,,,,
543,VIT_18s0001g00170,52,0.0252,Unknown protein,,,,
544,VIT_07s0005g00370,52,0.0251,Glycosyl hydrolase family 1 protein,,,,
545,VIT_02s0012g02570,52,0.0251,Guanine nucleotide-binding protein alpha-1 subunit,,,,
546,VIT_08s0032g01030,52,0.0250,Glutaredoxin,,,,
547,VIT_17s0000g01400,51,0.0247,Nucleotide pyrophosphatase,E3_6_1_9,,vv10230Purine_metabolism,vv10500Starch_and_sucrose_metabolism
548,VIT_15s0046g02030,51,0.0247,Protein kinase,,,,
549,VIT_14s0030g02110,51,0.0247,Ca2+-transporting ATPase type 2 isoform 8,K01537,,vv34020Calcium_signaling_pathway,vv50131Primary_active_transporter_cat_A2_to_A4
550,VIT_18s0122g00420,50,0.0243,Laccase,E1_10_3_2,,vv11000Single_reactions,vv50109Incompletely_characterized_transport_systems
551,VIT_12s0059g00060<br>VIT_12s0059g00130<br>VIT_12s0059g00090,50,0.0242,
552,VIT_00s0131g00260,50,0.0242,Annexin ANN4,ANN4,,vv50101Channels_and_pores,
553,VIT_04s0023g00480,50,0.0241,Unknown,,,,
554,VIT_01s0137g00330,49,0.0236,Cysteine proteinase,E3_4_22_x,,,
555,VIT_03s0038g02900,48,0.0232,Thioredoxin-like protein CDSP32,,,,
556,VIT_04s0008g03730,48,0.0231,4-amino-4-deoxychorismate lyase,E4_1_3_38,,vv10790Folate_biosynthesis,
557,VIT_18s0001g04980,47,0.0228,Acetyl-CoA carboxylase 2 (ACC2),E6_4_1_2,,vv10061Fatty_acid_biosynthesis,vv10620Pyruvate_metabolism
558,VIT_01s0026g01290,47,0.0228,Glycosyl transferase family 14 protein,,,,
559,VIT_18s0001g07590,46,0.0223,Argininosuccinate lyase,E4_3_2_1,,vv10220Urea_cycle_and_metabolism_of_amino_groups,vv10252Alanine_and_aspartate_metabolism
560,VIT_09s0002g04260,46,0.0223,Unknown protein,,,,
561,VIT_05s0062g00810,46,0.0223,Lipoprotein,,,,
562,VIT_18s0001g15060,46,0.0222,No hit,,,,
563,VIT_00s0480g00060,46,0.0222,Polyphenol oxidase [Vitis vinifera],E1_10_3_1,,vv10350Tyrosine_metabolism,vv50109Incompletely_characterized_transport_systems
564,VIT_01s0011g02300,45,0.0219,Unknown protein,,,,
565,VIT_06s0080g00360,45,0.0218,BZIP transcription factor,BZIPDOM_5,VvbZIP20,vv60012BZIP,
566,VIT_11s0103g00020,44,0.0214,No hit,,,,
567,VIT_12s0059g00870,44,0.0214,MAPKKK15,,,,
568,VIT_08s0056g01120,44,0.0213,MATE efflux family protein,MATE,,vv50125Porters_cat_66_to_94,
569,VIT_01s0011g05660,42,0.0204,Zinc finger (Ran-binding) family,ZFRANBPDOM_10,,vv60080Other_zf,
570,VIT_13s0064g01290,42,0.0203,Basic helix-loop-helix (bHLH) family,BHLHDOM_60,,vv60011BHLH,
571,VIT_16s0050g00120,42,0.0203,B57,,,,
572,VIT_02s0012g02090,41,0.0199,Unknown protein,,,,
573,VIT_04s0008g03920,41,0.0196,Dimethylaniline monooxygenase  N-oxide-forming,E1_14_13_8,,vv11000Single_reactions,
574,VIT_04s0008g05790,39,0.0189,No hit,,,,
575,VIT_13s0047g00460,39,0.0189,Essential for mitotic growth 1,K14568,,vv23008Ribosome_biogenesis_in_Eukaryotes,
576,VIT_16s0039g02100,39,0.0188,U4/U6 small nuclear ribonucleoprotein PRP31,K12844,,vv23040Spliceosome,
577,VIT_12s0028g03550,39,0.0188,Basic helix-loop-helix (bHLH) family,BHLHDOM_64,,vv60011BHLH,
578,VIT_14s0030g00200,38,0.0184,Sugar transporter ERD6-like 5,ERD6L5,,vv50121Porters_cat_1_to_6,
579,VIT_14s0066g00960,37,0.0179,Glutaredoxin,,,,
580,VIT_07s0005g05400,37,0.0179,Abscisic acid-insensitive protein 3 (ABI3),ABI3_2,,vv30001ABA_signaling,vv30003Auxin_signaling
581,VIT_16s0050g02620,36,0.0175,Abscisic acid receptor PYL8  RCAR3,RCAR3,,vv30001ABA_signaling,
582,VIT_18s0001g12880,36,0.0174,Jasmonate O-methyltransferase,E2_1_1_141,,vv10592alpha-Linolenic_acid_metabolism,
583,VIT_00s0233g00180<br>VIT_02s0154g00190,36,0.0173,
584,VIT_02s0025g04330,36,0.0172,Thaumatin VVTL1 [Vitis vinifera],,,,
585,VIT_00s0194g00010,35,0.0168,Phenylalanine-tRNA ligase,E6_1_1_20,,vv10400Phenylalanine_tyrosine_and_tryptophan_biosynthesis,vv20970Aminoacyl-tRNA_biosynthesis
586,VIT_18s0001g07370,34,0.0165,Ubiquitin carboxyl-terminal hydrolase 16,E3_1_2_15,,vv24120Ubiquitin_mediated_proteolysis,
587,VIT_01s0150g00320,34,0.0165,Nudix hydrolase 13,,,,
588,VIT_15s0021g01530,33,0.0160,VAD1 (vascular associated death1),,,,
589,VIT_06s0080g00260,33,0.0159,Seed maturation protein PM38,,,,
590,VIT_11s0016g03580,32,0.0155,Catalytic,,,,
591,VIT_18s0001g13540,32,0.0155,Glycine-rich protein,,,,
592,VIT_18s0001g09530,32,0.0154,Zinc finger (C3HC4-type ring finger),ZFC3HC4_123,,vv60078Other_zf-C3HC4,
593,VIT_05s0062g00630,31,0.0150,UDP-glucose transferase (UGT75B2),E2_4_1_35,,vv10500Starch_and_sucrose_metabolism,
594,VIT_02s0025g03100,31,0.0150,Cinnamyl alcohol dehydrogenase,E1_1_1_195,,vv10940Phenylpropanoid_biosynthesis,
595,VIT_05s0062g01220,30,0.0146,Prolyl-4 hydroxylase,E1_14_11_2,,vv10330Arginine_and_proline_metabolismis,
596,VIT_08s0007g03800,30,0.0146,Unknown protein,,,,
597,VIT_17s0000g08390,30,0.0145,1-deoxy-D-xylulose 5-phosphate reductoisomerase  chloroplast,E1_1_1_267,,vv10100Biosynthesis_of_steroids,
598,VIT_06s0004g04420,29,0.0140,Lactoylglutathione lyase,E4_4_1_5,,vv10620Pyruvate_metabolism,
599,VIT_04s0008g00610,28,0.0136,Zinc finger (CCCH-type) family protein,CCCHFAM_38,,vv60018C3H,
600,VIT_17s0000g00010,28,0.0135,MtN19,,,,
601,VIT_04s0008g01100,28,0.0135,CYP706A12,,,,
602,VIT_07s0104g00410,28,0.0135,Endo-1 3;1 4-beta-D-glucanase precursor,E3_2_1_73,,,
603,VIT_05s0077g00940,27,0.0131,Phytochrome B,PHYB,,vv30011Jasmonate_signaling,vv34710Circadian_rhythm
604,VIT_06s0004g04550,27,0.0131,Ankyrin repeat,K10380,,vv50108Accessory_factors_involved_in_transport,
605,VIT_18s0001g09900,27,0.0130,No hit,,,,
606,VIT_01s0010g03800,26,0.0126,Unknown protein,,,,
607,VIT_18s0001g12380,26,0.0126,Continuous vascular ring (COV1),COV1,,vv30003Auxin_signaling,
608,VIT_04s0023g03710,26,0.0126,Myb domain protein 4,MYB4_1,MYB4B,vv60044MYB,
609,VIT_08s0058g00660,26,0.0125,Protein phosphatase 1D,K10147,,,
610,VIT_02s0025g03180,25,0.0121,Nodulin MtN21 family,MTN21,,vv50122Porters_cat_7_to_17,
611,VIT_07s0104g00840,25,0.0121,RKF3 (receptor-like kinase IN in flowers 3),,,,
612,VIT_18s0001g02550,24,0.0116,Delta-aminolevulinic acid dehydratase  chloroplast precursor,E4_2_1_24,,vv10860Porphyrin_and_chlorophyll_metabolism,
613,VIT_15s0046g01970,24,0.0116,Anthocyanidine rhamnosyl-transferase,RHATR,,vv10942Anthocyanin_biosynthesis,
614,VIT_08s0058g00020,23,0.0111,Proteasome 26S regulatory subunit (RPN5),K03035,,vv23050Proteasome,
615,VIT_18s0001g12110,22,0.0107,No hit,,,,
616,VIT_05s0049g01780,22,0.0107,Caleosin,CALEOSIN,,vv30001ABA_signaling,
617,VIT_15s0021g02110,21,0.0102,AP2 domain-containing transcription factor TINY,TINY_8,VvERF029,vv30008Ethylene_signaling,vv60003AP2_EREBP
618,VIT_06s0004g06770,21,0.0102,No hit,,,,
619,VIT_09s0002g04470,21,0.0101,No hit,,,,
620,VIT_09s0002g03780,21,0.0101,Integral membrane family protein UPF0497,,,,
621,VIT_18s0001g02740,21,0.0101,Photosystem II 22 kDa protein PSBS,K03542,,vv10195Photosynthesis,
622,VIT_13s0019g03550,21,0.0101,APETALA2 (AP2) floral homeotic protein,APETALA2TOE2_1,VvAP2-11,vv30008Ethylene_signaling,vv30009Flower_development
623,VIT_08s0007g05320,20,0.0097,Essential for mitotic growth 1,K14568,,vv23008Ribosome_biogenesis_in_Eukaryotes,
624,VIT_18s0001g11900,20,0.0097,GNS1/SUR4 membrane,,,,
625,VIT_09s0002g01900,20,0.0097,APM1 (Aminopeptidase M1),APM1,,vv50004Auxin_transport,
626,VIT_13s0019g03190,20,0.0097,Zinc finger (C3HC4-type ring finger),ZFC3HC4_191,,vv60078Other_zf-C3HC4,
627,VIT_19s0090g00930,20,0.0097,Rcd1 cell differentiation protein,RCD1_2,,vv23018RNA_degradation,vv60090RCD1
628,VIT_05s0094g01160,20,0.0097,Allyl alcohol dehydrogenase,,,,
629,VIT_13s0019g01470,19,0.0092,Geranylgeranyltransferase type I beta subunit,E2_5_1_59,,vv10100Biosynthesis_of_steroids,
630,VIT_15s0046g01300,19,0.0092,No hit,,,,
631,VIT_02s0109g00250,19,0.0092,4-coumarate-CoA ligase,E6_2_1_12,,vv10940Phenylpropanoid_biosynthesis,vv50104Group_translocators
632,VIT_07s0005g00140,19,0.0092,Peripheral-type benzodiazepine receptor,K05770,,vv50109Incompletely_characterized_transport_systems,
633,VIT_17s0000g05410,19,0.0092,Galactosyltransferase,E2_4_x_x,,,
634,VIT_01s0011g00760,19,0.0091,Beta-glucosidase,E3_2_1_21,,vv10460Cyanoamino_acid_metabolism,vv10500Starch_and_sucrose_metabolism
635,VIT_14s0006g02070,18,0.0088,Unknown,,,,
636,VIT_05s0029g00790,18,0.0088,Emp24/gp25L/p24 family protein,EMP24,,vv50110Protein_coat,
637,VIT_09s0002g02630,18,0.0087,IAA-amino acid hydrolase 3,IAR3,,vv11002Auxin_biosynthesis,
638,VIT_09s0002g01400,18,0.0087,Myb domain protein 7,MYB7_1,MYBPA5,vv60044MYB,
639,VIT_19s0014g03780,18,0.0087,Unknown protein,,,,
640,VIT_07s0005g02230,18,0.0087,S-adenosylmethionine synthetase 1 (SAM1),E2_5_1_6,,vv10271Methionine_metabolism,vv10450Selenoamino_acid_metabolism
641,VIT_04s0044g00530,18,0.0087,PAP/fibrillin family,K06825,,,
642,VIT_02s0025g01320,18,0.0087,No hit,,,,
643,VIT_03s0017g00330,17,0.0082,No hit,,,,
644,VIT_05s0094g00230,17,0.0082,Chitinase 5,E3_2_1_14,,vv10530Aminosugars_metabolism,
645,VIT_03s0088g01250,17,0.0082,D-threo-aldose 1-dehydrogenase,E1_1_1_122,,vv10053Ascorbate_and_aldarate_metabolism,
646,VIT_05s0049g01520,16,0.0078,Cyanate hydratase,E4_2_1_104,,vv10910Nitrogen_metabolism,
647,VIT_04s0023g02850,16,0.0078,NC domain-containing protein,,,,
648,VIT_05s0062g00800,16,0.0078,No hit,,,,
649,VIT_06s0004g06890,16,0.0077,Potassium transporter (KUP1),KUP1,,vv50125Porters_cat_66_to_94,
650,VIT_06s0004g03830,16,0.0077,Chitinase 1,E3_2_1_14,,vv10530Aminosugars_metabolism,
651,VIT_03s0091g00580,16,0.0077,Protein Mpv17,K13348,,vv44146Peroxisome,
652,VIT_11s0016g03000,16,0.0077,Phosphoinositide 3-kinase regulatory subunit 4,K08333,,vv44140Regulation_of_autophagy,
653,VIT_04s0008g06170,16,0.0077,Unknown protein,,,,
654,VIT_14s0108g00270,16,0.0077,Aldose 1-epimerase,E5_1_3_3,,vv10010Glycolysis,
655,VIT_05s0020g02480,16,0.0077,Glutamine synthetase,E6_3_1_2,,vv10251Glutamate_metabolism,vv10550Peptidoglycan_biosynthesis
656,VIT_19s0014g00840,15,0.0073,Unknown protein,,,,
657,VIT_11s0016g05580,15,0.0073,Methyl-CpG-binding domain-containing protein,,,,
658,VIT_12s0028g02160,15,0.0072,Ribulose bisphosphate carboxylase  large chain,E4_1_1_39,,vv10710Carbon_fixation,
659,VIT_10s0003g05280,15,0.0072,No hit,,,,
660,VIT_01s0011g01360,14,0.0068,Copper-transporting ATPase RAN1,K01533_RAN1,,vv50131Primary_active_transporter_cat_A2_to_A4,
661,VIT_13s0019g02300,14,0.0068,Wall-associated receptor kinase-like 20,,,,
662,VIT_05s0094g00920,14,0.0068,formin protein AHF1,FH1,,vv44810Regulation_of_actin_cytoskeleton,
663,VIT_00s0615g00030,14,0.0068,Mannitol dehydrogenase (ELI3-1),E1_1_1_67,,vv10051Fructose_and_mannose_metabolism,
664,VIT_01s0026g01240,14,0.0068,Beta-1 3 galactosyltransferase 5,K03877,,vv10602Glycosphingolipid_biosynthesis,
665,VIT_18s0001g00510,14,0.0067,Prolyl endopeptidase,E3_4_21_26,,,
666,VIT_15s0048g01810,13,0.0063,fructosamine kinase,,,,
667,VIT_14s0171g00150,13,0.0063,Avr9/Cf-9 rapidly elicited protein 57,,,,
668,VIT_07s0005g02800,13,0.0063,ADP-glucose pyrophosphorylase large subunit 2,E2_7_7_27,,vv10500Starch_and_sucrose_metabolism,
669,VIT_19s0015g01000,13,0.0063,Zinc finger (C3HC4-type ring finger),ZFC3HC4_216,,vv60078Other_zf-C3HC4,
670,VIT_18s0001g02120,13,0.0062,Metal transporter Nramp6,NRAMP6,,vv50124Porters_cat_30_to_64,
671,VIT_18s0001g09990,13,0.0062,Cysteine protease CP1,E3_4_22_x,,,
672,VIT_14s0108g01310,12,0.0058,Blue (type 1) copper domain,,,,
673,VIT_06s0004g00160,12,0.0058,Pentatricopeptide (PPR) repeat-containing protein,,,,
674,VIT_18s0001g02130,12,0.0058,Metal transporter Nramp6,NRAMP6,,vv50124Porters_cat_30_to_64,
675,VIT_08s0056g01040,12,0.0058,MATE efflux family protein,MATE,,vv50125Porters_cat_66_to_94,
676,VIT_18s0001g06220,12,0.0058,F-box protein (FBW2),,,,
677,VIT_19s0015g01850,12,0.0058,CLC-F (chloride channel F),K05393_CLCF,,vv50124Porters_cat_30_to_64,
678,VIT_05s0020g00600,12,0.0058,1-cys peroxiredoxin,E1_11_1_7,,vv10360Phenylalanine_metabolism,vv10680Methane_metabolism
679,VIT_01s0026g02360,12,0.0058,NAC domain-containing protein 9,NAC009_2,VvNAC27,vv60046NAC,
680,VIT_08s0058g00640,12,0.0058,Patellin-5,,,,
681,VIT_04s0008g01610,12,0.0058,Heat shock protein 17.6 kDa class II,K13993,,vv24141Protein_processing_in_endoplasmic_reticulum,
682,VIT_18s0001g08020,12,0.0058,Unknown protein,,,,
683,VIT_18s0001g01570,12,0.0058,Seed maturation protein PM31,,,,
684,VIT_07s0104g00630,12,0.0057,Zinc finger (C3HC4-type ring finger),ZFC3HC4_113,,vv60078Other_zf-C3HC4,
685,VIT_01s0137g00430,11,0.0053,Cellulase,E3_2_1_4,,vv40006Cell_wall,
686,VIT_09s0070g00680,10,0.0049,Glycerol kinase,E2_7_1_30,,vv10561Glycerolipid_metabolism,
687,VIT_16s0022g01250,10,0.0049,Unknown protein,,,,
688,VIT_14s0066g02310,10,0.0048,ABC transporter B member 11,K05664,,vv52010ABC_transporters,
689,VIT_03s0063g02270,10,0.0048,Cytochrome c biogenesis orf452,,,,
690,VIT_08s0007g04300,10,0.0048,Lipase GDSL,,,,
691,VIT_12s0034g00310,10,0.0048,TIR-NBS disease resistance,,,,
692,VIT_06s0061g01180,10,0.0048,PHD finger transcription factor,DDTPHD_1,,vv60025DDT,
693,VIT_01s0011g04730,9,0.0044,Unknown protein,,,,
694,VIT_07s0129g00920,9,0.0044,Receptor-like protein kinase,,,,
695,VIT_04s0008g06320,9,0.0044,Unknown protein,,,,
696,VIT_04s0008g02850,9,0.0044,Proteasome 20S beta subunit A (PBA1) (PRCD),K02738a,,vv23050Proteasome,
697,VIT_17s0000g02570,9,0.0044,MAPK (MPK8),,,,
698,VIT_03s0038g03570,9,0.0044,Monocopper oxidase SKS5 (SKU5 Similar 5),SKS5,,vv50109Incompletely_characterized_transport_systems,
699,VIT_18s0001g04940<br>VIT_18s0001g04920,9,0.0044,
700,VIT_08s0058g00940,9,0.0044,2OG-Fe(II) oxygenase,,,,
701,VIT_08s0007g06430,9,0.0044,No hit,,,,
702,VIT_00s1312g00010,9,0.0044,Basic helix-loop-helix (bHLH) family,BHLHDOM_70,,vv60011BHLH,
703,VIT_19s0014g03770,9,0.0044,Retrotransposon,,,,
704,VIT_18s0072g01110,9,0.0044,GASA like,GASAL,,vv30010Gibberellin_signaling,
705,VIT_13s0064g00410,9,0.0044,R protein MLA10,K13475,,vv34627R_proteins_from_Plant-pathogen_interaction,
706,VIT_07s0129g00320,9,0.0043,formamidase  putative / formamide amidohydrolase  putative,E3_5_1_49,,vv10630Glyoxylate_and_dicarboxylate_metabolism,vv10910Nitrogen_metabolism
707,VIT_11s0037g00190,9,0.0043,Endonuclease/exonuclease/phosphatase  related,E3_1_30_x,,,
708,VIT_10s0003g05010,9,0.0043,No hit,,,,
709,VIT_15s0107g00350,9,0.0043,Diacylglycerol kinase,E2_7_1_107,,vv10561Glycerolipid_metabolism,vv10564Glycerophospholipid_metabolism
710,VIT_13s0019g05120,9,0.0043,Cysteine proteinase precursor,E3_4_22_x,,,
711,VIT_00s0181g00080,9,0.0043,F-box domain containing protein,,,,
712,VIT_14s0006g01810,9,0.0043,Unknown,,,,
713,VIT_04s0023g02980,9,0.0043,Pectinesterase family,E3_1_1_11,,vv40006Cell_wall,
714,VIT_18s0089g00160,9,0.0043,1 4-beta-mannan endohydrolase,E3_2_1_78,,vv10051Fructose_and_mannose_metabolism,
715,VIT_05s0077g02140,7,0.0034,fatty acid multifunctional protein (MFP2),E4_2_1_17,vv10650Butanoate_metabolism,vv10062Fatty_acid_elongation_in_mitochondria,vv10071Fatty_acid_metabolism
716,VIT_09s0002g09140,7,0.0034,Ethylene-responsive transcription factor ERF003,ERF003_3,VvERF047,vv30008Ethylene_signaling,vv60003AP2_EREBP
717,VIT_07s0005g00380,7,0.0034,Glycosyl hydrolase family 1 protein,,,,
718,VIT_12s0059g01800,7,0.0034,Unknown protein,,,,
719,VIT_18s0001g07790,7,0.0034,Unknown,,,,
720,VIT_00s0558g00030,7,0.0034,Pro-X carboxypeptidase Lysosomal,E3_4_16_2,,,
721,VIT_14s0068g02030,6,0.0029,Import receptor subunit TOM20-3  Mitochondrial,TOM20_3,,vv50132Primary_active_transporter_cat_A5_to_A8,
722,VIT_13s0064g01370,6,0.0029,Polygalacturonase inhibiting protein 1 PGIP1,PGIP,,,
723,VIT_07s0005g00990,6,0.0029,Dehydration-induced 19,,,,
724,VIT_17s0000g08940,6,0.0029,FKBP12 interacting protein (FIP37),,,,
725,VIT_16s0050g01170,6,0.0029,Unknown,,,,
726,VIT_18s0001g06720,6,0.0029,Rieske [2Fe-2S] domain,RIESKE,,,
727,VIT_18s0001g09390,6,0.0029,Protein phosphatase 2C,E3_1_3_16,,,
728,VIT_01s0011g02880,6,0.0029,Cationic amino acid transporter 8,CAT8,,vv50121Porters_cat_1_to_6,
729,VIT_17s0000g05580,6,0.0029,Isopiperitenol dehydrogenase,E1_1_1_223,,vv10902Monoterpenoid_biosynthesis,
730,VIT_11s0016g04330,6,0.0029,Unknown,,,,
731,VIT_12s0028g02180,6,0.0029,Phosphoenolpyruvate carboxylase.,E4_1_1_31,,vv10620Pyruvate_metabolism,vv10710Carbon_fixation
732,VIT_00s0238g00020,6,0.0029,Unknown protein,,,,
733,VIT_18s0001g09540,6,0.0029,MADS-box agamous-like 67,AGL67,,vv60042MADS,
734,VIT_18s0001g12020,6,0.0029,Brassinosteroid Signaling positive regulator (BZR1),BZR1_2,,vv30005Brassinosteroids_signaling,vv60010BES1
735,VIT_15s0046g00290,6,0.0029,Auxin response factor 18,ARF18,,vv30003Auxin_signaling,vv60004ARF
736,VIT_02s0154g00450,6,0.0029,Zinc knuckle,ZFC2HC,,,
737,VIT_06s0004g05190,6,0.0029,D-xylose-H+ symporter,VGT1,,vv50121Porters_cat_1_to_6,
738,VIT_01s0026g02630,6,0.0029,GTP cyclohydrolase I,E3_5_4_16,,vv10790Folate_biosynthesis,
739,VIT_16s0022g00890,6,0.0029,Invertase/pectin methylesterase inhibitor,PMEI,,vv40006Cell_wall,
740,VIT_01s0011g00750,6,0.0029,Glycosyl hydrolase family 1,,,,
741,VIT_08s0007g06670,6,0.0029,Homeobox-leucine zipper protein 14,HAT14_1,VvHB32,vv60034HB,
742,VIT_04s0023g02070,6,0.0029,Trichohyalin AUL1 (auxin-like 1 protein),,,,
743,VIT_14s0030g01660,6,0.0029,Serine/threonine kinase WNK1,WNK1,,vv34710Circadian_rhythm,
744,VIT_12s0059g00050,6,0.0029,Ankyrin repeat,K10380,,vv50108Accessory_factors_involved_in_transport,
745,VIT_10s0003g00130,6,0.0029,ERF Domain protein 12,ERF12_2,VvERF061,vv30008Ethylene_signaling,vv60003AP2_EREBP
746,VIT_09s0018g01870,6,0.0029,D-3-phosphoglycerate dehydrogenase  chloroplast precursor (3-PGDH),E1_1_1_95,,vv10260Glycine_serine_and_threonine_metabolism,
747,VIT_11s0016g03950,6,0.0029,Dehydration-responsive protein (RD22),RD22,,,
748,VIT_05s0124g00510,6,0.0029,Oxalyl-CoA decarboxylase [Vitis vinifera],E4_1_1_8,,vv10630Glyoxylate_and_dicarboxylate_metabolism,
749,VIT_14s0068g01360,6,0.0029,GEM-like protein 5,,,,
750,VIT_03s0063g00180,6,0.0029,U-box domain-containing protein,,,,
751,VIT_07s0005g05950,4,0.0019,FAD linked oxidase  N-terminal,,,,
752,VIT_12s0055g00100,4,0.0019,Anthranilate synthase component 1,E4_1_3_27,,vv10400Phenylalanine_tyrosine_and_tryptophan_biosynthesis,
753,VIT_04s0023g00490,4,0.0019,Auxin responsive SAUR protein,SAUR,,vv30003Auxin_signaling,
754,VIT_18s0001g03640,4,0.0019,No hit,,,,
755,VIT_13s0074g00690,4,0.0019,ABC transporter G member 22,ABCG22,,vv52010ABC_transporters,
756,VIT_12s0059g00480,4,0.0019,No hit,,,,
757,VIT_18s0086g00520,3,0.0015,No hit,,,,
758,VIT_17s0000g01120,3,0.0015,Unknown protein,,,,
759,VIT_01s0137g00470,3,0.0015,SEC14 cytosolic factor,SEC14,,vv50122Porters_cat_7_to_17,
760,VIT_06s0009g01740,3,0.0015,Geranylgeranyl reductase,CHLP,,vv10100Biosynthesis_of_steroids,
761,VIT_00s0304g00080,3,0.0015,Trehalose-6-phosphate phosphatase,E3_1_3_12,,vv10500Starch_and_sucrose_metabolism,
762,VIT_02s0025g01260,3,0.0015,NADPH HC toxin reductase,,,,
763,VIT_18s0041g00260,3,0.0015,R protein  PRF  disease resistance protein,K13453,,vv34627R_proteins_from_Plant-pathogen_interaction,
764,VIT_17s0000g01150,3,0.0015,DnaJ homolog  subfamily B  member 12,K09518,,vv50132Primary_active_transporter_cat_A5_to_A8,
765,VIT_05s0102g00710,3,0.0015,fructokinase-1,E2_7_1_4,,vv10051Fructose_and_mannose_metabolism,vv10500Starch_and_sucrose_metabolism
766,VIT_17s0000g00320,3,0.0015,Auxin response factor 2,ARF2_1,,vv30003Auxin_signaling,vv60004ARF
767,VIT_18s0001g06250,3,0.0015,3-deoxy-D-arabino-heptulosonate 7-phosphate synthase,E2_5_1_54,,vv10400Phenylalanine_tyrosine_and_tryptophan_biosynthesis,
768,VIT_18s0001g01590,3,0.0015,BTB/POZ domain-containing protein,BTBDOM_1,,vv60093TRAF,
769,VIT_02s0012g00310,3,0.0015,Lon protease,E3_4_21_53,,,
770,VIT_00s0186g00010,3,0.0015,Hexaprenyldihydroxybenzoate methyltransferase,E2_1_1_114,,vv10130Ubiquinone_biosynthesis,
771,VIT_01s0026g00350,3,0.0015,Basic helix-loop-helix (bHLH) family,BHLHDOM_55,,vv60011BHLH,
772,VIT_14s0006g00260,3,0.0015,Methyl-CPG-binding Domain 9 MBD9,MBD9_8,,vv30009Flower_development,vv60048PHD
773,VIT_00s0194g00080,3,0.0015,Phototropic-responsive NPH3,,,,
774,VIT_01s0150g00510,3,0.0015,Protein phosphatase 2C,E3_1_3_16,,,
775,VIT_09s0002g05250,3,0.0015,Aminotransferase class I and II,E2_6_1_1,vv10710Carbon_fixation,vv10252Alanine_and_aspartate_metabolism,vv10272Cysteine_metabolism
776,VIT_12s0059g02320,3,0.0015,Unknown protein,,,,
777,VIT_16s0013g00880,3,0.0015,Oleosin OLE-4,,,,
778,VIT_18s0001g04790,3,0.0015,Aspartyl protease,E3_4_23_x,,,
779,VIT_11s0016g00830,3,0.0015,Ribose isomerase,E5_3_1_20,,vv10030Pentose_phosphate,
780,VIT_08s0058g00650,3,0.0015,Aldose reductase,E1_1_1_21,,vv10040Pentose_glucuronate_interconversion,vv10051Fructose_and_mannose_metabolism
781,VIT_05s0094g00340,3,0.0015,Chitinase class IV,E3_2_1_14,,vv10530Aminosugars_metabolism,
782,VIT_11s0037g00710,3,0.0015,Trehalose-phosphate phosphatase,E3_1_3_12,,vv10500Starch_and_sucrose_metabolism,
783,VIT_14s0068g00680,3,0.0015,Glyceraldehyde-3-phosphate dehydrogenase A  chloroplast precursor,E1_2_1_12,,vv10010Glycolysis,
784,VIT_13s0064g00110,3,0.0015,No hit,,,,
785,VIT_15s0046g00960,3,0.0015,Beclin 1 protein [Vitis vinifera],,,,
786,VIT_03s0038g02990,3,0.0015,No hit,,,,
787,VIT_19s0090g01480,3,0.0015,Na+/H+ exchanger 4,NHX4,,vv50124Porters_cat_30_to_64,
788,VIT_03s0038g00450,3,0.0015,Squalene synthase,E2_5_1_21,,vv10100Biosynthesis_of_steroids,vv10900Terpenoid_biosynthesis
789,VIT_02s0025g01940,3,0.0015,Cellulose synthase CSLG3,E2_4_1_12_CSLG3,,vv40006Cell_wall,
790,VIT_12s0134g00510,3,0.0015,Cytochrome B6-F complex iron-sulfur subunit  PETC,K02636,,vv10195Photosynthesis,vv50135Primary_active_transporter_cat_D3_to_E2
791,VIT_08s0105g00270,3,0.0015,NC domain-containing protein,,,,
792,VIT_06s0004g02370,3,0.0015,Cinnamyl alcohol dehydrogenase,E1_1_1_195,,vv10940Phenylpropanoid_biosynthesis,
793,VIT_14s0108g01420,3,0.0015,DEFENSE NO death 1,K05391_DND1,,vv34626Plant-pathogen_interaction,vv50101Channels_and_pores
794,VIT_18s0089g00910,3,0.0015,Auxin response factor 1,ARF1_3,,vv30003Auxin_signaling,vv60004ARF
795,VIT_18s0072g01040,3,0.0015,Invertase  neutral/alkaline,E3_2_1_26,,vv10052Galactose_metabolism,vv10500Starch_and_sucrose_metabolism
796,VIT_18s0001g00710,3,0.0015,No hit,,,,
797,VIT_17s0000g06020,3,0.0014,TCP family transcription factor TCP14,TCP14_1,,vv60061TCP,
798,VIT_08s0040g01270,3,0.0014,Dual specificity protein phosphatase,,,,
799,VIT_17s0000g04860,3,0.0014,Unknown,,,,
800,VIT_12s0028g03300,3,0.0014,Zinc finger (CCCH-type) family protein,CCCHFAM_22,,vv60018C3H,
801,VIT_08s0007g07110,3,0.0014,Unknown protein,,,,
802,VIT_18s0001g13800,3,0.0014,CYP71AT2v2,,,,
803,VIT_01s0011g04650,3,0.0014,Unknown protein,,,,
804,VIT_07s0005g03400,3,0.0014,Globulin 11S,,,,
805,VIT_17s0000g09210,3,0.0014,No pollen (Osnop),,,,
806,VIT_17s0053g00850,3,0.0014,Cyclic nucleotide-binding transporter 1,K05391_CNBT1,,vv34626Plant-pathogen_interaction,vv50101Channels_and_pores
807,VIT_01s0011g05110,3,0.0014,Major latex protein 22,,,,
808,VIT_00s2739g00010,3,0.0014,Basic helix-loop-helix (bHLH) family,BHLHDOM_71,,vv60011BHLH,
809,VIT_12s0057g01560,3,0.0014,Phospholipid/glycerol acyltransferase,E2_3_1_51,,vv10561Glycerolipid_metabolism,vv10564Glycerophospholipid_metabolism
810,VIT_15s0048g01070,3,0.0014,Vacuolar iron transporter 1,VIT1,,vv50125Porters_cat_66_to_94,
811,VIT_16s0050g01190,3,0.0014,Metal ion binding,,,,
812,VIT_02s0025g01170,3,0.0014,COP1-interactive protein 1 / CIP1,CIP1,,vv24120Ubiquitin_mediated_proteolysis,
813,VIT_09s0054g01610,3,0.0014,Synaptic vesicle 2-related protein,SVOP,,vv50121Porters_cat_1_to_6,
814,VIT_14s0030g00900,3,0.0014,MRP-like ABC transporter MRP6,MRP6,,vv52010ABC_transporters,
815,VIT_08s0007g00840,3,0.0014,Ribulose bisphosphate carboxylase/oxygenase activase  chloroplast,,,,
816,VIT_03s0063g00800,3,0.0014,Carboxyesterase 12; CXE12,E3_1_1_1,,,
817,VIT_12s0178g00010,3,0.0014,PHP domain-containing protein,,,,
818,VIT_19s0014g03160,3,0.0014,NADPH:protochlorophyllide oxidoreductase,E1_3_1_33,,vv10860Porphyrin_and_chlorophyll_metabolism,
819,VIT_03s0180g00280,3,0.0014,Indole-3-acetate beta-glucosyltransferase,E2_4_1_121,,vv11002Auxin_biosynthesis,
820,VIT_14s0068g01210,3,0.0014,Sex determination protein tasselseed-2,,,,
821,VIT_00s0264g00100,3,0.0014,Phospholipase D delta isoform 1b,PLDB1,,vv10564Glycerophospholipid_metabolism,vv10565Ether_lipid_metabolism
822,VIT_01s0150g00480,3,0.0014,Protein binding protein,,,,
823,VIT_14s0108g00450,3,0.0014,No hit,,,,
824,VIT_00s0253g00080,3,0.0014,Methyl jasmonate esterase,MEJAE,,vv10592alpha-Linolenic_acid_metabolism,
825,VIT_16s0098g01420,3,0.0014,DOF affecting germination 1,DAG1_2,,vv60015C2C2-DOF,
826,VIT_08s0007g07140,3,0.0014,Esterase/lipase/thioesterase family protein,,,,
827,VIT_16s0013g01140,3,0.0014,Phosphofructokinase,E2_7_1_90,,vv10051Fructose_and_mannose_metabolism,
828,VIT_00s2085g00010,3,0.0014,Leucine-rich repeat family protein,,,,
829,VIT_09s0002g08320,3,0.0014,Unknown,,,,
830,VIT_00s1290g00010,3,0.0014,Chitinase Class I,E3_2_1_14,,vv10530Aminosugars_metabolism,
831,VIT_17s0000g02650,3,0.0014,Myb domain protein 7,MYB7_2,MYBC2-L4,vv60044MYB,
832,VIT_13s0320g00040,3,0.0014,Glycosyl hydrolase family 20 protein,,,,
833,VIT_15s0048g00930,3,0.0014,ATP-dependent DNA helicase 2 subunit 2 ku80,K10885,,vv23450Non_homologous_end_joining,
834,VIT_07s0005g00660,3,0.0014,Late embryogenis abundant protein 5,,,,
835,VIT_04s0023g01140,3,0.0014,GNS1/SUR4 membrane protein,,,,
836,VIT_04s0023g01890,3,0.0014,Unknown protein,,,,
837,VIT_06s0004g03950,3,0.0014,No hit,,,,
838,VIT_18s0086g00320,3,0.0014,No hit,,,,
839,VIT_05s0020g01110,3,0.0014,Pectinacetylesterase,PAE,,vv40006Cell_wall,
840,VIT_06s0004g02390,3,0.0014,Triacylglycerol lipase,E3_1_1_3,,vv10561Glycerolipid_metabolism,
841,VIT_18s0001g00720,3,0.0014,Protein kinase,,,,
