Vv_m2,2000,1000,VIT_05s0020g03170
rank,node,Fabs,Frel,Functional-annotation,Name-EC-KeggID,Updated-name,Network1,Network2
1,VIT_01s0011g04270,2072,0.9995,Receptor kinase homolog LRK10,,,,
2,VIT_02s0025g01200,2076,0.9986,Leaf senescence protein,,,,
3,VIT_06s0061g00350,2076,0.9981,ABC transporter G member 7,ABCG7,,vv52010ABC_transporters,
4,VIT_08s0007g07920,2068,0.9976,Unknown protein,,,,
5,VIT_13s0158g00100,2069,0.9928,MADS-box agamous-like 15,AGL15_1,,vv60042MADS,
6,VIT_19s0090g01490,2051,0.9913,Glycerophosphoryl diester phosphodiesterase,E3_1_4_46,,vv10564Glycerophospholipid_metabolism,
7,VIT_00s0375g00040,2051,0.9903,NAC domain-containing protein 25,NAC025_3,VvNAC03,vv60046NAC,
8,VIT_00s0227g00200,2048,0.9903,formin protein AHF1,FH1,,vv44810Regulation_of_actin_cytoskeleton,
9,VIT_07s0095g00750,2053,0.9899,Auxin-independent growth promoter (axi 1),AXI1,,vv30003Auxin_signaling,
10,VIT_17s0000g05550,2048,0.9875,Proton-dependent oligopeptide transport (POT) family protein,POT,,vv50122Porters_cat_7_to_17,
11,VIT_08s0007g02470,2056,0.9870,Aspartyl protease,E3_4_23_x,,,
12,VIT_00s0207g00230,2028,0.9845,Phototropic-responsive NPH3,,,,
13,VIT_13s0067g03420,2044,0.9799,RabGAP/TBC domain-containing protein,,,,
14,VIT_00s1353g00010,1992,0.9693,BAM1 (big apical meristem 1),BAM1,,vv30009Flower_development,
15,VIT_03s0180g00090,1994,0.9666,Receptor kinase,,,,
16,VIT_18s0001g00470,2000,0.9662,Monocopper oxidase SKS5 (SKU5 Similar 5),SKS5,,vv50109Incompletely_characterized_transport_systems,
17,VIT_18s0001g04540,1970,0.9526,Unknown protein,,,,
18,VIT_09s0054g00220,1952,0.9462,Cation efflux family protein MTPc4,MTPC4,,vv50121Porters_cat_1_to_6,
19,VIT_00s0516g00030,1945,0.9428,Dehydrogenase/reductase SDR family member 4,K11147,,vv44146Peroxisome,
20,VIT_16s0022g01430,1947,0.9424,Phosphate-induced protein 1,,,,
21,VIT_09s0018g01950,1900,0.9219,Cellulose synthase CSLC05,E2_4_1_12_CSLC05,,vv40006Cell_wall,
22,VIT_11s0016g05600,1878,0.9094,Zinc finger (ubiquitin-hydrolase) domain-containing,ZFUBP_1,,vv60080Other_zf,
23,VIT_08s0007g05010,1879,0.9073,Unknown protein,,,,
24,VIT_12s0142g00340,1872,0.9061,Galacturonosyltransferase 15,E2_4_1_43,,vv40006Cell_wall,
25,VIT_09s0002g01870,1873,0.9005,Unknown protein,,,,
26,VIT_14s0060g00230,1864,0.8979,Pectinacetylesterase,PAE,,vv40006Cell_wall,
27,VIT_03s0038g02230,1854,0.8952,Subtilisin-like serine protease 2,SLP2,,vv50101Channels_and_pores,
28,VIT_04s0023g02690,1836,0.8857,Beta-galactosidase,E3_2_1_23,,vv10052Galactose_metabolism,vv10511N-Glycan_degradation
29,VIT_17s0000g04810,1831,0.8833,Auxin-independent growth promoter,,,,
30,VIT_08s0007g02800,1819,0.8783,Pro-X carboxypeptidase Lysosomal,E3_4_16_2,,,
31,VIT_14s0066g01820,1804,0.8779,SAG101 (senescence-associated gene 101),,,,
32,VIT_14s0068g01000,1806,0.8670,Unknown protein,,,,
33,VIT_04s0023g00830,1781,0.8625,Calreticulin 3 (CRT3),K10098,,,
34,VIT_02s0087g00170,1782,0.8600,Leucine-rich repeat transmembrane protein kinase,,,,
35,VIT_01s0127g00220,1751,0.8512,PMR5 (powdery mildew resistant 5),,,,
36,VIT_09s0002g00150,1765,0.8490,Strubbelig receptor family 6,,,,
37,VIT_06s0004g03320,1738,0.8437,Zinc finger (C3HC4-type ring finger),ZFC3HC4_99,,vv60078Other_zf-C3HC4,
38,VIT_04s0008g02310,1717,0.8267,ABI3-interacting protein 2  AIP2,AIP2,,vv30001ABA_signaling,
39,VIT_13s0047g01130,1705,0.8233,Zfwd2 protein (ZFWD2),ZFWD2_9,,vv60018C3H,
40,VIT_01s0026g01950,1694,0.8164,Homeobox-leucine zipper protein HB13,VVHB13_2,VvHB05,vv60034HB,
41,VIT_13s0067g00080,1671,0.8131,COP1-interacting protein 7,CIP7,,vv24120Ubiquitin_mediated_proteolysis,
42,VIT_13s0019g04620,1684,0.8127,OTU cysteine protease,,,,
43,VIT_13s0019g04370,1679,0.8119,Phosphoglucomutase/phosphomannomutase,E5_4_2_2,,vv10010Glycolysis,vv10030Pentose_phosphate
44,VIT_01s0011g02000,1678,0.8110,Serine carboxypeptidase S10,,,,
45,VIT_02s0025g00990,1677,0.8094,Multidrug resistance-associated protein 14,MRP14,,vv52010ABC_transporters,
46,VIT_08s0007g02020,1663,0.8049,Proton-dependent oligopeptide transport (POT) family protein,POT,,vv50122Porters_cat_7_to_17,
47,VIT_10s0003g02000,1656,0.8027,RKF1 (receptor-like kinase in flowers 1),,,,
48,VIT_14s0108g00150,1651,0.7995,Calmodulin-binding region IQD28,IQD28,,,
49,VIT_01s0244g00140,1660,0.7969,Aspartate kinase,E2_7_2_4,,vv10260Glycine_serine_and_threonine_metabolism,vv10300Lysine_biosynthesis
50,VIT_08s0040g00630,1647,0.7964,Hydroxyproline-rich glycoprotein,HRGP,,vv40006Cell_wall,
51,VIT_16s0100g00290,1631,0.7875,L-idonate dehydrogenase,E1_1_1_14,,vv10051Fructose_and_mannose_metabolism,
52,VIT_07s0031g02480,1621,0.7850,Beta-galactosidase,E3_2_1_23,,vv10052Galactose_metabolism,vv10511N-Glycan_degradation
53,VIT_08s0007g03710,1608,0.7779,ABC transporter G member 22,ABCG22,,vv52010ABC_transporters,
54,VIT_16s0098g00410,1587,0.7726,Receptor kinase homolog LRK10,,,,
55,VIT_14s0066g01850,1603,0.7725,Peroxidase,E1_11_1_7,,vv10360Phenylalanine_metabolism,vv10680Methane_metabolism
56,VIT_06s0004g03440,1588,0.7705,Ulp1 protease,,,,
57,VIT_08s0007g07550,1584,0.7689,GATA transcription factor 11,GAT11_3,,vv60016C2C2-GATA,
58,VIT_12s0028g01640,1589,0.7684,S-receptor kinase,,,,
59,VIT_00s0285g00050<br>VIT_16s0013g01380<br>VIT_07s0104g00140,1595,0.7650,
60,VIT_08s0058g00490,1573,0.7647,Unknown protein,,,,
61,VIT_14s0006g02140,1562,0.7571,Cis-zeatin O-beta-D-glucosyltransferase,E2_4_1_215,,vv10908Zeatin_biosynthesis,
62,VIT_12s0028g00040,1552,0.7545,Unknown protein,,,,
63,VIT_09s0002g06210,1545,0.7507,RPS5 (resistant to p. syringae 5),K13460,,vv34627R_proteins_from_Plant-pathogen_interaction,
64,VIT_11s0016g00130,1551,0.7504,Omega-6 fatty acid desaturase  chloroplast (FAD6) (FADC),K10255,,vv11040Biosynthesis_of_unsaturated_fatty_acids,
65,VIT_02s0154g00080,1537,0.7425,Multi-copper oxidase (SKU5),SKU5,,vv50109Incompletely_characterized_transport_systems,
66,VIT_18s0001g13570,1533,0.7374,Calcium ion binding protein,,,,
67,VIT_14s0083g00690,1520,0.7368,Glycosyl transferase family 8 protein,,,,
68,VIT_14s0066g01920,1510,0.7319,Cellular repressor of E1A-stimulated genes (CREG),,,,
69,VIT_03s0038g01460,1500,0.7278,Chalcone synthase,E2_3_1_74,,vv10941Flavonoid_biosynthesis,
70,VIT_13s0084g00630,1508,0.7260,Unknown protein,,,,
71,VIT_08s0032g01110,1483,0.7130,Axial regulator YABBY2,YABBY2_2,,vv60019C2C2-YABBY,
72,VIT_07s0031g00230,1476,0.7120,E3 ubiquitin-protein ligase MARCH6,K10661_175,,vv24141Protein_processing_in_endoplasmic_reticulum,vv60078Other_zf-C3HC4
73,VIT_18s0122g00330,1471,0.7093,Unknown protein,,,,
74,VIT_15s0046g00120,1467,0.7056,Unknown protein,,,,
75,VIT_07s0104g00870,1457,0.7035,WD40,,,,
76,VIT_01s0010g02100,1441,0.6988,Indeterminate(ID)-domain 5,IDD5_1,,vv60017C2H2,
77,VIT_16s0039g00490,1445,0.6917,Unknown protein,,,,
78,VIT_05s0124g00060,1426,0.6906,Pentatricopeptide (PPR) repeat-containing,,,,
79,VIT_01s0011g01940,1419,0.6878,Unknown protein,,,,
80,VIT_03s0063g00030,1414,0.6847,Unknown protein,,,,
81,VIT_04s0044g01720,1424,0.6843,Unknown protein,,,,
82,VIT_08s0040g02440,1419,0.6825,PWWP domain-containing protein,,,,
83,VIT_15s0048g01770,1401,0.6781,Unknown,,,,
84,VIT_00s0817g00010,1386,0.6718,Hydrolase,,,,
85,VIT_13s0320g00060,1390,0.6708,Carboxyl-terminal peptidase,,,,
86,VIT_02s0033g00900,1375,0.6681,Unc51-like kinase,K08269,,vv44140Regulation_of_autophagy,vv34150mTOR_signaling_pathway
87,VIT_00s0271g00030<br>VIT_00s0271g00060,1377,0.6652,
88,VIT_08s0056g00110,1339,0.6453,Emp24/gp25L/p24,EMP24,,vv50110Protein_coat,
89,VIT_14s0083g00110,1327,0.6386,Allene oxide cyclase,E5_3_99_6,,vv10592alpha-Linolenic_acid_metabolism,
90,VIT_17s0000g09750,1315,0.6368,Transducin protein,,,,
91,VIT_11s0016g00190,1290,0.6226,Transcription factor,,,,
92,VIT_12s0055g00490,1279,0.6188,Accumulation and replication of chloroplast 5,ARC5,,vv44110Cell_cycle,vv50109Incompletely_characterized_transport_systems
93,VIT_12s0057g01020,1265,0.6174,fasciclin-like arabinogalactan protein FLA2,FLA2,,vv40006Cell_wall,
94,VIT_03s0063g00010,1258,0.6086,LRX2 (leucine-rich repeat/extensin 2),EXTENSIN,,vv40006Cell_wall,
95,VIT_18s0001g13970,1246,0.6049,Myosin-related,MYOSINR,,vv44810Regulation_of_actin_cytoskeleton,
96,VIT_04s0008g05770,1247,0.6048,CBL-interacting protein kinase 25 (CIPK25),,,,
97,VIT_08s0040g03270,1235,0.5989,E3 ubiquitin-protein ligase TRIP12,K10590,,vv24120Ubiquitin_mediated_proteolysis,
98,VIT_09s0002g04880,1237,0.5970,Glycosyl transferase family 1 protein,,,,
99,VIT_15s0048g02120,1241,0.5969,Myb domain protein 3R2,MYB3R2,,vv60044MYB,
100,VIT_01s0150g00210,1225,0.5932,CYP51A,E1_14_13_70,,vv10100Biosynthesis_of_steroids,
101,VIT_01s0026g00880,1221,0.5921,Transducin protein,,,,
102,VIT_03s0063g02360<br>VIT_03s0063g02380,1214,0.5908,
103,VIT_08s0007g03670,1225,0.5906,Lipase GDSL,,,,
104,VIT_15s0048g01880,1217,0.5879,Armadillo/beta-catenin repeat,,,,
105,VIT_18s0001g10720,1213,0.5877,Dihydroflavonal-4-reductase,E1_1_1_219,,vv10941Flavonoid_biosynthesis,
106,VIT_17s0000g08900,1215,0.5872,LRR receptor-like kinase 2,,,,
107,VIT_18s0072g01150,1208,0.5870,Erythroid differentiation factor 1,,,,
108,VIT_05s0020g01940,1209,0.5866,No hit,,,,
109,VIT_00s0780g00020,1205,0.5833,Glucan endo-1 3-beta-glucosidase 5 precursor,E3_2_1_39,,vv10500Starch_and_sucrose_metabolism,
110,VIT_15s0046g03700,1201,0.5830,3-beta hydroxysteroid dehydrogenase,E1_1_1_145,,vv10140C21-Steroid_hormone_metabolism,
111,VIT_04s0023g02010,1201,0.5794,Hydrolase  alpha/beta fold,,,,
112,VIT_12s0035g00700,1188,0.5759,Unknown protein,,,,
113,VIT_14s0006g01240,1190,0.5757,Protein kinase beta-1 subunit 5'-AMP-activated,K07199,,vv10061Fatty_acid_biosynthesis,vv10620Pyruvate_metabolism
114,VIT_10s0071g01150,1190,0.5746,Katanin p80 (WD repeat containing) subunit B 1,KATANINP80B1,,vv44810Regulation_of_actin_cytoskeleton,
115,VIT_08s0007g04970,1181,0.5719,Pentatricopeptide (PPR) repeat-containing,,,,
116,VIT_03s0038g03660,1170,0.5677,Armadillo/beta-catenin repeat protein / U-box domain-containing,,,,
117,VIT_14s0219g00110,1165,0.5653,Unknown protein,,,,
118,VIT_10s0003g01390,1161,0.5652,Cupin  RmlC-type,,,,
119,VIT_14s0128g00710,1160,0.5601,Mannosylglycoprotein endo-beta-mannosidase,E3_2_1_78,,vv10051Fructose_and_mannose_metabolism,
120,VIT_06s0061g01310,1161,0.5592,Nucleobase-ascorbate transporter 12 (NAT12),NAT12,,vv50124Porters_cat_30_to_64,
121,VIT_14s0068g00710,1140,0.5531,DEAD/DEAH box helicase,DEADBOX,,vv23040Spliceosome,vv50133Primary_active_transporter_cat_A9_to_A18
122,VIT_07s0005g03680,1141,0.5512,CCR4-NOT complex subunit CAF16,K12608,,vv23018RNA_degradation,vv52010ABC_transporters
123,VIT_13s0019g03630,1130,0.5451,Unknown,,,,
124,VIT_15s0021g01860,1115,0.5402,Unknown protein,,,,
125,VIT_00s0125g00190,1119,0.5398,Potassium transporter (KUP1),KUP1,,vv50125Porters_cat_66_to_94,
126,VIT_17s0000g08800,1115,0.5394,No hit,,,,
127,VIT_04s0008g03770,1111,0.5372,Aspartate aminotransferase P1,E2_6_1_1,vv10710Carbon_fixation,vv10252Alanine_and_aspartate_metabolism,vv10272Cysteine_metabolism
128,VIT_18s0117g00160,1114,0.5364,Pentatricopeptide (PPR) repeat-containing protein,,,,
129,VIT_06s0061g01380,1106,0.5356,Pop3 peptide,,,,
130,VIT_17s0000g03130,1081,0.5248,Unknown protein,,,,
131,VIT_18s0001g05710,1085,0.5234,Hydrolase  alpha/beta fold,,,,
132,VIT_07s0031g01960,1073,0.5184,Zinc finger (DHHC type),ZFDHHC_10,,vv60079Other_zf-DHHC,
133,VIT_12s0059g00770,1066,0.5157,Monocopper oxidase SKS5 (SKU5 Similar 5),SKS5,,vv50109Incompletely_characterized_transport_systems,
134,VIT_04s0023g01480,1060,0.5126,Dimethylaniline monooxygenase  N-oxide-forming,E1_14_13_8,,vv11000Single_reactions,
135,VIT_15s0046g02130,1046,0.5073,EMB3001 (embryo defective 3001),,,,
136,VIT_17s0053g00380,1052,0.5070,Metal-nicotianamine transporter YSL7,YSL7,,vv50125Porters_cat_66_to_94,
137,VIT_16s0022g00070,1037,0.5036,No hit,,,,
138,VIT_00s2594g00010,1040,0.5029,Receptor protein kinase,,,,
139,VIT_04s0008g05540,1025,0.4995,Clathrin assembly protein 2,CAP2,,vv50110Protein_coat,
140,VIT_13s0067g01450,1036,0.4981,Lateral organ boundaries domain 21,LBD21,,vv60007AS2,
141,VIT_06s0080g00250,1035,0.4978,Sialyltransferase,E2_4_99_10,,vv10602Glycosphingolipid_biosynthesis,
142,VIT_10s0003g00350,1017,0.4932,NAC domain-containing protein 73,NAC073_1,VvNAC37,vv60046NAC,
143,VIT_01s0146g00100,1015,0.4922,ACT domain containing protein (ACR4),,,,
144,VIT_05s0049g01380,1019,0.4916,MIF4G domain-containing protein,,,,
145,VIT_15s0048g02780,1012,0.4910,Unknown protein,,,,
146,VIT_07s0031g00500,1004,0.4841,Subtilase,ARA12,,vv50101Channels_and_pores,
147,VIT_16s0039g02690,997,0.4826,Ankyrin repeat,K10380,,vv50108Accessory_factors_involved_in_transport,
148,VIT_11s0078g00310,992,0.4823,Isoamylase-type starch-debranching enzyme 1,E2_4_1_18,,vv10500Starch_and_sucrose_metabolism,
149,VIT_14s0108g01320,991,0.4787,Plastocyanin domain-containing protein,K02638,,vv10195Photosynthesis,vv50113Thylakoid_targeting_pathway
150,VIT_04s0023g02110,984,0.4763,Unknown protein,,,,
151,VIT_03s0038g03740,970,0.4725,Pentatricopeptide (PPR) repeat-containing,,,,
152,VIT_03s0038g01450,979,0.4718,No hit,,,,
153,VIT_10s0116g00100,975,0.4706,Strubbelig receptor family 8,,,,
154,VIT_16s0022g00670,971,0.4704,Vacuolar invertase 1  GIN1,E3_2_1_26,,vv10052Galactose_metabolism,vv10500Starch_and_sucrose_metabolism
155,VIT_07s0005g00730,960,0.4644,Pectinesterase family,E3_1_1_11,,vv40006Cell_wall,
156,VIT_14s0108g01070,969,0.4630,NAC domain containing protein 100,NAC100_2,VvNAC11,vv60046NAC,
157,VIT_05s0020g04950,952,0.4606,CwfJ,,,,
158,VIT_03s0063g02340,948,0.4586,Dehydration-responsive protein (RD22),RD22,,,
159,VIT_18s0001g05040,943,0.4582,Pollen Ole e 1 allergen and extensin,,,,
160,VIT_12s0059g01250,943,0.4580,Endo-1 4-beta-glucanase,E3_2_1_4,,vv40006Cell_wall,
161,VIT_05s0020g01530,948,0.4569,Alpha-1 6-xylosyltransferase,E2_4_2_39,,vv40006Cell_wall,
162,VIT_11s0052g01570,944,0.4565,MATE efflux family protein,MATE,,vv50125Porters_cat_66_to_94,
163,VIT_14s0068g00010,935,0.4528,feronia receptor-like kinase,,,,
164,VIT_11s0016g04680,933,0.4527,No hit,,,,
165,VIT_02s0025g00790,931,0.4526,Cation/hydrogen exchanger (CHX18),CHX18,,vv50124Porters_cat_30_to_64,
166,VIT_19s0090g01320,928,0.4487,Cell division protein FtsZ,K03531,,vv44110Cell_cycle,
167,VIT_11s0052g00100,931,0.4482,Basic helix-loop-helix (bHLH) family,BHLHDOM_7,,vv60011BHLH,
168,VIT_13s0019g03930,918,0.4446,No hit,,,,
169,VIT_07s0151g00770,923,0.4433,Kelch repeat-containing F-box protein,,,,
170,VIT_04s0043g00940,914,0.4415,MONOPTEROS,MONOPTEROS_1,,vv30003Auxin_signaling,vv60004ARF
171,VIT_14s0171g00470,910,0.4405,No hit,,,,
172,VIT_02s0025g00810,901,0.4340,Cation/hydrogen exchanger (CHX18),CHX18,,vv50124Porters_cat_30_to_64,
173,VIT_11s0016g00960,887,0.4314,Subtilase,,,,
174,VIT_12s0028g01330,882,0.4296,Glu-tRNA(Gln) amidotransferase subunit A,E6_3_5_6,,vv10251Glutamate_metabolism,vv10252Alanine_and_aspartate_metabolism
175,VIT_19s0014g00290,882,0.4269,UDP-glucose 4 6-dehydratase,E4_2_1_76,,vv10520Nucleotide_sugars_metabolism,
176,VIT_06s0061g00440,870,0.4209,Heavy-metal-associated domain-containing protein,,,,
177,VIT_06s0004g00820,861,0.4192,Ribosomal protein S2; Squalene/phytoene synthase,K02967,,vv23010Ribosome,
178,VIT_09s0018g02110,860,0.4157,Unknown protein,,,,
179,VIT_16s0050g02670,851,0.4113,Spermine synthase,E2_5_1_22,,vv10220Urea_cycle_and_metabolism_of_amino_groups,
180,VIT_12s0028g01560,842,0.4072,Zinc finger (C3HC4-type ring finger),ZFC3HC4_236,,vv60078Other_zf-C3HC4,
181,VIT_01s0011g00590,842,0.4062,Acclimation of photosynthesis to environment,APE2,,vv50122Porters_cat_7_to_17,
182,VIT_04s0008g02670,840,0.4040,Cryptochrome DASH,CRYDASH,,vv34710Circadian_rhythm,
183,VIT_09s0002g00920,833,0.3993,Lung seven transmembrane receptor,,,,
184,VIT_07s0031g02170,818,0.3952,Glutamate receptor GLR3.6,GLR3_6,,vv50101Channels_and_pores,
185,VIT_15s0046g03360,813,0.3924,Unknown protein,,,,
186,VIT_18s0117g00190,813,0.3918,Unknown protein,,,,
187,VIT_12s0055g01260,807,0.3916,Tubulin folding cofactor TITAN 1,TTN1,,vv44810Regulation_of_actin_cytoskeleton,
188,VIT_02s0025g02170,804,0.3886,Trehalase precursor,E2_4_1_15,,vv10500Starch_and_sucrose_metabolism,
189,VIT_11s0016g00120,802,0.3878,Omega-6 fatty acid desaturase  chloroplast (FAD6) (FADC),K10255,,vv11040Biosynthesis_of_unsaturated_fatty_acids,
190,VIT_14s0068g01650,795,0.3857,GYF domain-containing protein,,,,
191,VIT_15s0024g00490,801,0.3851,Integrase,,,,
192,VIT_02s0025g01380,788,0.3831,Endo-1 4-beta-glucanase,E3_2_1_4,,vv40006Cell_wall,
193,VIT_12s0057g01310,792,0.3821,SUB1 (short under blue light 1),,,,
194,VIT_11s0016g03680,789,0.3819,Tesmin/TSO1-like CXC domain-containing,TSO1L_2,,vv60022CPP,
195,VIT_16s0050g00570,789,0.3815,Pectinacetylesterase,PAE,,vv40006Cell_wall,
196,VIT_02s0025g02770,786,0.3810,Glucan endo-1 3-beta-glucosidase 7 precursor,E3_2_1_39,,vv10500Starch_and_sucrose_metabolism,
197,VIT_11s0118g00320,782,0.3787,Transposase,,,,
198,VIT_07s0005g03630,783,0.3775,Ankyrin,K10380,,,
199,VIT_11s0037g00930,776,0.3738,GDP-L-fucose synthase.,E1_1_1_271,,vv10051Fructose_and_mannose_metabolism,
200,VIT_02s0025g02410,769,0.3706,Plastocyanin domain-containing protein,K02638,,vv10195Photosynthesis,vv50113Thylakoid_targeting_pathway
201,VIT_07s0005g02440,773,0.3704,Pectinacetylesterase,PAE,,vv40006Cell_wall,
202,VIT_03s0038g00270,762,0.3649,Root phototropism protein 3 (Non-phototropic hypocotyl protein 3),,,,
203,VIT_18s0001g09040,752,0.3622,LIM domain protein WLIM1,WLIM1_2,,vv60040LIM,
204,VIT_11s0037g01300,749,0.3622,No hit,,,,
205,VIT_12s0035g01350,751,0.3619,Cysteinyl-tRNA synthetase,E6_1_1_16,,vv10272Cysteine_metabolism,vv20970Aminoacyl-tRNA_biosynthesis
206,VIT_11s0016g04520,731,0.3564,Transmembrane protein 19,,,,
207,VIT_14s0006g00800,736,0.3549,Tubulin alpha-2 chain,K07374,,vv44145Phagosome,vv44810Regulation_of_actin_cytoskeleton
208,VIT_01s0026g01790,724,0.3506,Calmodulin binding protein,,,,
209,VIT_14s0108g01250,720,0.3488,Unknown,,,,
210,VIT_12s0028g02390,724,0.3486,Unknown,,,,
211,VIT_17s0000g06440,712,0.3453,Galactoside 2-alpha-L-fucosyltransferase,E2_4_1_69,,vv10602Glycosphingolipid_biosynthesis,
212,VIT_09s0002g08270,720,0.3450,Leucine-rich repeat,,,,
213,VIT_16s0022g01990,703,0.3409,Unknown,,,,
214,VIT_18s0001g03950,697,0.3370,Pm27 protein,,,,
215,VIT_04s0069g00760,685,0.3325,Ubiquitin-specific protease 15,,,,
216,VIT_17s0000g07640,686,0.3320,Mannose-1-phosphate guanyltransferase,E2_7_7_23,,vv10530Aminosugars_metabolism,
217,VIT_16s0050g00380,676,0.3269,Tubulin beta-1,K07375,,vv44145Phagosome,vv44810Regulation_of_actin_cytoskeleton
218,VIT_05s0029g00480,670,0.3252,Eceriferum 2 (CER2),,,,
219,VIT_01s0026g02190,669,0.3241,ABA-responsive protein (HVA22c),HVA22A,,vv30001ABA_signaling,
220,VIT_04s0044g00730,668,0.3218,S-receptor kinase,,,,
221,VIT_04s0008g01850,664,0.3214,Trihelix DNA-binding protein (GT2),GT2_2,,vv60062Trihelix,
222,VIT_11s0037g00570,661,0.3198,Anthranilate N-benzoyltransferase,E2_3_1_144,,vv10400Phenylalanine_tyrosine_and_tryptophan_biosynthesis,
223,VIT_17s0000g06220,660,0.3187,Exostosin,K02366,,vv11030Glycan_structures-biosynthesis1,
224,VIT_00s1045g00030,658,0.3180,Unknown,,,,
225,VIT_05s0077g01450,657,0.3175,GATA transcription factor 16,GAT16_1,,vv60016C2C2-GATA,
226,VIT_08s0007g04950,651,0.3159,Xyloglucan endotransglucosylase/hydrolase 32,E2_4_1_207,,vv40006Cell_wall,
227,VIT_07s0031g00250,647,0.3129,Transporter-related,TRANSPORTERUNK,,vv50109Incompletely_characterized_transport_systems,
228,VIT_11s0118g00560,647,0.3126,Nodulin,,,,
229,VIT_15s0107g00410,649,0.3125,Pleckstriny (PH) domain-containing protein,,,,
230,VIT_12s0134g00320,649,0.3125,S-locus lectin protein kinase family,,,,
231,VIT_17s0000g03990,641,0.3115,Aspartyl protease,E3_4_23_x,,,
232,VIT_01s0011g02030,647,0.3111,Serine carboxypeptidase S10,,,,
233,VIT_05s0020g03870,643,0.3109,MLK/Raf-related protein kinase 1,,,,
234,VIT_03s0091g00400,642,0.3100,Transducin family protein / WD-40 repeat,,,,
235,VIT_14s0108g01020,638,0.3094,Alpha-expansin 1 precursor,EXPA1,,vv30003Auxin_signaling,
236,VIT_15s0046g00080,630,0.3032,Yippee,,,,
237,VIT_07s0031g01700,624,0.3020,RAB GTPase LIP1,K07976,,,
238,VIT_12s0028g03860,623,0.3018,Zinc finger (C3HC4-type ring finger) protein (RMA1),RMA1_2,,vv60078Other_zf-C3HC4,
239,VIT_18s0001g05850,627,0.3014,Ethylene-responsive transcription factor ERF021,ERF021_1,VvERF014,vv30008Ethylene_signaling,vv60003AP2_EREBP
240,VIT_08s0040g02380,626,0.3014,Hydrolase  alpha/beta fold,,,,
241,VIT_07s0005g00010,609,0.2951,Glutathione S-transferase 8 GSTF8,E2_5_1_18_GSTF8,,vv10480Glutathione_metabolism,
242,VIT_02s0154g00070,609,0.2943,Abnormal floral organs,AFO_1,,vv60019C2C2-YABBY,
243,VIT_15s0021g01810,611,0.2930,Armadillo/beta-catenin repeat family protein,,,,
244,VIT_15s0048g01750,602,0.2925,fasciclin arabinogalactan-protein (FLA8),FLA8,,vv40006Cell_wall,
245,VIT_11s0016g03870,604,0.2918,Subtilisin,,,,
246,VIT_00s0771g00020,603,0.2916,Unknown protein,,,,
247,VIT_05s0077g01750,604,0.2915,SAG101 (senescence-associated gene 101),,,,
248,VIT_12s0028g01990,593,0.2851,Unknown protein,,,,
249,VIT_12s0059g02220<br>VIT_12s0059g02180,584,0.2839,
250,VIT_11s0052g01560,584,0.2828,MATE efflux family protein,MATE,,vv50125Porters_cat_66_to_94,
251,VIT_16s0050g00440,584,0.2827,No hit,,,,
252,VIT_02s0012g01010,580,0.2825,Leucine-rich repeat,,,,
253,VIT_04s0008g04060,582,0.2808,RD22,,,,
254,VIT_19s0014g01800,579,0.2801,Homogentisate 1 2-dioxygenase,E1_13_11_5,,vv10350Tyrosine_metabolism,
255,VIT_04s0023g01910,577,0.2793,Myb family,MYBREL_12,,vv60045MYBrelated,
256,VIT_12s0134g00300,578,0.2792,S-locus lectin protein kinase family,,,,
257,VIT_07s0141g00590,578,0.2784,Magnesium transporter CorA-like family protein (MRS2-2),MRS2_2,,vv50101Channels_and_pores,
258,VIT_15s0048g02280,576,0.2775,NAC transcription factor-like 9,NTL9_3,VvNAC54,vv60046NAC,
259,VIT_05s0020g01720,575,0.2770,Zinc finger (C3HC4-type ring finger),ZFC3HC4_77,,vv60078Other_zf-C3HC4,
260,VIT_10s0116g01850,573,0.2765,Unknown protein,,,,
261,VIT_14s0068g00940,569,0.2761,Receptor protein kinase,,,,
262,VIT_18s0001g03990,567,0.2759,Stearoyl-ACP desaturase,E1_14_19_2,,vv11040Biosynthesis_of_unsaturated_fatty_acids,
263,VIT_15s0045g00310,564,0.2731,Cyclin dependent kinase A CDKA1,K02087,,vv44110Cell_cycle,
264,VIT_14s0006g01650,558,0.2694,Calcium-binding EF-hand,,,,
265,VIT_17s0000g00930,555,0.2694,Unknown protein,,,,
266,VIT_17s0000g09050,554,0.2693,No hit,,,,
267,VIT_06s0061g00680,556,0.2690,Unknown protein,,,,
268,VIT_08s0040g00510,555,0.2671,ZIFL2 (zinc induced facilitator-like 2),ZIFL2,,vv50121Porters_cat_1_to_6,
269,VIT_07s0095g00550,552,0.2664,D-mannose binding lectin,,,,
270,VIT_08s0007g05450,546,0.2653,No hit,,,,
271,VIT_01s0011g04230,545,0.2635,Ubiquitin family,,,,
272,VIT_12s0035g01260,540,0.2614,NBS-LRR type disease resistance protein,,,,
273,VIT_14s0068g02120,538,0.2605,CYP94B3,,,,
274,VIT_17s0000g07400,536,0.2603,Disease resistance protein (EDS1),EDS1,,vv30011Jasmonate_signaling,
275,VIT_00s1569g00020,527,0.2556,Calcineurin B protein 3,E3_1_3_16,,,
276,VIT_07s0104g01130,526,0.2540,No hit,,,,
277,VIT_02s0025g01240,519,0.2523,UDP-glucuronosyl/UDP-glucosyltransferase,E2_4_1_17,,vv10040Pentose_glucuronate_interconversion,vv10500Starch_and_sucrose_metabolism
278,VIT_16s0098g00240,521,0.2517,Ser/Thr receptor-like kinase1,,,,
279,VIT_18s0001g15520,522,0.2517,Leaf senescence protein,,,,
280,VIT_01s0026g00330,519,0.2511,NHL repeat-containing protein,,,,
281,VIT_00s0375g00030,518,0.2500,Alpha-galactosidase,E3_2_1_22,,vv10052Galactose_metabolism,vv10561Glycerolipid_metabolism
282,VIT_07s0141g00730,514,0.2498,Histone H1,,,,
283,VIT_16s0050g00540,516,0.2495,No hit,,,,
284,VIT_12s0055g00770,516,0.2490,SWAP (Suppressor-of-White-APricot),,,,
285,VIT_05s0077g02020,513,0.2465,Epoxide hydrolase,E3_3_2_10,,,
286,VIT_01s0010g03760,497,0.2416,DNAJ heat shock N-terminal domain-containing protein,DNAJREL,,vv50132Primary_active_transporter_cat_A5_to_A8,
287,VIT_11s0016g00890,494,0.2396,Unknown protein,,,,
288,VIT_04s0023g01660,497,0.2388,Scarecrow-like transcription factor 7 (SCL7),SCL7,,vv60032GRAS,
289,VIT_08s0007g02490,487,0.2363,2-cys peroxiredoxin BAS1  chloroplast precursor,E1_11_1_7,,vv10360Phenylalanine_metabolism,vv10680Methane_metabolism
290,VIT_10s0116g01780,486,0.2354,Cationic peroxidase,E1_11_1_7,,vv10360Phenylalanine_metabolism,vv10680Methane_metabolism
291,VIT_03s0063g01920,482,0.2333,Pentatricopeptide (PPR) repeat,,,,
292,VIT_11s0016g05610,480,0.2332,Translation elongation factor Ts (EF-Ts),K02357,,,
293,VIT_02s0025g01560,480,0.2331,UDP-glucose 4-epimerase GEPI48,E5_1_3_2,,vv10052Galactose_metabolism,vv10520Nucleotide_sugars_metabolism
294,VIT_16s0115g00110,481,0.2321,Unknown,,,,
295,VIT_05s0020g02230,476,0.2305,Pto kinase interactor,,,,
296,VIT_03s0038g00590,475,0.2298,Unknown protein,,,,
297,VIT_00s0583g00030,473,0.2284,Sphingolipid delta 4 desaturase DES-1,K04712,,vv10600Sphingolipid_metabolism,
298,VIT_19s0014g05430,470,0.2284,NDR1 (non race-specific disease resistance),,,,
299,VIT_11s0016g01190,465,0.2263,Auxin-independent growth promoter,,,,
300,VIT_07s0005g02700,466,0.2260,KCO5 (Ca2+ activated outward rectifying K+ channel 5),K05389_KCO5,,vv50101Channels_and_pores,
301,VIT_14s0006g02290,461,0.2232,DREB sub A-4 of ERF/AP2 transcription factor,TINY_2,VvERF028,vv30008Ethylene_signaling,vv60003AP2_EREBP
302,VIT_08s0007g02030,457,0.2217,AUX1 protein,AUX1,,vv50004Auxin_transport,vv50123Porters_cat_18_to_29
303,VIT_10s0116g00020,458,0.2209,Tobamovirus multiplication 1 homolog 3,,,,
304,VIT_02s0025g03540,451,0.2161,Tubulin beta-6 chain,K07375,,vv44145Phagosome,vv44810Regulation_of_actin_cytoskeleton
305,VIT_15s0048g01320,445,0.2160,Gibberellin 20-oxidase,E1_14_11_12,,vv10904Diterpenoid_biosynthesis,
306,VIT_19s0090g01740,445,0.2157,Scarecrow transcription factor 5 (SCL5),SCL5_1,,vv60032GRAS,
307,VIT_02s0012g00580,444,0.2154,Ankyrin protein kinase,,,,
308,VIT_11s0016g03960,438,0.2105,Kinesin family member 2/24,K10393,,vv44810Regulation_of_actin_cytoskeleton,
309,VIT_10s0003g02870,432,0.2103,Pentatricopeptide (PPR) repeat-containing protein,,,,
310,VIT_04s0069g00800,432,0.2094,Splicing factor,,,,
311,VIT_14s0030g00400,420,0.2037,WD40,,,,
312,VIT_10s0003g00220,420,0.2035,Unknown,,,,
313,VIT_00s0218g00220,419,0.2026,UDP-glucoronosyl/UDP-glucosyl transferase,,,,
314,VIT_11s0016g03350,419,0.2024,AP2/EREBP transcription factor TINY2,TINY2_3,,vv30008Ethylene_signaling,vv60003AP2_EREBP
315,VIT_00s0646g00030,419,0.2024,Protein serine/threonine kinase,,,,
316,VIT_18s0001g14070,410,0.2001,Unknown,,,,
317,VIT_13s0067g03780,413,0.1996,Leucine-rich repeat protein kinase,,,,
318,VIT_01s0026g01780,408,0.1977,Leucine-rich repeat transmembrane,,,,
319,VIT_13s0064g00380,405,0.1959,Unknown protein,,,,
320,VIT_04s0023g00730,405,0.1959,Aspartyl protease family,,,,
321,VIT_01s0026g00160,405,0.1955,No hit,,,,
322,VIT_04s0044g00750,403,0.1946,S-receptor kinase,,,,
323,VIT_15s0046g00040,399,0.1936,Calcium-transporting ATPase 2  endoplasmic reticulum-type ECA2,K01537,,vv34020Calcium_signaling_pathway,vv50131Primary_active_transporter_cat_A2_to_A4
324,VIT_11s0016g03000,393,0.1902,Phosphoinositide 3-kinase regulatory subunit 4,K08333,,vv44140Regulation_of_autophagy,
325,VIT_04s0008g02520,390,0.1882,ATP binding protein,,,,
326,VIT_05s0029g00340,386,0.1871,Heat shock transcription factor A5,HSFA5_1,,vv60037HSF,
327,VIT_11s0065g00640,385,0.1865,Cycloartenol synthase,E5_4_99_8,,vv10100Biosynthesis_of_steroids,
328,VIT_15s0046g01450,387,0.1863,Alpha-L-fucosidase,E3_2_1_51,,vv10511N-Glycan_degradation,
329,VIT_16s0039g01420,385,0.1859,Unknown protein,,,,
330,VIT_14s0006g02760,376,0.1825,Unknown protein,,,,
331,VIT_14s0060g00420,376,0.1823,Pyruvate dehydrogenase kinase,E2_7_11_2,,vv10010Glycolysis,vv10252Alanine_and_aspartate_metabolism
332,VIT_05s0029g00470,375,0.1820,Unknown protein,,,,
333,VIT_18s0001g13770,374,0.1807,Cytochrome P450  family 83  subfamily B  polypeptide 1,K11818,,vv10966Glucosinolate_biosynthesis,
334,VIT_08s0007g06660,372,0.1803,E3 ubiquitin-protein ligase RNF5,K10666_96,,vv24141Protein_processing_in_endoplasmic_reticulum,vv60078Other_zf-C3HC4
335,VIT_06s0004g05110,372,0.1790,Unknown,,,,
336,VIT_14s0060g01470,369,0.1778,Calmodulin-binding protein,K02183,,vv34020Calcium_signaling_pathway,vv34626Plant-pathogen_interaction
337,VIT_02s0025g04220,366,0.1772,Myb domain protein MYB3R-4,MYB3R4_2,,vv44110Cell_cycle,vv60044MYB
338,VIT_00s0487g00050,361,0.1746,R protein disease resistance protein,RPROT,,vv34627R_proteins_from_Plant-pathogen_interaction,
339,VIT_18s0122g00780,361,0.1736,Inorganic phosphate transporter,PHT1_9,,vv50121Porters_cat_1_to_6,
340,VIT_06s0004g03130,356,0.1727,Auxin response factor 4,ARF4,,vv30003Auxin_signaling,vv60004ARF
341,VIT_08s0007g08730,354,0.1723,ABC transporter A member 1,K05641,,vv52010ABC_transporters,
342,VIT_10s0003g00430,354,0.1715,Unknown protein,,,,
343,VIT_14s0068g00030,353,0.1703,feronia receptor-like kinase,,,,
344,VIT_13s0106g00230,354,0.1701,Ankyrin,K10380,,,
345,VIT_07s0104g01070,347,0.1675,Cohesin complex subunit SCC3,K06671,,vv44110Cell_cycle,
346,VIT_16s0022g01120<br>VIT_11s0037g01390<br>VIT_16s0022g01150,346,0.1666,
347,VIT_02s0025g01330,342,0.1665,Polygalacturonase GH28,E3_2_1_15,,vv40006Cell_wall,
348,VIT_14s0128g00040,342,0.1657,No hit,,,,
349,VIT_06s0004g00560,342,0.1657,Peptidyl-tRNA hydrolase,E3_1_1_29,,,
350,VIT_01s0011g00640,340,0.1639,Hcr2-0B,,,,
351,VIT_16s0098g01570,336,0.1638,Acyl-CoA binding protein 2 (ACBP2),,,,
352,VIT_06s0004g03020,339,0.1635,Beta-galactosidase,E3_2_1_23,,vv10052Galactose_metabolism,vv10511N-Glycan_degradation
353,VIT_01s0150g00250,336,0.1629,Peptide transporter PTR2-B,PTR2B,,vv50122Porters_cat_7_to_17,
354,VIT_08s0040g02160,328,0.1596,Zinc finger (C3HC4-type ring finger),ZFC3HC4_136,,vv60078Other_zf-C3HC4,
355,VIT_06s0004g00760,328,0.1579,Leucoanthocyanidin dioxygenase-like protein,E1_14_11_19,,vv10941Flavonoid_biosynthesis,
356,VIT_05s0020g03130,326,0.1566,Plastocyanin domain-containing protein,K02638,,vv10195Photosynthesis,vv50113Thylakoid_targeting_pathway
357,VIT_18s0117g00550,322,0.1559,Laccase,E1_10_3_2,,vv11000Single_reactions,vv50109Incompletely_characterized_transport_systems
358,VIT_11s0016g00400,320,0.1556,Zinc finger (FYVE type),ZFFYVE_2,,vv60080Other_zf,
359,VIT_04s0069g00780,320,0.1551,Cellulose synthase CSLC05,E2_4_1_12_CSLC05,,vv40006Cell_wall,
360,VIT_05s0077g02260,319,0.1549,Nodulin MtN3 family,,,,
361,VIT_17s0000g05070,317,0.1531,Phytochelatin synthetase,E2_3_2_15,,vv10251Glutamate_metabolism,
362,VIT_18s0117g00390,309,0.1499,far-red impaired responsive family protein,FRSFAM_13,,vv60071Orphans_far-red,
363,VIT_00s0144g00210,311,0.1494,CCR4-NOT transcription complex  subunit 1,K12604,,vv23018RNA_degradation,
364,VIT_01s0011g04960,307,0.1478,Unknown protein,,,,
365,VIT_08s0032g01210,307,0.1475,Mal d 1-associated protein,,,,
366,VIT_19s0014g03200,306,0.1473,COP1-interacting protein 7,CIP7,,vv24120Ubiquitin_mediated_proteolysis,
367,VIT_08s0040g02250,291,0.1409,No hit,,,,
368,VIT_14s0066g00900,290,0.1402,Cysteine-rich receptor-like protein kinase 42,,,,
369,VIT_10s0003g01960,288,0.1379,RKF1 (receptor-like kinase in flowers 1),,,,
370,VIT_18s0089g01070,283,0.1369,Vacuolar protein sorting 9 (VPS9),VPS9A,,vv50110Protein_coat,
371,VIT_18s0001g12490,282,0.1367,O-methyltransferase,,,,
372,VIT_04s0008g04730,283,0.1360,Unknown protein,,,,
373,VIT_04s0044g01220,279,0.1347,NAC domain containing protein 103,NAC103,VvNAC48,vv60046NAC,
374,VIT_18s0001g11590,275,0.1336,Dual-specific kinase DSK1,,,,
375,VIT_14s0060g02200,274,0.1324,Phospholipid/glycerol acyltransferase,E2_3_1_51,,vv10561Glycerolipid_metabolism,vv10564Glycerophospholipid_metabolism
376,VIT_01s0011g00030,268,0.1302,ACT domain containing protein (ACR4),,,,
377,VIT_06s0009g03530,265,0.1281,Homeodomain protein 14,VVHB14,VvHB26,vv60034HB,
378,VIT_11s0016g02530,266,0.1275,Protein arginine N-methyltransferase,K00599,,vv10340Histidine_metabolism,vv10350Tyrosine_metabolism
379,VIT_01s0011g04920,263,0.1271,MAPK (MPK9),,,,
380,VIT_04s0008g05640,261,0.1261,Protease inhibitor/seed storage/lipid transfer protein (LTP),,,,
381,VIT_06s0004g03230,261,0.1259,Pentatricopeptide (PPR) repeat-containing protein,,,,
382,VIT_18s0001g13930,261,0.1257,Auxin response factor 5 (Transcription factor MONOPTEROS),ARF5,,vv30003Auxin_signaling,vv60004ARF
383,VIT_08s0056g01000,257,0.1247,MATE efflux family protein,MATE,,vv50125Porters_cat_66_to_94,
384,VIT_05s0020g04480,255,0.1245,Pyruvate kinase,E2_7_1_40,,vv10010Glycolysis,vv10230Purine_metabolism
385,VIT_00s0317g00150,256,0.1240,Pectate lyase,E4_2_2_2,,vv40006Cell_wall,
386,VIT_06s0004g05280,255,0.1230,Tropinone reductase,E1_1_1_206,,vv10220Urea_cycle_and_metabolism_of_amino_groups,
387,VIT_11s0016g05890,253,0.1226,BSD domain-containing protein,BSDDOM_6,,vv60075Other_BSD,
388,VIT_12s0034g02530,245,0.1182,R protein disease resistance protein,RPROT,,vv34627R_proteins_from_Plant-pathogen_interaction,
389,VIT_04s0210g00220,241,0.1166,Ubiquilin-1,K04523,,vv24141Protein_processing_in_endoplasmic_reticulum,
390,VIT_07s0104g01440,239,0.1157,Phototropic-responsive NPH3,,,,
391,VIT_10s0042g00170,239,0.1156,TCP family transcription factor 7,TCP7,,vv60061TCP,
392,VIT_00s0287g00030,238,0.1148,No hit,,,,
393,VIT_01s0011g02470,235,0.1144,Calcium-binding protein CML,K13448,,vv34626Plant-pathogen_interaction,
394,VIT_17s0000g04690,236,0.1142,Protease SppA,,,,
395,VIT_11s0016g00560,234,0.1135,Peroxiredoxin bcp,E1_11_1_15,,,
396,VIT_14s0171g00170,232,0.1117,Unknown protein,,,,
397,VIT_04s0008g03660,228,0.1102,Embryonic flower 1,EMFL1,,vv30009Flower_development,
398,VIT_06s0009g03210,228,0.1101,Pentatricopeptide (PPR) repeat-containing protein,,,,
399,VIT_12s0028g00090,225,0.1093,Pentatricopeptide (PPR) repeat-containing protein,,,,
400,VIT_17s0000g00600,224,0.1081,GCN5 N-acetyltransferase (GNAT),GCN5_1,,vv60082GNAT,
401,VIT_05s0049g00290,222,0.1067,No hit,,,,
402,VIT_18s0001g11910,218,0.1052,1-acyl-sn-glycerol-3-phosphate acyltransferase 4,E2_3_1_51,,vv10561Glycerolipid_metabolism,vv10564Glycerophospholipid_metabolism
403,VIT_18s0001g13230,215,0.1044,Beta-galactosidase BG1 [Vitis vinifera],E3_2_1_23,,vv10052Galactose_metabolism,vv10511N-Glycan_degradation
404,VIT_19s0014g01470,216,0.1040,Thioredoxin TTL1 (Tetratricopetide-repeat thioredoxin-like 1),TTL1,,vv50132Primary_active_transporter_cat_A5_to_A8,
405,VIT_19s0014g03190,214,0.1038,Unknown protein,,,,
406,VIT_00s0181g00100,213,0.1030,Unknown protein,,,,
407,VIT_08s0007g02270,212,0.1022,LMBR1 integral membrane,,,,
408,VIT_04s0008g04170,209,0.1010,Unknown,,,,
409,VIT_07s0104g00860,208,0.1008,WD40,,,,
410,VIT_05s0077g02000,208,0.0999,Epoxide hydrolase,E3_3_2_10,,,
411,VIT_05s0124g00530,203,0.0992,Ankyrin protein kinase,,,,
412,VIT_12s0034g00480,204,0.0990,No hit,,,,
413,VIT_13s0019g04670,203,0.0984,Zinc finger (DHHC type) family,ZFDHHC_23,,vv60079Other_zf-DHHC,
414,VIT_12s0028g00670,201,0.0973,Zinc knuckle,ZFC2HC,,,
415,VIT_13s0019g04860,201,0.0970,Unknown protein,,,,
416,VIT_15s0046g00320,198,0.0962,Myc2 bHLH protein,MYC2_2,,vv30011Jasmonate_signaling,vv34626Plant-pathogen_interaction
417,VIT_10s0003g04560,198,0.0960,Auxin-Induced in Root cultures 9 AIR9,AIR9,,vv30003Auxin_signaling,
418,VIT_01s0011g04080,199,0.0959,Zinc finger (C3HC4-type ring finger),ZFC3HC4_178,,vv60078Other_zf-C3HC4,
419,VIT_18s0075g00610,197,0.0959,Laccase,E1_10_3_2,,vv11000Single_reactions,vv50109Incompletely_characterized_transport_systems
420,VIT_12s0028g03570,198,0.0957,SPA3 (SPA1-related 3),SPA3,,vv24120Ubiquitin_mediated_proteolysis,vv50133Primary_active_transporter_cat_A9_to_A18
421,VIT_06s0061g00760,195,0.0948,Zinc finger (C2H2 type) family,C2H2FAM_40,,vv60017C2H2,
422,VIT_12s0028g00070,196,0.0945,DNA-binding family,,,,
423,VIT_13s0019g02330,195,0.0943,GDP-mannose pyrophosphorylase (GMP1),E2_7_7_22,,vv10051Fructose_and_mannose_metabolism,
424,VIT_06s0004g03950,191,0.0920,No hit,,,,
425,VIT_12s0057g00300,190,0.0918,Unknown protein,,,,
426,VIT_05s0077g01400,190,0.0917,FAR1-related sequence 11,FRS11_2,,vv60071Orphans_far-red,
427,VIT_03s0097g00230,188,0.0912,No hit,,,,
428,VIT_18s0001g14360,188,0.0911,Tubulin beta-1 chain,K07375,,vv44145Phagosome,vv44810Regulation_of_actin_cytoskeleton
429,VIT_02s0025g03240,188,0.0908,Protein kinase,,,,
430,VIT_04s0008g03260,185,0.0895,Thioredoxin domain containing 14,,,,
431,VIT_08s0007g03870,184,0.0893,Phytosulfokines PSK1,,,,
432,VIT_05s0020g00440,184,0.0892,Boron transporter-like protein 1,BOR1,,vv50124Porters_cat_30_to_64,
433,VIT_13s0019g04590,184,0.0889,Arsenite-transporting ATPase (ArsA),K01551,,vv50131Primary_active_transporter_cat_A2_to_A4,
434,VIT_09s0018g01670,184,0.0888,Aspartyl protease,E3_4_23_x,,,
435,VIT_11s0016g04790,180,0.0875,No hit,,,,
436,VIT_15s0048g02650,181,0.0873,Unknown protein,,,,
437,VIT_10s0003g04990,179,0.0860,feronia receptor-like kinase,,,,
438,VIT_05s0102g00590,176,0.0845,No hit,,,,
439,VIT_19s0014g00300,174,0.0843,Alpha alpha-trehalose-phosphate synthase,E2_4_1_15,,vv10500Starch_and_sucrose_metabolism,
440,VIT_04s0044g00150,171,0.0825,Wuschel-related homeobox 13,WOX13_1,VvHB20,vv60034HB,
441,VIT_12s0035g01230,169,0.0823,MEK kinase,,,,
442,VIT_15s0021g00500,167,0.0804,NADP-dependent malic enzyme,E1_1_1_39,,vv10620Pyruvate_metabolism,vv10710Carbon_fixation
443,VIT_11s0037g01060,165,0.0796,Metal-dependent phosphohydrolase HD domain-containing protein,K07023,,,
444,VIT_09s0002g00740,164,0.0794,COP1-interacting protein,CIPREL,,vv24120Ubiquitin_mediated_proteolysis,
445,VIT_01s0011g00830,163,0.0790,Nodulin,,,,
446,VIT_10s0003g02590,162,0.0781,SH3 domain-containing protein 3 (SH3P3),SH3P3,,vv50110Protein_coat,
447,VIT_14s0030g01790,153,0.0742,Ndr family protein,,,,
448,VIT_07s0185g00050,153,0.0738,Xyloglucan:xyloglucosyl transferase,E2_4_1_207,,vv40006Cell_wall,
449,VIT_13s0067g02890,151,0.0732,Unknown protein,,,,
450,VIT_06s0080g00240,151,0.0731,DTDP-glucose 4-6-dehydratase,E4_2_1_46,,vv10520Nucleotide_sugars_metabolism,
451,VIT_02s0012g01750,150,0.0727,NHL8 (NDR1/HIN1-like 8),,,,
452,VIT_09s0002g02230,149,0.0716,Harpin-induced 1,,,,
453,VIT_03s0088g00330,145,0.0704,F-box protein 7,K10293,,,
454,VIT_16s0050g00160,142,0.0689,DTA2 (downstream target of AGL15 2),,,,
455,VIT_15s0048g02520,141,0.0680,Zinc transporter (ZAT),ZAT,,vv50121Porters_cat_1_to_6,
456,VIT_05s0094g00780,140,0.0678,Cysteine synthase,E2_5_1_47,,vv10272Cysteine_metabolism,vv10450Selenoamino_acid_metabolism
457,VIT_06s0004g01140,140,0.0677,GRIK1 (geminivirus rep  interacting  kinase 1),,,,
458,VIT_01s0011g04380,138,0.0668,Acyl-(acyl carrier protein) thioesterase,E3_1_2_14,,vv10061Fatty_acid_biosynthesis,
459,VIT_13s0067g01890,137,0.0659,Glycosyl hydrolase family 85,,,,
460,VIT_19s0015g00530,137,0.0658,fasciclin arabinogalactan-protein (FLA1),FLA1,,vv40006Cell_wall,
461,VIT_00s0386g00010,135,0.0651,MADS-box agamous-like 61,AGL61_1,,vv60042MADS,
462,VIT_05s0094g01570,133,0.0647,MLO1,K08472,,,
463,VIT_18s0001g08210,133,0.0645,SUT4 (sucrose transporter 4),SUT4,,vv50121Porters_cat_1_to_6,
464,VIT_12s0034g00960,132,0.0639,Unknown,,,,
465,VIT_06s0061g01230,131,0.0634,Cellulose synthase CSLA02,E2_4_1_12_CSLA02,,vv40006Cell_wall,
466,VIT_00s0220g00080,128,0.0624,Rad21/Rec8,,,,
467,VIT_14s0006g01730,129,0.0623,Phospholipid/glycerol acyltransferase,E2_3_1_51,,vv10561Glycerolipid_metabolism,vv10564Glycerophospholipid_metabolism
468,VIT_00s0753g00010,124,0.0600,Unknown,,,,
469,VIT_03s0038g04400,124,0.0597,C3H2C3 ring-finger protein,,,,
470,VIT_12s0035g01410,121,0.0587,No hit,,,,
471,VIT_03s0063g00100,120,0.0582,Unknown protein,,,,
472,VIT_08s0007g05990,119,0.0578,Beta 1-3 glucanase,E3_2_1_6,,,
473,VIT_08s0040g00360,118,0.0568,SUVH3 (SU(VAR)3-9 homolog 3),E2_1_1_43SUVH3_3,,vv10300Lysine_biosynthesis,vv60056SET_PCG
474,VIT_10s0003g04240,116,0.0563,Tyrosine decarboxylase,E4_1_1_25,,vv10350Tyrosine_metabolism,vv10950Alkaloid_biosynthesis_I
475,VIT_18s0001g10310,114,0.0548,Protein kinase family,,,,
476,VIT_00s0225g00070,113,0.0546,MATE efflux family protein,MATE,,vv50125Porters_cat_66_to_94,
477,VIT_19s0014g00950,112,0.0542,DNA polymerase I,K02335,,vv23030DNA_replication,
478,VIT_12s0059g01040,112,0.0541,Unknown protein,,,,
479,VIT_00s0216g00020,109,0.0529,Glycosyl transferase family 8 protein,,,,
480,VIT_00s1613g00010,109,0.0528,Syntaxin 52,K08503,,vv24130SNARE_interactions_in_vesicular_transport,
481,VIT_00s0198g00120<br>VIT_00s0173g00220<br>VIT_09s0070g00950<br>VIT_09s0070g00870<br>VIT_00s0198g00040<br>VIT_02s0012g03110<br>VIT_19s0140g00050,106,0.0517,
482,VIT_14s0108g00800,106,0.0510,No hit,,,,
483,VIT_02s0087g00790,105,0.0509,F-box domain containing protein,,,,
484,VIT_01s0011g00900,105,0.0508,Pentatricopeptide (PPR) repeat-containing protein,,,,
485,VIT_13s0067g01780,105,0.0507,Histidine acid phosphatase,E3_1_3_2,,vv10740Riboflavin_metabolism,
486,VIT_06s0061g01020,104,0.0503,Unknown protein,,,,
487,VIT_09s0096g00210,103,0.0501,Coniferyl alcohol acyltransferase,CFAT,,vv10940Phenylpropanoid_biosynthesis,
488,VIT_06s0004g07930,104,0.0500,Nucleotidyltransferase family,,,,
489,VIT_00s1959g00010,102,0.0496,UDP-N-acetylglucosamine pyrophosphorylase,E2_7_7_23,,vv10530Aminosugars_metabolism,
490,VIT_14s0006g02240,103,0.0495,2-hydroxyacyl-CoA lyase 1,K12261,,vv44146Peroxisome,
491,VIT_02s0025g00780,101,0.0490,Cation/hydrogen exchanger (CHX18),CHX18,,vv50124Porters_cat_30_to_64,
492,VIT_10s0003g01990,101,0.0489,RKF1 (receptor-like kinase in flowers 1),,,,
493,VIT_02s0012g00980,101,0.0487,ferredoxin-6  chloroplast precursor,K02639,,vv10195Photosynthesis,
494,VIT_04s0023g01140,101,0.0486,GNS1/SUR4 membrane protein,,,,
495,VIT_01s0011g04060,100,0.0485,Receptor-like kinase RHG1,,,,
496,VIT_03s0091g01020,100,0.0484,Unknown protein,,,,
497,VIT_03s0063g00260,99,0.0483,Hydrogenobyrinic acid a c-diamide synthase,E6_3_5_9,,vv50101Channels_and_pores,
498,VIT_00s0199g00310,98,0.0475,No hit,,,,
499,VIT_05s0051g00640,98,0.0474,Purple acid phosphatase 23- ATPAP23/PAP23,E3_1_3_2,,vv10740Riboflavin_metabolism,
500,VIT_05s0029g01380,98,0.0472,UV radiation resistance associated,,,,
501,VIT_07s0129g00220,97,0.0471,Actin binding formin homology 2,FH2,,vv44810Regulation_of_actin_cytoskeleton,
502,VIT_14s0083g00880,97,0.0470,Phosphatidylinositol 4-kinase type-II,K13711,,vv10562Inositol_phosphate_metabolism,vv34070Phosphatidylinositol_signaling_system
503,VIT_04s0008g04220,95,0.0462,Serine/threonine-protein kinase AFC3,,,,
504,VIT_12s0028g01170,95,0.0457,Auxin response factor ARF6,ARF6_4,,vv30003Auxin_signaling,vv60004ARF
505,VIT_14s0066g00200,94,0.0455,Pentatricopeptide (PPR) repeat-containing protein,,,,
506,VIT_07s0005g04400,94,0.0453,Photosystem II reaction centre W (PsbW),K08903,,vv10195Photosynthesis,vv50135Primary_active_transporter_cat_D3_to_E2
507,VIT_01s0011g00600,94,0.0453,Acclimation of photosynthesis to environment,APE2,,vv50122Porters_cat_7_to_17,
508,VIT_13s0019g03150,92,0.0446,Membrane protein,,,,
509,VIT_01s0011g03060,92,0.0445,Symbiosis receptor-like kinase,,,,
510,VIT_00s0897g00010,91,0.0442,Leucine-rich repeat family protein,,,,
511,VIT_13s0019g00540,91,0.0440,Ethylene-responsive protein,ERUNK_7,,vv30008Ethylene_signaling,vv60011BHLH
512,VIT_02s0012g02710,90,0.0435,Unknown,,,,
513,VIT_18s0001g09110,89,0.0428,Photosystem II PsbC protein,K02705,,vv10195Photosynthesis,vv50135Primary_active_transporter_cat_D3_to_E2
514,VIT_06s0004g05910,86,0.0415,Organic anion transmembrane transporter,OATTR,,vv50122Porters_cat_7_to_17,
515,VIT_08s0007g03990,86,0.0415,Cellulose synthase CSLA09,E2_4_1_12_CSLA09,,vv40006Cell_wall,
516,VIT_08s0007g01150,84,0.0407,Unc51-like kinase,K08269,,vv44140Regulation_of_autophagy,vv34150mTOR_signaling_pathway
517,VIT_19s0177g00290,84,0.0406,No hit,,,,
518,VIT_07s0005g06160,82,0.0399,No hit,,,,
519,VIT_12s0028g02540,81,0.0394,Glucan endo-1 3-beta-glucosidase 1 precursor,E3_2_1_39,,vv10500Starch_and_sucrose_metabolism,
520,VIT_06s0004g06660,80,0.0389,Phosphoinositide-specific phospholipase C,E3_1_4_11,,vv10562Inositol_phosphate_metabolism,vv30001ABA_signaling
521,VIT_01s0026g01630,80,0.0388,Unknown protein,,,,
522,VIT_16s0098g00770,80,0.0387,Auxin-amidohydrolase precursor,ILL3,,vv11002Auxin_biosynthesis,
523,VIT_07s0005g02590,79,0.0384,Polygalacturonase GH28,E3_2_1_15,,vv40006Cell_wall,
524,VIT_17s0000g04230,79,0.0382,Translation initiation factor eIF-2B delta subunit,K03680,,vv23013RNA_transport,
525,VIT_00s0174g00330,77,0.0373,formin protein AHF1,FH1,,vv44810Regulation_of_actin_cytoskeleton,
526,VIT_08s0040g01130,76,0.0368,Serine carboxypeptidase II,,,,
527,VIT_06s0004g03990,76,0.0366,Nudix hydrolase 9,,,,
528,VIT_01s0011g01530,73,0.0355,No hit,,,,
529,VIT_08s0007g01580,73,0.0354,Unknown protein,,,,
530,VIT_11s0016g04500,71,0.0343,Protein phosphatase 2 (formerly 2A)  regulatory subunit B',K11584,,vv23015mRNA_surveillance_pathway,
531,VIT_14s0068g00130<br>VIT_14s0068g00110<br>VIT_14s0068g00120,70,0.0338,
532,VIT_04s0044g00450,69,0.0333,Nodulin MtN21 family,MTN21,,vv50122Porters_cat_7_to_17,
533,VIT_01s0011g00700,69,0.0332,Myb family transcription factor / ELM2 domain-containing,MYBELM2_1,,vv60045MYBrelated,
534,VIT_15s0048g02530,68,0.0329,Harpin-induced 1,,,,
535,VIT_00s2580g00010,67,0.0324,U4/U6.U5 tri-snRNP-associated protein 2,K12847,,vv23040Spliceosome,
536,VIT_01s0011g06330,67,0.0324,Microtubule associated protein (MAP65-6),MAP656,,vv44810Regulation_of_actin_cytoskeleton,
537,VIT_04s0008g01070,65,0.0313,Calmodulin-binding region IQD6,,,,
538,VIT_14s0083g00400,63,0.0305,Leaf senescence protein,,,,
539,VIT_16s0098g00420,63,0.0305,Ser/Thr receptor-like kinase1,,,,
540,VIT_09s0018g00520,63,0.0305,Plastocyanin domain-containing protein,K02638,,vv10195Photosynthesis,vv50113Thylakoid_targeting_pathway
541,VIT_09s0054g01770,62,0.0303,Oxidoreductase/ transcriptional repressor,,,,
542,VIT_02s0033g01170,62,0.0300,Replication protein RPA 70kDa subunit,,,,
543,VIT_08s0007g03320,61,0.0295,Glucosamine 6-phosphate N-acetyltransferase,E2_3_1_4GNA1,,vv10251Glutamate_metabolism,vv10530Aminosugars_metabolism
544,VIT_03s0038g01310,61,0.0295,Auxin responsive SAUR protein,SAUR,,vv30003Auxin_signaling,
545,VIT_00s0287g00040,61,0.0295,GATA transcription factor 28,GAT28_2,,vv60016C2C2-GATA,
546,VIT_02s0025g01230,61,0.0294,Amino acid permease,AAPREL,,vv50123Porters_cat_18_to_29,
547,VIT_14s0083g01220,60,0.0290,feronia receptor-like kinase,,,,
548,VIT_10s0523g00040,60,0.0289,Alternative oxidase 4  chloroplastic/chromoplastic,,,,
549,VIT_11s0016g04190,58,0.0282,Extensin-like protein,EXTENSIN,,vv40006Cell_wall,
550,VIT_08s0105g00430,58,0.0280,Omega-3 fatty acid desaturase  chloroplast precursor,K10257,,vv11040Biosynthesis_of_unsaturated_fatty_acids,
551,VIT_16s0039g02240,58,0.0280,ADP-ribosylation factor B1C,ARFB1C,,,
552,VIT_01s0026g00840,57,0.0277,ARL1 (ARG1-like 1),ARL1,,vv50132Primary_active_transporter_cat_A5_to_A8,
553,VIT_06s0061g00840,57,0.0275,PHD finger transcription factor,PHDFG_16,,vv60048PHD,
554,VIT_13s0158g00240,55,0.0264,No hit,,,,
555,VIT_00s1314g00010,54,0.0261,Basic helix-loop-helix (bHLH) family,BHLHDOM_89,,vv60011BHLH,
556,VIT_07s0031g00590,54,0.0260,Triacylglycerol lipase,E3_1_1_3,,vv10561Glycerolipid_metabolism,
557,VIT_19s0014g00150,53,0.0256,Purine permease 11 PUP11,PUP11,,vv50122Porters_cat_7_to_17,
558,VIT_09s0054g01610,52,0.0250,Synaptic vesicle 2-related protein,SVOP,,vv50121Porters_cat_1_to_6,
559,VIT_17s0000g00720,51,0.0247,DNA-binding protein,,,,
560,VIT_13s0047g00510,51,0.0246,DNA gyrase subunit A,K02469,,,
561,VIT_07s0130g00510,50,0.0242,Transcription factor related,,,,
562,VIT_09s0054g01220,49,0.0238,Cycloartenol synthase,E5_4_99_8,,vv10100Biosynthesis_of_steroids,
563,VIT_11s0052g01540,48,0.0232,MATE efflux family protein,MATE,,vv50125Porters_cat_66_to_94,
564,VIT_13s0019g02490,48,0.0232,Subtilisin protease C1,,,,
565,VIT_13s0019g02550,47,0.0227,Subtilisin protease C1,,,,
566,VIT_12s0059g00230,47,0.0227,Epoxide hydrolase 2,E3_3_2_10,,,
567,VIT_07s0005g02420,46,0.0223,Haloacid dehalogenase hydrolase,E3_1_3_18,,vv10630Glyoxylate_and_dicarboxylate_metabolism,
568,VIT_15s0046g00200,46,0.0222,Unknown protein,,,,
569,VIT_00s0160g00280,45,0.0219,No hit,,,,
570,VIT_16s0050g01990,44,0.0214,Unknown,,,,
571,VIT_14s0066g01090,44,0.0211,Myb domain protein 24,MYB24,MYB24,vv60044MYB,
572,VIT_09s0002g01610,43,0.0209,Midasin-related,K14572,,vv23008Ribosome_biogenesis_in_Eukaryotes,
573,VIT_05s0020g00850,43,0.0209,Transposon protein  Mutator sub-class,,,,
574,VIT_18s0001g12770,42,0.0203,Trichohyalin AUL1 (auxin-like 1 protein),,,,
575,VIT_02s0025g00360,42,0.0203,1-aminocyclopropane-1-carboxylate synthase,E4_4_1_14,,vv10640Propanoate_metabolism,vv30008Ethylene_signaling
576,VIT_03s0180g00260,41,0.0199,Cinnamyl alcohol dehydrogenase,E1_1_1_195,,vv10940Phenylpropanoid_biosynthesis,
577,VIT_18s0001g02160,41,0.0199,Switching protein 3C ATSWI3C,SWI3C_1,,vv60045MYBrelated,
578,VIT_14s0068g02160,41,0.0199,Ribosomal protein S21,K02970,,vv23010Ribosome,
579,VIT_07s0031g02260,40,0.0195,Unknown protein,,,,
580,VIT_18s0001g13010,39,0.0188,Mitogen-activated protein kinase 1,MPK1,,,
581,VIT_14s0060g00270,39,0.0188,Pentatricopeptide (PPR) repeat-containing,,,,
582,VIT_12s0028g01010,39,0.0188,Unknown,,,,
583,VIT_14s0108g01360,38,0.0185,Unknown protein,,,,
584,VIT_04s0008g05480,38,0.0184,BRI1-KD interacting protein 118,BRI1INT,,vv30005Brassinosteroids_signaling,
585,VIT_17s0000g03010,37,0.0179,Phosphatidyl serine synthase,E2_7_8_8,,vv10260Glycine_serine_and_threonine_metabolism,vv10564Glycerophospholipid_metabolism
586,VIT_12s0028g03960,37,0.0178,Ankyrin repeat protein family,K10380,,vv50108Accessory_factors_involved_in_transport,
587,VIT_12s0035g01150,37,0.0178,RAB GTPase FP8,K07976,,,
588,VIT_08s0007g06450,37,0.0178,Omega-6 fatty acid desaturase  endoplasmic reticulum (FAD2),K10256,,vv11040Biosynthesis_of_unsaturated_fatty_acids,
589,VIT_04s0023g03610,36,0.0175,MLO4 (mildew resistance locus O 4),K08472,,,
590,VIT_06s0004g01260,36,0.0174,U-box protein,,,,
591,VIT_14s0083g00260,35,0.0169,No hit,,,,
592,VIT_02s0025g02840,34,0.0166,Ankyrin 3  epithelial isoform a,K10380,,vv50108Accessory_factors_involved_in_transport,
593,VIT_17s0053g00210,34,0.0165,Peptidoglycan-binding LysM domain-containing protein,,,,
594,VIT_13s0019g02410,34,0.0164,Serine/threonine protein phosphatase PP1,K06269,,vv10500Starch_and_sucrose_metabolism,
595,VIT_18s0001g06460,34,0.0163,Queuine tRNA-ribosyltransferase,E2_4_2_29,,vv10230Purine_metabolism,
596,VIT_18s0001g00920<br>VIT_18s0075g00590<br>VIT_18s0001g00850<br>VIT_18s0075g00780<br>VIT_18s0001g00790<br>VIT_18s0001g00730<br>VIT_18s0001g00310<br>VIT_18s0075g00620<br>VIT_18s0075g00540<br>VIT_18s0075g00600<br>VIT_18s0075g00580<br>VIT_00s0481g00020<br>VIT_18s0001g00930,33,0.0159,
597,VIT_04s0023g02200,32,0.0155,S-adenosyl-L-methionine:salicylic acid carboxyl methyltransferase,SAMTBSCMT,,vv10360Phenylalanine_metabolism,
598,VIT_15s0048g02750,32,0.0155,Unknown,,,,
599,VIT_08s0040g01600,31,0.0150,TCP family transcription factor TCP11,TCP11,,vv60061TCP,
600,VIT_07s0005g04710,31,0.0149,Protein kinase,,,,
601,VIT_04s0008g00710,30,0.0146,Unknown,,,,
602,VIT_11s0016g04260,30,0.0146,Hydrolase  alpha/beta fold,,,,
603,VIT_19s0090g00660,30,0.0145,Lipase GDSL,,,,
604,VIT_17s0000g03850,30,0.0145,Aluminum-activated malate transporter 9,ALMT9,,vv50125Porters_cat_66_to_94,
605,VIT_02s0025g01400,29,0.0141,Leucine-rich repeat family protein stress,,,,
606,VIT_13s0019g04300,29,0.0141,Ribosomal protein L12 (RPL12A) 60S,K02870,,vv23010Ribosome,vv30001ABA_signaling
607,VIT_01s0146g00070,29,0.0140,11-beta-hydroxysteroid dehydrogenase,E1_1_1_146,,vv10140C21-Steroid_hormone_metabolism,
608,VIT_05s0077g00850,29,0.0140,Ubiquitin-conjugating enzyme E2 O,K10581,,vv24120Ubiquitin_mediated_proteolysis,
609,VIT_04s0023g01790,29,0.0140,Phytoene dehydrogenase,K10027,,vv10906Carotenoid_biosynthesis,
610,VIT_09s0002g03580,29,0.0139,ABC transporter G member 21,ABCG21,,vv52010ABC_transporters,
611,VIT_14s0128g00220,27,0.0131,Signal peptidase complex subunit 3,K12948,,vv23060Protein_export,
612,VIT_07s0141g00580,26,0.0126,Glycosyl transferase family 8 protein,,,,
613,VIT_03s0063g00270,26,0.0126,Unknown protein,,,,
614,VIT_11s0016g05460,26,0.0126,BRI1-KD interacting protein,BRI1INT,,vv30005Brassinosteroids_signaling,
615,VIT_01s0026g02200,26,0.0126,TCP family transcription factor TCP15,TCP15,,vv60061TCP,
616,VIT_14s0083g00170,26,0.0125,Translation initiation factor eIF-2B delta subunit,K03680,,vv23013RNA_transport,
617,VIT_12s0028g03060,26,0.0125,HSL1 (HAESA-like 1),,,,
618,VIT_06s0080g00390,25,0.0121,Endomembrane protein 70 protein,EMP70,,,
619,VIT_05s0102g00410,25,0.0120,far-red impaired responsive family protein,FRSFAM_9,,vv60071Orphans_far-red,
620,VIT_08s0040g00460,24,0.0116,Ubiquitin-conjugating enzyme E2 S,K10583,,vv24120Ubiquitin_mediated_proteolysis,
621,VIT_15s0021g02510,24,0.0115,GATA transcription factor 2,GATA2,,vv60016C2C2-GATA,
622,VIT_14s0108g01510,24,0.0115,Membrane-anchored ubiquitin-fold protein 2,,,,
623,VIT_16s0022g00500,23,0.0111,ABC transporter C member 12,K05672,,vv52010ABC_transporters,
624,VIT_03s0038g03220,23,0.0111,Chitin elicitor-binding CEBIP LysM domain-containing,K13473,,vv34626Plant-pathogen_interaction,
625,VIT_01s0026g00520,23,0.0111,Nodulin MtN21 family,MTN21,,vv50122Porters_cat_7_to_17,
626,VIT_06s0004g07680,23,0.0111,Nodulin,,,,
627,VIT_13s0175g00230,22,0.0107,No hit,,,,
628,VIT_02s0025g01590,22,0.0107,Triacylglycerol lipase,E3_1_1_3,,vv10561Glycerolipid_metabolism,
629,VIT_00s0398g00020,22,0.0106,S-receptor kinase KIK1 precursor,,,,
630,VIT_08s0040g02880,22,0.0106,Unknown protein,,,,
631,VIT_12s0134g00470,21,0.0102,No hit,,,,
632,VIT_17s0000g05310,21,0.0102,Pre-mRNA cleavage complex II protein Clp1,,,,
633,VIT_11s0016g00630,21,0.0102,DEAD-box ATP-dependent RNA helicase 17,RH17,,vv23040Spliceosome,vv50133Primary_active_transporter_cat_A9_to_A18
634,VIT_17s0000g08610,21,0.0101,Phox (PX) domain-containing protein,,,,
635,VIT_17s0000g04150,21,0.0101,Leucoanthocyanidin reductase,E1_17_1_3,,vv10941Flavonoid_biosynthesis,
636,VIT_19s0090g01250,20,0.0097,Jasmonate O-methyltransferase,E2_1_1_141,,vv10592alpha-Linolenic_acid_metabolism,
637,VIT_10s0071g01030,20,0.0097,Transducin family protein / WD-40 repeat,,,,
638,VIT_07s0005g01210,20,0.0096,Myb domain protein 12,MYB12_2,MYBF1,vv60044MYB,
639,VIT_04s0079g00420,20,0.0096,Alpha-expansin 13 precursor,EXPA13,,vv30003Auxin_signaling,
640,VIT_18s0072g01010,19,0.0092,Peptide chain release factor eRF subunit 1,K03265,,vv23015mRNA_surveillance_pathway,
641,VIT_01s0011g02130,18,0.0087,Peptidoglycan-binding LysM domain-containing protein,,,,
642,VIT_13s0019g04330,18,0.0087,Unknown protein,,,,
643,VIT_06s0004g05570,18,0.0087,Subtilase,,,,
644,VIT_03s0038g00640,18,0.0086,Unknown,,,,
645,VIT_11s0016g01770,17,0.0083,MKK2,K04368_MKK2,,vv34626Plant-pathogen_interaction,
646,VIT_10s0003g05130,17,0.0082,Wall-associated receptor kinase 5,,,,
647,VIT_03s0091g00270,16,0.0078,TIP41,,,,
648,VIT_18s0001g00680,16,0.0078,Laccase,E1_10_3_2,,vv11000Single_reactions,vv50109Incompletely_characterized_transport_systems
649,VIT_13s0156g00010,16,0.0078,SC35 splicing factor SCL30a  30a kD,,,,
650,VIT_00s0386g00050,16,0.0078,Xyloglucan endotransglucosylase/hydrolase precursor,E2_4_1_207,,vv40006Cell_wall,
651,VIT_00s0434g00080,16,0.0077,Aspartyl protease,E3_4_23_x,,,
652,VIT_00s0225g00080,16,0.0077,MATE efflux family protein,MATE,,vv50125Porters_cat_66_to_94,
653,VIT_15s0021g01840,16,0.0077,Cationic amino acid transporter 9,CAT9,,vv50121Porters_cat_1_to_6,
654,VIT_12s0059g01550,16,0.0077,Triacylglycerol/steryl ester lipase,E3_1_1_3,,vv10561Glycerolipid_metabolism,
655,VIT_04s0008g06760,16,0.0077,Chlororespiratory reduction 4 CRR4,CRR4,,vv50132Primary_active_transporter_cat_A5_to_A8,
656,VIT_14s0171g00480,15,0.0073,F-box domain containing protein,,,,
657,VIT_19s0085g00470,15,0.0073,No hit,,,,
658,VIT_07s0095g00690,15,0.0073,No hit,,,,
659,VIT_06s0061g00480,15,0.0073,Alpha-L-fucosidase 1 precursor,E3_2_1_51,,vv10511N-Glycan_degradation,
660,VIT_18s0001g09480,15,0.0073,PUMILIO 8 (APUM8),,,,
661,VIT_09s0002g03170,15,0.0072,CHUP1 (chloroplast unusual positioning 1),CHUP1,,vv44810Regulation_of_actin_cytoskeleton,
662,VIT_08s0056g01500,15,0.0072,Unknown protein,,,,
663,VIT_11s0103g00550,14,0.0068,Subtilisin-like serine protease 3,SLP3,,vv50101Channels_and_pores,
664,VIT_05s0102g00700,14,0.0068,Group II intron splicing factor CRS1-like,,,,
665,VIT_18s0001g05180,13,0.0063,Beta-D-xylosidase,E3_2_1_37,,vv10500Starch_and_sucrose_metabolism,vv10520Nucleotide_sugars_metabolism
666,VIT_06s0009g00210,13,0.0063,Calmodulin-binding region IQ5,,,,
667,VIT_11s0016g02190,13,0.0063,Unknown protein,,,,
668,VIT_11s0052g00350,13,0.0063,Receptor kinase TRKe,,,,
669,VIT_08s0007g03820,13,0.0063,PTL (PETAL LOSS),PETAL_LOSS_2,,vv60062Trihelix,
670,VIT_16s0013g00550,13,0.0063,No hit,,,,
671,VIT_07s0005g06720,13,0.0063,PPR2,,,,
672,VIT_03s0038g03830,12,0.0058,DNA-binding bromodomain-containing protein,,,,
673,VIT_06s0004g01210,12,0.0058,PRLI-interacting factor A,,,,
674,VIT_00s0734g00030,12,0.0058,Unknown protein,,,,
675,VIT_02s0154g00610,12,0.0058,Pex19 protein,PEX19_2,,vv44146Peroxisome,vv50109Incompletely_characterized_transport_systems
676,VIT_01s0026g00230,12,0.0058,U4/U6 small nuclear ribonucleoprotein PRP31,K12844,,vv23040Spliceosome,
677,VIT_14s0068g01930,12,0.0058,Zinc finger (C2H2 type) family,C2H2FAM_41,,vv60017C2H2,
678,VIT_06s0004g04320,12,0.0058,Alcohol dehydrogenase 3,E1_1_1_1,,vv10010Glycolysis,vv10071Fatty_acid_metabolism
679,VIT_15s0046g00370,12,0.0058,Unknown protein,,,,
680,VIT_15s0046g01610,12,0.0058,Acidic endochitinase (CHIB1),E3_2_1_14,,vv10530Aminosugars_metabolism,
681,VIT_10s0003g01490,12,0.0058,NIK3 (NSP- interacting  kinase 3),,,,
682,VIT_08s0007g07400,12,0.0058,Glutamate dehydrogenase 1,E1_4_1_2,,vv10251Glutamate_metabolism,vv10910Nitrogen_metabolism
683,VIT_00s0267g00030,12,0.0058,Unknown,,,,
684,VIT_14s0108g01120,12,0.0058,SPX (SYG1/Pho81/XPR1) domain-containing protein,SPX,,vv50125Porters_cat_66_to_94,
685,VIT_01s0137g00170,11,0.0053,B-keto acyl reductase,,,,
686,VIT_02s0025g04050,11,0.0053,Rab/Ypt GTPase Ara4-interacting protein,,,,
687,VIT_00s0207g00050,11,0.0053,No hit,,,,
688,VIT_10s0116g00290,11,0.0053,UBX domain-containing protein 1,K14012,,vv24141Protein_processing_in_endoplasmic_reticulum,
689,VIT_05s0020g01260,11,0.0053,Pentatricopeptide (PPR) repeat-containing protein,,,,
690,VIT_10s0071g00230,10,0.0049,HcrVf1 protein,,,,
691,VIT_04s0023g00220,10,0.0049,Zfwd2 protein (ZFWD2),ZFWD2_5,,vv60018C3H,
692,VIT_09s0002g05570,10,0.0048,ABC transporter g family pleiotropic drug resistance 12 PDR12,ABCGPDR12,,vv52010ABC_transporters,
693,VIT_18s0001g10370,10,0.0048,S-ribonuclease binding protein SBP1,SBP1_3,,vv60078Other_zf-C3HC4,
694,VIT_01s0011g00790,10,0.0048,DnaJ homolog  subfamily C  member 2 gonidia forming protein GlsA,K09522_1,,vv50132Primary_active_transporter_cat_A5_to_A8,vv60045MYBrelated
695,VIT_13s0019g01670,10,0.0048,Telomeric DNA binding protein 1,TBP1,,vv60045MYBrelated,
696,VIT_07s0141g01070,10,0.0048,No hit,,,,
697,VIT_16s0039g00340,10,0.0048,Harpin-induced protein-related,,,,
698,VIT_18s0001g07610,10,0.0048,EMB1674 (embryo defective 1674) kinase interacting family protein,EMB1674_1,,vv60087Orphans_KIP1_SANTA,
699,VIT_11s0016g03810,10,0.0048,Unknown protein,,,,
700,VIT_17s0000g08870,10,0.0048,Carboxyl-terminal proteinase,,,,
701,VIT_00s0333g00070,10,0.0048,Unknown protein,,,,
702,VIT_14s0066g01830,10,0.0048,SAG101 (senescence-associated gene 101),,,,
703,VIT_18s0001g05780,10,0.0048,Leucine-rich repeat family protein,,,,
704,VIT_02s0025g02920,9,0.0044,Quercetin 3-O-methyltransferase 1,E2_1_1_76,,vv10941Flavonoid_biosynthesis,
705,VIT_18s0072g00240,9,0.0044,Zinc finger (DHHC type),ZFDHHC_3,,vv60079Other_zf-DHHC,
706,VIT_04s0008g03030,9,0.0044,RNA recognition motif (RRM)-containing,,,,
707,VIT_19s0014g04790,9,0.0044,Organic cation/carnitine transporter4,VVOCT4,,vv50121Porters_cat_1_to_6,
708,VIT_07s0005g01940,9,0.0044,Pectinesterase family,E3_1_1_11,,vv40006Cell_wall,
709,VIT_17s0000g10280,9,0.0044,Nucleotide diphosphate kinase II  chloroplast (NDPK2),E2_7_4_6,,vv10230Purine_metabolism,vv10240Pyrimidine_metabolism
710,VIT_16s0022g01390,9,0.0044,flavonoid 3-monooxygenase,E1_14_13_21,,vv10941Flavonoid_biosynthesis,
711,VIT_11s0016g02960,9,0.0044,Glucan endo-1 3-beta-glucosidase 4 precursor,E3_2_1_39,,vv10500Starch_and_sucrose_metabolism,
712,VIT_04s0044g00720,9,0.0044,S-receptor kinase,,,,
713,VIT_18s0001g15010,9,0.0043,F-box and leucine-rich repeat protein 1,K03875,,vv24120Ubiquitin_mediated_proteolysis,
714,VIT_07s0141g00440,9,0.0043,Unc51-like kinase,K08269,,vv44140Regulation_of_autophagy,vv34150mTOR_signaling_pathway
715,VIT_16s0115g00430,9,0.0043,No hit,,,,
716,VIT_04s0023g00790,9,0.0043,Protein translocase Tic20,TIC20,,vv50133Primary_active_transporter_cat_A9_to_A18,
717,VIT_05s0020g04880,9,0.0043,Seed specific protein Bn15D14A,,,,
718,VIT_00s0384g00020,9,0.0043,Basic helix-loop-helix (bHLH) family,BHLHDOM_93,,vv60011BHLH,
719,VIT_13s0067g03170,9,0.0043,Transcription elongation factor S-II,K03145,,vv23022Basal_transcription_factors,
720,VIT_00s0577g00010,9,0.0043,CDPK protein kinase,,,,
721,VIT_19s0027g00430,8,0.0039,No hit,,,,
722,VIT_15s0048g01300,8,0.0039,Glycosyl transferase family 8 protein,,,,
723,VIT_02s0025g03230,7,0.0034,Fringe protein,K05948,,,
724,VIT_05s0029g00650,7,0.0034,Zinc finger (C3HC4-type ring finger),ZFC3HC4_181,,vv60078Other_zf-C3HC4,
725,VIT_18s0001g04990,7,0.0034,(-)-germacrene D synthase,E4_2_3_22,,vv10900Terpenoid_biosynthesis,
726,VIT_19s0014g00110,7,0.0034,Protein kinase,,,,
727,VIT_07s0141g00230,7,0.0034,Ubiquitin-specific protease 3 (UBP3),K01072,,,
728,VIT_00s0193g00110<br>VIT_00s0269g00150,7,0.0034,
729,VIT_03s0038g01600,7,0.0034,ABA-responsive protein (HVA22a),HVA22A,,vv30001ABA_signaling,
730,VIT_07s0151g00760,7,0.0034,Lipid transfer protein,LTP,,,
731,VIT_07s0005g01680,7,0.0034,Stachyose synthase,E2_4_1_67,,vv10052Galactose_metabolism,
732,VIT_16s0098g01900,7,0.0034,Pectinesterase family,E3_1_1_11,,vv40006Cell_wall,
733,VIT_04s0023g02180,6,0.0029,No hit,,,,
734,VIT_19s0015g00970,6,0.0029,Unknown protein,,,,
735,VIT_02s0025g05070,6,0.0029,Microtubule motor PAK (phosphatidic acid kinase) KHC,KMKHC,,vv44810Regulation_of_actin_cytoskeleton,
736,VIT_03s0132g00210,6,0.0029,Methylmalonate semi-aldehyde dehydrogenase,E1_2_1_27,,vv10280Valine_leucine_and_isoleucine_degradation,vv10640Propanoate_metabolism
737,VIT_13s0067g01000,6,0.0029,PHD finger protein alfin,ALFINDOM1,,vv60002Alfin-like,
738,VIT_06s0004g05430,6,0.0029,Tropinone reductase,E1_1_1_206,,vv10220Urea_cycle_and_metabolism_of_amino_groups,
739,VIT_08s0040g02530,6,0.0029,No hit,,,,
740,VIT_17s0000g07370,6,0.0029,EDS1 (Enhanced disease susceptibility 1),EDS1,,vv30011Jasmonate_signaling,
741,VIT_19s0027g00410,6,0.0029,No hit,,,,
742,VIT_02s0025g02750,6,0.0029,PHD finger transcription factor,PHDFG_32,,vv60048PHD,
743,VIT_04s0023g02000,6,0.0029,Integral membrane protein-like,,,,
744,VIT_11s0016g05230,6,0.0029,Allyl alcohol dehydrogenase,,,,
745,VIT_11s0016g02400,6,0.0029,K+ efflux antiporter (KEA4),KEA4,,vv50124Porters_cat_30_to_64,
746,VIT_04s0008g03610,6,0.0029,Xylan synthase,E2_4_2_24,,vv10500Starch_and_sucrose_metabolism,vv10520Nucleotide_sugars_metabolism
747,VIT_07s0031g01520,6,0.0029,No hit,,,,
748,VIT_11s0052g00170,6,0.0029,Armadillo-like helical domain-containing,,,,
749,VIT_05s0062g01320,6,0.0029,Chitinase,E3_2_1_14,,vv10530Aminosugars_metabolism,
750,VIT_11s0016g01790,6,0.0029,Unknown protein,,,,
751,VIT_04s0008g06620,6,0.0029,Phospholipase D,E3_1_4_4,,vv10564Glycerophospholipid_metabolism,vv10565Ether_lipid_metabolism
752,VIT_00s0169g00040,6,0.0029,CTV.22,,,,
753,VIT_06s0004g00040,6,0.0029,Pur alpha-1 (purin-rich alpha 1),,,,
754,VIT_05s0049g01650,6,0.0029,Cyclopropane fatty acid synthase,E2_1_1_79,,vv10271Methionine_metabolism,
755,VIT_18s0001g13920,5,0.0024,Unknown protein,,,,
756,VIT_15s0046g00160,4,0.0019,WD-40 repeat,,,,
757,VIT_11s0016g04800,4,0.0019,No hit,,,,
758,VIT_14s0108g00350,4,0.0019,3-dehydroquinate synthase,E4_2_3_4,,vv10400Phenylalanine_tyrosine_and_tryptophan_biosynthesis,
759,VIT_02s0154g00250,4,0.0019,Oxysterol binding protein,,,,
760,VIT_01s0011g02710,4,0.0019,No hit,,,,
761,VIT_06s0009g02430,3,0.0015,No hit,,,,
762,VIT_19s0014g02130,3,0.0015,No hit,,,,
763,VIT_17s0000g00880,3,0.0015,Pseudouridine synthase,E4_2_1_70,,vv10240Pyrimidine_metabolism,
764,VIT_13s0101g00380<br>VIT_13s0047g01100,3,0.0015,
765,VIT_11s0016g01910,3,0.0015,THO complex subunit 6,K13175,,vv23013RNA_transport,
766,VIT_14s0006g03050,3,0.0015,Unknown protein,,,,
767,VIT_00s0324g00060,3,0.0015,UDP-glycosyltransferase 85A8,,,,
768,VIT_06s0009g03240,3,0.0015,Pleckstrin homology (PH) domain-containing,RHOGAP,,vv50109Incompletely_characterized_transport_systems,
769,VIT_05s0077g01040,3,0.0015,Peptidylprolyl isomerase domain and WD repeat-containing protein 1,K12736,,vv23040Spliceosome,
770,VIT_03s0091g00240,3,0.0015,Haloacid dehalogenase hydrolase,E3_1_3_18,,vv10630Glyoxylate_and_dicarboxylate_metabolism,
771,VIT_00s0324g00050,3,0.0015,UDP-glucose glucosyltransferase,E2_4_1_35,,vv10500Starch_and_sucrose_metabolism,
772,VIT_18s0001g03290,3,0.0015,1-phosphatidylinositol-4-phosphate 5-kinase,E2_7_1_68,,vv10562Inositol_phosphate_metabolism,vv34070Phosphatidylinositol_signaling_system
773,VIT_18s0001g13530,3,0.0015,SH3 domain-containing protein 2,SH3P2,,vv50110Protein_coat,
774,VIT_10s0003g05480,3,0.0015,SEC14 cytosolic factor,SEC14,,,
775,VIT_15s0046g02190,3,0.0015,WRKY DNA-binding protein 22,WRKY22,VvWRKY49,vv34626Plant-pathogen_interaction,vv60066WRKY
776,VIT_17s0000g06010,3,0.0015,Unknown protein,,,,
777,VIT_14s0006g00430,3,0.0015,Carboxylesterase,E3_1_1_1,,,
778,VIT_04s0008g01960,3,0.0015,Copper-transporting ATPase PAA2,K01533_PAA2,,vv50131Primary_active_transporter_cat_A2_to_A4,
779,VIT_16s0050g00070,3,0.0015,Myb domain protein 17,MYB17_1,MYB17B,vv60044MYB,
780,VIT_11s0118g00510,3,0.0015,Ubiquitin-associated (UBA)/TS-N domain-containing,,,,
781,VIT_18s0122g00630,3,0.0015,Cinnamoyl-CoA reductase,E1_2_1_44,,vv10940Phenylpropanoid_biosynthesis,
782,VIT_02s0012g00500,3,0.0015,Invertase/pectin methylesterase inhibitor,PMEI,,vv40006Cell_wall,
783,VIT_17s0000g03460,3,0.0015,Unknown protein,,,,
784,VIT_08s0032g00290,3,0.0015,RNA-binding region RNP-1,,,,
785,VIT_07s0031g00540,3,0.0015,Rapid ALkalinization Factor RALFL34,,,,
786,VIT_05s0020g04420,3,0.0015,Calmodulin,K02183,,vv34020Calcium_signaling_pathway,vv34626Plant-pathogen_interaction
787,VIT_19s0014g00020,3,0.0015,ATP-dependent Clp protease ATP-binding subunit (ClpA),K03694,,vv50109Incompletely_characterized_transport_systems,
788,VIT_18s0001g11270,3,0.0015,SERine Proteinase Inhibitor Serpin P,,,,
789,VIT_00s0616g00020,3,0.0015,Ribosomal protein L19,K02884,,vv23010Ribosome,
790,VIT_00s0802g00020,3,0.0015,Unknown protein,,,,
791,VIT_19s0014g03770,3,0.0015,Retrotransposon,,,,
792,VIT_01s0010g00950,3,0.0015,Aminoalcoholphosphotransferase (AAPT1),E2_7_8_1,,vv10564Glycerophospholipid_metabolism,vv10565Ether_lipid_metabolism
793,VIT_05s0020g00870,3,0.0015,UbiE/COQ5 methyltransferase,K06127,,vv10130Ubiquinone_biosynthesis,
794,VIT_10s0003g00120,3,0.0015,Leucine-rich repeat family protein,,,,
795,VIT_17s0000g00290,3,0.0015,Alpha-mannosidase precursor lysosomal,E3_2_1_24,,vv10511N-Glycan_degradation,
796,VIT_08s0007g06200,3,0.0015,Rhodanese domain-containing protein,K07146,,,
797,VIT_06s0004g00880,3,0.0015,Protease inhibitor/seed storage/lipid transfer protein (LTP),,,,
798,VIT_09s0018g01340<br>VIT_09s0018g01360,3,0.0015,
799,VIT_14s0060g01190,3,0.0015,Nicotianamine synthase,E2_5_1_43,,vv10271Methionine_metabolism,
800,VIT_02s0025g01640,3,0.0014,Calcineurin B 4-1,E3_1_3_16,,,
801,VIT_09s0002g02070,3,0.0014,Protein kinase PKN/PRK1,,,,
802,VIT_01s0137g00660,3,0.0014,Coenzyme Q biosynthesis Coq4 protein,,,,
803,VIT_05s0049g01180,3,0.0014,Ankyrin,K10380,,,
804,VIT_05s0102g00250,3,0.0014,Unknown protein,,,,
805,VIT_15s0021g00530,3,0.0014,Unknown protein,,,,
806,VIT_18s0001g00400,3,0.0014,Laccase,E1_10_3_2,,vv11000Single_reactions,vv50109Incompletely_characterized_transport_systems
807,VIT_19s0014g02470,3,0.0014,Unknown protein,,,,
808,VIT_19s0015g01270,3,0.0014,Proteasome activator subunit 4,K06699,,vv23050Proteasome,
809,VIT_09s0070g00120,3,0.0014,Phosphatidylinositolglycan class O (PIG-O),K05288,,vv10563Glycosylphosphatidylinositol-anchor_biosynthesis,
810,VIT_00s0373g00010,3,0.0014,Tubulin alpha-3 chain,K07374,,vv44145Phagosome,vv44810Regulation_of_actin_cytoskeleton
811,VIT_04s0023g03120,3,0.0014,Histone H3,,,,
812,VIT_17s0000g03200,3,0.0014,Unknown protein,,,,
813,VIT_17s0000g05100,3,0.0014,No hit,,,,
814,VIT_19s0090g01230,3,0.0014,Microtubule associated protein (MAP65-1a),MAP651,,vv44810Regulation_of_actin_cytoskeleton,
815,VIT_14s0068g00250,3,0.0014,Exocyst subunit EXO70 E1,EXO70E1,,vv50111Tethering_factors,
816,VIT_08s0007g08680,3,0.0014,Unknown protein,,,,
817,VIT_11s0052g00190,3,0.0014,Las1,,,,
818,VIT_03s0063g01390,3,0.0014,Phox (PX) domain-containing protein,,,,
819,VIT_04s0079g00200,3,0.0014,Auxin response factor 8,ARF8_2,,vv30003Auxin_signaling,vv60004ARF
820,VIT_06s0004g05230,3,0.0014,Plastid transcriptionally active18,PTAC16,,vv50133Primary_active_transporter_cat_A9_to_A18,
821,VIT_00s0253g00070,3,0.0014,Unknown,,,,
822,VIT_04s0023g03650,3,0.0014,Galactose mutarotase-like,E5_1_3_3,,vv10010Glycolysis,
823,VIT_12s0055g00890,3,0.0014,No hit,,,,
824,VIT_08s0056g00510,3,0.0014,KH domain-containing protein,,,,
