Vv_m2,2000,1000,VIT_06s0004g01470
rank,node,Fabs,Frel,Functional-annotation,Name-EC-KeggID,Updated-name,Network1,Network2
1,VIT_06s0004g01480,2070,1.0000,Lipoxygenase LOX1,E1_13_11_12,,vv10592alpha-Linolenic_acid_metabolism,
2,VIT_06s0004g01460<br>VIT_06s0004g01450,2072,1.0000,
3,VIT_06s0004g01500,2057,1.0000,Lipoxygenase (LOX2),E1_13_11_12,,vv10592alpha-Linolenic_acid_metabolism,
4,VIT_03s0063g01730,2061,0.9947,Viral-response family protein-like,,,,
5,VIT_18s0001g07360,2048,0.9918,ER6 protein universal stress protein (USP) family,USPER6,,vv30008Ethylene_signaling,
6,VIT_10s0116g00530,2054,0.9894,Thiazole biosynthetic enzyme  chloroplast (ARA6),E2_5_1_3,,vv10730Thiamine_metabolism,
7,VIT_09s0002g03000,2045,0.9841,Leucine-rich repeat protein kinase,,,,
8,VIT_04s0069g00540,2015,0.9805,Glutamate receptor protein,GLR2_7,,vv50101Channels_and_pores,
9,VIT_08s0007g07750,2011,0.9786,Polygalacturonase PG1,E3_2_1_15,,vv40006Cell_wall,
10,VIT_12s0034g02590,2038,0.9779,Leucine Rich Repeat receptor-like kinase,,,,
11,VIT_03s0038g03870,2006,0.9728,Calcium ion binding protein,,,,
12,VIT_15s0024g00440,2003,0.9695,R protein  PRF  disease resistance protein,K13453,,vv34627R_proteins_from_Plant-pathogen_interaction,
13,VIT_00s0639g00010,1998,0.9694,No hit,,,,
14,VIT_01s0011g05210,1988,0.9650,Phosphoglucomutase,E5_4_2_2,,vv10010Glycolysis,vv10030Pentose_phosphate
15,VIT_19s0085g00890,1980,0.9626,Myb APL (altered phloem development),APL,,vv60029G2-like,
16,VIT_02s0025g02980,1996,0.9596,Soluble inorganic pyrophosphatase,K01507,,vv10190Oxidative_phosphorylation,vv50133Primary_active_transporter_cat_A9_to_A18
17,VIT_04s0023g01730,1971,0.9554,Unknown protein,,,,
18,VIT_18s0001g04140,1975,0.9541,Vacuolar protein sorting 9 (VPS9),VPS9A,,vv50110Protein_coat,
19,VIT_17s0000g07680,1973,0.9518,Alpha-N-acetylglucosaminidase,E3_2_1_50,,vv10511N-Glycan_degradation,
20,VIT_08s0007g00920,1962,0.9501,Tropinone reductase,E1_1_1_206,,vv10220Urea_cycle_and_metabolism_of_amino_groups,
21,VIT_11s0016g01680,1934,0.9402,No hit,,,,
22,VIT_03s0088g00950,1910,0.9276,Unknown protein,,,,
23,VIT_07s0031g02630,1903,0.9220,Aldehyde dehydrogenase,E1_2_1_3,vv10561Glycerolipid_metabolism,vv10010Glycolysis,vv10071Fatty_acid_metabolism
24,VIT_04s0008g05110,1888,0.9152,Unknown,,,,
25,VIT_14s0030g01650,1857,0.9036,Unknown protein,,,,
26,VIT_01s0026g01330,1856,0.8945,Glutathione S-transferase 29 GSTU18,E2_5_1_18_GSTU18,,vv10480Glutathione_metabolism,
27,VIT_05s0077g01660,1850,0.8890,Major allergen protein homolog,,,,
28,VIT_14s0006g02770,1838,0.8854,Proton-dependent oligopeptide transport (POT) family protein,POT,,vv50122Porters_cat_7_to_17,
29,VIT_02s0236g00110,1830,0.8811,No hit,,,,
30,VIT_09s0018g01120<br>VIT_09s0018g01020,1823,0.8794,
31,VIT_02s0033g01320,1800,0.8725,Amino acid permease,AAPREL,,vv50123Porters_cat_18_to_29,
32,VIT_06s0009g02850,1808,0.8713,Cytochrome P450  family 79  subfamily A  polypeptide 2,K12153,,vv10966Glucosinolate_biosynthesis,
33,VIT_14s0006g02530,1787,0.8645,Non-specific lipid-transfer protein 2 (LTP 2),,,,
34,VIT_02s0033g01000,1763,0.8529,Anthraniloyal-CoA: methanol anthraniloyal transferase,AMAT,,vv10400Phenylalanine_tyrosine_and_tryptophan_biosynthesis,
35,VIT_13s0047g00020,1759,0.8514,ZIF1 (zinc induced facilitator 1); carbohydrate transporter,ZIF1,,vv50121Porters_cat_1_to_6,
36,VIT_19s0015g00660,1749,0.8478,E3 ubiquitin-protein ligase HUWE1,K10592,,vv24120Ubiquitin_mediated_proteolysis,
37,VIT_12s0034g02600,1746,0.8398,Leucine Rich Repeat receptor-like kinase,,,,
38,VIT_13s0019g01410,1727,0.8392,OBP3 (OBF-binding protein 3),OBP3_3,,vv30011Jasmonate_signaling,vv60015C2C2-DOF
39,VIT_02s0033g01050,1731,0.8370,Anthraniloyal-CoA: methanol anthraniloyal transferase,AMAT,,vv10400Phenylalanine_tyrosine_and_tryptophan_biosynthesis,
40,VIT_07s0104g00490,1722,0.8351,Unknown,,,,
41,VIT_16s0022g00830,1739,0.8341,Pectin methylesterase inhibitor,PMEI,,vv40006Cell_wall,
42,VIT_00s0192g00120,1730,0.8329,FtsH protease 4 ftsh4,FTSH4,,,
43,VIT_07s0205g00060,1722,0.8323,Dihydrouridine synthase 2,K05543,,,
44,VIT_00s0199g00190,1712,0.8291,14-3-3 protein GF14 kappa (GRF8),,,,
45,VIT_13s0019g00580,1690,0.8208,Asp/Glu racemase; Tetratricopeptide helical,K01797,,,
46,VIT_00s1232g00020,1706,0.8202,Ribosomal protein L12,K02869,,vv23010Ribosome,
47,VIT_05s0051g00780,1682,0.8087,Glutamate receptor protein,GLR2_7,,vv50101Channels_and_pores,
48,VIT_11s0016g02210,1676,0.8065,GATA transcription factor 24,GAT24,,vv60016C2C2-GATA,
49,VIT_00s0251g00080,1657,0.8036,No hit,,,,
50,VIT_01s0137g00510,1655,0.8018,CYP71B10,CYP71B10,,vv10940Phenylpropanoid_biosynthesis,
51,VIT_12s0035g00150,1653,0.8001,Leucine Rich Repeat receptor-like kinase,,,,
52,VIT_07s0104g00610,1651,0.7960,Glutamine synthetase,E6_3_1_2,,vv10251Glutamate_metabolism,vv10550Peptidoglycan_biosynthesis
53,VIT_12s0034g02160,1636,0.7949,Importin beta-2,K14293_2,,vv23013RNA_transport,vv50109Incompletely_characterized_transport_systems
54,VIT_05s0020g05060,1632,0.7896,Cellulose synthase CSLG2,E2_4_1_12_CSLG2,,vv40006Cell_wall,
55,VIT_12s0035g00060,1632,0.7869,DNA (cytosine-5)-methyltransferase,E2_1_1_37,,vv10271Methionine_metabolism,
56,VIT_05s0062g00640,1609,0.7780,UDP-glucose:flavonoid 7-O-glucosyltransferase,E2_4_1_237,,vv10941Flavonoid_biosynthesis,
57,VIT_09s0054g01260,1604,0.7753,No hit,,,,
58,VIT_10s0092g00430,1596,0.7740,No hit,,,,
59,VIT_00s0261g00050,1599,0.7717,No hit,,,,
60,VIT_12s0034g01770,1587,0.7715,Unknown,,,,
61,VIT_19s0027g00520,1600,0.7711,Peptidase  trypsin serine and cysteine proteases,,,,
62,VIT_12s0034g02570,1584,0.7704,Leucine Rich Repeat receptor-like kinase,,,,
63,VIT_12s0035g00110,1610,0.7703,Leucine Rich Repeat receptor-like kinase,,,,
64,VIT_18s0001g08400,1599,0.7702,No hit,,,,
65,VIT_06s0061g00980,1557,0.7504,Prolylcarboxypeptidase,E3_4_16_2,,,
66,VIT_05s0124g00550,1543,0.7479,Unknown protein,,,,
67,VIT_00s0125g00300,1545,0.7467,No hit,,,,
68,VIT_04s0008g03600,1539,0.7453,Tocopherol cyclase,K09834,,vv10100Biosynthesis_of_steroids,
69,VIT_15s0046g02250,1545,0.7439,Angustifolia,,,,
70,VIT_00s0227g00180<br>VIT_00s0582g00020,1536,0.7420,
71,VIT_05s0062g01280,1533,0.7406,Cyclo-DOPA 5-O-glucosyltransferase,CD5OGT,,vv10350Tyrosine_metabolism,
72,VIT_12s0034g02460,1515,0.7387,Unknown,,,,
73,VIT_03s0038g04110,1510,0.7323,AT-hook DNA-binding protein,,,,
74,VIT_14s0128g00010,1511,0.7321,No hit,,,,
75,VIT_04s0008g06280,1504,0.7287,Calcium-binding EF hand,,,,
76,VIT_17s0000g08110,1502,0.7274,Nodulin MtN3,,,,
77,VIT_19s0090g00840,1488,0.7192,WRKY DNA-binding protein 6,WRKY6_2,VvWRKY55,vv60066WRKY,
78,VIT_19s0015g01030,1472,0.7173,No hit,,,,
79,VIT_18s0001g01760,1476,0.7169,PISTILLATA (PI) floral homeotic protein,PISTILLATA_1,,vv30009Flower_development,vv60042MADS
80,VIT_14s0171g00440,1463,0.7119,Glyceraldehyde-3-phosphate dehydrogenase GAPC3 cytosolic,E1_2_1_12,,vv10010Glycolysis,
81,VIT_16s0098g01420,1464,0.7086,DOF affecting germination 1,DAG1_2,,vv60015C2C2-DOF,
82,VIT_09s0018g00230,1467,0.7084,Phosphoglucomutase/phosphomannomutase C terminal,E5_4_2_2,,vv10010Glycolysis,vv10030Pentose_phosphate
83,VIT_18s0001g14810,1474,0.7080,Lipase 3 (EXL3) family II extracellular,,,,
84,VIT_08s0007g02840,1453,0.7047,Unknown protein,,,,
85,VIT_11s0037g00680,1451,0.7027,Leucine Rich Repeat receptor-like kinase,,,,
86,VIT_14s0006g01700,1446,0.7013,Isopentenyl diphosphate isomerase 2,E5_3_3_2,,vv10100Biosynthesis_of_steroids,vv10900Terpenoid_biosynthesis
87,VIT_05s0124g00230,1447,0.7000,F-box domain containing protein,,,,
88,VIT_16s0039g01230,1444,0.6972,VPS5A subunit of retromer complex,VPS5A,,vv50110Protein_coat,
89,VIT_19s0015g01210,1432,0.6925,KH domain-containing protein,,,,
90,VIT_13s0067g01580,1413,0.6839,Anthocyaninless2 (ANL2),ANL2_4,,vv60034HB,
91,VIT_10s0003g00760,1415,0.6836,Glutamate receptor protein,GLR2_9,,vv50101Channels_and_pores,
92,VIT_15s0021g01690,1407,0.6833,Calcium-binding protein,,,,
93,VIT_17s0000g09950,1413,0.6826,Heat shock cognate 70 kDa protein 1 (HSC70-1) (HSP70-1),HSC701,,vv23040Spliceosome,vv24141Protein_processing_in_endoplasmic_reticulum
94,VIT_16s0039g01250,1402,0.6770,Receptor kinase homolog LRK10,,,,
95,VIT_13s0067g01440,1396,0.6754,Pentatricopeptide (PPR) repeat-containing protein,,,,
96,VIT_08s0058g01470,1393,0.6736,No hit,,,,
97,VIT_08s0040g00790,1390,0.6725,FK506-binding protein 4/5,K09571,,vv50108Accessory_factors_involved_in_transport,
98,VIT_11s0149g00210,1390,0.6725,H(+)-ATPase 8 AHA8,K01535,,vv10190Oxidative_phosphorylation,vv50131Primary_active_transporter_cat_A2_to_A4
99,VIT_18s0001g04080,1381,0.6675,Sesquiterpene synthase,E2_5_1_21,,vv10100Biosynthesis_of_steroids,vv10900Terpenoid_biosynthesis
100,VIT_17s0000g09550,1376,0.6644,CYP71A26,,,,
101,VIT_15s0045g01150,1364,0.6621,No hit,,,,
102,VIT_10s0092g00470,1351,0.6597,SHR5-receptor-like kinase,,,,
103,VIT_12s0035g00010,1359,0.6594,DNA (cytosine-5)-methyltransferase (ATHIM),E2_1_1_37,,vv10271Methionine_metabolism,
104,VIT_13s0156g00570,1351,0.6571,S-receptor kinase,,,,
105,VIT_14s0030g01550,1367,0.6560,Cysteine synthase 7  cytosolic,E2_5_1_47,,vv10272Cysteine_metabolism,vv10450Selenoamino_acid_metabolism
106,VIT_09s0002g06950,1355,0.6540,ABC transporter g family pleiotropic drug resistance 12 PDR12,ABCGPDR12,,vv52010ABC_transporters,
107,VIT_10s0003g03990,1359,0.6537,No hit,,,,
108,VIT_13s0019g04050,1358,0.6513,TET6 (tetraspanin6),,,,
109,VIT_05s0077g01740,1344,0.6502,Polygalacturonase GH28,E3_2_1_15,,vv40006Cell_wall,
110,VIT_01s0026g02240,1328,0.6437,ANTR2 (anion transporter 2,ANTR2,,vv50121Porters_cat_1_to_6,
111,VIT_05s0020g04140,1331,0.6418,Unknown protein,,,,
112,VIT_05s0165g00100,1328,0.6415,Elongation factor 1-alpha,K03231,,vv23013RNA_transport,
113,VIT_08s0007g00960,1327,0.6386,Wall-associated receptor kinase-like 20,,,,
114,VIT_05s0077g00260,1317,0.6368,Transducin protein,,,,
115,VIT_13s0019g01530,1299,0.6312,Adaptor-related protein complex 3  beta 2 subunit,AP3B2,,vv50110Protein_coat,
116,VIT_08s0058g01080,1306,0.6309,No hit,,,,
117,VIT_12s0035g00140,1299,0.6278,Leucine Rich Repeat receptor-like kinase,,,,
118,VIT_16s0050g00730,1304,0.6272,3-ketoacyl-CoA reductase 3,,,,
119,VIT_03s0063g02430,1301,0.6270,Major Facilitator Superfamily,MFS,,vv50121Porters_cat_1_to_6,
120,VIT_16s0148g00270,1298,0.6261,No hit,,,,
121,VIT_05s0029g00380,1296,0.6258,No hit,,,,
122,VIT_18s0001g14930,1288,0.6255,Unknown protein,,,,
123,VIT_03s0038g02950,1301,0.6252,Pentatricopeptide (PPR) repeat-containing protein,,,,
124,VIT_16s0050g00220,1288,0.6204,Cofilin,K05765,,vv44810Regulation_of_actin_cytoskeleton,
125,VIT_19s0090g01020,1293,0.6201,Molybdopterin biosynthesis protein CNX5,K11996,,vv10790Folate_biosynthesis,vv24122Sulfur_relay_system
126,VIT_03s0063g00550,1283,0.6168,Fw2.2 ORFX,,,,
127,VIT_07s0151g01000,1267,0.6130,Photosystem I reaction center subunit II (PSAD),K02692,,vv10195Photosynthesis,vv50105Transport_electron_carriers
128,VIT_07s0005g00910,1261,0.6109,Zinc finger (MYND type),ZFMYND_2,,vv60067Zf-MYND,
129,VIT_02s0033g01030,1239,0.6074,Anthraniloyal-CoA: methanol anthraniloyal transferase,AMAT,,vv10400Phenylalanine_tyrosine_and_tryptophan_biosynthesis,
130,VIT_10s0092g00650,1258,0.6071,Receptor kinase RK20-1,,,,
131,VIT_01s0026g01680,1261,0.6071,Pectate lyase,E4_2_2_2,,vv40006Cell_wall,
132,VIT_08s0032g00740,1252,0.6063,Pentatricopeptide (PPR) repeat-containing,,,,
133,VIT_15s0046g00600,1240,0.5996,No hit,,,,
134,VIT_03s0063g00740,1236,0.5977,Carboxylesterase CXE,E3_1_1_1,,,
135,VIT_11s0052g01640,1211,0.5887,flavonol 3-O-glucosyltransferase,E2_4_1_91,,vv10941Flavonoid_biosynthesis,
136,VIT_08s0007g01420,1218,0.5870,Glutathione S-transferase 8 GSTU8,E2_5_1_18_GSTU8,,vv10480Glutathione_metabolism,
137,VIT_08s0032g00880,1200,0.5822,No hit,,,,
138,VIT_08s0105g00300,1208,0.5822,Phospholipase C,E3_1_4_3,,vv10260Glycine_serine_and_threonine_metabolism,vv10562Inositol_phosphate_metabolism
139,VIT_03s0038g04690,1205,0.5818,Isoflavone reductase protein 6,E1_3_1_45,,vv10943Isoflavonoid_biosynthesis,
140,VIT_01s0010g01490,1206,0.5812,Lysine histidine transporter 1,LHT1,,vv50123Porters_cat_18_to_29,
141,VIT_06s0009g01170,1186,0.5732,No hit,,,,
142,VIT_06s0004g01510,1175,0.5698,Lipoxygenase (LOX2),E1_13_11_12,,vv10592alpha-Linolenic_acid_metabolism,
143,VIT_10s0003g02160,1179,0.5690,Trehalose-phosphatase,E2_4_1_15,,vv10500Starch_and_sucrose_metabolism,
144,VIT_18s0086g00220,1171,0.5660,Lipase GDSL,,,,
145,VIT_13s0064g00510,1172,0.5632,No hit,,,,
146,VIT_09s0002g03030,1155,0.5626,FRK1 (FLG22-induced receptor-like kinase 1),FRK1,,vv34626Plant-pathogen_interaction,
147,VIT_09s0002g06940,1163,0.5616,ABC transporter g family pleiotropic drug resistance 12 PDR12,ABCGPDR12,,vv52010ABC_transporters,
148,VIT_11s0016g03500,1160,0.5609,Unknown protein,,,,
149,VIT_13s0156g00580,1161,0.5609,S-receptor kinase,,,,
150,VIT_10s0003g03580,1154,0.5578,Aquaporin PIP3,PIP3,,vv50101Channels_and_pores,
151,VIT_09s0002g02990,1154,0.5564,FRK1 (FLG22-induced receptor-like kinase 1),FRK1,,vv34626Plant-pathogen_interaction,
152,VIT_12s0134g00020,1155,0.5561,Isoprene synthase,E4_2_3_27,,vv10900Terpenoid_biosynthesis,
153,VIT_12s0034g00180,1146,0.5558,Acyl-[acyl-carrier-protein] desaturase,E1_14_19_2,,vv11040Biosynthesis_of_unsaturated_fatty_acids,
154,VIT_04s0079g00010,1141,0.5536,Expansin-A7,EXPA7,,vv30003Auxin_signaling,
155,VIT_09s0018g01790,1142,0.5498,Integral membrane Yip1 family protein,YIP1,,vv50110Protein_coat,
156,VIT_17s0000g03940,1136,0.5488,ferulate 5-hydroxylase,K09755,,vv10940Phenylpropanoid_biosynthesis,
157,VIT_16s0022g01700,1136,0.5485,No hit,,,,
158,VIT_02s0012g01990,1140,0.5483,4-hydroxyphenylpyruvate dioxygenase,E1_13_11_27,,vv10350Tyrosine_metabolism,vv10360Phenylalanine_metabolism
159,VIT_06s0004g04850,1119,0.5411,XH/XS domain-containing protein,,,,
160,VIT_07s0005g04540,1109,0.5410,Poly(A) binding protein 8,,,,
161,VIT_06s0080g00810,1118,0.5406,Lycopene beta cyclase (LYC),K06443,,vv10906Carotenoid_biosynthesis,
162,VIT_03s0017g00700,1113,0.5379,Oxidoreductase  2OG-Fe(II) oxygenase,,,,
163,VIT_15s0046g03470,1108,0.5368,Unknown,,,,
164,VIT_16s0022g00840,1114,0.5361,Invertase/pectin methylesterase inhibitor,PMEI,,vv40006Cell_wall,
165,VIT_12s0142g00800,1115,0.5348,Leucine-rich repeat protein kinase,,,,
166,VIT_02s0087g00190,1094,0.5277,SH3 domain-containing protein 2,SH3P2,,vv50110Protein_coat,
167,VIT_19s0135g00130,1083,0.5260,CYP72A57,K13400,,vv10902Monoterpenoid_biosynthesis,
168,VIT_18s0001g03830,1085,0.5254,Unknown protein,,,,
169,VIT_06s0061g00230,1081,0.5217,ABC transporter G member 7,ABCG7,,vv52010ABC_transporters,
170,VIT_03s0017g01130,1077,0.5210,Cis-zeatin O-beta-D-glucosyltransferase,E2_4_1_215,,vv10908Zeatin_biosynthesis,
171,VIT_04s0008g06600,1073,0.5206,WRKY DNA-binding protein 32,WRKY32_1,VvWRKY09,vv60066WRKY,
172,VIT_18s0122g00990,1064,0.5133,Glutamate receptor Ionotropic,GLR3_3,,vv50101Channels_and_pores,
173,VIT_13s0047g00370,1063,0.5115,Enoyl-CoA hydratase,E4_2_1_17,vv10650Butanoate_metabolism,vv10062Fatty_acid_elongation_in_mitochondria,vv10071Fatty_acid_metabolism
174,VIT_07s0141g00180,1060,0.5106,POR (PORCINO),PORCINO,,vv44810Regulation_of_actin_cytoskeleton,
175,VIT_12s0142g00310,1058,0.5104,Oxygen evolving enhancer 3 (PsbQ),K08901,,vv10195Photosynthesis,vv50113Thylakoid_targeting_pathway
176,VIT_07s0005g01070,1049,0.5100,No hit,,,,
177,VIT_04s0023g01060,1053,0.5085,Proton gradient regulation 3,PGR3,,,
178,VIT_16s0050g00720,1047,0.5053,Ubiquitin-protein ligase ASK21,ASK21,,vv30003Auxin_signaling,
179,VIT_06s0004g02230,1049,0.5053,Unknown protein,,,,
180,VIT_15s0048g00540,1026,0.4971,Golgi SNARE 12 protein,K08495,,vv24130SNARE_interactions_in_vesicular_transport,
181,VIT_07s0104g00300,1032,0.4957,Hemolysin,K06442,,vv50109Incompletely_characterized_transport_systems,
182,VIT_17s0000g01380,1028,0.4940,Ubiquitin-activating enzyme E1 domain-containing protein 1,K03178,,vv24120Ubiquitin_mediated_proteolysis,
183,VIT_19s0014g04920,1027,0.4933,(-)-germacrene D synthase,E4_2_3_22,,vv10900Terpenoid_biosynthesis,
184,VIT_03s0038g04670,1025,0.4930,Isoflavone reductase,E1_3_1_45,,vv10943Isoflavonoid_biosynthesis,
185,VIT_15s0024g01050,1017,0.4920,Tubulin beta-8,K07375,,vv44145Phagosome,vv44810Regulation_of_actin_cytoskeleton
186,VIT_12s0057g00370,1013,0.4882,Polygalacturonase PGA3,E3_2_1_15,,vv40006Cell_wall,
187,VIT_01s0011g03710,1014,0.4877,Thioesterase family,,,,
188,VIT_14s0066g01860,1003,0.4859,Zinc finger protein 5,ZFP5_2,,vv60017C2H2,
189,VIT_00s0253g00070,1005,0.4841,Unknown,,,,
190,VIT_13s0101g00060,999,0.4831,No hit,,,,
191,VIT_16s0050g01860,1001,0.4824,SLAH3 (SLAC1 Homologue 3),SLAH3,,vv50122Porters_cat_7_to_17,
192,VIT_14s0066g00760,991,0.4811,Disease resistance protein (NBS-LRR class),,,,
193,VIT_09s0002g03060,987,0.4764,Leucine-rich repeat protein kinase,,,,
194,VIT_11s0016g03280,977,0.4722,Protein phosphatases PP1 regulatory subunit SDS22,E3_1_3_16,,,
195,VIT_16s0039g02330,970,0.4695,Unknown,,,,
196,VIT_08s0040g02720,966,0.4683,CCT chaperonin beta subunit,,,,
197,VIT_18s0001g01430,974,0.4669,Oxidoreductase N-terminal domain-containing,,,,
198,VIT_14s0066g01690,956,0.4652,Pathogen-inducible alpha-dioxygenase,K10529,,vv10592alpha-Linolenic_acid_metabolism,
199,VIT_06s0080g00770,956,0.4645,ABC transporter B member 14,ABCB14,,vv52010ABC_transporters,
200,VIT_07s0031g01560,955,0.4627,Unknown protein,,,,
201,VIT_07s0005g05610,951,0.4603,3-ketoacyl-CoA thiolase PED1,K07513,,vv10062Fatty_acid_elongation_in_mitochondria,vv10071Fatty_acid_metabolism
202,VIT_18s0089g00100,948,0.4586,R protein L6,K13477,,vv34627R_proteins_from_Plant-pathogen_interaction,
203,VIT_16s0022g01070,949,0.4582,Chalcone synthase [Vitis vinifera],E2_3_1_74,,vv10941Flavonoid_biosynthesis,
204,VIT_09s0002g07790,945,0.4574,Ubiquitin-conjugating enzyme 16 UBC16,K10688,,vv24120Ubiquitin_mediated_proteolysis,
205,VIT_11s0037g00640,948,0.4545,No hit,,,,
206,VIT_19s0014g00970,931,0.4519,Unknown protein,,,,
207,VIT_17s0000g04220,931,0.4504,CHUP1 (chloroplast unusual positioning 1),CHUP1,,vv44810Regulation_of_actin_cytoskeleton,
208,VIT_08s0007g07980,929,0.4497,Arabinogalactan protein 23 AGP23,AGP23,,vv40006Cell_wall,
209,VIT_11s0016g01280,926,0.4482,DNA-directed RNA polymerase III subunit C4,K03026,,vv23020RNA_polymerase,
210,VIT_19s0085g01140,929,0.4479,Protein kinase 5,,,,
211,VIT_05s0051g00120,921,0.4462,N-6 Adenine-specific DNA methylase,E2_1_1_72,,vv10271Methionine_metabolism,
212,VIT_17s0000g09040,921,0.4449,Pentatricopeptide (PPR) repeat,,,,
213,VIT_08s0007g00640,916,0.4438,No hit,,,,
214,VIT_09s0002g03130,916,0.4429,FRK1 (FLG22-induced receptor-like kinase 1),FRK1,,vv34626Plant-pathogen_interaction,
215,VIT_11s0016g00760,893,0.4318,Ubiquinone biosynthesis protein COQ9,,,,
216,VIT_11s0016g00830,891,0.4317,Ribose isomerase,E5_3_1_20,,vv10030Pentose_phosphate,
217,VIT_03s0017g02360,891,0.4309,AarF domain containing kinase,K08869,,,
218,VIT_12s0028g01570,887,0.4295,Zinc finger (C3HC4-type ring finger),ZFC3HC4_12,,vv60078Other_zf-C3HC4,
219,VIT_10s0116g00150,875,0.4241,Receptor kinase RK20-1,,,,
220,VIT_01s0011g05380,874,0.4224,Pectinesterase family,E3_1_1_11,,vv40006Cell_wall,
221,VIT_08s0032g00790,870,0.4189,ABC transporter G member 4,K05680,,vv52010ABC_transporters,
222,VIT_04s0008g03930,862,0.4172,RD22,,,,
223,VIT_05s0049g01360,861,0.4172,HrBP1-1 PAP/fibrillin family,K06825,,,
224,VIT_18s0001g14270,860,0.4167,Gibberellin-regulated protein 1 (GASA1),GASA1,,vv30010Gibberellin_signaling,
225,VIT_02s0012g01060,860,0.4167,ABC protein 6 non-intrinsic,K09015,,vv52010ABC_transporters,
226,VIT_03s0063g01680,846,0.4113,CYP82C1p,,,,
227,VIT_12s0034g01980,846,0.4105,Globulin-like protein,,,,
228,VIT_17s0000g03330,845,0.4090,Receptor serine/threonine kinase PR5K,,,,
229,VIT_14s0006g00570,844,0.4079,Unknown protein,,,,
230,VIT_03s0038g03090,846,0.4079,Catechol O-methyltransferase,E2_1_1_6,,vv10350Tyrosine_metabolism,
231,VIT_10s0116g01710,844,0.4062,Galactosyltransferase family protein,E2_4_x_x,,,
232,VIT_13s0067g03060,838,0.4060,Methionyl-tRNA synthetase,E6_1_1_10,,vv10271Methionine_metabolism,vv10450Selenoamino_acid_metabolism
233,VIT_12s0034g02580,834,0.4041,Leucine Rich Repeat receptor-like kinase,,,,
234,VIT_11s0052g00990,832,0.4037,Glutamate receptor 2.8,GLR2_8,,vv50101Channels_and_pores,
235,VIT_16s0100g00160,828,0.4014,HMG-CoA synthase 2,E2_3_3_10,,vv10072Synthesis_and_degradation_of_ketone_bodies,vv10280Valine_leucine_and_isoleucine_degradation
236,VIT_10s0116g01870,827,0.4011,MATE efflux family protein,MATE,,vv50125Porters_cat_66_to_94,
237,VIT_09s0002g03630,826,0.3975,ABC transporter g family pleiotropic drug resistance 7 PDR7,ABCGPDR7,,vv52010ABC_transporters,
238,VIT_14s0068g01880,819,0.3964,No hit,,,,
239,VIT_00s1897g00010,826,0.3960,Ribosomal protein L21,K02888,,vv23010Ribosome,
240,VIT_15s0024g00690,810,0.3936,Unknown protein,,,,
241,VIT_06s0004g06700,809,0.3923,ATP-dependent Clp protease ClpB protein,K03695,,vv50109Incompletely_characterized_transport_systems,
242,VIT_16s0098g00010,819,0.3911,Receptor-like protein kinase,,,,
243,VIT_16s0115g00150,788,0.3822,No hit,,,,
244,VIT_15s0021g01560,785,0.3801,Leucine carboxyl methyltransferase family protein,K00599,,vv10340Histidine_metabolism,vv10350Tyrosine_metabolism
245,VIT_05s0094g01030,782,0.3781,UDP-glucose:salicylic acid glucosyltransferase,E2_4_1_35,,vv10500Starch_and_sucrose_metabolism,
246,VIT_18s0001g09420,779,0.3776,Progesterone 5-beta-reductase,E1_3_99_6,,vv10140C21-Steroid_hormone_metabolism,
247,VIT_19s0085g00280,773,0.3747,SEC14 cytosolic factor,SEC14,,vv50122Porters_cat_7_to_17,
248,VIT_14s0068g00670,775,0.3740,Heavy-metal-associated domain-containing protein,,,,
249,VIT_07s0005g06210,773,0.3740,RPM1 (resistance to p. syringae pv maculicola 1),K13457,,vv34626Plant-pathogen_interaction,
250,VIT_09s0002g03010,766,0.3729,FRK1 (FLG22-induced receptor-like kinase 1),FRK1,,vv34626Plant-pathogen_interaction,
251,VIT_18s0001g06480,766,0.3718,Aquaporin PIP PIP1;4,PIP1_4,,vv50101Channels_and_pores,
252,VIT_01s0011g06470,771,0.3716,Galacturonic acid reductase,E1_1_1_203,,vv40006Cell_wall,
253,VIT_14s0066g02410,773,0.3715,Betaine-aldehyde dehydrogenase,E1_2_1_8,,vv10260Glycine_serine_and_threonine_metabolism,vv50101Channels_and_pores
254,VIT_19s0014g02690,763,0.3698,Unknown protein,,,,
255,VIT_18s0001g14650,767,0.3698,DNA-directed RNA polymerase I subunit A12,K03000,,vv23020RNA_polymerase,
256,VIT_17s0053g00670,762,0.3692,Vegetative storage protein,,,,
257,VIT_12s0034g02560,756,0.3682,DNA (cytosine-5)-methyltransferase (ATHIM),E2_1_1_37,,vv10271Methionine_metabolism,
258,VIT_19s0015g02080,758,0.3660,(-)-germacrene D synthase,E4_2_3_22,,vv10900Terpenoid_biosynthesis,
259,VIT_11s0037g00110,757,0.3650,Transport protein particle (TRAPP) component Bet3,BET3,,vv50110Protein_coat,
260,VIT_12s0035g00050,754,0.3634,No hit,,,,
261,VIT_14s0006g01290,745,0.3603,Myb domain protein 113,MYB113_2,MYBA6,vv60044MYB,
262,VIT_07s0005g06350,746,0.3595,Photosystem II 47 kDa protein,K02704,,vv10195Photosynthesis,vv50135Primary_active_transporter_cat_D3_to_E2
263,VIT_01s0026g01390,739,0.3584,No hit,,,,
264,VIT_00s0215g00100,742,0.3576,RHO-related protein from plants 2 ROP2,ROP2,,,
265,VIT_06s0080g00680,737,0.3569,No hit,,,,
266,VIT_09s0002g07760,728,0.3546,NADPH quinone oxidoreductase,E1_6_5_5,,vv10740Riboflavin_metabolism,
267,VIT_16s0100g01310,722,0.3513,DNA mismatch repair protein MSH3,K08736,,vv23430Mismatch_repair,
268,VIT_19s0177g00270,727,0.3512,Molecular chaperone DnaJ,K03686,,vv50132Primary_active_transporter_cat_A5_to_A8,
269,VIT_14s0030g02080,726,0.3509,Ca2+-ATPase 12 ACA12  plasma membrane,K01537,,vv34020Calcium_signaling_pathway,vv50131Primary_active_transporter_cat_A2_to_A4
270,VIT_19s0014g02680,729,0.3498,Ribosomal protein S2,K02967,,vv23010Ribosome,
271,VIT_12s0034g01530,714,0.3461,No hit,,,,
272,VIT_04s0044g00240,717,0.3449,No hit,,,,
273,VIT_14s0128g00270,707,0.3411,Unknown,,,,
274,VIT_01s0010g01000,699,0.3395,NIK1 (NSP- interacting  kinase 1),,,,
275,VIT_12s0142g00180,701,0.3377,Myosin heavy chain-like protein,K10352,,vv44810Regulation_of_actin_cytoskeleton,
276,VIT_14s0083g00130,700,0.3370,RAV1-like ethylene-responsive transcription factor,RAV1_2,VvRAV2,vv30008Ethylene_signaling,vv60003AP2_EREBP
277,VIT_03s0017g01650,696,0.3357,Major Facilitator Superfamily,MFS,,vv50121Porters_cat_1_to_6,
278,VIT_02s0087g00400,690,0.3341,Pectinacetylesterase,PAE,,vv40006Cell_wall,
279,VIT_13s0019g00770,690,0.3309,Lipase GDSL 7,,,,
280,VIT_11s0016g04470,685,0.3303,Ornithine decarboxylase,E4_1_1_17,,vv10220Urea_cycle_and_metabolism_of_amino_groups,
281,VIT_01s0127g00920,682,0.3287,ADP-ribosylation factor A1B,ARFA1B,,vv50110Protein_coat,
282,VIT_15s0024g00680,684,0.3285,No hit,,,,
283,VIT_17s0000g06390,683,0.3284,Pentatricopeptide (PPR) repeat-containing protein,,,,
284,VIT_07s0205g00180,680,0.3276,Basic helix-loop-helix (bHLH) family,BHLHDOM_30,,vv60011BHLH,
285,VIT_12s0035g00290,677,0.3269,Sugar transporter ERD6-like 6,ERD6L6,,vv50121Porters_cat_1_to_6,
286,VIT_00s0218g00100,675,0.3259,Metal transporter Nramp6,NRAMP6,,vv50124Porters_cat_30_to_64,
287,VIT_12s0142g00760,675,0.3255,Leucine-rich repeat protein kinase,,,,
288,VIT_19s0177g00190,671,0.3253,No hit,,,,
289,VIT_18s0122g01050,667,0.3239,Pentatricopeptide (PPR) repeat,,,,
290,VIT_18s0001g14390,665,0.3216,Transducin protein,,,,
291,VIT_06s0061g00500,665,0.3203,S-adenosylmethionine synthetase,E2_5_1_6,,vv10271Methionine_metabolism,vv10450Selenoamino_acid_metabolism
292,VIT_19s0027g00120,658,0.3173,No hit,,,,
293,VIT_08s0007g06140,656,0.3171,Anthranilate phosphoribosyltransferase,E2_4_2_18,,vv10400Phenylalanine_tyrosine_and_tryptophan_biosynthesis,
294,VIT_09s0002g02980,654,0.3155,FRK1 (FLG22-induced receptor-like kinase 1),FRK1,,vv34626Plant-pathogen_interaction,
295,VIT_03s0017g01320,648,0.3124,ABC transporter G member 7,ABCG7,,vv52010ABC_transporters,
296,VIT_08s0058g01230,644,0.3110,Non-specific lipid-transfer protein,,,,
297,VIT_06s0080g01030,637,0.3106,No hit,,,,
298,VIT_14s0060g01080,646,0.3104,ferroportin,FERROPORTIN,,vv50109Incompletely_characterized_transport_systems,
299,VIT_07s0005g00890,641,0.3104,Polygalacturonase GH28,E3_2_1_15,,vv40006Cell_wall,
300,VIT_00s0692g00010,642,0.3095,S-linalool synthase,E4_2_3_25,,vv10900Terpenoid_biosynthesis,
301,VIT_05s0020g01040,633,0.3076,Unknown protein,,,,
302,VIT_08s0040g02790,627,0.3044,Unknown protein,,,,
303,VIT_18s0001g01990,625,0.3033,Pseudouridylate synthase,E4_2_1_70,,vv10240Pyrimidine_metabolism,
304,VIT_19s0014g04850,622,0.3014,Germacrene-D synthase,E4_2_3_22,,vv10900Terpenoid_biosynthesis,
305,VIT_10s0003g00680,619,0.3009,Glutamate receptor protein,GLR2_7,,vv50101Channels_and_pores,
306,VIT_19s0027g01150,617,0.2995,Phenylalanine-tRNA synthetase,E6_1_1_20,,vv10400Phenylalanine_tyrosine_and_tryptophan_biosynthesis,vv20970Aminoacyl-tRNA_biosynthesis
307,VIT_06s0061g00250,623,0.2991,ABC transporter G member 7,ABCG7,,vv52010ABC_transporters,
308,VIT_11s0052g01630,616,0.2973,Anthocyanidin 3-O-glucosyltransferase,E2_4_1_115,,vv10942Anthocyanin_biosynthesis,
309,VIT_16s0013g00250,612,0.2965,No hit,,,,
310,VIT_06s0004g07640,612,0.2964,Pentatricopeptide (PPR) repeat-containing protein,,,,
311,VIT_18s0001g13400,604,0.2914,Papain cysteine proteinase isoform I,E3_4_22_2,,,
312,VIT_14s0006g02550,600,0.2893,Non-specific lipid-transfer protein 2 (LTP 2),,,,
313,VIT_09s0070g00620,599,0.2892,Leucine-rich repeat family protein,,,,
314,VIT_07s0104g01660,596,0.2886,HAK5 (High affinity K+ transporter 5),HAK5,,vv50125Porters_cat_66_to_94,
315,VIT_08s0056g00070,593,0.2851,Methylenetetrahydrofolate dehydrogenase,E1_5_1_15,,vv10670One_carbon_pool_by_folate,
316,VIT_02s0012g00390,585,0.2836,Norcoclaurine synthase,E4_2_1_78,,vv10950Alkaloid_biosynthesis_I,
317,VIT_10s0042g00190,582,0.2786,No hit,,,,
318,VIT_08s0056g00380,565,0.2752,Purple acid phosphatase 10 ATPAP10/PAP10,E3_1_3_2,,vv10740Riboflavin_metabolism,
319,VIT_15s0046g03090,570,0.2742,DTA2 (downstream target of AGL15 2),,,,
320,VIT_00s0245g00030,561,0.2719,Integral membrane family protein,,,,
321,VIT_00s0120g00280,562,0.2715,No hit,,,,
322,VIT_09s0070g00110,566,0.2711,S-adenosyl-L-methionine Mg-protoporphyrin IX methyltranserase,E2_1_1_11,,vv10860Porphyrin_and_chlorophyll_metabolism,
323,VIT_14s0066g01550,558,0.2702,Aldehyde dehydrogenase 1 precursor,E1_2_1_3,vv10561Glycerolipid_metabolism,vv10010Glycolysis,vv10071Fatty_acid_metabolism
324,VIT_02s0109g00240,560,0.2697,No hit,,,,
325,VIT_09s0002g02900,555,0.2697,Leucine-rich repeat protein kinase,,,,
326,VIT_08s0007g01890,558,0.2694,Unknown protein,,,,
327,VIT_10s0116g00590,553,0.2673,Pectinesterase family,E3_1_1_11,,vv40006Cell_wall,
328,VIT_05s0062g00050,549,0.2651,Protease Do-like 2  chloroplastic DEGP2,,,,
329,VIT_14s0060g01540,547,0.2645,Syntaxin 16,K08489,,vv24130SNARE_interactions_in_vesicular_transport,vv50101Channels_and_pores
330,VIT_05s0049g00220,541,0.2617,2-oxoglutarate-dependent dioxygenase,,,,
331,VIT_19s0014g00260,540,0.2611,Protein kinase PKN/PRK1,,,,
332,VIT_19s0014g04880,537,0.2587,(-)-germacrene D synthase,E4_2_3_22,,vv10900Terpenoid_biosynthesis,
333,VIT_14s0030g00960,530,0.2575,R protein MLA10,K13475,,vv34627R_proteins_from_Plant-pathogen_interaction,
334,VIT_04s0008g06510,533,0.2571,Unknown,,,,
335,VIT_09s0002g04310,526,0.2550,Rho guanyl-nucleotide exchange factor ROPGEF8,ROPGEF8,,,
336,VIT_02s0025g03980,524,0.2546,LIM domain containing protein,LIMDOM_5,,vv60040LIM,
337,VIT_14s0060g00910,527,0.2545,Metallopeptidase M24,K01423,,vv10300Lysine_biosynthesis,vv10780Biotin_metabolism
338,VIT_16s0039g00310,528,0.2542,Unknown protein,,,,
339,VIT_08s0040g00720,527,0.2540,Snf1 protein kinase (KIN10) (SKIN10),K08800,,,
340,VIT_06s0061g01320,522,0.2536,No hit,,,,
341,VIT_06s0009g01190,525,0.2533,RNA-binding protein AKIP1,,,,
342,VIT_11s0016g02420,517,0.2508,UDP-N-acetylglucosamine O-acyltransferase protein,E2_3_1_129,,vv10540Lipopolysaccharide_biosynthesis,
343,VIT_12s0028g01810,511,0.2485,Shaggy protein kinase delta,,,,
344,VIT_05s0020g04030,512,0.2482,Bax inhibitor,VVBI1,,vv50109Incompletely_characterized_transport_systems,
345,VIT_12s0059g00590,505,0.2449,Allergenic protein Pt2L4,,,,
346,VIT_00s0336g00010,504,0.2438,Arginine decarboxylase [Vitis vinifera],E4_1_1_19,,vv10220Urea_cycle_and_metabolism_of_amino_groups,vv10251Glutamate_metabolism
347,VIT_05s0049g00740,492,0.2390,No hit,,,,
348,VIT_01s0010g00150,490,0.2377,No hit,,,,
349,VIT_05s0051g00890,490,0.2364,No hit,,,,
350,VIT_16s0098g00450,488,0.2359,No hit,,,,
351,VIT_13s0067g02120,482,0.2354,Arogenate dehydrogenase,E1_3_1_43,,vv10400Phenylalanine_tyrosine_and_tryptophan_biosynthesis,
352,VIT_07s0104g01630,485,0.2350,Myb family,MYBREL_2,,vv60045MYBrelated,
353,VIT_06s0080g01100,478,0.2313,Unknown protein,,,,
354,VIT_18s0001g15350,476,0.2308,Pentatricopeptide (PPR) repeat-containing protein,,,,
355,VIT_09s0002g03870,475,0.2295,RPS5 (resistant to p. syringae 5),K13460,,vv34627R_proteins_from_Plant-pathogen_interaction,
356,VIT_08s0007g02340,472,0.2289,Exocyst subunit EXO70 A2,EXO70A2,,vv50111Tethering_factors,
357,VIT_19s0027g00820,473,0.2280,Unknown,,,,
358,VIT_01s0010g02110,469,0.2272,Zinc finger (C3HC4-type ring finger),ZFC3HC4,,,
359,VIT_12s0028g00570,467,0.2268,Vacuolar protein sorting 16 VCL1 (vacuoleless 1),VCL1,,vv50111Tethering_factors,
360,VIT_09s0002g02260,467,0.2262,H(+)-ATPase 9 AHA9,K01535,,vv10190Oxidative_phosphorylation,vv50131Primary_active_transporter_cat_A2_to_A4
361,VIT_06s0080g00270,467,0.2245,Zinc finger (C2H2 type) protein (WIP3),WIP3_2,,vv60017C2H2,
362,VIT_04s0008g02790,461,0.2236,Short-chain dehydrogenase/reductase (SDR),,,,
363,VIT_08s0007g00630,466,0.2234,No hit,,,,
364,VIT_00s0225g00130,458,0.2220,Alanine transaminase.,E2_6_1_2,,vv10251Glutamate_metabolism,vv10252Alanine_and_aspartate_metabolism
365,VIT_12s0035g00070,457,0.2217,Leucine Rich Repeat receptor-like kinase,,,,
366,VIT_06s0004g00520,459,0.2205,No hit,,,,
367,VIT_08s0058g01270,450,0.2176,Zinc finger (C3HC4-type ring finger),ZFC3HC4_94,,vv60078Other_zf-C3HC4,
368,VIT_08s0007g08960,453,0.2172,Ca2+-transporting ATPase type 2 isoform 4,K01537,,vv34020Calcium_signaling_pathway,vv50131Primary_active_transporter_cat_A2_to_A4
369,VIT_00s0125g00430,445,0.2167,Root hair defective 3 GTP-binding (RHD3),,,,
370,VIT_04s0008g01290,445,0.2157,CGA1 (cytokinin-responsive GATA factor 1),CGA1,,vv30007Cytokinin_signaling,vv60016C2C2-GATA
371,VIT_10s0042g00570,446,0.2156,Pentatricopeptide (PPR) repeat-containing,,,,
372,VIT_15s0024g00720,431,0.2107,Delta 1-pyrroline-5-carboxylate synthetase,E1_5_1_2,,vv10330Arginine_and_proline_metabolism,
373,VIT_12s0034g02410,438,0.2106,Unknown,,,,
374,VIT_05s0077g01770,437,0.2102,PUMILIO 24 (APUM24),,,,
375,VIT_08s0056g00740,433,0.2101,Unknown protein,,,,
376,VIT_02s0087g00440,434,0.2095,Beta-amylase 8,E3_2_1_2_BMY2_1,,vv10500Starch_and_sucrose_metabolism,vv60010BES1
377,VIT_11s0206g00020,430,0.2085,Isopentenyl diphosphate isomerase 2,E5_3_3_2,,vv10100Biosynthesis_of_steroids,vv10900Terpenoid_biosynthesis
378,VIT_04s0008g02210,426,0.2055,RPD1 (root primordium defective 1),,,,
379,VIT_04s0044g00300,426,0.2043,Unknown protein,,,,
380,VIT_09s0002g02910,421,0.2035,Leucine-rich repeat protein kinase,,,,
381,VIT_19s0090g00010,420,0.2030,H(+)-ATPase 9 AHA9,K01535,,vv10190Oxidative_phosphorylation,vv50131Primary_active_transporter_cat_A2_to_A4
382,VIT_15s0048g00950,416,0.2013,Glutathione S-transferase Z2 GSTZ2,E2_5_1_18_GSTZ2,,vv10480Glutathione_metabolism,
383,VIT_16s0050g02720<br>VIT_16s0148g00110<br>VIT_00s0425g00030<br>VIT_16s0098g00100,408,0.1964,
384,VIT_12s0028g00840,401,0.1959,Chromatin remodeling 17,CHR17,,vv60058SNF2,
385,VIT_09s0002g03370,401,0.1934,No hit,,,,
386,VIT_10s0003g00780,398,0.1917,Glutamate receptor 3.4,GLR3_4,,vv50101Channels_and_pores,
387,VIT_03s0091g00370,393,0.1904,Pentatricopeptide (PPR) repeat-containing protein,,,,
388,VIT_14s0081g00700,395,0.1904,Peptidyl-prolyl cis-trans isomerase A (cyclophilin A),K03767,,,
389,VIT_14s0171g00040,391,0.1897,Cf-2 gene,K13466,,vv34626Plant-pathogen_interaction,
390,VIT_05s0049g00690,387,0.1875,No hit,,,,
391,VIT_00s1309g00010,387,0.1870,Monocopper oxidase SKS11 (SKU5 Similar 11),SKS11,,vv50109Incompletely_characterized_transport_systems,
392,VIT_05s0020g04930,385,0.1867,RPM1 (resistance to p. syringae pv maculicola 1),K13457,,vv34626Plant-pathogen_interaction,
393,VIT_12s0057g00320,381,0.1844,Exopolygalacturonase,E3_2_1_15,,vv40006Cell_wall,
394,VIT_01s0026g01070,379,0.1839,Unknown protein,,,,
395,VIT_07s0141g00030,380,0.1834,fatty acid elongase,E2_3_1_41,,vv10061Fatty_acid_biosynthesis,
396,VIT_15s0048g01530,375,0.1816,Geraniol 10-hydroxylase,G10H,,vv10902Monoterpenoid_biosynthesis,
397,VIT_02s0025g01930,377,0.1813,Cellulose synthase CSLG3,E2_4_1_12_CSLG3,,vv40006Cell_wall,
398,VIT_06s0080g01000,372,0.1802,Secoisolariciresinol dehydrogenase,SIRD,,vv10940Phenylpropanoid_biosynthesis,
399,VIT_12s0028g01340,370,0.1788,Transducin protein,,,,
400,VIT_04s0023g02810,368,0.1785,Aldehyde dehydrogenase 3B1,E1_2_1_3,vv10561Glycerolipid_metabolism,vv10010Glycolysis,vv10071Fatty_acid_metabolism
401,VIT_13s0019g00350,369,0.1780,ARF GTPase activator  ARF-GAP Domain 13,AGD13,,vv50110Protein_coat,
402,VIT_04s0069g01120,364,0.1751,Acyl-activating enzyme 7,E6_2_1_3,,vv10071Fatty_acid_metabolism,vv50104Group_translocators
403,VIT_00s2745g00010,361,0.1746,Receptor kinase RK20-1,,,,
404,VIT_00s0228g00070<br>VIT_00s0228g00010<br>VIT_00s0411g00050,360,0.1737,
405,VIT_19s0015g00780,357,0.1721,DNA-directed RNA Polymerase III subunit C5,K03027,,vv23020RNA_polymerase,
406,VIT_17s0000g01900,356,0.1719,No hit,,,,
407,VIT_05s0020g03040,351,0.1701,Unknown,,,,
408,VIT_05s0029g00050,344,0.1659,BHLH transcription factor FMA (FAMA),FAMA,,vv60011BHLH,
409,VIT_13s0067g01920,335,0.1621,Exportin 7,XPO7,,vv50112Nuclear_pore_complex,
410,VIT_00s0768g00030,336,0.1619,Isopentenyl diphosphate isomerase 2,E5_3_3_2,,vv10100Biosynthesis_of_steroids,vv10900Terpenoid_biosynthesis
411,VIT_12s0028g00050,334,0.1617,Beta-1 3 glucanase,E3_2_1_6,,,
412,VIT_04s0023g01870,334,0.1615,DNA-3-methyladenine glycosylase 1,K01246,,vv23410Base_excision_repair,
413,VIT_15s0046g03650,332,0.1610,(+)-neomenthol dehydrogenase,E1_1_1_208,,vv10902Monoterpenoid_biosynthesis,
414,VIT_14s0060g02370,332,0.1604,DegP protease,E3_4_21_107,,,
415,VIT_18s0001g07750,332,0.1602,Sas10/U3 ribonucleoprotein,,,,
416,VIT_06s0061g01440,330,0.1593,Unknown protein,,,,
417,VIT_00s0187g00140,326,0.1579,Photosystem II 44 kDa reaction center psbC,K02705,,vv10195Photosynthesis,vv50135Primary_active_transporter_cat_D3_to_E2
418,VIT_14s0081g00570,324,0.1576,Unknown protein,,,,
419,VIT_16s0013g00400,327,0.1570,No hit,,,,
420,VIT_14s0108g01200,322,0.1557,Vesicle transport v-SNARE 13,K08493,,vv24130SNARE_interactions_in_vesicular_transport,
421,VIT_12s0059g01000,322,0.1553,Cellulose synthase CSLB04,E2_4_1_12_CSLB04,,vv40006Cell_wall,
422,VIT_13s0073g00320,319,0.1540,Poly(A) polymerase,K00970,,vv23018RNA_degradation,
423,VIT_12s0034g02490,318,0.1538,Unknown,,,,
424,VIT_03s0063g01720,318,0.1533,S-N-methylcoclaurine 3'-hydroxylase,E1_14_13_71,,vv10950Alkaloid_biosynthesis_I,
425,VIT_14s0006g00880,316,0.1526,Protein phosphatase 2C,E3_1_3_16,,,
426,VIT_11s0016g04370,316,0.1526,Syntaxin 5,K08490,,vv24130SNARE_interactions_in_vesicular_transport,vv50101Channels_and_pores
427,VIT_12s0034g02370,311,0.1511,Unknown protein,,,,
428,VIT_19s0015g02100,308,0.1485,CYP72A59,K13400,,vv10902Monoterpenoid_biosynthesis,
429,VIT_19s0014g04630,305,0.1481,S-locus protein kinase,,,,
430,VIT_00s0245g00010,304,0.1478,Integral membrane protein,,,,
431,VIT_09s0002g03100,306,0.1475,Light repressible receptor protein kinase,,,,
432,VIT_07s0005g02490,302,0.1465,CYP709B2,,,,
433,VIT_06s0061g01050,303,0.1465,Protein kinase SRPK1,,,,
434,VIT_16s0039g01150<br>VIT_00s0258g00070<br>VIT_00s0258g00060<br>VIT_00s0425g00020<br>VIT_16s0148g00150,299,0.1454,
435,VIT_08s0007g04330,302,0.1453,CHUP1 (chloroplast unusual positioning 1),CHUP1,,vv44810Regulation_of_actin_cytoskeleton,
436,VIT_14s0066g01310,299,0.1447,CAAX farnesyltransferase beta subunit,ERA1,,vv34020Calcium_signaling_pathway,
437,VIT_15s0046g02090,298,0.1436,Late embryogenesis abundant group 14,,,,
438,VIT_18s0001g05950,297,0.1435,Cis-zeatin O-beta-D-glucosyltransferase,E2_4_1_215,,vv10908Zeatin_biosynthesis,
439,VIT_12s0034g02450,290,0.1397,Unknown,,,,
440,VIT_08s0007g02000,289,0.1394,Glycerol-3-phosphate acyltransferase 8,E2_3_1_15,,vv10561Glycerolipid_metabolism,vv10564Glycerophospholipid_metabolism
441,VIT_17s0000g06990,286,0.1378,Ribosomal protein L2,K02886,,vv23010Ribosome,
442,VIT_01s0011g01000,284,0.1369,RPM1 (resistance to p. syringae pv maculicola 1),K13457,,vv34626Plant-pathogen_interaction,
443,VIT_02s0025g00690,280,0.1349,Calcium-dependent protein kinase 6 CDPK6,CDPK6,,vv34626Plant-pathogen_interaction,
444,VIT_18s0122g00530,280,0.1349,FAR1-related sequence 5,FRS5_10,,vv60071Orphans_far-red,
445,VIT_12s0057g01210,279,0.1348,Nitrate-responsive NOI protein,,,,
446,VIT_17s0000g04570,279,0.1347,No hit,,,,
447,VIT_00s0374g00040,276,0.1323,S-locus lectin protein kinase,,,,
448,VIT_12s0121g00370,273,0.1320,NADH dehydrogenase (ubiquinone) flavoprotein 1,K03942,,vv10190Oxidative_phosphorylation,vv50134Primary_active_transporter_cat_D1
449,VIT_02s0012g01000,272,0.1311,Protein tyrosine phosphatase,K01104,,,
450,VIT_15s0048g01500,267,0.1298,Geraniol 10-hydroxylase,G10H,,vv10902Monoterpenoid_biosynthesis,
451,VIT_04s0008g03280,270,0.1297,No hit,,,,
452,VIT_00s1205g00020,266,0.1284,Trehalose-phosphate synthase 1,E2_4_1_15,,vv10500Starch_and_sucrose_metabolism,
453,VIT_18s0001g00510,265,0.1282,Prolyl endopeptidase,E3_4_21_26,,,
454,VIT_19s0014g04840,264,0.1275,(-)-germacrene D synthase,E4_2_3_22,,vv10900Terpenoid_biosynthesis,
455,VIT_07s0031g03180,263,0.1264,No hit,,,,
456,VIT_02s0012g01030,261,0.1259,AL-activated malate transporter 1,ALMT1,,vv50125Porters_cat_66_to_94,
457,VIT_11s0037g00060,258,0.1252,Elongation factor 1-alpha-like protein,K03231,,vv23013RNA_transport,
458,VIT_16s0050g00920,257,0.1248,MATE efflux family protein,MATE,,vv50125Porters_cat_66_to_94,
459,VIT_14s0108g00470,257,0.1246,Binding,,,,
460,VIT_11s0103g00560,260,0.1245,Pentatricopeptide (PPR) repeat,,,,
461,VIT_12s0028g03820,257,0.1243,No hit,,,,
462,VIT_06s0080g01040,256,0.1242,PR5K (PR5-like receptor kinase),,,,
463,VIT_09s0002g01120,256,0.1237,Exportin PAUSED,K14288,,vv23013RNA_transport,vv50112Nuclear_pore_complex
464,VIT_04s0023g00390,256,0.1236,Tetratricopeptide helical,,,,
465,VIT_14s0081g00540,256,0.1228,No hit,,,,
466,VIT_13s0067g03710,253,0.1228,Unknown,,,,
467,VIT_00s0484g00040,253,0.1222,S-locus lectin protein kinase,,,,
468,VIT_12s0059g01220,252,0.1221,Pyrophosphate-dependent phosphofructokinase beta subunit,E2_7_1_11,,vv10010Glycolysis,vv10030Pentose_phosphate
469,VIT_03s0180g00240,252,0.1216,No hit,,,,
470,VIT_06s0080g01020,248,0.1203,Secoisolariciresinol dehydrogenase,SIRD,,vv10940Phenylpropanoid_biosynthesis,
471,VIT_08s0007g05720,247,0.1194,No hit,,,,
472,VIT_11s0052g00400,243,0.1176,DC2 protein,,,,
473,VIT_10s0116g01150,242,0.1171,Unknown,,,,
474,VIT_18s0075g01060,242,0.1162,Poly(A) binding protein 8,,,,
475,VIT_04s0079g00780,234,0.1138,Unknown,,,,
476,VIT_11s0016g02250,236,0.1132,Unknown protein,,,,
477,VIT_19s0014g01350,231,0.1117,Ribulose bisphosphate carboxylase  large chain,E4_1_1_39,,vv10710Carbon_fixation,
478,VIT_18s0001g05590,231,0.1113,CCR4-NOT transcription complex subunit 6,K12603,,vv23018RNA_degradation,
479,VIT_12s0059g01480,228,0.1099,Lipase family,,,,
480,VIT_08s0032g00520,226,0.1095,Transmembrane protein 9,,,,
481,VIT_02s0087g00470,225,0.1088,Anthraniloyal-CoA: methanol anthraniloyal transferase,AMAT,,vv10400Phenylalanine_tyrosine_and_tryptophan_biosynthesis,
482,VIT_15s0045g00540,226,0.1086,Vesicle coat complex COPII  subunit SEC23,K14006,,vv24141Protein_processing_in_endoplasmic_reticulum,vv50110Protein_coat
483,VIT_03s0038g01970,226,0.1082,Amidase,E3_5_1_4,,vv10220Urea_cycle_and_metabolism_of_amino_groups,vv10360Phenylalanine_metabolism
484,VIT_12s0057g01160,224,0.1082,AarF domain containing kinase,K08869,,,
485,VIT_00s1869g00010,222,0.1076,Polyprotein,,,,
486,VIT_05s0029g01430,220,0.1062,Ankyrin,K10380,,vv50108Accessory_factors_involved_in_transport,
487,VIT_11s0037g01210,219,0.1051,Eceriferum 1 (CER1 protein) Sterol desaturase,,,,
488,VIT_18s0166g00080,216,0.1049,ABC transporter G member 4,K05680,,vv52010ABC_transporters,
489,VIT_10s0042g01130,216,0.1047,Zinc finger (C3HC4-type ring finger),ZFC3HC4_114,,vv60078Other_zf-C3HC4,
490,VIT_13s0019g01790,216,0.1046,Scarecrow transcription factor 14 (SCL14),SCL14_2,,vv60032GRAS,
491,VIT_17s0000g09940,217,0.1046,No hit,,,,
492,VIT_04s0008g02300,215,0.1036,Pyruvate dehydrogenase E1 beta subunit,E1_2_4_1,,vv10010Glycolysis,vv10252Alanine_and_aspartate_metabolism
493,VIT_16s0148g00170,213,0.1029,Protein binding / zinc ion binding,,,,
494,VIT_05s0029g00510,213,0.1028,Aquaporin PIP PIP1A,PIP1A,,vv50101Channels_and_pores,
495,VIT_15s0048g01240,212,0.1024,MADS-box protein AGL20,SOC1_3,,vv30009Flower_development,vv60042MADS
496,VIT_05s0020g03560,213,0.1024,No hit,,,,
497,VIT_18s0041g00520,210,0.1015,Proton-dependent oligopeptide transport (POT) family protein,POT,,vv50122Porters_cat_7_to_17,
498,VIT_14s0068g01180,209,0.1014,Unknown protein,,,,
499,VIT_08s0058g00630,210,0.1011,DNA-directed RNA polymerase II subunit A,K03006,,vv23020RNA_polymerase,
500,VIT_16s0013g01470,210,0.1010,Lysyl-tRNA synthetase,E6_1_1_6,,vv10300Lysine_biosynthesis,vv20970Aminoacyl-tRNA_biosynthesis
501,VIT_05s0077g00740,208,0.1004,Prefoldin subunit 3,,,,
502,VIT_01s0011g03560,204,0.0985,fiber protein Fb34,,,,
503,VIT_01s0011g00990,204,0.0983,RPM1 (resistance to p. syringae pv maculicola 1),K13457,,vv34626Plant-pathogen_interaction,
504,VIT_18s0122g01240,202,0.0982,Serine/threonine Protein kinase BNK1,,,,
505,VIT_05s0077g01900,203,0.0980,Polygalacturonase GH28,E3_2_1_15,,vv40006Cell_wall,
506,VIT_00s0455g00030,202,0.0980,EMB2744 (embryo defective 2744),,,,
507,VIT_17s0000g04450,201,0.0975,Phospholipid-transporting ATPase,K01530,,vv50131Primary_active_transporter_cat_A2_to_A4,
508,VIT_02s0025g04360,200,0.0965,S-N-methylcoclaurine 3'-hydroxylase,E1_14_13_71,,vv10950Alkaloid_biosynthesis_I,
509,VIT_19s0015g01660,200,0.0961,Phenylalanine-tRNA ligase,E6_1_1_20,,vv10400Phenylalanine_tyrosine_and_tryptophan_biosynthesis,vv20970Aminoacyl-tRNA_biosynthesis
510,VIT_10s0003g01280,197,0.0955,Ribulose bisphosphate carboxylase  large chain,E4_1_1_39,,vv10710Carbon_fixation,
511,VIT_13s0047g00910,195,0.0939,Molybdopterin biosynthesis MoaE,K03635,,vv10790Folate_biosynthesis,
512,VIT_14s0108g00560,194,0.0936,Ankyrin repeat,ANKYRIN_CCCH,,vv50108Accessory_factors_involved_in_transport,vv60018C3H
513,VIT_16s0022g01660,193,0.0929,Receptor kinase homolog LRK10,,,,
514,VIT_05s0049g00880,187,0.0905,Activating signal cointegrator,K01529,,vv10500Starch_and_sucrose_metabolism,vv10790Folate_biosynthesis
515,VIT_19s0090g00230,185,0.0899,Calcineurin phosphoesterase,,,,
516,VIT_01s0010g01350,186,0.0899,ADP-glucose pyrophosphorylase large subunit CagpL2,E2_7_7_27,,vv10500Starch_and_sucrose_metabolism,
517,VIT_15s0021g00990,180,0.0877,LOL3 (LSD ONE like 3),LOL3,,,
518,VIT_05s0051g00330,180,0.0876,F-box domain containing protein,,,,
519,VIT_07s0005g04000,179,0.0865,No hit,,,,
520,VIT_09s0002g05360<br>VIT_09s0002g05400<br>VIT_09s0002g05490<br>VIT_09s0002g05590,175,0.0844,
521,VIT_05s0020g04540,172,0.0833,Beta-ketoacyl-CoA synthase,E2_3_1_41,,vv10061Fatty_acid_biosynthesis,
522,VIT_12s0028g03960,172,0.0832,Ankyrin repeat protein family,K10380,,vv50108Accessory_factors_involved_in_transport,
523,VIT_14s0006g02890,173,0.0829,ATSYTE/NTMC2T3.2/NTMC2TYPE3.2/SYTE,NTMC2T3_2,,vv50109Incompletely_characterized_transport_systems,
524,VIT_05s0020g04310,170,0.0826,No hit,,,,
525,VIT_19s0015g02160,169,0.0816,CYP72A58,K13400,,vv10902Monoterpenoid_biosynthesis,
526,VIT_13s0047g00440,169,0.0815,No hit,,,,
527,VIT_15s0048g00940,167,0.0812,ATP-dependent DNA helicase 2 subunit 2,K10885,,vv23450Non_homologous_end_joining,
528,VIT_18s0086g00190,168,0.0811,Permease nonimprinted in Prader-Willi/Angelman,NIPA,,vv50122Porters_cat_7_to_17,
529,VIT_09s0002g05990,167,0.0805,6-4 photolyase,K02295,,vv34710Circadian_rhythm,
530,VIT_15s0048g01440,167,0.0802,Geraniol 10-hydroxylase,G10H,,vv10902Monoterpenoid_biosynthesis,
531,VIT_03s0038g02360,167,0.0802,D-galactoside/L-rhamnose binding SUEL lectin,,,,
532,VIT_14s0068g00210,165,0.0801,ABC transporter B member 7,K05662,,vv52010ABC_transporters,
533,VIT_05s0094g01560,163,0.0790,RIO kinase 2,K07179,,vv23008Ribosome_biogenesis_in_Eukaryotes,
534,VIT_15s0046g00740,164,0.0790,Tetratricopeptide repeat (TPR)-containing,,,,
535,VIT_00s0266g00020<br>VIT_00s0372g00020<br>VIT_00s0271g00010<br>VIT_00s0385g00020<br>VIT_00s0522g00020<br>VIT_00s0372g00060<br>VIT_00s0372g00030<br>VIT_00s0385g00010,163,0.0786,
536,VIT_16s0013g01650,162,0.0783,Calmodulin-6 (CAM6),K02183,,vv34020Calcium_signaling_pathway,vv34626Plant-pathogen_interaction
537,VIT_02s0012g02580,160,0.0777,No hit,,,,
538,VIT_02s0025g01730,160,0.0774,3-oxoacyl-[acyl-carrier-protein] synthase,E2_3_1_41,,vv10061Fatty_acid_biosynthesis,
539,VIT_05s0020g02950,160,0.0769,Deoxyribose-phosphate aldolase 2,E4_1_2_4,,vv10030Pentose_phosphate,
540,VIT_01s0026g01090,156,0.0759,Unknown,,,,
541,VIT_02s0025g02470,156,0.0754,Unknown protein,,,,
542,VIT_04s0069g00730,156,0.0751,Glutamate receptor protein,GLR2_7,,vv50101Channels_and_pores,
543,VIT_15s0046g01170,156,0.0746,Dihydroflavonol 4-reductase (dihydrokaempferol 4-reductase) (BAN),E1_1_1_219,,vv10941Flavonoid_biosynthesis,
544,VIT_00s0184g00100,150,0.0724,Pyruvate kinase,E2_7_1_40,,vv10010Glycolysis,vv10230Purine_metabolism
545,VIT_18s0041g00040,150,0.0719,Wall-associated receptor kinase 2,,,,
546,VIT_14s0066g01370,149,0.0715,No hit,,,,
547,VIT_09s0054g00500,147,0.0710,No hit,,,,
548,VIT_07s0104g01490,147,0.0709,Transcription termination factor mitochondrial mTERF,MTERF_11,,vv60085MTERF,
549,VIT_01s0011g00840,147,0.0709,Ankyrin,K10380,,vv50108Accessory_factors_involved_in_transport,
550,VIT_03s0038g04340,147,0.0709,feronia receptor-like kinase,,,,
551,VIT_02s0025g04160,146,0.0702,Unknown protein,,,,
552,VIT_06s0004g07120,143,0.0690,Gamma interferon responsive lysosomal thiol reductase family protein,,,,
553,VIT_12s0028g02780,141,0.0682,flavonoid O-methyltransferase,E2_1_1_75,,vv10941Flavonoid_biosynthesis,
554,VIT_00s0220g00020,141,0.0680,Pentatricopeptide (PPR) repeat-containing protein,,,,
555,VIT_15s0021g01920,138,0.0663,Mitochondrial transcription termination factor mTERF,MTERF_16,,vv60085MTERF,
556,VIT_18s0001g12000,136,0.0657,Geranylgeranyl pyrophosphate synthetase 1  chloroplast precursor,E2_5_1_29,,vv10100Biosynthesis_of_steroids,vv10900Terpenoid_biosynthesis
557,VIT_19s0014g01900,136,0.0657,Protein transport protein Sec24,K14007,,vv24141Protein_processing_in_endoplasmic_reticulum,vv50110Protein_coat
558,VIT_14s0066g01520,135,0.0656,UDP-glucoronosyl and UDP-glucosyl transferase,,,,
559,VIT_18s0075g00560,134,0.0650,fatty acid multifunctional protein (MFP2),E4_2_1_17,vv10650Butanoate_metabolism,vv10062Fatty_acid_elongation_in_mitochondria,vv10071Fatty_acid_metabolism
560,VIT_18s0001g02140,133,0.0644,Metal transporter Nramp1,NRAMP1,,vv50124Porters_cat_30_to_64,
561,VIT_11s0016g04720,133,0.0643,Blight-associated protein p12 precursor,,,,
562,VIT_00s0120g00100,132,0.0639,Asparaginyl-tRNA synthetase  cytoplasmic 3,E6_1_1_22,,vv10252Alanine_and_aspartate_metabolism,vv20970Aminoacyl-tRNA_biosynthesis
563,VIT_01s0011g01840,131,0.0634,No hit,,,,
564,VIT_07s0005g03070,131,0.0633,LHW (lonesome highway),LHW_2,,vv60011BHLH,
565,VIT_12s0035g01990,128,0.0620,Intron maturase  type II,,,,
566,VIT_17s0000g04390,127,0.0620,Cold-induced wall associated kinase,,,,
567,VIT_02s0025g03000,128,0.0617,NGA1 (NGATHA1),NGATHA1_1,VvRAV3,vv60001ABI3VP1,
568,VIT_07s0005g00240,127,0.0614,Transducin protein,,,,
569,VIT_18s0122g00570,127,0.0613,MBD9 (methyl-CPG-binding Domain 9),MBD9_2,,vv30009Flower_development,vv60048PHD
570,VIT_13s0019g02430,126,0.0608,LIM domain containing protein,LIMDOM_2,,vv60040LIM,
571,VIT_01s0011g05890,125,0.0606,S-adenosyl-L-methionine:salicylic acid carboxyl methyltransferase,SAMTBSCMT,,vv10360Phenylalanine_metabolism,
572,VIT_01s0011g00970,124,0.0601,RPM1 (resistance to p. syringae pv maculicola 1),K13457,,vv34626Plant-pathogen_interaction,
573,VIT_15s0045g00420,124,0.0597,Shaggy protein kinase alpha SK11,,,,
574,VIT_05s0077g00640,123,0.0595,No hit,,,,
575,VIT_08s0007g08830,122,0.0593,Polcalcin,K13448,,vv34626Plant-pathogen_interaction,
576,VIT_07s0005g04530,122,0.0591,Pentatricopeptide (PPR) repeat-containing protein,,,,
577,VIT_18s0164g00020,122,0.0590,Transducin protein,,,,
578,VIT_19s0015g00570,122,0.0587,SRT1 (sirtuin 1),SRT1,,,
579,VIT_00s0327g00070,120,0.0584,Acyl-[acyl-carrier-protein] desaturase,E1_14_19_2,,vv11040Biosynthesis_of_unsaturated_fatty_acids,
580,VIT_05s0049g00990,121,0.0584,Metallothionein 2A,,,,
581,VIT_11s0065g00020,119,0.0573,Unknown,,,,
582,VIT_13s0064g00750,116,0.0561,Polygalacturonase GH28,E3_2_1_15,,vv40006Cell_wall,
583,VIT_06s0004g07460,116,0.0560,Unknown protein,,,,
584,VIT_00s0254g00010,116,0.0557,Unknown,,,,
585,VIT_10s0042g01050,116,0.0557,Serine carboxypeptidase II,,,,
586,VIT_18s0001g03170,115,0.0554,Nodulin MtN21 family,MTN21,,vv50122Porters_cat_7_to_17,
587,VIT_05s0136g00380,113,0.0543,Unknown protein,,,,
588,VIT_08s0007g07240,111,0.0537,Armadillo helical,,,,
589,VIT_11s0016g04600,110,0.0533,Myb family,MYBGE_14,,vv60029G2-like,
590,VIT_00s0374g00020,108,0.0524,S-locus lectin protein kinase,,,,
591,VIT_00s0181g00070,108,0.0523,ARV2,,,,
592,VIT_08s0040g01090,105,0.0510,No hit,,,,
593,VIT_13s0047g00500,104,0.0505,3-hydroxyisobutyryl-CoA hydrolase,E3_1_2_4,,vv10280Valine_leucine_and_isoleucine_degradation,vv10410Beta-alanine_metabolism
594,VIT_09s0002g03120,104,0.0505,FRK1 (FLG22-induced receptor-like kinase 1),FRK1,,vv34626Plant-pathogen_interaction,
595,VIT_01s0010g02120,104,0.0501,Zinc finger (C3HC4-type ring finger),ZFC3HC4_117,,vv60078Other_zf-C3HC4,
596,VIT_14s0083g00600,104,0.0501,Unknown,,,,
597,VIT_11s0037g00710,103,0.0495,Trehalose-phosphate phosphatase,E3_1_3_12,,vv10500Starch_and_sucrose_metabolism,
598,VIT_05s0094g00560,103,0.0495,Stearoyl-ACP desaturase,E1_14_19_2,,vv11040Biosynthesis_of_unsaturated_fatty_acids,
599,VIT_15s0048g01470,102,0.0494,Geraniol 10-hydroxylase,G10H,,vv10902Monoterpenoid_biosynthesis,
600,VIT_01s0011g03430,102,0.0491,No hit,,,,
601,VIT_13s0064g01180,101,0.0489,Unknown protein,,,,
602,VIT_09s0002g03760,100,0.0482,Unknown,,,,
603,VIT_19s0014g05340,100,0.0482,No hit,,,,
604,VIT_03s0063g01370,99,0.0479,Leucine-rich repeat family protein / extensin,EXTENSIN,,vv40006Cell_wall,
605,VIT_12s0035g01850,98,0.0473,MATE antiporter/ drug transporter,MATE,,vv50125Porters_cat_66_to_94,
606,VIT_03s0038g00390,97,0.0468,TEL1 (Terminal EAR1-like 1),TEL1,,vv44110Cell_cycle,
607,VIT_05s0102g00170,96,0.0466,Calcium-dependent protein kinase 24 CPK24,CPK24,,vv34626Plant-pathogen_interaction,
608,VIT_18s0122g01080,96,0.0465,Calcium ion binding protein,,,,
609,VIT_18s0001g14760,96,0.0464,Lipase 3 (EXL3) family II extracellular,,,,
610,VIT_00s0456g00040<br>VIT_00s0374g00030,96,0.0463,
611,VIT_15s0045g01600,96,0.0462,Eceriferum 1 (CER1 protein) Sterol desaturase,,,,
612,VIT_00s0256g00060,95,0.0461,Unknown,,,,
613,VIT_07s0104g01420,95,0.0461,Glutaredoxin,,,,
614,VIT_08s0058g00290,95,0.0460,Receptor lectin protein kinase,,,,
615,VIT_05s0029g01520,95,0.0457,Seven in absentia SINA4,K04506,,vv24120Ubiquitin_mediated_proteolysis,
616,VIT_12s0035g00530,94,0.0455,Unknown protein,,,,
617,VIT_09s0002g03490,94,0.0453,DNA repair/transcription protein Mms19,,,,
618,VIT_01s0026g01670,94,0.0452,Pectate lyase  N-terminal,E4_2_2_2,,vv40006Cell_wall,
619,VIT_05s0077g01760,94,0.0451,Polygalacturonase GH28,E3_2_1_15,,vv40006Cell_wall,
620,VIT_18s0001g00270,93,0.0451,No hit,,,,
621,VIT_10s0116g01660,93,0.0449,Lactoylglutathione lyase,E4_4_1_5,,vv10620Pyruvate_metabolism,
622,VIT_06s0009g01820,92,0.0446,Invertase  neutral/alkaline,E3_2_1_26,,vv10052Galactose_metabolism,vv10500Starch_and_sucrose_metabolism
623,VIT_15s0046g03720,92,0.0445,Unknown,,,,
624,VIT_05s0049g01050,90,0.0434,Unknown,,,,
625,VIT_18s0001g14000,89,0.0431,Auxin-induced SAUR,SAUR,,vv30003Auxin_signaling,
626,VIT_14s0083g01230,89,0.0431,Heat shock protein 81-4 (HSP81-4),K04079,,vv24141Protein_processing_in_endoplasmic_reticulum,vv34626Plant-pathogen_interaction
627,VIT_19s0176g00140,88,0.0424,CID9 (CTC-Interacting Domain 9),,,,
628,VIT_15s0046g01900,87,0.0423,ferric reduction oxidase 2,FRO2,,vv50105Transport_electron_carriers,
629,VIT_08s0007g01270,87,0.0422,Dynein light chain LC6  flagellar outer arm,K10418,,vv44810Regulation_of_actin_cytoskeleton,
630,VIT_19s0085g00620,87,0.0421,Zinc finger CCCH domain-containing protein 2,,,,
631,VIT_05s0020g02760,85,0.0413,Signal peptidase complex subunit 3,K12948,,vv23060Protein_export,
632,VIT_01s0011g01900,85,0.0412,Glutathione S-transferase  C-terminal,E2_5_1_18,,vv10480Glutathione_metabolism,
633,VIT_05s0102g00930,84,0.0407,Glucosyltransferase-11,,,,
634,VIT_14s0036g00440,84,0.0404,Unknown protein,,,,
635,VIT_05s0020g04110,83,0.0403,ELIP1 (early light-inducible protein),,,,
636,VIT_10s0003g00800,83,0.0402,Unknown,,,,
637,VIT_12s0034g00790,83,0.0401,Kinetochore protein,KINETOCHORE,,vv44110Cell_cycle,
638,VIT_18s0001g09290,82,0.0397,Unknown protein,,,,
639,VIT_14s0006g02060<br>VIT_14s0006g02050,80,0.0388,
640,VIT_09s0018g02100,80,0.0386,Anthocyaninless2 (ANL2),ANL2_2,,vv60034HB,
641,VIT_02s0033g00310,79,0.0385,No hit,,,,
642,VIT_15s0046g00410,79,0.0383,Seven in absentia SINA1p,K04506,,vv24120Ubiquitin_mediated_proteolysis,
643,VIT_14s0171g00200,79,0.0382,Unknown,,,,
644,VIT_19s0015g01990,78,0.0378,No hit,,,,
645,VIT_12s0035g00550,78,0.0378,Unknown protein,,,,
646,VIT_01s0011g01230,78,0.0376,GTP-binding protein (ERG),E3_6_5_1,,,
647,VIT_12s0057g01490,77,0.0372,Telomere repeat binding protein 1,TRP1,,vv60045MYBrelated,
648,VIT_00s0346g00100<br>VIT_00s0371g00040<br>VIT_00s0346g00120<br>VIT_00s0371g00060<br>VIT_00s0371g00010,76,0.0367,
649,VIT_14s0006g00330,75,0.0364,No hit,,,,
650,VIT_16s0098g01050,75,0.0364,RNA binding / nucleic acid binding / nucleotide binding [Arabidopsis thaliana],,,,
651,VIT_07s0151g01120,75,0.0361,Plastocyanin domain-containing protein,K02638,,vv10195Photosynthesis,vv50113Thylakoid_targeting_pathway
652,VIT_19s0090g00270,74,0.0360,Unknown protein,,,,
653,VIT_19s0093g00070,73,0.0352,Clp protease proteolytic subunit 5,CLPR1,,,
654,VIT_03s0038g03480,73,0.0352,Auxin-induced SAUR,SAUR,,vv30003Auxin_signaling,
655,VIT_10s0116g00410,73,0.0351,Gibberellin 2-beta-dioxygenase 7,E1_14_11_13,,vv10904Diterpenoid_biosynthesis,
656,VIT_14s0066g01210,72,0.0348,Carbonic anhydrase  chloroplast precursor,E4_2_1_1,,vv10910Nitrogen_metabolism,vv50124Porters_cat_30_to_64
657,VIT_11s0016g00310,72,0.0346,Pectinesterase family,E3_1_1_11,,vv40006Cell_wall,
658,VIT_07s0104g01710,71,0.0345,HAK5 (High affinity K+ transporter 5),HAK5,,vv50125Porters_cat_66_to_94,
659,VIT_07s0095g00720,71,0.0343,Heat shock protein 81-4 (HSP81-4),K04079,,vv24141Protein_processing_in_endoplasmic_reticulum,vv34626Plant-pathogen_interaction
660,VIT_08s0007g05780,71,0.0342,Intron maturase  type II,,,,
661,VIT_12s0057g00910,71,0.0342,Sterile apetala,STAPETALA,,vv60054SAP,
662,VIT_00s0378g00040,69,0.0334,CC-NBS-LRR class,,,,
663,VIT_14s0006g00050,68,0.0330,Transposase  IS4,,,,
664,VIT_07s0005g04790,68,0.0329,Myosin-like protein XIB,MYOSINXIB,,vv44810Regulation_of_actin_cytoskeleton,
665,VIT_08s0007g01700,68,0.0329,Oxidative phosphorylation uncoupler,PUMP1,,vv50123Porters_cat_18_to_29,
666,VIT_17s0000g09570,68,0.0328,CYP71A26,E1_14_13_73,,vv10902Monoterpenoid_biosynthesis,
667,VIT_04s0008g04130,68,0.0328,RD22 [Vitis vinifera],,,,
668,VIT_17s0000g04520,66,0.0320,Cell growth defect factor 1,,,,
669,VIT_07s0151g00110<br>VIT_07s0151g00190<br>VIT_07s0151g00250,66,0.0319,
670,VIT_12s0142g00780,66,0.0318,Leucine-rich repeat transmembrane protein kinase,,,,
671,VIT_15s0048g02430,66,0.0318,Naringenin 2-oxoglutarate 3-dioxygenase,E1_14_11_9,,vv10941Flavonoid_biosynthesis,
672,VIT_12s0028g02620,65,0.0314,Protein kinase C substrate 80K-H,K08288,,vv24141Protein_processing_in_endoplasmic_reticulum,
673,VIT_12s0142g00460,64,0.0309,Basic helix-loop-helix (bHLH) family,BHLHDOM_25,,vv60011BHLH,
674,VIT_16s0098g00970,64,0.0308,Subtilisin serine protease,SBT3_5_1,,vv50101Channels_and_pores,vv60085MTERF
675,VIT_04s0008g05730,64,0.0308,Sucrose-phosphate synthase,E2_4_1_14,,vv10500Starch_and_sucrose_metabolism,
676,VIT_13s0064g01420,63,0.0305,Succinate dehydrogenase [ubiquinone] flavoprotein subunit,K00234,,vv10020Citrate_cycle,vv10190Oxidative_phosphorylation
677,VIT_18s0001g12360,63,0.0305,Deoxyuridine 5'-triphosphate nucleotidohydrolase,E3_6_1_23,,vv10240Pyrimidine_metabolism,
678,VIT_01s0011g02750,63,0.0305,Nudix hydrolase 1,,,,
679,VIT_08s0007g05260,62,0.0301,Glutamate synthase (GLU1)  ferredoxin-dependent,E1_4_7_1,,vv10910Nitrogen_metabolism,
680,VIT_11s0016g04510,60,0.0289,No hit,,,,
681,VIT_12s0059g01810,60,0.0287,Photosystem II psbZ,K02724,,vv10195Photosynthesis,vv50135Primary_active_transporter_cat_D3_to_E2
682,VIT_13s0067g02960,59,0.0285,BTI2 (VIRB2- interacting  protein 2),,,,
683,VIT_04s0008g04230,59,0.0284,ABC transporter G member 22,ABCG22,,vv52010ABC_transporters,
684,VIT_03s0088g01150,59,0.0284,Squalene monooxygenase,E1_14_99_7,,vv10100Biosynthesis_of_steroids,vv10900Terpenoid_biosynthesis
685,VIT_09s0002g07810,57,0.0276,No hit,,,,
686,VIT_14s0030g02170,57,0.0276,Calcium-binding EF hand,,,,
687,VIT_12s0035g00100,57,0.0276,Receptor protein kinase,,,,
688,VIT_19s0014g04480,57,0.0275,S-locus protein kinase,,,,
689,VIT_12s0034g00190,57,0.0275,Acyl-[acyl-carrier-protein] desaturase,E1_14_19_2,,vv11040Biosynthesis_of_unsaturated_fatty_acids,
690,VIT_15s0046g01870,57,0.0274,Proline-rich family protein,,,,
691,VIT_05s0029g01120<br>VIT_05s0102g00550<br>VIT_05s0102g00640,55,0.0267,
692,VIT_09s0002g04170,55,0.0267,Acyl-CoA synthetases (Acyl-activating enzyme 13),E6_2_1_3,,vv10071Fatty_acid_metabolism,vv50104Group_translocators
693,VIT_14s0006g01680,55,0.0263,CYP96A10,,,,
694,VIT_02s0087g00260,53,0.0257,RPD1 (root primordium defective 1),,,,
695,VIT_05s0165g00230,53,0.0256,SAR1 (secretion-associated ras),K07953,,vv24141Protein_processing_in_endoplasmic_reticulum,vv50110Protein_coat
696,VIT_14s0066g00780,52,0.0251,Disease resistance protein (NBS-LRR class),,,,
697,VIT_06s0004g07090,52,0.0251,Unknown protein,,,,
698,VIT_16s0022g01670,52,0.0250,Receptor kinase LRK10,,,,
699,VIT_10s0003g01250,50,0.0241,Pollen Ole e 1 allergen and extensin,,,,
700,VIT_12s0059g00980,49,0.0237,Cellulose synthase CSLB04,E2_4_1_12_CSLB04,,vv40006Cell_wall,
701,VIT_04s0023g02400,49,0.0237,SEC14 cytosolic factor,SEC14,,vv50122Porters_cat_7_to_17,
702,VIT_04s0023g02320,49,0.0235,Jasmonate O-methyltransferase,E2_1_1_141,,vv10592alpha-Linolenic_acid_metabolism,
703,VIT_11s0206g00180,49,0.0235,Unknown,,,,
704,VIT_01s0026g01520,49,0.0234,Guanine nucleotide exchange factor protein,RCC1,,vv50112Nuclear_pore_complex,
705,VIT_19s0027g00710,48,0.0234,Ribosomal protein L27 (RPL27C) 60S,K02901,,vv23010Ribosome,
706,VIT_03s0063g00680,48,0.0233,Zinc metalloprotease pitrilysin sub A,E3_4_24_x,,,
707,VIT_19s0014g01110,47,0.0227,Curculin (mannose-binding) lectin,,,,
708,VIT_01s0010g03100,47,0.0226,Malate dehydrogenase  cytoplasmic 1,E1_1_1_37,,vv10020Citrate_cycle,vv10620Pyruvate_metabolism
709,VIT_11s0016g02660<br>VIT_05s0029g01030,47,0.0225,
710,VIT_01s0011g01910,46,0.0223,Glycosyl transferase-related,,,,
711,VIT_06s0061g01510,46,0.0223,Histone deacetylase 9,HDA9,,vv44110Cell_cycle,
712,VIT_16s0039g02490,46,0.0223,Phospholipid scramblase 1,PLS1,,vv50109Incompletely_characterized_transport_systems,
713,VIT_14s0068g00640,46,0.0222,Acetyl-CoA synthetase,E6_2_1_1,,vv10010Glycolysis,vv10620Pyruvate_metabolism
714,VIT_15s0046g02390,45,0.0219,ANTR2 (anion transporter 2),ANTR2,,vv50121Porters_cat_1_to_6,
715,VIT_07s0005g04550,45,0.0218,Brix domain-containing protein,,,,
716,VIT_05s0029g00150,45,0.0218,No hit,,,,
717,VIT_11s0037g00010,45,0.0217,RAV1-like ethylene-responsive transcription factor,RAV1_1,VvRAV6,vv30008Ethylene_signaling,vv60003AP2_EREBP
718,VIT_01s0026g00950,44,0.0214,formin 8,FH8,,vv44810Regulation_of_actin_cytoskeleton,
719,VIT_09s0070g00550,44,0.0213,Quinone oxidoreductase,K03956,,vv10190Oxidative_phosphorylation,vv50134Primary_active_transporter_cat_D1
720,VIT_06s0004g00310,44,0.0212,Hcr2-p4.1,,,,
721,VIT_16s0022g01790,43,0.0209,Histone deacetylase complex  SIN3 component -like 2 SNL2,SNL2,,vv44110Cell_cycle,
722,VIT_02s0012g00710,43,0.0208,RAB GTPase RAB6,K07976,,,
723,VIT_11s0052g01600,43,0.0207,UDP-glucose flavonoid 3-O-glucosyltransferase 7,E2_4_1_91,,vv10941Flavonoid_biosynthesis,
724,VIT_19s0014g01720,43,0.0207,Sodium/calcium exchanger family protein,NACAEX,,vv50123Porters_cat_18_to_29,
725,VIT_18s0122g00590,42,0.0204,DNA-binding protein,,,,
726,VIT_18s0001g07520,42,0.0203,Mechanosensitive ion channel MSCS-like 2,MSL2,,vv50101Channels_and_pores,
727,VIT_14s0128g00380,42,0.0203,Yip1 domain   member 1,YIP1,,vv50110Protein_coat,
728,VIT_10s0042g01160,41,0.0199,Elongation factor EF-2,K03234,,,
729,VIT_00s0282g00030,41,0.0197,Leaf senescence protein,,,,
730,VIT_07s0141g00780,40,0.0194,Pentatricopeptide (PPR) repeat-containing protein,,,,
731,VIT_04s0008g00320,40,0.0194,Leucine-rich repeat family protein,,,,
732,VIT_08s0007g07260,40,0.0193,Tubulin alpha,K07374,,vv44145Phagosome,vv44810Regulation_of_actin_cytoskeleton
733,VIT_00s0450g00010,40,0.0193,Ent-kaurene synthase,E5_5_1_13,,vv10904Diterpenoid_biosynthesis,
734,VIT_01s0026g02670,39,0.0189,No hit,,,,
735,VIT_09s0018g01330,39,0.0188,fasciclin arabinogalactan-protein (FLA14),FLA14,,vv40006Cell_wall,
736,VIT_00s0267g00050,39,0.0188,No hit,,,,
737,VIT_14s0066g00750,39,0.0187,Disease resistance protein (NBS-LRR class),,,,
738,VIT_08s0032g00490,38,0.0184,No hit,,,,
739,VIT_09s0018g01270,38,0.0184,Ribulose bisphosphate carboxylase/oxygenase activase 2,,,,
740,VIT_17s0000g01870,38,0.0184,Indeterminate(ID)-domain 16,IDD16_2,,vv60017C2H2,
741,VIT_11s0016g05360,38,0.0183,Phospholipase D alpha 1 precursor (PLD 1) (Choline phosphatase 1),PLDA1,,vv10564Glycerophospholipid_metabolism,vv10565Ether_lipid_metabolism
742,VIT_04s0008g01410,38,0.0183,Ran-binding protein 1 RanBP1,RANBP1,,vv50109Incompletely_characterized_transport_systems,
743,VIT_08s0007g09000,37,0.0179,Glycerol-3-phosphate dehydrogenase,E1_1_1_8,,vv10564Glycerophospholipid_metabolism,
744,VIT_18s0041g01110,37,0.0179,Pentatricopeptide (PPR) repeat-containing,,,,
745,VIT_11s0037g00770,37,0.0178,Leucine Rich Repeat receptor-like kinase,,,,
746,VIT_17s0000g03580,37,0.0178,BEE3 (BR Enhanced expression 3),BEE3,,vv60011BHLH,
747,VIT_04s0044g00600,37,0.0178,Zinc finger (C3HC4-type ring finger) family protein,ZFC3HC4_222,,vv60078Other_zf-C3HC4,
748,VIT_03s0017g00970,36,0.0175,No hit,,,,
749,VIT_14s0083g00890,35,0.0171,Transport inhibitor response 1 protein,TIR1,,vv30003Auxin_signaling,
750,VIT_01s0150g00440,35,0.0170,Respiratory burst oxidase protein D (RBOHD),RBOHD,,vv34626Plant-pathogen_interaction,vv50105Transport_electron_carriers
751,VIT_04s0008g07210,35,0.0170,D8-sphingolipid desaturase,,,,
752,VIT_17s0000g03300,35,0.0170,Unknown protein,,,,
753,VIT_08s0007g07780,35,0.0169,Polygalacturonase PG1,E3_2_1_15,,vv40006Cell_wall,
754,VIT_10s0042g00380,35,0.0169,Kinesin family member 2/24,K10393,,vv44810Regulation_of_actin_cytoskeleton,
755,VIT_09s0054g01290,34,0.0165,Beta-amyrin synthase,E5_4_99_BAS,,vv10900Terpenoid_biosynthesis,
756,VIT_05s0020g02740,34,0.0165,Aquaporin NIP7;1,NIP7_1,,vv50101Channels_and_pores,
757,VIT_02s0012g02050,34,0.0165,PAP/fibrillin family,K06825,,,
758,VIT_03s0088g01280,34,0.0164,No hit,,,,
759,VIT_12s0028g02680,34,0.0164,Unknown protein,,,,
760,VIT_14s0068g00480,34,0.0164,UDP-glucosyl transferase,E2_4_1_81,,vv10941Flavonoid_biosynthesis,
761,VIT_18s0076g00240,34,0.0164,Preprotein translocase SecY subunit,K03076,,vv23060Protein_export,vv50113Thylakoid_targeting_pathway
762,VIT_19s0015g02260<br>VIT_19s0015g02300<br>VIT_19s0015g02150<br>VIT_19s0015g02440,33,0.0160,
763,VIT_19s0090g00740,33,0.0160,No hit,,,,
764,VIT_15s0046g00830,33,0.0160,No hit,,,,
765,VIT_19s0090g00220,33,0.0160,CRS2-associated factor 2  mitochondrial precursor,,,,
766,VIT_02s0033g00300,33,0.0159,Myb family,MYBGE_8,,vv60029G2-like,
767,VIT_07s0255g00060,32,0.0155,Prolyl oligopeptidase family,,,,
768,VIT_10s0116g00740,31,0.0150,Serine carboxypeptidase-like 32,K01287,,,
769,VIT_06s0004g08250,31,0.0150,Leucine-rich repeat transmembrane protein kinase  putative,,,,
770,VIT_08s0007g06060,30,0.0146,Beta 1-3 glucanase,E3_2_1_6,,,
771,VIT_08s0007g04580,30,0.0146,UGT73C2 (UDP-glucosyl transferase 73C2),,,,
772,VIT_12s0028g02930,30,0.0145,Isoflavone methyltransferase/ Orcinol O-methyltransferase 1 oomt1,E2_1_1_46,,vv10943Isoflavonoid_biosynthesis,
773,VIT_02s0087g00370,30,0.0144,Anthranilate N-hydroxycinnamoyl/benzoyltransferase,E2_3_1_144,,vv10400Phenylalanine_tyrosine_and_tryptophan_biosynthesis,
774,VIT_03s0091g00040,30,0.0144,Limonoid UDP-glucosyltransferase,E2_4_1_120,,vv10940Phenylpropanoid_biosynthesis,
775,VIT_12s0028g01970,29,0.0141,Serine/threonine-protein kinase NAK,,,,
776,VIT_06s0004g02580,29,0.0140,BLH8 (BEL1-like homeodomain 8),BLH8,VvHB22,vv60034HB,
777,VIT_18s0001g07980,29,0.0140,CBL-interacting protein kinase 8 (CIPK8),CIPK8,,,
778,VIT_11s0037g00800,28,0.0135,Serine carboxypeptidase II,,,,
779,VIT_06s0009g02310,27,0.0130,Ubiquitin-associated (UBA),,,,
780,VIT_09s0018g00560,26,0.0126,Unknown protein,,,,
781,VIT_02s0087g00310,26,0.0126,No hit,,,,
782,VIT_01s0026g01820,26,0.0126,Squamosa promoter-binding protein 12 (SPL12),SPL12_2,,vv60055SBP,
783,VIT_08s0058g01040,26,0.0126,SOS2 (salt overly sensitive 2),SOS2,,vv30001ABA_signaling,
784,VIT_02s0033g00780,26,0.0126,14-3-3 protein GF14 omega (GRF2),,,,
785,VIT_13s0019g03070,26,0.0125,Heat shock protein 17.6 kDa class I,K13993,,vv24141Protein_processing_in_endoplasmic_reticulum,
786,VIT_14s0081g00250,26,0.0125,No hit,,,,
787,VIT_13s0084g00270,25,0.0121,Unknown protein,,,,
788,VIT_16s0039g01580,25,0.0121,Carbohydrate kinase,E2_7_1_15,,vv10030Pentose_phosphate,
789,VIT_04s0008g01260,25,0.0121,Zinc transporter ZIP4,ZIP4,,vv50121Porters_cat_1_to_6,
790,VIT_07s0005g00060,25,0.0120,No hit,,,,
791,VIT_09s0002g01110,25,0.0120,Avr9/Cf-9 induced kinase 1,,,,
792,VIT_11s0118g00740,25,0.0120,Leucine-rich repeat family protein,,,,
793,VIT_14s0006g00510,25,0.0120,No hit,,,,
794,VIT_12s0028g03460,24,0.0117,RALFL4 (RALF-like 4),,,,
795,VIT_16s0039g00010,24,0.0116,ABC transporter G member 7,ABCG7,,vv52010ABC_transporters,
796,VIT_05s0020g04810,24,0.0116,Lipase GDSL 7,GLIP7,,vv50101Channels_and_pores,
797,VIT_05s0029g01540,24,0.0116,Ankyrin repeat,K10380,,vv50108Accessory_factors_involved_in_transport,
798,VIT_02s0033g01220,24,0.0116,No hit,,,,
799,VIT_01s0011g02110,24,0.0116,Unknown,,,,
800,VIT_17s0000g03340,24,0.0116,Wall-associated kinase 4,,,,
801,VIT_08s0032g01180,24,0.0116,CP33 (pigment defective 322),CP33,,vv50133Primary_active_transporter_cat_A9_to_A18,
802,VIT_13s0047g00050,23,0.0111,ZIFL1 (Zinc induced facilitator 1),ZIFL1,,vv50121Porters_cat_1_to_6,
803,VIT_00s0227g00190,23,0.0111,Phosphoglucomutase/phosphomannomutase C terminal,E5_4_2_2,,vv10010Glycolysis,vv10030Pentose_phosphate
804,VIT_05s0049g00930,23,0.0111,Inorganic phosphate transporter 1-4,PHT1_4,,vv50121Porters_cat_1_to_6,
805,VIT_05s0124g00560,23,0.0111,UDP-galactose transporter 6,UTR6,,vv50122Porters_cat_7_to_17,
806,VIT_04s0043g00260,23,0.0111,No hit,,,,
807,VIT_19s0014g04220,23,0.0111,S-locus protein kinase,,,,
808,VIT_11s0016g03880,23,0.0111,Receptor protein kinase PERK1,,,,
809,VIT_03s0063g02680,23,0.0111,Radialis-like protein 5,RADL5,,vv30009Flower_development,vv60044MYB
810,VIT_18s0001g03340,22,0.0107,No hit,,,,
811,VIT_18s0001g06920,22,0.0107,TRNA-guanine transglycosylase,E2_4_2_29,,vv10230Purine_metabolism,
812,VIT_02s0241g00190,22,0.0107,No hit,,,,
813,VIT_18s0157g00210,22,0.0107,Inositol-1 4 5-trisphosphate 5-Phosphatase,E3_1_3_56,,vv10562Inositol_phosphate_metabolism,vv34070Phosphatidylinositol_signaling_system
814,VIT_12s0057g00620,22,0.0106,Receptor Like Protein 6,,,,
815,VIT_00s0211g00070,22,0.0106,Glycine hydroxymethyltransferase,E2_1_2_1,,vv10260Glycine_serine_and_threonine_metabolism,vv10460Cyanoamino_acid_metabolism
816,VIT_19s0093g00260,22,0.0106,Glutathione S-transferase 25 GSTU25,E2_5_1_18_GSTU25,,vv10480Glutathione_metabolism,
817,VIT_18s0001g09050,21,0.0102,ATP binding domain 1   member B,,,,
818,VIT_10s0003g02150,21,0.0101,Trehalose-phosphate synthase 1,E2_4_1_15,,vv10500Starch_and_sucrose_metabolism,
819,VIT_01s0127g00340,21,0.0101,Unknown,,,,
820,VIT_08s0058g01220,20,0.0097,No hit,,,,
821,VIT_00s0265g00080,19,0.0092,Ribosomal protein L21,K02888,,vv23010Ribosome,
822,VIT_04s0023g00700,19,0.0092,Serine carboxypeptidase S10,,,,
823,VIT_00s0258g00080,19,0.0092,Brassinosteroid insensitive 1-associated receptor kinase 1,BAK1,,vv30005Brassinosteroids_signaling,vv34626Plant-pathogen_interaction
824,VIT_08s0040g01630,19,0.0092,Translin-associated factor X,,,,
825,VIT_08s0058g00610,19,0.0092,Binding,,,,
826,VIT_05s0049g01470,19,0.0092,Unknown protein,,,,
827,VIT_13s0074g00630,19,0.0092,No hit,,,,
828,VIT_13s0101g00400,19,0.0092,No hit,,,,
829,VIT_15s0021g01530,19,0.0092,VAD1 (vascular associated death1),,,,
830,VIT_00s0414g00010,18,0.0087,Cellulose synthase CSLE1,E2_4_1_12_CSLE1,,vv40006Cell_wall,
831,VIT_18s0075g01010,18,0.0087,Dihydrofolate reductase-thymidylate synthase,K13998,,vv10240Pyrimidine_metabolism,vv10670One_carbon_pool_by_folate
832,VIT_00s0525g00040,18,0.0087,Pentatricopeptide (PPR) repeat-containing protein,,,,
833,VIT_13s0047g01050<br>VIT_13s0101g00360<br>VIT_14s0006g00850,18,0.0087,
834,VIT_13s0064g00520,18,0.0087,furcatin hydrolase,E3_2_1_161,,,
835,VIT_11s0016g02060,18,0.0087,RecA,K03553,,vv23440Homologous_recombination,
836,VIT_09s0002g01140,18,0.0087,Tetratricopeptide helical,,,,
837,VIT_17s0000g07220,17,0.0082,No hit,,,,
838,VIT_13s0047g00840,17,0.0082,Serine hydroxymethyltransferase 3,E2_1_2_1,,vv10260Glycine_serine_and_threonine_metabolism,vv10670One_carbon_pool_by_folate
839,VIT_03s0038g04420,16,0.0078,DnaJ homolog  subfamily A  member 2,K09503,,vv50132Primary_active_transporter_cat_A5_to_A8,
840,VIT_14s0083g00510,16,0.0078,No hit,,,,
841,VIT_19s0090g01630,16,0.0077,CYP89H3,,,,
842,VIT_03s0063g02010,16,0.0077,Protease,,,,
843,VIT_00s0988g00020<br>VIT_00s1328g00010,16,0.0077,
844,VIT_18s0001g06630,16,0.0077,No hit,,,,
845,VIT_05s0102g00460,16,0.0077,RPD1 (root primordium defective 1),,,,
846,VIT_04s0069g00830,16,0.0077,DTDP-D-glucose 4 6-dehydratase,E4_2_1_46,,vv10520Nucleotide_sugars_metabolism,
847,VIT_12s0059g01700,16,0.0077,Unknown protein,,,,
848,VIT_00s0229g00080<br>VIT_00s0459g00030,16,0.0077,
849,VIT_06s0004g01400,16,0.0077,S-receptor kinase,,,,
850,VIT_00s0409g00010,16,0.0077,Receptor kinase RK20-1,,,,
851,VIT_11s0052g00670,16,0.0077,Villin,K05768,,vv44810Regulation_of_actin_cytoskeleton,
852,VIT_06s0061g00240,16,0.0077,ABC transporter G member 7,ABCG7,,vv52010ABC_transporters,
853,VIT_06s0004g03170,15,0.0073,Transcription initiation factor TFIIH subunit H2,K03142,,vv23022Basal_transcription_factors,vv23420Nucleotide_excision_repair
854,VIT_08s0058g00040,15,0.0073,Verticillium wilt disease resistance protein Ve2,,,,
855,VIT_17s0000g00040,15,0.0073,Pentatricopeptide (PPR) repeat-containing,,,,
856,VIT_04s0008g03460,15,0.0073,Histidine kinase 1 AHK3,AHK3,,vv30007Cytokinin_signaling,
857,VIT_09s0018g00670,15,0.0072,HcrVf1 protein,,,,
858,VIT_12s0028g02810,15,0.0072,Isoflavone methyltransferase/ Orcinol O-methyltransferase 1 oomt1,E2_1_1_46,,vv10943Isoflavonoid_biosynthesis,
859,VIT_08s0007g01180,15,0.0072,S-receptor kinase,,,,
860,VIT_19s0015g00340,15,0.0072,Unknown protein,,,,
861,VIT_05s0020g03100,15,0.0072,Sugar transport protein 8 (STP8),STP8,,vv50121Porters_cat_1_to_6,
862,VIT_05s0062g00620,14,0.0068,Unknown,,,,
863,VIT_03s0132g00230,14,0.0068,Methylmalonate semi-aldehyde dehydrogenase,E1_2_1_27,,vv10280Valine_leucine_and_isoleucine_degradation,vv10640Propanoate_metabolism
864,VIT_19s0090g00890,13,0.0063,No hit,,,,
865,VIT_00s0612g00010,13,0.0063,Phospholipase/carboxylesterase,E3_1_1_1,,,
866,VIT_18s0117g00340,13,0.0063,TCP family transcription factor TCP14,TCP14_2,,vv60061TCP,
867,VIT_13s0067g00350,13,0.0063,U-box domain-containing protein 34,,,,
868,VIT_04s0008g06070,13,0.0063,Aberrant root formation protein 4 ALF4,,,,
869,VIT_14s0083g00070,13,0.0063,Acclimation of photosynthesis to environment,,,,
870,VIT_08s0007g00230,13,0.0063,No hit,,,,
871,VIT_03s0017g01850,13,0.0063,No hit,,,,
872,VIT_11s0037g01360,13,0.0063,NADH dehydrogenase subunit 4,K03881,,vv10190Oxidative_phosphorylation,vv50134Primary_active_transporter_cat_D1
873,VIT_12s0142g00390,13,0.0062,HAT-like transposase,,,,
874,VIT_13s0067g03750,12,0.0058,Stigma/style ABC transporter WBC19,WBC19,,vv52010ABC_transporters,
875,VIT_19s0176g00090,12,0.0058,Agenet domain-containing protein,,,,
876,VIT_19s0027g00360,12,0.0058,CYP716A2,,,,
877,VIT_19s0093g00440,12,0.0058,3-ketoacyl-CoA synthase,,,,
878,VIT_17s0000g07660,12,0.0058,Betaine-aldehyde dehydrogenase,E1_2_1_8,,vv10260Glycine_serine_and_threonine_metabolism,vv50101Channels_and_pores
879,VIT_04s0043g00860,12,0.0058,Unknown protein,,,,
880,VIT_08s0040g03130,12,0.0058,Unknown protein,,,,
881,VIT_10s0092g00420,12,0.0058,No hit,,,,
882,VIT_13s0067g02360,12,0.0058,Peroxidase  class III,E1_11_1_7,,vv10360Phenylalanine_metabolism,vv10680Methane_metabolism
883,VIT_14s0006g00360,11,0.0053,No hit,,,,
884,VIT_12s0055g00790,11,0.0053,Clathrin assembly protein 3,CAP3,,vv50110Protein_coat,
885,VIT_07s0005g05350,10,0.0049,Unknown,,,,
886,VIT_17s0000g08000,10,0.0049,Ribonuclease III,E3_1_26_3,,,
887,VIT_11s0037g00670,10,0.0049,Receptor protein kinase,,,,
888,VIT_12s0034g02130,10,0.0049,Serine carboxypeptidase precursor,,,,
889,VIT_11s0052g00140,10,0.0049,Mannosyl-oligosaccharide 1 2-alpha-mannosidase,E3_2_1_113,,vv10510N-Glycan_biosynthesis,vv11030Glycan_structures-biosynthesis1
890,VIT_09s0002g05380,10,0.0048,ABC transporter g family pleiotropic drug resistance 12 PDR12,ABCGPDR12,,vv52010ABC_transporters,
891,VIT_17s0000g09160,10,0.0048,ferric reduction oxidase 8 FRO8,E1_16_1_7,,vv10860Porphyrin_and_chlorophyll_metabolism,vv50105Transport_electron_carriers
892,VIT_07s0005g06600,10,0.0048,Unknown protein,,,,
893,VIT_19s0015g01840,10,0.0048,Hydrolase,,,,
894,VIT_13s0067g03890,10,0.0048,Beta-ketoacyl-CoA synthase,E2_3_1_41,,vv10061Fatty_acid_biosynthesis,
895,VIT_01s0146g00010,10,0.0048,Calreticulin,K08057,,vv24141Protein_processing_in_endoplasmic_reticulum,vv44145Phagosome
896,VIT_10s0116g01880,10,0.0048,MATE efflux family protein,MATE,,vv50125Porters_cat_66_to_94,
897,VIT_18s0001g12330,9,0.0044,No hit,,,,
898,VIT_03s0063g00110,9,0.0044,Cyclin delta-3,CYCD3,,vv30007Cytokinin_signaling,vv44110Cell_cycle
899,VIT_02s0025g01690,9,0.0044,Unknown protein,,,,
900,VIT_07s0005g00380,9,0.0044,Glycosyl hydrolase family 1 protein,,,,
901,VIT_00s0199g00290,9,0.0044,No hit,,,,
902,VIT_16s0148g00320,9,0.0044,Ser/Thr receptor-like kinase1,,,,
903,VIT_09s0002g06750,9,0.0044,ERF/AP2 transcription factor sub B-6 SHINE,SHINE1_1,VvERF042,vv30008Ethylene_signaling,vv60003AP2_EREBP
904,VIT_06s0009g03710,9,0.0044,No hit,,,,
905,VIT_12s0035g01080,9,0.0044,Carotenoid isomerase 1  chloroplast precursor,K09835,,vv10906Carotenoid_biosynthesis,
906,VIT_06s0080g00570,9,0.0044,Unknown protein,,,,
907,VIT_12s0034g00450,9,0.0044,No hit,,,,
908,VIT_01s0026g01340,9,0.0044,Glutathione S-transferase 29 GSTU18,E2_5_1_18_GSTU18,,vv10480Glutathione_metabolism,
909,VIT_01s0011g04530,9,0.0044,Tetratricopeptide repeat protein 5,,,,
910,VIT_03s0038g04680,9,0.0044,Isoflavone reductase Bet v 6.0101,E1_3_1_45,,vv10943Isoflavonoid_biosynthesis,
911,VIT_19s0027g01560,9,0.0044,No hit,,,,
912,VIT_05s0049g01810,9,0.0044,No hit,,,,
913,VIT_07s0005g01150,9,0.0043,CTP synthase,E6_3_4_2,,vv10240Pyrimidine_metabolism,
914,VIT_04s0008g03990,9,0.0043,Unknown,,,,
915,VIT_10s0092g00200,9,0.0043,Drug/metabolite transporter DMT family transporter,DMT,,vv50122Porters_cat_7_to_17,
916,VIT_05s0136g00140,9,0.0043,AarF domain containing kinase,K08869,,,
917,VIT_19s0014g03820,9,0.0043,Myb domain protein 102,MYB102_2,MYB145,vv60044MYB,
918,VIT_03s0038g04630,9,0.0043,Isoflavone reductase related protein,E1_3_1_45,,vv10943Isoflavonoid_biosynthesis,
919,VIT_18s0001g03760,9,0.0043,Holocarboxylase synthetase 1 (HCS1),E6_3_4_9,,vv10780Biotin_metabolism,
920,VIT_13s0147g00070<br>VIT_16s0050g00330<br>VIT_06s0009g01950<br>VIT_00s0574g00020,9,0.0043,
921,VIT_18s0041g00020,9,0.0043,Wall-associated receptor kinase 2,,,,
922,VIT_16s0115g00040,9,0.0043,Glucose-6-phosphate isomerase,E5_3_1_9,,vv10010Glycolysis,vv10030Pentose_phosphate
923,VIT_15s0107g00390,8,0.0039,5'-adenylylsulfate reductase (APR3),E1_8_4_8,,vv10920Sulfur_metabolism,
924,VIT_01s0011g03870,7,0.0034,Delta7 sterol C-5 desaturase,K00258,,vv10902Monoterpenoid_biosynthesis,
925,VIT_00s0484g00030,7,0.0034,ARK3 (Arabidopsis Receptor Kinase 3),,,,
926,VIT_00s1674g00010,7,0.0034,4-nitrophenylphosphatase,E3_1_3_18,,vv10630Glyoxylate_and_dicarboxylate_metabolism,
927,VIT_16s0013g02000,7,0.0034,Nuclear division RFT1,RFT1,,vv50125Porters_cat_66_to_94,
928,VIT_07s0031g01550,7,0.0034,No hit,,,,
929,VIT_18s0001g00650,6,0.0029,No hit,,,,
930,VIT_15s0046g03040,6,0.0029,Cofilin,K05765,,vv44810Regulation_of_actin_cytoskeleton,
931,VIT_09s0002g06250,6,0.0029,No hit,,,,
932,VIT_17s0000g09970,6,0.0029,Endonuclease,E3_1_30_x,,,
933,VIT_04s0079g00610,6,0.0029,Early nodulin ENOD18 protein,,,,
934,VIT_02s0087g00840,6,0.0029,ABC transporter G member 3,K05682,,vv52010ABC_transporters,
935,VIT_13s0064g00170,6,0.0029,Ribosomal protein L1,K02863,,vv23010Ribosome,
936,VIT_00s0517g00010,6,0.0029,Unknown,,,,
937,VIT_01s0137g00200,6,0.0029,Unknown protein,,,,
938,VIT_12s0059g02390,6,0.0029,Legumin,,,,
939,VIT_03s0038g02910,6,0.0029,F-box family protein,,,,
940,VIT_06s0004g02280,6,0.0029,Translocation protein SEC62,K12275,,vv23060Protein_export,vv24141Protein_processing_in_endoplasmic_reticulum
941,VIT_14s0108g00440,6,0.0029,Tubulin alpha,K07374,,vv44145Phagosome,vv44810Regulation_of_actin_cytoskeleton
942,VIT_01s0182g00130,6,0.0029,PHO1-like protein,PHO1,,vv50125Porters_cat_66_to_94,
943,VIT_08s0032g00580,6,0.0029,No hit,,,,
944,VIT_04s0008g05060,6,0.0029,C-5 cytosine-specific DNA methylase,E2_1_1_37,,vv10271Methionine_metabolism,
945,VIT_14s0171g00400,6,0.0029,Lysine histidine transporter 1,LHT1,,vv50123Porters_cat_18_to_29,
946,VIT_08s0007g01060,6,0.0029,Delta 1-pyrroline-5-carboxylate synthetase (P5CS),E1_5_1_2,,vv10330Arginine_and_proline_metabolism,
947,VIT_11s0037g00030,6,0.0029,Unknown protein,,,,
948,VIT_19s0090g00470,6,0.0029,Oxidoreductase,,,,
949,VIT_12s0034g00250,6,0.0029,Aquaporin PIP1A,PIP1A,,vv50101Channels_and_pores,
950,VIT_00s0455g00050,6,0.0029,R protein  PRF  disease resistance protein,K13453,,vv34627R_proteins_from_Plant-pathogen_interaction,
951,VIT_16s0039g00940,6,0.0029,DNA binding,,,,
952,VIT_03s0017g00920,6,0.0029,R protein  PRF  disease resistance protein,K13453,,vv34627R_proteins_from_Plant-pathogen_interaction,
953,VIT_16s0050g00750,6,0.0029,Short-chain dehydrogenase/reductase,,,,
954,VIT_07s0031g01720,6,0.0029,Ras-related protein Rab-7A,K07897,,vv44145Phagosome,
955,VIT_09s0054g00300,6,0.0029,Disease resistance,,,,
956,VIT_12s0028g01850,6,0.0029,Receptor kinase TRKe,,,,
957,VIT_02s0012g00370,6,0.0029,No hit,,,,
958,VIT_17s0053g00160,6,0.0029,Apyrase,E3_6_1_5,,vv10230Purine_metabolism,vv10240Pyrimidine_metabolism
959,VIT_19s0015g01680,6,0.0029,Unknown protein,,,,
960,VIT_05s0102g01040,6,0.0029,R protein  PRF  disease resistance protein,K13453,,vv34627R_proteins_from_Plant-pathogen_interaction,
961,VIT_15s0046g01520,6,0.0029,No hit,,,,
962,VIT_18s0086g00430,6,0.0029,Yip1 domain   member 2,YIP1,,vv50110Protein_coat,
963,VIT_10s0116g01620,6,0.0029,Lyase,,,,
964,VIT_04s0023g00270,6,0.0029,CBS domain-containing protein,,,,
965,VIT_16s0013g00080,6,0.0029,Asparaginyl-tRNA synthetase  cytoplasmic 1,E6_1_1_22,,vv10252Alanine_and_aspartate_metabolism,vv20970Aminoacyl-tRNA_biosynthesis
966,VIT_05s0049g01300,6,0.0029,No hit,,,,
967,VIT_03s0063g01180,6,0.0029,Gibberellin 20 oxidase 2,E1_14_11_12,,vv10904Diterpenoid_biosynthesis,
968,VIT_13s0074g00800,6,0.0029,CCHC-type integrase,,,,
969,VIT_11s0206g00140,6,0.0029,Glycerophosphodiester phosphodiesterase,E3_1_4_46,,vv10564Glycerophospholipid_metabolism,
970,VIT_18s0001g09980,6,0.0029,Unknown protein,,,,
971,VIT_18s0001g14610,6,0.0029,Clavata1 receptor kinase (CLV1),,,,
972,VIT_12s0034g02400,6,0.0029,R protein MLA10,K13475,,vv34627R_proteins_from_Plant-pathogen_interaction,
973,VIT_07s0095g00430,6,0.0029,Heat shock cognate 70 kDa protein 2 (HSC70-2),HSC702,,vv23040Spliceosome,vv24141Protein_processing_in_endoplasmic_reticulum
974,VIT_06s0009g03150,6,0.0029,Calcium-dependent protein kinase 17 CPK17,CPK17,,vv34626Plant-pathogen_interaction,
975,VIT_01s0146g00460,6,0.0029,No hit,,,,
976,VIT_12s0028g02730,5,0.0024,AarF domain-containing kinase ABC1,K08869,,,
977,VIT_08s0007g07800,4,0.0020,RAB GTPase RABA4D,K07976,,,
978,VIT_11s0206g00130,4,0.0019,VAMP-like protein YKT61,K08516,,vv24130SNARE_interactions_in_vesicular_transport,
979,VIT_02s0025g02250,4,0.0019,Dof zinc finger protein DOF4.6,DOF4_6_2,,vv60015C2C2-DOF,
980,VIT_06s0004g00680,4,0.0019,Unknown protein,,,,
981,VIT_01s0011g02330,4,0.0019,Unknown protein,,,,
982,VIT_11s0016g05850,4,0.0019,Vesicle-associated membrane protein 7C,K08515,,vv24130SNARE_interactions_in_vesicular_transport,vv50101Channels_and_pores
983,VIT_09s0002g08440,4,0.0019,No hit,,,,
984,VIT_13s0067g00920,4,0.0019,Nuclear transcription factor  X-box binding 1,NFXL1_3,,vv60080Other_zf,
985,VIT_15s0046g03240,4,0.0019,Unknown protein,,,,
986,VIT_07s0141g00620,3,0.0015,Bile acid:sodium symporter,K03453,,vv50123Porters_cat_18_to_29,
987,VIT_03s0017g00780,3,0.0015,Disease resistance protein (TIR-NBS-LRR class),,,,
988,VIT_04s0008g06020,3,0.0015,Homogentisate geranylgeranyl transferase [Vitis vinifera],K09833,,vv10100Biosynthesis_of_steroids,
989,VIT_15s0021g01190,3,0.0015,RAPTOR2,K07204,,vv34150mTOR_signaling_pathway,
990,VIT_02s0033g01020,3,0.0015,Anthraniloyal-CoA: methanol anthraniloyal transferase,AMAT,,vv10400Phenylalanine_tyrosine_and_tryptophan_biosynthesis,
991,VIT_14s0068g00280,3,0.0015,Unknown protein,,,,
992,VIT_07s0104g01400,3,0.0015,Glutaredoxin,,,,
993,VIT_01s0010g03240,3,0.0015,Translation initiation factor 3 subunit K,EIF3K,,vv23013RNA_transport,
994,VIT_08s0105g00340,3,0.0015,NLI interacting factor (NIF),NIF,,vv50132Primary_active_transporter_cat_A5_to_A8,
995,VIT_03s0038g04620,3,0.0015,Isoflavone reductase,E1_3_1_45,,vv10943Isoflavonoid_biosynthesis,
996,VIT_05s0049g00160,3,0.0015,IBR10 (indole-3-butyric acid response 10); catalytic/ dodecenoyl-CoA delta-isomerase [Arabidopsis thaliana],E5_3_3_8,,,
997,VIT_13s0064g01040,3,0.0015,No hit,,,,
998,VIT_12s0057g00890,3,0.0015,Glycosyl hydrolase family 17 protein,,,,
999,VIT_00s0286g00130,3,0.0015,S-locus lectin protein kinase,,,,
1000,VIT_02s0025g01700,3,0.0015,RNA polymerase II transcriptional coactivator KELP,KELP_1,,vv60081COAP15,
1001,VIT_19s0015g02050,3,0.0015,CYP72A15,K13400,,vv10902Monoterpenoid_biosynthesis,
1002,VIT_01s0010g00140,3,0.0015,No hit,,,,
1003,VIT_18s0001g00630,3,0.0015,No hit,,,,
1004,VIT_05s0062g01080,3,0.0015,Translation initiation factor eIF-3 subunit 8,K03252,,vv23013RNA_transport,
1005,VIT_19s0085g00150,3,0.0015,Receptor Like Protein 26,,,,
1006,VIT_18s0122g01270,3,0.0015,Protein kinase APK1B,,,,
1007,VIT_07s0005g01640,3,0.0015,feronia receptor-like kinase,,,,
1008,VIT_00s0207g00070,3,0.0015,HAD-superfamily hydrolase  subfamily IIA,K07025,,,
1009,VIT_12s0059g01210,3,0.0015,RNA-binding protein,,,,
1010,VIT_18s0001g01360,3,0.0015,Toprim domain-containing protein,,,,
1011,VIT_14s0066g02680,3,0.0015,Leucine-rich repeat protein kinase,,,,
1012,VIT_03s0038g02330,3,0.0015,CLB1 protein,,,,
1013,VIT_03s0097g00550,3,0.0015,DNA polymerase V,K02331,,vv23030DNA_replication,
1014,VIT_04s0008g05650,3,0.0015,Vesicle-associated membrane protein 7,K08515,,vv24130SNARE_interactions_in_vesicular_transport,vv50101Channels_and_pores
1015,VIT_05s0020g01690,3,0.0015,Receptor protein kinase,,,,
1016,VIT_16s0022g01440,3,0.0015,Transketolase  chloroplast precursor,E2_2_1_1,,vv10030Pentose_phosphate,vv10710Carbon_fixation
1017,VIT_15s0045g01290,3,0.0015,VAMP714 (Vesicle-associated membrane protein 714),K08515,,vv24130SNARE_interactions_in_vesicular_transport,
1018,VIT_01s0026g00990,3,0.0015,Pyruvate dehydrogenase E1 component alpha subunit,E1_2_4_1_IAR4,,vv10010Glycolysis,vv10252Alanine_and_aspartate_metabolism
1019,VIT_14s0036g00610,3,0.0015,Ethylene-induced calmodulin-binding protein B,EICBPB_1,,vv30008Ethylene_signaling,vv30011Jasmonate_signaling
1020,VIT_10s0092g00510,3,0.0015,CYP71D10p,E1_14_13_73,,vv10902Monoterpenoid_biosynthesis,
1021,VIT_19s0085g00670,3,0.0015,No hit,,,,
1022,VIT_13s0067g02200,3,0.0015,CTV.22,,,,
1023,VIT_07s0005g02750,3,0.0015,Pectinesterase family,E3_1_1_11,,vv40006Cell_wall,
1024,VIT_18s0001g06980,3,0.0015,Pentatricopeptide repeat-containing protein,,,,
1025,VIT_10s0092g00260,3,0.0015,Alpha-glucosidase 1 (AGLU1),E3_2_1_20,,vv10052Galactose_metabolism,vv10500Starch_and_sucrose_metabolism
1026,VIT_06s0061g00340,3,0.0015,Cell division control protein 48 homolog E,K13525_E,,vv24141Protein_processing_in_endoplasmic_reticulum,vv44110Cell_cycle
1027,VIT_19s0014g04510,3,0.0015,S-locus protein kinase,,,,
1028,VIT_04s0008g05070,3,0.0015,Pentatricopeptide (PPR) repeat-containing,,,,
1029,VIT_01s0026g01170,3,0.0015,Unknown,,,,
1030,VIT_05s0049g00570,3,0.0015,Unknown,,,,
1031,VIT_09s0054g00080,3,0.0015,Hcr2-p2,,,,
1032,VIT_04s0023g01020,3,0.0015,BEL1 homeobox 2 protein (BLH2) (SAWTOOTH 1),BLH2_1,VvHB17,vv60034HB,
1033,VIT_01s0244g00130,3,0.0015,Inducer of CBF expression 1 ICE1,ICE1_2,,vv60011BHLH,
1034,VIT_03s0180g00250,3,0.0015,Cinnamyl alcohol dehydrogenase,E1_1_1_195,,vv10940Phenylpropanoid_biosynthesis,
1035,VIT_04s0023g02790,3,0.0014,Dehydration-responsive protein,,,,
1036,VIT_02s0025g03950,3,0.0014,DEAD box RNA helicase,DEADBOX,,vv23040Spliceosome,vv50133Primary_active_transporter_cat_A9_to_A18
1037,VIT_11s0016g04960,3,0.0014,Aspartate-glutamate racemase,E5_1_1_13,,vv10252Alanine_and_aspartate_metabolism,
1038,VIT_13s0019g03690,3,0.0014,fertility restorer salt-inducible,,,,
1039,VIT_09s0002g02200,3,0.0014,Root hair defective 3 GTP-binding (RHD3),,,,
1040,VIT_12s0028g00460,3,0.0014,Tobamovirus multiplication 1 homolog 2,,,,
1041,VIT_00s0265g00110,3,0.0014,Lectin-receptor like protein kinase 3,,,,
1042,VIT_05s0094g00730,3,0.0014,Stearoyl-acyl-carrier protein desaturase,E1_14_19_2,,vv11040Biosynthesis_of_unsaturated_fatty_acids,
1043,VIT_06s0004g06900,3,0.0014,Pyruvate decarboxylase isozyme 1,E4_1_1_1,,vv10010Glycolysis,
1044,VIT_05s0029g01450,3,0.0014,No hit,,,,
1045,VIT_11s0149g00200,3,0.0014,Unknown protein,,,,
1046,VIT_00s0266g00030<br>VIT_00s0271g00020,3,0.0014,
1047,VIT_16s0148g00280,3,0.0014,Receptor kinase homolog LRK10,,,,
1048,VIT_14s0060g01920,3,0.0014,Eukaryotic translation initiation factor SUI1,,,,
1049,VIT_09s0002g06870,3,0.0014,Methyl-CpG-binding domain-containing protein,,,,
1050,VIT_06s0009g03580,3,0.0014,No hit,,,,
1051,VIT_00s0477g00030,3,0.0014,MATE efflux family protein ripening responsive,MATE,,vv50125Porters_cat_66_to_94,
1052,VIT_09s0054g00330,3,0.0014,Mannosyl-oligosaccharide 1 2-alpha-mannosidase,E3_2_1_113,,vv10510N-Glycan_biosynthesis,vv11030Glycan_structures-biosynthesis1
1053,VIT_08s0007g03980,3,0.0014,Pentatricopeptide (PPR) repeat-containing,,,,
1054,VIT_09s0002g09000,3,0.0014,No hit,,,,
1055,VIT_11s0016g02410,3,0.0014,MYB divaricata,DIVARICATA_3,,vv30009Flower_development,vv60044MYB
1056,VIT_05s0094g00630,3,0.0014,Stearoyl-CoA 9-desaturase,E1_14_19_1,,vv11040Biosynthesis_of_unsaturated_fatty_acids,
1057,VIT_17s0000g05620,3,0.0014,Integral membrane HPP family protein,,,,
1058,VIT_05s0124g00590,3,0.0014,No hit,,,,
1059,VIT_19s0015g00460,3,0.0014,TRNA-splicing endonuclease positive effector,,,,
1060,VIT_00s0583g00010,3,0.0014,Transcription initiation factor TFIIH subunit H4,K03144,,vv23022Basal_transcription_factors,vv23420Nucleotide_excision_repair
1061,VIT_17s0000g06100,3,0.0014,Pentatricopeptide (PPR) repeat-containing protein,,,,
1062,VIT_17s0000g02500,3,0.0014,RAB GTPase RABA6B,K07976,,,
1063,VIT_07s0005g00370,3,0.0014,Glycosyl hydrolase family 1 protein,,,,
1064,VIT_17s0000g01560,3,0.0014,Component of oligomeric golgi complex 2,COG2,,vv50111Tethering_factors,
1065,VIT_06s0080g00100,3,0.0014,Eceriferum 4 (CER4),,,,
1066,VIT_06s0009g01410,3,0.0014,No hit,,,,
1067,VIT_13s0067g02010,3,0.0014,No hit,,,,
1068,VIT_02s0025g01610,3,0.0014,Phosphatidylinositol 4-kinase type-II,K13711,,vv10562Inositol_phosphate_metabolism,vv34070Phosphatidylinositol_signaling_system
1069,VIT_04s0008g03940,3,0.0014,BURP domain-containing protein,,,,
1070,VIT_13s0073g00390,3,0.0014,No hit,,,,
1071,VIT_11s0016g01920,3,0.0014,EIF-4A3,K13025,,vv23013RNA_transport,vv23015mRNA_surveillance_pathway
1072,VIT_11s0016g05760,3,0.0014,Unknown protein,,,,
1073,VIT_02s0012g01780,3,0.0014,WD-repeat protein 74,,,,
1074,VIT_18s0001g08980,3,0.0014,Beta-1 4-mannosyltransferase,E2_4_1_142,,vv10510N-Glycan_biosynthesis,vv11030Glycan_structures-biosynthesis1
1075,VIT_08s0007g05360,3,0.0014,Strictosidine synthase,E4_3_3_2,,vv10900Terpenoid_biosynthesis,vv10902Monoterpenoid_biosynthesis
1076,VIT_03s0038g03420,3,0.0014,Cytokinin riboside 5'-monophosphate phosphoribohydrolase LOG5,LOG5,,vv10908Zeatin_biosynthesis,
1077,VIT_10s0003g04290,3,0.0014,Myosin heavy chain,MYOSINHC,,vv44810Regulation_of_actin_cytoskeleton,
1078,VIT_18s0001g10330,3,0.0014,Subtilisin protease,ARA12,,vv50101Channels_and_pores,
1079,VIT_13s0019g01270,3,0.0014,Phytoene synthase,E2_5_1_32,,vv10100Biosynthesis_of_steroids,vv10900Terpenoid_biosynthesis
1080,VIT_18s0089g01190,3,0.0014,Stage III sporulation protein AA,K06390,,vv50109Incompletely_characterized_transport_systems,
