Vv_m2,2000,1000,VIT_06s0004g01510
rank,node,Fabs,Frel,Functional-annotation,Name-EC-KeggID,Updated-name,Network1,Network2
1,VIT_04s0008g02250,2073,0.9986,Beta-ketoacyl-CoA synthase,E2_3_1_41,,vv10061Fatty_acid_biosynthesis,
2,VIT_08s0058g01230,2068,0.9986,Non-specific lipid-transfer protein,,,,
3,VIT_13s0067g02930,2060,0.9985,Expansin [Vitis labrusca x Vitis vinifera] EXPA8,EXPA8,,vv30003Auxin_signaling,
4,VIT_17s0000g06280,2071,0.9971,Geranylgeranyl reductase,CHLP,,vv10100Biosynthesis_of_steroids,
5,VIT_02s0025g01610,2073,0.9947,Phosphatidylinositol 4-kinase type-II,K13711,,vv10562Inositol_phosphate_metabolism,vv34070Phosphatidylinositol_signaling_system
6,VIT_15s0024g00920,2062,0.9947,NFD4 (nuclear fusion defective 4),,,,
7,VIT_10s0003g01360,2017,0.9758,Cysteine protease,E3_4_22_x,,,
8,VIT_08s0007g08960,2020,0.9749,Ca2+-transporting ATPase type 2 isoform 4,K01537,,vv34020Calcium_signaling_pathway,vv50131Primary_active_transporter_cat_A2_to_A4
9,VIT_05s0051g00590,2015,0.9734,Pectate lyase,E4_2_2_2,,vv40006Cell_wall,
10,VIT_15s0024g00780,2025,0.9726,No hit,,,,
11,VIT_11s0016g04960,2017,0.9725,Aspartate-glutamate racemase,E5_1_1_13,,vv10252Alanine_and_aspartate_metabolism,
12,VIT_01s0011g05850,2010,0.9705,SEC14 cytosolic factor,SEC14,,vv50122Porters_cat_7_to_17,
13,VIT_14s0006g02990,1981,0.9654,3-ketoacyl-CoA synthase,,,,
14,VIT_10s0116g01150,1991,0.9628,Unknown,,,,
15,VIT_15s0024g00910,1974,0.9513,NFD4 (nuclear fusion defective 4),,,,
16,VIT_16s0039g00010,1957,0.9468,ABC transporter G member 7,ABCG7,,vv52010ABC_transporters,
17,VIT_17s0000g08990,1950,0.9466,Alliinase,E4_4_1_4,,vv10272Cysteine_metabolism,
18,VIT_12s0059g00750,1939,0.9422,Prephenate dehydratase,E4_2_1_51,,vv10400Phenylalanine_tyrosine_and_tryptophan_biosynthesis,
19,VIT_05s0020g03040,1949,0.9420,Unknown,,,,
20,VIT_02s0087g00640,1934,0.9379,Unknown,,,,
21,VIT_15s0048g00640,1929,0.9378,L-lactate dehydrogenase,E1_1_1_27,,vv10010Glycolysis,vv10272Cysteine_metabolism
22,VIT_13s0067g02420,1923,0.9335,No hit,,,,
23,VIT_01s0137g00740,1935,0.9334,Unknown protein,,,,
24,VIT_12s0142g00240,1914,0.9287,PDF1 (protodermal factor1),PDF1_1,,,
25,VIT_06s0004g03490,1921,0.9271,Nuclear transcription factor Y subunit B related,NFYBREL_5,,vv60021CCAAT,
26,VIT_04s0023g02810,1914,0.9237,Aldehyde dehydrogenase 3B1,E1_2_1_3,vv10561Glycerolipid_metabolism,vv10010Glycolysis,vv10071Fatty_acid_metabolism
27,VIT_14s0108g00190,1898,0.9134,Aldose 1-epimerase,E5_1_3_3,,vv10010Glycolysis,
28,VIT_04s0008g03930,1874,0.9102,RD22,,,,
29,VIT_01s0010g00240,1896,0.9076,CTP-synthetase,E6_3_4_2,,vv10240Pyrimidine_metabolism,
30,VIT_07s0031g00340,1878,0.9055,F-box domain containing protein,,,,
31,VIT_00s0227g00190,1863,0.8987,Phosphoglucomutase/phosphomannomutase C terminal,E5_4_2_2,,vv10010Glycolysis,vv10030Pentose_phosphate
32,VIT_13s0067g03890,1813,0.8801,Beta-ketoacyl-CoA synthase,E2_3_1_41,,vv10061Fatty_acid_biosynthesis,
33,VIT_14s0030g01950,1815,0.8798,Transferase,,,,
34,VIT_13s0019g00390,1819,0.8787,F-box family protein,,,,
35,VIT_11s0037g01400,1815,0.8764,Zinc finger (C3HC4-type ring finger),ZFC3HC4_80,,vv60078Other_zf-C3HC4,
36,VIT_09s0002g05350,1798,0.8732,2-oxoglutarate-dependent dioxygenase,,,,
37,VIT_07s0031g00850,1801,0.8709,Patatin,,,,
38,VIT_12s0059g01060,1801,0.8696,Hydroperoxide lyase (HPL1),K10528,,vv10592alpha-Linolenic_acid_metabolism,
39,VIT_02s0025g03640,1793,0.8666,Cu2+-exporting ATPase HMA5 (heavy metal ATPase 5),K01533_HMA5,,vv50131Primary_active_transporter_cat_A2_to_A4,
40,VIT_06s0004g01520,1790,0.8664,Pentatricopeptide (PPR) repeat-containing,,,,
41,VIT_07s0191g00220,1772,0.8640,Unknown protein,,,,
42,VIT_14s0030g01700,1780,0.8603,Unknown,,,,
43,VIT_04s0023g02880,1782,0.8596,GATA transcription factor 14,GAT14,,vv60016C2C2-GATA,
44,VIT_04s0008g03200,1773,0.8565,Lachrymatory factor synthase,,,,
45,VIT_05s0020g02390,1774,0.8554,Clathrin-adaptor medium chain apm3,AP3M2,,vv50110Protein_coat,
46,VIT_15s0046g01290,1760,0.8540,Carrier protein  Mitochondrial,K03454,,vv50123Porters_cat_18_to_29,
47,VIT_10s0003g03730,1773,0.8532,Kelch repeat-containing F-box protein,,,,
48,VIT_14s0066g02590,1753,0.8518,Nitrate transporter NRT1-5,POT,,vv50122Porters_cat_7_to_17,
49,VIT_11s0016g00760,1757,0.8496,Ubiquinone biosynthesis protein COQ9,,,,
50,VIT_06s0004g08300,1751,0.8496,Zinc finger (C3HC4-type ring finger),ZFC3HC4_56,,vv60078Other_zf-C3HC4,
51,VIT_07s0005g05260<br>VIT_07s0005g05230,1765,0.8490,
52,VIT_01s0026g00180,1759,0.8481,Serine/threonine kinase protein,,,,
53,VIT_00s0265g00050,1724,0.8341,1 3-beta-glucan synthase,E2_4_1_34,,vv10500Starch_and_sucrose_metabolism,
54,VIT_17s0000g04790,1733,0.8332,BIM1 (BES1-interacting Myc-like protein 1),BIM1,,vv30005Brassinosteroids_signaling,vv60011BHLH
55,VIT_08s0040g02280,1719,0.8320,Phosphatidic acid phosphatase / PAP2,E3_1_3_4,,vv10561Glycerolipid_metabolism,vv10564Glycerophospholipid_metabolism
56,VIT_05s0077g00750,1723,0.8280,Basic helix-loop-helix (bHLH) family,BHLHDOM_34,,vv60011BHLH,
57,VIT_07s0005g03720,1709,0.8248,VPS2.3 SNF7,VPS2_3,,vv50111Tethering_factors,
58,VIT_14s0030g00670,1706,0.8242,Dehydroquinate dehydratase,E4_2_1_10,,vv10400Phenylalanine_tyrosine_and_tryptophan_biosynthesis,
59,VIT_15s0021g01690,1696,0.8233,Calcium-binding protein,,,,
60,VIT_06s0009g03550,1703,0.8227,Regulator of chromosome condensation (RCC1),RCC1,,vv50112Nuclear_pore_complex,
61,VIT_11s0016g03500,1677,0.8078,Unknown protein,,,,
62,VIT_07s0005g05180,1661,0.8032,No hit,,,,
63,VIT_02s0025g04410,1654,0.8014,Beta-ketoacyl-CoA synthase,E2_3_1_41,,vv10061Fatty_acid_biosynthesis,
64,VIT_11s0016g04410,1657,0.8009,Unknown protein,,,,
65,VIT_07s0005g01790,1649,0.7985,Acyl-CoA synthetase long-chain member 2,E6_2_1_3_LACS2,,vv10071Fatty_acid_metabolism,vv44146Peroxisome
66,VIT_18s0001g03760,1652,0.7981,Holocarboxylase synthetase 1 (HCS1),E6_3_4_9,,vv10780Biotin_metabolism,
67,VIT_19s0093g00400,1656,0.7950,Glutathione S-transferase 25 GSTU25,E2_5_1_18_GSTU25,,vv10480Glutathione_metabolism,
68,VIT_11s0118g00520,1646,0.7940,Unknown,,,,
69,VIT_06s0061g00230,1644,0.7919,ABC transporter G member 7,ABCG7,,vv52010ABC_transporters,
70,VIT_19s0015g00290,1626,0.7893,No hit,,,,
71,VIT_12s0057g00260,1626,0.7855,External rotenone-insensitive NADPH dehydrogenase,K03885,,vv10190Oxidative_phosphorylation,vv50134Primary_active_transporter_cat_D1
72,VIT_06s0004g07120,1610,0.7827,Gamma interferon responsive lysosomal thiol reductase family protein,,,,
73,VIT_00s0286g00130,1627,0.7807,S-locus lectin protein kinase,,,,
74,VIT_11s0016g04720,1614,0.7797,Blight-associated protein p12 precursor,,,,
75,VIT_19s0093g00370,1612,0.7765,Glutathione S-transferase 22 GSTU22,E2_5_1_18_GSTU22,,vv10480Glutathione_metabolism,
76,VIT_08s0058g01210,1598,0.7731,Non-specific lipid transfer protein LTP1,LTP1,,,
77,VIT_06s0080g00570,1586,0.7718,Unknown protein,,,,
78,VIT_02s0025g04550,1596,0.7718,Glucose-methanol-choline (GMC) oxidoreductase,E1_1_99_1,,vv10260Glycine_serine_and_threonine_metabolism,
79,VIT_14s0108g00550,1582,0.7668,No hit,,,,
80,VIT_03s0088g01150,1595,0.7668,Squalene monooxygenase,E1_14_99_7,,vv10100Biosynthesis_of_steroids,vv10900Terpenoid_biosynthesis
81,VIT_08s0007g05550,1579,0.7665,Protein kinase,,,,
82,VIT_14s0068g00360,1588,0.7646,LNG1 (LONGIFOLIA1),,,,
83,VIT_07s0130g00030,1574,0.7641,Proteinase inhibitor se60,,,,
84,VIT_03s0038g02310,1586,0.7625,Myb domain protein 4,MYB4_6,MYB4A,vv60044MYB,
85,VIT_14s0066g00890,1580,0.7618,Cytochrome c oxidase subunit Vc,COX5C,,vv10190Oxidative_phosphorylation,
86,VIT_11s0118g00530,1573,0.7603,Unknown,,,,
87,VIT_19s0027g00120,1557,0.7486,No hit,,,,
88,VIT_19s0085g00830,1519,0.7424,Ent-kaurene synthase,E5_5_1_13,,vv10904Diterpenoid_biosynthesis,
89,VIT_00s0228g00070<br>VIT_00s0228g00010<br>VIT_00s0411g00050,1540,0.7407,
90,VIT_04s0023g00580,1528,0.7382,Auxin-responsive SAUR32,SAUR32,,vv30003Auxin_signaling,
91,VIT_04s0008g06410,1527,0.7380,No hit,,,,
92,VIT_18s0001g02790,1518,0.7344,Unknown protein,,,,
93,VIT_03s0038g02860,1520,0.7332,Amino acid permease,AAPREL,,vv50123Porters_cat_18_to_29,
94,VIT_16s0098g00790,1499,0.7277,Copper-binding family protein,,,,
95,VIT_15s0046g01280,1517,0.7276,JAR1-like protein,JAR1,,vv30011Jasmonate_signaling,
96,VIT_09s0002g05530,1488,0.7199,ABC transporter g family pleiotropic drug resistance 12 PDR12,ABCGPDR12,,vv52010ABC_transporters,
97,VIT_09s0002g01850,1477,0.7139,HAB1 (homology toABI1),HAB1,,vv30001ABA_signaling,
98,VIT_01s0026g00730,1456,0.7054,Unknown protein,,,,
99,VIT_03s0017g00920,1459,0.7038,R protein  PRF  disease resistance protein,K13453,,vv34627R_proteins_from_Plant-pathogen_interaction,
100,VIT_11s0016g05100,1444,0.6996,Unknown protein,,,,
101,VIT_06s0004g07460,1443,0.6974,Unknown protein,,,,
102,VIT_04s0008g04000,1436,0.6944,Dehydration-responsive protein (RD22),RD22,,,
103,VIT_03s0132g00280,1434,0.6924,Unknown protein,,,,
104,VIT_03s0038g03920,1414,0.6894,Glutamate receptor 2 GLUR2,GLUR2,,vv50101Channels_and_pores,
105,VIT_07s0005g00890,1422,0.6870,Polygalacturonase GH28,E3_2_1_15,,vv40006Cell_wall,
106,VIT_06s0004g07970,1416,0.6867,Alpha-expansin 10 precursor,EXPA10,,vv30003Auxin_signaling,
107,VIT_13s0156g00440,1415,0.6862,R protein disease resistance protein,RPROT,,vv34627R_proteins_from_Plant-pathogen_interaction,
108,VIT_03s0088g00070,1399,0.6808,No hit,,,,
109,VIT_02s0012g01660,1398,0.6800,ATPase PGP2 (P-glycoprotein 2),PGP2,,vv52010ABC_transporters,
110,VIT_06s0080g00170,1414,0.6792,Aluminium-tolerance ALMT1,ALMT1,,vv50125Porters_cat_66_to_94,
111,VIT_08s0040g01590,1405,0.6755,OTU-like cysteine protease Ovarian tumour  otubain,,,,
112,VIT_09s0002g07920,1377,0.6668,Vacuolar proton-inorganic pyrophosphatase,K01507,,vv10190Oxidative_phosphorylation,vv50133Primary_active_transporter_cat_A9_to_A18
113,VIT_14s0068g00400,1380,0.6663,Hydrolase  alpha/beta fold family,,,,
114,VIT_10s0003g04180,1374,0.6644,Early-responsive to dehydration stress protein (ERD4),,,,
115,VIT_05s0077g01210,1373,0.6630,Dihydrolipoyl dehydrogenase,E1_8_1_4,,vv10010Glycolysis,vv10020Citrate_cycle
116,VIT_13s0106g00440,1372,0.6615,Carboxylic ester hydrolase,E3_1_1_1,,,
117,VIT_10s0116g00360,1367,0.6601,Pyrophosphate-dependent phosphofructokinase beta subunit,E2_7_1_11,,vv10010Glycolysis,vv10030Pentose_phosphate
118,VIT_18s0089g00670,1352,0.6573,No hit,,,,
119,VIT_03s0017g02350,1364,0.6561,Naringenin 3-dioxygenase,E1_14_11_9,,vv10941Flavonoid_biosynthesis,
120,VIT_00s0286g00020,1347,0.6514,Curculin (mannose-binding) lectin,,,,
121,VIT_07s0031g00940,1335,0.6493,Sulfate transporter 2.1 (AST68),AST68,,vv50124Porters_cat_30_to_64,
122,VIT_18s0001g12000,1335,0.6434,Geranylgeranyl pyrophosphate synthetase 1  chloroplast precursor,E2_5_1_29,,vv10100Biosynthesis_of_steroids,vv10900Terpenoid_biosynthesis
123,VIT_15s0024g00770,1334,0.6426,No hit,,,,
124,VIT_03s0063g00700,1325,0.6420,CXE carboxylesterase,E3_1_1_1,,,
125,VIT_06s0004g00020,1317,0.6341,NAC domain containing protein 32,NAC032,VvNAC44,vv60046NAC,
126,VIT_15s0046g00480,1304,0.6293,Wax synthase,E2_3_1_75,,vv11000Single_reactions,
127,VIT_04s0023g01650,1298,0.6274,Succinate dehydrogenase flavoprotein subunit precursor,K00234,,vv10020Citrate_cycle,vv10190Oxidative_phosphorylation
128,VIT_15s0046g00490,1309,0.6263,Wax synthase,E2_3_1_75,,vv11000Single_reactions,
129,VIT_05s0062g01270,1289,0.6239,Cyclo-DOPA 5-O-glucosyltransferase,CD5OGT,,vv10350Tyrosine_metabolism,
130,VIT_06s0004g07070,1291,0.6231,Protein kinase,,,,
131,VIT_00s0259g00110,1277,0.6172,ATFP3 (Arabidopsis thaliana farnesylated protein 3,VVFP3,,,
132,VIT_10s0003g05600,1264,0.6139,No hit,,,,
133,VIT_14s0171g00180,1266,0.6110,Leucine-rich repeat transmembrane protein kinase,,,,
134,VIT_03s0038g00120,1253,0.6091,Gibberellin-regulated protein 4 (GASA4),GASA4,,vv30010Gibberellin_signaling,
135,VIT_13s0074g00390,1274,0.6090,CYP77A2,,,,
136,VIT_13s0074g00100,1253,0.6074,3-phosphoinositide-dependent protein kinase,K06276,,vv34150mTOR_signaling_pathway,
137,VIT_17s0000g04450,1252,0.6066,Phospholipid-transporting ATPase,K01530,,vv50131Primary_active_transporter_cat_A2_to_A4,
138,VIT_01s0011g05440,1248,0.6055,Unknown protein,,,,
139,VIT_03s0038g04510,1239,0.6015,Chaperone BCS1 mitochondrial,K08900,,,
140,VIT_12s0028g02440,1243,0.5999,Unknown protein,,,,
141,VIT_06s0004g01460<br>VIT_06s0004g01450,1240,0.5999,
142,VIT_06s0004g03480,1233,0.5945,No hit,,,,
143,VIT_00s0587g00030,1228,0.5944,CBS domain-containing protein,,,,
144,VIT_04s0023g03690,1226,0.5908,Proteasome 20S alpha subunit D2 (PAD2) (PRS1) (PRC6),K02731a,,vv23050Proteasome,
145,VIT_16s0022g01680,1221,0.5882,Zinc finger (AN1-like),ZFAN1,,vv60077Other_zf-AN1,
146,VIT_18s0122g00660,1209,0.5821,RNA recognition motif (RRM)-containing protein,,,,
147,VIT_14s0068g00870,1198,0.5807,Nudix hydrolase 13,,,,
148,VIT_06s0061g00560,1190,0.5799,Exostosin FRA8 (Fragile fiber8),K02366,,vv11030Glycan_structures-biosynthesis1,
149,VIT_01s0026g02600,1189,0.5797,Myb domain protein 105,MYB105_2,MYB165,vv60044MYB,
150,VIT_06s0004g01470,1197,0.5783,Lipoxygenase LOX1,E1_13_11_12,,vv10592alpha-Linolenic_acid_metabolism,
151,VIT_18s0001g12840,1199,0.5778,ADP-glucose pyrophosphorylase large subunit CagpL2,E2_7_7_27,,vv10500Starch_and_sucrose_metabolism,
152,VIT_14s0108g00740,1187,0.5740,GASA4,GASA4,,vv30010Gibberellin_signaling,
153,VIT_14s0030g01740,1185,0.5733,Zeta-carotene desaturase ZDS1,E1_14_99_30,,vv10906Carotenoid_biosynthesis,
154,VIT_12s0035g02080,1178,0.5713,Unknown protein,,,,
155,VIT_05s0102g00040,1179,0.5679,No hit,,,,
156,VIT_04s0210g00180,1164,0.5634,Isocitrate dehydrogenase subunit 1,E1_1_1_41,,vv10020Citrate_cycle,
157,VIT_15s0048g01270,1163,0.5629,MADS-box agamous-like 6,AGL6_1,,vv60042MADS,
158,VIT_10s0003g01160,1143,0.5522,Basic helix-loop-helix (bHLH) family,BHLHDOM_23,,vv60011BHLH,
159,VIT_08s0058g01040,1147,0.5514,SOS2 (salt overly sensitive 2),SOS2,,vv30001ABA_signaling,
160,VIT_16s0022g02410,1133,0.5481,Oxidoreductase,,,,
161,VIT_17s0000g07450,1120,0.5461,Glycerophosphoryl diester phosphodiesterase,E3_1_4_46,,vv10564Glycerophospholipid_metabolism,
162,VIT_18s0001g02030,1122,0.5423,Signal peptidase 1,K03100,,vv23060Protein_export,vv50132Primary_active_transporter_cat_A5_to_A8
163,VIT_05s0020g04160,1122,0.5418,Stem-specific protein TSJT1,,,,
164,VIT_10s0003g03980,1112,0.5382,LEM3 (ligand-effect modulator 3) family protein,LEM3,,vv50108Accessory_factors_involved_in_transport,
165,VIT_10s0116g00410,1105,0.5348,Gibberellin 2-beta-dioxygenase 7,E1_14_11_13,,vv10904Diterpenoid_biosynthesis,
166,VIT_07s0005g05210,1099,0.5322,No hit,,,,
167,VIT_12s0059g01870,1106,0.5320,GH3-like protein,AUXINBIOSYNTHESIS_GH3,,vv11002Auxin_biosynthesis,
168,VIT_01s0137g00180,1090,0.5294,B-keto acyl reductase,,,,
169,VIT_11s0052g00960,1093,0.5288,Syntaxin,,,,
170,VIT_12s0059g00640,1089,0.5236,Beta-1 3-galactosyltransferase sqv-2,K07820,,vv10602Glycosphingolipid_biosynthesis,
171,VIT_08s0056g00300,1071,0.5204,Unknown,,,,
172,VIT_09s0002g05200,1073,0.5179,Phosphoribulokinase/uridine kinase,E2_7_1_48,,vv10240Pyrimidine_metabolism,
173,VIT_18s0001g06400,1049,0.5105,No hit,,,,
174,VIT_14s0066g00310,1049,0.5077,Unknown protein,,,,
175,VIT_03s0097g00240,1059,0.5072,No hit,,,,
176,VIT_15s0048g02000,1035,0.5010,Homeodomain GLABROUS1,HDG1_1,VvHB53,vv60034HB,
177,VIT_08s0007g05140,1036,0.5002,MAP70 protein .,,,,
178,VIT_06s0080g01200,1032,0.4995,Harpin-induced family protein,,,,
179,VIT_09s0002g04300,1035,0.4986,Hydroxyphenylpyruvate reductase (HPPR),E1_1_1_237,,vv10350Tyrosine_metabolism,vv10360Phenylalanine_metabolism
180,VIT_00s0532g00030,1027,0.4985,Thioredoxin H,,,,
181,VIT_00s0279g00100,1019,0.4956,No hit,,,,
182,VIT_14s0108g00730,1020,0.4954,5'-aminoimidazole ribonucleotide synthetase,E6_3_3_1,,vv10230Purine_metabolism,
183,VIT_02s0241g00060,1027,0.4938,Unknown protein,,,,
184,VIT_01s0026g02620,1016,0.4899,Expansin [Vitis labrusca x Vitis vinifera] EXPA15,EXPA15,,vv30003Auxin_signaling,
185,VIT_07s0031g01660,1007,0.4888,CYP86A2,,,,
186,VIT_03s0038g04570,1008,0.4879,ADP-glucose pyrophosphorylase large subunit 1,E2_7_7_27,,vv10500Starch_and_sucrose_metabolism,
187,VIT_14s0006g02530,997,0.4840,Non-specific lipid-transfer protein 2 (LTP 2),,,,
188,VIT_10s0116g00680,1002,0.4834,PDF2 (protodermal factor2),PDF2_2,VvHB35,vv60034HB,
189,VIT_10s0116g01700,999,0.4831,Autophagy 8c (APG8c),K08341,,vv44140Regulation_of_autophagy,vv50101Channels_and_pores
190,VIT_17s0053g00780,988,0.4820,Homeodomain GLABROUS11,HDG11_1,VvHB60,vv60034HB,
191,VIT_18s0001g04290,1003,0.4811,No hit,,,,
192,VIT_14s0006g00270,988,0.4798,No hit,,,,
193,VIT_04s0008g03990,983,0.4763,Unknown,,,,
194,VIT_01s0011g04460,987,0.4761,MATE efflux family protein,MATE,,vv50125Porters_cat_66_to_94,
195,VIT_13s0084g00580,980,0.4760,Histone mRNA exonuclease 1,K01175,,,
196,VIT_18s0001g12330,966,0.4694,No hit,,,,
197,VIT_04s0008g03600,974,0.4692,Tocopherol cyclase,K09834,,vv10100Biosynthesis_of_steroids,
198,VIT_01s0150g00170,966,0.4671,SEC14 cytosolic factor,SEC14,,vv50122Porters_cat_7_to_17,
199,VIT_15s0048g02720,956,0.4648,fatty acid elongase,E2_3_1_41,,vv10061Fatty_acid_biosynthesis,
200,VIT_16s0050g02180,957,0.4643,Pyruvate kinase isozyme G  chloroplast precursor,E2_7_1_40,,vv10010Glycolysis,vv10230Purine_metabolism
201,VIT_00s0203g00170,955,0.4638,Myb domain protein 92,MYB92_1,MYB136,vv60044MYB,
202,VIT_01s0010g03560,955,0.4631,CYP78A5,,,,
203,VIT_13s0019g02360,963,0.4630,Pyrroline-5-carboxylate synthetase,E2_7_2_11,,vv10220Urea_cycle_and_metabolism_of_amino_groups,
204,VIT_15s0045g01520,962,0.4618,Eceriferum 1 (CER1 protein) Sterol desaturase,,,,
205,VIT_14s0081g00770,950,0.4616,R protein disease resistance protein,RPROT,,vv34627R_proteins_from_Plant-pathogen_interaction,
206,VIT_13s0064g00160,959,0.4613,Unknown protein,,,,
207,VIT_01s0011g05450,956,0.4601,Unknown protein,,,,
208,VIT_05s0124g00230,946,0.4581,F-box domain containing protein,,,,
209,VIT_10s0116g01580,934,0.4525,No hit,,,,
210,VIT_03s0091g00760,912,0.4431,Interferon-related developmental regulator family,,,,
211,VIT_00s0228g00060,915,0.4429,Unknown,,,,
212,VIT_17s0000g03760,917,0.4415,Endonuclease/exonuclease/phosphatase family,,,,
213,VIT_02s0012g02830,916,0.4412,UDP-glucosyl transferase,E2_4_1_81,,vv10941Flavonoid_biosynthesis,
214,VIT_11s0037g01210,908,0.4406,Eceriferum 1 (CER1 protein) Sterol desaturase,,,,
215,VIT_08s0056g01490,912,0.4393,Chaperone protein dnaJ,K03686,,vv50132Primary_active_transporter_cat_A5_to_A8,
216,VIT_13s0019g01780,895,0.4324,Scarecrow transcription factor 14 (SCL14),SCL14_7,,vv60032GRAS,
217,VIT_19s0014g03860,896,0.4320,No hit,,,,
218,VIT_08s0056g01070,884,0.4291,MATE efflux family protein,MATE,,vv50125Porters_cat_66_to_94,
219,VIT_04s0043g00700,884,0.4273,PTAC3 (plastid transcriptionally active3),PTAC3,,,
220,VIT_15s0045g01440,880,0.4262,Eceriferum 1 (CER1 protein) Sterol desaturase,,,,
221,VIT_07s0141g00130,873,0.4215,Protein phosphatase 2C,,,,
222,VIT_03s0017g01280,872,0.4215,ABC transporter G member 7,ABCG7,,vv52010ABC_transporters,
223,VIT_12s0028g02930,867,0.4205,Isoflavone methyltransferase/ Orcinol O-methyltransferase 1 oomt1,E2_1_1_46,,vv10943Isoflavonoid_biosynthesis,
224,VIT_15s0045g01600,863,0.4193,Eceriferum 1 (CER1 protein) Sterol desaturase,,,,
225,VIT_19s0135g00030,859,0.4144,Caffeate 3-O-methyltransferase 1,E2_1_1_68,,vv10940Phenylpropanoid_biosynthesis,
226,VIT_13s0019g04410,849,0.4121,Oligosaccharyltransferase complex subunit alpha (ribophorin I),E2_4_1_119,,vv10510N-Glycan_biosynthesis,vv11030Glycan_structures-biosynthesis1
227,VIT_05s0051g00440,851,0.4097,Transmembrane protein FT27/PFT27,PFT27,,vv50109Incompletely_characterized_transport_systems,
228,VIT_04s0008g05110,840,0.4090,Unknown,,,,
229,VIT_03s0038g04210,845,0.4082,Phototropin-2,K08282,,vv50101Channels_and_pores,
230,VIT_04s0008g03980,846,0.4071,BURP domain-containing protein,,,,
231,VIT_05s0020g04110,840,0.4068,ELIP1 (early light-inducible protein),,,,
232,VIT_04s0008g05050,837,0.4061,Pentatricopeptide (PPR) repeat-containing protein,,,,
233,VIT_15s0046g02010,834,0.4047,MAPK (MPK4),MPK4,,vv30011Jasmonate_signaling,vv34626Plant-pathogen_interaction
234,VIT_18s0001g00190,833,0.4018,Cell division protease FtsH,K03798,,vv50133Primary_active_transporter_cat_A9_to_A18,
235,VIT_18s0001g09320,832,0.4014,Casein kinase II subunit alpha-2,K03097,,vv23008Ribosome_biogenesis_in_Eukaryotes,vv34710Circadian_rhythm
236,VIT_07s0141g00040,835,0.4003,Protein phosphatase 2C,E3_1_3_16,,,
237,VIT_02s0012g02030,821,0.3985,Homeobox-7,VVHB7_1,VvHB09,vv60034HB,
238,VIT_14s0083g01160,820,0.3965,COBRA protein,COBRA,,vv40006Cell_wall,
239,VIT_16s0013g01090,825,0.3964,Ethylene-responsive transcription factor ERF105,ERF105_4,VvERF091,vv30008Ethylene_signaling,vv60003AP2_EREBP
240,VIT_18s0001g12030,812,0.3961,Uracil-DNA glycosylase,K03648,,vv23410Base_excision_repair,
241,VIT_06s0004g05810,811,0.3946,TPR-containing protein kinase,,,,
242,VIT_14s0083g00540,814,0.3942,Plant adhesion molecule 1 (PAM1),,,,
243,VIT_17s0000g04120,808,0.3936,Histone deacetylase HDA15,HDA15,,vv44110Cell_cycle,
244,VIT_12s0059g02310,810,0.3928,PDF2 (protodermal factor2),PDF2_4,VvHB44,vv60034HB,
245,VIT_12s0142g00310,807,0.3910,Oxygen evolving enhancer 3 (PsbQ),K08901,,vv10195Photosynthesis,vv50113Thylakoid_targeting_pathway
246,VIT_04s0043g00860,804,0.3878,Unknown protein,,,,
247,VIT_18s0122g01400,793,0.3855,Exostosin family protein,K02366,,vv11030Glycan_structures-biosynthesis1,
248,VIT_02s0025g04750,789,0.3836,Glycerate dehydrogenase,E1_1_1_29,,vv10630Glyoxylate_and_dicarboxylate_metabolism,
249,VIT_01s0010g01870,788,0.3783,Salicylic acid-induced fragment 1 protein,,,,
250,VIT_01s0026g01340,780,0.3770,Glutathione S-transferase 29 GSTU18,E2_5_1_18_GSTU18,,vv10480Glutathione_metabolism,
251,VIT_01s0026g01020,778,0.3757,Binding,,,,
252,VIT_11s0037g00010,764,0.3700,RAV1-like ethylene-responsive transcription factor,RAV1_1,VvRAV6,vv30008Ethylene_signaling,vv60003AP2_EREBP
253,VIT_00s0399g00020,748,0.3640,Protease inhibitor/seed storage/lipid transfer protein (LTP),,,,
254,VIT_19s0090g01870,745,0.3620,Multidrug resistance-associated protein 3,MRP3,,vv52010ABC_transporters,
255,VIT_07s0031g02140,740,0.3594,Amino acid permease,AAPREL,,vv50123Porters_cat_18_to_29,
256,VIT_05s0029g00550,738,0.3569,HEAT repeat-containing protein,,,,
257,VIT_19s0014g04850,744,0.3567,Germacrene-D synthase,E4_2_3_22,,vv10900Terpenoid_biosynthesis,
258,VIT_01s0011g01900,735,0.3559,Glutathione S-transferase  C-terminal,E2_5_1_18,,vv10480Glutathione_metabolism,
259,VIT_00s0322g00030,733,0.3558,Alpha-6-galactosyltransferase,E2_4_2_39,,vv40006Cell_wall,
260,VIT_14s0108g00560,733,0.3548,Ankyrin repeat,ANKYRIN_CCCH,,vv50108Accessory_factors_involved_in_transport,vv60018C3H
261,VIT_08s0007g02600,733,0.3544,Unknown protein,,,,
262,VIT_14s0108g01000,732,0.3543,Calcium-binding EF hand,,,,
263,VIT_00s0207g00010,725,0.3496,Anthranilate N-benzoyltransferase protein 1,E2_3_1_144,,vv10400Phenylalanine_tyrosine_and_tryptophan_biosynthesis,
264,VIT_03s0017g02000,721,0.3493,Anthocyanidin 3-O-glucosyltransferase,E2_4_1_115,,vv10942Anthocyanin_biosynthesis,
265,VIT_03s0038g04110,724,0.3491,AT-hook DNA-binding protein,,,,
266,VIT_03s0038g03080,722,0.3488,Catechol O-methyltransferase,E2_1_1_6,,vv10350Tyrosine_metabolism,
267,VIT_00s0245g00050,716,0.3474,Oleoyl-acyl carrier protein thioesterase  chloroplast precursor,E3_1_2_14,,vv10061Fatty_acid_biosynthesis,
268,VIT_12s0028g01360,715,0.3456,PMR5 (powdery mildew resistant 5),,,,
269,VIT_13s0084g00240,707,0.3437,Steroid sulfotransferase,E2_8_2_15,,vv11000Single_reactions,
270,VIT_00s0508g00020,715,0.3434,Nuclear prelamin A recognition factor; Narf,,,,
271,VIT_03s0017g01130,707,0.3430,Cis-zeatin O-beta-D-glucosyltransferase,E2_4_1_215,,vv10908Zeatin_biosynthesis,
272,VIT_00s0220g00070,710,0.3420,Latex cyanogenic beta glucosidase,E3_2_1_21,,vv10500Starch_and_sucrose_metabolism,vv10902Monoterpenoid_biosynthesis
273,VIT_06s0004g04790,700,0.3396,MBD5 (methyl-CpG-binding domain 5),,,,
274,VIT_08s0058g01260,690,0.3333,No hit,,,,
275,VIT_09s0002g03870,686,0.3311,RPS5 (resistant to p. syringae 5),K13460,,vv34627R_proteins_from_Plant-pathogen_interaction,
276,VIT_13s0019g04600,685,0.3309,ABC protein 12 non-intrinsic,ABCNAP12,,vv52010ABC_transporters,
277,VIT_16s0039g01900,688,0.3303,Myb KAN2 (KANADI 2),KANADI2_2,,vv60029G2-like,
278,VIT_03s0017g02360,681,0.3298,AarF domain containing kinase,K08869,,,
279,VIT_18s0001g00810,681,0.3296,24-methylenesterol C-methyltransferase 2,E2_1_1_143,,vv10100Biosynthesis_of_steroids,
280,VIT_11s0016g03120,678,0.3294,TRNA/rRNA methyltransferase (SpoU),K02533,,,
281,VIT_15s0024g00740,680,0.3285,No hit,,,,
282,VIT_03s0088g00990,681,0.3274,Metal transporter CNNM4 (Cyclin-M4),CNNM4,,vv50109Incompletely_characterized_transport_systems,
283,VIT_02s0025g03210,675,0.3269,Unknown protein,,,,
284,VIT_15s0046g02390,669,0.3240,ANTR2 (anion transporter 2),ANTR2,,vv50121Porters_cat_1_to_6,
285,VIT_05s0020g04540,670,0.3238,Beta-ketoacyl-CoA synthase,E2_3_1_41,,vv10061Fatty_acid_biosynthesis,
286,VIT_01s0011g03360,668,0.3238,Unknown,,,,
287,VIT_19s0014g04670,668,0.3222,Basic helix-loop-helix (bHLH) family,BHLHDOM_42,,vv60011BHLH,
288,VIT_00s1600g00010,664,0.3220,No hit,,,,
289,VIT_12s0059g01810,668,0.3216,Photosystem II psbZ,K02724,,vv10195Photosynthesis,vv50135Primary_active_transporter_cat_D3_to_E2
290,VIT_08s0007g04090,663,0.3214,CYPLXXVIA2,,,,
291,VIT_15s0046g02930,668,0.3207,DNA-binding protein,,,,
292,VIT_00s0125g00140,659,0.3194,SHR5-receptor-like kinase,,,,
293,VIT_01s0026g02500,659,0.3194,Amino acid transport protein,AATRREL,,vv50123Porters_cat_18_to_29,
294,VIT_04s0023g03550,653,0.3170,Thaumatin,,,,
295,VIT_03s0063g01210,654,0.3150,Nodulin 1A  senescence-associated,,,,
296,VIT_06s0009g01420,646,0.3144,Protease inhibitor/seed storage/lipid transfer protein (LTP),,,,
297,VIT_05s0020g00550,646,0.3128,Unknown protein,,,,
298,VIT_06s0004g08230,649,0.3125,Root phototropism protein 2,,,,
299,VIT_07s0031g01320,638,0.3081,TGA-type basic leucine zipper protein TGA1.1,TGA1,VvbZIP23,vv30011Jasmonate_signaling,vv60012BZIP
300,VIT_18s0041g02260<br>VIT_18s0041g02060,635,0.3053,
301,VIT_09s0002g00410,627,0.3045,No hit,,,,
302,VIT_18s0001g03470,620,0.2998,Flavonol synthase,E1_14_11_23,,vv10941Flavonoid_biosynthesis,
303,VIT_18s0001g14790,621,0.2997,Lipase 3 (EXL3) family II extracellular,,,,
304,VIT_19s0014g00380,616,0.2977,Integral membrane protein,,,,
305,VIT_15s0046g01080,617,0.2975,Glycosyl hydrolase family 18,,,,
306,VIT_17s0000g00240,610,0.2944,Mei2 AML1,AML1,,vv44110Cell_cycle,
307,VIT_13s0019g03310,599,0.2901,Transposon protein,,,,
308,VIT_11s0016g01970,594,0.2883,Calmodulin-binding region IQD6,,,,
309,VIT_17s0000g06650,595,0.2883,IBS1 (impaired in baba-induced sterility 1),,,,
310,VIT_00s0184g00210,593,0.2870,No hit,,,,
311,VIT_18s0076g00200,592,0.2850,DELLA protein RGL2 (RGA-like protein 2),RGL2_1,,vv30010Gibberellin_signaling,vv60032GRAS
312,VIT_01s0011g04760,589,0.2844,Myb domain protein 4,MYB4_2,MYBC2-L1,vv60044MYB,
313,VIT_03s0063g01880,588,0.2827,Acyl-CoA synthetase long-chain member 2,E6_2_1_3_LACS2,,vv10071Fatty_acid_metabolism,vv44146Peroxisome
314,VIT_19s0014g01620,581,0.2804,Ca2+-ATPase 13 ACA13  plasma membrane,K01537,,vv34020Calcium_signaling_pathway,vv50131Primary_active_transporter_cat_A2_to_A4
315,VIT_12s0035g01940,581,0.2792,Unknown protein,,,,
316,VIT_06s0004g01500,574,0.2792,Lipoxygenase (LOX2),E1_13_11_12,,vv10592alpha-Linolenic_acid_metabolism,
317,VIT_14s0066g01610,572,0.2769,Zinc finger (C3HC4-type ring finger),ZFC3HC4_25,,vv60078Other_zf-C3HC4,
318,VIT_19s0014g02720,571,0.2757,Unknown protein,,,,
319,VIT_06s0004g04530,566,0.2740,Armadillo/beta-catenin repeat protein / U-box domain-containing,,,,
320,VIT_15s0024g00410,571,0.2736,Lectin,,,,
321,VIT_08s0040g00280,565,0.2731,Aladin,K14320,,vv23013RNA_transport,
322,VIT_13s0019g04020,560,0.2705,CTP synthase,E6_3_4_2,,vv10240Pyrimidine_metabolism,
323,VIT_17s0000g09810,560,0.2703,Pectate lyase,E4_2_2_2,,vv40006Cell_wall,
324,VIT_12s0134g00640,553,0.2692,Anthocyanidin 3-O-glucoside-6''-O-malonyltransferase,E2_3_1_171,,vv10942Anthocyanin_biosynthesis,
325,VIT_15s0048g00710,553,0.2687,Zinc finger (DHHC type),ZFDHHC_6,,vv60079Other_zf-DHHC,
326,VIT_14s0060g02170,548,0.2665,Glutathione S-transferase GSTU8,E2_5_1_18_GSTU8,,vv10480Glutathione_metabolism,
327,VIT_07s0031g01460,548,0.2652,Nuclear transcription factor Y subunit B-3,NFYB3_4,,vv60021CCAAT,
328,VIT_02s0087g00630,549,0.2643,Alcohol oxidase,E1_1_3_13,,vv10680Methane_metabolism,
329,VIT_01s0010g00720,545,0.2635,Unknown,,,,
330,VIT_15s0046g03650,542,0.2629,(+)-neomenthol dehydrogenase,E1_1_1_208,,vv10902Monoterpenoid_biosynthesis,
331,VIT_11s0052g00900,541,0.2615,Unknown protein,,,,
332,VIT_06s0004g07110,544,0.2602,Gamma interferon responsive lysosomal thiol reductase family protein,,,,
333,VIT_17s0000g02770,538,0.2599,Disease resistance protein (CC-NBS-LRR class),,,,
334,VIT_05s0020g01820,531,0.2570,Integral membrane family protein UPF0497,,,,
335,VIT_01s0010g02340,524,0.2541,Anthranilate N-benzoyltransferase,E2_3_1_144,,vv10400Phenylalanine_tyrosine_and_tryptophan_biosynthesis,
336,VIT_02s0012g00540,513,0.2470,Peroxidase,E1_11_1_7,,vv10360Phenylalanine_metabolism,vv10680Methane_metabolism
337,VIT_05s0020g00920,508,0.2459,Hydroxyproline-rich glycoprotein,HRGP,,vv40006Cell_wall,
338,VIT_08s0007g07240,504,0.2443,Armadillo helical,,,,
339,VIT_11s0065g00180,505,0.2437,Proton extrusion protein CemA family protein pcxA,CEMA,,vv50109Incompletely_characterized_transport_systems,
340,VIT_18s0122g00280,501,0.2423,Unknown protein,,,,
341,VIT_05s0049g02310,499,0.2415,Biopterin transport-related protein BT1,BIOPTERIN,,vv50125Porters_cat_66_to_94,
342,VIT_01s0150g00610,503,0.2406,SnRK1-interacting protein 1,,,,
343,VIT_07s0104g01030,487,0.2355,Serine/threonine-protein phosphatase BSL1,K04382,,vv23015mRNA_surveillance_pathway,vv34020Calcium_signaling_pathway
344,VIT_18s0072g01000,489,0.2351,Dihydrolipoamide S-acetyltransferase,E2_3_1_12,,vv10010Glycolysis,vv10252Alanine_and_aspartate_metabolism
345,VIT_15s0046g02290,478,0.2315,ATBRM/CHR2 (Arabidopsis thaliana BRAHMA),BRAHMA,,vv60058SNF2,
346,VIT_00s0454g00030,476,0.2300,Subtilisin protease,,,,
347,VIT_18s0041g02150,472,0.2279,Lipase GDSL,,,,
348,VIT_04s0008g03380,465,0.2256,Carotenoid cleavage dioxygenase 8,CCD,,vv10906Carotenoid_biosynthesis,
349,VIT_05s0049g00370,461,0.2236,2-oxoglutarate-dependent dioxygenase,,,,
350,VIT_14s0066g02430,461,0.2232,Chaperone BCS1 mitochondrial,K08900,,,
351,VIT_18s0072g00760,456,0.2216,G-protein-coupled receptor,,,,
352,VIT_13s0067g00160,450,0.2186,NADPH2:quinone reductase,E1_6_5_5,,vv10740Riboflavin_metabolism,
353,VIT_11s0052g01690,443,0.2136,No hit,,,,
354,VIT_15s0046g02620,440,0.2135,Beta-amylase 9 BMY9,E3_2_1_2,,vv10500Starch_and_sucrose_metabolism,
355,VIT_14s0066g01210,439,0.2123,Carbonic anhydrase  chloroplast precursor,E4_2_1_1,,vv10910Nitrogen_metabolism,vv50124Porters_cat_30_to_64
356,VIT_05s0020g01980,434,0.2109,Acyl carrier protein  mitochondrial 3,K02078,,vv50134Primary_active_transporter_cat_D1,
357,VIT_06s0061g00290,437,0.2093,No hit,,,,
358,VIT_02s0012g01210,430,0.2085,Acetylornithine deacetylase,E3_5_1_16,,vv10220Urea_cycle_and_metabolism_of_amino_groups,
359,VIT_07s0005g04510,428,0.2069,DENN (AEX-3) domain-containing,,,,
360,VIT_10s0116g01880,423,0.2063,MATE efflux family protein,MATE,,vv50125Porters_cat_66_to_94,
361,VIT_09s0002g04310,414,0.2005,Rho guanyl-nucleotide exchange factor ROPGEF8,ROPGEF8,,,
362,VIT_07s0129g01040,414,0.1995,Copper-exporting ATPase HMA1 (Heavy metal ATPase 1),HMA1,,vv50131Primary_active_transporter_cat_A2_to_A4,
363,VIT_10s0116g01450,412,0.1995,Unknown,,,,
364,VIT_03s0063g00500,413,0.1993,Prpk (p53-related protein kinase),,,,
365,VIT_14s0066g00400,405,0.1968,Chalcone isomerase,E5_5_1_6,,vv10941Flavonoid_biosynthesis,
366,VIT_14s0060g02390,404,0.1962,SRC2/SRC2 (soybean gene regulated BY cold-2),,,,
367,VIT_08s0040g01550,404,0.1950,Extra sporogenous cells,,,,
368,VIT_05s0020g02680,398,0.1908,Zinc finger (C3HC4-type ring finger),ZFC3HC4_220,,vv60078Other_zf-C3HC4,
369,VIT_05s0020g00480,394,0.1904,Mitochondrial substrate carrier family protein,K03454,,vv50123Porters_cat_18_to_29,
370,VIT_13s0019g02090,393,0.1896,Thylakoid lumenal 15 kDa protein 1,,,,
371,VIT_12s0035g00620,392,0.1887,BZIP transcription factor,BZIPDOM_15,VvbZIP32,vv60012BZIP,
372,VIT_06s0004g02300,390,0.1879,Calcium-dependent protein kinase 19,CDPK19,,vv34626Plant-pathogen_interaction,
373,VIT_14s0030g02170,386,0.1864,Calcium-binding EF hand,,,,
374,VIT_04s0008g04460,387,0.1861,Molybdate transporter 1,MOT1,,vv50124Porters_cat_30_to_64,
375,VIT_17s0000g05680,385,0.1859,Band 7 family,BAND7,,vv50108Accessory_factors_involved_in_transport,
376,VIT_06s0009g01410,384,0.1846,No hit,,,,
377,VIT_18s0086g00220,378,0.1827,Lipase GDSL,,,,
378,VIT_17s0000g07470,379,0.1826,Binding,,,,
379,VIT_05s0020g01800,377,0.1822,Zinc finger (C3HC4-type ring finger),ZFC3HC4_149,,vv60078Other_zf-C3HC4,
380,VIT_13s0019g02130,375,0.1820,Tropinone reductase,E1_1_1_206,,vv10220Urea_cycle_and_metabolism_of_amino_groups,
381,VIT_00s0375g00060,371,0.1794,Ent-kaurene synthase,E5_5_1_13,,vv10904Diterpenoid_biosynthesis,
382,VIT_13s0106g00320,368,0.1787,Lipase GDSL,,,,
383,VIT_08s0105g00570,371,0.1785,Adenosine/AMP deaminase active site,E3_5_4_4,,vv10230Purine_metabolism,
384,VIT_00s0181g00040,366,0.1773,TIR1 (transport inhibitor response 1),TIR1,,vv30003Auxin_signaling,
385,VIT_07s0005g05660,367,0.1767,F-box/kelch-repeat protein,,,,
386,VIT_06s0004g06760,364,0.1760,NDA2 (alternative NAD(P)H dehydrogenase 2),K03885,,vv10190Oxidative_phosphorylation,vv50134Primary_active_transporter_cat_D1
387,VIT_15s0046g03240,364,0.1756,Unknown protein,,,,
388,VIT_12s0059g01480,358,0.1739,Lipase family,,,,
389,VIT_07s0005g05520,358,0.1734,Pectate lyase,E4_2_2_2,,vv40006Cell_wall,
390,VIT_18s0122g00500,352,0.1708,BZIP transcription factor BZIP60,BZIP60,VvbZIP41,vv60012BZIP,
391,VIT_06s0009g01210,353,0.1708,Leucine-rich repeat protein kinase,,,,
392,VIT_00s0256g00120,355,0.1705,Unknown,,,,
393,VIT_01s0011g02360,352,0.1704,Unknown,,,,
394,VIT_13s0019g01020,352,0.1690,Ring-H2 finger protein ATL3A,,,,
395,VIT_14s0066g02100,344,0.1659,AAA-type ATPase,,,,
396,VIT_11s0016g00740,340,0.1646,Receptor-like protein kinase 3,,,,
397,VIT_18s0001g09170,340,0.1644,Interferon developmental regulator,,,,
398,VIT_01s0011g04620,338,0.1632,Unknown protein,,,,
399,VIT_07s0005g01670,331,0.1590,No hit,,,,
400,VIT_14s0128g00100,327,0.1588,Aminotransferase class IV,E2_6_1_42,,vv10280Valine_leucine_and_isoleucine_degradation,vv10290Valine_leucine_and_isoleucine_biosynthesis
401,VIT_00s0317g00040,330,0.1585,Dehydroascorbate reductase,E1_8_5_1,,vv10053Ascorbate_and_aldarate_metabolism,vv10251Glutamate_metabolism
402,VIT_11s0065g00210,327,0.1584,Heat shock protein-related,,,,
403,VIT_17s0000g01930,322,0.1567,Potassium transporter 2,KUP2,,vv50125Porters_cat_66_to_94,
404,VIT_06s0080g00610,322,0.1550,No hit,,,,
405,VIT_13s0074g00590,320,0.1549,Unknown protein,,,,
406,VIT_05s0077g00450,317,0.1543,Ribosomal protein S1 30S,K02945,,vv23010Ribosome,
407,VIT_08s0007g05370,320,0.1536,Strictosidine synthase,E4_3_3_2,,vv10900Terpenoid_biosynthesis,vv10902Monoterpenoid_biosynthesis
408,VIT_13s0064g00750,314,0.1518,Polygalacturonase GH28,E3_2_1_15,,vv40006Cell_wall,
409,VIT_00s0204g00170,309,0.1503,Lil3 protein,LIL3_1,,,
410,VIT_00s0259g00190,311,0.1498,Nudix hydrolase 2,,,,
411,VIT_14s0006g01980,305,0.1483,Zinc finger (C3HC4-type ring finger),ZFC3HC4_70,,vv60078Other_zf-C3HC4,
412,VIT_00s0179g00300,307,0.1480,MPBQ/MSBQ methyltransferase 2,K12502,,vv10100Biosynthesis_of_steroids,
413,VIT_06s0004g03310,306,0.1477,Hydrolase  alpha/beta fold,,,,
414,VIT_17s0000g07680,306,0.1475,Alpha-N-acetylglucosaminidase,E3_2_1_50,,vv10511N-Glycan_degradation,
415,VIT_03s0097g00670,303,0.1474,SEC6,K06110,,vv44810Regulation_of_actin_cytoskeleton,vv50111Tethering_factors
416,VIT_01s0146g00110,303,0.1472,Peptidyl-prolyl cis-trans isomerase B (cyclophilin B),K03768,,,
417,VIT_16s0022g00870,303,0.1457,Invertase/pectin methylesterase inhibitor,PMEI,,vv40006Cell_wall,
418,VIT_00s0258g00130<br>VIT_16s0148g00370,299,0.1440,
419,VIT_13s0067g03380,295,0.1418,Regulator of chromosome condensation (RCC1),RCC1,,vv50112Nuclear_pore_complex,
420,VIT_13s0067g01500,290,0.1398,Myb family,MYBGE_26,,vv60029G2-like,
421,VIT_00s0332g00100,288,0.1396,No hit,,,,
422,VIT_01s0011g01520,286,0.1388,Peroxisomal 2 4-dienoyl-CoA reductase,E1_3_1_34,,vv10062Fatty_acid_elongation_in_mitochondria,vv44146Peroxisome
423,VIT_19s0014g03700,288,0.1385,Cyclic nucleotide-regulated ion channel 4,K05391_CNGC4,,vv34626Plant-pathogen_interaction,vv50101Channels_and_pores
424,VIT_11s0052g00770,284,0.1379,Serine carboxypeptidase SCPL13,,,,
425,VIT_06s0009g02780,280,0.1360,Histone mRNA exonuclease 1,K01175,,,
426,VIT_01s0011g04240,281,0.1356,Zinc finger (B-box type),ZFBBOX_14,,vv60073Orphans_zf-b_box,
427,VIT_07s0005g00900,278,0.1345,No hit,,,,
428,VIT_05s0020g04210,277,0.1343,Sulfate adenylyltransferase 3,E2_7_7_4,,vv10230Purine_metabolism,vv10450Selenoamino_acid_metabolism
429,VIT_00s0532g00050,275,0.1340,Basic helix-loop-helix ILR3,ILR3_4,,vv11002Auxin_biosynthesis,vv60011BHLH
430,VIT_14s0108g00420,279,0.1336,Basic helix-loop-helix (bHLH) family,BHLHDOM_4,,vv60011BHLH,
431,VIT_04s0023g01430,273,0.1325,Indeterminate(ID)-domain 2,IDD2_2,,vv60017C2H2,
432,VIT_08s0007g00010,272,0.1323,ARF GTPase activator  ARF-GAP Domain 6,AGD6,,vv50110Protein_coat,
433,VIT_03s0038g03840,270,0.1308,Cuticular water permeability,,,,
434,VIT_00s0583g00020,267,0.1297,Unknown protein,,,,
435,VIT_03s0038g01390,268,0.1296,Aquaporin TIP3;1,TIP3_1,,vv50101Channels_and_pores,
436,VIT_09s0002g05600,266,0.1289,ABC transporter g family pleiotropic drug resistance 12 PDR12,ABCGPDR12,,vv52010ABC_transporters,
437,VIT_03s0017g01290,263,0.1267,ABC transporter G member 7,ABCG7,,vv52010ABC_transporters,
438,VIT_02s0033g01330,259,0.1252,Acyl-CoA binding protein,,,,
439,VIT_07s0141g00970,258,0.1250,No hit,,,,
440,VIT_06s0061g00780,258,0.1249,Zinc finger (C2H2 type) family,C2H2FAM_39,,vv60017C2H2,
441,VIT_11s0052g01630,260,0.1248,Anthocyanidin 3-O-glucosyltransferase,E2_4_1_115,,vv10942Anthocyanin_biosynthesis,
442,VIT_13s0067g00730,255,0.1228,Carboxylic ester hydrolase,E3_1_1_1,,,
443,VIT_04s0008g03970,252,0.1217,No hit,,,,
444,VIT_08s0007g06080,249,0.1208,Beta 1-3 glucanase [Vitis vinifera],E3_2_1_6,,,
445,VIT_15s0107g00280,245,0.1188,R protein L6,K13477,,vv34627R_proteins_from_Plant-pathogen_interaction,
446,VIT_02s0087g00380,245,0.1186,No hit,,,,
447,VIT_12s0134g00010,241,0.1173,Phototropic-responsive NPH3 protein,,,,
448,VIT_18s0089g00200,244,0.1167,1 4-beta-mannan endohydrolase,E3_2_1_78,,vv10051Fructose_and_mannose_metabolism,
449,VIT_18s0001g07980,241,0.1166,CBL-interacting protein kinase 8 (CIPK8),CIPK8,,,
450,VIT_01s0010g00530,238,0.1156,UDP-glucoronosyl and UDP-glucosyl transferase,,,,
451,VIT_13s0019g04280,237,0.1149,Aquaporin PIP2B,PIP2B,,vv50101Channels_and_pores,
452,VIT_15s0021g00040,235,0.1127,Eceriferum 1 (CER1 protein) Sterol desaturase,,,,
453,VIT_13s0067g00660,229,0.1104,Steroid 23-alpha-hydroxylase,K09588,,vv10905Brassinosteroid_biosynthesis,
454,VIT_14s0128g00160,228,0.1103,Protein kinase CDG1,,,,
455,VIT_19s0090g01360,224,0.1089,No hit,,,,
456,VIT_16s0039g01580,224,0.1085,Carbohydrate kinase,E2_7_1_15,,vv10030Pentose_phosphate,
457,VIT_04s0023g00600,224,0.1081,Isopentenyl diphosphate isomerase 2,E5_3_3_2,,vv10100Biosynthesis_of_steroids,vv10900Terpenoid_biosynthesis
458,VIT_04s0023g02460,223,0.1076,Transducin protein,,,,
459,VIT_13s0019g01260,220,0.1074,Enoyl reductase,K10258,,vv11040Biosynthesis_of_unsaturated_fatty_acids,
460,VIT_06s0080g00810,220,0.1066,Lycopene beta cyclase (LYC),K06443,,vv10906Carotenoid_biosynthesis,
461,VIT_18s0001g02150,218,0.1062,DNA repair protein RadC,,,,
462,VIT_02s0012g02530,218,0.1059,Phosphomevalonate kinase,E2_7_4_2,,vv10100Biosynthesis_of_steroids,
463,VIT_15s0046g02400,216,0.1041,Glycerol-3-phosphate acyltransferase 8,E2_3_1_15,,vv10561Glycerolipid_metabolism,vv10564Glycerophospholipid_metabolism
464,VIT_06s0004g03000,212,0.1028,SNO glutamine amidotransferase,K08681,,vv10750Vitamin_B6_metabolism,
465,VIT_08s0007g00490,212,0.1023,Transducin protein,,,,
466,VIT_00s0396g00070,210,0.1014,No hit,,,,
467,VIT_10s0042g01130,205,0.0985,Zinc finger (C3HC4-type ring finger),ZFC3HC4_114,,vv60078Other_zf-C3HC4,
468,VIT_10s0003g00620,201,0.0974,Lipase GDSL,,,,
469,VIT_13s0106g00260,197,0.0956,Lipase GDSL,,,,
470,VIT_13s0019g00910,196,0.0955,Ubiquitin-conjugating enzyme 13 (UBC13)  E2,K10575,,vv24120Ubiquitin_mediated_proteolysis,vv24141Protein_processing_in_endoplasmic_reticulum
471,VIT_17s0000g09480,197,0.0952,Calcineurin phosphoesterase,,,,
472,VIT_07s0005g05510,197,0.0950,Kinase-like protein TMKL1,,,,
473,VIT_04s0023g02830,193,0.0927,forkhead-associated domain-containing protein,FHADOM_2,,vv60028FHA,
474,VIT_04s0023g02660,191,0.0923,Unknown protein,,,,
475,VIT_09s0002g00670,190,0.0914,Auxin responsive SAUR protein,SAUR,,vv30003Auxin_signaling,
476,VIT_00s0840g00010<br>VIT_00s1437g00010,188,0.0912,
477,VIT_13s0156g00100,188,0.0911,Unknown protein,,,,
478,VIT_19s0090g00310,186,0.0899,AT hook motif-containing protein,,,,
479,VIT_03s0038g02390,181,0.0871,Ubiquitin-conjugating enzyme E2 D/E UBC28,K06689,,vv24120Ubiquitin_mediated_proteolysis,vv24141Protein_processing_in_endoplasmic_reticulum
480,VIT_17s0000g00130,180,0.0868,SEC14 cytosolic factor,SEC14,,vv50122Porters_cat_7_to_17,
481,VIT_16s0013g00860,176,0.0856,Embryonic flower 2 (EMF2),EMF2,,vv30009Flower_development,
482,VIT_15s0024g01540,176,0.0855,Glutathione S-transferase 8 GSTU8,E2_5_1_18_GSTU8,,vv10480Glutathione_metabolism,
483,VIT_06s0061g00260,177,0.0849,ABC transporter G member 7,ABCG7,,vv52010ABC_transporters,
484,VIT_12s0055g00930,175,0.0844,Heavy-metal-associated domain-containing protein,,,,
485,VIT_10s0003g03270,174,0.0839,Inward rectifying potassium channel,SIRK,,vv30001ABA_signaling,vv50101Channels_and_pores
486,VIT_17s0000g09800,171,0.0829,No hit,,,,
487,VIT_16s0039g01670,170,0.0825,Cinnamoyl-CoA reductase,E1_2_1_44,,vv10940Phenylpropanoid_biosynthesis,
488,VIT_16s0050g00090,171,0.0823,Cytochrome B561,K08360,,vv50105Transport_electron_carriers,
489,VIT_19s0014g04840,167,0.0810,(-)-germacrene D synthase,E4_2_3_22,,vv10900Terpenoid_biosynthesis,
490,VIT_12s0035g01200,167,0.0808,AMP-dependent synthetase and ligase,E6_2_1_x,,,
491,VIT_04s0008g05730,167,0.0807,Sucrose-phosphate synthase,E2_4_1_14,,vv10500Starch_and_sucrose_metabolism,
492,VIT_14s0060g02440,165,0.0801,Indeterminate(ID)-domain 2,IDD2_5,,vv60017C2H2,
493,VIT_01s0026g01680,163,0.0784,Pectate lyase,E4_2_2_2,,vv40006Cell_wall,
494,VIT_02s0025g02620,161,0.0780,BDG1 (BODYGUARD1) hydrolase,,,,
495,VIT_17s0000g01130,157,0.0753,Nuclear transcription factor Y subunit C-1,NFYC1_1,,vv60021CCAAT,
496,VIT_01s0010g00850,154,0.0749,Menaquinone biosynthesis protein,K03183,,vv10130Ubiquinone_biosynthesis,
497,VIT_03s0038g03560,153,0.0739,CAO (CHAOS); chromatin binding,CPSRP43,,vv50113Thylakoid_targeting_pathway,
498,VIT_11s0016g03840,153,0.0737,No hit,,,,
499,VIT_03s0038g04520,149,0.0722,S-adenosyl-L-methionine:salicylic acid carboxyl methyltransferase,SAMTBSCMT,,vv10360Phenylalanine_metabolism,
500,VIT_00s2785g00010,148,0.0713,Calmodulin-binding protein,,,,
501,VIT_01s0011g00100,147,0.0711,MADS-box APETALA 1,APETALA1_2,,vv30009Flower_development,vv60042MADS
502,VIT_11s0016g03430,146,0.0708,Protein phosphatase 2C,E3_1_3_16,,,
503,VIT_05s0029g00060,146,0.0704,Myb UNE16 (unfertilized embryo sac 16),UNE16_1,,vv60029G2-like,
504,VIT_15s0024g00440,145,0.0703,R protein  PRF  disease resistance protein,K13453,,vv34627R_proteins_from_Plant-pathogen_interaction,
505,VIT_13s0064g00740,146,0.0702,Lysine decarboxylase - like protein,E4_1_1_18,,vv10300Lysine_biosynthesis,
506,VIT_09s0002g06870,144,0.0699,Methyl-CpG-binding domain-containing protein,,,,
507,VIT_08s0007g08120,142,0.0691,Exostosin,K02366,,vv11030Glycan_structures-biosynthesis1,
508,VIT_02s0025g02740,141,0.0681,RNA-binding protein RBP37,,,,
509,VIT_17s0000g01550,141,0.0681,AAA-type ATPase,FHAAAA_1,,vv60028FHA,
510,VIT_03s0088g00470,138,0.0670,Auxin responsive SAUR protein,SAUR,,vv30003Auxin_signaling,
511,VIT_06s0004g08180,139,0.0666,Translation initiation factor eIF-2 beta subunit,K03238,,vv23013RNA_transport,
512,VIT_08s0032g01020,135,0.0656,MD-2 lipid recognition domain-containing protein,,,,
513,VIT_14s0083g00740,135,0.0652,Amino acid permease,AAPREL,,vv50123Porters_cat_18_to_29,
514,VIT_00s0226g00170,132,0.0636,No hit,,,,
515,VIT_07s0031g00160,131,0.0634,Ubiquitin-conjugating enzyme E2 I,K10577,,vv23013RNA_transport,vv24120Ubiquitin_mediated_proteolysis
516,VIT_09s0002g05930,128,0.0617,Unknown protein,,,,
517,VIT_01s0011g00410,127,0.0614,Nuclear transport factor 2 (NTF2),NTF2,,vv50133Primary_active_transporter_cat_A9_to_A18,
518,VIT_16s0098g01050,124,0.0600,RNA binding / nucleic acid binding / nucleotide binding [Arabidopsis thaliana],,,,
519,VIT_02s0012g01940,123,0.0595,Myb KAN2 (KANADI 2),KANADI2_1,,vv60029G2-like,
520,VIT_08s0007g01460,124,0.0593,Peptidylprolyl isomerase PAS1 (PASTICCINO 1),PASTICCINO,,vv50108Accessory_factors_involved_in_transport,
521,VIT_12s0055g00810,122,0.0593,Cationic peroxidase,E1_11_1_7,,vv10360Phenylalanine_metabolism,vv10680Methane_metabolism
522,VIT_05s0049g01810,120,0.0582,No hit,,,,
523,VIT_14s0060g02340,119,0.0578,Heat shock protein 70,K03283,,vv23040Spliceosome,vv24141Protein_processing_in_endoplasmic_reticulum
524,VIT_19s0015g00380,118,0.0572,Cystathionine beta-synthase,E4_2_1_22,,vv10260Glycine_serine_and_threonine_metabolism,vv10271Methionine_metabolism
525,VIT_01s0146g00020,118,0.0570,Unknown protein,,,,
526,VIT_14s0066g02470,118,0.0569,Unknown protein,,,,
527,VIT_16s0148g00290<br>VIT_16s0148g00360<br>VIT_16s0148g00100<br>VIT_00s0258g00140,118,0.0568,
528,VIT_03s0097g00510,116,0.0563,Oligopeptide transporter OPT4,OPT4,,vv50125Porters_cat_66_to_94,
529,VIT_08s0007g02500,116,0.0560,Transcription termination factor mitochondrial mTERF,MTERF_28,,vv60085MTERF,
530,VIT_16s0050g00950,113,0.0546,Scarecrow-like transcription factor 8 (SCL8),SCL8,,vv60032GRAS,
531,VIT_08s0056g00070,111,0.0539,Methylenetetrahydrofolate dehydrogenase,E1_5_1_15,,vv10670One_carbon_pool_by_folate,
532,VIT_07s0031g02800,106,0.0514,Transcription factor,TRIHELIXDOM_6,,vv60062Trihelix,
533,VIT_19s0014g00030,106,0.0513,FRIGIDA protein,FRIGIDA,,vv30009Flower_development,
534,VIT_06s0009g00130,104,0.0501,No hit,,,,
535,VIT_05s0077g01010,103,0.0496,HCF107 (high chlorophyll fluorescent 107),,,,
536,VIT_15s0046g02570,102,0.0496,Unknown,,,,
537,VIT_11s0016g04540,103,0.0495,ABC transporter G member 22,ABCG22,,vv52010ABC_transporters,
538,VIT_15s0048g01050,102,0.0494,Unknown,,,,
539,VIT_00s0532g00070,102,0.0490,CRK10 (cysteine-rich RLK10); kinase,,,,
540,VIT_08s0007g05860,101,0.0489,GASA like,GASAL,,vv30010Gibberellin_signaling,
541,VIT_12s0059g02280,99,0.0479,Spg1p (septum-promoting GTPase),,,,
542,VIT_06s0004g02940,99,0.0479,Zinc finger (CCCH-type) family protein,CCCHFAM_27,,vv60018C3H,
543,VIT_04s0008g01030,98,0.0476,Unknown protein,,,,
544,VIT_09s0002g01410,98,0.0476,TT2 (transparent testa 2),TT2_2,MYBPA6,vv44110Cell_cycle,vv60044MYB
545,VIT_15s0048g00800,98,0.0474,Guanine nucleotide exchange MIN7,K13462,,vv34626Plant-pathogen_interaction,
546,VIT_11s0052g00950,97,0.0472,Syntaxin,,,,
547,VIT_00s0551g00010,97,0.0469,3-isopropylmalate dehydratase  small subunit,E4_2_1_33,,vv10290Valine_leucine_and_isoleucine_biosynthesis,
548,VIT_08s0058g01270,97,0.0468,Zinc finger (C3HC4-type ring finger),ZFC3HC4_94,,vv60078Other_zf-C3HC4,
549,VIT_11s0016g02240,97,0.0468,Transcription termination factor mitochondrial mTERF,MTERF_12,,vv60085MTERF,
550,VIT_09s0002g09020,97,0.0467,No hit,,,,
551,VIT_01s0150g00020,96,0.0464,Receptor protein kinase,,,,
552,VIT_07s0005g06610,95,0.0459,Unknown protein,,,,
553,VIT_16s0022g01050<br>VIT_16s0022g01030<br>VIT_16s0022g01010<br>VIT_16s0022g01110<br>VIT_16s0022g01100<br>VIT_16s0022g01040<br>VIT_16s0022g00990<br>VITisv_028484,95,0.0457,
554,VIT_14s0060g01080,94,0.0455,ferroportin,FERROPORTIN,,vv50109Incompletely_characterized_transport_systems,
555,VIT_04s0079g00610,93,0.0453,Early nodulin ENOD18 protein,,,,
556,VIT_00s1309g00010,93,0.0452,Monocopper oxidase SKS11 (SKU5 Similar 11),SKS11,,vv50109Incompletely_characterized_transport_systems,
557,VIT_07s0129g00820,93,0.0449,CYP81E1 Isoflavone 2'-hydroxylase,E1_14_13_89,,vv10943Isoflavonoid_biosynthesis,
558,VIT_13s0101g00100,92,0.0447,Unknown protein,,,,
559,VIT_03s0180g00240,92,0.0443,No hit,,,,
560,VIT_14s0108g01080,91,0.0442,Myb domain protein 106,MYB106_2,MYB141,vv60044MYB,
561,VIT_00s0323g00020,91,0.0438,HSP associated protein,,,,
562,VIT_13s0067g02060,90,0.0436,Biotin/lipoyl attachment domain-containing protein,E6_4_1_2,,vv10061Fatty_acid_biosynthesis,vv10620Pyruvate_metabolism
563,VIT_15s0046g01750,90,0.0435,Golgin candidate 4,GOLGINC4,,vv50109Incompletely_characterized_transport_systems,
564,VIT_16s0100g00400,90,0.0433,Ethylene-responsive transcription factor ERF025,ERF025,VvERF019,vv30008Ethylene_signaling,vv60003AP2_EREBP
565,VIT_00s0216g00070,89,0.0432,Unknown,,,,
566,VIT_09s0002g02210,89,0.0430,Adhesion of calyx edges (ACE),,,,
567,VIT_13s0067g00590,85,0.0413,Cinnamyl alcohol dehydrogenase,E1_1_1_195,,vv10940Phenylpropanoid_biosynthesis,
568,VIT_03s0063g00560,85,0.0411,Fw2.2 ORFX,,,,
569,VIT_02s0025g04370,84,0.0406,S-N-methylcoclaurine 3'-hydroxylase,E1_14_13_71,,vv10950Alkaloid_biosynthesis_I,
570,VIT_01s0010g02580,84,0.0404,Acid phosphatase/vanadium-dependent haloperoxidase,,,,
571,VIT_00s0525g00050,83,0.0403,Metal transporter CNNM4 (Cyclin-M4),CNNM4,,vv50109Incompletely_characterized_transport_systems,
572,VIT_18s0001g07500,83,0.0402,Mechanosensitive ion channel MSCS-like 2,MSL2,,vv50101Channels_and_pores,
573,VIT_17s0000g02920,83,0.0402,Glutathione S-transferase 25 GSTU7,E2_5_1_18_GSTU7,,vv10480Glutathione_metabolism,
574,VIT_14s0108g01650,83,0.0400,Peptidase beta subunit  Mitochondrial,E3_4_24_64,,,
575,VIT_04s0069g00880,82,0.0397,No hit,,,,
576,VIT_16s0013g01940,82,0.0397,Kinase-like protein TMKL1,,,,
577,VIT_19s0014g04880,82,0.0397,(-)-germacrene D synthase,E4_2_3_22,,vv10900Terpenoid_biosynthesis,
578,VIT_16s0050g01110,82,0.0395,Polygalacturonase GH28,E3_2_1_15,,vv40006Cell_wall,
579,VIT_07s0005g04870,82,0.0395,Glutathione S-transferase 25 GSTU7,E2_5_1_18_GSTU7,,vv10480Glutathione_metabolism,
580,VIT_12s0028g01120,80,0.0388,Amine oxidase,E1_4_3_4,,vv10220Urea_cycle_and_metabolism_of_amino_groups,vv10340Histidine_metabolism
581,VIT_05s0102g00740,80,0.0386,Leucin-rich repeat protein kinase,,,,
582,VIT_14s0006g01130,78,0.0379,No hit,,,,
583,VIT_12s0028g01600,78,0.0376,FtsH protease (VAR2),K03798,,vv50133Primary_active_transporter_cat_A9_to_A18,
584,VIT_11s0052g01600,76,0.0368,UDP-glucose flavonoid 3-O-glucosyltransferase 7,E2_4_1_91,,vv10941Flavonoid_biosynthesis,
585,VIT_01s0011g06250,76,0.0368,Xyloglucan endotransglycosylase,E2_4_1_207,,vv40006Cell_wall,
586,VIT_00s1291g00030<br>VIT_00s0768g00040<br>VIT_00s0929g00020,76,0.0368,
587,VIT_10s0003g04950,76,0.0366,Esterase/lipase/thioesterase,,,,
588,VIT_07s0129g00210,75,0.0365,BT4 (BTB and TAZ Domain protein 4),BTA4,,vv60060TAZ,
589,VIT_04s0008g01410,75,0.0365,Ran-binding protein 1 RanBP1,RANBP1,,vv50109Incompletely_characterized_transport_systems,
590,VIT_02s0025g01440,75,0.0364,PHD finger transcription factor,PHDFG_31,,vv60048PHD,
591,VIT_01s0026g00570,75,0.0362,Bet v I allergen,,,,
592,VIT_07s0141g00090,75,0.0359,Fatty acid elongase 1,E2_3_1_41,,vv10061Fatty_acid_biosynthesis,
593,VIT_17s0000g10060,74,0.0359,Lipase GDSL,,,,
594,VIT_02s0025g00960,73,0.0354,V-type H+-transporting ATPase subunit E,K02150,,vv10190Oxidative_phosphorylation,vv44145Phagosome
595,VIT_11s0037g00020,73,0.0353,No hit,,,,
596,VIT_06s0004g04590,73,0.0353,Epsin N-terminal homology (ENTH) domain-containing,ENTH,,vv50110Protein_coat,
597,VIT_04s0008g01040,71,0.0345,Lysine decarboxylase,E4_1_1_18,,vv10300Lysine_biosynthesis,
598,VIT_02s0025g00820,71,0.0343,Cation/hydrogen exchanger (CHX18),CHX18,,vv50124Porters_cat_30_to_64,
599,VIT_09s0002g06510,71,0.0343,Auxin-independent growth promoter axi1,AXI1,,vv30003Auxin_signaling,
600,VIT_15s0048g00950,69,0.0336,Glutathione S-transferase Z2 GSTZ2,E2_5_1_18_GSTZ2,,vv10480Glutathione_metabolism,
601,VIT_05s0094g00460,68,0.0328,Eukaryotic translation initiation factor,,,,
602,VIT_05s0102g01140,68,0.0327,SKIP16 (SKP1/ASK- interacting  protein 16),,,,
603,VIT_13s0019g01040,67,0.0323,Unknown protein,,,,
604,VIT_06s0004g04000,66,0.0319,Beta-ketoacyl-CoA synthase,E2_3_1_41,,vv10061Fatty_acid_biosynthesis,
605,VIT_06s0061g00240,66,0.0319,ABC transporter G member 7,ABCG7,,vv52010ABC_transporters,
606,VIT_05s0165g00150,66,0.0318,No hit,,,,
607,VIT_00s0181g00030,66,0.0317,No hit,,,,
608,VIT_02s0025g04120,65,0.0315,Calmodulin binding protein,,,,
609,VIT_03s0088g00270,65,0.0315,No hit,,,,
610,VIT_08s0007g09000,65,0.0315,Glycerol-3-phosphate dehydrogenase,E1_1_1_8,,vv10564Glycerophospholipid_metabolism,
611,VIT_05s0020g04010,64,0.0307,Unknown protein,,,,
612,VIT_09s0002g06250,63,0.0302,No hit,,,,
613,VIT_14s0060g01750,62,0.0300,Serine/threonine-protein phosphatase PP1,K06269,,vv10500Starch_and_sucrose_metabolism,
614,VIT_19s0090g00560,61,0.0296,Beta-1 3-galactosyltransferase sqv-2,K07820,,vv10602Glycosphingolipid_biosynthesis,
615,VIT_05s0020g01460,61,0.0296,Protein phosphatase 2C,E3_1_3_16,,,
616,VIT_07s0005g01050,61,0.0295,Unknown protein,,,,
617,VIT_05s0020g00080,61,0.0293,Unknown,,,,
618,VIT_15s0046g03430,60,0.0290,Metal ion binding,,,,
619,VIT_11s0065g01080,60,0.0288,DEAD/DEAH box helicase (RH10),RH10,,vv23040Spliceosome,vv50133Primary_active_transporter_cat_A9_to_A18
620,VIT_03s0097g00470,59,0.0286,ATHVA22A (Arabidopsis thaliana HVA22 homologue A),HVA22A,,vv30001ABA_signaling,
621,VIT_15s0046g03500,59,0.0286,Metal ion binding,,,,
622,VIT_17s0000g09900,59,0.0286,Unknown protein,,,,
623,VIT_09s0018g00270,58,0.0280,Unknown protein,,,,
624,VIT_12s0028g03590,58,0.0280,Unknown protein,,,,
625,VIT_08s0007g03110,58,0.0280,Transposon protein  Mutator sub-class,,,,
626,VIT_18s0041g02310,58,0.0280,No hit,,,,
627,VIT_15s0048g00940,57,0.0276,ATP-dependent DNA helicase 2 subunit 2,K10885,,vv23450Non_homologous_end_joining,
628,VIT_18s0001g14910,57,0.0275,Mannitol dehydrogenase,E1_1_1_67,,vv10051Fructose_and_mannose_metabolism,
629,VIT_02s0025g01550,56,0.0273,Protein phosphatase 2CA AHG3 PP2CA,AHG3,,vv30001ABA_signaling,
630,VIT_00s0587g00010,56,0.0272,Replication factor A 1  rfa1,K07466,,vv23030DNA_replication,vv23420Nucleotide_excision_repair
631,VIT_18s0122g01200,55,0.0267,Pentatricopeptide (PPR) repeat-containing protein,,,,
632,VIT_18s0157g00140,55,0.0266,Alliin lyase,E4_4_1_4,,vv10272Cysteine_metabolism,
633,VIT_16s0098g00660,55,0.0266,Unknown protein,,,,
634,VIT_06s0004g00140,53,0.0255,Protein kinase C substrate 80K-H,K08288,,vv24141Protein_processing_in_endoplasmic_reticulum,
635,VIT_14s0066g01420,53,0.0254,Nodulin MtN3 family,,,,
636,VIT_01s0010g02940,52,0.0251,Calmodulin CML37,K02183,,vv34020Calcium_signaling_pathway,vv34626Plant-pathogen_interaction
637,VIT_06s0004g07700,52,0.0251,Basic helix-loop-helix (bHLH) family,BHLHDOM_5,,vv60011BHLH,
638,VIT_17s0000g00940,52,0.0251,F-box protein,,,,
639,VIT_00s0207g00140<br>VIT_00s0207g00180,51,0.0249,
640,VIT_03s0017g01940,50,0.0242,Unknown,,,,
641,VIT_19s0093g00350,50,0.0242,Glutathione S-transferase 25 GSTU25,E2_5_1_18_GSTU25,,vv10480Glutathione_metabolism,
642,VIT_09s0002g03130,49,0.0237,FRK1 (FLG22-induced receptor-like kinase 1),FRK1,,vv34626Plant-pathogen_interaction,
643,VIT_07s0104g01580,48,0.0233,Luminidependens,LD,,vv30009Flower_development,vv60034HB
644,VIT_02s0025g03740,48,0.0232,Translation initiation factor eIF-2B alpha subunit,K03239,,vv23013RNA_transport,
645,VIT_06s0061g00980,48,0.0231,Prolylcarboxypeptidase,E3_4_16_2,,,
646,VIT_00s0558g00020,47,0.0228,LINC4 (little nuclei4),,,,
647,VIT_06s0080g01070,47,0.0228,No hit,,,,
648,VIT_14s0068g00690,47,0.0228,OTU cysteine protease,,,,
649,VIT_08s0007g04230,47,0.0227,Unknown protein,,,,
650,VIT_13s0019g03040,47,0.0227,Indole-3-acetate beta-glucosyltransferase,E2_4_1_121,,vv11002Auxin_biosynthesis,
651,VIT_17s0000g09040,47,0.0227,Pentatricopeptide (PPR) repeat,,,,
652,VIT_12s0034g00920,46,0.0223,No hit,,,,
653,VIT_12s0034g01010,45,0.0217,PYM (partner of Y14-MAGO),K14294,,vv23013RNA_transport,vv23015mRNA_surveillance_pathway
654,VIT_07s0129g00200,45,0.0217,Cyclin-D5-1,CYCD5_2,,vv44110Cell_cycle,
655,VIT_01s0011g01700,45,0.0217,No hit,,,,
656,VIT_19s0015g00760,44,0.0213,SEC14 cytosolic factor,SEC14,,vv50122Porters_cat_7_to_17,
657,VIT_12s0034g01580,44,0.0212,R protein MLA10,K13475,,vv34627R_proteins_from_Plant-pathogen_interaction,
658,VIT_14s0066g01380,44,0.0212,Calcium homeostasis regulator CHoR1,CHOR1,,,
659,VIT_05s0020g03890,43,0.0208,Kinase interacting,,,,
660,VIT_05s0051g00330,42,0.0205,F-box domain containing protein,,,,
661,VIT_05s0136g00100,42,0.0204,Maturase,,,,
662,VIT_07s0005g06620,42,0.0203,Unknown protein,,,,
663,VIT_10s0042g01360,42,0.0203,Unknown protein,,,,
664,VIT_01s0150g00280,42,0.0202,Unknown protein,,,,
665,VIT_06s0009g01350,41,0.0198,R protein  PRF  disease resistance protein,K13453,,vv34627R_proteins_from_Plant-pathogen_interaction,
666,VIT_01s0010g02640,41,0.0198,Lysine histidine transporter 2,LHT2,,vv50123Porters_cat_18_to_29,
667,VIT_06s0004g01820,40,0.0194,Zf A20 and AN1 domain-containing stress-associated protein 2,SAP2_3,,vv60077Other_zf-AN1,
668,VIT_13s0067g02840,40,0.0194,Phosphatidylinositol-4-phosphate 5-kinase,E2_7_1_68,,vv10562Inositol_phosphate_metabolism,vv34070Phosphatidylinositol_signaling_system
669,VIT_09s0002g04170,40,0.0193,Acyl-CoA synthetases (Acyl-activating enzyme 13),E6_2_1_3,,vv10071Fatty_acid_metabolism,vv50104Group_translocators
670,VIT_16s0098g00540,40,0.0193,Golgin candidate 5,GOLGINC5,,vv50109Incompletely_characterized_transport_systems,
671,VIT_00s0203g00180,39,0.0189,Unknown protein,,,,
672,VIT_12s0035g00560,39,0.0189,CYP82M1v3,,,,
673,VIT_09s0002g05990,38,0.0182,6-4 photolyase,K02295,,vv34710Circadian_rhythm,
674,VIT_02s0109g00440,37,0.0180,No hit,,,,
675,VIT_19s0027g01820,37,0.0179,Potassium transporter (KUP1),KUP1,,vv50125Porters_cat_66_to_94,
676,VIT_01s0150g00430,37,0.0178,Unknown protein,,,,
677,VIT_09s0002g08430,36,0.0175,Nodulin,,,,
678,VIT_07s0191g00050,36,0.0175,Peroxidase 17,E1_11_1_7,,vv10360Phenylalanine_metabolism,vv10680Methane_metabolism
679,VIT_13s0019g02140,36,0.0174,Tropinone reductase,E1_1_1_206,,vv10220Urea_cycle_and_metabolism_of_amino_groups,
680,VIT_12s0059g01590,35,0.0170,Lipase GDSL,,,,
681,VIT_09s0002g05150,35,0.0170,IAA19,IAA19_1,,vv30003Auxin_signaling,vv60008AUXIAA
682,VIT_18s0001g01770,34,0.0163,PTAC6 (plastid transcriptionally active6),PTAC6,,,
683,VIT_15s0046g01170,33,0.0160,Dihydroflavonol 4-reductase (dihydrokaempferol 4-reductase) (BAN),E1_1_1_219,,vv10941Flavonoid_biosynthesis,
684,VIT_02s0087g00470,33,0.0160,Anthraniloyal-CoA: methanol anthraniloyal transferase,AMAT,,vv10400Phenylalanine_tyrosine_and_tryptophan_biosynthesis,
685,VIT_11s0016g04740,33,0.0160,Boron transporter-like protein 4,BOR4,,vv50124Porters_cat_30_to_64,
686,VIT_14s0066g02150,33,0.0159,Acyltransferase,E2_3_1_x,,,
687,VIT_17s0000g06320,32,0.0155,Endonuclease,E3_1_30_x,,,
688,VIT_14s0006g00570,31,0.0151,Unknown protein,,,,
689,VIT_05s0051g00230,31,0.0150,R protein L6,K13477,,vv34627R_proteins_from_Plant-pathogen_interaction,
690,VIT_09s0002g03140,31,0.0150,Lipase GDSL,,,,
691,VIT_04s0044g00420,31,0.0150,MTN21,MTN21,,vv50122Porters_cat_7_to_17,
692,VIT_07s0005g00590,31,0.0149,Deoxyribodipyrimidine photolyase,E4_1_99_3,,,
693,VIT_02s0025g03860,30,0.0145,Unknown protein,,,,
694,VIT_03s0038g04430,30,0.0144,Pentatricopeptide (PPR) repeat-containing protein,,,,
695,VIT_02s0012g01130,30,0.0144,No hit,,,,
696,VIT_14s0068g01330,29,0.0140,Transport inhibitor response 1 protein,TIR1,,vv30003Auxin_signaling,
697,VIT_18s0001g01030,29,0.0140,Protein disulfide isomerase,E5_3_4_1,,,
698,VIT_05s0020g00040,28,0.0136,Unknown protein,,,,
699,VIT_10s0003g04960,28,0.0135,Myosin heavy chain,MYOSINHC,,vv44810Regulation_of_actin_cytoskeleton,
700,VIT_10s0003g01290,28,0.0135,No hit,,,,
701,VIT_19s0140g00230,27,0.0131,No hit,,,,
702,VIT_07s0031g02630,27,0.0131,Aldehyde dehydrogenase,E1_2_1_3,vv10561Glycerolipid_metabolism,vv10010Glycolysis,vv10071Fatty_acid_metabolism
703,VIT_15s0048g02070,27,0.0130,BON2-associated protein (BAP2),,,,
704,VIT_02s0025g03730,26,0.0126,Translation initiation factor eIF-2B alpha subunit,K03239,,vv23013RNA_transport,
705,VIT_02s0025g03580,26,0.0125,DNA-binding family protein,,,,
706,VIT_15s0021g00010,25,0.0121,Eceriferum 1 (CER1 protein) Sterol desaturase,,,,
707,VIT_06s0004g05770,25,0.0121,Heat shock protein 17.6 kDa class I,K13993,,vv24141Protein_processing_in_endoplasmic_reticulum,
708,VIT_13s0019g00330,25,0.0121,Aquaporin TIP1;3,TIP1_3,,vv50101Channels_and_pores,
709,VIT_18s0001g06630,25,0.0121,No hit,,,,
710,VIT_07s0151g00850,25,0.0121,Unknown,,,,
711,VIT_03s0063g02590,25,0.0120,EMB2219 (embryo defective 2219),EMB2219_1,,vv60085MTERF,
712,VIT_04s0044g00640,25,0.0120,S-receptor kinase,,,,
713,VIT_17s0000g04990,25,0.0120,MADS-box APETALA 1,APETALA1_3,,vv30009Flower_development,vv60042MADS
714,VIT_01s0011g02960,24,0.0116,Leucoanthocyanidin reductase 1,E1_17_1_3,,vv10941Flavonoid_biosynthesis,
715,VIT_03s0063g02660,24,0.0116,DNA-3-methyladenine glycosylase II,K01247,,vv23410Base_excision_repair,
716,VIT_14s0060g00900,24,0.0115,Unknown protein,,,,
717,VIT_14s0006g02210,23,0.0112,DNA ligase I,K10747,,vv23030DNA_replication,vv23410Base_excision_repair
718,VIT_18s0001g09050,23,0.0112,ATP binding domain 1   member B,,,,
719,VIT_07s0129g00430,23,0.0111,Acyl-CoA binding protein,,,,
720,VIT_07s0104g00310,23,0.0111,CUE domain containing protein,,,,
721,VIT_06s0080g00930,23,0.0111,Unknown protein,,,,
722,VIT_13s0047g00330,23,0.0111,FAR1-related sequence 3,FRS3_4,,vv60071Orphans_far-red,
723,VIT_18s0001g14260,23,0.0111,No hit,,,,
724,VIT_12s0059g02290,22,0.0107,Unknown protein,,,,
725,VIT_11s0016g02460,22,0.0107,Pentatricopeptide (PPR) repeat-containing protein,,,,
726,VIT_10s0042g00950,22,0.0107,Succinyl-CoA ligase alpha 1 subunit,E6_2_1_4,,vv10020Citrate_cycle,
727,VIT_02s0087g00460,22,0.0106,Oxidoreductase  2OG-Fe(II) oxygenase,,,,
728,VIT_11s0016g01940,22,0.0106,Unknown protein,,,,
729,VIT_00s0188g00170,22,0.0106,Small nuclear ribonucleoprotein D3,K11088,,vv23040Spliceosome,
730,VIT_09s0002g03050,22,0.0106,Lipase GDSL,,,,
731,VIT_09s0002g09280,22,0.0105,Cysteine peptidase,E3_4_22_x,,,
732,VIT_10s0116g01470,21,0.0102,No hit,,,,
733,VIT_00s1348g00010,21,0.0101,Ternary complex factor MIP1,,,,
734,VIT_15s0046g02870,21,0.0101,Unknown protein,,,,
735,VIT_19s0090g01040,20,0.0097,No hit,,,,
736,VIT_19s0090g01190,20,0.0096,Chaperone GrpE type 2,K03687,,vv50132Primary_active_transporter_cat_A5_to_A8,
737,VIT_05s0124g00100,20,0.0096,Unknown,,,,
738,VIT_09s0002g00330,19,0.0093,Pectinesterase PME1,E3_1_1_11,,vv40006Cell_wall,
739,VIT_05s0049g01450,19,0.0092,No hit,,,,
740,VIT_08s0007g07720,19,0.0092,CYP93A1 2-hydroxyisoflavanone synthase,E1_14_13_86,,vv10943Isoflavonoid_biosynthesis,
741,VIT_09s0054g01190,19,0.0092,Beta-amyrin synthase,E5_4_99_BAS,,vv10900Terpenoid_biosynthesis,
742,VIT_00s0230g00020,19,0.0092,No hit,,,,
743,VIT_07s0005g02420,19,0.0092,Haloacid dehalogenase hydrolase,E3_1_3_18,,vv10630Glyoxylate_and_dicarboxylate_metabolism,
744,VIT_16s0148g00300,19,0.0092,Receptor serine/threonine kinase,,,,
745,VIT_12s0059g01420,19,0.0092,Photoregulatory zinc-finger protein COP1,K10143,,vv24120Ubiquitin_mediated_proteolysis,
746,VIT_12s0142g00760,19,0.0091,Leucine-rich repeat protein kinase,,,,
747,VIT_17s0000g07460,18,0.0088,Pentatricopeptide repeat-containing protein,,,,
748,VIT_18s0001g15730,18,0.0087,Dof zinc finger protein DOF3.5,DOF1_5_2,,vv60015C2C2-DOF,
749,VIT_08s0007g01750,18,0.0087,Acetyl co-enzyme A carboxylase carboxyltransferase alpha subunit,E6_4_1_2,,vv10061Fatty_acid_biosynthesis,vv10620Pyruvate_metabolism
750,VIT_19s0090g01170,18,0.0087,UPF0041,,,,
751,VIT_08s0007g00720,18,0.0087,Ring-H2 finger C2A,RHC2A,,vv60078Other_zf-C3HC4,
752,VIT_14s0083g00030<br>VIT_14s0006g03290<br>VIT_14s0083g00010<br>VIT_14s0083g00020,18,0.0087,
753,VIT_13s0067g01680,18,0.0087,Unknown protein,,,,
754,VIT_01s0011g03900,18,0.0087,Receptor serine/threonine kinase PR5K,,,,
755,VIT_08s0040g02960,18,0.0087,Unknown,,,,
756,VIT_15s0046g02110,17,0.0083,Late embryogenesis abundant protein Lea14-A,,,,
757,VIT_19s0014g04920,17,0.0082,(-)-germacrene D synthase,E4_2_3_22,,vv10900Terpenoid_biosynthesis,
758,VIT_00s0301g00180,17,0.0082,NADPH quinone oxidoreductase,E1_6_5_5,,vv10740Riboflavin_metabolism,
759,VIT_15s0048g02490,17,0.0082,Catechol O-methyltransferase,E2_1_1_6,,vv10350Tyrosine_metabolism,
760,VIT_13s0084g00270,17,0.0082,Unknown protein,,,,
761,VIT_13s0019g01530,16,0.0078,Adaptor-related protein complex 3  beta 2 subunit,AP3B2,,vv50110Protein_coat,
762,VIT_17s0000g05570,16,0.0078,Receptor protein kinase,,,,
763,VIT_06s0080g00030,16,0.0077,Aldo/keto reductase,E1_1_1_21,,vv10040Pentose_glucuronate_interconversion,vv10051Fructose_and_mannose_metabolism
764,VIT_15s0045g01150,15,0.0073,No hit,,,,
765,VIT_09s0002g03460,15,0.0073,Taurine dioxygenase,E1_14_11_17,,vv10272Cysteine_metabolism,
766,VIT_03s0063g01730,15,0.0073,Viral-response family protein-like,,,,
767,VIT_14s0006g00920,15,0.0073,Unknown protein,,,,
768,VIT_18s0075g01070,15,0.0073,No hit,,,,
769,VIT_05s0077g00740,15,0.0073,Prefoldin subunit 3,,,,
770,VIT_12s0028g03480,15,0.0073,Wax synthase,E2_3_1_75,,vv11000Single_reactions,
771,VIT_00s1683g00010,15,0.0073,Wound-responsive protein,,,,
772,VIT_05s0020g03090,15,0.0072,Chloride channel protein (CLC-d),K05393_CLCD,,vv50124Porters_cat_30_to_64,
773,VIT_12s0059g01090,15,0.0072,Early-responsive to dehydration,,,,
774,VIT_11s0118g00650,15,0.0072,Unknown,,,,
775,VIT_15s0046g00650,15,0.0072,Wax synthase,E2_3_1_75,,vv11000Single_reactions,
776,VIT_17s0000g06630,15,0.0072,Unknown protein,,,,
777,VIT_10s0116g00630,15,0.0072,Unknown protein,,,,
778,VIT_15s0046g01940,15,0.0072,Mechanosensitive ion channel,MSCSREL,,vv50101Channels_and_pores,
779,VIT_00s0253g00070,14,0.0068,Unknown,,,,
780,VIT_11s0052g01200,14,0.0068,Xyloglucan endotransglucosylase/hydrolase 23,E2_4_1_207,,vv40006Cell_wall,
781,VIT_08s0007g06280,14,0.0068,Unknown,,,,
782,VIT_14s0006g02490,14,0.0068,ATP binding protein,,,,
783,VIT_03s0017g00900<br>VIT_05s0102g01010,14,0.0068,
784,VIT_00s0304g00010,13,0.0063,Unknown protein,,,,
785,VIT_17s0000g02700,13,0.0063,Alpha-dioxygenase 2,K10529,,vv10592alpha-Linolenic_acid_metabolism,
786,VIT_10s0003g01480,13,0.0063,BIN2 (brassinosteroid-insensitive 2),BIN2,,vv30005Brassinosteroids_signaling,
787,VIT_17s0119g00350,13,0.0063,3 4-dihydroxy-2-butanone kinase,E2_7_1_29,,vv10561Glycerolipid_metabolism,
788,VIT_14s0030g01900,13,0.0063,Ribose-5-phosphate isomerase,E5_3_1_6,,vv10030Pentose_phosphate,vv10710Carbon_fixation
789,VIT_03s0038g04040,13,0.0063,Aminoacylase-1,E3_5_1_14,,vv10220Urea_cycle_and_metabolism_of_amino_groups,
790,VIT_18s0001g01940,12,0.0058,Ripening regulated protein DDTFR8,,,,
791,VIT_01s0010g02970,12,0.0058,Calcium-binding protein CML,K13448,,vv34626Plant-pathogen_interaction,
792,VIT_16s0039g00740,12,0.0058,Histone-lysine N-methyltransferase ASHH3,E2_1_1_43ASHH3_1,,vv10300Lysine_biosynthesis,vv60056SET_PCG
793,VIT_03s0038g01110,12,0.0058,Auxin-responsive SAUR31,SAUR31,,vv30003Auxin_signaling,
794,VIT_08s0007g06670,12,0.0058,Homeobox-leucine zipper protein 14,HAT14_1,VvHB32,vv60034HB,
795,VIT_10s0003g04070,12,0.0058,Metallo-beta-lactamase,E3_5_2_6,,vv10311Penicillin_and_cephalosporin_biosynthesis,
796,VIT_13s0106g00070,12,0.0058,Ankyrin repeat protein,K10380,,vv50108Accessory_factors_involved_in_transport,
797,VIT_08s0007g02540,12,0.0058,Unknown protein,,,,
798,VIT_00s1557g00010,12,0.0058,Lectin-receptor like protein kinase 3,,,,
799,VIT_01s0137g00070,12,0.0058,B-keto acyl reductase,,,,
800,VIT_18s0001g02740,12,0.0058,Photosystem II 22 kDa protein PSBS,K03542,,vv10195Photosynthesis,
801,VIT_12s0057g00370,12,0.0057,Polygalacturonase PGA3,E3_2_1_15,,vv40006Cell_wall,
802,VIT_19s0090g00510,11,0.0053,Unknown protein,,,,
803,VIT_06s0004g05460,11,0.0053,Protein phosphatase 2C DBP,DBPPP2C_6,,vv30001ABA_signaling,vv60024DBP
804,VIT_08s0007g08560,10,0.0049,Cytoplasmic tRNA 2-thiolation protein 2,K14169,,vv24122Sulfur_relay_system,
805,VIT_15s0046g00500,10,0.0048,Wax synthase,E2_3_1_75,,vv11000Single_reactions,
806,VIT_04s0043g01010,10,0.0048,Violaxanthin de-epoxidase,E1_10_99_3,,vv10906Carotenoid_biosynthesis,
807,VIT_08s0040g02740,10,0.0048,Pectate lyase,E4_2_2_2,,vv40006Cell_wall,
808,VIT_08s0040g03040,10,0.0048,Glutathione S-transferase GSTO1,E2_5_1_18_GSTO1,,vv10480Glutathione_metabolism,
809,VIT_14s0068g02020,10,0.0048,YrdC,,,,
810,VIT_05s0077g01410,10,0.0048,No hit,,,,
811,VIT_16s0022g00700,10,0.0048,Pectinesterase family,E3_1_1_11,,vv40006Cell_wall,
812,VIT_03s0038g02110,10,0.0048,Co-chaperone-curved DNA binding protein A,K05516,,vv50132Primary_active_transporter_cat_A5_to_A8,
813,VIT_09s0096g00620<br>VIT_09s0096g00270<br>VIT_09s0096g00510<br>VIT_09s0096g00280<br>VIT_09s0096g00550,9,0.0044,
814,VIT_15s0021g00480,9,0.0044,Dynamin-like protein 2b,E3_6_5_5,,vv50109Incompletely_characterized_transport_systems,vv50110Protein_coat
815,VIT_05s0020g03370,9,0.0044,5-nucleotidase surE,E3_1_3_2,,vv10740Riboflavin_metabolism,
816,VIT_08s0040g03070,9,0.0044,TTG2 (transparent testa GLABRA 2),TTG2,VvWRKY26,vv44110Cell_cycle,vv60066WRKY
817,VIT_00s0181g00070,9,0.0044,ARV2,,,,
818,VIT_11s0016g02210,9,0.0044,GATA transcription factor 24,GAT24,,vv60016C2C2-GATA,
819,VIT_19s0085g00010,9,0.0044,Auxin-regulated protein,AUXREG,,vv30003Auxin_signaling,
820,VIT_18s0001g02460,9,0.0044,Unknown protein,,,,
821,VIT_06s0004g02230,9,0.0044,Unknown protein,,,,
822,VIT_01s0010g00820,9,0.0044,2-oxoglutarate decarboxylase,E4_1_1_71,,vv10251Glutamate_metabolism,
823,VIT_16s0098g01260,9,0.0044,Intramitochondrial sorting protein MSP1 protein,MSP1,,vv50133Primary_active_transporter_cat_A9_to_A18,
824,VIT_02s0087g00610,9,0.0044,Unknown protein,,,,
825,VIT_01s0026g02730,9,0.0044,Anaphase-promoting complex component APC2,K03349,,vv24120Ubiquitin_mediated_proteolysis,vv44110Cell_cycle
826,VIT_14s0128g00400,9,0.0044,Ras homolog gene family  member T1,K07870,,,
827,VIT_18s0001g10120,9,0.0044,SPla/RYanodine receptor (SPRY) domain-containing protein,,,,
828,VIT_13s0156g00500,9,0.0043,R protein disease resistance protein,RPROT,,vv34627R_proteins_from_Plant-pathogen_interaction,
829,VIT_05s0051g00910,9,0.0043,Unknown protein,,,,
830,VIT_05s0124g00330,9,0.0043,Survival of motor neuron protein-interacting protein 1,K13130,,vv23013RNA_transport,
831,VIT_11s0016g02060,9,0.0043,RecA,K03553,,vv23440Homologous_recombination,
832,VIT_03s0180g00210,9,0.0043,Myb domain protein R1,MYBR1_2,MYB171,vv60044MYB,
833,VIT_01s0011g06010,9,0.0043,Vacuolar iron transporter 1,VIT1,,vv50125Porters_cat_66_to_94,
834,VIT_15s0048g00530,9,0.0043,Auxin-responsive SAUR11,SAUR11,,vv30003Auxin_signaling,
835,VIT_02s0012g01000,9,0.0043,Protein tyrosine phosphatase,K01104,,,
836,VIT_02s0025g04210,9,0.0043,UDP-glucose 4-epimerase,E5_1_3_2,,vv10052Galactose_metabolism,vv10520Nucleotide_sugars_metabolism
837,VIT_18s0001g04140,9,0.0043,Vacuolar protein sorting 9 (VPS9),VPS9A,,vv50110Protein_coat,
838,VIT_14s0068g00370,9,0.0043,No hit,,,,
839,VIT_19s0014g00060,9,0.0043,FRIGIDA protein,FRIGIDA,,vv30009Flower_development,
840,VIT_18s0001g06560,9,0.0043,No hit,,,,
841,VIT_07s0104g01360,9,0.0043,Constans-like 13,COL13,,vv30009Flower_development,vv34710Circadian_rhythm
842,VIT_19s0090g00690,9,0.0043,Unknown protein,,,,
843,VIT_14s0060g01000,9,0.0043,Werner Syndrome exonuclease (WEX),K01146,,,
844,VIT_08s0040g00230,9,0.0043,Exportin 7,XPO7,,vv50112Nuclear_pore_complex,
845,VIT_18s0041g02270,9,0.0043,12-oxophytodienoate reductase 2,E1_3_1_42,,vv10592alpha-Linolenic_acid_metabolism,
846,VIT_11s0016g02890,8,0.0039,Dual specificity protein phosphatase,,,,
847,VIT_11s0103g00020,8,0.0039,No hit,,,,
848,VIT_05s0077g00880,8,0.0039,Peroxidase,E1_11_1_7,,vv10360Phenylalanine_metabolism,vv10680Methane_metabolism
849,VIT_19s0014g03090,7,0.0034,CBS domain-containing protein,,,,
850,VIT_04s0023g01060,7,0.0034,Proton gradient regulation 3,PGR3,,,
851,VIT_08s0056g00770,7,0.0034,Unknown protein,,,,
852,VIT_11s0016g03830,7,0.0034,Protein kinase,,,,
853,VIT_19s0090g01680,7,0.0034,Receptor-like kinase 902,,,,
854,VIT_00s0349g00020,7,0.0034,Unknown protein,,,,
855,VIT_13s0019g01180,7,0.0034,Glucan endo-1 3-beta-glucosidase precursor,E3_2_1_39,,vv10500Starch_and_sucrose_metabolism,
856,VIT_04s0008g02050,7,0.0034,Hydrolase  alpha/beta fold,,,,
857,VIT_09s0002g02690,7,0.0034,3'-5' exonuclease domain-containing protein,K01146,,,
858,VIT_09s0002g01630,7,0.0034,Band 7 family,BAND7,,vv50108Accessory_factors_involved_in_transport,
859,VIT_13s0047g00830,7,0.0034,No hit,,,,
860,VIT_04s0008g01700,6,0.0029,Unknown protein,,,,
861,VIT_02s0488g00020,6,0.0029,Palmitoyl-protein thioesterase 1 precursor,E3_1_2_22,,vv10062Fatty_acid_elongation_in_mitochondria,
862,VIT_01s0026g01640,6,0.0029,Band 7 family,BAND7,,vv50108Accessory_factors_involved_in_transport,
863,VIT_16s0098g01220,6,0.0029,RabGAP/TBC domain-containing protein,,,,
864,VIT_02s0025g03550,6,0.0029,Protein kinase,,,,
865,VIT_08s0007g07540,6,0.0029,HNH endonuclease domain-containing protein,,,,
866,VIT_13s0074g00210,6,0.0029,Pyruvate kinase,E2_7_1_40,,vv10010Glycolysis,vv10230Purine_metabolism
867,VIT_08s0007g01510,6,0.0029,Phosphatidic acid phosphatase / PAP2,E3_1_3_4,,vv10561Glycerolipid_metabolism,vv10564Glycerophospholipid_metabolism
868,VIT_01s0010g02760,6,0.0029,Urease,E3_5_1_5,,vv10220Urea_cycle_and_metabolism_of_amino_groups,
869,VIT_19s0014g03720,6,0.0029,Unknown protein,,,,
870,VIT_09s0054g00930,6,0.0029,7-dehydrocholesterol reductase,E1_3_1_21,,vv10100Biosynthesis_of_steroids,
871,VIT_05s0102g00370,6,0.0029,Receptor protein kinase (ACR4),,,,
872,VIT_10s0116g01870,6,0.0029,MATE efflux family protein,MATE,,vv50125Porters_cat_66_to_94,
873,VIT_00s0174g00130,6,0.0029,far-red impaired responsive family protein,FRSFAM_7,,vv60071Orphans_far-red,
874,VIT_00s0854g00020,6,0.0029,No hit,,,,
875,VIT_02s0025g04360,6,0.0029,S-N-methylcoclaurine 3'-hydroxylase,E1_14_13_71,,vv10950Alkaloid_biosynthesis_I,
876,VIT_03s0038g04500,6,0.0029,Bifunctional dihydrofolate reductase-thymidylate synthase 1,K13998,,vv10240Pyrimidine_metabolism,vv10670One_carbon_pool_by_folate
877,VIT_04s0023g00700,6,0.0029,Serine carboxypeptidase S10,,,,
878,VIT_18s0001g11160,6,0.0029,Unknown protein,,,,
879,VIT_18s0001g09290,6,0.0029,Unknown protein,,,,
880,VIT_10s0003g04250,6,0.0029,Glutathione S-transferase GSTU22,E2_5_1_18_GSTU22,,vv10480Glutathione_metabolism,
881,VIT_12s0035g00010,6,0.0029,DNA (cytosine-5)-methyltransferase (ATHIM),E2_1_1_37,,vv10271Methionine_metabolism,
882,VIT_19s0014g01400,6,0.0029,Agenet domain-containing protein,,,,
883,VIT_01s0011g00020,6,0.0029,No hit,,,,
884,VIT_01s0182g00020,6,0.0029,Ankyrin repeat family protein,,,,
885,VIT_16s0050g01570,6,0.0029,Synbindin TRAPPC1,TRAPPC1,,vv50110Protein_coat,
886,VIT_07s0031g00800,6,0.0029,Cyclin-dependent kinase inhibitor KIP-related protein 7,KRP7,,vv44110Cell_cycle,
887,VIT_12s0035g01180,6,0.0029,Protein kinase CRK1 protein,,,,
888,VIT_11s0103g00010,6,0.0029,Potassium-sodium symporter HKT2,HKT1,,vv50124Porters_cat_30_to_64,
889,VIT_12s0035g00200,6,0.0029,Phospholipase D,PLDB1,,vv10564Glycerophospholipid_metabolism,vv10565Ether_lipid_metabolism
890,VIT_16s0013g01130,6,0.0029,No hit,,,,
891,VIT_14s0060g00490,6,0.0029,No hit,,,,
892,VIT_13s0074g00220,6,0.0029,flavonol 3-O-methyltransferase,E2_1_1_76,,vv10941Flavonoid_biosynthesis,
893,VIT_04s0008g05560,6,0.0029,IAA29,IAA29_1,,vv30003Auxin_signaling,vv60008AUXIAA
894,VIT_19s0138g00140,6,0.0029,ATSYTE/NTMC2T6.1/NTMC2TYPE6.1/SYTE,NTMC2T6_1,,vv50109Incompletely_characterized_transport_systems,
895,VIT_19s0015g00180,6,0.0029,Unknown protein,,,,
896,VIT_00s2525g00010,6,0.0029,Unknown,,,,
897,VIT_19s0014g04960,6,0.0029,Nodulation receptor kinase,,,,
898,VIT_03s0038g03870,6,0.0029,Calcium ion binding protein,,,,
899,VIT_19s0085g01010,6,0.0029,No hit,,,,
900,VIT_16s0039g00400,6,0.0029,Aminopeptidase,,,,
901,VIT_06s0009g03690,6,0.0029,F-box domain containing protein,,,,
902,VIT_12s0035g01480,6,0.0029,No hit,,,,
903,VIT_12s0034g01030,6,0.0029,R protein MLA10,K13475,,vv34627R_proteins_from_Plant-pathogen_interaction,
904,VIT_04s0044g01040,6,0.0029,Basic helix-loop-helix (bHLH) family,BHLHDOM_94,,vv60011BHLH,
905,VIT_00s0240g00050,4,0.0019,Glutathione S-transferase 8 GSTU19,E2_5_1_18_GSTU19,,vv10480Glutathione_metabolism,
906,VIT_05s0051g00660,4,0.0019,Octicosapeptide/Phox/Bem1p; Protein kinase,,,,
907,VIT_13s0064g01090,4,0.0019,Zinc finger (CCCH-type) family protein,CCCHFAM_34,,vv60018C3H,
908,VIT_06s0004g03500,4,0.0019,No hit,,,,
909,VIT_12s0028g00310,4,0.0019,Protein kinase family,,,,
910,VIT_06s0004g07000,4,0.0019,Myb family,MYBGE_6,,vv60029G2-like,
911,VIT_06s0004g05530,4,0.0019,Serine/threonine protein phosphatase PP1,K06269,,vv10500Starch_and_sucrose_metabolism,
912,VIT_15s0024g00960<br>VIT_05s0094g00980<br>VIT_19s0014g03980<br>VIT_14s0036g00820,4,0.0019,
913,VIT_11s0016g02910,3,0.0015,Acid phosphatase class B,E3_1_3_2,,vv10740Riboflavin_metabolism,
914,VIT_00s0229g00120,3,0.0015,Ternary complex factor MIP1,,,,
915,VIT_06s0004g06800,3,0.0015,PHD finger transcription factor,PHDFG_18,,vv60048PHD,
916,VIT_13s0156g00470,3,0.0015,No hit,,,,
917,VIT_07s0031g00770,3,0.0015,Unknown protein,,,,
918,VIT_11s0037g00650,3,0.0015,Replication factor A 1  rfa1,K07466,,vv23030DNA_replication,vv23420Nucleotide_excision_repair
919,VIT_04s0044g01650,3,0.0015,GA 20-oxidase 2,E1_14_11_12,,vv10904Diterpenoid_biosynthesis,
920,VIT_00s0125g00100,3,0.0015,Protein kinase,,,,
921,VIT_08s0007g00430,3,0.0015,C2 domain containing protein,,,,
922,VIT_12s0028g00960,3,0.0015,Phytoene synthase  chloroplast precursor,E2_5_1_32,,vv10100Biosynthesis_of_steroids,vv10900Terpenoid_biosynthesis
923,VIT_00s2213g00010,3,0.0015,CTV.20,,,,
924,VIT_18s0001g02630,3,0.0015,F-box only protein 9,,,,
925,VIT_03s0038g01830,3,0.0015,Proline-rich protein 4,,,,
926,VIT_11s0052g01470,3,0.0015,Receptor kinase TRKe,,,,
927,VIT_19s0090g00400,3,0.0015,Zinc finger (C3HC4-type ring finger),ZFC3HC4_83,,vv60078Other_zf-C3HC4,
928,VIT_10s0116g00530,3,0.0015,Thiazole biosynthetic enzyme  chloroplast (ARA6),E2_5_1_3,,vv10730Thiamine_metabolism,
929,VIT_16s0098g00480,3,0.0015,Lipase class 3,,,,
930,VIT_14s0006g01530,3,0.0015,Armadillo/beta-catenin repeat,,,,
931,VIT_19s0135g00060,3,0.0015,Glyoxalase II,E3_1_2_6,,vv10620Pyruvate_metabolism,
932,VIT_18s0117g00600,3,0.0015,Laccase,E1_10_3_2,,vv11000Single_reactions,vv50109Incompletely_characterized_transport_systems
933,VIT_18s0089g00360,3,0.0015,Eukaryotic translation initiation factor SUI1,,,,
934,VIT_14s0030g01410,3,0.0015,GCN5 N-acetyltransferase (GNAT),GCN5_28,,vv60082GNAT,
935,VIT_15s0048g00210,3,0.0015,Unknown protein,,,,
936,VIT_00s0282g00010,3,0.0015,Methionine sulfoxide reductase,E1_8_4_11,,vv10271Methionine_metabolism,
937,VIT_04s0023g01950,3,0.0015,TUBBY like protein 2 TLP2,TLP2,,vv60063TUB,
938,VIT_05s0020g03700,3,0.0015,GCN5 N-acetyltransferase (GNAT),GCN5_9,,vv60082GNAT,
939,VIT_05s0077g01940,3,0.0015,Acyl-CoA dehydrogenase (ibr3),E1.3.99.3_IBR3,,vv10071Fatty_acid_metabolism,vv10280Valine_leucine_and_isoleucine_degradation
940,VIT_18s0001g10450,3,0.0015,ABA-responsive element-binding protein 2 (AREB2),AREB2,VvbZIP45,vv30001ABA_signaling,vv60012BZIP
941,VIT_03s0038g00860,3,0.0015,BZIP transcription factor,BZIPDOM_4,VvbZIP05,vv60012BZIP,
942,VIT_04s0023g02280,3,0.0015,S-adenosyl-L-methionine:salicylic acid carboxyl methyltransferase,SAMTBSCMT,,vv10360Phenylalanine_metabolism,
943,VIT_01s0010g03910,3,0.0015,Squamosa promoter-binding protein 13 (SPL13),SPL13_2,,vv60055SBP,
944,VIT_13s0139g00230,3,0.0015,R protein disease resistance protein,RPROT,,vv34627R_proteins_from_Plant-pathogen_interaction,
945,VIT_14s0219g00050,3,0.0015,Myb domain protein 40,MYB40,MYB40,vv60044MYB,
946,VIT_04s0044g00130,3,0.0015,Unknown protein,,,,
947,VIT_15s0046g03540,3,0.0015,No hit,,,,
948,VIT_13s0067g03740,3,0.0015,Pinene synthase,E4_2_3_14,,vv10902Monoterpenoid_biosynthesis,
949,VIT_06s0080g00530<br>VIT_06s0004g07600<br>VIT_06s0004g07580,3,0.0015,
950,VIT_12s0055g00100,3,0.0015,Anthranilate synthase component 1,E4_1_3_27,,vv10400Phenylalanine_tyrosine_and_tryptophan_biosynthesis,
951,VIT_18s0001g03590,3,0.0015,Histidyl-tRNA synthetase,E6_1_1_21,,vv10340Histidine_metabolism,vv20970Aminoacyl-tRNA_biosynthesis
952,VIT_15s0046g03720,3,0.0015,Unknown,,,,
953,VIT_00s0524g00030,3,0.0015,Armadillo/beta-catenin repeat protein / U-box domain-containing protein,,,,
954,VIT_18s0001g15600,3,0.0015,Vacuolar protein sorting 45,VPS45,,vv24130SNARE_interactions_in_vesicular_transport,
955,VIT_08s0040g00020,3,0.0014,Thioredoxin H,,,,
956,VIT_18s0001g02480,3,0.0014,Unknown protein,,,,
957,VIT_02s0012g01090,3,0.0014,RNA-binding protein P67,,,,
958,VIT_00s0131g00140,3,0.0014,Annexin ANN3,ANN3,,vv50101Channels_and_pores,
959,VIT_14s0068g00640,3,0.0014,Acetyl-CoA synthetase,E6_2_1_1,,vv10010Glycolysis,vv10620Pyruvate_metabolism
960,VIT_05s0020g00220<br>VIT_05s0020g04830,3,0.0014,
961,VIT_08s0007g08310,3,0.0014,Alkaline alpha galactosidase,E3_2_1_22,,vv10052Galactose_metabolism,vv10561Glycerolipid_metabolism
962,VIT_16s0039g01650,3,0.0014,Transporter-related,TRANSPORTERUNK,,vv50109Incompletely_characterized_transport_systems,
963,VIT_17s0119g00390,3,0.0014,No hit,,,,
964,VIT_04s0069g00630,3,0.0014,Glutamate receptor 2.8,GLR2_8,,vv50101Channels_and_pores,
965,VIT_04s0008g03090,3,0.0014,Unknown protein,,,,
966,VIT_05s0062g00700,3,0.0014,UDP-glucose:flavonoid 7-O-glucosyltransferase,E2_4_1_237,,vv10941Flavonoid_biosynthesis,
967,VIT_12s0057g01030,3,0.0014,Glucose-6-phosphate 1-dehydrogenase 2  chloroplast precursor,E1_1_1_49,,vv10030Pentose_phosphate,vv10480Glutathione_metabolism
968,VIT_16s0098g00750,3,0.0014,Calcium ion binding,,,,
969,VIT_02s0154g00040,3,0.0014,Thylakoid lumenal protein,,,,
970,VIT_13s0084g00830,3,0.0014,Unknown protein,,,,
971,VIT_06s0009g01290,3,0.0014,Unknown,,,,
972,VIT_12s0059g00670,3,0.0014,NADP-dependent oxidoreductase,E1_6_5_5,,,
973,VIT_15s0048g02050,3,0.0014,Hydrolase  alpha/beta fold family protein  expressed,,,,
974,VIT_10s0003g05580,3,0.0014,Carbohydrate oxidase,,,,
975,VIT_17s0000g08110,3,0.0014,Nodulin MtN3,,,,
976,VIT_05s0077g01460,3,0.0014,No hit,,,,
977,VIT_01s0011g04970,3,0.0014,SEC12-like protein 2 STL2P,K14003,,vv24141Protein_processing_in_endoplasmic_reticulum,vv50110Protein_coat
978,VIT_08s0040g00480,3,0.0014,Unknown,,,,
979,VIT_03s0038g02490,3,0.0014,SKP1,K03094,,vv24120Ubiquitin_mediated_proteolysis,vv24141Protein_processing_in_endoplasmic_reticulum
980,VIT_13s0064g01180,3,0.0014,Unknown protein,,,,
981,VIT_13s0074g00460,3,0.0014,No hit,,,,
982,VIT_18s0001g11760,3,0.0014,MATE efflux family protein,MATE,,vv50125Porters_cat_66_to_94,
983,VIT_16s0013g00640,3,0.0014,No hit,,,,
984,VIT_04s0008g06550,3,0.0014,NAC domain-containing protein 25,NAC025_1,VvNAC66,vv60046NAC,
985,VIT_00s1356g00010,3,0.0014,Zinc finger (C2H2 type) family,C2H2FAM_15,,vv60017C2H2,
986,VIT_19s0014g04730,3,0.0014,Unknown protein,,,,
987,VIT_08s0105g00340,3,0.0014,NLI interacting factor (NIF),NIF,,vv50132Primary_active_transporter_cat_A5_to_A8,
988,VIT_18s0001g14800,3,0.0014,Lipase 3 (EXL3) family II extracellular,,,,
989,VIT_12s0142g00120,3,0.0014,Nuclear movement protein,,,,
990,VIT_01s0137g00700,3,0.0014,Lipase GDSL,,,,
991,VIT_11s0016g02870,3,0.0014,Peptidase alpha subunit  Mitochondrial,E3_4_24_64,,,
992,VIT_14s0081g00670,3,0.0014,DNA-binding protein,,,,
993,VIT_00s1491g00020,3,0.0014,Lil3 protein,LIL3_1,,,
994,VIT_04s0008g05880,3,0.0014,CHD3-type chromatin-remodeling factor PICKLE,PICKLE_2,,vv60048PHD,
995,VIT_00s0264g00020,3,0.0014,Zinc finger (C3HC4-type ring finger),ZFC3HC4_156,,vv60078Other_zf-C3HC4,
996,VIT_10s0116g00310,3,0.0014,Auxin response factor 9,ARF9_1,,vv30003Auxin_signaling,vv60004ARF
997,VIT_14s0006g02550,3,0.0014,Non-specific lipid-transfer protein 2 (LTP 2),,,,
998,VIT_12s0059g02500,3,0.0014,Constans-like 11,COL11_1,,vv30009Flower_development,vv34710Circadian_rhythm
999,VIT_13s0074g00200,3,0.0014,MRNA cap guanine-N7 methyltransferase 1,K00565,,vv10271Methionine_metabolism,vv23015mRNA_surveillance_pathway
1000,VIT_10s0042g00580,3,0.0014,Zinc finger (C3HC4-type ring finger),ZFC3HC4_199,,vv60078Other_zf-C3HC4,
1001,VIT_17s0000g02950,3,0.0014,Glutathione S-transferase 25 GSTU7,E2_5_1_18_GSTU7,,vv10480Glutathione_metabolism,
1002,VIT_18s0001g05950,3,0.0014,Cis-zeatin O-beta-D-glucosyltransferase,E2_4_1_215,,vv10908Zeatin_biosynthesis,
1003,VIT_18s0001g08190,3,0.0014,No hit,,,,
1004,VIT_11s0016g01200,3,0.0014,Mob1/phocein,K06685,,vv44110Cell_cycle,
1005,VIT_00s2380g00010,3,0.0014,S-locus lectin protein kinase,,,,
