Vv_m2,2000,1000,VIT_06s0004g01500
rank,node,Fabs,Frel,Functional-annotation,Name-EC-KeggID,Updated-name,Network1,Network2
1,VIT_09s0002g07790,2075,1.0000,Ubiquitin-conjugating enzyme 16 UBC16,K10688,,vv24120Ubiquitin_mediated_proteolysis,
2,VIT_06s0004g01470,2083,1.0000,Lipoxygenase LOX1,E1_13_11_12,,vv10592alpha-Linolenic_acid_metabolism,
3,VIT_07s0005g03970,2083,1.0000,Peptide transporter protein 3,PTR3,,vv50122Porters_cat_7_to_17,
4,VIT_04s0008g05110,2069,0.9995,Unknown,,,,
5,VIT_13s0067g02360,2073,0.9981,Peroxidase  class III,E1_11_1_7,,vv10360Phenylalanine_metabolism,vv10680Methane_metabolism
6,VIT_03s0038g03090,2067,0.9961,Catechol O-methyltransferase,E2_1_1_6,,vv10350Tyrosine_metabolism,
7,VIT_15s0048g01500,2067,0.9961,Geraniol 10-hydroxylase,G10H,,vv10902Monoterpenoid_biosynthesis,
8,VIT_05s0094g00560,2051,0.9956,Stearoyl-ACP desaturase,E1_14_19_2,,vv11040Biosynthesis_of_unsaturated_fatty_acids,
9,VIT_08s0007g06010,2047,0.9947,Beta 1-3 glucanase [Vitis vinifera],E3_2_1_6,,,
10,VIT_10s0003g03550,2064,0.9942,Lupeol synthase,E5_4_99_8,,vv10100Biosynthesis_of_steroids,
11,VIT_12s0035g00060,2045,0.9937,DNA (cytosine-5)-methyltransferase,E2_1_1_37,,vv10271Methionine_metabolism,
12,VIT_01s0011g00990,2041,0.9908,RPM1 (resistance to p. syringae pv maculicola 1),K13457,,vv34626Plant-pathogen_interaction,
13,VIT_16s0022g01070,2044,0.9851,Chalcone synthase [Vitis vinifera],E2_3_1_74,,vv10941Flavonoid_biosynthesis,
14,VIT_06s0004g01480,2036,0.9831,Lipoxygenase LOX1,E1_13_11_12,,vv10592alpha-Linolenic_acid_metabolism,
15,VIT_01s0011g00970,2043,0.9808,RPM1 (resistance to p. syringae pv maculicola 1),K13457,,vv34626Plant-pathogen_interaction,
16,VIT_05s0124g00230,2020,0.9792,F-box domain containing protein,,,,
17,VIT_09s0002g03000,2025,0.9768,Leucine-rich repeat protein kinase,,,,
18,VIT_11s0037g00680,2021,0.9759,Leucine Rich Repeat receptor-like kinase,,,,
19,VIT_13s0064g01040,2027,0.9741,No hit,,,,
20,VIT_06s0061g00980,2010,0.9687,Prolylcarboxypeptidase,E3_4_16_2,,,
21,VIT_00s0353g00030,2009,0.9687,S-locus lectin protein kinase,,,,
22,VIT_00s0199g00290,1996,0.9680,No hit,,,,
23,VIT_08s0058g01470,1993,0.9670,No hit,,,,
24,VIT_03s0017g00970,1996,0.9638,No hit,,,,
25,VIT_13s0156g00050,1999,0.9629,Male sterility 2 (MS2) protein,,,,
26,VIT_12s0035g00550,1981,0.9621,Unknown protein,,,,
27,VIT_17s0000g03330,1992,0.9614,Receptor serine/threonine kinase PR5K,,,,
28,VIT_07s0005g01520,1974,0.9578,WRKY DNA-binding protein 35,WRKY35,VvWRKY18,vv60066WRKY,
29,VIT_05s0051g00120,1969,0.9544,N-6 Adenine-specific DNA methylase,E2_1_1_72,,vv10271Methionine_metabolism,
30,VIT_05s0094g00580,1974,0.9518,Stearoyl-CoA 9-desaturase,E1_14_19_1,,vv11040Biosynthesis_of_unsaturated_fatty_acids,
31,VIT_12s0035g00150,1978,0.9496,Leucine Rich Repeat receptor-like kinase,,,,
32,VIT_14s0128g00790,1948,0.9433,Lipoxygenase (LOX1),E1_13_11_12,,vv10592alpha-Linolenic_acid_metabolism,
33,VIT_14s0066g00760,1950,0.9429,Disease resistance protein (NBS-LRR class),,,,
34,VIT_06s0061g00250,1945,0.9428,ABC transporter G member 7,ABCG7,,vv52010ABC_transporters,
35,VIT_08s0058g00060,1941,0.9377,Receptor Like Protein 26,,,,
36,VIT_18s0001g14810,1937,0.9367,Lipase 3 (EXL3) family II extracellular,,,,
37,VIT_14s0006g00570,1926,0.9331,Unknown protein,,,,
38,VIT_06s0004g04000,1928,0.9296,Beta-ketoacyl-CoA synthase,E2_3_1_41,,vv10061Fatty_acid_biosynthesis,
39,VIT_19s0015g02080,1911,0.9232,(-)-germacrene D synthase,E4_2_3_22,,vv10900Terpenoid_biosynthesis,
40,VIT_00s0203g00170,1913,0.9210,Myb domain protein 92,MYB92_1,MYB136,vv60044MYB,
41,VIT_18s0041g00520,1887,0.9174,Proton-dependent oligopeptide transport (POT) family protein,POT,,vv50122Porters_cat_7_to_17,
42,VIT_16s0022g01670,1893,0.9172,Receptor kinase LRK10,,,,
43,VIT_15s0048g01570,1895,0.9155,CYP76C2,,,,
44,VIT_13s0067g03750,1888,0.9147,Stigma/style ABC transporter WBC19,WBC19,,vv52010ABC_transporters,
45,VIT_09s0002g02980,1887,0.9134,FRK1 (FLG22-induced receptor-like kinase 1),FRK1,,vv34626Plant-pathogen_interaction,
46,VIT_19s0135g00250,1889,0.9126,Ankyrin repeat protein,K10380,,vv50108Accessory_factors_involved_in_transport,
47,VIT_19s0085g00890,1888,0.9099,Myb APL (altered phloem development),APL,,vv60029G2-like,
48,VIT_13s0106g00200,1851,0.8916,Unknown,,,,
49,VIT_05s0094g00730,1847,0.8901,Stearoyl-acyl-carrier protein desaturase,E1_14_19_2,,vv11040Biosynthesis_of_unsaturated_fatty_acids,
50,VIT_18s0122g01460,1844,0.8887,CYP87A3,,,,
51,VIT_16s0013g00210,1837,0.8879,Metacaspase 1,,,,
52,VIT_07s0141g00070,1823,0.8832,Beta-keto-Coa synthase,,,,
53,VIT_11s0037g00770,1808,0.8794,Leucine Rich Repeat receptor-like kinase,,,,
54,VIT_16s0098g00740,1811,0.8778,Ovate family protein 10 OFP10,OFP10_1,,vv60086OFP,
55,VIT_15s0045g01600,1809,0.8743,Eceriferum 1 (CER1 protein) Sterol desaturase,,,,
56,VIT_09s0054g01280,1809,0.8739,Beta-amyrin synthase,E5_4_99_BAS,,vv10900Terpenoid_biosynthesis,
57,VIT_15s0024g00980,1799,0.8737,Amidase,E3_5_1_4,,vv10220Urea_cycle_and_metabolism_of_amino_groups,vv10360Phenylalanine_metabolism
58,VIT_11s0052g01780,1807,0.8704,1-deoxy-D-xylulose-5-phosphate synthase,E2_2_1_7,,vv10100Biosynthesis_of_steroids,
59,VIT_00s0480g00060,1799,0.8695,Polyphenol oxidase [Vitis vinifera],E1_10_3_1,,vv10350Tyrosine_metabolism,vv50109Incompletely_characterized_transport_systems
60,VIT_08s0040g01490,1801,0.8680,Unknown,,,,
61,VIT_00s0125g00430,1792,0.8670,Root hair defective 3 GTP-binding (RHD3),,,,
62,VIT_00s0228g00070<br>VIT_00s0228g00010<br>VIT_00s0411g00050,1781,0.8641,
63,VIT_19s0014g03820,1760,0.8511,Myb domain protein 102,MYB102_2,MYB145,vv60044MYB,
64,VIT_14s0066g01520,1756,0.8495,UDP-glucoronosyl and UDP-glucosyl transferase,,,,
65,VIT_15s0045g01520,1753,0.8481,Eceriferum 1 (CER1 protein) Sterol desaturase,,,,
66,VIT_09s0002g03100,1753,0.8469,Light repressible receptor protein kinase,,,,
67,VIT_08s0007g01480,1755,0.8454,TTL1 (tetratricopetide-repeat thioredoxin-like 1),TTL1,,vv50132Primary_active_transporter_cat_A5_to_A8,
68,VIT_08s0007g04350,1739,0.8357,Protein kinase,,,,
69,VIT_07s0191g00220,1717,0.8347,Unknown protein,,,,
70,VIT_02s0012g02340,1726,0.8346,CYP76C4,,,,
71,VIT_09s0002g07100,1724,0.8345,EMB2744 (embryo defective 2744),,,,
72,VIT_08s0007g02480,1703,0.8251,Lysine decarboxylase-like protein,LOG,,vv10908Zeatin_biosynthesis,
73,VIT_00s0374g00020,1697,0.8234,S-locus lectin protein kinase,,,,
74,VIT_05s0051g00780,1697,0.8210,Glutamate receptor protein,GLR2_7,,vv50101Channels_and_pores,
75,VIT_00s0357g00060<br>VIT_00s0357g00080<br>VIT_00s0556g00020<br>VIT_00s0895g00010,1683,0.8103,
76,VIT_01s0011g01840,1679,0.8084,No hit,,,,
77,VIT_13s0019g02430,1676,0.8069,LIM domain containing protein,LIMDOM_2,,vv60040LIM,
78,VIT_10s0116g01150,1658,0.8014,Unknown,,,,
79,VIT_05s0094g00740,1660,0.8012,Stearoyl-acyl-[acyl-carrier-protein] desaturase,E1_14_19_2,,vv11040Biosynthesis_of_unsaturated_fatty_acids,
80,VIT_02s0012g00400,1654,0.8010,1-aminocyclopropane-1-carboxylate oxidase,E1_14_17_4,,vv10640Propanoate_metabolism,vv30008Ethylene_signaling
81,VIT_05s0029g01180,1647,0.7995,Unknown,,,,
82,VIT_15s0046g03530,1637,0.7931,(+)-neomenthol dehydrogenase,E1_1_1_208,,vv10902Monoterpenoid_biosynthesis,
83,VIT_15s0021g00010,1637,0.7916,Eceriferum 1 (CER1 protein) Sterol desaturase,,,,
84,VIT_17s0000g08460,1629,0.7881,Carbonic anhydrase  chloroplast precursor,E4_2_1_1,,vv10910Nitrogen_metabolism,vv50124Porters_cat_30_to_64
85,VIT_09s0018g02100,1587,0.7700,Anthocyaninless2 (ANL2),ANL2_2,,vv60034HB,
86,VIT_19s0014g04080,1571,0.7593,Serine/threonine-protein kinase receptor ARK3,,,,
87,VIT_01s0010g03100,1565,0.7590,Malate dehydrogenase  cytoplasmic 1,E1_1_1_37,,vv10020Citrate_cycle,vv10620Pyruvate_metabolism
88,VIT_06s0004g01150,1566,0.7554,No hit,,,,
89,VIT_04s0008g05730,1554,0.7460,Sucrose-phosphate synthase,E2_4_1_14,,vv10500Starch_and_sucrose_metabolism,
90,VIT_17s0000g07680,1530,0.7442,Alpha-N-acetylglucosaminidase,E3_2_1_50,,vv10511N-Glycan_degradation,
91,VIT_18s0089g00390,1523,0.7390,Carboxyesterase18 CXE18,E3_1_1_1,,,
92,VIT_08s0007g05360,1542,0.7389,Strictosidine synthase,E4_3_3_2,,vv10900Terpenoid_biosynthesis,vv10902Monoterpenoid_biosynthesis
93,VIT_14s0060g00490,1530,0.7388,No hit,,,,
94,VIT_19s0085g00670,1533,0.7377,No hit,,,,
95,VIT_18s0086g00220,1527,0.7338,Lipase GDSL,,,,
96,VIT_00s0294g00080,1512,0.7301,Receptor kinase homolog LRK10,,,,
97,VIT_08s0040g01940,1481,0.7203,Zinc finger (C3HC4-type ring finger),ZFC3HC4_154,,vv60078Other_zf-C3HC4,
98,VIT_12s0035g00110,1496,0.7199,Leucine Rich Repeat receptor-like kinase,,,,
99,VIT_07s0095g00790,1476,0.7186,Homeodomain GLABROUS12,HDG12_1,,vv60034HB,
100,VIT_12s0035g00070,1481,0.7179,Leucine Rich Repeat receptor-like kinase,,,,
101,VIT_05s0094g00550,1491,0.7168,Stearoyl-acyl-[acyl-carrier-protein] desaturase,E1_14_19_2,,vv11040Biosynthesis_of_unsaturated_fatty_acids,
102,VIT_09s0054g01360,1474,0.7104,Cycloartenol synthase,E5_4_99_8,,vv10100Biosynthesis_of_steroids,
103,VIT_04s0008g01140,1472,0.7097,Beta-fructosidase (BFRUCT1),E3_2_1_26,,vv10052Galactose_metabolism,vv10500Starch_and_sucrose_metabolism
104,VIT_01s0026g02360,1459,0.7096,NAC domain-containing protein 9,NAC009_2,VvNAC27,vv60046NAC,
105,VIT_08s0056g00380,1459,0.7083,Purple acid phosphatase 10 ATPAP10/PAP10,E3_1_3_2,,vv10740Riboflavin_metabolism,
106,VIT_00s0266g00020<br>VIT_00s0372g00020<br>VIT_00s0271g00010<br>VIT_00s0385g00020<br>VIT_00s0522g00020<br>VIT_00s0372g00060<br>VIT_00s0372g00030<br>VIT_00s0385g00010,1467,0.7070,
107,VIT_05s0094g00650,1455,0.7009,Stearoyl-acyl-carrier protein desaturase,E1_14_19_2,,vv11040Biosynthesis_of_unsaturated_fatty_acids,
108,VIT_12s0035g00140,1438,0.6964,Leucine Rich Repeat receptor-like kinase,,,,
109,VIT_15s0048g01680,1438,0.6944,CYP704G7,,,,
110,VIT_01s0011g02420,1431,0.6930,Unknown,,,,
111,VIT_19s0014g04110,1428,0.6915,Elongation factor 1-alpha (EF-1-alpha),K03231,,vv23013RNA_transport,
112,VIT_18s0041g00970,1428,0.6902,UDP-glycosyltransferase 88B1,,,,
113,VIT_14s0060g02340,1411,0.6880,Heat shock protein 70,K03283,,vv23040Spliceosome,vv24141Protein_processing_in_endoplasmic_reticulum
114,VIT_11s0016g04840,1414,0.6861,Avr9/Cf-9 rapidly elicited protein 11,,,,
115,VIT_12s0034g00640,1411,0.6843,GH3-like protein,AUXINBIOSYNTHESIS_GH3,,vv11002Auxin_biosynthesis,
116,VIT_11s0065g00100,1407,0.6823,Carbonic anhydrase,E4_2_1_1,,vv10910Nitrogen_metabolism,vv50124Porters_cat_30_to_64
117,VIT_13s0047g00910,1409,0.6807,Molybdopterin biosynthesis MoaE,K03635,,vv10790Folate_biosynthesis,
118,VIT_06s0004g07220,1408,0.6786,Indole-3-acetate beta-glucosyltransferase,E2_4_1_121,,vv11002Auxin_biosynthesis,
119,VIT_02s0012g00370,1393,0.6782,No hit,,,,
120,VIT_01s0011g04530,1384,0.6702,Tetratricopeptide repeat protein 5,,,,
121,VIT_03s0097g00240,1385,0.6697,No hit,,,,
122,VIT_03s0038g01860,1388,0.6679,Proline-rich protein 4,,,,
123,VIT_12s0142g00780,1377,0.6672,Leucine-rich repeat transmembrane protein kinase,,,,
124,VIT_15s0045g01460,1378,0.6651,Eceriferum 1 (CER1 protein) Sterol desaturase,,,,
125,VIT_19s0015g00380,1379,0.6649,Cystathionine beta-synthase,E4_2_1_22,,vv10260Glycine_serine_and_threonine_metabolism,vv10271Methionine_metabolism
126,VIT_09s0070g00640,1373,0.6642,Disease resistance protein,,,,
127,VIT_11s0052g01140,1367,0.6607,Membrane protein,,,,
128,VIT_09s0018g01210,1367,0.6569,Receptor kinase TRKe,,,,
129,VIT_11s0016g03250,1347,0.6517,Lachrymatory factor synthase,,,,
130,VIT_07s0005g05210,1336,0.6482,No hit,,,,
131,VIT_11s0037g00640,1337,0.6475,No hit,,,,
132,VIT_06s0004g01460<br>VIT_06s0004g01450,1336,0.6448,
133,VIT_08s0007g07750,1338,0.6427,Polygalacturonase PG1,E3_2_1_15,,vv40006Cell_wall,
134,VIT_14s0108g00290,1321,0.6397,formin 8,FH8,,vv44810Regulation_of_actin_cytoskeleton,
135,VIT_16s0022g01190<br>VIT_00s1492g00010<br>VIT_16s0022g01000<br>VIT_16s0022g01140,1325,0.6395,
136,VIT_06s0004g02080,1323,0.6394,TRNA-specific 2-thiouridylase,K00566,,vv24122Sulfur_relay_system,
137,VIT_12s0035g00100,1320,0.6352,Receptor protein kinase,,,,
138,VIT_05s0020g01240,1306,0.6343,Geranylgeranyl pyrophosphate synthase,E2_5_1_29,,vv10100Biosynthesis_of_steroids,vv10900Terpenoid_biosynthesis
139,VIT_15s0046g00650,1311,0.6318,Wax synthase,E2_3_1_75,,vv11000Single_reactions,
140,VIT_14s0006g02170,1299,0.6284,Jasmonate O-methyltransferase,E2_1_1_141,,vv10592alpha-Linolenic_acid_metabolism,
141,VIT_12s0034g02570,1296,0.6246,Leucine Rich Repeat receptor-like kinase,,,,
142,VIT_19s0014g01720,1270,0.6186,Sodium/calcium exchanger family protein,NACAEX,,vv50123Porters_cat_18_to_29,
143,VIT_06s0080g00570,1279,0.6167,Unknown protein,,,,
144,VIT_18s0001g14930,1269,0.6163,Unknown protein,,,,
145,VIT_00s0901g00010,1277,0.6160,Ankyrin repeat protein,,,,
146,VIT_12s0034g02590,1272,0.6133,Leucine Rich Repeat receptor-like kinase,,,,
147,VIT_01s0137g00130,1258,0.6063,B-keto acyl reductase,,,,
148,VIT_08s0007g01420,1254,0.6061,Glutathione S-transferase 8 GSTU8,E2_5_1_18_GSTU8,,vv10480Glutathione_metabolism,
149,VIT_09s0002g07570,1254,0.6026,Leucine-rich repeat protein kinase,,,,
150,VIT_07s0005g03270,1248,0.6020,Transcription factor TSRF1,ERF1_2,VvERF101,vv30008Ethylene_signaling,vv30011Jasmonate_signaling
151,VIT_12s0028g04020,1251,0.6020,Ankyrin repeat,K10380,,vv50108Accessory_factors_involved_in_transport,
152,VIT_10s0116g00590,1235,0.6004,Pectinesterase family,E3_1_1_11,,vv40006Cell_wall,
153,VIT_17s0000g09950,1237,0.5964,Heat shock cognate 70 kDa protein 1 (HSC70-1) (HSP70-1),HSC701,,vv23040Spliceosome,vv24141Protein_processing_in_endoplasmic_reticulum
154,VIT_03s0038g04690,1212,0.5849,Isoflavone reductase protein 6,E1_3_1_45,,vv10943Isoflavonoid_biosynthesis,
155,VIT_00s0324g00030,1209,0.5821,Unknown,,,,
156,VIT_18s0041g01590,1202,0.5776,Taxane 10-beta-hydroxylase,E1_14_13_76,,vv10904Diterpenoid_biosynthesis,
157,VIT_14s0006g00050,1189,0.5772,Transposase  IS4,,,,
158,VIT_13s0067g00380,1189,0.5744,Pinene synthase,E4_2_3_14,,vv10902Monoterpenoid_biosynthesis,
159,VIT_03s0017g01280,1177,0.5722,ABC transporter G member 7,ABCG7,,vv52010ABC_transporters,
160,VIT_12s0142g00310,1181,0.5719,Oxygen evolving enhancer 3 (PsbQ),K08901,,vv10195Photosynthesis,vv50113Thylakoid_targeting_pathway
161,VIT_03s0088g00100,1185,0.5714,Concanavalin A lectin,,,,
162,VIT_14s0006g02570,1182,0.5705,Protease inhibitor/seed storage/lipid transfer protein (LTP),,,,
163,VIT_04s0008g06300,1165,0.5609,Leucine-rich repeat family,,,,
164,VIT_18s0001g10900,1155,0.5604,Patatin,,,,
165,VIT_03s0180g00240,1159,0.5596,No hit,,,,
166,VIT_00s1311g00010,1152,0.5587,NADH dehydrogenase (ubiquinone) Fe-S protein 4,K03937,,vv10190Oxidative_phosphorylation,vv50134Primary_active_transporter_cat_D1
167,VIT_08s0032g00490,1152,0.5560,No hit,,,,
168,VIT_01s0026g01460,1158,0.5559,Thioredoxin H-type 2 (Trx-H-2),,,,
169,VIT_08s0007g05030,1149,0.5548,Myb domain protein 36,MYB36_2,MYB150,vv60044MYB,
170,VIT_00s0258g00080,1151,0.5539,Brassinosteroid insensitive 1-associated receptor kinase 1,BAK1,,vv30005Brassinosteroids_signaling,vv34626Plant-pathogen_interaction
171,VIT_03s0038g00250<br>VIT_03s0038g00230,1140,0.5531,
172,VIT_14s0006g01030,1141,0.5515,Calmodulin-binding heat-shock protein,,,,
173,VIT_09s0054g00510,1137,0.5503,No hit,,,,
174,VIT_15s0046g03650,1137,0.5490,(+)-neomenthol dehydrogenase,E1_1_1_208,,vv10902Monoterpenoid_biosynthesis,
175,VIT_01s0011g03710,1128,0.5468,Thioesterase family,,,,
176,VIT_06s0080g01030,1127,0.5460,No hit,,,,
177,VIT_19s0014g04840,1125,0.5443,(-)-germacrene D synthase,E4_2_3_22,,vv10900Terpenoid_biosynthesis,
178,VIT_03s0038g02480,1114,0.5410,SKP1,K03094,,vv24120Ubiquitin_mediated_proteolysis,vv24141Protein_processing_in_endoplasmic_reticulum
179,VIT_02s0012g00390,1117,0.5362,Norcoclaurine synthase,E4_2_1_78,,vv10950Alkaloid_biosynthesis_I,
180,VIT_00s0266g00030<br>VIT_00s0271g00020,1106,0.5361,
181,VIT_18s0075g01010,1109,0.5345,Dihydrofolate reductase-thymidylate synthase,K13998,,vv10240Pyrimidine_metabolism,vv10670One_carbon_pool_by_folate
182,VIT_15s0048g00150,1096,0.5339,No hit,,,,
183,VIT_09s0018g01120<br>VIT_09s0018g01020,1108,0.5335,
184,VIT_05s0094g00960,1097,0.5312,UDP-xylose phenolic glycosyltransferase,,,,
185,VIT_18s0001g10850,1095,0.5292,Patatin,,,,
186,VIT_13s0019g00440,1097,0.5287,Auxin-regulated protein,AUXREG,,vv30003Auxin_signaling,
187,VIT_16s0022g01720,1092,0.5242,Receptor kinase homolog LRK10,,,,
188,VIT_17s0000g09040,1080,0.5215,Pentatricopeptide (PPR) repeat,,,,
189,VIT_17s0000g10370,1082,0.5199,No hit,,,,
190,VIT_00s0724g00010,1058,0.5136,Pinene synthase,E4_2_3_14,,vv10902Monoterpenoid_biosynthesis,
191,VIT_18s0122g00170,1062,0.5101,Diphenol oxidase,E1_10_3_1,,vv10350Tyrosine_metabolism,vv50109Incompletely_characterized_transport_systems
192,VIT_12s0028g01370,1055,0.5082,PMR5 (powdery mildew resistant 5),,,,
193,VIT_16s0013g01150,1030,0.5019,Rust resistance kinase Lr10,,,,
194,VIT_15s0024g00440,1038,0.5012,R protein  PRF  disease resistance protein,K13453,,vv34627R_proteins_from_Plant-pathogen_interaction,
195,VIT_12s0059g00590,1039,0.5010,Allergenic protein Pt2L4,,,,
196,VIT_00s0256g00060,1019,0.4944,Unknown,,,,
197,VIT_09s0002g03010,1020,0.4925,FRK1 (FLG22-induced receptor-like kinase 1),FRK1,,vv34626Plant-pathogen_interaction,
198,VIT_00s0484g00020,1013,0.4920,Receptor kinase ARK3,,,,
199,VIT_12s0035g01770,1019,0.4904,DNA (cytosine-5)-methyltransferase AthI,E2_1_1_37,,vv10271Methionine_metabolism,
200,VIT_06s0080g00560,1009,0.4867,Beta-alanine synthase,E3_5_1_53,,vv10220Urea_cycle_and_metabolism_of_amino_groups,
201,VIT_14s0006g00740,1012,0.4865,No hit,,,,
202,VIT_03s0088g01140,1006,0.4858,Squalene monooxygenase 2,E1_14_99_7,,vv10100Biosynthesis_of_steroids,vv10900Terpenoid_biosynthesis
203,VIT_14s0006g01120,1001,0.4850,Lipase GDSL,,,,
204,VIT_09s0054g01440,994,0.4821,Beta-amyrin synthase,E5_4_99_BAS,,vv10900Terpenoid_biosynthesis,
205,VIT_07s0005g04540,992,0.4792,Poly(A) binding protein 8,,,,
206,VIT_12s0028g02680,993,0.4783,Unknown protein,,,,
207,VIT_00s1232g00020,985,0.4770,Ribosomal protein L12,K02869,,vv23010Ribosome,
208,VIT_14s0066g01480,976,0.4742,Cis-zeatin O-beta-D-glucosyltransferase,E2_4_1_215,,vv10908Zeatin_biosynthesis,
209,VIT_15s0048g02430,976,0.4708,Naringenin 2-oxoglutarate 3-dioxygenase,E1_14_11_9,,vv10941Flavonoid_biosynthesis,
210,VIT_13s0067g00370,968,0.4704,Pinene synthase,E4_2_3_14,,vv10902Monoterpenoid_biosynthesis,
211,VIT_00s0323g00010,964,0.4662,No hit,,,,
212,VIT_09s0054g01260,965,0.4651,No hit,,,,
213,VIT_16s0050g02720<br>VIT_16s0148g00110<br>VIT_00s0425g00030<br>VIT_16s0098g00100,956,0.4636,
214,VIT_05s0094g00630,947,0.4608,Stearoyl-CoA 9-desaturase,E1_14_19_1,,vv11040Biosynthesis_of_unsaturated_fatty_acids,
215,VIT_03s0017g01500,943,0.4564,N-6 Adenine-specific DNA methylase,E2_1_1_72,,vv10271Methionine_metabolism,
216,VIT_01s0011g04420,946,0.4561,Unknown protein,,,,
217,VIT_01s0026g02690,937,0.4557,YGL010w,,,,
218,VIT_05s0094g00540,930,0.4506,Acyl-[acyl-carrier-protein] desaturase,E1_14_19_2,,vv11040Biosynthesis_of_unsaturated_fatty_acids,
219,VIT_05s0049g01400,920,0.4455,Alcohol oxidase,E1_1_3_13,,vv10680Methane_metabolism,
220,VIT_02s0025g00750,916,0.4442,Pinoresinol forming dirigent protein,DIRPR,,vv10940Phenylpropanoid_biosynthesis,
221,VIT_00s0353g00020,909,0.4423,S-locus lectin protein kinase,,,,
222,VIT_09s0070g00620,912,0.4399,Leucine-rich repeat family protein,,,,
223,VIT_18s0001g14800,904,0.4382,Lipase 3 (EXL3) family II extracellular,,,,
224,VIT_03s0063g01680,904,0.4376,CYP82C1p,,,,
225,VIT_15s0024g00400,898,0.4349,R protein MLA10,K13475,,vv34627R_proteins_from_Plant-pathogen_interaction,
226,VIT_05s0062g01340,903,0.4348,Unknown protein,,,,
227,VIT_00s0267g00050,893,0.4295,No hit,,,,
228,VIT_19s0090g01160,885,0.4284,Lipase GDSL,,,,
229,VIT_01s0026g00950,885,0.4267,formin 8,FH8,,vv44810Regulation_of_actin_cytoskeleton,
230,VIT_09s0018g00300,877,0.4251,N-acetyltransferase hookless1 HLS1,HLS1_2,,vv30008Ethylene_signaling,vv50004Auxin_transport
231,VIT_08s0058g00090,883,0.4247,Hcr9-Avr4-par1,,,,
232,VIT_12s0142g00800,872,0.4235,Leucine-rich repeat protein kinase,,,,
233,VIT_09s0054g01330,877,0.4231,Beta-amyrin synthase,E5_4_99_BAS,,vv10900Terpenoid_biosynthesis,
234,VIT_19s0014g04850,874,0.4212,Germacrene-D synthase,E4_2_3_22,,vv10900Terpenoid_biosynthesis,
235,VIT_03s0063g01730,871,0.4198,Viral-response family protein-like,,,,
236,VIT_19s0015g01010,863,0.4177,Farnesyl diphosphate synthase,E2_5_1_10,,vv10100Biosynthesis_of_steroids,vv10900Terpenoid_biosynthesis
237,VIT_06s0004g01580,867,0.4174,Lipoxygenase,E1_13_11_12,,vv10592alpha-Linolenic_acid_metabolism,
238,VIT_15s0046g00600,863,0.4173,No hit,,,,
239,VIT_02s0087g01010,859,0.4160,CRK10 (cysteine-rich RLK10),,,,
240,VIT_07s0005g00890,851,0.4141,Polygalacturonase GH28,E3_2_1_15,,vv40006Cell_wall,
241,VIT_00s0455g00050,854,0.4136,R protein  PRF  disease resistance protein,K13453,,vv34627R_proteins_from_Plant-pathogen_interaction,
242,VIT_00s0262g00010,854,0.4106,Receptor kinase RK20-1,,,,
243,VIT_01s0011g03430,840,0.4078,No hit,,,,
244,VIT_12s0028g00570,844,0.4077,Vacuolar protein sorting 16 VCL1 (vacuoleless 1),VCL1,,vv50111Tethering_factors,
245,VIT_16s0022g00360,841,0.4067,TMK1 (transmembrane kinase 1),,,,
246,VIT_09s0002g06950,844,0.4066,ABC transporter g family pleiotropic drug resistance 12 PDR12,ABCGPDR12,,vv52010ABC_transporters,
247,VIT_09s0054g01430,832,0.4035,No hit,,,,
248,VIT_14s0006g02530,830,0.4015,Non-specific lipid-transfer protein 2 (LTP 2),,,,
249,VIT_03s0063g00550,823,0.3984,Fw2.2 ORFX,,,,
250,VIT_07s0005g05520,819,0.3968,Pectate lyase,E4_2_2_2,,vv40006Cell_wall,
251,VIT_12s0059g00610,819,0.3955,Auxin-resistance protein AXR1 (AXR1),AXR1,,vv30003Auxin_signaling,
252,VIT_00s2745g00010,816,0.3946,Receptor kinase RK20-1,,,,
253,VIT_16s0022g00340,818,0.3938,Unknown,,,,
254,VIT_06s0061g00240,813,0.3933,ABC transporter G member 7,ABCG7,,vv52010ABC_transporters,
255,VIT_09s0054g01500,817,0.3932,Beta-amyrin synthase,E5_4_99_BAS,,vv10900Terpenoid_biosynthesis,
256,VIT_18s0001g06480,805,0.3895,Aquaporin PIP PIP1;4,PIP1_4,,vv50101Channels_and_pores,
257,VIT_06s0004g06410,805,0.3876,Anthocyanidin 3-O-glucosyltransferase,E2_4_1_115,,vv10942Anthocyanin_biosynthesis,
258,VIT_02s0025g03650,799,0.3869,Cu2+-exporting ATPase HMA5 (heavy metal ATPase 5),K01533_HMA5,,vv50131Primary_active_transporter_cat_A2_to_A4,
259,VIT_16s0148g00010,797,0.3847,Receptor kinase homolog LRK10,,,,
260,VIT_11s0016g01670,787,0.3830,Ankyrin repeat,,,,
261,VIT_13s0106g00490,781,0.3780,Vacuolar protein sorting 4,VPS4,,vv50111Tethering_factors,
262,VIT_13s0064g01560,778,0.3753,Glycosyl hydrolase family 1 protein,,,,
263,VIT_09s0054g01290,773,0.3752,Beta-amyrin synthase,E5_4_99_BAS,,vv10900Terpenoid_biosynthesis,
264,VIT_12s0057g01160,772,0.3746,AarF domain containing kinase,K08869,,,
265,VIT_05s0165g00270,774,0.3730,Ankyrin repeat protein family,K10380,,vv50108Accessory_factors_involved_in_transport,
266,VIT_01s0010g00150,768,0.3703,No hit,,,,
267,VIT_01s0010g01870,758,0.3669,Salicylic acid-induced fragment 1 protein,,,,
268,VIT_08s0056g00730,758,0.3644,SEC14 cytosolic factor,SEC14,,vv50122Porters_cat_7_to_17,
269,VIT_15s0046g00890,751,0.3644,No hit,,,,
270,VIT_04s0008g06600,747,0.3637,WRKY DNA-binding protein 32,WRKY32_1,VvWRKY09,vv60066WRKY,
271,VIT_07s0130g00300,751,0.3637,MAPKKK21,,,,
272,VIT_19s0014g05410,755,0.3637,No hit,,,,
273,VIT_03s0017g00450,747,0.3614,MADS-box protein SVP (short vegetative phase),SVP_8,,vv30009Flower_development,vv60042MADS
274,VIT_16s0098g00010,745,0.3609,Receptor-like protein kinase,,,,
275,VIT_12s0028g03480,747,0.3600,Wax synthase,E2_3_1_75,,vv11000Single_reactions,
276,VIT_18s0072g00430,749,0.3594,Alginate_lyase2,E4_2_2_11,,,
277,VIT_18s0001g09020,745,0.3577,Exo70 exocyst complex subunit G1,EXO70G1,,vv50111Tethering_factors,
278,VIT_19s0014g04880,735,0.3566,(-)-germacrene D synthase,E4_2_3_22,,vv10900Terpenoid_biosynthesis,
279,VIT_07s0197g00050,738,0.3562,Tubulin gamma Misato,K10389,,vv44810Regulation_of_actin_cytoskeleton,
280,VIT_12s0057g01150,729,0.3542,AarF domain containing kinase,K08869,,,
281,VIT_00s0211g00070,726,0.3533,Glycine hydroxymethyltransferase,E2_1_2_1,,vv10260Glycine_serine_and_threonine_metabolism,vv10460Cyanoamino_acid_metabolism
282,VIT_12s0034g01770,726,0.3521,Unknown,,,,
283,VIT_12s0028g04040,729,0.3515,Ankyrin repeat,K10380,,vv50108Accessory_factors_involved_in_transport,
284,VIT_03s0017g01290,727,0.3510,ABC transporter G member 7,ABCG7,,vv52010ABC_transporters,
285,VIT_19s0027g00520,718,0.3475,Peptidase  trypsin serine and cysteine proteases,,,,
286,VIT_03s0038g03080,718,0.3467,Catechol O-methyltransferase,E2_1_1_6,,vv10350Tyrosine_metabolism,
287,VIT_09s0054g00420,718,0.3447,Translocon-associated protein beta TRAP complex,K13250,,vv24141Protein_processing_in_endoplasmic_reticulum,vv50133Primary_active_transporter_cat_A9_to_A18
288,VIT_09s0054g01340,710,0.3432,Beta-amyrin synthase,E5_4_99_BAS,,vv10900Terpenoid_biosynthesis,
289,VIT_10s0003g00390,708,0.3417,Glutaredoxin,,,,
290,VIT_03s0038g02160,708,0.3417,Thaumatin,,,,
291,VIT_00s0179g00310,704,0.3416,Ammonium transporter 2,AMT2,,vv50101Channels_and_pores,
292,VIT_12s0035g00050,697,0.3370,No hit,,,,
293,VIT_02s0025g04360,695,0.3369,S-N-methylcoclaurine 3'-hydroxylase,E1_14_13_71,,vv10950Alkaloid_biosynthesis_I,
294,VIT_16s0148g00280,691,0.3338,Receptor kinase homolog LRK10,,,,
295,VIT_15s0021g01690,691,0.3332,Calcium-binding protein,,,,
296,VIT_11s0016g01530,684,0.3324,Ankyrin repeat family protein,,,,
297,VIT_00s0362g00010,686,0.3314,DnaJ homolog  subfamily A  member 2,K09503,,vv50132Primary_active_transporter_cat_A5_to_A8,
298,VIT_00s0420g00030,683,0.3311,S-locus lectin protein kinase,,,,
299,VIT_09s0054g01110,682,0.3306,Cycloartenol synthase,E5_4_99_8,,vv10100Biosynthesis_of_steroids,
300,VIT_14s0060g02370,682,0.3296,DegP protease,E3_4_21_107,,,
301,VIT_08s0007g07800,680,0.3280,RAB GTPase RABA4D,K07976,,,
302,VIT_08s0040g00580,671,0.3256,No hit,,,,
303,VIT_13s0084g00270,672,0.3232,Unknown protein,,,,
304,VIT_10s0116g00800,660,0.3190,CYP77A3,,,,
305,VIT_13s0019g02480,662,0.3181,Subtilisin serine endopeptidase (XSP1),XSP1,,vv50101Channels_and_pores,
306,VIT_16s0050g00990,657,0.3180,ferric reduction oxidase 4,FRO4,,vv50105Transport_electron_carriers,
307,VIT_18s0041g00800,656,0.3178,UDP-glucose: anthocyanidin 5 3-O-glucosyltransferase,RHGT1,,vv10942Anthocyanin_biosynthesis,
308,VIT_12s0035g00010,651,0.3163,DNA (cytosine-5)-methyltransferase (ATHIM),E2_1_1_37,,vv10271Methionine_metabolism,
309,VIT_11s0118g00550,655,0.3161,CTV.13 Jp18,,,,
310,VIT_10s0071g00420,649,0.3146,GRAM domain-containing protein / ABA-responsive,,,,
311,VIT_07s0031g01670,647,0.3138,CYP96A10,,,,
312,VIT_19s0085g00940,643,0.3118,Myb domain protein 67,MYB67_1,MYB67B,vv60044MYB,
313,VIT_12s0035g01720,639,0.3109,Chloride channel protein (CLC-c),K05393_CLCC,,vv50124Porters_cat_30_to_64,
314,VIT_18s0001g05590,636,0.3081,CCR4-NOT transcription complex subunit 6,K12603,,vv23018RNA_degradation,
315,VIT_03s0038g01850,631,0.3068,Proline-rich protein 4,,,,
316,VIT_04s0008g02920,634,0.3064,Desiccation protein PCC13-62 precursor,,,,
317,VIT_09s0054g01390,635,0.3050,Beta-amyrin synthase,E5_4_99_BAS,,vv10900Terpenoid_biosynthesis,
318,VIT_14s0006g01980,626,0.3048,Zinc finger (C3HC4-type ring finger),ZFC3HC4_70,,vv60078Other_zf-C3HC4,
319,VIT_10s0003g03560,628,0.3037,Beta-amyrin synthase,E5_4_99_BAS,,vv10900Terpenoid_biosynthesis,
320,VIT_19s0014g04920,620,0.2992,(-)-germacrene D synthase,E4_2_3_22,,vv10900Terpenoid_biosynthesis,
321,VIT_11s0037g01210,621,0.2984,Eceriferum 1 (CER1 protein) Sterol desaturase,,,,
322,VIT_19s0090g01550,613,0.2982,Mo25,K08272,,vv34150mTOR_signaling_pathway,
323,VIT_14s0006g01700,608,0.2963,Isopentenyl diphosphate isomerase 2,E5_3_3_2,,vv10100Biosynthesis_of_steroids,vv10900Terpenoid_biosynthesis
324,VIT_18s0001g03340,607,0.2951,No hit,,,,
325,VIT_01s0011g02330,603,0.2936,Unknown protein,,,,
326,VIT_11s0016g01700,593,0.2880,Unknown protein,,,,
327,VIT_16s0100g00610,592,0.2879,CYP87A3,,,,
328,VIT_18s0075g00060,596,0.2875,Anaphase-promoting complex component APC1,K03348,,vv24120Ubiquitin_mediated_proteolysis,vv44110Cell_cycle
329,VIT_00s0181g00010,595,0.2873,Sugar transporter 1,STP1,,vv50121Porters_cat_1_to_6,
330,VIT_11s0016g04720,595,0.2867,Blight-associated protein p12 precursor,,,,
331,VIT_06s0004g01510,592,0.2860,Lipoxygenase (LOX2),E1_13_11_12,,vv10592alpha-Linolenic_acid_metabolism,
332,VIT_00s0245g00010,590,0.2852,Integral membrane protein,,,,
333,VIT_07s0005g02420,587,0.2841,Haloacid dehalogenase hydrolase,E3_1_3_18,,vv10630Glyoxylate_and_dicarboxylate_metabolism,
334,VIT_12s0028g03400,582,0.2838,No hit,,,,
335,VIT_14s0083g00370,583,0.2823,Unknown protein,,,,
336,VIT_14s0036g00020,578,0.2818,R protein disease resistance protein,RPROT,,vv34627R_proteins_from_Plant-pathogen_interaction,
337,VIT_19s0027g01230,575,0.2791,CF4,K13470,,vv34626Plant-pathogen_interaction,
338,VIT_01s0010g01490,578,0.2790,Lysine histidine transporter 1,LHT1,,vv50123Porters_cat_18_to_29,
339,VIT_04s0008g00840,575,0.2779,Ser/Thr specific protein phosphatase 2A B regulatory subunit beta isoform,K04354,,vv23015mRNA_surveillance_pathway,vv34020Calcium_signaling_pathway
340,VIT_15s0024g01160,565,0.2744,No hit,,,,
341,VIT_08s0032g00790,571,0.2743,ABC transporter G member 4,K05680,,vv52010ABC_transporters,
342,VIT_15s0048g01600,563,0.2708,Geraniol 10-hydroxylase,G10H,,vv10902Monoterpenoid_biosynthesis,
343,VIT_06s0009g03690,558,0.2700,F-box domain containing protein,,,,
344,VIT_18s0001g04080,558,0.2696,Sesquiterpene synthase,E2_5_1_21,,vv10100Biosynthesis_of_steroids,vv10900Terpenoid_biosynthesis
345,VIT_18s0075g00270,557,0.2693,Unknown,,,,
346,VIT_12s0035g01850,554,0.2680,MATE antiporter/ drug transporter,MATE,,vv50125Porters_cat_66_to_94,
347,VIT_16s0148g00270,553,0.2679,No hit,,,,
348,VIT_16s0013g01220,553,0.2677,Receptor kinase homolog LRK10,,,,
349,VIT_01s0127g00910,548,0.2673,AERO1 (arabidopsis endoplasmic reticulum oxidoreductins 1),,,,
350,VIT_18s0001g14790,550,0.2661,Lipase 3 (EXL3) family II extracellular,,,,
351,VIT_19s0015g01210,550,0.2644,KH domain-containing protein,,,,
352,VIT_18s0001g14770,541,0.2611,Lipase 3 (EXL3) family II extracellular,,,,
353,VIT_06s0004g03350,541,0.2611,Lateral organ boundaries protein 1,LBD1_5,,vv60007AS2,
354,VIT_12s0028g00050,540,0.2607,Beta-1 3 glucanase,E3_2_1_6,,,
355,VIT_08s0105g00300,536,0.2599,Phospholipase C,E3_1_4_3,,vv10260Glycine_serine_and_threonine_metabolism,vv10562Inositol_phosphate_metabolism
356,VIT_17s0119g00150,539,0.2594,Alpha-amylase/subtilisin inhibitor,E3_2_1_1,,vv10500Starch_and_sucrose_metabolism,
357,VIT_06s0061g01440,536,0.2578,Unknown protein,,,,
358,VIT_11s0206g00020,531,0.2578,Isopentenyl diphosphate isomerase 2,E5_3_3_2,,vv10100Biosynthesis_of_steroids,vv10900Terpenoid_biosynthesis
359,VIT_18s0001g14250,536,0.2576,Unknown protein,,,,
360,VIT_08s0040g02720,534,0.2566,CCT chaperonin beta subunit,,,,
361,VIT_16s0100g00230,528,0.2564,Glucose-methanol-choline (GMC) oxidoreductase family protein,E1_1_99_1,,vv10260Glycine_serine_and_threonine_metabolism,
362,VIT_17s0000g09270,525,0.2542,MATE efflux family protein,MATE,,vv50125Porters_cat_66_to_94,
363,VIT_19s0014g00970,522,0.2524,Unknown protein,,,,
364,VIT_18s0001g00300,518,0.2518,Auxin responsive SAUR protein,SAUR,,vv30003Auxin_signaling,
365,VIT_14s0006g03240,515,0.2498,Regulator of chromosome condensation (RCC1),RCC1,,vv50112Nuclear_pore_complex,
366,VIT_16s0148g00060,510,0.2478,Receptor kinase homolog LRK10,,,,
367,VIT_00s2485g00010,513,0.2477,CRK10 (cysteine-rich RLK10),,,,
368,VIT_13s0064g01420,512,0.2477,Succinate dehydrogenase [ubiquinone] flavoprotein subunit,K00234,,vv10020Citrate_cycle,vv10190Oxidative_phosphorylation
369,VIT_19s0014g00680,509,0.2472,RKF1 (receptor-like kinase in flowers 1),,,,
370,VIT_17s0000g08880,512,0.2471,Transcription factor jumonji  jmjC,JMJD4_2,,vv60038Jumonji,
371,VIT_01s0137g00160,510,0.2471,B-keto acyl reductase,,,,
372,VIT_03s0091g00930<br>VIT_04s0023g00210<br>VIT_10s0071g00470,510,0.2464,
373,VIT_09s0002g03370,510,0.2464,No hit,,,,
374,VIT_15s0107g00390,507,0.2458,5'-adenylylsulfate reductase (APR3),E1_8_4_8,,vv10920Sulfur_metabolism,
375,VIT_04s0023g00250,504,0.2442,GRAM domain-containing protein / ABA-responsive,,,,
376,VIT_02s0234g00120,496,0.2407,FUS5,,,,
377,VIT_15s0021g00490,501,0.2397,No hit,,,,
378,VIT_18s0041g01810,495,0.2388,Taxadiene 5-alpha-hydroxylase,E1_14_99_37,,vv10904Diterpenoid_biosynthesis,
379,VIT_04s0069g00540,494,0.2377,Glutamate receptor protein,GLR2_7,,vv50101Channels_and_pores,
380,VIT_09s0018g00230,489,0.2350,Phosphoglucomutase/phosphomannomutase C terminal,E5_4_2_2,,vv10010Glycolysis,vv10030Pentose_phosphate
381,VIT_00s0258g00040,485,0.2348,Ser/Thr receptor-like kinase1,,,,
382,VIT_13s0139g00160,484,0.2346,Golgin candidate 6,GOLGINC6,,vv50109Incompletely_characterized_transport_systems,
383,VIT_17s0000g03940,475,0.2297,ferulate 5-hydroxylase,K09755,,vv10940Phenylpropanoid_biosynthesis,
384,VIT_11s0016g01680,475,0.2289,No hit,,,,
385,VIT_12s0142g00760,469,0.2283,Leucine-rich repeat protein kinase,,,,
386,VIT_10s0003g03540,467,0.2245,Lupeol synthase,E5_4_99_8,,vv10100Biosynthesis_of_steroids,
387,VIT_19s0014g04900,456,0.2203,(-)-germacrene D synthase,E4_2_3_22,,vv10900Terpenoid_biosynthesis,
388,VIT_16s0050g00470,452,0.2184,DD1A protein,,,,
389,VIT_12s0034g02560,448,0.2175,DNA (cytosine-5)-methyltransferase (ATHIM),E2_1_1_37,,vv10271Methionine_metabolism,
390,VIT_06s0009g02450,450,0.2168,Integrase,,,,
391,VIT_03s0017g00080,444,0.2160,S-adenosylmethionine synthetase MAT3,E2_5_1_6,,vv10271Methionine_metabolism,vv10450Selenoamino_acid_metabolism
392,VIT_04s0008g02850,445,0.2152,Proteasome 20S beta subunit A (PBA1) (PRCD),K02738a,,vv23050Proteasome,
393,VIT_05s0020g04930,440,0.2130,RPM1 (resistance to p. syringae pv maculicola 1),K13457,,vv34626Plant-pathogen_interaction,
394,VIT_01s0011g05280,440,0.2127,Unknown protein,,,,
395,VIT_06s0061g00400,441,0.2117,Auxin responsive SAUR protein,SAUR,,vv30003Auxin_signaling,
396,VIT_12s0142g00130,427,0.2067,MAPK (MPK20),,,,
397,VIT_07s0005g05430,424,0.2053,No hit,,,,
398,VIT_05s0062g01090,423,0.2049,Unknown,,,,
399,VIT_05s0102g00900,423,0.2044,Unknown protein,,,,
400,VIT_10s0003g02790,421,0.2042,Double-stranded DNA-binding protein,,,,
401,VIT_08s0007g02660,421,0.2037,Secoisolariciresinol dehydrogenase,SIRD,,vv10940Phenylpropanoid_biosynthesis,
402,VIT_19s0090g00890,421,0.2034,No hit,,,,
403,VIT_15s0048g01440,418,0.2024,Geraniol 10-hydroxylase,G10H,,vv10902Monoterpenoid_biosynthesis,
404,VIT_07s0005g04760,417,0.2014,PfkB-type carbohydrate kinase,,,,
405,VIT_11s0052g01850,417,0.2010,Transcription initiation factor IIE (TFIIE) alpha subunit,K03136,,vv23022Basal_transcription_factors,
406,VIT_19s0014g02350,414,0.1989,Squamosa promoter-binding protein 4 (SPL4),SPL4_1,,vv60055SBP,
407,VIT_08s0007g00050,406,0.1980,EMB1674 (embryo defective 1674) kinase interacting family protein,EMB1674_5,,vv60087Orphans_KIP1_SANTA,
408,VIT_18s0001g10830,408,0.1966,Patatin,,,,
409,VIT_12s0034g02600,404,0.1952,Leucine Rich Repeat receptor-like kinase,,,,
410,VIT_02s0025g00840,401,0.1934,Intracellular protein transport protein USO1,,,,
411,VIT_09s0002g02720,398,0.1929,FRK1 (FLG22-induced receptor-like kinase 1),FRK1,,vv34626Plant-pathogen_interaction,
412,VIT_03s0088g00270,396,0.1905,No hit,,,,
413,VIT_03s0063g01720,397,0.1904,S-N-methylcoclaurine 3'-hydroxylase,E1_14_13_71,,vv10950Alkaloid_biosynthesis_I,
414,VIT_13s0067g01580,392,0.1900,Anthocyaninless2 (ANL2),ANL2_4,,vv60034HB,
415,VIT_19s0015g01020,391,0.1890,ABA-responsive element-binding protein ABF2,ABF2,VvbZIP53,vv30001ABA_signaling,vv60012BZIP
416,VIT_10s0003g00830,380,0.1838,Sodium/calcium exchanger family protein,NACAEX,,vv50123Porters_cat_18_to_29,
417,VIT_01s0011g04950,376,0.1828,Diadenosine 5' 5'''-P1 P4-tetraphosphate hydrolase,E3_6_1_17,,vv10230Purine_metabolism,vv10240Pyrimidine_metabolism
418,VIT_16s0098g00850,376,0.1814,Caffeic acid O-methyltransferase,E2_1_1_68,,vv10940Phenylpropanoid_biosynthesis,
419,VIT_11s0118g00180,372,0.1800,HHP1 (heptahelical protein 1),,,,
420,VIT_06s0004g02060,369,0.1798,Aldehyde dehydrogenase 3B1,E1_2_1_3,vv10561Glycerolipid_metabolism,vv10010Glycolysis,vv10071Fatty_acid_metabolism
421,VIT_03s0038g03920,374,0.1796,Glutamate receptor 2 GLUR2,GLUR2,,vv50101Channels_and_pores,
422,VIT_08s0040g02750,371,0.1786,Ankyrin repeat,K10380,,vv50108Accessory_factors_involved_in_transport,
423,VIT_04s0008g03510,370,0.1786,Lignostilbene-alpha beta-dioxygenase and related enzymes,E1_14_99_36,,vv10906Carotenoid_biosynthesis,
424,VIT_12s0028g01570,368,0.1783,Zinc finger (C3HC4-type ring finger),ZFC3HC4_12,,vv60078Other_zf-C3HC4,
425,VIT_13s0067g00300<br>VIT_13s0067g00130<br>VIT_13s0067g00290,369,0.1779,
426,VIT_16s0100g01310,361,0.1741,DNA mismatch repair protein MSH3,K08736,,vv23430Mismatch_repair,
427,VIT_13s0074g00680,357,0.1735,ABC transporter G member 22,ABCG22,,vv52010ABC_transporters,
428,VIT_00s0409g00030,359,0.1725,Unknown,,,,
429,VIT_10s0116g01240,351,0.1694,SLAH1 (SLAC1 homologue 1),SLAH1,,vv50122Porters_cat_7_to_17,
430,VIT_04s0023g02320,350,0.1693,Jasmonate O-methyltransferase,E2_1_1_141,,vv10592alpha-Linolenic_acid_metabolism,
431,VIT_12s0028g02410,345,0.1668,1-aminocyclopropane-1-carboxylate oxidase,E1_14_17_4,,vv10640Propanoate_metabolism,vv30008Ethylene_signaling
432,VIT_05s0049g00990,343,0.1657,Metallothionein 2A,,,,
433,VIT_00s0532g00070,339,0.1650,CRK10 (cysteine-rich RLK10); kinase,,,,
434,VIT_05s0094g00140,341,0.1644,Protein binding protein,,,,
435,VIT_07s0104g00270,338,0.1633,Isopentenyltransferase 5,E2_5_1_27,,vv10908Zeatin_biosynthesis,
436,VIT_12s0059g01210,332,0.1606,RNA-binding protein,,,,
437,VIT_00s0215g00100,334,0.1606,RHO-related protein from plants 2 ROP2,ROP2,,,
438,VIT_06s0009g01290,330,0.1597,Unknown,,,,
439,VIT_14s0060g02220,329,0.1594,F-actin capping protein alpha subunit,K10364,,vv44810Regulation_of_actin_cytoskeleton,
440,VIT_13s0074g00660,327,0.1589,ABC transporter G member 22,ABCG22,,vv52010ABC_transporters,
441,VIT_06s0009g00320,324,0.1577,U-box protein,,,,
442,VIT_17s0053g00070,326,0.1571,Metal-nicotianamine transporter YSL5,YSL5,,vv50125Porters_cat_66_to_94,
443,VIT_05s0020g02680,323,0.1570,Zinc finger (C3HC4-type ring finger),ZFC3HC4_220,,vv60078Other_zf-C3HC4,
444,VIT_00s0525g00050,323,0.1566,Metal transporter CNNM4 (Cyclin-M4),CNNM4,,vv50109Incompletely_characterized_transport_systems,
445,VIT_10s0003g03580,324,0.1565,Aquaporin PIP3,PIP3,,vv50101Channels_and_pores,
446,VIT_14s0081g00360,322,0.1559,Ankyrin repeat,K10380,,vv50108Accessory_factors_involved_in_transport,
447,VIT_07s0005g00080,318,0.1539,Desiccation protein PCC13-62,,,,
448,VIT_11s0037g01170,319,0.1539,Photosystem I P700 chlorophyll A apoprotein A1,K02689,,vv10195Photosynthesis,vv50105Transport_electron_carriers
449,VIT_01s0113g00400,310,0.1509,No hit,,,,
450,VIT_04s0023g02790,311,0.1503,Dehydration-responsive protein,,,,
451,VIT_07s0031g01270,306,0.1489,Ring-H2 finger A2A,RHA2A,,vv60078Other_zf-C3HC4,
452,VIT_12s0028g02590,306,0.1485,BZIP transcription factor,BZIPDOM_18,VvbZIP29,vv60012BZIP,
453,VIT_06s0061g00260,304,0.1473,ABC transporter G member 7,ABCG7,,vv52010ABC_transporters,
454,VIT_12s0059g02710,304,0.1470,Pinene synthase,E4_2_3_14,,vv10902Monoterpenoid_biosynthesis,
455,VIT_14s0006g00680,303,0.1457,Leucine-rich repeat family protein,,,,
456,VIT_11s0016g03400,300,0.1449,MSS1 (sugar transport protein 13),MSS1,,vv50121Porters_cat_1_to_6,
457,VIT_07s0031g00850,301,0.1445,Patatin,,,,
458,VIT_09s0002g03050,298,0.1441,Lipase GDSL,,,,
459,VIT_18s0001g11290,297,0.1430,Signal peptidase 1,K03100,,vv23060Protein_export,vv50132Primary_active_transporter_cat_A5_to_A8
460,VIT_19s0015g01500,293,0.1413,Heavy-metal-associated domain-containing protein,,,,
461,VIT_02s0025g04160,287,0.1397,Unknown protein,,,,
462,VIT_02s0012g01630,289,0.1395,Transmembrane protein 41B,TMEM41B,,vv50109Incompletely_characterized_transport_systems,
463,VIT_03s0038g04360,286,0.1390,COP9 signalosome subunit 5A,COP9,,vv30003Auxin_signaling,
464,VIT_08s0058g01060,287,0.1386,No hit,,,,
465,VIT_06s0009g03380,280,0.1355,ABC transporter G member 14,ABCG14,,vv52010ABC_transporters,
466,VIT_03s0038g04110,281,0.1355,AT-hook DNA-binding protein,,,,
467,VIT_01s0127g00920,278,0.1344,ADP-ribosylation factor A1B,ARFA1B,,vv50110Protein_coat,
468,VIT_14s0006g02770,278,0.1337,Proton-dependent oligopeptide transport (POT) family protein,POT,,vv50122Porters_cat_7_to_17,
469,VIT_08s0007g09000,272,0.1319,Glycerol-3-phosphate dehydrogenase,E1_1_1_8,,vv10564Glycerophospholipid_metabolism,
470,VIT_18s0076g00240,271,0.1313,Preprotein translocase SecY subunit,K03076,,vv23060Protein_export,vv50113Thylakoid_targeting_pathway
471,VIT_00s0612g00010,271,0.1309,Phospholipase/carboxylesterase,E3_1_1_1,,,
472,VIT_09s0002g03120,269,0.1303,FRK1 (FLG22-induced receptor-like kinase 1),FRK1,,vv34626Plant-pathogen_interaction,
473,VIT_12s0142g00460,268,0.1300,Basic helix-loop-helix (bHLH) family,BHLHDOM_25,,vv60011BHLH,
474,VIT_12s0034g00930,269,0.1298,Band 7 family,BAND7,,vv50108Accessory_factors_involved_in_transport,
475,VIT_12s0028g02990,267,0.1297,fasciclin arabinogalactan-protein (FLA13),FLA13,,vv40006Cell_wall,
476,VIT_14s0006g02550,267,0.1294,Non-specific lipid-transfer protein 2 (LTP 2),,,,
477,VIT_06s0080g01040,266,0.1287,PR5K (PR5-like receptor kinase),,,,
478,VIT_18s0001g08400,264,0.1274,No hit,,,,
479,VIT_14s0068g00280,260,0.1259,Unknown protein,,,,
480,VIT_07s0031g00240,259,0.1255,SEC-C motif-containing protein / OTU cysteine protease,,,,
481,VIT_01s0026g01400,259,0.1250,Unknown protein,,,,
482,VIT_11s0016g03790,256,0.1239,No hit,,,,
483,VIT_00s0254g00010,256,0.1237,Unknown,,,,
484,VIT_16s0148g00320,254,0.1235,Ser/Thr receptor-like kinase1,,,,
485,VIT_06s0061g00230,253,0.1234,ABC transporter G member 7,ABCG7,,vv52010ABC_transporters,
486,VIT_17s0053g00400,253,0.1227,S-receptor protein kinase,,,,
487,VIT_16s0039g01700,250,0.1215,Inositol 1 3 4-triphosphate 5/6 kinase,E2_7_1_134,,vv10562Inositol_phosphate_metabolism,vv34070Phosphatidylinositol_signaling_system
488,VIT_08s0056g00750,254,0.1215,far-red impaired responsive protein,,,,
489,VIT_17s0000g03380,252,0.1211,Calmodulin binding protein,K02183,,vv34020Calcium_signaling_pathway,vv34626Plant-pathogen_interaction
490,VIT_13s0067g00320,251,0.1206,Pinene synthase,E4_2_3_14,,vv10902Monoterpenoid_biosynthesis,
491,VIT_15s0048g02460,249,0.1203,Quercetin 3-O-methyltransferase 1,E2_1_1_76,,vv10941Flavonoid_biosynthesis,
492,VIT_13s0064g00780,248,0.1192,Polygalacturonase GH28,E3_2_1_15,,vv40006Cell_wall,
493,VIT_15s0048g01900,247,0.1189,Unknown protein,,,,
494,VIT_19s0093g00440,240,0.1164,3-ketoacyl-CoA synthase,,,,
495,VIT_01s0026g01170,239,0.1158,Unknown,,,,
496,VIT_10s0116g00990,240,0.1158,Pentatricopeptide (PPR) repeat-containing protein,,,,
497,VIT_19s0015g00460,238,0.1154,TRNA-splicing endonuclease positive effector,,,,
498,VIT_15s0048g01060,237,0.1152,UDP-galactose transporter 2 ATUTR2/UTR2,UTR2,,vv50122Porters_cat_7_to_17,
499,VIT_19s0015g02130,236,0.1148,Ankyrin repeat,,,,
500,VIT_14s0006g03020,237,0.1144,No hit,,,,
501,VIT_14s0083g00380,234,0.1143,Unknown,,,,
502,VIT_12s0034g02350,234,0.1133,R protein disease resistance protein,RPROT,,vv34627R_proteins_from_Plant-pathogen_interaction,
503,VIT_03s0063g01850,232,0.1119,AOS (allene oxide synthase),E4_2_1_92,,vv10592alpha-Linolenic_acid_metabolism,
504,VIT_08s0058g01260,230,0.1110,No hit,,,,
505,VIT_02s0109g00310,228,0.1103,flavonoid 3-monooxygenase,E1_14_13_21,,vv10941Flavonoid_biosynthesis,
506,VIT_07s0141g00780,229,0.1101,Pentatricopeptide (PPR) repeat-containing protein,,,,
507,VIT_02s0033g01050,227,0.1101,Anthraniloyal-CoA: methanol anthraniloyal transferase,AMAT,,vv10400Phenylalanine_tyrosine_and_tryptophan_biosynthesis,
508,VIT_05s0029g00150,227,0.1100,No hit,,,,
509,VIT_13s0019g03290,225,0.1090,Unknown protein,,,,
510,VIT_16s0022g01700,226,0.1089,No hit,,,,
511,VIT_08s0007g00960,223,0.1081,Wall-associated receptor kinase-like 20,,,,
512,VIT_12s0035g01250,224,0.1077,Disease resistance protein (NBS-LRR class),,,,
513,VIT_09s0002g03020,223,0.1077,FRK1 (FLG22-induced receptor-like kinase 1),FRK1,,vv34626Plant-pathogen_interaction,
514,VIT_03s0038g01840,221,0.1070,Proline-rich protein 4,,,,
515,VIT_13s0019g02470,218,0.1053,RAB GTPase RABA2B,K07976,,,
516,VIT_08s0007g07600,216,0.1042,Pyruvate kinase  cytosolic isozyme,E2_7_1_40,,vv10010Glycolysis,vv10230Purine_metabolism
517,VIT_10s0003g03570,214,0.1039,Cycloartenol Synthase,E5_4_99_8,,vv10100Biosynthesis_of_steroids,
518,VIT_09s0054g00470,211,0.1015,Transposase_MuDR,,,,
519,VIT_12s0057g01210,211,0.1012,Nitrate-responsive NOI protein,,,,
520,VIT_19s0014g00190,208,0.1006,Unknown,,,,
521,VIT_06s0004g05440,207,0.1000,Tropinone reductase,E1_1_1_206,,vv10220Urea_cycle_and_metabolism_of_amino_groups,
522,VIT_10s0092g00250,207,0.0999,Alpha-glucosidase 1 (AGLU1),E3_2_1_20,,vv10052Galactose_metabolism,vv10500Starch_and_sucrose_metabolism
523,VIT_09s0002g02330,205,0.0992,Nucleosome/chromatin assembly factor group A,,,,
524,VIT_09s0002g02190,203,0.0979,Tubulin beta-1,K07375,,vv44145Phagosome,vv44810Regulation_of_actin_cytoskeleton
525,VIT_07s0095g00720,202,0.0977,Heat shock protein 81-4 (HSP81-4),K04079,,vv24141Protein_processing_in_endoplasmic_reticulum,vv34626Plant-pathogen_interaction
526,VIT_08s0058g01080,202,0.0973,No hit,,,,
527,VIT_18s0041g00490,202,0.0973,Proton-dependent oligopeptide transport (POT) family protein,POT,,vv50122Porters_cat_7_to_17,
528,VIT_08s0040g02790,197,0.0955,Unknown protein,,,,
529,VIT_16s0100g00250,197,0.0952,Mandelonitrile lyase-like protein,E4_1_2_10,,vv10460Cyanoamino_acid_metabolism,
530,VIT_00s0174g00130,197,0.0949,far-red impaired responsive family protein,FRSFAM_7,,vv60071Orphans_far-red,
531,VIT_16s0039g01250,189,0.0918,Receptor kinase homolog LRK10,,,,
532,VIT_10s0042g00590,190,0.0916,Leucine-rich repeat receptor-like protein kinase 1,,,,
533,VIT_12s0028g01810,189,0.0912,Shaggy protein kinase delta,,,,
534,VIT_00s0286g00110,189,0.0911,S-locus protein kinase,,,,
535,VIT_12s0057g00950,189,0.0909,No hit,,,,
536,VIT_11s0016g05710,187,0.0906,UDP-glucuronic acid/UDP-N-acetylgalactosamine transporter,UDPGLUCUTR,,vv50122Porters_cat_7_to_17,
537,VIT_05s0062g00570,187,0.0904,UDP-glucose:flavonoid 7-O-glucosyltransferase,E2_4_1_237,,vv10941Flavonoid_biosynthesis,
538,VIT_10s0042g00660,186,0.0899,No hit,,,,
539,VIT_00s0484g00030,184,0.0894,ARK3 (Arabidopsis Receptor Kinase 3),,,,
540,VIT_00s0294g00020,184,0.0894,Kinase,,,,
541,VIT_11s0016g03600,184,0.0888,Proton-dependent oligopeptide transport (POT) family protein,POT,,vv50122Porters_cat_7_to_17,
542,VIT_14s0060g01060,184,0.0888,Pectinesterase family,E3_1_1_11,,vv40006Cell_wall,
543,VIT_14s0060g00770,184,0.0885,Glycosyl transferase family 8 protein,,,,
544,VIT_15s0024g00410,181,0.0878,Lectin,,,,
545,VIT_01s0011g01000,181,0.0875,RPM1 (resistance to p. syringae pv maculicola 1),K13457,,vv34626Plant-pathogen_interaction,
546,VIT_18s0041g01110,180,0.0873,Pentatricopeptide (PPR) repeat-containing,,,,
547,VIT_02s0087g00630,180,0.0872,Alcohol oxidase,E1_1_3_13,,vv10680Methane_metabolism,
548,VIT_00s0665g00050,180,0.0871,Root phototropism protein 3 (Non-phototropic hypocotyl protein 3),,,,
549,VIT_11s0118g00540,181,0.0871,Calcium-binding EF hand,,,,
550,VIT_16s0115g00150,180,0.0870,No hit,,,,
551,VIT_06s0004g07420,178,0.0865,Unknown protein,,,,
552,VIT_04s0044g01650,180,0.0865,GA 20-oxidase 2,E1_14_11_12,,vv10904Diterpenoid_biosynthesis,
553,VIT_14s0083g01130,178,0.0862,MAP3K-like protein kinase  putative  expressed,,,,
554,VIT_16s0148g00070,177,0.0857,Receptor-like protein kinase,,,,
555,VIT_04s0008g03990,175,0.0843,Unknown,,,,
556,VIT_09s0002g07610,174,0.0842,Leucine-rich repeat family,,,,
557,VIT_10s0003g00850,170,0.0824,Zinc finger (C3HC4-type ring finger),ZFC3HC4_237,,vv60078Other_zf-C3HC4,
558,VIT_05s0102g00850,165,0.0793,Unknown protein,,,,
559,VIT_00s0375g00060,161,0.0777,Ent-kaurene synthase,E5_5_1_13,,vv10904Diterpenoid_biosynthesis,
560,VIT_08s0007g04330,160,0.0774,CHUP1 (chloroplast unusual positioning 1),CHUP1,,vv44810Regulation_of_actin_cytoskeleton,
561,VIT_14s0060g01940,160,0.0771,Epoxide hydrolase,E3_3_2_10,,,
562,VIT_06s0004g08250,157,0.0765,Leucine-rich repeat transmembrane protein kinase  putative,,,,
563,VIT_09s0002g07810,158,0.0763,No hit,,,,
564,VIT_10s0116g00530,158,0.0761,Thiazole biosynthetic enzyme  chloroplast (ARA6),E2_5_1_3,,vv10730Thiamine_metabolism,
565,VIT_14s0128g00900,156,0.0756,MORC family CW-type zinc finger 4,MORC4,,,
566,VIT_02s0025g01730,155,0.0750,3-oxoacyl-[acyl-carrier-protein] synthase,E2_3_1_41,,vv10061Fatty_acid_biosynthesis,
567,VIT_09s0002g05110,154,0.0746,EMB2753,,,,
568,VIT_08s0058g00850,151,0.0732,Gag-pol polyprotein,,,,
569,VIT_01s0010g01090,151,0.0730,Peroxidase ATP23a,E1_11_1_7,,vv10360Phenylalanine_metabolism,vv10680Methane_metabolism
570,VIT_13s0019g00460,150,0.0727,Unknown protein,,,,
571,VIT_06s0004g07460,150,0.0724,Unknown protein,,,,
572,VIT_13s0019g04050,147,0.0716,TET6 (tetraspanin6),,,,
573,VIT_06s0009g00190,148,0.0716,No hit,,,,
574,VIT_18s0072g00580<br>VIT_11s0065g00040,145,0.0705,
575,VIT_03s0088g00730,144,0.0698,Methionine sulfoxide reductase,E1_8_4_11,,vv10271Methionine_metabolism,
576,VIT_12s0028g02480,144,0.0696,Lipase GDSL,,,,
577,VIT_13s0084g00010,142,0.0691,(-)-a-terpineol synthase,VVTPS,,vv10902Monoterpenoid_biosynthesis,
578,VIT_18s0089g00710,143,0.0689,Secologanin synthase CYP72A1,K13400,,vv10902Monoterpenoid_biosynthesis,
579,VIT_04s0008g04900,142,0.0689,WD-40 repeat protein (LEUNIG),LEUNIG_5,,vv30009Flower_development,vv60041LUG
580,VIT_02s0012g01660,143,0.0688,ATPase PGP2 (P-glycoprotein 2),PGP2,,vv52010ABC_transporters,
581,VIT_12s0057g00050,140,0.0675,No hit,,,,
582,VIT_13s0019g01700,139,0.0674,Scarecrow transcription factor 14 (SCL14),SCL14_1,,vv60032GRAS,
583,VIT_06s0061g00500,138,0.0668,S-adenosylmethionine synthetase,E2_5_1_6,,vv10271Methionine_metabolism,vv10450Selenoamino_acid_metabolism
584,VIT_08s0007g08960,138,0.0666,Ca2+-transporting ATPase type 2 isoform 4,K01537,,vv34020Calcium_signaling_pathway,vv50131Primary_active_transporter_cat_A2_to_A4
585,VIT_03s0038g04670,137,0.0664,Isoflavone reductase,E1_3_1_45,,vv10943Isoflavonoid_biosynthesis,
586,VIT_17s0000g02450,137,0.0659,Tubulin beta-6,K07375,,vv44145Phagosome,vv44810Regulation_of_actin_cytoskeleton
587,VIT_16s0013g01570,133,0.0644,Myb domain protein 92,MYB92_3,MYB194,vv60044MYB,
588,VIT_14s0006g00330,134,0.0643,No hit,,,,
589,VIT_05s0077g01730,133,0.0638,Unknown,,,,
590,VIT_04s0079g00010,133,0.0637,Expansin-A7,EXPA7,,vv30003Auxin_signaling,
591,VIT_11s0016g05490,131,0.0634,Actin 6 ARP6,ARP6,,vv30009Flower_development,
592,VIT_05s0062g01130,132,0.0632,Aromatic and neutral transporter 1,ANT1,,vv50123Porters_cat_18_to_29,
593,VIT_16s0050g00460,130,0.0631,DD1A protein,,,,
594,VIT_04s0008g00700,129,0.0629,No hit,,,,
595,VIT_00s0776g00010,130,0.0624,Strubbelig receptor family 3,,,,
596,VIT_12s0034g02580,129,0.0624,Leucine Rich Repeat receptor-like kinase,,,,
597,VIT_02s0012g02030,130,0.0618,Homeobox-7,VVHB7_1,VvHB09,vv60034HB,
598,VIT_07s0151g00210,127,0.0614,Chlorophyllase 1,E3_1_1_14,,vv10860Porphyrin_and_chlorophyll_metabolism,
599,VIT_16s0022g01020,126,0.0608,Chalcone synthase [Vitis vinifera],E2_3_1_74,,vv10941Flavonoid_biosynthesis,
600,VIT_10s0116g01710,125,0.0604,Galactosyltransferase family protein,E2_4_x_x,,,
601,VIT_13s0019g03700,125,0.0604,Lateral organ boundaries protein 1,LBD1_8,,vv60007AS2,
602,VIT_12s0142g00540,122,0.0591,3-phosphoshikimate 1-carboxyvinyltransferase  chloroplast precursor,E2_5_1_19,,vv10400Phenylalanine_tyrosine_and_tryptophan_biosynthesis,
603,VIT_11s0016g01620,122,0.0586,Unknown,,,,
604,VIT_14s0083g01000,121,0.0585,Zinc finger (C3HC4-type ring finger),ZFC3HC4_35,,vv60078Other_zf-C3HC4,
605,VIT_06s0004g07810,121,0.0585,GTP binding protein EngB,K03978,,,
606,VIT_00s0294g00090,121,0.0583,Ser/Thr receptor-like kinase1,,,,
607,VIT_19s0014g03440,120,0.0580,Unknown,,,,
608,VIT_10s0042g00900,119,0.0579,No hit,,,,
609,VIT_07s0005g03170,119,0.0577,Undecaprenyl pyrophosphate synthetase,E2_5_1_31,,vv10900Terpenoid_biosynthesis,
610,VIT_12s0035g00880,119,0.0575,Lactoylglutathione lyase,E4_4_1_5,,vv10620Pyruvate_metabolism,
611,VIT_08s0058g01270,119,0.0575,Zinc finger (C3HC4-type ring finger),ZFC3HC4_94,,vv60078Other_zf-C3HC4,
612,VIT_07s0104g01220,116,0.0558,Unknown protein,,,,
613,VIT_09s0054g01410,113,0.0548,Beta-amyrin synthase,E5_4_99_BAS,,vv10900Terpenoid_biosynthesis,
614,VIT_16s0050g02710,114,0.0546,RPK1 (receptor-like protein kinase 1),,,,
615,VIT_09s0018g01080,113,0.0545,EFR (EF-TU receptor),K13428,,vv34626Plant-pathogen_interaction,
616,VIT_13s0084g00480,113,0.0545,No hit,,,,
617,VIT_13s0019g04040,110,0.0534,Serine carboxypeptidase 28 (SCPL28),,,,
618,VIT_07s0141g00690,110,0.0532,ERF/AP2 transcription factor sub B-1(ATERF-3),ERF3_2,VvERF065,vv30008Ethylene_signaling,vv60003AP2_EREBP
619,VIT_12s0028g01970,109,0.0527,Serine/threonine-protein kinase NAK,,,,
620,VIT_07s0005g05260<br>VIT_07s0005g05230,109,0.0527,
621,VIT_18s0086g00430,108,0.0524,Yip1 domain   member 2,YIP1,,vv50110Protein_coat,
622,VIT_18s0001g04140,108,0.0524,Vacuolar protein sorting 9 (VPS9),VPS9A,,vv50110Protein_coat,
623,VIT_03s0038g01010,107,0.0518,No hit,,,,
624,VIT_04s0008g06960,104,0.0505,No hit,,,,
625,VIT_12s0034g00200,104,0.0503,Sulfite reductase,E1_8_7_1,,vv10450Selenoamino_acid_metabolism,vv10920Sulfur_metabolism
626,VIT_18s0001g00510,103,0.0501,Prolyl endopeptidase,E3_4_21_26,,,
627,VIT_14s0108g01200,102,0.0494,Vesicle transport v-SNARE 13,K08493,,vv24130SNARE_interactions_in_vesicular_transport,
628,VIT_02s0025g02470,102,0.0492,Unknown protein,,,,
629,VIT_05s0020g02950,101,0.0489,Deoxyribose-phosphate aldolase 2,E4_1_2_4,,vv10030Pentose_phosphate,
630,VIT_16s0050g01930,101,0.0484,EIX receptor 2,,,,
631,VIT_12s0035g00290,99,0.0479,Sugar transporter ERD6-like 6,ERD6L6,,vv50121Porters_cat_1_to_6,
632,VIT_19s0014g04180,98,0.0475,Curculin (mannose-binding) lectin,,,,
633,VIT_11s0016g04600,98,0.0472,Myb family,MYBGE_14,,vv60029G2-like,
634,VIT_01s0011g00410,93,0.0452,Nuclear transport factor 2 (NTF2),NTF2,,vv50133Primary_active_transporter_cat_A9_to_A18,
635,VIT_08s0007g01510,93,0.0450,Phosphatidic acid phosphatase / PAP2,E3_1_3_4,,vv10561Glycerolipid_metabolism,vv10564Glycerophospholipid_metabolism
636,VIT_19s0090g01680,92,0.0444,Receptor-like kinase 902,,,,
637,VIT_01s0010g00710,92,0.0444,Armadillo/beta-catenin repeat protein / U-box domain-containing protein ,,,,
638,VIT_09s0002g01120,92,0.0443,Exportin PAUSED,K14288,,vv23013RNA_transport,vv50112Nuclear_pore_complex
639,VIT_00s0455g00030,91,0.0443,EMB2744 (embryo defective 2744),,,,
640,VIT_16s0148g00250,91,0.0440,Zinc finger (C3HC4-type ring finger),ZFC3HC4,,,
641,VIT_06s0004g06690,89,0.0431,Ribosomal protein S18 30S,K02963,,vv23010Ribosome,
642,VIT_11s0118g00420,89,0.0431,Heparanase protein 3 precursor,E3_2_1_31,,vv10040Pentose_glucuronate_interconversion,vv10500Starch_and_sucrose_metabolism
643,VIT_15s0021g02500,89,0.0431,No hit,,,,
644,VIT_02s0033g01320,88,0.0427,Amino acid permease,AAPREL,,vv50123Porters_cat_18_to_29,
645,VIT_10s0116g00810,88,0.0426,Root hair defective 3 GTP-binding (RHD3),,,,
646,VIT_02s0087g00370,88,0.0424,Anthranilate N-hydroxycinnamoyl/benzoyltransferase,E2_3_1_144,,vv10400Phenylalanine_tyrosine_and_tryptophan_biosynthesis,
647,VIT_17s0000g08720,87,0.0421,RKF2 (receptor-like serine/threonine kinase 2),,,,
648,VIT_11s0037g00950,86,0.0418,S-adenosylmethionine decarboxylase proenzyme,E4_1_1_50,,vv10220Urea_cycle_and_metabolism_of_amino_groups,vv10271Methionine_metabolism
649,VIT_05s0029g00610,86,0.0415,ER lumen protein retaining receptor family protein,,,,
650,VIT_02s0087g00440,85,0.0410,Beta-amylase 8,E3_2_1_2_BMY2_1,,vv10500Starch_and_sucrose_metabolism,vv60010BES1
651,VIT_06s0004g07080,84,0.0405,Unknown protein,,,,
652,VIT_09s0070g00110,83,0.0402,S-adenosyl-L-methionine Mg-protoporphyrin IX methyltranserase,E2_1_1_11,,vv10860Porphyrin_and_chlorophyll_metabolism,
653,VIT_12s0134g00020,81,0.0393,Isoprene synthase,E4_2_3_27,,vv10900Terpenoid_biosynthesis,
654,VIT_18s0001g00030,81,0.0393,CYP87A2,,,,
655,VIT_00s0125g00300,81,0.0392,No hit,,,,
656,VIT_05s0077g01420,80,0.0386,Unknown protein,,,,
657,VIT_16s0039g01330,79,0.0383,Receptor kinase homolog LRK10,,,,
658,VIT_06s0004g04820,78,0.0378,Salt stress-inducible protein kinase,,,,
659,VIT_07s0141g00370,78,0.0377,No hit,,,,
660,VIT_05s0062g01280,77,0.0373,Cyclo-DOPA 5-O-glucosyltransferase,CD5OGT,,vv10350Tyrosine_metabolism,
661,VIT_04s0043g00460,76,0.0369,No hit,,,,
662,VIT_14s0128g00780,75,0.0362,Lipoxygenase,E1_13_11_12,,vv10592alpha-Linolenic_acid_metabolism,
663,VIT_12s0034g00250,73,0.0355,Aquaporin PIP1A,PIP1A,,vv50101Channels_and_pores,
664,VIT_18s0001g06490,73,0.0355,Aquaporin PIP1B,PIP1B,,vv50101Channels_and_pores,
665,VIT_01s0011g04010,73,0.0354,Catalytic,,,,
666,VIT_14s0060g00150,72,0.0348,Nectarin-1NECI,,,,
667,VIT_06s0004g01710,70,0.0338,Histone H3,,,,
668,VIT_01s0026g02210,70,0.0338,Unknown protein,,,,
669,VIT_03s0038g03870,70,0.0338,Calcium ion binding protein,,,,
670,VIT_13s0156g00380,69,0.0335,No hit,,,,
671,VIT_07s0005g05750,68,0.0330,No hit,,,,
672,VIT_14s0030g00960,68,0.0329,R protein MLA10,K13475,,vv34627R_proteins_from_Plant-pathogen_interaction,
673,VIT_14s0030g01990<br>VIT_14s0030g02060,68,0.0329,
674,VIT_08s0007g06140,68,0.0328,Anthranilate phosphoribosyltransferase,E2_4_2_18,,vv10400Phenylalanine_tyrosine_and_tryptophan_biosynthesis,
675,VIT_18s0041g00400,68,0.0328,TIR-NBS-LRR disease resistance,,,,
676,VIT_08s0007g08150,68,0.0327,Dehydration-responsive element-binding protein 2F,DREB2F,VvERF040,vv30008Ethylene_signaling,vv60003AP2_EREBP
677,VIT_18s0001g10220<br>VIT_18s0001g10190,68,0.0327,
678,VIT_17s0000g00950,67,0.0324,Hydroxycinnamoyl-CoA quinate hydroxycinnamoyltransferase,E2_3_1_99,,vv10940Phenylpropanoid_biosynthesis,
679,VIT_09s0002g05390,67,0.0324,ABC transporter g family pleiotropic drug resistance 12 PDR12,ABCGPDR12,,vv52010ABC_transporters,
680,VIT_08s0007g00540,67,0.0323,Haloacid dehalogenase hydrolase,E3_1_3_18,,vv10630Glyoxylate_and_dicarboxylate_metabolism,
681,VIT_11s0037g01080,66,0.0321,Metal-dependent phosphohydrolase HD domain-containing protein,K07023,,,
682,VIT_18s0001g06540,66,0.0321,No hit,,,,
683,VIT_18s0001g03760,66,0.0320,Holocarboxylase synthetase 1 (HCS1),E6_3_4_9,,vv10780Biotin_metabolism,
684,VIT_11s0052g01640,66,0.0318,flavonol 3-O-glucosyltransferase,E2_4_1_91,,vv10941Flavonoid_biosynthesis,
685,VIT_10s0071g00370,65,0.0315,GRAM domain-containing protein / ABA-responsive,,,,
686,VIT_00s0228g00060,65,0.0313,Unknown,,,,
687,VIT_18s0001g12900,64,0.0312,S-adenosyl-L-methionine:salicylic acid carboxyl methyltransferase,SAMTBSCMT,,vv10360Phenylalanine_metabolism,
688,VIT_03s0038g03780,65,0.0311,Auxin-induced SAUR,SAUR,,vv30003Auxin_signaling,
689,VIT_13s0067g01400,64,0.0310,ABI4 (ABA insensitive 4),ABI4,,vv30001ABA_signaling,vv60003AP2_EREBP
690,VIT_00s0411g00040,64,0.0310,Unknown,,,,
691,VIT_16s0050g02740<br>VIT_00s1467g00010<br>VIT_00s0294g00070<br>VIT_16s0039g01210<br>VIT_16s0050g02730<br>VIT_16s0148g00180<br>VIT_16s0148g00420,63,0.0306,
692,VIT_04s0023g02230,63,0.0306,S-adenosyl-L-methionine:salicylic acid carboxyl methyltransferase,SAMTBSCMT,,vv10360Phenylalanine_metabolism,
693,VIT_10s0116g00930,63,0.0304,Root hair defective 3 GTP-binding (RHD3),,,,
694,VIT_09s0070g00400,63,0.0303,No hit,,,,
695,VIT_09s0002g03060,60,0.0293,Leucine-rich repeat protein kinase,,,,
696,VIT_18s0041g01530,60,0.0290,CYP706A12,,,,
697,VIT_16s0050g02190,59,0.0285,Unknown,,,,
698,VIT_05s0029g01540,58,0.0282,Ankyrin repeat,K10380,,vv50108Accessory_factors_involved_in_transport,
699,VIT_11s0016g04420,58,0.0282,DnaJ homolog  subfamily C  member 13,K09533,,vv50132Primary_active_transporter_cat_A5_to_A8,
700,VIT_14s0068g01320,58,0.0280,No hit,,,,
701,VIT_07s0005g05610,57,0.0277,3-ketoacyl-CoA thiolase PED1,K07513,,vv10062Fatty_acid_elongation_in_mitochondria,vv10071Fatty_acid_metabolism
702,VIT_16s0039g00010,57,0.0277,ABC transporter G member 7,ABCG7,,vv52010ABC_transporters,
703,VIT_15s0046g02780,57,0.0276,No hit,,,,
704,VIT_19s0014g01540,55,0.0266,ABC transporter G member 14,ABCG14,,vv52010ABC_transporters,
705,VIT_11s0016g02420,55,0.0266,UDP-N-acetylglucosamine O-acyltransferase protein,E2_3_1_129,,vv10540Lipopolysaccharide_biosynthesis,
706,VIT_09s0002g02890,55,0.0266,FRK1 (FLG22-induced receptor-like kinase 1),FRK1,,vv34626Plant-pathogen_interaction,
707,VIT_04s0008g01290,55,0.0264,CGA1 (cytokinin-responsive GATA factor 1),CGA1,,vv30007Cytokinin_signaling,vv60016C2C2-GATA
708,VIT_03s0132g00140,54,0.0263,Unknown,,,,
709,VIT_09s0070g00020,54,0.0262,Binding,,,,
710,VIT_00s0558g00010,54,0.0260,Branched-chain-amino-acid aminotransferase 3  chloroplastic,E2_6_1_42,,vv10280Valine_leucine_and_isoleucine_degradation,vv10290Valine_leucine_and_isoleucine_biosynthesis
711,VIT_13s0067g01440,53,0.0256,Pentatricopeptide (PPR) repeat-containing protein,,,,
712,VIT_19s0093g00050,52,0.0251,R protein  PRF  disease resistance protein,K13453,,vv34627R_proteins_from_Plant-pathogen_interaction,
713,VIT_04s0008g00050,51,0.0248,Ribosomal protein L5-1 60S,K02932,,vv23010Ribosome,
714,VIT_03s0038g02390,51,0.0247,Ubiquitin-conjugating enzyme E2 D/E UBC28,K06689,,vv24120Ubiquitin_mediated_proteolysis,vv24141Protein_processing_in_endoplasmic_reticulum
715,VIT_04s0079g00110,51,0.0246,Kinesin 4 motor protein,K10395,,vv44810Regulation_of_actin_cytoskeleton,
716,VIT_14s0060g02470,50,0.0243,Unknown,,,,
717,VIT_16s0013g02000,50,0.0242,Nuclear division RFT1,RFT1,,vv50125Porters_cat_66_to_94,
718,VIT_18s0001g00560,50,0.0241,Alpha-amylase / 1 4-alpha-D-glucan glucanohydrolase,E3_2_1_1,,vv10500Starch_and_sucrose_metabolism,
719,VIT_00s0558g00020,50,0.0241,LINC4 (little nuclei4),,,,
720,VIT_14s0219g00140,50,0.0241,ATP synthase mitochondrial F1 complex assembly factor 2,K07556,,,
721,VIT_03s0132g00340,49,0.0237,Wall-associated receptor kinase-like 10,,,,
722,VIT_08s0007g06020,49,0.0237,Beta 1-3 glucanase [Vitis vinifera],E3_2_1_6,,,
723,VIT_10s0092g00220,49,0.0236,Integral membrane family protein UPF0497,,,,
724,VIT_10s0003g01380,49,0.0236,Myb family,MYBGE_9,,vv60029G2-like,
725,VIT_18s0089g00030,48,0.0233,Protein kinase,,,,
726,VIT_16s0013g01470,48,0.0232,Lysyl-tRNA synthetase,E6_1_1_6,,vv10300Lysine_biosynthesis,vv20970Aminoacyl-tRNA_biosynthesis
727,VIT_13s0074g00780,47,0.0227,Late embryogenic abundant protein,,,,
728,VIT_00s1869g00010,47,0.0227,Polyprotein,,,,
729,VIT_02s0012g01990,47,0.0226,4-hydroxyphenylpyruvate dioxygenase,E1_13_11_27,,vv10350Tyrosine_metabolism,vv10360Phenylalanine_metabolism
730,VIT_02s0025g00600,46,0.0223,Glycoside hydrolase  family 5,,,,
731,VIT_09s0002g03230,46,0.0222,Acid phosphatase,E3_1_3_2,,vv10740Riboflavin_metabolism,
732,VIT_05s0020g01640,46,0.0222,Transcription termination factor mitochondrial mTERF,MTERF_15,,vv60085MTERF,
733,VIT_00s0872g00020,45,0.0218,No hit,,,,
734,VIT_04s0008g06470,45,0.0218,Cysteinyl-tRNA synthetase,E6_1_1_16,,vv10272Cysteine_metabolism,vv20970Aminoacyl-tRNA_biosynthesis
735,VIT_07s0205g00180,44,0.0214,Basic helix-loop-helix (bHLH) family,BHLHDOM_30,,vv60011BHLH,
736,VIT_18s0166g00110,44,0.0213,E4/E8 binding protein-1,E4E8BP,,vv30008Ethylene_signaling,
737,VIT_14s0068g00190,44,0.0212,No hit,,,,
738,VIT_01s0026g01680,43,0.0208,Pectate lyase,E4_2_2_2,,vv40006Cell_wall,
739,VIT_00s0409g00080,43,0.0207,S-receptor kinase KIK1 precursor,,,,
740,VIT_16s0039g00230,42,0.0205,RKL1 (Receptor-like kinase 1),,,,
741,VIT_13s0074g00500,42,0.0203,Cellulose synthase CSLA09,E2_4_1_12_CSLA09,,vv40006Cell_wall,
742,VIT_18s0041g00510,42,0.0202,Proton-dependent oligopeptide transport (POT) family protein,POT,,vv50122Porters_cat_7_to_17,
743,VIT_02s0109g00240,41,0.0200,No hit,,,,
744,VIT_11s0016g00830,41,0.0199,Ribose isomerase,E5_3_1_20,,vv10030Pentose_phosphate,
745,VIT_05s0049g01810,40,0.0195,No hit,,,,
746,VIT_12s0142g00690,40,0.0194,No hit,,,,
747,VIT_10s0003g00800,40,0.0193,Unknown,,,,
748,VIT_12s0057g00370,40,0.0193,Polygalacturonase PGA3,E3_2_1_15,,vv40006Cell_wall,
749,VIT_05s0020g03040,40,0.0193,Unknown,,,,
750,VIT_02s0025g04370,38,0.0184,S-N-methylcoclaurine 3'-hydroxylase,E1_14_13_71,,vv10950Alkaloid_biosynthesis_I,
751,VIT_11s0037g00060,37,0.0179,Elongation factor 1-alpha-like protein,K03231,,vv23013RNA_transport,
752,VIT_07s0255g00060,37,0.0179,Prolyl oligopeptidase family,,,,
753,VIT_16s0039g01310,37,0.0178,Receptor serine/threonine kinase PR5K,,,,
754,VIT_01s0026g00680,36,0.0175,RNase H domain-containing protein,K01163,,,
755,VIT_19s0027g01490,36,0.0175,R protein MLA10,K13475,,vv34627R_proteins_from_Plant-pathogen_interaction,
756,VIT_18s0041g00500,36,0.0174,Proton-dependent oligopeptide transport (POT) family protein,POT,,vv50122Porters_cat_7_to_17,
757,VIT_19s0015g00660,36,0.0174,E3 ubiquitin-protein ligase HUWE1,K10592,,vv24120Ubiquitin_mediated_proteolysis,
758,VIT_01s0011g00350,36,0.0173,CYP78A5,,,,
759,VIT_06s0004g00310,36,0.0173,Hcr2-p4.1,,,,
760,VIT_13s0156g00570,35,0.0170,S-receptor kinase,,,,
761,VIT_00s0282g00030,35,0.0169,Leaf senescence protein,,,,
762,VIT_07s0104g00640,35,0.0169,No hit,,,,
763,VIT_04s0023g03160,35,0.0169,Unknown protein,,,,
764,VIT_16s0022g02100,35,0.0169,Embryo-specific 3,,,,
765,VIT_09s0002g00770,35,0.0169,2OG-Fe(II) oxygenase,,,,
766,VIT_09s0002g07720,34,0.0165,Leucine-rich repeat family protein,,,,
767,VIT_18s0001g13090,34,0.0165,Proteasome 26S AAA-ATPase subunit (RPT4),K03064,,vv23050Proteasome,
768,VIT_18s0166g00220,34,0.0164,No hit,,,,
769,VIT_08s0105g00340,33,0.0160,NLI interacting factor (NIF),NIF,,vv50132Primary_active_transporter_cat_A5_to_A8,
770,VIT_07s0005g01790,33,0.0160,Acyl-CoA synthetase long-chain member 2,E6_2_1_3_LACS2,,vv10071Fatty_acid_metabolism,vv44146Peroxisome
771,VIT_13s0084g00440,32,0.0155,No hit,,,,
772,VIT_11s0052g00700,32,0.0155,Serine/theronine protein kinase 2,,,,
773,VIT_01s0026g01330,31,0.0149,Glutathione S-transferase 29 GSTU18,E2_5_1_18_GSTU18,,vv10480Glutathione_metabolism,
774,VIT_06s0004g04370,30,0.0145,Histone H4,,,,
775,VIT_03s0038g01760,30,0.0145,Disease resistance protein (CC-NBS class),,,,
776,VIT_05s0020g04810,30,0.0145,Lipase GDSL 7,GLIP7,,vv50101Channels_and_pores,
777,VIT_19s0014g04470,30,0.0144,S-locus protein kinase,,,,
778,VIT_01s0026g02240,29,0.0141,ANTR2 (anion transporter 2,ANTR2,,vv50121Porters_cat_1_to_6,
779,VIT_02s0087g00260,29,0.0140,RPD1 (root primordium defective 1),,,,
780,VIT_01s0127g00190,29,0.0140,Cysteine-rich receptor-like protein kinase 2,,,,
781,VIT_05s0077g00260,29,0.0140,Transducin protein,,,,
782,VIT_11s0016g03800,29,0.0139,No hit,,,,
783,VIT_18s0001g04960,28,0.0136,Sulfate transporter 1.2,SULTR1_2,,vv50124Porters_cat_30_to_64,
784,VIT_17s0119g00390,28,0.0135,No hit,,,,
785,VIT_00s0245g00030,27,0.0131,Integral membrane family protein,,,,
786,VIT_02s0025g04670,27,0.0130,Senescence-inducible chloroplast stay-green protein 2,,,,
787,VIT_04s0008g05060,26,0.0127,C-5 cytosine-specific DNA methylase,E2_1_1_37,,vv10271Methionine_metabolism,
788,VIT_02s0033g00310,26,0.0126,No hit,,,,
789,VIT_05s0077g01740,26,0.0126,Polygalacturonase GH28,E3_2_1_15,,vv40006Cell_wall,
790,VIT_18s0001g06880,26,0.0126,Aminoacyl-tRNA synthetase  class Ia,E6_1_1_7,,vv10252Alanine_and_aspartate_metabolism,vv20970Aminoacyl-tRNA_biosynthesis
791,VIT_14s0066g01290,26,0.0126,Exonuclease,E3_1_13_1,,,
792,VIT_18s0041g00270,26,0.0126,R protein  PRF  disease resistance protein,K13453,,vv34627R_proteins_from_Plant-pathogen_interaction,
793,VIT_00s0409g00040,26,0.0125,Cysteine-rich receptor-like protein kinase 15 RLK15,,,,
794,VIT_07s0141g00060,26,0.0125,Beta-ketoacyl-CoA-synthase,E2_3_1_41,,vv10061Fatty_acid_biosynthesis,
795,VIT_13s0047g00020,25,0.0121,ZIF1 (zinc induced facilitator 1); carbohydrate transporter,ZIF1,,vv50121Porters_cat_1_to_6,
796,VIT_02s0012g02720,25,0.0121,RPM1 (resistance to p. syringae pv maculicola 1),K13457,,vv34626Plant-pathogen_interaction,
797,VIT_10s0003g00760,25,0.0121,Glutamate receptor protein,GLR2_9,,vv50101Channels_and_pores,
798,VIT_15s0046g02090,25,0.0121,Late embryogenesis abundant group 14,,,,
799,VIT_00s0456g00040<br>VIT_00s0374g00030,25,0.0121,
800,VIT_02s0012g01000,25,0.0120,Protein tyrosine phosphatase,K01104,,,
801,VIT_00s0238g00110,24,0.0117,HAT dimerisation domain-containing protein,,,,
802,VIT_00s0192g00120,24,0.0116,FtsH protease 4 ftsh4,FTSH4,,,
803,VIT_13s0019g01410,24,0.0116,OBP3 (OBF-binding protein 3),OBP3_3,,vv30011Jasmonate_signaling,vv60015C2C2-DOF
804,VIT_09s0002g00600,24,0.0115,RPP27 (resistance to peronospora parasitica 27),,,,
805,VIT_02s0025g00110,23,0.0111,DNA excision repair protein ERCC-3,K10843,,vv23420Nucleotide_excision_repair,
806,VIT_18s0041g00900,22,0.0106,UDP-glycosyltransferase 88A4,,,,
807,VIT_13s0074g00450,22,0.0106,DEMETER protein (DME),,,,
808,VIT_06s0004g01430,22,0.0106,ABA glucosidase,ABAGLC,,vv11013ABA_biosynthesis,
809,VIT_06s0061g01000,22,0.0106,Prolylcarboxypeptidase,E3_4_16_2,,,
810,VIT_03s0017g02190,22,0.0106,ZIP family transporter,ZIP1,,vv50121Porters_cat_1_to_6,
811,VIT_01s0137g00180,21,0.0103,B-keto acyl reductase,,,,
812,VIT_01s0150g00040,21,0.0102,Unknown protein,,,,
813,VIT_10s0092g00510,21,0.0101,CYP71D10p,E1_14_13_73,,vv10902Monoterpenoid_biosynthesis,
814,VIT_02s0025g02980,21,0.0101,Soluble inorganic pyrophosphatase,K01507,,vv10190Oxidative_phosphorylation,vv50133Primary_active_transporter_cat_A9_to_A18
815,VIT_05s0029g00550,20,0.0097,HEAT repeat-containing protein,,,,
816,VIT_11s0016g00880,20,0.0097,Strictosidine synthase; Soluble quinoprotein glucose dehydrogenase,E4_3_3_2,,vv10900Terpenoid_biosynthesis,vv10902Monoterpenoid_biosynthesis
817,VIT_17s0000g08110,20,0.0096,Nodulin MtN3,,,,
818,VIT_00s0184g00100,20,0.0096,Pyruvate kinase,E2_7_1_40,,vv10010Glycolysis,vv10230Purine_metabolism
819,VIT_13s0139g00300,20,0.0096,R protein disease resistance protein,RPROT,,vv34627R_proteins_from_Plant-pathogen_interaction,
820,VIT_01s0010g02800,20,0.0096,Ankyrin,K10380,,vv50108Accessory_factors_involved_in_transport,
821,VIT_19s0090g00220,19,0.0093,CRS2-associated factor 2  mitochondrial precursor,,,,
822,VIT_16s0039g01260,19,0.0093,Ser/Thr receptor-like kinase1,,,,
823,VIT_07s0005g05180,19,0.0092,No hit,,,,
824,VIT_08s0007g04790,19,0.0092,Zinc finger (C3HC4-type ring finger),ZFC3HC4_134,,vv60078Other_zf-C3HC4,
825,VIT_12s0028g01940<br>VIT_12s0028g02760<br>VIT_12s0028g02710<br>VIT_12s0028g01880,19,0.0092,
826,VIT_03s0063g01550,19,0.0092,CYP82C1p,,,,
827,VIT_03s0038g03860,19,0.0091,Phosphate-induced protein 1,,,,
828,VIT_16s0039g01410,19,0.0091,Tocopherol O-methyltransferase  chloroplast precursor,E2_1_1_95,,vv10100Biosynthesis_of_steroids,
829,VIT_09s0054g00930,19,0.0091,7-dehydrocholesterol reductase,E1_3_1_21,,vv10100Biosynthesis_of_steroids,
830,VIT_07s0095g00490,18,0.0088,No hit,,,,
831,VIT_14s0060g01540,18,0.0088,Syntaxin 16,K08489,,vv24130SNARE_interactions_in_vesicular_transport,vv50101Channels_and_pores
832,VIT_05s0049g01450,18,0.0088,No hit,,,,
833,VIT_06s0061g00860,18,0.0087,Zinc-binding protein,,,,
834,VIT_08s0058g01390,18,0.0087,WRKY DNA-binding protein 70,WRKY70_2,VvWRKY25,vv60066WRKY,
835,VIT_16s0050g00520,18,0.0087,Tripeptidyl-peptidase 2,E3_4_14_10,,,
836,VIT_05s0020g03260,18,0.0087,Copper amine oxidase,E1_4_3_6,,vv10220Urea_cycle_and_metabolism_of_amino_groups,vv10340Histidine_metabolism
837,VIT_00s1683g00010,18,0.0087,Wound-responsive protein,,,,
838,VIT_09s0018g00980,18,0.0087,No hit,,,,
839,VIT_07s0005g02100,18,0.0086,Shaggy protein kinase alpha (ASK-alpha),SK11,,,
840,VIT_07s0104g01660,17,0.0082,HAK5 (High affinity K+ transporter 5),HAK5,,vv50125Porters_cat_66_to_94,
841,VIT_18s0001g06890,17,0.0082,Peroxidase GvPx2b  class III [Vitis vinifera],E1_11_1_7,,vv10360Phenylalanine_metabolism,vv10680Methane_metabolism
842,VIT_06s0004g05670,17,0.0082,Glutathione S-transferase 25 GSTU7,E2_5_1_18_GSTU7,,vv10480Glutathione_metabolism,
843,VIT_08s0007g00950,17,0.0082,No hit,,,,
844,VIT_00s0253g00020<br>VIT_00s1380g00030,17,0.0082,
845,VIT_19s0090g00840,16,0.0078,WRKY DNA-binding protein 6,WRKY6_2,VvWRKY55,vv60066WRKY,
846,VIT_09s0002g07750,16,0.0078,Disease resistance protein,,,,
847,VIT_05s0020g00540,16,0.0078,Alpha-L-arabinofuranosidase,E3_2_1_55,,vv10520Nucleotide_sugars_metabolism,
848,VIT_07s0005g03020,16,0.0078,Lateral organ boundaries protein 29,LBD29,,vv60007AS2,
849,VIT_03s0180g00320,16,0.0077,Indole-3-acetate beta-glucosyltransferase,E2_4_1_121,,vv11002Auxin_biosynthesis,
850,VIT_00s0337g00010,16,0.0077,Salt tolerance protein 2,,,,
851,VIT_19s0177g00190,16,0.0077,No hit,,,,
852,VIT_00s0229g00110,16,0.0077,Agenet domain-containing protein,,,,
853,VIT_13s0067g03890,16,0.0077,Beta-ketoacyl-CoA synthase,E2_3_1_41,,vv10061Fatty_acid_biosynthesis,
854,VIT_16s0098g00110,15,0.0073,Receptor kinase LRK10,,,,
855,VIT_03s0167g00020,15,0.0073,Concanavalin A lectin,,,,
856,VIT_12s0059g01870,15,0.0073,GH3-like protein,AUXINBIOSYNTHESIS_GH3,,vv11002Auxin_biosynthesis,
857,VIT_04s0069g01120,15,0.0072,Acyl-activating enzyme 7,E6_2_1_3,,vv10071Fatty_acid_metabolism,vv50104Group_translocators
858,VIT_09s0002g03030,15,0.0072,FRK1 (FLG22-induced receptor-like kinase 1),FRK1,,vv34626Plant-pathogen_interaction,
859,VIT_14s0066g00480,15,0.0072,Heterogeneous nuclear ribonucleoprotein A1/A3,K12741,,vv23040Spliceosome,
860,VIT_17s0000g10100,14,0.0068,Response regulator ARR11 Type-B,ARR11_1,,vv30007Cytokinin_signaling,vv60006ARR-B
861,VIT_03s0038g02700,14,0.0068,Unknown,,,,
862,VIT_01s0011g05270,14,0.0068,Protein BCCIP homolog,,,,
863,VIT_18s0089g00700,13,0.0063,CYP714A1,,,,
864,VIT_00s2844g00010,13,0.0063,Autoinhibited H+ ATPase,,,,
865,VIT_18s0001g09700,13,0.0063,F-box protein GID2,,,,
866,VIT_00s0398g00050,13,0.0063,Inter-alpha-trypsin inhibitor heavy chain,,,,
867,VIT_10s0092g00430,13,0.0063,No hit,,,,
868,VIT_12s0028g00190,13,0.0063,TUBBY like protein 3 TLP3,TLP3_10,,vv60063TUB,
869,VIT_07s0005g06570,12,0.0058,Glycine hydroxymethyltransferase,E2_1_2_1,,vv10260Glycine_serine_and_threonine_metabolism,vv10670One_carbon_pool_by_folate
870,VIT_08s0058g01330,12,0.0058,Unknown,,,,
871,VIT_19s0014g05340,12,0.0058,No hit,,,,
872,VIT_10s0042g01050,12,0.0058,Serine carboxypeptidase II,,,,
873,VIT_11s0052g01530,12,0.0058,MATE efflux family protein,MATE,,vv50125Porters_cat_66_to_94,
874,VIT_16s0022g00310,12,0.0058,EIX receptor 2,K13466,,vv34626Plant-pathogen_interaction,
875,VIT_12s0034g01790,12,0.0058,Phosphatidylinositol-4-phosphate 5-kinase 8,E2_7_1_68,,vv10562Inositol_phosphate_metabolism,vv34070Phosphatidylinositol_signaling_system
876,VIT_00s0286g00130,12,0.0058,S-locus lectin protein kinase,,,,
877,VIT_14s0006g00510,12,0.0058,No hit,,,,
878,VIT_17s0000g08450,12,0.0058,Carbonic anhydrase chloroplast,E4_2_1_1,,vv10910Nitrogen_metabolism,vv50124Porters_cat_30_to_64
879,VIT_14s0068g00670,12,0.0058,Heavy-metal-associated domain-containing protein,,,,
880,VIT_19s0014g01710<br>VIT_19s0014g01740,12,0.0058,
881,VIT_14s0108g00610,12,0.0058,Amino acid permease,AAPREL,,vv50123Porters_cat_18_to_29,
882,VIT_01s0146g00010,12,0.0058,Calreticulin,K08057,,vv24141Protein_processing_in_endoplasmic_reticulum,vv44145Phagosome
883,VIT_14s0083g00510,12,0.0058,No hit,,,,
884,VIT_13s0019g03750,12,0.0058,Lateral organ boundaries protein 11,LBD11_3,,vv60007AS2,
885,VIT_17s0000g09720,12,0.0058,Unknown protein,,,,
886,VIT_15s0024g01050,12,0.0058,Tubulin beta-8,K07375,,vv44145Phagosome,vv44810Regulation_of_actin_cytoskeleton
887,VIT_14s0068g00480,12,0.0058,UDP-glucosyl transferase,E2_4_1_81,,vv10941Flavonoid_biosynthesis,
888,VIT_18s0001g07670,11,0.0053,DsRNA-binding protein LH1 HYL1,HYL1,,vv30001ABA_signaling,
889,VIT_16s0050g01900,11,0.0053,Leucine-rich repeat protein kinase,,,,
890,VIT_09s0054g00380,10,0.0049,Unknown protein,,,,
891,VIT_01s0011g05210,10,0.0049,Phosphoglucomutase,E5_4_2_2,,vv10010Glycolysis,vv10030Pentose_phosphate
892,VIT_04s0008g00490,10,0.0049,Profilin 5 (PRO5) (PRF3),K05759,,vv44810Regulation_of_actin_cytoskeleton,
893,VIT_18s0001g12330,10,0.0049,No hit,,,,
894,VIT_03s0091g01190,10,0.0048,Magnesium transporter CorA,MRS2REL,,vv50101Channels_and_pores,
895,VIT_13s0084g00130,10,0.0048,CXE carboxylesterase,E3_1_1_1,,,
896,VIT_07s0031g03190,10,0.0048,VHS and GAT domain protein,VHSDC,,vv50109Incompletely_characterized_transport_systems,
897,VIT_18s0001g03200,10,0.0048,Emp24/gp25L/p24,EMP24,,vv50110Protein_coat,
898,VIT_16s0050g00640,10,0.0048,Gibberellin 20-oxidase,E1_14_11_12,,vv10904Diterpenoid_biosynthesis,
899,VIT_11s0016g03150,10,0.0048,TRNA a64-2'-o-ribosylphosphate transferase,,,,
900,VIT_00s0586g00030<br>VIT_00s0561g00020,10,0.0048,
901,VIT_11s0016g05850,10,0.0048,Vesicle-associated membrane protein 7C,K08515,,vv24130SNARE_interactions_in_vesicular_transport,vv50101Channels_and_pores
902,VIT_15s0046g01600,10,0.0048,Acidic endochitinase (CHIB1),E3_2_1_14,,vv10530Aminosugars_metabolism,
903,VIT_19s0014g01900,9,0.0044,Protein transport protein Sec24,K14007,,vv24141Protein_processing_in_endoplasmic_reticulum,vv50110Protein_coat
904,VIT_04s0079g00610,9,0.0044,Early nodulin ENOD18 protein,,,,
905,VIT_07s0005g04370,9,0.0044,Unknown protein,,,,
906,VIT_15s0048g02820,9,0.0044,Basic helix-loop-helix (bHLH) family,BHLHDOM_3,,vv60011BHLH,
907,VIT_19s0014g03540,9,0.0044,No hit,,,,
908,VIT_18s0001g07360,9,0.0044,ER6 protein universal stress protein (USP) family,USPER6,,vv30008Ethylene_signaling,
909,VIT_08s0032g00880,9,0.0044,No hit,,,,
910,VIT_13s0156g00110,9,0.0044,Chaperone BCS1 mitochondrial,K08900,,,
911,VIT_01s0011g04130,9,0.0043,Elongator complex protein 2 (ELP2),,,,
912,VIT_12s0034g02370,9,0.0043,Unknown protein,,,,
913,VIT_04s0023g01060,9,0.0043,Proton gradient regulation 3,PGR3,,,
914,VIT_04s0023g02810,9,0.0043,Aldehyde dehydrogenase 3B1,E1_2_1_3,vv10561Glycerolipid_metabolism,vv10010Glycolysis,vv10071Fatty_acid_metabolism
915,VIT_13s0064g01880,9,0.0043,No hit,,,,
916,VIT_12s0035g01990,9,0.0043,Intron maturase  type II,,,,
917,VIT_06s0004g01440,9,0.0043,ABA glucosidase,ABAGLC,,vv11013ABA_biosynthesis,
918,VIT_14s0108g01190,8,0.0039,No hit,,,,
919,VIT_18s0001g07640,8,0.0039,Eceriferum 2 (CER2),,,,
920,VIT_09s0054g01230,7,0.0034,Beta-amyrin synthase,E5_4_99_BAS,,vv10900Terpenoid_biosynthesis,
921,VIT_12s0134g00490,7,0.0034,Myb domain protein 14,MYB14_1,MYB138,vv60044MYB,
922,VIT_09s0002g02180,7,0.0034,Tubulin beta-5 chain,K07375,,vv44145Phagosome,vv44810Regulation_of_actin_cytoskeleton
923,VIT_09s0002g02540,7,0.0034,RWD domain containing 1,,,,
924,VIT_17s0000g04390,7,0.0034,Cold-induced wall associated kinase,,,,
925,VIT_08s0058g00040,7,0.0034,Verticillium wilt disease resistance protein Ve2,,,,
926,VIT_14s0060g00610,7,0.0034,Zinc finger  matrin type 5,ZMAT5,,vv60018C3H,
927,VIT_14s0066g00810,7,0.0034,Raffinose synthase,E2_4_1_82,,vv10052Galactose_metabolism,
928,VIT_19s0014g03450,7,0.0034,Unknown,,,,
929,VIT_05s0102g00460,6,0.0029,RPD1 (root primordium defective 1),,,,
930,VIT_05s0049g00850,6,0.0029,Retrotransposon protein  Unclassified,,,,
931,VIT_14s0066g00750,6,0.0029,Disease resistance protein (NBS-LRR class),,,,
932,VIT_18s0072g00210,6,0.0029,Histone-lysine N-methyltransferase ASHH1,E2_1_1_43ASHH1_3,,vv10300Lysine_biosynthesis,vv60056SET_PCG
933,VIT_05s0020g01960,6,0.0029,Na+/H+ antiporter isoform 2,NHX2,,vv50124Porters_cat_30_to_64,
934,VIT_12s0034g02410,6,0.0029,Unknown,,,,
935,VIT_14s0060g00810,6,0.0029,Galactinol synthase,E2_4_1_123,,vv10052Galactose_metabolism,
936,VIT_03s0038g02310,6,0.0029,Myb domain protein 4,MYB4_6,MYB4A,vv60044MYB,
937,VIT_08s0007g06060,6,0.0029,Beta 1-3 glucanase,E3_2_1_6,,,
938,VIT_00s0445g00010,6,0.0029,Strubbelig receptor family 1,,,,
939,VIT_01s0026g01580,6,0.0029,Glyoxal oxidase,,,,
940,VIT_18s0001g08270,6,0.0029,Amino acid permease 6,AAP6,,vv50123Porters_cat_18_to_29,
941,VIT_02s0025g01700,6,0.0029,RNA polymerase II transcriptional coactivator KELP,KELP_1,,vv60081COAP15,
942,VIT_14s0083g00840,6,0.0029,Lipase GDSL 7,,,,
943,VIT_19s0027g01300,6,0.0029,Polygalacturonase PGA3,E3_2_1_15,,vv40006Cell_wall,
944,VIT_00s0472g00020,6,0.0029,Brassinosteroid insensitive 1-associated receptor kinase 1,BAK1,,vv30005Brassinosteroids_signaling,vv34626Plant-pathogen_interaction
945,VIT_04s0008g02520,6,0.0029,ATP binding protein,,,,
946,VIT_16s0098g00970,6,0.0029,Subtilisin serine protease,SBT3_5_1,,vv50101Channels_and_pores,vv60085MTERF
947,VIT_00s0264g00070,6,0.0029,DNA-directed RNA polymerase II subunit A,K03006,,vv23020RNA_polymerase,
948,VIT_10s0042g00940,6,0.0029,Hydroxyproline-rich glycoprotein family protein,HRGP_3,,vv40006Cell_wall,vv60062Trihelix
949,VIT_18s0075g01060,6,0.0029,Poly(A) binding protein 8,,,,
950,VIT_07s0005g06350,6,0.0029,Photosystem II 47 kDa protein,K02704,,vv10195Photosynthesis,vv50135Primary_active_transporter_cat_D3_to_E2
951,VIT_17s0119g00280,6,0.0029,Alpha-amylase/subtilisin inhibitor,E3_2_1_1,,vv10500Starch_and_sucrose_metabolism,
952,VIT_09s0002g02990,6,0.0029,FRK1 (FLG22-induced receptor-like kinase 1),FRK1,,vv34626Plant-pathogen_interaction,
953,VIT_07s0005g01140,6,0.0029,Unknown protein,,,,
954,VIT_15s0045g00420,6,0.0029,Shaggy protein kinase alpha SK11,,,,
955,VIT_01s0010g02030,6,0.0029,Gamma-thionin precursor,,,,
956,VIT_18s0001g10910,6,0.0029,Patatin,,,,
957,VIT_09s0002g03830,6,0.0029,No hit,,,,
958,VIT_00s0265g00110,6,0.0029,Lectin-receptor like protein kinase 3,,,,
959,VIT_05s0029g00950,6,0.0029,Tripeptidyl-peptidase 2,E3_4_14_10,,,
960,VIT_10s0071g00380,6,0.0029,No hit,,,,
961,VIT_18s0001g09480,6,0.0029,PUMILIO 8 (APUM8),,,,
962,VIT_14s0060g01000,5,0.0024,Werner Syndrome exonuclease (WEX),K01146,,,
963,VIT_04s0008g02790,4,0.0019,Short-chain dehydrogenase/reductase (SDR),,,,
964,VIT_12s0028g03760,4,0.0019,UPF0497 family,,,,
965,VIT_18s0072g00750,4,0.0019,Photosystem I P700 apoprotein A1 [Vitis vinifera],K02689,,vv10195Photosynthesis,vv50105Transport_electron_carriers
966,VIT_16s0050g01190,4,0.0019,Metal ion binding,,,,
967,VIT_05s0029g01440,4,0.0019,Protein kinase Xa21,,,,
968,VIT_00s0404g00080,4,0.0019,Vacuolar protein sorting 28,VPS28,,vv50111Tethering_factors,
969,VIT_07s0005g03230,4,0.0019,Transcription factor TSRF1,ERF1_4,VvERF099,vv30008Ethylene_signaling,vv30011Jasmonate_signaling
970,VIT_18s0041g02140,3,0.0015,MADS-box agamous-like 12,AGL12,,vv60042MADS,
971,VIT_04s0008g04000,3,0.0015,Dehydration-responsive protein (RD22),RD22,,,
972,VIT_10s0116g00680,3,0.0015,PDF2 (protodermal factor2),PDF2_2,VvHB35,vv60034HB,
973,VIT_18s0001g05720,3,0.0015,14-3-3 protein GF14 epsilon (GRF10),,,,
974,VIT_07s0005g05670,3,0.0015,Alba  DNA binding,,,,
975,VIT_12s0034g01230,3,0.0015,Thaumatin ATLP-1,,,,
976,VIT_04s0008g03540,3,0.0015,Transducin protein,,,,
977,VIT_12s0034g00750,3,0.0015,MEKK1,K04416,,vv24120Ubiquitin_mediated_proteolysis,vv34626Plant-pathogen_interaction
978,VIT_16s0050g00220,3,0.0015,Cofilin,K05765,,vv44810Regulation_of_actin_cytoskeleton,
979,VIT_01s0010g01000,3,0.0015,NIK1 (NSP- interacting  kinase 1),,,,
980,VIT_18s0001g14780,3,0.0015,Lipase 3 (EXL3) family II extracellular,,,,
981,VIT_16s0050g02300,3,0.0015,Unknown,,,,
982,VIT_01s0011g03960,3,0.0015,Protein kinase,,,,
983,VIT_12s0142g00180,3,0.0015,Myosin heavy chain-like protein,K10352,,vv44810Regulation_of_actin_cytoskeleton,
984,VIT_07s0005g02490,3,0.0015,CYP709B2,,,,
985,VIT_12s0035g00620,3,0.0015,BZIP transcription factor,BZIPDOM_15,VvbZIP32,vv60012BZIP,
986,VIT_08s0007g06580,3,0.0015,Lectin protein kinase,,,,
987,VIT_07s0104g01420,3,0.0015,Glutaredoxin,,,,
988,VIT_12s0059g00150,3,0.0015,Ankyrin repeat,K10380,,vv50108Accessory_factors_involved_in_transport,
989,VIT_14s0006g01680,3,0.0015,CYP96A10,,,,
990,VIT_15s0046g02380,3,0.0015,CYP86A8,,,,
991,VIT_00s0336g00010,3,0.0015,Arginine decarboxylase [Vitis vinifera],E4_1_1_19,,vv10220Urea_cycle_and_metabolism_of_amino_groups,vv10251Glutamate_metabolism
992,VIT_18s0001g03270,3,0.0015,Zinc finger (C3HC4-type ring finger),ZFC3HC4_104,,vv60078Other_zf-C3HC4,
993,VIT_16s0050g01330,3,0.0015,Retrovirus Pol polyprotein from transposon TNT 1-94,,,,
994,VIT_17s0000g09900,3,0.0015,Unknown protein,,,,
995,VIT_05s0029g00510,3,0.0015,Aquaporin PIP PIP1A,PIP1A,,vv50101Channels_and_pores,
996,VIT_08s0105g00120,3,0.0015,No hit,,,,
997,VIT_14s0060g01790,3,0.0015,Unknown protein,,,,
998,VIT_00s0251g00080,3,0.0015,No hit,,,,
999,VIT_06s0004g06830,3,0.0015,Asparagine synthetase,E6_3_5_4,,vv10910Nitrogen_metabolism,
1000,VIT_05s0049g00160,3,0.0015,IBR10 (indole-3-butyric acid response 10); catalytic/ dodecenoyl-CoA delta-isomerase [Arabidopsis thaliana],E5_3_3_8,,,
1001,VIT_08s0007g07980,3,0.0015,Arabinogalactan protein 23 AGP23,AGP23,,vv40006Cell_wall,
1002,VIT_05s0020g04940,3,0.0015,NBS-LRR type disease resistance protein,,,,
1003,VIT_10s0003g03510,3,0.0015,HSP20 chaperone,,,,
1004,VIT_11s0016g01290,3,0.0015,CYP72A1,K13400,,vv10902Monoterpenoid_biosynthesis,
1005,VIT_18s0041g00220,3,0.0015,TIR-NBS-LRR disease resistance,,,,
1006,VIT_14s0066g02150,3,0.0015,Acyltransferase,E2_3_1_x,,,
1007,VIT_15s0048g01480,3,0.0015,Geraniol 10-hydroxylase,G10H,,vv10902Monoterpenoid_biosynthesis,
1008,VIT_19s0090g01190,3,0.0015,Chaperone GrpE type 2,K03687,,vv50132Primary_active_transporter_cat_A5_to_A8,
1009,VIT_03s0063g00220,3,0.0015,Hydrogenobyrinic acid a c-diamide synthase,E6_3_5_9,,vv50101Channels_and_pores,
1010,VIT_04s0023g02710,3,0.0015,No hit,,,,
1011,VIT_14s0060g00910,3,0.0015,Metallopeptidase M24,K01423,,vv10300Lysine_biosynthesis,vv10780Biotin_metabolism
1012,VIT_17s0053g00780,3,0.0015,Homeodomain GLABROUS11,HDG11_1,VvHB60,vv60034HB,
1013,VIT_09s0002g00490,3,0.0014,Lipase GDSL 5,,,,
1014,VIT_13s0067g01540,3,0.0014,Pollen Ole e 1 allergen and extensin,,,,
1015,VIT_15s0045g01150,3,0.0014,No hit,,,,
1016,VIT_14s0006g02890,3,0.0014,ATSYTE/NTMC2T3.2/NTMC2TYPE3.2/SYTE,NTMC2T3_2,,vv50109Incompletely_characterized_transport_systems,
1017,VIT_03s0063g01520,3,0.0014,CyP82A3,,,,
1018,VIT_15s0046g02930,3,0.0014,DNA-binding protein,,,,
1019,VIT_08s0105g00200,3,0.0014,U-box domain-containing protein,,,,
1020,VIT_18s0122g01260,3,0.0014,Protein kinase 1B,,,,
1021,VIT_19s0015g02100,3,0.0014,CYP72A59,K13400,,vv10902Monoterpenoid_biosynthesis,
1022,VIT_13s0067g01590,3,0.0014,Lectin protein kinase,,,,
1023,VIT_19s0015g01950,3,0.0014,COP9 signalosome complex subunit 6a,,,,
1024,VIT_17s0119g00160,3,0.0014,Trypsin and protease inhibitor Kunitz family,,,,
1025,VIT_18s0001g08060,3,0.0014,Unknown,,,,
1026,VIT_17s0000g02810,3,0.0014,No hit,,,,
1027,VIT_07s0130g00240,3,0.0014,Zinc finger homeobox 21,ZFHB21_2,,vv60068Zf-HD,
1028,VIT_16s0050g00730,3,0.0014,3-ketoacyl-CoA reductase 3,,,,
1029,VIT_19s0015g02280,3,0.0014,Ankyrin repeat,K10380,,,
1030,VIT_12s0059g00140,3,0.0014,Ankyrin repeat protein,,,,
1031,VIT_11s0016g03280,3,0.0014,Protein phosphatases PP1 regulatory subunit SDS22,E3_1_3_16,,,
1032,VIT_09s0018g02030,3,0.0014,EXO70-G1 protein,EXO70G1,,vv50111Tethering_factors,
1033,VIT_03s0038g02120,3,0.0014,Armadillo/beta-catenin repeat,,,,
1034,VIT_05s0077g01280,3,0.0014,Glycosyl hydrolase family 3 beta xylosidase BXL1,,,,
1035,VIT_10s0116g01140,3,0.0014,Stigma-specific Stig1,,,,
1036,VIT_05s0049g02100,3,0.0014,Curly leaf PHCLF1,CLF1_2,,vv30009Flower_development,vv60056SET_PCG
1037,VIT_00s0262g00180,3,0.0014,S-locus lectin protein kinase,,,,
1038,VIT_15s0045g01440,3,0.0014,Eceriferum 1 (CER1 protein) Sterol desaturase,,,,
1039,VIT_02s0012g00680<br>VIT_02s0012g00700,3,0.0014,
1040,VIT_00s0267g00030,3,0.0014,Unknown,,,,
1041,VIT_16s0022g01710,3,0.0014,Ser/Thr receptor-like kinase1,,,,
1042,VIT_03s0063g01580,3,0.0014,CYP82C2,,,,
1043,VIT_05s0077g00280,3,0.0014,Beta-amylase,E3_2_1_2,,vv10500Starch_and_sucrose_metabolism,
1044,VIT_16s0050g00290,3,0.0014,No hit,,,,
1045,VIT_16s0098g00030,3,0.0014,Receptor kinase LRK10,,,,
1046,VIT_01s0146g00020,3,0.0014,Unknown protein,,,,
1047,VIT_06s0004g01110,3,0.0014,Cation efflux family protein MTPc3,MTPC3,,vv50121Porters_cat_1_to_6,
1048,VIT_12s0059g02630,3,0.0014,Ankyrin repeat protein family,K10380,,vv50108Accessory_factors_involved_in_transport,
1049,VIT_05s0051g00380,3,0.0014,MEE55 (maternal effect embryo arrest 55),,,,
1050,VIT_12s0134g00190,3,0.0014,Elongation factor 1-alpha (EF-1-alpha),K03231,,vv23013RNA_transport,
1051,VIT_12s0059g00240,3,0.0014,Epoxide hydrolase,E3_3_2_10,,,
1052,VIT_12s0028g02810,3,0.0014,Isoflavone methyltransferase/ Orcinol O-methyltransferase 1 oomt1,E2_1_1_46,,vv10943Isoflavonoid_biosynthesis,
1053,VIT_00s0456g00020,3,0.0014,S-locus lectin protein kinase,,,,
1054,VIT_01s0011g01690,3,0.0014,Zinc finger (ZPR1-type) family protein,ZFZPR1_1,,vv60080Other_zf,
1055,VIT_04s0023g02020,3,0.0014,replication factor C subunit 3/5,K10756,,vv23030DNA_replication,vv23420Nucleotide_excision_repair
1056,VIT_06s0004g07030,3,0.0014,MRH1 (morphogenesis of root hair 1),,,,
1057,VIT_00s0556g00010,3,0.0014,Pollen Ole e 1 allergen and extensin,,,,
1058,VIT_19s0085g00150,3,0.0014,Receptor Like Protein 26,,,,
1059,VIT_14s0006g02650,3,0.0014,Receptor-like protein kinase,,,,
1060,VIT_01s0011g05740,3,0.0014,UDP-3-O-acyl N-acetylglycosamine deacetylase,K02535,,vv10540Lipopolysaccharide_biosynthesis,
1061,VIT_09s0002g05350,3,0.0014,2-oxoglutarate-dependent dioxygenase,,,,
1062,VIT_16s0098g01660,3,0.0014,KH domain-containing protein,,,,
