Vv_m2,2000,1000,VIT_06s0004g01480
rank,node,Fabs,Frel,Functional-annotation,Name-EC-KeggID,Updated-name,Network1,Network2
1,VIT_06s0004g01470,2068,1.0000,Lipoxygenase LOX1,E1_13_11_12,,vv10592alpha-Linolenic_acid_metabolism,
2,VIT_01s0011g02330,2076,0.9990,Unknown protein,,,,
3,VIT_12s0035g00010,2061,0.9985,DNA (cytosine-5)-methyltransferase (ATHIM),E2_1_1_37,,vv10271Methionine_metabolism,
4,VIT_08s0007g01420,2078,0.9966,Glutathione S-transferase 8 GSTU8,E2_5_1_18_GSTU8,,vv10480Glutathione_metabolism,
5,VIT_19s0090g00840,2064,0.9966,WRKY DNA-binding protein 6,WRKY6_2,VvWRKY55,vv60066WRKY,
6,VIT_00s0199g00190,2063,0.9961,14-3-3 protein GF14 kappa (GRF8),,,,
7,VIT_13s0067g03750,2068,0.9957,Stigma/style ABC transporter WBC19,WBC19,,vv52010ABC_transporters,
8,VIT_11s0037g00320,2055,0.9956,Serine carboxypeptidase S10,,,,
9,VIT_16s0022g02100,2065,0.9952,Embryo-specific 3,,,,
10,VIT_04s0008g02920,2058,0.9937,Desiccation protein PCC13-62 precursor,,,,
11,VIT_06s0004g03100,2042,0.9908,MLO1,K08472,,,
12,VIT_14s0128g00680,2036,0.9845,Germin,,,,
13,VIT_06s0004g01500,2028,0.9835,Lipoxygenase (LOX2),E1_13_11_12,,vv10592alpha-Linolenic_acid_metabolism,
14,VIT_14s0066g02410,2044,0.9832,Betaine-aldehyde dehydrogenase,E1_2_1_8,,vv10260Glycine_serine_and_threonine_metabolism,vv50101Channels_and_pores
15,VIT_17s0000g09550,2017,0.9810,CYP71A26,,,,
16,VIT_05s0029g01450,2021,0.9806,No hit,,,,
17,VIT_00s0262g00010,2031,0.9788,Receptor kinase RK20-1,,,,
18,VIT_15s0046g02380,2028,0.9759,CYP86A8,,,,
19,VIT_09s0002g00770,2014,0.9758,2OG-Fe(II) oxygenase,,,,
20,VIT_01s0137g00050,2016,0.9753,Myb family,MYBGE_2,,vv60029G2-like,
21,VIT_08s0007g02000,2024,0.9680,Glycerol-3-phosphate acyltransferase 8,E2_3_1_15,,vv10561Glycerolipid_metabolism,vv10564Glycerophospholipid_metabolism
22,VIT_12s0034g02560,2004,0.9653,DNA (cytosine-5)-methyltransferase (ATHIM),E2_1_1_37,,vv10271Methionine_metabolism,
23,VIT_02s0025g02250,1994,0.9605,Dof zinc finger protein DOF4.6,DOF4_6_2,,vv60015C2C2-DOF,
24,VIT_17s0119g00160,1951,0.9453,Trypsin and protease inhibitor Kunitz family,,,,
25,VIT_04s0023g01850,1939,0.9449,Hydrolase  alpha/beta fold,,,,
26,VIT_09s0018g01660,1941,0.9422,Biopterin transport-related protein BT1,BIOPTERIN,,vv50125Porters_cat_66_to_94,
27,VIT_18s0001g07360,1929,0.9378,ER6 protein universal stress protein (USP) family,USPER6,,vv30008Ethylene_signaling,
28,VIT_12s0034g02570,1929,0.9350,Leucine Rich Repeat receptor-like kinase,,,,
29,VIT_04s0008g02790,1926,0.9255,Short-chain dehydrogenase/reductase (SDR),,,,
30,VIT_17s0000g03940,1913,0.9237,ferulate 5-hydroxylase,K09755,,vv10940Phenylpropanoid_biosynthesis,
31,VIT_19s0014g04690,1899,0.9232,Indole-3-acetic acid-amido synthetase,AUXINBIOSYNTHESIS_GH3,,vv11002Auxin_biosynthesis,
32,VIT_02s0025g03000,1891,0.9135,NGA1 (NGATHA1),NGATHA1_1,VvRAV3,vv60001ABI3VP1,
33,VIT_13s0106g00610,1866,0.9076,Tetracycline transporter,TETRACYCTR,,vv50121Porters_cat_1_to_6,
34,VIT_07s0005g01040,1851,0.8951,Glycosyl transferase family 8 protein,,,,
35,VIT_10s0003g05740,1849,0.8894,WRKY DNA-binding protein 14,WRKY14,VvWRKY32,vv60066WRKY,
36,VIT_11s0016g02410,1822,0.8819,MYB divaricata,DIVARICATA_3,,vv30009Flower_development,vv60044MYB
37,VIT_03s0180g00080,1823,0.8752,Cyclase,,,,
38,VIT_13s0073g00170,1779,0.8623,Exocyst subunit EXO70 A1,EXO70A1,,vv50111Tethering_factors,
39,VIT_14s0128g00650,1779,0.8598,Germin-like protein 3 [Vitis vinifera],,,,
40,VIT_17s0000g03330,1769,0.8509,Receptor serine/threonine kinase PR5K,,,,
41,VIT_04s0008g04230,1757,0.8459,ABC transporter G member 22,ABCG22,,vv52010ABC_transporters,
42,VIT_06s0004g08250,1750,0.8458,Leucine-rich repeat transmembrane protein kinase  putative,,,,
43,VIT_06s0009g02850,1736,0.8374,Cytochrome P450  family 79  subfamily A  polypeptide 2,K12153,,vv10966Glucosinolate_biosynthesis,
44,VIT_06s0004g01460<br>VIT_06s0004g01450,1720,0.8313,
45,VIT_01s0011g03430,1722,0.8275,No hit,,,,
46,VIT_10s0003g01380,1706,0.8262,Myb family,MYBGE_9,,vv60029G2-like,
47,VIT_00s2745g00010,1701,0.8237,Receptor kinase RK20-1,,,,
48,VIT_07s0095g00160,1707,0.8207,Serine/threonine kinase BRLK,,,,
49,VIT_17s0000g04910,1701,0.8205,L-asparaginase,E3_5_1_1,,vv10252Alanine_and_aspartate_metabolism,vv10910Nitrogen_metabolism
50,VIT_08s0040g02260,1682,0.8197,Protamine P1,,,,
51,VIT_11s0016g04840,1699,0.8157,Avr9/Cf-9 rapidly elicited protein 11,,,,
52,VIT_11s0037g00640,1683,0.8127,No hit,,,,
53,VIT_09s0002g07530,1674,0.8060,Tetratricopeptide helical,,,,
54,VIT_18s0001g13500,1658,0.8021,forkhead-associated domain-containing protein,FHADOM_9,,vv60028FHA,
55,VIT_18s0041g00520,1661,0.7997,Proton-dependent oligopeptide transport (POT) family protein,POT,,vv50122Porters_cat_7_to_17,
56,VIT_04s0008g06510,1645,0.7978,Unknown,,,,
57,VIT_04s0008g05520,1648,0.7961,Unknown protein,,,,
58,VIT_05s0051g00120,1635,0.7914,N-6 Adenine-specific DNA methylase,E2_1_1_72,,vv10271Methionine_metabolism,
59,VIT_06s0080g01000,1626,0.7909,Secoisolariciresinol dehydrogenase,SIRD,,vv10940Phenylpropanoid_biosynthesis,
60,VIT_12s0035g00050,1632,0.7907,No hit,,,,
61,VIT_18s0086g00220,1612,0.7833,Lipase GDSL,,,,
62,VIT_13s0067g00240,1610,0.7812,Binding,,,,
63,VIT_12s0059g02280,1614,0.7797,Spg1p (septum-promoting GTPase),,,,
64,VIT_09s0054g01290,1606,0.7773,Beta-amyrin synthase,E5_4_99_BAS,,vv10900Terpenoid_biosynthesis,
65,VIT_17s0119g00280,1598,0.7757,Alpha-amylase/subtilisin inhibitor,E3_2_1_1,,vv10500Starch_and_sucrose_metabolism,
66,VIT_04s0079g00630,1601,0.7746,Unknown,,,,
67,VIT_04s0008g01260,1589,0.7665,Zinc transporter ZIP4,ZIP4,,vv50121Porters_cat_1_to_6,
68,VIT_02s0012g01780,1571,0.7652,WD-repeat protein 74,,,,
69,VIT_04s0008g01800,1569,0.7635,Myb domain protein 7,MYB7_3,MYBPA7,vv60044MYB,
70,VIT_03s0038g03940,1585,0.7628,Tonoplast monosaccharide transporter2,TMT2,,vv50121Porters_cat_1_to_6,
71,VIT_04s0069g00540,1575,0.7616,Glutamate receptor protein,GLR2_7,,vv50101Channels_and_pores,
72,VIT_12s0057g01620,1569,0.7591,No hit,,,,
73,VIT_14s0060g01080,1565,0.7560,ferroportin,FERROPORTIN,,vv50109Incompletely_characterized_transport_systems,
74,VIT_13s0067g02360,1547,0.7521,Peroxidase  class III,E1_11_1_7,,vv10360Phenylalanine_metabolism,vv10680Methane_metabolism
75,VIT_00s1314g00010,1547,0.7517,Basic helix-loop-helix (bHLH) family,BHLHDOM_89,,vv60011BHLH,
76,VIT_08s0007g01550,1538,0.7455,Laccase,E1_10_3_2,,vv11000Single_reactions,vv50109Incompletely_characterized_transport_systems
77,VIT_19s0090g01020,1544,0.7452,Molybdopterin biosynthesis protein CNX5,K11996,,vv10790Folate_biosynthesis,vv24122Sulfur_relay_system
78,VIT_19s0014g03820,1541,0.7448,Myb domain protein 102,MYB102_2,MYB145,vv60044MYB,
79,VIT_08s0032g00790,1532,0.7419,ABC transporter G member 4,K05680,,vv52010ABC_transporters,
80,VIT_13s0019g01990,1527,0.7398,Phospholipid/glycerol acyltransferase,E2_3_1_51,,vv10561Glycerolipid_metabolism,vv10564Glycerophospholipid_metabolism
81,VIT_13s0067g03140,1524,0.7380,WRKY DNA-binding protein 70,WRKY70_1,VvWRKY41,vv60066WRKY,
82,VIT_08s0056g00740,1510,0.7334,Unknown protein,,,,
83,VIT_14s0066g02270,1473,0.7140,Endonuclease/exonuclease/phosphatase family protein,E3_1_30_x,,,
84,VIT_14s0068g01510,1452,0.7062,Import inner membrane translocase subunit Tim8  Mitochondrial,TIM8,,vv50132Primary_active_transporter_cat_A5_to_A8,
85,VIT_06s0004g06880,1460,0.7057,Ran-binding protein 1 RanBP1,RANBP1,,vv50109Incompletely_characterized_transport_systems,
86,VIT_01s0010g01090,1448,0.7005,Peroxidase ATP23a,E1_11_1_7,,vv10360Phenylalanine_metabolism,vv10680Methane_metabolism
87,VIT_05s0049g00220,1427,0.6971,2-oxoglutarate-dependent dioxygenase,,,,
88,VIT_13s0074g00450,1437,0.6945,DEMETER protein (DME),,,,
89,VIT_19s0090g01550,1430,0.6892,Mo25,K08272,,vv34150mTOR_signaling_pathway,
90,VIT_06s0061g01540,1403,0.6761,KCBP- interacting  protein kinase,,,,
91,VIT_14s0108g01200,1391,0.6752,Vesicle transport v-SNARE 13,K08493,,vv24130SNARE_interactions_in_vesicular_transport,
92,VIT_10s0116g00430,1406,0.6750,Unknown protein,,,,
93,VIT_07s0205g00180,1387,0.6726,Basic helix-loop-helix (bHLH) family,BHLHDOM_30,,vv60011BHLH,
94,VIT_16s0050g01910,1381,0.6707,Unknown,,,,
95,VIT_04s0023g02100,1388,0.6692,Unknown,,,,
96,VIT_04s0008g00860,1383,0.6691,Ndr family protein,,,,
97,VIT_12s0134g00230,1376,0.6657,Auxin-responsive GH3ue,GH3,,vv30003Auxin_signaling,
98,VIT_13s0067g01800,1363,0.6636,Histidine acid phosphatase,E3_1_3_2,,vv10740Riboflavin_metabolism,
99,VIT_14s0030g00220,1372,0.6634,Sugar transporter ERD6-like 5,ERD6L5,,vv50121Porters_cat_1_to_6,
100,VIT_03s0063g00880,1368,0.6628,Calmodulin-binding protein,,,,
101,VIT_03s0038g03540,1377,0.6627,LYS/HIS transporter 7 LHT7,LHT7,,vv50123Porters_cat_18_to_29,
102,VIT_19s0090g00790,1370,0.6618,F-box family protein,,,,
103,VIT_08s0007g05260,1369,0.6585,Glutamate synthase (GLU1)  ferredoxin-dependent,E1_4_7_1,,vv10910Nitrogen_metabolism,
104,VIT_11s0016g02700,1349,0.6545,IAA-amino acid hydrolase 2 (ILL2),ILL2,,vv11002Auxin_biosynthesis,
105,VIT_17s0000g09570,1341,0.6507,CYP71A26,E1_14_13_73,,vv10902Monoterpenoid_biosynthesis,
106,VIT_03s0063g02680,1345,0.6488,Radialis-like protein 5,RADL5,,vv30009Flower_development,vv60044MYB
107,VIT_01s0137g00410,1342,0.6471,CYP86A2,,,,
108,VIT_14s0068g00140,1341,0.6456,No hit,,,,
109,VIT_13s0067g03260,1329,0.6442,Pheophorbidase,E3_1_1_82,,vv10860Porphyrin_and_chlorophyll_metabolism,
110,VIT_05s0020g01410,1335,0.6424,Ribosome 60S subunit biogenesis protein,K07565,,,
111,VIT_14s0066g01550,1313,0.6374,Aldehyde dehydrogenase 1 precursor,E1_2_1_3,vv10561Glycerolipid_metabolism,vv10010Glycolysis,vv10071Fatty_acid_metabolism
112,VIT_02s0025g00750,1308,0.6340,Pinoresinol forming dirigent protein,DIRPR,,vv10940Phenylpropanoid_biosynthesis,
113,VIT_18s0001g04080,1291,0.6213,Sesquiterpene synthase,E2_5_1_21,,vv10100Biosynthesis_of_steroids,vv10900Terpenoid_biosynthesis
114,VIT_18s0001g08060,1262,0.6135,Unknown,,,,
115,VIT_01s0010g02320,1272,0.6133,Vinorine synthase,E2_3_1_160,,vv10902Monoterpenoid_biosynthesis,
116,VIT_15s0046g00170,1255,0.6083,MYBPA1 protein [Vitis vinifera],MYBPA1,MYBPA1,vv60044MYB,
117,VIT_03s0063g01850,1247,0.6021,AOS (allene oxide synthase),E4_2_1_92,,vv10592alpha-Linolenic_acid_metabolism,
118,VIT_02s0025g00600,1251,0.6009,Glycoside hydrolase  family 5,,,,
119,VIT_02s0025g01730,1235,0.6007,3-oxoacyl-[acyl-carrier-protein] synthase,E2_3_1_41,,vv10061Fatty_acid_biosynthesis,
120,VIT_01s0182g00130,1237,0.5970,PHO1-like protein,PHO1,,vv50125Porters_cat_66_to_94,
121,VIT_14s0030g01650,1222,0.5944,Unknown protein,,,,
122,VIT_08s0007g01810,1231,0.5927,ANTR2 (anion transporter 2,ANTR2,,vv50121Porters_cat_1_to_6,
123,VIT_08s0007g04860,1231,0.5927,Nodulin family protein,,,,
124,VIT_04s0023g02570,1216,0.5909,Peroxidase 72,E1_11_1_7,,vv10360Phenylalanine_metabolism,vv10680Methane_metabolism
125,VIT_13s0019g04530,1219,0.5880,Early flowering 6,ELF6_1,,vv34710Circadian_rhythm,vv60038Jumonji
126,VIT_17s0119g00240,1206,0.5874,Trypsin and protease inhibitor Kunitz family,,,,
127,VIT_14s0030g01670,1201,0.5844,Proteasome 26S regulatory subunit (RPN6),K03036,,vv23050Proteasome,
128,VIT_11s0016g04440,1202,0.5838,Protease inhibitor/seed storage/lipid transfer protein (LTP),,,,
129,VIT_14s0128g00610<br>VIT_14s0128g00640,1211,0.5825,
130,VIT_07s0255g00030,1192,0.5792,Lipase GDSL,,,,
131,VIT_03s0017g01690,1198,0.5790,CIP1 (COP1-interacting protein 4),CIP1,,vv24120Ubiquitin_mediated_proteolysis,
132,VIT_04s0008g02510,1194,0.5785,Receptor kinase homolog LRK10,,,,
133,VIT_06s0061g00240,1197,0.5783,ABC transporter G member 7,ABCG7,,vv52010ABC_transporters,
134,VIT_08s0007g02850,1185,0.5755,F-box family protein,,,,
135,VIT_18s0001g09340,1190,0.5749,Acyl-CoA binding protein,,,,
136,VIT_07s0095g00290,1183,0.5718,Serine/threonine kinase BRLK,,,,
137,VIT_03s0110g00090,1155,0.5582,Protein phosphatase 2C,E3_1_3_16,,,
138,VIT_10s0003g00790,1144,0.5553,Glutamate receptor protein,GLR2_7,,vv50101Channels_and_pores,
139,VIT_06s0061g00940,1146,0.5547,Vacuolar protein sorting 41 (VPS41),VPS41,,vv50110Protein_coat,
140,VIT_17s0119g00150,1152,0.5541,Alpha-amylase/subtilisin inhibitor,E3_2_1_1,,vv10500Starch_and_sucrose_metabolism,
141,VIT_06s0061g00220,1142,0.5514,Transcription initiation factor TFIIB,K03124,,vv23022Basal_transcription_factors,
142,VIT_01s0182g00060,1136,0.5488,PHO1-like protein,PHO1,,vv50125Porters_cat_66_to_94,
143,VIT_11s0118g00730,1129,0.5467,No hit,,,,
144,VIT_00s0218g00100,1126,0.5406,Metal transporter Nramp6,NRAMP6,,vv50124Porters_cat_30_to_64,
145,VIT_18s0072g00160,1097,0.5307,Peroxidase 12,E1_11_1_7,,vv10360Phenylalanine_metabolism,vv10680Methane_metabolism
146,VIT_10s0003g00830,1082,0.5219,Sodium/calcium exchanger family protein,NACAEX,,vv50123Porters_cat_18_to_29,
147,VIT_17s0000g06970,1073,0.5201,Diacylglycerol kinase 1,E2_7_1_107,,vv10561Glycerolipid_metabolism,vv10564Glycerophospholipid_metabolism
148,VIT_17s0000g08230,1070,0.5137,Unknown protein,,,,
149,VIT_08s0105g00300,1058,0.5116,Phospholipase C,E3_1_4_3,,vv10260Glycine_serine_and_threonine_metabolism,vv10562Inositol_phosphate_metabolism
150,VIT_15s0046g03240,1049,0.5085,Unknown protein,,,,
151,VIT_07s0129g00360,1042,0.5048,Peroxidase 73,E1_11_1_7,,vv10360Phenylalanine_metabolism,vv10680Methane_metabolism
152,VIT_19s0085g00940,1046,0.5041,Myb domain protein 67,MYB67_1,MYB67B,vv60044MYB,
153,VIT_01s0011g05370,1054,0.5041,Phosphoglucomutase  cytoplasmic,E5_4_2_2,,vv10010Glycolysis,vv10030Pentose_phosphate
154,VIT_13s0019g03370,1042,0.5031,Myb family,MYBREL_22,,vv60045MYBrelated,
155,VIT_15s0048g01500,1041,0.5022,Geraniol 10-hydroxylase,G10H,,vv10902Monoterpenoid_biosynthesis,
156,VIT_09s0002g03130,1041,0.5002,FRK1 (FLG22-induced receptor-like kinase 1),FRK1,,vv34626Plant-pathogen_interaction,
157,VIT_08s0040g02100,1028,0.4998,Zinc finger (C2H2 type) JACKDAW,JACKDAW_2,,vv60017C2H2,
158,VIT_01s0011g01320,1032,0.4971,Cholinephosphate cytidylyltransferase,E2_7_7_15,,vv10564Glycerophospholipid_metabolism,
159,VIT_13s0047g00450,1032,0.4966,BHLH038/ORG2 (OBP3-responsive gene 2),ORG2_1,,vv30011Jasmonate_signaling,vv60011BHLH
160,VIT_12s0028g03960,1020,0.4942,Ankyrin repeat protein family,K10380,,vv50108Accessory_factors_involved_in_transport,
161,VIT_18s0001g01320,1012,0.4939,Wall-associated receptor kinase 5,,,,
162,VIT_11s0016g03250,1013,0.4908,Lachrymatory factor synthase,,,,
163,VIT_00s0407g00050,1006,0.4862,No hit,,,,
164,VIT_16s0013g01540,997,0.4840,Ubiquinol-cytochrome C chaperone,,,,
165,VIT_12s0034g02600,1006,0.4825,Leucine Rich Repeat receptor-like kinase,,,,
166,VIT_18s0001g07700,982,0.4767,Ethylene-inducible CTR1,CTR1,,vv30008Ethylene_signaling,
167,VIT_18s0072g00750,984,0.4751,Photosystem I P700 apoprotein A1 [Vitis vinifera],K02689,,vv10195Photosynthesis,vv50105Transport_electron_carriers
168,VIT_08s0007g07750,981,0.4751,Polygalacturonase PG1,E3_2_1_15,,vv40006Cell_wall,
169,VIT_08s0032g00050,980,0.4750,Acyl-activating enzyme 15,E6_2_1_3_AAE15,,vv10071Fatty_acid_metabolism,vv50104Group_translocators
170,VIT_12s0028g01850,974,0.4735,Receptor kinase TRKe,,,,
171,VIT_08s0007g05030,984,0.4719,Myb domain protein 36,MYB36_2,MYB150,vv60044MYB,
172,VIT_18s0164g00020,975,0.4708,Transducin protein,,,,
173,VIT_12s0035g01900,970,0.4695,Pectinesterase family,E3_1_1_11,,vv40006Cell_wall,
174,VIT_15s0048g00510,967,0.4694,Pectinesterase family,E3_1_1_11,,vv40006Cell_wall,
175,VIT_11s0016g01580,957,0.4650,DNA binding,,,,
176,VIT_18s0122g01400,949,0.4596,Exostosin family protein,K02366,,vv11030Glycan_structures-biosynthesis1,
177,VIT_12s0035g02020,939,0.4569,NAC domain-containing protein 34/35,NAC034,VvNAC40,vv60046NAC,
178,VIT_11s0016g02760,938,0.4542,No hit,,,,
179,VIT_07s0005g01070,941,0.4537,No hit,,,,
180,VIT_02s0154g00110<br>VIT_00s0233g00030,915,0.4455,
181,VIT_18s0001g11600,915,0.4435,Transducin protein,,,,
182,VIT_13s0019g03180,913,0.4419,Unknown protein,,,,
183,VIT_06s0009g02640,910,0.4417,Hydroxymethylglutaryl-CoA lyase,E4_1_3_4,,vv10072Synthesis_and_degradation_of_ketone_bodies,vv10280Valine_leucine_and_isoleucine_degradation
184,VIT_04s0044g01860,916,0.4417,Auxin efflux carrier,AUXEFF,,vv50004Auxin_transport,vv50125Porters_cat_66_to_94
185,VIT_18s0072g01050,891,0.4340,SNARE associated gtk16 protein,,,,
186,VIT_19s0177g00320,892,0.4297,Apolipoprotein D,,,,
187,VIT_00s0477g00040,883,0.4260,Clathrin assembly protein 16,CAP16,,vv50110Protein_coat,
188,VIT_01s0137g00170,875,0.4237,B-keto acyl reductase,,,,
189,VIT_07s0141g00180,875,0.4233,POR (PORCINO),PORCINO,,vv44810Regulation_of_actin_cytoskeleton,
190,VIT_11s0037g00870,870,0.4209,AP2-like ethylene-responsive transcription factor,AP2_1,VvAP2-01,vv30008Ethylene_signaling,vv60003AP2_EREBP
191,VIT_12s0035g00100,866,0.4190,Receptor protein kinase,,,,
192,VIT_07s0031g02740,854,0.4138,Auxin-responsive SAUR12,SAUR12,,vv30003Auxin_signaling,
193,VIT_14s0128g00670,851,0.4133,Germin-like protein 3 [Vitis vinifera],,,,
194,VIT_01s0011g03500,853,0.4121,Homocysteine S-methyltransferase 1,E2_1_1_10,,vv10271Methionine_metabolism,
195,VIT_11s0016g03880,844,0.4079,Receptor protein kinase PERK1,,,,
196,VIT_13s0067g03290,840,0.4068,Ribosomal protein L10,K02864,,vv23010Ribosome,
197,VIT_17s0053g00710,836,0.4062,Calcium-dependent protein kinase,,,,
198,VIT_16s0039g01410,838,0.4037,Tocopherol O-methyltransferase  chloroplast precursor,E2_1_1_95,,vv10100Biosynthesis_of_steroids,
199,VIT_12s0035g00530,834,0.4031,Unknown protein,,,,
200,VIT_05s0062g00820,827,0.4011,Unknown protein,,,,
201,VIT_07s0005g00240,833,0.4007,Transducin protein,,,,
202,VIT_05s0094g00560,823,0.3997,Stearoyl-ACP desaturase,E1_14_19_2,,vv11040Biosynthesis_of_unsaturated_fatty_acids,
203,VIT_03s0063g01860,822,0.3969,AOS (allene oxide synthase),E4_2_1_92,,vv10592alpha-Linolenic_acid_metabolism,
204,VIT_07s0005g01470,821,0.3968,Unknown protein,,,,
205,VIT_14s0068g00780,812,0.3947,Nematode chemoreceptor,K08473,,vv50122Porters_cat_7_to_17,
206,VIT_02s0025g03720,817,0.3935,DTA2 (downstream target of AGL15 2),,,,
207,VIT_11s0016g01320,808,0.3905,Myb domain protein 13,MYB13,MYBPA2,vv60044MYB,
208,VIT_08s0007g07140,801,0.3883,Esterase/lipase/thioesterase family protein,,,,
209,VIT_13s0019g03070,801,0.3881,Heat shock protein 17.6 kDa class I,K13993,,vv24141Protein_processing_in_endoplasmic_reticulum,
210,VIT_18s0001g06840,793,0.3855,Peroxidase GvPx2b class III,E1_11_1_7,,vv10360Phenylalanine_metabolism,vv10680Methane_metabolism
211,VIT_14s0066g00760,794,0.3849,Disease resistance protein (NBS-LRR class),,,,
212,VIT_14s0108g00160,790,0.3813,Pyrrolo-quinoline quinone,K05889,,vv50101Channels_and_pores,
213,VIT_04s0008g02520,775,0.3766,ATP binding protein,,,,
214,VIT_11s0149g00350<br>VIT_11s0206g00030<br>VIT_11s0149g00380,775,0.3744,
215,VIT_06s0061g00790,773,0.3725,Pheophorbide a oxygenase,E1_14_12_20,,vv10860Porphyrin_and_chlorophyll_metabolism,vv50133Primary_active_transporter_cat_A9_to_A18
216,VIT_15s0048g03000,771,0.3725,GTPase RABA3,K07976,,,
217,VIT_10s0116g01840,769,0.3704,No hit,,,,
218,VIT_11s0016g02250,767,0.3696,Unknown protein,,,,
219,VIT_01s0026g02030,767,0.3696,Basic helix-loop-helix (bHLH) family,BHLHDOM_59,,vv60011BHLH,
220,VIT_08s0007g05180,767,0.3693,Unknown,,,,
221,VIT_18s0001g09420,763,0.3681,Progesterone 5-beta-reductase,E1_3_99_6,,vv10140C21-Steroid_hormone_metabolism,
222,VIT_18s0001g09720,751,0.3632,S-domain receptor kinase,,,,
223,VIT_00s0620g00010,749,0.3629,Triacylglycerol lipase,E3_1_1_3,,vv10561Glycerolipid_metabolism,
224,VIT_12s0059g01830,743,0.3605,Unknown,,,,
225,VIT_16s0100g00670,735,0.3571,Homeodomain GLABROUS1,HDG1_2,VvHB55,vv60034HB,
226,VIT_10s0116g01660,738,0.3567,Lactoylglutathione lyase,E4_4_1_5,,vv10620Pyruvate_metabolism,
227,VIT_10s0003g02540,732,0.3543,ABC transporter B member 14,ABCB14,,vv52010ABC_transporters,
228,VIT_04s0023g01720,730,0.3528,SEC14 cytosolic factor  putative,SEC14,,vv50122Porters_cat_7_to_17,
229,VIT_16s0050g01770,729,0.3520,Unknown,,,,
230,VIT_09s0002g03370,722,0.3517,No hit,,,,
231,VIT_18s0041g00290,721,0.3507,Zinc finger (C3HC4-type ring finger),ZFC3HC4_111,,vv60078Other_zf-C3HC4,
232,VIT_02s0025g00610,725,0.3501,Glycoside hydrolase  family 5,,,,
233,VIT_12s0059g01000,721,0.3486,Cellulose synthase CSLB04,E2_4_1_12_CSLB04,,vv40006Cell_wall,
234,VIT_00s0225g00080,717,0.3450,MATE efflux family protein,MATE,,vv50125Porters_cat_66_to_94,
235,VIT_18s0089g00390,705,0.3437,Carboxyesterase18 CXE18,E3_1_1_1,,,
236,VIT_14s0068g01280,713,0.3428,V-type H+-transporting ATPase subunit C,K02148,,vv10190Oxidative_phosphorylation,vv44145Phagosome
237,VIT_17s0000g00130,707,0.3411,SEC14 cytosolic factor,SEC14,,vv50122Porters_cat_7_to_17,
238,VIT_03s0063g00550,702,0.3406,Fw2.2 ORFX,,,,
239,VIT_01s0010g02220,705,0.3396,Zinc finger (C3HC4-type ring finger),ZFC3HC4_200,,vv60078Other_zf-C3HC4,
240,VIT_14s0030g01550,698,0.3382,Cysteine synthase 7  cytosolic,E2_5_1_47,,vv10272Cysteine_metabolism,vv10450Selenoamino_acid_metabolism
241,VIT_11s0052g01140,692,0.3338,Membrane protein,,,,
242,VIT_01s0010g03870,686,0.3306,Unknown protein,,,,
243,VIT_17s0000g06290,682,0.3301,Lipase GDSL,,,,
244,VIT_18s0117g00340,683,0.3292,TCP family transcription factor TCP14,TCP14_2,,vv60061TCP,
245,VIT_18s0122g01270,683,0.3288,Protein kinase APK1B,,,,
246,VIT_12s0142g00520,684,0.3282,AAA-type ATPase,,,,
247,VIT_11s0016g02310,673,0.3250,Thioredoxin 2,,,,
248,VIT_11s0118g00180,667,0.3222,HHP1 (heptahelical protein 1),,,,
249,VIT_18s0001g01700,664,0.3200,Histone-lysine N-methyltransferase ASHH2 EFS (early flowering in short days),E2_1_1_43EFS_1,,vv10300Lysine_biosynthesis,vv30009Flower_development
250,VIT_15s0021g02690,661,0.3186,Unfertilized embryo sac 10 UNE10,UNE10_1,,vv60011BHLH,
251,VIT_10s0092g00260,656,0.3174,Alpha-glucosidase 1 (AGLU1),E3_2_1_20,,vv10052Galactose_metabolism,vv10500Starch_and_sucrose_metabolism
252,VIT_05s0020g04560,656,0.3168,Armadillo/beta-catenin repeat protein / U-box domain-containing protein,,,,
253,VIT_16s0013g01950,653,0.3167,Hexose transporter [Vitis vinifera],VVHT4,,vv50121Porters_cat_1_to_6,
254,VIT_04s0023g01890,651,0.3146,Unknown protein,,,,
255,VIT_13s0019g04610,645,0.3105,Salt stress-inducible protein kinase,,,,
256,VIT_11s0016g01920,641,0.3104,EIF-4A3,K13025,,vv23013RNA_transport,vv23015mRNA_surveillance_pathway
257,VIT_18s0001g07140,643,0.3100,Zinc finger homeobox 22,ZFHB22_3,,vv60068Zf-HD,
258,VIT_18s0001g09320,634,0.3072,Casein kinase II subunit alpha-2,K03097,,vv23008Ribosome_biogenesis_in_Eukaryotes,vv34710Circadian_rhythm
259,VIT_10s0003g00780,631,0.3063,Glutamate receptor 3.4,GLR3_4,,vv50101Channels_and_pores,
260,VIT_18s0041g00710,632,0.3062,UDP-glucose: anthocyanidin 5 3-O-glucosyltransferase,RHGT1,,vv10942Anthocyanin_biosynthesis,
261,VIT_14s0060g01540,630,0.3057,Syntaxin 16,K08489,,vv24130SNARE_interactions_in_vesicular_transport,vv50101Channels_and_pores
262,VIT_03s0063g01730,630,0.3052,Viral-response family protein-like,,,,
263,VIT_16s0013g00730,629,0.3052,Fe2+ dioxygenase-like,,,,
264,VIT_19s0090g00770,627,0.3035,F-box family protein,,,,
265,VIT_04s0008g06060,624,0.3020,Unknown,,,,
266,VIT_06s0009g03670,620,0.3008,F-box family protein,,,,
267,VIT_08s0007g09000,620,0.2992,Glycerol-3-phosphate dehydrogenase,E1_1_1_8,,vv10564Glycerophospholipid_metabolism,
268,VIT_00s0286g00030,617,0.2972,S-locus protein kinase,,,,
269,VIT_17s0000g05620,616,0.2969,Integral membrane HPP family protein,,,,
270,VIT_07s0141g00370,612,0.2957,No hit,,,,
271,VIT_18s0001g06790,613,0.2956,Ripening regulated protein DDTFR18,DDTFR18,,vv50125Porters_cat_66_to_94,
272,VIT_11s0052g01630,613,0.2953,Anthocyanidin 3-O-glucosyltransferase,E2_4_1_115,,vv10942Anthocyanin_biosynthesis,
273,VIT_19s0015g01210,603,0.2916,KH domain-containing protein,,,,
274,VIT_06s0080g00120,605,0.2904,Male sterility 2 (MS2) Acyl-CoA reductase,,,,
275,VIT_11s0052g00670,596,0.2895,Villin,K05768,,vv44810Regulation_of_actin_cytoskeleton,
276,VIT_02s0033g01020,594,0.2849,Anthraniloyal-CoA: methanol anthraniloyal transferase,AMAT,,vv10400Phenylalanine_tyrosine_and_tryptophan_biosynthesis,
277,VIT_04s0008g06400,588,0.2842,TPR1 (topless-related 1),TPR1,,vv30003Auxin_signaling,
278,VIT_00s0286g00040,579,0.2793,S-locus protein kinase,,,,
279,VIT_14s0066g01690,580,0.2792,Pathogen-inducible alpha-dioxygenase,K10529,,vv10592alpha-Linolenic_acid_metabolism,
280,VIT_01s0010g00710,561,0.2719,Armadillo/beta-catenin repeat protein / U-box domain-containing protein ,,,,
281,VIT_01s0011g03650,557,0.2700,Map kinase substrate 1 MKS1,,,,
282,VIT_16s0039g01710,547,0.2654,Myb domain protein 9,MYB9,MYB181,vv60044MYB,
283,VIT_01s0146g00180,547,0.2645,Auxin responsive SAUR protein,SAUR,,vv30003Auxin_signaling,
284,VIT_00s0225g00130,548,0.2644,Alanine transaminase.,E2_6_1_2,,vv10251Glutamate_metabolism,vv10252Alanine_and_aspartate_metabolism
285,VIT_07s0031g03190,534,0.2591,VHS and GAT domain protein,VHSDC,,vv50109Incompletely_characterized_transport_systems,
286,VIT_07s0005g05930<br>VIT_07s0005g05910<br>VIT_07s0005g05920,530,0.2580,
287,VIT_00s0361g00020,534,0.2580,Anthocyanidin reductase [Vitis vinifera],E1_3_1_77,,vv10941Flavonoid_biosynthesis,
288,VIT_12s0028g01810,535,0.2575,Shaggy protein kinase delta,,,,
289,VIT_06s0080g00810,520,0.2532,Lycopene beta cyclase (LYC),K06443,,vv10906Carotenoid_biosynthesis,
290,VIT_09s0002g00600,517,0.2523,RPP27 (resistance to peronospora parasitica 27),,,,
291,VIT_18s0001g09730,520,0.2513,S-domain receptor kinase,,,,
292,VIT_18s0122g01260,506,0.2467,Protein kinase 1B,,,,
293,VIT_10s0116g00680,508,0.2461,PDF2 (protodermal factor2),PDF2_2,VvHB35,vv60034HB,
294,VIT_04s0069g01120,506,0.2440,Acyl-activating enzyme 7,E6_2_1_3,,vv10071Fatty_acid_metabolism,vv50104Group_translocators
295,VIT_06s0004g07420,505,0.2437,Unknown protein,,,,
296,VIT_13s0067g02120,499,0.2425,Arogenate dehydrogenase,E1_3_1_43,,vv10400Phenylalanine_tyrosine_and_tryptophan_biosynthesis,
297,VIT_01s0026g02690,493,0.2390,YGL010w,,,,
298,VIT_10s0597g00050,488,0.2362,Heat shock transcription factor B2A,HSFB2A_3,,vv60037HSF,
299,VIT_18s0001g09980,490,0.2360,Unknown protein,,,,
300,VIT_07s0151g00740,484,0.2338,Non-specific lipid-transfer protein,,,,
301,VIT_01s0011g04450,482,0.2331,MATE efflux family protein,MATE,,vv50125Porters_cat_66_to_94,
302,VIT_04s0008g05700,475,0.2310,ACT domain-containing protein,,,,
303,VIT_04s0023g02790,477,0.2307,Dehydration-responsive protein,,,,
304,VIT_05s0020g03730,476,0.2305,Lipid transfer protein,LTP,,,
305,VIT_08s0058g01030,478,0.2298,Saposin B domain-containing protein,SAPB,,vv50101Channels_and_pores,
306,VIT_06s0004g04820,471,0.2289,Salt stress-inducible protein kinase,,,,
307,VIT_04s0023g03240,465,0.2265,Transcription factor TFIIF,K03138,,vv23022Basal_transcription_factors,
308,VIT_10s0003g00340,465,0.2264,ACR4 (Arabidopsis CRINKLY4),,,,
309,VIT_09s0002g02980,466,0.2245,FRK1 (FLG22-induced receptor-like kinase 1),FRK1,,vv34626Plant-pathogen_interaction,
310,VIT_12s0059g00590,464,0.2243,Allergenic protein Pt2L4,,,,
311,VIT_07s0005g05680,461,0.2232,Tetratricopeptide repeat domain male sterility MS5,,,,
312,VIT_18s0001g15120,458,0.2225,Unknown protein,,,,
313,VIT_08s0040g00790,461,0.2225,FK506-binding protein 4/5,K09571,,vv50108Accessory_factors_involved_in_transport,
314,VIT_04s0008g04010,457,0.2214,RNA recognition motif (RRM)-containing protein,,,,
315,VIT_11s0037g00720,456,0.2201,Trehalose-phosphate phosphatase,E3_1_3_12,,vv10500Starch_and_sucrose_metabolism,
316,VIT_16s0039g01330,452,0.2191,Receptor kinase homolog LRK10,,,,
317,VIT_17s0000g05480,450,0.2189,EMB2454 (embryo defective 2454),,,,
318,VIT_07s0151g00010,445,0.2158,No hit,,,,
319,VIT_11s0118g00540,441,0.2149,Calcium-binding EF hand,,,,
320,VIT_18s0001g15650,445,0.2143,Pathogenesis related protein,,,,
321,VIT_05s0094g01280,439,0.2140,Ribosome subunit biogenesis protein 60S,K07565,,,
322,VIT_07s0005g05610,443,0.2137,3-ketoacyl-CoA thiolase PED1,K07513,,vv10062Fatty_acid_elongation_in_mitochondria,vv10071Fatty_acid_metabolism
323,VIT_18s0001g10330,440,0.2133,Subtilisin protease,ARA12,,vv50101Channels_and_pores,
324,VIT_08s0007g00540,440,0.2128,Haloacid dehalogenase hydrolase,E3_1_3_18,,vv10630Glyoxylate_and_dicarboxylate_metabolism,
325,VIT_04s0008g02270,439,0.2126,Hydroxyproline-rich glycoprotein,HRGP,,vv40006Cell_wall,
326,VIT_05s0062g00640,440,0.2122,UDP-glucose:flavonoid 7-O-glucosyltransferase,E2_4_1_237,,vv10941Flavonoid_biosynthesis,
327,VIT_05s0020g03190,438,0.2116,Haloacid dehalogenase hydrolase,E3_1_3_18,,vv10630Glyoxylate_and_dicarboxylate_metabolism,
328,VIT_00s0379g00050,439,0.2114,Short-chain dehydrogenase/reductase (SDR),,,,
329,VIT_15s0048g02000,437,0.2113,Homeodomain GLABROUS1,HDG1_1,VvHB53,vv60034HB,
330,VIT_19s0015g01200,435,0.2100,Calcium-binding protein CML,K13448,,vv34626Plant-pathogen_interaction,
331,VIT_18s0122g01240,434,0.2100,Serine/threonine Protein kinase BNK1,,,,
332,VIT_03s0063g02250,434,0.2086,Polyol transporter 5,PLT5,,vv50121Porters_cat_1_to_6,
333,VIT_18s0001g07760,425,0.2056,Unknown protein,,,,
334,VIT_13s0019g00350,424,0.2053,ARF GTPase activator  ARF-GAP Domain 13,AGD13,,vv50110Protein_coat,
335,VIT_00s0262g00070,425,0.2053,No hit,,,,
336,VIT_06s0004g06210,417,0.2037,CYP86A1,,,,
337,VIT_18s0001g11810,421,0.2030,BEL1 homeobox 2 protein (BLH2) (SAWTOOTH 1),BLH2_2,,vv60034HB,
338,VIT_11s0065g00630,418,0.2024,CYP706A12,,,,
339,VIT_05s0020g03750,416,0.2015,Protease inhibitor/seed storage/lipid transfer protein (LTP),,,,
340,VIT_18s0001g02380,413,0.1996,Kinesin protein (MKRP1),MKRP1,,vv44810Regulation_of_actin_cytoskeleton,
341,VIT_12s0035g00060,411,0.1996,DNA (cytosine-5)-methyltransferase,E2_1_1_37,,vv10271Methionine_metabolism,
342,VIT_18s0086g00590,408,0.1987,Auxin-binding protein ABP19,ABP19,,vv30003Auxin_signaling,
343,VIT_16s0050g01560,407,0.1974,Unknown,,,,
344,VIT_01s0137g00510,407,0.1966,CYP71B10,CYP71B10,,vv10940Phenylpropanoid_biosynthesis,
345,VIT_01s0011g02780,408,0.1961,Unknown protein,,,,
346,VIT_07s0031g01330,399,0.1943,Alanine:glyoxylate aminotransferase 2,E2_6_1_44,,vv10252Alanine_and_aspartate_metabolism,vv10260Glycine_serine_and_threonine_metabolism
347,VIT_04s0008g04300,400,0.1929,DnaJ homolog  subfamily B  member 4,K09510,,vv50132Primary_active_transporter_cat_A5_to_A8,
348,VIT_12s0035g00310,390,0.1897,Protein kinase SPK-3 ASK1,ASK1,,vv30001ABA_signaling,vv30009Flower_development
349,VIT_01s0011g01290,383,0.1845,N-carbamyl-L-amino acid amidohydrolase,E3_5_1_6,,vv10240Pyrimidine_metabolism,vv10410Beta-alanine_metabolism
350,VIT_08s0007g08900,380,0.1845,Cis-zeatin O-beta-D-glucosyltransferase,E2_4_1_215,,vv10908Zeatin_biosynthesis,
351,VIT_10s0092g00250,383,0.1842,Alpha-glucosidase 1 (AGLU1),E3_2_1_20,,vv10052Galactose_metabolism,vv10500Starch_and_sucrose_metabolism
352,VIT_13s0019g02810,379,0.1833,Glucuronosyl transferase,E2_4_1_17,,vv10040Pentose_glucuronate_interconversion,vv10500Starch_and_sucrose_metabolism
353,VIT_04s0008g01250,376,0.1816,Unknown,,,,
354,VIT_19s0015g00780,375,0.1808,DNA-directed RNA Polymerase III subunit C5,K03027,,vv23020RNA_polymerase,
355,VIT_16s0050g02630,371,0.1788,FtsH protease that is localized to the chloroplast,K03798,,vv50133Primary_active_transporter_cat_A9_to_A18,
356,VIT_10s0116g01200,368,0.1783,WRKY DNA-binding protein 6,WRKY6_1,VvWRKY29,vv60066WRKY,
357,VIT_14s0060g02220,369,0.1783,F-actin capping protein alpha subunit,K10364,,vv44810Regulation_of_actin_cytoskeleton,
358,VIT_11s0016g05340,367,0.1768,Ethylene-responsive transcription factor SHINE 3,SHINE3_2,VvERF043,vv30008Ethylene_signaling,vv60003AP2_EREBP
359,VIT_09s0018g01140,366,0.1761,Protein phosphatase 2C,E3_1_3_16,,,
360,VIT_06s0004g06910,359,0.1738,Unknown protein,,,,
361,VIT_08s0058g00990,356,0.1729,Peroxidase,E1_11_1_7,,vv10360Phenylalanine_metabolism,vv10680Methane_metabolism
362,VIT_16s0022g01190<br>VIT_00s1492g00010<br>VIT_16s0022g01000<br>VIT_16s0022g01140,358,0.1729,
363,VIT_10s0003g00900,355,0.1719,Anthranilate N-hydroxycinnamoyl/benzoyltransferase,E2_3_1_144,,vv10400Phenylalanine_tyrosine_and_tryptophan_biosynthesis,
364,VIT_01s0011g02080,353,0.1712,Ribosomal protein L36a/L44 (RPL36aB) 60S,K02920,,vv23010Ribosome,
365,VIT_15s0024g00390,357,0.1711,Ribosomal protein L3,K02906,,vv23010Ribosome,
366,VIT_18s0001g15640,349,0.1693,Pathogenesis-related,,,,
367,VIT_12s0035g00150,348,0.1685,Leucine Rich Repeat receptor-like kinase,,,,
368,VIT_13s0019g02880,342,0.1651,UDP-glucoronosyl/UDP-glucosyl transferase,,,,
369,VIT_11s0037g00710,339,0.1650,Trehalose-phosphate phosphatase,E3_1_3_12,,vv10500Starch_and_sucrose_metabolism,
370,VIT_19s0176g00140,340,0.1639,CID9 (CTC-Interacting Domain 9),,,,
371,VIT_07s0129g00510,336,0.1620,Unknown,,,,
372,VIT_01s0011g05750,333,0.1602,Zinc finger (C3HC4-type ring finger),ZFC3HC4_224,,vv60078Other_zf-C3HC4,
373,VIT_13s0019g00210<br>VIT_13s0019g00230<br>VIT_13s0019g00190<br>VIT_13s0019g00200,328,0.1583,
374,VIT_00s0286g00130,326,0.1577,S-locus lectin protein kinase,,,,
375,VIT_16s0050g00020,324,0.1574,Cullin-4,K10609,,vv23420Nucleotide_excision_repair,vv24120Ubiquitin_mediated_proteolysis
376,VIT_05s0020g03910,324,0.1571,Ribosomal protein S3A (RPS3aA) 40S,K02984,,vv23010Ribosome,
377,VIT_00s0266g00020<br>VIT_00s0372g00020<br>VIT_00s0271g00010<br>VIT_00s0385g00020<br>VIT_00s0522g00020<br>VIT_00s0372g00060<br>VIT_00s0372g00030<br>VIT_00s0385g00010,325,0.1569,
378,VIT_17s0000g06370,323,0.1568,Thioredoxin 2,,,,
379,VIT_08s0007g00890,315,0.1524,Tropinone reductase,E1_1_1_206,,vv10220Urea_cycle_and_metabolism_of_amino_groups,
380,VIT_18s0001g13300,314,0.1513,Unknown,,,,
381,VIT_07s0104g00100,312,0.1509,AL-activated malate transporter 1,ALMT1,,vv50125Porters_cat_66_to_94,
382,VIT_10s0003g01430,311,0.1504,MEE62 (maternal effect embryo arrest 62),,,,
383,VIT_11s0016g04410,310,0.1502,Unknown protein,,,,
384,VIT_06s0009g02460,309,0.1493,Zinc finger (C2H2 type) family,C2H2FAM_49,,vv60017C2H2,
385,VIT_10s0003g02170<br>VIT_10s0003g02220,307,0.1485,
386,VIT_13s0067g01570<br>VIT_13s0067g01640,306,0.1478,
387,VIT_05s0049g00720,302,0.1460,No hit,,,,
388,VIT_05s0020g04100,302,0.1459,Dymeclin,,,,
389,VIT_14s0128g00100,299,0.1451,Aminotransferase class IV,E2_6_1_42,,vv10280Valine_leucine_and_isoleucine_degradation,vv10290Valine_leucine_and_isoleucine_biosynthesis
390,VIT_02s0033g01050,300,0.1448,Anthraniloyal-CoA: methanol anthraniloyal transferase,AMAT,,vv10400Phenylalanine_tyrosine_and_tryptophan_biosynthesis,
391,VIT_03s0063g02460,296,0.1431,Transcription termination factor mitochondrial mTERF,MTERF_26,,vv60085MTERF,
392,VIT_08s0040g02900,290,0.1402,Aluminum sensitive 3,ALS3,,vv52010ABC_transporters,
393,VIT_10s0003g03620,287,0.1387,Lupeol synthase 2,E5_4_99_8,,vv10100Biosynthesis_of_steroids,
394,VIT_03s0017g00250,286,0.1386,No hit,,,,
395,VIT_15s0048g01600,284,0.1379,Geraniol 10-hydroxylase,G10H,,vv10902Monoterpenoid_biosynthesis,
396,VIT_03s0038g03690,285,0.1378,Unknown protein,,,,
397,VIT_10s0092g00220,282,0.1366,Integral membrane family protein UPF0497,,,,
398,VIT_11s0016g04270,274,0.1334,Hydrolase  alpha/beta fold,,,,
399,VIT_06s0061g01160,275,0.1328,Unknown protein,,,,
400,VIT_00s0225g00050,271,0.1313,MATE efflux family protein,MATE,,vv50125Porters_cat_66_to_94,
401,VIT_02s0033g00080,268,0.1305,Pleckstriny (PH) domain-containing protein,,,,
402,VIT_06s0080g00060,270,0.1300,Arabidopsis histidine phosphotransfer AHP3,AHP3,,vv30007Cytokinin_signaling,
403,VIT_06s0080g00680,269,0.1298,No hit,,,,
404,VIT_11s0052g00970,267,0.1297,AAA-type ATPase,,,,
405,VIT_03s0110g00110<br>VIT_00s0344g00020<br>VIT_00s1871g00010,266,0.1289,
406,VIT_03s0017g00180,266,0.1284,No hit,,,,
407,VIT_09s0002g02620,262,0.1261,Lectin jacalin,,,,
408,VIT_19s0014g01900,257,0.1246,Protein transport protein Sec24,K14007,,vv24141Protein_processing_in_endoplasmic_reticulum,vv50110Protein_coat
409,VIT_04s0079g00790,258,0.1242,Acyl-CoA synthetases (Acyl-activating enzyme 11),E6_2_1_3,,vv10071Fatty_acid_metabolism,vv50104Group_translocators
410,VIT_04s0008g05330,256,0.1242,DEAD  box  RNA helicase RH15,K12812,,vv23013RNA_transport,vv23015mRNA_surveillance_pathway
411,VIT_15s0045g01160,256,0.1234,Avr9/Cf-9 rapidly elicited protein,,,,
412,VIT_18s0041g00330,256,0.1230,ATP-dependent protease La (LON) domain-containing protein,E3_4_21_53,,,
413,VIT_08s0007g01660,255,0.1230,Chaperone protein dnaJ-related,K03686,,vv50132Primary_active_transporter_cat_A5_to_A8,
414,VIT_01s0026g02280,253,0.1229,Binding,,,,
415,VIT_07s0104g01400,251,0.1211,Glutaredoxin,,,,
416,VIT_08s0007g00920,243,0.1173,Tropinone reductase,E1_1_1_206,,vv10220Urea_cycle_and_metabolism_of_amino_groups,
417,VIT_14s0006g01120,244,0.1173,Lipase GDSL,,,,
418,VIT_05s0020g01040,243,0.1172,Unknown protein,,,,
419,VIT_06s0009g03380,242,0.1169,ABC transporter G member 14,ABCG14,,vv52010ABC_transporters,
420,VIT_00s0360g00030,240,0.1159,No hit,,,,
421,VIT_07s0104g00610,238,0.1157,Glutamine synthetase,E6_3_1_2,,vv10251Glutamate_metabolism,vv10550Peptidoglycan_biosynthesis
422,VIT_02s0025g01030,240,0.1155,Aldose 1-epimerase,E5_1_3_3,,vv10010Glycolysis,
423,VIT_17s0000g03340,236,0.1141,Wall-associated kinase 4,,,,
424,VIT_14s0060g00090,237,0.1139,SNARE YKT6 1,K08516,,vv24130SNARE_interactions_in_vesicular_transport,
425,VIT_09s0002g03030,235,0.1130,FRK1 (FLG22-induced receptor-like kinase 1),FRK1,,vv34626Plant-pathogen_interaction,
426,VIT_02s0025g03570,229,0.1111,DNA binding / hydrolase  acting on ester bonds,,,,
427,VIT_03s0110g00290,229,0.1107,No hit,,,,
428,VIT_18s0122g01250,228,0.1104,No hit,,,,
429,VIT_13s0067g03060,225,0.1097,Methionyl-tRNA synthetase,E6_1_1_10,,vv10271Methionine_metabolism,vv10450Selenoamino_acid_metabolism
430,VIT_18s0122g00170,223,0.1077,Diphenol oxidase,E1_10_3_1,,vv10350Tyrosine_metabolism,vv50109Incompletely_characterized_transport_systems
431,VIT_12s0028g01770,219,0.1061,FAD-linked oxidoreductase 1,,,,
432,VIT_07s0005g04070,217,0.1058,Leucine Rich Repeat receptor-like kinase,,,,
433,VIT_05s0020g03140,215,0.1043,Sugar transporter 13,STP13,,vv50121Porters_cat_1_to_6,
434,VIT_13s0019g03700,217,0.1043,Lateral organ boundaries protein 1,LBD1_8,,vv60007AS2,
435,VIT_18s0089g00380,212,0.1028,Carboxyesterase18 CXE18,E3_1_1_1,,,
436,VIT_13s0019g03290,213,0.1027,Unknown protein,,,,
437,VIT_09s0002g06770,208,0.1015,Unknown protein,,,,
438,VIT_18s0041g00490,208,0.1009,Proton-dependent oligopeptide transport (POT) family protein,POT,,vv50122Porters_cat_7_to_17,
439,VIT_13s0067g02290,209,0.1005,BTB/POZ domain-containing protein,BTBDOM_12,,vv60093TRAF,
440,VIT_15s0021g02430,207,0.1000,Enoyl-CoA-hydratase,E4_2_1_17,vv10650Butanoate_metabolism,vv10062Fatty_acid_elongation_in_mitochondria,vv10071Fatty_acid_metabolism
441,VIT_05s0102g01190,204,0.0989,Calreticulin-3 precursor,K10098,,,
442,VIT_04s0044g00310,202,0.0976,Nodulin MtN21 family,MTN21,,vv50122Porters_cat_7_to_17,
443,VIT_13s0320g00030,202,0.0975,Unknown protein,,,,
444,VIT_14s0066g01410,201,0.0969,Peptidylprolyl isomerase,K01802,,,
445,VIT_06s0004g04930,200,0.0967,Oxysterol binding protein,,,,
446,VIT_14s0068g00160,195,0.0947,No hit,,,,
447,VIT_14s0060g01050,196,0.0945,Pentatricopeptide (PPR) repeat-containing protein,,,,
448,VIT_12s0028g00590,194,0.0936,3-hydroxyisobutyryl-CoA hydrolase,E3_1_2_4,,vv10280Valine_leucine_and_isoleucine_degradation,vv10410Beta-alanine_metabolism
449,VIT_00s0391g00070,194,0.0934,3-deoxy-D-arabino-heptulosonate 7-phosphate synthase,E2_5_1_54,,vv10400Phenylalanine_tyrosine_and_tryptophan_biosynthesis,
450,VIT_09s0018g01280,193,0.0933,Ribulose bisphosphate carboxylase/oxygenase activase 2,,,,
451,VIT_17s0000g02930,191,0.0924,Glutathione S-transferase 25 GSTU7,E2_5_1_18_GSTU7,,vv10480Glutathione_metabolism,
452,VIT_05s0029g01040,191,0.0923,Aspartate aminotransferase,E2_6_1_1,vv10710Carbon_fixation,vv10252Alanine_and_aspartate_metabolism,vv10272Cysteine_metabolism
453,VIT_02s0012g00430,187,0.0906,Oxidoreductase  2OG-Fe(II) oxygenase,,,,
454,VIT_11s0016g02210,187,0.0902,GATA transcription factor 24,GAT24,,vv60016C2C2-GATA,
455,VIT_00s0477g00030,186,0.0898,MATE efflux family protein ripening responsive,MATE,,vv50125Porters_cat_66_to_94,
456,VIT_02s0087g00470,184,0.0890,Anthraniloyal-CoA: methanol anthraniloyal transferase,AMAT,,vv10400Phenylalanine_tyrosine_and_tryptophan_biosynthesis,
457,VIT_08s0007g08190,184,0.0889,LOI1 (lovastatin insensitive 1),,,,
458,VIT_08s0217g00040,181,0.0881,Importin 11,IPO11,,,
459,VIT_09s0002g06750,181,0.0875,ERF/AP2 transcription factor sub B-6 SHINE,SHINE1_1,VvERF042,vv30008Ethylene_signaling,vv60003AP2_EREBP
460,VIT_09s0054g00840,180,0.0873,Unknown protein,,,,
461,VIT_05s0051g00780,180,0.0871,Glutamate receptor protein,GLR2_7,,vv50101Channels_and_pores,
462,VIT_01s0011g04010,179,0.0864,Catalytic,,,,
463,VIT_09s0002g00490,176,0.0851,Lipase GDSL 5,,,,
464,VIT_15s0046g00310,176,0.0850,Transcription factor TINY,ERF023,VvERF015,vv30008Ethylene_signaling,vv60003AP2_EREBP
465,VIT_16s0098g01870,175,0.0848,SOS3 (salt overly sensitive 3),E3_1_3_16,,,
466,VIT_02s0087g00490,174,0.0846,10-deacetylbaccatin III 10-O-acetyltransferase,E2_3_1_167,,vv10904Diterpenoid_biosynthesis,
467,VIT_17s0000g04590,173,0.0837,Strictosidine synthase,E4_3_3_2,,vv10900Terpenoid_biosynthesis,vv10902Monoterpenoid_biosynthesis
468,VIT_03s0088g01170,170,0.0826,Proline iminopeptidase,E3_4_11_5,,vv10330Arginine_and_proline_metabolism,
469,VIT_01s0010g02770,169,0.0820,Adenylate kinase-b,E2_7_4_3,,vv10230Purine_metabolism,
470,VIT_04s0023g01020,170,0.0820,BEL1 homeobox 2 protein (BLH2) (SAWTOOTH 1),BLH2_1,VvHB17,vv60034HB,
471,VIT_16s0098g01790,168,0.0816,Calmodulin-binding region IQD21,,,,
472,VIT_10s0003g05550<br>VIT_10s0003g05620,168,0.0807,
473,VIT_00s0214g00040,166,0.0807,Lectin phloem protein 2-like B1 PP2-B1,,,,
474,VIT_09s0018g02100,165,0.0796,Anthocyaninless2 (ANL2),ANL2_2,,vv60034HB,
475,VIT_10s0003g04990,162,0.0782,feronia receptor-like kinase,,,,
476,VIT_07s0151g00700,156,0.0755,EDA4 (embryo sac development arrest 4),EDA4,,vv50109Incompletely_characterized_transport_systems,
477,VIT_09s0002g02900,156,0.0750,Leucine-rich repeat protein kinase,,,,
478,VIT_06s0061g00470,153,0.0733,Myb domain protein 36,MYB36_1,MYB149,vv60044MYB,
479,VIT_14s0083g00380,152,0.0733,Unknown,,,,
480,VIT_04s0008g06380,150,0.0727,TPR1 (topless-related 1),TPR1,,vv30003Auxin_signaling,
481,VIT_03s0038g03870,146,0.0710,Calcium ion binding protein,,,,
482,VIT_05s0020g04410,147,0.0707,Unknown,,,,
483,VIT_16s0050g02660,146,0.0705,Pyruvate kinase,E2_7_1_40,,vv10010Glycolysis,vv10230Purine_metabolism
484,VIT_16s0050g01980,146,0.0705,EIX receptor 2,,,,
485,VIT_07s0005g02950,146,0.0704,AN3 (ANGUSITFOLIA3),AN3_2,,vv60031GIF,
486,VIT_19s0090g00890,145,0.0702,No hit,,,,
487,VIT_07s0005g00950,144,0.0697,Carrier protein  Mitochondrial,K03454,,vv44146Peroxisome,vv50123Porters_cat_18_to_29
488,VIT_12s0034g01750,142,0.0691,R protein MLA10,K13475,,vv34627R_proteins_from_Plant-pathogen_interaction,
489,VIT_06s0004g01550,142,0.0689,Phosphoribosylanthranilate transferase,E2_4_2_18,,vv10400Phenylalanine_tyrosine_and_tryptophan_biosynthesis,
490,VIT_19s0085g01150,142,0.0688,Isocitrate dehydrogenase  chloroplast precursor,E1_1_1_42,,vv10020Citrate_cycle,vv10720Reductive_carboxylate_cycle
491,VIT_06s0004g04520,142,0.0687,OBP3 (OBF-binding protein 3),OBP3_2,,vv30011Jasmonate_signaling,vv60015C2C2-DOF
492,VIT_14s0128g00160,140,0.0679,Protein kinase CDG1,,,,
493,VIT_11s0016g01300,138,0.0670,TT2 (transparent testa 2),TT2_4,MYBPAR,vv44110Cell_cycle,vv60044MYB
494,VIT_18s0001g01990,137,0.0663,Pseudouridylate synthase,E4_2_1_70,,vv10240Pyrimidine_metabolism,
495,VIT_15s0048g02620,136,0.0656,Pentatricopeptide (PPR) repeat-containing protein,,,,
496,VIT_14s0066g01310,135,0.0655,CAAX farnesyltransferase beta subunit,ERA1,,vv34020Calcium_signaling_pathway,
497,VIT_18s0001g03910,134,0.0649,Nitrate reductase 2 (NR2),E1_7_1_1,,vv10910Nitrogen_metabolism,vv34020Calcium_signaling_pathway
498,VIT_07s0005g03780,134,0.0647,Alcohol oxidase,E1_1_3_13,,vv10680Methane_metabolism,
499,VIT_00s0179g00150,133,0.0643,Heat shock transcription factor A6B,HSFA6B_4,,vv60037HSF,
500,VIT_00s0254g00010,132,0.0637,Unknown,,,,
501,VIT_01s0011g03440,132,0.0635,DNA mismatch repair protein,,,,
502,VIT_13s0019g02700,131,0.0634,MEE60 (maternal effect embryo arrest 60),,,,
503,VIT_11s0118g00390,131,0.0634,Oxidoreductase  2OG-Fe(II) oxygenase,,,,
504,VIT_08s0040g00380,129,0.0628,Zinc finger (DHHC type) family,ZFDHHC_22,,vv60079Other_zf-DHHC,
505,VIT_18s0001g06690,128,0.0622,Gibberellin 20 oxidase 2,E1_14_11_12,,vv10904Diterpenoid_biosynthesis,
506,VIT_09s0002g06780,128,0.0621,Unknown protein,,,,
507,VIT_08s0058g00450,129,0.0620,Substrate carrier  Mitochondrial,K03454,,vv50123Porters_cat_18_to_29,
508,VIT_05s0020g01150,128,0.0619,Cation/hydrogen exchanger (CHX19),CHX19,,vv50124Porters_cat_30_to_64,
509,VIT_09s0054g01390,128,0.0617,Beta-amyrin synthase,E5_4_99_BAS,,vv10900Terpenoid_biosynthesis,
510,VIT_13s0019g04650,127,0.0615,Thioredoxin 8,,,,
511,VIT_17s0000g02950,127,0.0612,Glutathione S-transferase 25 GSTU7,E2_5_1_18_GSTU7,,vv10480Glutathione_metabolism,
512,VIT_17s0000g01090,124,0.0599,Acyl-(acyl carrier protein) thioesterase,E3_1_2_14,,vv10061Fatty_acid_biosynthesis,
513,VIT_11s0016g04880,124,0.0596,Salt-inducible protein kinase,,,,
514,VIT_16s0050g01570,122,0.0589,Synbindin TRAPPC1,TRAPPC1,,vv50110Protein_coat,
515,VIT_12s0028g00610,120,0.0577,Aspartyl protease,E3_4_23_x,,,
516,VIT_06s0080g01020,119,0.0576,Secoisolariciresinol dehydrogenase,SIRD,,vv10940Phenylpropanoid_biosynthesis,
517,VIT_01s0011g00220,119,0.0572,WRKY DNA-binding protein 3,WRKY3,VvWRKY58,vv60066WRKY,
518,VIT_12s0035g00550,118,0.0572,Unknown protein,,,,
519,VIT_06s0004g00380,119,0.0572,Unknown protein,,,,
520,VIT_06s0004g04010,116,0.0565,Exocyst subunit EXO70 H7,EXO70H7,,vv50111Tethering_factors,
521,VIT_00s0357g00120,117,0.0565,Transcription factor TEIL/ethylene-insensitive,EIL4,,vv30008Ethylene_signaling,vv60027EIL
522,VIT_07s0095g00180,115,0.0560,S-receptor kinase 1,,,,
523,VIT_00s0361g00090,116,0.0558,Phototropic-responsive NPH3 protein,,,,
524,VIT_09s0002g04170,115,0.0557,Acyl-CoA synthetases (Acyl-activating enzyme 13),E6_2_1_3,,vv10071Fatty_acid_metabolism,vv50104Group_translocators
525,VIT_12s0059g02240,113,0.0550,Unknown,,,,
526,VIT_04s0008g06390,113,0.0547,TPR1 (topless-related 1),TPR1,,vv30003Auxin_signaling,
527,VIT_14s0066g01380,112,0.0542,Calcium homeostasis regulator CHoR1,CHOR1,,,
528,VIT_12s0034g02160,112,0.0542,Importin beta-2,K14293_2,,vv23013RNA_transport,vv50109Incompletely_characterized_transport_systems
529,VIT_08s0007g02610,112,0.0541,TLD domain-containing protein KIAA1609,,,,
530,VIT_12s0034g02580,111,0.0536,Leucine Rich Repeat receptor-like kinase,,,,
531,VIT_03s0180g00240,110,0.0529,No hit,,,,
532,VIT_03s0038g02020,107,0.0519,Amidase,E3_5_1_4,,vv10220Urea_cycle_and_metabolism_of_amino_groups,vv10360Phenylalanine_metabolism
533,VIT_08s0007g03940,107,0.0518,Histone deacetylase HD2A,HD2A_1,,vv44110Cell_cycle,vv60017C2H2
534,VIT_19s0090g00800,105,0.0511,F-box protein,,,,
535,VIT_09s0054g01370,105,0.0509,Beta-amyrin synthase,E5_4_99_BAS,,vv10900Terpenoid_biosynthesis,
536,VIT_09s0002g02990,104,0.0505,FRK1 (FLG22-induced receptor-like kinase 1),FRK1,,vv34626Plant-pathogen_interaction,
537,VIT_13s0084g00020,104,0.0504,No hit,,,,
538,VIT_19s0015g02320,101,0.0490,Clathrin assembly protein 2,CAP2,,vv50110Protein_coat,
539,VIT_18s0001g11090,102,0.0489,Uroporphyrinogen-III synthase,E4_2_1_75,,vv10860Porphyrin_and_chlorophyll_metabolism,
540,VIT_06s0004g06570,100,0.0485,Calcium/proton exchanger CAX3,K07300_CAX3,,vv50123Porters_cat_18_to_29,
541,VIT_13s0156g00480,100,0.0484,R protein disease resistance protein,RPROT,,vv34627R_proteins_from_Plant-pathogen_interaction,
542,VIT_14s0068g00150,100,0.0484,No hit,,,,
543,VIT_00s0357g00060<br>VIT_00s0357g00080<br>VIT_00s0556g00020<br>VIT_00s0895g00010,99,0.0479,
544,VIT_09s0054g01340,99,0.0476,Beta-amyrin synthase,E5_4_99_BAS,,vv10900Terpenoid_biosynthesis,
545,VIT_16s0098g01420,98,0.0474,DOF affecting germination 1,DAG1_2,,vv60015C2C2-DOF,
546,VIT_14s0083g00220,97,0.0473,Zinc finger CCHC domain-containing protein 8,K13128,,,
547,VIT_09s0070g00310,97,0.0470,Glucan endo-1 3-beta-glucosidase 6 precursor,E3_2_1_39,,vv10500Starch_and_sucrose_metabolism,
548,VIT_12s0059g02640,97,0.0468,Uclacyanin I,UCC1,,,
549,VIT_04s0069g00720,96,0.0464,Glutamate receptor protein,GLR2_7,,vv50101Channels_and_pores,
550,VIT_15s0046g03090,95,0.0460,DTA2 (downstream target of AGL15 2),,,,
551,VIT_09s0002g04120,94,0.0453,Ethylene-responsive protein,ERUNK_5,,vv30008Ethylene_signaling,vv60011BHLH
552,VIT_01s0137g00720,93,0.0451,Lipase GDSL,,,,
553,VIT_11s0016g00290,94,0.0451,Pectinesterase PME3,E3_1_1_11,,vv40006Cell_wall,
554,VIT_01s0011g00840,93,0.0450,Ankyrin,K10380,,vv50108Accessory_factors_involved_in_transport,
555,VIT_15s0045g00540,92,0.0445,Vesicle coat complex COPII  subunit SEC23,K14006,,vv24141Protein_processing_in_endoplasmic_reticulum,vv50110Protein_coat
556,VIT_18s0001g09370,86,0.0418,Arginine N-methyltransferase 2,K00599,,vv10340Histidine_metabolism,vv10350Tyrosine_metabolism
557,VIT_04s0008g05110,85,0.0415,Unknown,,,,
558,VIT_15s0046g00740,85,0.0412,Tetratricopeptide repeat (TPR)-containing,,,,
559,VIT_17s0000g00480,83,0.0403,Sialyltransferase,E2_4_99_10,,vv10602Glycosphingolipid_biosynthesis,
560,VIT_12s0028g01780,83,0.0400,FAD-linked oxidoreductase 1,,,,
561,VIT_07s0005g03900,82,0.0398,Rho GDP-dissociation inhibitor 1,,,,
562,VIT_05s0020g04540,82,0.0397,Beta-ketoacyl-CoA synthase,E2_3_1_41,,vv10061Fatty_acid_biosynthesis,
563,VIT_06s0004g03200,81,0.0391,No hit,,,,
564,VIT_17s0000g01420,81,0.0390,Snurportin-1 (RNA U transporter 1),K13151,,vv23013RNA_transport,
565,VIT_07s0104g01090,80,0.0388,No hit,,,,
566,VIT_11s0065g00030,79,0.0382,Lupeol synthase,E5_4_99_8,,vv10100Biosynthesis_of_steroids,
567,VIT_17s0000g08380,78,0.0377,Unknown protein,,,,
568,VIT_16s0022g01070,76,0.0368,Chalcone synthase [Vitis vinifera],E2_3_1_74,,vv10941Flavonoid_biosynthesis,
569,VIT_03s0017g00100,76,0.0367,Ankyrin repeat protein,,,,
570,VIT_08s0056g00730,72,0.0349,SEC14 cytosolic factor,SEC14,,vv50122Porters_cat_7_to_17,
571,VIT_14s0068g00930,72,0.0347,Chalcone synthase,E2_3_1_74,,vv10941Flavonoid_biosynthesis,
572,VIT_00s0532g00050,71,0.0345,Basic helix-loop-helix ILR3,ILR3_4,,vv11002Auxin_biosynthesis,vv60011BHLH
573,VIT_08s0007g05720,71,0.0344,No hit,,,,
574,VIT_03s0110g00080,70,0.0336,Unknown,,,,
575,VIT_10s0003g05570,69,0.0336,Reticuline oxidase,E1_21_3_3,,vv10950Alkaloid_biosynthesis_I,
576,VIT_05s0049g01050,69,0.0332,Unknown,,,,
577,VIT_18s0001g09020,68,0.0329,Exo70 exocyst complex subunit G1,EXO70G1,,vv50111Tethering_factors,
578,VIT_17s0000g00950,68,0.0328,Hydroxycinnamoyl-CoA quinate hydroxycinnamoyltransferase,E2_3_1_99,,vv10940Phenylpropanoid_biosynthesis,
579,VIT_09s0054g01220,67,0.0323,Cycloartenol synthase,E5_4_99_8,,vv10100Biosynthesis_of_steroids,
580,VIT_16s0039g01310,67,0.0323,Receptor serine/threonine kinase PR5K,,,,
581,VIT_14s0068g01520,66,0.0319,Double-stranded RNA-binding (DsRBD) domain-containing protein,,,,
582,VIT_16s0022g00830,63,0.0305,Pectin methylesterase inhibitor,PMEI,,vv40006Cell_wall,
583,VIT_17s0000g02680,63,0.0304,ABA glucosidase,ABAGLC,,vv11013ABA_biosynthesis,
584,VIT_07s0005g01100,63,0.0303,Importin alpha,IMPALPHA,,vv50109Incompletely_characterized_transport_systems,vv50112Nuclear_pore_complex
585,VIT_01s0026g01340,60,0.0290,Glutathione S-transferase 29 GSTU18,E2_5_1_18_GSTU18,,vv10480Glutathione_metabolism,
586,VIT_18s0001g10530,60,0.0290,Pentatricopeptide (PPR) repeat-containing protein,,,,
587,VIT_12s0142g00180,60,0.0290,Myosin heavy chain-like protein,K10352,,vv44810Regulation_of_actin_cytoskeleton,
588,VIT_16s0050g02430,60,0.0288,Receptor protein kinase,,,,
589,VIT_15s0107g00280,59,0.0285,R protein L6,K13477,,vv34627R_proteins_from_Plant-pathogen_interaction,
590,VIT_09s0002g08690,59,0.0285,No hit,,,,
591,VIT_01s0011g01350,58,0.0281,No hit,,,,
592,VIT_18s0001g13510,57,0.0274,Hcr2-p6,,,,
593,VIT_17s0000g09160,55,0.0267,ferric reduction oxidase 8 FRO8,E1_16_1_7,,vv10860Porphyrin_and_chlorophyll_metabolism,vv50105Transport_electron_carriers
594,VIT_01s0011g01910,55,0.0266,Glycosyl transferase-related,,,,
595,VIT_08s0007g01740,53,0.0256,Cysteine peptidase,E3_4_22_x,,,
596,VIT_07s0005g03320,52,0.0252,Unknown protein,,,,
597,VIT_11s0016g04110,52,0.0251,Unknown,,,,
598,VIT_03s0091g01080,52,0.0251,1-aminocyclopropane-1-carboxylate oxidase,E1_14_17_4,,vv10640Propanoate_metabolism,vv30008Ethylene_signaling
599,VIT_08s0007g02530,51,0.0248,ABA-responsive protein (HVA22) HVA22J,HVA22J,,vv30001ABA_signaling,
600,VIT_19s0015g01720,51,0.0248,fructose-bisphosphate aldolase  cytoplasmic isozyme 1,E4_1_2_13,,vv10010Glycolysis,vv10030Pentose_phosphate
601,VIT_07s0104g00480,51,0.0246,Dynamin,E3_6_5_5,,,
602,VIT_09s0018g02020,50,0.0243,Syntaxin 1B/2/3/4,K08486,,vv24130SNARE_interactions_in_vesicular_transport,vv50101Channels_and_pores
603,VIT_14s0066g00820,49,0.0238,Unknown protein,,,,
604,VIT_01s0011g03560,49,0.0237,fiber protein Fb34,,,,
605,VIT_03s0038g04110,49,0.0236,AT-hook DNA-binding protein,,,,
606,VIT_19s0015g01390,49,0.0236,Transcription initiation factor TFIIH subunit H1,K03141_1,,vv23022Basal_transcription_factors,vv23420Nucleotide_excision_repair
607,VIT_19s0014g04900,48,0.0233,(-)-germacrene D synthase,E4_2_3_22,,vv10900Terpenoid_biosynthesis,
608,VIT_19s0014g01780,48,0.0231,BZIP transcription factor,BZIPDOM_14,VvbZIP52,vv60012BZIP,
609,VIT_19s0014g01540,47,0.0227,ABC transporter G member 14,ABCG14,,vv52010ABC_transporters,
610,VIT_01s0011g05210,47,0.0226,Phosphoglucomutase,E5_4_2_2,,vv10010Glycolysis,vv10030Pentose_phosphate
611,VIT_06s0004g05070,46,0.0223,Zinc transporter (ZIP2),ZIP2,,vv50121Porters_cat_1_to_6,
612,VIT_07s0104g01470,46,0.0222,Peptide chain release factor 1,,,,
613,VIT_01s0011g01510,46,0.0222,KUP11 (K+ uptake permease 11),KUP11,,vv50125Porters_cat_66_to_94,
614,VIT_16s0022g00660,46,0.0220,Trehalose-6-phosphate phosphatase,E3_1_3_12,,vv10500Starch_and_sucrose_metabolism,
615,VIT_07s0151g01120,45,0.0219,Plastocyanin domain-containing protein,K02638,,vv10195Photosynthesis,vv50113Thylakoid_targeting_pathway
616,VIT_07s0005g03170,45,0.0218,Undecaprenyl pyrophosphate synthetase,E2_5_1_31,,vv10900Terpenoid_biosynthesis,
617,VIT_00s0670g00010,45,0.0217,T-complex protein 1 subunit eta,K09499,,,
618,VIT_15s0021g02710,45,0.0217,Zinc finger (C2H2 type) family,C2H2FAM_24,,vv60017C2H2,
619,VIT_08s0007g06910,44,0.0213,Dirigent pDIR3,,,,
620,VIT_08s0007g08890,44,0.0213,Cis-zeatin O-beta-D-glucosyltransferase,E2_4_1_215,,vv10908Zeatin_biosynthesis,
621,VIT_15s0021g02190,44,0.0213,Carotenoid cleavage dioxygenase 7  chloroplast(AtCCD7) (AtNCED7),CCD,,vv10906Carotenoid_biosynthesis,
622,VIT_12s0059g00610,44,0.0212,Auxin-resistance protein AXR1 (AXR1),AXR1,,vv30003Auxin_signaling,
623,VIT_04s0008g05160,43,0.0206,Unknown protein,,,,
624,VIT_14s0006g02070,42,0.0203,Unknown,,,,
625,VIT_18s0001g07130,42,0.0203,GEM-like 1,,,,
626,VIT_04s0044g00100,41,0.0198,Unknown protein,,,,
627,VIT_14s0030g01610,40,0.0194,Cytidine/deoxycytidylate deaminase,E3_5_4_5,,vv10240Pyrimidine_metabolism,
628,VIT_03s0088g00280,40,0.0194,Ribosomal RNA small subunit methyltransferase E,K09761,,,
629,VIT_16s0039g00920,40,0.0194,CYP89A28,,,,
630,VIT_00s0144g00220,39,0.0189,R protein disease resistance protein,RPROT,,vv34627R_proteins_from_Plant-pathogen_interaction,
631,VIT_14s0066g00950,39,0.0189,Isocitrate dehydrogenase  chloroplast precursor,E1_1_1_42,,vv10020Citrate_cycle,vv10720Reductive_carboxylate_cycle
632,VIT_12s0059g02460,39,0.0188,Histone-lysine N-methyltransferase ATXR2,E2_1_1_43ATXR2,,vv10300Lysine_biosynthesis,vv60056SET_PCG
633,VIT_18s0086g00190,38,0.0184,Permease nonimprinted in Prader-Willi/Angelman,NIPA,,vv50122Porters_cat_7_to_17,
634,VIT_05s0029g01090,38,0.0183,Alpha 1 3-glucosidase,K05546,,vv10510N-Glycan_biosynthesis,vv24141Protein_processing_in_endoplasmic_reticulum
635,VIT_02s0012g01020,37,0.0179,Zinc finger (C3HC4-type ring finger),ZFC3HC4_174,,vv60078Other_zf-C3HC4,
636,VIT_09s0002g06820,37,0.0179,Equilibrative nucleoside transporter ENT8,ENT8,,vv50124Porters_cat_30_to_64,
637,VIT_10s0003g05580,36,0.0175,Carbohydrate oxidase,,,,
638,VIT_05s0062g01160,36,0.0175,Pectinesterase family,E3_1_1_11,,vv40006Cell_wall,
639,VIT_09s0002g05720,35,0.0169,V-type H+-transporting ATPase 21kDa proteolipid subunit,K03661,,vv10190Oxidative_phosphorylation,vv44145Phagosome
640,VIT_04s0069g00860,35,0.0169,Sarcosine oxidase,E1_5_3_1,,vv10260Glycine_serine_and_threonine_metabolism,
641,VIT_12s0178g00200,35,0.0169,Actin beta/gamma 1,K05692,,vv44810Regulation_of_actin_cytoskeleton,
642,VIT_11s0016g05550,34,0.0163,Plastocyanin domain-containing protein,K02638,,vv10195Photosynthesis,vv50113Thylakoid_targeting_pathway
643,VIT_04s0008g04000,33,0.0160,Dehydration-responsive protein (RD22),RD22,,,
644,VIT_08s0007g00160,33,0.0159,Glycosyltransferase family 14,,,,
645,VIT_01s0010g01000,33,0.0159,NIK1 (NSP- interacting  kinase 1),,,,
646,VIT_03s0038g04670,33,0.0158,Isoflavone reductase,E1_3_1_45,,vv10943Isoflavonoid_biosynthesis,
647,VIT_08s0007g07240,32,0.0154,Armadillo helical,,,,
648,VIT_00s0187g00040,31,0.0150,Cystatin,,,,
649,VIT_12s0059g01650,31,0.0150,Division site determinant MinD  Plastid,MIND1,,vv44110Cell_cycle,
650,VIT_11s0103g00760,31,0.0150,CIA2 (chloroplast import apparatus 2),CIA2,,vv60070Orphans_CCT,
651,VIT_05s0049g00300,31,0.0149,1-aminocyclopropane-1-carboxylate oxidase homolog 1,E1_14_17_4,,vv10640Propanoate_metabolism,vv30008Ethylene_signaling
652,VIT_19s0015g01500,30,0.0146,Heavy-metal-associated domain-containing protein,,,,
653,VIT_15s0046g02150,30,0.0146,WRKY DNA-binding protein 24,WRKY24,VvWRKY48,vv60066WRKY,
654,VIT_03s0038g01860,30,0.0145,Proline-rich protein 4,,,,
655,VIT_11s0037g00450,30,0.0145,No hit,,,,
656,VIT_04s0023g01550,30,0.0144,Unknown,,,,
657,VIT_06s0009g02340,29,0.0142,Tryptophan/tyrosine permease family,TRYTYRPERM,,vv50124Porters_cat_30_to_64,
658,VIT_10s0092g00480,29,0.0140,CYP71D10p,E1_14_13_73,,vv10902Monoterpenoid_biosynthesis,
659,VIT_07s0031g01270,29,0.0139,Ring-H2 finger A2A,RHA2A,,vv60078Other_zf-C3HC4,
660,VIT_14s0066g00150,28,0.0136,GATA transcription factor 6,GATA6,,vv60016C2C2-GATA,
661,VIT_04s0044g00930,28,0.0135,Peroxiredoxin-5,E1_11_1_15,,,
662,VIT_10s0003g04270,28,0.0134,BCL2 binding anthogene,,,,
663,VIT_06s0004g03360,27,0.0131,Carbamoyl phosphate synthase large subunit,E6_3_5_5,,vv10240Pyrimidine_metabolism,vv10251Glutamate_metabolism
664,VIT_06s0061g00230,27,0.0130,ABC transporter G member 7,ABCG7,,vv52010ABC_transporters,
665,VIT_00s0294g00100,25,0.0121,Brassinosteroid insensitive 1-associated receptor kinase 1,BAK1,,vv30005Brassinosteroids_signaling,
666,VIT_04s0023g03280,25,0.0121,Zinc finger (Ran-binding),ZFRANBPDOM_3,,vv60080Other_zf,
667,VIT_13s0067g01880,25,0.0121,Other LOB domain-containing protein  ASL5,ASL5_2,,vv60007AS2,
668,VIT_06s0004g04150,25,0.0120,Auxin-regulated protein,AUXREG,,vv30003Auxin_signaling,
669,VIT_05s0062g00460,24,0.0117,UDP-glucose:flavonoid 7-O-glucosyltransferase,E2_4_1_237,,vv10941Flavonoid_biosynthesis,
670,VIT_07s0005g01150,24,0.0116,CTP synthase,E6_3_4_2,,vv10240Pyrimidine_metabolism,
671,VIT_00s1557g00020,23,0.0112,Lectin-receptor like protein kinase 3,,,,
672,VIT_03s0038g00140,23,0.0111,Unknown protein,,,,
673,VIT_04s0008g03980,23,0.0111,BURP domain-containing protein,,,,
674,VIT_12s0034g02590,23,0.0111,Leucine Rich Repeat receptor-like kinase,,,,
675,VIT_09s0096g00800,23,0.0110,Receptor kinase,,,,
676,VIT_02s0033g01030,22,0.0107,Anthraniloyal-CoA: methanol anthraniloyal transferase,AMAT,,vv10400Phenylalanine_tyrosine_and_tryptophan_biosynthesis,
677,VIT_03s0097g00520,22,0.0107,Magnesium transporter CorA,MRS2REL,,vv50101Channels_and_pores,
678,VIT_05s0077g02030,22,0.0106,Epoxide hydrolase,E3_3_2_10,,,
679,VIT_12s0028g03110,22,0.0106,Caffeoyl-CoA 3-O-methyltransferase,E2_1_1_104,,vv10940Phenylpropanoid_biosynthesis,
680,VIT_18s0001g07850,22,0.0106,Lyase,,,,
681,VIT_16s0013g00130,22,0.0106,GTP-binding protein HSR1,,,,
682,VIT_18s0001g10060,22,0.0106,LRX1 (leucine-rich repeat/extensin 1),EXTENSIN,,vv40006Cell_wall,
683,VIT_17s0000g06390,21,0.0101,Pentatricopeptide (PPR) repeat-containing protein,,,,
684,VIT_05s0124g00550,21,0.0101,Unknown protein,,,,
685,VIT_15s0048g00550,20,0.0097,Abnormal floral organs,AFO_2,,vv60019C2C2-YABBY,
686,VIT_05s0077g01290,20,0.0097,Unknown protein,,,,
687,VIT_07s0130g00040,20,0.0097,Myb domain protein 4,MYB4_10,MYB3,vv60044MYB,
688,VIT_18s0166g00260,19,0.0093,No hit,,,,
689,VIT_08s0007g00270,19,0.0092,No hit,,,,
690,VIT_19s0014g01720,19,0.0092,Sodium/calcium exchanger family protein,NACAEX,,vv50123Porters_cat_18_to_29,
691,VIT_01s0127g00340,19,0.0092,Unknown,,,,
692,VIT_09s0002g05260,19,0.0092,Microtubule-severing ATPase,K07767,,vv44810Regulation_of_actin_cytoskeleton,vv50133Primary_active_transporter_cat_A9_to_A18
693,VIT_11s0052g01600,19,0.0092,UDP-glucose flavonoid 3-O-glucosyltransferase 7,E2_4_1_91,,vv10941Flavonoid_biosynthesis,
694,VIT_14s0066g00810,19,0.0092,Raffinose synthase,E2_4_1_82,,vv10052Galactose_metabolism,
695,VIT_00s0218g00070,19,0.0091,Methylmalonate semi-aldehyde dehydrogenase,E1_2_1_27,,vv10280Valine_leucine_and_isoleucine_degradation,vv10640Propanoate_metabolism
696,VIT_17s0000g03040,19,0.0091,Chaperonin,,,,
697,VIT_08s0007g07780,18,0.0087,Polygalacturonase PG1,E3_2_1_15,,vv40006Cell_wall,
698,VIT_14s0128g00750,18,0.0087,Aminopeptidase,,,,
699,VIT_18s0001g03740,18,0.0087,Protein kinase,,,,
700,VIT_01s0011g05890,18,0.0087,S-adenosyl-L-methionine:salicylic acid carboxyl methyltransferase,SAMTBSCMT,,vv10360Phenylalanine_metabolism,
701,VIT_18s0001g14890,18,0.0087,ABA-responsive element-binding protein 3 (AREB3),AREB3_3,VvbZIP49,vv30001ABA_signaling,vv60012BZIP
702,VIT_08s0007g06140,18,0.0087,Anthranilate phosphoribosyltransferase,E2_4_2_18,,vv10400Phenylalanine_tyrosine_and_tryptophan_biosynthesis,
703,VIT_02s0087g00370,17,0.0083,Anthranilate N-hydroxycinnamoyl/benzoyltransferase,E2_3_1_144,,vv10400Phenylalanine_tyrosine_and_tryptophan_biosynthesis,
704,VIT_15s0048g01130,17,0.0082,Subtilase,,,,
705,VIT_11s0052g00400,17,0.0082,DC2 protein,,,,
706,VIT_09s0018g01790,16,0.0077,Integral membrane Yip1 family protein,YIP1,,vv50110Protein_coat,
707,VIT_12s0035g01720,16,0.0077,Chloride channel protein (CLC-c),K05393_CLCC,,vv50124Porters_cat_30_to_64,
708,VIT_01s0026g00570,16,0.0077,Bet v I allergen,,,,
709,VIT_18s0001g14280,15,0.0073,ER lumen protein retaining receptor,,,,
710,VIT_11s0016g00740,15,0.0073,Receptor-like protein kinase 3,,,,
711,VIT_05s0077g00670,15,0.0073,Unknown protein,,,,
712,VIT_10s0405g00050,15,0.0073,Inositol transporter 4,INT4,,vv50121Porters_cat_1_to_6,
713,VIT_18s0001g15600,15,0.0073,Vacuolar protein sorting 45,VPS45,,vv24130SNARE_interactions_in_vesicular_transport,
714,VIT_03s0088g00250,15,0.0072,Isoflavone reductase,E1_3_1_45,,vv10943Isoflavonoid_biosynthesis,
715,VIT_18s0001g13790,15,0.0072,Cytochrome P450  family 83  subfamily B  polypeptide 1,K11818,,vv10966Glucosinolate_biosynthesis,
716,VIT_18s0089g00920,15,0.0072,RNA binding motif protein 38,RBM38,,,
717,VIT_05s0029g01460,15,0.0072,No hit,,,,
718,VIT_00s0555g00020,14,0.0068,flavonoid 3-monooxygenase,E1_14_13_21,,vv10941Flavonoid_biosynthesis,
719,VIT_05s0020g01130,14,0.0068,DEAD/DEAH box helicase,DEADBOX,,vv23040Spliceosome,vv50133Primary_active_transporter_cat_A9_to_A18
720,VIT_00s0187g00210,14,0.0068,Rho GDP-dissociation inhibitor 2,,,,
721,VIT_08s0058g01390,14,0.0068,WRKY DNA-binding protein 70,WRKY70_2,VvWRKY25,vv60066WRKY,
722,VIT_03s0088g00550,13,0.0063,MADS-box agamous-like 62,AGL62_4,,vv60042MADS,
723,VIT_18s0001g05670,13,0.0063,Myb domain protein 93,MYB93_6,MYB182,vv60044MYB,
724,VIT_10s0003g00760,13,0.0063,Glutamate receptor protein,GLR2_9,,vv50101Channels_and_pores,
725,VIT_12s0059g01590,13,0.0063,Lipase GDSL,,,,
726,VIT_10s0003g01600,13,0.0063,WRKY DNA-binding protein 65,WRKY65_1,VvWRKY30,vv60066WRKY,
727,VIT_03s0017g00010,13,0.0062,No hit,,,,
728,VIT_08s0040g02840,12,0.0058,ABC transporter G member 29,ABCG29,,vv52010ABC_transporters,
729,VIT_19s0014g01110,12,0.0058,Curculin (mannose-binding) lectin,,,,
730,VIT_06s0061g00890,12,0.0058,Carboxypeptidase,E3_4_17_22,,,
731,VIT_06s0004g03210,12,0.0058,Unknown,,,,
732,VIT_11s0016g01480,12,0.0058,Nuclear transcription factor Y subunit A-3,NFYA3_1,,vv60021CCAAT,
733,VIT_08s0007g07740,12,0.0058,CYP93A1 2-hydroxyisoflavanone synthase,E1_14_13_86,,vv10943Isoflavonoid_biosynthesis,
734,VIT_01s0011g02060,12,0.0058,CYP86B1,,,,
735,VIT_13s0019g02940,12,0.0058,Cis-zeatin O-beta-D-glucosyltransferase,E2_4_1_215,,vv10908Zeatin_biosynthesis,
736,VIT_00s2485g00010,12,0.0058,CRK10 (cysteine-rich RLK10),,,,
737,VIT_09s0054g01360,11,0.0053,Cycloartenol synthase,E5_4_99_8,,vv10100Biosynthesis_of_steroids,
738,VIT_03s0088g01240,11,0.0053,Basic helix-loop-helix (bHLH) family,BHLHDOM_74,,vv60011BHLH,
739,VIT_07s0005g04020,11,0.0053,Leucine Rich Repeat receptor-like kinase,,,,
740,VIT_12s0059g01580,10,0.0049,Unknown,,,,
741,VIT_19s0014g04700,10,0.0049,No hit,,,,
742,VIT_08s0040g00940,10,0.0048,Catalytic,,,,
743,VIT_16s0022g00470,10,0.0048,Peroxisomal biogenesis factor 11 (PEX11),,,,
744,VIT_03s0063g01980,10,0.0048,PDV2 (plastid division2),PDV2,,vv44110Cell_cycle,
745,VIT_03s0017g02300,9,0.0044,Unknown protein,,,,
746,VIT_04s0008g05990,9,0.0044,Threonine synthase  chloroplast precursor (TS),E4_2_3_1,,vv10260Glycine_serine_and_threonine_metabolism,vv10750Vitamin_B6_metabolism
747,VIT_17s0000g09070,9,0.0044,Histone deacetylase HDA6,K06067_HDAC6,,vv30011Jasmonate_signaling,vv44110Cell_cycle
748,VIT_04s0023g01210,9,0.0044,Geranylgeranyl pyrophosphate synthetase 1  chloroplast precursor,E2_5_1_29,,vv10100Biosynthesis_of_steroids,vv10900Terpenoid_biosynthesis
749,VIT_06s0009g01340,9,0.0044,Ascorbate oxidase precursor,E1_10_3_3,,vv10053Ascorbate_and_aldarate_metabolism,vv50109Incompletely_characterized_transport_systems
750,VIT_08s0056g00120,9,0.0044,Ethanolamine-phosphate cytidylyltransferase,E2_7_7_14,,vv10564Glycerophospholipid_metabolism,
751,VIT_00s2032g00010,9,0.0044,No hit,,,,
752,VIT_10s0116g01800,9,0.0044,Calcium-dependent protein kinase 21 CPK21,CPK21,,vv34626Plant-pathogen_interaction,
753,VIT_19s0085g00180,9,0.0043,SKP1-like 4 ASK4,K03094,,vv24120Ubiquitin_mediated_proteolysis,vv24141Protein_processing_in_endoplasmic_reticulum
754,VIT_17s0000g00080,9,0.0043,Pentatricopeptide (PPR) repeat-containing protein,,,,
755,VIT_03s0091g00040,9,0.0043,Limonoid UDP-glucosyltransferase,E2_4_1_120,,vv10940Phenylpropanoid_biosynthesis,
756,VIT_18s0001g02720,9,0.0043,fatty acid elongation1 (FAE1),,,,
757,VIT_18s0001g15550,9,0.0043,Serine carboxypeptidase II,,,,
758,VIT_18s0164g00090,9,0.0043,Diphenol oxidase,E1_10_3_1,,vv10350Tyrosine_metabolism,vv50109Incompletely_characterized_transport_systems
759,VIT_11s0065g00850,9,0.0043,Unknown protein,,,,
760,VIT_05s0094g01120,9,0.0043,NADP-dependent oxidoreductase,E1_6_5_5,,,
761,VIT_07s0104g00460,9,0.0043,Ras homolog gene family  member T1,K07870,,,
762,VIT_17s0000g01380,9,0.0043,Ubiquitin-activating enzyme E1 domain-containing protein 1,K03178,,vv24120Ubiquitin_mediated_proteolysis,
763,VIT_11s0206g00180,9,0.0043,Unknown,,,,
764,VIT_01s0244g00130,9,0.0043,Inducer of CBF expression 1 ICE1,ICE1_2,,vv60011BHLH,
765,VIT_00s0532g00070,9,0.0043,CRK10 (cysteine-rich RLK10); kinase,,,,
766,VIT_17s0000g01870,7,0.0034,Indeterminate(ID)-domain 16,IDD16_2,,vv60017C2H2,
767,VIT_14s0066g00980,7,0.0034,Unknown protein,,,,
768,VIT_04s0023g03760,7,0.0034,Unknown protein,,,,
769,VIT_18s0001g13670,7,0.0034,Glyoxal oxidase-related,,,,
770,VIT_13s0067g01770,7,0.0034,Steroid 5alpha-reductase,K09591,,vv10905Brassinosteroid_biosynthesis,
771,VIT_15s0046g01170,7,0.0034,Dihydroflavonol 4-reductase (dihydrokaempferol 4-reductase) (BAN),E1_1_1_219,,vv10941Flavonoid_biosynthesis,
772,VIT_03s0132g00450,7,0.0033,Cold-induced wall associated kinase,,,,
773,VIT_12s0035g00120,6,0.0029,Hcr2-p6,,,,
774,VIT_10s0092g00150,6,0.0029,Patatin protein 3,,,,
775,VIT_18s0001g05840,6,0.0029,RNA recognition motif (RRM)-containing protein,,,,
776,VIT_18s0086g00410,6,0.0029,Auxin-binding protein ABP19,ABP19,,vv30003Auxin_signaling,
777,VIT_04s0008g03930,6,0.0029,RD22,,,,
778,VIT_10s0003g02450,6,0.0029,flavonol synthase,E1_14_11_23,,vv10941Flavonoid_biosynthesis,
779,VIT_01s0011g01260,6,0.0029,Phosphatidylinositol N-acetylglucosaminyltransferase subunit C,E2_4_1_198,,vv10563Glycosylphosphatidylinositol-anchor_biosynthesis,
780,VIT_07s0005g04750,6,0.0029,Unknown protein,,,,
781,VIT_01s0011g00420,6,0.0029,RPK1 (receptor-like protein kinase 1),,,,
782,VIT_12s0028g00270,6,0.0029,WRKY DNA-binding protein 71,WRKY71_2,VvWRKY35,vv60066WRKY,
783,VIT_15s0024g00760,6,0.0029,No hit,,,,
784,VIT_07s0255g00060,6,0.0029,Prolyl oligopeptidase family,,,,
785,VIT_01s0137g00710,6,0.0029,Alpha-L-fucosidase 2 precursor,E3_2_1_51,,vv10511N-Glycan_degradation,
786,VIT_11s0016g05220,6,0.0029,Pentatricopeptide (PPR) repeat-containing,,,,
787,VIT_18s0001g10520,6,0.0029,Sterol carrier protein 2,K08764,,vv44146Peroxisome,
788,VIT_03s0038g04410,6,0.0029,Unknown,,,,
789,VIT_11s0016g05910,6,0.0029,Mak10 subunit  NatC N(Alpha)-terminal acetyltransferase,,,,
790,VIT_17s0000g04550,6,0.0029,Cupin  RmlC-type,,,,
791,VIT_08s0007g05130,6,0.0029,UDP-glucoronosyl/UDP-glucosyl transferase,,,,
792,VIT_07s0005g03370,6,0.0029,Unknown,,,,
793,VIT_01s0011g02320,6,0.0029,Unknown protein,,,,
794,VIT_08s0040g01810,6,0.0029,Auxin response factor 10,ARF10_1,,vv30003Auxin_signaling,vv60004ARF
795,VIT_00s0513g00020,6,0.0029,Peptidyl-prolyl cis-trans isomerase-like 2,K10598,,vv23040Spliceosome,vv24120Ubiquitin_mediated_proteolysis
796,VIT_18s0001g11790,6,0.0029,Inositol polyphosphate 5-phosphatase,E3_1_3_56,,vv10562Inositol_phosphate_metabolism,vv34070Phosphatidylinositol_signaling_system
797,VIT_17s0000g03070,6,0.0029,R protein MLA10,K13475,,vv34627R_proteins_from_Plant-pathogen_interaction,
798,VIT_12s0028g00050,6,0.0029,Beta-1 3 glucanase,E3_2_1_6,,,
799,VIT_13s0019g04040,6,0.0029,Serine carboxypeptidase 28 (SCPL28),,,,
800,VIT_03s0038g00220,6,0.0029,Purple acid phosphatase 10 ATPAP10/PAP10,E3_1_3_2,,vv10740Riboflavin_metabolism,
801,VIT_18s0122g00160,6,0.0029,Pitrilysin,E3_4_24_55,,,
802,VIT_12s0059g00440,6,0.0029,No hit,,,,
803,VIT_19s0014g01180,6,0.0029,Pathogenesis-related,,,,
804,VIT_14s0060g02370,6,0.0029,DegP protease,E3_4_21_107,,,
805,VIT_04s0023g02810,6,0.0029,Aldehyde dehydrogenase 3B1,E1_2_1_3,vv10561Glycerolipid_metabolism,vv10010Glycolysis,vv10071Fatty_acid_metabolism
806,VIT_11s0016g01280,6,0.0029,DNA-directed RNA polymerase III subunit C4,K03026,,vv23020RNA_polymerase,
807,VIT_13s0067g01590,6,0.0029,Lectin protein kinase,,,,
808,VIT_09s0002g02670,6,0.0029,RNA methyltransferase,,,,
809,VIT_08s0056g01130,5,0.0024,Mini zinc finger 2 MIF2,MIF2_2,,vv60068Zf-HD,
810,VIT_08s0007g06460,4,0.0019,Laccase (diphenol oxidase)-like protein,E1_10_3_2,,vv11000Single_reactions,vv50109Incompletely_characterized_transport_systems
811,VIT_16s0100g00330,4,0.0019,Unknown protein,,,,
812,VIT_10s0003g00960,4,0.0019,Carboxylic ester hydrolase,E3_1_1_1,,,
813,VIT_13s0067g00580,4,0.0019,Cinnamyl alcohol dehydrogenase,E1_1_1_195,,vv10940Phenylpropanoid_biosynthesis,
814,VIT_01s0011g03660,3,0.0015,IMP dehydrogenase/GMP reductase,E1_1_1_205,VvERF121,vv10230Purine_metabolism,
815,VIT_13s0019g02090,3,0.0015,Thylakoid lumenal 15 kDa protein 1,,,,
816,VIT_07s0005g02390,3,0.0015,Protein phosphatase 2C POLTERGEIST,,,,
817,VIT_08s0040g01970,3,0.0015,fasciclin arabinogalactan-protein (FLA11),FLA11,,vv40006Cell_wall,
818,VIT_09s0002g03010,3,0.0015,FRK1 (FLG22-induced receptor-like kinase 1),FRK1,,vv34626Plant-pathogen_interaction,
819,VIT_07s0141g00100,3,0.0015,Myb domain protein 93,MYB93_2,MYB179,vv60044MYB,
820,VIT_13s0067g00630,3,0.0015,Yippee,,,,
821,VIT_10s0042g01010,3,0.0015,CYP714A1,,,,
822,VIT_06s0009g01190,3,0.0015,RNA-binding protein AKIP1,,,,
823,VIT_03s0063g00830,3,0.0015,Carboxyesterase 5 CXE5,E3_1_1_1,,,
824,VIT_19s0014g03720,3,0.0015,Unknown protein,,,,
825,VIT_18s0001g14430,3,0.0015,Unknown,,,,
826,VIT_15s0045g01090,3,0.0015,Unknown protein,,,,
827,VIT_14s0030g00340,3,0.0015,Sugar transporter ERD6-like 8,ERD6L8,,vv50121Porters_cat_1_to_6,
828,VIT_11s0052g00870,3,0.0015,IAA33,IAA33,,vv30003Auxin_signaling,vv60008AUXIAA
829,VIT_15s0046g00710,3,0.0015,Wax synthase,E2_3_1_75,,vv11000Single_reactions,
830,VIT_10s0003g03650,3,0.0015,Beta-amyrin synthase,E5_4_99_BAS,,vv10900Terpenoid_biosynthesis,
831,VIT_14s0066g02400,3,0.0015,Mannose-1-phosphate guanyltransferase,E2_7_7_23,,vv10530Aminosugars_metabolism,
832,VIT_04s0023g03230,3,0.0015,Auxin-responsive SAUR9,SAUR9,,vv30003Auxin_signaling,
833,VIT_02s0012g02030,3,0.0015,Homeobox-7,VVHB7_1,VvHB09,vv60034HB,
834,VIT_08s0007g01160<br>VIT_08s0007g01190<br>VIT_08s0007g01170,3,0.0015,
835,VIT_17s0000g10450,3,0.0015,No hit,,,,
836,VIT_13s0147g00210,3,0.0015,Unknown protein,,,,
837,VIT_11s0149g00280,3,0.0015,Chitinase A,E3_2_1_14,,vv10530Aminosugars_metabolism,
838,VIT_16s0098g01160,3,0.0015,Subtilisin protease,SBT3_5,,vv50101Channels_and_pores,
839,VIT_10s0003g02050,3,0.0015,Cyclic phosphodiesterase,,,,
840,VIT_12s0035g00070,3,0.0015,Leucine Rich Repeat receptor-like kinase,,,,
841,VIT_10s0042g00580,3,0.0015,Zinc finger (C3HC4-type ring finger),ZFC3HC4_199,,vv60078Other_zf-C3HC4,
842,VIT_05s0077g00820,3,0.0014,Unknown protein,,,,
843,VIT_03s0038g01780,3,0.0014,Triosephosphate isomerase  chloroplast precursor,E5_3_1_1,,vv10010Glycolysis,vv10051Fructose_and_mannose_metabolism
844,VIT_09s0002g05990,3,0.0014,6-4 photolyase,K02295,,vv34710Circadian_rhythm,
845,VIT_13s0067g00400,3,0.0014,Anthranilate synthase alpha 1,E4_1_3_27,,vv10400Phenylalanine_tyrosine_and_tryptophan_biosynthesis,
846,VIT_02s0087g00090,3,0.0014,F-box family protein,,,,
847,VIT_15s0048g02460,3,0.0014,Quercetin 3-O-methyltransferase 1,E2_1_1_76,,vv10941Flavonoid_biosynthesis,
848,VIT_19s0090g00730,3,0.0014,No hit,,,,
849,VIT_01s0011g00560,3,0.0014,DREPP plasma membrane polypeptide,,,,
850,VIT_05s0020g03270,3,0.0014,S-receptor kinase,,,,
851,VIT_04s0008g05760,3,0.0014,WRKY DNA-binding protein 18,WRKY18_2,VvWRKY08,vv60066WRKY,
852,VIT_14s0006g01570,3,0.0014,DegP protease,E3_4_21_107,,,
853,VIT_08s0040g03400,3,0.0014,Short-chain dehydrogenase/reductase,,,,
854,VIT_14s0068g00510,3,0.0014,Unknown,,,,
855,VIT_09s0002g00080,3,0.0014,Phytosulfokine receptor,,,,
856,VIT_08s0007g01560,3,0.0014,Photoassimilate-responsive protein,,,,
857,VIT_08s0007g05890,3,0.0014,GTP binding,,,,
858,VIT_16s0050g01970,3,0.0014,Serine/threonine protein kinase LRK19,,,,
859,VIT_18s0089g00510,3,0.0014,Isopentenyltransferase 1,E2_5_1_27,,vv10908Zeatin_biosynthesis,
860,VIT_02s0087g00450,3,0.0014,Anthranilate phosphoribosyltransferase,E2_4_2_18,,vv10400Phenylalanine_tyrosine_and_tryptophan_biosynthesis,
861,VIT_05s0020g04590,3,0.0014,Acylamino-acid-releasing enzyme,E3_4_19_1,,,
862,VIT_12s0057g01450,3,0.0014,Subtilisin protease,,,,
863,VIT_17s0000g00900,3,0.0014,Glutamate 1-semialdehyde aminotransferase,E5_4_3_8,,vv10860Porphyrin_and_chlorophyll_metabolism,
864,VIT_18s0076g00260,3,0.0014,Unknown protein,,,,
865,VIT_16s0022g02080,3,0.0014,Exostosin family protein,K02366,,vv11030Glycan_structures-biosynthesis1,
866,VIT_02s0025g01520,3,0.0014,Unknown protein,,,,
867,VIT_12s0035g01850,3,0.0014,MATE antiporter/ drug transporter,MATE,,vv50125Porters_cat_66_to_94,
868,VIT_07s0104g00490,3,0.0014,Unknown,,,,
869,VIT_12s0034g01770,3,0.0014,Unknown,,,,
870,VIT_05s0020g02950,3,0.0014,Deoxyribose-phosphate aldolase 2,E4_1_2_4,,vv10030Pentose_phosphate,
871,VIT_02s0087g00400,3,0.0014,Pectinacetylesterase,PAE,,vv40006Cell_wall,
872,VIT_18s0001g01310,3,0.0014,Wall-associated receptor kinase 5,,,,
873,VIT_08s0058g00150,3,0.0014,Ammonium transporter 2,AMT2,,vv50101Channels_and_pores,
874,VIT_16s0022g00840,3,0.0014,Invertase/pectin methylesterase inhibitor,PMEI,,vv40006Cell_wall,
875,VIT_18s0001g01630,3,0.0014,Calcium-binding protein CML,K13448,,vv34626Plant-pathogen_interaction,
876,VIT_06s0061g01050,3,0.0014,Protein kinase SRPK1,,,,
877,VIT_15s0045g01600,3,0.0014,Eceriferum 1 (CER1 protein) Sterol desaturase,,,,
878,VIT_16s0039g01270,3,0.0014,No hit,,,,
879,VIT_00s0956g00020,3,0.0014,Leafy cotyledon1-like protein,L1L_1,,vv60021CCAAT,
880,VIT_12s0059g00740,3,0.0014,Germin1,,,,
881,VIT_10s0003g02750,3,0.0014,IMP dehydrogenase/GMP reductase,E1_1_1_205,,vv10230Purine_metabolism,
882,VIT_09s0002g03060,3,0.0014,Leucine-rich repeat protein kinase,,,,
883,VIT_07s0104g00880,3,0.0014,Arabidopsis histidine phosphotransfer AHP1,AHP1,,vv30007Cytokinin_signaling,
884,VIT_10s0003g01280,3,0.0014,Ribulose bisphosphate carboxylase  large chain,E4_1_1_39,,vv10710Carbon_fixation,
885,VIT_03s0091g00230,3,0.0014,Unknown protein,,,,
886,VIT_01s0137g00460,3,0.0014,RGLG2 (ring Domain LIGASE2),RGLG2,,vv50004Auxin_transport,
887,VIT_04s0008g00240,3,0.0014,Amino acid permease 6,AAP6,,vv50123Porters_cat_18_to_29,
888,VIT_02s0025g00010,3,0.0014,No hit,,,,
889,VIT_02s0025g02710,3,0.0014,NAC Secondary wall thickening promoting factor1,NST1_2,VvNAC24,vv60046NAC,
890,VIT_15s0024g01160,3,0.0014,No hit,,,,
891,VIT_08s0040g02830,3,0.0014,Calcium-transporting ATPase 1  endoplasmic reticulum-type ECA1,K01537,,vv34020Calcium_signaling_pathway,vv50131Primary_active_transporter_cat_A2_to_A4
