Vv_m2,2000,1000,VIT_07s0141g00340
rank,node,Fabs,Frel,Functional-annotation,Name-EC-KeggID,Updated-name,Network1,Network2
1,VIT_13s0064g01380,2083,1.0000,Anthranilate phosphoribosyltransferase,E2_4_2_18,,vv10400Phenylalanine_tyrosine_and_tryptophan_biosynthesis,
2,VIT_12s0035g02190,2067,1.0000,MLO-like protein 13,K08472,,,
3,VIT_16s0098g00640,2072,1.0000,Thaumatin,,,,
4,VIT_04s0079g00280,2070,1.0000,NAC domain-containing protein 28,NAC028,VvNAC64,vv60046NAC,
5,VIT_09s0002g06470,2069,1.0000,CYP81B2v1,,,,
6,VIT_01s0137g00380,2065,0.9995,Unknown protein,,,,
7,VIT_12s0028g00740,2060,0.9966,Unknown protein,,,,
8,VIT_18s0089g00710,2073,0.9957,Secologanin synthase CYP72A1,K13400,,vv10902Monoterpenoid_biosynthesis,
9,VIT_07s0141g00940,2059,0.9956,TRNA synthetase  class II (D  K and N); Nucleic acid-binding  OB-fold,E6_1_1_6,,vv10300Lysine_biosynthesis,vv20970Aminoacyl-tRNA_biosynthesis
10,VIT_09s0002g06880,2055,0.9956,Beta-1 3-glucanase,E3_2_1_6,,,
11,VIT_01s0010g00880,1994,0.9661,No hit,,,,
12,VIT_08s0007g05670,1994,0.9624,Unknown,,,,
13,VIT_03s0017g01840,1984,0.9608,Disease resistance protein RGA4,,,,
14,VIT_04s0079g00230,1979,0.9584,Sucrose synthase,E2_4_1_13,,vv10500Starch_and_sucrose_metabolism,
15,VIT_01s0026g01130,1973,0.9582,Unknown protein,,,,
16,VIT_09s0018g01210,1980,0.9551,Receptor kinase TRKe,,,,
17,VIT_00s0131g00020,1950,0.9475,Annexin ANN4,ANN4,,vv50101Channels_and_pores,
18,VIT_05s0094g00810,1951,0.9416,Ion channel DMI1  chloroplast precursor,DMI1,,vv50101Channels_and_pores,
19,VIT_14s0030g00020,1947,0.9410,Unknown,,,,
20,VIT_19s0014g00910,1944,0.9396,No hit,,,,
21,VIT_17s0119g00220,1946,0.9392,Trypsin and protease inhibitor Kunitz family,,,,
22,VIT_00s0179g00040,1928,0.9387,Ankyrin,K10380,,,
23,VIT_05s0020g02470,1934,0.9361,AWPM-19 membrane,AWPM19,,vv30001ABA_signaling,
24,VIT_10s0003g03410,1939,0.9349,No hit,,,,
25,VIT_04s0044g00290,1929,0.9301,No hit,,,,
26,VIT_12s0028g01580,1915,0.9251,Zinc finger (C3HC4-type ring finger),ZFC3HC4_235,,vv60078Other_zf-C3HC4,
27,VIT_14s0066g00130,1915,0.9247,Unknown protein,,,,
28,VIT_12s0057g01420,1901,0.9157,Exostosin,K02366,,vv11030Glycan_structures-biosynthesis1,
29,VIT_10s0003g05090,1885,0.9124,Wall-associated kinase 1 (WAK1),,,,
30,VIT_04s0023g03750,1882,0.9123,Ascorbate peroxidase,E1_11_1_11,,vv10053Ascorbate_and_aldarate_metabolism,
31,VIT_07s0141g00120,1879,0.9069,No hit,,,,
32,VIT_17s0053g00700,1867,0.9028,Sucrose synthase 2,E2_4_1_13,,vv10500Starch_and_sucrose_metabolism,
33,VIT_19s0090g01080,1871,0.9017,ERF/AP2 transcription factor sub B-1(ATERF-3),ERF3_1,VvERF062,vv30008Ethylene_signaling,vv60003AP2_EREBP
34,VIT_03s0017g01620,1846,0.8979,Disease resistance protein RGA4,,,,
35,VIT_03s0017g01380,1846,0.8948,Disease resistance protein (CC-NBS-LRR class),,,,
36,VIT_10s0003g03390,1839,0.8927,Unknown protein,,,,
37,VIT_03s0097g00120,1839,0.8919,Concanavalin A lectin,,,,
38,VIT_14s0066g00060,1829,0.8831,Unknown protein,,,,
39,VIT_17s0000g06090,1823,0.8811,Pentatricopeptide (PPR) repeat-containing protein,,,,
40,VIT_10s0003g03400,1829,0.8781,No hit,,,,
41,VIT_05s0029g00360,1796,0.8697,Dual specificity protein phosphatase,,,,
42,VIT_10s0003g03320,1786,0.8653,Unknown,,,,
43,VIT_10s0003g03340,1757,0.8521,No hit,,,,
44,VIT_05s0049g02200,1759,0.8477,CBS domain containing protein,,,,
45,VIT_01s0010g00870,1751,0.8418,Menaquinone biosynthesis protein,K03183,,vv10130Ubiquinone_biosynthesis,
46,VIT_00s0184g00120,1727,0.8396,R protein L6,K13477,,vv34627R_proteins_from_Plant-pathogen_interaction,
47,VIT_00s0233g00120,1715,0.8374,flavin-containing monooxygenase family protein / FMO family protein,E1_14_13_8,,vv11000Single_reactions,
48,VIT_18s0001g01260<br>VIT_18s0001g00430,1723,0.8372,
49,VIT_18s0001g02210,1702,0.8266,MYB divaricata,DIVARICATA_4,,vv30009Flower_development,vv60044MYB
50,VIT_00s0373g00040,1691,0.8229,Malate dehydrogenase Glyoxysomal,E1_1_1_37,,vv10020Citrate_cycle,vv10620Pyruvate_metabolism
51,VIT_03s0038g00580,1710,0.8217,GATA transcription factor 25,GAT25_2,,vv60016C2C2-GATA,
52,VIT_05s0020g00050,1707,0.8199,No hit,,,,
53,VIT_00s1764g00010,1693,0.8187,1-aminocyclopropane-1-carboxylate synthase,E4_4_1_14,,vv10640Propanoate_metabolism,vv30008Ethylene_signaling
54,VIT_07s0005g01840,1680,0.8167,Patatin,,,,
55,VIT_13s0067g03590,1683,0.8127,R protein MLA10,K13475,,vv34627R_proteins_from_Plant-pathogen_interaction,
56,VIT_01s0011g04030,1680,0.8085,Reticulon family protein (RTNLB9),,,,
57,VIT_19s0015g00270,1675,0.8084,No hit,,,,
58,VIT_03s0017g02240,1672,0.8046,Glucan endo-1 3-beta-glucosidase precursor,E3_2_1_39,,vv10500Starch_and_sucrose_metabolism,
59,VIT_01s0150g00530,1657,0.8013,Unknown protein,,,,
60,VIT_06s0009g00720,1652,0.8012,MKK2,K04368_MKK2,,vv34626Plant-pathogen_interaction,
61,VIT_18s0001g12650,1653,0.8009,Unknown protein,,,,
62,VIT_08s0032g00340,1642,0.7944,No hit,,,,
63,VIT_05s0020g00610,1645,0.7932,Unknown protein,,,,
64,VIT_08s0007g05610,1631,0.7929,Unknown protein,,,,
65,VIT_18s0001g15050,1619,0.7859,Protein phosphatase 2C,E3_1_3_16,,,
66,VIT_10s0003g02720,1601,0.7776,Beta-1 3 glucanase,E3_2_1_6,,,
67,VIT_15s0048g00220,1609,0.7743,Membrane-associated mannitol-induced,MAMI,,vv50109Incompletely_characterized_transport_systems,
68,VIT_15s0021g01720,1597,0.7726,Calcium-binding protein,,,,
69,VIT_16s0013g01880,1604,0.7723,No hit,,,,
70,VIT_05s0136g00390,1589,0.7691,Unknown protein,,,,
71,VIT_07s0005g06580,1592,0.7687,Glycosyl hydrolase 9B10,,,,
72,VIT_09s0002g08750,1567,0.7577,Ankyrin repeat,K10380,,vv50108Accessory_factors_involved_in_transport,
73,VIT_16s0039g01250,1560,0.7536,Receptor kinase homolog LRK10,,,,
74,VIT_14s0066g00050,1542,0.7464,Unknown protein,,,,
75,VIT_16s0050g00920,1534,0.7421,MATE efflux family protein,MATE,,vv50125Porters_cat_66_to_94,
76,VIT_01s0127g00570,1534,0.7411,No hit,,,,
77,VIT_14s0030g02110,1502,0.7267,Ca2+-transporting ATPase type 2 isoform 8,K01537,,vv34020Calcium_signaling_pathway,vv50131Primary_active_transporter_cat_A2_to_A4
78,VIT_11s0016g00220,1496,0.7255,Glycosyl hydrolase family 17 protein,,,,
79,VIT_03s0017g02030,1497,0.7249,No hit,,,,
80,VIT_14s0006g01710,1497,0.7221,Isopentenyl-diphosphate delta-isomerase.,E5_3_3_2,,vv10100Biosynthesis_of_steroids,vv10900Terpenoid_biosynthesis
81,VIT_14s0060g01960,1476,0.7165,Pectinesterase; Pectinesterase inhibitor,PMEI,,vv40006Cell_wall,
82,VIT_18s0041g01770,1472,0.7108,No hit,,,,
83,VIT_06s0009g03510,1482,0.7084,Pentatricopeptide (PPR) repeat-containing protein,,,,
84,VIT_07s0005g03950,1457,0.7063,Ankyrin,K10380,,vv50108Accessory_factors_involved_in_transport,
85,VIT_11s0103g00310,1451,0.7003,Unknown protein,,,,
86,VIT_13s0019g00090,1455,0.6992,Unknown,,,,
87,VIT_05s0049g01070,1435,0.6990,Glutathione S-transferase 19 GSTU1,E2_5_1_18_GSTU1,,vv10480Glutathione_metabolism,
88,VIT_01s0011g06590,1441,0.6951,Protease inhibitor/seed storage/lipid transfer protein (LTP),,,,
89,VIT_07s0031g00950,1395,0.6769,Exonuclease,E3_1_13_1,,,
90,VIT_12s0142g00440,1400,0.6744,ABA-responsive protein HVA22F,HVA22F,,vv30001ABA_signaling,
91,VIT_05s0124g00540,1394,0.6731,EMB1674,EMB1674_2,,vv60087Orphans_KIP1_SANTA,
92,VIT_07s0005g06500,1396,0.6731,FRK1 (FLG22-induced receptor-like kinase 1),FRK1,,vv34626Plant-pathogen_interaction,
93,VIT_00s2558g00010,1384,0.6686,TRNA synthetase  class II (D  K and N); Nucleic acid-binding  OB-fold,E6_1_1_6,,vv10300Lysine_biosynthesis,vv20970Aminoacyl-tRNA_biosynthesis
94,VIT_00s0120g00100,1380,0.6635,Asparaginyl-tRNA synthetase  cytoplasmic 3,E6_1_1_22,,vv10252Alanine_and_aspartate_metabolism,vv20970Aminoacyl-tRNA_biosynthesis
95,VIT_18s0001g12280,1350,0.6506,Unknown protein,,,,
96,VIT_06s0004g00050,1331,0.6496,Kinesin family member C3,K10406,,vv44810Regulation_of_actin_cytoskeleton,
97,VIT_00s0179g00010,1329,0.6458,Ankyrin,K10380,,,
98,VIT_12s0035g00990,1323,0.6416,Big apical meristem 1 BAM1,,,,
99,VIT_07s0104g00120,1322,0.6414,Unknown protein,,,,
100,VIT_10s0116g01180,1318,0.6392,Unknown protein,,,,
101,VIT_08s0007g01910,1326,0.6387,Laccase,E1_10_3_2,,vv11000Single_reactions,vv50109Incompletely_characterized_transport_systems
102,VIT_07s0151g00070,1321,0.6372,Ankyrin,K10380,,,
103,VIT_14s0066g00010,1314,0.6363,Unknown protein,,,,
104,VIT_05s0062g01440,1322,0.6356,Receptor kinase RHG4,,,,
105,VIT_12s0035g02110,1318,0.6346,Glutathione S-transferase Z1 GSTZ1,E2_5_1_18_GSTZ1,,vv10480Glutathione_metabolism,
106,VIT_13s0067g03630,1314,0.6329,No hit,,,,
107,VIT_04s0008g05450,1298,0.6280,Phospholipase D alpha 1 precursor (PLD 1) (Choline phosphatase 1),PLDA1,,vv10564Glycerophospholipid_metabolism,vv10565Ether_lipid_metabolism
108,VIT_06s0004g01790,1291,0.6213,Zf A20 and AN1 domain-containing stress-associated protein 5,SAP5_2,,vv60077Other_zf-AN1,
109,VIT_01s0011g04170,1279,0.6185,Phosphatidic acid phosphatase alpha,E3_1_3_4,,vv10561Glycerolipid_metabolism,vv10564Glycerophospholipid_metabolism
110,VIT_14s0030g00180,1274,0.6152,Unknown protein,,,,
111,VIT_08s0007g08570,1251,0.6064,Lectin-like receptor kinase 1;1,,,,
112,VIT_12s0034g01410,1241,0.6010,Rhomboid,,,,
113,VIT_00s0437g00060,1237,0.6002,Receptor kinase RK20-1,,,,
114,VIT_00s0567g00030,1243,0.5964,Patatin,,,,
115,VIT_02s0025g03190,1235,0.5958,2-oxoglutarate-dependent dioxygenase,,,,
116,VIT_06s0061g00720,1227,0.5953,BHLH transcriptional regulator bHLH029,BHLH029,,vv60011BHLH,
117,VIT_09s0002g06450,1205,0.5861,CYP81B2v1,,,,
118,VIT_05s0049g01100,1207,0.5817,Glutathione S-transferase 25 GSTU7,E2_5_1_18_GSTU7,,vv10480Glutathione_metabolism,
119,VIT_17s0000g08960,1179,0.5693,Raffinose synthase,E2_4_1_82,,vv10052Galactose_metabolism,
120,VIT_10s0042g00370,1167,0.5632,R protein disease resistance protein,RPROT,,vv34627R_proteins_from_Plant-pathogen_interaction,
121,VIT_15s0046g00330,1154,0.5594,CYP703A2,,,,
122,VIT_10s0003g03380,1149,0.5580,No hit,,,,
123,VIT_00s1600g00010,1145,0.5553,No hit,,,,
124,VIT_09s0054g01740,1144,0.5551,C2-HC type zinc finger protein C.e-MyT1,,,,
125,VIT_03s0088g00650,1130,0.5480,Xyloglucan:xyloglucosyl transferase,E2_4_1_207,,vv40006Cell_wall,
126,VIT_13s0101g00260,1132,0.5458,Cinnamyl alcohol dehydrogenase,E1_1_1_195,,vv10940Phenylpropanoid_biosynthesis,
127,VIT_01s0011g05420,1121,0.5455,Fw2.2 ORFX,,,,
128,VIT_00s0153g00070,1121,0.5439,Glutathione S-transferase 8 GSTU8,E2_5_1_18_GSTU8,,vv10480Glutathione_metabolism,
129,VIT_19s0177g00200,1117,0.5401,Plastocyanin domain,K02638,,vv10195Photosynthesis,vv50113Thylakoid_targeting_pathway
130,VIT_07s0151g00650,1111,0.5372,ABI3-interacting protein 2,AIP2,,vv30001ABA_signaling,
131,VIT_04s0023g02770,1101,0.5368,Protein kinase,,,,
132,VIT_18s0072g00540,1092,0.5291,Unknown,,,,
133,VIT_19s0085g00810,1093,0.5290,Glucan endo-1 3-beta-glucosidase precursor,E3_2_1_39,,vv10500Starch_and_sucrose_metabolism,
134,VIT_18s0075g00950,1086,0.5269,Laccase,E1_10_3_2,,vv11000Single_reactions,vv50109Incompletely_characterized_transport_systems
135,VIT_11s0016g04090,1086,0.5224,DNA repair protein MutS,,,,
136,VIT_07s0129g00260,1077,0.5223,N-acetyltransferase hookless1 HLS1,HLS1_1,,vv30008Ethylene_signaling,vv50004Auxin_transport
137,VIT_12s0057g00410,1067,0.5200,Mo25,K08272,,vv34150mTOR_signaling_pathway,
138,VIT_18s0001g03570,1067,0.5160,Thaumatin ATLP-1,,,,
139,VIT_07s0141g00370,1068,0.5137,No hit,,,,
140,VIT_19s0027g00660,1064,0.5135,R protein  PRF  disease resistance protein,K13453,,vv34627R_proteins_from_Plant-pathogen_interaction,
141,VIT_08s0007g03860,1053,0.5094,S-receptor kinase,,,,
142,VIT_18s0001g03490,1053,0.5087,Flavonol synthase,E1_14_11_23,,vv10941Flavonoid_biosynthesis,
143,VIT_07s0005g05850,1054,0.5045,Unknown protein,,,,
144,VIT_12s0034g00980,1027,0.5017,Peptidase C50  separase,K02365,,vv44110Cell_cycle,
145,VIT_18s0001g04160,1040,0.5005,Translation initiation factor eIF-5,K03262,,vv23013RNA_transport,
146,VIT_16s0013g01760,1032,0.4978,Derlin-1,K11519,,vv24141Protein_processing_in_endoplasmic_reticulum,vv50133Primary_active_transporter_cat_A9_to_A18
147,VIT_03s0088g00690,1028,0.4969,Pathogenesis-related protein 1 precursor (PRP 1),PRP1,,vv30011Jasmonate_signaling,vv34626Plant-pathogen_interaction
148,VIT_07s0141g00480,1027,0.4964,No hit,,,,
149,VIT_03s0180g00060,1023,0.4964,Late embryonic abundant protein EMB7,,,,
150,VIT_01s0010g03290,1013,0.4908,Beta 1 3-glycosyltransferase I,,,,
151,VIT_13s0147g00230,1003,0.4881,Unknown protein,,,,
152,VIT_04s0023g02580,1004,0.4855,No hit,,,,
153,VIT_19s0015g00260,1002,0.4824,Import inner membrane translocase subunit TIM50,TIM50,,vv50132Primary_active_transporter_cat_A5_to_A8,
154,VIT_15s0024g00730,996,0.4807,Ankyrin,K10380,,vv50108Accessory_factors_involved_in_transport,
155,VIT_14s0006g01700,985,0.4770,Isopentenyl diphosphate isomerase 2,E5_3_3_2,,vv10100Biosynthesis_of_steroids,vv10900Terpenoid_biosynthesis
156,VIT_07s0205g00190,975,0.4717,Basic helix-loop-helix (bHLH) family,BHLHDOM_57,,vv60011BHLH,
157,VIT_07s0005g04270,968,0.4692,No hit,,,,
158,VIT_13s0067g00750,964,0.4662,R protein  PRF  disease resistance protein,K13453,,vv34627R_proteins_from_Plant-pathogen_interaction,
159,VIT_07s0104g01440,955,0.4629,Phototropic-responsive NPH3,,,,
160,VIT_19s0015g00210,944,0.4583,Zinc transporter ZIP11,ZIP11,,vv50121Porters_cat_1_to_6,
161,VIT_07s0151g00990,948,0.4553,Ankyrin repeat protein,,,,
162,VIT_06s0061g00850,937,0.4518,Harpin-induced protein,,,,
163,VIT_17s0000g03260,928,0.4500,Reticulon (RTNLB9),,,,
164,VIT_07s0185g00030,916,0.4425,Ubiquitin-associated (UBA)/TS-N domain-containing protein,,,,
165,VIT_09s0002g01220,905,0.4376,Unknown protein,,,,
166,VIT_14s0068g00670,904,0.4369,Heavy-metal-associated domain-containing protein,,,,
167,VIT_06s0009g01090,904,0.4363,Heat shock  HSP20 family protein,K13993,,vv24141Protein_processing_in_endoplasmic_reticulum,
168,VIT_03s0097g00090,903,0.4356,Lectin protein kinase,,,,
169,VIT_01s0011g06240,896,0.4352,Cytochrome B561,K08360,,vv50105Transport_electron_carriers,
170,VIT_00s0281g00030,898,0.4336,No hit,,,,
171,VIT_12s0059g00700,875,0.4264,MYB33 /GAMYB,MYB33,MYB160,vv30001ABA_signaling,vv60044MYB
172,VIT_19s0027g01660,878,0.4260,Peptidyl-prolyl cis-trans isomerase-like 4,K12735,,vv23040Spliceosome,
173,VIT_09s0002g03000,877,0.4247,Leucine-rich repeat protein kinase,,,,
174,VIT_04s0008g00460,867,0.4215,Unknown protein,,,,
175,VIT_09s0002g02660,871,0.4210,Unknown protein,,,,
176,VIT_07s0005g03250,858,0.4149,No hit,,,,
177,VIT_14s0171g00440,855,0.4146,Glyceraldehyde-3-phosphate dehydrogenase GAPC3 cytosolic,E1_2_1_12,,vv10010Glycolysis,
178,VIT_02s0154g00150,854,0.4144,PLATZ transcription factor,PLATZFAM_6,,vv60049PLATZ,
179,VIT_19s0014g03100,846,0.4091,flavodoxin family protein,,,,
180,VIT_09s0002g07830,836,0.4052,Leucine-rich repeat protein kinase,,,,
181,VIT_02s0087g00610,839,0.4036,Unknown protein,,,,
182,VIT_02s0033g01360,829,0.4028,forminy 2 domain-containing protein,FH2,,vv44810Regulation_of_actin_cytoskeleton,
183,VIT_19s0090g01650,830,0.4014,LOP1 TRN1 (LOPPED 1  TORNADO 1),LOP1,,vv50004Auxin_transport,
184,VIT_17s0000g00680,822,0.4004,No hit,,,,
185,VIT_17s0053g00670,818,0.3965,Vegetative storage protein,,,,
186,VIT_04s0008g01260,815,0.3952,Zinc transporter ZIP4,ZIP4,,vv50121Porters_cat_1_to_6,
187,VIT_01s0026g00970,816,0.3948,Cupin family protein,,,,
188,VIT_02s0012g00850,813,0.3926,Splicing factor PWI domain-containing protein,,,,
189,VIT_11s0016g01520<br>VITisv_015848<br>VIT_11s0016g01640,810,0.3907,
190,VIT_06s0004g05400,814,0.3904,Tropinone reductase,E1_1_1_206,,vv10220Urea_cycle_and_metabolism_of_amino_groups,
191,VIT_02s0025g02720,809,0.3888,Unknown protein,,,,
192,VIT_05s0062g01270,803,0.3872,Cyclo-DOPA 5-O-glucosyltransferase,CD5OGT,,vv10350Tyrosine_metabolism,
193,VIT_00s1682g00010,802,0.3869,Copper amine oxidase,E1_4_3_4,,vv10220Urea_cycle_and_metabolism_of_amino_groups,vv10340Histidine_metabolism
194,VIT_01s0011g02410,798,0.3866,Unknown,,,,
195,VIT_00s0288g00040,791,0.3825,TIR-NBS disease resistance,,,,
196,VIT_01s0127g00750,777,0.3768,Polyamine oxidase precursor,E1_5_3_11,,vv11000Single_reactions,
197,VIT_10s0071g01090,777,0.3763,LUG (LEUNIG),LEUNIG_8,,vv30009Flower_development,vv60041LUG
198,VIT_07s0191g00190,777,0.3750,GTP cyclohydrolase II/3 4-dihydroxy-2-butanone 4-phosphate synthase,E3_5_4_25,,vv10740Riboflavin_metabolism,
199,VIT_09s0018g02020,775,0.3749,Syntaxin 1B/2/3/4,K08486,,vv24130SNARE_interactions_in_vesicular_transport,vv50101Channels_and_pores
200,VIT_01s0137g00730,776,0.3742,Acetylcholinesterase,E3_1_1_7,,vv10564Glycerophospholipid_metabolism,
201,VIT_12s0059g01920,768,0.3734,Strubbelig-receptor family 3,,,,
202,VIT_14s0036g01320,769,0.3728,SOD Cu/Zn superoxide dismutase,K04565,,vv44146Peroxisome,
203,VIT_03s0038g02820,770,0.3711,Unknown protein,,,,
204,VIT_12s0028g03820,767,0.3711,No hit,,,,
205,VIT_14s0068g01830,768,0.3703,Unknown protein,,,,
206,VIT_08s0056g01200,758,0.3687,Wuschel related homeobox 12,WOX12,VvHB28,vv60034HB,
207,VIT_08s0007g02630,758,0.3685,Secoisolariciresinol dehydrogenase,SIRD,,vv10940Phenylpropanoid_biosynthesis,
208,VIT_09s0002g02170,762,0.3681,No hit,,,,
209,VIT_01s0137g00440,761,0.3673,Cellulase,E3_2_1_4,,vv40006Cell_wall,
210,VIT_10s0003g03360,752,0.3631,No hit,,,,
211,VIT_00s1927g00010,742,0.3595,Unknown,,,,
212,VIT_01s0011g06610,742,0.3593,Glutamate decarboxylase,E4_1_1_15,,vv10251Glutamate_metabolism,vv10252Alanine_and_aspartate_metabolism
213,VIT_15s0046g02080,740,0.3592,Unknown,,,,
214,VIT_05s0094g01220,745,0.3570,CYP706A6,,,,
215,VIT_17s0053g00740,738,0.3560,NAC domain containing protein 57,NAC057_1,VvNAC57,vv60046NAC,
216,VIT_18s0086g00500,727,0.3495,Alpha-expansin 6 precursor,EXPA6,,vv30003Auxin_signaling,
217,VIT_13s0019g02690,722,0.3491,Protease inhibitor/seed storage/lipid transfer protein (LTP),,,,
218,VIT_00s0125g00430,710,0.3455,Root hair defective 3 GTP-binding (RHD3),,,,
219,VIT_11s0052g01110,715,0.3426,4-coumarate-CoA ligase 1,E6_2_1_12,,vv10940Phenylpropanoid_biosynthesis,vv50104Group_translocators
220,VIT_19s0093g00390,706,0.3422,Glutathione S-transferase 25 GSTU25,E2_5_1_18_GSTU25,,vv10480Glutathione_metabolism,
221,VIT_13s0064g00980,701,0.3396,Telomerase reverse transcriptase (TERT),K00992,,,
222,VIT_01s0137g00390,704,0.3388,Unknown protein,,,,
223,VIT_03s0017g02190,693,0.3367,ZIP family transporter,ZIP1,,vv50121Porters_cat_1_to_6,
224,VIT_00s0192g00010,696,0.3366,No hit,,,,
225,VIT_06s0009g01400,689,0.3341,Unknown protein,,,,
226,VIT_01s0011g06470,681,0.3303,Galacturonic acid reductase,E1_1_1_203,,vv40006Cell_wall,
227,VIT_03s0088g00730,679,0.3285,Methionine sulfoxide reductase,E1_8_4_11,,vv10271Methionine_metabolism,
228,VIT_18s0001g06260,678,0.3258,R protein L6,K13477,,vv34627R_proteins_from_Plant-pathogen_interaction,
229,VIT_14s0066g00020<br>VIT_14s0066g00070<br>VIT_14s0066g00100<br>VIT_14s0066g00120,673,0.3251,
230,VIT_15s0021g01690,671,0.3249,Calcium-binding protein,,,,
231,VIT_06s0061g01010,662,0.3206,Prolylcarboxypeptidase,E3_4_16_2,,,
232,VIT_04s0008g06190,668,0.3204,Polyprotein,,,,
233,VIT_12s0028g00530,655,0.3189,Cytochrome B561,K08360,,vv50105Transport_electron_carriers,
234,VIT_17s0000g06310,657,0.3172,Cycling DOF factor 2,CDF2_3,,vv60015C2C2-DOF,
235,VIT_10s0003g02620,641,0.3130,AWPM19,AWPM19,,vv30001ABA_signaling,
236,VIT_10s0116g00530,648,0.3120,Thiazole biosynthetic enzyme  chloroplast (ARA6),E2_5_1_3,,vv10730Thiamine_metabolism,
237,VIT_16s0039g00300,643,0.3112,Unknown protein,,,,
238,VIT_13s0067g01840,642,0.3106,ferritin,E1_16_3_1,,vv10860Porphyrin_and_chlorophyll_metabolism,
239,VIT_03s0063g01260,640,0.3078,Nodulin 1A  Senescence-associated,,,,
240,VIT_12s0121g00390,634,0.3067,Diacylglycerol kinase,E2_7_1_107,,vv10561Glycerolipid_metabolism,vv10564Glycerophospholipid_metabolism
241,VIT_19s0015g01150,633,0.3059,Kinesin 4 motor protein,K10395,,vv44810Regulation_of_actin_cytoskeleton,
242,VIT_18s0001g14900,632,0.3055,La domain-containing protein,,,,
243,VIT_10s0003g05840,633,0.3054,Unknown protein,,,,
244,VIT_08s0007g04330,631,0.3053,CHUP1 (chloroplast unusual positioning 1),CHUP1,,vv44810Regulation_of_actin_cytoskeleton,
245,VIT_05s0102g00030,625,0.3038,Ankyrin repeat protein family,K10380,,vv50108Accessory_factors_involved_in_transport,
246,VIT_15s0046g01620,624,0.3023,Glycosyl transferase family 1 protein,,,,
247,VIT_12s0059g02590,625,0.3011,Receptor protein kinase RK20-1,,,,
248,VIT_09s0002g00320,620,0.3000,Pectinesterase PME3,E3_1_1_11,,vv40006Cell_wall,
249,VIT_18s0001g05160,621,0.2996,Glycosyl hydrolase family 3 protein,,,,
250,VIT_13s0147g00210,624,0.2993,Unknown protein,,,,
251,VIT_04s0008g02880,617,0.2975,Extracellular ligand-gated ion channel,EXLIGIONCH,,vv50109Incompletely_characterized_transport_systems,
252,VIT_13s0106g00040,614,0.2955,Ankyrin,K10380,,vv50108Accessory_factors_involved_in_transport,
253,VIT_14s0060g02630,609,0.2948,Unknown protein,,,,
254,VIT_00s0179g00030,612,0.2942,Ankyrin,K10380,,vv50108Accessory_factors_involved_in_transport,
255,VIT_04s0008g05580,603,0.2917,Unknown protein,,,,
256,VIT_07s0031g02620,603,0.2914,Aspartic proteinase Asp1 precursor,E3_4_23_x,,,
257,VIT_01s0011g05520,601,0.2908,Unknown protein,,,,
258,VIT_18s0089g00700,598,0.2893,CYP714A1,,,,
259,VIT_08s0007g01060,592,0.2856,Delta 1-pyrroline-5-carboxylate synthetase (P5CS),E1_5_1_2,,vv10330Arginine_and_proline_metabolism,
260,VIT_13s0156g00090,581,0.2797,Protease inhibitor/seed storage/lipid transfer protein (LTP),,,,
261,VIT_17s0053g00860,577,0.2790,Cyclic nucleotide-binding transporter 1,K05391_CNBT1,,vv34626Plant-pathogen_interaction,vv50101Channels_and_pores
262,VIT_06s0004g07650,571,0.2764,Taxadien-5-alpha-ol-O-acetyltransferase,E2_3_1_162,,vv10904Diterpenoid_biosynthesis,
263,VIT_08s0007g04150,569,0.2757,RKL1 (Receptor-like kinase 1),,,,
264,VIT_09s0002g08300,567,0.2751,R protein MLA10,K13475,,vv34627R_proteins_from_Plant-pathogen_interaction,
265,VIT_02s0012g01690,564,0.2741,No hit,,,,
266,VIT_01s0010g01830,557,0.2684,Regulator of nonsense transcripts 1,K14326,,vv23013RNA_transport,vv23015mRNA_surveillance_pathway
267,VIT_14s0219g00230,554,0.2682,Pectate lyase,E4_2_2_2,,vv40006Cell_wall,
268,VIT_17s0000g03550,552,0.2677,Basic helix-loop-helix (bHLH) family,BHLHDOM_37,,vv60011BHLH,
269,VIT_18s0001g15420,551,0.2648,Auxin efflux carrier protein 6,AUXEFF6,,vv50004Auxin_transport,vv50125Porters_cat_66_to_94
270,VIT_07s0005g01880,538,0.2612,Patatin,,,,
271,VIT_00s0291g00030,540,0.2611,Enhancer of shoot regeneration 1 ESR1,ESR1_1,VvERF067,vv30008Ethylene_signaling,vv60003AP2_EREBP
272,VIT_00s0288g00020,539,0.2593,Nematode resistance-like protein,,,,
273,VIT_17s0000g03300,533,0.2561,Unknown protein,,,,
274,VIT_03s0063g00040,529,0.2551,Abscisic acid-specific glucosyltransferase,AOG,,vv10906Carotenoid_biosynthesis,vv11013ABA_biosynthesis
275,VIT_11s0016g05810,530,0.2544,Potassium channel SKOR,SKOR,,vv50101Channels_and_pores,
276,VIT_07s0005g02020,525,0.2541,Sulfate adenylyltransferase,E2_7_7_4,,vv10230Purine_metabolism,vv10450Selenoamino_acid_metabolism
277,VIT_06s0004g03760,517,0.2494,Laccase,E1_10_3_2,,vv11000Single_reactions,vv50109Incompletely_characterized_transport_systems
278,VIT_13s0084g00250,509,0.2466,Steroid sulfotransferase,E2_8_2_15,,vv11000Single_reactions,
279,VIT_09s0002g03490,505,0.2466,DNA repair/transcription protein Mms19,,,,
280,VIT_19s0177g00190,502,0.2436,No hit,,,,
281,VIT_19s0027g00360,501,0.2420,CYP716A2,,,,
282,VIT_15s0021g02760,492,0.2376,Unknown,,,,
283,VIT_19s0014g03840,489,0.2360,Unknown protein,,,,
284,VIT_12s0034g00060,488,0.2347,UDP-glucose glucosyltransferase,E2_4_1_35,,vv10500Starch_and_sucrose_metabolism,
285,VIT_09s0002g04150,486,0.2346,Isochorismatase protein rutB,E3_3_2_1,,vv10130Ubiquinone_biosynthesis,
286,VIT_00s0131g00170,485,0.2342,Annexin ANN4,ANN4,,vv50101Channels_and_pores,
287,VIT_10s0003g01040,485,0.2341,Lipase class 3,,,,
288,VIT_10s0003g05170,481,0.2334,Wall-associated kinase 3 (WAK3),,,,
289,VIT_02s0025g03790,480,0.2309,ATP-dependent RNA helicase DDX6/DHH1,K12614,,vv23018RNA_degradation,vv50133Primary_active_transporter_cat_A9_to_A18
290,VIT_05s0051g00310,476,0.2295,Glutathione S-transferase 9 GSTU9,E2_5_1_18_GSTU9,,vv10480Glutathione_metabolism,
291,VIT_06s0009g02210,475,0.2295,No hit,,,,
292,VIT_10s0042g01150,478,0.2294,ARGONAUTE 2 (AGO2),,,,
293,VIT_14s0066g00770,477,0.2292,No hit,,,,
294,VIT_07s0005g02670,472,0.2288,3-N-debenzoyl-2-deoxytaxol N-benzoyltransferase,DBTNBT,,vv10904Diterpenoid_biosynthesis,
295,VIT_19s0027g00820,473,0.2287,Unknown,,,,
296,VIT_02s0033g00590,474,0.2287,BRXL1 (Brevis radix like 1),,,,
297,VIT_13s0320g00070,470,0.2273,Myosin-like protein XIF,MYOSINXIF,,vv44810Regulation_of_actin_cytoskeleton,
298,VIT_14s0068g00490,458,0.2223,UDP-glucuronosyl/UDP-glucosyltransferase,E2_4_1_17,,vv10040Pentose_glucuronate_interconversion,vv10500Starch_and_sucrose_metabolism
299,VIT_12s0057g00810,462,0.2223,Serine-threonine protein kinase,,,,
300,VIT_06s0004g06720,461,0.2222,Microsomal omega-3 fatty acid desaturase,K10257,,vv11040Biosynthesis_of_unsaturated_fatty_acids,
301,VIT_03s0063g00020,459,0.2221,LRX2 (leucine-rich repeat/extensin 2),EXTENSIN,,vv40006Cell_wall,
302,VIT_19s0015g01030,452,0.2202,No hit,,,,
303,VIT_17s0000g09780,452,0.2198,Methionine sulfoxide reductase A,E1_8_4_11,,vv10271Methionine_metabolism,
304,VIT_09s0054g01590,453,0.2194,Membrane related protein CP5,,,,
305,VIT_00s0184g00200,451,0.2180,No hit,,,,
306,VIT_09s0002g07480,449,0.2169,CwfJ,,,,
307,VIT_07s0151g00030,448,0.2165,Ankyrin,K10380,,vv50108Accessory_factors_involved_in_transport,
308,VIT_00s0160g00090,448,0.2158,TIR-NBS-LRR-TIR disease resistance protein,,,,
309,VIT_00s0203g00110,445,0.2147,Jumonji (jmjC),JMJD1C_1,,vv60038Jumonji,
310,VIT_05s0020g00620,444,0.2146,Kinesin phragmoplast orienting kinesin 1,POK1,,vv44810Regulation_of_actin_cytoskeleton,
311,VIT_03s0017g02170,442,0.2138,Zinc transporter ZIP5,ZIP5,,vv50121Porters_cat_1_to_6,
312,VIT_15s0024g01760,436,0.2112,R protein L6,K13477,,vv34627R_proteins_from_Plant-pathogen_interaction,
313,VIT_16s0013g00050,437,0.2111,Unknown,,,,
314,VIT_15s0046g02250,427,0.2069,Angustifolia,,,,
315,VIT_00s0527g00030,424,0.2062,Arabinogalactan protein AGP31,AGP31,,vv40006Cell_wall,
316,VIT_18s0001g09020,419,0.2040,Exo70 exocyst complex subunit G1,EXO70G1,,vv50111Tethering_factors,
317,VIT_08s0007g00600,415,0.2018,Laccase-17 precursor,E1_10_3_2,,vv11000Single_reactions,vv50109Incompletely_characterized_transport_systems
318,VIT_13s0019g05140,416,0.2008,No hit,,,,
319,VIT_14s0030g00850,409,0.1987,No hit,,,,
320,VIT_10s0003g04540,409,0.1980,Cationic amino acid transporter 1,AAT1,,vv50121Porters_cat_1_to_6,
321,VIT_00s0805g00020,408,0.1978,CDKC;1; CDKC;1 (CYCLIN-dependent kinase C;1),CDKC1,,vv44110Cell_cycle,
322,VIT_18s0072g00510,411,0.1975,No hit,,,,
323,VIT_09s0002g08710,409,0.1970,Ankyrin repeat,K10380,,vv50108Accessory_factors_involved_in_transport,
324,VIT_07s0095g00220<br>VIT_00s0279g00010<br>VIT_02s0012g03180,402,0.1935,
325,VIT_06s0004g06670,397,0.1925,Phosphoinositide-specific phospholipase C,E3_1_4_11,,vv10562Inositol_phosphate_metabolism,vv30001ABA_signaling
326,VIT_13s0074g00130,399,0.1922,R protein MLA10,K13475,,vv34627R_proteins_from_Plant-pathogen_interaction,
327,VIT_17s0000g05720,392,0.1905,No hit,,,,
328,VIT_08s0007g03480,391,0.1890,No hit,,,,
329,VIT_08s0056g00540,391,0.1883,No hit,,,,
330,VIT_15s0045g00640,391,0.1875,R protein  PRF  disease resistance protein,K13453,,vv34627R_proteins_from_Plant-pathogen_interaction,
331,VIT_00s0868g00030<br>VIT_00s0865g00020,388,0.1872,
332,VIT_13s0084g00220,382,0.1857,Unknown protein,,,,
333,VIT_17s0000g07150,382,0.1843,Dentin sialophosphoprotein,,,,
334,VIT_04s0008g07010,371,0.1797,Dynamin-like protein 2b,E3_6_5_5,,vv50109Incompletely_characterized_transport_systems,vv50110Protein_coat
335,VIT_15s0045g00130,370,0.1793,No hit,,,,
336,VIT_01s0010g02010,369,0.1790,Anionic peroxidase,E1_11_1_7,,vv10360Phenylalanine_metabolism,vv10680Methane_metabolism
337,VIT_13s0175g00050,370,0.1789,Heat shock protein-related,,,,
338,VIT_06s0004g03780,361,0.1758,Wuschel-related homeobox 3 pressed flower,WOX3,VvHB24,vv60034HB,
339,VIT_04s0069g01130,361,0.1743,No hit,,,,
340,VIT_18s0089g00670,357,0.1730,No hit,,,,
341,VIT_08s0032g00100,355,0.1724,Heat shock  HSP20 family protein,K13993,,vv24141Protein_processing_in_endoplasmic_reticulum,
342,VIT_18s0072g00530,355,0.1717,No hit,,,,
343,VIT_17s0053g00950,348,0.1687,Cyclic nucleotide-binding transporter 1,K05391_CNBT1,,vv34626Plant-pathogen_interaction,vv50101Channels_and_pores
344,VIT_13s0147g00140,349,0.1683,RNase H,E3_1_26_4,,,
345,VIT_00s1365g00010,343,0.1669,fimbrin 1,FIMBRIN1,,vv44810Regulation_of_actin_cytoskeleton,
346,VIT_09s0002g01690,344,0.1667,Unknown protein,,,,
347,VIT_00s0131g00140,338,0.1642,Annexin ANN3,ANN3,,vv50101Channels_and_pores,
348,VIT_17s0000g05380,338,0.1635,Dynein light chain LC8-type,K10418,,vv44810Regulation_of_actin_cytoskeleton,
349,VIT_03s0017g00700,338,0.1630,Oxidoreductase  2OG-Fe(II) oxygenase,,,,
350,VIT_06s0004g02260,335,0.1616,No hit,,,,
351,VIT_06s0004g04050,331,0.1613,Laccase,E1_10_3_2,,vv11000Single_reactions,vv50109Incompletely_characterized_transport_systems
352,VIT_07s0005g01800,333,0.1599,Agenet domain-containing protein,,,,
353,VIT_16s0098g01910,329,0.1596,Germin-like protein subfamily 3 member 4,,,,
354,VIT_08s0058g01250,332,0.1594,Unknown protein,,,,
355,VIT_11s0016g02340,329,0.1593,Cytidine deaminase,E3_5_4_5,,vv10240Pyrimidine_metabolism,
356,VIT_04s0069g00940,325,0.1582,Laccase (diphenol oxidase)-like protein,E1_10_3_2,,vv11000Single_reactions,vv50109Incompletely_characterized_transport_systems
357,VIT_17s0000g06510,327,0.1578,Exonuclease,E3_1_13_1,,,
358,VIT_05s0049g00920,322,0.1565,Inorganic phosphate transporter 1-4,PHT1_4,,vv50121Porters_cat_1_to_6,
359,VIT_07s0005g04110,321,0.1559,Cellulose synthase CESA4,E2_4_1_12_CESA4,,vv40006Cell_wall,
360,VIT_00s0131g00200,318,0.1543,Hcr2-0B,,,,
361,VIT_10s0116g01250,318,0.1535,BGAL10 (beta-galactosidase 10),,,,
362,VIT_07s0095g00100,315,0.1523,CC-NBS-LRR class,,,,
363,VIT_13s0106g00030,316,0.1522,Ankyrin repeat,,,,
364,VIT_18s0001g11040,314,0.1518,Heme oxygenase 2,E1_14_99_3,,vv10860Porphyrin_and_chlorophyll_metabolism,
365,VIT_12s0121g00290,315,0.1514,Diacylglycerol kinase,E2_7_1_107,,vv10561Glycerolipid_metabolism,vv10564Glycerophospholipid_metabolism
366,VIT_16s0022g01580,310,0.1509,3-ketoacyl-CoA synthase,,,,
367,VIT_10s0042g00260,312,0.1505,CYP708A1,,,,
368,VIT_14s0068g01730,308,0.1494,ABCNAP14,K02006,,vv52010ABC_transporters,
369,VIT_03s0097g00400,309,0.1491,No hit,,,,
370,VIT_02s0025g03060,303,0.1467,Unknown protein,,,,
371,VIT_06s0080g01100,287,0.1388,Unknown protein,,,,
372,VIT_00s0163g00010,287,0.1382,No hit,,,,
373,VIT_05s0094g00270,284,0.1379,Chitinase  class IV [Vitis vinifera],E3_2_1_14,,vv10530Aminosugars_metabolism,
374,VIT_18s0001g08370,284,0.1371,Glycosyl hydrolase family 10 protein,,,,
375,VIT_04s0008g04130,280,0.1362,RD22 [Vitis vinifera],,,,
376,VIT_09s0002g04230,280,0.1357,Unknown,,,,
377,VIT_15s0048g00700,281,0.1350,Unknown protein,,,,
378,VIT_06s0004g06460,276,0.1341,CYP71E,,,,
379,VIT_05s0020g01680,276,0.1329,No hit,,,,
380,VIT_09s0054g00850,277,0.1327,Lipase GDSL,,,,
381,VIT_03s0097g00160,273,0.1318,MADS-box agamous-like 21,AGL21_1,,vv60042MADS,
382,VIT_05s0020g01540,272,0.1318,Protein arginine N-methyltransferase,K00599,,vv10340Histidine_metabolism,vv10350Tyrosine_metabolism
383,VIT_01s0010g00610,273,0.1316,DNA glycosylase,,,,
384,VIT_12s0028g00400,271,0.1310,1 3-beta-glucan synthase,E2_4_1_34,,vv10500Starch_and_sucrose_metabolism,
385,VIT_18s0001g08930,269,0.1298,Nucleobase-ascorbate transporter 7 (NAT7),NAT7,,vv50124Porters_cat_30_to_64,
386,VIT_11s0103g00470,268,0.1295,Unknown,,,,
387,VIT_19s0027g00080,266,0.1290,Kinesin motor protein,KMOTOR,,vv44810Regulation_of_actin_cytoskeleton,
388,VIT_16s0050g00220,263,0.1268,Cofilin,K05765,,vv44810Regulation_of_actin_cytoskeleton,
389,VIT_09s0070g00460,262,0.1264,No hit,,,,
390,VIT_00s0346g00100<br>VIT_00s0371g00040<br>VIT_00s0346g00120<br>VIT_00s0371g00060<br>VIT_00s0371g00010,261,0.1263,
391,VIT_12s0028g04040,260,0.1262,Ankyrin repeat,K10380,,vv50108Accessory_factors_involved_in_transport,
392,VIT_01s0011g06450,258,0.1239,Deoxymugineic acid synthase,DMAS,,vv10271Methionine_metabolism,
393,VIT_13s0158g00420,241,0.1177,No hit,,,,
394,VIT_18s0001g12800,242,0.1174,Dihydroflavonol 4-reductase,E1_1_1_219,,vv10941Flavonoid_biosynthesis,
395,VIT_14s0083g00350,244,0.1171,Beta-glucan-binding protein 5,E3_2_1_23,,vv10052Galactose_metabolism,vv10511N-Glycan_degradation
396,VIT_10s0092g00580,241,0.1161,No hit,,,,
397,VIT_12s0059g02730,238,0.1155,Unknown protein,,,,
398,VIT_13s0139g00220,233,0.1132,R protein MLA10,K13475,,vv34627R_proteins_from_Plant-pathogen_interaction,
399,VIT_05s0094g01030,234,0.1131,UDP-glucose:salicylic acid glucosyltransferase,E2_4_1_35,,vv10500Starch_and_sucrose_metabolism,
400,VIT_14s0108g01090,232,0.1117,No hit,,,,
401,VIT_00s0160g00130,230,0.1113,No hit,,,,
402,VIT_00s0220g00060,230,0.1112,Pentatricopeptide (PPR) repeat-containing protein,,,,
403,VIT_13s0019g00170,227,0.1100,Unknown,,,,
404,VIT_08s0040g01420,227,0.1100,Bromodomain associated,,,,
405,VIT_06s0004g03770,217,0.1046,Embryo-specific protein,,,,
406,VIT_09s0002g06240,214,0.1035,RPS5 (resistant to p. syringae 5),K13460,,vv34627R_proteins_from_Plant-pathogen_interaction,
407,VIT_06s0080g00350,212,0.1028,Myo-inositol-1-phosphate synthase,E5_5_1_4,,vv10562Inositol_phosphate_metabolism,
408,VIT_16s0115g00440,213,0.1028,NADP-dependent malic enzyme,E1_1_1_39,,vv10620Pyruvate_metabolism,vv10710Carbon_fixation
409,VIT_03s0063g00740,208,0.1008,Carboxylesterase CXE,E3_1_1_1,,,
410,VIT_10s0003g01790,210,0.1006,BES1/BZR1 homolog protein 4,BES1_1,,vv30005Brassinosteroids_signaling,vv60010BES1
411,VIT_00s0611g00010,205,0.0997,Splicing factor U2AF 65 kDa subunit,K12837,,vv23040Spliceosome,
412,VIT_19s0014g05150,204,0.0977,RPS2 (resistant to p. syringae 2),K13459,,vv34626Plant-pathogen_interaction,
413,VIT_07s0151g00020,200,0.0969,Ankyrin,K10380,,,
414,VIT_01s0010g00820,199,0.0968,2-oxoglutarate decarboxylase,E4_1_1_71,,vv10251Glutamate_metabolism,
415,VIT_07s0031g01730,200,0.0963,Iron-sulfur assembly protein IscA  chloroplast precursor,,,,
416,VIT_19s0015g02260<br>VIT_19s0015g02300<br>VIT_19s0015g02150<br>VIT_19s0015g02440,199,0.0960,
417,VIT_06s0004g05370,196,0.0950,Tropinone reductase,E1_1_1_206,,vv10220Urea_cycle_and_metabolism_of_amino_groups,
418,VIT_12s0142g00280,196,0.0949,Cell division cyle protein 45,K06628,,vv44110Cell_cycle,
419,VIT_00s0901g00010,191,0.0928,Ankyrin repeat protein,,,,
420,VIT_06s0009g00530,192,0.0924,ABC transporter G member 7,ABCG7,,vv52010ABC_transporters,
421,VIT_07s0104g00880,181,0.0875,Arabidopsis histidine phosphotransfer AHP1,AHP1,,vv30007Cytokinin_signaling,
422,VIT_00s1235g00010,177,0.0855,Unknown protein,,,,
423,VIT_08s0058g00480,177,0.0852,Unknown protein,,,,
424,VIT_11s0037g01370,175,0.0843,Ankyrin,K10380,,,
425,VIT_14s0060g02080,174,0.0828,Lipase GDSL,,,,
426,VIT_01s0010g02590,168,0.0814,ATP-dependent DNA helicase RecQ,K10901,,vv23440Homologous_recombination,vv50122Porters_cat_7_to_17
427,VIT_02s0025g00280,167,0.0806,Heat shock protein 90-1,K04079,,vv24141Protein_processing_in_endoplasmic_reticulum,vv34626Plant-pathogen_interaction
428,VIT_03s0017g01950,167,0.0802,Pectinesterase family,E3_1_1_11,,vv40006Cell_wall,
429,VIT_01s0026g01240,166,0.0800,Beta-1 3 galactosyltransferase 5,K03877,,vv10602Glycosphingolipid_biosynthesis,
430,VIT_15s0046g03050,165,0.0792,DTA2 (downstream target of AGL15 2),,,,
431,VIT_18s0001g10680,163,0.0788,Lipin  N-terminal conserved region family protein  expressed,,,,
432,VIT_12s0035g02220,163,0.0782,No hit,,,,
433,VIT_00s0131g00420,161,0.0778,Isoamylase isoform 3,E2_4_1_18,,vv10500Starch_and_sucrose_metabolism,
434,VIT_16s0022g02430,161,0.0777,Carboxyesterase 20 CXE20,E3_1_1_1,,,
435,VIT_05s0077g00680,160,0.0770,No hit,,,,
436,VIT_00s0288g00070<br>VIT_18s0001g03530,158,0.0765,
437,VIT_03s0017g00460,158,0.0760,Magnesium-dependent phosphatase 1,,,,
438,VIT_04s0008g05460,157,0.0755,Unknown protein,,,,
439,VIT_02s0087g00500,156,0.0755,MAP kinase 9,,,,
440,VIT_17s0000g07250,153,0.0741,Accumulation of photosystem one 3 (APO3),,,,
441,VIT_04s0008g06080,149,0.0719,Unknown protein,,,,
442,VIT_12s0034g01230,143,0.0689,Thaumatin ATLP-1,,,,
443,VIT_10s0003g04250,143,0.0689,Glutathione S-transferase GSTU22,E2_5_1_18_GSTU22,,vv10480Glutathione_metabolism,
444,VIT_15s0048g02400,141,0.0681,Serine/threonine-protein kinase,,,,
445,VIT_11s0037g01350,141,0.0679,Ankyrin,K10380,,,
446,VIT_13s0064g01270,139,0.0676,TRNA/rRNA methyltransferase (SpoU),K02533,,,
447,VIT_12s0059g02270,140,0.0674,Glutamate receptor protein GLR3.4b,GLR3_4,,vv50101Channels_and_pores,
448,VIT_18s0041g01340,138,0.0673,R protein L6,K13477,,vv34627R_proteins_from_Plant-pathogen_interaction,
449,VIT_04s0043g00360,139,0.0672,Unknown protein,,,,
450,VIT_16s0022g02070,139,0.0672,Unknown protein,,,,
451,VIT_14s0066g02130,138,0.0669,Thaumatin,,,,
452,VIT_14s0171g00050,138,0.0664,Cf-2 gene,K13466,,vv34626Plant-pathogen_interaction,
453,VIT_07s0104g00620,131,0.0633,Lipase GDSL,,,,
454,VIT_17s0000g05470,130,0.0632,Nodulin,,,,
455,VIT_06s0061g01280,130,0.0626,Protein serine/threonine kinase,,,,
456,VIT_02s0025g02460,130,0.0626,Unknown protein,,,,
457,VIT_08s0058g00770,129,0.0625,WAVE3,WAVE3,,vv44810Regulation_of_actin_cytoskeleton,
458,VIT_07s0005g02290,130,0.0625,Unknown protein,,,,
459,VIT_13s0019g00440,129,0.0623,Auxin-regulated protein,AUXREG,,vv30003Auxin_signaling,
460,VIT_00s1677g00010,129,0.0621,Peroxidase 64,E1_11_1_7,,vv10360Phenylalanine_metabolism,vv10680Methane_metabolism
461,VIT_09s0070g00350,125,0.0606,R protein disease resistance protein,RPROT,,vv34627R_proteins_from_Plant-pathogen_interaction,
462,VIT_07s0031g02500,125,0.0602,RNA polymerase II transcriptional coactivator KIWI,KIWI_1,,vv60081COAP15,
463,VIT_13s0019g04340,123,0.0594,ATP binding protein,,,,
464,VIT_07s0130g00480,123,0.0593,Unknown protein,,,,
465,VIT_15s0046g00040,123,0.0593,Calcium-transporting ATPase 2  endoplasmic reticulum-type ECA2,K01537,,vv34020Calcium_signaling_pathway,vv50131Primary_active_transporter_cat_A2_to_A4
466,VIT_04s0023g00650,122,0.0593,Protein arginine N-methyltransferase 5,K02516,,vv23013RNA_transport,
467,VIT_18s0122g00790,121,0.0583,Cysteine endopeptidase  papain-type (XCP1),E3_4_22_2,,,
468,VIT_12s0034g02040,119,0.0576,R protein disease resistance protein,RPROT,,vv34627R_proteins_from_Plant-pathogen_interaction,
469,VIT_06s0004g03050,119,0.0571,fasciclin arabinogalactan-protein (FLA11),FLA11,,vv40006Cell_wall,
470,VIT_10s0003g03440,112,0.0541,No hit,,,,
471,VIT_07s0005g01890,111,0.0538,Patatin,,,,
472,VIT_07s0141g00560,111,0.0536,No hit,,,,
473,VIT_17s0000g08490,110,0.0535,Exosome complex component RRP40,K03681,,vv23018RNA_degradation,
474,VIT_09s0018g02010,110,0.0534,EXO70-G1 protein,EXO70G1,,vv50111Tethering_factors,
475,VIT_04s0079g00240,109,0.0531,Leucine Rich Repeat receptor-like kinase,,,,
476,VIT_14s0081g00550,109,0.0531,Metal ion binding,,,,
477,VIT_07s0005g01860,110,0.0530,Patatin,,,,
478,VIT_17s0053g00730,109,0.0528,Calcium-dependent protein kinase / CDPK,,,,
479,VIT_03s0088g00460,107,0.0518,Angustifolia,,,,
480,VIT_03s0097g00490,106,0.0512,Unknown protein,,,,
481,VIT_14s0066g01390,103,0.0500,Metal-dependent phosphohydrolase HD domain-containing protein,K07023,,,
482,VIT_00s0929g00010,103,0.0498,AP2-like AIL6 (AINTEGUMENTA-like 6),AIL6_4,,vv30008Ethylene_signaling,vv60003AP2_EREBP
483,VIT_03s0091g00710,103,0.0497,Mitotic checkpoint protein BUB3,K02180,,vv44110Cell_cycle,vv50109Incompletely_characterized_transport_systems
484,VIT_13s0019g02020,101,0.0490,Thaumatin,,,,
485,VIT_01s0127g00760,99,0.0481,Polyamine Oxidase,E1_5_3_11,,vv11000Single_reactions,
486,VIT_13s0019g00920,99,0.0479,Unknown,,,,
487,VIT_00s0477g00020,99,0.0477,No hit,,,,
488,VIT_13s0074g00760,98,0.0472,Calmodulin-binding,,,,
489,VIT_06s0004g06950,97,0.0467,N-acetyltransferase hookless1 HLS1,HLS1_3,,vv30008Ethylene_signaling,vv50004Auxin_transport
490,VIT_19s0090g00970,96,0.0464,Chromosome associate protein subunit H,,,,
491,VIT_11s0016g02500,94,0.0454,Pentatricopeptide (PPR) repeat-containing protein,,,,
492,VIT_18s0001g11670,93,0.0451,Ras GTP-binding protein (RAN2),K07936,,vv23008Ribosome_biogenesis_in_Eukaryotes,vv23013RNA_transport
493,VIT_03s0063g02210,92,0.0446,Unknown protein,,,,
494,VIT_04s0043g00140,92,0.0443,Cadmium-induced protein AS8,,,,
495,VIT_05s0020g01890,91,0.0441,CRK1 protein,,,,
496,VIT_07s0130g00150,91,0.0440,Thioesterase family,,,,
497,VIT_08s0056g00550,90,0.0437,ZIP family transporter,ZIPFT,,vv50121Porters_cat_1_to_6,
498,VIT_02s0033g00050,89,0.0434,Scarecrow transcription factor 3 (SCL3),SCL3_2,,vv60032GRAS,
499,VIT_07s0129g00460,90,0.0434,Prolyl 4-hydroxylase,E1_14_11_2,,vv10330Arginine_and_proline_metabolismis,
500,VIT_07s0129g00010,90,0.0433,Unknown protein,,,,
501,VIT_18s0072g01260,88,0.0427,No hit,,,,
502,VIT_14s0030g00540,88,0.0425,Copine BON3 (BONZAI 3),BON3,,,
503,VIT_08s0007g06140,88,0.0424,Anthranilate phosphoribosyltransferase,E2_4_2_18,,vv10400Phenylalanine_tyrosine_and_tryptophan_biosynthesis,
504,VIT_16s0039g02850,87,0.0420,Unknown,,,,
505,VIT_07s0129g00800,87,0.0419,CYP81E1 Isoflavone 2'-hydroxylase,E1_14_13_89,,vv10943Isoflavonoid_biosynthesis,
506,VIT_06s0080g01030,86,0.0418,No hit,,,,
507,VIT_12s0028g01690,86,0.0416,WRKY DNA-binding protein 65,WRKY65_2,,vv60066WRKY,
508,VIT_13s0064g00950,85,0.0411,Unknown protein,,,,
509,VIT_17s0000g00030,85,0.0411,Substrate carrier family mitochondrial,K03454,,vv50123Porters_cat_18_to_29,
510,VIT_10s0003g03430,84,0.0405,No hit,,,,
511,VIT_10s0003g03420,84,0.0403,No hit,,,,
512,VIT_19s0090g00500,84,0.0403,Unknown protein,,,,
513,VIT_01s0011g00220,83,0.0398,WRKY DNA-binding protein 3,WRKY3,VvWRKY58,vv60066WRKY,
514,VIT_17s0000g05730,82,0.0397,No hit,,,,
515,VIT_03s0088g00210,82,0.0396,STT3B (staurosporin and temperature sensitive 3-like B),K07151,,vv10510N-Glycan_biosynthesis,vv24141Protein_processing_in_endoplasmic_reticulum
516,VIT_06s0004g03420,82,0.0395,Dof zinc finger protein DOF5.3,DOF5_3_2,,vv60015C2C2-DOF,
517,VIT_08s0007g04540,82,0.0394,Oxidoreductase  2OG-Fe(II) oxygenase,,,,
518,VIT_00s0262g00080,81,0.0390,Receptor kinase RK20-1,,,,
519,VIT_07s0031g01510,79,0.0382,Unknown protein,,,,
520,VIT_16s0013g01160,78,0.0379,Receptor kinase homolog LRK10,,,,
521,VIT_06s0004g06430,78,0.0375,Receptor ser/thr protein kinase,,,,
522,VIT_11s0103g00370,77,0.0372,Cd2+-exporting ATPase HMA2 (Heavy metal ATPase 2),K01532,,vv50131Primary_active_transporter_cat_A2_to_A4,
523,VIT_03s0017g01550,77,0.0372,CRK10 (cysteine-rich RLK10),,,,
524,VIT_18s0075g00490,76,0.0368,Unknown,,,,
525,VIT_13s0067g02400,76,0.0368,Myosin heavy chain,K10352,,vv44810Regulation_of_actin_cytoskeleton,
526,VIT_12s0028g03930,75,0.0364,Retrotransposon protein  Unclassified,,,,
527,VIT_04s0023g03220,75,0.0362,Myosin-related,MYOSINR,,vv44810Regulation_of_actin_cytoskeleton,
528,VIT_17s0000g08640,73,0.0355,Unknown protein,,,,
529,VIT_10s0116g00930,73,0.0355,Root hair defective 3 GTP-binding (RHD3),,,,
530,VIT_00s0400g00040,73,0.0352,Dynamin-2A,E3_6_5_5,,,
531,VIT_13s0139g00420<br>VIT_13s0139g00460<br>VIT_00s0131g00310<br>VIT_00s0131g00180,72,0.0349,
532,VIT_00s0240g00010,71,0.0344,Glutathione S-transferase 23 GSTU23,E2_5_1_18_GSTU23,,vv10480Glutathione_metabolism,
533,VIT_15s0107g00150,70,0.0339,Glutathione S-transferase 8 GSTU8,E2_5_1_18_GSTU8,,vv10480Glutathione_metabolism,
534,VIT_03s0017g02280,69,0.0334,Myb family,MYBGE_22,,vv60029G2-like,
535,VIT_13s0067g00830,69,0.0334,R protein  PRF  disease resistance protein,K13453,,vv34627R_proteins_from_Plant-pathogen_interaction,
536,VIT_11s0016g03470,68,0.0330,Unknown protein,,,,
537,VIT_04s0023g00400,68,0.0327,RIC4 (ROP-Interactive crib motif-containing protein 4),RIC4,,vv44810Regulation_of_actin_cytoskeleton,
538,VIT_11s0016g00770,67,0.0325,Actin beta/gamma 1,K05692,,vv44810Regulation_of_actin_cytoskeleton,
539,VIT_02s0154g00510,67,0.0324,SEC14 cytosolic factor,SEC14,,vv50122Porters_cat_7_to_17,
540,VIT_00s0125g00150,67,0.0322,SHR5-receptor-like kinase,,,,
541,VIT_04s0023g02870,66,0.0321,Disease resistance protein Hcr2-5D,,,,
542,VIT_19s0014g03320,66,0.0321,Peroxisomal membrane protein,,,,
543,VIT_11s0103g00140,64,0.0312,Potassium-sodium symporter HKT1,HKT1,,vv50124Porters_cat_30_to_64,
544,VIT_03s0088g01140,63,0.0305,Squalene monooxygenase 2,E1_14_99_7,,vv10100Biosynthesis_of_steroids,vv10900Terpenoid_biosynthesis
545,VIT_18s0001g04510,63,0.0305,(+)-delta-cadinene synthase isozyme XC1,E4_2_3_13,,vv10900Terpenoid_biosynthesis,
546,VIT_14s0030g00600<br>VIT_14s0030g00500,62,0.0300,
547,VIT_07s0005g03120,62,0.0299,Zinc finger (C3HC4-type ring finger),ZFC3HC4_205,,vv60078Other_zf-C3HC4,
548,VIT_13s0019g01410,62,0.0299,OBP3 (OBF-binding protein 3),OBP3_3,,vv30011Jasmonate_signaling,vv60015C2C2-DOF
549,VIT_10s0116g00780,62,0.0298,Dalcochinin 8'-O-beta-glucoside beta-glucosidase,,,,
550,VIT_13s0073g00150,61,0.0297,Heat shock protein-related,,,,
551,VIT_15s0046g00420,61,0.0295,EMB1703,,,,
552,VIT_10s0116g01630,61,0.0294,Endonuclease/exonuclease/phosphatase family,,,,
553,VIT_16s0013g02060,60,0.0290,No hit,,,,
554,VIT_13s0158g00380,59,0.0285,BZIP transcription factor bZIP121,BZIP121,VvbZIP36,vv60012BZIP,
555,VIT_06s0004g00330,59,0.0285,Hcr2-p4.1,,,,
556,VIT_14s0036g00260,57,0.0275,Cc-nbs-lrr resistance protein,,,,
557,VIT_04s0023g02760,56,0.0272,Protein kinase,,,,
558,VIT_13s0019g00180,56,0.0271,Unknown,,,,
559,VIT_13s0067g00020,56,0.0271,Tetratricopeptide repeat (TPR)-containing SET domain protein,SETTRP_3,,vv60056SET_PCG,
560,VIT_18s0041g01410,54,0.0262,R protein L6,K13477,,vv34627R_proteins_from_Plant-pathogen_interaction,
561,VIT_15s0046g02360,54,0.0261,Unknown,,,,
562,VIT_08s0007g02260,54,0.0261,Carboxylic ester hydrolase,E3_1_1_1,,,
563,VIT_14s0006g01680,54,0.0259,CYP96A10,,,,
564,VIT_08s0040g02590,53,0.0257,Kinesin motor protein,KMOTOR,,vv44810Regulation_of_actin_cytoskeleton,
565,VIT_09s0002g03720,53,0.0256,Unknown protein,,,,
566,VIT_12s0028g03710,52,0.0253,No hit,,,,
567,VIT_12s0055g00560,52,0.0252,RPS2 (resistant to p. syringae 2),,,,
568,VIT_17s0000g00710,52,0.0251,DNA-binding protein,,,,
569,VIT_01s0137g00400,51,0.0247,Unknown protein,,,,
570,VIT_12s0034g01330,51,0.0245,Unknown protein,,,,
571,VIT_11s0016g03240,50,0.0243,Avr9/Cf-9 rapidly elicited protein 146,,,,
572,VIT_00s0601g00040,50,0.0243,Unknown protein,,,,
573,VIT_00s0131g00260,50,0.0242,Annexin ANN4,ANN4,,vv50101Channels_and_pores,
574,VIT_05s0051g00700,50,0.0241,No hit,,,,
575,VIT_10s0116g01000,50,0.0241,Alanine racemase,E5_1_1_1,,vv10252Alanine_and_aspartate_metabolism,
576,VIT_14s0083g00070,49,0.0236,Acclimation of photosynthesis to environment,,,,
577,VIT_18s0117g00170,48,0.0232,No hit,,,,
578,VIT_12s0028g02360,47,0.0228,ABC transporter G member 14,ABCG14,,vv52010ABC_transporters,
579,VIT_00s0220g00020,47,0.0228,Pentatricopeptide (PPR) repeat-containing protein,,,,
580,VIT_05s0049g01120<br>VIT_05s0049g01090,46,0.0225,
581,VIT_11s0052g00390,46,0.0223,Leucine-rich repeat,,,,
582,VIT_15s0021g00160,45,0.0218,No hit,,,,
583,VIT_12s0142g00350,45,0.0217,Membrane protein ycf1,,,,
584,VIT_12s0059g02130,43,0.0209,F-box family protein,,,,
585,VIT_02s0025g03500,43,0.0209,Unknown protein,,,,
586,VIT_06s0004g02400,43,0.0209,Unknown protein,,,,
587,VIT_04s0008g03730,43,0.0208,4-amino-4-deoxychorismate lyase,E4_1_3_38,,vv10790Folate_biosynthesis,
588,VIT_05s0124g00070,43,0.0207,No hit,,,,
589,VIT_11s0052g00340,42,0.0203,Protein kinase Xa21,,,,
590,VIT_06s0009g00900,42,0.0202,Unknown protein,,,,
591,VIT_15s0048g02580,39,0.0189,Pyruvate dehydrogenase E1 component alpha subunit,E1_2_4_1,,vv10010Glycolysis,vv10252Alanine_and_aspartate_metabolism
592,VIT_13s0019g02490,39,0.0189,Subtilisin protease C1,,,,
593,VIT_09s0002g04480,39,0.0186,Kinesin family member 2/24,K10393,,vv44810Regulation_of_actin_cytoskeleton,
594,VIT_17s0000g05710,38,0.0185,Unknown,,,,
595,VIT_19s0027g01530,38,0.0183,No hit,,,,
596,VIT_13s0019g02080,38,0.0183,DNA-binding protein,,,,
597,VIT_08s0007g02380,37,0.0180,Heat shock protein-related,,,,
598,VIT_17s0000g04880,37,0.0180,Dirigent protein,,,,
599,VIT_05s0029g00260,37,0.0179,DNA repair protein RAD50,K10866,,vv23440Homologous_recombination,vv23450Non_homologous_end_joining
600,VIT_06s0061g00110,37,0.0178,No hit,,,,
601,VIT_10s0116g01910,37,0.0178,ABC transporter I member 15,ABCI15,,vv52010ABC_transporters,
602,VIT_08s0007g02150,37,0.0178,Receptor ser/thr protein kinase,,,,
603,VIT_01s0026g00130,36,0.0174,Ulp1 protease family,,,,
604,VIT_09s0070g00080,35,0.0171,Aquaporin NIP6;1,NIP6_1,,vv50101Channels_and_pores,
605,VIT_00s0187g00230,35,0.0170,No hit,,,,
606,VIT_05s0020g02670,35,0.0170,Ring zinc finger protein,,,,
607,VIT_14s0066g00380,35,0.0169,ferric reductase defective 3,FRD3,,vv50125Porters_cat_66_to_94,
608,VIT_01s0011g02940,35,0.0169,Basic helix-loop-helix (bHLH) family,BHLHDOM_43,,vv60011BHLH,
609,VIT_01s0026g01200,34,0.0165,Disease resistance protein,,,,
610,VIT_04s0210g00060,34,0.0165,Mucin-like protein,K06568,,,
611,VIT_01s0011g00510,34,0.0165,Unknown protein,,,,
612,VIT_18s0072g01030,34,0.0165,CPK4 (calcium-dependent protein kinase 4),CPK4,,vv30001ABA_signaling,vv34626Plant-pathogen_interaction
613,VIT_17s0000g04830,34,0.0164,DNA Polymerase epsilon  subunit B,K02325,,vv23030DNA_replication,vv23410Base_excision_repair
614,VIT_19s0015g00620,34,0.0164,Lectin protein kinase,,,,
615,VIT_00s0125g00290,33,0.0160,Lateral organ boundaries domain protein 4 (LBD4),LBD4_2,,vv60007AS2,
616,VIT_11s0037g00530,33,0.0160,Cellulose synthase IRX3,E2_4_1_12_IRX3,,vv40006Cell_wall,
617,VIT_00s0369g00040,32,0.0155,Polygalacturonase GH28,E3_2_1_15,,vv40006Cell_wall,
618,VIT_00s0659g00010,32,0.0154,Unknown,,,,
619,VIT_18s0001g11210,32,0.0154,Unknown protein,,,,
620,VIT_01s0010g01770,32,0.0154,Zinc finger (CCCH-type) family protein,CCCHFAM_6,,vv60018C3H,
621,VIT_15s0046g00600,32,0.0154,No hit,,,,
622,VIT_00s0740g00010,31,0.0151,No hit,,,,
623,VIT_16s0039g02000,31,0.0149,Peptidyl-tRNA hydrolase 2,K04794,,,
624,VIT_00s0279g00060,30,0.0145,No hit,,,,
625,VIT_08s0007g06620,30,0.0145,DC1 domain-containing protein,,,,
626,VIT_14s0006g03170,29,0.0141,HEAT repeat-containing protein,,,,
627,VIT_16s0013g00040,29,0.0140,Unknown,,,,
628,VIT_12s0028g02530,29,0.0140,Zinc finger (C3HC4-type ring finger),ZFC3HC4_36,,vv60078Other_zf-C3HC4,
629,VIT_11s0016g05440,29,0.0140,Curculin (mannose-binding) lectin,,,,
630,VIT_18s0001g15240,29,0.0140,Blue (type 1) copper domain,,,,
631,VIT_14s0006g00120,28,0.0135,DNA Polymerase epsilon  subunit B,K02325,,vv23030DNA_replication,vv23410Base_excision_repair
632,VIT_17s0000g03560,27,0.0131,(myb domain protein 62,MYB62_1,MYB164,vv60044MYB,
633,VIT_07s0005g01770,27,0.0131,Pre-mRNA-splicing factor ATP-dependent RNA helicase DHX15/PRP43,K12820,,vv23040Spliceosome,
634,VIT_03s0038g03300,26,0.0126,Unknown protein,,,,
635,VIT_10s0042g01410,25,0.0120,No hit,,,,
636,VIT_00s0179g00070,25,0.0120,Ankyrin,K10380,,,
637,VIT_14s0068g00210,24,0.0116,ABC transporter B member 7,K05662,,vv52010ABC_transporters,
638,VIT_15s0024g00440,24,0.0115,R protein  PRF  disease resistance protein,K13453,,vv34627R_proteins_from_Plant-pathogen_interaction,
639,VIT_08s0032g00610,23,0.0112,No hit,,,,
640,VIT_01s0150g00190,23,0.0112,Transaldolase,E2_2_1_2,,vv10030Pentose_phosphate,
641,VIT_11s0065g00430,23,0.0111,No hit,,,,
642,VIT_09s0002g07390,22,0.0107,FAR1-related sequence 8,FRS8_1,,vv60071Orphans_far-red,
643,VIT_10s0003g00590,22,0.0106,Ethylene-responsive transcription factor ERF091,ERF091,VvERF095,vv30008Ethylene_signaling,vv60003AP2_EREBP
644,VIT_07s0005g05310,22,0.0106,No hit,,,,
645,VIT_12s0134g00660,22,0.0106,Anthocyanidin 3-O-glucoside-6''-O-malonyltransferase,E2_3_1_171,,vv10942Anthocyanin_biosynthesis,
646,VIT_19s0015g02730,21,0.0102,Glutathione S-transferase 25 GSTU25,E2_5_1_18_GSTU25,,vv10480Glutathione_metabolism,
647,VIT_00s0131g00350,21,0.0101,Annexin ANN4,ANN4,,vv50101Channels_and_pores,
648,VIT_10s0071g00770,21,0.0101,Aspartic proteinase nepenthesin-1 precursor,E3_4_23_12,,,
649,VIT_00s0160g00120,20,0.0097,No hit,,,,
650,VIT_13s0019g00100,20,0.0097,TRAF-interacting protein,K11985,,,
651,VIT_06s0004g06330,20,0.0097,No hit,,,,
652,VIT_07s0005g04540,20,0.0097,Poly(A) binding protein 8,,,,
653,VIT_17s0000g05950,20,0.0096,PRE1 (Paclobutrazol resistance1),PRE1,,vv60011BHLH,
654,VIT_00s0252g00110,19,0.0092,Carbonic anhydrase,E4_2_1_1,,vv10910Nitrogen_metabolism,vv50124Porters_cat_30_to_64
655,VIT_04s0044g01970,19,0.0092,Subtilisin protease precursor,SBT3_5,,vv50101Channels_and_pores,
656,VIT_00s0455g00030,19,0.0092,EMB2744 (embryo defective 2744),,,,
657,VIT_11s0016g00510,19,0.0092,Pectinesterase PPME1,E3_1_1_11,,vv40006Cell_wall,
658,VIT_18s0001g12390,19,0.0092,Glucan endo-1 3-beta-glucosidase 7 precursor,E3_2_1_39,,vv10500Starch_and_sucrose_metabolism,
659,VIT_11s0016g03220,19,0.0092,RNA-directed RNA polymerase,K00985,,,
660,VIT_05s0094g00770,19,0.0091,Short-chain dehydrogenase/reductase (SDR),,,,
661,VIT_08s0007g03430,18,0.0087,Germin,,,,
662,VIT_08s0056g00720,18,0.0087,Phytochrome kinase substrate 1 ,,,,
663,VIT_06s0009g00990,18,0.0087,Cation/hydrogen exchanger (CHX1),CHX1,,vv50124Porters_cat_30_to_64,
664,VIT_12s0028g01700,18,0.0087,WRKY DNA-binding protein 65,WRKY65_3,,vv60066WRKY,
665,VIT_14s0006g03160,18,0.0087,HEAT repeat-containing protein,,,,
666,VIT_12s0134g00380,18,0.0087,S-locus lectin protein kinase family,,,,
667,VIT_17s0000g07200,18,0.0086,Flavonoid-3'-hydroxylase,E1_14_13_21,,vv10941Flavonoid_biosynthesis,
668,VIT_05s0029g01260,17,0.0082,Unknown protein,,,,
669,VIT_17s0000g07430,17,0.0082,Unknown,,,,
670,VIT_02s0025g02350,17,0.0082,Transparent testa16,TT16_3,,vv60042MADS,
671,VIT_19s0027g01770,16,0.0078,Acetylornithine aminotransferase,E2_6_1_11,,vv10220Urea_cycle_and_metabolism_of_amino_groups,
672,VIT_19s0085g00040,16,0.0078,Related to Ubiquitin 1 (RUB1),RUB1,,vv30003Auxin_signaling,
673,VIT_19s0090g01030,16,0.0078,Aspartate carbamoyltransferase chloroplast precursor,E2_1_3_2,,vv10240Pyrimidine_metabolism,vv10252Alanine_and_aspartate_metabolism
674,VIT_18s0001g15470,16,0.0078,Leaf senescence related protein-like,,,,
675,VIT_14s0108g00020,16,0.0078,PIN8 (PIN-formed 8); auxin:hydrogen symporter/ transporter,PIN8,,vv50004Auxin_transport,vv50125Porters_cat_66_to_94
676,VIT_15s0048g00520,16,0.0078,Receptor-like protein kinase,,,,
677,VIT_00s0567g00050,15,0.0073,Patatin 2,,,,
678,VIT_05s0029g00800,15,0.0073,Translation initiation factor eIF-4A,K03257,,vv23013RNA_transport,vv23040Spliceosome
679,VIT_07s0005g01940,15,0.0073,Pectinesterase family,E3_1_1_11,,vv40006Cell_wall,
680,VIT_07s0031g02770,15,0.0073,Unknown protein,,,,
681,VIT_04s0044g01380,15,0.0073,Myb domain protein 52,MYB52_3,MYB166,vv60044MYB,
682,VIT_05s0124g00470,15,0.0072,Pentatricopeptide (PPR) repeat-containing protein,,,,
683,VIT_02s0025g01530,15,0.0072,Membrane protein-like,,,,
684,VIT_14s0006g03130,15,0.0072,HEAT repeat-containing protein,,,,
685,VIT_14s0006g03140,15,0.0072,HEAT repeat-containing protein,,,,
686,VIT_04s0044g01680,15,0.0072,Chromatin remodeling 24,CHR24,,vv60058SNF2,
687,VIT_00s0371g00030,15,0.0072,Cinnamyl alcohol dehydrogenase,E1_1_1_195,,vv10940Phenylpropanoid_biosynthesis,
688,VIT_07s0005g02380,14,0.0068,Germin-like protein 2 [Vitis vinifera],,,,
689,VIT_05s0020g01990,14,0.0068,EMB3013,,,,
690,VIT_08s0007g00670,14,0.0068,Laccase,E1_10_3_2,,vv11000Single_reactions,vv50109Incompletely_characterized_transport_systems
691,VIT_00s0184g00130,14,0.0067,R protein L6,K13477,,vv34627R_proteins_from_Plant-pathogen_interaction,
692,VIT_07s0005g05730,14,0.0067,Peroxiredoxin (alkyl hydroperoxide reductase subunit C),E1_11_1_15,,,
693,VIT_12s0057g00820,14,0.0067,Leucine-rich repeat,,,,
694,VIT_03s0017g00170,13,0.0063,No hit,,,,
695,VIT_04s0023g03450,13,0.0063,AP endonuclease 2,K10772,,vv23410Base_excision_repair,
696,VIT_01s0011g02270,13,0.0063,MAP3K epsilon protein kinase,MAP3KE,,vv44110Cell_cycle,
697,VIT_13s0067g02260,13,0.0063,Pentatricopeptide (PPR) repeat-containing protein,,,,
698,VIT_13s0067g03020,12,0.0058,Unknown protein,,,,
699,VIT_03s0017g00930,12,0.0058,Retrotransposon,,,,
700,VIT_09s0002g01300,12,0.0058,Retrotransposon,,,,
701,VIT_07s0005g06350,12,0.0058,Photosystem II 47 kDa protein,K02704,,vv10195Photosynthesis,vv50135Primary_active_transporter_cat_D3_to_E2
702,VIT_04s0023g00090,12,0.0058,Ankyrin,K10380,,vv50108Accessory_factors_involved_in_transport,
703,VIT_08s0007g08940,12,0.0058,Nuclear pore complex protein Nup93,K14309,,vv23013RNA_transport,vv50112Nuclear_pore_complex
704,VIT_14s0108g00250,12,0.0058,Unknown,,,,
705,VIT_18s0001g00260,12,0.0058,Laccase,E1_10_3_2,,vv11000Single_reactions,vv50109Incompletely_characterized_transport_systems
706,VIT_08s0007g05680,12,0.0058,No hit,,,,
707,VIT_17s0000g10240,12,0.0058,Isocitrate dehydrogenase [NADP],E1_1_1_42,,vv10020Citrate_cycle,vv10720Reductive_carboxylate_cycle
708,VIT_07s0005g05980,12,0.0058,No hit,,,,
709,VIT_05s0020g00080,12,0.0057,Unknown,,,,
710,VIT_13s0067g00810,12,0.0057,R protein  PRF  disease resistance protein,K13453,,vv34627R_proteins_from_Plant-pathogen_interaction,
711,VIT_16s0050g01340,11,0.0053,Retrovirus Pol polyprotein from transposon TNT 1-94,,,,
712,VIT_00s0291g00020,11,0.0053,Unknown protein,,,,
713,VIT_04s0008g03330,11,0.0053,Nucleoporin nup85,K14304,,vv23013RNA_transport,vv50109Incompletely_characterized_transport_systems
714,VIT_10s0092g00170,10,0.0049,Subtilase,SLP3,,vv50101Channels_and_pores,
715,VIT_13s0106g00620,10,0.0048,Nitrogen fixation NifU,,,,
716,VIT_03s0132g00310,10,0.0048,Myosin-like protein XIK,MYOSINXIK,,vv44810Regulation_of_actin_cytoskeleton,
717,VIT_03s0063g01770,10,0.0048,No hit,,,,
718,VIT_13s0019g00210<br>VIT_13s0019g00230<br>VIT_13s0019g00190<br>VIT_13s0019g00200,9,0.0044,
719,VIT_18s0089g00980,9,0.0044,No hit,,,,
720,VIT_02s0025g01850,9,0.0044,Cellulose synthase CSLG3,E2_4_1_12_CSLG3,,vv40006Cell_wall,
721,VIT_06s0004g06340,9,0.0044,flavodoxin-like quinone reductase 1,FQR1,,vv30003Auxin_signaling,
722,VIT_06s0004g02600,9,0.0044,MOM1 (maintenance of methylation1),MOM1,,,
723,VIT_08s0040g01010,9,0.0044,Isopentenyltransferase,E2_5_1_27,,vv10908Zeatin_biosynthesis,
724,VIT_06s0004g05380,9,0.0044,Tropinone reductase,E1_1_1_206,,vv10220Urea_cycle_and_metabolism_of_amino_groups,
725,VIT_14s0068g01340,9,0.0044,No hit,,,,
726,VIT_03s0038g04000,9,0.0044,Cysteine endopeptidase  papain-type (XCP1),E3_4_22_2,,,
727,VIT_12s0034g01390,9,0.0044,Zinc finger (C3HC4-type ring finger),ZFC3HC4_238,,vv60078Other_zf-C3HC4,
728,VIT_13s0067g01830,9,0.0043,Steroid 5alpha-reductase,K09591,,vv10905Brassinosteroid_biosynthesis,
729,VIT_16s0100g00610,9,0.0043,CYP87A3,,,,
730,VIT_07s0005g03990,9,0.0043,Unknown protein,,,,
731,VIT_14s0066g01290,9,0.0043,Exonuclease,E3_1_13_1,,,
732,VIT_13s0019g01770,9,0.0043,Pentatricopeptide repeat,,,,
733,VIT_18s0072g00380,9,0.0043,Abscisic stress ripening protein 2 (ASR2),,,,
734,VIT_05s0020g04920,9,0.0043,fertility restorer,,,,
735,VIT_08s0007g05210,9,0.0043,Amino acid permease,AAPREL,,vv50123Porters_cat_18_to_29,
736,VIT_05s0094g00620,9,0.0043,Ribosomal protein S3A (RPS3aA) 40S,K02984,,vv23010Ribosome,
737,VIT_06s0004g03710,9,0.0043,PRLI-interacting factor G,,,,
738,VIT_07s0005g05010,9,0.0043,CLIP-associating protein (CLASP),,,,
739,VIT_01s0146g00280,9,0.0043,NAC domain-containing protein 83,NAC083_4,VvNAC01,vv60046NAC,
740,VIT_17s0000g04090,8,0.0039,Cell division cycle associated 7,CDCA7_1,,vv44110Cell_cycle,vv60025DDT
741,VIT_12s0034g02530,8,0.0039,R protein disease resistance protein,RPROT,,vv34627R_proteins_from_Plant-pathogen_interaction,
742,VIT_10s0116g00620,8,0.0039,Phytochelatin synthetase,E2_3_2_15,,vv10251Glutamate_metabolism,
743,VIT_00s0186g00080,7,0.0034,SUM2 (small ubiquitin-like modifier 2),K12160,,vv23013RNA_transport,
744,VIT_03s0017g01010,7,0.0034,Peptidase C14  caspase catalytic subunit p20,E3_4_22_36,,,
745,VIT_11s0016g04770,7,0.0034,Unknown,,,,
746,VIT_13s0064g00270,7,0.0034,Cinnamyl alcohol dehydrogenase,E1_1_1_195,,vv10940Phenylpropanoid_biosynthesis,
747,VIT_19s0085g00200,7,0.0034,Epstein-Barr virus EBNA-1,,,,
748,VIT_05s0049g01720,7,0.0034,Unknown,,,,
749,VIT_19s0085g01130,7,0.0034,Unknown protein,,,,
750,VIT_06s0004g06390,7,0.0034,UDP-glucose glucosyltransferase,E2_4_1_35,,vv10500Starch_and_sucrose_metabolism,
751,VIT_07s0005g05350,7,0.0034,Unknown,,,,
752,VIT_13s0067g00690,7,0.0034,Cinnamyl alcohol dehydrogenase,E1_1_1_195,,vv10940Phenylpropanoid_biosynthesis,
753,VIT_19s0014g03300,7,0.0034,NAC domain containing protein 2,NAC2_1,VvNAC18,vv60046NAC,
754,VIT_12s0035g01340,6,0.0029,Unknown protein,,,,
755,VIT_10s0003g00640,6,0.0029,D-tyrosyl-tRNA(Tyr) deacylase,K07560,,,
756,VIT_09s0002g05240,6,0.0029,Cyclin A2;3,CYCA2_3,,vv44110Cell_cycle,
757,VIT_15s0048g01210,6,0.0029,Subtilisin serine endopeptidase (XSP1),XSP1,,vv50101Channels_and_pores,
758,VIT_00s0144g00160,6,0.0029,No hit,,,,
759,VIT_02s0087g00690,6,0.0029,Adapter-related protein complex 4 epsilon 1 sub,AP4E1,,vv50110Protein_coat,
760,VIT_05s0136g00310,6,0.0029,Pectinesterase family,E3_1_1_11,,vv40006Cell_wall,
761,VIT_17s0000g02670,6,0.0029,Transducin protein,,,,
762,VIT_00s0131g00030,6,0.0029,Annexin ANN4,ANN4,,vv50101Channels_and_pores,
763,VIT_06s0004g02800,6,0.0029,Homeodomain-leucine zipper protein Revoluta (REV),REVOLUTA_2,VvHB23,vv60034HB,
764,VIT_18s0001g03130,6,0.0029,Unknown protein,,,,
765,VIT_18s0001g07270,6,0.0029,R protein MLA10,K13475,,vv34627R_proteins_from_Plant-pathogen_interaction,
766,VIT_07s0130g00110,6,0.0029,SWITCH1 splice variant L phospholipase C,,,,
767,VIT_03s0063g02060,6,0.0029,Phospholipase A-2-activating protein,K14018,,vv24141Protein_processing_in_endoplasmic_reticulum,
768,VIT_05s0102g00930,6,0.0029,Glucosyltransferase-11,,,,
769,VIT_19s0090g00960,6,0.0029,Unknown,,,,
770,VIT_14s0108g00160,6,0.0029,Pyrrolo-quinoline quinone,K05889,,vv50101Channels_and_pores,
771,VIT_07s0005g04750,6,0.0029,Unknown protein,,,,
772,VIT_14s0083g00810,6,0.0029,F-box family protein,,,,
773,VIT_11s0016g04460,6,0.0029,Ornithine decarboxylase,E4_1_1_17,,vv10220Urea_cycle_and_metabolism_of_amino_groups,
774,VIT_11s0118g00550,6,0.0029,CTV.13 Jp18,,,,
775,VIT_01s0150g00050,6,0.0029,GT2-like trihelix DNA-binding protein,GT2REL_2,,vv60062Trihelix,
776,VIT_05s0102g00280,6,0.0029,No hit,,,,
777,VIT_19s0015g00480,6,0.0029,No hit,,,,
778,VIT_05s0094g01340,6,0.0029,Thiopurine methyltransferase,E2_1_1_67,,vv10271Methionine_metabolism,
779,VIT_03s0180g00250,6,0.0029,Cinnamyl alcohol dehydrogenase,E1_1_1_195,,vv10940Phenylpropanoid_biosynthesis,
780,VIT_18s0001g15260,6,0.0029,Myb domain protein 52,MYB52_1,MYB170,vv60044MYB,
781,VIT_10s0003g05740,6,0.0029,WRKY DNA-binding protein 14,WRKY14,VvWRKY32,vv60066WRKY,
782,VIT_15s0046g03470,6,0.0029,Unknown,,,,
783,VIT_05s0020g03760,6,0.0029,RNA helicase SDE3 (SDE3),,,,
784,VIT_05s0077g02180,6,0.0029,Chalcone reductase,CHALR,,vv10941Flavonoid_biosynthesis,
785,VIT_14s0030g02050,6,0.0029,Auxin-induced protein PCNT115,AUXREG,,vv30003Auxin_signaling,
786,VIT_04s0069g00200,6,0.0029,Glutamate receptor 2.8,GLR2_8,,vv50101Channels_and_pores,
787,VIT_11s0118g00390,5,0.0024,Oxidoreductase  2OG-Fe(II) oxygenase,,,,
788,VIT_18s0041g01320,4,0.0019,No hit,,,,
789,VIT_00s0275g00030,4,0.0019,Ycf1,,,,
790,VIT_01s0011g01260,4,0.0019,Phosphatidylinositol N-acetylglucosaminyltransferase subunit C,E2_4_1_198,,vv10563Glycosylphosphatidylinositol-anchor_biosynthesis,
791,VIT_05s0020g04110,4,0.0019,ELIP1 (early light-inducible protein),,,,
792,VIT_00s0153g00090,4,0.0019,No hit,,,,
793,VIT_01s0010g00900,4,0.0019,Menaquinone biosynthesis protein,K03183,,vv10130Ubiquinone_biosynthesis,
794,VIT_11s0052g00300,4,0.0019,BRI1-KD interacting protein 132,BRI1INT,,vv30005Brassinosteroids_signaling,
795,VIT_18s0122g00650,4,0.0019,No hit,,,,
796,VIT_18s0001g09260,3,0.0015,Unknown protein,,,,
797,VIT_15s0021g02580,3,0.0015,CCR4-NOT transcription complex  subunit 1,K12604,,vv23018RNA_degradation,
798,VIT_19s0090g00670,3,0.0015,MutS homolog 5 MSH5,,,,
799,VIT_01s0011g00150,3,0.0015,Unknown protein,,,,
800,VIT_12s0028g02630,3,0.0015,Rac-like GTP-binding protein RAC2,,,,
801,VIT_14s0060g00240,3,0.0015,Myb domain protein 61,MYB61_2,MYB55B,vv60044MYB,
802,VIT_02s0012g01230,3,0.0015,No hit,,,,
803,VIT_06s0009g01470,3,0.0015,Embryo-abundant protein-related,,,,
804,VIT_07s0130g00220,3,0.0015,Peroxidase ATP32  class III,E1_11_1_7,,vv10360Phenylalanine_metabolism,vv10680Methane_metabolism
805,VIT_18s0117g00270,3,0.0015,Zinc finger homeobox 22,ZFHB22_1,,vv60068Zf-HD,
806,VIT_14s0036g01110,3,0.0015,R protein  PRF  disease resistance protein,K13453,,vv34627R_proteins_from_Plant-pathogen_interaction,
807,VIT_18s0001g12690,3,0.0015,Isoflavone reductase protein 4,E1_3_1_45,,vv10943Isoflavonoid_biosynthesis,
808,VIT_03s0180g00200,3,0.0015,Limonoid UDP-glucosyltransferase,E2_4_1_120,,vv10940Phenylpropanoid_biosynthesis,
809,VIT_10s0116g01820,3,0.0015,Unknown protein,,,,
810,VIT_12s0034g02180,3,0.0015,Aminomethyltransferase,E2_1_2_10,,vv10260Glycine_serine_and_threonine_metabolism,vv10670One_carbon_pool_by_folate
811,VIT_07s0129g01020,3,0.0015,MRG,,,,
812,VIT_09s0002g09290,3,0.0015,Disease resistance protein,,,,
813,VIT_06s0009g00240,3,0.0015,OEP80 (outer envelope protein of 80 kda),OEP80,,vv50101Channels_and_pores,
814,VIT_18s0089g00050,3,0.0015,NBS-LRR disease resistance protein,,,,
815,VIT_01s0011g02170,3,0.0015,Endo-1 4-beta-glucanase,E3_2_1_4,,vv40006Cell_wall,
816,VIT_14s0030g01570,3,0.0015,AIN1 (ACC insensitive 1) 5'-3' exoribonuclease (XRN4),EIN5,,vv23018RNA_degradation,vv30008Ethylene_signaling
817,VIT_15s0048g02540,3,0.0015,Pseudo-response regulator 9 (APRR9),APRR9,,vv30007Cytokinin_signaling,vv60050PseudoARR-B
818,VIT_02s0012g01340,3,0.0015,Ubiquitin-specific protease 20,,,,
819,VIT_14s0083g00290,3,0.0015,No hit,,,,
820,VIT_10s0003g00080,3,0.0015,Ribosomal protein L11 methyltransferase,K02867,,vv23010Ribosome,
821,VIT_01s0026g00290,3,0.0015,No hit,,,,
822,VIT_15s0046g00750,3,0.0015,Root hair initiation protein root hairless 1 (RHL1),,,,
823,VIT_00s1455g00010,3,0.0015,Expansin beta 1 precursor,EXPB1,,vv30003Auxin_signaling,
824,VIT_00s0463g00040,3,0.0015,No hit,,,,
825,VIT_00s0515g00030,3,0.0015,Unknown protein,,,,
826,VIT_05s0077g00400,3,0.0015,No hit,,,,
827,VIT_08s0058g00900,3,0.0015,RAPTOR1B (RAPTOR1),K07204,,vv34150mTOR_signaling_pathway,
828,VIT_18s0001g10920,3,0.0015,Patatin,,,,
829,VIT_08s0007g00680,3,0.0015,Laccase,E1_10_3_2,,vv11000Single_reactions,vv50109Incompletely_characterized_transport_systems
830,VIT_09s0002g08450,3,0.0015,No hit,,,,
831,VIT_07s0197g00180,3,0.0015,No hit,,,,
832,VIT_00s0199g00070,3,0.0015,Pleckstriny (PH) domain-containing protein,RHOGAP,,vv50109Incompletely_characterized_transport_systems,
833,VIT_02s0154g00240,3,0.0015,Oxysterol binding protein,,,,
834,VIT_18s0089g01230,3,0.0015,fructokinase-2,E2_7_1_4,,vv10051Fructose_and_mannose_metabolism,vv10500Starch_and_sucrose_metabolism
835,VIT_02s0025g02310,3,0.0015,LHW (lonesome highway),LHW_4,,vv60011BHLH,
836,VIT_13s0067g03250,3,0.0015,CENP-E like kinetochore protein,CENPE,,vv44110Cell_cycle,
837,VIT_04s0023g01610,3,0.0015,DDM1 (decreased DNA methylation 1),DDM1,,vv60058SNF2,
838,VIT_00s0160g00340,3,0.0015,Unknown,,,,
839,VIT_07s0005g02510,3,0.0015,Phytochrome interacting factor 3 (PIF3),PIF3_2,,vv34710Circadian_rhythm,vv60011BHLH
840,VIT_04s0008g01630,3,0.0015,No hit,,,,
841,VIT_09s0002g06190,3,0.0015,No hit,,,,
842,VIT_00s0989g00010,3,0.0015,ABC transporter G member 7,ABCG7,,vv52010ABC_transporters,
843,VIT_16s0050g02280,3,0.0015,Multidrug resistance-associated protein 14,MRP14,,vv52010ABC_transporters,
844,VIT_11s0103g00410,3,0.0014,No hit,,,,
845,VIT_13s0106g00370,3,0.0014,Myb family,MYBREL_20,,vv60045MYBrelated,
846,VIT_09s0002g00860,3,0.0014,Unknown protein,,,,
847,VIT_19s0135g00290,3,0.0014,CYP72A59,K13400,,vv10902Monoterpenoid_biosynthesis,
848,VIT_04s0210g00090<br>VIT_04s0210g00080<br>VIT_04s0210g00120,3,0.0014,
849,VIT_14s0108g00650,3,0.0014,Chromosome condensation protein,,,,
850,VIT_00s0316g00060,3,0.0014,HcrVf1 protein,,,,
851,VIT_14s0068g01600,3,0.0014,No hit,,,,
852,VIT_19s0015g01020,3,0.0014,ABA-responsive element-binding protein ABF2,ABF2,VvbZIP53,vv30001ABA_signaling,vv60012BZIP
853,VIT_05s0094g01210,3,0.0014,Amine oxidase,E1_4_3_4,,vv10220Urea_cycle_and_metabolism_of_amino_groups,vv10340Histidine_metabolism
854,VIT_11s0065g00860,3,0.0014,Cyclic nucleotide-gated ion channel 17,K05391_CNGC17,,vv34626Plant-pathogen_interaction,vv50101Channels_and_pores
855,VIT_05s0049g01640,3,0.0014,No hit,,,,
856,VIT_06s0004g03040,3,0.0014,Transducin protein,,,,
857,VIT_12s0028g01160,3,0.0014,Transparent testa 12 protein,TT12,,vv50125Porters_cat_66_to_94,
858,VIT_08s0040g00490,3,0.0014,Caspase,E3_4_22_36,,,
859,VIT_02s0025g03710,3,0.0014,DTA2 (downstream target of AGL15 2),,,,
860,VIT_07s0031g00050,3,0.0014,Cysteine proteinase,E3_4_22_x,,,
861,VIT_09s0002g06980,3,0.0014,Chloroplast post-illumination chlorophyll fluorescence increase protein,,,,
862,VIT_04s0023g02090,3,0.0014,Dihydroflavonol-4-reductase,E1_1_1_219,,vv10941Flavonoid_biosynthesis,
863,VIT_01s0011g00780,3,0.0014,Dehydration-responsive protein,,,,
864,VIT_05s0051g00680,3,0.0014,Unknown protein,,,,
865,VIT_14s0083g00060,3,0.0014,DDT domain-containing protein,DDTDOM_4,,vv60025DDT,
866,VIT_17s0000g07920,3,0.0014,Hypoxia-responsive,,,,
867,VIT_07s0005g06300,3,0.0014,Phototropic-responsive NPH3,,,,
868,VIT_14s0083g00550,3,0.0014,Pentatricopeptide (PPR) repeat-containing,,,,
869,VIT_16s0100g00110,3,0.0014,Hydroxymethylglutaryl coenzyme A synthase,E4_1_3_4,,vv10072Synthesis_and_degradation_of_ketone_bodies,vv10280Valine_leucine_and_isoleucine_degradation
870,VIT_14s0108g00280,3,0.0014,Leucine Rich Repeat receptor-like kinase,,,,
871,VIT_03s0063g00510,3,0.0014,Leucine-rich repeat,,,,
872,VIT_11s0016g01760,3,0.0014,Cleavage and polyadenylation specificity factor 5,K14397,,vv23015mRNA_surveillance_pathway,
873,VIT_00s0776g00020,3,0.0014,Katanin p80 (WD repeat containing) subunit B 1,KATANINP80B1,,vv44810Regulation_of_actin_cytoskeleton,
874,VIT_12s0134g00390,3,0.0014,S-locus lectin protein kinase family,,,,
875,VIT_18s0001g12400,3,0.0014,Unknown protein,,,,
876,VIT_00s0262g00110,3,0.0014,6-phosphogluconate dehydrogenase  decarboxylating,E1_1_1_44,,vv10030Pentose_phosphate,
877,VIT_06s0061g00520,3,0.0014,Serine carboxypeptidase precursor,,,,
878,VIT_16s0050g02540,3,0.0014,Nodulin MtN3 family,,,,
879,VIT_08s0007g08750,3,0.0014,Heat shock transcription factor B3,HSFB3,,vv60037HSF,
880,VIT_14s0128g00870,3,0.0014,MYB related DIRP family protein,MYBDIRP_4,,vv60045MYBrelated,
881,VIT_15s0046g02830<br>VIT_15s0021g00850,3,0.0014,
882,VIT_02s0025g00770,3,0.0014,No hit,,,,
883,VIT_13s0084g00480,3,0.0014,No hit,,,,
884,VIT_02s0012g01580,3,0.0014,Unknown protein,,,,
885,VIT_16s0039g00590,3,0.0014,No hit,,,,
886,VIT_11s0016g05650,3,0.0014,Myb domain protein 82,MYB82_3,MYB82A,vv60044MYB,
887,VIT_18s0001g04610,3,0.0014,Unknown protein,,,,
