Vv_m2,2000,1000,VIT_09s0002g01080
rank,node,Fabs,Frel,Functional-annotation,Name-EC-KeggID,Updated-name,Network1,Network2
1,VIT_10s0116g01200,2074,1.0000,WRKY DNA-binding protein 6,WRKY6_1,VvWRKY29,vv60066WRKY,
2,VIT_18s0001g01320,2063,0.9995,Wall-associated receptor kinase 5,,,,
3,VIT_09s0018g00240,2063,0.9976,WRKY DNA-binding protein 40,WRKY40,VvWRKY28,vv60066WRKY,
4,VIT_01s0011g05580,2051,0.9966,Atypical receptor kinase MARK,,,,
5,VIT_15s0046g02190,2042,0.9942,WRKY DNA-binding protein 22,WRKY22,VvWRKY49,vv34626Plant-pathogen_interaction,vv60066WRKY
6,VIT_04s0023g02380,2043,0.9927,R protein MLA10,K13475,,vv34627R_proteins_from_Plant-pathogen_interaction,
7,VIT_08s0032g01220,2032,0.9922,Calcium dependent protein kinase 1,CPK1,,vv34626Plant-pathogen_interaction,
8,VIT_07s0005g02110,2041,0.9889,Protein phosphatase 2C DBP,DBPPP2C_3,,vv60024DBP,
9,VIT_12s0057g00420,2048,0.9884,Auxin-responsive protein AIR12,AIR12,,vv30003Auxin_signaling,
10,VIT_18s0001g11680,2042,0.9860,Unknown protein,,,,
11,VIT_03s0038g02020,2030,0.9831,Amidase,E3_5_1_4,,vv10220Urea_cycle_and_metabolism_of_amino_groups,vv10360Phenylalanine_metabolism
12,VIT_11s0037g00890,2020,0.9820,Glutamine amidotransferase class-I domain-containing protein,K08681,,vv10750Vitamin_B6_metabolism,
13,VIT_06s0004g03650,2012,0.9748,Pseudo-response regulator 7 (APRR7),APRR7_4,,vv30007Cytokinin_signaling,vv34710Circadian_rhythm
14,VIT_01s0026g01430,2017,0.9744,Unknown protein,,,,
15,VIT_08s0007g00310,2007,0.9729,Protein phosphatase 2C POLTERGEIST-like 4,,,,
16,VIT_08s0040g00540,2002,0.9700,VQ motif-containing protein,,,,
17,VIT_15s0046g01830,1998,0.9676,Pentatricopeptide (PPR) repeat-containing protein,,,,
18,VIT_01s0011g00420,2007,0.9668,RPK1 (receptor-like protein kinase 1),,,,
19,VIT_15s0046g00320,1998,0.9652,Myc2 bHLH protein,MYC2_2,,vv30011Jasmonate_signaling,vv34626Plant-pathogen_interaction
20,VIT_17s0000g02260,1961,0.9561,Aldose 1-epimerase,E5_1_3_3,,vv10010Glycolysis,
21,VIT_14s0060g02320,1976,0.9555,Respiratory burst oxidase protein B (ATRBOHB),RBOHB,,vv34626Plant-pathogen_interaction,vv50105Transport_electron_carriers
22,VIT_02s0025g03660,1972,0.9531,4-coumarate-CoA ligase,E6_2_1_12,,vv10940Phenylpropanoid_biosynthesis,vv50104Group_translocators
23,VIT_10s0116g00690,1939,0.9454,No hit,,,,
24,VIT_03s0038g04100,1947,0.9438,3-hydroxy-3-methylglutaryl-coenzyme A reductase 3,E1_1_1_34,,vv10100Biosynthesis_of_steroids,vv50121Porters_cat_1_to_6
25,VIT_11s0016g01810,1953,0.9398,Unknown protein,,,,
26,VIT_14s0060g01470,1943,0.9391,Calmodulin-binding protein,K02183,,vv34020Calcium_signaling_pathway,vv34626Plant-pathogen_interaction
27,VIT_10s0003g05330,1931,0.9351,Ethylene-regulated nuclear protein ERN1,ERN1,,vv30008Ethylene_signaling,
28,VIT_18s0041g01290,1937,0.9339,Serine/threonine-protein kinase CCR4,,,,
29,VIT_04s0008g01070,1932,0.9280,Calmodulin-binding region IQD6,,,,
30,VIT_03s0097g00710,1906,0.9199,Glutamyl-tRNA reductase 1,E1_2_1_70,,vv10860Porphyrin_and_chlorophyll_metabolism,
31,VIT_12s0059g01340,1901,0.9126,Armadillo/beta-catenin repeat,,,,
32,VIT_07s0129g00210,1891,0.9118,BT4 (BTB and TAZ Domain protein 4),BTA4,,vv60060TAZ,
33,VIT_04s0023g01180,1878,0.9077,Unknown protein,,,,
34,VIT_16s0022g02080,1879,0.9064,Exostosin family protein,K02366,,vv11030Glycan_structures-biosynthesis1,
35,VIT_02s0025g01580,1866,0.8980,UDP-glucose 4-epimerase GEPI48,E5_1_3_2,,vv10052Galactose_metabolism,vv10520Nucleotide_sugars_metabolism
36,VIT_02s0025g01240,1863,0.8957,UDP-glucuronosyl/UDP-glucosyltransferase,E2_4_1_17,,vv10040Pentose_glucuronate_interconversion,vv10500Starch_and_sucrose_metabolism
37,VIT_06s0004g01360,1860,0.8929,Selenoprotein O,,,,
38,VIT_11s0052g00450,1811,0.8753,WRKY DNA-binding protein 11,WRKY11_1,VvWRKY34,vv60066WRKY,
39,VIT_18s0072g00550,1808,0.8743,Unknown protein,,,,
40,VIT_05s0020g04390,1819,0.8703,Ca2+-ATPase 13 ACA13  plasma membrane,K01537,,vv34020Calcium_signaling_pathway,vv50131Primary_active_transporter_cat_A2_to_A4
41,VIT_08s0040g01420,1781,0.8621,Bromodomain associated,,,,
42,VIT_18s0001g02420,1769,0.8571,Aspartic proteinase Asp1 precursor,E3_4_23_x,,,
43,VIT_01s0011g04250,1768,0.8545,Zinc finger (B-box type),ZFBBOX_5,,vv60073Orphans_zf-b_box,
44,VIT_18s0072g00990,1772,0.8527,Leucine-rich repeat protein kinase,,,,
45,VIT_06s0061g01300,1752,0.8439,Prephenate dehydratase,E4_2_1_51,,vv10400Phenylalanine_tyrosine_and_tryptophan_biosynthesis,
46,VIT_12s0059g00280,1737,0.8412,Dehydration-responsive element-binding protein 16,DREB16,,vv30008Ethylene_signaling,vv60003AP2_EREBP
47,VIT_01s0026g01890,1724,0.8357,UDP-galactose transporter 3,UTR3,,vv50122Porters_cat_7_to_17,
48,VIT_06s0004g07870,1725,0.8354,CBL-interacting protein kinase 16,,,,
49,VIT_01s0011g06140,1720,0.8350,Avr9/Cf-9 rapidly elicited protein,,,,
50,VIT_01s0011g06210,1717,0.8259,Constans interacting protein 6,CIP6,,vv30009Flower_development,
51,VIT_05s0020g04780,1699,0.8248,Basic helix-loop-helix (bHLH) family,BHLHDOM_52,,vv60011BHLH,
52,VIT_02s0025g02490,1694,0.8219,Unknown protein,,,,
53,VIT_04s0008g05760,1694,0.8184,WRKY DNA-binding protein 18,WRKY18_2,VvWRKY08,vv60066WRKY,
54,VIT_15s0046g01140,1670,0.8146,WRKY DNA-binding protein 53,WRKY53_3,VvWRKY47,vv60066WRKY,
55,VIT_05s0102g00210,1686,0.8133,Unknown protein,,,,
56,VIT_18s0001g07320,1677,0.8113,2-oxoglutarate/malate carrier protein  Mitochondrial,OXMACP,,vv50123Porters_cat_18_to_29,
57,VIT_17s0000g05530,1680,0.8092,DnaJ homolog  subfamily B  member 4,K09510,,vv50132Primary_active_transporter_cat_A5_to_A8,
58,VIT_05s0020g03240,1653,0.8028,S-receptor kinase,,,,
59,VIT_13s0019g01130,1657,0.8009,DC1 domain-containing protein,,,,
60,VIT_02s0033g01000,1647,0.8003,Anthraniloyal-CoA: methanol anthraniloyal transferase,AMAT,,vv10400Phenylalanine_tyrosine_and_tryptophan_biosynthesis,
61,VIT_09s0002g00690,1649,0.7997,DnaJ homolog  subfamily B  member 6,K09512,,vv50132Primary_active_transporter_cat_A5_to_A8,
62,VIT_08s0105g00190<br>VIT_08s0105g00180,1644,0.7961,
63,VIT_05s0020g03190,1637,0.7931,Haloacid dehalogenase hydrolase,E3_1_3_18,,vv10630Glyoxylate_and_dicarboxylate_metabolism,
64,VIT_02s0012g01960,1652,0.7931,Transcription factor jumonji (jmj),JARID1A_1,,vv60038Jumonji,
65,VIT_10s0071g00300,1642,0.7913,Unknown protein,,,,
66,VIT_15s0048g02070,1635,0.7887,BON2-associated protein (BAP2),,,,
67,VIT_18s0122g00300,1617,0.7800,Unknown protein,,,,
68,VIT_05s0020g04440,1616,0.7769,Unknown protein,,,,
69,VIT_15s0048g00200,1587,0.7764,Gag-pol polyprotein,,,,
70,VIT_14s0060g01460,1602,0.7743,Pentatricopeptide (PPR) repeat-containing protein,,,,
71,VIT_01s0011g01070,1595,0.7743,No hit,,,,
72,VIT_10s0003g03810,1611,0.7738,No hit,,,,
73,VIT_07s0129g00350,1583,0.7655,Unknown protein,,,,
74,VIT_17s0000g04840,1576,0.7603,Sterile alpha motif (SAM) domain-containing,,,,
75,VIT_07s0129g00180,1551,0.7551,Ca2+-ATPase 2 ACA2  plasma membrane,K01537,,vv34020Calcium_signaling_pathway,vv50131Primary_active_transporter_cat_A2_to_A4
76,VIT_01s0010g01770,1536,0.7464,Zinc finger (CCCH-type) family protein,CCCHFAM_6,,vv60018C3H,
77,VIT_07s0005g04940,1529,0.7379,Unknown protein,,,,
78,VIT_16s0098g00420,1512,0.7294,Ser/Thr receptor-like kinase1,,,,
79,VIT_17s0000g07730,1495,0.7247,Armadillo/beta-catenin repeat / U-box domain-containing protein,,,,
80,VIT_19s0015g00130,1492,0.7243,Serine acetyltransferase 3,E2_3_1_30,,vv10272Cysteine_metabolism,vv10920Sulfur_metabolism
81,VIT_00s0181g00220,1495,0.7215,Calmodulin-binding protein,K02183,,vv34020Calcium_signaling_pathway,vv34626Plant-pathogen_interaction
82,VIT_01s0011g05490,1481,0.7210,F-box domain containing protein,,,,
83,VIT_01s0150g00330,1495,0.7208,U-box domain-containing protein,,,,
84,VIT_17s0000g03790,1500,0.7205,Unknown protein,,,,
85,VIT_07s0031g02390,1486,0.7203,Phytoalexin-deficient 4 protein (PAD4),PAD4,,vv30011Jasmonate_signaling,
86,VIT_03s0063g00460,1497,0.7194,Ethylene-responsive transcription factor ERF109,ERF109_2,VvERF117,vv30008Ethylene_signaling,vv60003AP2_EREBP
87,VIT_05s0077g02080,1480,0.7164,Branched chain alpha-keto acid dehydrogenase E2 subunit (din3),E2_3_1_168,,vv10280Valine_leucine_and_isoleucine_degradation,
88,VIT_05s0020g04100,1482,0.7153,Dymeclin,,,,
89,VIT_18s0001g11170,1479,0.7145,Myb domain protein 73,MYB73_1,MYB175,vv60044MYB,
90,VIT_18s0001g11290,1450,0.7015,Signal peptidase 1,K03100,,vv23060Protein_export,vv50132Primary_active_transporter_cat_A5_to_A8
91,VIT_11s0016g00820,1454,0.7004,Unknown,,,,
92,VIT_02s0025g01280,1430,0.6982,WRKY DNA-binding protein 53,WRKY53_2,VvWRKY05,vv60066WRKY,
93,VIT_18s0001g01960,1435,0.6959,RKF3 (receptor-like kinase IN in flowers 3),,,,
94,VIT_04s0008g05510,1438,0.6954,SYNC1 protein  related,,,,
95,VIT_09s0018g01660,1430,0.6912,Biopterin transport-related protein BT1,BIOPTERIN,,vv50125Porters_cat_66_to_94,
96,VIT_02s0033g01030,1420,0.6873,Anthraniloyal-CoA: methanol anthraniloyal transferase,AMAT,,vv10400Phenylalanine_tyrosine_and_tryptophan_biosynthesis,
97,VIT_05s0020g04120,1406,0.6825,DnaJ homolog  subfamily A  member 1,K09502,,vv50132Primary_active_transporter_cat_A5_to_A8,
98,VIT_08s0040g01920,1402,0.6779,Crinkly4,,,,
99,VIT_18s0001g03960,1394,0.6747,Mekk1,K04416,,vv24120Ubiquitin_mediated_proteolysis,vv34626Plant-pathogen_interaction
100,VIT_07s0005g00820,1387,0.6730,AP2-like ethylene-responsive transcription factor,AP2_3,VvERF057,vv30008Ethylene_signaling,vv60003AP2_EREBP
101,VIT_00s0463g00030,1387,0.6710,Ca2+-transporting ATPase type 2 isoform 8,K01537,,vv34020Calcium_signaling_pathway,vv50131Primary_active_transporter_cat_A2_to_A4
102,VIT_18s0001g12120,1375,0.6643,G-box binding factor 1 (GBF1),GBF1_2,VvbZIP46,vv50110Protein_coat,vv60012BZIP
103,VIT_17s0000g10020,1372,0.6638,1 3-beta-glucan synthase,E2_4_1_34,,vv10500Starch_and_sucrose_metabolism,
104,VIT_16s0013g01920,1367,0.6601,Ser/Thr protein kinase,,,,
105,VIT_12s0057g00930,1329,0.6492,Hydroxycinnamoyl-CoA:shikimate hydroxycinnamoyltransferase,E2_3_1_133,,vv10940Phenylpropanoid_biosynthesis,
106,VIT_01s0127g00700,1333,0.6452,Unknown protein,,,,
107,VIT_18s0001g11900,1328,0.6437,GNS1/SUR4 membrane,,,,
108,VIT_11s0052g00100,1318,0.6404,Basic helix-loop-helix (bHLH) family,BHLHDOM_7,,vv60011BHLH,
109,VIT_10s0003g00370,1314,0.6357,Guanylate-binding,E3_6_5_1,,,
110,VIT_12s0028g02490,1324,0.6347,No hit,,,,
111,VIT_16s0100g00380,1307,0.6299,DREB sub A-1 of ERF/AP2 transcription factor (CBF4),DREB1A_1,VvERF022,vv30008Ethylene_signaling,vv60003AP2_EREBP
112,VIT_15s0024g01170,1297,0.6278,No hit,,,,
113,VIT_19s0090g01740,1303,0.6264,Scarecrow transcription factor 5 (SCL5),SCL5_1,,vv60032GRAS,
114,VIT_14s0006g02950,1286,0.6255,Lateral organ boundaries protein 41,LBD41_2,,vv60007AS2,
115,VIT_17s0000g03510,1303,0.6252,Serine/threonine kinase BRLK,,,,
116,VIT_06s0061g01470,1289,0.6251,ABC transporter G member 22,ABCG22,,vv52010ABC_transporters,
117,VIT_04s0008g00820,1286,0.6219,KH domain-containing protein,,,,
118,VIT_03s0063g00480,1272,0.6190,DEM2,,,,
119,VIT_01s0011g05030,1282,0.6166,Unknown protein,,,,
120,VIT_08s0058g00690,1261,0.6139,WRKY DNA-binding protein 33,WRKY33_3,VvWRKY24,vv34626Plant-pathogen_interaction,vv60066WRKY
121,VIT_10s0042g01150,1276,0.6099,ARGONAUTE 2 (AGO2),,,,
122,VIT_08s0007g08740,1271,0.6073,No hit,,,,
123,VIT_14s0068g00130<br>VIT_14s0068g00110<br>VIT_14s0068g00120,1245,0.6017,
124,VIT_03s0097g00570,1248,0.6017,Bromodomain containing protein,,,,
125,VIT_18s0122g00780,1234,0.5984,Inorganic phosphate transporter,PHT1_9,,vv50121Porters_cat_1_to_6,
126,VIT_00s0691g00010,1231,0.5970,Calcium-transporting ATPase 13 ACA13,K01537,,vv34020Calcium_signaling_pathway,vv50131Primary_active_transporter_cat_A2_to_A4
127,VIT_06s0080g00090,1235,0.5955,CYP94A1,,,,
128,VIT_00s0463g00020,1222,0.5918,Scarecrow transcription factor 5 (SCL5),SCL5_2,,vv60032GRAS,
129,VIT_05s0020g03510,1213,0.5883,P-P-bond-hydrolysis-driven protein transmembrane transporter,K03073,,vv23060Protein_export,vv50113Thylakoid_targeting_pathway
130,VIT_07s0005g04020,1216,0.5835,Leucine Rich Repeat receptor-like kinase,,,,
131,VIT_02s0025g00170,1199,0.5826,No hit,,,,
132,VIT_07s0031g02610,1200,0.5792,NAC domain containing protein 2,NAC2_6,VvNAC39,vv60046NAC,
133,VIT_09s0002g00990,1188,0.5781,Triacylglycerol lipase,E3_1_1_3,,vv10561Glycerolipid_metabolism,
134,VIT_06s0004g02810,1191,0.5773,DsRNA-binding protein 2 (DRB2),,,,
135,VIT_05s0102g01120,1183,0.5768,BZIP transcription factor  putative (bZIP69),BZIP69,VvbZIP16,vv60012BZIP,
136,VIT_06s0004g07840,1187,0.5762,Endo/excinuclease,,,,
137,VIT_04s0008g02520,1186,0.5738,ATP binding protein,,,,
138,VIT_00s0397g00050,1180,0.5706,Disease resistance family protein,,,,
139,VIT_05s0020g04560,1168,0.5673,Armadillo/beta-catenin repeat protein / U-box domain-containing protein,,,,
140,VIT_17s0000g09350,1169,0.5669,Dehydration-induced 19,,,,
141,VIT_06s0004g03540,1168,0.5634,MAPK (MPK3),MPK3,,vv30008Ethylene_signaling,vv34626Plant-pathogen_interaction
142,VIT_04s0008g02510,1158,0.5602,Receptor kinase homolog LRK10,,,,
143,VIT_03s0038g01650,1156,0.5576,ABA-responsive protein (HVA22a),HVA22A,,vv30001ABA_signaling,
144,VIT_03s0063g00150,1153,0.5573,Unknown protein,,,,
145,VIT_18s0001g06240,1156,0.5566,R protein L6,K13477,,vv34627R_proteins_from_Plant-pathogen_interaction,
146,VIT_05s0049g01430,1139,0.5518,EDA6/MEE37 (embryo sac development arrest 6),,,,
147,VIT_02s0025g03320,1122,0.5441,CYP86A2,,,,
148,VIT_18s0086g00210,1126,0.5421,S-locus receptor protein kinase,,,,
149,VIT_18s0001g10730,1115,0.5394,Unknown protein,,,,
150,VIT_14s0068g01210,1114,0.5392,Sex determination protein tasselseed-2,,,,
151,VIT_07s0031g00530,1081,0.5222,MAPKKK21,,,,
152,VIT_14s0108g00090,1062,0.5138,Cupin  RmlC-type,,,,
153,VIT_19s0014g04940,1049,0.5107,Chitin-inducible gibberellin-responsive protein 1,CIGR1,,vv30010Gibberellin_signaling,vv60032GRAS
154,VIT_04s0023g03200,1050,0.5080,Peptide methionine sulfoxide reductase,E1_8_4_12,,vv10240Pyrimidine_metabolism,
155,VIT_12s0028g01850,1046,0.5046,Receptor kinase TRKe,,,,
156,VIT_06s0004g01370,1047,0.5036,Lipoyltransferase,E2_3_1_181,,vv10061Fatty_acid_biosynthesis,
157,VIT_12s0034g02350,1049,0.5029,R protein disease resistance protein,RPROT,,vv34627R_proteins_from_Plant-pathogen_interaction,
158,VIT_15s0021g00520,1036,0.5019,Transposon protein,,,,
159,VIT_14s0068g00090,1037,0.5007,feronia receptor-like kinase,,,,
160,VIT_01s0011g05970,1035,0.4981,Heat stress transcription factor A-8,HSFA8,,vv60037HSF,
161,VIT_09s0002g00420,1025,0.4971,Senescence-associated protein,,,,
162,VIT_13s0019g00080,1028,0.4959,Unknown protein,,,,
163,VIT_01s0026g00880,1021,0.4954,Transducin protein,,,,
164,VIT_19s0177g00220,1024,0.4952,Electron transfer flavoprotein alpha subunit,K03522,,,
165,VIT_12s0028g02320,1010,0.4927,Pentatricopeptide (PPR) repeat-containing,,,,
166,VIT_04s0069g01060,1013,0.4910,DNA-binding protein PD3  chloroplast,JMJD1B_1,,vv60038Jumonji,
167,VIT_16s0050g02120,1011,0.4886,HcrVf3 protein,,,,
168,VIT_11s0052g01710,1007,0.4862,Xylose isomerase,E5_3_1_5,,vv10040Pentose_glucuronate_interconversion,vv10051Fructose_and_mannose_metabolism
169,VIT_08s0007g01690,1010,0.4849,Phosphate translocator protein2  Plastidic,PTL2,,vv50122Porters_cat_7_to_17,
170,VIT_06s0004g06860,1001,0.4847,Clathrin heavy chain,K04646,,vv50110Protein_coat,
171,VIT_11s0016g04050,992,0.4820,No hit,,,,
172,VIT_06s0004g04010,998,0.4800,Exocyst subunit EXO70 H7,EXO70H7,,vv50111Tethering_factors,
173,VIT_04s0023g01130,989,0.4796,E3 ubiquitin-protein ligase RNF5,K10666_155,,vv24141Protein_processing_in_endoplasmic_reticulum,vv60078Other_zf-C3HC4
174,VIT_06s0004g00290,990,0.4753,Ent-kaurenoic acid 13-hydroxylase,E1_14_13_79,,vv10904Diterpenoid_biosynthesis,
175,VIT_08s0058g00150,977,0.4727,Ammonium transporter 2,AMT2,,vv50101Channels_and_pores,
176,VIT_13s0019g03760,977,0.4727,Lateral organ boundaries protein 11,LBD11_5,,vv60007AS2,
177,VIT_19s0014g05430,966,0.4683,NDR1 (non race-specific disease resistance),,,,
178,VIT_06s0009g03210,963,0.4659,Pentatricopeptide (PPR) repeat-containing protein,,,,
179,VIT_03s0017g00650,960,0.4656,GTP cyclohydrolase II,E3_5_4_25,,vv10740Riboflavin_metabolism,
180,VIT_08s0007g04180,946,0.4570,Retrotransposon protein  Ty1-copia subclass,,,,
181,VIT_18s0001g00210,936,0.4517,Cytokinin riboside 5'-monophosphate phosphoribohydrolase LOG5,LOG5,,vv10908Zeatin_biosynthesis,
182,VIT_18s0001g13610,929,0.4508,Abhydrolase domain-containing protein 5,,,,
183,VIT_05s0077g01970,918,0.4433,Zinc finger (C3HC4-type ring finger),ZFC3HC4_64,,vv60078Other_zf-C3HC4,
184,VIT_14s0036g00420,902,0.4387,Phosphoenolpyruvate carboxylase kinase,E4_1_1_49,,vv10020Citrate_cycle,vv10620Pyruvate_metabolism
185,VIT_06s0080g01090,903,0.4379,CCR4-NOT transcription complex subunit 7/8,K12581,,vv23018RNA_degradation,
186,VIT_09s0018g01980,893,0.4337,Unknown,,,,
187,VIT_17s0000g09710,887,0.4289,Leucine-rich repeat transmembrane protein kinase,,,,
188,VIT_05s0020g04330<br>VIT_05s0020g04300,883,0.4249,
189,VIT_09s0002g04760,877,0.4245,SNF1-related protein kinase regulatory subunit beta-2 (AKIN beta-2),K08800,,,
190,VIT_12s0028g00250,867,0.4199,Isoprenylcysteine carboxyl methyltransferase,E2_1_1_100,,vv10271Methionine_metabolism,
191,VIT_13s0084g00130,862,0.4168,CXE carboxylesterase,E3_1_1_1,,,
192,VIT_08s0058g01100,858,0.4145,Armadillo/beta-catenin repeat / U-box domain-containing protein,,,,
193,VIT_02s0025g00140,864,0.4138,Ring-H2 zinc finger protein RHA1b,,,,
194,VIT_06s0004g02630,848,0.4117,Zinc finger (C3HC4-type ring finger),ZFC3HC4,,,
195,VIT_06s0080g00780,853,0.4111,NAC domain containing protein 90,NAC090_3,VvNAC74,vv60046NAC,
196,VIT_14s0066g02350,850,0.4102,Galactinol synthase,E2_4_1_123,,vv10052Galactose_metabolism,
197,VIT_07s0104g00660,846,0.4097,2OG-Fe(II) oxygenase,,,,
198,VIT_02s0025g04170,845,0.4082,Heat shock transcription factor B2B,HSFB2B,,vv60037HSF,
199,VIT_07s0031g00720,844,0.4069,Ethylene-responsive transcription factor ERF109,ERF109_3,VvERF116,vv30008Ethylene_signaling,vv60003AP2_EREBP
200,VIT_18s0072g01090,843,0.4067,TIR-NBS-LRR type R protein 7,,,,
201,VIT_04s0044g01270,831,0.4034,Calcineurin phosphoesterase,,,,
202,VIT_11s0149g00150,830,0.4023,No hit,,,,
203,VIT_06s0004g07440,826,0.3994,Exocyst subunit EXO70 family protein B1,EXO70B1,,vv50111Tethering_factors,
204,VIT_19s0015g00080,827,0.3987,CyP71D11,E1_14_13_73,,vv10902Monoterpenoid_biosynthesis,
205,VIT_11s0016g01950,826,0.3981,Casein kinase I delta,K02218,,vv23008Ribosome_biogenesis_in_Eukaryotes,
206,VIT_09s0002g00890,814,0.3950,Jasmonate ZIM-domain protein 1,JAZ1_2,,vv30011Jasmonate_signaling,vv60069ZIM
207,VIT_02s0025g00710,808,0.3903,Loricrin,K10385,,,
208,VIT_04s0008g01110,805,0.3893,Heat shock transcription factor A6B,HSFA6B_2,,vv60037HSF,
209,VIT_00s0187g00120,798,0.3879,Cystatin,,,,
210,VIT_02s0025g04130,803,0.3862,Rhomboid ATRBL2,,,,
211,VIT_14s0066g02470,797,0.3854,Unknown protein,,,,
212,VIT_01s0011g05830,792,0.3847,ARR1 typeB,ARR1_1,,vv30007Cytokinin_signaling,vv60006ARR-B
213,VIT_14s0066g02360,791,0.3810,Seed maturation protein PM23,,,,
214,VIT_11s0037g00600,781,0.3802,Calcium-binding EF hand,,,,
215,VIT_07s0151g00510,789,0.3801,GCN5 N-acetyltransferase (GNAT),GCN5_22,,vv60082GNAT,
216,VIT_19s0015g00320,787,0.3796,KCO1 (two pore K channel),K05389_KCO1,,vv50101Channels_and_pores,
217,VIT_08s0058g01160,779,0.3763,No hit,,,,
218,VIT_15s0045g00070,786,0.3757,Aminopeptidase,,,,
219,VIT_12s0028g03900,778,0.3757,No hit,,,,
220,VIT_18s0164g00040,767,0.3721,Unknown protein,,,,
221,VIT_02s0033g01050,769,0.3719,Anthraniloyal-CoA: methanol anthraniloyal transferase,AMAT,,vv10400Phenylalanine_tyrosine_and_tryptophan_biosynthesis,
222,VIT_08s0058g01390,770,0.3714,WRKY DNA-binding protein 70,WRKY70_2,VvWRKY25,vv60066WRKY,
223,VIT_15s0046g02550,762,0.3694,Gibberellin 20-oxidase,E1_14_11_12,,vv10904Diterpenoid_biosynthesis,
224,VIT_04s0069g00920,762,0.3672,WRKY DNA-binding protein 11,WRKY11_2,VvWRKY10,vv60066WRKY,
225,VIT_03s0038g01180<br>VIT_03s0038g01260,760,0.3666,
226,VIT_09s0054g00800,749,0.3639,Unknown protein,,,,
227,VIT_01s0011g02460,747,0.3624,Receptor protein kinase PERK1,,,,
228,VIT_01s0127g00160,744,0.3613,Cysteine-rich receptor-like protein kinase 2,,,,
229,VIT_05s0077g00030,746,0.3600,Ammonium transporter 1  member 1 (AMT1.1),AMT1_1,,vv50101Channels_and_pores,
230,VIT_11s0016g05340,734,0.3542,Ethylene-responsive transcription factor SHINE 3,SHINE3_2,VvERF043,vv30008Ethylene_signaling,vv60003AP2_EREBP
231,VIT_01s0011g05470,730,0.3516,PGPS/D12,,,,
232,VIT_18s0001g15150,717,0.3498,Unknown protein,,,,
233,VIT_01s0011g06460,723,0.3494,Deoxymugineic acid synthase,DMAS,,vv10271Methionine_metabolism,
234,VIT_03s0017g01000,718,0.3489,Amine oxidase,E1_4_3_4,,vv10220Urea_cycle_and_metabolism_of_amino_groups,vv10340Histidine_metabolism
235,VIT_14s0219g00170,714,0.3466,Zinc finger (CCCH-type) family protein,CCCHFAM_19,,vv60018C3H,
236,VIT_00s0181g00080,714,0.3446,F-box domain containing protein,,,,
237,VIT_10s0003g04210<br>VIT_10s0003g04230,710,0.3413,
238,VIT_18s0001g06230,699,0.3377,No hit,,,,
239,VIT_10s0003g03790,703,0.3368,Jasmonate ZIM domain-containing protein 8,JAZ8_2,,vv30011Jasmonate_signaling,vv60069ZIM
240,VIT_05s0077g01700,691,0.3349,Copper-binding family protein,,,,
241,VIT_13s0019g04390,693,0.3340,GATA transcription factor 10,BME3_ZF_1,,vv10904Diterpenoid_biosynthesis,vv60016C2C2-GATA
242,VIT_01s0011g01220,693,0.3338,Unusual floral organs (UFO),UFO,,vv30009Flower_development,
243,VIT_11s0016g03810,686,0.3327,Unknown protein,,,,
244,VIT_16s0050g01980,675,0.3285,EIX receptor 2,,,,
245,VIT_13s0158g00410,674,0.3250,Nucleic acid binding,,,,
246,VIT_06s0004g05090,673,0.3247,Zinc finger (C3HC4-type ring finger),ZFC3HC4_169,,vv60078Other_zf-C3HC4,
247,VIT_13s0067g01120,676,0.3236,Omega-3 fatty acid desaturase  chloroplast  temperature-sensitive (FAD8),K10257,,vv11040Biosynthesis_of_unsaturated_fatty_acids,
248,VIT_10s0003g02480,661,0.3204,Xyloglucan endotransglycosylase/hydrolase precursor XTH-21,E2_4_1_207,,vv40006Cell_wall,
249,VIT_16s0039g02040,655,0.3187,4-coumarate-CoA ligase 3,E6_2_1_12,,vv10940Phenylpropanoid_biosynthesis,vv50104Group_translocators
250,VIT_10s0003g01810,655,0.3175,No hit,,,,
251,VIT_06s0004g03620,657,0.3174,MAPK MPK13,MPK13,,,
252,VIT_08s0007g00930,658,0.3168,Regulator of chromosome condensation (RCC1),RCC1,,vv50112Nuclear_pore_complex,
253,VIT_11s0037g00100,655,0.3161,CCR4-NOT transcription complex subunit 7/8,K12581,,vv23018RNA_degradation,
254,VIT_07s0005g04750,647,0.3156,Unknown protein,,,,
255,VIT_14s0006g01090,649,0.3150,ADP-ribosylation factor-like A1A,ARLA1A,,,
256,VIT_03s0091g00210,648,0.3130,Ethylene-responsive protein,ERUNK_4,,vv30008Ethylene_signaling,vv60011BHLH
257,VIT_15s0046g02270,644,0.3123,Unknown protein,,,,
258,VIT_01s0010g01800,646,0.3116,Pentatricopeptide (PPR) repeat-containing protein,,,,
259,VIT_10s0003g05280,641,0.3098,No hit,,,,
260,VIT_16s0022g00510,635,0.3080,Heat shock 22 kDa protein,,,,
261,VIT_13s0019g00220,642,0.3073,Flowering Locus Y FY,FY,,vv30009Flower_development,
262,VIT_01s0011g03370,635,0.3069,Agenet domain-containing protein,,,,
263,VIT_03s0091g00310,638,0.3053,Indole-3-acetic acid-amido synthetase GH3.8,AUXINBIOSYNTHESIS_GH3,,vv11002Auxin_biosynthesis,
264,VIT_18s0001g11380,630,0.3022,Seven transmembrane domain protein,,,,
265,VIT_10s0003g01730,623,0.3010,PUB17 (plant U- box 17),,,,
266,VIT_18s0122g00870,621,0.2994,Zinc finger (C3HC4-type ring finger),ZFC3HC4_38,,vv60078Other_zf-C3HC4,
267,VIT_07s0151g00960,624,0.2981,WD repeat domain 5,WDR5,,vv50133Primary_active_transporter_cat_A9_to_A18,
268,VIT_11s0016g01970,615,0.2970,Calmodulin-binding region IQD6,,,,
269,VIT_06s0004g04150,610,0.2965,Auxin-regulated protein,AUXREG,,vv30003Auxin_signaling,
270,VIT_15s0048g02280,609,0.2962,NAC transcription factor-like 9,NTL9_3,VvNAC54,vv60046NAC,
271,VIT_02s0012g01540,610,0.2958,Zinc finger (C3HC4-type ring finger),ZFC3HC4_4,,vv60078Other_zf-C3HC4,
272,VIT_12s0134g00490,611,0.2936,Myb domain protein 14,MYB14_1,MYB138,vv60044MYB,
273,VIT_11s0149g00070,601,0.2915,Ribosomal protein S6,K02990,,vv23010Ribosome,
274,VIT_05s0020g01650,601,0.2910,Zinc finger (CCCH-type) family protein,CCCHFAM_18,,vv60018C3H,
275,VIT_04s0043g00310,602,0.2905,Ribulose-phosphate 3-epimerase,E5_1_3_1,,vv10030Pentose_phosphate,vv10040Pentose_glucuronate_interconversion
276,VIT_18s0166g00190,598,0.2893,U-box domain-containing protein,,,,
277,VIT_10s0003g03800,600,0.2893,Jasmonate ZIM domain-containing protein 8,JAZ8_1,,vv30011Jasmonate_signaling,vv60069ZIM
278,VIT_07s0031g01010<br>VIT_07s0031g01040<br>VIT_07s0031g01050,596,0.2890,
279,VIT_14s0066g02190,599,0.2884,CW14,,,,
280,VIT_18s0001g15270,595,0.2879,SCL1 (scarecrow-like 1),SCL1_2,,vv60032GRAS,
281,VIT_02s0025g03300,590,0.2841,Potassium channel tetramerisation domain-containing protein,KCTREL,,vv50101Channels_and_pores,
282,VIT_05s0062g00820,585,0.2836,Unknown protein,,,,
283,VIT_07s0197g00170<br>VIT_00s0487g00030<br>VIT_07s0197g00240<br>VIT_00s0487g00010<br>VIT_07s0031g01070<br>VIT_07s0197g00130<br>VIT_07s0197g00120<br>VIT_07s0197g00210<br>VIT_07s0197g00140<br>VIT_07s0197g00220,587,0.2821,
284,VIT_09s0002g06990,580,0.2813,Phosphatidic acid phosphatase / PAP2,E3_1_3_4,,vv10561Glycerolipid_metabolism,vv10564Glycerophospholipid_metabolism
285,VIT_18s0001g12160,575,0.2780,Unknown protein,,,,
286,VIT_05s0077g00910,571,0.2772,DNA-binding enhancer protein,,,,
287,VIT_11s0016g00710,565,0.2744,Jasmonate ZIM-domain protein 1,JAZ1_1,,vv30011Jasmonate_signaling,vv60069ZIM
288,VIT_10s0003g03330,567,0.2733,Receptor-like serine-threonine protein kinase,,,,
289,VIT_03s0038g00970,565,0.2723,Dynamin-like protein 2b,E3_6_5_5,,vv50109Incompletely_characterized_transport_systems,vv50110Protein_coat
290,VIT_02s0025g02960,562,0.2715,Naringenin 2-oxoglutarate 3-dioxygenase,E1_14_11_9,,vv10941Flavonoid_biosynthesis,
291,VIT_08s0058g00560,561,0.2711,Prenylated rab acceptor (PRA1),,,,
292,VIT_15s0046g02480,562,0.2708,Protein kinase,,,,
293,VIT_00s0225g00080,555,0.2698,MATE efflux family protein,MATE,,vv50125Porters_cat_66_to_94,
294,VIT_11s0016g00330,554,0.2684,Pectinesterase family,E3_1_1_11,,vv40006Cell_wall,
295,VIT_16s0098g00220,554,0.2680,Membrane located receptor,,,,
296,VIT_18s0001g12900,549,0.2669,S-adenosyl-L-methionine:salicylic acid carboxyl methyltransferase,SAMTBSCMT,,vv10360Phenylalanine_metabolism,
297,VIT_15s0046g02280,552,0.2664,Ubiquitin-conjugating enzyme E2 H,K10576,,vv24120Ubiquitin_mediated_proteolysis,
298,VIT_06s0004g04580,546,0.2657,Protein kinase family protein,,,,
299,VIT_09s0054g01220,546,0.2639,Cycloartenol synthase,E5_4_99_8,,vv10100Biosynthesis_of_steroids,
300,VIT_05s0077g01470,543,0.2636,Phytochelatin synthetase,E2_3_2_15,,vv10251Glutamate_metabolism,
301,VIT_01s0182g00030,540,0.2611,Emp24/gp25L/p24 family protein,EMP24,,vv50110Protein_coat,
302,VIT_07s0031g02840,541,0.2603,Diacylglycerol kinase 2,E2_7_1_107,,vv10561Glycerolipid_metabolism,vv10564Glycerophospholipid_metabolism
303,VIT_16s0098g00410,539,0.2595,Receptor kinase homolog LRK10,,,,
304,VIT_15s0046g02630,535,0.2582,No hit,,,,
305,VIT_03s0091g00990,534,0.2580,Heat shock protein 70,K03283,,vv23040Spliceosome,vv24141Protein_processing_in_endoplasmic_reticulum
306,VIT_00s0620g00010,533,0.2577,Triacylglycerol lipase,E3_1_1_3,,vv10561Glycerolipid_metabolism,
307,VIT_13s0106g00370,536,0.2577,Myb family,MYBREL_20,,vv60045MYBrelated,
308,VIT_17s0000g02050,523,0.2535,Nudix hydrolase 17,,,,
309,VIT_12s0034g02570,523,0.2530,Leucine Rich Repeat receptor-like kinase,,,,
310,VIT_02s0025g02970,526,0.2529,flavanone 3-beta-hydroxylase,E1_14_11_9,,vv10941Flavonoid_biosynthesis,
311,VIT_07s0031g01090,520,0.2505,Ascorbate oxidase,E1_10_3_3,,vv10053Ascorbate_and_aldarate_metabolism,vv50109Incompletely_characterized_transport_systems
312,VIT_12s0057g01290,515,0.2504,Hydroxyproline-rich glycoprotein family protein-like,HRGP,,vv40006Cell_wall,
313,VIT_18s0122g01260,519,0.2500,Protein kinase 1B,,,,
314,VIT_09s0002g08070,512,0.2479,Prephenate dehydrogenase,E1_3_1_13,,vv10400Phenylalanine_tyrosine_and_tryptophan_biosynthesis,
315,VIT_01s0011g03300,512,0.2476,Plastid-specific 30S ribosomal protein 3,K02982,,vv23010Ribosome,
316,VIT_04s0023g00430,513,0.2468,Tyrosine specific protein phosphatase,,,,
317,VIT_15s0048g02260,506,0.2450,Calcium-binding EF hand,,,,
318,VIT_12s0035g00720,507,0.2438,Permease nonimprinted in Prader-Willi/Angelman,NIPA,,vv50122Porters_cat_7_to_17,
319,VIT_07s0005g02710,498,0.2414,Unknown protein,,,,
320,VIT_05s0049g01400,491,0.2366,Alcohol oxidase,E1_1_3_13,,vv10680Methane_metabolism,
321,VIT_05s0062g01110,481,0.2324,Sodium symporter,NASYMPREL,,vv50109Incompletely_characterized_transport_systems,
322,VIT_07s0005g01700,479,0.2314,Transcription regulator,,,,
323,VIT_06s0004g02740,475,0.2294,GATA transcription factor 10,BME3_ZF_2,,vv10904Diterpenoid_biosynthesis,vv60016C2C2-GATA
324,VIT_00s0265g00120,472,0.2275,EMB2756 (embryo defective 2756),,,,
325,VIT_04s0008g03480,463,0.2244,Beta-carotene 15 15'-monooxygenase,E1_14_99_36,,vv10906Carotenoid_biosynthesis,
326,VIT_18s0001g07300,463,0.2239,MADS box interactor,,,,
327,VIT_13s0067g01070,463,0.2227,Cys-3-His zinc finger protein,ZFAR1_1,,vv60018C3H,
328,VIT_13s0067g00940,452,0.2205,NLI interacting factor (NIF),NIF,,vv50132Primary_active_transporter_cat_A5_to_A8,
329,VIT_01s0150g00440,454,0.2197,Respiratory burst oxidase protein D (RBOHD),RBOHD,,vv34626Plant-pathogen_interaction,vv50105Transport_electron_carriers
330,VIT_11s0016g00660,443,0.2161,DREB sub A-5 of ERF/AP2 transcription factor,ERF017,VvERF009,vv30008Ethylene_signaling,vv60003AP2_EREBP
331,VIT_15s0048g02300,447,0.2158,NAC transcription factor-like 9,NTL9_2,VvNAC53,vv60046NAC,
332,VIT_09s0002g01470,451,0.2158,4-phosphopantetheinyl transferase sfp,K06133,,,
333,VIT_12s0057g00060,443,0.2153,No hit,,,,
334,VIT_11s0016g02200,445,0.2138,Beta-galactosidase,E3_2_1_23,,vv10052Galactose_metabolism,vv10511N-Glycan_degradation
335,VIT_05s0020g01400,441,0.2134,SRC2/SRC2 (soybean gene regulated BY cold-2),,,,
336,VIT_17s0000g00820,439,0.2122,Nodulin MtN3 family,,,,
337,VIT_08s0040g02730,440,0.2119,Exocyst subunit EXO70 H4,EXO70H4,,vv50111Tethering_factors,
338,VIT_14s0006g01400,435,0.2111,Calmodulin,K02183,,vv34020Calcium_signaling_pathway,vv34626Plant-pathogen_interaction
339,VIT_10s0003g05450,437,0.2101,Reticuline oxidase precursor,E1_21_3_3,,vv10950Alkaloid_biosynthesis_I,
340,VIT_06s0004g04110,435,0.2097,Unknown protein,,,,
341,VIT_14s0006g02910,436,0.2095,Unknown protein,,,,
342,VIT_05s0020g04000,423,0.2061,Zinc finger (C3HC4-type ring finger),ZFC3HC4_33,,vv60078Other_zf-C3HC4,
343,VIT_01s0011g03190,423,0.2040,ATP-dependent Clp protease adaptor protein ClpS containing protein,K06891,,,
344,VIT_13s0067g03140,420,0.2033,WRKY DNA-binding protein 70,WRKY70_1,VvWRKY41,vv60066WRKY,
345,VIT_15s0046g01590,417,0.2013,Acidic chitinase III,E3_2_1_14,,vv10530Aminosugars_metabolism,
346,VIT_04s0043g00900,418,0.2013,Tyrosine decarboxylase,E4_1_1_25,,vv10350Tyrosine_metabolism,vv10950Alkaloid_biosynthesis_I
347,VIT_08s0040g02270,417,0.2004,No hit,,,,
348,VIT_00s0463g00040,413,0.1994,No hit,,,,
349,VIT_08s0007g00130,409,0.1986,Heat shock protein 70,K03283,,vv23040Spliceosome,vv24141Protein_processing_in_endoplasmic_reticulum
350,VIT_18s0001g15120,411,0.1986,Unknown protein,,,,
351,VIT_02s0025g04420,408,0.1983,MATE efflux family protein,MATE,,vv50125Porters_cat_66_to_94,
352,VIT_18s0001g14440,409,0.1976,Molecular chaperone DnaJ,K03686,,vv50132Primary_active_transporter_cat_A5_to_A8,
353,VIT_16s0039g00400,404,0.1963,Aminopeptidase,,,,
354,VIT_07s0129g00240,404,0.1955,C2H2 zinc finger protein AZF1,AZF1,,vv60017C2H2,
355,VIT_10s0003g03720,403,0.1949,Unknown protein,,,,
356,VIT_11s0118g00470,398,0.1928,TIP growth defective 1,TIP1GD,,vv50108Accessory_factors_involved_in_transport,
357,VIT_12s0178g00160,394,0.1914,Unknown,,,,
358,VIT_02s0025g04460,397,0.1910,DWARF and delayed flowering 2,DDF2,VvERF021,vv30008Ethylene_signaling,vv60003AP2_EREBP
359,VIT_13s0156g00460,393,0.1897,CC-NBS-LRR class,,,,
360,VIT_14s0030g01650,390,0.1893,Unknown protein,,,,
361,VIT_13s0067g01800,387,0.1889,Histidine acid phosphatase,E3_1_3_2,,vv10740Riboflavin_metabolism,
362,VIT_04s0043g00340,388,0.1884,Myb KAN1 (KANADI 1),KANADI,,vv60029G2-like,
363,VIT_18s0072g00680,389,0.1879,No hit,,,,
364,VIT_13s0019g02340,379,0.1844,Unknown protein,,,,
365,VIT_00s0372g00010<br>VIT_00s0361g00110<br>VIT_00s0847g00010,376,0.1818,
366,VIT_05s0062g00790,377,0.1817,NSL1 (necrotic spotted lesions 1),,,,
367,VIT_16s0050g02510,371,0.1799,WRKY DNA-binding protein 53,WRKY53_1,VvWRKY51,vv60066WRKY,
368,VIT_06s0009g00370,371,0.1787,U-box domain-containing protein,,,,
369,VIT_02s0241g00020,370,0.1782,Unknown,,,,
370,VIT_13s0019g04710,365,0.1761,PUB17 (plant U- box 17),,,,
371,VIT_11s0052g01260,364,0.1756,Xyloglucan endotransglucosylase/hydrolase 23,E2_4_1_207,,vv40006Cell_wall,
372,VIT_01s0010g02980,361,0.1754,Calcium-binding protein CML,K13448,,vv34626Plant-pathogen_interaction,
373,VIT_13s0067g02630,363,0.1750,No hit,,,,
374,VIT_06s0009g00500,360,0.1737,No hit,,,,
375,VIT_06s0009g02390,359,0.1737,Scarecrow transcription factor 3 (SCL3),SCL3_4,,vv60032GRAS,
376,VIT_11s0016g03350,358,0.1735,AP2/EREBP transcription factor TINY2,TINY2_3,,vv30008Ethylene_signaling,vv60003AP2_EREBP
377,VIT_16s0022g01020,358,0.1728,Chalcone synthase [Vitis vinifera],E2_3_1_74,,vv10941Flavonoid_biosynthesis,
378,VIT_04s0008g06140,355,0.1717,No hit,,,,
379,VIT_18s0001g07470,355,0.1711,Ulp1 protease,,,,
380,VIT_04s0008g05850,346,0.1685,CCR4-NOT transcription complex subunit 7/8,K12581,,vv23018RNA_degradation,
381,VIT_04s0008g02180,346,0.1675,BRCT domain-containing protein,,,,
382,VIT_02s0012g02670,347,0.1671,Unknown protein,,,,
383,VIT_01s0010g00710,338,0.1646,Armadillo/beta-catenin repeat protein / U-box domain-containing protein ,,,,
384,VIT_18s0001g01780,339,0.1634,Wound-responsive protein,,,,
385,VIT_11s0016g04240,334,0.1632,Vernalization insensitive 3,VIN3,,vv30009Flower_development,
386,VIT_06s0061g00380,334,0.1625,Phosphatidate cytidylyltransferase,E2_7_7_41,,vv10564Glycerophospholipid_metabolism,vv34070Phosphatidylinositol_signaling_system
387,VIT_01s0011g01780,333,0.1620,F-box protein PP2-B12 (Protein phloem protein 2-like B12),,,,
388,VIT_07s0031g00220,333,0.1610,APETALA2 (AP2) floral homeotic protein,APETALA2TOE2_4,VvAP2-13,vv30008Ethylene_signaling,vv30009Flower_development
389,VIT_08s0040g01130,329,0.1607,Serine carboxypeptidase II,,,,
390,VIT_04s0023g01770,332,0.1606,Adaptor-related protein complex 3  sigma 2 sub,AP3S2,,vv50110Protein_coat,
391,VIT_01s0026g01960,329,0.1593,SUT2 (sucrose transporter 3),SUT2,,vv50121Porters_cat_1_to_6,
392,VIT_12s0142g00340,327,0.1590,Galacturonosyltransferase 15,E2_4_1_43,,vv40006Cell_wall,
393,VIT_07s0129g00920,329,0.1590,Receptor-like protein kinase,,,,
394,VIT_04s0008g06150,318,0.1537,No hit,,,,
395,VIT_19s0014g02640,317,0.1527,PPI1 (proton pump interactor 1),,,,
396,VIT_06s0061g01460,315,0.1525,ABC transporter G member 22,ABCG22,,vv52010ABC_transporters,
397,VIT_15s0046g03030,315,0.1522,Anthranilate phosphoribosyltransferase,E2_4_2_18,,vv10400Phenylalanine_tyrosine_and_tryptophan_biosynthesis,
398,VIT_09s0054g00500,314,0.1511,No hit,,,,
399,VIT_04s0044g00100,310,0.1508,Unknown protein,,,,
400,VIT_17s0000g01250,310,0.1505,F-box/LRR-repeat protein,,,,
401,VIT_09s0070g00160,312,0.1501,CBL-interacting protein kinase 6 (CIPK6),CIPK6,,,
402,VIT_12s0028g01640,308,0.1494,S-receptor kinase,,,,
403,VIT_18s0072g00980,307,0.1482,Leucine-rich repeat protein kinase,,,,
404,VIT_18s0001g09430,306,0.1477,Tetratricopeptide repeat (TPR)-containing,,,,
405,VIT_10s0003g05520,304,0.1468,Acylamino-acid-releasing enzyme,E3_4_19_1,,,
406,VIT_07s0005g02720,301,0.1461,No hit,,,,
407,VIT_07s0104g01460,299,0.1447,Zinc finger (CCCH-type) family protein,CCCHFAM_7,,vv60018C3H,
408,VIT_04s0023g01920,293,0.1419,Bg55,,,,
409,VIT_18s0001g08670,290,0.1399,Pre-mRNA-processing factor 40,K12821,,vv23040Spliceosome,
410,VIT_01s0011g03430,283,0.1358,No hit,,,,
411,VIT_10s0092g00490,280,0.1354,CYP71A12,,,,
412,VIT_15s0046g03010,281,0.1352,Barwin endoglucanase,,,,
413,VIT_19s0140g00110,276,0.1334,No hit,,,,
414,VIT_19s0085g00200,270,0.1303,Epstein-Barr virus EBNA-1,,,,
415,VIT_00s2300g00010,266,0.1296,Acyltransferase,E2_3_1_x,,,
416,VIT_09s0002g05790,268,0.1293,Serine-threonine kinase receptor-associated protein STRAP,K13137,,vv23013RNA_transport,
417,VIT_17s0000g07940,265,0.1278,DWARF and delayed flowering 1,DDF1_1,VvERF024,vv30008Ethylene_signaling,vv60003AP2_EREBP
418,VIT_13s0158g00330,267,0.1276,No hit,,,,
419,VIT_14s0219g00020,261,0.1262,Esterase,,,,
420,VIT_11s0016g00670,261,0.1255,AP2 domain-containing transcription factor,AP2_5,VvERF010,vv30008Ethylene_signaling,vv60003AP2_EREBP
421,VIT_03s0180g00210,259,0.1252,Myb domain protein R1,MYBR1_2,MYB171,vv60044MYB,
422,VIT_03s0180g00260,260,0.1252,Cinnamyl alcohol dehydrogenase,E1_1_1_195,,vv10940Phenylpropanoid_biosynthesis,
423,VIT_14s0083g00220,256,0.1246,Zinc finger CCHC domain-containing protein 8,K13128,,,
424,VIT_00s0304g00080,255,0.1235,Trehalose-6-phosphate phosphatase,E3_1_3_12,,vv10500Starch_and_sucrose_metabolism,
425,VIT_05s0020g02580,249,0.1203,Pentatricopeptide (PPR) repeat-containing,,,,
426,VIT_06s0009g03670,248,0.1201,F-box family protein,,,,
427,VIT_11s0052g01220,244,0.1183,Xyloglucan endotransglycosylase 6,E2_4_1_207,,vv40006Cell_wall,
428,VIT_08s0007g08520,240,0.1152,Unknown protein,,,,
429,VIT_16s0039g01420,238,0.1145,Unknown protein,,,,
430,VIT_06s0061g00020,235,0.1141,TTN9 (TITAN9),,,,
431,VIT_19s0090g01270,234,0.1140,PHD finger transcription factor,PHDFG_9,,vv60048PHD,
432,VIT_11s0052g01300,232,0.1127,Xyloglucan endotransglycosylase 6,E2_4_1_207,,vv40006Cell_wall,
433,VIT_07s0005g01400,232,0.1126,Unknown protein,,,,
434,VIT_12s0034g02530,226,0.1100,R protein disease resistance protein,RPROT,,vv34627R_proteins_from_Plant-pathogen_interaction,
435,VIT_10s0003g00410,227,0.1096,MLO6 (mildew resistance locus O 6),K08472,,,
436,VIT_18s0001g09380,224,0.1078,Syntaxin 6,,,,
437,VIT_06s0004g05540,221,0.1071,Metal tolerance protein B MTPB1,MTPB1,,vv50121Porters_cat_1_to_6,
438,VIT_06s0009g03650,220,0.1070,Permease nonimprinted in Prader-Willi/Angelman,NIPA,,vv50122Porters_cat_7_to_17,
439,VIT_06s0004g00840,221,0.1070,DEAD box RNA helicase,DEADBOX,,vv23040Spliceosome,vv50133Primary_active_transporter_cat_A9_to_A18
440,VIT_05s0077g00430,221,0.1064,Galactinol synthase,E2_4_1_123,,vv10052Galactose_metabolism,
441,VIT_01s0146g00480,220,0.1060,TIFY 9 (Jasmonate ZIM domain-containing protein 10),JAZ10,,vv30011Jasmonate_signaling,vv60069ZIM
442,VIT_08s0007g08200,218,0.1055,MATE efflux family protein,MATE,,vv50125Porters_cat_66_to_94,
443,VIT_00s0487g00050,218,0.1054,R protein disease resistance protein,RPROT,,vv34627R_proteins_from_Plant-pathogen_interaction,
444,VIT_03s0132g00080,216,0.1047,ATHVA22A (Arabidopsis thaliana HVA22 homologue A),HVA22A,,vv30001ABA_signaling,
445,VIT_18s0001g07780,215,0.1041,ABA-responsive protein (HVA22a),HVA22A,,vv30001ABA_signaling,
446,VIT_16s0050g02400,215,0.1037,Ethylene-responsive transcription factor cytokinin response factor 4,CRF4_1,VvERF053,vv30007Cytokinin_signaling,vv30008Ethylene_signaling
447,VIT_04s0008g02150,213,0.1032,DCL3 (DICER-like 3),DCL3,,,
448,VIT_15s0046g01610,215,0.1031,Acidic endochitinase (CHIB1),E3_2_1_14,,vv10530Aminosugars_metabolism,
449,VIT_03s0038g01310,212,0.1027,Auxin responsive SAUR protein,SAUR,,vv30003Auxin_signaling,
450,VIT_04s0008g02350,211,0.1014,No hit,,,,
451,VIT_13s0067g03780,207,0.0997,Leucine-rich repeat protein kinase,,,,
452,VIT_00s0271g00030<br>VIT_00s0271g00060,205,0.0993,
453,VIT_00s0199g00190,204,0.0984,14-3-3 protein GF14 kappa (GRF8),,,,
454,VIT_07s0255g00040,203,0.0983,Cell division cycle associated 7 CDCA7,CDCA7,,vv44110Cell_cycle,
455,VIT_11s0206g00090,201,0.0975,Calmodulin-binding protein,K02183,,vv34020Calcium_signaling_pathway,vv34626Plant-pathogen_interaction
456,VIT_02s0025g01430,197,0.0953,Zinc finger (C3HC4-type ring finger) family protein ATL1E,ATL1E_1,,vv60078Other_zf-C3HC4,
457,VIT_08s0040g01370,188,0.0912,Heavy-metal-associated domain-containing protein,,,,
458,VIT_05s0062g00300<br>VIT_05s0062g00270,189,0.0907,
459,VIT_13s0067g01550,186,0.0902,MRH1 (morphogenesis of root hair 1),,,,
460,VIT_13s0047g00320,183,0.0883,EDA35 (embryo sac development arrest 35),,,,
461,VIT_03s0132g00070,179,0.0872,ATHVA22A (Arabidopsis thaliana HVA22 homologue A),HVA22A,,vv30001ABA_signaling,
462,VIT_10s0003g04370,179,0.0869,D123,,,,
463,VIT_15s0021g02070,175,0.0847,Unknown protein,,,,
464,VIT_00s0415g00060,173,0.0843,Bromodomain protein,,,,
465,VIT_08s0007g07870,174,0.0839,Basic helix-loop-helix (bHLH) family,BHLHDOM_40,,vv60011BHLH,
466,VIT_04s0023g03230,174,0.0838,Auxin-responsive SAUR9,SAUR9,,vv30003Auxin_signaling,
467,VIT_07s0151g00180,172,0.0833,Ankyrin,K10380,,vv50108Accessory_factors_involved_in_transport,
468,VIT_10s0092g00150,172,0.0831,Patatin protein 3,,,,
469,VIT_04s0008g02230,170,0.0821,AP2 domain-containing transcription factor ORA47,ORA47,VvERF011,vv30008Ethylene_signaling,vv60003AP2_EREBP
470,VIT_11s0052g00090,169,0.0816,Accumulation of photosystem one 3 (APO3),,,,
471,VIT_18s0001g05380,164,0.0795,TTL1 (tetratricopetide-repeat thioredoxin-like 1),,,,
472,VIT_15s0045g01020,163,0.0792,R protein  PRF  disease resistance protein,K13453,,vv34627R_proteins_from_Plant-pathogen_interaction,
473,VIT_08s0058g00400,162,0.0788,No hit,,,,
474,VIT_02s0154g00390,162,0.0780,Autophagy 8f (APG8f),K08341,,vv44140Regulation_of_autophagy,vv50101Channels_and_pores
475,VIT_04s0008g02680,161,0.0775,No hit,,,,
476,VIT_07s0151g00950,160,0.0773,Unknown protein,,,,
477,VIT_16s0050g02100,158,0.0773,Disease resistance,,,,
478,VIT_17s0000g02880,160,0.0773,S-adenosyl-L-methionine:salicylic acid carboxyl methyltransferase,SAMTBSCMT,,vv10360Phenylalanine_metabolism,
479,VIT_04s0023g03420,160,0.0773,Alcium-dependent protein kinase 16 CPK16,K00908 CPK16,,,
480,VIT_15s0045g00880<br>VIT_15s0045g00980,159,0.0769,
481,VIT_18s0001g07970,157,0.0756,Pentatricopeptide (PPR) repeat-containing protein,,,,
482,VIT_14s0006g00300,156,0.0756,Nudix hydrolase 18,,,,
483,VIT_11s0016g03590,157,0.0756,Transducin protein,,,,
484,VIT_16s0098g00760,155,0.0753,No apical meristem cup-shaped cotyledon2,CUC2_4,VvNAC71,vv60046NAC,
485,VIT_18s0001g13430,154,0.0746,Coatomer alpha subunit,K05236,,vv50110Protein_coat,
486,VIT_18s0001g10340,153,0.0740,Subtilisin protease,ARA12,,vv50101Channels_and_pores,
487,VIT_00s0361g00090,151,0.0731,Phototropic-responsive NPH3 protein,,,,
488,VIT_00s0400g00020<br>VIT_00s0400g00030<br>VIT_00s0421g00040<br>VIT_00s0397g00010,151,0.0729,
489,VIT_08s0007g07390,149,0.0725,Unknown protein,,,,
490,VIT_01s0137g00770,149,0.0720,Unknown protein,,,,
491,VIT_15s0046g02110,148,0.0715,Late embryogenesis abundant protein Lea14-A,,,,
492,VIT_01s0011g05670,148,0.0712,Nudix hydrolase 18,,,,
493,VIT_01s0026g01880,147,0.0705,Protein kinase APK1B,,,,
494,VIT_03s0038g03410,144,0.0698,NAC domain containing protein 36,NAC036_2,VvNAC41,vv60046NAC,
495,VIT_07s0005g01760,145,0.0695,Glycerol-3-phosphate acyltransferase 3 (AtGPAT3),E2_3_1_15,,vv10561Glycerolipid_metabolism,vv10564Glycerophospholipid_metabolism
496,VIT_04s0044g00890,142,0.0688,Uridylate kinase,E2_7_4_22_2,,vv10240Pyrimidine_metabolism,vv60062Trihelix
497,VIT_16s0050g00160,141,0.0678,DTA2 (downstream target of AGL15 2),,,,
498,VIT_04s0008g03500,140,0.0675,Ankyrin,K10380,,vv50108Accessory_factors_involved_in_transport,
499,VIT_07s0005g04350,139,0.0672,No hit,,,,
500,VIT_02s0025g04380,138,0.0669,ATPP2-A13,,,,
501,VIT_16s0050g01950,136,0.0656,Disease resistance family protein / LRR family,,,,
502,VIT_14s0068g01340,136,0.0656,No hit,,,,
503,VIT_08s0007g03900,134,0.0648,Heat stress transcription factor A3,HSFA3,,vv60037HSF,
504,VIT_11s0016g01370,132,0.0639,Early flowering 4,ELF4,,vv34710Circadian_rhythm,
505,VIT_14s0030g00350,132,0.0637,RKF3 (receptor-like kinase IN in flowers 3),RKF3,,vv60042MADS,
506,VIT_15s0045g01010,130,0.0631,R protein  PRF  disease resistance protein,K13453,,vv34627R_proteins_from_Plant-pathogen_interaction,
507,VIT_05s0029g01480,130,0.0628,Receptor kinase TRKe,,,,
508,VIT_10s0003g01650,129,0.0623,Unknown,,,,
509,VIT_14s0068g01830,128,0.0617,Unknown protein,,,,
510,VIT_06s0009g03540,128,0.0617,No hit,,,,
511,VIT_07s0129g00360,127,0.0614,Peroxidase 73,E1_11_1_7,,vv10360Phenylalanine_metabolism,vv10680Methane_metabolism
512,VIT_18s0166g00210,124,0.0601,Regulator of chromosome condensation (RCC1),RCC1,,vv50112Nuclear_pore_complex,
513,VIT_04s0023g02430,124,0.0599,Basic leucine-zipper 11 GBF6,GBF6_2,VvbZIP13,vv60012BZIP,
514,VIT_06s0004g07490,123,0.0594,Unknown protein,,,,
515,VIT_02s0025g00360,122,0.0591,1-aminocyclopropane-1-carboxylate synthase,E4_4_1_14,,vv10640Propanoate_metabolism,vv30008Ethylene_signaling
516,VIT_14s0066g01350,122,0.0589,No hit,,,,
517,VIT_14s0128g00730,118,0.0571,No hit,,,,
518,VIT_09s0002g08270,114,0.0551,Leucine-rich repeat,,,,
519,VIT_12s0057g00530,114,0.0549,DGCR14,,,,
520,VIT_18s0072g00170,113,0.0546,BRI1 (brassinosteroid insensitive 1),BRI1,,vv30005Brassinosteroids_signaling,vv34626Plant-pathogen_interaction
521,VIT_17s0000g05050,112,0.0544,COBRA-like protein 4,COBL4,,vv40006Cell_wall,
522,VIT_04s0008g02470,111,0.0539,No hit,,,,
523,VIT_10s0003g03160,111,0.0537,Ribosomal protein L18A 60S,K02882,,vv23010Ribosome,
524,VIT_05s0049g00520,111,0.0535,No hit,,,,
525,VIT_17s0000g06100,110,0.0533,Pentatricopeptide (PPR) repeat-containing protein,,,,
526,VIT_08s0058g01440,110,0.0529,Ribosomal S6 kinase p90,K04373,,vv34150mTOR_signaling_pathway,
527,VIT_14s0066g01890,108,0.0520,Sterile alpha motif (SAM) domain-containing,,,,
528,VIT_12s0057g00120,106,0.0515,Wound-induced,,,,
529,VIT_12s0028g00370,106,0.0513,RWP-RK domain-containing protein,RWPRKDOM_8,,vv60052RWP-RK,
530,VIT_18s0001g15140,105,0.0507,Unknown,,,,
531,VIT_09s0002g07510,104,0.0503,Pentatricopeptide (PPR) repeat-containing protein,,,,
532,VIT_04s0023g01580,104,0.0502,U1 small nuclear ribonucleoprotein 70kDa,K11093,,vv23040Spliceosome,
533,VIT_03s0091g00480,100,0.0488,Zinc finger (C3HC4-type ring finger),ZFC3HC4_194,,vv60078Other_zf-C3HC4,
534,VIT_06s0004g03100,101,0.0487,MLO1,K08472,,,
535,VIT_14s0006g02140,101,0.0485,Cis-zeatin O-beta-D-glucosyltransferase,E2_4_1_215,,vv10908Zeatin_biosynthesis,
536,VIT_05s0077g02350,100,0.0483,No hit,,,,
537,VIT_03s0038g01410,99,0.0478,Aquaporin PIP PIP1A,PIP1A,,vv50101Channels_and_pores,
538,VIT_05s0020g00330,98,0.0475,Galactinol synthase,E2_4_1_123,,vv10052Galactose_metabolism,
539,VIT_18s0122g00220,98,0.0473,Phosphodiesterase/alkaline phosphatase D,E3_1_4_1,,,
540,VIT_07s0141g00810,98,0.0473,Zinc finger  SWIM-type,ZFSWIM_9,,vv60074Orphans_zf-SWIM,
541,VIT_07s0031g00670,97,0.0466,Heat shock transcription factor 4,HSF4,,vv60037HSF,
542,VIT_08s0007g01370,95,0.0462,Protease inhibitor/seed storage/lipid transfer protein (LTP),,,,
543,VIT_11s0016g03580,96,0.0462,Catalytic,,,,
544,VIT_09s0002g00220,95,0.0461,Avr9/Cf-9 rapidly elicited protein 132,,,,
545,VIT_18s0001g03550,94,0.0454,Molybdenum cofactor synthesis CNX7/SIR5,K03635,,vv10790Folate_biosynthesis,
546,VIT_02s0012g02050,92,0.0445,PAP/fibrillin family,K06825,,,
547,VIT_06s0004g00690,91,0.0441,Calmodulin-binding region IQ,,,,
548,VIT_17s0000g09090,91,0.0441,Armadillo/beta-catenin repeat,,,,
549,VIT_12s0057g00550,89,0.0432,WRKY DNA-binding protein 34,WRKY34_1,VvWRKY38,vv60066WRKY,
550,VIT_13s0074g00240,87,0.0423,Uridylate kinase,E2_7_4_22_1,,vv10240Pyrimidine_metabolism,vv60062Trihelix
551,VIT_01s0011g00690,87,0.0421,UDP-glucose 6-dehydrogenase,E1_1_1_22,,vv10040Pentose_glucuronate_interconversion,vv10500Starch_and_sucrose_metabolism
552,VIT_13s0156g00100,87,0.0420,Unknown protein,,,,
553,VIT_01s0146g00280,83,0.0401,NAC domain-containing protein 83,NAC083_4,VvNAC01,vv60046NAC,
554,VIT_00s0370g00040,83,0.0400,CPL1 (FIERY 2);,FIERY2,,vv30001ABA_signaling,
555,VIT_07s0005g04340,83,0.0399,Unknown protein,,,,
556,VIT_10s0071g00570,81,0.0394,ZFWD1 (zinc finger WD40 repeat protein 1),ZFWD1_6,,vv60018C3H,
557,VIT_12s0028g01170,81,0.0390,Auxin response factor ARF6,ARF6_4,,vv30003Auxin_signaling,vv60004ARF
558,VIT_04s0079g00160,81,0.0390,Auxin response factor 8,ARF8_1,,vv30003Auxin_signaling,vv60004ARF
559,VIT_13s0047g00010,80,0.0388,ZIFL2 (zinc induced facilitator-like 1),ZIFL1,,vv50121Porters_cat_1_to_6,
560,VIT_18s0072g01230,79,0.0383,R protein L6,K13477,,vv34627R_proteins_from_Plant-pathogen_interaction,
561,VIT_06s0004g01880,79,0.0381,OEP80 (outer envelope protein of 80 kda),OEP80,,vv50101Channels_and_pores,
562,VIT_08s0040g01710,77,0.0372,Phenylalanine ammonia-lyase,E4_3_1_5,,vv10350Tyrosine_metabolism,vv10360Phenylalanine_metabolism
563,VIT_01s0011g04240,76,0.0369,Zinc finger (B-box type),ZFBBOX_14,,vv60073Orphans_zf-b_box,
564,VIT_04s0023g02150,76,0.0367,Phosphatidic acid phosphatase / PAP2,E3_1_3_4,,vv10561Glycerolipid_metabolism,vv10564Glycerophospholipid_metabolism
565,VIT_15s0048g00220,76,0.0367,Membrane-associated mannitol-induced,MAMI,,vv50109Incompletely_characterized_transport_systems,
566,VIT_00s1361g00010,75,0.0364,Unknown,,,,
567,VIT_13s0067g02710,73,0.0354,Unknown protein,,,,
568,VIT_10s0042g00090,73,0.0353,Isoprenylcysteine carboxyl methyltransferase family,E2_1_1_100,,vv10271Methionine_metabolism,
569,VIT_10s0003g05440,71,0.0341,No hit,,,,
570,VIT_08s0040g01290,70,0.0339,F-box family protein,,,,
571,VIT_13s0067g01580,70,0.0338,Anthocyaninless2 (ANL2),ANL2_4,,vv60034HB,
572,VIT_09s0002g01610,70,0.0338,Midasin-related,K14572,,vv23008Ribosome_biogenesis_in_Eukaryotes,
573,VIT_13s0139g00230,70,0.0338,R protein disease resistance protein,RPROT,,vv34627R_proteins_from_Plant-pathogen_interaction,
574,VIT_11s0052g00880,70,0.0337,NADPH-cytochrome P450 oxydoreductase isoform 3,E1_6_2_4,,vv10195Photosynthesis,
575,VIT_01s0010g03850,70,0.0337,Calmodulin-binding protein,CMTA4,,vv60020CAMTA,
576,VIT_10s0116g01840,69,0.0334,No hit,,,,
577,VIT_08s0007g00870,68,0.0330,fringe-related protein,K05948,,,
578,VIT_14s0171g00450,68,0.0329,DNA-binding protein GT-1-related,GT1REL_4,,vv60062Trihelix,
579,VIT_18s0001g09230,68,0.0328,Salt tolerance zinc finger,STZ_2,,vv60017C2H2,
580,VIT_04s0008g02740,67,0.0324,AarF domain containing kinase,K08869,,,
581,VIT_07s0005g00150,66,0.0319,Galactosyl transferase GMA12/MNN10,K05531,,vv11030Glycan_structures-biosynthesis1,
582,VIT_05s0020g02610,66,0.0318,Hemolysin,K06442,,vv50109Incompletely_characterized_transport_systems,
583,VIT_03s0038g01300,64,0.0310,Auxin-induced SAUR,SAUR,,vv30003Auxin_signaling,
584,VIT_09s0002g01110,62,0.0300,Avr9/Cf-9 induced kinase 1,,,,
585,VIT_16s0050g01130,62,0.0299,Serine/threonine-protein kinase,,,,
586,VIT_16s0039g02170,62,0.0299,D-xylose-proton symporter-like 2,XYLL2,,vv50121Porters_cat_1_to_6,
587,VIT_03s0017g01400,60,0.0291,Adhesive/proline-rich protein,,,,
588,VIT_03s0063g00500,59,0.0286,Prpk (p53-related protein kinase),,,,
589,VIT_05s0020g04940,59,0.0286,NBS-LRR type disease resistance protein,,,,
590,VIT_19s0090g00820,59,0.0284,MAPKKK15,,,,
591,VIT_18s0001g09700,58,0.0281,F-box protein GID2,,,,
592,VIT_01s0011g01350,56,0.0272,No hit,,,,
593,VIT_00s0477g00010,56,0.0269,No hit,,,,
594,VIT_04s0044g00660,54,0.0263,S-receptor kinase,,,,
595,VIT_00s0184g00200,54,0.0263,No hit,,,,
596,VIT_16s0098g00210,54,0.0260,Receptor serine/threonine kinase,,,,
597,VIT_09s0002g05150,52,0.0252,IAA19,IAA19_1,,vv30003Auxin_signaling,vv60008AUXIAA
598,VIT_01s0010g02740,52,0.0252,4-coumarate-CoA ligase,E6_2_1_12,,vv10940Phenylpropanoid_biosynthesis,vv50104Group_translocators
599,VIT_02s0033g01060,52,0.0252,Anthraniloyal-CoA: methanol anthraniloyal transferase,AMAT,,vv10400Phenylalanine_tyrosine_and_tryptophan_biosynthesis,
600,VIT_13s0067g01660,52,0.0250,Sister chromatid cohesion 1 protein 1 DIF1/SYN1,SYN1,,vv44110Cell_cycle,
601,VIT_02s0025g01650,52,0.0250,PHD finger transcription factor,PHDFG_10,,vv60048PHD,
602,VIT_00s0215g00110,51,0.0247,Sphingosine kinase,E2_7_1_91,,vv10600Sphingolipid_metabolism,vv34020Calcium_signaling_pathway
603,VIT_11s0037g00830,51,0.0245,Unknown protein,,,,
604,VIT_10s0116g00920,51,0.0245,CERK1 (chitin elicitor receptor kinase 1),K13429,,vv34626Plant-pathogen_interaction,
605,VIT_19s0014g05220,51,0.0245,Unknown protein,,,,
606,VIT_01s0011g04550,50,0.0243,Unknown protein,,,,
607,VIT_12s0035g01130,49,0.0238,Elongation factor 1-gamma,K02355,,,
608,VIT_18s0117g00170,49,0.0238,No hit,,,,
609,VIT_17s0000g06590,49,0.0237,Galactosyl transferase GMA12/MNN10,K05531,,vv11030Glycan_structures-biosynthesis1,
610,VIT_01s0010g03950,49,0.0235,Pentatricopeptide (PPR) repeat-containing protein,,,,
611,VIT_00s0779g00010,48,0.0233,Unknown protein,,,,
612,VIT_15s0045g01380,47,0.0226,No hit,,,,
613,VIT_01s0011g03500,46,0.0222,Homocysteine S-methyltransferase 1,E2_1_1_10,,vv10271Methionine_metabolism,
614,VIT_18s0086g00520,45,0.0217,No hit,,,,
615,VIT_16s0100g00470,45,0.0217,BCL2 binding anthogene,,,,
616,VIT_09s0002g07680,43,0.0209,Disease resistance protein,,,,
617,VIT_03s0038g04580,43,0.0208,SNF1-Related protein kinase regulatory subunit gamma 1,KING1,,,
618,VIT_08s0056g01300,43,0.0208,Cupin  RmlC-type,,,,
619,VIT_11s0016g04270,43,0.0207,Hydrolase  alpha/beta fold,,,,
620,VIT_12s0035g00010,42,0.0203,DNA (cytosine-5)-methyltransferase (ATHIM),E2_1_1_37,,vv10271Methionine_metabolism,
621,VIT_08s0032g01150,42,0.0202,Syntaxin 1B/2/3/4,K08486,,vv24130SNARE_interactions_in_vesicular_transport,vv50101Channels_and_pores
622,VIT_01s0011g04170,41,0.0198,Phosphatidic acid phosphatase alpha,E3_1_3_4,,vv10561Glycerolipid_metabolism,vv10564Glycerophospholipid_metabolism
623,VIT_00s0456g00040<br>VIT_00s0374g00030,41,0.0197,
624,VIT_18s0157g00050,40,0.0194,Carboxypeptidase D,E3_4_17_22,,,
625,VIT_12s0028g03550,40,0.0194,Basic helix-loop-helix (bHLH) family,BHLHDOM_64,,vv60011BHLH,
626,VIT_12s0055g00870,39,0.0189,Nodulin,,,,
627,VIT_03s0063g00030,38,0.0184,Unknown protein,,,,
628,VIT_14s0030g01670,37,0.0180,Proteasome 26S regulatory subunit (RPN6),K03036,,vv23050Proteasome,
629,VIT_12s0028g02670,37,0.0179,Vascular plant one zinc finger protein,VOZ1_1,VvNAC35,vv60065VOZ,
630,VIT_08s0040g01640,37,0.0178,Telomere repeat binding factor like TRFL8,TRFL8,,vv60045MYBrelated,
631,VIT_01s0011g00380,37,0.0178,SP1L1 (SPIRAL1-like1),,,,
632,VIT_07s0031g01130,37,0.0178,Ascorbate oxidase,E1_10_3_3,,vv10053Ascorbate_and_aldarate_metabolism,vv50109Incompletely_characterized_transport_systems
633,VIT_02s0154g00350,36,0.0173,L-lactate dehydrogenase A,E1_1_1_27,,vv10010Glycolysis,vv10272Cysteine_metabolism
634,VIT_02s0012g01320,35,0.0168,MYC jasmonic acid 3,MYC2_1,,vv30011Jasmonate_signaling,vv34626Plant-pathogen_interaction
635,VIT_17s0000g03230,35,0.0168,Alpha-mannosidase,E3_2_1_113,,vv10510N-Glycan_biosynthesis,vv11030Glycan_structures-biosynthesis1
636,VIT_18s0001g01310,34,0.0165,Wall-associated receptor kinase 5,,,,
637,VIT_04s0008g06930,34,0.0165,Transposase  IS4,,,,
638,VIT_07s0005g02400,33,0.0159,Unknown protein,,,,
639,VIT_07s0005g01140,33,0.0158,Unknown protein,,,,
640,VIT_16s0039g02020,31,0.0151,Cellulose synthase CSLD3,E2_4_1_12_CSLD3,,vv40006Cell_wall,
641,VIT_18s0001g11250,31,0.0150,R protein MLA10,K13475,,vv34627R_proteins_from_Plant-pathogen_interaction,
642,VIT_13s0019g01500<br>VIT_13s0019g01400<br>VIT_09s0018g02060<br>VIT_13s0019g01370<br>VIT_13s0019g01480<br>VIT_13s0019g01320<br>VIT_13s0019g01330<br>VIT_13s0019g01350,31,0.0150,
643,VIT_14s0060g00500,30,0.0145,Unknown protein,,,,
644,VIT_10s0071g00580,30,0.0145,Zfwd2 protein (ZFWD2),ZFWD2_4,,vv60018C3H,
645,VIT_18s0072g00390,30,0.0144,SET Domain group 41,SDG41,,vv60056SET_PCG,
646,VIT_01s0011g04330,29,0.0141,No hit,,,,
647,VIT_05s0029g00140,29,0.0141,Ethylene-responsive transcription factor ERF062,ERF062,VvERF005,vv30008Ethylene_signaling,vv60003AP2_EREBP
648,VIT_18s0041g00700,29,0.0140,NAC domain containing protein 90,NAC090_2,VvNAC46,vv60046NAC,
649,VIT_07s0005g00310,29,0.0140,Zinc finger (CCCH type) helicase family protein,HELCCCHFAM_2,,vv60018C3H,
650,VIT_01s0010g02930,29,0.0140,Calmodulin,K02183,,vv34020Calcium_signaling_pathway,vv34626Plant-pathogen_interaction
651,VIT_17s0000g03470,29,0.0140,STAM-binding protein,E3_1_2_15,,vv24120Ubiquitin_mediated_proteolysis,
652,VIT_04s0008g04020,29,0.0140,RD22 [Vitis vinifera],,,,
653,VIT_09s0002g04620,28,0.0136,Unknown protein,,,,
654,VIT_01s0026g02540,28,0.0135,Zinc finger (C3HC4-type ring finger),ZFC3HC4_54,,vv60078Other_zf-C3HC4,
655,VIT_09s0002g03020,28,0.0135,FRK1 (FLG22-induced receptor-like kinase 1),FRK1,,vv34626Plant-pathogen_interaction,
656,VIT_03s0063g00880,28,0.0135,Calmodulin-binding protein,,,,
657,VIT_05s0020g03480,27,0.0132,Ribosomal protein L18P/L5E,K02883,,vv23010Ribosome,
658,VIT_04s0008g00110,27,0.0130,Jasmonate ZIM domain-containing protein 8,JAZ8_3,,vv30011Jasmonate_signaling,vv60069ZIM
659,VIT_15s0048g02320,27,0.0130,No apical meristem cup-shaped cotyledon2,CUC2_6,VvNAC51,vv60046NAC,
660,VIT_07s0031g01170,26,0.0126,Aspartyl protease,E3_4_23_x,,,
661,VIT_17s0053g00770,26,0.0125,RNA recognition motif (RRM)-containing protein,,,,
662,VIT_10s0003g03170,25,0.0121,CYP710A1 C-22 sterol desaturase,K09832,,vv10100Biosynthesis_of_steroids,
663,VIT_06s0004g03740,25,0.0121,DNA-directed RNA polymerase III subunit C1,K03018,,vv23020RNA_polymerase,
664,VIT_17s0000g01630,25,0.0121,Calmodulin CML37,K02183,,vv34020Calcium_signaling_pathway,vv34626Plant-pathogen_interaction
665,VIT_07s0031g02240,25,0.0121,MLO-like protein 8,K08472,,,
666,VIT_03s0038g00790,25,0.0121,V-type H+-transporting ATPase 16kDa proteolipid subunit,K02155,,vv10190Oxidative_phosphorylation,vv44145Phagosome
667,VIT_19s0090g00840,25,0.0121,WRKY DNA-binding protein 6,WRKY6_2,VvWRKY55,vv60066WRKY,
668,VIT_00s0144g00270,25,0.0120,R protein MLA10,K13475,,vv34627R_proteins_from_Plant-pathogen_interaction,
669,VIT_06s0080g00130,24,0.0116,Homolog of histone chaperone HIRA,HIRA,,,
670,VIT_08s0007g00030,23,0.0112,Cation/hydrogen exchanger 20 (CHX20),CHX20,,vv50124Porters_cat_30_to_64,
671,VIT_00s0434g00060,23,0.0111,Unknown,,,,
672,VIT_15s0045g00680,22,0.0107,R protein  PRF  disease resistance protein,K13453,,vv34627R_proteins_from_Plant-pathogen_interaction,
673,VIT_01s0146g00100,22,0.0106,ACT domain containing protein (ACR4),,,,
674,VIT_02s0025g01700,22,0.0106,RNA polymerase II transcriptional coactivator KELP,KELP_1,,vv60081COAP15,
675,VIT_14s0081g00140,22,0.0106,Pentatricopeptide (PPR) repeat-containing,,,,
676,VIT_12s0028g00670,22,0.0106,Zinc knuckle,ZFC2HC,,,
677,VIT_01s0011g01500,22,0.0106,No hit,,,,
678,VIT_16s0050g01900,21,0.0102,Leucine-rich repeat protein kinase,,,,
679,VIT_14s0068g01500,21,0.0102,Glycerophosphoryl diester phosphodiesterase,E3_1_4_46,,vv10564Glycerophospholipid_metabolism,
680,VIT_08s0040g00250,21,0.0102,Tyrosine-specific protein phosphatase,,,,
681,VIT_08s0007g07090,21,0.0102,Sphingosine-1-phosphate phosphatase,K04716,,vv10600Sphingolipid_metabolism,
682,VIT_15s0048g01000,21,0.0101,2'-hydroxy isoflavone/dihydroflavonol reductase,E1_3_1_45,,vv10943Isoflavonoid_biosynthesis,
683,VIT_02s0012g01640,21,0.0101,Inositol 1 3 4-trisphosphate 5/6-kinase.,E2_7_1_134,,vv10562Inositol_phosphate_metabolism,
684,VIT_16s0050g02440,21,0.0100,HAT dimerisation domain-containing protein,,,,
685,VIT_15s0021g02580,20,0.0097,CCR4-NOT transcription complex  subunit 1,K12604,,vv23018RNA_degradation,
686,VIT_00s0262g00010,20,0.0097,Receptor kinase RK20-1,,,,
687,VIT_14s0068g01490,20,0.0096,NAC domain-containing protein 83,NAC083_2,VvNAC73,vv60046NAC,
688,VIT_19s0015g00740,19,0.0092,Prefoldin,,,,
689,VIT_18s0001g05400,19,0.0092,Unknown,,,,
690,VIT_03s0063g02190,19,0.0092,HVA22K (HVA22-like protein K),HVA22K,,vv30001ABA_signaling,
691,VIT_13s0064g01150,19,0.0092,AT hook motif-containing protein,,,,
692,VIT_12s0034g00850,19,0.0092,R protein L6,K13477,,vv34627R_proteins_from_Plant-pathogen_interaction,
693,VIT_13s0067g01270,19,0.0092,Avr9/Cf-9 rapidly elicited protein 284,,,,
694,VIT_07s0141g00920,18,0.0087,CYP94A1,,,,
695,VIT_19s0090g00610,18,0.0087,DNA-binding bromodomain-containing,,,,
696,VIT_19s0014g05040,18,0.0087,formin homology 2 domain-containing protein 5,FH5,,vv44810Regulation_of_actin_cytoskeleton,
697,VIT_14s0068g00490,18,0.0087,UDP-glucuronosyl/UDP-glucosyltransferase,E2_4_1_17,,vv10040Pentose_glucuronate_interconversion,vv10500Starch_and_sucrose_metabolism
698,VIT_18s0089g00910,18,0.0087,Auxin response factor 1,ARF1_3,,vv30003Auxin_signaling,vv60004ARF
699,VIT_16s0039g02640,17,0.0082,AIN1 (ACC insensitive 1) 5'-3' exoribonuclease (XRN4),EIN5,,vv23018RNA_degradation,vv30008Ethylene_signaling
700,VIT_18s0001g02480,17,0.0082,Unknown protein,,,,
701,VIT_05s0020g04220,17,0.0082,Calcium-transporting ATPase 13 ACA13,K01537,,vv34020Calcium_signaling_pathway,vv50131Primary_active_transporter_cat_A2_to_A4
702,VIT_10s0003g02990,16,0.0078,Signal peptidase I,K09647,,vv23060Protein_export,vv50132Primary_active_transporter_cat_A5_to_A8
703,VIT_05s0020g04160,16,0.0078,Stem-specific protein TSJT1,,,,
704,VIT_18s0086g00200,16,0.0078,Lectin protein kinase family,,,,
705,VIT_06s0061g00590,16,0.0077,Nodulin family protein,,,,
706,VIT_13s0067g00910,16,0.0077,R protein MLA10,K13475,,vv34627R_proteins_from_Plant-pathogen_interaction,
707,VIT_17s0000g09150,16,0.0077,ATP binding,,,,
708,VIT_18s0001g10810,16,0.0077,Carboxylesterase CXE,E3_1_1_1,,,
709,VIT_03s0038g03960,16,0.0077,Calcium-dependent protein kinase 6 CPK6,CPK6,,vv30001ABA_signaling,vv34626Plant-pathogen_interaction
710,VIT_10s0003g04950,15,0.0073,Esterase/lipase/thioesterase,,,,
711,VIT_11s0065g01020,15,0.0073,No hit,,,,
712,VIT_03s0091g00470,15,0.0073,Protein phosphatase 2C,E3_1_3_16,,,
713,VIT_01s0010g02950,15,0.0073,Calcium-binding protein CML,K13448,,vv34626Plant-pathogen_interaction,
714,VIT_17s0000g01970,15,0.0073,MKK9,MKK9,,vv30008Ethylene_signaling,vv34626Plant-pathogen_interaction
715,VIT_15s0048g02990,15,0.0073,AAA-type ATPase,,,,
716,VIT_03s0088g00620,15,0.0072,Stress-induced,,,,
717,VIT_09s0002g00950,15,0.0072,Nucleoside diphosphate kinase family protein,E2_7_4_6,,vv10230Purine_metabolism,vv10240Pyrimidine_metabolism
718,VIT_18s0001g14410,15,0.0072,Unknown protein,,,,
719,VIT_16s0013g01000,14,0.0068,Ethylene-responsive transcription factor ERF105,ERF105_10,VvERF084,vv30008Ethylene_signaling,vv60003AP2_EREBP
720,VIT_07s0151g00800,14,0.0067,Unknown,,,,
721,VIT_04s0008g03190,13,0.0063,F-box family protein (FBX13),,,,
722,VIT_07s0104g00670,13,0.0063,BSD domain-containing protein,BSDDOM_5,,vv60075Other_BSD,
723,VIT_01s0011g04180,13,0.0063,Phosphatidic acid phosphatase / PAP2,E3_1_3_4,,vv10561Glycerolipid_metabolism,vv10564Glycerophospholipid_metabolism
724,VIT_08s0040g00900,13,0.0063,Myb family,MYBGE_13,,vv60029G2-like,
725,VIT_18s0001g12520,13,0.0063,ATP binding,,,,
726,VIT_11s0016g03470,13,0.0063,Unknown protein,,,,
727,VIT_04s0008g02530,13,0.0063,ATP binding protein,,,,
728,VIT_13s0047g00490,12,0.0058,No hit,,,,
729,VIT_08s0007g01140,12,0.0058,Prenylated rab acceptor (PRA1),,,,
730,VIT_12s0028g00740,12,0.0058,Unknown protein,,,,
731,VIT_07s0095g00030,12,0.0058,Pentatricopeptide repeat-containing protein,,,,
732,VIT_00s0941g00020,12,0.0058,Constans interacting protein 6,CIP6,,vv30009Flower_development,
733,VIT_10s0116g00050,12,0.0058,Receptor protein kinase,,,,
734,VIT_13s0067g00920,12,0.0058,Nuclear transcription factor  X-box binding 1,NFXL1_3,,vv60080Other_zf,
735,VIT_01s0010g01230,12,0.0058,Unknown protein,,,,
736,VIT_17s0000g05860,12,0.0058,ATATH6 (ABC2 homolog 6),ATH6,,vv52010ABC_transporters,
737,VIT_06s0004g00380,12,0.0058,Unknown protein,,,,
738,VIT_15s0021g00450,12,0.0058,Unknown protein,,,,
739,VIT_17s0000g05200,11,0.0053,NLI interacting factor (NIF) family protein,,,,
740,VIT_14s0081g00110,11,0.0053,Pentatricopeptide (PPR) repeat-containing,,,,
741,VIT_05s0020g04360,10,0.0049,Ca2+-ATPase 13 ACA13  plasma membrane,K01537,,vv34020Calcium_signaling_pathway,vv50131Primary_active_transporter_cat_A2_to_A4
742,VIT_13s0019g04860,10,0.0048,Unknown protein,,,,
743,VIT_00s2262g00010,10,0.0048,Low expression of osmotically responsive genes 1,LOS4,,vv50133Primary_active_transporter_cat_A9_to_A18,
744,VIT_04s0008g02860,10,0.0048,Cation transport protein chaC,K07232,,vv50109Incompletely_characterized_transport_systems,
745,VIT_04s0008g02550,10,0.0048,4-coumarate-CoA ligase,E6_2_1_12,,vv10940Phenylpropanoid_biosynthesis,vv50104Group_translocators
746,VIT_16s0098g01710,10,0.0048,Unknown protein,,,,
747,VIT_17s0000g03390,10,0.0048,Calmodulin binding protein,K02183,,vv34020Calcium_signaling_pathway,vv34626Plant-pathogen_interaction
748,VIT_08s0040g01910,10,0.0048,V-type H+-transporting ATPase subunit G,K02152,,vv10190Oxidative_phosphorylation,vv44145Phagosome
749,VIT_15s0024g00400,10,0.0048,R protein MLA10,K13475,,vv34627R_proteins_from_Plant-pathogen_interaction,
750,VIT_00s0820g00010,10,0.0048,Unknown protein,,,,
751,VIT_19s0090g00260,10,0.0048,R protein disease resistance protein,RPROT,,vv34627R_proteins_from_Plant-pathogen_interaction,
752,VIT_17s0000g09480,9,0.0044,Calcineurin phosphoesterase,,,,
753,VIT_08s0007g02900,9,0.0044,Peptidyl-prolyl cis-trans isomerase-like 1,K12733,,vv23040Spliceosome,
754,VIT_01s0026g00400,9,0.0044,Bromo-adjacenty (BAH) domain-containing protein,,,,
755,VIT_05s0020g01930,9,0.0044,TUBBY like protein 3 TLP3,TLP3_1,,vv60063TUB,
756,VIT_01s0026g00200,9,0.0044,Xyloglucan endotransglucosylase/hydrolase 28,E2_4_1_207,,vv40006Cell_wall,
757,VIT_18s0041g01330,9,0.0044,RPS4 (resistant to p. syringae 4),RPS4,,vv34627R_proteins_from_Plant-pathogen_interaction,
758,VIT_03s0063g02350,9,0.0044,Organ-specific protein S2,,,,
759,VIT_17s0000g03380,9,0.0044,Calmodulin binding protein,K02183,,vv34020Calcium_signaling_pathway,vv34626Plant-pathogen_interaction
760,VIT_19s0014g04650,9,0.0044,Avr9/Cf-9 rapidly elicited protein 20,,,,
761,VIT_12s0028g03270,9,0.0044,Ethylene-responsive transcription factor 9,ERF9_1,,vv30008Ethylene_signaling,vv60003AP2_EREBP
762,VIT_05s0020g04210,9,0.0044,Sulfate adenylyltransferase 3,E2_7_7_4,,vv10230Purine_metabolism,vv10450Selenoamino_acid_metabolism
763,VIT_14s0030g01880,9,0.0043,Calmodulin-binding region IQD26,IQD26,,,
764,VIT_06s0004g01940,9,0.0043,No hit,,,,
765,VIT_06s0004g03660,9,0.0043,Pseudo-response regulator 7 (APRR7),APRR7_2,,vv30007Cytokinin_signaling,vv34710Circadian_rhythm
766,VIT_13s0067g01370,9,0.0043,Zinc transporter ZIP6,ZIP6,,vv50121Porters_cat_1_to_6,
767,VIT_03s0038g01600,9,0.0043,ABA-responsive protein (HVA22a),HVA22A,,vv30001ABA_signaling,
768,VIT_01s0010g02200,9,0.0043,Zinc finger (C3HC4-type ring finger),ZFC3HC4_67,,vv60078Other_zf-C3HC4,
769,VIT_05s0029g00300,9,0.0043,DNA repair protein RAD50,K10866,,vv23440Homologous_recombination,vv23450Non_homologous_end_joining
770,VIT_11s0065g00210,9,0.0043,Heat shock protein-related,,,,
771,VIT_00s0286g00140<br>VIT_00s0484g00010<br>VIT_00s2549g00010,9,0.0043,
772,VIT_18s0001g12740,9,0.0043,No hit,,,,
773,VIT_14s0036g00690,9,0.0043,Pentatricopeptide (PPR) repeat-containing,,,,
774,VIT_07s0005g03570,8,0.0039,Arabinose-5-phosphate isomerase,E5_3_1_13,,vv10540Lipopolysaccharide_biosynthesis,
775,VIT_04s0079g00370<br>VIT_16s0115g00220,7,0.0034,
776,VIT_01s0127g00140,7,0.0034,Cysteine-rich receptor-like protein kinase 2,,,,
777,VIT_19s0014g02710,7,0.0034,Unknown protein,,,,
778,VIT_18s0001g09330,7,0.0034,Unknown protein,,,,
779,VIT_19s0014g03070,7,0.0034,No hit,,,,
780,VIT_16s0050g01740,7,0.0034,Serine-threonine protein kinase  plant-type,,,,
781,VIT_09s0054g00910,7,0.0034,Chaperone BCS1 mitochondrial,K08900,,,
782,VIT_01s0011g00530,7,0.0034,Ureide permease 2 (AtUPS2),UPS2,,vv50122Porters_cat_7_to_17,
783,VIT_18s0001g06010,7,0.0034,Hydrolase  alpha/beta fold,,,,
784,VIT_01s0010g00550,7,0.0034,Prolyl oligopeptidase,E3_4_21_26,,,
785,VIT_13s0064g01100,7,0.0034,No hit,,,,
786,VIT_01s0127g00840,7,0.0034,DNA-binding protein,,,,
787,VIT_11s0016g01520<br>VITisv_015848<br>VIT_11s0016g01640,6,0.0029,
788,VIT_08s0032g00670,6,0.0029,Glutamate carboxypeptidase (AMP1),E3_4_17_21,,,
789,VIT_06s0004g04060,6,0.0029,Legumin,,,,
790,VIT_11s0016g01330,6,0.0029,Unknown protein,,,,
791,VIT_05s0077g01500,6,0.0029,Drought induced 19 protein,,,,
792,VIT_00s0179g00380,6,0.0029,Beta-ketoacyl-CoA synthase,E2_3_1_41,,vv10061Fatty_acid_biosynthesis,
793,VIT_14s0060g01680,6,0.0029,TPR3 (topless-related 3),TPR3,,vv30003Auxin_signaling,
794,VIT_00s2037g00010,6,0.0029,Unknown,,,,
795,VIT_18s0122g00180,6,0.0029,Calmodulin CML37,K02183,,vv34020Calcium_signaling_pathway,vv34626Plant-pathogen_interaction
796,VIT_14s0036g01130,6,0.0029,Peroxisome assembly protein 12 (PEX12),PEX12,,vv44146Peroxisome,vv50133Primary_active_transporter_cat_A9_to_A18
797,VIT_01s0011g03160,6,0.0029,PFT1 (phytochrome and flowering time 1) MED25,PFT1,,vv30009Flower_development,
798,VIT_12s0035g00050,6,0.0029,No hit,,,,
799,VIT_00s0647g00010,6,0.0029,WD40,,,,
800,VIT_09s0054g00610,6,0.0029,F-box domain containing protein,,,,
801,VIT_06s0009g00230,6,0.0029,Unknown protein,,,,
802,VIT_14s0066g02610,6,0.0029,Unknown,,,,
803,VIT_16s0100g00620,6,0.0029,Calmodulin-binding region IQD24,,,,
804,VIT_13s0064g01120,6,0.0029,No hit,,,,
805,VIT_13s0139g00150,6,0.0029,Seven in absentia SINA3,K04506,,vv24120Ubiquitin_mediated_proteolysis,
806,VIT_18s0001g14750,6,0.0029,Zinc finger (FYVE type) VPS19,VPS19,,vv50111Tethering_factors,
807,VIT_06s0004g04980,6,0.0029,Scarecrow transcription factor 14 (SCL14),SCL14_5,,vv60032GRAS,
808,VIT_14s0068g00850,6,0.0029,Potassium transporter (KUP3),KUP3,,vv50125Porters_cat_66_to_94,
809,VIT_05s0020g00090,6,0.0029,No hit,,,,
810,VIT_13s0047g00100,6,0.0029,No hit,,,,
811,VIT_09s0002g02930,6,0.0029,RNA polymerase transcriptional regulation mediator,TRANSREGMED_1,,vv60084MED,
812,VIT_14s0006g00640,6,0.0029,DELLA protein RGL1 (RGA-like protein 1),RGL1_1,,vv30010Gibberellin_signaling,vv60032GRAS
813,VIT_18s0001g07480,6,0.0029,Ulp1 protease,,,,
814,VIT_11s0065g00840,6,0.0029,EIF4-gamma/eIF5/eIF2-epsilon domain-containing protein,K03240,,,
815,VIT_14s0128g00490,6,0.0029,DnaJ homolog  subfamily B  member 5,K09511,,vv50132Primary_active_transporter_cat_A5_to_A8,
816,VIT_00s0269g00070,6,0.0029,No hit,,,,
817,VIT_14s0108g00840,6,0.0029,Unknown protein,,,,
818,VIT_15s0021g02770,6,0.0029,DNA binding / hydrolase  acting on ester bonds,,,,
819,VIT_19s0177g00230,6,0.0029,Unknown,,,,
820,VIT_16s0039g01870,5,0.0024,Protein kinase,,,,
821,VIT_17s0000g03050,4,0.0019,Nodulin MtN21 family,MTN21,,vv50122Porters_cat_7_to_17,
822,VIT_14s0108g00400,4,0.0019,Glutaredoxin family,,,,
823,VIT_01s0010g02940,4,0.0019,Calmodulin CML37,K02183,,vv34020Calcium_signaling_pathway,vv34626Plant-pathogen_interaction
824,VIT_00s0434g00080,4,0.0019,Aspartyl protease,E3_4_23_x,,,
825,VIT_18s0001g06180,3,0.0015,Phosphate-induced protein 1,,,,
826,VIT_00s0691g00020,3,0.0015,Retrotransposon protein  Ty1-copia subclass,,,,
827,VIT_10s0042g01090,3,0.0015,Iron regulated transporter,IRT1,,vv50121Porters_cat_1_to_6,
828,VIT_16s0039g02240,3,0.0015,ADP-ribosylation factor B1C,ARFB1C,,,
829,VIT_12s0034g01050,3,0.0015,No hit,,,,
830,VIT_17s0000g03720,3,0.0015,Lateral organ boundaries protein 41,LBD41_1,,vv60007AS2,
831,VIT_14s0068g00140,3,0.0015,No hit,,,,
832,VIT_12s0057g00100,3,0.0015,Wound-responsive,,,,
833,VIT_07s0005g06440,3,0.0015,Drug/metabolite transporter DMT family transporter,DMT,,vv50122Porters_cat_7_to_17,
834,VIT_11s0016g04840,3,0.0015,Avr9/Cf-9 rapidly elicited protein 11,,,,
835,VIT_04s0023g03270,3,0.0015,Anthranilate phosphoribosyltransferase,E2_4_2_18,,vv10400Phenylalanine_tyrosine_and_tryptophan_biosynthesis,
836,VIT_17s0000g08680,3,0.0015,IMP dehydrogenase/GMP reductase,E1_1_1_205,,vv10230Purine_metabolism,
837,VIT_08s0040g01070,3,0.0015,Serine carboxypeptidase S10,,,,
838,VIT_00s0265g00130,3,0.0015,Unknown protein,,,,
839,VIT_00s0357g00010,3,0.0015,Senescence-associated protein,,,,
840,VIT_09s0002g08250,3,0.0015,No hit,,,,
841,VIT_08s0058g00870,3,0.0015,Unknown protein,,,,
842,VIT_18s0001g00260,3,0.0015,Laccase,E1_10_3_2,,vv11000Single_reactions,vv50109Incompletely_characterized_transport_systems
843,VIT_03s0063g01730,3,0.0015,Viral-response family protein-like,,,,
844,VIT_18s0001g06380,3,0.0015,R protein L6,K13477,,vv34627R_proteins_from_Plant-pathogen_interaction,
845,VIT_01s0011g01260,3,0.0015,Phosphatidylinositol N-acetylglucosaminyltransferase subunit C,E2_4_1_198,,vv10563Glycosylphosphatidylinositol-anchor_biosynthesis,
846,VIT_13s0064g00110,3,0.0015,No hit,,,,
847,VIT_01s0127g00720,3,0.0015,Carbonic anhydrase  beta,E4_2_1_1,,vv10910Nitrogen_metabolism,vv50124Porters_cat_30_to_64
848,VIT_00s0353g00050,3,0.0015,Serine/threonine kinase BRLK,,,,
849,VIT_10s0116g00490,3,0.0015,Microtubule organization 1 protein (MOR1),MOR1,,vv44810Regulation_of_actin_cytoskeleton,
850,VIT_01s0146g00250,3,0.0015,PBS1 (avrPphB susceptible 1),K13430,,vv34626Plant-pathogen_interaction,
851,VIT_16s0098g01130,3,0.0015,Unknown protein,,,,
852,VIT_01s0026g00710,3,0.0015,Cyclin delta-2,CYCD1_1,,vv44110Cell_cycle,
853,VIT_13s0067g00860,3,0.0015,Early flowering 4,ELF4,,vv34710Circadian_rhythm,
854,VIT_09s0002g02090,3,0.0015,Unknown protein,,,,
855,VIT_16s0098g01380,3,0.0015,Yippee,,,,
856,VIT_01s0011g02920,3,0.0015,TCP family transcription factor DICHOTOMA,DICHOTOMA,,vv30009Flower_development,vv60061TCP
857,VIT_19s0015g01340,3,0.0015,Cytochrome oxidase assembly,K02259,,vv10860Porphyrin_and_chlorophyll_metabolism,vv50135Primary_active_transporter_cat_D3_to_E2
858,VIT_04s0008g03290,3,0.0015,Peptidyl-tRNA hydrolase 2,K04794,,,
859,VIT_12s0055g00460,3,0.0015,TUBBY like protein 1 TLP10,TLP10_2,,vv60063TUB,
860,VIT_14s0060g01090,3,0.0015,LNG1 (LONGIFOLIA1),,,,
861,VIT_14s0171g00430,3,0.0015,Prohibitin 3,,,,
862,VIT_11s0052g01190,3,0.0015,Xyloglucan endotransglucosylase-hydrolase XTH3,E2_4_1_207,,vv40006Cell_wall,
863,VIT_04s0043g00920,3,0.0015,Unknown,,,,
864,VIT_13s0019g02280,3,0.0015,Regulator of chromosome condensation (RCC1),RCC1,,vv50112Nuclear_pore_complex,
865,VIT_01s0010g02030,3,0.0015,Gamma-thionin precursor,,,,
866,VIT_12s0059g02110,3,0.0015,Galacturonosyltransferase 10,E2_4_1_43,,vv40006Cell_wall,
867,VIT_01s0011g06270,3,0.0015,Hydroxyproline-rich glycoprotein,HRGP,,vv40006Cell_wall,
868,VIT_05s0062g00310,3,0.0015,UDP-glucoronosyl/UDP-glucosyl transferase UGT75C1,UGT75C1,,vv10942Anthocyanin_biosynthesis,
869,VIT_08s0007g02360,3,0.0015,Harpin inducing protein 1-like 9,,,,
870,VIT_00s0341g00050,3,0.0015,ATMYB66/WER/WER1 (WEREWOLF 1),WEREWOLF_3,MYBPAL1,vv44110Cell_cycle,vv60044MYB
871,VIT_11s0206g00080,3,0.0015,Calmodulin-binding protein,K02183,,vv34020Calcium_signaling_pathway,vv34626Plant-pathogen_interaction
872,VIT_09s0002g02880,3,0.0015,FRK1 (FLG22-induced receptor-like kinase 1),FRK1,,vv34626Plant-pathogen_interaction,
873,VIT_04s0008g00960,3,0.0015,Calcineurin B protein 10,E3_1_3_16,,,
874,VIT_12s0059g02370,3,0.0015,Translation initiation factor eIF-1,K03113,,vv23013RNA_transport,
875,VIT_18s0001g02340,3,0.0015,Armadillo/beta-catenin repeat,,,,
876,VIT_07s0130g00210,3,0.0015,PHD finger transcription factor,PHDFG_34,,vv60048PHD,
877,VIT_00s1405g00020,3,0.0015,WD40,,,,
878,VIT_19s0014g01440,3,0.0015,KH domain-containing quaking protein,,,,
879,VIT_11s0016g04460,3,0.0014,Ornithine decarboxylase,E4_1_1_17,,vv10220Urea_cycle_and_metabolism_of_amino_groups,
880,VIT_07s0141g00800,3,0.0014,FLK (flowering locus KH domain),FLK,,vv30009Flower_development,
881,VIT_06s0004g05200,3,0.0014,No hit,,,,
882,VIT_05s0020g01560,3,0.0014,Pentatricopeptide (PPR) repeat-containing protein,,,,
883,VIT_19s0090g00580,3,0.0014,Autophagy-related protein 8C precursor ATG8C,K08341,,vv44140Regulation_of_autophagy,vv50101Channels_and_pores
884,VIT_14s0083g01220,3,0.0014,feronia receptor-like kinase,,,,
885,VIT_11s0016g02980,3,0.0014,Unknown protein,,,,
886,VIT_18s0157g00190,3,0.0014,Choline kinase,E2_7_1_32,,vv10260Glycine_serine_and_threonine_metabolism,vv10564Glycerophospholipid_metabolism
887,VIT_15s0046g02450,3,0.0014,SKP1-like 21 ASK21,K03094,,vv24120Ubiquitin_mediated_proteolysis,vv24141Protein_processing_in_endoplasmic_reticulum
888,VIT_17s0000g07520,3,0.0014,Ribosomal-protein S6 kinase p70,K04688,,vv34150mTOR_signaling_pathway,
889,VIT_14s0066g01340,3,0.0014,DNA-binding protein,,,,
890,VIT_05s0102g00770,3,0.0014,EDR2 (enhanced disease resistance 2),,,,
891,VIT_02s0033g01260,3,0.0014,No hit,,,,
892,VIT_01s0026g00080,3,0.0014,Metal-dependent phosphohydrolase HD domain-containing protein,K07023,,,
893,VIT_16s0050g00230,3,0.0014,Zinc knuckle,ZFC2HC,,,
894,VIT_19s0014g05140,3,0.0014,R protein disease resistance protein,RPROT,,vv34627R_proteins_from_Plant-pathogen_interaction,
895,VIT_18s0001g14770,3,0.0014,Lipase 3 (EXL3) family II extracellular,,,,
896,VIT_18s0001g03910,3,0.0014,Nitrate reductase 2 (NR2),E1_7_1_1,,vv10910Nitrogen_metabolism,vv34020Calcium_signaling_pathway
897,VIT_05s0029g00810,3,0.0014,Unknown,,,,
898,VIT_00s0391g00050,3,0.0014,Unknown protein,,,,
899,VIT_02s0025g02240,3,0.0014,WD-40 repeat,,,,
900,VIT_09s0096g00010,3,0.0014,Disease resistance protein (NBS-LRR class),,,,
901,VIT_01s0010g02600,3,0.0014,CDC48C,K14571,,vv23008Ribosome_biogenesis_in_Eukaryotes,vv44110Cell_cycle
902,VIT_04s0044g00730,3,0.0014,S-receptor kinase,,,,
903,VIT_11s0118g00320,3,0.0014,Transposase,,,,
904,VIT_18s0001g06170,3,0.0014,Phosphate-induced protein 1,,,,
905,VIT_02s0033g01020,3,0.0014,Anthraniloyal-CoA: methanol anthraniloyal transferase,AMAT,,vv10400Phenylalanine_tyrosine_and_tryptophan_biosynthesis,
906,VIT_04s0044g00750,3,0.0014,S-receptor kinase,,,,
907,VIT_08s0040g02380,3,0.0014,Hydrolase  alpha/beta fold,,,,
908,VIT_02s0025g01670,3,0.0014,Unknown protein,,,,
909,VIT_04s0008g05260,3,0.0014,Unknown,,,,
910,VIT_18s0001g05220,3,0.0014,WD-40 repeat,,,,
911,VIT_17s0053g00240,3,0.0014,Peptidoglycan-binding LysM domain-containing protein,,,,
912,VIT_04s0023g02920,3,0.0014,Unknown protein,,,,
913,VIT_14s0066g01250,3,0.0014,Alpha-L-fucosidase 2 precursor,E3_2_1_51,,vv10511N-Glycan_degradation,
914,VIT_18s0001g08360,3,0.0014,Serine esterase (DUF676)  putative,E3_1_1_1,,,
915,VIT_06s0061g00940,3,0.0014,Vacuolar protein sorting 41 (VPS41),VPS41,,vv50110Protein_coat,
916,VIT_17s0000g09040,3,0.0014,Pentatricopeptide (PPR) repeat,,,,
917,VIT_00s0340g00080,3,0.0014,Component of oligomeric golgi complex 1,COG1,,vv50111Tethering_factors,
918,VIT_01s0011g05350,3,0.0014,Cysteine-rich RLK10,,,,
