Vv_m2,2000,1000,VIT_13s0064g01480
rank,node,Fabs,Frel,Functional-annotation,Name-EC-KeggID,Updated-name,Network1,Network2
1,VIT_13s0064g01490,2064,1.0000,Lipoxygenase,E1_13_11_12,,vv10592alpha-Linolenic_acid_metabolism,
2,VIT_13s0067g03590,2058,1.0000,R protein MLA10,K13475,,vv34627R_proteins_from_Plant-pathogen_interaction,
3,VIT_17s0000g08530,2075,1.0000,Boron transporter-like protein 1,BOR1,,vv50124Porters_cat_30_to_64,
4,VIT_15s0021g01080,2051,1.0000,CYP72A1,K13400,,vv10902Monoterpenoid_biosynthesis,
5,VIT_19s0027g01120,2062,0.9995,Lateral organ boundaries protein 4,LBD4_1,,vv60007AS2,
6,VIT_12s0028g02210,2061,0.9990,Riboflavin kinase,E2_7_1_26,,vv10740Riboflavin_metabolism,
7,VIT_06s0009g03270,2067,0.9981,No hit,,,,
8,VIT_04s0008g04920,2060,0.9971,2-oxoglutarate-dependent dioxygenase,,,,
9,VIT_08s0040g02200,2054,0.9961,Peroxidase ATP2a,E1_11_1_7,,vv10360Phenylalanine_metabolism,vv10680Methane_metabolism
10,VIT_02s0025g01850,2058,0.9956,Cellulose synthase CSLG3,E2_4_1_12_CSLG3,,vv40006Cell_wall,
11,VIT_09s0002g00520,2061,0.9952,Lipase GDSL 2,,,,
12,VIT_00s0186g00090,2050,0.9942,Zinc finger (C3HC4-type ring finger),ZFC3HC4_5,,vv60078Other_zf-C3HC4,
13,VIT_02s0025g03200,2055,0.9899,Dehydration-responsive protein,,,,
14,VIT_06s0004g07740,2032,0.9874,Cationic peroxidase 1 precursor,E1_11_1_7,,vv10360Phenylalanine_metabolism,vv10680Methane_metabolism
15,VIT_14s0036g00220,2042,0.9831,No hit,,,,
16,VIT_12s0035g01250,2027,0.9806,Disease resistance protein (NBS-LRR class),,,,
17,VIT_02s0025g01980<br>VIT_02s0025g01910,2027,0.9802,
18,VIT_08s0007g08460,2001,0.9747,Unknown protein,,,,
19,VIT_18s0166g00140,2021,0.9744,Oligopeptidase A,E3_4_24_70,,,
20,VIT_19s0085g01180,2017,0.9730,HUA1 (enhancer of AG-4 1),HUA1,,vv30009Flower_development,vv60018C3H
21,VIT_06s0004g06830,2015,0.9725,Asparagine synthetase,E6_3_5_4,,vv10910Nitrogen_metabolism,
22,VIT_12s0055g00510,2006,0.9696,NAC domain containing protein 104,NAC104_2,VvNAC58,vv60046NAC,
23,VIT_08s0058g00990,2014,0.9692,Peroxidase,E1_11_1_7,,vv10360Phenylalanine_metabolism,vv10680Methane_metabolism
24,VIT_16s0039g01790,1995,0.9670,Unknown,,,,
25,VIT_13s0047g00740,1986,0.9669,Disease resistance protein (NBS class),,,,
26,VIT_01s0011g05180,1997,0.9638,Bet v I allergen,,,,
27,VIT_18s0089g01230,1979,0.9602,fructokinase-2,E2_7_1_4,,vv10051Fructose_and_mannose_metabolism,vv10500Starch_and_sucrose_metabolism
28,VIT_17s0000g02110,1984,0.9585,Unknown,,,,
29,VIT_13s0067g00810,1946,0.9406,R protein  PRF  disease resistance protein,K13453,,vv34627R_proteins_from_Plant-pathogen_interaction,
30,VIT_18s0001g03160,1931,0.9369,Nodulin MtN21 family,MTN21,,vv50122Porters_cat_7_to_17,
31,VIT_13s0067g03750,1936,0.9330,Stigma/style ABC transporter WBC19,WBC19,,vv52010ABC_transporters,
32,VIT_13s0019g03600,1933,0.9316,Nuclear transcription factor Y subunit B-8,NFYB8,,vv60021CCAAT,
33,VIT_08s0007g03980,1908,0.9231,Pentatricopeptide (PPR) repeat-containing,,,,
34,VIT_03s0110g00080,1894,0.9190,Unknown,,,,
35,VIT_03s0091g00440,1911,0.9174,Pentatricopeptide (PPR) repeat-containing protein,,,,
36,VIT_13s0064g01580<br>VIT_13s0064g01720,1896,0.9164,
37,VIT_06s0004g02960,1881,0.9162,Chorismate synthase 1,E4_2_3_5,,vv10400Phenylalanine_tyrosine_and_tryptophan_biosynthesis,
38,VIT_16s0050g02430,1903,0.9158,Receptor protein kinase,,,,
39,VIT_05s0094g00890,1875,0.9111,Haloacid dehalogenase hydrolase,E3_1_3_18,,vv10630Glyoxylate_and_dicarboxylate_metabolism,
40,VIT_12s0134g00430,1883,0.9070,Universal stress protein (USP) family protein,,,,
41,VIT_18s0001g09830,1870,0.9056,TTL3 (tetratricopetide-repeat thioredoxin 3),TTL3,,vv50132Primary_active_transporter_cat_A5_to_A8,
42,VIT_14s0171g00110,1858,0.9037,Lipase family,,,,
43,VIT_15s0048g01200,1851,0.8981,Subtilisin serine endopeptidase (XSP1),XSP1,,vv50101Channels_and_pores,
44,VIT_18s0086g00180,1865,0.8975,MATE efflux family protein,MATE,,vv50125Porters_cat_66_to_94,
45,VIT_07s0205g00030,1853,0.8952,Zinc finger (C3HC4-type ring finger),ZFC3HC4_8,,vv60078Other_zf-C3HC4,
46,VIT_13s0147g00230,1850,0.8929,Unknown protein,,,,
47,VIT_03s0017g00020,1839,0.8893,No hit,,,,
48,VIT_06s0004g07070,1818,0.8800,Protein kinase,,,,
49,VIT_07s0141g00120,1819,0.8787,No hit,,,,
50,VIT_00s0187g00260,1812,0.8745,Alcohol O-fatty-acyltransferase long-chain-,E2_3_1_75,,vv11000Single_reactions,
51,VIT_05s0077g01280,1805,0.8745,Glycosyl hydrolase family 3 beta xylosidase BXL1,,,,
52,VIT_02s0025g01990,1797,0.8723,Zinc finger (C3HC4-type ring finger),ZFC3HC4_132,,vv60078Other_zf-C3HC4,
53,VIT_08s0007g03040,1803,0.8656,E8 protein,E8,,vv30008Ethylene_signaling,
54,VIT_08s0056g00200,1787,0.8645,2 3-bisphosphoglycerate-independent phosphoglycerate mutase,E5_4_2_1,,vv10010Glycolysis,
55,VIT_07s0005g03970,1778,0.8644,Peptide transporter protein 3,PTR3,,vv50122Porters_cat_7_to_17,
56,VIT_19s0014g01180,1786,0.8607,Pathogenesis-related,,,,
57,VIT_05s0029g01490,1773,0.8603,Ankyrin repeat,K10380,,vv50108Accessory_factors_involved_in_transport,
58,VIT_01s0011g05150,1787,0.8595,Bet v I allergen,,,,
59,VIT_10s0071g00940,1758,0.8493,Oligopeptidase B,E3_4_21_83,,,
60,VIT_07s0104g01820,1768,0.8488,Glutathione S-transferase 11 GSTF7,E2_5_1_18_GSTF7,,vv10480Glutathione_metabolism,
61,VIT_13s0019g00470,1751,0.8463,No hit,,,,
62,VIT_18s0157g00080,1741,0.8439,Alliin lyase precursor,E4_4_1_4,,vv10272Cysteine_metabolism,
63,VIT_05s0020g00890,1741,0.8407,P-glycoprotein 11,PGP11,,vv52010ABC_transporters,
64,VIT_15s0048g02050,1717,0.8335,Hydrolase  alpha/beta fold family protein  expressed,,,,
65,VIT_01s0011g03020,1713,0.8316,HAK5 (High affinity K+ transporter 5),HAK5,,vv50125Porters_cat_66_to_94,
66,VIT_16s0039g00840,1718,0.8272,CYP89A6,,,,
67,VIT_04s0008g02830,1705,0.8213,Galactokinase like protein,E2_7_1_6,,vv10052Galactose_metabolism,
68,VIT_03s0017g01040,1682,0.8197,Cis-zeatin O-beta-D-glucosyltransferase,E2_4_1_215,,vv10908Zeatin_biosynthesis,
69,VIT_11s0037g00290,1682,0.8193,Plastocyanin domain-containing protein,K02638,,vv10195Photosynthesis,vv50113Thylakoid_targeting_pathway
70,VIT_04s0008g04090,1695,0.8165,RD22 [Vitis vinifera],,,,
71,VIT_02s0012g01590,1685,0.8164,Unknown protein,,,,
72,VIT_00s0658g00010,1693,0.8147,Receptor kinase TRKa,,,,
73,VIT_17s0000g05640,1670,0.8099,Nitrate transporter 1:2,NRT1_2,,vv50122Porters_cat_7_to_17,
74,VIT_00s0687g00010<br>VIT_00s0521g00010,1669,0.8071,
75,VIT_08s0007g00890,1657,0.8059,Tropinone reductase,E1_1_1_206,,vv10220Urea_cycle_and_metabolism_of_amino_groups,
76,VIT_07s0031g02200,1665,0.8059,Auxin efflux carrier,AUXEFF,,vv50004Auxin_transport,vv50125Porters_cat_66_to_94
77,VIT_16s0039g00570,1668,0.8046,10-deacetylbaccatin III 10-O-acetyltransferase,E2_3_1_167,,vv10904Diterpenoid_biosynthesis,
78,VIT_13s0064g01700,1659,0.8011,Glycosyl hydrolase family 1 protein,K01238,,vv10530Aminosugars_metabolism,
79,VIT_12s0028g03300,1658,0.8010,Zinc finger (CCCH-type) family protein,CCCHFAM_22,,vv60018C3H,
80,VIT_15s0048g02520,1666,0.8010,Zinc transporter (ZAT),ZAT,,vv50121Porters_cat_1_to_6,
81,VIT_16s0022g01770,1665,0.8001,Phosphopyruvate hydratase.,E4_2_1_11,,vv10010Glycolysis,
82,VIT_02s0025g02610,1651,0.7999,Basic helix-loop-helix (bHLH) family,BHLHDOM_48,,vv60011BHLH,
83,VIT_08s0007g04100,1648,0.7984,CYPLXXVIA2,,,,
84,VIT_17s0000g02260,1644,0.7946,Aldose 1-epimerase,E5_1_3_3,,vv10010Glycolysis,
85,VIT_04s0008g00460,1647,0.7934,Unknown protein,,,,
86,VIT_01s0011g04010,1642,0.7932,Catalytic,,,,
87,VIT_02s0025g01770,1635,0.7899,Cellulose synthase CSLG3,E2_4_1_12_CSLG3,,vv40006Cell_wall,
88,VIT_07s0129g00360,1629,0.7858,Peroxidase 73,E1_11_1_7,,vv10360Phenylalanine_metabolism,vv10680Methane_metabolism
89,VIT_10s0116g00780,1627,0.7841,Dalcochinin 8'-O-beta-glucoside beta-glucosidase,,,,
90,VIT_11s0052g01620,1609,0.7780,Pathogenesis-related protein 1 precursor (PRP 1),PRP1,,vv30011Jasmonate_signaling,vv34626Plant-pathogen_interaction
91,VIT_08s0007g04130,1611,0.7741,CYP76G1,,,,
92,VIT_05s0020g02270,1589,0.7650,Unknown,,,,
93,VIT_07s0005g01300,1569,0.7624,Auxin-induced beta-glucosidase,E3_2_1_21,,vv10500Starch_and_sucrose_metabolism,vv10902Monoterpenoid_biosynthesis
94,VIT_16s0022g00430,1573,0.7570,SRG1 (senescence-related gene 1) oxidoreductase,,,,
95,VIT_05s0102g00850,1575,0.7561,Unknown protein,,,,
96,VIT_02s0025g01810,1557,0.7536,No hit,,,,
97,VIT_16s0022g01210,1538,0.7477,Myb domain protein 85,MYB85_2,MYB191,vv60044MYB,
98,VIT_05s0094g01190,1541,0.7470,flavonoid 3-monooxygenase,E1_14_13_21,,vv10941Flavonoid_biosynthesis,
99,VIT_07s0005g06380,1539,0.7449,LUG (LEUNIG),LEUNIG_6,,vv30009Flower_development,vv60041LUG
100,VIT_05s0020g00930,1542,0.7431,Soluble diacylglycerol acyltransferase,E2_3_1_20,,vv10561Glycerolipid_metabolism,vv50124Porters_cat_30_to_64
101,VIT_17s0000g05920,1541,0.7391,Kelch repeat-containing F-box protein,,,,
102,VIT_19s0014g01060,1526,0.7376,Sesquiterpene synthase,E2_5_1_21,,vv10100Biosynthesis_of_steroids,vv10900Terpenoid_biosynthesis
103,VIT_16s0013g00040,1525,0.7374,Unknown,,,,
104,VIT_12s0028g02570,1515,0.7354,Sodium/calcium exchanger family protein,NACAEX,,vv50123Porters_cat_18_to_29,
105,VIT_12s0055g00460,1527,0.7331,TUBBY like protein 1 TLP10,TLP10_2,,vv60063TUB,
106,VIT_16s0100g00600,1515,0.7312,CYP87A3,,,,
107,VIT_04s0008g05280,1512,0.7290,CRR2 (chlororespiratory reduction 2),,,,
108,VIT_09s0018g01690,1495,0.7254,No hit,,,,
109,VIT_13s0064g01740<br>VIT_13s0064g01750,1480,0.7164,
110,VIT_13s0139g00010,1465,0.7129,R protein MLA10,K13475,,vv34627R_proteins_from_Plant-pathogen_interaction,
111,VIT_00s0131g00320<br>VIT_00s0131g00130<br>VIT_00s0131g00210<br>VIT_13s0019g00600<br>VIT_00s0131g00050,1476,0.7096,
112,VIT_14s0036g00140,1469,0.7076,CyP82A2,,,,
113,VIT_02s0025g01890,1465,0.7060,Cellulose synthase CSLG3,E2_4_1_12_CSLG3,,vv40006Cell_wall,
114,VIT_13s0019g05270,1469,0.7046,Monocopper oxidase SKS1 (SKU5 Similar 1),SKS11,,vv50109Incompletely_characterized_transport_systems,
115,VIT_04s0023g01210,1444,0.7003,Geranylgeranyl pyrophosphate synthetase 1  chloroplast precursor,E2_5_1_29,,vv10100Biosynthesis_of_steroids,vv10900Terpenoid_biosynthesis
116,VIT_03s0110g00110<br>VIT_00s0344g00020<br>VIT_00s1871g00010,1447,0.6987,
117,VIT_10s0003g04900,1435,0.6953,ARF GTPase activator  ARF-GAP Domain 12,AGD12,,vv50110Protein_coat,
118,VIT_13s0064g01640,1421,0.6901,Beta-primeverosidase,E3_2_1_149,,vv11000Single_reactions,
119,VIT_19s0014g02900,1413,0.6813,Ring finger protein 185,,,,
120,VIT_06s0061g01590,1399,0.6788,Peptidylprolyl isomerase domain and WD repeat-containing protein 1,K12736,,vv23040Spliceosome,
121,VIT_03s0091g00360,1409,0.6771,Seed maturation protein PM23,,,,
122,VIT_19s0090g00770,1396,0.6760,F-box family protein,,,,
123,VIT_08s0058g00260,1391,0.6717,Ethylene overproducer 1 (ETO1),ETO1_4,,vv30008Ethylene_signaling,vv60093TRAF
124,VIT_16s0100g00460,1377,0.6655,MATE efflux family protein,MATE,,vv50125Porters_cat_66_to_94,
125,VIT_07s0031g02900,1378,0.6628,Aspartyl protease,E3_4_23_x,,,
126,VIT_16s0039g00800,1368,0.6612,GAG-POL precursor [Vitis vinifera],,,,
127,VIT_07s0005g06480,1374,0.6599,EMB1974 (embryo defective 1974),,,,
128,VIT_09s0002g01800,1358,0.6579,Dihydrolipoamide S-acetyltransferase,E2_3_1_12,,vv10010Glycolysis,vv10252Alanine_and_aspartate_metabolism
129,VIT_05s0077g02090,1351,0.6552,MATE efflux family protein,MATE,,vv50125Porters_cat_66_to_94,
130,VIT_18s0041g00840,1351,0.6549,UDP-glucose: anthocyanidin 5 3-O-glucosyltransferase,E2_4_1_238,,vv10941Flavonoid_biosynthesis,vv10942Anthocyanin_biosynthesis
131,VIT_00s0131g00010,1321,0.6438,Annexin ANN3,ANN3,,vv50101Channels_and_pores,
132,VIT_18s0089g00210,1332,0.6425,Endo-1 4-beta-glucanase,E3_2_1_4,,vv40006Cell_wall,
133,VIT_01s0026g01140,1332,0.6401,ZCW32 (BIGPETAL  BIGPETALUB),ZCW32_2,,vv60011BHLH,
134,VIT_13s0019g03810,1311,0.6386,Lateral organ boundaries protein 1,LBD1_4,,vv60007AS2,
135,VIT_07s0031g01780,1314,0.6366,TRNA-histidine guanylyltransferase,,,,
136,VIT_08s0007g08340,1314,0.6323,Lysine decarboxylase,E4_1_1_18,,vv10300Lysine_biosynthesis,
137,VIT_15s0045g01490,1306,0.6303,Isoflavone methyltransferase/Orcinol O-methyltransferase 2 oomt2,E2_1_1_46,,vv10943Isoflavonoid_biosynthesis,
138,VIT_04s0044g01110,1299,0.6284,Alcohol dehydrogenase 6,E1_1_1_1,,vv10010Glycolysis,vv10071Fatty_acid_metabolism
139,VIT_15s0021g01040,1297,0.6281,CYP72A1,K13400,,vv10902Monoterpenoid_biosynthesis,
140,VIT_12s0034g00250,1295,0.6271,Aquaporin PIP1A,PIP1A,,vv50101Channels_and_pores,
141,VIT_05s0020g02560,1291,0.6201,Ribonucleotide reductase small subunit,E1_17_4_1,,vv10230Purine_metabolism,vv10240Pyrimidine_metabolism
142,VIT_04s0008g00740,1283,0.6189,Protein phosphatase 2C,E3_1_3_16,,,
143,VIT_18s0001g09270,1281,0.6182,Unknown,,,,
144,VIT_07s0129g01070,1257,0.6090,Leucine-rich repeat protein kinase,,,,
145,VIT_03s0088g01240,1244,0.6024,Basic helix-loop-helix (bHLH) family,BHLHDOM_74,,vv60011BHLH,
146,VIT_09s0002g00700,1233,0.5974,Dormancy/auxin associated protein,DRM3,,vv30003Auxin_signaling,
147,VIT_19s0027g01090,1239,0.5962,Molybdenum cofactor sulfurase,ABA3,,vv10790Folate_biosynthesis,vv10906Carotenoid_biosynthesis
148,VIT_12s0035g00800,1235,0.5960,DEAH (Asp-Glu-Ala-His) box polypeptide 36,DHX36,,vv23040Spliceosome,
149,VIT_04s0008g03520,1222,0.5881,Ring-H2 finger protein ATL4J,VVL4J_2,,vv60078Other_zf-C3HC4,
150,VIT_07s0031g00110,1211,0.5862,Unknown protein,,,,
151,VIT_09s0002g04180,1204,0.5856,Unknown protein,,,,
152,VIT_08s0058g01130,1211,0.5845,WNK5 (Arabidopsis WNK kinase 5),,,,
153,VIT_13s0064g00750,1212,0.5841,Polygalacturonase GH28,E3_2_1_15,,vv40006Cell_wall,
154,VIT_07s0141g00070,1206,0.5829,Beta-keto-Coa synthase,,,,
155,VIT_05s0020g04410,1185,0.5738,Unknown,,,,
156,VIT_08s0007g04040,1190,0.5735,flavonoid 3-monooxygenase,E1_14_13_21,,vv10941Flavonoid_biosynthesis,
157,VIT_18s0001g13520,1191,0.5729,Zinc finger (B-box type),ZFBBOX_9,,vv60073Orphans_zf-b_box,
158,VIT_08s0007g08380,1184,0.5728,Cellulose synthase CESA3,E2_4_1_12_CESA3,,vv30011Jasmonate_signaling,vv40006Cell_wall
159,VIT_12s0028g03420,1185,0.5725,Ribonuclease P/MRP protein subunit POP1,K01164,,vv23008Ribosome_biogenesis_in_Eukaryotes,vv23013RNA_transport
160,VIT_11s0016g04270,1177,0.5708,Hydrolase  alpha/beta fold,,,,
161,VIT_13s0139g00020,1183,0.5682,No hit,,,,
162,VIT_14s0068g02180,1154,0.5621,Retrotransposon protein,,,,
163,VIT_13s0156g00420,1153,0.5603,Disease resistance protein (NBS-LRR class),,,,
164,VIT_04s0008g04080,1160,0.5580,No hit,,,,
165,VIT_18s0072g00780,1141,0.5547,Ubiquitin interaction motif-containing protein,,,,
166,VIT_14s0068g00870,1140,0.5534,Nudix hydrolase 13,,,,
167,VIT_18s0001g12690,1151,0.5534,Isoflavone reductase protein 4,E1_3_1_45,,vv10943Isoflavonoid_biosynthesis,
168,VIT_14s0066g01730,1145,0.5529,Cellulose synthase CSLC04,E2_4_1_12_CSLC04,,vv40006Cell_wall,
169,VIT_13s0067g01840,1145,0.5523,ferritin,E1_16_3_1,,vv10860Porphyrin_and_chlorophyll_metabolism,
170,VIT_01s0011g01660,1139,0.5518,VAMP726 (VESICLE-associated membrane protein),K08511,,vv24130SNARE_interactions_in_vesicular_transport,vv50101Channels_and_pores
171,VIT_07s0151g00780,1145,0.5515,Hemolysin A,K06442,,vv50109Incompletely_characterized_transport_systems,
172,VIT_08s0058g00930,1134,0.5510,Alanine--glyoxylate aminotransferase 2 3  mitochondrial,E2_6_1_44,,vv10252Alanine_and_aspartate_metabolism,vv10260Glycine_serine_and_threonine_metabolism
173,VIT_06s0004g04120,1143,0.5479,Aquaporin TIP1;3,TIP1_3,,vv50101Channels_and_pores,
174,VIT_01s0146g00370,1129,0.5475,Armadillo/beta-catenin repeat,,,,
175,VIT_05s0020g00680,1130,0.5475,ABC transporter G member 21,ABCG21,,vv52010ABC_transporters,
176,VIT_12s0059g02120,1136,0.5469,Unknown,,,,
177,VIT_13s0047g00040,1136,0.5446,ZIFL1 (Zinc induced facilitator 1),ZIFL1,,vv50121Porters_cat_1_to_6,
178,VIT_13s0067g00740,1120,0.5418,R protein  PRF  disease resistance protein,K13453,,vv34627R_proteins_from_Plant-pathogen_interaction,
179,VIT_00s0262g00110,1119,0.5377,6-phosphogluconate dehydrogenase  decarboxylating,E1_1_1_44,,vv10030Pentose_phosphate,
180,VIT_10s0071g00860,1099,0.5332,Disease resistance protein,,,,
181,VIT_06s0004g01580,1102,0.5303,Lipoxygenase,E1_13_11_12,,vv10592alpha-Linolenic_acid_metabolism,
182,VIT_12s0035g00880,1101,0.5291,Lactoylglutathione lyase,E4_4_1_5,,vv10620Pyruvate_metabolism,
183,VIT_00s0131g00060,1094,0.5272,Annexin ANN3,ANN3,,vv50101Channels_and_pores,
184,VIT_07s0104g00720,1091,0.5255,Transcription termination factor mitochondrial mTERF,MTERF_5,,vv60085MTERF,
185,VIT_18s0001g04160,1089,0.5251,Translation initiation factor eIF-5,K03262,,vv23013RNA_transport,
186,VIT_07s0031g01380,1063,0.5125,ferulate 5-hydroxylase,K09755,,vv10940Phenylpropanoid_biosynthesis,
187,VIT_10s0003g04870,1063,0.5125,Receptor kinase TRKe,,,,
188,VIT_19s0014g04900,1049,0.5075,(-)-germacrene D synthase,E4_2_3_22,,vv10900Terpenoid_biosynthesis,
189,VIT_19s0090g00790,1049,0.5041,F-box family protein,,,,
190,VIT_15s0048g01210,1038,0.5007,Subtilisin serine endopeptidase (XSP1),XSP1,,vv50101Channels_and_pores,
191,VIT_11s0016g04870,1025,0.4973,Unknown protein,,,,
192,VIT_17s0000g09300,1013,0.4896,Pentatricopeptide (PPR) repeat,,,,
193,VIT_04s0008g01050,1013,0.4882,Unknown,,,,
194,VIT_09s0002g05160,1008,0.4872,IAA17,IAA17,,vv30003Auxin_signaling,vv60008AUXIAA
195,VIT_09s0002g03750,1010,0.4863,GATA transcription factor 11,GAT11_2,,vv60016C2C2-GATA,
196,VIT_14s0068g01920,1003,0.4829,Peroxidase,E1_11_1_7,,vv10360Phenylalanine_metabolism,vv10680Methane_metabolism
197,VIT_12s0034g02570,999,0.4826,Leucine Rich Repeat receptor-like kinase,,,,
198,VIT_16s0013g02120,993,0.4813,Pentatricopeptide (PPR) repeat-containing protein,,,,
199,VIT_05s0077g00500,996,0.4800,Myb domain protein 108,MYB108,MYB108A,vv60044MYB,
200,VIT_18s0001g13960,992,0.4790,SAUR_E,SAURE,,vv30003Auxin_signaling,
201,VIT_03s0063g02670,983,0.4737,Radialis-like protein 6,RADL6_1,,vv30009Flower_development,vv60044MYB
202,VIT_02s0012g01370,981,0.4735,No hit,,,,
203,VIT_00s0772g00020<br>VIT_00s1291g00010,971,0.4707,
204,VIT_13s0064g00300,971,0.4671,Separase,K02365,,,
205,VIT_03s0063g01430,966,0.4658,Pentatricopeptide (PPR) repeat,,,,
206,VIT_17s0000g02950,959,0.4653,Glutathione S-transferase 25 GSTU7,E2_5_1_18_GSTU7,,vv10480Glutathione_metabolism,
207,VIT_08s0007g01540,960,0.4624,MYB1,MYB1,MYB176,vv60044MYB,
208,VIT_02s0025g02790,958,0.4608,Starch synthase,E2_4_1_21,,vv10500Starch_and_sucrose_metabolism,
209,VIT_13s0106g00620,946,0.4603,Nitrogen fixation NifU,,,,
210,VIT_12s0055g00680,955,0.4594,Leucine-rich repeat protein kinase,,,,
211,VIT_03s0038g00140,947,0.4582,Unknown protein,,,,
212,VIT_11s0118g00230,945,0.4581,ATSYTE/NTMC2T2.1/NTMC2TYPE2.1/SYTE,NTMC2T2_1,,vv50109Incompletely_characterized_transport_systems,
213,VIT_11s0016g03690,935,0.4521,Peroxisomal fatty acid beta-oxidation multifunctional protein (aim1),E4_2_1_17_AIM1,vv11012Iba_metabolism,vv10062Fatty_acid_elongation_in_mitochondria,vv10071Fatty_acid_metabolism
214,VIT_15s0021g00140,928,0.4485,Speckle-type POZ protein-related,BTBDOM_8,,vv60093TRAF,
215,VIT_17s0000g09070,932,0.4474,Histone deacetylase HDA6,K06067_HDAC6,,vv30011Jasmonate_signaling,vv44110Cell_cycle
216,VIT_18s0001g15280,919,0.4446,RNA exonuclease 1,K14570,,vv23008Ribosome_biogenesis_in_Eukaryotes,
217,VIT_13s0156g00270,921,0.4445,Proline-rich family protein,,,,
218,VIT_01s0011g02350,915,0.4442,Unknown,,,,
219,VIT_00s0262g00020,916,0.4427,Receptor kinase RK20-1,,,,
220,VIT_11s0016g04170,908,0.4397,Sulfate transporter 3.5,SULTR3_5,,vv50124Porters_cat_30_to_64,
221,VIT_06s0004g03760,907,0.4390,Laccase,E1_10_3_2,,vv11000Single_reactions,vv50109Incompletely_characterized_transport_systems
222,VIT_07s0141g01050,901,0.4374,No hit,,,,
223,VIT_12s0055g01140,896,0.4343,Lipid transfer protein,LTP,,,
224,VIT_18s0001g06880,900,0.4337,Aminoacyl-tRNA synthetase  class Ia,E6_1_1_7,,vv10252Alanine_and_aspartate_metabolism,vv20970Aminoacyl-tRNA_biosynthesis
225,VIT_13s0106g00070,895,0.4332,Ankyrin repeat protein,K10380,,vv50108Accessory_factors_involved_in_transport,
226,VIT_17s0000g04890,892,0.4320,D-aminoacyl-tRNA deacylase GEKO1,,,,
227,VIT_18s0072g00770,891,0.4311,fructose-1 6-bisphosphatase  cytosolic,E3_1_3_11,,vv10010Glycolysis,vv10030Pentose_phosphate
228,VIT_02s0025g02650,887,0.4310,Cellulase CEL2,E3_2_1_4,,vv40006Cell_wall,
229,VIT_12s0028g02240,892,0.4301,Thioredoxin TTL3 (Tetratricopetide-repeat thioredoxin-like 3),TTL3,,vv50132Primary_active_transporter_cat_A5_to_A8,
230,VIT_00s0291g00020,884,0.4285,Unknown protein,,,,
231,VIT_18s0001g11290,868,0.4201,Signal peptidase 1,K03100,,vv23060Protein_export,vv50132Primary_active_transporter_cat_A5_to_A8
232,VIT_17s0000g02930,861,0.4133,Glutathione S-transferase 25 GSTU7,E2_5_1_18_GSTU7,,vv10480Glutathione_metabolism,
233,VIT_18s0041g00890,850,0.4114,UDP-glucose: anthocyanidin 5 3-O-glucosyltransferase,RHGT1,,vv10942Anthocyanin_biosynthesis,
234,VIT_13s0106g00700,843,0.4114,Aspartyl aminopeptidase,E3_4_11_21,,,
235,VIT_17s0000g10370,853,0.4105,No hit,,,,
236,VIT_03s0063g02370,849,0.4097,Unknown,,,,
237,VIT_09s0002g04610,843,0.4074,Unknown protein,,,,
238,VIT_19s0090g00840,832,0.4021,WRKY DNA-binding protein 6,WRKY6_2,VvWRKY55,vv60066WRKY,
239,VIT_04s0044g01490,831,0.4014,2-oxoisovalerate dehydrogenase alpha subunit  mitochondrial precursor,E1_2_4_4,,vv10280Valine_leucine_and_isoleucine_degradation,
240,VIT_14s0006g02850,833,0.4001,BEE1 (BR Enhanced expression 1),BEE1_2,,vv60011BHLH,
241,VIT_15s0048g01180,836,0.3996,Subtilisin serine protease,,,,
242,VIT_01s0010g03390,821,0.3984,Gag-pol polyprotein,,,,
243,VIT_17s0000g05220,817,0.3943,TCP family transcription factor TCP5,TCP5,,vv60061TCP,
244,VIT_08s0007g03440,804,0.3892,Hydrolase  alpha/beta fold,,,,
245,VIT_12s0028g02360,797,0.3856,ABC transporter G member 14,ABCG14,,vv52010ABC_transporters,
246,VIT_13s0047g00950,787,0.3828,R protein MLA10,K13475,,vv34627R_proteins_from_Plant-pathogen_interaction,
247,VIT_08s0007g00680,796,0.3816,Laccase,E1_10_3_2,,vv11000Single_reactions,vv50109Incompletely_characterized_transport_systems
248,VIT_09s0002g06520,781,0.3777,Beta-expansin EXPR3,EXPR3,,vv30003Auxin_signaling,
249,VIT_03s0038g01410,766,0.3684,Aquaporin PIP PIP1A,PIP1A,,vv50101Channels_and_pores,
250,VIT_04s0023g02210,751,0.3630,SAM dependent carboxyl methyltransferase Methyltransf_7,,,,
251,VIT_12s0035g01280,744,0.3624,R protein disease resistance protein,RPROT,,vv34627R_proteins_from_Plant-pathogen_interaction,
252,VIT_01s0011g06610,744,0.3596,Glutamate decarboxylase,E4_1_1_15,,vv10251Glutamate_metabolism,vv10252Alanine_and_aspartate_metabolism
253,VIT_03s0063g01010,742,0.3581,Blue (type 1) copper domain,,,,
254,VIT_18s0041g00810<br>VIT_18s0041g00910<br>VIT_00s1602g00010<br>VIT_18s0041g00920<br>VIT_18s0041g00980<br>VIT_18s0041g01000<br>VIT_00s2707g00010<br>VIT_18s0041g01080<br>VIT_18s0041g00950<br>VIT_18s0041g00830<br>VIT_18s0041g01040,736,0.3568,
255,VIT_18s0001g03180,732,0.3553,Nodulin MtN21 family,MTN21,,vv50122Porters_cat_7_to_17,
256,VIT_04s0044g00710,733,0.3541,UTP--glucose-1-phosphate uridylyltransferase,E2_7_7_9,,vv10040Pentose_glucuronate_interconversion,vv10052Galactose_metabolism
257,VIT_00s0203g00080,719,0.3489,Mother of ft (MFT),,,,
258,VIT_13s0106g00260,723,0.3488,Lipase GDSL,,,,
259,VIT_04s0008g04970,724,0.3482,1-deoxy-D-xylulose-5-phosphate synthase  chloroplast precursor,E2_2_1_7,,vv10100Biosynthesis_of_steroids,
260,VIT_02s0012g00390,717,0.3469,Norcoclaurine synthase,E4_2_1_78,,vv10950Alkaloid_biosynthesis_I,
261,VIT_17s0000g06130,712,0.3446,Glutathione S-transferase 9 GSTU9,E2_5_1_18_GSTU9,,vv10480Glutathione_metabolism,
262,VIT_13s0067g01180,714,0.3441,Leaf senescence related,,,,
263,VIT_11s0016g04760,707,0.3424,Unknown protein,,,,
264,VIT_03s0063g01830,707,0.3414,AOS (allene oxide synthase),E4_2_1_92,,vv10592alpha-Linolenic_acid_metabolism,
265,VIT_13s0067g03610,709,0.3397,No hit,,,,
266,VIT_01s0010g02000,697,0.3356,Peroxidase,E1_11_1_7,,vv10360Phenylalanine_metabolism,vv10680Methane_metabolism
267,VIT_18s0001g01140,690,0.3337,Peroxidase 64,E1_11_1_7,,vv10360Phenylalanine_metabolism,vv10680Methane_metabolism
268,VIT_18s0001g12950,685,0.3316,SEC14 cytosolic factor,SEC14,,vv50122Porters_cat_7_to_17,
269,VIT_06s0080g01020,676,0.3270,Secoisolariciresinol dehydrogenase,SIRD,,vv10940Phenylpropanoid_biosynthesis,
270,VIT_13s0067g03100,678,0.3269,Lung seven transmembrane receptor,,,,
271,VIT_00s0323g00030,675,0.3262,HSP associated protein,,,,
272,VIT_15s0048g01980,675,0.3261,COP9 signalosome complex subunit 1,,,,
273,VIT_07s0031g02210,673,0.3253,No hit,,,,
274,VIT_18s0001g14970,675,0.3248,Pentatricopeptide (PPR) repeat-containing,,,,
275,VIT_19s0090g00140,666,0.3207,5-alpha-taxadienol-10-beta-hydroxylase,E1_14_13_76,,vv10904Diterpenoid_biosynthesis,
276,VIT_18s0001g10330,661,0.3193,Subtilisin protease,ARA12,,vv50101Channels_and_pores,
277,VIT_05s0020g02830,658,0.3193,Unknown protein,,,,
278,VIT_05s0077g01250,657,0.3182,Endochitinase A2 precursor,E3_2_1_14,,vv10530Aminosugars_metabolism,
279,VIT_13s0106g00320,646,0.3153,Lipase GDSL,,,,
280,VIT_19s0085g00360,650,0.3146,No hit,,,,
281,VIT_00s0199g00140,650,0.3133,14-3-3 protein GF14 kappa (GRF8),,,,
282,VIT_04s0044g01650,638,0.3108,GA 20-oxidase 2,E1_14_11_12,,vv10904Diterpenoid_biosynthesis,
283,VIT_15s0024g00550,637,0.3076,No hit,,,,
284,VIT_13s0139g00210,630,0.3054,R protein MLA10,K13475,,vv34627R_proteins_from_Plant-pathogen_interaction,
285,VIT_18s0001g09650,624,0.3014,CYP81E1,E1_14_13_89,,vv10943Isoflavonoid_biosynthesis,
286,VIT_19s0015g01010,620,0.3001,Farnesyl diphosphate synthase,E2_5_1_10,,vv10100Biosynthesis_of_steroids,vv10900Terpenoid_biosynthesis
287,VIT_17s0053g00040,618,0.2993,Metal-nicotianamine transporter YSL5,YSL5,,vv50125Porters_cat_66_to_94,
288,VIT_01s0011g05130,620,0.2981,Bet v I allergen,,,,
289,VIT_00s0429g00040,614,0.2970,Aspartic proteinase nepenthesin-1 precursor,E3_4_23_12,,,
290,VIT_01s0010g03020,614,0.2960,Calcium-binding protein CML,K13448,,vv34626Plant-pathogen_interaction,
291,VIT_06s0080g00400,602,0.2935,Ribosomal protein L10A (RPL10aA) 60S,K02865,,vv23010Ribosome,
292,VIT_00s0357g00130,594,0.2871,Annexin ANN6,ANN6,,vv50101Channels_and_pores,
293,VIT_17s0000g03940,592,0.2867,ferulate 5-hydroxylase,K09755,,vv10940Phenylpropanoid_biosynthesis,
294,VIT_08s0040g00490,592,0.2861,Caspase,E3_4_22_36,,,
295,VIT_18s0041g00520,586,0.2823,Proton-dependent oligopeptide transport (POT) family protein,POT,,vv50122Porters_cat_7_to_17,
296,VIT_07s0031g02450,582,0.2823,Unknown,,,,
297,VIT_13s0074g00510,579,0.2808,ATP-dependent RNA helicase,,,,
298,VIT_08s0007g04810,578,0.2803,No hit,,,,
299,VIT_18s0041g01800,578,0.2800,Taxadiene 5-alpha-hydroxylase,E1_14_99_37,,vv10904Diterpenoid_biosynthesis,
300,VIT_05s0020g01960,577,0.2791,Na+/H+ antiporter isoform 2,NHX2,,vv50124Porters_cat_30_to_64,
301,VIT_07s0005g04870,577,0.2777,Glutathione S-transferase 25 GSTU7,E2_5_1_18_GSTU7,,vv10480Glutathione_metabolism,
302,VIT_04s0008g06510,559,0.2711,Unknown,,,,
303,VIT_11s0016g05710,560,0.2685,UDP-glucuronic acid/UDP-N-acetylgalactosamine transporter,UDPGLUCUTR,,vv50122Porters_cat_7_to_17,
304,VIT_02s0025g02970,552,0.2659,flavanone 3-beta-hydroxylase,E1_14_11_9,,vv10941Flavonoid_biosynthesis,
305,VIT_17s0000g02700,539,0.2608,Alpha-dioxygenase 2,K10529,,vv10592alpha-Linolenic_acid_metabolism,
306,VIT_06s0061g01250,536,0.2598,Unknown protein,,,,
307,VIT_16s0098g01740,531,0.2586,Unknown protein,,,,
308,VIT_18s0166g00220,534,0.2585,No hit,,,,
309,VIT_10s0092g00250,527,0.2543,Alpha-glucosidase 1 (AGLU1),E3_2_1_20,,vv10052Galactose_metabolism,vv10500Starch_and_sucrose_metabolism
310,VIT_07s0005g00020,524,0.2540,Pentatricopeptide (PPR) repeat protein,,,,
311,VIT_14s0006g02730,526,0.2530,Zinc finger protein 6,ZFP6_1,,vv60017C2H2,
312,VIT_00s0521g00030,521,0.2516,Oxidoreductase  2OG-Fe(II) oxygenase,,,,
313,VIT_13s0074g00150,520,0.2515,Dihydrolipoamide S-acetyltransferase precursor,E2_3_1_12,,vv10010Glycolysis,vv10252Alanine_and_aspartate_metabolism
314,VIT_19s0014g00310,520,0.2513,MADS-box agamous-like 66,AGL66_3,,vv60042MADS,
315,VIT_03s0038g01610,518,0.2510,R protein  PRF  disease resistance protein,K13453,,vv34627R_proteins_from_Plant-pathogen_interaction,
316,VIT_00s0317g00020,518,0.2510,Unknown protein,,,,
317,VIT_09s0054g01790,517,0.2508,No hit,,VvERF069,,
318,VIT_14s0006g00410,519,0.2501,Binding,,,,
319,VIT_11s0052g01570,518,0.2492,MATE efflux family protein,MATE,,vv50125Porters_cat_66_to_94,
320,VIT_18s0001g11180,510,0.2479,Blue (type 1) copper domain,,,,
321,VIT_12s0028g03390,510,0.2464,Extensin-like protein,EXTENSIN,,vv40006Cell_wall,
322,VIT_00s1364g00010,510,0.2453,Isochorismatase hydrolase,E3_3_2_1,,vv10130Ubiquinone_biosynthesis,
323,VIT_04s0008g04050,505,0.2441,RD22,,,,
324,VIT_16s0098g00730,499,0.2420,Ribosomal protein L9 (RPL90A/C) 60S,K02940,,vv23010Ribosome,
325,VIT_08s0007g04120,501,0.2407,CYPLXXVIA2,,,,
326,VIT_03s0038g02190,494,0.2406,Nodulin,,,,
327,VIT_09s0002g01000,491,0.2381,Ferredoxin 4Fe-4S  iron-sulfur binding,K04755,,,
328,VIT_18s0001g07670,493,0.2380,DsRNA-binding protein LH1 HYL1,HYL1,,vv30001ABA_signaling,
329,VIT_14s0030g00520,497,0.2379,Disease resistance protein (NBS-LRR class),,,,
330,VIT_11s0052g01530,489,0.2369,MATE efflux family protein,MATE,,vv50125Porters_cat_66_to_94,
331,VIT_15s0021g00270,482,0.2334,Ent-kaurenoic acid oxidase,E1_14_13_79,,vv10904Diterpenoid_biosynthesis,
332,VIT_04s0079g00240,480,0.2315,Leucine Rich Repeat receptor-like kinase,,,,
333,VIT_08s0217g00100,470,0.2277,Pyruvate decarboxylase isozyme 2,E4_1_1_1,,vv10010Glycolysis,
334,VIT_14s0108g01080,469,0.2268,Myb domain protein 106,MYB106_2,MYB141,vv60044MYB,
335,VIT_03s0038g00010,468,0.2267,ATP-dependent RNA helicase DDX23/PRP28,K12858,,vv23040Spliceosome,vv50133Primary_active_transporter_cat_A9_to_A18
336,VIT_03s0017g02140,463,0.2238,Tetrahydroxychalcone 2'-glucosyltransferase,THCGT,,vv10941Flavonoid_biosynthesis,
337,VIT_04s0069g00750,461,0.2232,AHK5 (Cytokinin independent 2),AHK5,,vv30007Cytokinin_signaling,
338,VIT_14s0066g01790,459,0.2218,GASA like,GASAL,,vv30010Gibberellin_signaling,
339,VIT_02s0025g03030,455,0.2209,Zinc finger (C3HC4-type ring finger),ZFC3HC4_23,,vv60078Other_zf-C3HC4,
340,VIT_06s0061g00830,453,0.2196,PHD finger transcription factor,PHDFG_29,,vv60048PHD,
341,VIT_13s0019g02020,455,0.2185,Thaumatin,,,,
342,VIT_19s0014g02790,446,0.2158,Unknown protein,,,,
343,VIT_00s0226g00020,441,0.2140,RabGAP/TBC domain-containing protein,,,,
344,VIT_12s0057g00820,440,0.2128,Leucine-rich repeat,,,,
345,VIT_12s0028g01300,435,0.2121,Polygalacturonase GH28,E3_2_1_15,,vv40006Cell_wall,
346,VIT_00s1206g00010,439,0.2119,Aspartic proteinase nepenthesin-1 precursor,E3_4_23_12,,,
347,VIT_06s0009g00480,435,0.2104,Aluminium-tolerance ALMT1,ALMT1,,vv50125Porters_cat_66_to_94,
348,VIT_03s0038g02380,436,0.2097,RAC G-protein Rac1,RAC1,,vv34020Calcium_signaling_pathway,
349,VIT_05s0020g01310,435,0.2093,SRG1 (senescence-related gene 1),,,,
350,VIT_07s0104g00230,428,0.2066,IWS1 C-terminus,IWS1_1,,vv60083IWS1,
351,VIT_18s0001g10580,427,0.2065,Glycosyl transferase family 8 protein,,,,
352,VIT_18s0001g06580,424,0.2056,Plastocyanin domain-containing protein,K02638,,vv10195Photosynthesis,vv50113Thylakoid_targeting_pathway
353,VIT_11s0016g05370,425,0.2053,Phospholipase D alpha 1 precursor (PLD 1) (Choline phosphatase 1),PLDA1,,vv10564Glycerophospholipid_metabolism,vv10565Ether_lipid_metabolism
354,VIT_04s0008g04120,421,0.2032,RD22,,,,
355,VIT_11s0052g01650,419,0.2024,Pathogenesis-related protein 1 precursor (PRP 1),PRP1,,vv30011Jasmonate_signaling,vv34626Plant-pathogen_interaction
356,VIT_18s0001g14980,420,0.2017,3-methyl-2-oxobutanoate dehydrogenase,E1_2_4_4,,vv10280Valine_leucine_and_isoleucine_degradation,
357,VIT_07s0095g00290,415,0.2017,Serine/threonine kinase BRLK,,,,
358,VIT_04s0008g04040,417,0.2014,RD22 [Vitis vinifera],,,,
359,VIT_04s0008g03800,415,0.2013,RNA recognition motif (RRM)-containing protein,,,,
360,VIT_12s0057g00440,414,0.2000,GCN5 N-acetyltransferase (GNAT),GCN5_15,,vv60082GNAT,
361,VIT_04s0023g03880,417,0.1998,Unknown,,,,
362,VIT_13s0084g00310,410,0.1995,ACI112,,,,
363,VIT_08s0007g09000,415,0.1994,Glycerol-3-phosphate dehydrogenase,E1_1_1_8,,vv10564Glycerophospholipid_metabolism,
364,VIT_05s0062g00820,412,0.1983,Unknown protein,,,,
365,VIT_01s0026g00970,409,0.1966,Cupin family protein,,,,
366,VIT_12s0059g02150,404,0.1956,Aconitate hydratase  cytoplasmic,E4_2_1_3,,vv10020Citrate_cycle,vv10630Glyoxylate_and_dicarboxylate_metabolism
367,VIT_02s0012g01170,401,0.1945,Pyruvate kinase,E2_7_1_40,,vv10010Glycolysis,vv10230Purine_metabolism
368,VIT_09s0002g02940,396,0.1915,Myo-inositol oxygenase 1,E1_13_99_1,,vv10562Inositol_phosphate_metabolism,
369,VIT_18s0001g04630,395,0.1905,Aspartate aminotransferase,E2_6_1_1,vv10710Carbon_fixation,vv10252Alanine_and_aspartate_metabolism,vv10272Cysteine_metabolism
370,VIT_16s0039g02560,394,0.1903,Crp1 protein,,,,
371,VIT_04s0044g01860,394,0.1898,Auxin efflux carrier,AUXEFF,,vv50004Auxin_transport,vv50125Porters_cat_66_to_94
372,VIT_18s0041g01890,387,0.1876,Unknown protein,,,,
373,VIT_04s0210g00190,384,0.1860,Serine O-acetyltransferase  cytosolic,E2_3_1_30,,vv10272Cysteine_metabolism,vv10920Sulfur_metabolism
374,VIT_07s0005g00210,382,0.1845,Thiamin pyrophosphokinase,E2_7_6_2,,vv10730Thiamine_metabolism,
375,VIT_10s0003g04880,383,0.1844,Ferredoxin:nadp+ Oxidoreductase PETH,K02641,,vv10195Photosynthesis,vv50135Primary_active_transporter_cat_D3_to_E2
376,VIT_19s0014g02590,377,0.1838,(-)-germacrene D synthase,E4_2_3_22,,vv10900Terpenoid_biosynthesis,
377,VIT_18s0001g04240,376,0.1820,(+)-delta-cadinene synthase,E4_2_3_13,,vv10900Terpenoid_biosynthesis,
378,VIT_16s0013g00210,378,0.1820,Metacaspase 1,,,,
379,VIT_04s0210g00110,372,0.1784,AMP-dependent synthetase and ligase,E6_2_1_x,,,
380,VIT_03s0063g02390,369,0.1777,No hit,,,,
381,VIT_19s0014g02750,364,0.1767,N-ethylmaleimide sensitive factor,K06027,,vv44110Cell_cycle,vv50101Channels_and_pores
382,VIT_00s0174g00010,366,0.1766,No hit,,,,
383,VIT_00s2579g00010,366,0.1766,Phosphoserine aminotransferase,E2_6_1_52,,vv10260Glycine_serine_and_threonine_metabolism,vv10750Vitamin_B6_metabolism
384,VIT_04s0023g01360,367,0.1754,G-box binding factor 1 (GBF1),GBF1_1,VvbZIP12,vv50110Protein_coat,vv60012BZIP
385,VIT_04s0023g03030,358,0.1734,Zinc finger (B-box type),ZFBBOX_7,,vv60073Orphans_zf-b_box,
386,VIT_19s0027g01160,358,0.1718,No hit,,,,
387,VIT_07s0005g03320,354,0.1705,Unknown protein,,,,
388,VIT_02s0109g00380,352,0.1696,Stress response suppressor 1,STRS1,,vv23040Spliceosome,vv50133Primary_active_transporter_cat_A9_to_A18
389,VIT_07s0031g03010,347,0.1685,Unknown protein,,,,
390,VIT_02s0012g01350,349,0.1685,No hit,,,,
391,VIT_13s0067g01890,346,0.1672,Glycosyl hydrolase family 85,,,,
392,VIT_11s0016g04060,347,0.1671,MUT9-related serine/threonine protein kinase,,,,
393,VIT_00s0233g00180<br>VIT_02s0154g00190,344,0.1663,
394,VIT_12s0059g01750,341,0.1663,Caffeic acid O-methyltransferase,E2_1_1_68,,vv10940Phenylpropanoid_biosynthesis,
395,VIT_05s0020g00610,341,0.1656,Unknown protein,,,,
396,VIT_18s0001g15700,338,0.1638,GLTP3 (glycolipid transfer protein 3),GLTP3,,,
397,VIT_18s0089g01040,337,0.1633,Avr9 elicitor response,,,,
398,VIT_18s0001g06840,334,0.1614,Peroxidase GvPx2b class III,E1_11_1_7,,vv10360Phenylalanine_metabolism,vv10680Methane_metabolism
399,VIT_08s0056g00750,334,0.1606,far-red impaired responsive protein,,,,
400,VIT_14s0083g00850,331,0.1603,Lipase GDSL 7,,,,
401,VIT_13s0067g00460,329,0.1589,Cinnamyl alcohol dehydrogenase,E1_1_1_195,,vv10940Phenylpropanoid_biosynthesis,
402,VIT_18s0001g06360,329,0.1582,Alcohol dehydrogenase,E1_1_1_1,,vv10010Glycolysis,vv10071Fatty_acid_metabolism
403,VIT_01s0011g01100,326,0.1572,Pentatricopeptide (PPR) repeat-containing protein,,,,
404,VIT_16s0098g01090,324,0.1571,PEPR1 (PEP1 receptor 1),,,,
405,VIT_16s0050g00750,324,0.1564,Short-chain dehydrogenase/reductase,,,,
406,VIT_03s0063g02140,323,0.1556,RRA2 (reduced residual arabinose 2),,,,
407,VIT_08s0032g00050,322,0.1556,Acyl-activating enzyme 15,E6_2_1_3_AAE15,,vv10071Fatty_acid_metabolism,vv50104Group_translocators
408,VIT_12s0035g00550,320,0.1541,Unknown protein,,,,
409,VIT_09s0002g02960,319,0.1535,Unknown protein,,,,
410,VIT_16s0013g02100,315,0.1522,2-phosphoglycerate kinase,K05715,,vv10010Glycolysis,
411,VIT_08s0007g07510,312,0.1508,Pentatricopeptide (PPR) repeat-containing protein,,,,
412,VIT_03s0110g00020,310,0.1499,Unknown,,,,
413,VIT_03s0017g00010,303,0.1469,No hit,,,,
414,VIT_02s0154g00540,297,0.1437,Protein arginine N-methyltransferase,K00599,,vv10340Histidine_metabolism,vv10350Tyrosine_metabolism
415,VIT_02s0012g01570,297,0.1427,Cinnamoyl-CoA reductase,E1_2_1_44,,vv10940Phenylpropanoid_biosynthesis,
416,VIT_12s0142g00310,293,0.1424,Oxygen evolving enhancer 3 (PsbQ),K08901,,vv10195Photosynthesis,vv50113Thylakoid_targeting_pathway
417,VIT_14s0036g00980,291,0.1407,Transcription initiation factor TFIID subunit 10,K03126,,vv23022Basal_transcription_factors,
418,VIT_07s0104g00690,291,0.1406,GPI transamidase component Gpi16 subunit,K05289,,vv10563Glycosylphosphatidylinositol-anchor_biosynthesis,
419,VIT_03s0180g00320,293,0.1405,Indole-3-acetate beta-glucosyltransferase,E2_4_1_121,,vv11002Auxin_biosynthesis,
420,VIT_08s0007g05030,290,0.1400,Myb domain protein 36,MYB36_2,MYB150,vv60044MYB,
421,VIT_18s0001g13270,289,0.1396,Papain cysteine peptidase XBCP3,E3_4_22_2,,,
422,VIT_08s0007g02480,287,0.1389,Lysine decarboxylase-like protein,LOG,,vv10908Zeatin_biosynthesis,
423,VIT_08s0007g04820,285,0.1385,Pectate lyase,E4_2_2_2,,vv40006Cell_wall,
424,VIT_01s0011g02960,287,0.1384,Leucoanthocyanidin reductase 1,E1_17_1_3,,vv10941Flavonoid_biosynthesis,
425,VIT_05s0049g01660,277,0.1349,RNA-binding protein Musashi,K14411,,vv23015mRNA_surveillance_pathway,
426,VIT_12s0055g00640,278,0.1348,Serine/theronine protein kinase 2,,,,
427,VIT_14s0108g00040,278,0.1346,Structure-specific recognition protein 1 SSRP1,K09272,,vv60035HMG,
428,VIT_07s0031g01690,278,0.1344,No hit,,,,
429,VIT_12s0035g00570,278,0.1340,CYP82M1v3,,,,
430,VIT_06s0004g02040,277,0.1336,RNA-binding protein 45 (RBP45),,,,
431,VIT_13s0064g00200,276,0.1333,Unknown protein,,,,
432,VIT_09s0002g01300,273,0.1318,Retrotransposon,,,,
433,VIT_03s0038g02310,272,0.1316,Myb domain protein 4,MYB4_6,MYB4A,vv60044MYB,
434,VIT_15s0024g00980,271,0.1312,Amidase,E3_5_1_4,,vv10220Urea_cycle_and_metabolism_of_amino_groups,vv10360Phenylalanine_metabolism
435,VIT_12s0034g02370,272,0.1311,Unknown protein,,,,
436,VIT_12s0028g02850,271,0.1309,Isoflavone methyltransferase/Orcinol O-methyltransferase 2 oomt2,E2_1_1_46,,vv10943Isoflavonoid_biosynthesis,
437,VIT_18s0041g00800,269,0.1306,UDP-glucose: anthocyanidin 5 3-O-glucosyltransferase,RHGT1,,vv10942Anthocyanin_biosynthesis,
438,VIT_03s0038g00330,271,0.1299,EXECUTER1 protein  chloroplast precursor,,,,
439,VIT_08s0007g02850,268,0.1293,F-box family protein,,,,
440,VIT_00s1360g00010,266,0.1291,Pentatricopeptide repeat,,,,
441,VIT_07s0151g00650,264,0.1277,ABI3-interacting protein 2,AIP2,,vv30001ABA_signaling,
442,VIT_12s0028g01960,264,0.1272,Receptor kinase TRKe,,,,
443,VIT_08s0007g03920,263,0.1269,DEMETER protein (DME),,,,
444,VIT_01s0026g01770,264,0.1267,Ubiquitin-conjugating enzyme E2 A,K10573,,vv24120Ubiquitin_mediated_proteolysis,
445,VIT_08s0040g00320,262,0.1265,Alpha-L-arabinofuranosidase,E3_2_1_55,,vv10520Nucleotide_sugars_metabolism,
446,VIT_11s0016g02610,261,0.1260,Caffeoyl-CoA O-methyltransferase,E2_1_1_104,,vv10940Phenylpropanoid_biosynthesis,
447,VIT_12s0034g01820,254,0.1234,Pentatricopeptide repeat-containing,,,,
448,VIT_00s0612g00010,254,0.1226,Phospholipase/carboxylesterase,E3_1_1_1,,,
449,VIT_16s0013g00130,251,0.1223,GTP-binding protein HSR1,,,,
450,VIT_09s0002g01100,251,0.1218,DAG,,,,
451,VIT_19s0027g00740,251,0.1215,Inhibitor of apoptosis,,,,
452,VIT_18s0157g00070,252,0.1215,Alliin lyase precursor,E4_4_1_4,,vv10272Cysteine_metabolism,
453,VIT_06s0080g00350,250,0.1214,Myo-inositol-1-phosphate synthase,E5_5_1_4,,vv10562Inositol_phosphate_metabolism,
454,VIT_01s0011g05170,252,0.1213,Major Latex Protein Family,,,,
455,VIT_05s0020g04040,250,0.1205,Chlorophyllase (CLH2),E3_1_1_14,,vv10860Porphyrin_and_chlorophyll_metabolism,
456,VIT_15s0024g01470,247,0.1197,Nuclear matrix protein 1,,,,
457,VIT_03s0091g00450,246,0.1188,Progesterone 5-beta-reductase,E1_3_99_6,,vv10140C21-Steroid_hormone_metabolism,
458,VIT_01s0146g00170,244,0.1181,N-ethylammeline chlorohydrolase BH0746,E3_8_1_x,,,
459,VIT_02s0241g00160,242,0.1180,Esterase/lipase/thioesterase family,,,,
460,VIT_00s0398g00040,242,0.1163,Receptor kinase RK20-1,,,,
461,VIT_08s0040g02900,239,0.1151,Aluminum sensitive 3,ALS3,,vv52010ABC_transporters,
462,VIT_13s0139g00190,239,0.1150,Disease resistance protein RGA2,,,,
463,VIT_07s0151g00260,236,0.1148,Quinone-oxidoreductase  Chloroplast,K03956,,vv10190Oxidative_phosphorylation,vv50134Primary_active_transporter_cat_D1
464,VIT_10s0003g05740,236,0.1144,WRKY DNA-binding protein 14,WRKY14,VvWRKY32,vv60066WRKY,
465,VIT_16s0098g01910,235,0.1134,Germin-like protein subfamily 3 member 4,,,,
466,VIT_10s0003g04770,234,0.1132,Leucine-rich repeat transmembrane protein kinase,,,,
467,VIT_11s0016g03980,235,0.1129,Unknown protein,,,,
468,VIT_15s0046g01310,231,0.1115,Phytochrome A supressor spa1 (SPA1),SPA1,,vv34710Circadian_rhythm,
469,VIT_14s0068g01110,229,0.1114,Alpha-mannosidase precursor lysosomal,E3_2_1_24,,vv10511N-Glycan_degradation,
470,VIT_02s0025g04210,228,0.1105,UDP-glucose 4-epimerase,E5_1_3_2,,vv10052Galactose_metabolism,vv10520Nucleotide_sugars_metabolism
471,VIT_10s0071g00340,227,0.1105,GRAM domain-containing protein / ABA-responsive,,,,
472,VIT_04s0008g05080,229,0.1104,Ammonium transporter 2,AMT2,,vv50101Channels_and_pores,
473,VIT_05s0020g01910,226,0.1093,1 4-alpha-D-glucan maltohydrolase,E3_2_1_2,,vv10500Starch_and_sucrose_metabolism,
474,VIT_03s0063g02400,223,0.1077,No hit,,,,
475,VIT_07s0005g05000,221,0.1071,Leucine-rich repeat,,,,
476,VIT_04s0023g02140,220,0.1065,EMB2261 (embryo defective 2261),,,,
477,VIT_15s0107g00400,218,0.1048,Vegetative storage protein,,,,
478,VIT_00s0187g00200,211,0.1022,Unknown protein,,,,
479,VIT_03s0091g00760,211,0.1012,Interferon-related developmental regulator family,,,,
480,VIT_12s0028g02860,208,0.1001,Isoflavone methyltransferase/ Orcinol O-methyltransferase 1 oomt1,E2_1_1_46,,vv10943Isoflavonoid_biosynthesis,
481,VIT_13s0064g00950,207,0.0998,Unknown protein,,,,
482,VIT_14s0006g02570,205,0.0994,Protease inhibitor/seed storage/lipid transfer protein (LTP),,,,
483,VIT_06s0009g03190,203,0.0989,Unknown protein,,,,
484,VIT_10s0092g00260,204,0.0986,Alpha-glucosidase 1 (AGLU1),E3_2_1_20,,vv10052Galactose_metabolism,vv10500Starch_and_sucrose_metabolism
485,VIT_00s0274g00060,203,0.0985,Glycine-rich protein,,,,
486,VIT_14s0060g01210,203,0.0981,BZIP DNA-binding protein BZIP53,BZIP53_2,VvbZIP37,vv60012BZIP,
487,VIT_08s0007g02000,202,0.0976,Glycerol-3-phosphate acyltransferase 8,E2_3_1_15,,vv10561Glycerolipid_metabolism,vv10564Glycerophospholipid_metabolism
488,VIT_07s0031g03220,200,0.0966,Patellin-1,,,,
489,VIT_05s0020g04020,199,0.0955,Unknown protein,,,,
490,VIT_03s0063g01980,192,0.0931,PDV2 (plastid division2),PDV2,,vv44110Cell_cycle,
491,VIT_11s0052g00190,191,0.0930,Las1,,,,
492,VIT_18s0076g00340,192,0.0928,CYP707A3,,,,
493,VIT_10s0071g01060,192,0.0923,Pyruvate kinase,E2_7_1_40,,vv10010Glycolysis,vv10230Purine_metabolism
494,VIT_02s0025g01870,192,0.0923,Cellulose synthase CSLG3,E2_4_1_12_CSLG3,VvNAC72,vv40006Cell_wall,
495,VIT_03s0091g00700,191,0.0920,ATP-dependent Clp protease proteolytic subunit (ClpR1) (nClpP5),E3_4_21_92,,,
496,VIT_18s0001g05230,190,0.0919,Valencene synthase,CSTPS1,,vv10900Terpenoid_biosynthesis,
497,VIT_13s0067g02140,184,0.0892,Heavy-metal-associated domain-containing protein,,,,
498,VIT_01s0026g01680,184,0.0888,Pectate lyase,E4_2_2_2,,vv40006Cell_wall,
499,VIT_00s0583g00010,182,0.0882,Transcription initiation factor TFIIH subunit H4,K03144,,vv23022Basal_transcription_factors,vv23420Nucleotide_excision_repair
500,VIT_00s0901g00010,181,0.0878,Ankyrin repeat protein,,,,
501,VIT_13s0067g00750,181,0.0875,R protein  PRF  disease resistance protein,K13453,,vv34627R_proteins_from_Plant-pathogen_interaction,
502,VIT_01s0011g02200,179,0.0864,Glutamine synthetase,E6_3_1_2,,vv10251Glutamate_metabolism,vv10550Peptidoglycan_biosynthesis
503,VIT_17s0000g08110,179,0.0863,Nodulin MtN3,,,,
504,VIT_01s0011g01900,179,0.0863,Glutathione S-transferase  C-terminal,E2_5_1_18,,vv10480Glutathione_metabolism,
505,VIT_10s0003g04860,178,0.0862,Receptor kinase TRKa,,,,
506,VIT_01s0010g01920,178,0.0857,Anionic peroxidase,E1_11_1_7,,vv10360Phenylalanine_metabolism,vv10680Methane_metabolism
507,VIT_00s0181g00050,174,0.0844,Unknown protein,,,,
508,VIT_19s0027g01290,175,0.0842,Exopolygalacturonase,E3_2_1_15,,vv40006Cell_wall,
509,VIT_03s0017g00690,173,0.0838,Unknown,,,,
510,VIT_08s0032g00790,169,0.0819,ABC transporter G member 4,K05680,,vv52010ABC_transporters,
511,VIT_00s1380g00010,167,0.0810,Pentatricopeptide (PPR) repeat-containing protein,,,,
512,VIT_08s0032g00840,166,0.0802,Sucrose-phosphatase.,E3_1_3_24,,vv10500Starch_and_sucrose_metabolism,
513,VIT_03s0063g01150,165,0.0796,Nodulin 1A  Senescence-associated,,,,
514,VIT_01s0137g00310,162,0.0784,1-aminocyclopropane-1-carboxylate deaminase,E3_5_99_7,,vv10640Propanoate_metabolism,
515,VIT_01s0010g00930,162,0.0784,BZIP transcription factor bZIP58,BZIP58,VvbZIP02,vv60012BZIP,
516,VIT_13s0067g00240,162,0.0775,Binding,,,,
517,VIT_02s0025g04670,160,0.0773,Senescence-inducible chloroplast stay-green protein 2,,,,
518,VIT_01s0010g00710,160,0.0771,Armadillo/beta-catenin repeat protein / U-box domain-containing protein ,,,,
519,VIT_08s0007g06360,160,0.0771,Unknown protein,,,,
520,VIT_15s0046g00630,159,0.0770,Wax synthase,E2_3_1_75,,vv11000Single_reactions,
521,VIT_02s0033g00260,158,0.0768,Pinoresinol-lariciresinol reductase,PLR,,vv10940Phenylpropanoid_biosynthesis,
522,VIT_14s0006g02890,158,0.0765,ATSYTE/NTMC2T3.2/NTMC2TYPE3.2/SYTE,NTMC2T3_2,,vv50109Incompletely_characterized_transport_systems,
523,VIT_13s0067g03250,155,0.0753,CENP-E like kinetochore protein,CENPE,,vv44110Cell_cycle,
524,VIT_13s0067g03640,152,0.0738,R protein MLA10,K13475,,vv34627R_proteins_from_Plant-pathogen_interaction,
525,VIT_14s0128g00780,152,0.0732,Lipoxygenase,E1_13_11_12,,vv10592alpha-Linolenic_acid_metabolism,
526,VIT_01s0011g04800,151,0.0731,Quinolinate phosphoribosyl transferase,E2_4_2_19,,vv10760Nicotinate_and_nicotinamide_metabolism,
527,VIT_15s0045g01260,151,0.0729,Unknown,,,,
528,VIT_00s0323g00050,150,0.0728,Invertase/pectin methylesterase inhibitor,PMEI,,vv40006Cell_wall,
529,VIT_18s0089g00190,151,0.0727,1 4-beta-mannan endohydrolase,E3_2_1_78,,vv10051Fructose_and_mannose_metabolism,
530,VIT_07s0141g00060,151,0.0725,Beta-ketoacyl-CoA-synthase,E2_3_1_41,,vv10061Fatty_acid_biosynthesis,
531,VIT_08s0040g01730,149,0.0721,EIN2 (ethylene insensitive 2),EIN2,,vv30001ABA_signaling,vv30008Ethylene_signaling
532,VIT_06s0004g01260,148,0.0714,U-box protein,,,,
533,VIT_10s0116g01040,144,0.0696,Stigma-specific Stig1,,,,
534,VIT_11s0016g03550,142,0.0690,NADP adrenodoxin-like ferredoxin reductase,K00528,,vv10195Photosynthesis,
535,VIT_06s0004g04050,141,0.0685,Laccase,E1_10_3_2,,vv11000Single_reactions,vv50109Incompletely_characterized_transport_systems
536,VIT_05s0124g00240,142,0.0685,Basic helix-loop-helix (bHLH) family,BHLHDOM_61,,vv60011BHLH,
537,VIT_08s0058g01230,141,0.0679,Non-specific lipid-transfer protein,,,,
538,VIT_03s0038g02950,139,0.0676,Pentatricopeptide (PPR) repeat-containing protein,,,,
539,VIT_19s0014g04930,140,0.0675,Germacrene-D synthase,E4_2_3_22,,vv10900Terpenoid_biosynthesis,
540,VIT_18s0122g00790,140,0.0674,Cysteine endopeptidase  papain-type (XCP1),E3_4_22_2,,,
541,VIT_06s0004g07690,137,0.0665,Pentatricopeptide (PPR) repeat-containing,,,,
542,VIT_12s0028g01890,137,0.0660,Serine/threonine-protein kinase NAK,,,,
543,VIT_16s0039g02250,135,0.0652,Cytochrome c oxidase subunit XI assembly protein,K02258,,vv10190Oxidative_phosphorylation,vv50135Primary_active_transporter_cat_D3_to_E2
544,VIT_07s0005g04110,133,0.0644,Cellulose synthase CESA4,E2_4_1_12_CESA4,,vv40006Cell_wall,
545,VIT_06s0004g03050,133,0.0642,fasciclin arabinogalactan-protein (FLA11),FLA11,,vv40006Cell_wall,
546,VIT_17s0000g02550,133,0.0640,HMR1 protein,,,,
547,VIT_00s1764g00010,132,0.0640,1-aminocyclopropane-1-carboxylate synthase,E4_4_1_14,,vv10640Propanoate_metabolism,vv30008Ethylene_signaling
548,VIT_13s0084g00820,131,0.0637,Pepsin A,,,,
549,VIT_14s0030g01830,131,0.0633,Protein kinase PKN/PRK1  effector,,,,
550,VIT_11s0118g00630,129,0.0625,Unknown protein,,,,
551,VIT_02s0236g00020,127,0.0613,Unknown,,,,
552,VIT_19s0014g01910,125,0.0603,Unknown protein,,,,
553,VIT_16s0050g01980,124,0.0597,EIX receptor 2,,,,
554,VIT_18s0001g02470,122,0.0591,L-ascorbate peroxidase  thylakoid-bound (tAPX),E1_11_1_11,,vv10053Ascorbate_and_aldarate_metabolism,
555,VIT_13s0074g00700,122,0.0591,ABC transporter G member 22,ABCG22,,vv52010ABC_transporters,
556,VIT_14s0066g01650,121,0.0585,Nodulin MtN21 family,MTN21,,vv50122Porters_cat_7_to_17,
557,VIT_02s0025g03780,121,0.0585,Remorin,,,,
558,VIT_05s0020g00830,119,0.0570,CBL-interacting protein kinase 1 (CIPK1),CIPK1,,,
559,VIT_11s0016g03660,118,0.0570,Glucose transporter 2 plastidic,PGTR2,,vv50121Porters_cat_1_to_6,
560,VIT_12s0028g02110,118,0.0569,Unknown protein,,,,
561,VIT_00s0426g00020,117,0.0567,Cell wall invertase,E3_2_1_26,,vv10052Galactose_metabolism,vv10500Starch_and_sucrose_metabolism
562,VIT_11s0052g01710,116,0.0564,Xylose isomerase,E5_3_1_5,,vv10040Pentose_glucuronate_interconversion,vv10051Fructose_and_mannose_metabolism
563,VIT_09s0002g09080,115,0.0553,Zinc finger protein 3,ZFP3,,vv60017C2H2,
564,VIT_14s0066g00050,114,0.0552,Unknown protein,,,,
565,VIT_18s0001g14480,114,0.0551,Thaumatin SCUTL1,,,,
566,VIT_09s0002g00750,113,0.0547,P-glycoprotein 19,PGP19,,vv52010ABC_transporters,
567,VIT_11s0037g00310,113,0.0545,Yip1 interacting factor homolog B,YIF1B,,vv50110Protein_coat,
568,VIT_08s0040g02820,112,0.0541,Unknown protein,,,,
569,VIT_05s0020g04070,111,0.0535,1 2-dihydroxy-3-keto-5-methylthiopentene dioxygenase 4,E1_13_11_53,,vv10271Methionine_metabolism,
570,VIT_16s0050g02670,110,0.0533,Spermine synthase,E2_5_1_22,,vv10220Urea_cycle_and_metabolism_of_amino_groups,
571,VIT_08s0040g02840,109,0.0529,ABC transporter G member 29,ABCG29,,vv52010ABC_transporters,
572,VIT_06s0004g06570,107,0.0514,Calcium/proton exchanger CAX3,K07300_CAX3,,vv50123Porters_cat_18_to_29,
573,VIT_15s0045g00520,105,0.0510,No hit,,,,
574,VIT_15s0021g02710,105,0.0507,Zinc finger (C2H2 type) family,C2H2FAM_24,,vv60017C2H2,
575,VIT_03s0180g00150,103,0.0500,Receptor protein kinase,,,,
576,VIT_12s0028g02840,103,0.0499,Isoflavone methyltransferase/Orcinol O-methyltransferase 2 oomt2,E2_1_1_46,,vv10943Isoflavonoid_biosynthesis,
577,VIT_00s0532g00070,103,0.0497,CRK10 (cysteine-rich RLK10); kinase,,,,
578,VIT_09s0002g07860,101,0.0491,Glycerol kinase,E2_7_1_30,,vv10561Glycerolipid_metabolism,
579,VIT_17s0000g05900,101,0.0488,Basic helix-loop-helix (bHLH) family,BHLHDOM_12,,vv60011BHLH,
580,VIT_01s0127g00800,100,0.0487,Polyamine oxidase precursor,E1_5_3_11,,vv11000Single_reactions,
581,VIT_05s0077g00820,101,0.0485,Unknown protein,,,,
582,VIT_07s0005g03140,100,0.0484,Aspartyl protease,E3_4_23_x,,,
583,VIT_03s0088g00310,99,0.0480,No hit,,,,
584,VIT_07s0129g00570,99,0.0478,Transducin family protein / WD-40 repeat,,,,
585,VIT_04s0023g03020,97,0.0468,Serine carboxypeptidase S28,,,,
586,VIT_04s0008g02700,95,0.0460,TRNA (guanine-N(1)-)-methyltransferase,E2_1_1_31,,vv10271Methionine_metabolism,
587,VIT_07s0104g01440,94,0.0455,Phototropic-responsive NPH3,,,,
588,VIT_01s0146g00360,92,0.0445,Constans-like 14,COL14_1,,vv30009Flower_development,vv34710Circadian_rhythm
589,VIT_13s0064g01540,92,0.0444,Beta-primeverosidase,E3_2_1_149,,vv11000Single_reactions,
590,VIT_10s0003g00340,90,0.0433,ACR4 (Arabidopsis CRINKLY4),,,,
591,VIT_16s0100g00250,89,0.0430,Mandelonitrile lyase-like protein,E4_1_2_10,,vv10460Cyanoamino_acid_metabolism,
592,VIT_01s0010g02220,87,0.0424,Zinc finger (C3HC4-type ring finger),ZFC3HC4_200,,vv60078Other_zf-C3HC4,
593,VIT_08s0040g01040,88,0.0424,Serine carboxypeptidase II,,,,
594,VIT_04s0008g01670,88,0.0423,PHD finger protein alfin,ALFINDOM4,,vv60002Alfin-like,
595,VIT_00s0131g00140,87,0.0422,Annexin ANN3,ANN3,,vv50101Channels_and_pores,
596,VIT_09s0002g02370,87,0.0422,Pentatricopeptide (PPR) repeat-containing,,,,
597,VIT_01s0011g02730,87,0.0421,ABC transporter G member 3,K05682,,vv52010ABC_transporters,
598,VIT_08s0007g02370,83,0.0400,Unknown,,,,
599,VIT_02s0012g01640,82,0.0399,Inositol 1 3 4-trisphosphate 5/6-kinase.,E2_7_1_134,,vv10562Inositol_phosphate_metabolism,
600,VIT_15s0046g01600,81,0.0392,Acidic endochitinase (CHIB1),E3_2_1_14,,vv10530Aminosugars_metabolism,
601,VIT_13s0067g00320,80,0.0390,Pinene synthase,E4_2_3_14,,vv10902Monoterpenoid_biosynthesis,
602,VIT_08s0032g00360,80,0.0387,N-6 Adenine-specific DNA methylase,E2_1_1_72,,vv10271Methionine_metabolism,
603,VIT_03s0180g00260,79,0.0380,Cinnamyl alcohol dehydrogenase,E1_1_1_195,,vv10940Phenylpropanoid_biosynthesis,
604,VIT_06s0004g07730,78,0.0379,Inner envelope protein  110 kD (IEP110) precursor  Chloroplast,TIC110,,vv50101Channels_and_pores,
605,VIT_14s0060g01720,78,0.0378,Dormancy/auxin associated protein,DRM3,,vv30003Auxin_signaling,
606,VIT_00s0207g00160,78,0.0376,Pathogenesis-related protein 1 precursor (PRP 1),PRP1,,vv30011Jasmonate_signaling,vv34626Plant-pathogen_interaction
607,VIT_01s0026g00830,77,0.0371,Peroxidase 65,E1_11_1_7,,vv10360Phenylalanine_metabolism,vv10680Methane_metabolism
608,VIT_05s0077g01910,77,0.0371,No hit,,,,
609,VIT_06s0004g05700,76,0.0368,Glutathione S-transferase 8 GSTU8,E2_5_1_18_GSTU8,,vv10480Glutathione_metabolism,
610,VIT_00s1450g00010,76,0.0366,Protease Do-like 5,,,,
611,VIT_18s0001g10400,75,0.0363,HEC1 (HECATE 1),HEC1_1,,vv60011BHLH,
612,VIT_03s0110g00030,75,0.0361,Unknown,,,,
613,VIT_07s0005g06500,74,0.0357,FRK1 (FLG22-induced receptor-like kinase 1),FRK1,,vv34626Plant-pathogen_interaction,
614,VIT_04s0008g03160,74,0.0357,G protein protein gamma subunit (AGG2),,,,
615,VIT_15s0046g03240,73,0.0356,Unknown protein,,,,
616,VIT_09s0002g02730,74,0.0356,FRK1 (FLG22-induced receptor-like kinase 1),FRK1,,vv34626Plant-pathogen_interaction,
617,VIT_16s0100g00090<br>VIT_16s0022g02470,73,0.0352,
618,VIT_17s0000g04510,72,0.0350,Acetyl-CoA synthetase,E6_2_1_1,,vv10010Glycolysis,vv10620Pyruvate_metabolism
619,VIT_16s0050g01770,72,0.0349,Unknown,,,,
620,VIT_19s0015g01390,71,0.0345,Transcription initiation factor TFIIH subunit H1,K03141_1,,vv23022Basal_transcription_factors,vv23420Nucleotide_excision_repair
621,VIT_09s0002g00300,71,0.0343,APUM23 (Arabidopsis PUMILIO 23),,,,
622,VIT_06s0061g00820,71,0.0343,PHD finger transcription factor,PHDFG_30,,vv60048PHD,
623,VIT_18s0001g02890,70,0.0338,No hit,,,,
624,VIT_16s0039g00700,69,0.0336,RCP1 (root cap 1),RCP1,,vv50125Porters_cat_66_to_94,
625,VIT_00s0262g00120,68,0.0330,Receptor kinase RK20-1,,,,
626,VIT_12s0028g03050,66,0.0318,NAC domain-containing protein 73,NAC073_2,VvNAC34,vv60046NAC,
627,VIT_13s0064g01560,64,0.0310,Glycosyl hydrolase family 1 protein,,,,
628,VIT_14s0066g02020,64,0.0309,Proton-dependent oligopeptide transport (POT) family protein,POT,,vv50122Porters_cat_7_to_17,
629,VIT_06s0080g00910,64,0.0308,F-box family protein,,,,
630,VIT_00s0187g00290,63,0.0304,IQ calmodulin-binding region; Apoptosis regulator Bcl-2 protein  BAG [Medicago truncatula],,,,
631,VIT_18s0001g10030,63,0.0303,WRKY DNA-binding protein 7,WRKY7,VvWRKY54,vv60066WRKY,
632,VIT_10s0003g01830,62,0.0300,Aquaporin NIP1;2,NIP1_2,,vv50101Channels_and_pores,
633,VIT_11s0118g00660,62,0.0300,Unknown protein,,,,
634,VIT_07s0005g06300,61,0.0295,Phototropic-responsive NPH3,,,,
635,VIT_14s0081g00670,60,0.0291,DNA-binding protein,,,,
636,VIT_00s0218g00030,60,0.0291,ELO1 (ELONGATA 1),,,,
637,VIT_13s0019g03180,60,0.0289,Unknown protein,,,,
638,VIT_14s0060g00110,59,0.0285,Glutamyl-tRNA synthetase  cytoplasmic,E6_1_1_17,,vv10860Porphyrin_and_chlorophyll_metabolism,vv20970Aminoacyl-tRNA_biosynthesis
639,VIT_08s0007g01550,59,0.0284,Laccase,E1_10_3_2,,vv11000Single_reactions,vv50109Incompletely_characterized_transport_systems
640,VIT_04s0008g05860,58,0.0277,Unknown,,,,
641,VIT_11s0016g05170,57,0.0276,Nitrate transporter,NTP2,,vv50122Porters_cat_7_to_17,
642,VIT_08s0007g04170,57,0.0276,Pyruvate kinase  cytosolic isozyme,E2_7_1_40,,vv10010Glycolysis,vv10230Purine_metabolism
643,VIT_06s0061g00890,57,0.0275,Carboxypeptidase,E3_4_17_22,,,
644,VIT_00s0253g00050,56,0.0271,Monocopper oxidase SKS15 (SKU5 Similar 15),SKS15,,vv50109Incompletely_characterized_transport_systems,
645,VIT_08s0032g01190,56,0.0270,Nuclear transcription factor Y subunit A-10,NFYA10,,vv60021CCAAT,
646,VIT_15s0048g02690,55,0.0266,FAD-binding domain-containing protein,,,,
647,VIT_15s0046g02060,55,0.0266,ATRAD3 (Arabidopsis thaliana Ras Associated with Diabetes protein 3,,,,
648,VIT_08s0007g04060,55,0.0266,CYPLXXVIA2,,,,
649,VIT_09s0070g00080,53,0.0255,Aquaporin NIP6;1,NIP6_1,,vv50101Channels_and_pores,
650,VIT_00s0397g00020,52,0.0252,HcrVf1 protein,,,,
651,VIT_05s0102g00910,52,0.0250,R protein  PRF  disease resistance protein,K13453,,vv34627R_proteins_from_Plant-pathogen_interaction,
652,VIT_07s0031g00570,52,0.0250,Lipase class 3,,,,
653,VIT_05s0020g00540,51,0.0247,Alpha-L-arabinofuranosidase,E3_2_1_55,,vv10520Nucleotide_sugars_metabolism,
654,VIT_16s0050g01090,51,0.0246,Beta-carotene hydroxylase,K02294,,vv10906Carotenoid_biosynthesis,
655,VIT_11s0016g02740,51,0.0246,Beta-carotene 15 15'-monooxygenase,E1_14_99_36,,vv10906Carotenoid_biosynthesis,
656,VIT_15s0048g02400,50,0.0243,Serine/threonine-protein kinase,,,,
657,VIT_09s0070g00130,50,0.0243,Ribosomal protein L7 (RPL7A) 60S,K02937,,vv23010Ribosome,
658,VIT_18s0001g03090,50,0.0243,Aspartyl protease,E3_4_23_x,,,
659,VIT_12s0178g00020,50,0.0241,ERGIC and golgi 3,ERGIC,,vv50109Incompletely_characterized_transport_systems,
660,VIT_07s0129g00930,50,0.0241,Unknown protein,,,,
661,VIT_18s0001g06320,49,0.0239,Cupin  RmlC-type,,,,
662,VIT_10s0116g01900,48,0.0232,Unknown,,,,
663,VIT_12s0055g00660,48,0.0231,Leucine-rich repeat protein kinase,,,,
664,VIT_00s2634g00010<br>VIT_00s0429g00010,47,0.0228,
665,VIT_02s0154g00290,47,0.0228,Extensin,EXTENSIN,,vv40006Cell_wall,
666,VIT_08s0056g00810,47,0.0228,Co-chaperone grpE,K03687,,vv50132Primary_active_transporter_cat_A5_to_A8,
667,VIT_04s0023g02880,47,0.0227,GATA transcription factor 14,GAT14,,vv60016C2C2-GATA,
668,VIT_11s0052g00800,47,0.0227,Protein kinase family,,,,
669,VIT_13s0067g01970,47,0.0227,Laccase,E1_10_3_2,,vv11000Single_reactions,vv50109Incompletely_characterized_transport_systems
670,VIT_05s0049g00490,46,0.0222,Ethylene response factor ERF14,ERF14_2,VvERF109,vv30008Ethylene_signaling,vv60003AP2_EREBP
671,VIT_01s0010g03560,44,0.0213,CYP78A5,,,,
672,VIT_03s0017g01140,44,0.0213,Cis-zeatin O-beta-D-glucosyltransferase,E2_4_1_215,,vv10908Zeatin_biosynthesis,
673,VIT_18s0072g01250,44,0.0212,Desulfoglucosinolate sulfotransferase 16,K11821,,vv10966Glucosinolate_biosynthesis,
674,VIT_00s1739g00010,43,0.0209,Unknown,,,,
675,VIT_17s0000g01130,43,0.0207,Nuclear transcription factor Y subunit C-1,NFYC1_1,,vv60021CCAAT,
676,VIT_12s0134g00420,43,0.0207,Leucine-rich repeat family protein,,,,
677,VIT_18s0072g00380,42,0.0204,Abscisic stress ripening protein 2 (ASR2),,,,
678,VIT_07s0031g01020,42,0.0203,L-ascorbate oxidase,E1_10_3_3,,vv10053Ascorbate_and_aldarate_metabolism,vv50109Incompletely_characterized_transport_systems
679,VIT_04s0023g01890,41,0.0199,Unknown protein,,,,
680,VIT_05s0102g00130,41,0.0198,Unknown protein,,,,
681,VIT_19s0090g01000,41,0.0198,VTC2 (vitamin C defective),VTC2,,vv10053Ascorbate_and_aldarate_metabolism,
682,VIT_08s0007g02120,41,0.0197,Glycoside hydrolase starch-binding domain-containing protein,,,,
683,VIT_05s0020g03730,40,0.0194,Lipid transfer protein,LTP,,,
684,VIT_04s0008g03510,40,0.0194,Lignostilbene-alpha beta-dioxygenase and related enzymes,E1_14_99_36,,vv10906Carotenoid_biosynthesis,
685,VIT_12s0059g00650,40,0.0193,No hit,,,,
686,VIT_14s0060g01090,38,0.0184,LNG1 (LONGIFOLIA1),,,,
687,VIT_15s0048g02680,38,0.0183,Calmodulin-binding region IQD17,,,,
688,VIT_13s0158g00440,37,0.0179,Disease resistance protein,,,,
689,VIT_06s0061g01160,36,0.0174,Unknown protein,,,,
690,VIT_02s0025g05100,36,0.0174,AT-hook DNA-binding protein,,,,
691,VIT_14s0171g00050,36,0.0174,Cf-2 gene,K13466,,vv34626Plant-pathogen_interaction,
692,VIT_01s0011g00790,36,0.0174,DnaJ homolog  subfamily C  member 2 gonidia forming protein GlsA,K09522_1,,vv50132Primary_active_transporter_cat_A5_to_A8,vv60045MYBrelated
693,VIT_14s0219g00240,36,0.0173,No hit,,,,
694,VIT_13s0067g01930,35,0.0169,Unknown protein,,,,
695,VIT_05s0049g00260,35,0.0169,2-oxoglutarate-dependent dioxygenase,,,,
696,VIT_01s0026g01480,35,0.0169,Adenosine/AMP deaminase active site,E3_5_4_4,,vv10230Purine_metabolism,
697,VIT_05s0020g01730,34,0.0165,Anaphase-promoting complex component APC7,K03354,,vv24120Ubiquitin_mediated_proteolysis,vv44110Cell_cycle
698,VIT_17s0000g04930,34,0.0164,Desulfo-glucosinolate sulfotransferase 18,SOT18,,vv10966Glucosinolate_biosynthesis,
699,VIT_11s0052g01660,34,0.0164,Serine esterase,E3_1_1_1,,,
700,VIT_08s0007g01310,34,0.0163,Proton-dependent oligopeptide transport (POT) family protein,POT,,vv50122Porters_cat_7_to_17,
701,VIT_10s0003g02730,33,0.0160,D1 protease precursor,,,,
702,VIT_06s0004g02820,33,0.0160,Sand family,,,,
703,VIT_09s0054g00120,33,0.0159,Kinesin family member 22,K10403,,vv44810Regulation_of_actin_cytoskeleton,
704,VIT_01s0026g02270,33,0.0159,Kinase,,,,
705,VIT_07s0031g00500,33,0.0159,Subtilase,ARA12,,vv50101Channels_and_pores,
706,VIT_16s0039g02710,32,0.0156,Lil3 protein,LIL3_1,,,
707,VIT_14s0083g00250,32,0.0155,No hit,,,,
708,VIT_12s0057g00570,31,0.0151,Zinc finger (CCCH-type) family protein,CCCHFAM_30,,vv60018C3H,
709,VIT_00s0541g00010,31,0.0151,Unknown,,,,
710,VIT_17s0000g06290,31,0.0150,Lipase GDSL,,,,
711,VIT_00s0160g00210,31,0.0150,Myosin heavy chain,MYOSINHC,,vv44810Regulation_of_actin_cytoskeleton,
712,VIT_01s0244g00010,30,0.0146,Basic helix-loop-helix (bHLH) family,BHLHDOM_53,,vv60011BHLH,
713,VIT_06s0004g02830,30,0.0146,Unknown protein,,,,
714,VIT_18s0001g10270,30,0.0146,Basic helix-loop-helix protein SPATULA,SPATULA_1,,vv60011BHLH,
715,VIT_00s0220g00130,30,0.0145,Allyl alcohol dehydrogenase,,,,
716,VIT_15s0045g00530,30,0.0145,DNA replication factor C complex subunit 3,K10756,,vv23030DNA_replication,vv23420Nucleotide_excision_repair
717,VIT_04s0008g05810,30,0.0145,NADP-dependent glyceraldehyde-3-phosphate dehydrogenase,E1_2_1_41,,vv10220Urea_cycle_and_metabolism_of_amino_groups,vv50101Channels_and_pores
718,VIT_04s0069g00260<br>VIT_04s0069g00330<br>VIT_04s0069g00270,30,0.0143,
719,VIT_19s0085g00370,29,0.0141,Phosphoglycerate kinase  cytosolic,E2_7_2_3,,vv10010Glycolysis,vv10710Carbon_fixation
720,VIT_09s0018g02100,29,0.0140,Anthocyaninless2 (ANL2),ANL2_2,,vv60034HB,
721,VIT_13s0019g03660,28,0.0136,Unknown protein,,,,
722,VIT_01s0011g04030,28,0.0136,Reticulon family protein (RTNLB9),,,,
723,VIT_12s0059g02390,28,0.0136,Legumin,,,,
724,VIT_18s0089g00510,28,0.0136,Isopentenyltransferase 1,E2_5_1_27,,vv10908Zeatin_biosynthesis,
725,VIT_05s0020g04290,28,0.0135,No hit,,,,
726,VIT_16s0039g01560,28,0.0134,PLATZ transcription factor,PLATZFAM_8,,vv60049PLATZ,
727,VIT_11s0016g02700,27,0.0132,IAA-amino acid hydrolase 2 (ILL2),ILL2,,vv11002Auxin_biosynthesis,
728,VIT_07s0255g00080,27,0.0131,Transcriptional factor B3,TFB3_10,,vv60001ABI3VP1,
729,VIT_00s0194g00260,27,0.0131,Microtubule associated protein (MAP70-5),MAP705,,vv44810Regulation_of_actin_cytoskeleton,
730,VIT_13s0067g02380,27,0.0131,Lateral organ boundaries Domain 15,LBD15_2,,vv60007AS2,
731,VIT_06s0004g07200,27,0.0131,Other LOB domain-containing protein ASL5,ASL5_1,,vv60007AS2,
732,VIT_14s0171g00320,27,0.0131,Kelch repeat-containing protein,,,,
733,VIT_14s0060g01540,27,0.0130,Syntaxin 16,K08489,,vv24130SNARE_interactions_in_vesicular_transport,vv50101Channels_and_pores
734,VIT_07s0005g06460,26,0.0127,Basic blue protein (Cusacyanin),,,,
735,VIT_08s0040g01200,26,0.0126,Short-chain type alcohol dehydrogenase,,,,
736,VIT_08s0007g07740,25,0.0121,CYP93A1 2-hydroxyisoflavanone synthase,E1_14_13_86,,vv10943Isoflavonoid_biosynthesis,
737,VIT_13s0067g03230,25,0.0121,CENP-E like kinetochore protein,CENPE,,vv44110Cell_cycle,
738,VIT_15s0048g01860,25,0.0121,No hit,,VvERF041,,
739,VIT_08s0007g00950,25,0.0121,No hit,,,,
740,VIT_13s0106g00060,25,0.0120,Ankyrin repeat,,,,
741,VIT_12s0057g01340,24,0.0116,Transposon protein,,,,
742,VIT_09s0002g01590,24,0.0116,Nuclear transcription factor Y subunit A-8,NFYA8,,vv60021CCAAT,
743,VIT_16s0100g00540,24,0.0116,S-N-methylcoclaurine 3'-hydroxylase,E1_14_13_71,,vv10950Alkaloid_biosynthesis_I,
744,VIT_00s0262g00030,24,0.0115,CRK10 (cysteine-rich RLK10),,,,
745,VIT_09s0054g00370,23,0.0111,Mannosyl-oligosaccharide 1 2-alpha-mannosidase IA,E3_2_1_113,,vv10510N-Glycan_biosynthesis,vv11030Glycan_structures-biosynthesis1
746,VIT_09s0002g06920,23,0.0111,Unknown protein,,,,
747,VIT_13s0019g03330,23,0.0111,Adenylosuccinate lyase,E4_3_2_2,,vv10230Purine_metabolism,vv10252Alanine_and_aspartate_metabolism
748,VIT_01s0011g04350,22,0.0107,fructose-bisphosphate aldolase  chloroplast precursor,E4_1_2_13,,vv10010Glycolysis,vv10030Pentose_phosphate
749,VIT_02s0012g01910,22,0.0107,Unknown protein,,,,
750,VIT_11s0016g05190,22,0.0107,Phosphate translocator-related,PTLREL,,vv50122Porters_cat_7_to_17,
751,VIT_14s0060g02120,22,0.0106,Rad9,,,,
752,VIT_17s0000g07330,22,0.0106,GR-RBP3 (glycine-rich RNA-binding protein 3),,,,
753,VIT_18s0001g12860,22,0.0106,Unknown protein,,,,
754,VIT_16s0050g02120,21,0.0102,HcrVf3 protein,,,,
755,VIT_11s0052g01580,21,0.0101,UDP-glucose:anthocyanidin 3-O-glucosyltransferase,E2_4_1_91,,vv10941Flavonoid_biosynthesis,
756,VIT_08s0007g06280,21,0.0101,Unknown,,,,
757,VIT_09s0002g05820,21,0.0101,Unknown,,,,
758,VIT_13s0320g00030,20,0.0097,Unknown protein,,,,
759,VIT_15s0046g00700,20,0.0097,Wax synthase,E2_3_1_75,,vv11000Single_reactions,
760,VIT_05s0094g00960,20,0.0097,UDP-xylose phenolic glycosyltransferase,,,,
761,VIT_10s0003g01740,20,0.0097,Unknown protein,,,,
762,VIT_18s0001g09690,19,0.0092,Pentatricopeptide repeat protein,,,,
763,VIT_02s0012g00280,19,0.0092,Senescence-associated protein,,,,
764,VIT_18s0001g06500,18,0.0087,Unknown protein,,,,
765,VIT_19s0014g02550,18,0.0087,(-)-germacrene D synthase,E4_2_3_22,,vv10900Terpenoid_biosynthesis,
766,VIT_18s0001g15350,18,0.0087,Pentatricopeptide (PPR) repeat-containing protein,,,,
767,VIT_12s0035g01540,18,0.0087,No hit,,,,
768,VIT_17s0000g03580,18,0.0087,BEE3 (BR Enhanced expression 3),BEE3,,vv60011BHLH,
769,VIT_03s0180g00240,18,0.0087,No hit,,,,
770,VIT_07s0255g00030,18,0.0087,Lipase GDSL,,,,
771,VIT_11s0037g00860,17,0.0083,Haemolysin-III related,,,,
772,VIT_19s0027g00340,17,0.0083,Unknown protein,,,,
773,VIT_13s0019g02500,17,0.0082,No hit,,,,
774,VIT_03s0088g00300,17,0.0082,Unknown,,,,
775,VIT_18s0089g01140,17,0.0082,Wall-associated kinase,,,,
776,VIT_03s0038g01790,16,0.0078,Basic helix-loop-helix (bHLH) family,BHLHDOM_38,,vv60011BHLH,
777,VIT_00s0174g00200,16,0.0078,GTPase XAB1,,,,
778,VIT_10s0003g00380,16,0.0077,Homeobox-leucine zipper protein HB52,VVHB52_2,,vv60034HB,
779,VIT_01s0010g03010,16,0.0077,Calcium-binding EF-hand,K13448_CML38,,vv34626Plant-pathogen_interaction,
780,VIT_12s0028g01320,16,0.0077,Unknown protein,,,,
781,VIT_15s0048g01120,16,0.0077,Subtilisin serine protease,,,,
782,VIT_02s0012g01860,16,0.0077,RNA recognition motif (RRM)-containing protein,,,,
783,VIT_08s0007g00810,15,0.0073,Lectin receptor kinase 7,,,,
784,VIT_17s0000g00950,15,0.0073,Hydroxycinnamoyl-CoA quinate hydroxycinnamoyltransferase,E2_3_1_99,,vv10940Phenylpropanoid_biosynthesis,
785,VIT_19s0014g05130,15,0.0073,Glycosyl transferase family 8 protein,,,,
786,VIT_14s0060g01820,15,0.0073,Unknown,,,,
787,VIT_08s0007g03750,15,0.0073,1 4-alpha-glucan branching enzyme IIB  chloroplast precursor,E2_4_1_18,,vv10500Starch_and_sucrose_metabolism,
788,VIT_00s2390g00010,15,0.0073,R protein MLA10,K13475,,vv34627R_proteins_from_Plant-pathogen_interaction,
789,VIT_18s0001g03540,15,0.0073,Auxin transporter protein 4,AUX1,,vv50004Auxin_transport,vv50123Porters_cat_18_to_29
790,VIT_13s0067g00220,15,0.0073,Aquaporin TMP-C,TMPC,,vv50101Channels_and_pores,
791,VIT_03s0063g00290,15,0.0073,Methylcrotonoyl-CoA carboxylase beta chain,E6_4_1_4,,vv10280Valine_leucine_and_isoleucine_degradation,
792,VIT_00s0483g00040,15,0.0072,No hit,,,,
793,VIT_17s0000g02860,15,0.0072,G1 to S phase transition protein,K03267,,vv23015mRNA_surveillance_pathway,
794,VIT_08s0007g00670,15,0.0072,Laccase,E1_10_3_2,,vv11000Single_reactions,vv50109Incompletely_characterized_transport_systems
795,VIT_18s0122g00460,15,0.0072,CP12-3,,,,
796,VIT_05s0049g00930,15,0.0072,Inorganic phosphate transporter 1-4,PHT1_4,,vv50121Porters_cat_1_to_6,
797,VIT_02s0087g00770,15,0.0072,ABC transporter E member 1,K06174,,vv52010ABC_transporters,
798,VIT_19s0090g00070,15,0.0072,VPS22,VPS22,,vv50111Tethering_factors,
799,VIT_19s0014g02760,14,0.0068,Ubiquitin-conjugating enzyme E2 O,K10581,,vv24120Ubiquitin_mediated_proteolysis,
800,VIT_18s0001g07060,14,0.0068,Phosphoribosylaminoimidazole-succinocarboxamide synthase.,E6_3_2_6,,vv10230Purine_metabolism,
801,VIT_10s0003g01250,13,0.0063,Pollen Ole e 1 allergen and extensin,,,,
802,VIT_08s0058g01000,13,0.0063,Aspartate aminotransferase,E2_6_1_1,vv10710Carbon_fixation,vv10252Alanine_and_aspartate_metabolism,vv10272Cysteine_metabolism
803,VIT_03s0038g03300,13,0.0063,Unknown protein,,,,
804,VIT_11s0016g03240,13,0.0063,Avr9/Cf-9 rapidly elicited protein 146,,,,
805,VIT_14s0036g01360,13,0.0063,Disease resistance protein RPS2,,,,
806,VIT_02s0012g01270,13,0.0063,Abscisic acid receptor PYL1  RCAR12,RCAR12,,vv30001ABA_signaling,
807,VIT_18s0001g01310,13,0.0063,Wall-associated receptor kinase 5,,,,
808,VIT_00s0181g00210,13,0.0063,Anaphase promoting complex subunit 4,K03351,,vv24120Ubiquitin_mediated_proteolysis,vv44110Cell_cycle
809,VIT_13s0019g02940,13,0.0063,Cis-zeatin O-beta-D-glucosyltransferase,E2_4_1_215,,vv10908Zeatin_biosynthesis,
810,VIT_16s0050g01960,13,0.0063,Curculin (mannose-binding) lectin,,,,
811,VIT_07s0005g02040,13,0.0062,Alpha-L-fucosidase 2 precursor,E3_2_1_51,,vv10511N-Glycan_degradation,
812,VIT_04s0008g04110,12,0.0058,No hit,,,,
813,VIT_09s0002g03680,12,0.0058,Casein kinase,K08282,,,
814,VIT_11s0037g01080,12,0.0058,Metal-dependent phosphohydrolase HD domain-containing protein,K07023,,,
815,VIT_01s0011g05410,12,0.0058,Invertase/pectin methylesterase inhibitor,PMEI,,vv40006Cell_wall,
816,VIT_02s0025g00690,12,0.0058,Calcium-dependent protein kinase 6 CDPK6,CDPK6,,vv34626Plant-pathogen_interaction,
817,VIT_05s0049g00810,12,0.0058,No hit,,,,
818,VIT_19s0093g00500,12,0.0058,F-box family protein,,,,
819,VIT_14s0068g00700,12,0.0058,EMB1895,,,,
820,VIT_13s0019g02530,12,0.0058,Subtilisin protease C1,,,,
821,VIT_05s0051g00880,12,0.0058,No hit,,,,
822,VIT_14s0066g02390,12,0.0058,Golgi alpha-mannosidase II,E3_2_1_114,,vv10510N-Glycan_biosynthesis,vv11030Glycan_structures-biosynthesis1
823,VIT_18s0041g00900,12,0.0058,UDP-glycosyltransferase 88A4,,,,
824,VIT_12s0059g01210,12,0.0058,RNA-binding protein,,,,
825,VIT_04s0008g06820,11,0.0053,Unknown,,,,
826,VIT_16s0022g00240,11,0.0053,EIX receptor 2,,,,
827,VIT_07s0005g00700,11,0.0053,Epoxide hydrolase,E3_3_2_10,,,
828,VIT_07s0005g01040,10,0.0049,Glycosyl transferase family 8 protein,,,,
829,VIT_04s0044g00920,10,0.0049,Ankyrin,K10380,,,
830,VIT_04s0023g01990,10,0.0048,Nucleotidyltransferase,E2_7_7_x,,,
831,VIT_01s0127g00610,10,0.0048,Beta-1 3-glucanase,E3_2_1_6,,,
832,VIT_06s0004g02750,10,0.0048,Auxin response factor 16,ARF16,,vv30003Auxin_signaling,vv60004ARF
833,VIT_07s0005g02210,10,0.0048,Transducin protein,,,,
834,VIT_12s0059g00390,10,0.0048,TAFII59 (TATA box associated factor II 59),K03131,,vv23022Basal_transcription_factors,
835,VIT_14s0068g01580,9,0.0044,Basic helix-loop-helix (bHLH) family,BHLHDOM_50,,vv60011BHLH,
836,VIT_19s0014g03640,9,0.0044,Myosin VII,K10359,,vv44810Regulation_of_actin_cytoskeleton,
837,VIT_11s0052g00540,9,0.0044,ABC protein 3 ATNAP3 non-intrinsic,ABCNAP3,,vv52010ABC_transporters,
838,VIT_13s0067g00300<br>VIT_13s0067g00130<br>VIT_13s0067g00290,9,0.0044,
839,VIT_18s0001g02710,9,0.0044,Unknown protein,,,,
840,VIT_13s0019g01990,9,0.0044,Phospholipid/glycerol acyltransferase,E2_3_1_51,,vv10561Glycerolipid_metabolism,vv10564Glycerophospholipid_metabolism
841,VIT_02s0025g02710,9,0.0044,NAC Secondary wall thickening promoting factor1,NST1_2,VvNAC24,vv60046NAC,
842,VIT_12s0034g00160,9,0.0044,UDP-glucose glucosyltransferase,E2_4_1_35,,vv10500Starch_and_sucrose_metabolism,
843,VIT_15s0048g01600,9,0.0044,Geraniol 10-hydroxylase,G10H,,vv10902Monoterpenoid_biosynthesis,
844,VIT_02s0154g00450,9,0.0044,Zinc knuckle,ZFC2HC,,,
845,VIT_08s0007g01730,9,0.0043,Ataxin-3,K11863,,vv24141Protein_processing_in_endoplasmic_reticulum,
846,VIT_08s0040g02340,9,0.0043,Xylan synthase,E2_4_2_24,,vv10500Starch_and_sucrose_metabolism,vv10520Nucleotide_sugars_metabolism
847,VIT_08s0007g05360,9,0.0043,Strictosidine synthase,E4_3_3_2,,vv10900Terpenoid_biosynthesis,vv10902Monoterpenoid_biosynthesis
848,VIT_08s0007g00050,9,0.0043,EMB1674 (embryo defective 1674) kinase interacting family protein,EMB1674_5,,vv60087Orphans_KIP1_SANTA,
849,VIT_10s0003g03950,9,0.0043,AERO1 (arabidopsis endoplasmic reticulum oxidoreductins 1),,,,
850,VIT_13s0067g00250,9,0.0043,(-)-a-terpineol synthase,VVTPS,,vv10902Monoterpenoid_biosynthesis,
851,VIT_17s0000g01350,9,0.0043,Unknown,,,,
852,VIT_07s0104g00620,9,0.0043,Lipase GDSL,,,,
853,VIT_17s0000g07570,8,0.0039,formin 8,FH8,,vv44810Regulation_of_actin_cytoskeleton,
854,VIT_11s0016g03720,7,0.0034,Aspartate aminotransferase  cytoplasmic (Transaminase A),E2_6_1_1,vv10710Carbon_fixation,vv10252Alanine_and_aspartate_metabolism,vv10272Cysteine_metabolism
855,VIT_04s0008g02750,7,0.0034,BZIP transcription factor BZO2H2,BZO2H2,VvbZIP09,vv60012BZIP,
856,VIT_01s0011g05870,6,0.0029,RDR1 (RNA-dependent RNA polymerase 1),K00985,,,
857,VIT_11s0016g02410,6,0.0029,MYB divaricata,DIVARICATA_3,,vv30009Flower_development,vv60044MYB
858,VIT_08s0007g01030,6,0.0029,Aldo/keto reductase,E1_1_1_21,,vv10040Pentose_glucuronate_interconversion,vv10051Fructose_and_mannose_metabolism
859,VIT_09s0002g04210,6,0.0029,Receptor protein kinase PERK1,,,,
860,VIT_13s0067g01940,6,0.0029,Abscisic acid receptor PYL4  RCAR10,RCAR10,,vv30001ABA_signaling,
861,VIT_07s0130g00210,6,0.0029,PHD finger transcription factor,PHDFG_34,,vv60048PHD,
862,VIT_15s0048g02650,6,0.0029,Unknown protein,,,,
863,VIT_05s0102g00730,6,0.0029,Integral membrane HRF1,YIF1B,,vv50110Protein_coat,
864,VIT_13s0084g00060,6,0.0029,R protein MLA10,K13475,,vv34627R_proteins_from_Plant-pathogen_interaction,
865,VIT_04s0008g00180,6,0.0029,NADP-dependent malic enzyme,E1_1_1_39,,vv10620Pyruvate_metabolism,vv10710Carbon_fixation
866,VIT_14s0066g02300,6,0.0029,P-glycoprotein 17,PGP17,,vv52010ABC_transporters,
867,VIT_11s0016g01950,6,0.0029,Casein kinase I delta,K02218,,vv23008Ribosome_biogenesis_in_Eukaryotes,
868,VIT_16s0050g02190,6,0.0029,Unknown,,,,
869,VIT_13s0064g01300,6,0.0029,RAB GTPase SMG1,K07976,,,
870,VIT_01s0137g00720,6,0.0029,Lipase GDSL,,,,
871,VIT_05s0124g00610,6,0.0029,Ankyrin repeat protein family,K10380,,vv50108Accessory_factors_involved_in_transport,
872,VIT_12s0028g02680,6,0.0029,Unknown protein,,,,
873,VIT_02s0012g02060,6,0.0029,Calmodulin,K02183,,vv34020Calcium_signaling_pathway,vv34626Plant-pathogen_interaction
874,VIT_04s0008g01360,6,0.0029,Tassel serine threonine kinase 1,,,,
875,VIT_00s0316g00060,6,0.0029,HcrVf1 protein,,,,
876,VIT_14s0006g02480,6,0.0029,Phosphatidic acid phosphatase alpha,E3_1_3_4,,vv10561Glycerolipid_metabolism,vv10564Glycerophospholipid_metabolism
877,VIT_14s0060g01810,6,0.0029,Unknown protein,,,,
878,VIT_13s0019g03710,6,0.0029,Lateral organ boundaries protein 1,LBD1_7,,vv60007AS2,
879,VIT_17s0000g09860,6,0.0029,Pentatricopeptide (PPR) repeat-containing protein,,,,
880,VIT_09s0054g01210,6,0.0029,Beta-amyrin synthase,E5_4_99_BAS,,vv10900Terpenoid_biosynthesis,
881,VIT_16s0039g02390,6,0.0029,Unknown protein,,,,
882,VIT_10s0116g01870,6,0.0029,MATE efflux family protein,MATE,,vv50125Porters_cat_66_to_94,
883,VIT_10s0003g01790,6,0.0029,BES1/BZR1 homolog protein 4,BES1_1,,vv30005Brassinosteroids_signaling,vv60010BES1
884,VIT_17s0000g04350,6,0.0029,TATA-binding protein-associated phosphoprotein Dr1 protein,DR1,,vv60021CCAAT,
885,VIT_11s0065g00630,6,0.0029,CYP706A12,,,,
886,VIT_14s0060g01290,6,0.0029,Calreticulin 2 (CRT2),K08057,,vv24141Protein_processing_in_endoplasmic_reticulum,vv44145Phagosome
887,VIT_05s0077g01070,6,0.0029,Universal stress protein (USP) family protein,,,,
888,VIT_00s0207g00170,6,0.0029,Allergen V5/Tpx-1,,,,
889,VIT_01s0011g04700,6,0.0029,Heavy-metal-associated domain-containing protein,,,,
890,VIT_18s0041g00190,6,0.0029,R protein L6,K13477,,vv34627R_proteins_from_Plant-pathogen_interaction,
891,VIT_05s0102g00900,5,0.0024,Unknown protein,,,,
892,VIT_10s0003g04290,4,0.0020,Myosin heavy chain,MYOSINHC,,vv44810Regulation_of_actin_cytoskeleton,
893,VIT_16s0098g00990,4,0.0019,No hit,,,,
894,VIT_00s0301g00030,4,0.0019,Secretory carrier membrane protein (SCAMP3),SCAMP3,,vv50110Protein_coat,
895,VIT_19s0014g03380,4,0.0019,3'(2') 5'-bisphosphate nucleotidase,E3_1_3_7,,vv10920Sulfur_metabolism,
896,VIT_14s0036g00230,4,0.0019,Microtubule associated protein (MAP65/ASE1) pleiade,PLEIADE,,vv44810Regulation_of_actin_cytoskeleton,
897,VIT_00s0317g00110,4,0.0019,Esterase/lipase/thioesterase,,,,
898,VIT_02s0154g00010,4,0.0019,Auxin-responsive SAUR11,SAUR11,,vv30003Auxin_signaling,
899,VIT_07s0130g00240,3,0.0015,Zinc finger homeobox 21,ZFHB21_2,,vv60068Zf-HD,
900,VIT_00s0259g00170,3,0.0015,Unknown protein,,,,
901,VIT_00s0450g00010,3,0.0015,Ent-kaurene synthase,E5_5_1_13,,vv10904Diterpenoid_biosynthesis,
902,VIT_02s0025g02980,3,0.0015,Soluble inorganic pyrophosphatase,K01507,,vv10190Oxidative_phosphorylation,vv50133Primary_active_transporter_cat_A9_to_A18
903,VIT_16s0039g02670,3,0.0015,Translocase of chloroplast 34,TOC34,,vv50133Primary_active_transporter_cat_A9_to_A18,
904,VIT_05s0094g00460,3,0.0015,Eukaryotic translation initiation factor,,,,
905,VIT_19s0090g01580,3,0.0015,Lysine decarboxylase,E4_1_1_18,,vv10300Lysine_biosynthesis,
906,VIT_11s0016g04620,3,0.0015,PINHEAD (Protein ZWILLE),,,,
907,VIT_17s0000g02210,3,0.0015,Hsp70 interacting protein,,,,
908,VIT_19s0027g01350,3,0.0015,R protein MLA10,K13475,,vv34627R_proteins_from_Plant-pathogen_interaction,
909,VIT_04s0008g07110,3,0.0015,Aspartic proteinase nepenthesin-2 precursor,E3_4_23_12,,,
910,VIT_09s0018g02130,3,0.0015,Calcium-transporting ATPase 9 ACA9,K01537,,vv34020Calcium_signaling_pathway,vv50131Primary_active_transporter_cat_A2_to_A4
911,VIT_18s0041g01330,3,0.0015,RPS4 (resistant to p. syringae 4),RPS4,,vv34627R_proteins_from_Plant-pathogen_interaction,
912,VIT_13s0106g00430,3,0.0015,Auxin response factor ARF6,ARF6_2,,vv30003Auxin_signaling,vv60004ARF
913,VIT_03s0017g01130,3,0.0015,Cis-zeatin O-beta-D-glucosyltransferase,E2_4_1_215,,vv10908Zeatin_biosynthesis,
914,VIT_02s0012g00410,3,0.0015,Naringenin 2-oxoglutarate 3-dioxygenase,E1_14_11_9,,vv10941Flavonoid_biosynthesis,
915,VIT_01s0146g00210,3,0.0015,Auxin responsive SAUR protein,SAUR,,vv30003Auxin_signaling,
916,VIT_10s0003g01260,3,0.0015,Dof zinc finger protein DOF1.5,DOF1_5_1,,vv60015C2C2-DOF,
917,VIT_13s0067g00260,3,0.0015,Nematode-resistance protein,,,,
918,VIT_14s0108g00440,3,0.0015,Tubulin alpha,K07374,,vv44145Phagosome,vv44810Regulation_of_actin_cytoskeleton
919,VIT_01s0010g03870,3,0.0015,Unknown protein,,,,
920,VIT_16s0022g00730,3,0.0015,Endo-1 4-beta-glucanase,E3_2_1_4,,vv40006Cell_wall,
921,VIT_17s0000g04140,3,0.0015,Unknown protein,,,,
922,VIT_02s0087g00560,3,0.0015,Unknown protein,,,,
923,VIT_12s0034g01880,3,0.0015,No hit,,,,
924,VIT_11s0016g04780,3,0.0015,Ras GTP-binding protein (RAN2),K07936,,vv23008Ribosome_biogenesis_in_Eukaryotes,vv23013RNA_transport
925,VIT_17s0053g00380,3,0.0015,Metal-nicotianamine transporter YSL7,YSL7,,vv50125Porters_cat_66_to_94,
926,VIT_08s0105g00300,3,0.0015,Phospholipase C,E3_1_4_3,,vv10260Glycine_serine_and_threonine_metabolism,vv10562Inositol_phosphate_metabolism
927,VIT_13s0019g00810,3,0.0015,Methionyl-tRNA synthetase (AtcpMetRS),E6_1_1_10,,vv10271Methionine_metabolism,vv10450Selenoamino_acid_metabolism
928,VIT_15s0021g00010,3,0.0015,Eceriferum 1 (CER1 protein) Sterol desaturase,,,,
929,VIT_18s0122g01030,3,0.0015,Kelch repeat-containing F-box protein,,,,
930,VIT_03s0038g04030,3,0.0015,Pentatricopeptide (PPR) repeat-containing,,,,
931,VIT_02s0025g00700,3,0.0015,Aluminum-activated malate transporter 9,ALMT9,,vv50125Porters_cat_66_to_94,
932,VIT_17s0053g00860,3,0.0015,Cyclic nucleotide-binding transporter 1,K05391_CNBT1,,vv34626Plant-pathogen_interaction,vv50101Channels_and_pores
933,VIT_06s0004g08230,3,0.0015,Root phototropism protein 2,,,,
934,VIT_04s0023g01120,3,0.0015,Galacturonosyltransferase,E2_4_1_43,,vv40006Cell_wall,
935,VIT_01s0113g00430,3,0.0015,Mitotic checkpoint protein BUB3,K02180,,vv44110Cell_cycle,vv50109Incompletely_characterized_transport_systems
936,VIT_01s0011g00490,3,0.0015,Pentatricopeptide (PPR) repeat-containing protein,,,,
937,VIT_14s0006g02700,3,0.0015,Unknown protein,,,,
938,VIT_04s0008g03220,3,0.0015,Lysophospholipase,E3_1_1_5,,vv10564Glycerophospholipid_metabolism,
939,VIT_13s0084g00730,3,0.0015,No hit,,,,
940,VIT_12s0028g02070,3,0.0015,Cupin  RmlC-type,,,,
941,VIT_11s0016g00040,3,0.0014,BRI1 (brassinosteroid insensitive 1),BRI1,,vv30005Brassinosteroids_signaling,
942,VIT_14s0066g01390,3,0.0014,Metal-dependent phosphohydrolase HD domain-containing protein,K07023,,,
943,VIT_06s0009g00950,3,0.0014,No hit,,,,
944,VIT_18s0001g01840,3,0.0014,1-aminocyclopropane-1-carboxylate oxidase,E1_14_17_4,,vv10640Propanoate_metabolism,vv30008Ethylene_signaling
945,VIT_11s0052g01520,3,0.0014,No hit,,,,
946,VIT_02s0154g00090,3,0.0014,Vacuolar invertase 2  GIN2,E3_2_1_26,,vv10052Galactose_metabolism,vv10500Starch_and_sucrose_metabolism
947,VIT_14s0068g00040,3,0.0014,No hit,,,,
948,VIT_01s0011g03710,3,0.0014,Thioesterase family,,,,
949,VIT_10s0003g04970,3,0.0014,ATPase  BadF/BadG/BcrA/BcrD-type,,,,
950,VIT_01s0011g00130,3,0.0014,Squamosa promoter-binding protein 6 (SPL6),SPL6_1,,vv60055SBP,
951,VIT_13s0019g02680,3,0.0014,Unknown,,,,
952,VIT_12s0035g00530,3,0.0014,Unknown protein,,,,
953,VIT_07s0005g00510,3,0.0014,Monoglyceride lipase,E3_1_1_23,,vv10561Glycerolipid_metabolism,
954,VIT_19s0014g03820,3,0.0014,Myb domain protein 102,MYB102_2,MYB145,vv60044MYB,
955,VIT_14s0066g02600,3,0.0014,Unknown protein,,,,
956,VIT_04s0069g01120,3,0.0014,Acyl-activating enzyme 7,E6_2_1_3,,vv10071Fatty_acid_metabolism,vv50104Group_translocators
957,VIT_04s0044g01560,3,0.0014,Protein kinase,,,,
958,VIT_16s0050g02480,3,0.0014,ABC transporter C member 15,ABCC15,,vv52010ABC_transporters,
959,VIT_07s0129g00370,3,0.0014,Unknown protein,,,,
960,VIT_11s0016g00280,3,0.0014,Bifunctional lysine-ketoglutarate reductase/saccharopine dehydrogenase,E1_5_1_7,,vv10300Lysine_biosynthesis,
961,VIT_12s0028g01840,3,0.0014,Peroxidase,E1_11_1_7,,vv10360Phenylalanine_metabolism,vv10680Methane_metabolism
962,VIT_14s0060g01550,3,0.0014,Dehydration-induced 19,,,,
963,VIT_14s0060g01830,3,0.0014,Unknown protein,,,,
964,VIT_14s0060g01730,3,0.0014,No hit,,,,
965,VIT_16s0022g01540<br>VIT_16s0022g01500,3,0.0014,
966,VIT_07s0104g01540,3,0.0014,No hit,,,,
967,VIT_05s0020g01490,3,0.0014,Rapid ALkalinization Factor RALFL33,,,,
968,VIT_19s0085g00020,3,0.0014,Nucleolar complex protein 3 homolog (Protein NOC3 homolog),,,,
