Vv_m2,2000,1000,VIT_14s0128g00790
rank,node,Fabs,Frel,Functional-annotation,Name-EC-KeggID,Updated-name,Network1,Network2
1,VIT_06s0004g01580,2072,1.0000,Lipoxygenase,E1_13_11_12,,vv10592alpha-Linolenic_acid_metabolism,
2,VIT_14s0128g00780,2062,1.0000,Lipoxygenase,E1_13_11_12,,vv10592alpha-Linolenic_acid_metabolism,
3,VIT_16s0098g00970,2062,0.9985,Subtilisin serine protease,SBT3_5_1,,vv50101Channels_and_pores,vv60085MTERF
4,VIT_06s0004g05170,2066,0.9961,Lectin protein kinase,,,,
5,VIT_11s0016g04300,2059,0.9932,Nudix hydrolase 20  chloroplast precursor (AtNUDT20),,,,
6,VIT_18s0166g00250,2031,0.9907,No hit,,,,
7,VIT_02s0012g02340,2025,0.9854,CYP76C4,,,,
8,VIT_13s0084g00130,2018,0.9730,CXE carboxylesterase,E3_1_1_1,,,
9,VIT_17s0000g00950,1996,0.9685,Hydroxycinnamoyl-CoA quinate hydroxycinnamoyltransferase,E2_3_1_99,,vv10940Phenylpropanoid_biosynthesis,
10,VIT_05s0020g00950,2008,0.9645,Aspartyl protease,E3_4_23_40,,,
11,VIT_16s0022g02410,1988,0.9636,Oxidoreductase,,,,
12,VIT_04s0079g00790,1998,0.9615,Acyl-CoA synthetases (Acyl-activating enzyme 11),E6_2_1_3,,vv10071Fatty_acid_metabolism,vv50104Group_translocators
13,VIT_07s0005g01470,1987,0.9571,Unknown protein,,,,
14,VIT_05s0020g03270,1971,0.9513,S-receptor kinase,,,,
15,VIT_19s0014g04190,1968,0.9503,ARK3 (Arabidopsis Receptor Kinase 3),,,,
16,VIT_16s0098g01160,1967,0.9480,Subtilisin protease,SBT3_5,,vv50101Channels_and_pores,
17,VIT_01s0010g02520,1937,0.9444,Lysine histidine transporter 1,LHT1,,vv50123Porters_cat_18_to_29,
18,VIT_06s0004g01500,1949,0.9425,Lipoxygenase (LOX2),E1_13_11_12,,vv10592alpha-Linolenic_acid_metabolism,
19,VIT_08s0058g01390,1930,0.9369,WRKY DNA-binding protein 70,WRKY70_2,VvWRKY25,vv60066WRKY,
20,VIT_12s0035g00150,1902,0.9246,Leucine Rich Repeat receptor-like kinase,,,,
21,VIT_07s0031g01010<br>VIT_07s0031g01040<br>VIT_07s0031g01050,1910,0.9223,
22,VIT_03s0038g02480,1889,0.9165,SKP1,K03094,,vv24120Ubiquitin_mediated_proteolysis,vv24141Protein_processing_in_endoplasmic_reticulum
23,VIT_07s0005g04050,1876,0.9129,Leucine Rich Repeat receptor-like kinase,,,,
24,VIT_18s0041g00250,1888,0.9055,R protein L6,K13477,,vv34627R_proteins_from_Plant-pathogen_interaction,
25,VIT_13s0067g03750,1869,0.9042,Stigma/style ABC transporter WBC19,WBC19,,vv52010ABC_transporters,
26,VIT_02s0025g00510,1859,0.9024,Respiratory burst oxidase protein F (RBOHF),RBOHF,,vv30001ABA_signaling,vv34626Plant-pathogen_interaction
27,VIT_19s0014g02900,1852,0.8986,Ring finger protein 185,,,,
28,VIT_00s0269g00100,1843,0.8968,Ankyrin,K10380,,vv50108Accessory_factors_involved_in_transport,
29,VIT_00s0261g00040,1850,0.8886,Unknown protein,,,,
30,VIT_12s0034g02600,1830,0.8845,Leucine Rich Repeat receptor-like kinase,,,,
31,VIT_03s0063g00880,1807,0.8742,Calmodulin-binding protein,,,,
32,VIT_12s0028g02680,1813,0.8742,Unknown protein,,,,
33,VIT_04s0008g00320,1818,0.8732,Leucine-rich repeat family protein,,,,
34,VIT_01s0011g05360,1804,0.8707,High mobility group protein HMGI/Y-1,HMGIY_5,,vv60035HMG,
35,VIT_13s0019g04060,1785,0.8623,MLO1,K08472,,,
36,VIT_00s0246g00020,1777,0.8609,No hit,,,,
37,VIT_06s0004g08150,1768,0.8591,Trans-cinnamate 4-monooxygenase,E1_14_13_11,,vv10360Phenylalanine_metabolism,vv10940Phenylpropanoid_biosynthesis
38,VIT_19s0014g01110,1740,0.8471,Curculin (mannose-binding) lectin,,,,
39,VIT_13s0067g02360,1751,0.8426,Peroxidase  class III,E1_11_1_7,,vv10360Phenylalanine_metabolism,vv10680Methane_metabolism
40,VIT_16s0050g00110,1733,0.8417,Unknown protein,,,,
41,VIT_07s0151g01040,1737,0.8383,Ent-kaurene synthase A  chloroplast precursor,E5_5_1_13,,vv10904Diterpenoid_biosynthesis,
42,VIT_07s0031g01120,1722,0.8380,Ascorbate oxidase,E1_10_3_3,,vv10053Ascorbate_and_aldarate_metabolism,vv50109Incompletely_characterized_transport_systems
43,VIT_08s0007g06590,1739,0.8373,Lectin protein kinase,,,,
44,VIT_09s0018g00300,1726,0.8366,N-acetyltransferase hookless1 HLS1,HLS1_2,,vv30008Ethylene_signaling,vv50004Auxin_transport
45,VIT_18s0089g00650,1734,0.8325,CF4,K13470,,vv34626Plant-pathogen_interaction,
46,VIT_01s0026g01070,1717,0.8319,Unknown protein,,,,
47,VIT_17s0000g09700,1715,0.8313,Unknown protein,,,,
48,VIT_14s0068g00340,1705,0.8265,Transcription initiation factor TFIID subunit 8,TAF8,,vv23022Basal_transcription_factors,
49,VIT_13s0064g01560,1676,0.8116,Glycosyl hydrolase family 1 protein,,,,
50,VIT_17s0053g00950,1677,0.8070,Cyclic nucleotide-binding transporter 1,K05391_CNBT1,,vv34626Plant-pathogen_interaction,vv50101Channels_and_pores
51,VIT_07s0151g00780,1670,0.8068,Hemolysin A,K06442,,vv50109Incompletely_characterized_transport_systems,
52,VIT_07s0005g04060,1683,0.8064,Leucine Rich Repeat receptor-like kinase,,,,
53,VIT_01s0011g00970,1659,0.8030,RPM1 (resistance to p. syringae pv maculicola 1),K13457,,vv34626Plant-pathogen_interaction,
54,VIT_16s0050g01890,1662,0.7971,Unknown,,,,
55,VIT_14s0006g03250,1643,0.7953,AWPM-19,AWPM19,,vv30001ABA_signaling,
56,VIT_11s0037g00640,1640,0.7911,No hit,,,,
57,VIT_10s0116g01150,1616,0.7875,Unknown,,,,
58,VIT_00s0480g00040,1636,0.7869,Polyphenol oxidase II  chloroplast precursor,E1_10_3_1,,vv10350Tyrosine_metabolism,vv50109Incompletely_characterized_transport_systems
59,VIT_04s0008g03500,1623,0.7860,Ankyrin,K10380,,vv50108Accessory_factors_involved_in_transport,
60,VIT_01s0113g00300,1609,0.7769,No hit,,,,
61,VIT_09s0054g00910,1585,0.7739,Chaperone BCS1 mitochondrial,K08900,,,
62,VIT_01s0011g05830,1598,0.7738,ARR1 typeB,ARR1_1,,vv30007Cytokinin_signaling,vv60006ARR-B
63,VIT_07s0031g01090,1593,0.7711,Ascorbate oxidase,E1_10_3_3,,vv10053Ascorbate_and_aldarate_metabolism,vv50109Incompletely_characterized_transport_systems
64,VIT_09s0002g04560,1589,0.7699,Calmodulin-binding protein,,,,
65,VIT_19s0014g01720,1589,0.7699,Sodium/calcium exchanger family protein,NACAEX,,vv50123Porters_cat_18_to_29,
66,VIT_00s0131g00060,1582,0.7680,Annexin ANN3,ANN3,,vv50101Channels_and_pores,
67,VIT_04s0008g06850,1591,0.7660,Biopterin transport-related protein BT1,BIOPTERIN,,vv50125Porters_cat_66_to_94,
68,VIT_04s0044g00660,1578,0.7627,S-receptor kinase,,,,
69,VIT_06s0004g04820,1573,0.7621,Salt stress-inducible protein kinase,,,,
70,VIT_18s0089g00680,1570,0.7588,Peru 2,,,,
71,VIT_09s0054g00500,1560,0.7562,No hit,,,,
72,VIT_07s0104g00090,1562,0.7561,Transparent testa 8 TT8,TT8,,vv60011BHLH,
73,VIT_14s0030g00200,1559,0.7506,Sugar transporter ERD6-like 5,ERD6L5,,vv50121Porters_cat_1_to_6,
74,VIT_05s0020g02260,1550,0.7438,Sugar transporter ERD6-like 16,ERD6L16,,vv50121Porters_cat_1_to_6,
75,VIT_19s0014g03770,1511,0.7328,Retrotransposon,,,,
76,VIT_16s0050g02190,1510,0.7316,Unknown,,,,
77,VIT_18s0089g00120,1508,0.7250,No hit,,,,
78,VIT_17s0053g00860,1497,0.7242,Cyclic nucleotide-binding transporter 1,K05391_CNBT1,,vv34626Plant-pathogen_interaction,vv50101Channels_and_pores
79,VIT_11s0016g05880,1492,0.7194,Ubiquitin-specific protease 12 UBP12,,,,
80,VIT_09s0002g06890,1480,0.7174,Dicyanin blue copper protein,,,,
81,VIT_05s0077g01730,1464,0.7107,Unknown,,,,
82,VIT_07s0031g01710,1460,0.7074,WRKY DNA-binding protein 51,WRKY51_3,VvWRKY22,vv60066WRKY,
83,VIT_06s0009g01040,1449,0.7014,No hit,,,,
84,VIT_14s0083g00460,1445,0.7011,Tryptophan synthase beta chain 2,E4_2_1_20,,vv10400Phenylalanine_tyrosine_and_tryptophan_biosynthesis,
85,VIT_05s0124g00080,1445,0.6991,No hit,,,,
86,VIT_02s0012g02370,1447,0.6984,Geraniol 10-hydroxylase,G10H,,vv10902Monoterpenoid_biosynthesis,
87,VIT_08s0007g08460,1447,0.6977,Unknown protein,,,,
88,VIT_00s0253g00020<br>VIT_00s1380g00030,1429,0.6930,
89,VIT_13s0019g04040,1429,0.6897,Serine carboxypeptidase 28 (SCPL28),,,,
90,VIT_14s0006g02210,1427,0.6890,DNA ligase I,K10747,,vv23030DNA_replication,vv23410Base_excision_repair
91,VIT_07s0005g04760,1427,0.6887,PfkB-type carbohydrate kinase,,,,
92,VIT_07s0104g00270,1420,0.6860,Isopentenyltransferase 5,E2_5_1_27,,vv10908Zeatin_biosynthesis,
93,VIT_11s0052g01090,1413,0.6843,4-coumarate-CoA ligase 2,E6_2_1_12,,vv10940Phenylpropanoid_biosynthesis,vv50104Group_translocators
94,VIT_18s0001g11240,1405,0.6797,MAPKKK5 (Mitogen-activated protein kinase kinase kinase 5),,,,
95,VIT_03s0038g00150,1401,0.6768,Beta-D-galactosidase,E3_2_1_23,,vv10052Galactose_metabolism,vv10511N-Glycan_degradation
96,VIT_08s0007g06560,1398,0.6767,Lectin protein kinase,,,,
97,VIT_02s0154g00600,1379,0.6694,Pectinesterase family,E3_1_1_11,,vv40006Cell_wall,
98,VIT_14s0006g01120,1379,0.6672,Lipase GDSL,,,,
99,VIT_12s0035g00100,1374,0.6631,Receptor protein kinase,,,,
100,VIT_09s0018g01190,1368,0.6621,Anthranilate N-benzoyltransferase,E2_3_1_144,,vv10400Phenylalanine_tyrosine_and_tryptophan_biosynthesis,
101,VIT_03s0110g00030,1365,0.6617,Unknown,,,,
102,VIT_07s0005g03970,1377,0.6614,Peptide transporter protein 3,PTR3,,vv50122Porters_cat_7_to_17,
103,VIT_01s0010g00710,1359,0.6613,Armadillo/beta-catenin repeat protein / U-box domain-containing protein ,,,,
104,VIT_18s0041g01780,1378,0.6606,Aspartic protease,E3_4_23_x,,,
105,VIT_09s0002g00220,1361,0.6588,Avr9/Cf-9 rapidly elicited protein 132,,,,
106,VIT_01s0011g02960,1354,0.6573,Leucoanthocyanidin reductase 1,E1_17_1_3,,vv10941Flavonoid_biosynthesis,
107,VIT_00s0226g00050,1329,0.6467,R protein  PRF  disease resistance protein,K13453,,vv34627R_proteins_from_Plant-pathogen_interaction,
108,VIT_00s0480g00060,1342,0.6464,Polyphenol oxidase [Vitis vinifera],E1_10_3_1,,vv10350Tyrosine_metabolism,vv50109Incompletely_characterized_transport_systems
109,VIT_09s0018g01590,1335,0.6443,Kinesin motor protein,KMOTOR,,vv44810Regulation_of_actin_cytoskeleton,
110,VIT_17s0000g07210,1326,0.6412,flavonoid 3'-hydroxylase [Vitis vinifera],E1_14_13_21,,vv10941Flavonoid_biosynthesis,
111,VIT_14s0068g01050,1327,0.6401,GCN5 N-acetyltransferase (GNAT),GCN5_20,,vv60082GNAT,
112,VIT_11s0016g05380,1316,0.6395,Acidic leucine-rich nuclear phosphoprotein 32 member E,,,,
113,VIT_00s0181g00220,1333,0.6384,Calmodulin-binding protein,K02183,,vv34020Calcium_signaling_pathway,vv34626Plant-pathogen_interaction
114,VIT_12s0028g02400,1315,0.6383,Leaf senescence protein,,,,
115,VIT_16s0050g01500,1302,0.6293,EMB2261 (embryo defective 2261),,,,
116,VIT_04s0008g01050,1300,0.6265,Unknown,,,,
117,VIT_12s0057g00950,1284,0.6206,No hit,,,,
118,VIT_18s0072g00160,1284,0.6170,Peroxidase 12,E1_11_1_7,,vv10360Phenylalanine_metabolism,vv10680Methane_metabolism
119,VIT_05s0077g01280,1274,0.6161,Glycosyl hydrolase family 3 beta xylosidase BXL1,,,,
120,VIT_08s0007g02370,1272,0.6160,Unknown,,,,
121,VIT_00s0214g00070,1264,0.6121,ABC transporter C member 9,K05033,,vv52010ABC_transporters,
122,VIT_12s0035g00140,1268,0.6105,Leucine Rich Repeat receptor-like kinase,,,,
123,VIT_17s0000g03660,1269,0.6095,NAC domain containing protein 58,NAC058,VvNAC06,vv60046NAC,
124,VIT_18s0089g00690,1257,0.6075,CF9,K13446,,vv34626Plant-pathogen_interaction,
125,VIT_19s0027g01600,1254,0.6073,CC-NBS-LRR class,,,,
126,VIT_05s0094g00580,1261,0.6065,Stearoyl-CoA 9-desaturase,E1_14_19_1,,vv11040Biosynthesis_of_unsaturated_fatty_acids,
127,VIT_00s2745g00010,1252,0.6060,Receptor kinase RK20-1,,,,
128,VIT_14s0068g01260,1245,0.6017,Phosphate carrier protein,MPHOSPTR,,vv50123Porters_cat_18_to_29,
129,VIT_01s0011g05320,1230,0.5980,Thaumatin,,,,
130,VIT_00s0226g00020,1240,0.5979,RabGAP/TBC domain-containing protein,,,,
131,VIT_04s0008g04640,1232,0.5969,Pentatricopeptide repeat-containing protein,,,,
132,VIT_01s0127g00070,1241,0.5949,Nitrate transporter2.5,NRT2_5,,vv50121Porters_cat_1_to_6,
133,VIT_16s0050g01930,1224,0.5945,EIX receptor 2,,,,
134,VIT_01s0026g01180,1216,0.5923,No hit,,,,
135,VIT_14s0108g00190,1223,0.5894,Aldose 1-epimerase,E5_1_3_3,,vv10010Glycolysis,
136,VIT_12s0034g02570,1196,0.5800,Leucine Rich Repeat receptor-like kinase,,,,
137,VIT_05s0094g00650,1192,0.5767,Stearoyl-acyl-carrier protein desaturase,E1_14_19_2,,vv11040Biosynthesis_of_unsaturated_fatty_acids,
138,VIT_04s0008g00150,1193,0.5763,NAC domain containing protein 36,NAC036_1,VvNAC04,vv60046NAC,
139,VIT_19s0085g00060,1194,0.5716,ABC transporter B member 11,K05664,,vv52010ABC_transporters,
140,VIT_18s0001g08270,1169,0.5691,Amino acid permease 6,AAP6,,vv50123Porters_cat_18_to_29,
141,VIT_19s0014g04180,1163,0.5648,Curculin (mannose-binding) lectin,,,,
142,VIT_16s0039g00570,1166,0.5638,10-deacetylbaccatin III 10-O-acetyltransferase,E2_3_1_167,,vv10904Diterpenoid_biosynthesis,
143,VIT_16s0050g01910,1159,0.5621,Unknown,,,,
144,VIT_05s0051g00080,1165,0.5614,F-box protein PP2-B2,,,,
145,VIT_14s0108g00270,1155,0.5610,Aldose 1-epimerase,E5_1_3_3,,vv10010Glycolysis,
146,VIT_12s0057g01450,1151,0.5563,Subtilisin protease,,,,
147,VIT_13s0019g01700,1156,0.5563,Scarecrow transcription factor 14 (SCL14),SCL14_1,,vv60032GRAS,
148,VIT_08s0040g02450,1137,0.5525,Unknown protein,,,,
149,VIT_01s0011g06080,1146,0.5518,Lectin protein kinase family,,,,
150,VIT_12s0035g00010,1138,0.5506,DNA (cytosine-5)-methyltransferase (ATHIM),E2_1_1_37,,vv10271Methionine_metabolism,
151,VIT_11s0065g00430,1139,0.5492,No hit,,,,
152,VIT_15s0046g01570,1134,0.5478,Acidic endochitinase (CHIB1),E3_2_1_14,,vv10530Aminosugars_metabolism,
153,VIT_01s0011g05490,1128,0.5449,F-box domain containing protein,,,,
154,VIT_05s0124g00190,1121,0.5434,C2 domain-containing protein,,,,
155,VIT_04s0008g00330,1112,0.5416,Clavata1 receptor kinase (CLV1),,,,
156,VIT_04s0008g06130,1107,0.5376,KNAT2 (knotted1-like homeobox gene 3),KNAT3_1,VvHB15,vv60034HB,
157,VIT_04s0044g01370,1106,0.5343,SCL1 (scarecrow-like 1),SCL1_1,,vv60032GRAS,
158,VIT_10s0003g00830,1103,0.5341,Sodium/calcium exchanger family protein,NACAEX,,vv50123Porters_cat_18_to_29,
159,VIT_05s0062g00790,1101,0.5337,NSL1 (necrotic spotted lesions 1),,,,
160,VIT_14s0036g00930,1101,0.5316,Polyubiquitin (UBQ4),,,,
161,VIT_04s0023g00620,1097,0.5292,Unknown,,,,
162,VIT_12s0057g01130,1095,0.5264,R protein disease resistance protein,RPROT,,vv34627R_proteins_from_Plant-pathogen_interaction,
163,VIT_13s0067g01580,1084,0.5217,Anthocyaninless2 (ANL2),ANL2_4,,vv60034HB,
164,VIT_15s0021g02850,1074,0.5209,Unknown,,,,
165,VIT_07s0151g00700,1074,0.5203,EDA4 (embryo sac development arrest 4),EDA4,,vv50109Incompletely_characterized_transport_systems,
166,VIT_14s0068g01250,1065,0.5193,Mitochondrial phosphate transporter,MPHOSPTR,,vv50123Porters_cat_18_to_29,
167,VIT_19s0085g00160,1082,0.5189,CF9,K13446,,vv34626Plant-pathogen_interaction,
168,VIT_14s0068g01170,1078,0.5185,Pentatricopeptide repeat domain containing protein,,,,
169,VIT_02s0012g00190,1076,0.5183,Unknown protein,,,,
170,VIT_13s0019g03180,1062,0.5170,Unknown protein,,,,
171,VIT_03s0038g04280,1065,0.5157,Protein BCCIP homolog,,,,
172,VIT_01s0010g02440,1062,0.5155,ABC transporter C member 9,K05033,,vv52010ABC_transporters,
173,VIT_17s0000g07400,1053,0.5122,Disease resistance protein (EDS1),EDS1,,vv30011Jasmonate_signaling,
174,VIT_11s0016g04320,1050,0.5041,Nudix hydrolase 20,,,,
175,VIT_08s0040g00900,1034,0.5015,Myb family,MYBGE_13,,vv60029G2-like,
176,VIT_12s0059g02150,1040,0.4990,Aconitate hydratase  cytoplasmic,E4_2_1_3,,vv10020Citrate_cycle,vv10630Glyoxylate_and_dicarboxylate_metabolism
177,VIT_14s0060g00120,1029,0.4983,Germin-like protein 2 [Vitis vinifera],,,,
178,VIT_05s0020g03750,1030,0.4981,Protease inhibitor/seed storage/lipid transfer protein (LTP),,,,
179,VIT_08s0007g04350,1021,0.4964,Protein kinase,,,,
180,VIT_08s0007g01550,1017,0.4932,Laccase,E1_10_3_2,,vv11000Single_reactions,vv50109Incompletely_characterized_transport_systems
181,VIT_10s0003g03980,1021,0.4897,LEM3 (ligand-effect modulator 3) family protein,LEM3,,vv50108Accessory_factors_involved_in_transport,
182,VIT_11s0118g00160,1014,0.4880,Disease resistance protein,,,,
183,VIT_00s0391g00070,1006,0.4874,3-deoxy-D-arabino-heptulosonate 7-phosphate synthase,E2_5_1_54,,vv10400Phenylalanine_tyrosine_and_tryptophan_biosynthesis,
184,VIT_08s0040g01710,1009,0.4846,Phenylalanine ammonia-lyase,E4_3_1_5,,vv10350Tyrosine_metabolism,vv10360Phenylalanine_metabolism
185,VIT_13s0064g00740,994,0.4811,Lysine decarboxylase - like protein,E4_1_1_18,,vv10300Lysine_biosynthesis,
186,VIT_18s0001g11040,997,0.4800,Heme oxygenase 2,E1_14_99_3,,vv10860Porphyrin_and_chlorophyll_metabolism,
187,VIT_17s0000g03390,990,0.4755,Calmodulin binding protein,K02183,,vv34020Calcium_signaling_pathway,vv34626Plant-pathogen_interaction
188,VIT_02s0087g00560,986,0.4752,Unknown protein,,,,
189,VIT_04s0044g01110,970,0.4700,Alcohol dehydrogenase 6,E1_1_1_1,,vv10010Glycolysis,vv10071Fatty_acid_metabolism
190,VIT_01s0010g02390,970,0.4697,Unknown protein,,,,
191,VIT_12s0034g02590,972,0.4682,Leucine Rich Repeat receptor-like kinase,,,,
192,VIT_00s0131g00140,966,0.4673,Annexin ANN3,ANN3,,vv50101Channels_and_pores,
193,VIT_09s0002g01090,971,0.4673,flavonoid 3-monooxygenase,E1_14_13_21,,vv10941Flavonoid_biosynthesis,
194,VIT_10s0116g00990,963,0.4657,Pentatricopeptide (PPR) repeat-containing protein,,,,
195,VIT_08s0040g02830,954,0.4638,Calcium-transporting ATPase 1  endoplasmic reticulum-type ECA1,K01537,,vv34020Calcium_signaling_pathway,vv50131Primary_active_transporter_cat_A2_to_A4
196,VIT_08s0105g00200,953,0.4606,U-box domain-containing protein,,,,
197,VIT_01s0011g00990,945,0.4605,RPM1 (resistance to p. syringae pv maculicola 1),K13457,,vv34626Plant-pathogen_interaction,
198,VIT_04s0008g04460,942,0.4533,Molybdate transporter 1,MOT1,,vv50124Porters_cat_30_to_64,
199,VIT_18s0089g01190,925,0.4477,Stage III sporulation protein AA,K06390,,vv50109Incompletely_characterized_transport_systems,
200,VIT_18s0001g09600,930,0.4465,HOS15 (High expression of osmotically responsive genes 15),,,,
201,VIT_15s0048g02200,921,0.4460,Caffeoyl-CoA O-methyltransferase,E2_1_1_104,,vv10940Phenylpropanoid_biosynthesis,
202,VIT_01s0113g00430,912,0.4406,Mitotic checkpoint protein BUB3,K02180,,vv44110Cell_cycle,vv50109Incompletely_characterized_transport_systems
203,VIT_17s0053g00850,907,0.4382,Cyclic nucleotide-binding transporter 1,K05391_CNBT1,,vv34626Plant-pathogen_interaction,vv50101Channels_and_pores
204,VIT_01s0010g01090,898,0.4351,Peroxidase ATP23a,E1_11_1_7,,vv10360Phenylalanine_metabolism,vv10680Methane_metabolism
205,VIT_11s0016g01060,903,0.4350,Avr9/Cf-9 induced kinase 1,,,,
206,VIT_08s0007g08420,887,0.4300,R protein MLA10,K13475,,vv34627R_proteins_from_Plant-pathogen_interaction,
207,VIT_07s0031g03060,879,0.4267,NSL1 (necrotic spotted lesions 1),,,,
208,VIT_14s0083g01130,862,0.4189,MAP3K-like protein kinase  putative  expressed,,,,
209,VIT_05s0020g02250,859,0.4170,Sugar transporter ERD6-like 16,ERD6L16,,vv50121Porters_cat_1_to_6,
210,VIT_14s0108g01080,857,0.4166,Myb domain protein 106,MYB106_2,MYB141,vv60044MYB,
211,VIT_14s0128g00310,859,0.4142,Zinc finger (C3HC4-type ring finger),ZFC3HC4_69,,vv60078Other_zf-C3HC4,
212,VIT_12s0055g00920,852,0.4130,Aspartate aminotransferase,E2_6_1_1,vv10710Carbon_fixation,vv10252Alanine_and_aspartate_metabolism,vv10272Cysteine_metabolism
213,VIT_12s0028g02570,844,0.4081,Sodium/calcium exchanger family protein,NACAEX,,vv50123Porters_cat_18_to_29,
214,VIT_12s0028g02010,849,0.4080,PMR5 (powdery mildew resistant 5),,,,
215,VIT_16s0013g01760,846,0.4077,Derlin-1,K11519,,vv24141Protein_processing_in_endoplasmic_reticulum,vv50133Primary_active_transporter_cat_A9_to_A18
216,VIT_15s0024g01160,845,0.4066,No hit,,,,
217,VIT_06s0004g01180,831,0.4028,Peroxidase,E1_11_1_7,,vv10360Phenylalanine_metabolism,vv10680Methane_metabolism
218,VIT_01s0150g00640,830,0.4002,Unknown protein,,,,
219,VIT_08s0007g04220,828,0.3996,SER/ARG-rich protein kinase 4 SRPK4,,,,
220,VIT_11s0206g00130,822,0.3975,VAMP-like protein YKT61,K08516,,vv24130SNARE_interactions_in_vesicular_transport,
221,VIT_09s0002g07510,818,0.3973,Pentatricopeptide (PPR) repeat-containing protein,,,,
222,VIT_17s0000g03230,822,0.3967,Alpha-mannosidase,E3_2_1_113,,vv10510N-Glycan_biosynthesis,vv11030Glycan_structures-biosynthesis1
223,VIT_06s0004g04660,813,0.3964,No hit,,,,
224,VIT_06s0004g06210,819,0.3962,CYP86A1,,,,
225,VIT_04s0008g01140,819,0.3953,Beta-fructosidase (BFRUCT1),E3_2_1_26,,vv10052Galactose_metabolism,vv10500Starch_and_sucrose_metabolism
226,VIT_10s0042g01620,812,0.3917,No hit,,,,
227,VIT_12s0028g01650,803,0.3892,S-receptor kinase,,,,
228,VIT_13s0019g02020,805,0.3891,Thaumatin,,,,
229,VIT_07s0151g00410,802,0.3889,Sulfate transporter 3.1 (AST12) (AtST1),SULTR3_1,,vv50124Porters_cat_30_to_64,
230,VIT_00s0125g00310,800,0.3878,Unknown protein,,,,
231,VIT_03s0110g00360,800,0.3876,Copper transporter 2,COPT2,,vv50101Channels_and_pores,
232,VIT_04s0008g00620,800,0.3876,Myb domain protein 68,MYB68_2,MYB153,vv60044MYB,
233,VIT_17s0000g05520,798,0.3866,Calcium-dependent protein kinase 30 CPK30,CPK30,,vv34626Plant-pathogen_interaction,
234,VIT_14s0030g00650,795,0.3835,Shikimate dehydrogenase,E1_1_1_25,,vv10400Phenylalanine_tyrosine_and_tryptophan_biosynthesis,
235,VIT_11s0052g00160,798,0.3833,ATP binding   related,,,,
236,VIT_18s0089g00660,781,0.3799,CF9,K13446,,vv34626Plant-pathogen_interaction,
237,VIT_09s0002g01300,784,0.3789,Retrotransposon,,,,
238,VIT_03s0017g00010,782,0.3769,No hit,,,,
239,VIT_15s0048g00510,770,0.3740,Pectinesterase family,E3_1_1_11,,vv40006Cell_wall,
240,VIT_00s0262g00120,769,0.3733,Receptor kinase RK20-1,,,,
241,VIT_01s0026g00950,764,0.3702,formin 8,FH8,,vv44810Regulation_of_actin_cytoskeleton,
242,VIT_08s0007g08440,767,0.3672,Disease resistance protein,,,,
243,VIT_03s0038g04690,749,0.3657,Isoflavone reductase protein 6,E1_3_1_45,,vv10943Isoflavonoid_biosynthesis,
244,VIT_06s0004g05870,750,0.3632,Tubulin beta-3 chain,K07375,,vv44145Phagosome,vv44810Regulation_of_actin_cytoskeleton
245,VIT_10s0071g00190,747,0.3630,R protein disease resistance protein,RPROT,,vv34627R_proteins_from_Plant-pathogen_interaction,
246,VIT_03s0038g03320,740,0.3587,Unknown protein,,,,
247,VIT_08s0056g00630,738,0.3557,Acid phosphatase,E3_1_3_2,,vv10740Riboflavin_metabolism,
248,VIT_13s0047g00950,732,0.3543,R protein MLA10,K13475,,vv34627R_proteins_from_Plant-pathogen_interaction,
249,VIT_13s0019g04070,728,0.3522,MLO1,K08472,,,
250,VIT_16s0098g01560,722,0.3480,Glucan endo-1 3-beta-D-glucosidase,E3_2_1_39,,vv10500Starch_and_sucrose_metabolism,
251,VIT_13s0019g01360,718,0.3465,Unknown,,,,
252,VIT_17s0000g03370,716,0.3456,Calmodulin-binding protein,K02183,,vv34020Calcium_signaling_pathway,vv34626Plant-pathogen_interaction
253,VIT_04s0023g02500,707,0.3447,Unknown protein,,,,
254,VIT_08s0007g06880,708,0.3427,Unknown protein,,,,
255,VIT_13s0156g00050,706,0.3426,Male sterility 2 (MS2) protein,,,,
256,VIT_14s0006g00350,708,0.3425,Glutamine synthetase cytosolic isozyme 2,E6_3_1_2,,vv10251Glutamate_metabolism,vv10550Peptidoglycan_biosynthesis
257,VIT_13s0047g01060,708,0.3419,No hit,,,,
258,VIT_10s0003g05210,707,0.3406,Wall-associated kinase 1 (WAK1),,,,
259,VIT_13s0084g00820,705,0.3393,Pepsin A,,,,
260,VIT_18s0122g00170,687,0.3345,Diphenol oxidase,E1_10_3_1,,vv10350Tyrosine_metabolism,vv50109Incompletely_characterized_transport_systems
261,VIT_08s0007g05030,687,0.3316,Myb domain protein 36,MYB36_2,MYB150,vv60044MYB,
262,VIT_10s0042g00080,686,0.3304,Peroxidase 50,E1_11_1_7,,vv10360Phenylalanine_metabolism,vv10680Methane_metabolism
263,VIT_18s0001g09540,681,0.3284,MADS-box agamous-like 67,AGL67,,vv60042MADS,
264,VIT_13s0067g01310,679,0.3271,R protein disease resistance protein,RPROT,,vv34627R_proteins_from_Plant-pathogen_interaction,
265,VIT_15s0046g03620,668,0.3259,2-oxo acid dehydrogenase  lipoyl-binding site,E1_2_4_1,,vv10010Glycolysis,vv10252Alanine_and_aspartate_metabolism
266,VIT_16s0050g01980,654,0.3140,EIX receptor 2,,,,
267,VIT_04s0044g00810,650,0.3118,S-receptor kinase,,,,
268,VIT_15s0046g00430,640,0.3105,Harpin-induced 1,,,,
269,VIT_17s0053g00840,639,0.3071,Cyclic nucleotide-binding transporter 1,K05391_CNBT1,,vv34626Plant-pathogen_interaction,vv50101Channels_and_pores
270,VIT_04s0023g01330,638,0.3070,Homeobox protein 5,VVHB5,VvHB18,vv60034HB,
271,VIT_18s0089g00630,630,0.3033,CF4,K13470,,vv34626Plant-pathogen_interaction,
272,VIT_16s0050g01900,622,0.3006,Leucine-rich repeat protein kinase,,,,
273,VIT_13s0064g01370,619,0.3005,Polygalacturonase inhibiting protein 1 PGIP1,PGIP,,,
274,VIT_01s0011g03570,613,0.2989,Unknown,,,,
275,VIT_10s0116g00280,618,0.2987,UDP-3-O-[3-hydroxymyristoyl] glucosamine N-acyltransferase,K02536,,vv10540Lipopolysaccharide_biosynthesis,
276,VIT_05s0094g00550,605,0.2958,Stearoyl-acyl-[acyl-carrier-protein] desaturase,E1_14_19_2,,vv11040Biosynthesis_of_unsaturated_fatty_acids,
277,VIT_06s0080g00570,606,0.2942,Unknown protein,,,,
278,VIT_11s0103g00570,609,0.2929,Microtubule-associated protein Rab GTPase,MAPRAB,,vv44810Regulation_of_actin_cytoskeleton,
279,VIT_06s0080g00560,603,0.2910,Beta-alanine synthase,E3_5_1_53,,vv10220Urea_cycle_and_metabolism_of_amino_groups,
280,VIT_17s0000g00120,599,0.2897,Exostosin,K02366,,vv11030Glycan_structures-biosynthesis1,
281,VIT_06s0009g03380,596,0.2889,ABC transporter G member 14,ABCG14,,vv52010ABC_transporters,
282,VIT_04s0008g01070,598,0.2875,Calmodulin-binding region IQD6,,,,
283,VIT_09s0054g00300,591,0.2861,Disease resistance,,,,
284,VIT_04s0008g06190,591,0.2858,Polyprotein,,,,
285,VIT_07s0151g01070,587,0.2841,Copalyl diphosphate synthase,E5_5_1_12,,vv10904Diterpenoid_biosynthesis,
286,VIT_04s0008g05060,590,0.2835,C-5 cytosine-specific DNA methylase,E2_1_1_37,,vv10271Methionine_metabolism,
287,VIT_10s0003g01700,592,0.2833,ER lumen protein retaining receptor (ERD2),,,,
288,VIT_05s0102g00430,586,0.2828,Unknown protein,,,,
289,VIT_18s0117g00400,585,0.2823,TIR-NBS-LRR-TIR disease resistance protein,,,,
290,VIT_00s0283g00060,583,0.2818,Unknown protein,,,,
291,VIT_01s0011g01660,578,0.2811,VAMP726 (VESICLE-associated membrane protein),K08511,,vv24130SNARE_interactions_in_vesicular_transport,vv50101Channels_and_pores
292,VIT_11s0149g00070,584,0.2801,Ribosomal protein S6,K02990,,vv23010Ribosome,
293,VIT_07s0289g00100,573,0.2786,Acetyl-CoA carboxylase,E6_4_1_2,,vv10061Fatty_acid_biosynthesis,vv10620Pyruvate_metabolism
294,VIT_16s0022g01660,576,0.2785,Receptor kinase homolog LRK10,,,,
295,VIT_05s0020g04210,577,0.2779,Sulfate adenylyltransferase 3,E2_7_7_4,,vv10230Purine_metabolism,vv10450Selenoamino_acid_metabolism
296,VIT_05s0124g00230,568,0.2757,F-box domain containing protein,,,,
297,VIT_05s0029g00130,570,0.2756,High mobility group (HMG1/2),HMG1_2_2,,vv60005ARID,
298,VIT_07s0005g05140,570,0.2754,Zinc finger (HIT type) family protein,ZFHIT_2,,vv60080Other_zf,
299,VIT_04s0008g01030,565,0.2732,Unknown protein,,,,
300,VIT_16s0050g02720<br>VIT_16s0148g00110<br>VIT_00s0425g00030<br>VIT_16s0098g00100,562,0.2707,
301,VIT_02s0109g00290,559,0.2707,CYP76C6,,,,
302,VIT_19s0015g00490,554,0.2680,No hit,,,,
303,VIT_04s0008g00310,553,0.2675,Clavata1 receptor kinase (CLV1),,,,
304,VIT_05s0029g00820,553,0.2674,No hit,,,,
305,VIT_13s0106g00420,555,0.2672,Metalloendopeptidase,,,,
306,VIT_15s0045g01360,550,0.2656,No hit,,,,
307,VIT_17s0000g03380,546,0.2656,Calmodulin binding protein,K02183,,vv34020Calcium_signaling_pathway,vv34626Plant-pathogen_interaction
308,VIT_08s0040g00930,545,0.2642,Cyclin B-type,CYCB1_2,,vv44110Cell_cycle,
309,VIT_14s0068g01270,538,0.2614,No hit,,,,
310,VIT_00s0409g00010,538,0.2599,Receptor kinase RK20-1,,,,
311,VIT_08s0007g07690,539,0.2590,Polygalacturonase inhibiting protein PGIP1,PGIP,,,
312,VIT_18s0001g00800,537,0.2583,Tetracycline transporter protein,TETRACYCTR,,vv50121Porters_cat_1_to_6,
313,VIT_12s0034g00930,531,0.2578,Band 7 family,BAND7,,vv50108Accessory_factors_involved_in_transport,
314,VIT_19s0014g03780,528,0.2553,Unknown protein,,,,
315,VIT_19s0014g04080,524,0.2552,Serine/threonine-protein kinase receptor ARK3,,,,
316,VIT_04s0008g03370,529,0.2552,YebC,,,,
317,VIT_00s0229g00160,522,0.2532,formyltetrahydrofolate deformylase,E3_5_1_10,,vv10630Glyoxylate_and_dicarboxylate_metabolism,vv10670One_carbon_pool_by_folate
318,VIT_17s0000g06210,520,0.2530,GASA like,GASAL,,vv30010Gibberellin_signaling,
319,VIT_04s0044g00720,522,0.2508,S-receptor kinase,,,,
320,VIT_05s0062g00700,516,0.2494,UDP-glucose:flavonoid 7-O-glucosyltransferase,E2_4_1_237,,vv10941Flavonoid_biosynthesis,
321,VIT_09s0018g01210,513,0.2492,Receptor kinase TRKe,,,,
322,VIT_09s0002g06900,513,0.2489,NtEIG-A1,,,,
323,VIT_06s0004g07220,515,0.2487,Indole-3-acetate beta-glucosyltransferase,E2_4_1_121,,vv11002Auxin_biosynthesis,
324,VIT_17s0000g03560,512,0.2487,(myb domain protein 62,MYB62_1,MYB164,vv60044MYB,
325,VIT_11s0016g00570,513,0.2470,Dimethylaniline monooxygenase (N-oxide forming) 2,E1_14_13_8,,vv11000Single_reactions,
326,VIT_01s0011g01350,509,0.2452,No hit,,,,
327,VIT_05s0029g01180,508,0.2452,Unknown,,,,
328,VIT_19s0085g01010,507,0.2419,No hit,,,,
329,VIT_05s0094g00560,499,0.2406,Stearoyl-ACP desaturase,E1_14_19_2,,vv11040Biosynthesis_of_unsaturated_fatty_acids,
330,VIT_00s0262g00110,499,0.2404,6-phosphogluconate dehydrogenase  decarboxylating,E1_1_1_44,,vv10030Pentose_phosphate,
331,VIT_14s0068g01730,498,0.2398,ABCNAP14,K02006,,vv52010ABC_transporters,
332,VIT_14s0060g00350,493,0.2390,Aspartic protease,E3_4_23_x,,,
333,VIT_12s0028g03760,495,0.2389,UPF0497 family,,,,
334,VIT_05s0102g01060,492,0.2360,No hit,,,,
335,VIT_17s0000g03510,487,0.2356,Serine/threonine kinase BRLK,,,,
336,VIT_01s0026g00290,487,0.2350,No hit,,,,
337,VIT_05s0062g01140,481,0.2326,Aromatic and neutral transporter 1,ANT1,,vv50123Porters_cat_18_to_29,
338,VIT_08s0058g00990,476,0.2315,Peroxidase,E1_11_1_7,,vv10360Phenylalanine_metabolism,vv10680Methane_metabolism
339,VIT_03s0038g04020,476,0.2311,Polygalacturonase GH28,E3_2_1_15,,vv40006Cell_wall,
340,VIT_18s0041g00220,479,0.2311,TIR-NBS-LRR disease resistance,,,,
341,VIT_05s0102g00850,469,0.2262,Unknown protein,,,,
342,VIT_17s0000g10040,465,0.2253,No hit,,,,
343,VIT_03s0017g01000,465,0.2252,Amine oxidase,E1_4_3_4,,vv10220Urea_cycle_and_metabolism_of_amino_groups,vv10340Histidine_metabolism
344,VIT_15s0046g02380,463,0.2238,CYP86A8,,,,
345,VIT_06s0004g02280,463,0.2232,Translocation protein SEC62,K12275,,vv23060Protein_export,vv24141Protein_processing_in_endoplasmic_reticulum
346,VIT_15s0048g01500,461,0.2227,Geraniol 10-hydroxylase,G10H,,vv10902Monoterpenoid_biosynthesis,
347,VIT_10s0071g00310,461,0.2226,F-box/LRR-repeat protein 2,,,,
348,VIT_18s0072g00980,461,0.2222,Leucine-rich repeat protein kinase,,,,
349,VIT_14s0030g01890,456,0.2192,Unknown,,,,
350,VIT_12s0059g01210,450,0.2190,RNA-binding protein,,,,
351,VIT_19s0014g01180,451,0.2186,Pathogenesis-related,,,,
352,VIT_14s0108g00160,450,0.2177,Pyrrolo-quinoline quinone,K05889,,vv50101Channels_and_pores,
353,VIT_04s0008g04200,451,0.2173,Unknown protein,,,,
354,VIT_14s0060g02340,445,0.2147,Heat shock protein 70,K03283,,vv23040Spliceosome,vv24141Protein_processing_in_endoplasmic_reticulum
355,VIT_07s0031g00760,443,0.2143,EF hand,,,,
356,VIT_12s0059g02420,442,0.2141,Peroxidase ATP11A (gb|X98802).,E1_11_1_7,,vv10360Phenylalanine_metabolism,vv10680Methane_metabolism
357,VIT_00s0640g00010,442,0.2123,Transcriptional corepressor LEUNIG,LEUNIG_2,,vv30009Flower_development,vv60041LUG
358,VIT_16s0022g01070,438,0.2107,Chalcone synthase [Vitis vinifera],E2_3_1_74,,vv10941Flavonoid_biosynthesis,
359,VIT_05s0049g01420,435,0.2107,Peroxisomal membrane protein PMP22,,,,
360,VIT_14s0066g00760,434,0.2097,Disease resistance protein (NBS-LRR class),,,,
361,VIT_19s0085g01000,432,0.2093,RGLG2 (ring Domain LIGASE2),RGLG2,,vv50004Auxin_transport,
362,VIT_12s0057g00010,429,0.2068,Diacylglycerol kinase,E2_7_1_107,,vv10561Glycerolipid_metabolism,vv10564Glycerophospholipid_metabolism
363,VIT_19s0014g01540,421,0.2039,ABC transporter G member 14,ABCG14,,vv52010ABC_transporters,
364,VIT_09s0002g02990,419,0.2024,FRK1 (FLG22-induced receptor-like kinase 1),FRK1,,vv34626Plant-pathogen_interaction,
365,VIT_10s0071g00680,419,0.2022,Cell division cycle protein 48,K13525,,vv24141Protein_processing_in_endoplasmic_reticulum,vv44110Cell_cycle
366,VIT_00s0201g00020,417,0.2020,Pentatricopeptide repeat-containing protein,,,,
367,VIT_09s0002g08650,413,0.1997,Nodulin,,,,
368,VIT_04s0008g04930,410,0.1995,Paramyosin,PARAMYOSIN,,vv44810Regulation_of_actin_cytoskeleton,
369,VIT_14s0108g00440,409,0.1983,Tubulin alpha,K07374,,vv44145Phagosome,vv44810Regulation_of_actin_cytoskeleton
370,VIT_11s0016g01010,405,0.1959,Serine/threonine-protein kinase NAK,,,,
371,VIT_19s0015g02070,402,0.1935,(-)-germacrene D synthase,E4_2_3_22,,vv10900Terpenoid_biosynthesis,
372,VIT_00s0187g00020,393,0.1910,No hit,,,,
373,VIT_07s0005g04020,387,0.1868,Leucine Rich Repeat receptor-like kinase,,,,
374,VIT_09s0002g02830,384,0.1862,Light repressible receptor protein kinase,,,,
375,VIT_08s0007g02920,383,0.1858,ATAN11 (ANTHOCYANIN11),,,,
376,VIT_03s0091g00040,375,0.1821,Limonoid UDP-glucosyltransferase,E2_4_1_120,,vv10940Phenylpropanoid_biosynthesis,
377,VIT_06s0004g01560,373,0.1816,Unknown,,,,
378,VIT_04s0069g00980,378,0.1815,WRKY DNA-binding protein 51,WRKY51_4,VvWRKY12,vv60066WRKY,
379,VIT_01s0011g04700,367,0.1780,Heavy-metal-associated domain-containing protein,,,,
380,VIT_18s0001g04820,368,0.1773,(-)-germacrene D synthase,E4_2_3_22,,vv10900Terpenoid_biosynthesis,
381,VIT_08s0007g01960,366,0.1772,FtsJ-like methyltransferase,K02427,,,
382,VIT_18s0001g15230,365,0.1759,Unknown,,,,
383,VIT_18s0001g07340,362,0.1750,Aspartic proteinase nepenthesin-1 precursor,E3_4_23_12,,,
384,VIT_14s0060g00330,360,0.1732,Aspartyl protease,E3_4_23_40,,,
385,VIT_18s0001g15120,358,0.1731,Unknown protein,,,,
386,VIT_19s0085g00910,350,0.1702,Organic cation transport protein OCT2,VVOCT2,,vv50121Porters_cat_1_to_6,
387,VIT_04s0008g01290,353,0.1695,CGA1 (cytokinin-responsive GATA factor 1),CGA1,,vv30007Cytokinin_signaling,vv60016C2C2-GATA
388,VIT_00s0203g00120,353,0.1691,Jumonji (jmjC),JMJD1C_4,,vv60038Jumonji,
389,VIT_00s1404g00010,347,0.1682,Calmodulin-binding,,,,
390,VIT_14s0108g00290,345,0.1667,formin 8,FH8,,vv44810Regulation_of_actin_cytoskeleton,
391,VIT_08s0007g00070,344,0.1663,RNA recognition motif (RRM)-containing protein,,,,
392,VIT_17s0000g09270,336,0.1629,MATE efflux family protein,MATE,,vv50125Porters_cat_66_to_94,
393,VIT_03s0110g00170,335,0.1626,CF4,K13470,,vv34626Plant-pathogen_interaction,
394,VIT_04s0008g00350,336,0.1621,Clavata1 receptor kinase (CLV1),,,,
395,VIT_02s0154g00510,336,0.1618,SEC14 cytosolic factor,SEC14,,vv50122Porters_cat_7_to_17,
396,VIT_13s0019g02560,334,0.1616,Subtilisin protease C1,,,,
397,VIT_14s0006g01740,332,0.1604,AAR2 protein,,,,
398,VIT_10s0071g00860,330,0.1592,Disease resistance protein,,,,
399,VIT_01s0011g03860,328,0.1588,RKL1 (Receptor-like kinase 1),,,,
400,VIT_06s0009g02540,328,0.1585,Unknown protein,,,,
401,VIT_14s0006g00050,325,0.1572,Transposase  IS4,,,,
402,VIT_13s0019g04950,324,0.1567,KOW domain-containing transcription factor family protein,KOWDOM,,,
403,VIT_18s0001g00560,322,0.1562,Alpha-amylase / 1 4-alpha-D-glucan glucanohydrolase,E3_2_1_1,,vv10500Starch_and_sucrose_metabolism,
404,VIT_08s0007g03750,322,0.1550,1 4-alpha-glucan branching enzyme IIB  chloroplast precursor,E2_4_1_18,,vv10500Starch_and_sucrose_metabolism,
405,VIT_19s0015g02810,319,0.1536,No hit,,,,
406,VIT_17s0000g07370,315,0.1525,EDS1 (Enhanced disease susceptibility 1),EDS1,,vv30011Jasmonate_signaling,
407,VIT_13s0019g05250,312,0.1522,Malate dehydrogenase [NADP]  chloroplast precursor (NADP-MDH),E1_1_1_82,,vv10620Pyruvate_metabolism,vv10710Carbon_fixation
408,VIT_06s0061g00110,312,0.1504,No hit,,,,
409,VIT_06s0009g02740,312,0.1504,Pentatricopeptide (PPR) repeat-containing protein,,,,
410,VIT_18s0001g00550,311,0.1498,Rho guanyl-nucleotide exchange factor ROPGEF1,ROPGEF1,,,
411,VIT_04s0023g00490,309,0.1498,Auxin responsive SAUR protein,SAUR,,vv30003Auxin_signaling,
412,VIT_18s0001g13670,307,0.1489,Glyoxal oxidase-related,,,,
413,VIT_18s0001g10270,305,0.1476,Basic helix-loop-helix protein SPATULA,SPATULA_1,,vv60011BHLH,
414,VIT_12s0028g00590,305,0.1475,3-hydroxyisobutyryl-CoA hydrolase,E3_1_2_4,,vv10280Valine_leucine_and_isoleucine_degradation,vv10410Beta-alanine_metabolism
415,VIT_01s0011g02200,305,0.1470,Glutamine synthetase,E6_3_1_2,,vv10251Glutamate_metabolism,vv10550Peptidoglycan_biosynthesis
416,VIT_11s0118g00420,304,0.1455,Heparanase protein 3 precursor,E3_2_1_31,,vv10040Pentose_glucuronate_interconversion,vv10500Starch_and_sucrose_metabolism
417,VIT_11s0016g04330,298,0.1444,Unknown,,,,
418,VIT_15s0045g00540,295,0.1434,Vesicle coat complex COPII  subunit SEC23,K14006,,vv24141Protein_processing_in_endoplasmic_reticulum,vv50110Protein_coat
419,VIT_19s0027g01230,296,0.1425,CF4,K13470,,vv34626Plant-pathogen_interaction,
420,VIT_05s0020g03240,294,0.1421,S-receptor kinase,,,,
421,VIT_00s0541g00010,293,0.1409,Unknown,,,,
422,VIT_14s0066g00310,291,0.1400,Unknown protein,,,,
423,VIT_18s0041g01640,288,0.1387,Leucine-rich repeat family protein,,,,
424,VIT_13s0074g00780,283,0.1381,Late embryogenic abundant protein,,,,
425,VIT_09s0002g02310,286,0.1380,Metallo-beta-lactamase,E3_5_2_6,,vv10311Penicillin_and_cephalosporin_biosynthesis,
426,VIT_04s0008g00740,283,0.1365,Protein phosphatase 2C,E3_1_3_16,,,
427,VIT_06s0061g00470,281,0.1362,Myb domain protein 36,MYB36_1,MYB149,vv60044MYB,
428,VIT_16s0039g01710,279,0.1349,Myb domain protein 9,MYB9,MYB181,vv60044MYB,
429,VIT_04s0008g03220,278,0.1348,Lysophospholipase,E3_1_1_5,,vv10564Glycerophospholipid_metabolism,
430,VIT_02s0033g01320,278,0.1347,Amino acid permease,AAPREL,,vv50123Porters_cat_18_to_29,
431,VIT_06s0009g02450,279,0.1346,Integrase,,,,
432,VIT_01s0011g02510,277,0.1333,Zinc finger (DNL type),ZFDNL_1,,vv60080Other_zf,
433,VIT_19s0014g04140,277,0.1332,S-locus protein kinase,,,,
434,VIT_05s0020g03620,272,0.1313,Unknown protein,,,,
435,VIT_01s0011g03210,271,0.1305,Aspartyl protease,E3_4_23_x,,,
436,VIT_14s0066g00620,266,0.1283,Chitinase  class III,E3_2_1_14,,vv10530Aminosugars_metabolism,
437,VIT_06s0009g00320,264,0.1279,U-box protein,,,,
438,VIT_14s0030g02150,264,0.1277,Calmodulin,K02183,,vv34020Calcium_signaling_pathway,vv34626Plant-pathogen_interaction
439,VIT_12s0034g02560,263,0.1266,DNA (cytosine-5)-methyltransferase (ATHIM),E2_1_1_37,,vv10271Methionine_metabolism,
440,VIT_14s0006g02770,259,0.1262,Proton-dependent oligopeptide transport (POT) family protein,POT,,vv50122Porters_cat_7_to_17,
441,VIT_16s0013g00700,257,0.1252,Multidrug resistance-associated protein 3,MRP3,,vv52010ABC_transporters,
442,VIT_04s0008g03530,258,0.1251,Ankyrin repeat,K10380,,vv50108Accessory_factors_involved_in_transport,
443,VIT_13s0047g00740,252,0.1217,Disease resistance protein (NBS class),,,,
444,VIT_03s0088g00780,251,0.1215,Pathogenesis-related protein 1 precursor (PRP 1),PRP1,,vv30011Jasmonate_signaling,vv34626Plant-pathogen_interaction
445,VIT_00s0125g00050,250,0.1201,No hit,,,,
446,VIT_18s0001g07470,245,0.1189,Ulp1 protease,,,,
447,VIT_07s0141g00930,246,0.1188,33 kDa secretory protein,,,,
448,VIT_17s0053g00020,246,0.1187,Unknown,,,,
449,VIT_06s0080g00120,246,0.1186,Male sterility 2 (MS2) Acyl-CoA reductase,,,,
450,VIT_13s0156g00360,244,0.1183,Emsy N terminus domain-containing protein,,,,
451,VIT_07s0151g00440,238,0.1149,AP2 domain containing protein,AINTEGUMENTA_2,VvAP2-18,vv30008Ethylene_signaling,vv60003AP2_EREBP
452,VIT_18s0001g04830,238,0.1146,(-)-germacrene D synthase,E4_2_3_22,,vv10900Terpenoid_biosynthesis,
453,VIT_14s0006g01460,238,0.1145,CHAT (acetyl coa:(z)-3-hexen-1-ol acetyltransferase),CHAT,,vv10592alpha-Linolenic_acid_metabolism,
454,VIT_13s0019g00540,237,0.1140,Ethylene-responsive protein,ERUNK_7,,vv30008Ethylene_signaling,vv60011BHLH
455,VIT_17s0000g04210,234,0.1136,Oleosin OLE-5,,,,
456,VIT_02s0025g01390,234,0.1130,Protein phosphatase 2C DBP,DBPPP2C_5,,vv60024DBP,
457,VIT_13s0067g02420,234,0.1130,No hit,,,,
458,VIT_12s0035g00060,233,0.1125,DNA (cytosine-5)-methyltransferase,E2_1_1_37,,vv10271Methionine_metabolism,
459,VIT_05s0094g00740,231,0.1113,Stearoyl-acyl-[acyl-carrier-protein] desaturase,E1_14_19_2,,vv11040Biosynthesis_of_unsaturated_fatty_acids,
460,VIT_19s0027g00480,228,0.1105,UDP-glucuronosyl/UDP-glucosyltransferase,E2_4_1_17,,vv10040Pentose_glucuronate_interconversion,vv10500Starch_and_sucrose_metabolism
461,VIT_01s0137g00050,227,0.1101,Myb family,MYBGE_2,,vv60029G2-like,
462,VIT_15s0046g01140,226,0.1097,WRKY DNA-binding protein 53,WRKY53_3,VvWRKY47,vv60066WRKY,
463,VIT_17s0000g09300,224,0.1086,Pentatricopeptide (PPR) repeat,,,,
464,VIT_00s0480g00030,225,0.1085,Polyphenol oxidase,E1_10_3_1,,vv10350Tyrosine_metabolism,vv50109Incompletely_characterized_transport_systems
465,VIT_18s0089g00510,223,0.1075,Isopentenyltransferase 1,E2_5_1_27,,vv10908Zeatin_biosynthesis,
466,VIT_10s0042g00590,220,0.1060,Leucine-rich repeat receptor-like protein kinase 1,,,,
467,VIT_06s0009g03350,213,0.1023,Phosphatidylglycerol specific phospholipase C,E3_1_4_3,,vv10260Glycine_serine_and_threonine_metabolism,vv10562Inositol_phosphate_metabolism
468,VIT_00s1405g00020,209,0.1010,WD40,,,,
469,VIT_12s0134g00410,208,0.1006,frataxin protein,FRATAXIN,,vv50109Incompletely_characterized_transport_systems,
470,VIT_12s0034g02580,207,0.1001,Leucine Rich Repeat receptor-like kinase,,,,
471,VIT_16s0039g01240<br>VIT_16s0039g01360<br>VIT_16s0039g01130<br>VITisv_009233<br>VIT_16s0039g01100<br>VIT_00s2508g00010<br>VITisv_032212<br>VIT_16s0039g01120<br>VIT_16s0039g01320<br>VIT_00s2849g00010<br>VIT_16s0039g01300<br>VIT_16s0039g01170<br>VIT_16s0039g01280,204,0.0986,
472,VIT_05s0102g00140,204,0.0984,No hit,,,,
473,VIT_10s0092g00220,203,0.0982,Integral membrane family protein UPF0497,,,,
474,VIT_00s0407g00050,203,0.0980,No hit,,,,
475,VIT_06s0004g04380,203,0.0976,Unknown protein,,,,
476,VIT_07s0255g00030,201,0.0969,Lipase GDSL,,,,
477,VIT_03s0038g01080,199,0.0966,Auxin responsive SAUR protein,SAUR,,vv30003Auxin_signaling,
478,VIT_17s0000g07960,200,0.0964,Ubiquitin-conjugating enzyme E2 H,K10576,,vv24120Ubiquitin_mediated_proteolysis,
479,VIT_15s0048g00350,199,0.0960,3-phosphoshikimate 1-carboxyvinyltransferase  chloroplast precursor,E2_5_1_19,,vv10400Phenylalanine_tyrosine_and_tryptophan_biosynthesis,
480,VIT_06s0009g01960,200,0.0959,Anthocyanin 3-O-galactosyltransferase,E2_4_1_115,,vv10942Anthocyanin_biosynthesis,
481,VIT_05s0020g03480,198,0.0957,Ribosomal protein L18P/L5E,K02883,,vv23010Ribosome,
482,VIT_13s0067g03120,198,0.0956,DNA-directed RNA polymerase II subunit A,K03006,,vv23020RNA_polymerase,
483,VIT_11s0052g00780,198,0.0951,No hit,,,,
484,VIT_05s0077g00880,196,0.0947,Peroxidase,E1_11_1_7,,vv10360Phenylalanine_metabolism,vv10680Methane_metabolism
485,VIT_17s0000g03330,195,0.0943,Receptor serine/threonine kinase PR5K,,,,
486,VIT_17s0000g08460,195,0.0938,Carbonic anhydrase  chloroplast precursor,E4_2_1_1,,vv10910Nitrogen_metabolism,vv50124Porters_cat_30_to_64
487,VIT_08s0040g03180,193,0.0936,APETALA2 (AP2) floral homeotic protein,APETALA2TOE2_3,VvAP2-14,vv30008Ethylene_signaling,vv30009Flower_development
488,VIT_15s0045g00020,192,0.0933,No hit,,,,
489,VIT_13s0019g03680,190,0.0919,Unknown protein,,,,
490,VIT_04s0069g00290,188,0.0901,Glutamate receptor 2.1,GLR2_1,,vv50101Channels_and_pores,
491,VIT_01s0011g04950,185,0.0895,Diadenosine 5' 5'''-P1 P4-tetraphosphate hydrolase,E3_6_1_17,,vv10230Purine_metabolism,vv10240Pyrimidine_metabolism
492,VIT_13s0064g01880,184,0.0894,No hit,,,,
493,VIT_18s0122g01400,184,0.0891,Exostosin family protein,K02366,,vv11030Glycan_structures-biosynthesis1,
494,VIT_01s0011g00910,183,0.0884,Unknown protein,,,,
495,VIT_07s0031g01380,182,0.0881,ferulate 5-hydroxylase,K09755,,vv10940Phenylpropanoid_biosynthesis,
496,VIT_17s0000g07680,181,0.0876,Alpha-N-acetylglucosaminidase,E3_2_1_50,,vv10511N-Glycan_degradation,
497,VIT_18s0089g00110,181,0.0874,Nematode resistance-like protein,,,,
498,VIT_14s0066g01160,181,0.0873,Unknown protein,,,,
499,VIT_12s0028g01320,178,0.0866,Unknown protein,,,,
500,VIT_12s0028g01630,177,0.0854,S-receptor kinase,,,,
501,VIT_07s0104g00990,177,0.0854,No hit,,,,
502,VIT_14s0060g01540,172,0.0835,Syntaxin 16,K08489,,vv24130SNARE_interactions_in_vesicular_transport,vv50101Channels_and_pores
503,VIT_08s0058g01260,172,0.0834,No hit,,,,
504,VIT_08s0007g03980,173,0.0834,Pentatricopeptide (PPR) repeat-containing,,,,
505,VIT_19s0014g00620,172,0.0833,Receptor kinase 2,,,,
506,VIT_06s0080g01060,172,0.0832,Calcium-binding EF hand,,,,
507,VIT_14s0066g00710,172,0.0831,Oleosin H-isoform,,,,
508,VIT_06s0061g01550,172,0.0828,No hit,,,,
509,VIT_00s0187g00100,171,0.0828,No hit,,,,
510,VIT_03s0038g03220,170,0.0827,Chitin elicitor-binding CEBIP LysM domain-containing,K13473,,vv34626Plant-pathogen_interaction,
511,VIT_12s0059g01650,170,0.0823,Division site determinant MinD  Plastid,MIND1,,vv44110Cell_cycle,
512,VIT_14s0066g02110,167,0.0810,AAA-type ATPase,,,,
513,VIT_19s0014g01200,167,0.0805,No hit,,,,
514,VIT_03s0017g01980,166,0.0802,Choline-phosphate cytidylyltransferase B,E2_7_7_15,,vv10564Glycerophospholipid_metabolism,
515,VIT_17s0000g06100,165,0.0802,Pentatricopeptide (PPR) repeat-containing protein,,,,
516,VIT_14s0128g00490,165,0.0801,DnaJ homolog  subfamily B  member 5,K09511,,vv50132Primary_active_transporter_cat_A5_to_A8,
517,VIT_18s0041g00230,162,0.0787,TIR-NBS-LRR disease resistance,,,,
518,VIT_09s0002g08930,162,0.0780,Calcium ion binding,,,,
519,VIT_01s0010g00900,161,0.0779,Menaquinone biosynthesis protein,K03183,,vv10130Ubiquinone_biosynthesis,
520,VIT_05s0020g04290,159,0.0768,No hit,,,,
521,VIT_18s0001g01370,157,0.0758,Wall-associated receptor kinase 5,,,,
522,VIT_00s0198g00050,156,0.0756,No hit,,,,
523,VIT_03s0063g00820,156,0.0751,Carboxyesterase 12; CXE12,E3_1_1_1,,,
524,VIT_15s0024g00760,155,0.0750,No hit,,,,
525,VIT_04s0008g00370,153,0.0738,Clavata1 receptor kinase (CLV1),,,,
526,VIT_03s0038g00250<br>VIT_03s0038g00230,151,0.0728,
527,VIT_01s0011g03960,151,0.0728,Protein kinase,,,,
528,VIT_16s0039g02060,150,0.0727,Ankyrin repeat family protein,,,,
529,VIT_03s0180g00320,150,0.0725,Indole-3-acetate beta-glucosyltransferase,E2_4_1_121,,vv11002Auxin_biosynthesis,
530,VIT_13s0084g00310,145,0.0703,ACI112,,,,
531,VIT_07s0129g00570,144,0.0695,Transducin family protein / WD-40 repeat,,,,
532,VIT_09s0002g05090,144,0.0695,CENP-C,CENPC,,vv44110Cell_cycle,
533,VIT_00s0338g00010,143,0.0694,F-box family protein,,,,
534,VIT_19s0014g04690,143,0.0687,Indole-3-acetic acid-amido synthetase,AUXINBIOSYNTHESIS_GH3,,vv11002Auxin_biosynthesis,
535,VIT_03s0017g00560,142,0.0685,Disease resistance RPP13 protein 4,,,,
536,VIT_15s0048g00270,141,0.0684,Scarecrow transcription factor 6 (SCL6),SCL6_1,,vv60032GRAS,
537,VIT_08s0007g06060,142,0.0682,Beta 1-3 glucanase,E3_2_1_6,,,
538,VIT_06s0080g01030,141,0.0680,No hit,,,,
539,VIT_09s0002g04570,140,0.0678,Unknown,,,,
540,VIT_18s0001g15150,139,0.0674,Unknown protein,,,,
541,VIT_14s0083g01180,139,0.0672,Unknown protein,,,,
542,VIT_02s0025g02570,139,0.0671,CYP78A8,K00517,,vv10902Monoterpenoid_biosynthesis,vv10940Phenylpropanoid_biosynthesis
543,VIT_17s0000g04360,137,0.0666,Wall-associated kinase 2 (WAK2),,,,
544,VIT_05s0029g01340,136,0.0655,Auxin-independent growth promoter (axi 1),AXI1,,vv30003Auxin_signaling,
545,VIT_08s0058g00850,135,0.0650,Gag-pol polyprotein,,,,
546,VIT_02s0025g02390,134,0.0648,Oligopeptide transporter OPT7,OPT7,,vv50125Porters_cat_66_to_94,
547,VIT_03s0097g00240,134,0.0646,No hit,,,,
548,VIT_03s0017g00610,133,0.0639,Disease resistance protein (CC-NBS-LRR class),,,,
549,VIT_16s0013g01500,132,0.0638,Disease resistance protein,,,,
550,VIT_03s0110g00430,130,0.0631,No hit,,,,
551,VIT_17s0000g01880,130,0.0629,No hit,,,,
552,VIT_01s0182g00150,129,0.0626,PHO1-like protein,PHO1,,vv50125Porters_cat_66_to_94,
553,VIT_06s0080g00090,126,0.0610,CYP94A1,,,,
554,VIT_09s0002g05930,126,0.0605,Unknown protein,,,,
555,VIT_19s0014g04420,125,0.0603,ARR24 Type A,ARR24_4,,vv30007Cytokinin_signaling,vv60072Orphans_Response_reg
556,VIT_10s0116g01900,124,0.0603,Unknown,,,,
557,VIT_19s0085g00440,124,0.0601,R protein MLA10,K13475,,vv34627R_proteins_from_Plant-pathogen_interaction,
558,VIT_05s0062g01260,121,0.0585,No hit,,,,
559,VIT_09s0002g03060,121,0.0583,Leucine-rich repeat protein kinase,,,,
560,VIT_01s0011g03120,121,0.0583,Unknown protein,,,,
561,VIT_05s0077g01800,119,0.0573,Unknown protein,,,,
562,VIT_07s0151g00380,118,0.0573,No hit,,,,
563,VIT_04s0008g06630,118,0.0573,Phototropic-responsive NPH3,,,,
564,VIT_04s0023g03160,117,0.0566,Unknown protein,,,,
565,VIT_00s0271g00050,116,0.0561,Pentatricopeptide (PPR) repeat-containing protein,,,,
566,VIT_13s0019g01990,115,0.0558,Phospholipid/glycerol acyltransferase,E2_3_1_51,,vv10561Glycerolipid_metabolism,vv10564Glycerophospholipid_metabolism
567,VIT_03s0088g01240,115,0.0555,Basic helix-loop-helix (bHLH) family,BHLHDOM_74,,vv60011BHLH,
568,VIT_03s0038g04090,115,0.0554,Guanine nucleotide exchange MIN7,K13462,,vv34626Plant-pathogen_interaction,
569,VIT_00s0934g00010,114,0.0552,RARE-cold-inducible 2B,RCI2B,,vv50109Incompletely_characterized_transport_systems,
570,VIT_02s0025g01190,113,0.0547,Extra-large G-protein (XLG1),,,,
571,VIT_18s0122g01260,113,0.0546,Protein kinase 1B,,,,
572,VIT_05s0020g02050,113,0.0544,DnaJ homolog  subfamily B  member 12,K09518,,vv50132Primary_active_transporter_cat_A5_to_A8,
573,VIT_09s0002g03100,112,0.0540,Light repressible receptor protein kinase,,,,
574,VIT_02s0109g00310,111,0.0539,flavonoid 3-monooxygenase,E1_14_13_21,,vv10941Flavonoid_biosynthesis,
575,VIT_16s0050g00430,111,0.0539,Photoassimilate-responsive protein PAR-1a,,,,
576,VIT_06s0004g01710,111,0.0538,Histone H3,,,,
577,VIT_17s0000g01000,111,0.0537,Amino acid-binding ACT,,,,
578,VIT_15s0021g01600,111,0.0535,Ethylene responsive element binding factor 2,ERF2,VvERF073,vv30008Ethylene_signaling,
579,VIT_07s0005g02420,109,0.0526,Haloacid dehalogenase hydrolase,E3_1_3_18,,vv10630Glyoxylate_and_dicarboxylate_metabolism,
580,VIT_18s0122g01460,108,0.0523,CYP87A3,,,,
581,VIT_05s0124g00560,108,0.0522,UDP-galactose transporter 6,UTR6,,vv50122Porters_cat_7_to_17,
582,VIT_03s0180g00290,107,0.0516,Gibberellin-regulated protein 4 (GASA4),GASA4,,vv30010Gibberellin_signaling,
583,VIT_00s0227g00190,107,0.0514,Phosphoglucomutase/phosphomannomutase C terminal,E5_4_2_2,,vv10010Glycolysis,vv10030Pentose_phosphate
584,VIT_10s0116g00490,106,0.0512,Microtubule organization 1 protein (MOR1),MOR1,,vv44810Regulation_of_actin_cytoskeleton,
585,VIT_00s2258g00010,105,0.0512,No hit,,,,
586,VIT_05s0077g00640,105,0.0507,No hit,,,,
587,VIT_05s0020g03220,104,0.0504,S-receptor kinase,,,,
588,VIT_16s0100g00610,102,0.0492,CYP87A3,,,,
589,VIT_02s0109g00360,100,0.0484,Translocase of chloroplast 34,TOC34,,vv50133Primary_active_transporter_cat_A9_to_A18,
590,VIT_07s0005g01300,99,0.0478,Auxin-induced beta-glucosidase,E3_2_1_21,,vv10500Starch_and_sucrose_metabolism,vv10902Monoterpenoid_biosynthesis
591,VIT_04s0044g00210,98,0.0476,Mannitol dehydrogenase,E1_1_1_67,,vv10051Fructose_and_mannose_metabolism,
592,VIT_06s0009g00500,98,0.0471,No hit,,,,
593,VIT_12s0035g01260,97,0.0469,NBS-LRR type disease resistance protein,,,,
594,VIT_09s0002g03010,97,0.0469,FRK1 (FLG22-induced receptor-like kinase 1),FRK1,,vv34626Plant-pathogen_interaction,
595,VIT_01s0026g01460,97,0.0467,Thioredoxin H-type 2 (Trx-H-2),,,,
596,VIT_08s0058g00660,97,0.0466,Protein phosphatase 1D,K10147,,,
597,VIT_14s0066g00890,96,0.0464,Cytochrome c oxidase subunit Vc,COX5C,,vv10190Oxidative_phosphorylation,
598,VIT_13s0074g00800,96,0.0463,CCHC-type integrase,,,,
599,VIT_13s0019g04180,95,0.0462,Aminodeoxychorismate synthase/glutamine amidotransferase,E6_3_5_8,,vv10790Folate_biosynthesis,
600,VIT_19s0014g01400,95,0.0461,Agenet domain-containing protein,,,,
601,VIT_14s0081g00120,94,0.0454,fertility restorer,,,,
602,VIT_02s0025g02730,93,0.0453,Alcohol dehydrogenase,E1_1_1_1,,vv10010Glycolysis,vv10071Fatty_acid_metabolism
603,VIT_01s0011g01560,93,0.0451,Transparent testa16,TT16_4,,vv60042MADS,
604,VIT_16s0013g01780,93,0.0449,Derlin-1,K11519,,vv24141Protein_processing_in_endoplasmic_reticulum,vv50133Primary_active_transporter_cat_A9_to_A18
605,VIT_18s0072g00430,92,0.0448,Alginate_lyase2,E4_2_2_11,,,
606,VIT_08s0058g00090,91,0.0442,Hcr9-Avr4-par1,,,,
607,VIT_00s0396g00040,90,0.0433,No hit,,,,
608,VIT_10s0042g00560,89,0.0429,Unknown protein,,,,
609,VIT_01s0011g05990,89,0.0428,No hit,,,,
610,VIT_10s0071g00580,88,0.0425,Zfwd2 protein (ZFWD2),ZFWD2_4,,vv60018C3H,
611,VIT_13s0047g01010,87,0.0419,R protein MLA10,K13475,,vv34627R_proteins_from_Plant-pathogen_interaction,
612,VIT_04s0008g03510,86,0.0418,Lignostilbene-alpha beta-dioxygenase and related enzymes,E1_14_99_36,,vv10906Carotenoid_biosynthesis,
613,VIT_04s0008g03410,86,0.0418,Unknown protein,,,,
614,VIT_03s0088g00270,86,0.0416,No hit,,,,
615,VIT_14s0219g00080,85,0.0412,Unknown protein,,,,
616,VIT_01s0010g02750,85,0.0410,Lipoxygenase,E1_13_11_12,,vv10592alpha-Linolenic_acid_metabolism,
617,VIT_18s0001g06320,84,0.0408,Cupin  RmlC-type,,,,
618,VIT_14s0083g00520,83,0.0400,Proline oxidase,E1_5_99_8,,vv10330Arginine_and_proline_metabolism,
619,VIT_09s0002g08310,83,0.0399,Unknown,,,,
620,VIT_00s0324g00030,82,0.0397,Unknown,,,,
621,VIT_00s0256g00120,81,0.0394,Unknown,,,,
622,VIT_16s0013g00130,81,0.0393,GTP-binding protein HSR1,,,,
623,VIT_10s0116g00930,81,0.0391,Root hair defective 3 GTP-binding (RHD3),,,,
624,VIT_08s0007g00810,81,0.0391,Lectin receptor kinase 7,,,,
625,VIT_11s0016g01670,79,0.0384,Ankyrin repeat,,,,
626,VIT_17s0000g07570,79,0.0383,formin 8,FH8,,vv44810Regulation_of_actin_cytoskeleton,
627,VIT_05s0062g01200,78,0.0382,Unknown,,,,
628,VIT_00s0262g00010,79,0.0381,Receptor kinase RK20-1,,,,
629,VIT_07s0005g05040,79,0.0381,ARR24 Type A,ARR24_3,,vv30007Cytokinin_signaling,vv60072Orphans_Response_reg
630,VIT_08s0007g01560,78,0.0379,Photoassimilate-responsive protein,,,,
631,VIT_17s0000g07950,78,0.0378,Unknown protein,,,,
632,VIT_14s0066g01970,78,0.0378,Metalloendoproteinase 1 precursor,,,,
633,VIT_02s0087g00570,75,0.0363,Unknown protein,,,,
634,VIT_14s0030g01710,75,0.0361,Unknown protein,,,,
635,VIT_04s0008g05270,74,0.0358,ATPase AFG1,,,,
636,VIT_00s0271g00070,72,0.0350,Pentatricopeptide (PPR) repeat-containing protein,,,,
637,VIT_01s0137g00710,72,0.0349,Alpha-L-fucosidase 2 precursor,E3_2_1_51,,vv10511N-Glycan_degradation,
638,VIT_02s0025g00400,73,0.0349,D111/G-patch domain-containing protein,,,,
639,VIT_15s0046g01290,72,0.0349,Carrier protein  Mitochondrial,K03454,,vv50123Porters_cat_18_to_29,
640,VIT_01s0010g03210,72,0.0348,HcrVf1 protein,,,,
641,VIT_18s0041g01090,71,0.0345,F-box domain containing protein,,,,
642,VIT_01s0010g02630,71,0.0343,Lysine histidine transporter 2,LHT2,,vv50123Porters_cat_18_to_29,
643,VIT_17s0000g06290,70,0.0337,Lipase GDSL,,,,
644,VIT_04s0008g01150,69,0.0335,Beta-fructosidase (BFRUCT1),E3_2_1_26,,vv10052Galactose_metabolism,vv10500Starch_and_sucrose_metabolism
645,VIT_01s0011g05600,69,0.0334,Receptor-like protein kinase,,,,
646,VIT_04s0023g01930,69,0.0333,Basic helix-loop-helix (bHLH) family,BHLHDOM_15,,vv60011BHLH,
647,VIT_08s0032g01030,69,0.0333,Glutaredoxin,,,,
648,VIT_14s0030g00660,69,0.0333,Shikimate dehydrogenase,E1_1_1_25,,vv10400Phenylalanine_tyrosine_and_tryptophan_biosynthesis,
649,VIT_16s0022g01210,68,0.0330,Myb domain protein 85,MYB85_2,MYB191,vv60044MYB,
650,VIT_07s0104g01540,68,0.0329,No hit,,,,
651,VIT_19s0093g00050,67,0.0325,R protein  PRF  disease resistance protein,K13453,,vv34627R_proteins_from_Plant-pathogen_interaction,
652,VIT_00s0780g00040,67,0.0323,RGLG2 (ring Domain LIGASE2),RGLG2,,vv50004Auxin_transport,
653,VIT_00s0333g00050,66,0.0319,DIR1 (defective IN induced resistance 1),,,,
654,VIT_19s0014g03090,66,0.0317,CBS domain-containing protein,,,,
655,VIT_00s0357g00060<br>VIT_00s0357g00080<br>VIT_00s0556g00020<br>VIT_00s0895g00010,66,0.0317,
656,VIT_19s0014g01370,65,0.0316,Curculin (mannose-binding) lectin,,,,
657,VIT_04s0008g00550,65,0.0314,Unknown protein,,,,
658,VIT_18s0001g03160,65,0.0313,Nodulin MtN21 family,MTN21,,vv50122Porters_cat_7_to_17,
659,VIT_19s0093g00480,65,0.0313,Peptidyl-prolyl cis-trans isomerase  FKBP-type,K01802,,,
660,VIT_06s0004g02020,64,0.0311,No hit,,,,
661,VIT_13s0067g02070,64,0.0309,Kelch repeat-containing protein,,,,
662,VIT_18s0041g00800,64,0.0308,UDP-glucose: anthocyanidin 5 3-O-glucosyltransferase,RHGT1,,vv10942Anthocyanin_biosynthesis,
663,VIT_10s0092g00770,63,0.0306,Cytochrome c biogenesis orf256,K02195,,vv52010ABC_transporters,
664,VIT_15s0107g00340,63,0.0304,Lanthionine synthetase C,,,,
665,VIT_01s0011g03480,63,0.0303,Cinnamoyl CoA reductase,E1_2_1_44,,vv10940Phenylpropanoid_biosynthesis,
666,VIT_09s0002g09220,62,0.0300,No hit,,,,
667,VIT_16s0148g00070,62,0.0299,Receptor-like protein kinase,,,,
668,VIT_07s0005g01380,61,0.0295,Histidine kinase homolog CKI1,CKI1,,vv30007Cytokinin_signaling,
669,VIT_10s0405g00010,61,0.0294,Serine-type endopeptidase SBT5.4,,,,
670,VIT_11s0016g03030,61,0.0292,Calmodulin binding protein,,,,
671,VIT_16s0098g00740,60,0.0291,Ovate family protein 10 OFP10,OFP10_1,,vv60086OFP,
672,VIT_16s0013g01570,59,0.0284,Myb domain protein 92,MYB92_3,MYB194,vv60044MYB,
673,VIT_15s0045g00070,58,0.0282,Aminopeptidase,,,,
674,VIT_12s0028g03330,57,0.0278,Targeting protein,,,,
675,VIT_08s0058g00540,57,0.0276,IMK2 (inflorescence meristem receptor-like kinase 2),,,,
676,VIT_15s0045g01010,57,0.0276,R protein  PRF  disease resistance protein,K13453,,vv34627R_proteins_from_Plant-pathogen_interaction,
677,VIT_08s0056g01490,56,0.0270,Chaperone protein dnaJ,K03686,,vv50132Primary_active_transporter_cat_A5_to_A8,
678,VIT_13s0019g01750,56,0.0269,Unknown protein,,,,
679,VIT_15s0021g01080,55,0.0268,CYP72A1,K13400,,vv10902Monoterpenoid_biosynthesis,
680,VIT_04s0008g03550,55,0.0265,Aquaporin TIP4;1,TIP4_1,,vv50101Channels_and_pores,
681,VIT_09s0002g06190,53,0.0258,No hit,,,,
682,VIT_19s0085g00150,53,0.0257,Receptor Like Protein 26,,,,
683,VIT_07s0005g01030,53,0.0257,Cellulose synthase CSLD5,E2_4_1_12_CSLD5,,vv40006Cell_wall,
684,VIT_19s0090g01480,53,0.0255,Na+/H+ exchanger 4,NHX4,,vv50124Porters_cat_30_to_64,
685,VIT_17s0000g00650,52,0.0252,No hit,,,,
686,VIT_09s0002g07610,52,0.0251,Leucine-rich repeat family,,,,
687,VIT_07s0031g03040,52,0.0251,Calmodulin-binding protein,,,,
688,VIT_00s0163g00150,50,0.0241,No hit,,,,
689,VIT_06s0080g00460,50,0.0241,Nuclear transcription factor Y subunit B related,NFYBREL_4,,vv60021CCAAT,
690,VIT_08s0007g04820,49,0.0238,Pectate lyase,E4_2_2_2,,vv40006Cell_wall,
691,VIT_09s0070g00020,49,0.0238,Binding,,,,
692,VIT_19s0015g01320,49,0.0237,Calcium exchanger 5,K07300_CAX5,,vv50123Porters_cat_18_to_29,
693,VIT_00s0396g00070,49,0.0237,No hit,,,,
694,VIT_14s0066g02440,49,0.0237,Glycosyl transferase family 14 protein,,,,
695,VIT_16s0022g02490,48,0.0233,Hydroxymethylglutaryl coenzyme A synthase,E4_1_3_4,,vv10072Synthesis_and_degradation_of_ketone_bodies,vv10280Valine_leucine_and_isoleucine_degradation
696,VIT_16s0050g00410,48,0.0232,Photoassimilate-responsive protein PAR-1a,,,,
697,VIT_05s0102g01070,48,0.0232,No hit,,,,
698,VIT_19s0090g01150,47,0.0228,SWIB complex BAF60b domain-containing protein,SWIB_11,,vv60092SWIB,
699,VIT_04s0044g00840,47,0.0227,S-receptor kinase,,,,
700,VIT_04s0008g00140,46,0.0223,Chitinase [Vitis vinifera],E3_2_1_14,,vv10530Aminosugars_metabolism,
701,VIT_00s0187g00010,46,0.0223,No hit,,,,
702,VIT_13s0064g00910,46,0.0223,Unknown,,,,
703,VIT_00s0294g00080,46,0.0221,Receptor kinase homolog LRK10,,,,
704,VIT_18s0122g00780,45,0.0219,Inorganic phosphate transporter,PHT1_9,,vv50121Porters_cat_1_to_6,
705,VIT_04s0008g03140,45,0.0218,Unknown,,,,
706,VIT_06s0009g00190,45,0.0218,No hit,,,,
707,VIT_13s0067g03230,45,0.0217,CENP-E like kinetochore protein,CENPE,,vv44110Cell_cycle,
708,VIT_01s0026g00400,45,0.0217,Bromo-adjacenty (BAH) domain-containing protein,,,,
709,VIT_18s0041g00400,45,0.0217,TIR-NBS-LRR disease resistance,,,,
710,VIT_18s0166g00260,44,0.0213,No hit,,,,
711,VIT_10s0003g05420,44,0.0213,S-2-hydroxy-acid oxidase  peroxisomal,E1_1_3_15,,vv10630Glyoxylate_and_dicarboxylate_metabolism,
712,VIT_16s0039g02040,44,0.0212,4-coumarate-CoA ligase 3,E6_2_1_12,,vv10940Phenylpropanoid_biosynthesis,vv50104Group_translocators
713,VIT_00s0665g00040,44,0.0212,RAB GTPase RABH1E,K07976,,,
714,VIT_18s0001g15090,43,0.0208,RAB GTPase RAB18,K07976,,,
715,VIT_14s0030g01570,42,0.0203,AIN1 (ACC insensitive 1) 5'-3' exoribonuclease (XRN4),EIN5,,vv23018RNA_degradation,vv30008Ethylene_signaling
716,VIT_18s0001g09960,41,0.0198,Mannose-P-dolichol utilization defect 1 protein,K09660,,vv50124Porters_cat_30_to_64,
717,VIT_11s0016g05370,41,0.0197,Phospholipase D alpha 1 precursor (PLD 1) (Choline phosphatase 1),PLDA1,,vv10564Glycerophospholipid_metabolism,vv10565Ether_lipid_metabolism
718,VIT_14s0030g00190,40,0.0194,Unknown protein,,,,
719,VIT_07s0005g04040,40,0.0193,Leucine Rich Repeat receptor-like kinase,,,,
720,VIT_14s0060g01180,40,0.0193,KNAT2 (knotted1-like homeobox gene 6),KNAT6_2,VvHB49,vv60034HB,
721,VIT_18s0001g08820,39,0.0189,Unknown protein,,,,
722,VIT_14s0060g01420,39,0.0189,Unknown protein,,,,
723,VIT_00s0218g00060,39,0.0188,Methylmalonate semi-aldehyde dehydrogenase,E1_2_1_27,,vv10280Valine_leucine_and_isoleucine_degradation,vv10640Propanoate_metabolism
724,VIT_06s0004g00460,39,0.0188,Elongation factor P (EF-P),K02356,,,
725,VIT_19s0093g00450,38,0.0184,No hit,,,,
726,VIT_12s0059g02110,38,0.0184,Galacturonosyltransferase 10,E2_4_1_43,,vv40006Cell_wall,
727,VIT_18s0072g00170,37,0.0180,BRI1 (brassinosteroid insensitive 1),BRI1,,vv30005Brassinosteroids_signaling,vv34626Plant-pathogen_interaction
728,VIT_10s0003g04820,37,0.0179,No hit,,,,
729,VIT_16s0022g01700,37,0.0179,No hit,,,,
730,VIT_06s0004g00510,37,0.0177,No hit,,,,
731,VIT_16s0050g02120,36,0.0174,HcrVf3 protein,,,,
732,VIT_03s0038g02120,36,0.0174,Armadillo/beta-catenin repeat,,,,
733,VIT_08s0007g02520,35,0.0169,Unknown,,,,
734,VIT_00s0262g00090,35,0.0169,Receptor kinase RK20-1,,,,
735,VIT_08s0007g07870,35,0.0169,Basic helix-loop-helix (bHLH) family,BHLHDOM_40,,vv60011BHLH,
736,VIT_08s0007g05490,34,0.0165,Pyruvate kinase,E2_7_1_40,,vv10010Glycolysis,vv10230Purine_metabolism
737,VIT_00s0471g00020,34,0.0165,Unknown,,,,
738,VIT_15s0021g02520,33,0.0161,Unknown protein,,,,
739,VIT_01s0137g00470,33,0.0160,SEC14 cytosolic factor,SEC14,,vv50122Porters_cat_7_to_17,
740,VIT_07s0005g04070,33,0.0159,Leucine Rich Repeat receptor-like kinase,,,,
741,VIT_06s0004g03100,32,0.0156,MLO1,K08472,,,
742,VIT_08s0058g00320,31,0.0149,Ubiquitin activating enzyme E1,K03178,,vv24120Ubiquitin_mediated_proteolysis,
743,VIT_13s0106g00620,30,0.0146,Nitrogen fixation NifU,,,,
744,VIT_04s0023g00580,30,0.0145,Auxin-responsive SAUR32,SAUR32,,vv30003Auxin_signaling,
745,VIT_05s0165g00200,29,0.0141,Unknown protein,,,,
746,VIT_01s0137g00130,29,0.0141,B-keto acyl reductase,,,,
747,VIT_01s0010g03850,28,0.0136,Calmodulin-binding protein,CMTA4,,vv60020CAMTA,
748,VIT_18s0001g00460,28,0.0136,Unknown protein,,,,
749,VIT_19s0135g00060,28,0.0135,Glyoxalase II,E3_1_2_6,,vv10620Pyruvate_metabolism,
750,VIT_12s0028g01530,27,0.0131,S-receptor kinase,,,,
751,VIT_06s0009g00850,27,0.0131,Strictosidine synthase,E4_3_3_2,,vv10900Terpenoid_biosynthesis,vv10902Monoterpenoid_biosynthesis
752,VIT_08s0058g00180,27,0.0131,Male sterility 2 (MS2),,,,
753,VIT_06s0004g00840,27,0.0131,DEAD box RNA helicase,DEADBOX,,vv23040Spliceosome,vv50133Primary_active_transporter_cat_A9_to_A18
754,VIT_15s0048g01830,26,0.0126,Pentatricopeptide (PPR) repeat-containing,,,,
755,VIT_12s0035g02030,26,0.0126,Unknown protein,,,,
756,VIT_04s0023g01060,26,0.0126,Proton gradient regulation 3,PGR3,,,
757,VIT_05s0020g03520,26,0.0126,Ovate family protein 12 OFP12,OFP12_1,,vv60086OFP,
758,VIT_00s0265g00050,26,0.0126,1 3-beta-glucan synthase,E2_4_1_34,,vv10500Starch_and_sucrose_metabolism,
759,VIT_14s0060g02420,25,0.0122,Transcription factor jumonji (jmjC) domain-containing protein,JMJD1A_2,,vv60038Jumonji,
760,VIT_03s0038g01840,25,0.0121,Proline-rich protein 4,,,,
761,VIT_00s2879g00020,25,0.0121,ATP-dependent Clp protease proteolytic subunit,E3_4_21_92,,,
762,VIT_07s0104g01230,25,0.0121,Auxin response factor 2,ARF2_5,,vv30003Auxin_signaling,vv60004ARF
763,VIT_09s0002g05550,25,0.0121,ABC transporter g family pleiotropic drug resistance 12 PDR12,ABCGPDR12,,vv52010ABC_transporters,
764,VIT_15s0021g00490,24,0.0116,No hit,,,,
765,VIT_04s0008g05790,24,0.0116,No hit,,,,
766,VIT_06s0004g06520,24,0.0115,Ammonium transporter 1  member 1 (AMT1.1),AMT1_1,,vv50101Channels_and_pores,
767,VIT_00s0262g00020,23,0.0112,Receptor kinase RK20-1,,,,
768,VIT_14s0108g01190,23,0.0111,No hit,,,,
769,VIT_02s0025g02650,23,0.0111,Cellulase CEL2,E3_2_1_4,,vv40006Cell_wall,
770,VIT_08s0007g01710,23,0.0111,E-cadherin binding protein,,,,
771,VIT_18s0041g02450,23,0.0111,RPS5 (resistant to p. syringae 5),K13460,,vv34627R_proteins_from_Plant-pathogen_interaction,
772,VIT_12s0059g01470,22,0.0106,Unknown protein,,,,
773,VIT_02s0025g04830,22,0.0106,Copper chaperone for superoxide dismutase,K04569,,vv50131Primary_active_transporter_cat_A2_to_A4,
774,VIT_06s0004g06570,22,0.0106,Calcium/proton exchanger CAX3,K07300_CAX3,,vv50123Porters_cat_18_to_29,
775,VIT_04s0008g02520,22,0.0106,ATP binding protein,,,,
776,VIT_04s0023g00880,22,0.0106,Unknown,,,,
777,VIT_11s0016g05360,22,0.0106,Phospholipase D alpha 1 precursor (PLD 1) (Choline phosphatase 1),PLDA1,,vv10564Glycerophospholipid_metabolism,vv10565Ether_lipid_metabolism
778,VIT_01s0011g02330,22,0.0106,Unknown protein,,,,
779,VIT_13s0019g05140,21,0.0102,No hit,,,,
780,VIT_00s0558g00010,21,0.0102,Branched-chain-amino-acid aminotransferase 3  chloroplastic,E2_6_1_42,,vv10280Valine_leucine_and_isoleucine_degradation,vv10290Valine_leucine_and_isoleucine_biosynthesis
781,VIT_19s0085g00480,21,0.0102,No hit,,,,
782,VIT_13s0064g00660,20,0.0097,FAD binding protein,,,,
783,VIT_01s0011g05450,20,0.0097,Unknown protein,,,,
784,VIT_03s0038g03930,20,0.0097,No hit,,,,
785,VIT_03s0038g03550,20,0.0096,Unknown protein,,,,
786,VIT_13s0067g01890,20,0.0096,Glycosyl hydrolase family 85,,,,
787,VIT_05s0020g03430,19,0.0092,Imidazoleglycerol-phosphate dehydratase,E4_2_1_19,,vv10340Histidine_metabolism,
788,VIT_04s0043g00210<br>VIT_04s0043g00190,19,0.0092,
789,VIT_18s0075g00820,19,0.0092,Histone acetyltransferase HAC1,HAC1_2,,vv60060TAZ,
790,VIT_07s0151g00740,19,0.0092,Non-specific lipid-transfer protein,,,,
791,VIT_01s0026g02400,18,0.0088,Glutathione S-transferase 10 GSTU10,E2_5_1_18_GSTU10,,vv10480Glutathione_metabolism,
792,VIT_05s0029g00550,18,0.0087,HEAT repeat-containing protein,,,,
793,VIT_07s0104g00970,18,0.0087,Histone H2AXb HTA3,H2AXb,,,
794,VIT_12s0059g02630,18,0.0087,Ankyrin repeat protein family,K10380,,vv50108Accessory_factors_involved_in_transport,
795,VIT_01s0113g00480,18,0.0087,No hit,,,,
796,VIT_04s0008g03910,18,0.0086,No hit,,,,
797,VIT_07s0141g01030<br>VIT_00s0378g00010<br>VIT_00s0222g00080<br>VIT_00s0276g00050,17,0.0082,
798,VIT_13s0019g02310,17,0.0082,Translation initiation factor eIF-3 subunit 4,K03248,,vv23013RNA_transport,
799,VIT_00s0587g00030,17,0.0082,CBS domain-containing protein,,,,
800,VIT_17s0000g04980,16,0.0078,Universal stress protein (USP) family protein,,,,
801,VIT_06s0061g01300,16,0.0078,Prephenate dehydratase,E4_2_1_51,,vv10400Phenylalanine_tyrosine_and_tryptophan_biosynthesis,
802,VIT_18s0001g06650,16,0.0078,Basic helix-loop-helix (bHLH) family,BHLH096_1,,vv60011BHLH,
803,VIT_11s0016g05710,16,0.0077,UDP-glucuronic acid/UDP-N-acetylgalactosamine transporter,UDPGLUCUTR,,vv50122Porters_cat_7_to_17,
804,VIT_03s0017g00970,16,0.0077,No hit,,,,
805,VIT_09s0002g00440,16,0.0077,No hit,,,,
806,VIT_14s0006g00410,15,0.0073,Binding,,,,
807,VIT_09s0002g04690,15,0.0073,Pentatricopeptide (PPR) repeat-containing protein,,,,
808,VIT_19s0090g01290,15,0.0073,Serine/threonine-protein phosphatase PP-X isozyme 2,K01090,,,
809,VIT_14s0066g00810,15,0.0073,Raffinose synthase,E2_4_1_82,,vv10052Galactose_metabolism,
810,VIT_14s0068g00510,15,0.0073,Unknown,,,,
811,VIT_05s0020g03280,15,0.0073,Copper amine oxidase,E1_4_3_4,,vv10220Urea_cycle_and_metabolism_of_amino_groups,vv10340Histidine_metabolism
812,VIT_05s0102g00460,15,0.0072,RPD1 (root primordium defective 1),,,,
813,VIT_11s0052g00820,15,0.0072,Ribulose bisphosphate carboxylase small chain SSU40B  chloroplast,E4_1_1_39,,vv10710Carbon_fixation,
814,VIT_08s0040g02270,15,0.0072,No hit,,,,
815,VIT_17s0053g00780,15,0.0072,Homeodomain GLABROUS11,HDG11_1,VvHB60,vv60034HB,
816,VIT_18s0001g09730,15,0.0072,S-domain receptor kinase,,,,
817,VIT_08s0007g06180,15,0.0072,Myb family,MYBGE_15,,vv60029G2-like,
818,VIT_18s0001g12840,14,0.0068,ADP-glucose pyrophosphorylase large subunit CagpL2,E2_7_7_27,,vv10500Starch_and_sucrose_metabolism,
819,VIT_17s0000g05510,13,0.0063,Pentatricopeptide (PPR) repeat-containing protein,,,,
820,VIT_19s0027g00690,13,0.0063,Mutator-like transposase,,,,
821,VIT_15s0046g02270,13,0.0063,Unknown protein,,,,
822,VIT_15s0045g00940,13,0.0063,No hit,,,,
823,VIT_00s0227g00180<br>VIT_00s0582g00020,13,0.0063,
824,VIT_18s0001g12900,12,0.0059,S-adenosyl-L-methionine:salicylic acid carboxyl methyltransferase,SAMTBSCMT,,vv10360Phenylalanine_metabolism,
825,VIT_08s0056g00380,12,0.0058,Purple acid phosphatase 10 ATPAP10/PAP10,E3_1_3_2,,vv10740Riboflavin_metabolism,
826,VIT_12s0055g01150,12,0.0058,Brassinosteroid insensitive 1-associated receptor kinase 1,BAK1,,vv30005Brassinosteroids_signaling,vv34626Plant-pathogen_interaction
827,VIT_06s0004g06070,12,0.0058,Unknown protein,,,,
828,VIT_16s0098g01220,12,0.0058,RabGAP/TBC domain-containing protein,,,,
829,VIT_14s0060g01470,12,0.0058,Calmodulin-binding protein,K02183,,vv34020Calcium_signaling_pathway,vv34626Plant-pathogen_interaction
830,VIT_17s0000g05830,12,0.0058,Unknown protein,,,,
831,VIT_19s0027g01510,12,0.0058,No hit,,,,
832,VIT_13s0158g00270,12,0.0058,No hit,,,,
833,VIT_00s0317g00140,12,0.0058,Exocyst subunit EXO70 H2,EXO70H2,,vv50111Tethering_factors,
834,VIT_09s0002g07570,12,0.0058,Leucine-rich repeat protein kinase,,,,
835,VIT_18s0001g11550,12,0.0058,Unknown,,,,
836,VIT_05s0020g01240,12,0.0058,Geranylgeranyl pyrophosphate synthase,E2_5_1_29,,vv10100Biosynthesis_of_steroids,vv10900Terpenoid_biosynthesis
837,VIT_06s0009g03780,12,0.0058,Diphthine synthase,E2_1_1_98,,vv10271Methionine_metabolism,
838,VIT_07s0151g00840,12,0.0058,Late embryogenesis abundant protein D-34 (LEA D-34),,,,
839,VIT_15s0046g02240,12,0.0058,Unknown protein,,,,
840,VIT_04s0008g05500,12,0.0058,S-receptor kinase,,,,
841,VIT_14s0066g02090,12,0.0058,AAA-type ATPase,,,,
842,VIT_00s1405g00010,12,0.0058,WD40,,,,
843,VIT_12s0035g00110,12,0.0058,Leucine Rich Repeat receptor-like kinase,,,,
844,VIT_12s0057g01210,12,0.0058,Nitrate-responsive NOI protein,,,,
845,VIT_03s0091g00060,11,0.0053,ACT domain-containing protein (ACR6),,,,
846,VIT_04s0008g01200,11,0.0053,Eukaryotic translation initiation factor SUI1,,,,
847,VIT_12s0034g02220,11,0.0053,RKF3 (receptor-like kinase IN in flowers 3),,,,
848,VIT_09s0002g01580,11,0.0053,Mitogen-activated protein kinase organizer 1,MORG1,,,
849,VIT_18s0001g12110,10,0.0049,No hit,,,,
850,VIT_14s0128g00190,10,0.0049,Heavy-metal-associated domain-containing protein,,,,
851,VIT_14s0083g00350,10,0.0048,Beta-glucan-binding protein 5,E3_2_1_23,,vv10052Galactose_metabolism,vv10511N-Glycan_degradation
852,VIT_12s0028g02530,10,0.0048,Zinc finger (C3HC4-type ring finger),ZFC3HC4_36,,vv60078Other_zf-C3HC4,
853,VIT_09s0002g07810,10,0.0048,No hit,,,,
854,VIT_03s0167g00150,10,0.0048,No hit,,,,
855,VIT_09s0002g07100,10,0.0048,EMB2744 (embryo defective 2744),,,,
856,VIT_04s0008g01080,10,0.0048,Calmodulin-binding region IQD6,,,,
857,VIT_14s0066g01130,10,0.0048,Universal stress protein A,,,,
858,VIT_17s0000g00170,9,0.0044,ORTH2/VIM1 (variant in methylation 1),ORTH2_2,,vv60056SET_PCG,
859,VIT_17s0000g09780,9,0.0044,Methionine sulfoxide reductase A,E1_8_4_11,,vv10271Methionine_metabolism,
860,VIT_16s0013g00640,9,0.0044,No hit,,,,
861,VIT_15s0046g00390,9,0.0044,Seven in absentia SINA4,K04506,,vv24120Ubiquitin_mediated_proteolysis,
862,VIT_04s0008g05470,9,0.0044,EIN3-binding F-box protein 2,EBF2,,vv30008Ethylene_signaling,
863,VIT_15s0048g01000,9,0.0044,2'-hydroxy isoflavone/dihydroflavonol reductase,E1_3_1_45,,vv10943Isoflavonoid_biosynthesis,
864,VIT_17s0000g06500,9,0.0044,Pentatricopeptide (PPR) repeat-containing,,,,
865,VIT_13s0019g01340,9,0.0044,DC1 domain-containing protein,,,,
866,VIT_09s0002g07160,9,0.0044,5-hydroxyisobutyryl-coenzyme A hydrolase,E3_1_2_4,,vv10280Valine_leucine_and_isoleucine_degradation,vv10410Beta-alanine_metabolism
867,VIT_01s0026g00770,9,0.0044,Unknown protein,,,,
868,VIT_00s0189g00010,9,0.0044,Unknown protein,,,,
869,VIT_05s0077g00740,9,0.0044,Prefoldin subunit 3,,,,
870,VIT_04s0008g04920,9,0.0044,2-oxoglutarate-dependent dioxygenase,,,,
871,VIT_10s0071g00080,9,0.0044,Sucrose synthase 2,E2_4_1_13,,vv10500Starch_and_sucrose_metabolism,
872,VIT_14s0081g00190,9,0.0044,No hit,,,,
873,VIT_08s0007g02710,9,0.0044,Secoisolariciresinol dehydrogenase,SIRD,,vv10940Phenylpropanoid_biosynthesis,
874,VIT_06s0004g05000,9,0.0043,M-phase phosphoprotein 6,K12593,,vv23018RNA_degradation,
875,VIT_08s0007g05810,9,0.0043,Calmodulin-binding  plant,,,,
876,VIT_09s0054g00600,9,0.0043,Pyridoxamine 5-phosphate oxidase,E1_4_3_5,,vv10750Vitamin_B6_metabolism,
877,VIT_09s0002g00700,9,0.0043,Dormancy/auxin associated protein,DRM3,,vv30003Auxin_signaling,
878,VIT_11s0016g04910,9,0.0043,PINOID,PINOID,,vv50004Auxin_transport,vv50125Porters_cat_66_to_94
879,VIT_05s0020g03730,9,0.0043,Lipid transfer protein,LTP,,,
880,VIT_03s0017g01140,9,0.0043,Cis-zeatin O-beta-D-glucosyltransferase,E2_4_1_215,,vv10908Zeatin_biosynthesis,
881,VIT_13s0064g01700,9,0.0043,Glycosyl hydrolase family 1 protein,K01238,,vv10530Aminosugars_metabolism,
882,VIT_15s0048g01350,8,0.0039,Gibberellin receptor GID1L3,GID1C,,vv30010Gibberellin_signaling,
883,VIT_04s0008g06830,8,0.0039,Biopterin transport-related protein BT1,BIOPTERIN,,vv50125Porters_cat_66_to_94,
884,VIT_00s0319g00040,7,0.0034,Small G protein / RhoGAP,RHOGAP,,vv50109Incompletely_characterized_transport_systems,
885,VIT_18s0001g05300,7,0.0034,Trehalose-6-phosphate phosphatase,E3_1_3_12,,vv10500Starch_and_sucrose_metabolism,
886,VIT_01s0026g01170,7,0.0034,Unknown,,,,
887,VIT_01s0026g00280,7,0.0034,Trehalose 6-phosphate synthase,E2_4_1_15,,vv10500Starch_and_sucrose_metabolism,
888,VIT_01s0011g05890,7,0.0034,S-adenosyl-L-methionine:salicylic acid carboxyl methyltransferase,SAMTBSCMT,,vv10360Phenylalanine_metabolism,
889,VIT_13s0067g00790,7,0.0034,R protein  PRF  disease resistance protein,K13453,,vv34627R_proteins_from_Plant-pathogen_interaction,
890,VIT_03s0038g00330,7,0.0034,EXECUTER1 protein  chloroplast precursor,,,,
891,VIT_11s0016g01970,7,0.0034,Calmodulin-binding region IQD6,,,,
892,VIT_10s0003g05840,7,0.0034,Unknown protein,,,,
893,VIT_01s0127g00120,7,0.0034,Polygalacturonase GH28,E3_2_1_15,,vv40006Cell_wall,
894,VIT_16s0039g02790,7,0.0034,No hit,,,,
895,VIT_12s0057g00430,7,0.0034,Auxin-responsive,AUXREG,,vv30003Auxin_signaling,
896,VIT_07s0129g00350,7,0.0034,Unknown protein,,,,
897,VIT_07s0104g00840,6,0.0029,RKF3 (receptor-like kinase IN in flowers 3),,,,
898,VIT_06s0004g00740,6,0.0029,Acyl-CoA synthetases (Acyl-activating enzyme 18),E6_2_1_3,,vv10071Fatty_acid_metabolism,vv50104Group_translocators
899,VIT_06s0004g00210,6,0.0029,Subtilisin protease,,,,
900,VIT_04s0008g02770,6,0.0029,Syntaxin-related protein KNOLLE,K08486,,vv24130SNARE_interactions_in_vesicular_transport,vv44110Cell_cycle
901,VIT_07s0005g00130,6,0.0029,Alpha-1 3-mannosyltransferase ALG3,K03845,,vv10510N-Glycan_biosynthesis,vv11030Glycan_structures-biosynthesis1
902,VIT_00s0353g00020,6,0.0029,S-locus lectin protein kinase,,,,
903,VIT_06s0061g00650,6,0.0029,No hit,,,,
904,VIT_18s0001g09020,6,0.0029,Exo70 exocyst complex subunit G1,EXO70G1,,vv50111Tethering_factors,
905,VIT_19s0015g00560,6,0.0029,No hit,,,,
906,VIT_03s0088g00070,6,0.0029,No hit,,,,
907,VIT_13s0019g00850,6,0.0029,U3 small nucleolar ribonucleoprotein protein IMP4,K14561,,vv23008Ribosome_biogenesis_in_Eukaryotes,
908,VIT_16s0098g01890,6,0.0029,Phosphatidylinositol 3- and 4-kinase / ubiquitin,,,,
909,VIT_16s0148g00280,6,0.0029,Receptor kinase homolog LRK10,,,,
910,VIT_16s0039g02480,6,0.0029,Unknown,,,,
911,VIT_14s0068g00240,6,0.0029,Rough sheath2-interacting KH-domain protein,,,,
912,VIT_08s0007g06580,6,0.0029,Lectin protein kinase,,,,
913,VIT_12s0059g02710,6,0.0029,Pinene synthase,E4_2_3_14,,vv10902Monoterpenoid_biosynthesis,
914,VIT_05s0094g00540,6,0.0029,Acyl-[acyl-carrier-protein] desaturase,E1_14_19_2,,vv11040Biosynthesis_of_unsaturated_fatty_acids,
915,VIT_04s0023g01540,6,0.0029,Acidic leucine-rich nuclear phosphoprotein 32 member B,,,,
916,VIT_15s0021g00310,6,0.0029,Ent-kaurenoic acid oxidase,E1_14_13_79,,vv10904Diterpenoid_biosynthesis,
917,VIT_06s0004g03400,6,0.0029,Myosin heavy chain,K10352,,vv44810Regulation_of_actin_cytoskeleton,
918,VIT_09s0002g01130,6,0.0029,Acylamino-acid-releasing enzyme,E3_4_19_1,,,
919,VIT_12s0035g00120,6,0.0029,Hcr2-p6,,,,
920,VIT_05s0020g01930,6,0.0029,TUBBY like protein 3 TLP3,TLP3_1,,vv60063TUB,
921,VIT_09s0002g01680,6,0.0029,Calmodulin-binding region IQD6,,,,
922,VIT_07s0031g00980,6,0.0029,Aspartate aminotransferase,E2_6_1_1,vv10710Carbon_fixation,vv10252Alanine_and_aspartate_metabolism,vv10272Cysteine_metabolism
923,VIT_00s0262g00030,6,0.0029,CRK10 (cysteine-rich RLK10),,,,
924,VIT_13s0067g03250,6,0.0029,CENP-E like kinetochore protein,CENPE,,vv44110Cell_cycle,
925,VIT_08s0007g04910,6,0.0029,Dual specificity phosphatase Cdc25,CDC25,,vv44110Cell_cycle,
926,VIT_08s0040g00440,6,0.0029,Unknown protein,,,,
927,VIT_17s0000g09900,6,0.0029,Unknown protein,,,,
928,VIT_12s0059g02310,6,0.0029,PDF2 (protodermal factor2),PDF2_4,VvHB44,vv60034HB,
929,VIT_14s0066g02570,6,0.0029,Zinc finger (C3HC4-type ring finger),ZFC3HC4_15,,vv60078Other_zf-C3HC4,
930,VIT_09s0002g00100,6,0.0029,Phytoene desaturase,K02293,,vv10906Carotenoid_biosynthesis,
931,VIT_10s0071g00150,6,0.0029,R protein disease resistance protein,RPROT,,vv34627R_proteins_from_Plant-pathogen_interaction,
932,VIT_18s0001g09380,6,0.0029,Syntaxin 6,,,,
933,VIT_08s0007g01480,6,0.0029,TTL1 (tetratricopetide-repeat thioredoxin-like 1),TTL1,,vv50132Primary_active_transporter_cat_A5_to_A8,
934,VIT_08s0007g04100,6,0.0029,CYPLXXVIA2,,,,
935,VIT_07s0095g00790,6,0.0029,Homeodomain GLABROUS12,HDG12_1,,vv60034HB,
936,VIT_13s0067g01970,6,0.0029,Laccase,E1_10_3_2,,vv11000Single_reactions,vv50109Incompletely_characterized_transport_systems
937,VIT_00s1380g00010,6,0.0029,Pentatricopeptide (PPR) repeat-containing protein,,,,
938,VIT_16s0050g02220,6,0.0029,Acidic endochitinase (CHIB1),E3_2_1_14,,vv10530Aminosugars_metabolism,
939,VIT_06s0004g08490,6,0.0029,Defective IN RNA-directed DNA methylation 1 DRD1,DRD1_4,,vv60058SNF2,
940,VIT_00s1372g00010,6,0.0029,Pentatricopeptide (PPR) repeat-containing protein,,,,
941,VIT_18s0001g09720,6,0.0029,S-domain receptor kinase,,,,
942,VIT_07s0005g04370,4,0.0019,Unknown protein,,,,
943,VIT_07s0104g00320,4,0.0019,Glutathione peroxidase 4,E1_11_1_9,,vv10480Glutathione_metabolism,
944,VIT_04s0008g01670,4,0.0019,PHD finger protein alfin,ALFINDOM4,,vv60002Alfin-like,
945,VIT_15s0048g00680,4,0.0019,NIK3 (NSP- interacting  kinase 3),,,,
946,VIT_16s0039g00220,4,0.0019,Aquaporin BETA-TIP,TIP_BETA,,vv50101Channels_and_pores,
947,VIT_04s0023g03280,4,0.0019,Zinc finger (Ran-binding),ZFRANBPDOM_3,,vv60080Other_zf,
948,VIT_12s0028g03470,4,0.0019,Haloacid dehalogenase hydrolase,E3_1_3_18,,vv10630Glyoxylate_and_dicarboxylate_metabolism,
949,VIT_16s0022g01250,4,0.0019,Unknown protein,,,,
950,VIT_13s0064g00560,4,0.0019,DNA topoisomerase  ATP-hydrolyzing,E5_99_1_2,,,
951,VIT_01s0026g00680,4,0.0019,RNase H domain-containing protein,K01163,,,
952,VIT_17s0000g01490,4,0.0019,CYP94B3,,,,
953,VIT_07s0151g00420,3,0.0015,1-acylglycerone phosphate reductase,E1_1_1_101,,vv10564Glycerophospholipid_metabolism,vv10565Ether_lipid_metabolism
954,VIT_00s0181g00150,3,0.0015,F-box domain containing protein,,,,
955,VIT_06s0004g08400,3,0.0015,No hit,,,,
956,VIT_00s0131g00320<br>VIT_00s0131g00130<br>VIT_00s0131g00210<br>VIT_13s0019g00600<br>VIT_00s0131g00050,3,0.0015,
957,VIT_08s0058g00040,3,0.0015,Verticillium wilt disease resistance protein Ve2,,,,
958,VIT_03s0017g00100,3,0.0015,Ankyrin repeat protein,,,,
959,VIT_00s0566g00010,3,0.0015,Unknown protein,,,,
960,VIT_00s0226g00060,3,0.0015,Unknown protein,,,,
961,VIT_07s0005g04700,3,0.0015,Dihydroneopterin aldolase,E4_1_2_25,,vv10790Folate_biosynthesis,
962,VIT_10s0003g02860,3,0.0015,UDP-N-acetylglucosamine transferase subunit ALG14  related,E2_4_1_141,,vv10510N-Glycan_biosynthesis,vv11030Glycan_structures-biosynthesis1
963,VIT_12s0142g00040,3,0.0015,Glycerol-3-phosphate acyltransferase 1 (AtGPAT1),E2_3_1_15,,vv10561Glycerolipid_metabolism,vv10564Glycerophospholipid_metabolism
964,VIT_06s0004g07420,3,0.0015,Unknown protein,,,,
965,VIT_19s0014g02500,3,0.0015,Dynamin family protein,E3_6_5_5,,vv50109Incompletely_characterized_transport_systems,
966,VIT_12s0028g00070,3,0.0015,DNA-binding family,,,,
967,VIT_17s0000g09040,3,0.0015,Pentatricopeptide (PPR) repeat,,,,
968,VIT_18s0001g07440,3,0.0015,Unknown protein,,,,
969,VIT_08s0007g02850,3,0.0015,F-box family protein,,,,
970,VIT_15s0021g01540,3,0.0015,AvrPto-dependent Pto-interacting protein 3,,,,
971,VIT_19s0014g02360,3,0.0015,Phytosulfokine receptor precursor,,,,
972,VIT_09s0018g01660,3,0.0015,Biopterin transport-related protein BT1,BIOPTERIN,,vv50125Porters_cat_66_to_94,
973,VIT_13s0320g00040,3,0.0015,Glycosyl hydrolase family 20 protein,,,,
974,VIT_15s0021g00450,3,0.0015,Unknown protein,,,,
975,VIT_08s0040g02750,3,0.0015,Ankyrin repeat,K10380,,vv50108Accessory_factors_involved_in_transport,
976,VIT_06s0061g00940,3,0.0015,Vacuolar protein sorting 41 (VPS41),VPS41,,vv50110Protein_coat,
977,VIT_14s0066g00730,3,0.0015,RST1 (resurrection1),,,,
978,VIT_18s0001g10830,3,0.0015,Patatin,,,,
979,VIT_13s0019g00040,3,0.0015,Beta-N-acetylhexosaminidase,E3_2_1_52,,vv10511N-Glycan_degradation,vv10530Aminosugars_metabolism
980,VIT_00s1682g00010,3,0.0015,Copper amine oxidase,E1_4_3_4,,vv10220Urea_cycle_and_metabolism_of_amino_groups,vv10340Histidine_metabolism
981,VIT_08s0058g01030,3,0.0015,Saposin B domain-containing protein,SAPB,,vv50101Channels_and_pores,
982,VIT_06s0004g05140,3,0.0015,DnaJ homolog  subfamily B  member 9,K09515,,vv50132Primary_active_transporter_cat_A5_to_A8,
983,VIT_17s0000g04580,3,0.0015,Strictosidine synthase,E4_3_3_2,,vv10900Terpenoid_biosynthesis,vv10902Monoterpenoid_biosynthesis
984,VIT_13s0064g00410,3,0.0015,R protein MLA10,K13475,,vv34627R_proteins_from_Plant-pathogen_interaction,
985,VIT_04s0069g00990,3,0.0015,Ulp1 protease   C-terminal catalytic domain containing protein,,,,
986,VIT_05s0020g01270,3,0.0015,Unknown protein,,,,
987,VIT_14s0060g00870,3,0.0015,Pentatricopeptide (PPR) repeat-containing,,,,
988,VIT_18s0001g00510,3,0.0015,Prolyl endopeptidase,E3_4_21_26,,,
989,VIT_14s0068g01530,3,0.0015,Zinc finger (DHHC type),ZFDHHC_13,,vv60079Other_zf-DHHC,
990,VIT_03s0038g01630,3,0.0015,R protein  PRF  disease resistance protein,K13453,,vv34627R_proteins_from_Plant-pathogen_interaction,
991,VIT_14s0083g00390,3,0.0015,Calcium exchanger,CAEXUNK,,vv50123Porters_cat_18_to_29,
992,VIT_16s0039g02600,3,0.0015,Aspartyl protease,E3_4_23_40,,,
993,VIT_03s0180g00240,3,0.0015,No hit,,,,
994,VIT_01s0010g02610,3,0.0015,Unknown protein,,,,
995,VIT_14s0030g02210,3,0.0015,Pentatricopeptide (PPR) repeat-containing protein,,,,
996,VIT_19s0014g01840,3,0.0015,Argonaute1-1,,,,
997,VIT_17s0000g05270,3,0.0015,Unknown protein,,,,
998,VIT_03s0088g00150,3,0.0015,Serine carboxypeptidase SCPL17,,,,
999,VIT_16s0013g01950,3,0.0015,Hexose transporter [Vitis vinifera],VVHT4,,vv50121Porters_cat_1_to_6,
1000,VIT_08s0007g07820,3,0.0015,RLK902 (receptor-like kinase 902),,,,
1001,VIT_04s0008g02510,3,0.0015,Receptor kinase homolog LRK10,,,,
1002,VIT_14s0068g00090,3,0.0015,feronia receptor-like kinase,,,,
1003,VIT_19s0014g02140,3,0.0015,Asp/Glu racemase,K01797,,,
1004,VIT_05s0102g00900,3,0.0015,Unknown protein,,,,
1005,VIT_19s0015g01090,3,0.0015,Heat shock protein 81-2 (HSP81-2),K04079,,vv24141Protein_processing_in_endoplasmic_reticulum,vv34626Plant-pathogen_interaction
1006,VIT_09s0002g02210,3,0.0014,Adhesion of calyx edges (ACE),,,,
1007,VIT_12s0059g02640,3,0.0014,Uclacyanin I,UCC1,,,
1008,VIT_15s0021g02110,3,0.0014,AP2 domain-containing transcription factor TINY,TINY_8,VvERF029,vv30008Ethylene_signaling,vv60003AP2_EREBP
1009,VIT_14s0060g00830,3,0.0014,Unknown protein,,,,
1010,VIT_07s0141g00100,3,0.0014,Myb domain protein 93,MYB93_2,MYB179,vv60044MYB,
1011,VIT_14s0066g00240,3,0.0014,Alpha-L-fucosidase 2 precursor,E3_2_1_51,,vv10511N-Glycan_degradation,
1012,VIT_07s0031g01610,3,0.0014,Programmed cell death 2 C-terminal domain-containing protein,,,,
1013,VIT_08s0058g00150,3,0.0014,Ammonium transporter 2,AMT2,,vv50101Channels_and_pores,
1014,VIT_16s0100g00410,3,0.0014,TraB protein,,,,
1015,VIT_02s0087g00950,3,0.0014,Pentatricopeptide repeat,,,,
1016,VIT_00s0246g00130,3,0.0014,No hit,,,,
1017,VIT_18s0041g00190,3,0.0014,R protein L6,K13477,,vv34627R_proteins_from_Plant-pathogen_interaction,
1018,VIT_12s0035g00980,3,0.0014,Cation exchanger (CAX9),K07300_CAX9,,vv50123Porters_cat_18_to_29,
1019,VIT_16s0039g00840,3,0.0014,CYP89A6,,,,
1020,VIT_12s0028g02840,3,0.0014,Isoflavone methyltransferase/Orcinol O-methyltransferase 2 oomt2,E2_1_1_46,,vv10943Isoflavonoid_biosynthesis,
1021,VIT_15s0021g01390,3,0.0014,Uclacyanin 3,UCC3,,,
1022,VIT_00s0388g00030,3,0.0014,DNA mismatch repair protein MSH3,K08736,,vv23430Mismatch_repair,
1023,VIT_17s0000g05690,3,0.0014,Isochorismate synthase 1  chloroplast precursor,E5_4_4_2,,vv10130Ubiquinone_biosynthesis,vv50101Channels_and_pores
1024,VIT_13s0019g01270,3,0.0014,Phytoene synthase,E2_5_1_32,,vv10100Biosynthesis_of_steroids,vv10900Terpenoid_biosynthesis
1025,VIT_03s0038g03720,3,0.0014,fertility restorer,,,,
1026,VIT_09s0002g03030,3,0.0014,FRK1 (FLG22-induced receptor-like kinase 1),FRK1,,vv34626Plant-pathogen_interaction,
1027,VIT_06s0004g07020,3,0.0014,Ethylene overproducer 1 (ETO1),ETO1_3,,vv30008Ethylene_signaling,vv60093TRAF
1028,VIT_19s0014g01210,3,0.0014,Delay of germination 1,DOG1_1,,vv60012BZIP,
1029,VIT_07s0031g02670,3,0.0014,Delay of germination 1,DOG1_4,,vv60012BZIP,
1030,VIT_18s0072g00630,3,0.0014,TUBBY like protein 1 TLP10,TLP10_1,,vv60063TUB,
1031,VIT_04s0008g03270,3,0.0014,GATA transcription factor 11,GAT11_1,,vv60016C2C2-GATA,
1032,VIT_03s0017g00020,3,0.0014,No hit,,,,
1033,VIT_03s0017g00250,3,0.0014,No hit,,,,
1034,VIT_16s0050g01340,3,0.0014,Retrovirus Pol polyprotein from transposon TNT 1-94,,,,
1035,VIT_04s0008g06680,3,0.0014,Unknown protein,,,,
1036,VIT_14s0068g01910,3,0.0014,Peroxidase 55,E1_11_1_7,,vv10360Phenylalanine_metabolism,vv10680Methane_metabolism
1037,VIT_10s0116g01620,3,0.0014,Lyase,,,,
1038,VIT_13s0139g00300,3,0.0014,R protein disease resistance protein,RPROT,,vv34627R_proteins_from_Plant-pathogen_interaction,
1039,VIT_05s0102g01100,3,0.0014,R protein  PRF  disease resistance protein,K13453,,vv34627R_proteins_from_Plant-pathogen_interaction,
1040,VIT_13s0019g01310,3,0.0014,DC1 domain-containing protein,,,,
1041,VIT_08s0058g00710,3,0.0014,No hit,,,,
1042,VIT_07s0031g02100,3,0.0014,No hit,,,,
1043,VIT_00s0179g00370,3,0.0014,ESCRT-I complex subunit TSG101,VPS23,,vv50111Tethering_factors,
1044,VIT_14s0108g01220,3,0.0014,Ethylene-responsive transcription factor related to APETALA2 11,RAP2_11_1,VvERF049,vv30008Ethylene_signaling,vv60003AP2_EREBP
1045,VIT_08s0007g04260,3,0.0014,No hit,,,,
1046,VIT_12s0035g01300,3,0.0014,No hit,,,,
1047,VIT_16s0039g01400,3,0.0014,Unknown protein,,,,
