Vv_m2,2000,1000,VIT_02s0033g01050
rank,node,Fabs,Frel,Functional-annotation,Name-EC-KeggID,Updated-name,Network1,Network2
1,VIT_02s0033g01000,2074,1.0000,Anthraniloyal-CoA: methanol anthraniloyal transferase,AMAT,,vv10400Phenylalanine_tyrosine_and_tryptophan_biosynthesis,
2,VIT_02s0033g01020,2069,1.0000,Anthraniloyal-CoA: methanol anthraniloyal transferase,AMAT,,vv10400Phenylalanine_tyrosine_and_tryptophan_biosynthesis,
3,VIT_18s0001g04140,2093,1.0000,Vacuolar protein sorting 9 (VPS9),VPS9A,,vv50110Protein_coat,
4,VIT_00s0225g00080,2073,0.9957,MATE efflux family protein,MATE,,vv50125Porters_cat_66_to_94,
5,VIT_04s0069g01120,2060,0.9957,Acyl-activating enzyme 7,E6_2_1_3,,vv10071Fatty_acid_metabolism,vv50104Group_translocators
6,VIT_02s0033g01030,2026,0.9816,Anthraniloyal-CoA: methanol anthraniloyal transferase,AMAT,,vv10400Phenylalanine_tyrosine_and_tryptophan_biosynthesis,
7,VIT_19s0014g04930,2042,0.9803,Germacrene-D synthase,E4_2_3_22,,vv10900Terpenoid_biosynthesis,
8,VIT_05s0020g02420,2019,0.9777,BSD domain-containing protein,BSDDOM_8,,vv60075Other_BSD,
9,VIT_09s0018g02100,2020,0.9763,Anthocyaninless2 (ANL2),ANL2_2,,vv60034HB,
10,VIT_11s0016g03880,2000,0.9699,Receptor protein kinase PERK1,,,,
11,VIT_12s0028g03960,1996,0.9689,Ankyrin repeat protein family,K10380,,vv50108Accessory_factors_involved_in_transport,
12,VIT_06s0009g02850,1997,0.9657,Cytochrome P450  family 79  subfamily A  polypeptide 2,K12153,,vv10966Glucosinolate_biosynthesis,
13,VIT_02s0033g01060,2006,0.9649,Anthraniloyal-CoA: methanol anthraniloyal transferase,AMAT,,vv10400Phenylalanine_tyrosine_and_tryptophan_biosynthesis,
14,VIT_12s0134g00650,1988,0.9632,Anthocyanin 5-aromatic acyltransferase,E2_3_1_153,,vv10941Flavonoid_biosynthesis,vv10942Anthocyanin_biosynthesis
15,VIT_16s0098g01740,1996,0.9569,Unknown protein,,,,
16,VIT_16s0098g00410,1992,0.9563,Receptor kinase homolog LRK10,,,,
17,VIT_09s0002g06750,1960,0.9473,ERF/AP2 transcription factor sub B-6 SHINE,SHINE1_1,VvERF042,vv30008Ethylene_signaling,vv60003AP2_EREBP
18,VIT_18s0001g10470,1950,0.9471,Protein kinase MK6,,,,
19,VIT_02s0087g00470,1950,0.9471,Anthraniloyal-CoA: methanol anthraniloyal transferase,AMAT,,vv10400Phenylalanine_tyrosine_and_tryptophan_biosynthesis,
20,VIT_04s0008g01290,1943,0.9464,CGA1 (cytokinin-responsive GATA factor 1),CGA1,,vv30007Cytokinin_signaling,vv60016C2C2-GATA
21,VIT_00s0211g00040,1959,0.9464,Nodulation receptor kinase,,,,
22,VIT_16s0039g01880,1942,0.9355,Calmodulin,K02183,,vv34020Calcium_signaling_pathway,vv34626Plant-pathogen_interaction
23,VIT_19s0014g01710<br>VIT_19s0014g01740,1939,0.9345,
24,VIT_17s0000g07790,1940,0.9336,N-hydroxythioamide S-beta-glucosyltransferase,K11820,,vv10966Glucosinolate_biosynthesis,
25,VIT_07s0005g06420,1906,0.9234,Thioredoxin family,,,,
26,VIT_15s0046g00500,1897,0.9204,Wax synthase,E2_3_1_75,,vv11000Single_reactions,
27,VIT_02s0012g00370,1872,0.9109,No hit,,,,
28,VIT_07s0205g00180,1879,0.9108,Basic helix-loop-helix (bHLH) family,BHLHDOM_30,,vv60011BHLH,
29,VIT_09s0054g01360,1877,0.9037,Cycloartenol synthase,E5_4_99_8,,vv10100Biosynthesis_of_steroids,
30,VIT_11s0016g02920,1871,0.9034,Unknown protein,,,,
31,VIT_00s1314g00010,1870,0.9012,Basic helix-loop-helix (bHLH) family,BHLHDOM_89,,vv60011BHLH,
32,VIT_14s0060g02480,1858,0.8989,Unknown,,,,
33,VIT_10s0116g01050,1859,0.8976,Oxidosqualene Cyclase,E5_4_99_7,,vv10100Biosynthesis_of_steroids,
34,VIT_18s0117g00340,1859,0.8959,TCP family transcription factor TCP14,TCP14_2,,vv60061TCP,
35,VIT_12s0134g00660,1849,0.8941,Anthocyanidin 3-O-glucoside-6''-O-malonyltransferase,E2_3_1_171,,vv10942Anthocyanin_biosynthesis,
36,VIT_11s0016g01290,1837,0.8917,CYP72A1,K13400,,vv10902Monoterpenoid_biosynthesis,
37,VIT_08s0007g02000,1836,0.8874,Glycerol-3-phosphate acyltransferase 8,E2_3_1_15,,vv10561Glycerolipid_metabolism,vv10564Glycerophospholipid_metabolism
38,VIT_08s0007g01510,1828,0.8839,Phosphatidic acid phosphatase / PAP2,E3_1_3_4,,vv10561Glycerolipid_metabolism,vv10564Glycerophospholipid_metabolism
39,VIT_10s0003g05040,1819,0.8839,3-hydroxyisobutyrate dehydrogenase,E1_1_1_31,,vv10280Valine_leucine_and_isoleucine_degradation,
40,VIT_05s0029g01430,1816,0.8816,Ankyrin,K10380,,vv50108Accessory_factors_involved_in_transport,
41,VIT_02s0025g01240,1815,0.8798,UDP-glucuronosyl/UDP-glucosyltransferase,E2_4_1_17,,vv10040Pentose_glucuronate_interconversion,vv10500Starch_and_sucrose_metabolism
42,VIT_18s0001g12900,1796,0.8735,S-adenosyl-L-methionine:salicylic acid carboxyl methyltransferase,SAMTBSCMT,,vv10360Phenylalanine_metabolism,
43,VIT_12s0142g00180,1792,0.8724,Myosin heavy chain-like protein,K10352,,vv44810Regulation_of_actin_cytoskeleton,
44,VIT_19s0014g04840,1796,0.8672,(-)-germacrene D synthase,E4_2_3_22,,vv10900Terpenoid_biosynthesis,
45,VIT_08s0105g00250,1784,0.8631,Aluminum activated malate transporter 1,ALMT1,,vv50125Porters_cat_66_to_94,
46,VIT_15s0046g00510,1791,0.8623,Wax synthase,E2_3_1_75,,vv11000Single_reactions,
47,VIT_12s0134g00620,1786,0.8616,Anthocyanidin 3-O-glucoside-6''-O-malonyltransferase,E2_3_1_171,,vv10942Anthocyanin_biosynthesis,
48,VIT_02s0012g00020,1779,0.8598,Glycine-rich protein,,,,
49,VIT_12s0034g02570,1781,0.8571,Leucine Rich Repeat receptor-like kinase,,,,
50,VIT_06s0061g00240,1764,0.8542,ABC transporter G member 7,ABCG7,,vv52010ABC_transporters,
51,VIT_05s0020g03190,1773,0.8528,Haloacid dehalogenase hydrolase,E3_1_3_18,,vv10630Glyoxylate_and_dicarboxylate_metabolism,
52,VIT_06s0004g01470,1749,0.8511,Lipoxygenase LOX1,E1_13_11_12,,vv10592alpha-Linolenic_acid_metabolism,
53,VIT_11s0037g00800,1753,0.8485,Serine carboxypeptidase II,,,,
54,VIT_19s0027g00520,1747,0.8472,Peptidase  trypsin serine and cysteine proteases,,,,
55,VIT_00s0271g00030<br>VIT_00s0271g00060,1744,0.8437,
56,VIT_01s0011g00420,1745,0.8426,RPK1 (receptor-like protein kinase 1),,,,
57,VIT_19s0015g02080,1744,0.8401,(-)-germacrene D synthase,E4_2_3_22,,vv10900Terpenoid_biosynthesis,
58,VIT_04s0008g04300,1730,0.8394,DnaJ homolog  subfamily B  member 4,K09510,,vv50132Primary_active_transporter_cat_A5_to_A8,
59,VIT_06s0004g01460<br>VIT_06s0004g01450,1737,0.8379,
60,VIT_09s0002g00890,1726,0.8366,Jasmonate ZIM-domain protein 1,JAZ1_2,,vv30011Jasmonate_signaling,vv60069ZIM
61,VIT_02s0012g02820,1721,0.8294,Geraniol 10-hydroxylase,G10H,,vv10902Monoterpenoid_biosynthesis,
62,VIT_12s0059g01830,1713,0.8275,Unknown,,,,
63,VIT_12s0134g00480,1722,0.8263,Myb domain protein 14,MYB14_5,MYB137,vv60044MYB,
64,VIT_12s0134g00490,1709,0.8256,Myb domain protein 14,MYB14_1,MYB138,vv60044MYB,
65,VIT_02s0012g01630,1703,0.8247,Transmembrane protein 41B,TMEM41B,,vv50109Incompletely_characterized_transport_systems,
66,VIT_00s0522g00010<br>VIT_00s0266g00010<br>VIT_00s0372g00070<br>VIT_00s0372g00080<br>VIT_00s0572g00010<br>VIT_00s0372g00040<br>VIT_00s0847g00020<br>VIT_00s0572g00020,1682,0.8205,
67,VIT_18s0122g01080,1677,0.8121,Calcium ion binding protein,,,,
68,VIT_07s0205g00010,1674,0.8087,Unknown,,,,
69,VIT_12s0035g00010,1666,0.8068,DNA (cytosine-5)-methyltransferase (ATHIM),E2_1_1_37,,vv10271Methionine_metabolism,
70,VIT_00s0820g00020,1651,0.8011,Anthocyanidine rhamnosyl-transferase,RHATR,,vv10942Anthocyanin_biosynthesis,
71,VIT_07s0005g02950,1641,0.7928,AN3 (ANGUSITFOLIA3),AN3_2,,vv60031GIF,
72,VIT_14s0066g02410,1629,0.7866,Betaine-aldehyde dehydrogenase,E1_2_1_8,,vv10260Glycine_serine_and_threonine_metabolism,vv50101Channels_and_pores
73,VIT_08s0040g00590,1627,0.7856,Zinc finger (C3HC4-type ring finger),ZFC3HC4_43,,vv60078Other_zf-C3HC4,
74,VIT_09s0002g02440,1607,0.7824,ABC transporter C member 12,K05672,,vv52010ABC_transporters,
75,VIT_06s0004g06330,1589,0.7710,No hit,,,,
76,VIT_19s0014g04850,1591,0.7693,Germacrene-D synthase,E4_2_3_22,,vv10900Terpenoid_biosynthesis,
77,VIT_02s0025g01410,1586,0.7688,Acyl-CoA synthetase long-chain member 2,E6_2_1_3_LACS2,,vv10071Fatty_acid_metabolism,vv44146Peroxisome
78,VIT_15s0048g00640,1583,0.7644,L-lactate dehydrogenase,E1_1_1_27,,vv10010Glycolysis,vv10272Cysteine_metabolism
79,VIT_17s0000g10410,1588,0.7642,Serine carboxypeptidase SCPL51,,,,
80,VIT_19s0014g04900,1579,0.7610,(-)-germacrene D synthase,E4_2_3_22,,vv10900Terpenoid_biosynthesis,
81,VIT_07s0104g00800,1574,0.7608,Indole-3-acetic acid-amido synthetase GH3.6,AUXINBIOSYNTHESIS_GH3,,vv11002Auxin_biosynthesis,
82,VIT_10s0003g01830,1559,0.7492,Aquaporin NIP1;2,NIP1_2,,vv50101Channels_and_pores,
83,VIT_19s0014g04880,1551,0.7482,(-)-germacrene D synthase,E4_2_3_22,,vv10900Terpenoid_biosynthesis,
84,VIT_15s0046g03240,1532,0.7426,Unknown protein,,,,
85,VIT_08s0040g01930,1528,0.7400,Unknown protein,,,,
86,VIT_00s0160g00270,1521,0.7398,No hit,,,,
87,VIT_17s0000g03940,1511,0.7310,ferulate 5-hydroxylase,K09755,,vv10940Phenylpropanoid_biosynthesis,
88,VIT_12s0178g00160,1515,0.7301,Unknown,,,,
89,VIT_03s0038g04500,1505,0.7299,Bifunctional dihydrofolate reductase-thymidylate synthase 1,K13998,,vv10240Pyrimidine_metabolism,vv10670One_carbon_pool_by_folate
90,VIT_13s0019g01780,1515,0.7294,Scarecrow transcription factor 14 (SCL14),SCL14_7,,vv60032GRAS,
91,VIT_09s0002g03620,1501,0.7262,NADP-dependent malic enzyme,E1_1_1_39,,vv10620Pyruvate_metabolism,vv10710Carbon_fixation
92,VIT_14s0030g00520,1493,0.7234,Disease resistance protein (NBS-LRR class),,,,
93,VIT_04s0023g00880,1502,0.7218,Unknown,,,,
94,VIT_17s0000g01970,1490,0.7188,MKK9,MKK9,,vv30008Ethylene_signaling,vv34626Plant-pathogen_interaction
95,VIT_11s0016g03250,1467,0.7160,Lachrymatory factor synthase,,,,
96,VIT_10s0042g00350,1460,0.7118,No hit,,,,
97,VIT_14s0060g02620,1466,0.7089,Unknown protein,,,,
98,VIT_02s0033g01320,1458,0.7074,Amino acid permease,AAPREL,,vv50123Porters_cat_18_to_29,
99,VIT_04s0008g01260,1450,0.7018,Zinc transporter ZIP4,ZIP4,,vv50121Porters_cat_1_to_6,
100,VIT_06s0004g00950,1436,0.6941,HUB2 (histone mono-ubiquitination 2),HUB2,,vv60078Other_zf-C3HC4,
101,VIT_12s0034g00790,1428,0.6882,Kinetochore protein,KINETOCHORE,,vv44110Cell_cycle,
102,VIT_11s0016g05340,1416,0.6864,Ethylene-responsive transcription factor SHINE 3,SHINE3_2,VvERF043,vv30008Ethylene_signaling,vv60003AP2_EREBP
103,VIT_17s0000g05420,1416,0.6851,AAA-type ATPase family,,,,
104,VIT_18s0001g05950,1405,0.6771,Cis-zeatin O-beta-D-glucosyltransferase,E2_4_1_215,,vv10908Zeatin_biosynthesis,
105,VIT_12s0028g02620,1396,0.6741,Protein kinase C substrate 80K-H,K08288,,vv24141Protein_processing_in_endoplasmic_reticulum,
106,VIT_01s0026g02740,1390,0.6731,No hit,,,,
107,VIT_11s0016g01950,1383,0.6691,Casein kinase I delta,K02218,,vv23008Ribosome_biogenesis_in_Eukaryotes,
108,VIT_13s0139g00160,1380,0.6628,Golgin candidate 6,GOLGINC6,,vv50109Incompletely_characterized_transport_systems,
109,VIT_12s0028g03550,1369,0.6623,Basic helix-loop-helix (bHLH) family,BHLHDOM_64,,vv60011BHLH,
110,VIT_00s0253g00070,1373,0.6591,Unknown,,,,
111,VIT_15s0048g01570,1365,0.6559,CYP76C2,,,,
112,VIT_09s0018g00240,1361,0.6556,WRKY DNA-binding protein 40,WRKY40,VvWRKY28,vv60066WRKY,
113,VIT_18s0001g00380,1354,0.6522,Alcohol dehydrogenase,E1_1_1_1,,vv10010Glycolysis,vv10071Fatty_acid_metabolism
114,VIT_10s0042g00570,1344,0.6515,Pentatricopeptide (PPR) repeat-containing,,,,
115,VIT_00s0294g00100,1365,0.6512,Brassinosteroid insensitive 1-associated receptor kinase 1,BAK1,,vv30005Brassinosteroids_signaling,
116,VIT_12s0134g00600,1331,0.6439,Anthocyanin 5-aromatic acyltransferase,E2_3_1_153,,vv10941Flavonoid_biosynthesis,vv10942Anthocyanin_biosynthesis
117,VIT_15s0048g01590,1309,0.6385,CYP76B1,,,,
118,VIT_19s0090g00730,1313,0.6371,No hit,,,,
119,VIT_03s0091g00040,1320,0.6368,Limonoid UDP-glucosyltransferase,E2_4_1_120,,vv10940Phenylpropanoid_biosynthesis,
120,VIT_04s0008g05850,1309,0.6361,CCR4-NOT transcription complex subunit 7/8,K12581,,vv23018RNA_degradation,
121,VIT_09s0054g01370,1309,0.6321,Beta-amyrin synthase,E5_4_99_BAS,,vv10900Terpenoid_biosynthesis,
122,VIT_03s0038g01410,1295,0.6305,Aquaporin PIP PIP1A,PIP1A,,vv50101Channels_and_pores,
123,VIT_15s0046g02110,1306,0.6294,Late embryogenesis abundant protein Lea14-A,,,,
124,VIT_03s0088g00950,1286,0.6213,Unknown protein,,,,
125,VIT_02s0033g01070,1279,0.6191,Anthraniloyal-CoA: methanol anthraniloyal transferase,AMAT,,vv10400Phenylalanine_tyrosine_and_tryptophan_biosynthesis,
126,VIT_08s0007g05990,1281,0.6185,Beta 1-3 glucanase,E3_2_1_6,,,
127,VIT_12s0034g02600,1274,0.6131,Leucine Rich Repeat receptor-like kinase,,,,
128,VIT_09s0054g01340,1277,0.6131,Beta-amyrin synthase,E5_4_99_BAS,,vv10900Terpenoid_biosynthesis,
129,VIT_06s0004g06700,1263,0.6101,ATP-dependent Clp protease ClpB protein,K03695,,vv50109Incompletely_characterized_transport_systems,
130,VIT_18s0001g05590,1262,0.6076,CCR4-NOT transcription complex subunit 6,K12603,,vv23018RNA_degradation,
131,VIT_15s0046g01460,1252,0.6057,Unknown,,,,
132,VIT_12s0035g00050,1236,0.5988,No hit,,,,
133,VIT_00s0245g00030,1241,0.5955,Integral membrane family protein,,,,
134,VIT_18s0041g00840,1229,0.5926,UDP-glucose: anthocyanidin 5 3-O-glucosyltransferase,E2_4_1_238,,vv10941Flavonoid_biosynthesis,vv10942Anthocyanin_biosynthesis
135,VIT_12s0059g01590,1224,0.5922,Lipase GDSL,,,,
136,VIT_05s0020g04780,1209,0.5841,Basic helix-loop-helix (bHLH) family,BHLHDOM_52,,vv60011BHLH,
137,VIT_09s0002g04500,1197,0.5774,Carnitine/acylcarnitine carrier  Mitochondrial,MBAC2,,vv50123Porters_cat_18_to_29,
138,VIT_11s0016g02760,1190,0.5768,No hit,,,,
139,VIT_14s0006g01290,1195,0.5767,Myb domain protein 113,MYB113_2,MYBA6,vv60044MYB,
140,VIT_09s0054g01440,1189,0.5747,Beta-amyrin synthase,E5_4_99_BAS,,vv10900Terpenoid_biosynthesis,
141,VIT_18s0157g00210,1180,0.5692,Inositol-1 4 5-trisphosphate 5-Phosphatase,E3_1_3_56,,vv10562Inositol_phosphate_metabolism,vv34070Phosphatidylinositol_signaling_system
142,VIT_11s0118g00700,1162,0.5666,Protein phosphatase 2C DBP,DBPPP2C_1,,vv60024DBP,
143,VIT_04s0008g02520,1164,0.5659,ATP binding protein,,,,
144,VIT_17s0000g01250,1148,0.5592,F-box/LRR-repeat protein,,,,
145,VIT_04s0023g02230,1153,0.5584,S-adenosyl-L-methionine:salicylic acid carboxyl methyltransferase,SAMTBSCMT,,vv10360Phenylalanine_metabolism,
146,VIT_02s0012g01320,1145,0.5550,MYC jasmonic acid 3,MYC2_1,,vv30011Jasmonate_signaling,vv34626Plant-pathogen_interaction
147,VIT_16s0022g00840,1137,0.5536,Invertase/pectin methylesterase inhibitor,PMEI,,vv40006Cell_wall,
148,VIT_01s0011g01290,1150,0.5524,N-carbamyl-L-amino acid amidohydrolase,E3_5_1_6,,vv10240Pyrimidine_metabolism,vv10410Beta-alanine_metabolism
149,VIT_11s0016g02450,1137,0.5495,Serine O-acetyltransferase (SAT-52),E2_3_1_30,,vv10272Cysteine_metabolism,vv10920Sulfur_metabolism
150,VIT_08s0040g01130,1131,0.5472,Serine carboxypeptidase II,,,,
151,VIT_17s0000g09550,1122,0.5426,CYP71A26,,,,
152,VIT_08s0007g08710,1117,0.5391,Unknown protein,,,,
153,VIT_02s0012g02810,1113,0.5379,CYP76C4,,,,
154,VIT_16s0098g01140,1110,0.5375,CRK (CDPK-related kinase),,,,
155,VIT_19s0014g01880,1102,0.5344,Homeobox protein,HBDOM_1,VvHB69,vv60034HB,
156,VIT_12s0028g03900,1088,0.5241,No hit,,,,
157,VIT_13s0158g00440,1084,0.5222,Disease resistance protein,,,,
158,VIT_14s0068g00140,1073,0.5179,No hit,,,,
159,VIT_15s0046g01170,1064,0.5175,Dihydroflavonol 4-reductase (dihydrokaempferol 4-reductase) (BAN),E1_1_1_219,,vv10941Flavonoid_biosynthesis,
160,VIT_14s0060g00680,1075,0.5173,Lipase GDSL,,,,
161,VIT_13s0084g00130,1068,0.5167,CXE carboxylesterase,E3_1_1_1,,,
162,VIT_04s0023g00120,1062,0.5118,Unknown,,,,
163,VIT_10s0042g01010,1054,0.5094,CYP714A1,,,,
164,VIT_10s0116g01710,1058,0.5094,Galactosyltransferase family protein,E2_4_x_x,,,
165,VIT_13s0067g00370,1043,0.5085,Pinene synthase,E4_2_3_14,,vv10902Monoterpenoid_biosynthesis,
166,VIT_19s0014g01900,1054,0.5082,Protein transport protein Sec24,K14007,,vv24141Protein_processing_in_endoplasmic_reticulum,vv50110Protein_coat
167,VIT_06s0004g07000,1050,0.5048,Myb family,MYBGE_6,,vv60029G2-like,
168,VIT_14s0006g03100,1040,0.5014,No hit,,,,
169,VIT_10s0003g04540,1033,0.4971,Cationic amino acid transporter 1,AAT1,,vv50121Porters_cat_1_to_6,
170,VIT_16s0098g00030,1021,0.4961,Receptor kinase LRK10,,,,
171,VIT_09s0002g05360<br>VIT_09s0002g05400<br>VIT_09s0002g05490<br>VIT_09s0002g05590,1031,0.4954,
172,VIT_19s0014g03650,994,0.4858,No hit,,,,
173,VIT_09s0002g01650,1007,0.4858,5'-nucleotidase surE,E3_1_3_5,,vv10230Purine_metabolism,vv10240Pyrimidine_metabolism
174,VIT_03s0038g03870,1000,0.4847,Calcium ion binding protein,,,,
175,VIT_06s0009g03390,993,0.4823,No hit,,,,
176,VIT_09s0002g00530,994,0.4807,Lipase GDSL 2,,,,
177,VIT_09s0002g03050,987,0.4801,Lipase GDSL,,,,
178,VIT_04s0008g05790,978,0.4729,No hit,,,,
179,VIT_09s0070g00650,975,0.4728,RNA polymerase beta'',K03046,,vv23020RNA_polymerase,
180,VIT_07s0005g00890,986,0.4722,Polygalacturonase GH28,E3_2_1_15,,vv40006Cell_wall,
181,VIT_14s0060g02370,976,0.4720,DegP protease,E3_4_21_107,,,
182,VIT_08s0040g00580,974,0.4708,No hit,,,,
183,VIT_18s0001g10360,963,0.4695,Unknown protein,,,,
184,VIT_19s0176g00140,953,0.4604,CID9 (CTC-Interacting Domain 9),,,,
185,VIT_03s0038g03840,944,0.4594,Cuticular water permeability,,,,
186,VIT_06s0004g06280,942,0.4562,Myb domain protein 64,MYB64,MYB183,vv60044MYB,
187,VIT_00s0301g00070,944,0.4554,No hit,,,,
188,VIT_10s0003g03800,949,0.4549,Jasmonate ZIM domain-containing protein 8,JAZ8_1,,vv30011Jasmonate_signaling,vv60069ZIM
189,VIT_03s0038g02610,931,0.4500,Monooxygenase (MO2),,,,
190,VIT_18s0001g06690,923,0.4463,Gibberellin 20 oxidase 2,E1_14_11_12,,vv10904Diterpenoid_biosynthesis,
191,VIT_18s0001g14390,922,0.4456,Transducin protein,,,,
192,VIT_15s0048g03000,918,0.4448,GTPase RABA3,K07976,,,
193,VIT_01s0137g00170,910,0.4396,B-keto acyl reductase,,,,
194,VIT_02s0236g00070,906,0.4392,Unknown,,,,
195,VIT_11s0052g01600,899,0.4354,UDP-glucose flavonoid 3-O-glucosyltransferase 7,E2_4_1_91,,vv10941Flavonoid_biosynthesis,
196,VIT_17s0000g01870,895,0.4315,Indeterminate(ID)-domain 16,IDD16_2,,vv60017C2H2,
197,VIT_13s0019g03570,895,0.4315,Unknown protein,,,,
198,VIT_10s0003g02480,888,0.4294,Xyloglucan endotransglycosylase/hydrolase precursor XTH-21,E2_4_1_207,,vv40006Cell_wall,
199,VIT_06s0004g07750,884,0.4293,TPA: class III peroxidase 40,E1_11_1_7,,vv10360Phenylalanine_metabolism,vv10680Methane_metabolism
200,VIT_00s1536g00010,886,0.4286,Heat shock protein 101,HSP101,,vv50109Incompletely_characterized_transport_systems,
201,VIT_16s0022g00090,887,0.4281,No hit,,,,
202,VIT_06s0004g04030,884,0.4260,Copper chaperone,,,,
203,VIT_12s0035g00060,873,0.4219,DNA (cytosine-5)-methyltransferase,E2_1_1_37,,vv10271Methionine_metabolism,
204,VIT_14s0030g02130,871,0.4204,Anthocyaninless2 (ANL2),ANL2_3,,vv60034HB,
205,VIT_18s0001g10060,872,0.4194,LRX1 (leucine-rich repeat/extensin 1),EXTENSIN,,vv40006Cell_wall,
206,VIT_08s0007g08190,868,0.4183,LOI1 (lovastatin insensitive 1),,,,
207,VIT_02s0025g02730,870,0.4181,Alcohol dehydrogenase,E1_1_1_1,,vv10010Glycolysis,vv10071Fatty_acid_metabolism
208,VIT_03s0063g02140,864,0.4176,RRA2 (reduced residual arabinose 2),,,,
209,VIT_09s0070g00160,862,0.4170,CBL-interacting protein kinase 6 (CIPK6),CIPK6,,,
210,VIT_09s0002g05380,860,0.4163,ABC transporter g family pleiotropic drug resistance 12 PDR12,ABCGPDR12,,vv52010ABC_transporters,
211,VIT_04s0043g00850,860,0.4141,Unknown protein,,,,
212,VIT_01s0026g01520,845,0.4104,Guanine nucleotide exchange factor protein,RCC1,,vv50112Nuclear_pore_complex,
213,VIT_19s0027g01580,843,0.4078,Disease resistance protein (NBS-LRR class),,,,
214,VIT_10s0003g03450,844,0.4071,ABC transporter C member 5,K05668,,vv52010ABC_transporters,
215,VIT_09s0054g01220,842,0.4068,Cycloartenol synthase,E5_4_99_8,,vv10100Biosynthesis_of_steroids,
216,VIT_10s0003g05060,842,0.4058,DNA-directed RNA polymerase subunit beta',K03046,,vv23020RNA_polymerase,
217,VIT_00s0211g00030,840,0.4046,Symbiosis receptor kinase,,,,
218,VIT_16s0022g02080,835,0.4007,Exostosin family protein,K02366,,vv11030Glycan_structures-biosynthesis1,
219,VIT_14s0108g00070,829,0.4005,Transcription initiation factor TFIID subunit D4,K03130,,vv23022Basal_transcription_factors,
220,VIT_09s0018g01490,815,0.3978,Anthraniloyal-CoA: methanol anthraniloyal transferase,AMAT,,vv10400Phenylalanine_tyrosine_and_tryptophan_biosynthesis,
221,VIT_07s0005g00910,818,0.3963,Zinc finger (MYND type),ZFMYND_2,,vv60067Zf-MYND,
222,VIT_18s0041g00520,808,0.3926,Proton-dependent oligopeptide transport (POT) family protein,POT,,vv50122Porters_cat_7_to_17,
223,VIT_11s0037g00250,815,0.3916,1-acyl-sn-glycerol-3-phosphate acyltransferase 1  chloroplast precursor,E2_3_1_51,,vv10561Glycerolipid_metabolism,vv10564Glycerophospholipid_metabolism
224,VIT_12s0134g00670,806,0.3909,Anthocyanin 5-aromatic acyltransferase,E2_3_1_153,,vv10941Flavonoid_biosynthesis,vv10942Anthocyanin_biosynthesis
225,VIT_12s0142g00460,802,0.3880,Basic helix-loop-helix (bHLH) family,BHLHDOM_25,,vv60011BHLH,
226,VIT_19s0014g04920,795,0.3846,(-)-germacrene D synthase,E4_2_3_22,,vv10900Terpenoid_biosynthesis,
227,VIT_18s0001g07360,795,0.3829,ER6 protein universal stress protein (USP) family,USPER6,,vv30008Ethylene_signaling,
228,VIT_06s0061g00720,789,0.3826,BHLH transcriptional regulator bHLH029,BHLH029,,vv60011BHLH,
229,VIT_00s0218g00100,786,0.3810,Metal transporter Nramp6,NRAMP6,,vv50124Porters_cat_30_to_64,
230,VIT_10s0042g01040,784,0.3806,CYP714A1,,,,
231,VIT_00s0187g00040,783,0.3783,Cystatin,,,,
232,VIT_08s0058g00150,779,0.3774,Ammonium transporter 2,AMT2,,vv50101Channels_and_pores,
233,VIT_12s0034g02560,778,0.3768,DNA (cytosine-5)-methyltransferase (ATHIM),E2_1_1_37,,vv10271Methionine_metabolism,
234,VIT_06s0004g05120,778,0.3749,ARR1 typeB,ARR1_3,,vv30007Cytokinin_signaling,vv60006ARR-B
235,VIT_19s0014g02140,767,0.3709,Asp/Glu racemase,K01797,,,
236,VIT_05s0029g01580,764,0.3684,Ankyrin repeat protein,,,,
237,VIT_00s0265g00040,761,0.3680,Pentatricopeptide (PPR) repeat,,,,
238,VIT_10s0116g00900,761,0.3675,Unknown protein,,,,
239,VIT_16s0022g01970,753,0.3638,Anthocyanidin 3-O-glucosyltransferase,E2_4_1_115,,vv10942Anthocyanin_biosynthesis,
240,VIT_14s0030g01240,749,0.3629,Transport inhibitor response 1 protein,TIR1,,vv30003Auxin_signaling,
241,VIT_03s0088g01150,750,0.3623,Squalene monooxygenase,E1_14_99_7,,vv10100Biosynthesis_of_steroids,vv10900Terpenoid_biosynthesis
242,VIT_03s0038g00360,753,0.3618,Isochorismatase hydrolase,E3_3_2_1,,vv10130Ubiquinone_biosynthesis,
243,VIT_03s0038g01650,749,0.3611,ABA-responsive protein (HVA22a),HVA22A,,vv30001ABA_signaling,
244,VIT_04s0069g01020,745,0.3609,NBS1 (nijmegen breakage syndrome 1),NBS1_1,,vv60028FHA,
245,VIT_15s0021g02410,738,0.3576,Malate dehydrogenase  cytosolic,E1_1_1_37,,vv10020Citrate_cycle,vv10620Pyruvate_metabolism
246,VIT_07s0104g00120,738,0.3574,Unknown protein,,,,
247,VIT_13s0019g04090,740,0.3568,Ubiquitin-conjugating enzyme E2 C,K06688,,vv24120Ubiquitin_mediated_proteolysis,
248,VIT_09s0002g01080,739,0.3555,Lipoxygenase,E1_13_11_12,,vv10592alpha-Linolenic_acid_metabolism,
249,VIT_10s0003g05750,729,0.3544,CYP89H3,,,,
250,VIT_06s0004g06630,734,0.3536,DTA2 (downstream target of AGL15 2),,,,
251,VIT_15s0046g02090,725,0.3514,Late embryogenesis abundant group 14,,,,
252,VIT_07s0005g06090,724,0.3508,Pore-forming toxin-like protein Hfr-2,HFR2,,vv50101Channels_and_pores,
253,VIT_05s0102g00080,726,0.3492,U1 small nuclear ribonucleoprotein 70 kDa ,,,,
254,VIT_15s0024g00820,725,0.3487,Stress-induced protein,,,,
255,VIT_13s0019g03020,724,0.3484,Glucosyltransferase-2,,,,
256,VIT_17s0000g06110,722,0.3476,Glutathione S-transferase 9 GSTU9,E2_5_1_18_GSTU9,,vv10480Glutathione_metabolism,
257,VIT_02s0025g00900,722,0.3468,6-phosphogluconate dehydrogenase,E1_1_1_44,,vv10030Pentose_phosphate,
258,VIT_19s0090g00220,715,0.3454,CRS2-associated factor 2  mitochondrial precursor,,,,
259,VIT_08s0105g00430,713,0.3438,Omega-3 fatty acid desaturase  chloroplast precursor,K10257,,vv11040Biosynthesis_of_unsaturated_fatty_acids,
260,VIT_18s0001g01840,706,0.3412,1-aminocyclopropane-1-carboxylate oxidase,E1_14_17_4,,vv10640Propanoate_metabolism,vv30008Ethylene_signaling
261,VIT_10s0003g05790,699,0.3397,Lipid transfer protein 12,LTP12,,,
262,VIT_00s0181g00200<br>VIT_00s0181g00180,702,0.3396,
263,VIT_19s0090g00300,692,0.3356,Unknown protein,,,,
264,VIT_18s0122g00220,693,0.3354,Phosphodiesterase/alkaline phosphatase D,E3_1_4_1,,,
265,VIT_17s0000g06200,695,0.3346,Mini zinc finger 1 MIF1,MIF1_2,,vv60068Zf-HD,
266,VIT_12s0055g00840,689,0.3337,Sucrose-6-phosphate phosphatase,E3_1_3_24,,vv10500Starch_and_sucrose_metabolism,
267,VIT_14s0006g02290,688,0.3322,DREB sub A-4 of ERF/AP2 transcription factor,TINY_2,VvERF028,vv30008Ethylene_signaling,vv60003AP2_EREBP
268,VIT_14s0036g00660,687,0.3309,Exportin-related,EXPORTINREL,,vv50112Nuclear_pore_complex,
269,VIT_00s0225g00070,680,0.3303,MATE efflux family protein,MATE,,vv50125Porters_cat_66_to_94,
270,VIT_04s0008g06330,678,0.3294,TPR1 (topless-related 1),TPR1,,vv30003Auxin_signaling,
271,VIT_10s0003g00780,678,0.3288,Glutamate receptor 3.4,GLR3_4,,vv50101Channels_and_pores,
272,VIT_12s0028g02680,677,0.3282,Unknown protein,,,,
273,VIT_11s0016g01320,670,0.3246,Myb domain protein 13,MYB13,MYBPA2,vv60044MYB,
274,VIT_11s0037g00600,667,0.3246,Calcium-binding EF hand,,,,
275,VIT_13s0067g02910,666,0.3233,Non-specific lipid-transfer protein,,,,
276,VIT_13s0019g02860,666,0.3225,UDP-glucoronosyl and UDP-glucosyl transferase,,,,
277,VIT_15s0046g00710,666,0.3217,Wax synthase,E2_3_1_75,,vv11000Single_reactions,
278,VIT_08s0032g00490,661,0.3204,No hit,,,,
279,VIT_16s0098g01410,661,0.3192,Pentatricopeptide (PPR) repeat-containing,,,,
280,VIT_18s0001g08770,661,0.3190,CF9,,,,
281,VIT_00s0267g00030,654,0.3175,Unknown,,,,
282,VIT_00s0301g00080,655,0.3170,No hit,,,,
283,VIT_17s0053g00710,650,0.3133,Calcium-dependent protein kinase,,,,
284,VIT_19s0014g02720,647,0.3123,Unknown protein,,,,
285,VIT_13s0067g01580,644,0.3113,Anthocyaninless2 (ANL2),ANL2_4,,vv60034HB,
286,VIT_17s0000g06270,636,0.3093,Malate dehydrogenase precursor,E1_1_1_37,,vv10020Citrate_cycle,vv10620Pyruvate_metabolism
287,VIT_18s0041g00860,642,0.3090,No hit,,,,
288,VIT_12s0028g00250,631,0.3063,Isoprenylcysteine carboxyl methyltransferase,E2_1_1_100,,vv10271Methionine_metabolism,
289,VIT_13s0074g00450,628,0.3041,DEMETER protein (DME),,,,
290,VIT_00s0269g00100,626,0.3029,Ankyrin,K10380,,vv50108Accessory_factors_involved_in_transport,
291,VIT_18s0086g00270,622,0.3003,Gag-pol polyprotein,,,,
292,VIT_10s0092g00260,624,0.2999,Alpha-glucosidase 1 (AGLU1),E3_2_1_20,,vv10052Galactose_metabolism,vv10500Starch_and_sucrose_metabolism
293,VIT_14s0030g00220,618,0.2980,Sugar transporter ERD6-like 5,ERD6L5,,vv50121Porters_cat_1_to_6,
294,VIT_00s0724g00010,614,0.2978,Pinene synthase,E4_2_3_14,,vv10902Monoterpenoid_biosynthesis,
295,VIT_01s0150g00330,609,0.2932,U-box domain-containing protein,,,,
296,VIT_06s0004g00380,599,0.2890,Unknown protein,,,,
297,VIT_01s0011g03430,590,0.2861,No hit,,,,
298,VIT_01s0011g05560,591,0.2845,Jasmonate ZIM domain-containing protein 3,JAZ3_1,,vv30011Jasmonate_signaling,vv34626Plant-pathogen_interaction
299,VIT_02s0025g02820,578,0.2806,Membrane-related CP5,,,,
300,VIT_10s0003g01010,571,0.2761,Lipase GDSL,,,,
301,VIT_08s0040g02110,568,0.2748,NAC domain containing protein 2,NAC2_4,VvNAC45,vv60046NAC,
302,VIT_06s0061g00250,567,0.2746,ABC transporter G member 7,ABCG7,,vv52010ABC_transporters,
303,VIT_01s0011g01910,566,0.2740,Glycosyl transferase-related,,,,
304,VIT_11s0016g03500,556,0.2683,Unknown protein,,,,
305,VIT_19s0015g01210,556,0.2677,KH domain-containing protein,,,,
306,VIT_00s0226g00020,553,0.2673,RabGAP/TBC domain-containing protein,,,,
307,VIT_03s0017g00080,547,0.2644,S-adenosylmethionine synthetase MAT3,E2_5_1_6,,vv10271Methionine_metabolism,vv10450Selenoamino_acid_metabolism
308,VIT_19s0015g00510,546,0.2643,Pectate lyase 2,E4_2_2_2,,vv40006Cell_wall,
309,VIT_01s0011g03440,545,0.2623,DNA mismatch repair protein,,,,
310,VIT_01s0010g02210,540,0.2616,FRK1 (FLG22-induced receptor-like kinase 1),FRK1,,vv34626Plant-pathogen_interaction,
311,VIT_06s0004g01550,539,0.2601,Phosphoribosylanthranilate transferase,E2_4_2_18,,vv10400Phenylalanine_tyrosine_and_tryptophan_biosynthesis,
312,VIT_02s0025g00180,538,0.2588,Bisphosphoglycerate mutase,E5_4_2_4,,vv10010Glycolysis,
313,VIT_13s0067g00150,530,0.2569,Hydrolase  alpha/beta fold,,,,
314,VIT_00s0467g00020,527,0.2564,TIR-NBS-LRR disease resistance,,,,
315,VIT_08s0007g02880,528,0.2564,Integral membrane family protein UPF0497,,,,
316,VIT_08s0007g04090,525,0.2561,CYPLXXVIA2,,,,
317,VIT_18s0001g01360,527,0.2556,Toprim domain-containing protein,,,,
318,VIT_07s0141g00960,527,0.2553,No hit,,,,
319,VIT_16s0098g00420,525,0.2546,Ser/Thr receptor-like kinase1,,,,
320,VIT_03s0038g00390,527,0.2545,TEL1 (Terminal EAR1-like 1),TEL1,,vv44110Cell_cycle,
321,VIT_00s0336g00010,521,0.2516,Arginine decarboxylase [Vitis vinifera],E4_1_1_19,,vv10220Urea_cycle_and_metabolism_of_amino_groups,vv10251Glutamate_metabolism
322,VIT_06s0004g02460,520,0.2508,Myb family,MYBREL_4,,vv60045MYBrelated,
323,VIT_08s0007g00630,511,0.2475,No hit,,,,
324,VIT_19s0014g02120,512,0.2473,Metallothionein,,,,
325,VIT_06s0080g01020,512,0.2472,Secoisolariciresinol dehydrogenase,SIRD,,vv10940Phenylpropanoid_biosynthesis,
326,VIT_04s0023g01720,513,0.2471,SEC14 cytosolic factor  putative,SEC14,,vv50122Porters_cat_7_to_17,
327,VIT_07s0095g00790,498,0.2402,Homeodomain GLABROUS12,HDG12_1,,vv60034HB,
328,VIT_17s0000g08600,492,0.2388,Signal recognition particle receptor beta subunit,K12272,,vv23060Protein_export,vv50132Primary_active_transporter_cat_A5_to_A8
329,VIT_17s0000g04910,494,0.2388,L-asparaginase,E3_5_1_1,,vv10252Alanine_and_aspartate_metabolism,vv10910Nitrogen_metabolism
330,VIT_07s0197g00150,493,0.2386,Disease resistance protein (CC-NBS-LRR class),,,,
331,VIT_13s0067g03430,487,0.2385,ARR9 typeA,ARR9_3,,vv30007Cytokinin_signaling,vv60072Orphans_Response_reg
332,VIT_01s0010g02230,489,0.2376,Response regulator ARR11 Type-B,ARR11_2,,vv30007Cytokinin_signaling,vv60006ARR-B
333,VIT_13s0067g00400,488,0.2353,Anthranilate synthase alpha 1,E4_1_3_27,,vv10400Phenylalanine_tyrosine_and_tryptophan_biosynthesis,
334,VIT_00s0245g00010,485,0.2352,Integral membrane protein,,,,
335,VIT_18s0001g14940,489,0.2346,Pentatricopeptide (PPR) repeat-containing,,,,
336,VIT_06s0004g04370,480,0.2338,Histone H4,,,,
337,VIT_10s0116g00710,484,0.2337,Tryptophan synthase  beta subunit,E4_2_1_20,,vv10400Phenylalanine_tyrosine_and_tryptophan_biosynthesis,
338,VIT_11s0016g02560,475,0.2309,ACC synthase 2,E4_4_1_14,,vv10640Propanoate_metabolism,vv30008Ethylene_signaling
339,VIT_10s0116g00450,477,0.2307,Tyrosyl-DNA phosphodiesterase,K10862,,,
340,VIT_16s0039g01090,476,0.2304,CYP89A2,,,,
341,VIT_17s0119g00070,473,0.2288,Unknown protein,,,,
342,VIT_14s0060g01970,475,0.2287,F-box domain containing protein,,,,
343,VIT_19s0014g02110,471,0.2286,Homeobox protein 52,VVHB52_1,VvHB70,vv60034HB,
344,VIT_19s0090g01550,471,0.2278,Mo25,K08272,,vv34150mTOR_signaling_pathway,
345,VIT_05s0102g01200,467,0.2268,Lectin,,,,
346,VIT_03s0097g00460,456,0.2216,Geraniol 10-hydroxylase,G10H,,vv10902Monoterpenoid_biosynthesis,
347,VIT_18s0041g01500,457,0.2211,Taxadiene 5-alpha-hydroxylase,E1_14_99_37,,vv10904Diterpenoid_biosynthesis,
348,VIT_17s0000g04160,452,0.2197,Zinc finger (C3HC4-type ring finger),ZFC3HC4_42,,vv60078Other_zf-C3HC4,
349,VIT_07s0005g06000,454,0.2180,Pore-forming toxin-like protein Hfr-2,HFR2,,vv50101Channels_and_pores,
350,VIT_15s0048g01600,453,0.2178,Geraniol 10-hydroxylase,G10H,,vv10902Monoterpenoid_biosynthesis,
351,VIT_11s0037g01290,451,0.2177,No hit,,,,
352,VIT_06s0004g04150,446,0.2153,Auxin-regulated protein,AUXREG,,vv30003Auxin_signaling,
353,VIT_09s0002g05110,442,0.2151,EMB2753,,,,
354,VIT_11s0016g05040,442,0.2136,Unknown protein,,,,
355,VIT_01s0137g00510,439,0.2126,CYP71B10,CYP71B10,,vv10940Phenylpropanoid_biosynthesis,
356,VIT_01s0011g06400,441,0.2125,Indeterminate(ID)-domain 16,IDD16_1,,vv60017C2H2,
357,VIT_01s0026g01580,441,0.2113,Glyoxal oxidase,,,,
358,VIT_14s0060g01470,435,0.2103,Calmodulin-binding protein,K02183,,vv34020Calcium_signaling_pathway,vv34626Plant-pathogen_interaction
359,VIT_09s0018g01050,433,0.2098,Serine-threonine protein kinase  plant-type,,,,
360,VIT_19s0090g01840,431,0.2093,No hit,,,,
361,VIT_09s0070g00090,428,0.2081,Unknown,,,,
362,VIT_05s0077g00510,430,0.2071,Beta-fructofuranosidase,E3_2_1_26,,vv10052Galactose_metabolism,vv10500Starch_and_sucrose_metabolism
363,VIT_15s0046g00310,427,0.2071,Transcription factor TINY,ERF023,VvERF015,vv30008Ethylene_signaling,vv60003AP2_EREBP
364,VIT_16s0022g02100,428,0.2065,Embryo-specific 3,,,,
365,VIT_03s0038g02250,424,0.2053,Pentatricopeptide (PPR) repeat-containing protein,,,,
366,VIT_14s0066g01700,420,0.2035,Calmodulin binding protein,,,,
367,VIT_17s0000g09270,413,0.2003,MATE efflux family protein,MATE,,vv50125Porters_cat_66_to_94,
368,VIT_14s0108g00630,409,0.1973,Amino acid permease,AAPREL,,vv50123Porters_cat_18_to_29,
369,VIT_12s0028g01390,407,0.1964,Small heat shock protein ACD31,,,,
370,VIT_04s0023g02290,406,0.1964,S-adenosyl-L-methionine:salicylic acid carboxyl methyltransferase,SAMTBSCMT,,vv10360Phenylalanine_metabolism,
371,VIT_08s0058g01080,405,0.1960,No hit,,,,
372,VIT_11s0052g00620,404,0.1954,AHA2 (Arabidopsis H(+)-ATPase 2),K01535,,vv10190Oxidative_phosphorylation,vv50131Primary_active_transporter_cat_A2_to_A4
373,VIT_03s0038g01830,406,0.1953,Proline-rich protein 4,,,,
374,VIT_10s0116g00920,401,0.1945,CERK1 (chitin elicitor receptor kinase 1),K13429,,vv34626Plant-pathogen_interaction,
375,VIT_01s0137g00030,399,0.1931,ATA1 (Arabidopsis TAPETUM 1),,,,
376,VIT_17s0000g06930,399,0.1928,Unfertilized embryo sac 10 UNE10,UNE10_3,,vv60011BHLH,
377,VIT_00s0286g00110,393,0.1906,S-locus protein kinase,,,,
378,VIT_01s0011g05360,390,0.1889,High mobility group protein HMGI/Y-1,HMGIY_5,,vv60035HMG,
379,VIT_15s0021g01690,385,0.1861,Calcium-binding protein,,,,
380,VIT_10s0003g05430,385,0.1858,Reticuline oxidase precursor,E1_21_3_3,,vv10950Alkaloid_biosynthesis_I,
381,VIT_08s0056g01130,382,0.1852,Mini zinc finger 2 MIF2,MIF2_2,,vv60068Zf-HD,
382,VIT_19s0085g00650,381,0.1840,Cation efflux family,CAEFF,,vv50121Porters_cat_1_to_6,
383,VIT_11s0037g00320,383,0.1837,Serine carboxypeptidase S10,,,,
384,VIT_16s0050g01980,379,0.1827,EIX receptor 2,,,,
385,VIT_17s0000g02130,376,0.1823,Transposase  IS4,,,,
386,VIT_18s0075g00090,376,0.1817,Unknown,,,,
387,VIT_06s0004g03100,375,0.1810,MLO1,K08472,,,
388,VIT_07s0031g01160,376,0.1804,Hyperosmotically inducible periplasmic protein,K04065,,vv50131Primary_active_transporter_cat_A2_to_A4,
389,VIT_05s0020g00740,373,0.1803,Phosphate translocator,PTLREL,,vv50122Porters_cat_7_to_17,
390,VIT_09s0002g06250,371,0.1799,No hit,,,,
391,VIT_07s0031g01670,368,0.1792,CYP96A10,,,,
392,VIT_18s0001g10050,369,0.1789,LRX1 (leucine-rich repeat/extensin 1),EXTENSIN,,vv40006Cell_wall,
393,VIT_08s0007g08200,371,0.1787,MATE efflux family protein,MATE,,vv50125Porters_cat_66_to_94,
394,VIT_06s0009g01170,370,0.1781,No hit,,,,
395,VIT_07s0141g00490,368,0.1773,Pentatricopeptide repeat-containing protein,,,,
396,VIT_04s0008g03930,362,0.1747,RD22,,,,
397,VIT_04s0023g03240,360,0.1746,Transcription factor TFIIF,K03138,,vv23022Basal_transcription_factors,
398,VIT_13s0067g00380,359,0.1739,Pinene synthase,E4_2_3_14,,vv10902Monoterpenoid_biosynthesis,
399,VIT_01s0137g00780,353,0.1718,Unknown protein,,,,
400,VIT_19s0090g00840,349,0.1689,WRKY DNA-binding protein 6,WRKY6_2,VvWRKY55,vv60066WRKY,
401,VIT_14s0068g00220,350,0.1682,Proteasome,,,,
402,VIT_07s0005g03320,343,0.1663,Unknown protein,,,,
403,VIT_03s0017g01280,341,0.1661,ABC transporter G member 7,ABCG7,,vv52010ABC_transporters,
404,VIT_16s0022g02480,342,0.1658,TCP family transcription factor TCP9,TCP9_3,,vv60061TCP,
405,VIT_09s0054g01680,339,0.1640,No hit,,,,
406,VIT_00s0471g00030,336,0.1619,GTP-binding protein engB,K03978,,,
407,VIT_12s0134g00630,333,0.1606,Quercetin 3-O-glucoside-6''-O-malonyltransferase,E2_3_1_116,,vv10941Flavonoid_biosynthesis,
408,VIT_16s0098g00500,333,0.1602,No hit,,,,
409,VIT_07s0005g01800,333,0.1601,Agenet domain-containing protein,,,,
410,VIT_04s0008g01020,329,0.1590,Unknown protein,,,,
411,VIT_09s0002g00420,327,0.1584,Senescence-associated protein,,,,
412,VIT_04s0008g04930,329,0.1583,Paramyosin,PARAMYOSIN,,vv44810Regulation_of_actin_cytoskeleton,
413,VIT_04s0008g00110,325,0.1577,Jasmonate ZIM domain-containing protein 8,JAZ8_3,,vv30011Jasmonate_signaling,vv60069ZIM
414,VIT_13s0101g00060,326,0.1570,No hit,,,,
415,VIT_06s0080g00300,321,0.1552,Pentatricopeptide (PPR) repeat-containing,,,,
416,VIT_14s0066g00420,316,0.1525,Pentatricopeptide (PPR) repeat-containing protein,,,,
417,VIT_15s0021g02300,314,0.1524,Squamosa promoter-binding protein 8 (SPL8),SPL8,,vv60055SBP,
418,VIT_08s0007g08730,315,0.1520,ABC transporter A member 1,K05641,,vv52010ABC_transporters,
419,VIT_12s0055g00760,310,0.1502,No hit,,,,
420,VIT_11s0052g01630,310,0.1499,Anthocyanidin 3-O-glucosyltransferase,E2_4_1_115,,vv10942Anthocyanin_biosynthesis,
421,VIT_00s0324g00090,309,0.1486,Pentatricopeptide (PPR) repeat-containing,,,,
422,VIT_14s0060g01090,306,0.1485,LNG1 (LONGIFOLIA1),,,,
423,VIT_14s0068g01840,303,0.1474,Unknown protein,,,,
424,VIT_02s0025g04170,303,0.1472,Heat shock transcription factor B2B,HSFB2B,,vv60037HSF,
425,VIT_06s0004g04210,303,0.1470,No hit,,,,
426,VIT_18s0122g00590,305,0.1469,DNA-binding protein,,,,
427,VIT_11s0016g03280,302,0.1463,Protein phosphatases PP1 regulatory subunit SDS22,E3_1_3_16,,,
428,VIT_03s0063g00960,304,0.1460,Unknown protein,,,,
429,VIT_02s0012g02830,300,0.1453,UDP-glucosyl transferase,E2_4_1_81,,vv10941Flavonoid_biosynthesis,
430,VIT_13s0067g02390,297,0.1429,Unknown,,,,
431,VIT_06s0061g00230,291,0.1406,ABC transporter G member 7,ABCG7,,vv52010ABC_transporters,
432,VIT_11s0052g01400,288,0.1400,Ribitol kinase,E2_7_1_47,,vv10040Pentose_glucuronate_interconversion,
433,VIT_07s0031g01420,289,0.1395,ATATH13,ATH13,,vv52010ABC_transporters,
434,VIT_01s0011g02660,289,0.1391,No hit,,,,
435,VIT_18s0001g09420,287,0.1390,Progesterone 5-beta-reductase,E1_3_99_6,,vv10140C21-Steroid_hormone_metabolism,
436,VIT_07s0031g00560,287,0.1388,Lipase class 3,,,,
437,VIT_10s0003g05530,285,0.1377,CPRD2,,,,
438,VIT_04s0069g00210,285,0.1373,Glutamate receptor 2.8,GLR2_8,,vv50101Channels_and_pores,
439,VIT_04s0008g04110,284,0.1373,No hit,,,,
440,VIT_08s0007g04880,284,0.1370,Unknown protein,,,,
441,VIT_09s0002g00490,282,0.1368,Lipase GDSL 5,,,,
442,VIT_09s0070g00110,281,0.1357,S-adenosyl-L-methionine Mg-protoporphyrin IX methyltranserase,E2_1_1_11,,vv10860Porphyrin_and_chlorophyll_metabolism,
443,VIT_01s0026g00570,278,0.1352,Bet v I allergen,,,,
444,VIT_11s0016g02030,280,0.1351,Cytochrome f [Vitis vinifera],K02634,,vv10195Photosynthesis,vv50135Primary_active_transporter_cat_D3_to_E2
445,VIT_18s0001g06480,278,0.1350,Aquaporin PIP PIP1;4,PIP1_4,,vv50101Channels_and_pores,
446,VIT_08s0040g01940,278,0.1348,Zinc finger (C3HC4-type ring finger),ZFC3HC4_154,,vv60078Other_zf-C3HC4,
447,VIT_01s0011g00080,278,0.1339,Universal stress protein (USP) family protein,,,,
448,VIT_04s0069g00860,277,0.1338,Sarcosine oxidase,E1_5_3_1,,vv10260Glycine_serine_and_threonine_metabolism,
449,VIT_09s0002g08070,271,0.1308,Prephenate dehydrogenase,E1_3_1_13,,vv10400Phenylalanine_tyrosine_and_tryptophan_biosynthesis,
450,VIT_01s0011g02420,268,0.1300,Unknown,,,,
451,VIT_00s1566g00010,268,0.1294,UDP-rhamnose/rhamnosyltransferase,RHATR,,vv10942Anthocyanin_biosynthesis,
452,VIT_01s0026g02280,265,0.1281,Binding,,,,
453,VIT_16s0050g01170,262,0.1272,Unknown,,,,
454,VIT_01s0011g05680,263,0.1272,Unknown protein,,,,
455,VIT_06s0080g00090,260,0.1266,CYP94A1,,,,
456,VIT_05s0077g00530,262,0.1264,Unknown protein,,,,
457,VIT_06s0004g01480,262,0.1264,Lipoxygenase LOX1,E1_13_11_12,,vv10592alpha-Linolenic_acid_metabolism,
458,VIT_09s0002g02940,261,0.1260,Myo-inositol oxygenase 1,E1_13_99_1,,vv10562Inositol_phosphate_metabolism,
459,VIT_04s0008g03110,260,0.1260,EMB1611,,,,
460,VIT_07s0130g00300,261,0.1257,MAPKKK21,,,,
461,VIT_04s0008g06510,259,0.1256,Unknown,,,,
462,VIT_18s0086g00190,261,0.1256,Permease nonimprinted in Prader-Willi/Angelman,NIPA,,vv50122Porters_cat_7_to_17,
463,VIT_13s0106g00430,260,0.1255,Auxin response factor ARF6,ARF6_2,,vv30003Auxin_signaling,vv60004ARF
464,VIT_00s0361g00090,260,0.1254,Phototropic-responsive NPH3 protein,,,,
465,VIT_06s0080g00780,244,0.1179,NAC domain containing protein 90,NAC090_3,VvNAC74,vv60046NAC,
466,VIT_14s0060g01740,244,0.1179,Unknown protein,,,,
467,VIT_12s0028g01730,238,0.1151,Unknown protein,,,,
468,VIT_10s0003g04790,237,0.1145,No hit,,,,
469,VIT_14s0060g02220,235,0.1142,F-actin capping protein alpha subunit,K10364,,vv44810Regulation_of_actin_cytoskeleton,
470,VIT_11s0016g00670,232,0.1132,AP2 domain-containing transcription factor,AP2_5,VvERF010,vv30008Ethylene_signaling,vv60003AP2_EREBP
471,VIT_08s0040g01610,231,0.1126,2-phosphoglycerate kinase,K05715,,vv10010Glycolysis,
472,VIT_09s0054g01290,230,0.1109,Beta-amyrin synthase,E5_4_99_BAS,,vv10900Terpenoid_biosynthesis,
473,VIT_01s0137g00360,228,0.1104,Transducin family protein / WD-40 repeat,,,,
474,VIT_19s0090g00790,224,0.1092,F-box family protein,,,,
475,VIT_07s0129g00180,224,0.1082,Ca2+-ATPase 2 ACA2  plasma membrane,K01537,,vv34020Calcium_signaling_pathway,vv50131Primary_active_transporter_cat_A2_to_A4
476,VIT_14s0128g00010,224,0.1081,No hit,,,,
477,VIT_17s0000g02410,224,0.1078,Cold-induced wall associated kinase,,,,
478,VIT_18s0122g01280,219,0.1061,Niemann-Pick C1 protein precursor,NPC1,,vv50121Porters_cat_1_to_6,
479,VIT_10s0116g00540,218,0.1057,Pentatricopeptide repeat-containing protein,,,,
480,VIT_14s0108g00370,216,0.1040,Leucine-rich repeat receptor-like protein kinase 1,,,,
481,VIT_11s0016g01680,213,0.1033,No hit,,,,
482,VIT_10s0003g04950,207,0.1001,Esterase/lipase/thioesterase,,,,
483,VIT_19s0014g02350,205,0.0997,Squamosa promoter-binding protein 4 (SPL4),SPL4_1,,vv60055SBP,
484,VIT_02s0087g00490,205,0.0991,10-deacetylbaccatin III 10-O-acetyltransferase,E2_3_1_167,,vv10904Diterpenoid_biosynthesis,
485,VIT_04s0079g00160,204,0.0982,Auxin response factor 8,ARF8_1,,vv30003Auxin_signaling,vv60004ARF
486,VIT_16s0098g01110,203,0.0981,GIF2 (GRF1- interacting  factor 2),GIF2,,vv60031GIF,
487,VIT_18s0001g10600,199,0.0971,Unknown,,,,
488,VIT_05s0049g00070,201,0.0966,PhSUP1 SUPERMAN,SUPERMAN_1,,vv30009Flower_development,vv60017C2H2
489,VIT_05s0136g00140,198,0.0964,AarF domain containing kinase,K08869,,,
490,VIT_18s0001g01320,197,0.0957,Wall-associated receptor kinase 5,,,,
491,VIT_12s0034g00250,196,0.0943,Aquaporin PIP1A,PIP1A,,vv50101Channels_and_pores,
492,VIT_18s0001g08870,194,0.0939,Unknown,,,,
493,VIT_03s0063g00550,192,0.0924,Fw2.2 ORFX,,,,
494,VIT_09s0002g06320,189,0.0917,R protein disease resistance protein,RPROT,,vv34627R_proteins_from_Plant-pathogen_interaction,
495,VIT_10s0003g05450,188,0.0909,Reticuline oxidase precursor,E1_21_3_3,,vv10950Alkaloid_biosynthesis_I,
496,VIT_06s0004g01500,186,0.0903,Lipoxygenase (LOX2),E1_13_11_12,,vv10592alpha-Linolenic_acid_metabolism,
497,VIT_05s0049g00430,186,0.0897,1-aminocyclopropane-1-carboxylate oxidase homolog 1,E1_14_17_4,,vv10640Propanoate_metabolism,vv30008Ethylene_signaling
498,VIT_09s0002g02080,184,0.0888,CYP90D2,K09589,,vv10905Brassinosteroid_biosynthesis,
499,VIT_01s0146g00480,184,0.0886,TIFY 9 (Jasmonate ZIM domain-containing protein 10),JAZ10,,vv30011Jasmonate_signaling,vv60069ZIM
500,VIT_06s0009g00190,182,0.0886,No hit,,,,
501,VIT_15s0048g02620,180,0.0876,Pentatricopeptide (PPR) repeat-containing protein,,,,
502,VIT_05s0077g01820,181,0.0873,Protein phosphatase 2C,E3_1_3_16,,,
503,VIT_06s0009g01280,180,0.0872,No hit,,,,
504,VIT_19s0015g00100,178,0.0853,CYP71D51v2,E1_14_13_73,,vv10902Monoterpenoid_biosynthesis,
505,VIT_17s0000g08830,173,0.0837,SOUL heme-binding,,,,
506,VIT_03s0091g00460,173,0.0833,Unknown protein,,,,
507,VIT_12s0142g00800,170,0.0822,Leucine-rich repeat protein kinase,,,,
508,VIT_11s0149g00040,170,0.0821,Adenylate kinase,E2_7_4_3,,vv10230Purine_metabolism,
509,VIT_06s0004g03620,170,0.0818,MAPK MPK13,MPK13,,,
510,VIT_02s0087g00950,170,0.0818,Pentatricopeptide repeat,,,,
511,VIT_05s0077g01740,171,0.0816,Polygalacturonase GH28,E3_2_1_15,,vv40006Cell_wall,
512,VIT_07s0031g01680,167,0.0813,CYP86A1,,,,
513,VIT_02s0087g00260,168,0.0812,RPD1 (root primordium defective 1),,,,
514,VIT_03s0097g00130,167,0.0805,Concanavalin A lectin,,,,
515,VIT_15s0024g00440,162,0.0788,R protein  PRF  disease resistance protein,K13453,,vv34627R_proteins_from_Plant-pathogen_interaction,
516,VIT_13s0067g02580,163,0.0786,R protein MLA10,K13475,,vv34627R_proteins_from_Plant-pathogen_interaction,
517,VIT_13s0019g01440,160,0.0776,No hit,,,,
518,VIT_00s0880g00010,161,0.0776,Basic helix-loop-helix (bHLH) family,BHLHDOM_95,,vv60011BHLH,
519,VIT_13s0019g01000,157,0.0764,Zinc finger (C3HC4-type ring finger),ZFC3HC4_231,,vv60078Other_zf-C3HC4,
520,VIT_14s0066g02150,157,0.0758,Acyltransferase,E2_3_1_x,,,
521,VIT_07s0104g00190,155,0.0744,7S globulin precursor  basic,,,,
522,VIT_00s0256g00020<br>VIT_00s0256g00010,152,0.0737,
523,VIT_14s0060g02340,152,0.0733,Heat shock protein 70,K03283,,vv23040Spliceosome,vv24141Protein_processing_in_endoplasmic_reticulum
524,VIT_01s0010g03730,151,0.0726,F-box domain containing protein,,,,
525,VIT_04s0008g00080,148,0.0718,No hit,,,,
526,VIT_08s0040g02250,148,0.0708,No hit,,,,
527,VIT_14s0060g00730,145,0.0701,Galactinol synthase,E2_4_1_123,,vv10052Galactose_metabolism,
528,VIT_14s0006g01020,144,0.0701,THO complex subunit 4,K12881,,vv23013RNA_transport,vv23015mRNA_surveillance_pathway
529,VIT_16s0022g01720,143,0.0689,Receptor kinase homolog LRK10,,,,
530,VIT_07s0205g00040,142,0.0686,Unknown protein,,,,
531,VIT_08s0007g06310,141,0.0683,Myb family,MYBGE_10,,vv60029G2-like,
532,VIT_07s0031g00790,141,0.0683,Steroid nuclear receptor  ligand-binding,,,,
533,VIT_01s0010g02570,140,0.0682,EMB2421 (embryo defective 2421) monooxygenase,,,,
534,VIT_18s0122g00440,140,0.0674,Elongation factor 1-alpha 3,K03231,,,
535,VIT_00s0411g00040,138,0.0671,Unknown,,,,
536,VIT_19s0090g00890,139,0.0668,No hit,,,,
537,VIT_04s0008g01250,137,0.0667,Unknown,,,,
538,VIT_03s0063g00370,138,0.0664,Nitrite reductase,E1_7_7_1,,vv10910Nitrogen_metabolism,
539,VIT_16s0039g01330,137,0.0662,Receptor kinase homolog LRK10,,,,
540,VIT_12s0028g02550,136,0.0657,Sodium/calcium exchanger family protein,NACAEX,,vv50123Porters_cat_18_to_29,
541,VIT_02s0025g03320,135,0.0655,CYP86A2,,,,
542,VIT_10s0092g00150,134,0.0648,Patatin protein 3,,,,
543,VIT_11s0016g03050,134,0.0648,MATE efflux family protein,MATE,,vv50125Porters_cat_66_to_94,
544,VIT_05s0077g02000,133,0.0643,Epoxide hydrolase,E3_3_2_10,,,
545,VIT_05s0051g00120,133,0.0640,N-6 Adenine-specific DNA methylase,E2_1_1_72,,vv10271Methionine_metabolism,
546,VIT_04s0023g01130,133,0.0639,E3 ubiquitin-protein ligase RNF5,K10666_155,,vv24141Protein_processing_in_endoplasmic_reticulum,vv60078Other_zf-C3HC4
547,VIT_15s0046g01960,130,0.0631,Hydroquinone glucosyltransferase,E2_4_1_218,,vv10500Starch_and_sucrose_metabolism,
548,VIT_04s0008g03950,130,0.0630,RD22,,,,
549,VIT_00s0183g00140,129,0.0622,NADP-dependent malic enzyme,E1_1_1_39,,vv10620Pyruvate_metabolism,vv10710Carbon_fixation
550,VIT_08s0007g01720,128,0.0619,Reticulon family protein (RTNLB12),,,,
551,VIT_18s0001g14520,127,0.0613,Unknown protein,,,,
552,VIT_07s0005g02020,127,0.0613,Sulfate adenylyltransferase,E2_7_7_4,,vv10230Purine_metabolism,vv10450Selenoamino_acid_metabolism
553,VIT_11s0149g00270,126,0.0611,Chitinase-3 protein 1 precursor,E3_2_1_14,,vv10530Aminosugars_metabolism,
554,VIT_17s0000g06060,125,0.0607,Transcription regulator/ zinc ion binding,,,,
555,VIT_01s0026g02240,124,0.0607,ANTR2 (anion transporter 2,ANTR2,,vv50121Porters_cat_1_to_6,
556,VIT_14s0066g00780,124,0.0602,Disease resistance protein (NBS-LRR class),,,,
557,VIT_06s0061g01390,124,0.0598,CBF transcription factor,CBF1_2,VvERF027,vv30008Ethylene_signaling,vv60003AP2_EREBP
558,VIT_15s0048g02420,120,0.0576,No hit,,,,
559,VIT_13s0019g02080,118,0.0572,DNA-binding protein,,,,
560,VIT_05s0077g02080,118,0.0571,Branched chain alpha-keto acid dehydrogenase E2 subunit (din3),E2_3_1_168,,vv10280Valine_leucine_and_isoleucine_degradation,
561,VIT_14s0219g00280,117,0.0569,Glycerol-3-phosphate dehydrogenase (NAD+),E1_1_1_8,,vv10564Glycerophospholipid_metabolism,
562,VIT_08s0040g01090,116,0.0562,No hit,,,,
563,VIT_19s0090g01050,116,0.0561,Endo-beta-1 4-glucanase,E3_2_1_4,,vv40006Cell_wall,
564,VIT_03s0038g01760,116,0.0558,Disease resistance protein (CC-NBS class),,,,
565,VIT_14s0219g00080,114,0.0557,Unknown protein,,,,
566,VIT_14s0006g01340,113,0.0549,Myb domain protein 113,MYB113_1,MYBA5,vv60044MYB,
567,VIT_11s0065g00740,113,0.0548,Anaphase-promoting complex subunit 8,K03355,,vv24120Ubiquitin_mediated_proteolysis,vv44110Cell_cycle
568,VIT_16s0098g00400,112,0.0546,Receptor serine/threonine kinase PR5K-l,,,,
569,VIT_03s0038g04100,112,0.0543,3-hydroxy-3-methylglutaryl-coenzyme A reductase 3,E1_1_1_34,,vv10100Biosynthesis_of_steroids,vv50121Porters_cat_1_to_6
570,VIT_09s0002g09020,111,0.0536,No hit,,,,
571,VIT_15s0046g00320,105,0.0510,Myc2 bHLH protein,MYC2_2,,vv30011Jasmonate_signaling,vv34626Plant-pathogen_interaction
572,VIT_18s0001g15140,105,0.0509,Unknown,,,,
573,VIT_10s0116g00670,105,0.0508,Pg4,,,,
574,VIT_11s0052g00350,104,0.0507,Receptor kinase TRKe,,,,
575,VIT_10s0597g00050,105,0.0506,Heat shock transcription factor B2A,HSFB2A_3,,vv60037HSF,
576,VIT_11s0037g00640,104,0.0503,No hit,,,,
577,VIT_18s0072g00230,103,0.0499,ATPase,,,,
578,VIT_17s0000g03930,102,0.0492,ferulate 5-hydroxylase,K09755,,vv10940Phenylpropanoid_biosynthesis,
579,VIT_03s0038g00070,101,0.0490,No hit,,,,
580,VIT_10s0003g00600,102,0.0488,Lipase GDSL,,,,
581,VIT_09s0018g01180,100,0.0487,TTL (transthyretin-like protein),TTRL,,vv50109Incompletely_characterized_transport_systems,
582,VIT_01s0011g01860,99,0.0477,No hit,,,,
583,VIT_04s0008g03730,99,0.0475,4-amino-4-deoxychorismate lyase,E4_1_3_38,,vv10790Folate_biosynthesis,
584,VIT_15s0046g03720,98,0.0471,Unknown,,,,
585,VIT_19s0014g05340,97,0.0469,No hit,,,,
586,VIT_11s0052g01780,97,0.0468,1-deoxy-D-xylulose-5-phosphate synthase,E2_2_1_7,,vv10100Biosynthesis_of_steroids,
587,VIT_04s0008g05760,96,0.0465,WRKY DNA-binding protein 18,WRKY18_2,VvWRKY08,vv60066WRKY,
588,VIT_14s0006g01400,96,0.0464,Calmodulin,K02183,,vv34020Calcium_signaling_pathway,vv34626Plant-pathogen_interaction
589,VIT_02s0087g00310,94,0.0454,No hit,,,,
590,VIT_13s0019g05230,93,0.0451,NAC domain-containing protein50,NAC050,VvNAC21,vv60046NAC,
591,VIT_07s0031g02630,93,0.0446,Aldehyde dehydrogenase,E1_2_1_3,vv10561Glycerolipid_metabolism,vv10010Glycolysis,vv10071Fatty_acid_metabolism
592,VIT_08s0007g03800,91,0.0441,Unknown protein,,,,
593,VIT_18s0001g11810,90,0.0437,BEL1 homeobox 2 protein (BLH2) (SAWTOOTH 1),BLH2_2,,vv60034HB,
594,VIT_10s0042g01060,89,0.0430,Unknown protein,,,,
595,VIT_01s0182g00130,88,0.0427,PHO1-like protein,PHO1,,vv50125Porters_cat_66_to_94,
596,VIT_07s0005g03280,88,0.0427,Transcription factor TSRF1,ERF1_3,VvERF103,vv30008Ethylene_signaling,vv30011Jasmonate_signaling
597,VIT_12s0059g02430,88,0.0426,Chloroplast envelope membrane protein [Vitis vinifera],CEMA,,vv50109Incompletely_characterized_transport_systems,
598,VIT_05s0051g00680,86,0.0417,Unknown protein,,,,
599,VIT_15s0046g03410,86,0.0416,L-asparaginase,E3_5_1_1,,vv10252Alanine_and_aspartate_metabolism,vv10910Nitrogen_metabolism
600,VIT_14s0066g00810,86,0.0415,Raffinose synthase,E2_4_1_82,,vv10052Galactose_metabolism,
601,VIT_03s0180g00200,84,0.0408,Limonoid UDP-glucosyltransferase,E2_4_1_120,,vv10940Phenylpropanoid_biosynthesis,
602,VIT_16s0022g00830,83,0.0400,Pectin methylesterase inhibitor,PMEI,,vv40006Cell_wall,
603,VIT_09s0002g05370,83,0.0399,ABC transporter g family pleiotropic drug resistance 12 PDR12,ABCGPDR12,,vv52010ABC_transporters,
604,VIT_10s0003g02990,82,0.0399,Signal peptidase I,K09647,,vv23060Protein_export,vv50132Primary_active_transporter_cat_A5_to_A8
605,VIT_18s0001g13330,82,0.0399,Purple acid phosphatase 32- ATPAP32/PAP32,E3_1_3_2,,vv10740Riboflavin_metabolism,
606,VIT_13s0067g03100,83,0.0399,Lung seven transmembrane receptor,,,,
607,VIT_00s0398g00060,82,0.0397,Protein kinase,,,,
608,VIT_00s0375g00060,82,0.0395,Ent-kaurene synthase,E5_5_1_13,,vv10904Diterpenoid_biosynthesis,
609,VIT_13s0084g00270,81,0.0394,Unknown protein,,,,
610,VIT_17s0000g07210,81,0.0389,flavonoid 3'-hydroxylase [Vitis vinifera],E1_14_13_21,,vv10941Flavonoid_biosynthesis,
611,VIT_18s0001g10700,80,0.0389,Protein phosphatase 2C / PP2C,E3_1_3_16,,,
612,VIT_01s0011g00750,81,0.0388,Glycosyl hydrolase family 1,,,,
613,VIT_10s0092g00430,80,0.0385,No hit,,,,
614,VIT_00s0214g00060,79,0.0382,F-box protein PP2-B2,,,,
615,VIT_09s0002g03130,79,0.0382,FRK1 (FLG22-induced receptor-like kinase 1),FRK1,,vv34626Plant-pathogen_interaction,
616,VIT_03s0132g00100,79,0.0381,ATHVA22A (Arabidopsis thaliana HVA22 homologue A),HVA22A,,vv30001ABA_signaling,
617,VIT_08s0007g02890,77,0.0373,Unknown protein,,,,
618,VIT_12s0035g00150,77,0.0372,Leucine Rich Repeat receptor-like kinase,,,,
619,VIT_04s0069g00540,76,0.0370,Glutamate receptor protein,GLR2_7,,vv50101Channels_and_pores,
620,VIT_19s0014g01770,76,0.0366,Glutamate receptor protein,GLR2_7,,vv50101Channels_and_pores,
621,VIT_00s0286g00140<br>VIT_00s0484g00010<br>VIT_00s2549g00010,75,0.0365,
622,VIT_00s0267g00050,72,0.0348,No hit,,,,
623,VIT_02s0012g00880,71,0.0345,AT-hook DNA-binding protein,,,,
624,VIT_02s0025g02970,71,0.0345,flavanone 3-beta-hydroxylase,E1_14_11_9,,vv10941Flavonoid_biosynthesis,
625,VIT_16s0013g01310,71,0.0344,Receptor kinase homolog LRK10,,,,
626,VIT_12s0028g00380,71,0.0342,DTDP-glucose 4-6-dehydratase,E4_2_1_46,,vv10520Nucleotide_sugars_metabolism,
627,VIT_01s0127g00110,71,0.0342,No hit,,,,
628,VIT_10s0003g01270,67,0.0325,WAVE1 (WASP (Wiskott-Aldrich syndrome protein),K05753,,vv44810Regulation_of_actin_cytoskeleton,
629,VIT_01s0137g00410,67,0.0323,CYP86A2,,,,
630,VIT_06s0004g06730,66,0.0317,Microsomal omega-3 fatty acid desaturase,K10257,,vv11040Biosynthesis_of_unsaturated_fatty_acids,
631,VIT_07s0005g06060,65,0.0313,Pore-forming toxin-like protein Hfr-2,HFR2,,vv50101Channels_and_pores,
632,VIT_16s0039g00900,63,0.0306,CYP89A28,,,,
633,VIT_03s0038g00710,61,0.0296,Unknown,,,,
634,VIT_14s0006g00300,61,0.0296,Nudix hydrolase 18,,,,
635,VIT_01s0011g05200,60,0.0290,Phosphoethanolamine N-methyltransferase 1,E2_1_1_103,,vv10564Glycerophospholipid_metabolism,
636,VIT_08s0032g00690,58,0.0285,R R)-butanediol dehydrogenase,E1_1_1_4,,vv10650Butanoate_metabolism,
637,VIT_11s0016g02120,57,0.0276,Density-regulated protein DRP1,,,,
638,VIT_18s0001g08110,56,0.0272,Glutamyl-tRNA reductase  chloroplast precursor,E1_2_1_70,,vv10860Porphyrin_and_chlorophyll_metabolism,
639,VIT_05s0029g01490,56,0.0269,Ankyrin repeat,K10380,,vv50108Accessory_factors_involved_in_transport,
640,VIT_08s0105g00300,54,0.0261,Phospholipase C,E3_1_4_3,,vv10260Glycine_serine_and_threonine_metabolism,vv10562Inositol_phosphate_metabolism
641,VIT_09s0054g01160,54,0.0261,Beta-amyrin synthase,E5_4_99_BAS,,vv10900Terpenoid_biosynthesis,
642,VIT_16s0098g00660,54,0.0260,Unknown protein,,,,
643,VIT_01s0010g02760,52,0.0251,Urease,E3_5_1_5,,vv10220Urea_cycle_and_metabolism_of_amino_groups,
644,VIT_09s0002g08810<br>VIT_09s0002g08700<br>VIT_09s0002g08760,52,0.0251,
645,VIT_03s0180g00170,50,0.0242,Reticulon-like protein B11 RTNLB11,,,,
646,VIT_07s0255g00090,50,0.0242,CYP82C1p,,,,
647,VIT_19s0090g01260,49,0.0238,PHD finger transcription factor,PHDFG_8,,vv60048PHD,
648,VIT_10s0003g00990,49,0.0237,Pyruvate decarboxylase isozyme 2,E4_1_1_1,,vv10010Glycolysis,
649,VIT_06s0004g02280,49,0.0237,Translocation protein SEC62,K12275,,vv23060Protein_export,vv24141Protein_processing_in_endoplasmic_reticulum
650,VIT_08s0040g01600,47,0.0228,TCP family transcription factor TCP11,TCP11,,vv60061TCP,
651,VIT_13s0019g00350,47,0.0228,ARF GTPase activator  ARF-GAP Domain 13,AGD13,,vv50110Protein_coat,
652,VIT_04s0008g05550,47,0.0228,SHR5-receptor-like kinase,,,,
653,VIT_04s0023g01860,47,0.0227,Sugar transporter ERD6-like 6,ERD6L6,,vv50121Porters_cat_1_to_6,
654,VIT_18s0001g02810,46,0.0224,Acyl-CoA synthetase long-chain member 9,E6_2_1_3_LACS9,,vv10071Fatty_acid_metabolism,vv44146Peroxisome
655,VIT_04s0023g03200,46,0.0223,Peptide methionine sulfoxide reductase,E1_8_4_12,,vv10240Pyrimidine_metabolism,
656,VIT_15s0046g02060,46,0.0223,ATRAD3 (Arabidopsis thaliana Ras Associated with Diabetes protein 3,,,,
657,VIT_11s0149g00150,45,0.0218,No hit,,,,
658,VIT_14s0006g02550,45,0.0217,Non-specific lipid-transfer protein 2 (LTP 2),,,,
659,VIT_11s0103g00110,45,0.0216,Photosystem II protein D2,K02706,,vv10195Photosynthesis,vv50135Primary_active_transporter_cat_D3_to_E2
660,VIT_08s0040g01500,42,0.0204,High-affinity nitrate transporter 2.4,NRT2_4,,vv50121Porters_cat_1_to_6,
661,VIT_17s0000g02260,41,0.0199,Aldose 1-epimerase,E5_1_3_3,,vv10010Glycolysis,
662,VIT_08s0007g02740,41,0.0199,IAA-amino acid hydrolase 1 (ILR1),K01463,,vv11002Auxin_biosynthesis,
663,VIT_19s0014g01780,41,0.0198,BZIP transcription factor,BZIPDOM_14,VvbZIP52,vv60012BZIP,
664,VIT_05s0029g01540,40,0.0195,Ankyrin repeat,K10380,,vv50108Accessory_factors_involved_in_transport,
665,VIT_12s0028g04030,40,0.0192,Ankyrin repeat,K10380,,vv50108Accessory_factors_involved_in_transport,
666,VIT_01s0113g00440,40,0.0191,Midasin-related,K14572,,vv23008Ribosome_biogenesis_in_Eukaryotes,
667,VIT_09s0054g01480,39,0.0190,Beta-amyrin synthase,E5_4_99_BAS,,vv10900Terpenoid_biosynthesis,
668,VIT_02s0234g00130,38,0.0186,Ethylene responsive element binding factor 1,ERF1_9,VvERF076,vv30008Ethylene_signaling,vv30011Jasmonate_signaling
669,VIT_03s0017g01310,38,0.0184,Ribosomal protein S17 (RPS17D) 40S,K02962,,vv23010Ribosome,
670,VIT_11s0052g00410,38,0.0183,Allyl alcohol dehydrogenase,,,,
671,VIT_16s0098g01050,37,0.0180,RNA binding / nucleic acid binding / nucleotide binding [Arabidopsis thaliana],,,,
672,VIT_04s0044g00620,37,0.0179,Scarecrow gene regulator-like,SCLF_1,,vv60032GRAS,
673,VIT_14s0060g02230,37,0.0178,No hit,,,,
674,VIT_15s0021g02240,36,0.0175,3-hydroxyisobutyryl-CoA hydrolase,E3_1_2_4,,vv10280Valine_leucine_and_isoleucine_degradation,vv10410Beta-alanine_metabolism
675,VIT_11s0016g04840,36,0.0175,Avr9/Cf-9 rapidly elicited protein 11,,,,
676,VIT_12s0057g00970,36,0.0174,Pentatricopeptide (PPR) repeat-containing,,,,
677,VIT_14s0006g02490,36,0.0173,ATP binding protein,,,,
678,VIT_16s0022g01710,36,0.0173,Ser/Thr receptor-like kinase1,,,,
679,VIT_07s0141g00930,35,0.0170,33 kDa secretory protein,,,,
680,VIT_19s0090g01020,35,0.0170,Molybdopterin biosynthesis protein CNX5,K11996,,vv10790Folate_biosynthesis,vv24122Sulfur_relay_system
681,VIT_11s0016g02250,35,0.0169,Unknown protein,,,,
682,VIT_14s0060g01010,34,0.0165,Basic helix-loop-helix (bHLH) family,BHLHDOM_14,,vv60011BHLH,
683,VIT_12s0059g02040,34,0.0164,Unknown,,,,
684,VIT_01s0010g00710,33,0.0160,Armadillo/beta-catenin repeat protein / U-box domain-containing protein ,,,,
685,VIT_00s0227g00180<br>VIT_00s0582g00020,33,0.0160,
686,VIT_08s0007g06080,33,0.0160,Beta 1-3 glucanase [Vitis vinifera],E3_2_1_6,,,
687,VIT_16s0050g01950,33,0.0160,Disease resistance family protein / LRR family,,,,
688,VIT_14s0060g02330,33,0.0160,Actin binding formin homology 1,FH2,,vv44810Regulation_of_actin_cytoskeleton,
689,VIT_13s0073g00140,33,0.0159,Ovate family protein 13 OFP13,OFP13_2,,vv60086OFP,
690,VIT_15s0046g00080,32,0.0155,Yippee,,,,
691,VIT_06s0009g01120,32,0.0155,Pentatricopeptide (PPR) repeat,,,,
692,VIT_09s0018g01120<br>VIT_09s0018g01020,32,0.0155,
693,VIT_12s0059g00590,32,0.0155,Allergenic protein Pt2L4,,,,
694,VIT_06s0004g06070,32,0.0154,Unknown protein,,,,
695,VIT_04s0008g00840,31,0.0150,Ser/Thr specific protein phosphatase 2A B regulatory subunit beta isoform,K04354,,vv23015mRNA_surveillance_pathway,vv34020Calcium_signaling_pathway
696,VIT_12s0059g00760,31,0.0150,Adenosine 5' phosphosulfate reductase,E1_8_4_9,,vv10920Sulfur_metabolism,
697,VIT_00s0215g00100,31,0.0150,RHO-related protein from plants 2 ROP2,ROP2,,,
698,VIT_09s0002g03000,30,0.0145,Leucine-rich repeat protein kinase,,,,
699,VIT_12s0035g00530,30,0.0145,Unknown protein,,,,
700,VIT_03s0063g01040,29,0.0141,Peroxidase,E1_11_1_7,,vv10360Phenylalanine_metabolism,vv10680Methane_metabolism
701,VIT_14s0083g00630,29,0.0141,F-box domain containing protein,,,,
702,VIT_14s0006g00580,29,0.0140,Zinc finger (DHHC type),,,,
703,VIT_02s0025g02610,29,0.0140,Basic helix-loop-helix (bHLH) family,BHLHDOM_48,,vv60011BHLH,
704,VIT_16s0050g00720,28,0.0136,Ubiquitin-protein ligase ASK21,ASK21,,vv30003Auxin_signaling,
705,VIT_12s0142g00780,28,0.0136,Leucine-rich repeat transmembrane protein kinase,,,,
706,VIT_17s0000g07680,28,0.0135,Alpha-N-acetylglucosaminidase,E3_2_1_50,,vv10511N-Glycan_degradation,
707,VIT_02s0033g01210,28,0.0135,Cyclops,,,,
708,VIT_14s0066g00210,27,0.0131,Unknown protein,,,,
709,VIT_02s0012g00400,27,0.0131,1-aminocyclopropane-1-carboxylate oxidase,E1_14_17_4,,vv10640Propanoate_metabolism,vv30008Ethylene_signaling
710,VIT_06s0061g00160,27,0.0131,Unknown protein,,,,
711,VIT_14s0060g02470,27,0.0130,Unknown,,,,
712,VIT_18s0001g14760,26,0.0126,Lipase 3 (EXL3) family II extracellular,,,,
713,VIT_14s0068g02140,26,0.0126,SWIB complex BAF60b domain-containing protein,SWIB_9,,vv60092SWIB,
714,VIT_16s0098g00670,26,0.0126,Ribonuclease P/MRP protein subunit POP5,K03537,,vv23008Ribosome_biogenesis_in_Eukaryotes,vv23013RNA_transport
715,VIT_11s0206g00180,26,0.0126,Unknown,,,,
716,VIT_01s0026g01860,26,0.0125,MAIGO 1 MAG1,,,,
717,VIT_01s0010g03560,26,0.0125,CYP78A5,,,,
718,VIT_08s0032g00740,26,0.0125,Pentatricopeptide (PPR) repeat-containing,,,,
719,VIT_01s0010g00400,25,0.0121,WD-40 repeat protein,,,,
720,VIT_17s0000g05960,25,0.0121,Pectinesterase family,E3_1_1_11,,vv40006Cell_wall,
721,VIT_12s0028g03600,25,0.0121,Unknown protein,,,,
722,VIT_19s0015g00080,25,0.0121,CyP71D11,E1_14_13_73,,vv10902Monoterpenoid_biosynthesis,
723,VIT_10s0116g01210,25,0.0121,Aspartyl protease,E3_4_23_40,,,
724,VIT_14s0083g00650,24,0.0116,No hit,,,,
725,VIT_15s0021g01840,23,0.0112,Cationic amino acid transporter 9,CAT9,,vv50121Porters_cat_1_to_6,
726,VIT_04s0044g00970,23,0.0112,Unknown protein,,,,
727,VIT_14s0006g01570,23,0.0111,DegP protease,E3_4_21_107,,,
728,VIT_08s0007g00960,23,0.0111,Wall-associated receptor kinase-like 20,,,,
729,VIT_14s0030g00350,22,0.0107,RKF3 (receptor-like kinase IN in flowers 3),RKF3,,vv60042MADS,
730,VIT_12s0059g00190,22,0.0107,Beta-expansin (EXPB3),EXPB3,,vv30003Auxin_signaling,
731,VIT_17s0000g09020,22,0.0106,No hit,,,,
732,VIT_09s0002g06730,22,0.0106,Longin,,,,
733,VIT_12s0059g00120,22,0.0106,Ankyrin repeat,K10380,,vv50108Accessory_factors_involved_in_transport,
734,VIT_14s0006g02570,22,0.0106,Protease inhibitor/seed storage/lipid transfer protein (LTP),,,,
735,VIT_06s0061g01180,21,0.0102,PHD finger transcription factor,DDTPHD_1,,vv60025DDT,
736,VIT_14s0030g01980,21,0.0102,Auxin-induced protein PCNT115,AUXREG,,vv30003Auxin_signaling,
737,VIT_18s0072g00890,21,0.0102,Leucine-rich repeat protein kinase,,,,
738,VIT_11s0016g04420,21,0.0102,DnaJ homolog  subfamily C  member 13,K09533,,vv50132Primary_active_transporter_cat_A5_to_A8,
739,VIT_00s0214g00020,21,0.0102,TORMOZembryo defective UTP13,K14555,,vv23008Ribosome_biogenesis_in_Eukaryotes,
740,VIT_04s0008g02610,21,0.0101,FPF1 (flowering promoting factor 1),FPF1,,vv30009Flower_development,
741,VIT_10s0116g00910,21,0.0101,CERK1 (chitin elicitor receptor kinase 1),K13429,,vv34626Plant-pathogen_interaction,
742,VIT_00s2379g00010,21,0.0101,Pentatricopeptide (PPR) repeat-containing protein,,,,
743,VIT_14s0006g02750,20,0.0096,Peptidyl-tRNA hydrolase,E3_1_1_29,,,
744,VIT_05s0077g02300,20,0.0096,UDP-glucuronic acid decarboxylase 2,E4_1_1_35,,vv10500Starch_and_sucrose_metabolism,vv10520Nucleotide_sugars_metabolism
745,VIT_09s0002g06990,19,0.0092,Phosphatidic acid phosphatase / PAP2,E3_1_3_4,,vv10561Glycerolipid_metabolism,vv10564Glycerophospholipid_metabolism
746,VIT_09s0054g00510,19,0.0092,No hit,,,,
747,VIT_08s0032g00240,19,0.0092,CYP71A22,E1_14_13_73,,vv10902Monoterpenoid_biosynthesis,
748,VIT_00s0131g00420,19,0.0092,Isoamylase isoform 3,E2_4_1_18,,vv10500Starch_and_sucrose_metabolism,
749,VIT_18s0086g00180,18,0.0088,MATE efflux family protein,MATE,,vv50125Porters_cat_66_to_94,
750,VIT_11s0016g01280,18,0.0088,DNA-directed RNA polymerase III subunit C4,K03026,,vv23020RNA_polymerase,
751,VIT_13s0047g00010,18,0.0087,ZIFL2 (zinc induced facilitator-like 1),ZIFL1,,vv50121Porters_cat_1_to_6,
752,VIT_13s0067g02710,18,0.0087,Unknown protein,,,,
753,VIT_01s0244g00020,18,0.0087,TRNA nucleotidyltransferase (CCA-adding enzyme),K00974,,vv23013RNA_transport,
754,VIT_08s0007g07130,18,0.0087,Pre-rRNA processing protein RRP5,,,,
755,VIT_00s0878g00020,17,0.0083,Stachyose synthase precursor,E2_4_1_67,,vv10052Galactose_metabolism,
756,VIT_13s0064g01210,17,0.0082,Zf A20 and AN1 domain-containing stress-associated protein 2,SAP2_5,,vv60077Other_zf-AN1,
757,VIT_02s0012g02400,16,0.0078,No hit,,,,
758,VIT_19s0014g01970,16,0.0077,flavonol 3-O-glucosyltransferase,E2_4_1_91,,vv10941Flavonoid_biosynthesis,
759,VIT_00s0228g00070<br>VIT_00s0228g00010<br>VIT_00s0411g00050,16,0.0077,
760,VIT_10s0116g01760,16,0.0077,Myb caprice CPC,CAPRICE_2,,vv60045MYBrelated,
761,VIT_07s0031g00880,16,0.0077,Nodulation protein,,,,
762,VIT_18s0001g09700,16,0.0077,F-box protein GID2,,,,
763,VIT_05s0029g01420,16,0.0077,Ankyrin repeat,K10380,,vv50108Accessory_factors_involved_in_transport,
764,VIT_03s0132g00050,15,0.0073,ATHVA22A (Arabidopsis thaliana HVA22 homologue A),HVA22A,,vv30001ABA_signaling,
765,VIT_04s0079g00790,15,0.0073,Acyl-CoA synthetases (Acyl-activating enzyme 11),E6_2_1_3,,vv10071Fatty_acid_metabolism,vv50104Group_translocators
766,VIT_12s0059g00980,15,0.0073,Cellulose synthase CSLB04,E2_4_1_12_CSLB04,,vv40006Cell_wall,
767,VIT_01s0011g03370,15,0.0073,Agenet domain-containing protein,,,,
768,VIT_19s0014g02890,15,0.0073,Thioredoxin M-type 2,,,,
769,VIT_00s0218g00220,15,0.0073,UDP-glucoronosyl/UDP-glucosyl transferase,,,,
770,VIT_04s0008g05520,15,0.0073,Unknown protein,,,,
771,VIT_11s0037g00890,15,0.0072,Glutamine amidotransferase class-I domain-containing protein,K08681,,vv10750Vitamin_B6_metabolism,
772,VIT_19s0027g01150,15,0.0072,Phenylalanine-tRNA synthetase,E6_1_1_20,,vv10400Phenylalanine_tyrosine_and_tryptophan_biosynthesis,vv20970Aminoacyl-tRNA_biosynthesis
773,VIT_04s0008g02530,15,0.0072,ATP binding protein,,,,
774,VIT_01s0011g05130,15,0.0072,Bet v I allergen,,,,
775,VIT_14s0006g00570,15,0.0072,Unknown protein,,,,
776,VIT_05s0029g00480,14,0.0068,Eceriferum 2 (CER2),,,,
777,VIT_18s0001g06920,14,0.0068,TRNA-guanine transglycosylase,E2_4_2_29,,vv10230Purine_metabolism,
778,VIT_00s0262g00010,14,0.0068,Receptor kinase RK20-1,,,,
779,VIT_13s0019g02700,14,0.0068,MEE60 (maternal effect embryo arrest 60),,,,
780,VIT_09s0002g02250,14,0.0067,Pentatricopeptide (PPR) repeat-containing protein,,,,
781,VIT_05s0077g00740,13,0.0063,Prefoldin subunit 3,,,,
782,VIT_05s0020g04540,13,0.0063,Beta-ketoacyl-CoA synthase,E2_3_1_41,,vv10061Fatty_acid_biosynthesis,
783,VIT_15s0046g01790,13,0.0063,ARID/BRIGHT DNA-binding domain-containing protein / ELM2,ARID_4,,vv60005ARID,
784,VIT_04s0044g00380,13,0.0063,Nodulin MtN21 family,MTN21,,vv50122Porters_cat_7_to_17,
785,VIT_04s0008g06960,13,0.0063,No hit,,,,
786,VIT_12s0059g02650,13,0.0063,Basic helix-loop-helix ILR3,ILR3_2,,vv11002Auxin_biosynthesis,vv60011BHLH
787,VIT_08s0007g04430,13,0.0063,Low expression of osmotically responsive genes 1,LOS4,,vv50133Primary_active_transporter_cat_A9_to_A18,
788,VIT_14s0066g01000,13,0.0063,Phosphate/phosphoenolpyruvate translocator,PPTLREL,,vv50122Porters_cat_7_to_17,
789,VIT_18s0072g00580<br>VIT_11s0065g00040,13,0.0063,
790,VIT_19s0014g02220,13,0.0063,Pentatricopeptide (PPR) repeat-containing protein,,,,
791,VIT_18s0001g05800,12,0.0058,Dehydration-responsive protein,,,,
792,VIT_05s0124g00190,12,0.0058,C2 domain-containing protein,,,,
793,VIT_03s0038g04690,12,0.0058,Isoflavone reductase protein 6,E1_3_1_45,,vv10943Isoflavonoid_biosynthesis,
794,VIT_04s0008g05570,12,0.0058,UDP-glucuronic acid/UDP-N-acetylgalactosamine transporter,UDPGLUCUTR,,vv50122Porters_cat_7_to_17,
795,VIT_14s0060g02690,12,0.0058,Germin-like protein 3 [Vitis vinifera],,,,
796,VIT_16s0039g01150<br>VIT_00s0258g00070<br>VIT_00s0258g00060<br>VIT_00s0425g00020<br>VIT_16s0148g00150,12,0.0058,
797,VIT_04s0008g02230,12,0.0058,AP2 domain-containing transcription factor ORA47,ORA47,VvERF011,vv30008Ethylene_signaling,vv60003AP2_EREBP
798,VIT_01s0011g04630,12,0.0058,Ribose 5-phosphate isomerase,E5_3_1_6,,vv10030Pentose_phosphate,vv10710Carbon_fixation
799,VIT_01s0150g00550,12,0.0058,Histone-lysine N-methyltransferase ASHR2,E2_1_1_43ASHR2_1,,vv10300Lysine_biosynthesis,vv60056SET_PCG
800,VIT_11s0052g00400,12,0.0058,DC2 protein,,,,
801,VIT_01s0010g02880,12,0.0058,AAA-type ATPase,,,,
802,VIT_09s0002g04540,12,0.0058,RNA polymerase beta'',K03046,,vv23020RNA_polymerase,
803,VIT_18s0041g00700,12,0.0058,NAC domain containing protein 90,NAC090_2,VvNAC46,vv60046NAC,
804,VIT_07s0031g02730,12,0.0057,Reticulon-like protein B1 RTNLB1,,,,
805,VIT_12s0028g01850,11,0.0053,Receptor kinase TRKe,,,,
806,VIT_17s0000g02480,11,0.0053,Calcium-binding protein,,,,
807,VIT_16s0050g01210,11,0.0053,Unknown,,,,
808,VIT_04s0023g02530,11,0.0053,Non-intrinsic ABC protein 12,K05679,,vv52010ABC_transporters,
809,VIT_14s0030g00010,11,0.0053,Unknown protein,,,,
810,VIT_01s0011g02330,11,0.0053,Unknown protein,,,,
811,VIT_00s0194g00070,10,0.0048,Constans-like 10,COL10_1,,vv30009Flower_development,vv34710Circadian_rhythm
812,VIT_00s1603g00010,10,0.0048,RAB GTPase RAB1A,K07976,,,
813,VIT_05s0020g04360,10,0.0048,Ca2+-ATPase 13 ACA13  plasma membrane,K01537,,vv34020Calcium_signaling_pathway,vv50131Primary_active_transporter_cat_A2_to_A4
814,VIT_12s0035g00070,10,0.0048,Leucine Rich Repeat receptor-like kinase,,,,
815,VIT_00s0282g00050,10,0.0048,Separase,K02365,,,
816,VIT_08s0007g05110,10,0.0048,No hit,,,,
817,VIT_01s0127g00720,10,0.0048,Carbonic anhydrase  beta,E4_2_1_1,,vv10910Nitrogen_metabolism,vv50124Porters_cat_30_to_64
818,VIT_13s0019g02880,10,0.0048,UDP-glucoronosyl/UDP-glucosyl transferase,,,,
819,VIT_18s0001g03240,10,0.0048,DREB sub A-5 of ERF/AP2 transcription factor,ERF012,VvERF008,vv30008Ethylene_signaling,vv60003AP2_EREBP
820,VIT_19s0090g00800,9,0.0044,F-box protein,,,,
821,VIT_11s0118g00350,9,0.0044,Vacuolar pyrophosphatase,K01507,,vv10190Oxidative_phosphorylation,vv50133Primary_active_transporter_cat_A9_to_A18
822,VIT_18s0001g07070,9,0.0044,Phosphoenolpyruvate carboxylase kinase 2 (PEPKR2),E4_1_1_49,,vv10020Citrate_cycle,vv10620Pyruvate_metabolism
823,VIT_17s0000g01950,9,0.0044,Dihydropyrimidine dehydrogenase,E1_3_1_2,,vv10410Beta-alanine_metabolism,vv10770Pantothenate_and_CoA_biosynthesis
824,VIT_18s0117g00020,9,0.0044,R protein L6,K13477,,vv34627R_proteins_from_Plant-pathogen_interaction,
825,VIT_19s0135g00250,9,0.0044,Ankyrin repeat protein,K10380,,vv50108Accessory_factors_involved_in_transport,
826,VIT_00s0238g00110,9,0.0044,HAT dimerisation domain-containing protein,,,,
827,VIT_10s0071g00680,9,0.0044,Cell division cycle protein 48,K13525,,vv24141Protein_processing_in_endoplasmic_reticulum,vv44110Cell_cycle
828,VIT_11s0118g00030,9,0.0044,Exostosin family protein,K02366,,vv11030Glycan_structures-biosynthesis1,
829,VIT_14s0030g01650,9,0.0043,Unknown protein,,,,
830,VIT_01s0010g02030,9,0.0043,Gamma-thionin precursor,,,,
831,VIT_14s0068g00860,9,0.0043,Ethylene-responsive transcription factor Leafy petiole,ERF085,VvERF070,vv30008Ethylene_signaling,vv60003AP2_EREBP
832,VIT_01s0010g02220,9,0.0043,Zinc finger (C3HC4-type ring finger),ZFC3HC4_200,,vv60078Other_zf-C3HC4,
833,VIT_04s0210g00060,9,0.0043,Mucin-like protein,K06568,,,
834,VIT_19s0090g00660,9,0.0043,Lipase GDSL,,,,
835,VIT_15s0021g01230,7,0.0034,Glutaminyl-tRNA synthetase,E6_1_1_18,,vv10251Glutamate_metabolism,vv20970Aminoacyl-tRNA_biosynthesis
836,VIT_09s0054g01390,7,0.0034,Beta-amyrin synthase,E5_4_99_BAS,,vv10900Terpenoid_biosynthesis,
837,VIT_11s0052g01640,7,0.0034,flavonol 3-O-glucosyltransferase,E2_4_1_91,,vv10941Flavonoid_biosynthesis,
838,VIT_00s0265g00030,7,0.0034,Deoxyoctulonosic acid synthetase,E2_7_7_38,,vv10540Lipopolysaccharide_biosynthesis,
839,VIT_12s0035g01480,7,0.0034,No hit,,,,
840,VIT_11s0103g00570,7,0.0034,Microtubule-associated protein Rab GTPase,MAPRAB,,vv44810Regulation_of_actin_cytoskeleton,
841,VIT_05s0077g00220,7,0.0034,Expansin A4,EXPA4,,vv30003Auxin_signaling,
842,VIT_11s0016g00580,7,0.0034,Unknown,,,,
843,VIT_07s0005g04760,7,0.0034,PfkB-type carbohydrate kinase,,,,
844,VIT_03s0017g01240,7,0.0034,2-nitropropane dioxygenase,E1_13_11_32,,vv10910Nitrogen_metabolism,
845,VIT_08s0040g01040,7,0.0034,Serine carboxypeptidase II,,,,
846,VIT_11s0016g02490,7,0.0034,Ndr family protein,,,,
847,VIT_14s0068g00330,7,0.0034,PTF1 (plastid transcription factor 1) TCP13,PTF1,,vv60061TCP,
848,VIT_13s0019g02810,7,0.0034,Glucuronosyl transferase,E2_4_1_17,,vv10040Pentose_glucuronate_interconversion,vv10500Starch_and_sucrose_metabolism
849,VIT_19s0015g01190,6,0.0029,Ubiquitin-conjugating enzyme E2 D/E,K06689,,vv24120Ubiquitin_mediated_proteolysis,vv24141Protein_processing_in_endoplasmic_reticulum
850,VIT_00s0397g00050,6,0.0029,Disease resistance family protein,,,,
851,VIT_16s0022g02280,6,0.0029,Receptor protein kinase PERK1,,,,
852,VIT_05s0102g00720,6,0.0029,Unknown protein,,,,
853,VIT_19s0014g01840,6,0.0029,Argonaute1-1,,,,
854,VIT_15s0048g01830,6,0.0029,Pentatricopeptide (PPR) repeat-containing,,,,
855,VIT_09s0018g00820,6,0.0029,Photosystem I assembly protein Ycf3,,,,
856,VIT_07s0031g00870,6,0.0029,Patatin,,,,
857,VIT_12s0028g01200,6,0.0029,Zinc finger (C3HC4-type ring finger),ZFC3HC4_37,,vv60078Other_zf-C3HC4,
858,VIT_00s0301g00060,6,0.0029,No hit,,,,
859,VIT_03s0063g00880,6,0.0029,Calmodulin-binding protein,,,,
860,VIT_02s0025g00690,6,0.0029,Calcium-dependent protein kinase 6 CDPK6,CDPK6,,vv34626Plant-pathogen_interaction,
861,VIT_02s0025g04940,6,0.0029,Carboxyl-terminal peptidase,,,,
862,VIT_19s0014g00920,6,0.0029,R protein MLA10,K13475,,vv34627R_proteins_from_Plant-pathogen_interaction,
863,VIT_04s0008g01050,6,0.0029,Unknown,,,,
864,VIT_16s0022g02440,6,0.0029,Carboxyesterase 20 CXE20,E3_1_1_1,,,
865,VIT_17s0000g09230,6,0.0029,Leucine-rich repeat family protein,,,,
866,VIT_08s0040g03400,6,0.0029,Short-chain dehydrogenase/reductase,,,,
867,VIT_04s0008g03600,6,0.0029,Tocopherol cyclase,K09834,,vv10100Biosynthesis_of_steroids,
868,VIT_13s0064g01850,6,0.0029,R protein MLA10,K13475,,vv34627R_proteins_from_Plant-pathogen_interaction,
869,VIT_19s0027g00240,6,0.0029,Unknown protein,,,,
870,VIT_05s0062g01340,6,0.0029,Unknown protein,,,,
871,VIT_12s0034g01730,6,0.0029,No hit,,,,
872,VIT_01s0011g01380,6,0.0029,Thioredoxin O1 ATO1,,,,
873,VIT_17s0000g00600,6,0.0029,GCN5 N-acetyltransferase (GNAT),GCN5_1,,vv60082GNAT,
874,VIT_02s0025g03280,6,0.0029,Aminopeptidase N,E3_4_11_2,,vv10480Glutathione_metabolism,
875,VIT_03s0038g03610,6,0.0029,Unknown protein,,,,
876,VIT_05s0020g04440,6,0.0029,Unknown protein,,,,
877,VIT_14s0219g00140,6,0.0029,ATP synthase mitochondrial F1 complex assembly factor 2,K07556,,,
878,VIT_18s0001g03400,6,0.0029,Nematode resistance-like protein,,,,
879,VIT_05s0124g00280,6,0.0029,Anthocyanin membrane protein 1,ANM1,,vv50122Porters_cat_7_to_17,
880,VIT_17s0000g00130,6,0.0029,SEC14 cytosolic factor,SEC14,,vv50122Porters_cat_7_to_17,
881,VIT_04s0008g06300,6,0.0029,Leucine-rich repeat family,,,,
882,VIT_12s0059g00140,6,0.0029,Ankyrin repeat protein,,,,
883,VIT_05s0077g01480,6,0.0029,ARR1 typeB,ARR1_2,,vv30007Cytokinin_signaling,vv60006ARR-B
884,VIT_13s0067g03140,6,0.0029,WRKY DNA-binding protein 70,WRKY70_1,VvWRKY41,vv60066WRKY,
885,VIT_18s0001g09710,4,0.0019,MRG,,,,
886,VIT_09s0002g08670,4,0.0019,Acetylornithine aminotransferase,E2_6_1_11,,vv10220Urea_cycle_and_metabolism_of_amino_groups,
887,VIT_18s0072g00630,4,0.0019,TUBBY like protein 1 TLP10,TLP10_1,,vv60063TUB,
888,VIT_14s0219g00050,4,0.0019,Myb domain protein 40,MYB40,MYB40,vv60044MYB,
889,VIT_17s0000g01440,4,0.0019,Unknown protein,,,,
890,VIT_03s0038g04110,4,0.0019,AT-hook DNA-binding protein,,,,
891,VIT_14s0171g00450,4,0.0019,DNA-binding protein GT-1-related,GT1REL_4,,vv60062Trihelix,
892,VIT_04s0044g00280,4,0.0019,Transcription elongation factor,,,,
893,VIT_18s0166g00080,4,0.0019,ABC transporter G member 4,K05680,,vv52010ABC_transporters,
894,VIT_01s0010g01740,4,0.0019,Tobamovirus multiplication 1 homolog 3,,,,
895,VIT_11s0052g00100,4,0.0019,Basic helix-loop-helix (bHLH) family,BHLHDOM_7,,vv60011BHLH,
896,VIT_01s0026g00420,4,0.0019,Bromo adjacent homology (BAH) domain-containing protein,,,,
897,VIT_04s0008g05440,4,0.0019,Ethylene-responsive transcription factor SHINE 3,SHINE3_1,VvERF044,vv30008Ethylene_signaling,vv60003AP2_EREBP
898,VIT_18s0001g11710,3,0.0015,Photosystem II PsbO protein,K02716,,vv10195Photosynthesis,vv50113Thylakoid_targeting_pathway
899,VIT_11s0037g01110,3,0.0015,Unknown protein,,,,
900,VIT_10s0003g01960,3,0.0015,RKF1 (receptor-like kinase in flowers 1),,,,
901,VIT_13s0019g00080,3,0.0015,Unknown protein,,,,
902,VIT_00s0256g00060,3,0.0015,Unknown,,,,
903,VIT_19s0014g01310,3,0.0015,Rab3-GAP regulatory domain,,,,
904,VIT_03s0063g00560,3,0.0015,Fw2.2 ORFX,,,,
905,VIT_18s0001g06790,3,0.0015,Ripening regulated protein DDTFR18,DDTFR18,,vv50125Porters_cat_66_to_94,
906,VIT_15s0045g00420,3,0.0015,Shaggy protein kinase alpha SK11,,,,
907,VIT_13s0019g02120,3,0.0015,Zinc finger (C2H2 type) family,C2H2FAM_21,,vv60017C2H2,
908,VIT_15s0048g00550,3,0.0015,Abnormal floral organs,AFO_2,,vv60019C2C2-YABBY,
909,VIT_05s0029g00050,3,0.0015,BHLH transcription factor FMA (FAMA),FAMA,,vv60011BHLH,
910,VIT_11s0149g00090,3,0.0015,Clavata1 receptor kinase (CLV1),,,,
911,VIT_19s0014g01490,3,0.0015,Galactosyltransferase family protein,E2_4_x_x,,,
912,VIT_02s0025g01160,3,0.0015,Cell cycle control crn (Crooked neck) protein,K12869,,vv23040Spliceosome,
913,VIT_00s0484g00030,3,0.0015,ARK3 (Arabidopsis Receptor Kinase 3),,,,
914,VIT_08s0056g01060,3,0.0015,NADH dehydrogenase subunit 1,K05572,,vv10190Oxidative_phosphorylation,vv50134Primary_active_transporter_cat_D1
915,VIT_01s0127g00920,3,0.0015,ADP-ribosylation factor A1B,ARFA1B,,vv50110Protein_coat,
916,VIT_12s0057g00420,3,0.0015,Auxin-responsive protein AIR12,AIR12,,vv30003Auxin_signaling,
917,VIT_05s0077g00580,3,0.0015,DnaJ homolog  subfamily C  member 14,K09534,,vv50132Primary_active_transporter_cat_A5_to_A8,
918,VIT_07s0005g04530,3,0.0015,Pentatricopeptide (PPR) repeat-containing protein,,,,
919,VIT_18s0001g04850,3,0.0015,Unknown,,,,
920,VIT_17s0000g04150,3,0.0015,Leucoanthocyanidin reductase,E1_17_1_3,,vv10941Flavonoid_biosynthesis,
921,VIT_10s0116g01880,3,0.0015,MATE efflux family protein,MATE,,vv50125Porters_cat_66_to_94,
922,VIT_03s0017g01410,3,0.0015,No hit,,,,
923,VIT_05s0102g00060,3,0.0015,Ankyrin repeat protein family,K10380,,vv50108Accessory_factors_involved_in_transport,
924,VIT_18s0089g00100,3,0.0015,R protein L6,K13477,,vv34627R_proteins_from_Plant-pathogen_interaction,
925,VIT_00s0771g00010,3,0.0015,Pentatricopeptide (PPR) repeat-containing protein,,,,
926,VIT_19s0093g00220,3,0.0015,Glutathione S-transferase 8 GSTU19,E2_5_1_18_GSTU19,,vv10480Glutathione_metabolism,
927,VIT_09s0002g02270,3,0.0015,Unknown protein,,,,
928,VIT_02s0154g00170,3,0.0015,flavin-containing monooxygenase 3,E1_14_13_8,,vv11000Single_reactions,
929,VIT_00s0174g00200,3,0.0015,GTPase XAB1,,,,
930,VIT_18s0041g01270,3,0.0015,Amino acid permease 2,AAP2,,vv50123Porters_cat_18_to_29,
931,VIT_15s0045g01200,3,0.0015,Avr9/Cf-9 rapidly elicited protein,,,,
932,VIT_08s0007g00920,3,0.0015,Tropinone reductase,E1_1_1_206,,vv10220Urea_cycle_and_metabolism_of_amino_groups,
933,VIT_19s0014g01190,3,0.0015,Alpha-1 3-mannosyltransferase ALG2,K03843,,vv10510N-Glycan_biosynthesis,vv11030Glycan_structures-biosynthesis1
934,VIT_02s0025g02960,3,0.0015,Naringenin 2-oxoglutarate 3-dioxygenase,E1_14_11_9,,vv10941Flavonoid_biosynthesis,
935,VIT_00s0337g00010,3,0.0015,Salt tolerance protein 2,,,,
936,VIT_09s0002g01100,3,0.0015,DAG,,,,
937,VIT_04s0023g02300,3,0.0015,No hit,,,,
938,VIT_07s0130g00310,3,0.0015,Unknown protein,,,,
939,VIT_07s0104g01440,3,0.0015,Phototropic-responsive NPH3,,,,
940,VIT_19s0177g00140,3,0.0015,Thiazole biosynthetic enzyme  chloroplast (ARA6),E2_5_1_3,,vv10730Thiamine_metabolism,
941,VIT_00s0286g00130,3,0.0015,S-locus lectin protein kinase,,,,
942,VIT_08s0007g02700,3,0.0015,Secoisolariciresinol dehydrogenase,SIRD,,vv10940Phenylpropanoid_biosynthesis,
943,VIT_04s0008g04120,3,0.0014,RD22,,,,
944,VIT_09s0002g01140,3,0.0014,Tetratricopeptide helical,,,,
945,VIT_16s0039g02380,3,0.0014,Disease resistance family protein,,,,
946,VIT_09s0002g02730,3,0.0014,FRK1 (FLG22-induced receptor-like kinase 1),FRK1,,vv34626Plant-pathogen_interaction,
947,VIT_14s0030g00960,3,0.0014,R protein MLA10,K13475,,vv34627R_proteins_from_Plant-pathogen_interaction,
948,VIT_13s0019g00420,3,0.0014,F-box family protein,,,,
949,VIT_01s0011g02360,3,0.0014,Unknown,,,,
950,VIT_02s0012g02140,3,0.0014,No hit,,,,
951,VIT_03s0088g00070,3,0.0014,No hit,,,,
952,VIT_10s0003g01970,3,0.0014,No hit,,,,
953,VIT_14s0068g01790,3,0.0014,Unknown,,,,
954,VIT_03s0017g01450,3,0.0014,No hit,,,,
955,VIT_05s0102g01190,3,0.0014,Calreticulin-3 precursor,K10098,,,
956,VIT_04s0008g06600,3,0.0014,WRKY DNA-binding protein 32,WRKY32_1,VvWRKY09,vv60066WRKY,
957,VIT_07s0205g00060,3,0.0014,Dihydrouridine synthase 2,K05543,,,
958,VIT_16s0148g00350,3,0.0014,Receptor kinase LRK10,,,,
959,VIT_03s0097g00330,3,0.0014,No hit,,,,
960,VIT_00s0404g00010,3,0.0014,Beta-galactosidase,E3_2_1_23,,vv10052Galactose_metabolism,vv10511N-Glycan_degradation
961,VIT_10s0116g01580,3,0.0014,No hit,,,,
962,VIT_08s0007g08020,3,0.0014,No hit,,,,
963,VIT_04s0008g00100,3,0.0014,AMP binding protein,,,,
964,VIT_01s0026g01360,3,0.0014,Unknown,,,,
965,VIT_07s0005g01510,3,0.0014,Unknown protein,,,,
966,VIT_18s0001g15120,3,0.0014,Unknown protein,,,,
967,VIT_00s0941g00020,3,0.0014,Constans interacting protein 6,CIP6,,vv30009Flower_development,
968,VIT_19s0027g01570,3,0.0014,Disease resistance protein (CC-NBS-LRR class),,,,
969,VIT_01s0010g02600,3,0.0014,CDC48C,K14571,,vv23008Ribosome_biogenesis_in_Eukaryotes,vv44110Cell_cycle
970,VIT_17s0000g04580,3,0.0014,Strictosidine synthase,E4_3_3_2,,vv10900Terpenoid_biosynthesis,vv10902Monoterpenoid_biosynthesis
971,VIT_19s0014g02400<br>VIT_03s0017g00140,3,0.0014,
972,VIT_06s0004g00800,3,0.0014,Amino acid permease,AAPREL,,vv50123Porters_cat_18_to_29,
973,VIT_03s0180g00150,3,0.0014,Receptor protein kinase,,,,
974,VIT_19s0015g00570,3,0.0014,SRT1 (sirtuin 1),SRT1,,,
975,VIT_14s0068g01510,3,0.0014,Import inner membrane translocase subunit Tim8  Mitochondrial,TIM8,,vv50132Primary_active_transporter_cat_A5_to_A8,
976,VIT_11s0016g01610,3,0.0014,Unknown,,,,
977,VIT_00s0229g00070,3,0.0014,Pentatricopeptide (PPR) repeat-containing,,,,
978,VIT_02s0012g00540,3,0.0014,Peroxidase,E1_11_1_7,,vv10360Phenylalanine_metabolism,vv10680Methane_metabolism
979,VIT_01s0010g03690,3,0.0014,Splicing factor YT521-B,,,,
980,VIT_06s0061g00390,3,0.0014,Auxin responsive SAUR protein,SAUR,,vv30003Auxin_signaling,
