Vv_m2,2000,1000,VIT_03s0063g01730
rank,node,Fabs,Frel,Functional-annotation,Name-EC-KeggID,Updated-name,Network1,Network2
1,VIT_04s0008g02760,2068,1.0000,Unknown protein,,,,
2,VIT_08s0040g02370,2066,0.9986,DnaJ homolog  subfamily C  member 19,K09539,,vv50132Primary_active_transporter_cat_A5_to_A8,
3,VIT_12s0059g02690,2055,0.9966,DNA-binding storekeeper protein,STOREKEEPER_8,,vv60030GeBP,
4,VIT_06s0004g01470,2056,0.9956,Lipoxygenase LOX1,E1_13_11_12,,vv10592alpha-Linolenic_acid_metabolism,
5,VIT_05s0094g00130,2064,0.9937,DNA-directed RNA polymerase II subunit H,K03016,,vv23020RNA_polymerase,
6,VIT_02s0087g00250,2054,0.9894,No hit,,,,
7,VIT_03s0038g02390,2022,0.9797,Ubiquitin-conjugating enzyme E2 D/E UBC28,K06689,,vv24120Ubiquitin_mediated_proteolysis,vv24141Protein_processing_in_endoplasmic_reticulum
8,VIT_01s0010g03850,2023,0.9782,Calmodulin-binding protein,CMTA4,,vv60020CAMTA,
9,VIT_13s0067g00470,2026,0.9769,Leucine-rich repeat family protein,,,,
10,VIT_11s0103g00380,2023,0.9759,Cd2+-exporting ATPase HMA2 (Heavy metal ATPase 2),K01532,,vv50131Primary_active_transporter_cat_A2_to_A4,
11,VIT_05s0020g02670,2025,0.9745,Ring zinc finger protein,,,,
12,VIT_14s0030g00960,2006,0.9714,R protein MLA10,K13475,,vv34627R_proteins_from_Plant-pathogen_interaction,
13,VIT_18s0089g01330,1996,0.9699,Epsin N-terminal,,,,
14,VIT_09s0002g03130,2013,0.9687,FRK1 (FLG22-induced receptor-like kinase 1),FRK1,,vv34626Plant-pathogen_interaction,
15,VIT_05s0020g02090,1989,0.9684,Unknown,,,,
16,VIT_00s0404g00080,1971,0.9499,Vacuolar protein sorting 28,VPS28,,vv50111Tethering_factors,
17,VIT_01s0182g00130,1960,0.9492,PHO1-like protein,PHO1,,vv50125Porters_cat_66_to_94,
18,VIT_07s0005g00060,1953,0.9453,No hit,,,,
19,VIT_17s0000g06740,1953,0.9426,Zinc finger (C2H2 type) family,C2H2FAM_6,,vv60017C2H2,
20,VIT_01s0011g00840,1956,0.9395,Ankyrin,K10380,,vv50108Accessory_factors_involved_in_transport,
21,VIT_00s1231g00010,1937,0.9376,Seryl-tRNA synthetase,E6_1_1_11,,vv10260Glycine_serine_and_threonine_metabolism,vv20970Aminoacyl-tRNA_biosynthesis
22,VIT_01s0026g01680,1951,0.9375,Pectate lyase,E4_2_2_2,,vv40006Cell_wall,
23,VIT_14s0068g01830,1933,0.9356,Unknown protein,,,,
24,VIT_01s0137g00200,1906,0.9208,Unknown protein,,,,
25,VIT_04s0069g01180,1899,0.9192,NC domain-containing protein,,,,
26,VIT_14s0081g00700,1889,0.9108,Peptidyl-prolyl cis-trans isomerase A (cyclophilin A),K03767,,,
27,VIT_13s0064g01300,1864,0.9049,RAB GTPase SMG1,K07976,,,
28,VIT_16s0100g00970,1864,0.9035,No hit,,,,
29,VIT_06s0080g00680,1866,0.9023,No hit,,,,
30,VIT_09s0002g07530,1864,0.8936,Tetratricopeptide helical,,,,
31,VIT_03s0038g02910,1843,0.8934,F-box family protein,,,,
32,VIT_09s0002g01410,1838,0.8927,TT2 (transparent testa 2),TT2_2,MYBPA6,vv44110Cell_cycle,vv60044MYB
33,VIT_17s0000g08000,1847,0.8914,Ribonuclease III,E3_1_26_3,,,
34,VIT_04s0008g01290,1818,0.8830,CGA1 (cytokinin-responsive GATA factor 1),CGA1,,vv30007Cytokinin_signaling,vv60016C2C2-GATA
35,VIT_04s0008g04000,1809,0.8714,Dehydration-responsive protein (RD22),RD22,,,
36,VIT_19s0014g02130,1808,0.8713,No hit,,,,
37,VIT_10s0003g03300,1808,0.8713,Unknown protein,,,,
38,VIT_00s0199g00190,1806,0.8708,14-3-3 protein GF14 kappa (GRF8),,,,
39,VIT_11s0037g00420,1790,0.8672,RARE-cold-inducible 2A,RCI2A,,vv50109Incompletely_characterized_transport_systems,
40,VIT_14s0128g00380,1794,0.8654,Yip1 domain   member 1,YIP1,,vv50110Protein_coat,
41,VIT_12s0142g00240,1776,0.8638,PDF1 (protodermal factor1),PDF1_1,,,
42,VIT_07s0005g03720,1788,0.8638,VPS2.3 SNF7,VPS2_3,,vv50111Tethering_factors,
43,VIT_16s0022g02410,1787,0.8629,Oxidoreductase,,,,
44,VIT_13s0067g01580,1783,0.8614,Anthocyaninless2 (ANL2),ANL2_4,,vv60034HB,
45,VIT_14s0030g02170,1749,0.8470,Calcium-binding EF hand,,,,
46,VIT_14s0006g02230,1742,0.8465,Unknown protein,,,,
47,VIT_01s0011g04330,1752,0.8415,No hit,,,,
48,VIT_04s0008g01030,1734,0.8401,Unknown protein,,,,
49,VIT_00s0218g00100,1717,0.8327,Metal transporter Nramp6,NRAMP6,,vv50124Porters_cat_30_to_64,
50,VIT_06s0009g00330,1732,0.8319,No hit,,,,
51,VIT_16s0098g01530,1716,0.8278,Unknown protein,,,,
52,VIT_05s0049g00970,1714,0.8256,No hit,,,,
53,VIT_18s0001g00650,1697,0.8202,No hit,,,,
54,VIT_09s0002g03030,1690,0.8192,FRK1 (FLG22-induced receptor-like kinase 1),FRK1,,vv34626Plant-pathogen_interaction,
55,VIT_00s1889g00010,1680,0.8159,Ribosomal protein L27A (RPL27aC) 60S,K02900,,vv23010Ribosome,
56,VIT_08s0032g00150,1693,0.8151,F-box family protein,,,,
57,VIT_05s0077g02100,1700,0.8130,Senescence-associated protein,,,,
58,VIT_19s0085g00660,1686,0.8121,No hit,,,,
59,VIT_00s0586g00010,1671,0.8116,WD40,,,,
60,VIT_17s0000g09040,1680,0.8081,Pentatricopeptide (PPR) repeat,,,,
61,VIT_15s0048g00950,1663,0.8065,Glutathione S-transferase Z2 GSTZ2,E2_5_1_18_GSTZ2,,vv10480Glutathione_metabolism,
62,VIT_01s0011g02600,1664,0.8054,No hit,,,,
63,VIT_17s0000g08110,1669,0.8051,Nodulin MtN3,,,,
64,VIT_18s0001g04080,1663,0.8026,Sesquiterpene synthase,E2_5_1_21,,vv10100Biosynthesis_of_steroids,vv10900Terpenoid_biosynthesis
65,VIT_15s0024g01100,1662,0.8010,Calmodulin-binding protein MPCBP,,,,
66,VIT_04s0008g07040,1649,0.8005,Peroxidase,E1_11_1_7,,vv10360Phenylalanine_metabolism,vv10680Methane_metabolism
67,VIT_14s0108g01200,1637,0.7954,Vesicle transport v-SNARE 13,K08493,,vv24130SNARE_interactions_in_vesicular_transport,
68,VIT_18s0117g00100,1616,0.7826,No hit,,,,
69,VIT_12s0059g02310,1617,0.7804,PDF2 (protodermal factor2),PDF2_4,VvHB44,vv60034HB,
70,VIT_18s0001g11110,1615,0.7787,Serine carboxypeptidase,,,,
71,VIT_18s0001g04090<br>VIT_18s0001g04050<br>VIT_18s0001g04170,1594,0.7738,
72,VIT_17s0000g06550,1598,0.7709,Exonuclease,E3_1_13_1,,,
73,VIT_13s0064g01090,1594,0.7682,Zinc finger (CCCH-type) family protein,CCCHFAM_34,,vv60018C3H,
74,VIT_15s0024g00780,1590,0.7681,No hit,,,,
75,VIT_09s0002g08650,1579,0.7646,Nodulin,,,,
76,VIT_17s0000g06200,1580,0.7625,Mini zinc finger 1 MIF1,MIF1_2,,vv60068Zf-HD,
77,VIT_19s0027g00710,1561,0.7581,Ribosomal protein L27 (RPL27C) 60S,K02901,,vv23010Ribosome,
78,VIT_19s0014g00970,1557,0.7573,Unknown protein,,,,
79,VIT_11s0016g01580,1565,0.7535,DNA binding,,,,
80,VIT_03s0038g03090,1547,0.7470,Catechol O-methyltransferase,E2_1_1_6,,vv10350Tyrosine_metabolism,
81,VIT_05s0049g01470,1543,0.7433,Unknown protein,,,,
82,VIT_11s0016g03500,1528,0.7410,Unknown protein,,,,
83,VIT_12s0035g01110,1538,0.7394,No hit,,,,
84,VIT_18s0089g01010,1517,0.7343,Nitrate transporter NTL1,POT,,vv50122Porters_cat_7_to_17,
85,VIT_18s0076g00320,1512,0.7329,Nodulin,,,,
86,VIT_02s0025g03180,1518,0.7319,Nodulin MtN21 family,MTN21,,vv50122Porters_cat_7_to_17,
87,VIT_02s0012g02030,1507,0.7308,Homeobox-7,VVHB7_1,VvHB09,vv60034HB,
88,VIT_16s0013g00180,1489,0.7159,Pectinesterase PPME1,E3_1_1_11,,vv40006Cell_wall,
89,VIT_13s0067g02120,1482,0.7156,Arogenate dehydrogenase,E1_3_1_43,,vv10400Phenylalanine_tyrosine_and_tryptophan_biosynthesis,
90,VIT_18s0041g01280,1455,0.7070,Adenylate kinase  chloroplast,E2_7_4_3,,vv10230Purine_metabolism,
91,VIT_06s0061g01550,1454,0.7034,No hit,,,,
92,VIT_01s0010g01490,1448,0.7012,Lysine histidine transporter 1,LHT1,,vv50123Porters_cat_18_to_29,
93,VIT_00s1405g00010,1443,0.6968,WD40,,,,
94,VIT_14s0066g01860,1435,0.6949,Zinc finger protein 5,ZFP5_2,,vv60017C2H2,
95,VIT_02s0087g00240,1437,0.6935,Unknown protein,,,,
96,VIT_11s0149g00050,1425,0.6911,Hexose transporter 7,VVHT7,,vv50121Porters_cat_1_to_6,
97,VIT_01s0011g05410,1410,0.6828,Invertase/pectin methylesterase inhibitor,PMEI,,vv40006Cell_wall,
98,VIT_01s0011g05100,1408,0.6822,Bet v I allergen family,,,,
99,VIT_00s0324g00030,1402,0.6796,Unknown,,,,
100,VIT_04s0044g01260,1398,0.6790,SEU3B protein,SEUSS,,vv30009Flower_development,
101,VIT_04s0044g00100,1389,0.6753,Unknown protein,,,,
102,VIT_00s1232g00020,1400,0.6734,Ribosomal protein L12,K02869,,vv23010Ribosome,
103,VIT_00s0204g00130,1402,0.6724,Unknown,,,,
104,VIT_07s0005g01380,1380,0.6676,Histidine kinase homolog CKI1,CKI1,,vv30007Cytokinin_signaling,
105,VIT_01s0010g02520,1387,0.6675,Lysine histidine transporter 1,LHT1,,vv50123Porters_cat_18_to_29,
106,VIT_11s0078g00050,1380,0.6663,No hit,,,,
107,VIT_04s0008g05720,1384,0.6660,Exostosin family protein,K02366,,vv11030Glycan_structures-biosynthesis1,
108,VIT_19s0085g00270,1352,0.6573,Unknown protein,,,,
109,VIT_01s0026g01250,1356,0.6563,Unknown protein,,,,
110,VIT_00s0941g00020,1342,0.6518,Constans interacting protein 6,CIP6,,vv30009Flower_development,
111,VIT_07s0031g02740,1333,0.6461,Auxin-responsive SAUR12,SAUR12,,vv30003Auxin_signaling,
112,VIT_17s0000g04450,1332,0.6447,Phospholipid-transporting ATPase,K01530,,vv50131Primary_active_transporter_cat_A2_to_A4,
113,VIT_14s0068g01290,1316,0.6391,Transcriptional factor B3,TFB3_5,,vv60001ABI3VP1,
114,VIT_02s0087g00200,1326,0.6387,Aspartic proteinase nepenthesin-1 precursor,E3_4_23_12,,,
115,VIT_03s0017g01130,1298,0.6338,Cis-zeatin O-beta-D-glucosyltransferase,E2_4_1_215,,vv10908Zeatin_biosynthesis,
116,VIT_15s0024g00130,1304,0.6327,Unknown,,,,
117,VIT_00s1688g00010,1281,0.6191,Unknown,,,,
118,VIT_13s0067g03370,1277,0.6187,Unknown protein,,,,
119,VIT_04s0023g01730,1271,0.6161,Unknown protein,,,,
120,VIT_04s0008g05920,1267,0.6159,Golgi SNARE 11 protein,K08495,,vv24130SNARE_interactions_in_vesicular_transport,
121,VIT_03s0091g00880,1266,0.6125,Endoxylanase,E3_2_1_136,,vv40006Cell_wall,
122,VIT_14s0108g00630,1267,0.6118,Amino acid permease,AAPREL,,vv50123Porters_cat_18_to_29,
123,VIT_11s0037g00450,1256,0.6074,No hit,,,,
124,VIT_15s0021g01870,1255,0.6057,Actin-related protein 2/3 complex subunit 5,K05754,,vv44810Regulation_of_actin_cytoskeleton,
125,VIT_19s0014g04920,1243,0.6008,(-)-germacrene D synthase,E4_2_3_22,,vv10900Terpenoid_biosynthesis,
126,VIT_18s0089g00970,1240,0.5979,No hit,,,,
127,VIT_18s0001g03700,1231,0.5979,Unknown protein,,,,
128,VIT_03s0038g02020,1237,0.5939,Amidase,E3_5_1_4,,vv10220Urea_cycle_and_metabolism_of_amino_groups,vv10360Phenylalanine_metabolism
129,VIT_02s0087g00370,1219,0.5912,Anthranilate N-hydroxycinnamoyl/benzoyltransferase,E2_3_1_144,,vv10400Phenylalanine_tyrosine_and_tryptophan_biosynthesis,
130,VIT_10s0003g02620,1225,0.5909,AWPM19,AWPM19,,vv30001ABA_signaling,
131,VIT_00s1309g00010,1226,0.5908,Monocopper oxidase SKS11 (SKU5 Similar 11),SKS11,,vv50109Incompletely_characterized_transport_systems,
132,VIT_11s0016g03420,1220,0.5902,Ring-H2 finger protein ATL4J,VVL4J,,vv60078Other_zf-C3HC4,
133,VIT_17s0000g02500,1217,0.5879,RAB GTPase RABA6B,K07976,,,
134,VIT_01s0011g06060,1207,0.5871,PLATZ transcription factor,PLATZFAM_2,,vv60049PLATZ,
135,VIT_17s0000g04070,1211,0.5856,Unknown,,,,
136,VIT_11s0016g02210,1211,0.5847,GATA transcription factor 24,GAT24,,vv60016C2C2-GATA,
137,VIT_17s0000g06300,1203,0.5831,No hit,,,,
138,VIT_14s0068g01520,1211,0.5819,Double-stranded RNA-binding (DsRBD) domain-containing protein,,,,
139,VIT_01s0011g05590,1201,0.5796,Erwinia induced protein 2,,,,
140,VIT_18s0001g07130,1187,0.5773,GEM-like 1,,,,
141,VIT_07s0129g00140,1188,0.5753,Adenylylsulfate kinase,E2_7_1_25,,vv10230Purine_metabolism,vv10450Selenoamino_acid_metabolism
142,VIT_09s0002g04170,1184,0.5748,Acyl-CoA synthetases (Acyl-activating enzyme 13),E6_2_1_3,,vv10071Fatty_acid_metabolism,vv50104Group_translocators
143,VIT_07s0005g02490,1190,0.5738,CYP709B2,,,,
144,VIT_18s0122g00590,1176,0.5676,DNA-binding protein,,,,
145,VIT_07s0005g04850,1165,0.5650,Alpha-expansin 19,EXPA19,,vv30003Auxin_signaling,
146,VIT_10s0042g00090,1167,0.5627,Isoprenylcysteine carboxyl methyltransferase family,E2_1_1_100,,vv10271Methionine_metabolism,
147,VIT_14s0030g02300,1160,0.5626,CRSP complex subunit 2,,,,
148,VIT_03s0038g02720,1162,0.5605,Proteasome 26S regulatory subunit (RPN2),K03032,,vv23050Proteasome,
149,VIT_18s0001g00190,1154,0.5591,Cell division protease FtsH,K03798,,vv50133Primary_active_transporter_cat_A9_to_A18,
150,VIT_19s0090g00230,1151,0.5568,Calcineurin phosphoesterase,,,,
151,VIT_04s0008g00490,1144,0.5561,Profilin 5 (PRO5) (PRF3),K05759,,vv44810Regulation_of_actin_cytoskeleton,
152,VIT_08s0058g01260,1141,0.5547,No hit,,,,
153,VIT_04s0008g03600,1147,0.5509,Tocopherol cyclase,K09834,,vv10100Biosynthesis_of_steroids,
154,VIT_10s0003g02450,1138,0.5487,flavonol synthase,E1_14_11_23,,vv10941Flavonoid_biosynthesis,
155,VIT_03s0088g00940,1130,0.5477,Pathogenesis-related protein 1 precursor (PRP 1),PRP1,,vv30011Jasmonate_signaling,vv34626Plant-pathogen_interaction
156,VIT_16s0050g02420,1124,0.5401,Myosin heavy chain,K10352,,vv44810Regulation_of_actin_cytoskeleton,
157,VIT_00s0187g00040,1124,0.5399,Cystatin,,,,
158,VIT_11s0016g04930,1120,0.5392,Binding / zinc ion binding,,,,
159,VIT_05s0102g00370,1114,0.5384,Receptor protein kinase (ACR4),,,,
160,VIT_00s0988g00020<br>VIT_00s1328g00010,1107,0.5374,
161,VIT_08s0007g05720,1100,0.5291,No hit,,,,
162,VIT_19s0014g01110,1092,0.5270,Curculin (mannose-binding) lectin,,,,
163,VIT_13s0084g00650,1093,0.5262,Protein arginine N-methyltransferase 3,K00599,,vv10340Histidine_metabolism,vv10350Tyrosine_metabolism
164,VIT_07s0141g00660,1080,0.5258,Signal recognition particle subunit 9 SRP9,K03109,,vv23060Protein_export,vv50132Primary_active_transporter_cat_A5_to_A8
165,VIT_00s0214g00120,1085,0.5229,F-box family protein,,,,
166,VIT_15s0046g03190,1083,0.5227,Myb domain protein 17,MYB17_2,MYB17A,vv60044MYB,
167,VIT_13s0067g02420,1090,0.5220,No hit,,,,
168,VIT_17s0000g03380,1080,0.5220,Calmodulin binding protein,K02183,,vv34020Calcium_signaling_pathway,vv34626Plant-pathogen_interaction
169,VIT_04s0023g02800,1081,0.5215,Glutaredoxin,,,,
170,VIT_14s0083g00220,1076,0.5206,Zinc finger CCHC domain-containing protein 8,K13128,,,
171,VIT_12s0034g02270,1076,0.5176,Cc-nbs-lrr resistance protein,,,,
172,VIT_01s0011g01790,1064,0.5168,Galactose-binding like,,,,
173,VIT_03s0038g02770,1062,0.5116,Programmed cell death 6,,,,
174,VIT_08s0058g00820,1061,0.5108,ALPHA-SNAP2 (alpha-soluble nsf attachment protein),ASNAP2,,vv24130SNARE_interactions_in_vesicular_transport,
175,VIT_13s0074g00740,1049,0.5082,Histidine-containing phosphotransfer protein,AHP5,,vv30007Cytokinin_signaling,
176,VIT_13s0106g00440,1041,0.5063,Carboxylic ester hydrolase,E3_1_1_1,,,
177,VIT_13s0073g00140,1035,0.5015,Ovate family protein 13 OFP13,OFP13_2,,vv60086OFP,
178,VIT_19s0085g01020,1031,0.4964,EMB1135,EMB1135_2,,vv60048PHD,
179,VIT_06s0061g01440,1020,0.4964,Unknown protein,,,,
180,VIT_13s0019g00690,1017,0.4944,Carnitine racemase,,,,
181,VIT_07s0031g03180,1022,0.4925,No hit,,,,
182,VIT_18s0001g08750,1012,0.4913,Unknown,,,,
183,VIT_09s0002g02090,1016,0.4901,Unknown protein,,,,
184,VIT_14s0066g01740,1006,0.4869,Unknown protein,,,,
185,VIT_15s0024g01750,1006,0.4862,Protein kinase,,,,
186,VIT_00s0252g00110,1009,0.4858,Carbonic anhydrase,E4_2_1_1,,vv10910Nitrogen_metabolism,vv50124Porters_cat_30_to_64
187,VIT_09s0002g03520,991,0.4813,Arabidopsis histidine phosphotransfer AHP4,AHP4,,vv30007Cytokinin_signaling,
188,VIT_06s0004g01460<br>VIT_06s0004g01450,994,0.4809,
189,VIT_10s0116g01870,974,0.4724,MATE efflux family protein,MATE,,vv50125Porters_cat_66_to_94,
190,VIT_15s0048g01000,982,0.4714,2'-hydroxy isoflavone/dihydroflavonol reductase,E1_3_1_45,,vv10943Isoflavonoid_biosynthesis,
191,VIT_08s0007g08960,969,0.4711,Ca2+-transporting ATPase type 2 isoform 4,K01537,,vv34020Calcium_signaling_pathway,vv50131Primary_active_transporter_cat_A2_to_A4
192,VIT_12s0059g02240,974,0.4710,Unknown,,,,
193,VIT_12s0028g01570,969,0.4690,Zinc finger (C3HC4-type ring finger),ZFC3HC4_12,,vv60078Other_zf-C3HC4,
194,VIT_04s0023g03760,964,0.4686,Unknown protein,,,,
195,VIT_12s0057g01210,968,0.4672,Nitrate-responsive NOI protein,,,,
196,VIT_04s0044g01650,966,0.4667,GA 20-oxidase 2,E1_14_11_12,,vv10904Diterpenoid_biosynthesis,
197,VIT_10s0116g00010,960,0.4638,Derlin-2,K13989,,vv24141Protein_processing_in_endoplasmic_reticulum,vv50133Primary_active_transporter_cat_A9_to_A18
198,VIT_09s0002g07140,951,0.4614,Unknown,,,,
199,VIT_04s0023g02300,958,0.4606,No hit,,,,
200,VIT_17s0000g00610,949,0.4591,Ubiquitin-conjugating enzyme 26 UBC27,K04649,,vv24120Ubiquitin_mediated_proteolysis,
201,VIT_12s0028g00250,957,0.4583,Isoprenylcysteine carboxyl methyltransferase,E2_1_1_100,,vv10271Methionine_metabolism,
202,VIT_18s0122g00160,940,0.4552,Pitrilysin,E3_4_24_55,,,
203,VIT_03s0063g01980,937,0.4522,PDV2 (plastid division2),PDV2,,vv44110Cell_cycle,
204,VIT_18s0001g15090,934,0.4516,RAB GTPase RAB18,K07976,,,
205,VIT_11s0016g00370,932,0.4507,ARID/BRIGHT DNA-binding domain-containing protein,ARID_1,,vv60005ARID,
206,VIT_10s0116g01880,919,0.4459,MATE efflux family protein,MATE,,vv50125Porters_cat_66_to_94,
207,VIT_01s0011g05250,926,0.4450,Senescence-associated protein,,,,
208,VIT_07s0031g00750,914,0.4422,MATE efflux family protein,MATE,,vv50125Porters_cat_66_to_94,
209,VIT_12s0028g01870,925,0.4419,Receptor kinase TRKa,,,,
210,VIT_05s0049g01930,914,0.4403,RNA-binding protein cp29,CP29,,vv50133Primary_active_transporter_cat_A9_to_A18,
211,VIT_06s0004g01500,893,0.4352,Lipoxygenase (LOX2),E1_13_11_12,,vv10592alpha-Linolenic_acid_metabolism,
212,VIT_19s0015g00700,895,0.4324,Emp24/gp25L/p24,EMP24,,vv50110Protein_coat,
213,VIT_01s0026g01900,901,0.4309,No hit,,,,
214,VIT_08s0007g00070,889,0.4297,RNA recognition motif (RRM)-containing protein,,,,
215,VIT_05s0094g00860,870,0.4236,Syntaxin 61,,,,
216,VIT_06s0004g06890,879,0.4232,Potassium transporter (KUP1),KUP1,,vv50125Porters_cat_66_to_94,
217,VIT_04s0008g01410,866,0.4206,Ran-binding protein 1 RanBP1,RANBP1,,vv50109Incompletely_characterized_transport_systems,
218,VIT_14s0068g00690,866,0.4204,OTU cysteine protease,,,,
219,VIT_03s0091g00900,871,0.4196,Endoxylanase,E3_2_1_136,,vv40006Cell_wall,
220,VIT_11s0149g00200,868,0.4191,Unknown protein,,,,
221,VIT_09s0018g01180,858,0.4179,TTL (transthyretin-like protein),TTRL,,vv50109Incompletely_characterized_transport_systems,
222,VIT_01s0011g00060,863,0.4179,No hit,,,,
223,VIT_00s0214g00070,857,0.4150,ABC transporter C member 9,K05033,,vv52010ABC_transporters,
224,VIT_05s0102g00460,858,0.4147,RPD1 (root primordium defective 1),,,,
225,VIT_02s0025g03930,853,0.4123,Transcription initiation factor TFIIE beta subunit,K03137,,vv23022Basal_transcription_factors,
226,VIT_14s0068g01840,847,0.4116,Unknown protein,,,,
227,VIT_13s0067g01440,849,0.4107,Pentatricopeptide (PPR) repeat-containing protein,,,,
228,VIT_16s0039g02210,843,0.4084,ER lumen protein retaining receptor,,,,
229,VIT_01s0127g00910,844,0.4077,AERO1 (arabidopsis endoplasmic reticulum oxidoreductins 1),,,,
230,VIT_10s0003g01610,839,0.4057,Ras protein Rab11B,YPT31,,vv50110Protein_coat,
231,VIT_08s0007g01020,836,0.4027,Aldo-keto reductase,E1_1_1_21,,vv10040Pentose_glucuronate_interconversion,vv10051Fructose_and_mannose_metabolism
232,VIT_04s0023g03280,831,0.4014,Zinc finger (Ran-binding),ZFRANBPDOM_3,,vv60080Other_zf,
233,VIT_16s0098g00310,825,0.4003,Unknown protein,,,,
234,VIT_04s0008g00700,832,0.4000,No hit,,,,
235,VIT_05s0020g01130,826,0.3994,DEAD/DEAH box helicase,DEADBOX,,vv23040Spliceosome,vv50133Primary_active_transporter_cat_A9_to_A18
236,VIT_12s0034g02600,821,0.3982,Leucine Rich Repeat receptor-like kinase,,,,
237,VIT_07s0095g00790,820,0.3969,Homeodomain GLABROUS12,HDG12_1,,vv60034HB,
238,VIT_12s0059g01370,821,0.3968,Zinc finger (C3HC4-type ring finger),ZFC3HC4_3,,vv60078Other_zf-C3HC4,
239,VIT_14s0068g01510,818,0.3956,Import inner membrane translocase subunit Tim8  Mitochondrial,TIM8,,vv50132Primary_active_transporter_cat_A5_to_A8,
240,VIT_18s0001g10130,819,0.3939,Zinc finger (C2H2 type) family,C2H2FAM_11,VvERF006,vv60017C2H2,
241,VIT_13s0067g00400,815,0.3922,Anthranilate synthase alpha 1,E4_1_3_27,,vv10400Phenylalanine_tyrosine_and_tryptophan_biosynthesis,
242,VIT_17s0000g05260,809,0.3918,Unknown protein,,,,
243,VIT_18s0166g00260,800,0.3910,No hit,,,,
244,VIT_16s0039g02520,811,0.3908,Unknown protein,,,,
245,VIT_05s0062g01280,805,0.3881,Cyclo-DOPA 5-O-glucosyltransferase,CD5OGT,,vv10350Tyrosine_metabolism,
246,VIT_04s0023g00700,811,0.3880,Serine carboxypeptidase S10,,,,
247,VIT_12s0028g00210,794,0.3858,Prenylcysteine alpha-carboxyl methyltransferase,E2_1_1_100,,vv10271Methionine_metabolism,
248,VIT_00s0340g00090,793,0.3838,Lateral organ boundaries Domain 6,LBD6_1,,vv60007AS2,
249,VIT_12s0028g03590,787,0.3815,Unknown protein,,,,
250,VIT_17s0000g06540,787,0.3798,Exonuclease,E3_1_13_1,,,
251,VIT_18s0001g12580,784,0.3797,Zinc finger homeobox 33,ZFHB33_2,,vv60068Zf-HD,
252,VIT_08s0040g03360,782,0.3792,Cofilin,K05765,,vv44810Regulation_of_actin_cytoskeleton,
253,VIT_14s0066g00150,785,0.3789,GATA transcription factor 6,GATA6,,vv60016C2C2-GATA,
254,VIT_03s0017g01010,787,0.3769,Peptidase C14  caspase catalytic subunit p20,E3_4_22_36,,,
255,VIT_06s0004g05480,777,0.3768,Translation initiation factor eIF-3 subunit 3,K03247,,vv23013RNA_transport,
256,VIT_15s0046g03720,780,0.3763,Unknown,,,,
257,VIT_17s0000g08130,771,0.3734,Nodulin MtN3,,,,
258,VIT_04s0044g00620,768,0.3726,Scarecrow gene regulator-like,SCLF_1,,vv60032GRAS,
259,VIT_14s0066g01060,769,0.3711,Polygalacturonase GH28,E3_2_1_15,,vv40006Cell_wall,
260,VIT_12s0055g00390,764,0.3709,COP9 signalosome complex subunit 8,,,,
261,VIT_17s0000g07870,766,0.3702,Ribosomal protein L29,K02904,,vv23010Ribosome,
262,VIT_15s0046g00140,763,0.3677,ORMDL protein,,,,
263,VIT_19s0014g02680,761,0.3669,Ribosomal protein S2,K02967,,vv23010Ribosome,
264,VIT_14s0083g00180,756,0.3657,Cytochrome B561,K08360,,vv50105Transport_electron_carriers,
265,VIT_06s0004g00680,763,0.3645,Unknown protein,,,,
266,VIT_13s0019g04180,763,0.3642,Aminodeoxychorismate synthase/glutamine amidotransferase,E6_3_5_8,,vv10790Folate_biosynthesis,
267,VIT_13s0019g02090,751,0.3623,Thylakoid lumenal 15 kDa protein 1,,,,
268,VIT_13s0019g00550,741,0.3588,Cofilin,K05765,,vv44810Regulation_of_actin_cytoskeleton,
269,VIT_01s0011g04710,739,0.3568,Copper-binding family protein,,,,
270,VIT_12s0034g01770,733,0.3533,Unknown,,,,
271,VIT_08s0007g04330,727,0.3531,CHUP1 (chloroplast unusual positioning 1),CHUP1,,vv44810Regulation_of_actin_cytoskeleton,
272,VIT_13s0101g00250,728,0.3529,Cinnamyl alcohol dehydrogenase,E1_1_1_195,,vv10940Phenylpropanoid_biosynthesis,
273,VIT_10s0003g02760,727,0.3515,Zeta-cop  subunit of COP-I complex,COPZ1,,vv50110Protein_coat,
274,VIT_00s0229g00050,720,0.3495,C2H2 zinc-finger protein ZPT3-3,ZPT3,,vv60017C2H2,
275,VIT_07s0005g00900,723,0.3483,No hit,,,,
276,VIT_16s0039g01860,716,0.3441,RNA recognition motif (RRM)-containing protein,,,,
277,VIT_09s0018g02100,705,0.3399,Anthocyaninless2 (ANL2),ANL2_2,,vv60034HB,
278,VIT_13s0156g00300,690,0.3345,No hit,,,,
279,VIT_15s0024g00770,691,0.3343,No hit,,,,
280,VIT_03s0063g01370,689,0.3329,Leucine-rich repeat family protein / extensin,EXTENSIN,,vv40006Cell_wall,
281,VIT_18s0001g09700,684,0.3325,F-box protein GID2,,,,
282,VIT_06s0061g00260,678,0.3267,ABC transporter G member 7,ABCG7,,vv52010ABC_transporters,
283,VIT_06s0004g05860,673,0.3254,Unknown protein,,,,
284,VIT_10s0003g02500,673,0.3245,Malate dehydrogenase  cytoplasmic 1,E1_1_1_37,,vv10020Citrate_cycle,vv10620Pyruvate_metabolism
285,VIT_19s0014g00670,665,0.3219,LRR receptor-like serine/threonine-protein kinase,,,,
286,VIT_00s2015g00020,664,0.3219,F-box family protein,,,,
287,VIT_14s0066g01010,651,0.3162,Myb domain protein 98,MYB98_1,MYB184,vv60044MYB,
288,VIT_15s0048g01010,651,0.3134,2'-hydroxy isoflavone/dihydroflavonol reductase,E1_3_1_45,,vv10943Isoflavonoid_biosynthesis,
289,VIT_10s0003g03270,648,0.3124,Inward rectifying potassium channel,SIRK,,vv30001ABA_signaling,vv50101Channels_and_pores
290,VIT_04s0008g03990,643,0.3118,Unknown,,,,
291,VIT_11s0037g01400,642,0.3104,Zinc finger (C3HC4-type ring finger),ZFC3HC4_80,,vv60078Other_zf-C3HC4,
292,VIT_08s0056g00250,641,0.3100,Harpin-induced 1,,,,
293,VIT_19s0090g00200,638,0.3085,Unknown protein,,,,
294,VIT_18s0166g00040,635,0.3080,Protein kinase Xa21,,,,
295,VIT_14s0006g01680,642,0.3078,CYP96A10,,,,
296,VIT_10s0003g04940,637,0.3076,Acyl-CoA synthetases (Acyl-activating enzyme 14),E6_2_1_3,,vv10071Fatty_acid_metabolism,vv50104Group_translocators
297,VIT_06s0004g01480,630,0.3052,Lipoxygenase LOX1,E1_13_11_12,,vv10592alpha-Linolenic_acid_metabolism,
298,VIT_16s0022g00870,621,0.3016,Invertase/pectin methylesterase inhibitor,PMEI,,vv40006Cell_wall,
299,VIT_05s0020g03700,621,0.3006,GCN5 N-acetyltransferase (GNAT),GCN5_9,,vv60082GNAT,
300,VIT_15s0048g02510,622,0.2998,Basic helix-loop-helix (bHLH) family,BHLHDOM_35,,vv60011BHLH,
301,VIT_00s0483g00040,616,0.2992,No hit,,,,
302,VIT_11s0016g04410,615,0.2985,Unknown protein,,,,
303,VIT_08s0007g05140,613,0.2971,MAP70 protein .,,,,
304,VIT_03s0063g01930,611,0.2956,DC1 domain-containing protein,,,,
305,VIT_01s0026g01070,609,0.2952,Unknown protein,,,,
306,VIT_09s0002g00780,607,0.2928,Vesicle transport protein (AtSEC22),K08517,,vv24130SNARE_interactions_in_vesicular_transport,vv44145Phagosome
307,VIT_00s0214g00040,608,0.2927,Lectin phloem protein 2-like B1 PP2-B1,,,,
308,VIT_08s0007g06220,605,0.2927,No hit,,,,
309,VIT_08s0007g08780,604,0.2926,Unknown protein,,,,
310,VIT_15s0024g01850,600,0.2894,Taxadiene 5-alpha-hydroxylase cytochrome P450,E1_14_99_37,,vv10904Diterpenoid_biosynthesis,
311,VIT_14s0128g00010,596,0.2886,No hit,,,,
312,VIT_18s0001g14930,599,0.2884,Unknown protein,,,,
313,VIT_11s0103g00370,595,0.2877,Cd2+-exporting ATPase HMA2 (Heavy metal ATPase 2),K01532,,vv50131Primary_active_transporter_cat_A2_to_A4,
314,VIT_06s0004g04750,599,0.2876,Beta-1 3 glucanase,E3_2_1_6,,,
315,VIT_05s0102g00740,594,0.2868,Leucin-rich repeat protein kinase,,,,
316,VIT_02s0033g01210,586,0.2850,Cyclops,,,,
317,VIT_17s0000g01060,582,0.2820,No hit,,,,
318,VIT_17s0000g09980,585,0.2819,REF6 (relative of early flowering 6),REF6,,vv30009Flower_development,vv60038Jumonji
319,VIT_14s0066g02270,577,0.2806,Endonuclease/exonuclease/phosphatase family protein,E3_1_30_x,,,
320,VIT_02s0025g01700,575,0.2780,RNA polymerase II transcriptional coactivator KELP,KELP_1,,vv60081COAP15,
321,VIT_02s0025g01780,573,0.2772,Cellulose synthase CSLG3,E2_4_1_12_CSLG3,,vv40006Cell_wall,
322,VIT_02s0012g01000,577,0.2769,Protein tyrosine phosphatase,K01104,,,
323,VIT_00s0218g00070,568,0.2748,Methylmalonate semi-aldehyde dehydrogenase,E1_2_1_27,,vv10280Valine_leucine_and_isoleucine_degradation,vv10640Propanoate_metabolism
324,VIT_13s0019g02340,566,0.2734,Unknown protein,,,,
325,VIT_14s0068g01180,563,0.2712,Unknown protein,,,,
326,VIT_01s0011g04830,557,0.2688,Extensin,EXTENSIN,,vv40006Cell_wall,
327,VIT_07s0151g01040,550,0.2682,Ent-kaurene synthase A  chloroplast precursor,E5_5_1_13,,vv10904Diterpenoid_biosynthesis,
328,VIT_17s0000g03900,547,0.2658,No hit,,,,
329,VIT_01s0146g00380,540,0.2618,LITAF-domain-containing protein,,,,
330,VIT_08s0040g02450,541,0.2615,Unknown protein,,,,
331,VIT_08s0105g00330,542,0.2607,Enhanced silencing phenotype 4 ESP4 symplekin,K06100,,vv23015mRNA_surveillance_pathway,
332,VIT_11s0016g00740,539,0.2603,Receptor-like protein kinase 3,,,,
333,VIT_01s0011g01340<br>VIT_01s0011g01330,538,0.2595,
334,VIT_15s0024g00740,531,0.2570,No hit,,,,
335,VIT_03s0038g03080,526,0.2553,Catechol O-methyltransferase,E2_1_1_6,,vv10350Tyrosine_metabolism,
336,VIT_08s0032g00200,518,0.2507,No hit,,,,
337,VIT_19s0027g01120,516,0.2504,Lateral organ boundaries protein 4,LBD4_1,,vv60007AS2,
338,VIT_05s0029g00710,517,0.2494,RPD1 (root primordium defective 1),,,,
339,VIT_04s0044g01380,516,0.2494,Myb domain protein 52,MYB52_3,MYB166,vv60044MYB,
340,VIT_06s0004g07640,517,0.2484,Pentatricopeptide (PPR) repeat-containing protein,,,,
341,VIT_02s0012g00600,508,0.2449,Vacuolar protein sorting 55,VPS55,,vv50109Incompletely_characterized_transport_systems,
342,VIT_14s0030g01650,504,0.2448,Unknown protein,,,,
343,VIT_14s0030g02080,504,0.2443,Ca2+-ATPase 12 ACA12  plasma membrane,K01537,,vv34020Calcium_signaling_pathway,vv50131Primary_active_transporter_cat_A2_to_A4
344,VIT_05s0029g01120<br>VIT_05s0102g00550<br>VIT_05s0102g00640,502,0.2436,
345,VIT_12s0034g02310,494,0.2396,R protein MLA10,K13475,,vv34627R_proteins_from_Plant-pathogen_interaction,
346,VIT_12s0028g03110,497,0.2393,Caffeoyl-CoA 3-O-methyltransferase,E2_1_1_104,,vv10940Phenylpropanoid_biosynthesis,
347,VIT_18s0001g13910,493,0.2382,Unknown protein,,,,
348,VIT_11s0016g03250,492,0.2372,Lachrymatory factor synthase,,,,
349,VIT_07s0104g00970,491,0.2365,Histone H2AXb HTA3,H2AXb,,,
350,VIT_07s0104g01400,487,0.2359,Glutaredoxin,,,,
351,VIT_06s0004g04280,492,0.2357,Cofilin,K05765,,vv44810Regulation_of_actin_cytoskeleton,
352,VIT_17s0000g06580,489,0.2349,Vesicle transport v-SNARE 11,K08493,,vv24130SNARE_interactions_in_vesicular_transport,
353,VIT_18s0001g02820,488,0.2347,Transducin protein,,,,
354,VIT_13s0067g02070,482,0.2332,Kelch repeat-containing protein,,,,
355,VIT_01s0010g01000,481,0.2325,NIK1 (NSP- interacting  kinase 1),,,,
356,VIT_02s0025g03460,478,0.2318,Eukaryotic translation initiation factor,,,,
357,VIT_12s0028g03470,478,0.2303,Haloacid dehalogenase hydrolase,E3_1_3_18,,vv10630Glyoxylate_and_dicarboxylate_metabolism,
358,VIT_18s0001g07360,473,0.2296,ER6 protein universal stress protein (USP) family,USPER6,,vv30008Ethylene_signaling,
359,VIT_04s0008g05110,474,0.2288,Unknown,,,,
360,VIT_06s0061g01330,467,0.2278,Ribosomal protein L24 60S,K02896,,vv23010Ribosome,
361,VIT_01s0010g01360,469,0.2260,No hit,,,,
362,VIT_19s0138g00100,462,0.2246,No hit,,,,
363,VIT_14s0060g02370,461,0.2232,DegP protease,E3_4_21_107,,,
364,VIT_11s0016g02840,464,0.2229,Adaptor-related protein complex 4  sigma 1 sub,AP4S1,,vv50110Protein_coat,
365,VIT_12s0142g00120,457,0.2228,Nuclear movement protein,,,,
366,VIT_01s0010g01330,460,0.2228,No hit,,,,
367,VIT_11s0118g00780,459,0.2222,Zinc finger (C3HC4-type ring finger),ZFC3HC4_135,,vv60078Other_zf-C3HC4,
368,VIT_09s0002g03000,451,0.2181,Leucine-rich repeat protein kinase,,,,
369,VIT_01s0010g02340,450,0.2177,Anthranilate N-benzoyltransferase,E2_3_1_144,,vv10400Phenylalanine_tyrosine_and_tryptophan_biosynthesis,
370,VIT_18s0001g13620,446,0.2162,No hit,,,,
371,VIT_05s0020g01760,443,0.2153,Glutaredoxin-like protein,,,,
372,VIT_12s0035g00680,444,0.2148,ACR4 (Arabidopsis CRINKLY4),,,,
373,VIT_18s0001g12990,442,0.2143,Anthranilate N-benzoyltransferase protein 1,E2_3_1_144,,vv10400Phenylalanine_tyrosine_and_tryptophan_biosynthesis,
374,VIT_05s0077g00740,442,0.2137,Prefoldin subunit 3,,,,
375,VIT_09s0002g03620,438,0.2121,NADP-dependent malic enzyme,E1_1_1_39,,vv10620Pyruvate_metabolism,vv10710Carbon_fixation
376,VIT_04s0008g04800,436,0.2120,Transferase,,,,
377,VIT_18s0001g07680,437,0.2117,Rab geranylgeranyl transferase,E2_5_1_60,,vv10100Biosynthesis_of_steroids,
378,VIT_19s0027g00130,429,0.2073,Translation initiation factor IF-2  chloroplast,K02519,,,
379,VIT_09s0002g01140,426,0.2067,Tetratricopeptide helical,,,,
380,VIT_18s0001g07520,426,0.2058,Mechanosensitive ion channel MSCS-like 2,MSL2,,vv50101Channels_and_pores,
381,VIT_16s0098g00450,422,0.2030,No hit,,,,
382,VIT_00s1897g00010,420,0.2016,Ribosomal protein L21,K02888,,vv23010Ribosome,
383,VIT_10s0092g00120,411,0.1999,Gamma-soluble NSF attachment protein (GSNAP),GSNAP,,vv24130SNARE_interactions_in_vesicular_transport,
384,VIT_00s0229g00080<br>VIT_00s0459g00030,410,0.1987,
385,VIT_12s0059g01870,408,0.1966,GH3-like protein,AUXINBIOSYNTHESIS_GH3,,vv11002Auxin_biosynthesis,
386,VIT_09s0096g00960,406,0.1961,Binding,,,,
387,VIT_09s0002g04760,404,0.1957,SNF1-related protein kinase regulatory subunit beta-2 (AKIN beta-2),K08800,,,
388,VIT_14s0083g00990,397,0.1919,IMP dehydrogenase,E1_1_1_205,,vv10230Purine_metabolism,
389,VIT_00s0125g00290,395,0.1911,Lateral organ boundaries domain protein 4 (LBD4),LBD4_2,,vv60007AS2,
390,VIT_04s0008g02850,394,0.1903,Proteasome 20S beta subunit A (PBA1) (PRCD),K02738a,,vv23050Proteasome,
391,VIT_11s0016g03570,393,0.1890,No hit,,,,
392,VIT_08s0007g01720,390,0.1887,Reticulon family protein (RTNLB12),,,,
393,VIT_01s0010g01080,387,0.1880,Phosphoribulokinase/uridine kinase,E2_7_1_48,,vv10240Pyrimidine_metabolism,
394,VIT_06s0061g00780,388,0.1869,Zinc finger (C2H2 type) family,C2H2FAM_39,,vv60017C2H2,
395,VIT_17s0000g03360,386,0.1860,No hit,,,,
396,VIT_07s0104g01420,381,0.1853,Glutaredoxin,,,,
397,VIT_10s0003g04460,384,0.1851,ABC transporter C member 11,K05671,,vv52010ABC_transporters,
398,VIT_08s0056g00050,377,0.1815,Scarecrow transcription factor 23 (SCL23),SCL23_2,,vv60032GRAS,
399,VIT_13s0019g00770,374,0.1807,Lipase GDSL 7,,,,
400,VIT_18s0001g06520,370,0.1796,Isoamylase protein.,E2_4_1_18,,vv10500Starch_and_sucrose_metabolism,
401,VIT_18s0001g00460,369,0.1791,Unknown protein,,,,
402,VIT_11s0118g00710,369,0.1789,Glycerol-3-phosphate transporter,G3PP,,vv50121Porters_cat_1_to_6,
403,VIT_11s0016g02160,370,0.1783,Unknown protein,,,,
404,VIT_04s0008g01050,369,0.1783,Unknown,,,,
405,VIT_00s1522g00010,369,0.1781,No hit,,,,
406,VIT_09s0054g01160,362,0.1756,Beta-amyrin synthase,E5_4_99_BAS,,vv10900Terpenoid_biosynthesis,
407,VIT_03s0017g01790,365,0.1752,Ribosomal protein L20,K02887,,vv23010Ribosome,
408,VIT_14s0030g02190,361,0.1740,FtsH protease,K03798,,vv50133Primary_active_transporter_cat_A9_to_A18,
409,VIT_08s0007g02620,360,0.1736,Ribosomal protein S17 (RPS17A) 40S,K02961,,vv23010Ribosome,
410,VIT_08s0032g00140,355,0.1706,F-box family protein,,,,
411,VIT_19s0015g00690,347,0.1684,Nitrate-responsive NOI protein,,,,
412,VIT_04s0023g03340,343,0.1660,Adaptor-related protein complex 2  sigma 1 sub,AP2S1,,vv50110Protein_coat,
413,VIT_16s0050g02630,340,0.1646,FtsH protease that is localized to the chloroplast,K03798,,vv50133Primary_active_transporter_cat_A9_to_A18,
414,VIT_09s0002g02210,337,0.1639,Adhesion of calyx edges (ACE),,,,
415,VIT_08s0007g01370,338,0.1631,Protease inhibitor/seed storage/lipid transfer protein (LTP),,,,
416,VIT_07s0005g05140,336,0.1626,Zinc finger (HIT type) family protein,ZFHIT_2,,vv60080Other_zf,
417,VIT_06s0004g04660,336,0.1622,No hit,,,,
418,VIT_13s0019g04940,338,0.1621,KOW domain-containing factor family protein,KOWDOM,,,
419,VIT_00s0404g00020,335,0.1617,MAPK activating protein C22orf5,,,,
420,VIT_11s0016g01280,333,0.1610,DNA-directed RNA polymerase III subunit C4,K03026,,vv23020RNA_polymerase,
421,VIT_12s0034g00920,333,0.1606,No hit,,,,
422,VIT_02s0012g01850,330,0.1596,Syntaxin 7,K08488,,vv24130SNARE_interactions_in_vesicular_transport,vv44145Phagosome
423,VIT_07s0141g00180,325,0.1569,POR (PORCINO),PORCINO,,vv44810Regulation_of_actin_cytoskeleton,
424,VIT_04s0210g00060,323,0.1566,Mucin-like protein,K06568,,,
425,VIT_02s0025g01950,325,0.1557,Cellulose synthase CSLG3,E2_4_1_12_CSLG3,,vv40006Cell_wall,
426,VIT_13s0047g01060,319,0.1549,No hit,,,,
427,VIT_09s0002g04310,319,0.1546,Rho guanyl-nucleotide exchange factor ROPGEF8,ROPGEF8,,,
428,VIT_07s0005g05790,317,0.1545,VAMP726 (VESICLE-associated membrane protein),K08511,,vv24130SNARE_interactions_in_vesicular_transport,vv50101Channels_and_pores
429,VIT_01s0011g00100,315,0.1531,MADS-box APETALA 1,APETALA1_2,,vv30009Flower_development,vv60042MADS
430,VIT_12s0028g02600,315,0.1520,Cysteine proteinase,E3_4_22_x,,,
431,VIT_13s0019g00080,308,0.1485,Unknown protein,,,,
432,VIT_13s0084g00250,306,0.1485,Steroid sulfotransferase,E2_8_2_15,,vv11000Single_reactions,
433,VIT_15s0046g03240,305,0.1474,Unknown protein,,,,
434,VIT_06s0061g01260,301,0.1452,EMB1211 (embryo defective 1211),,,,
435,VIT_08s0040g02200,300,0.1451,Peroxidase ATP2a,E1_11_1_7,,vv10360Phenylalanine_metabolism,vv10680Methane_metabolism
436,VIT_03s0063g02120,297,0.1443,Minor allergen,,,,
437,VIT_17s0000g04620,297,0.1431,Unknown protein,,,,
438,VIT_08s0007g05950,294,0.1425,Purple acid phosphatase 16 ATPAP16/PAP16,E3_1_3_2,,vv10740Riboflavin_metabolism,
439,VIT_13s0019g04530,296,0.1423,Early flowering 6,ELF6_1,,vv34710Circadian_rhythm,vv60038Jumonji
440,VIT_03s0038g01960,294,0.1422,Proline-rich family protein,,,,
441,VIT_06s0004g01820,293,0.1419,Zf A20 and AN1 domain-containing stress-associated protein 2,SAP2_3,,vv60077Other_zf-AN1,
442,VIT_04s0023g03700,292,0.1408,Unknown protein,,,,
443,VIT_09s0002g02620,292,0.1406,Lectin jacalin,,,,
444,VIT_04s0079g00480,291,0.1404,Homeodomain GLABROUS11,HDG11_2,VvHB16,vv60034HB,
445,VIT_14s0030g00720,288,0.1396,FRL2 (FRIGIDA like 2),FRL,,vv30009Flower_development,
446,VIT_00s0187g00320,287,0.1388,Cellulase,E3_2_1_4,,vv40006Cell_wall,
447,VIT_11s0149g00150,286,0.1379,No hit,,,,
448,VIT_08s0058g01270,281,0.1364,Zinc finger (C3HC4-type ring finger),ZFC3HC4_94,,vv60078Other_zf-C3HC4,
449,VIT_05s0029g01310,282,0.1363,Actin related protein 2/3 complex  subunit 4,K05755,,vv44810Regulation_of_actin_cytoskeleton,
450,VIT_18s0001g03010,278,0.1346,BZIP transcription factor,BZIPDOM_12,VvbZIP54,vv60012BZIP,
451,VIT_15s0048g00120,276,0.1339,Unknown,,,,
452,VIT_11s0016g00310,276,0.1333,Pectinesterase family,E3_1_1_11,,vv40006Cell_wall,
453,VIT_09s0002g01850,275,0.1330,HAB1 (homology toABI1),HAB1,,vv30001ABA_signaling,
454,VIT_06s0004g06070,274,0.1328,Unknown protein,,,,
455,VIT_01s0011g03350,274,0.1324,PRP4 pre-mRNA processing factor 4 homolog B,,,,
456,VIT_05s0049g01410,273,0.1322,Phosphate transporter 1,PHO1,,vv50125Porters_cat_66_to_94,
457,VIT_18s0001g06630,270,0.1308,No hit,,,,
458,VIT_10s0116g00680,271,0.1307,PDF2 (protodermal factor2),PDF2_2,VvHB35,vv60034HB,
459,VIT_02s0012g01060,270,0.1306,ABC protein 6 non-intrinsic,K09015,,vv52010ABC_transporters,
460,VIT_04s0044g01990,269,0.1298,Lectin protein kinase,,,,
461,VIT_04s0069g00890,266,0.1293,Structural maintenance of chromosomes SMC3,K06669,,vv44110Cell_cycle,
462,VIT_00s1241g00010,264,0.1287,Myb domain protein 85,MYB85_3,MYB190,vv60044MYB,
463,VIT_16s0039g00740,266,0.1286,Histone-lysine N-methyltransferase ASHH3,E2_1_1_43ASHH3_1,,vv10300Lysine_biosynthesis,vv60056SET_PCG
464,VIT_08s0007g09040,261,0.1266,DnaJ homolog  subfamily A  member 5,K09506_2,,vv50132Primary_active_transporter_cat_A5_to_A8,vv60017C2H2
465,VIT_14s0068g00420,260,0.1257,Alpha-amylase isozyme C2 precursor,E3_2_1_1,,vv10500Starch_and_sucrose_metabolism,
466,VIT_07s0104g01240,261,0.1257,DegP2 protease,E3_4_21_107,,,
467,VIT_09s0002g00260,257,0.1247,Unknown protein,,,,
468,VIT_09s0018g00560,257,0.1242,Unknown protein,,,,
469,VIT_09s0002g00320,256,0.1241,Pectinesterase PME3,E3_1_1_11,,vv40006Cell_wall,
470,VIT_08s0007g04910,256,0.1240,Dual specificity phosphatase Cdc25,CDC25,,vv44110Cell_cycle,
471,VIT_08s0056g00770,255,0.1234,Unknown protein,,,,
472,VIT_11s0118g00030,255,0.1233,Exostosin family protein,K02366,,vv11030Glycan_structures-biosynthesis1,
473,VIT_11s0016g00540,257,0.1233,Respiratory burst oxidase protein E (RBOHE),RBOHE,,vv50105Transport_electron_carriers,
474,VIT_06s0004g02280,254,0.1228,Translocation protein SEC62,K12275,,vv23060Protein_export,vv24141Protein_processing_in_endoplasmic_reticulum
475,VIT_16s0098g00970,253,0.1220,Subtilisin serine protease,SBT3_5_1,,vv50101Channels_and_pores,vv60085MTERF
476,VIT_12s0057g00370,253,0.1220,Polygalacturonase PGA3,E3_2_1_15,,vv40006Cell_wall,
477,VIT_07s0005g03440,248,0.1204,Structural maintenance of chromosomes (SMC1),K06636,,vv44110Cell_cycle,
478,VIT_14s0128g00930,250,0.1204,No hit,,,,
479,VIT_01s0127g00810,250,0.1201,Adaptor-related protein complex 1  sigma 2,AP1S2,,vv50110Protein_coat,
480,VIT_17s0000g00620,246,0.1199,Protein kinase CRK1,,,,
481,VIT_01s0146g00410,246,0.1190,GEM-like protein 5,,,,
482,VIT_07s0005g01310,245,0.1185,Threonyl-tRNA synthetase  class IIa,E6_1_1_3,,vv10260Glycine_serine_and_threonine_metabolism,vv20970Aminoacyl-tRNA_biosynthesis
483,VIT_08s0007g00630,241,0.1163,No hit,,,,
484,VIT_02s0087g00190,241,0.1158,SH3 domain-containing protein 2,SH3P2,,vv50110Protein_coat,
485,VIT_10s0116g00840,239,0.1157,Unknown,,,,
486,VIT_01s0011g01090,235,0.1139,Unknown protein,,,,
487,VIT_08s0007g06280,235,0.1136,Unknown,,,,
488,VIT_12s0035g00050,234,0.1130,No hit,,,,
489,VIT_02s0087g00260,228,0.1104,RPD1 (root primordium defective 1),,,,
490,VIT_19s0014g02740,222,0.1085,Metallothionein,,,,
491,VIT_04s0023g00620,225,0.1081,Unknown,,,,
492,VIT_18s0041g01250,221,0.1072,Amino acid permease 1,AAP1,,vv50123Porters_cat_18_to_29,
493,VIT_02s0154g00560,221,0.1070,No hit,,,,
494,VIT_02s0087g00380,219,0.1054,No hit,,,,
495,VIT_12s0028g01850,218,0.1049,Receptor kinase TRKe,,,,
496,VIT_09s0002g06750,218,0.1049,ERF/AP2 transcription factor sub B-6 SHINE,SHINE1_1,VvERF042,vv30008Ethylene_signaling,vv60003AP2_EREBP
497,VIT_11s0052g00260,217,0.1047,Unknown protein,,,,
498,VIT_17s0000g02460,217,0.1042,Wuschel related homeobox 1,WOX1_2,VvHB57,vv60034HB,
499,VIT_18s0001g07540,214,0.1037,No hit,,,,
500,VIT_03s0088g00950,214,0.1031,Unknown protein,,,,
501,VIT_19s0014g01200,211,0.1026,No hit,,,,
502,VIT_01s0010g00610,208,0.1010,DNA glycosylase,,,,
503,VIT_18s0001g14390,209,0.1009,Transducin protein,,,,
504,VIT_00s0324g00040,208,0.1004,Molecular chaperone DnaJ,K03686,,vv50132Primary_active_transporter_cat_A5_to_A8,
505,VIT_16s0050g01570,207,0.1003,Synbindin TRAPPC1,TRAPPC1,,vv50110Protein_coat,
506,VIT_05s0062g00120,206,0.0996,Ribosomal protein S8 (RPS8B) 40S,K02994,,vv23010Ribosome,
507,VIT_16s0050g00720,206,0.0989,Ubiquitin-protein ligase ASK21,ASK21,,vv30003Auxin_signaling,
508,VIT_01s0026g01670,204,0.0986,Pectate lyase  N-terminal,E4_2_2_2,,vv40006Cell_wall,
509,VIT_07s0141g00090,203,0.0979,Fatty acid elongase 1,E2_3_1_41,,vv10061Fatty_acid_biosynthesis,
510,VIT_18s0001g14530,199,0.0962,Ubiquitin-protein ligase CIP8 (COP1-interacting protein 8),CIP8,,vv24120Ubiquitin_mediated_proteolysis,
511,VIT_06s0004g03490,196,0.0954,Nuclear transcription factor Y subunit B related,NFYBREL_5,,vv60021CCAAT,
512,VIT_13s0019g02650,196,0.0949,U4/U6 small nuclear ribonucleoprotein SNU13,K12845,,vv23008Ribosome_biogenesis_in_Eukaryotes,vv23040Spliceosome
513,VIT_07s0005g03450,196,0.0948,Structural maintenance of chromosomes (SMC1),K06636,,vv44110Cell_cycle,
514,VIT_01s0010g02500,194,0.0937,Lysine histidine transporter 1,LHT1,,vv50123Porters_cat_18_to_29,
515,VIT_17s0000g03910,192,0.0935,flavonoid 3-monooxygenase,E1_14_13_21,,vv10941Flavonoid_biosynthesis,
516,VIT_01s0011g02520,193,0.0930,EXS family protein / ERD1/XPR1/SYG1,ERD1,,vv50125Porters_cat_66_to_94,
517,VIT_07s0005g03290,192,0.0929,Inorganic phosphate transporter 1-4,PHT1_4,,vv50121Porters_cat_1_to_6,
518,VIT_18s0072g00230,193,0.0928,ATPase,,,,
519,VIT_19s0014g02690,193,0.0927,Unknown protein,,,,
520,VIT_13s0106g00110<br>VIT_12s0059g00030<br>VIT_12s0034g00970<br>VIT_12s0034g00780<br>VIT_12s0034g00950<br>VIT_00s0269g00080<br>VIT_16s0013g00940<br>VIT_12s0034g00410<br>VIT_12s0034g00800,186,0.0895,
521,VIT_08s0105g00250,184,0.0894,Aluminum activated malate transporter 1,ALMT1,,vv50125Porters_cat_66_to_94,
522,VIT_00s0647g00010,185,0.0888,WD40,,,,
523,VIT_12s0057g01060,175,0.0848,Jasmonate O-methyltransferase,E2_1_1_141,,vv10592alpha-Linolenic_acid_metabolism,
524,VIT_08s0007g07540,174,0.0839,HNH endonuclease domain-containing protein,,,,
525,VIT_04s0023g03160,173,0.0838,Unknown protein,,,,
526,VIT_17s0000g06530,172,0.0831,No hit,,,,
527,VIT_11s0037g00840,172,0.0830,Tetratricopeptide repeat (TPR)-containing,,,,
528,VIT_05s0136g00300,169,0.0816,No hit,,,,
529,VIT_17s0000g06560,167,0.0811,Retrovirus Pol polyprotein from transposon TNT 1-94,,,,
530,VIT_18s0001g06200,165,0.0802,Phosphotyrosyl phosphatase activator (PTPA),,,,
531,VIT_08s0040g01660,166,0.0798,No hit,,,,
532,VIT_18s0001g03200,162,0.0789,Emp24/gp25L/p24,EMP24,,vv50110Protein_coat,
533,VIT_19s0027g01150,163,0.0786,Phenylalanine-tRNA synthetase,E6_1_1_20,,vv10400Phenylalanine_tyrosine_and_tryptophan_biosynthesis,vv20970Aminoacyl-tRNA_biosynthesis
534,VIT_11s0065g00840,162,0.0782,EIF4-gamma/eIF5/eIF2-epsilon domain-containing protein,K03240,,,
535,VIT_06s0080g01000,159,0.0773,Secoisolariciresinol dehydrogenase,SIRD,,vv10940Phenylpropanoid_biosynthesis,
536,VIT_13s0084g00090,159,0.0771,Nodulin MtN21 family,MTN21,,vv50122Porters_cat_7_to_17,
537,VIT_00s1405g00020,159,0.0769,WD40,,,,
538,VIT_11s0052g00230,158,0.0765,Accelerated cell death 11 (ACD11),,,,
539,VIT_06s0004g00390,153,0.0742,Holocarboxylase synthetase,E6_3_4_9,,vv10780Biotin_metabolism,
540,VIT_13s0019g03730,153,0.0739,No hit,,,,
541,VIT_08s0040g02670,152,0.0738,Lumen common protein   Chloroplast,,,,
542,VIT_13s0019g01270,152,0.0738,Phytoene synthase,E2_5_1_32,,vv10100Biosynthesis_of_steroids,vv10900Terpenoid_biosynthesis
543,VIT_00s0264g00060,151,0.0730,Unknown,,,,
544,VIT_01s0010g01350,151,0.0727,ADP-glucose pyrophosphorylase large subunit CagpL2,E2_7_7_27,,vv10500Starch_and_sucrose_metabolism,
545,VIT_18s0122g00570,148,0.0719,MBD9 (methyl-CPG-binding Domain 9),MBD9_2,,vv30009Flower_development,vv60048PHD
546,VIT_18s0122g00210,148,0.0717,Unknown,,,,
547,VIT_10s0116g00530,147,0.0710,Thiazole biosynthetic enzyme  chloroplast (ARA6),E2_5_1_3,,vv10730Thiamine_metabolism,
548,VIT_11s0016g05320,146,0.0707,Peroxidase,E1_11_1_7,,vv10360Phenylalanine_metabolism,vv10680Methane_metabolism
549,VIT_07s0005g04700,147,0.0707,Dihydroneopterin aldolase,E4_1_2_25,,vv10790Folate_biosynthesis,
550,VIT_14s0068g02010,145,0.0700,IMP dehydrogenase/GMP reductase,E1_1_1_205,,vv10230Purine_metabolism,
551,VIT_05s0020g04810,145,0.0700,Lipase GDSL 7,GLIP7,,vv50101Channels_and_pores,
552,VIT_19s0090g01580,143,0.0694,Lysine decarboxylase,E4_1_1_18,,vv10300Lysine_biosynthesis,
553,VIT_13s0019g04130,143,0.0690,AarF domain containing kinase,K08869,,,
554,VIT_05s0049g02110,141,0.0683,Sec20,K08497,,vv24130SNARE_interactions_in_vesicular_transport,
555,VIT_17s0000g06520,139,0.0672,Timing of CAB expression 1,TOC1_1,,vv34710Circadian_rhythm,vv60050PseudoARR-B
556,VIT_08s0056g00660,138,0.0668,Pentatricopeptide (PPR) repeat-containing,,,,
557,VIT_06s0004g00750,138,0.0666,Acyl-CoA synthetases (Acyl-activating enzyme 18),E6_2_1_3,,vv10071Fatty_acid_metabolism,vv50104Group_translocators
558,VIT_03s0038g02060,137,0.0662,Dirigent protein pDIR7,,,,
559,VIT_02s0025g02980,137,0.0660,Soluble inorganic pyrophosphatase,K01507,,vv10190Oxidative_phosphorylation,vv50133Primary_active_transporter_cat_A9_to_A18
560,VIT_11s0016g03790,136,0.0659,No hit,,,,
561,VIT_18s0001g12840,132,0.0643,ADP-glucose pyrophosphorylase large subunit CagpL2,E2_7_7_27,,vv10500Starch_and_sucrose_metabolism,
562,VIT_06s0009g00500,133,0.0643,No hit,,,,
563,VIT_17s0000g04120,133,0.0642,Histone deacetylase HDA15,HDA15,,vv44110Cell_cycle,
564,VIT_13s0019g00460,132,0.0636,Unknown protein,,,,
565,VIT_07s0031g02630,131,0.0632,Aldehyde dehydrogenase,E1_2_1_3,vv10561Glycerolipid_metabolism,vv10010Glycolysis,vv10071Fatty_acid_metabolism
566,VIT_16s0098g00710,131,0.0628,Serine protease inhibitor  Kazal-type,,,,
567,VIT_07s0005g05180,129,0.0624,No hit,,,,
568,VIT_02s0025g00520,128,0.0620,No hit,,,,
569,VIT_06s0009g02540,128,0.0620,Unknown protein,,,,
570,VIT_15s0048g00610,128,0.0613,Unknown,,,,
571,VIT_07s0031g00770,127,0.0611,Unknown protein,,,,
572,VIT_00s0181g00070,126,0.0607,ARV2,,,,
573,VIT_16s0050g01650,124,0.0598,Unknown,,,,
574,VIT_00s0226g00090,121,0.0584,No hit,,,,
575,VIT_06s0004g03310,120,0.0581,Hydrolase  alpha/beta fold,,,,
576,VIT_17s0053g00620,117,0.0567,Nascent polypeptide-associated complex subunit beta,K01527,,,
577,VIT_14s0108g01430,116,0.0564,Zinc finger (C3HC4-type ring finger),ZFC3HC4_63,,vv60078Other_zf-C3HC4,
578,VIT_18s0001g01360,115,0.0554,Toprim domain-containing protein,,,,
579,VIT_09s0002g02830,114,0.0552,Light repressible receptor protein kinase,,,,
580,VIT_12s0055g00780,114,0.0549,VPS20.2 SNF7,VPS20_2,,vv50111Tethering_factors,
581,VIT_14s0068g00370,113,0.0541,No hit,,,,
582,VIT_05s0020g00900,112,0.0539,P-glycoprotein 4,PGP4,,vv52010ABC_transporters,
583,VIT_18s0041g00570,110,0.0531,Proton-dependent oligopeptide transport (POT) family protein,POT,,vv50122Porters_cat_7_to_17,
584,VIT_05s0077g01040,109,0.0529,Peptidylprolyl isomerase domain and WD repeat-containing protein 1,K12736,,vv23040Spliceosome,
585,VIT_11s0016g02260,109,0.0526,Unknown,,,,
586,VIT_16s0022g00340,106,0.0512,Unknown,,,,
587,VIT_07s0005g06410,105,0.0506,High-affinity K+ transporter 1 (HKT1),HKT1,,vv50124Porters_cat_30_to_64,
588,VIT_04s0008g06520,103,0.0498,Calcineurin phosphoesterase,,,,
589,VIT_13s0019g02810,102,0.0493,Glucuronosyl transferase,E2_4_1_17,,vv10040Pentose_glucuronate_interconversion,vv10500Starch_and_sucrose_metabolism
590,VIT_01s0010g01870,101,0.0489,Salicylic acid-induced fragment 1 protein,,,,
591,VIT_14s0006g01090,100,0.0484,ADP-ribosylation factor-like A1A,ARLA1A,,,
592,VIT_02s0025g03620,99,0.0482,Glutathione S-transferase 1 GSTT1,E2_5_1_18_GSTT1,,vv10480Glutathione_metabolism,
593,VIT_10s0003g00340,99,0.0477,ACR4 (Arabidopsis CRINKLY4),,,,
594,VIT_10s0042g00940,97,0.0469,Hydroxyproline-rich glycoprotein family protein,HRGP_3,,vv40006Cell_wall,vv60062Trihelix
595,VIT_12s0059g01210,97,0.0467,RNA-binding protein,,,,
596,VIT_17s0000g06100,97,0.0467,Pentatricopeptide (PPR) repeat-containing protein,,,,
597,VIT_04s0008g01020,96,0.0466,Unknown protein,,,,
598,VIT_14s0083g00740,97,0.0466,Amino acid permease,AAPREL,,vv50123Porters_cat_18_to_29,
599,VIT_12s0028g03090,95,0.0461,Homeobox transcription factor,DDTHB_2,VvHB42,vv60025DDT,
600,VIT_15s0046g00970,95,0.0459,Lipid transfer protein,LTP,,,
601,VIT_05s0136g00140,94,0.0459,AarF domain containing kinase,K08869,,,
602,VIT_19s0015g02470,92,0.0451,Zinc finger (C3HC4-type ring finger),ZFC3HC4_72,,vv60078Other_zf-C3HC4,
603,VIT_15s0021g00640,91,0.0441,RAB GTPase RAB6,K07976,,,
604,VIT_05s0077g00980,91,0.0440,Unknown,,,,
605,VIT_14s0066g01910,90,0.0437,CRS1,,,,
606,VIT_16s0022g01860,89,0.0433,Cleavage and polyadenylation specificity factor subunit 1,K14401,,vv23015mRNA_surveillance_pathway,
607,VIT_05s0029g01210,89,0.0431,Alkaline phytoceramidase,K04711,,vv10600Sphingolipid_metabolism,
608,VIT_18s0001g00360,88,0.0428,No hit,,,,
609,VIT_11s0052g00400,88,0.0425,DC2 protein,,,,
610,VIT_15s0046g02290,87,0.0422,ATBRM/CHR2 (Arabidopsis thaliana BRAHMA),BRAHMA,,vv60058SNF2,
611,VIT_02s0012g02120,87,0.0421,Defender against cell death 1 (DAD1),K12668,,vv10510N-Glycan_biosynthesis,vv24141Protein_processing_in_endoplasmic_reticulum
612,VIT_03s0180g00240,87,0.0421,No hit,,,,
613,VIT_00s0477g00040,87,0.0419,Clathrin assembly protein 16,CAP16,,vv50110Protein_coat,
614,VIT_16s0039g02510,86,0.0418,Cell division cycle 20  cofactor of APC complex,K03363,,vv24120Ubiquitin_mediated_proteolysis,vv44110Cell_cycle
615,VIT_18s0001g11250,87,0.0418,R protein MLA10,K13475,,vv34627R_proteins_from_Plant-pathogen_interaction,
616,VIT_18s0089g00610,86,0.0413,Cytoplasmic membrane protein,,,,
617,VIT_05s0051g00790,85,0.0412,Glutamate receptor protein,GLR2_7,,vv50101Channels_and_pores,
618,VIT_18s0001g08670,84,0.0409,Pre-mRNA-processing factor 40,K12821,,vv23040Spliceosome,
619,VIT_08s0007g08710,83,0.0400,Unknown protein,,,,
620,VIT_06s0009g01920,83,0.0400,No hit,,,,
621,VIT_05s0020g04850,81,0.0391,H1flk,,,,
622,VIT_05s0077g01900,80,0.0390,Polygalacturonase GH28,E3_2_1_15,,vv40006Cell_wall,
623,VIT_08s0007g07190,79,0.0385,Calmodulin-binding region IQ,,,,
624,VIT_17s0000g10300,78,0.0377,DELLA protein GAI1,GAI1_2,,vv30009Flower_development,vv30010Gibberellin_signaling
625,VIT_04s0043g00700,77,0.0373,PTAC3 (plastid transcriptionally active3),PTAC3,,,
626,VIT_00s0420g00040,77,0.0370,S-locus lectin protein kinase,,,,
627,VIT_05s0020g02740,76,0.0366,Aquaporin NIP7;1,NIP7_1,,vv50101Channels_and_pores,
628,VIT_06s0061g00240,76,0.0366,ABC transporter G member 7,ABCG7,,vv52010ABC_transporters,
629,VIT_19s0085g00740,76,0.0365,ZIP family transporter,ZIP1,,vv50121Porters_cat_1_to_6,
630,VIT_00s0920g00020,75,0.0364,HEAT repeat-containing protein,,,,
631,VIT_19s0085g00650,75,0.0363,Cation efflux family,CAEFF,,vv50121Porters_cat_1_to_6,
632,VIT_05s0124g00560,75,0.0362,UDP-galactose transporter 6,UTR6,,vv50122Porters_cat_7_to_17,
633,VIT_06s0004g03110,73,0.0352,Unknown,,,,
634,VIT_11s0052g00460,73,0.0352,Cation exchanger (CAX10),K07300_CAX10,,vv50123Porters_cat_18_to_29,
635,VIT_00s0211g00040,72,0.0349,Nodulation receptor kinase,,,,
636,VIT_15s0021g00810,72,0.0348,No hit,,,,
637,VIT_12s0028g01560,71,0.0344,Zinc finger (C3HC4-type ring finger),ZFC3HC4_236,,vv60078Other_zf-C3HC4,
638,VIT_13s0064g00040,71,0.0342,Unknown protein,,,,
639,VIT_12s0059g01710,70,0.0340,Hydroxyproline-rich glycoprotein family protein,,,,
640,VIT_15s0046g02880,70,0.0339,Unknown protein,,,,
641,VIT_19s0014g02720,70,0.0338,Unknown protein,,,,
642,VIT_09s0002g06870,69,0.0334,Methyl-CpG-binding domain-containing protein,,,,
643,VIT_04s0044g01620,69,0.0334,RGLG1 (ring Domain LIGASE1),RGLG1,,vv50004Auxin_transport,
644,VIT_12s0035g00060,68,0.0331,DNA (cytosine-5)-methyltransferase,E2_1_1_37,,vv10271Methionine_metabolism,
645,VIT_00s0194g00310,68,0.0327,RNA-binding protein P67  Chloroplast,,,,
646,VIT_08s0007g00960,68,0.0327,Wall-associated receptor kinase-like 20,,,,
647,VIT_12s0134g00640,67,0.0325,Anthocyanidin 3-O-glucoside-6''-O-malonyltransferase,E2_3_1_171,,vv10942Anthocyanin_biosynthesis,
648,VIT_18s0001g01760,67,0.0324,PISTILLATA (PI) floral homeotic protein,PISTILLATA_1,,vv30009Flower_development,vv60042MADS
649,VIT_09s0002g01690,67,0.0323,Unknown protein,,,,
650,VIT_17s0053g00020,66,0.0318,Unknown,,,,
651,VIT_05s0049g02140,66,0.0318,Glutamyl-tRNA(Gln) amidotransferase B,E6_3_5_6,,vv10251Glutamate_metabolism,vv10252Alanine_and_aspartate_metabolism
652,VIT_01s0010g03810,64,0.0310,No hit,,,,
653,VIT_07s0141g00040,64,0.0309,Protein phosphatase 2C,E3_1_3_16,,,
654,VIT_10s0003g00010,64,0.0309,Ribosomal protein S5,K02988,,vv23010Ribosome,
655,VIT_09s0054g00380,64,0.0308,Unknown protein,,,,
656,VIT_13s0019g02430,64,0.0307,LIM domain containing protein,LIMDOM_2,,vv60040LIM,
657,VIT_13s0320g00070,63,0.0305,Myosin-like protein XIF,MYOSINXIF,,vv44810Regulation_of_actin_cytoskeleton,
658,VIT_17s0000g02770,63,0.0303,Disease resistance protein (CC-NBS-LRR class),,,,
659,VIT_01s0011g02880,63,0.0303,Cationic amino acid transporter 8,CAT8,,vv50121Porters_cat_1_to_6,
660,VIT_18s0001g15720,63,0.0303,Leucine Rich Repeat receptor-like kinase,,,,
661,VIT_08s0058g00910,62,0.0299,RAPTOR1B (RAPTOR1),K07204,,vv34150mTOR_signaling_pathway,
662,VIT_19s0090g01400,61,0.0296,Wax synthase isoform 1,E2_3_1_75,,vv11000Single_reactions,
663,VIT_03s0038g04600,61,0.0294,Endoplasmatic reticulum retrieval protein 1B,RER1B,,vv50109Incompletely_characterized_transport_systems,
664,VIT_04s0008g06510,60,0.0290,Unknown,,,,
665,VIT_12s0034g01840,57,0.0277,3-ketoacyl-CoA synthase 7,,,,
666,VIT_02s0025g01520,57,0.0277,Unknown protein,,,,
667,VIT_01s0011g05750,57,0.0276,Zinc finger (C3HC4-type ring finger),ZFC3HC4_224,,vv60078Other_zf-C3HC4,
668,VIT_10s0116g00110,57,0.0276,Receptor kinase RK20-1,,,,
669,VIT_09s0002g01350,57,0.0276,Growth-regulating factor 5,GRF5_4,,vv60033GRF,
670,VIT_02s0025g04620,56,0.0271,Phospholipase D beta 1,PLDB1,,vv10564Glycerophospholipid_metabolism,vv10565Ether_lipid_metabolism
671,VIT_06s0004g03650,55,0.0266,Pseudo-response regulator 7 (APRR7),APRR7_4,,vv30007Cytokinin_signaling,vv34710Circadian_rhythm
672,VIT_15s0021g01780,54,0.0261,No hit,,,,
673,VIT_07s0130g00030,54,0.0260,Proteinase inhibitor se60,,,,
674,VIT_15s0021g02030,54,0.0260,Homoserine dehydrogenase,E1_1_1_3,,vv10260Glycine_serine_and_threonine_metabolism,vv10300Lysine_biosynthesis
675,VIT_00s0229g00110,53,0.0255,Agenet domain-containing protein,,,,
676,VIT_16s0013g01720,52,0.0252,N4-(beta-N-acetylglucosaminyl)-L-asparaginase,E3_5_1_26,,vv10511N-Glycan_degradation,
677,VIT_06s0004g02340,52,0.0251,NAC domain containing protein 47,NAC047_2,VvNAC43,vv60046NAC,
678,VIT_00s0187g00230,52,0.0250,No hit,,,,
679,VIT_14s0030g00700,51,0.0247,Transport protein particle (TRAPP) component Bet3,BET3,,vv50110Protein_coat,
680,VIT_13s0019g02350,51,0.0247,Glycoprotein  Mitochondrial,,,,
681,VIT_15s0021g01800,51,0.0246,No hit,,,,
682,VIT_19s0015g01030,51,0.0245,No hit,,,,
683,VIT_09s0002g06500,50,0.0242,Glycosyl hydrolase family 17 protein,,,,
684,VIT_14s0083g00410,50,0.0241,Unknown,,,,
685,VIT_06s0080g00930,50,0.0241,Unknown protein,,,,
686,VIT_05s0077g00910,49,0.0239,DNA-binding enhancer protein,,,,
687,VIT_00s0225g00060,49,0.0238,MATE efflux family protein,MATE,,vv50125Porters_cat_66_to_94,
688,VIT_12s0035g00640,48,0.0233,Ubiquitin-like domain containing CTD phosphatase 1,,,,
689,VIT_08s0007g04580,48,0.0232,UGT73C2 (UDP-glucosyl transferase 73C2),,,,
690,VIT_07s0005g01960,48,0.0231,Unknown protein,,,,
691,VIT_15s0021g02300,47,0.0229,Squamosa promoter-binding protein 8 (SPL8),SPL8,,vv60055SBP,
692,VIT_14s0030g00550,47,0.0228,Copine BON3 (BONZAI 3),BON3,,,
693,VIT_06s0009g00780,47,0.0227,Exo-1 3-beta-glucanase,E3_2_1_58,,vv10500Starch_and_sucrose_metabolism,
694,VIT_14s0066g01230,47,0.0227,Unknown protein,,,,
695,VIT_03s0063g00680,47,0.0227,Zinc metalloprotease pitrilysin sub A,E3_4_24_x,,,
696,VIT_01s0026g01460,46,0.0222,Thioredoxin H-type 2 (Trx-H-2),,,,
697,VIT_07s0104g00490,46,0.0221,Unknown,,,,
698,VIT_12s0059g02040,45,0.0219,Unknown,,,,
699,VIT_19s0014g02350,45,0.0219,Squamosa promoter-binding protein 4 (SPL4),SPL4_1,,vv60055SBP,
700,VIT_14s0030g00740,45,0.0218,ACP2 (Acyl carrier protein 2),K02078,,vv50134Primary_active_transporter_cat_D1,
701,VIT_07s0005g04370,45,0.0218,Unknown protein,,,,
702,VIT_13s0047g01070,45,0.0218,Calcium-binding EF-hand,,,,
703,VIT_14s0060g01080,44,0.0215,ferroportin,FERROPORTIN,,vv50109Incompletely_characterized_transport_systems,
704,VIT_18s0001g13520,44,0.0213,Zinc finger (B-box type),ZFBBOX_9,,vv60073Orphans_zf-b_box,
705,VIT_06s0004g06350,43,0.0208,Pleckstriny (PH) domain-containing protein,,,,
706,VIT_04s0008g03980,43,0.0207,BURP domain-containing protein,,,,
707,VIT_14s0068g01210,42,0.0204,Sex determination protein tasselseed-2,,,,
708,VIT_18s0086g00220,42,0.0204,Lipase GDSL,,,,
709,VIT_17s0000g04960,42,0.0203,Polygalacturonate 4-alpha-galacturonosyltransferase GAUT11,E2_4_1_43,,vv40006Cell_wall,
710,VIT_05s0077g00450,42,0.0203,Ribosomal protein S1 30S,K02945,,vv23010Ribosome,
711,VIT_02s0025g02680,42,0.0203,Growth-regulating factor 5,GRF5_1,,vv60033GRF,
712,VIT_09s0018g01280,41,0.0200,Ribulose bisphosphate carboxylase/oxygenase activase 2,,,,
713,VIT_10s0003g04740,41,0.0199,No hit,,,,
714,VIT_12s0035g01880,41,0.0199,Zinc finger homeobox 21,ZFHB21_3,,vv60068Zf-HD,
715,VIT_15s0021g00010,41,0.0199,Eceriferum 1 (CER1 protein) Sterol desaturase,,,,
716,VIT_05s0094g01450,41,0.0197,Unknown,,,,
717,VIT_13s0067g02210,40,0.0193,ALPHA-SNAP2 (alpha-soluble nsf attachment protein),ASNAP2,,vv24130SNARE_interactions_in_vesicular_transport,
718,VIT_15s0048g02250,40,0.0193,Calcium ion binding protein,,,,
719,VIT_19s0027g01650,39,0.0190,Unknown,,,,
720,VIT_12s0034g01440,39,0.0188,Emp24/gp25L/p24,EMP24,,vv50110Protein_coat,
721,VIT_11s0016g02250,38,0.0184,Unknown protein,,,,
722,VIT_12s0057g01420,38,0.0183,Exostosin,K02366,,vv11030Glycan_structures-biosynthesis1,
723,VIT_01s0011g04420,37,0.0180,Unknown protein,,,,
724,VIT_19s0090g01150,37,0.0180,SWIB complex BAF60b domain-containing protein,SWIB_11,,vv60092SWIB,
725,VIT_16s0039g01580,37,0.0179,Carbohydrate kinase,E2_7_1_15,,vv10030Pentose_phosphate,
726,VIT_12s0028g02400,37,0.0178,Leaf senescence protein,,,,
727,VIT_15s0046g03500,36,0.0174,Metal ion binding,,,,
728,VIT_13s0019g00440,36,0.0174,Auxin-regulated protein,AUXREG,,vv30003Auxin_signaling,
729,VIT_18s0001g03450,35,0.0170,Glycine-rich protein,,,,
730,VIT_02s0025g03710,35,0.0169,DTA2 (downstream target of AGL15 2),,,,
731,VIT_09s0002g01450,35,0.0169,Unknown protein,,,,
732,VIT_12s0035g00420,35,0.0168,Disease resistance protein,,,,
733,VIT_09s0002g06610,34,0.0165,Polygalacturonase GH28,E3_2_1_15,,vv40006Cell_wall,
734,VIT_19s0093g00470,34,0.0164,Transcription initiation factor TFIID subunit 11,K03127,,vv23022Basal_transcription_factors,
735,VIT_06s0080g00800,33,0.0159,Vesicle-associated membrane protein 714,K08515,,vv24130SNARE_interactions_in_vesicular_transport,vv50101Channels_and_pores
736,VIT_16s0098g00700,33,0.0159,No hit,,,,
737,VIT_18s0122g01200,33,0.0159,Pentatricopeptide (PPR) repeat-containing protein,,,,
738,VIT_07s0005g06600,32,0.0155,Unknown protein,,,,
739,VIT_04s0008g00780,32,0.0155,Unknown,,,,
740,VIT_01s0011g06130,31,0.0150,Erwinia induced protein 2,,,,
741,VIT_16s0039g02680,31,0.0149,Unknown protein,,,,
742,VIT_17s0000g07680,30,0.0145,Alpha-N-acetylglucosaminidase,E3_2_1_50,,vv10511N-Glycan_degradation,
743,VIT_06s0004g07100,30,0.0145,Translation initiation factor eIF-2 alpha subunit,K03237,,vv23013RNA_transport,
744,VIT_12s0035g01640,30,0.0145,DNA binding,,,,
745,VIT_07s0005g01570,29,0.0141,No hit,,,,
746,VIT_03s0097g00690,29,0.0141,No hit,,,,
747,VIT_11s0016g03610,29,0.0140,Proton-dependent oligopeptide transport (POT) family protein,POT,,vv50122Porters_cat_7_to_17,
748,VIT_11s0016g00870,28,0.0136,Strictosidine synthase (YLS2),E4_3_3_2,,vv10900Terpenoid_biosynthesis,vv10902Monoterpenoid_biosynthesis
749,VIT_03s0063g00740,28,0.0135,Carboxylesterase CXE,E3_1_1_1,,,
750,VIT_04s0008g06630,27,0.0131,Phototropic-responsive NPH3,,,,
751,VIT_09s0054g01290,27,0.0130,Beta-amyrin synthase,E5_4_99_BAS,,vv10900Terpenoid_biosynthesis,
752,VIT_08s0007g07040,27,0.0130,No hit,,,,
753,VIT_15s0046g03180,27,0.0130,Remorin,,,,
754,VIT_03s0063g02050,26,0.0126,E3 ubiquitin-protein ligase RNF5,K10666_2,,vv24141Protein_processing_in_endoplasmic_reticulum,vv60078Other_zf-C3HC4
755,VIT_05s0020g02680,26,0.0126,Zinc finger (C3HC4-type ring finger),ZFC3HC4_220,,vv60078Other_zf-C3HC4,
756,VIT_17s0000g07510,26,0.0125,Myb family,MYBREL_1,,vv60045MYBrelated,
757,VIT_15s0048g01780,25,0.0121,Peptidyl-prolyl cis-trans isomerase-like 3,K12734,,vv23040Spliceosome,
758,VIT_05s0077g00870,25,0.0120,Lipase GDSL,,,,
759,VIT_17s0000g00890,25,0.0120,Geranylgeranylated protein ATGP4,,,,
760,VIT_15s0048g00540,25,0.0120,Golgi SNARE 12 protein,K08495,,vv24130SNARE_interactions_in_vesicular_transport,
761,VIT_00s1356g00010,24,0.0116,Zinc finger (C2H2 type) family,C2H2FAM_15,,vv60017C2H2,
762,VIT_08s0040g00250,24,0.0116,Tyrosine-specific protein phosphatase,,,,
763,VIT_00s0227g00180<br>VIT_00s0582g00020,24,0.0116,
764,VIT_08s0007g03160,24,0.0116,Signal recognition particle subunit 54 SRP54,K03106,,vv23060Protein_export,vv50113Thylakoid_targeting_pathway
765,VIT_00s0601g00030,23,0.0112,ADP-ribosylation factor-like A1C,ARLA1C,,,
766,VIT_14s0083g00600,23,0.0111,Unknown,,,,
767,VIT_03s0038g00400,23,0.0111,CRS1,,,,
768,VIT_06s0004g08250,22,0.0107,Leucine-rich repeat transmembrane protein kinase  putative,,,,
769,VIT_04s0044g00310,22,0.0107,Nodulin MtN21 family,MTN21,,vv50122Porters_cat_7_to_17,
770,VIT_15s0048g02000,22,0.0107,Homeodomain GLABROUS1,HDG1_1,VvHB53,vv60034HB,
771,VIT_05s0124g00250,22,0.0107,Histone-lysine N-methyltransferase ATX1,E2_1_1_43ATX1_2,,vv10300Lysine_biosynthesis,vv60048PHD
772,VIT_14s0060g00060,22,0.0106,EMB1138 (embryo defective 1138),EMB1138,,vv23040Spliceosome,vv50133Primary_active_transporter_cat_A9_to_A18
773,VIT_15s0046g00150,22,0.0106,DOF affecting germination 1,DAG1_1,,vv60015C2C2-DOF,
774,VIT_13s0084g00270,22,0.0106,Unknown protein,,,,
775,VIT_12s0028g03180,21,0.0102,DNA-binding protein,,,,
776,VIT_16s0022g01450,21,0.0102,UDP-D- glcucuronate  4-epimerase 2 GAE2,E5_1_3_6,,vv10500Starch_and_sucrose_metabolism,vv10520Nucleotide_sugars_metabolism
777,VIT_14s0108g00300,21,0.0102,Leucine Rich Repeat receptor-like kinase,,,,
778,VIT_16s0050g02540,20,0.0097,Nodulin MtN3 family,,,,
779,VIT_06s0004g02100,20,0.0097,3-beta-hydroxysteroid-delta-isomerase,E5_3_3_5,,vv10100Biosynthesis_of_steroids,
780,VIT_07s0031g01210,20,0.0096,Apoptotic chromatin condensation inducer 1,K12875,,vv23013RNA_transport,vv23015mRNA_surveillance_pathway
781,VIT_01s0011g06600,20,0.0096,Glutamate decarboxylase,E4_1_1_15,,vv10251Glutamate_metabolism,vv10252Alanine_and_aspartate_metabolism
782,VIT_05s0102g00800,20,0.0096,DEAH (Asp-Glu-Ala-His) box polypeptide 16,K12813,,vv23040Spliceosome,
783,VIT_09s0002g02400,19,0.0092,Prenylated rab acceptor (PRA1),,,,
784,VIT_14s0030g01240,19,0.0092,Transport inhibitor response 1 protein,TIR1,,vv30003Auxin_signaling,
785,VIT_00s0411g00010,19,0.0092,Unknown,,,,
786,VIT_02s0025g02120,19,0.0092,1 4-alpha-D-glucan maltohydrolase,E3_2_1_2,,vv10500Starch_and_sucrose_metabolism,
787,VIT_10s0042g00350,19,0.0091,No hit,,,,
788,VIT_13s0047g01050<br>VIT_13s0101g00360<br>VIT_14s0006g00850,19,0.0091,
789,VIT_13s0067g01200,18,0.0087,Cellulase,E3_2_1_4,,vv40006Cell_wall,
790,VIT_01s0011g00410,18,0.0087,Nuclear transport factor 2 (NTF2),NTF2,,vv50133Primary_active_transporter_cat_A9_to_A18,
791,VIT_19s0085g00280,18,0.0087,SEC14 cytosolic factor,SEC14,,vv50122Porters_cat_7_to_17,
792,VIT_17s0000g08550,18,0.0087,Myb domain protein 98,MYB98_2,MYB98,vv60044MYB,
793,VIT_09s0002g01840,18,0.0087,Tassel serine threonine kinase 1,,,,
794,VIT_03s0091g00600,18,0.0087,Amino acid permease,AAPREL,,vv50123Porters_cat_18_to_29,
795,VIT_11s0016g02100,18,0.0087,CRS1,,,,
796,VIT_11s0052g01640,18,0.0087,flavonol 3-O-glucosyltransferase,E2_4_1_91,,vv10941Flavonoid_biosynthesis,
797,VIT_00s0286g00130,17,0.0082,S-locus lectin protein kinase,,,,
798,VIT_08s0007g04730,16,0.0078,No hit,,,,
799,VIT_06s0004g05820,16,0.0078,Import inner membrane translocase subunit Tim10  Mitochondrial,TIM10,,vv50132Primary_active_transporter_cat_A5_to_A8,
800,VIT_15s0046g02380,16,0.0078,CYP86A8,,,,
801,VIT_13s0064g01790,15,0.0073,R protein MLA10,K13475,,vv34627R_proteins_from_Plant-pathogen_interaction,
802,VIT_06s0080g01240,15,0.0073,MD-2 lipid recognition domain-containing protein,,,,
803,VIT_08s0032g00790,15,0.0073,ABC transporter G member 4,K05680,,vv52010ABC_transporters,
804,VIT_06s0004g01930,15,0.0073,Zinc finger (C3HC4-type ring finger)BIG BROTHER,BIGBROTHER_2,,vv60078Other_zf-C3HC4,
805,VIT_05s0049g00440,15,0.0073,Unknown protein,,,,
806,VIT_04s0008g05880,15,0.0072,CHD3-type chromatin-remodeling factor PICKLE,PICKLE_2,,vv60048PHD,
807,VIT_19s0085g00480,15,0.0072,No hit,,,,
808,VIT_13s0047g00370,15,0.0072,Enoyl-CoA hydratase,E4_2_1_17,vv10650Butanoate_metabolism,vv10062Fatty_acid_elongation_in_mitochondria,vv10071Fatty_acid_metabolism
809,VIT_06s0080g00660,15,0.0072,No hit,,,,
810,VIT_07s0005g01400,15,0.0072,Unknown protein,,,,
811,VIT_04s0008g01200,13,0.0063,Eukaryotic translation initiation factor SUI1,,,,
812,VIT_04s0008g02600,13,0.0063,fasciclin arabinogalactan-protein (FLA14),FLA14,,vv40006Cell_wall,
813,VIT_16s0013g00400,13,0.0063,No hit,,,,
814,VIT_13s0064g01180,13,0.0063,Unknown protein,,,,
815,VIT_18s0001g04770,13,0.0063,Apoptotic chromatin condensation inducer 1 ACIN1,K12875,,vv23013RNA_transport,vv23015mRNA_surveillance_pathway
816,VIT_06s0004g03280,13,0.0063,Transcription initiation factor TFIID subunit D7,K14535,,vv23008Ribosome_biogenesis_in_Eukaryotes,vv23022Basal_transcription_factors
817,VIT_08s0058g00630,13,0.0063,DNA-directed RNA polymerase II subunit A,K03006,,vv23020RNA_polymerase,
818,VIT_01s0150g00610,13,0.0062,SnRK1-interacting protein 1,,,,
819,VIT_05s0124g00190,13,0.0062,C2 domain-containing protein,,,,
820,VIT_16s0013g00250,12,0.0058,No hit,,,,
821,VIT_03s0097g00660,12,0.0058,Zinc finger (C3HC4-type ring finger),ZFC3HC4_151,,vv60078Other_zf-C3HC4,
822,VIT_13s0067g03510,12,0.0058,ARR9 typeA,ARR9_2,,vv30007Cytokinin_signaling,vv60072Orphans_Response_reg
823,VIT_10s0003g05280,12,0.0058,No hit,,,,
824,VIT_14s0219g00010,12,0.0058,Protein phosphatase 2 (formerly 2A)  regulatory subunit B',K11584,,vv23015mRNA_surveillance_pathway,
825,VIT_06s0004g07220,12,0.0058,Indole-3-acetate beta-glucosyltransferase,E2_4_1_121,,vv11002Auxin_biosynthesis,
826,VIT_01s0127g00120,12,0.0058,Polygalacturonase GH28,E3_2_1_15,,vv40006Cell_wall,
827,VIT_08s0007g08200,12,0.0058,MATE efflux family protein,MATE,,vv50125Porters_cat_66_to_94,
828,VIT_01s0011g02800,11,0.0053,RIC7 (ROP-interactive crib motif-containing protein 7),,,,
829,VIT_11s0206g00140,11,0.0053,Glycerophosphodiester phosphodiesterase,E3_1_4_46,,vv10564Glycerophospholipid_metabolism,
830,VIT_06s0061g00230,10,0.0049,ABC transporter G member 7,ABCG7,,vv52010ABC_transporters,
831,VIT_19s0014g02730,10,0.0049,Cytochrome c oxidase subunit XVII assembly protein,K02260,,vv10190Oxidative_phosphorylation,vv50135Primary_active_transporter_cat_D3_to_E2
832,VIT_01s0011g04970,10,0.0049,SEC12-like protein 2 STL2P,K14003,,vv24141Protein_processing_in_endoplasmic_reticulum,vv50110Protein_coat
833,VIT_10s0042g00080,10,0.0048,Peroxidase 50,E1_11_1_7,,vv10360Phenylalanine_metabolism,vv10680Methane_metabolism
834,VIT_06s0004g01510,10,0.0048,Lipoxygenase (LOX2),E1_13_11_12,,vv10592alpha-Linolenic_acid_metabolism,
835,VIT_13s0074g00250,10,0.0048,No hit,,,,
836,VIT_07s0095g00760,10,0.0048,Methionyl-tRNA synthetase,E6_1_1_10,,vv10271Methionine_metabolism,vv10450Selenoamino_acid_metabolism
837,VIT_18s0001g07500,10,0.0048,Mechanosensitive ion channel MSCS-like 2,MSL2,,vv50101Channels_and_pores,
838,VIT_02s0025g01650,9,0.0044,PHD finger transcription factor,PHDFG_10,,vv60048PHD,
839,VIT_06s0004g05550,9,0.0044,RAB GTPase RABA2B,K07976,,,
840,VIT_01s0010g02580,9,0.0044,Acid phosphatase/vanadium-dependent haloperoxidase,,,,
841,VIT_07s0005g01810,9,0.0044,Agenet domain-containing protein,,,,
842,VIT_19s0090g00470,9,0.0044,Oxidoreductase,,,,
843,VIT_14s0030g00450,9,0.0044,Histone H2AXb HTA3,H2AXb,,,
844,VIT_06s0009g02360,9,0.0044,THO complex subunit 7,K13176,,vv23013RNA_transport,
845,VIT_12s0142g00620,9,0.0043,RIC7 (ROP-interactive crib motif-containing protein 7),,,,
846,VIT_08s0007g02300,9,0.0043,VPS60.2 SNF7,VPS60_2,,vv50111Tethering_factors,
847,VIT_05s0062g00840,9,0.0043,RAB GTPase ARA4,K07976,,,
848,VIT_13s0019g04050,9,0.0043,TET6 (tetraspanin6),,,,
849,VIT_04s0069g01070,9,0.0043,DNA-binding protein PD3  chloroplast,JMJD1B_6,,vv60038Jumonji,
850,VIT_14s0066g00570,9,0.0043,No hit,,,,
851,VIT_19s0015g00590,9,0.0043,Leafy cotyledon1-like protein,L1L_3,,vv60021CCAAT,
852,VIT_08s0056g01070,9,0.0043,MATE efflux family protein,MATE,,vv50125Porters_cat_66_to_94,
853,VIT_12s0059g01830,9,0.0043,Unknown,,,,
854,VIT_01s0010g00720,9,0.0043,Unknown,,,,
855,VIT_07s0005g02200,9,0.0043,Autophagy 8i (APG8i),K08341,,vv44140Regulation_of_autophagy,vv50101Channels_and_pores
856,VIT_12s0034g01580,8,0.0039,R protein MLA10,K13475,,vv34627R_proteins_from_Plant-pathogen_interaction,
857,VIT_09s0018g00300,8,0.0039,N-acetyltransferase hookless1 HLS1,HLS1_2,,vv30008Ethylene_signaling,vv50004Auxin_transport
858,VIT_16s0050g00820,7,0.0034,EMB1691 (embryo defective 1691),,,,
859,VIT_05s0020g04210,7,0.0034,Sulfate adenylyltransferase 3,E2_7_7_4,,vv10230Purine_metabolism,vv10450Selenoamino_acid_metabolism
860,VIT_12s0134g00020,7,0.0034,Isoprene synthase,E4_2_3_27,,vv10900Terpenoid_biosynthesis,
861,VIT_13s0067g02950,7,0.0034,Appr-1-p processing enzyme,,,,
862,VIT_05s0020g00630,7,0.0034,Ethylene-induced calmodulin-binding protein 1,EICBP1_3,,vv30008Ethylene_signaling,vv30011Jasmonate_signaling
863,VIT_19s0027g00510,7,0.0034,Auxin-induced SAUR,SAUR,,vv30003Auxin_signaling,
864,VIT_00s0179g00060,7,0.0034,Ankyrin,K10380,,,
865,VIT_07s0005g03900,7,0.0034,Rho GDP-dissociation inhibitor 1,,,,
866,VIT_06s0004g08110,7,0.0034,No hit,,,,
867,VIT_08s0007g00600,6,0.0029,Laccase-17 precursor,E1_10_3_2,,vv11000Single_reactions,vv50109Incompletely_characterized_transport_systems
868,VIT_13s0019g03990,6,0.0029,Unknown protein,,,,
869,VIT_14s0060g02720,6,0.0029,Alpha-L-fucosidase 2 precursor,E3_2_1_51,,vv10511N-Glycan_degradation,
870,VIT_18s0001g13000,6,0.0029,Adaptor-related protein complex AP-4  mu 1,AP4M1,,vv50110Protein_coat,
871,VIT_19s0140g00270,6,0.0029,Ketol-acid reductoisomerase,E1_1_1_86,,vv10290Valine_leucine_and_isoleucine_biosynthesis,vv10770Pantothenate_and_CoA_biosynthesis
872,VIT_12s0057g00320,6,0.0029,Exopolygalacturonase,E3_2_1_15,,vv40006Cell_wall,
873,VIT_12s0059g02730,6,0.0029,Unknown protein,,,,
874,VIT_13s0156g00360,6,0.0029,Emsy N terminus domain-containing protein,,,,
875,VIT_08s0007g05510,6,0.0029,Unknown protein,,,,
876,VIT_04s0023g00720,6,0.0029,Unknown protein,,,,
877,VIT_18s0001g09350,6,0.0029,No hit,,,,
878,VIT_19s0015g01680,6,0.0029,Unknown protein,,,,
879,VIT_18s0089g00980,6,0.0029,No hit,,,,
880,VIT_18s0041g01890,6,0.0029,Unknown protein,,,,
881,VIT_02s0025g01760,6,0.0029,Cellulose synthase CSLG3,E2_4_1_12_CSLG3,,vv40006Cell_wall,
882,VIT_17s0000g10100,6,0.0029,Response regulator ARR11 Type-B,ARR11_1,,vv30007Cytokinin_signaling,vv60006ARR-B
883,VIT_04s0043g00130,6,0.0029,Mob1/phocein,K06685,,vv44110Cell_cycle,
884,VIT_01s0011g02110,6,0.0029,Unknown,,,,
885,VIT_08s0040g01330,6,0.0029,DPB-1 transcription factor (DPB),DPB1_2,,vv44110Cell_cycle,vv60026E2F-DP
886,VIT_14s0030g00540,6,0.0029,Copine BON3 (BONZAI 3),BON3,,,
887,VIT_18s0086g00420,6,0.0029,V-type H+-transporting ATPase 21kDa proteolipid subunit,K03661,,vv10190Oxidative_phosphorylation,vv44145Phagosome
888,VIT_03s0017g00710,6,0.0029,flavonol synthase,E1_14_11_23,,vv10941Flavonoid_biosynthesis,
889,VIT_19s0090g01680,6,0.0029,Receptor-like kinase 902,,,,
890,VIT_07s0104g00880,6,0.0029,Arabidopsis histidine phosphotransfer AHP1,AHP1,,vv30007Cytokinin_signaling,
891,VIT_07s0005g02270,6,0.0029,Pto kinase interactor 1,K13436,,vv34626Plant-pathogen_interaction,
892,VIT_15s0024g00410,6,0.0029,Lectin,,,,
893,VIT_11s0118g00750,6,0.0029,Leucine-rich repeat family,,,,
894,VIT_07s0141g00140,6,0.0029,Histone acetyltransferase GCN5,HAGCN5_1,,vv60082GNAT,
895,VIT_10s0003g00250,6,0.0029,Glucan phosphorylase,E2_4_1_1,,vv10500Starch_and_sucrose_metabolism,
896,VIT_11s0016g02120,6,0.0029,Density-regulated protein DRP1,,,,
897,VIT_01s0182g00030,6,0.0029,Emp24/gp25L/p24 family protein,EMP24,,vv50110Protein_coat,
898,VIT_08s0007g02500,6,0.0029,Transcription termination factor mitochondrial mTERF,MTERF_28,,vv60085MTERF,
899,VIT_06s0009g02770,6,0.0029,Pre-mRNA branch site protein p14,K12833,,vv23040Spliceosome,
900,VIT_03s0063g02460,6,0.0029,Transcription termination factor mitochondrial mTERF,MTERF_26,,vv60085MTERF,
901,VIT_14s0108g01010,6,0.0029,Myb domain protein 105,MYB105_3,MYB168,vv60044MYB,
902,VIT_15s0045g01520,6,0.0029,Eceriferum 1 (CER1 protein) Sterol desaturase,,,,
903,VIT_04s0023g00400,4,0.0019,RIC4 (ROP-Interactive crib motif-containing protein 4),RIC4,,vv44810Regulation_of_actin_cytoskeleton,
904,VIT_10s0116g01150,4,0.0019,Unknown,,,,
905,VIT_16s0039g02010,4,0.0019,Vacuolar sorting-associated protein (Vps27),VPS27,,vv50111Tethering_factors,
906,VIT_04s0008g04770,4,0.0019,Zinc finger protein VAR3  chloroplastic,VARIEGATED3_3,,vv60080Other_zf,
907,VIT_07s0151g00610,4,0.0019,No hit,,,,
908,VIT_01s0010g00680,4,0.0019,Heat shock protein 81-1,K04079,,vv24141Protein_processing_in_endoplasmic_reticulum,vv34626Plant-pathogen_interaction
909,VIT_06s0009g03800,4,0.0019,PHD finger transcription factor,DDTPHD_3,,vv60025DDT,
910,VIT_16s0050g02280,4,0.0019,Multidrug resistance-associated protein 14,MRP14,,vv52010ABC_transporters,
911,VIT_19s0014g00180,3,0.0015,Ribokinase,E2_7_1_15,,vv10030Pentose_phosphate,
912,VIT_11s0016g02510,3,0.0015,Unknown protein,,,,
913,VIT_14s0030g00390,3,0.0015,Receptor protein kinase PERK1,,,,
914,VIT_19s0090g01140,3,0.0015,CYP714A2,,,,
915,VIT_18s0001g06490,3,0.0015,Aquaporin PIP1B,PIP1B,,vv50101Channels_and_pores,
916,VIT_14s0060g01070,3,0.0015,Pectinesterase family,E3_1_1_11,,vv40006Cell_wall,
917,VIT_01s0011g04670,3,0.0015,ABC transporter G member 2,K05681,,vv52010ABC_transporters,
918,VIT_09s0002g02980,3,0.0015,FRK1 (FLG22-induced receptor-like kinase 1),FRK1,,vv34626Plant-pathogen_interaction,
919,VIT_00s0120g00280,3,0.0015,No hit,,,,
920,VIT_04s0008g03280,3,0.0015,No hit,,,,
921,VIT_10s0003g01250,3,0.0015,Pollen Ole e 1 allergen and extensin,,,,
922,VIT_11s0149g00320,3,0.0015,Chitinase,E3_2_1_14,,vv10530Aminosugars_metabolism,
923,VIT_19s0090g00300,3,0.0015,Unknown protein,,,,
924,VIT_00s0131g00350,3,0.0015,Annexin ANN4,ANN4,,vv50101Channels_and_pores,
925,VIT_18s0001g14440,3,0.0015,Molecular chaperone DnaJ,K03686,,vv50132Primary_active_transporter_cat_A5_to_A8,
926,VIT_04s0023g02500,3,0.0015,Unknown protein,,,,
927,VIT_01s0010g01260,3,0.0015,23S ribosomal RNA,K01982,,vv23008Ribosome_biogenesis_in_Eukaryotes,vv23010Ribosome
928,VIT_06s0009g03230,3,0.0015,No hit,,,,
929,VIT_15s0045g01150,3,0.0015,No hit,,,,
930,VIT_01s0010g02700,3,0.0015,Lysine histidine transporter 1,LHT1,,vv50123Porters_cat_18_to_29,
931,VIT_08s0040g00970,3,0.0015,Plectin (myosin-like),K10388,,vv44810Regulation_of_actin_cytoskeleton,
932,VIT_12s0055g00870,3,0.0015,Nodulin,,,,
933,VIT_05s0094g01280,3,0.0015,Ribosome subunit biogenesis protein 60S,K07565,,,
934,VIT_03s0063g02580,3,0.0015,Ribosomal protein L27,K02899,,vv23010Ribosome,
935,VIT_07s0005g04070,3,0.0015,Leucine Rich Repeat receptor-like kinase,,,,
936,VIT_08s0040g01930,3,0.0015,Unknown protein,,,,
937,VIT_18s0001g15600,3,0.0015,Vacuolar protein sorting 45,VPS45,,vv24130SNARE_interactions_in_vesicular_transport,
938,VIT_15s0021g02680,3,0.0015,Cyclin-U2-1 (CycU2;1) Cyclin-P3.1,CYCP3_1,,vv44110Cell_cycle,
939,VIT_13s0064g00760,3,0.0015,Polygalacturonase GH28,E3_2_1_15,,vv40006Cell_wall,
940,VIT_05s0051g00330,3,0.0015,F-box domain containing protein,,,,
941,VIT_12s0035g01340,3,0.0015,Unknown protein,,,,
942,VIT_04s0008g05100,3,0.0015,Cytochrome c oxidase subunit Vb,K02265,,vv10190Oxidative_phosphorylation,vv50135Primary_active_transporter_cat_D3_to_E2
943,VIT_07s0005g03140,3,0.0015,Aspartyl protease,E3_4_23_x,,,
944,VIT_00s0199g00140,3,0.0015,14-3-3 protein GF14 kappa (GRF8),,,,
945,VIT_07s0005g03370,3,0.0015,Unknown,,,,
946,VIT_10s0003g00620,3,0.0015,Lipase GDSL,,,,
947,VIT_08s0040g01940,3,0.0015,Zinc finger (C3HC4-type ring finger),ZFC3HC4_154,,vv60078Other_zf-C3HC4,
948,VIT_02s0025g03570,3,0.0015,DNA binding / hydrolase  acting on ester bonds,,,,
949,VIT_14s0068g01880,3,0.0015,No hit,,,,
950,VIT_13s0047g00330,3,0.0015,FAR1-related sequence 3,FRS3_4,,vv60071Orphans_far-red,
951,VIT_10s0116g01250,3,0.0015,BGAL10 (beta-galactosidase 10),,,,
952,VIT_14s0066g00480,3,0.0015,Heterogeneous nuclear ribonucleoprotein A1/A3,K12741,,vv23040Spliceosome,
953,VIT_14s0066g01280,3,0.0015,Kinesin light chain,K10407,,vv44810Regulation_of_actin_cytoskeleton,
954,VIT_00s1674g00010,3,0.0015,4-nitrophenylphosphatase,E3_1_3_18,,vv10630Glyoxylate_and_dicarboxylate_metabolism,
955,VIT_18s0041g02150,3,0.0015,Lipase GDSL,,,,
956,VIT_07s0031g01460,3,0.0015,Nuclear transcription factor Y subunit B-3,NFYB3_4,,vv60021CCAAT,
957,VIT_18s0166g00080,3,0.0015,ABC transporter G member 4,K05680,,vv52010ABC_transporters,
958,VIT_18s0086g00190,3,0.0015,Permease nonimprinted in Prader-Willi/Angelman,NIPA,,vv50122Porters_cat_7_to_17,
959,VIT_19s0015g02080,3,0.0015,(-)-germacrene D synthase,E4_2_3_22,,vv10900Terpenoid_biosynthesis,
960,VIT_08s0007g05890,3,0.0015,GTP binding,,,,
961,VIT_01s0026g01330,3,0.0015,Glutathione S-transferase 29 GSTU18,E2_5_1_18_GSTU18,,vv10480Glutathione_metabolism,
962,VIT_05s0094g00400,3,0.0015,Signal recognition particle subunit 14 SRP14,K03104,,vv23060Protein_export,vv50132Primary_active_transporter_cat_A5_to_A8
963,VIT_00s0245g00030,3,0.0015,Integral membrane family protein,,,,
964,VIT_05s0102g00870,3,0.0015,R protein  PRF  disease resistance protein,K13453,,vv34627R_proteins_from_Plant-pathogen_interaction,
965,VIT_12s0034g02160,3,0.0015,Importin beta-2,K14293_2,,vv23013RNA_transport,vv50109Incompletely_characterized_transport_systems
966,VIT_12s0055g00840,3,0.0015,Sucrose-6-phosphate phosphatase,E3_1_3_24,,vv10500Starch_and_sucrose_metabolism,
967,VIT_19s0014g04420,3,0.0015,ARR24 Type A,ARR24_4,,vv30007Cytokinin_signaling,vv60072Orphans_Response_reg
968,VIT_09s0070g00300,3,0.0015,fiddlehead-like protein,,,,
969,VIT_04s0023g01570,3,0.0015,Proline extensin-like receptor kinase 1 (PERK1),,,,
970,VIT_12s0059g02390,3,0.0015,Legumin,,,,
971,VIT_01s0011g04650,3,0.0015,Unknown protein,,,,
972,VIT_11s0016g05480,3,0.0015,Clathrin assembly protein 2,CAP2,,vv50110Protein_coat,
973,VIT_08s0040g02350,3,0.0015,Xylan synthase,E2_4_2_24,,vv10500Starch_and_sucrose_metabolism,vv10520Nucleotide_sugars_metabolism
974,VIT_10s0092g00200,3,0.0015,Drug/metabolite transporter DMT family transporter,DMT,,vv50122Porters_cat_7_to_17,
975,VIT_18s0001g03220,3,0.0015,Translation initiation factor eIF-1A,K03236,,vv23013RNA_transport,
976,VIT_18s0001g03060,3,0.0015,Nucleoside-triphosphatase,E3_6_1_15,,vv10230Purine_metabolism,vv10730Thiamine_metabolism
977,VIT_02s0236g00030,3,0.0015,Unknown,,,,
978,VIT_02s0033g01120,3,0.0015,Dehydration-responsive protein,,,,
979,VIT_17s0000g04110,3,0.0014,No hit,,,,
980,VIT_14s0081g00570,3,0.0014,Unknown protein,,,,
981,VIT_01s0011g00140,3,0.0014,CRABS CLAW,CRABS_CLAW,,vv60019C2C2-YABBY,
982,VIT_04s0044g00420,3,0.0014,MTN21,MTN21,,vv50122Porters_cat_7_to_17,
983,VIT_17s0000g05060,3,0.0014,Phytochelatin synthetase,E2_3_2_15,,vv10251Glutamate_metabolism,
984,VIT_13s0156g00030,3,0.0014,No hit,,,,
985,VIT_08s0040g02130,3,0.0014,Syntaxin of plants SYP7,K08506,,vv24130SNARE_interactions_in_vesicular_transport,
986,VIT_00s0411g00030<br>VIT_00s0256g00030<br>VIT_00s0256g00110<br>VIT_00s1321g00010<br>VIT_00s0256g00050<br>VIT_00s0256g00040<br>VIT_00s0411g00020,3,0.0014,
987,VIT_14s0060g01460,3,0.0014,Pentatricopeptide (PPR) repeat-containing protein,,,,
988,VIT_11s0016g05140,3,0.0014,U4/U6 small nuclear ribonucleoprotein SNU13,K12845,,vv23008Ribosome_biogenesis_in_Eukaryotes,vv23040Spliceosome
989,VIT_03s0038g02110,3,0.0014,Co-chaperone-curved DNA binding protein A,K05516,,vv50132Primary_active_transporter_cat_A5_to_A8,
990,VIT_00s1566g00010,3,0.0014,UDP-rhamnose/rhamnosyltransferase,RHATR,,vv10942Anthocyanin_biosynthesis,
991,VIT_18s0075g00800,3,0.0014,TIR-NBS disease resistance,,,,
992,VIT_00s1205g00020,3,0.0014,Trehalose-phosphate synthase 1,E2_4_1_15,,vv10500Starch_and_sucrose_metabolism,
993,VIT_08s0007g07950,3,0.0014,Zf A20 and AN1 domain-containing stress-associated protein 2,SAP2_1,,vv60077Other_zf-AN1,
994,VIT_12s0035g00650,3,0.0014,Zinc finger homeobox 21,ZFHB21_1,,vv60068Zf-HD,
995,VIT_13s0074g00300,3,0.0014,Inositol or phosphatidylinositol phosphatase,E3_1_3_36,,vv10562Inositol_phosphate_metabolism,vv34070Phosphatidylinositol_signaling_system
996,VIT_03s0038g02750,3,0.0014,No hit,,,,
997,VIT_18s0001g12000,3,0.0014,Geranylgeranyl pyrophosphate synthetase 1  chloroplast precursor,E2_5_1_29,,vv10100Biosynthesis_of_steroids,vv10900Terpenoid_biosynthesis
998,VIT_08s0007g00300,3,0.0014,No hit,,,,
999,VIT_07s0130g00230,3,0.0014,Vesicle transport protein SFT2B,SFT2,,vv50109Incompletely_characterized_transport_systems,
1000,VIT_06s0004g06550,3,0.0014,DDB2 (damaged DNA-binding 2),K10140,,vv23420Nucleotide_excision_repair,vv24120Ubiquitin_mediated_proteolysis
1001,VIT_14s0006g01930,3,0.0014,Unknown protein,,,,
1002,VIT_14s0068g00240,3,0.0014,Rough sheath2-interacting KH-domain protein,,,,
1003,VIT_02s0025g05160,3,0.0014,Cornichon family,,,,
1004,VIT_18s0001g03830,3,0.0014,Unknown protein,,,,
1005,VIT_19s0014g00620,3,0.0014,Receptor kinase 2,,,,
1006,VIT_02s0012g01410,3,0.0014,TRN2 (TORNADO 2),,,,
1007,VIT_15s0021g02620,3,0.0014,Protein transport protein Sec61 subunit beta,K09481,,vv23060Protein_export,vv24141Protein_processing_in_endoplasmic_reticulum
1008,VIT_04s0008g01790,3,0.0014,No hit,,,,
1009,VIT_01s0244g00110,3,0.0014,Unknown protein,,,,
1010,VIT_07s0005g02020,3,0.0014,Sulfate adenylyltransferase,E2_7_7_4,,vv10230Purine_metabolism,vv10450Selenoamino_acid_metabolism
1011,VIT_19s0014g01860,3,0.0014,RNA exonuclease 4,,,,
1012,VIT_00s0471g00040,3,0.0014,BSD domain-containing protein,BSDDOM_2,,vv60075Other_BSD,
1013,VIT_16s0148g00230,3,0.0014,Receptor-like kinase ARK1AS,,,,
1014,VIT_16s0050g01540,3,0.0014,Unknown,,,,
1015,VIT_04s0008g05020,3,0.0014,Ras GTP-binding protein (RAN3),K07936,,vv23008Ribosome_biogenesis_in_Eukaryotes,vv23013RNA_transport
1016,VIT_18s0001g05950,3,0.0014,Cis-zeatin O-beta-D-glucosyltransferase,E2_4_1_215,,vv10908Zeatin_biosynthesis,
1017,VIT_02s0087g00210,3,0.0014,Constitutive disease resistance 1,,,,
