Vv_m2,2000,1000,VIT_08s0032g00790
rank,node,Fabs,Frel,Functional-annotation,Name-EC-KeggID,Updated-name,Network1,Network2
1,VIT_13s0064g00740,2073,1.0000,Lysine decarboxylase - like protein,E4_1_1_18,,vv10300Lysine_biosynthesis,
2,VIT_05s0062g00640,2075,0.9995,UDP-glucose:flavonoid 7-O-glucosyltransferase,E2_4_1_237,,vv10941Flavonoid_biosynthesis,
3,VIT_18s0001g07360,2062,0.9995,ER6 protein universal stress protein (USP) family,USPER6,,vv30008Ethylene_signaling,
4,VIT_08s0040g00830,2074,0.9990,Proton-dependent oligopeptide transport (POT) family protein,POT,,vv50122Porters_cat_7_to_17,
5,VIT_03s0038g02290,2066,0.9990,Amino acid permease 3,AAP3,,vv50123Porters_cat_18_to_29,
6,VIT_05s0124g00230,2068,0.9976,F-box domain containing protein,,,,
7,VIT_00s0218g00100,2048,0.9956,Metal transporter Nramp6,NRAMP6,,vv50124Porters_cat_30_to_64,
8,VIT_17s0000g09700,2042,0.9956,Unknown protein,,,,
9,VIT_04s0044g00390,2043,0.9922,Nodulin MtN21 family,MTN21,,vv50122Porters_cat_7_to_17,
10,VIT_18s0001g09980,2062,0.9909,Unknown protein,,,,
11,VIT_15s0048g02830,2045,0.9879,Rac GTPase activating protein,RHOGAP,,vv50109Incompletely_characterized_transport_systems,
12,VIT_17s0000g03940,2047,0.9846,ferulate 5-hydroxylase,K09755,,vv10940Phenylpropanoid_biosynthesis,
13,VIT_16s0100g00360,2034,0.9845,Per1,,,,
14,VIT_13s0073g00140,2029,0.9840,Ovate family protein 13 OFP13,OFP13_2,,vv60086OFP,
15,VIT_15s0048g01130,2030,0.9802,Subtilase,,,,
16,VIT_17s0000g06930,2027,0.9797,Unfertilized embryo sac 10 UNE10,UNE10_3,,vv60011BHLH,
17,VIT_01s0011g02730,2014,0.9706,ABC transporter G member 3,K05682,,vv52010ABC_transporters,
18,VIT_12s0134g00090,1996,0.9675,R-linalool synthase,E4_2_3_26,,vv10900Terpenoid_biosynthesis,
19,VIT_03s0038g03600,1980,0.9547,Serine/threonine kinase,,,,
20,VIT_19s0090g00800,1977,0.9542,F-box protein,,,,
21,VIT_10s0116g01880,1977,0.9491,MATE efflux family protein,MATE,,vv50125Porters_cat_66_to_94,
22,VIT_14s0066g00820,1920,0.9302,Unknown protein,,,,
23,VIT_14s0060g01080,1912,0.9286,ferroportin,FERROPORTIN,,vv50109Incompletely_characterized_transport_systems,
24,VIT_19s0014g01350,1929,0.9274,Ribulose bisphosphate carboxylase  large chain,E4_1_1_39,,vv10710Carbon_fixation,
25,VIT_11s0016g03250,1915,0.9256,Lachrymatory factor synthase,,,,
26,VIT_07s0129g00380,1910,0.9236,Phototropic-responsive NPH3,BTBNPH3_1,,vv60093TRAF,
27,VIT_04s0008g03800,1906,0.9234,RNA recognition motif (RRM)-containing protein,,,,
28,VIT_07s0005g03320,1900,0.9174,Unknown protein,,,,
29,VIT_14s0030g00670,1864,0.9093,Dehydroquinate dehydratase,E4_2_1_10,,vv10400Phenylalanine_tyrosine_and_tryptophan_biosynthesis,
30,VIT_18s0001g05950,1884,0.9075,Cis-zeatin O-beta-D-glucosyltransferase,E2_4_1_215,,vv10908Zeatin_biosynthesis,
31,VIT_18s0001g06140,1877,0.9068,Phosphate-induced protein 1,,,,
32,VIT_12s0134g00010,1861,0.8982,Phototropic-responsive NPH3 protein,,,,
33,VIT_08s0032g00050,1854,0.8939,Acyl-activating enzyme 15,E6_2_1_3_AAE15,,vv10071Fatty_acid_metabolism,vv50104Group_translocators
34,VIT_15s0048g01240,1853,0.8930,MADS-box protein AGL20,SOC1_3,,vv30009Flower_development,vv60042MADS
35,VIT_07s0104g00800,1827,0.8801,Indole-3-acetic acid-amido synthetase GH3.6,AUXINBIOSYNTHESIS_GH3,,vv11002Auxin_biosynthesis,
36,VIT_00s0145g00060,1816,0.8786,No hit,,,,
37,VIT_07s0104g00490,1801,0.8684,Unknown,,,,
38,VIT_00s0521g00030,1801,0.8680,Oxidoreductase  2OG-Fe(II) oxygenase,,,,
39,VIT_18s0001g11810,1796,0.8597,BEL1 homeobox 2 protein (BLH2) (SAWTOOTH 1),BLH2_2,,vv60034HB,
40,VIT_14s0006g00270,1778,0.8556,No hit,,,,
41,VIT_15s0048g01250,1759,0.8531,MADS-box protein AGL20,SOC1_1,,vv30009Flower_development,vv60042MADS
42,VIT_14s0030g01550,1760,0.8523,Cysteine synthase 7  cytosolic,E2_5_1_47,,vv10272Cysteine_metabolism,vv10450Selenoamino_acid_metabolism
43,VIT_03s0180g00210,1772,0.8519,Myb domain protein R1,MYBR1_2,MYB171,vv60044MYB,
44,VIT_09s0002g03760,1765,0.8502,Unknown,,,,
45,VIT_14s0108g00760,1757,0.8488,Mini zinc finger 2 MIF2,MIF2_1,,vv60068Zf-HD,
46,VIT_12s0134g00140,1753,0.8477,R-linalool synthase,E4_2_3_26,,vv10900Terpenoid_biosynthesis,
47,VIT_15s0048g01860,1760,0.8474,No hit,,VvERF041,,
48,VIT_14s0083g01120,1736,0.8415,MAP3K-like protein kinase  putative  expressed,,,,
49,VIT_05s0020g02200,1729,0.8393,Inosine-uridine preferring nucleoside hydrolase,E3_2_2_1,,vv10230Purine_metabolism,vv10760Nicotinate_and_nicotinamide_metabolism
50,VIT_14s0108g00810,1723,0.8368,Mini zinc finger 2 MIF2,MIF2_3,,vv60068Zf-HD,
51,VIT_17s0000g05620,1727,0.8347,Integral membrane HPP family protein,,,,
52,VIT_04s0008g01290,1732,0.8319,CGA1 (cytokinin-responsive GATA factor 1),CGA1,,vv30007Cytokinin_signaling,vv60016C2C2-GATA
53,VIT_18s0089g01270,1713,0.8291,Heat shock protein precursor 22.0 kDa class IV,K13993,,vv24141Protein_processing_in_endoplasmic_reticulum,
54,VIT_17s0000g09900,1699,0.8252,Unknown protein,,,,
55,VIT_08s0007g04580,1700,0.8228,UGT73C2 (UDP-glucosyl transferase 73C2),,,,
56,VIT_07s0005g06210,1686,0.8165,RPM1 (resistance to p. syringae pv maculicola 1),K13457,,vv34626Plant-pathogen_interaction,
57,VIT_13s0064g01640,1692,0.8162,Beta-primeverosidase,E3_2_1_149,,vv11000Single_reactions,
58,VIT_04s0008g07080,1692,0.8142,Chloroplast nucleoid DNA-binding protein,,,,
59,VIT_04s0008g04300,1679,0.8123,DnaJ homolog  subfamily B  member 4,K09510,,vv50132Primary_active_transporter_cat_A5_to_A8,
60,VIT_06s0009g00320,1680,0.8108,U-box protein,,,,
61,VIT_11s0016g02210,1670,0.8091,GATA transcription factor 24,GAT24,,vv60016C2C2-GATA,
62,VIT_05s0020g00720,1672,0.8042,Pto kinase interactor 1,K13436,,vv34626Plant-pathogen_interaction,
63,VIT_13s0067g03750,1674,0.8029,Stigma/style ABC transporter WBC19,WBC19,,vv52010ABC_transporters,
64,VIT_07s0005g04700,1660,0.8015,Dihydroneopterin aldolase,E4_1_2_25,,vv10790Folate_biosynthesis,
65,VIT_05s0020g01040,1648,0.7996,Unknown protein,,,,
66,VIT_04s0079g00790,1649,0.7970,Acyl-CoA synthetases (Acyl-activating enzyme 11),E6_2_1_3,,vv10071Fatty_acid_metabolism,vv50104Group_translocators
67,VIT_10s0003g02170<br>VIT_10s0003g02220,1649,0.7970,
68,VIT_03s0038g04110,1635,0.7941,AT-hook DNA-binding protein,,,,
69,VIT_11s0016g03500,1644,0.7919,Unknown protein,,,,
70,VIT_13s0067g03730,1626,0.7859,Unknown,,,,
71,VIT_08s0056g00870,1624,0.7857,MATE efflux family protein,MATE,,vv50125Porters_cat_66_to_94,
72,VIT_11s0052g01600,1624,0.7838,UDP-glucose flavonoid 3-O-glucosyltransferase 7,E2_4_1_91,,vv10941Flavonoid_biosynthesis,
73,VIT_18s0001g01130,1616,0.7780,Alpha-expansin 1 precursor,EXPA1,,vv30003Auxin_signaling,
74,VIT_09s0002g01410,1599,0.7747,TT2 (transparent testa 2),TT2_2,MYBPA6,vv44110Cell_cycle,vv60044MYB
75,VIT_13s0064g00940,1599,0.7725,ferric reductase defective 3,FRD3,,vv50125Porters_cat_66_to_94,
76,VIT_01s0011g01110,1604,0.7715,Molybdenum cofactor sulfurase,,,,
77,VIT_06s0009g02340,1570,0.7625,Tryptophan/tyrosine permease family,TRYTYRPERM,,vv50124Porters_cat_30_to_64,
78,VIT_16s0100g00480,1569,0.7594,Dihydrodipicolinate reductase,E1_3_1_26,,vv10300Lysine_biosynthesis,
79,VIT_13s0019g04070,1568,0.7586,MLO1,K08472,,,
80,VIT_00s0199g00190,1569,0.7569,14-3-3 protein GF14 kappa (GRF8),,,,
81,VIT_19s0014g01950,1567,0.7566,Anthocyanidin 3-O-glucosyltransferase,E2_4_1_115,,vv10942Anthocyanin_biosynthesis,
82,VIT_11s0052g00870,1559,0.7510,IAA33,IAA33,,vv30003Auxin_signaling,vv60008AUXIAA
83,VIT_08s0007g08810,1546,0.7490,Nonsense-mediated mRNA decay NMD3,K07562,,vv23008Ribosome_biogenesis_in_Eukaryotes,vv23013RNA_transport
84,VIT_04s0023g00770,1535,0.7448,Unknown protein,,,,
85,VIT_18s0001g03160,1546,0.7447,Nodulin MtN21 family,MTN21,,vv50122Porters_cat_7_to_17,
86,VIT_12s0059g02010,1533,0.7442,Glutamate formiminotransferase,E2_1_2_5,,vv10251Glutamate_metabolism,vv10670One_carbon_pool_by_folate
87,VIT_04s0008g06330,1542,0.7435,TPR1 (topless-related 1),TPR1,,vv30003Auxin_signaling,
88,VIT_14s0006g01980,1542,0.7421,Zinc finger (C3HC4-type ring finger),ZFC3HC4_70,,vv60078Other_zf-C3HC4,
89,VIT_05s0029g00050,1533,0.7363,BHLH transcription factor FMA (FAMA),FAMA,,vv60011BHLH,
90,VIT_05s0049g00220,1523,0.7357,2-oxoglutarate-dependent dioxygenase,,,,
91,VIT_15s0046g00240,1526,0.7329,Lateral organ boundaries protein 1,LBD1_2,,vv60007AS2,
92,VIT_04s0008g06400,1525,0.7328,TPR1 (topless-related 1),TPR1,,vv30003Auxin_signaling,
93,VIT_00s0687g00010<br>VIT_00s0521g00010,1513,0.7320,
94,VIT_00s0259g00180,1519,0.7313,Nuclear transcription factor Y subunit B-3,NFYB3_5,,vv60021CCAAT,
95,VIT_06s0004g01480,1507,0.7301,Lipoxygenase LOX1,E1_13_11_12,,vv10592alpha-Linolenic_acid_metabolism,
96,VIT_08s0007g01420,1501,0.7209,Glutathione S-transferase 8 GSTU8,E2_5_1_18_GSTU8,,vv10480Glutathione_metabolism,
97,VIT_18s0041g01270,1488,0.7202,Amino acid permease 2,AAP2,,vv50123Porters_cat_18_to_29,
98,VIT_16s0050g02430,1479,0.7197,Receptor protein kinase,,,,
99,VIT_08s0058g01030,1477,0.7187,Saposin B domain-containing protein,SAPB,,vv50101Channels_and_pores,
100,VIT_17s0000g03580,1482,0.7156,BEE3 (BR Enhanced expression 3),BEE3,,vv60011BHLH,
101,VIT_00s0229g00110,1473,0.7123,Agenet domain-containing protein,,,,
102,VIT_18s0089g00450,1475,0.7122,R protein L6,K13477,,vv34627R_proteins_from_Plant-pathogen_interaction,
103,VIT_06s0004g06560,1479,0.7114,ABC transporter G member 23,ABCG23,,vv52010ABC_transporters,
104,VIT_05s0077g01990,1454,0.7058,Epoxide hydrolase 2,E3_3_2_10,,,
105,VIT_11s0016g01280,1446,0.7023,DNA-directed RNA polymerase III subunit C4,K03026,,vv23020RNA_polymerase,
106,VIT_12s0034g01770,1436,0.6974,Unknown,,,,
107,VIT_08s0007g05560,1431,0.6883,Protein kinase,,,,
108,VIT_09s0002g03130,1416,0.6860,FRK1 (FLG22-induced receptor-like kinase 1),FRK1,,vv34626Plant-pathogen_interaction,
109,VIT_07s0005g01470,1429,0.6834,Unknown protein,,,,
110,VIT_14s0060g01050,1403,0.6811,Pentatricopeptide (PPR) repeat-containing protein,,,,
111,VIT_08s0058g00510,1404,0.6776,MATE efflux family protein,MATE,,vv50125Porters_cat_66_to_94,
112,VIT_02s0025g04360,1405,0.6761,S-N-methylcoclaurine 3'-hydroxylase,E1_14_13_71,,vv10950Alkaloid_biosynthesis_I,
113,VIT_01s0011g01900,1377,0.6701,Glutathione S-transferase  C-terminal,E2_5_1_18,,vv10480Glutathione_metabolism,
114,VIT_13s0064g01490,1375,0.6684,Lipoxygenase,E1_13_11_12,,vv10592alpha-Linolenic_acid_metabolism,
115,VIT_18s0001g09320,1381,0.6678,Casein kinase II subunit alpha-2,K03097,,vv23008Ribosome_biogenesis_in_Eukaryotes,vv34710Circadian_rhythm
116,VIT_07s0104g01630,1387,0.6678,Myb family,MYBREL_2,,vv60045MYBrelated,
117,VIT_02s0087g00490,1373,0.6659,10-deacetylbaccatin III 10-O-acetyltransferase,E2_3_1_167,,vv10904Diterpenoid_biosynthesis,
118,VIT_15s0046g02380,1380,0.6657,CYP86A8,,,,
119,VIT_12s0142g00520,1374,0.6657,AAA-type ATPase,,,,
120,VIT_02s0025g04370,1349,0.6558,S-N-methylcoclaurine 3'-hydroxylase,E1_14_13_71,,vv10950Alkaloid_biosynthesis_I,
121,VIT_01s0011g06430,1355,0.6552,NADPH-dependent codeinone reductase,E1_1_1_247,,vv10950Alkaloid_biosynthesis_I,
122,VIT_12s0059g02160,1354,0.6528,MATE efflux family protein,MATE,,vv50125Porters_cat_66_to_94,
123,VIT_06s0004g06730,1347,0.6520,Microsomal omega-3 fatty acid desaturase,K10257,,vv11040Biosynthesis_of_unsaturated_fatty_acids,
124,VIT_15s0046g00230,1351,0.6511,Lateral organ boundaries protein 1,LBD1_1,,vv60007AS2,
125,VIT_11s0052g00970,1349,0.6498,AAA-type ATPase,,,,
126,VIT_04s0008g04230,1339,0.6475,ABC transporter G member 22,ABCG22,,vv52010ABC_transporters,
127,VIT_17s0000g09160,1325,0.6445,ferric reduction oxidase 8 FRO8,E1_16_1_7,,vv10860Porphyrin_and_chlorophyll_metabolism,vv50105Transport_electron_carriers
128,VIT_08s0007g04540,1335,0.6443,Oxidoreductase  2OG-Fe(II) oxygenase,,,,
129,VIT_04s0023g01550,1318,0.6383,Unknown,,,,
130,VIT_19s0014g02590,1320,0.6352,(-)-germacrene D synthase,E4_2_3_22,,vv10900Terpenoid_biosynthesis,
131,VIT_11s0016g04880,1305,0.6320,Salt-inducible protein kinase,,,,
132,VIT_10s0003g02950,1304,0.6318,No hit,,,,
133,VIT_04s0023g01210,1298,0.6295,Geranylgeranyl pyrophosphate synthetase 1  chloroplast precursor,E2_5_1_29,,vv10100Biosynthesis_of_steroids,vv10900Terpenoid_biosynthesis
134,VIT_00s0266g00020<br>VIT_00s0372g00020<br>VIT_00s0271g00010<br>VIT_00s0385g00020<br>VIT_00s0522g00020<br>VIT_00s0372g00060<br>VIT_00s0372g00030<br>VIT_00s0385g00010,1307,0.6278,
135,VIT_11s0037g00290,1287,0.6226,Plastocyanin domain-containing protein,K02638,,vv10195Photosynthesis,vv50113Thylakoid_targeting_pathway
136,VIT_18s0001g14000,1285,0.6223,Auxin-induced SAUR,SAUR,,vv30003Auxin_signaling,
137,VIT_05s0094g00960,1285,0.6178,UDP-xylose phenolic glycosyltransferase,,,,
138,VIT_18s0001g12900,1256,0.6112,S-adenosyl-L-methionine:salicylic acid carboxyl methyltransferase,SAMTBSCMT,,vv10360Phenylalanine_metabolism,
139,VIT_04s0044g00360,1270,0.6103,MTN21,MTN21,,vv50122Porters_cat_7_to_17,
140,VIT_11s0118g00180,1250,0.6053,HHP1 (heptahelical protein 1),,,,
141,VIT_08s0058g01270,1253,0.6012,Zinc finger (C3HC4-type ring finger),ZFC3HC4_94,,vv60078Other_zf-C3HC4,
142,VIT_07s0005g02950,1239,0.5986,AN3 (ANGUSITFOLIA3),AN3_2,,vv60031GIF,
143,VIT_12s0028g00050,1231,0.5944,Beta-1 3 glucanase,E3_2_1_6,,,
144,VIT_01s0011g06290,1219,0.5900,Purple acid phosphatase 3 ATPAP3/PAP3,E3_1_3_2,,vv10740Riboflavin_metabolism,
145,VIT_06s0004g01150,1220,0.5894,No hit,,,,
146,VIT_18s0001g14270,1216,0.5891,Gibberellin-regulated protein 1 (GASA1),GASA1,,vv30010Gibberellin_signaling,
147,VIT_11s0052g00410,1221,0.5867,Allyl alcohol dehydrogenase,,,,
148,VIT_08s0007g02000,1207,0.5862,Glycerol-3-phosphate acyltransferase 8,E2_3_1_15,,vv10561Glycerolipid_metabolism,vv10564Glycerophospholipid_metabolism
149,VIT_07s0130g00030,1205,0.5852,Proteinase inhibitor se60,,,,
150,VIT_05s0124g00240,1199,0.5815,Basic helix-loop-helix (bHLH) family,BHLHDOM_61,,vv60011BHLH,
151,VIT_07s0104g00610,1197,0.5808,Glutamine synthetase,E6_3_1_2,,vv10251Glutamate_metabolism,vv10550Peptidoglycan_biosynthesis
152,VIT_04s0008g05560,1191,0.5759,IAA29,IAA29_1,,vv30003Auxin_signaling,vv60008AUXIAA
153,VIT_11s0016g00040,1165,0.5661,BRI1 (brassinosteroid insensitive 1),BRI1,,vv30005Brassinosteroids_signaling,
154,VIT_08s0007g05720,1170,0.5603,No hit,,,,
155,VIT_04s0008g01450,1141,0.5525,Cyclopropane-fatty-acyl-phospholipid synthase,E2_1_1_79,,vv10271Methionine_metabolism,
156,VIT_04s0008g05890,1132,0.5509,Hydroxycinnamoyl-CoA:shikimate hydroxycinnamoyltransferase,E2_3_1_133,,vv10940Phenylpropanoid_biosynthesis,
157,VIT_14s0128g00160,1139,0.5500,Protein kinase CDG1,,,,
158,VIT_00s2032g00010,1133,0.5487,No hit,,,,
159,VIT_16s0098g01160,1132,0.5482,Subtilisin protease,SBT3_5,,vv50101Channels_and_pores,
160,VIT_06s0080g00810,1126,0.5424,Lycopene beta cyclase (LYC),K06443,,vv10906Carotenoid_biosynthesis,
161,VIT_12s0059g00670,1114,0.5424,NADP-dependent oxidoreductase,E1_6_5_5,,,
162,VIT_06s0004g08170,1120,0.5418,CENP-E like kinetochore protein,CENPE,,vv44110Cell_cycle,
163,VIT_08s0058g01260,1122,0.5412,No hit,,,,
164,VIT_00s0187g00040,1116,0.5389,Cystatin,,,,
165,VIT_06s0004g01460<br>VIT_06s0004g01450,1113,0.5385,
166,VIT_05s0094g01190,1107,0.5345,flavonoid 3-monooxygenase,E1_14_13_21,,vv10941Flavonoid_biosynthesis,
167,VIT_09s0002g03030,1096,0.5315,FRK1 (FLG22-induced receptor-like kinase 1),FRK1,,vv34626Plant-pathogen_interaction,
168,VIT_04s0008g07110,1100,0.5314,Aspartic proteinase nepenthesin-2 precursor,E3_4_23_12,,,
169,VIT_11s0016g02120,1097,0.5282,Density-regulated protein DRP1,,,,
170,VIT_08s0007g04060,1081,0.5245,CYPLXXVIA2,,,,
171,VIT_18s0001g09460,1087,0.5221,GASA5,GASA5,,vv30010Gibberellin_signaling,
172,VIT_18s0001g11800,1072,0.5201,BEL1-like homeodomain protein 4 (SAWTOOTH 2),BLH4,VvHB66,vv60034HB,
173,VIT_11s0016g02260,1076,0.5188,Unknown,,,,
174,VIT_07s0104g01120,1080,0.5182,Rac GTPase activating protein,RHOGAP,,vv50109Incompletely_characterized_transport_systems,
175,VIT_09s0018g01800,1072,0.5174,Acid phosphatase,E3_1_3_2,,vv10740Riboflavin_metabolism,
176,VIT_09s0002g03120,1064,0.5153,FRK1 (FLG22-induced receptor-like kinase 1),FRK1,,vv34626Plant-pathogen_interaction,
177,VIT_19s0090g00300,1067,0.5150,Unknown protein,,,,
178,VIT_13s0019g04090,1066,0.5147,Ubiquitin-conjugating enzyme E2 C,K06688,,vv24120Ubiquitin_mediated_proteolysis,
179,VIT_09s0018g01280,1059,0.5113,Ribulose bisphosphate carboxylase/oxygenase activase 2,,,,
180,VIT_14s0060g00100,1055,0.5102,Phytochrome A (PHYA),PHYA,,vv34710Circadian_rhythm,
181,VIT_04s0008g01260,1055,0.5097,Zinc transporter ZIP4,ZIP4,,vv50121Porters_cat_1_to_6,
182,VIT_07s0151g00740,1055,0.5079,Non-specific lipid-transfer protein,,,,
183,VIT_07s0205g00170,1044,0.5053,Basic helix-loop-helix (bHLH) family,BHLHDOM_88,,vv60011BHLH,
184,VIT_13s0084g00130,1042,0.5046,CXE carboxylesterase,E3_1_1_1,,,
185,VIT_11s0052g01530,1044,0.5034,MATE efflux family protein,MATE,,vv50125Porters_cat_66_to_94,
186,VIT_19s0014g04880,1038,0.5024,(-)-germacrene D synthase,E4_2_3_22,,vv10900Terpenoid_biosynthesis,
187,VIT_00s0587g00030,1036,0.5022,CBS domain-containing protein,,,,
188,VIT_01s0127g00340,1034,0.4981,Unknown,,,,
189,VIT_05s0102g00460,1013,0.4927,RPD1 (root primordium defective 1),,,,
190,VIT_18s0001g08060,1018,0.4913,Unknown,,,,
191,VIT_05s0020g02300,1006,0.4888,TRNA/rRNA methyltransferase (SpoU),K02533,,,
192,VIT_11s0065g00980,1009,0.4867,Replication factor A 1  rfa1,K07466,,vv23030DNA_replication,vv23420Nucleotide_excision_repair
193,VIT_19s0015g00510,1008,0.4867,Pectate lyase 2,E4_2_2_2,,vv40006Cell_wall,
194,VIT_12s0059g01000,999,0.4812,Cellulose synthase CSLB04,E2_4_1_12_CSLB04,,vv40006Cell_wall,
195,VIT_06s0004g02390,995,0.4811,Triacylglycerol lipase,E3_1_1_3,,vv10561Glycerolipid_metabolism,
196,VIT_15s0024g01540,984,0.4779,Glutathione S-transferase 8 GSTU8,E2_5_1_18_GSTU8,,vv10480Glutathione_metabolism,
197,VIT_08s0007g00920,981,0.4753,Tropinone reductase,E1_1_1_206,,vv10220Urea_cycle_and_metabolism_of_amino_groups,
198,VIT_00s2745g00010,982,0.4735,Receptor kinase RK20-1,,,,
199,VIT_14s0060g01180,969,0.4715,KNAT2 (knotted1-like homeobox gene 6),KNAT6_2,VvHB49,vv60034HB,
200,VIT_18s0086g00220,959,0.4635,Lipase GDSL,,,,
201,VIT_18s0001g15600,955,0.4618,Vacuolar protein sorting 45,VPS45,,vv24130SNARE_interactions_in_vesicular_transport,
202,VIT_14s0060g02220,953,0.4593,F-actin capping protein alpha subunit,K10364,,vv44810Regulation_of_actin_cytoskeleton,
203,VIT_02s0012g01060,949,0.4582,ABC protein 6 non-intrinsic,K09015,,vv52010ABC_transporters,
204,VIT_12s0035g00010,942,0.4568,DNA (cytosine-5)-methyltransferase (ATHIM),E2_1_1_37,,vv10271Methionine_metabolism,
205,VIT_14s0108g00560,933,0.4505,Ankyrin repeat,ANKYRIN_CCCH,,vv50108Accessory_factors_involved_in_transport,vv60018C3H
206,VIT_12s0035g02020,931,0.4504,NAC domain-containing protein 34/35,NAC034,VvNAC40,vv60046NAC,
207,VIT_10s0071g00860,916,0.4449,Disease resistance protein,,,,
208,VIT_07s0129g00200,921,0.4443,Cyclin-D5-1,CYCD5_2,,vv44110Cell_cycle,
209,VIT_12s0028g03040,922,0.4433,Unknown protein,,,,
210,VIT_11s0016g03050,913,0.4426,MATE efflux family protein,MATE,,vv50125Porters_cat_66_to_94,
211,VIT_11s0016g04270,912,0.4416,Hydrolase  alpha/beta fold,,,,
212,VIT_19s0014g04270,906,0.4409,S-locus protein kinase,,,,
213,VIT_01s0150g00060,911,0.4407,SOUL heme-binding,,,,
214,VIT_15s0048g01050,915,0.4403,Unknown,,,,
215,VIT_05s0020g02260,908,0.4391,Sugar transporter ERD6-like 16,ERD6L16,,vv50121Porters_cat_1_to_6,
216,VIT_10s0116g01140,899,0.4362,Stigma-specific Stig1,,,,
217,VIT_11s0016g05590,894,0.4321,Axial regulator YABBY5,YABBY5,,vv60019C2C2-YABBY,
218,VIT_18s0001g00510,885,0.4307,Prolyl endopeptidase,E3_4_21_26,,,
219,VIT_01s0137g00710,882,0.4265,Alpha-L-fucosidase 2 precursor,E3_2_1_51,,vv10511N-Glycan_degradation,
220,VIT_08s0007g09000,879,0.4248,Glycerol-3-phosphate dehydrogenase,E1_1_1_8,,vv10564Glycerophospholipid_metabolism,
221,VIT_14s0036g00460,877,0.4233,Myb domain protein 102,MYB102_3,MYB135,vv60044MYB,
222,VIT_11s0016g02410,860,0.4157,MYB divaricata,DIVARICATA_3,,vv30009Flower_development,vv60044MYB
223,VIT_07s0129g00140,853,0.4139,Adenylylsulfate kinase,E2_7_1_25,,vv10230Purine_metabolism,vv10450Selenoamino_acid_metabolism
224,VIT_14s0060g01830,862,0.4134,Unknown protein,,,,
225,VIT_19s0090g01010,851,0.4133,Stigma-specific Stig1,,,,
226,VIT_06s0004g01470,852,0.4126,Lipoxygenase LOX1,E1_13_11_12,,vv10592alpha-Linolenic_acid_metabolism,
227,VIT_07s0005g02510,839,0.4077,Phytochrome interacting factor 3 (PIF3),PIF3_2,,vv34710Circadian_rhythm,vv60011BHLH
228,VIT_00s0587g00010,845,0.4061,Replication factor A 1  rfa1,K07466,,vv23030DNA_replication,vv23420Nucleotide_excision_repair
229,VIT_13s0019g01020,840,0.4044,Ring-H2 finger protein ATL3A,,,,
230,VIT_15s0048g01500,826,0.4018,Geraniol 10-hydroxylase,G10H,,vv10902Monoterpenoid_biosynthesis,
231,VIT_15s0048g02050,815,0.3958,Hydrolase  alpha/beta fold family protein  expressed,,,,
232,VIT_19s0014g01180,809,0.3946,Pathogenesis-related,,,,
233,VIT_01s0010g01870,813,0.3922,Salicylic acid-induced fragment 1 protein,,,,
234,VIT_11s0037g00320,804,0.3909,Serine carboxypeptidase S10,,,,
235,VIT_14s0066g01000,807,0.3904,Phosphate/phosphoenolpyruvate translocator,PPTLREL,,vv50122Porters_cat_7_to_17,
236,VIT_05s0020g01310,804,0.3886,SRG1 (senescence-related gene 1),,,,
237,VIT_06s0009g00480,803,0.3885,Aluminium-tolerance ALMT1,ALMT1,,vv50125Porters_cat_66_to_94,
238,VIT_10s0003g01280,795,0.3852,Ribulose bisphosphate carboxylase  large chain,E4_1_1_39,,vv10710Carbon_fixation,
239,VIT_12s0028g03480,787,0.3820,Wax synthase,E2_3_1_75,,vv11000Single_reactions,
240,VIT_06s0004g00230,785,0.3798,WRKY DNA-binding protein 48,WRKY48_2,VvWRKY15,vv60066WRKY,
241,VIT_15s0046g03430,785,0.3787,Metal ion binding,,,,
242,VIT_04s0008g03220,786,0.3786,Lysophospholipase,E3_1_1_5,,vv10564Glycerophospholipid_metabolism,
243,VIT_06s0080g00150,776,0.3776,Subtilisin-like proteinase AIR3,,,,
244,VIT_19s0014g04050,776,0.3765,S-locus lectin protein kinase,,,,
245,VIT_11s0103g00650,773,0.3763,Pathogenesis-related homeodomain protein (PRHA),PRHA_1,VvHB41,vv60034HB,
246,VIT_01s0010g03900,775,0.3751,SEPALLATA3,SEPALLATA3_2,,vv30009Flower_development,vv60042MADS
247,VIT_12s0059g02420,772,0.3724,Peroxidase ATP11A (gb|X98802).,E1_11_1_7,,vv10360Phenylalanine_metabolism,vv10680Methane_metabolism
248,VIT_14s0083g01050,767,0.3709,SEPALLATA1,SEPALLATA1_2,,vv30009Flower_development,vv60042MADS
249,VIT_15s0048g02510,767,0.3707,Basic helix-loop-helix (bHLH) family,BHLHDOM_35,,vv60011BHLH,
250,VIT_04s0023g00700,761,0.3678,Serine carboxypeptidase S10,,,,
251,VIT_04s0008g06510,759,0.3665,Unknown,,,,
252,VIT_04s0023g02230,758,0.3629,S-adenosyl-L-methionine:salicylic acid carboxyl methyltransferase,SAMTBSCMT,,vv10360Phenylalanine_metabolism,
253,VIT_03s0017g00440,750,0.3623,MADS-box agamous-like 24,AGL24_2,,vv30009Flower_development,vv60042MADS
254,VIT_01s0011g05860,748,0.3612,Aspartate-semialdehyde dehydrogenase,E1_2_1_11,,vv10260Glycine_serine_and_threonine_metabolism,vv10300Lysine_biosynthesis
255,VIT_00s0379g00050,742,0.3609,Short-chain dehydrogenase/reductase (SDR),,,,
256,VIT_12s0034g01530,737,0.3574,No hit,,,,
257,VIT_13s0019g02880,735,0.3571,UDP-glucoronosyl/UDP-glucosyl transferase,,,,
258,VIT_06s0061g00980,736,0.3571,Prolylcarboxypeptidase,E3_4_16_2,,,
259,VIT_03s0017g01440,733,0.3557,Berberine bridge enzyme,E1_21_3_3,,vv10950Alkaloid_biosynthesis_I,
260,VIT_08s0007g08200,732,0.3545,MATE efflux family protein,MATE,,vv50125Porters_cat_66_to_94,
261,VIT_04s0008g00780,730,0.3525,Unknown,,,,
262,VIT_18s0001g13520,726,0.3512,Zinc finger (B-box type),ZFBBOX_9,,vv60073Orphans_zf-b_box,
263,VIT_12s0034g02560,720,0.3499,DNA (cytosine-5)-methyltransferase (ATHIM),E2_1_1_37,,vv10271Methionine_metabolism,
264,VIT_00s1674g00010,720,0.3487,4-nitrophenylphosphatase,E3_1_3_18,,vv10630Glyoxylate_and_dicarboxylate_metabolism,
265,VIT_12s0034g02570,724,0.3484,Leucine Rich Repeat receptor-like kinase,,,,
266,VIT_15s0021g01560,723,0.3481,Leucine carboxyl methyltransferase family protein,K00599,,vv10340Histidine_metabolism,vv10350Tyrosine_metabolism
267,VIT_06s0004g02060,715,0.3424,Aldehyde dehydrogenase 3B1,E1_2_1_3,vv10561Glycerolipid_metabolism,vv10010Glycolysis,vv10071Fatty_acid_metabolism
268,VIT_13s0067g02360,707,0.3406,Peroxidase  class III,E1_11_1_7,,vv10360Phenylalanine_metabolism,vv10680Methane_metabolism
269,VIT_18s0001g14260,698,0.3359,No hit,,,,
270,VIT_12s0057g01000,683,0.3327,Unknown protein,,,,
271,VIT_03s0038g04210,683,0.3314,Phototropin-2,K08282,,vv50101Channels_and_pores,
272,VIT_18s0001g01320,679,0.3296,Wall-associated receptor kinase 5,,,,
273,VIT_03s0063g00680,678,0.3283,Zinc metalloprotease pitrilysin sub A,E3_4_24_x,,,
274,VIT_11s0052g01380,678,0.3277,Calmodulin-binding protein,K02183,,vv34020Calcium_signaling_pathway,vv34626Plant-pathogen_interaction
275,VIT_13s0067g03430,672,0.3265,ARR9 typeA,ARR9_3,,vv30007Cytokinin_signaling,vv60072Orphans_Response_reg
276,VIT_11s0016g05170,671,0.3257,Nitrate transporter,NTP2,,vv50122Porters_cat_7_to_17,
277,VIT_16s0022g02380,675,0.3244,MADS-box agamous-like 42,AGL42_2,,vv60042MADS,
278,VIT_00s0265g00050,669,0.3233,1 3-beta-glucan synthase,E2_4_1_34,,vv10500Starch_and_sucrose_metabolism,
279,VIT_14s0068g00360,667,0.3232,LNG1 (LONGIFOLIA1),,,,
280,VIT_02s0025g01640,669,0.3219,Calcineurin B 4-1,E3_1_3_16,,,
281,VIT_04s0023g01020,666,0.3210,BEL1 homeobox 2 protein (BLH2) (SAWTOOTH 1),BLH2_1,VvHB17,vv60034HB,
282,VIT_10s0071g00250,656,0.3161,Strictosidine synthase,E4_3_3_2,,vv10900Terpenoid_biosynthesis,vv10902Monoterpenoid_biosynthesis
283,VIT_18s0001g00800,650,0.3160,Tetracycline transporter protein,TETRACYCTR,,vv50121Porters_cat_1_to_6,
284,VIT_04s0044g00930,657,0.3157,Peroxiredoxin-5,E1_11_1_15,,,
285,VIT_18s0001g12930,645,0.3133,Heavy-metal-associated domain-containing protein,,,,
286,VIT_03s0017g01490,647,0.3129,Berberine bridge enzyme,E1_21_3_3,,vv10950Alkaloid_biosynthesis_I,
287,VIT_18s0001g03470,647,0.3124,Flavonol synthase,E1_14_11_23,,vv10941Flavonoid_biosynthesis,
288,VIT_19s0014g01060,645,0.3122,Sesquiterpene synthase,E2_5_1_21,,vv10100Biosynthesis_of_steroids,vv10900Terpenoid_biosynthesis
289,VIT_19s0015g02080,643,0.3108,(-)-germacrene D synthase,E4_2_3_22,,vv10900Terpenoid_biosynthesis,
290,VIT_07s0141g00630,645,0.3107,Prenylated rab acceptor (PRA1),,,,
291,VIT_16s0022g00840,642,0.3094,Invertase/pectin methylesterase inhibitor,PMEI,,vv40006Cell_wall,
292,VIT_11s0016g04930,637,0.3082,Binding / zinc ion binding,,,,
293,VIT_12s0028g01460,636,0.3075,S-receptor kinase,,,,
294,VIT_08s0040g02830,632,0.3058,Calcium-transporting ATPase 1  endoplasmic reticulum-type ECA1,K01537,,vv34020Calcium_signaling_pathway,vv50131Primary_active_transporter_cat_A2_to_A4
295,VIT_17s0000g07950,627,0.3054,Unknown protein,,,,
296,VIT_07s0104g00100,632,0.3034,AL-activated malate transporter 1,ALMT1,,vv50125Porters_cat_66_to_94,
297,VIT_06s0004g04820,619,0.3017,Salt stress-inducible protein kinase,,,,
298,VIT_18s0001g13080,622,0.3011,Unknown protein,,,,
299,VIT_14s0068g00370,622,0.2993,No hit,,,,
300,VIT_07s0031g00100,617,0.2979,flavonol synthase,E1_14_11_23,,vv10941Flavonoid_biosynthesis,
301,VIT_02s0154g00290,615,0.2974,Extensin,EXTENSIN,,vv40006Cell_wall,
302,VIT_14s0030g01540,616,0.2973,Cysteine synthase,E2_5_1_47,,vv10272Cysteine_metabolism,vv10450Selenoamino_acid_metabolism
303,VIT_00s0407g00050,617,0.2962,No hit,,,,
304,VIT_04s0008g05100,608,0.2940,Cytochrome c oxidase subunit Vb,K02265,,vv10190Oxidative_phosphorylation,vv50135Primary_active_transporter_cat_D3_to_E2
305,VIT_00s0583g00020,602,0.2924,Unknown protein,,,,
306,VIT_01s0026g02030,602,0.2893,Basic helix-loop-helix (bHLH) family,BHLHDOM_59,,vv60011BHLH,
307,VIT_08s0056g01130,594,0.2877,Mini zinc finger 2 MIF2,MIF2_2,,vv60068Zf-HD,
308,VIT_03s0038g03480,588,0.2845,Auxin-induced SAUR,SAUR,,vv30003Auxin_signaling,
309,VIT_16s0022g00830,587,0.2844,Pectin methylesterase inhibitor,PMEI,,vv40006Cell_wall,
310,VIT_05s0020g01480,590,0.2841,Ribosomal protein S21 (RPS21C) 40S,K02970,,vv23010Ribosome,
311,VIT_01s0137g00510,590,0.2841,CYP71B10,CYP71B10,,vv10940Phenylpropanoid_biosynthesis,
312,VIT_19s0090g00730,586,0.2832,No hit,,,,
313,VIT_19s0014g00080,586,0.2821,Steroid 5alpha-reductase,K09591,,vv10905Brassinosteroid_biosynthesis,
314,VIT_12s0059g01030,581,0.2808,Dentin sialophosphoprotein,,,,
315,VIT_06s0004g01500,576,0.2807,Lipoxygenase (LOX2),E1_13_11_12,,vv10592alpha-Linolenic_acid_metabolism,
316,VIT_02s0025g02670,578,0.2795,Unknown protein,,,,
317,VIT_15s0048g01120,575,0.2782,Subtilisin serine protease,,,,
318,VIT_09s0002g02940,576,0.2780,Myo-inositol oxygenase 1,E1_13_99_1,,vv10562Inositol_phosphate_metabolism,
319,VIT_14s0108g00020,573,0.2771,PIN8 (PIN-formed 8); auxin:hydrogen symporter/ transporter,PIN8,,vv50004Auxin_transport,vv50125Porters_cat_66_to_94
320,VIT_13s0156g00360,573,0.2771,Emsy N terminus domain-containing protein,,,,
321,VIT_12s0142g00360,573,0.2768,SHATTERPROOF 2,SHATTERPROOF2,,vv60042MADS,
322,VIT_18s0075g00020,575,0.2763,Disease resistance protein (TIR-NBS-LRR class),,,,
323,VIT_14s0036g01290,569,0.2754,Subtilisin-like proteinase AIR3,,,,
324,VIT_14s0060g01000,570,0.2754,Werner Syndrome exonuclease (WEX),K01146,,,
325,VIT_08s0007g02950,559,0.2735,Unknown protein,,,,
326,VIT_07s0151g00640,556,0.2699,Globulin-1 S allele precursor,,,,
327,VIT_09s0002g03220,561,0.2698,Acid phosphatase,E3_1_3_2,,vv10740Riboflavin_metabolism,
328,VIT_07s0104g00420,545,0.2637,Endo-1 3;1 4-beta-D-glucanase precursor,E3_2_1_73,,,
329,VIT_09s0002g07530,544,0.2629,Tetratricopeptide helical,,,,
330,VIT_18s0041g01250,545,0.2623,Amino acid permease 1,AAP1,,vv50123Porters_cat_18_to_29,
331,VIT_09s0002g09020,539,0.2610,No hit,,,,
332,VIT_15s0045g01260,537,0.2609,Unknown,,,,
333,VIT_08s0058g00850,543,0.2603,Gag-pol polyprotein,,,,
334,VIT_06s0061g00250,534,0.2587,ABC transporter G member 7,ABCG7,,vv52010ABC_transporters,
335,VIT_14s0066g01210,530,0.2568,Carbonic anhydrase  chloroplast precursor,E4_2_1_1,,vv10910Nitrogen_metabolism,vv50124Porters_cat_30_to_64
336,VIT_02s0025g01730,529,0.2559,3-oxoacyl-[acyl-carrier-protein] synthase,E2_3_1_41,,vv10061Fatty_acid_biosynthesis,
337,VIT_10s0116g01870,528,0.2557,MATE efflux family protein,MATE,,vv50125Porters_cat_66_to_94,
338,VIT_16s0050g01570,527,0.2555,Synbindin TRAPPC1,TRAPPC1,,vv50110Protein_coat,
339,VIT_01s0010g01090,531,0.2539,Peroxidase ATP23a,E1_11_1_7,,vv10360Phenylalanine_metabolism,vv10680Methane_metabolism
340,VIT_02s0025g01980<br>VIT_02s0025g01910,526,0.2539,
341,VIT_18s0001g06630,517,0.2496,No hit,,,,
342,VIT_08s0040g02100,514,0.2495,Zinc finger (C2H2 type) JACKDAW,JACKDAW_2,,vv60017C2H2,
343,VIT_11s0016g04780,517,0.2490,Ras GTP-binding protein (RAN2),K07936,,vv23008Ribosome_biogenesis_in_Eukaryotes,vv23013RNA_transport
344,VIT_08s0058g00250,512,0.2482,Myb family,MYBGE_27,,vv60029G2-like,
345,VIT_14s0128g00120,507,0.2454,Ring-H2 finger protein ATL3B,VVL3B,,vv60078Other_zf-C3HC4,
346,VIT_18s0001g08980,503,0.2431,Beta-1 4-mannosyltransferase,E2_4_1_142,,vv10510N-Glycan_biosynthesis,vv11030Glycan_structures-biosynthesis1
347,VIT_17s0000g03330,500,0.2419,Receptor serine/threonine kinase PR5K,,,,
348,VIT_15s0046g02230,488,0.2362,Heavy-metal-associated domain-containing protein,,,,
349,VIT_06s0004g06570,489,0.2361,Calcium/proton exchanger CAX3,K07300_CAX3,,vv50123Porters_cat_18_to_29,
350,VIT_09s0002g03230,485,0.2344,Acid phosphatase,E3_1_3_2,,vv10740Riboflavin_metabolism,
351,VIT_08s0056g00070,476,0.2306,Methylenetetrahydrofolate dehydrogenase,E1_5_1_15,,vv10670One_carbon_pool_by_folate,
352,VIT_09s0018g01180,475,0.2289,TTL (transthyretin-like protein),TTRL,,vv50109Incompletely_characterized_transport_systems,
353,VIT_18s0001g13380,474,0.2285,Papain cysteine proteinase isoform I,E3_4_22_2,,,
354,VIT_11s0052g00490,467,0.2260,No hit,,,,
355,VIT_12s0142g00240,462,0.2248,PDF1 (protodermal factor1),PDF1_1,,,
356,VIT_15s0046g03500,464,0.2239,Metal ion binding,,,,
357,VIT_15s0046g02500,462,0.2237,Unknown protein,,,,
358,VIT_01s0244g00010,456,0.2208,Basic helix-loop-helix (bHLH) family,BHLHDOM_53,,vv60011BHLH,
359,VIT_11s0052g01620,453,0.2193,Pathogenesis-related protein 1 precursor (PRP 1),PRP1,,vv30011Jasmonate_signaling,vv34626Plant-pathogen_interaction
360,VIT_03s0063g00550,451,0.2176,Fw2.2 ORFX,,,,
361,VIT_00s0218g00140,448,0.2167,Anthocyanidine rhamnosyl-transferase,RHATR,,vv10942Anthocyanin_biosynthesis,
362,VIT_02s0109g00440,445,0.2164,No hit,,,,
363,VIT_12s0059g01190,441,0.2150,Homeobox protein shoot MERISTEMLESS (STM),STM_2,VvHB43,vv50004Auxin_transport,vv60034HB
364,VIT_00s0317g00020,441,0.2130,Unknown protein,,,,
365,VIT_11s0016g00790,439,0.2127,Small nuclear ribonucleoprotein LSM1,K12620,,vv23018RNA_degradation,
366,VIT_12s0035g01920,441,0.2125,Methionine S-methyltransferase,E2_1_1_12,,vv10450Selenoamino_acid_metabolism,
367,VIT_12s0059g01090,435,0.2111,Early-responsive to dehydration,,,,
368,VIT_11s0016g01890,436,0.2106,Telomere repeat binding factor 1,TRB1_4,,vv60045MYBrelated,
369,VIT_12s0035g00260,435,0.2106,Mlo4,K08472,,,
370,VIT_06s0004g02670,432,0.2086,Cyclic nucleotide-gated ion channel 15,K05391_CNGC15,,vv34626Plant-pathogen_interaction,vv50101Channels_and_pores
371,VIT_04s0023g02250,419,0.2027,No hit,,,,
372,VIT_17s0000g08600,422,0.2027,Signal recognition particle receptor beta subunit,K12272,,vv23060Protein_export,vv50132Primary_active_transporter_cat_A5_to_A8
373,VIT_07s0031g01370,418,0.2018,flavonoid 3-monooxygenase,E1_14_13_21,,vv10941Flavonoid_biosynthesis,
374,VIT_12s0059g00200,418,0.2015,Lanthionine synthetase C,,,,
375,VIT_02s0012g01780,406,0.1958,WD-repeat protein 74,,,,
376,VIT_02s0087g00470,403,0.1949,Anthraniloyal-CoA: methanol anthraniloyal transferase,AMAT,,vv10400Phenylalanine_tyrosine_and_tryptophan_biosynthesis,
377,VIT_00s0228g00070<br>VIT_00s0228g00010<br>VIT_00s0411g00050,403,0.1949,
378,VIT_03s0167g00070,402,0.1945,MADS-box protein SVP (short vegetative phase),SVP_4,,vv30009Flower_development,vv60042MADS
379,VIT_19s0027g00120,401,0.1939,No hit,,,,
380,VIT_00s0392g00050,399,0.1934,Protein-serine/threonine kinase,,,,
381,VIT_03s0063g00800,396,0.1928,Carboxyesterase 12; CXE12,E3_1_1_1,,,
382,VIT_05s0094g00130,398,0.1914,DNA-directed RNA polymerase II subunit H,K03016,,vv23020RNA_polymerase,
383,VIT_11s0052g01140,396,0.1908,Membrane protein,,,,
384,VIT_08s0056g00300,394,0.1905,Unknown,,,,
385,VIT_18s0001g07750,392,0.1896,Sas10/U3 ribonucleoprotein,,,,
386,VIT_11s0016g05420,386,0.1881,SOS2 (salt overly sensitive 2),SOS2,,vv30001ABA_signaling,
387,VIT_08s0007g00490,390,0.1880,Transducin protein,,,,
388,VIT_02s0012g01030,389,0.1879,AL-activated malate transporter 1,ALMT1,,vv50125Porters_cat_66_to_94,
389,VIT_06s0004g07970,388,0.1864,Alpha-expansin 10 precursor,EXPA10,,vv30003Auxin_signaling,
390,VIT_01s0011g00610,383,0.1859,Unknown protein,,,,
391,VIT_13s0019g01990,382,0.1854,Phospholipid/glycerol acyltransferase,E2_3_1_51,,vv10561Glycerolipid_metabolism,vv10564Glycerophospholipid_metabolism
392,VIT_10s0116g01580,383,0.1852,No hit,,,,
393,VIT_04s0008g05110,382,0.1850,Unknown,,,,
394,VIT_03s0017g00900<br>VIT_05s0102g01010,381,0.1839,
395,VIT_04s0044g00100,377,0.1823,Unknown protein,,,,
396,VIT_09s0002g03710,378,0.1815,Unknown protein,,,,
397,VIT_04s0023g02170,372,0.1788,S-adenosyl-L-methionine:carboxyl methyltransferase,,,,
398,VIT_18s0001g12290,368,0.1784,Pore protein 24K chain,OEP24,,vv50101Channels_and_pores,
399,VIT_00s0404g00010,366,0.1766,Beta-galactosidase,E3_2_1_23,,vv10052Galactose_metabolism,vv10511N-Glycan_degradation
400,VIT_01s0137g00170,360,0.1754,B-keto acyl reductase,,,,
401,VIT_18s0001g02600,362,0.1748,Ribosomal protein S1  30S,K02945,,vv23010Ribosome,
402,VIT_18s0089g01030,362,0.1745,Ethylene-responsive transcription factor,TINY_10,VvERF017,vv30008Ethylene_signaling,vv60003AP2_EREBP
403,VIT_12s0142g00310,359,0.1740,Oxygen evolving enhancer 3 (PsbQ),K08901,,vv10195Photosynthesis,vv50113Thylakoid_targeting_pathway
404,VIT_11s0016g01800,361,0.1740,Protein kinase MK6,,,,
405,VIT_04s0008g03410,355,0.1736,Unknown protein,,,,
406,VIT_10s0042g01240,351,0.1695,Transducin protein,,,,
407,VIT_07s0031g02140,349,0.1694,Amino acid permease,AAPREL,,vv50123Porters_cat_18_to_29,
408,VIT_08s0040g02900,348,0.1689,Aluminum sensitive 3,ALS3,,vv52010ABC_transporters,
409,VIT_09s0002g07970,349,0.1686,Poly(A) binding protein 8,,,,
410,VIT_03s0038g04480,349,0.1684,SEC14 cytosolic factor,SEC14,,vv50122Porters_cat_7_to_17,
411,VIT_13s0019g03180,346,0.1668,Unknown protein,,,,
412,VIT_08s0007g08550,347,0.1667,Exosome complex component RRP43,K12586,,vv23018RNA_degradation,
413,VIT_02s0025g01090,340,0.1654,Unknown protein,,,,
414,VIT_13s0067g01210,341,0.1649,Anaphase-promoting complex component APC1,K03348,,vv24120Ubiquitin_mediated_proteolysis,vv44110Cell_cycle
415,VIT_07s0151g00700,340,0.1642,EDA4 (embryo sac development arrest 4),EDA4,,vv50109Incompletely_characterized_transport_systems,
416,VIT_04s0044g01490,340,0.1628,2-oxoisovalerate dehydrogenase alpha subunit  mitochondrial precursor,E1_2_4_4,,vv10280Valine_leucine_and_isoleucine_degradation,
417,VIT_08s0007g07720,334,0.1617,CYP93A1 2-hydroxyisoflavanone synthase,E1_14_13_86,,vv10943Isoflavonoid_biosynthesis,
418,VIT_06s0009g01360,331,0.1612,R protein  PRF  disease resistance protein,K13453,,vv34627R_proteins_from_Plant-pathogen_interaction,
419,VIT_19s0090g00900,332,0.1606,Auxin-responsive protein,AUXREG,,vv30003Auxin_signaling,
420,VIT_06s0004g05480,331,0.1597,Translation initiation factor eIF-3 subunit 3,K03247,,vv23013RNA_transport,
421,VIT_19s0014g03840,328,0.1594,Unknown protein,,,,
422,VIT_01s0011g04710,320,0.1540,Copper-binding family protein,,,,
423,VIT_06s0004g02690,319,0.1534,Glycosyl transferase family 2 protein,,,,
424,VIT_04s0023g00720,316,0.1529,Unknown protein,,,,
425,VIT_12s0059g01870,313,0.1515,GH3-like protein,AUXINBIOSYNTHESIS_GH3,,vv11002Auxin_biosynthesis,
426,VIT_15s0046g00140,309,0.1488,ORMDL protein,,,,
427,VIT_00s2015g00020,305,0.1475,F-box family protein,,,,
428,VIT_13s0019g02860,302,0.1469,UDP-glucoronosyl and UDP-glucosyl transferase,,,,
429,VIT_14s0066g01380,303,0.1469,Calcium homeostasis regulator CHoR1,CHOR1,,,
430,VIT_13s0106g00250,300,0.1453,Carboxylic ester hydrolase,E3_1_1_1,,,
431,VIT_04s0008g03990,296,0.1434,Unknown,,,,
432,VIT_01s0182g00130,295,0.1428,PHO1-like protein,PHO1,,vv50125Porters_cat_66_to_94,
433,VIT_03s0038g03420,291,0.1413,Cytokinin riboside 5'-monophosphate phosphoribohydrolase LOG5,LOG5,,vv10908Zeatin_biosynthesis,
434,VIT_02s0087g00910,290,0.1408,9-cis-epoxycarotenoid dioxygenase,E1_13_11_51,,vv10906Carotenoid_biosynthesis,vv11013ABA_biosynthesis
435,VIT_05s0049g01810,290,0.1403,No hit,,,,
436,VIT_11s0037g01400,290,0.1403,Zinc finger (C3HC4-type ring finger),ZFC3HC4_80,,vv60078Other_zf-C3HC4,
437,VIT_17s0000g02770,288,0.1393,Disease resistance protein (CC-NBS-LRR class),,,,
438,VIT_06s0004g00650,286,0.1381,Accelerated cell death 1 ACD1,ACD1,,vv50133Primary_active_transporter_cat_A9_to_A18,
439,VIT_17s0000g05640,285,0.1371,Nitrate transporter 1:2,NRT1_2,,vv50122Porters_cat_7_to_17,
440,VIT_18s0122g01250,282,0.1363,No hit,,,,
441,VIT_02s0025g00260,279,0.1352,Polygalacturonase GH28,E3_2_1_15,,vv40006Cell_wall,
442,VIT_11s0016g04410,279,0.1349,Unknown protein,,,,
443,VIT_12s0028g03960,278,0.1346,Ankyrin repeat protein family,K10380,,vv50108Accessory_factors_involved_in_transport,
444,VIT_03s0091g00390,278,0.1344,Snakin-1,SNAKIN,,vv30010Gibberellin_signaling,
445,VIT_13s0067g02340,276,0.1330,Proton-dependent oligopeptide transport (POT) family protein,POT,,vv50122Porters_cat_7_to_17,
446,VIT_15s0107g00120,274,0.1326,MADS-box protein SVP (short vegetative phase),SVP_3,,vv30009Flower_development,vv60042MADS
447,VIT_00s1361g00010,271,0.1313,Unknown,,,,
448,VIT_03s0097g00520,265,0.1285,Magnesium transporter CorA,MRS2REL,,vv50101Channels_and_pores,
449,VIT_14s0066g01390,265,0.1279,Metal-dependent phosphohydrolase HD domain-containing protein,K07023,,,
450,VIT_05s0029g00060,263,0.1277,Myb UNE16 (unfertilized embryo sac 16),UNE16_1,,vv60029G2-like,
451,VIT_14s0036g00440,262,0.1272,Unknown protein,,,,
452,VIT_06s0004g00280,262,0.1269,Ent-kaurenoic acid 13-hydroxylase,E1_14_13_79,,vv10904Diterpenoid_biosynthesis,
453,VIT_18s0001g10270,261,0.1261,Basic helix-loop-helix protein SPATULA,SPATULA_1,,vv60011BHLH,
454,VIT_11s0052g01640,261,0.1260,flavonol 3-O-glucosyltransferase,E2_4_1_91,,vv10941Flavonoid_biosynthesis,
455,VIT_12s0028g03780,259,0.1255,Riboflavin synthase alpha chain,E2_5_1_9,,vv10740Riboflavin_metabolism,
456,VIT_19s0014g01880,260,0.1254,Homeobox protein,HBDOM_1,VvHB69,vv60034HB,
457,VIT_09s0002g01450,254,0.1227,Unknown protein,,,,
458,VIT_07s0185g00080,253,0.1223,Unknown protein,,,,
459,VIT_14s0108g00260,254,0.1221,Unknown,,,,
460,VIT_11s0037g00670,250,0.1211,Receptor protein kinase,,,,
461,VIT_04s0008g05520,248,0.1204,Unknown protein,,,,
462,VIT_13s0064g01740<br>VIT_13s0064g01750,247,0.1198,
463,VIT_02s0033g01320,247,0.1190,Amino acid permease,AAPREL,,vv50123Porters_cat_18_to_29,
464,VIT_06s0004g06910,245,0.1176,Unknown protein,,,,
465,VIT_08s0007g04100,241,0.1166,CYPLXXVIA2,,,,
466,VIT_14s0060g01810,238,0.1148,Unknown protein,,,,
467,VIT_09s0002g05850,237,0.1147,Disease resistance protein (NBS-LRR class),,,,
468,VIT_11s0037g01370,231,0.1121,Ankyrin,K10380,,,
469,VIT_08s0007g05550,232,0.1116,Protein kinase,,,,
470,VIT_09s0054g00600,230,0.1107,Pyridoxamine 5-phosphate oxidase,E1_4_3_5,,vv10750Vitamin_B6_metabolism,
471,VIT_03s0088g00250,228,0.1102,Isoflavone reductase,E1_3_1_45,,vv10943Isoflavonoid_biosynthesis,
472,VIT_01s0010g03690,221,0.1072,Splicing factor YT521-B,,,,
473,VIT_13s0084g00730,221,0.1070,No hit,,,,
474,VIT_05s0077g00380,217,0.1051,No hit,,,,
475,VIT_14s0030g01830,215,0.1043,Protein kinase PKN/PRK1  effector,,,,
476,VIT_02s0025g01770,215,0.1039,Cellulose synthase CSLG3,E2_4_1_12_CSLG3,,vv40006Cell_wall,
477,VIT_15s0046g01960,211,0.1026,Hydroquinone glucosyltransferase,E2_4_1_218,,vv10500Starch_and_sucrose_metabolism,
478,VIT_07s0031g03170,212,0.1023,1-acyl-sn-glycerol-3-phosphate acyltransferase,E2_3_1_51,,vv10561Glycerolipid_metabolism,vv10564Glycerophospholipid_metabolism
479,VIT_01s0011g00100,205,0.0990,MADS-box APETALA 1,APETALA1_2,,vv30009Flower_development,vv60042MADS
480,VIT_19s0015g00450,200,0.0971,RNA recognition motif (RRM)-containing protein,,,,
481,VIT_13s0067g03060,200,0.0970,Methionyl-tRNA synthetase,E6_1_1_10,,vv10271Methionine_metabolism,vv10450Selenoamino_acid_metabolism
482,VIT_18s0001g15350,199,0.0964,Pentatricopeptide (PPR) repeat-containing protein,,,,
483,VIT_15s0048g02680,199,0.0960,Calmodulin-binding region IQD17,,,,
484,VIT_16s0022g01540<br>VIT_16s0022g01500,197,0.0954,
485,VIT_07s0005g06300,198,0.0952,Phototropic-responsive NPH3,,,,
486,VIT_13s0106g00070,190,0.0917,Ankyrin repeat protein,K10380,,vv50108Accessory_factors_involved_in_transport,
487,VIT_13s0019g02050,189,0.0914,Ribulose bisphosphate carboxylase/oxygenase activase  chloroplast,,,,
488,VIT_04s0008g03490,189,0.0913,Ankyrin repeat protein,,,,
489,VIT_17s0000g04950,186,0.0902,Steroid sulfotransferase,K01025,,vv10272Cysteine_metabolism,
490,VIT_04s0008g01590,187,0.0898,Heat shock protein 17.6 kDa class II,K13993,,vv24141Protein_processing_in_endoplasmic_reticulum,
491,VIT_07s0005g03170,187,0.0897,Undecaprenyl pyrophosphate synthetase,E2_5_1_31,,vv10900Terpenoid_biosynthesis,
492,VIT_13s0064g01560,185,0.0896,Glycosyl hydrolase family 1 protein,,,,
493,VIT_07s0205g00030,184,0.0894,Zinc finger (C3HC4-type ring finger),ZFC3HC4_8,,vv60078Other_zf-C3HC4,
494,VIT_19s0027g00220,183,0.0891,Unknown protein,,,,
495,VIT_11s0052g01120,183,0.0887,Zinc finger protein 2,ZFP2,,vv60017C2H2,
496,VIT_03s0063g00020,183,0.0887,LRX2 (leucine-rich repeat/extensin 2),EXTENSIN,,vv40006Cell_wall,
497,VIT_01s0011g05360,181,0.0877,High mobility group protein HMGI/Y-1,HMGIY_5,,vv60035HMG,
498,VIT_08s0040g01360,179,0.0872,Histidyl-tRNA synthetase,E6_1_1_21,,vv10340Histidine_metabolism,vv20970Aminoacyl-tRNA_biosynthesis
499,VIT_03s0017g02300,178,0.0863,Unknown protein,,,,
500,VIT_19s0015g01870,177,0.0860,WRKY DNA-binding protein 2,WRKY2_1,VvWRKY57,vv60066WRKY,
501,VIT_14s0030g02020,176,0.0854,Aldo/keto reductase,E1_1_1_21,,vv10040Pentose_glucuronate_interconversion,vv10051Fructose_and_mannose_metabolism
502,VIT_02s0025g04820,178,0.0852,Subtilisin P69E protein,,,,
503,VIT_10s0003g02070,170,0.0826,Agamous (AG) floral homeotic protein,AGAMOUS_1,,vv30009Flower_development,vv60042MADS
504,VIT_10s0003g00780,169,0.0819,Glutamate receptor 3.4,GLR3_4,,vv50101Channels_and_pores,
505,VIT_01s0010g02510,168,0.0810,Lysine histidine transporter 1,LHT1,,vv50123Porters_cat_18_to_29,
506,VIT_14s0108g00190,165,0.0801,Aldose 1-epimerase,E5_1_3_3,,vv10010Glycolysis,
507,VIT_03s0017g01950,165,0.0799,Pectinesterase family,E3_1_1_11,,vv40006Cell_wall,
508,VIT_19s0014g01940,165,0.0794,Unknown,,,,
509,VIT_12s0059g02460,164,0.0790,Histone-lysine N-methyltransferase ATXR2,E2_1_1_43ATXR2,,vv10300Lysine_biosynthesis,vv60056SET_PCG
510,VIT_11s0052g01630,163,0.0784,Anthocyanidin 3-O-glucosyltransferase,E2_4_1_115,,vv10942Anthocyanin_biosynthesis,
511,VIT_14s0068g01180,160,0.0779,Unknown protein,,,,
512,VIT_10s0003g05020,160,0.0775,GTP-binding protein obg,K03979,,,
513,VIT_19s0015g01660,157,0.0756,Phenylalanine-tRNA ligase,E6_1_1_20,,vv10400Phenylalanine_tyrosine_and_tryptophan_biosynthesis,vv20970Aminoacyl-tRNA_biosynthesis
514,VIT_10s0003g02260,156,0.0753,Naringenin 2-oxoglutarate 3-dioxygenase,E1_14_11_9,,vv10941Flavonoid_biosynthesis,
515,VIT_14s0060g01030,155,0.0748,Haloacid dehalogenase hydrolase,E3_1_3_18,,vv10630Glyoxylate_and_dicarboxylate_metabolism,
516,VIT_12s0059g02360,153,0.0741,Myb caprice CPC,CAPRICE_3,,vv60045MYBrelated,
517,VIT_03s0167g00210,149,0.0729,No hit,,,,
518,VIT_19s0014g02680,146,0.0710,Ribosomal protein S2,K02967,,vv23010Ribosome,
519,VIT_19s0090g01550,143,0.0694,Mo25,K08272,,vv34150mTOR_signaling_pathway,
520,VIT_16s0013g01950,141,0.0681,Hexose transporter [Vitis vinifera],VVHT4,,vv50121Porters_cat_1_to_6,
521,VIT_14s0128g00930,141,0.0680,No hit,,,,
522,VIT_04s0008g01440,139,0.0673,UPF0203 protein,,,,
523,VIT_18s0122g01240,139,0.0670,Serine/threonine Protein kinase BNK1,,,,
524,VIT_14s0068g00280,137,0.0665,Unknown protein,,,,
525,VIT_18s0001g11400,137,0.0662,CYP82C4,,,,
526,VIT_03s0038g00950,137,0.0661,Auxin-responsive SAUR9,SAUR9,,vv30003Auxin_signaling,
527,VIT_04s0008g01820,135,0.0649,TT2 (transparent testa 2),TT2_3,MYBPA9,vv44110Cell_cycle,vv60044MYB
528,VIT_00s0266g00070,134,0.0648,Linalool synthase,E4_2_3_26,,vv10900Terpenoid_biosynthesis,
529,VIT_00s1356g00010,134,0.0643,Zinc finger (C2H2 type) family,C2H2FAM_15,,vv60017C2H2,
530,VIT_02s0012g00660,132,0.0639,Calcium-binding EF-hand,,,,
531,VIT_07s0005g04390,130,0.0631,Clavata1 receptor kinase (CLV1),,,,
532,VIT_12s0134g00670,129,0.0625,Anthocyanin 5-aromatic acyltransferase,E2_3_1_153,,vv10941Flavonoid_biosynthesis,vv10942Anthocyanin_biosynthesis
533,VIT_01s0146g00180,127,0.0618,Auxin responsive SAUR protein,SAUR,,vv30003Auxin_signaling,
534,VIT_07s0005g01410,128,0.0617,Dimethyladenosine transferase,K02528,,,
535,VIT_07s0255g00030,126,0.0610,Lipase GDSL,,,,
536,VIT_16s0100g00610,125,0.0607,CYP87A3,,,,
537,VIT_15s0048g01170,124,0.0600,Subtilisin serine protease,,,,
538,VIT_09s0096g00390,124,0.0598,Disease resistance protein (NBS-LRR class),,,,
539,VIT_15s0046g01560,119,0.0574,Unknown protein,,,,
540,VIT_04s0008g06390,119,0.0573,TPR1 (topless-related 1),TPR1,,vv30003Auxin_signaling,
541,VIT_17s0000g05460,118,0.0570,Nodulin,,,,
542,VIT_10s0003g04160,117,0.0569,S-adenosyl-L-methionine:scoulerine 9-O-methyltransferase,E2_1_1_117,,vv10950Alkaloid_biosynthesis_I,
543,VIT_19s0177g00090,116,0.0562,Albumin  2S,,,,
544,VIT_06s0061g00260,115,0.0557,ABC transporter G member 7,ABCG7,,vv52010ABC_transporters,
545,VIT_13s0067g02590,116,0.0555,No hit,,,,
546,VIT_19s0014g02550,114,0.0550,(-)-germacrene D synthase,E4_2_3_22,,vv10900Terpenoid_biosynthesis,
547,VIT_10s0003g04470,113,0.0548,Glutathione S-conjugate ABC transporter (MRP2),MRP2,,vv52010ABC_transporters,
548,VIT_00s0420g00040,113,0.0546,S-locus lectin protein kinase,,,,
549,VIT_12s0034g02590,113,0.0545,Leucine Rich Repeat receptor-like kinase,,,,
550,VIT_04s0008g00280,111,0.0536,Amino acid permease 1,AAP1,,vv50123Porters_cat_18_to_29,
551,VIT_13s0064g01480,109,0.0527,Lipoxygenase LOX1,E1_13_11_12,,vv10592alpha-Linolenic_acid_metabolism,
552,VIT_08s0007g00040,109,0.0527,Histone H4,,,,
553,VIT_04s0008g01700,108,0.0523,Unknown protein,,,,
554,VIT_03s0063g00830,108,0.0521,Carboxyesterase 5 CXE5,E3_1_1_1,,,
555,VIT_18s0001g13390,106,0.0515,Papain cysteine proteinase isoform II,E3_4_22_2,,,
556,VIT_14s0068g01520,106,0.0513,Double-stranded RNA-binding (DsRBD) domain-containing protein,,,,
557,VIT_16s0039g02430,105,0.0507,No hit,,,,
558,VIT_04s0043g00700,105,0.0507,PTAC3 (plastid transcriptionally active3),PTAC3,,,
559,VIT_17s0000g00130,104,0.0504,SEC14 cytosolic factor,SEC14,,vv50122Porters_cat_7_to_17,
560,VIT_07s0005g01790,104,0.0502,Acyl-CoA synthetase long-chain member 2,E6_2_1_3_LACS2,,vv10071Fatty_acid_metabolism,vv44146Peroxisome
561,VIT_09s0002g05270,104,0.0501,Gibberellin 3beta-hydroxylase3,E1_14_11_15,,vv10904Diterpenoid_biosynthesis,vv30001ABA_signaling
562,VIT_06s0080g00110,104,0.0498,Male sterility 2 (MS2) Acyl-CoA reductase,,,,
563,VIT_16s0022g02310,103,0.0497,Gibberellin 3-beta-dioxygenase.,E1_14_11_15,,vv10904Diterpenoid_biosynthesis,vv30001ABA_signaling
564,VIT_08s0007g05690,102,0.0494,Lycopene beta cyclase  chloroplast precursor,K06443,,vv10906Carotenoid_biosynthesis,
565,VIT_13s0101g00060,102,0.0493,No hit,,,,
566,VIT_09s0018g02100,102,0.0492,Anthocyaninless2 (ANL2),ANL2_2,,vv60034HB,
567,VIT_05s0020g03700,101,0.0489,GCN5 N-acetyltransferase (GNAT),GCN5_9,,vv60082GNAT,
568,VIT_06s0080g01160,100,0.0486,Aspartyl protease,E3_4_23_x,,,
569,VIT_01s0011g04420,101,0.0486,Unknown protein,,,,
570,VIT_08s0007g01550,98,0.0478,Laccase,E1_10_3_2,,vv11000Single_reactions,vv50109Incompletely_characterized_transport_systems
571,VIT_06s0061g01350,98,0.0473,Cyclase,,,,
572,VIT_06s0061g01550,97,0.0470,No hit,,,,
573,VIT_09s0002g04040,98,0.0468,Transducin protein,,,,
574,VIT_04s0044g01860,96,0.0462,Auxin efflux carrier,AUXEFF,,vv50004Auxin_transport,vv50125Porters_cat_66_to_94
575,VIT_01s0011g00080,94,0.0455,Universal stress protein (USP) family protein,,,,
576,VIT_10s0116g01860,93,0.0451,MATE efflux family protein,MATE,,vv50125Porters_cat_66_to_94,
577,VIT_13s0074g00500,92,0.0443,Cellulose synthase CSLA09,E2_4_1_12_CSLA09,,vv40006Cell_wall,
578,VIT_19s0085g01150,91,0.0441,Isocitrate dehydrogenase  chloroplast precursor,E1_1_1_42,,vv10020Citrate_cycle,vv10720Reductive_carboxylate_cycle
579,VIT_13s0156g00390,88,0.0425,Myb family,MYBGE_29,,vv60029G2-like,
580,VIT_18s0001g11710,87,0.0422,Photosystem II PsbO protein,K02716,,vv10195Photosynthesis,vv50113Thylakoid_targeting_pathway
581,VIT_00s0392g00040,86,0.0413,No hit,,,,
582,VIT_16s0050g00140,83,0.0406,Heavy-metal-associated domain-containing protein,,,,
583,VIT_03s0017g00920,84,0.0406,R protein  PRF  disease resistance protein,K13453,,vv34627R_proteins_from_Plant-pathogen_interaction,
584,VIT_00s0361g00050,83,0.0402,Protein-serine/threonine kinase,,,,
585,VIT_08s0007g05520,83,0.0400,Pentatricopeptide (PPR) repeat,,,,
586,VIT_04s0044g00570,83,0.0399,No hit,,,,
587,VIT_06s0004g07700,82,0.0398,Basic helix-loop-helix (bHLH) family,BHLHDOM_5,,vv60011BHLH,
588,VIT_07s0129g00470,82,0.0397,Unknown protein,,,,
589,VIT_05s0077g00920,82,0.0397,MAP3K delta-1 protein kinase,,,,
590,VIT_04s0008g05330,81,0.0391,DEAD  box  RNA helicase RH15,K12812,,vv23013RNA_transport,vv23015mRNA_surveillance_pathway
591,VIT_17s0000g04890,81,0.0389,D-aminoacyl-tRNA deacylase GEKO1,,,,
592,VIT_08s0007g00630,79,0.0384,No hit,,,,
593,VIT_01s0127g00630,79,0.0381,No hit,,,,
594,VIT_17s0000g00950,78,0.0376,Hydroxycinnamoyl-CoA quinate hydroxycinnamoyltransferase,E2_3_1_99,,vv10940Phenylpropanoid_biosynthesis,
595,VIT_09s0002g03350,78,0.0376,Unknown,,,,
596,VIT_15s0021g01310,78,0.0375,WRKY DNA-binding protein 12,WRKY12,VvWRKY46,vv60066WRKY,
597,VIT_03s0038g03940,78,0.0374,Tonoplast monosaccharide transporter2,TMT2,,vv50121Porters_cat_1_to_6,
598,VIT_04s0008g04810,76,0.0367,Unknown,,,,
599,VIT_08s0056g01440,75,0.0362,Polynucleotide phosphorylase,E2_7_7_8,,vv10230Purine_metabolism,vv10240Pyrimidine_metabolism
600,VIT_07s0031g00370,75,0.0362,Zinc finger (C3HC4-type ring finger),ZFC3HC4_198,,vv60078Other_zf-C3HC4,
601,VIT_16s0022g02330,74,0.0359,MADS-box agamous-like 6,AGL6_2,,vv60042MADS,
602,VIT_13s0084g00270,73,0.0353,Unknown protein,,,,
603,VIT_14s0066g01270,72,0.0350,Alpha-L-fucosidase 2 precursor,E3_2_1_51,,vv10511N-Glycan_degradation,
604,VIT_17s0000g07790,70,0.0339,N-hydroxythioamide S-beta-glucosyltransferase,K11820,,vv10966Glucosinolate_biosynthesis,
605,VIT_07s0005g05450,70,0.0339,No hit,,,,
606,VIT_16s0050g01220,69,0.0337,Heavy-metal-associated domain-containing protein,,,,
607,VIT_00s0823g00020<br>VIT_00s0670g00020,69,0.0334,
608,VIT_05s0049g01930,69,0.0333,RNA-binding protein cp29,CP29,,vv50133Primary_active_transporter_cat_A9_to_A18,
609,VIT_03s0088g00280,68,0.0330,Ribosomal RNA small subunit methyltransferase E,K09761,,,
610,VIT_17s0000g06750,68,0.0330,Unknown protein,,,,
611,VIT_06s0004g01550,68,0.0327,Phosphoribosylanthranilate transferase,E2_4_2_18,,vv10400Phenylalanine_tyrosine_and_tryptophan_biosynthesis,
612,VIT_10s0116g01040,67,0.0325,Stigma-specific Stig1,,,,
613,VIT_08s0058g00240,66,0.0321,Myb family,MYBGE_28,,vv60029G2-like,
614,VIT_13s0064g00020,66,0.0317,GCN5 N-acetyltransferase (GNAT),GCN5_17,,vv60082GNAT,
615,VIT_13s0019g01830,65,0.0315,Calmodulin binding protein,,,,
616,VIT_10s0092g00150,64,0.0308,Patatin protein 3,,,,
617,VIT_05s0077g00740,63,0.0306,Prefoldin subunit 3,,,,
618,VIT_03s0063g00620,63,0.0304,Transcriptional factor B3,TFB3_3,,vv60001ABI3VP1,
619,VIT_01s0137g00720,62,0.0302,Lipase GDSL,,,,
620,VIT_07s0005g05790,62,0.0301,VAMP726 (VESICLE-associated membrane protein),K08511,,vv24130SNARE_interactions_in_vesicular_transport,vv50101Channels_and_pores
621,VIT_07s0151g01040,62,0.0300,Ent-kaurene synthase A  chloroplast precursor,E5_5_1_13,,vv10904Diterpenoid_biosynthesis,
622,VIT_18s0041g02150,62,0.0300,Lipase GDSL,,,,
623,VIT_11s0016g04490,61,0.0295,IAA16,IAA16_3,,vv30003Auxin_signaling,vv60008AUXIAA
624,VIT_01s0011g04980,61,0.0294,Sulfate transporter 91,AST91,,vv50124Porters_cat_30_to_64,
625,VIT_11s0016g00880,61,0.0294,Strictosidine synthase; Soluble quinoprotein glucose dehydrogenase,E4_3_3_2,,vv10900Terpenoid_biosynthesis,vv10902Monoterpenoid_biosynthesis
626,VIT_04s0044g00630,60,0.0291,MAP/ERK kinase kinase 3,,,,
627,VIT_01s0113g00490,60,0.0291,fanconi anemia group M protein,K10896,,,
628,VIT_06s0009g02010,60,0.0290,Anthocyanin 3-O-galactosyltransferase,E2_4_1_115,,vv10942Anthocyanin_biosynthesis,
629,VIT_17s0053g00650,59,0.0288,Unknown protein,,,,
630,VIT_18s0001g03910,59,0.0287,Nitrate reductase 2 (NR2),E1_7_1_1,,vv10910Nitrogen_metabolism,vv34020Calcium_signaling_pathway
631,VIT_15s0048g01830,59,0.0286,Pentatricopeptide (PPR) repeat-containing,,,,
632,VIT_18s0089g00970,58,0.0280,No hit,,,,
633,VIT_09s0018g01270,57,0.0277,Ribulose bisphosphate carboxylase/oxygenase activase 2,,,,
634,VIT_05s0094g00880,57,0.0276,Unknown,,,,
635,VIT_18s0001g01630,57,0.0275,Calcium-binding protein CML,K13448,,vv34626Plant-pathogen_interaction,
636,VIT_00s0337g00090,56,0.0272,Unknown,,,,
637,VIT_00s0346g00020,56,0.0272,Kinase,,,,
638,VIT_05s0020g03770,56,0.0270,Inositol polyphosphate 5'-phosphatase,E3_1_3_56,,vv10562Inositol_phosphate_metabolism,vv34070Phosphatidylinositol_signaling_system
639,VIT_14s0006g01290,56,0.0270,Myb domain protein 113,MYB113_2,MYBA6,vv60044MYB,
640,VIT_07s0141g00970,56,0.0270,No hit,,,,
641,VIT_15s0024g00410,54,0.0262,Lectin,,,,
642,VIT_16s0022g02400,54,0.0260,MADS-box agamous-like 42,AGL42_1,,vv60042MADS,
643,VIT_19s0014g01680,54,0.0258,TCP family transcription factor TCP3,TCP3,,vv60061TCP,
644,VIT_13s0067g00140,53,0.0257,Proline-rich family protein,BHSH1,,vv60013BHSH,
645,VIT_09s0002g09280,53,0.0255,Cysteine peptidase,E3_4_22_x,,,
646,VIT_10s0003g02530,52,0.0251,No hit,,,,
647,VIT_12s0035g02080,50,0.0243,Unknown protein,,,,
648,VIT_01s0127g00800,49,0.0238,Polyamine oxidase precursor,E1_5_3_11,,vv11000Single_reactions,
649,VIT_15s0046g00410,49,0.0238,Seven in absentia SINA1p,K04506,,vv24120Ubiquitin_mediated_proteolysis,
650,VIT_12s0035g00150,49,0.0238,Leucine Rich Repeat receptor-like kinase,,,,
651,VIT_07s0104g01400,48,0.0232,Glutaredoxin,,,,
652,VIT_06s0004g08230,46,0.0223,Root phototropism protein 2,,,,
653,VIT_12s0028g03650,45,0.0218,Two-pore calcium channel (TPC1),TPC1,,vv50101Channels_and_pores,
654,VIT_08s0007g08960,45,0.0217,Ca2+-transporting ATPase type 2 isoform 4,K01537,,vv34020Calcium_signaling_pathway,vv50131Primary_active_transporter_cat_A2_to_A4
655,VIT_01s0026g01970,42,0.0204,RNA-binding region RNP-1 (RNA recognition motif),,,,
656,VIT_05s0020g04540,40,0.0194,Beta-ketoacyl-CoA synthase,E2_3_1_41,,vv10061Fatty_acid_biosynthesis,
657,VIT_13s0019g00320,40,0.0194,Photosystem II protein P PsbP,K02717,,vv10195Photosynthesis,vv50135Primary_active_transporter_cat_D3_to_E2
658,VIT_06s0009g02640,40,0.0193,Hydroxymethylglutaryl-CoA lyase,E4_1_3_4,,vv10072Synthesis_and_degradation_of_ketone_bodies,vv10280Valine_leucine_and_isoleucine_degradation
659,VIT_08s0007g06280,40,0.0193,Unknown,,,,
660,VIT_05s0077g02280,39,0.0189,Unknown protein,,,,
661,VIT_00s0515g00050,39,0.0189,Serine/threonine-protein kinase HT1,,,,
662,VIT_16s0098g00970,39,0.0188,Subtilisin serine protease,SBT3_5_1,,vv50101Channels_and_pores,vv60085MTERF
663,VIT_15s0048g02150,39,0.0187,Methionine aminopeptidase 2B,E3_4_11_18,,,
664,VIT_01s0011g00140,38,0.0184,CRABS CLAW,CRABS_CLAW,,vv60019C2C2-YABBY,
665,VIT_10s0116g00780,37,0.0180,Dalcochinin 8'-O-beta-glucoside beta-glucosidase,,,,
666,VIT_19s0014g03300,37,0.0179,NAC domain containing protein 2,NAC2_1,VvNAC18,vv60046NAC,
667,VIT_17s0000g06060,37,0.0178,Transcription regulator/ zinc ion binding,,,,
668,VIT_04s0210g00200,37,0.0178,Golgi-localized GRIP domain-containing protein,GRIP,,vv50109Incompletely_characterized_transport_systems,
669,VIT_01s0010g00930,36,0.0174,BZIP transcription factor bZIP58,BZIP58,VvbZIP02,vv60012BZIP,
670,VIT_03s0038g01790,35,0.0169,Basic helix-loop-helix (bHLH) family,BHLHDOM_38,,vv60011BHLH,
671,VIT_19s0085g00860,35,0.0169,Succinate-semialdehyde dehydrogenase (SSADH1),E1_2_1_16,,vv10251Glutamate_metabolism,vv10650Butanoate_metabolism
672,VIT_18s0041g00010,34,0.0164,Wall-associated receptor kinase 2,,,,
673,VIT_11s0037g01020,34,0.0163,Tetratricopeptide repeat (TPR)-containing,,,,
674,VIT_08s0007g02330,33,0.0159,Unknown,,,,
675,VIT_18s0001g15550,33,0.0159,Serine carboxypeptidase II,,,,
676,VIT_14s0068g00420,32,0.0155,Alpha-amylase isozyme C2 precursor,E3_2_1_1,,vv10500Starch_and_sucrose_metabolism,
677,VIT_19s0014g03650,32,0.0155,No hit,,,,
678,VIT_04s0023g01850,32,0.0155,Hydrolase  alpha/beta fold,,,,
679,VIT_13s0073g00170,31,0.0149,Exocyst subunit EXO70 A1,EXO70A1,,vv50111Tethering_factors,
680,VIT_00s0214g00040,30,0.0146,Lectin phloem protein 2-like B1 PP2-B1,,,,
681,VIT_04s0008g04000,30,0.0146,Dehydration-responsive protein (RD22),RD22,,,
682,VIT_14s0219g00140,30,0.0145,ATP synthase mitochondrial F1 complex assembly factor 2,K07556,,,
683,VIT_02s0025g02970,30,0.0145,flavanone 3-beta-hydroxylase,E1_14_11_9,,vv10941Flavonoid_biosynthesis,
684,VIT_13s0047g00260,30,0.0145,Calcium/calmodulin-dependent protein kinase (CaM kinase) II,K04515,,vv34020Calcium_signaling_pathway,
685,VIT_08s0058g01390,30,0.0144,WRKY DNA-binding protein 70,WRKY70_2,VvWRKY25,vv60066WRKY,
686,VIT_08s0040g02590,30,0.0144,Kinesin motor protein,KMOTOR,,vv44810Regulation_of_actin_cytoskeleton,
687,VIT_01s0011g06650,29,0.0141,Beta-Ig-H3/fasciclin,,,,
688,VIT_18s0041g00800,29,0.0140,UDP-glucose: anthocyanidin 5 3-O-glucosyltransferase,RHGT1,,vv10942Anthocyanin_biosynthesis,
689,VIT_16s0050g00640,29,0.0140,Gibberellin 20-oxidase,E1_14_11_12,,vv10904Diterpenoid_biosynthesis,
690,VIT_11s0016g02310,28,0.0136,Thioredoxin 2,,,,
691,VIT_05s0102g00130,28,0.0136,Unknown protein,,,,
692,VIT_10s0003g03540,28,0.0135,Lupeol synthase,E5_4_99_8,,vv10100Biosynthesis_of_steroids,
693,VIT_11s0016g00640,28,0.0135,Auxin response factor 11 ARF19,ARF19,,vv30003Auxin_signaling,vv60004ARF
694,VIT_15s0048g02600,27,0.0130,Starch synthase,E2_4_1_21,,vv10500Starch_and_sucrose_metabolism,
695,VIT_16s0098g01790,27,0.0130,Calmodulin-binding region IQD21,,,,
696,VIT_11s0016g02740,27,0.0130,Beta-carotene 15 15'-monooxygenase,E1_14_99_36,,vv10906Carotenoid_biosynthesis,
697,VIT_00s0724g00010,27,0.0130,Pinene synthase,E4_2_3_14,,vv10902Monoterpenoid_biosynthesis,
698,VIT_04s0008g01810,26,0.0126,Myb domain protein 4,MYB4_9,MYBPA8,vv60044MYB,
699,VIT_14s0060g02340,25,0.0121,Heat shock protein 70,K03283,,vv23040Spliceosome,vv24141Protein_processing_in_endoplasmic_reticulum
700,VIT_02s0012g02620,25,0.0121,PFT1 (phytochrome and flowering time 1) MED25,PFT1,,vv30009Flower_development,
701,VIT_16s0050g00020,25,0.0120,Cullin-4,K10609,,vv23420Nucleotide_excision_repair,vv24120Ubiquitin_mediated_proteolysis
702,VIT_03s0017g01980,24,0.0117,Choline-phosphate cytidylyltransferase B,E2_7_7_15,,vv10564Glycerophospholipid_metabolism,
703,VIT_00s0207g00070,24,0.0117,HAD-superfamily hydrolase  subfamily IIA,K07025,,,
704,VIT_18s0089g00460,24,0.0117,TIR-NBS-TIR type disease resistance protein,,,,
705,VIT_07s0141g00360,24,0.0117,Lipase class 3,,,,
706,VIT_06s0004g00640,24,0.0116,Accelerated cell death 1 ACD1,ACD1,,vv50133Primary_active_transporter_cat_A9_to_A18,
707,VIT_01s0026g01520,24,0.0116,Guanine nucleotide exchange factor protein,RCC1,,vv50112Nuclear_pore_complex,
708,VIT_11s0016g01580,23,0.0112,DNA binding,,,,
709,VIT_18s0041g00330,22,0.0107,ATP-dependent protease La (LON) domain-containing protein,E3_4_21_53,,,
710,VIT_15s0021g02690,22,0.0107,Unfertilized embryo sac 10 UNE10,UNE10_1,,vv60011BHLH,
711,VIT_15s0048g01200,22,0.0107,Subtilisin serine endopeptidase (XSP1),XSP1,,vv50101Channels_and_pores,
712,VIT_05s0049g01720,22,0.0107,Unknown,,,,
713,VIT_19s0015g01500,22,0.0107,Heavy-metal-associated domain-containing protein,,,,
714,VIT_13s0067g00370,22,0.0106,Pinene synthase,E4_2_3_14,,vv10902Monoterpenoid_biosynthesis,
715,VIT_19s0014g04900,22,0.0106,(-)-germacrene D synthase,E4_2_3_22,,vv10900Terpenoid_biosynthesis,
716,VIT_19s0014g01900,22,0.0106,Protein transport protein Sec24,K14007,,vv24141Protein_processing_in_endoplasmic_reticulum,vv50110Protein_coat
717,VIT_12s0055g00480,22,0.0106,Amine oxidase,E1_4_3_4,,vv10220Urea_cycle_and_metabolism_of_amino_groups,vv10340Histidine_metabolism
718,VIT_16s0098g00400,22,0.0106,Receptor serine/threonine kinase PR5K-l,,,,
719,VIT_08s0056g01690,21,0.0102,LrgB-like family protein,,,,
720,VIT_01s0011g03490,21,0.0102,3-ketoacyl-CoA synthase,,,,
721,VIT_12s0035g00530,21,0.0102,Unknown protein,,,,
722,VIT_08s0040g00040,21,0.0101,Ubiquitin-conjugating enzyme E2 D/E,K06689,,vv24120Ubiquitin_mediated_proteolysis,vv24141Protein_processing_in_endoplasmic_reticulum
723,VIT_04s0023g02820,21,0.0101,MADS box transcription factor TM6 (TM6) APETALA3,TM6APETALA3_2,,vv30008Ethylene_signaling,vv30009Flower_development
724,VIT_11s0016g01300,20,0.0097,TT2 (transparent testa 2),TT2_4,MYBPAR,vv44110Cell_cycle,vv60044MYB
725,VIT_06s0004g01250,19,0.0092,Omega-6 fatty acid desaturase  endoplasmic reticulum (FAD2),K10256,,vv11040Biosynthesis_of_unsaturated_fatty_acids,
726,VIT_15s0046g00740,19,0.0092,Tetratricopeptide repeat (TPR)-containing,,,,
727,VIT_15s0048g02820,19,0.0092,Basic helix-loop-helix (bHLH) family,BHLHDOM_3,,vv60011BHLH,
728,VIT_01s0026g01340,19,0.0092,Glutathione S-transferase 29 GSTU18,E2_5_1_18_GSTU18,,vv10480Glutathione_metabolism,
729,VIT_00s0233g00090,19,0.0092,Vacuolar protein sorting 41 (VPS41),VPS41,,vv50110Protein_coat,
730,VIT_19s0027g00090,18,0.0087,AERO1 (arabidopsis endoplasmic reticulum oxidoreductins 1),,,,
731,VIT_10s0003g00520,18,0.0087,Unknown protein,,,,
732,VIT_19s0015g01210,18,0.0087,KH domain-containing protein,,,,
733,VIT_18s0001g09720,18,0.0087,S-domain receptor kinase,,,,
734,VIT_06s0080g00570,18,0.0087,Unknown protein,,,,
735,VIT_14s0006g02490,18,0.0087,ATP binding protein,,,,
736,VIT_00s0522g00010<br>VIT_00s0266g00010<br>VIT_00s0372g00070<br>VIT_00s0372g00080<br>VIT_00s0572g00010<br>VIT_00s0372g00040<br>VIT_00s0847g00020<br>VIT_00s0572g00020,18,0.0087,
737,VIT_08s0058g01230,18,0.0086,Non-specific lipid-transfer protein,,,,
738,VIT_18s0041g02160,17,0.0082,Lipase GDSL,,,,
739,VIT_18s0001g01840,17,0.0082,1-aminocyclopropane-1-carboxylate oxidase,E1_14_17_4,,vv10640Propanoate_metabolism,vv30008Ethylene_signaling
740,VIT_08s0040g01790,17,0.0082,Laccase (diphenol oxidase)-like protein,E1_10_3_2,,vv11000Single_reactions,vv50109Incompletely_characterized_transport_systems
741,VIT_05s0102g00810,17,0.0082,Unknown protein,,,,
742,VIT_08s0007g08800,17,0.0082,Kinesin motor protein,KMOTOR,,vv44810Regulation_of_actin_cytoskeleton,
743,VIT_05s0077g00820,17,0.0082,Unknown protein,,,,
744,VIT_02s0033g00260,16,0.0078,Pinoresinol-lariciresinol reductase,PLR,,vv10940Phenylpropanoid_biosynthesis,
745,VIT_01s0011g01100,16,0.0077,Pentatricopeptide (PPR) repeat-containing protein,,,,
746,VIT_17s0000g09010,16,0.0077,Lateral organ boundaries 3,LBDA_2,,vv60007AS2,
747,VIT_00s1351g00020,16,0.0077,No hit,,,,
748,VIT_03s0180g00240,16,0.0077,No hit,,,,
749,VIT_16s0050g00240,16,0.0077,UDP-glycosyltransferase 88A4,,,,
750,VIT_08s0032g00740,15,0.0073,Pentatricopeptide (PPR) repeat-containing,,,,
751,VIT_12s0057g01140,15,0.0073,AarF domain containing kinase,K08869,,,
752,VIT_16s0039g01450,15,0.0073,Growth-regulating factor 5,GRF5_2,,vv60033GRF,
753,VIT_18s0001g02400,15,0.0073,Laccase,E1_10_3_2,,vv11000Single_reactions,vv50109Incompletely_characterized_transport_systems
754,VIT_07s0129g00370,15,0.0073,Unknown protein,,,,
755,VIT_16s0022g01050<br>VIT_16s0022g01030<br>VIT_16s0022g01010<br>VIT_16s0022g01110<br>VIT_16s0022g01100<br>VIT_16s0022g01040<br>VIT_16s0022g00990<br>VITisv_028484,15,0.0073,
756,VIT_12s0059g01400,15,0.0072,Tyrosine specific protein phosphatase,,,,
757,VIT_00s0411g00040,14,0.0068,Unknown,,,,
758,VIT_08s0056g00050,14,0.0068,Scarecrow transcription factor 23 (SCL23),SCL23_2,,vv60032GRAS,
759,VIT_02s0087g00370,14,0.0068,Anthranilate N-hydroxycinnamoyl/benzoyltransferase,E2_3_1_144,,vv10400Phenylalanine_tyrosine_and_tryptophan_biosynthesis,
760,VIT_11s0016g04770,14,0.0067,Unknown,,,,
761,VIT_08s0007g05240,14,0.0067,Phosphatidylinositol-4-phosphate 5-kinase,E2_7_1_68,,vv10562Inositol_phosphate_metabolism,vv34070Phosphatidylinositol_signaling_system
762,VIT_05s0062g01140,13,0.0063,Aromatic and neutral transporter 1,ANT1,,vv50123Porters_cat_18_to_29,
763,VIT_09s0002g03620,13,0.0063,NADP-dependent malic enzyme,E1_1_1_39,,vv10620Pyruvate_metabolism,vv10710Carbon_fixation
764,VIT_02s0025g04930,13,0.0063,CDI3/OZS1/RCD3/SLAC1 (slow anion channel-associated 1),SLAC1,,vv50122Porters_cat_7_to_17,
765,VIT_05s0029g00750,13,0.0063,R protein L6,K13477,,vv34627R_proteins_from_Plant-pathogen_interaction,
766,VIT_11s0016g05450,13,0.0063,Equilibrative nucleoside transporter ENT8 splice variant,ENT8,,vv50124Porters_cat_30_to_64,
767,VIT_17s0000g07770,13,0.0063,LTCOR11,LTCOR11,,vv30010Gibberellin_signaling,
768,VIT_00s1373g00010,13,0.0063,Transducin protein,,,,
769,VIT_12s0028g00960,13,0.0063,Phytoene synthase  chloroplast precursor,E2_5_1_32,,vv10100Biosynthesis_of_steroids,vv10900Terpenoid_biosynthesis
770,VIT_09s0002g08670,13,0.0063,Acetylornithine aminotransferase,E2_6_1_11,,vv10220Urea_cycle_and_metabolism_of_amino_groups,
771,VIT_17s0000g04590,13,0.0063,Strictosidine synthase,E4_3_3_2,,vv10900Terpenoid_biosynthesis,vv10902Monoterpenoid_biosynthesis
772,VIT_15s0107g00340,13,0.0063,Lanthionine synthetase C,,,,
773,VIT_05s0020g00700,13,0.0062,Squamosa promoter-binding protein 12 (SPL12),SPL12_4,,vv60055SBP,
774,VIT_18s0001g01660,13,0.0062,NADH dehydrogenase I subunit M,K05584,,vv10190Oxidative_phosphorylation,vv50134Primary_active_transporter_cat_D1
775,VIT_12s0028g01280,12,0.0058,D-mannose binding lectin,,,,
776,VIT_02s0033g01050,12,0.0058,Anthraniloyal-CoA: methanol anthraniloyal transferase,AMAT,,vv10400Phenylalanine_tyrosine_and_tryptophan_biosynthesis,
777,VIT_16s0050g01780,12,0.0058,Unknown protein,,,,
778,VIT_13s0019g01210,12,0.0058,Dirigent protein pDIR14,,,,
779,VIT_08s0007g07240,12,0.0058,Armadillo helical,,,,
780,VIT_12s0028g01920,12,0.0058,Receptor kinase TRKe,,,,
781,VIT_10s0116g00630,12,0.0058,Unknown protein,,,,
782,VIT_17s0000g06410,12,0.0058,MYB transcription factor MIXTA-like 2,MIXTAL2,MYB142,vv30009Flower_development,vv60044MYB
783,VIT_02s0025g04940,12,0.0058,Carboxyl-terminal peptidase,,,,
784,VIT_00s0456g00040<br>VIT_00s0374g00030,12,0.0058,
785,VIT_09s0002g01250,12,0.0058,Unknown protein,,,,
786,VIT_04s0008g01250,12,0.0058,Unknown,,,,
787,VIT_04s0069g00540,12,0.0058,Glutamate receptor protein,GLR2_7,,vv50101Channels_and_pores,
788,VIT_18s0001g08380,12,0.0058,Homeobox protein knotted-1 like 1 (KNAT1),KNAT1_1,VvHB63,vv60034HB,
789,VIT_11s0016g05220,12,0.0058,Pentatricopeptide (PPR) repeat-containing,,,,
790,VIT_01s0026g01640,11,0.0053,Band 7 family,BAND7,,vv50108Accessory_factors_involved_in_transport,
791,VIT_12s0059g01830,11,0.0053,Unknown,,,,
792,VIT_05s0029g00550,11,0.0053,HEAT repeat-containing protein,,,,
793,VIT_15s0048g01490,11,0.0053,Geraniol 10-hydroxylase,G10H,,vv10902Monoterpenoid_biosynthesis,
794,VIT_10s0003g05630,10,0.0048,Coatomer subunit epsilon,COPE,,vv50110Protein_coat,
795,VIT_00s0456g00020,10,0.0048,S-locus lectin protein kinase,,,,
796,VIT_04s0008g00750,10,0.0048,Unknown protein,,,,
797,VIT_11s0016g04320,10,0.0048,Nudix hydrolase 20,,,,
798,VIT_06s0009g01990,10,0.0048,Anthocyanin 3-O-galactosyltransferase,E2_4_1_115,,vv10942Anthocyanin_biosynthesis,
799,VIT_05s0020g02950,9,0.0044,Deoxyribose-phosphate aldolase 2,E4_1_2_4,,vv10030Pentose_phosphate,
800,VIT_15s0045g00540,9,0.0044,Vesicle coat complex COPII  subunit SEC23,K14006,,vv24141Protein_processing_in_endoplasmic_reticulum,vv50110Protein_coat
801,VIT_17s0000g06520,9,0.0044,Timing of CAB expression 1,TOC1_1,,vv34710Circadian_rhythm,vv60050PseudoARR-B
802,VIT_04s0008g00650,9,0.0044,3'-5' exonuclease domain-containing protein,K01146,,,
803,VIT_01s0026g00180,9,0.0044,Serine/threonine kinase protein,,,,
804,VIT_10s0116g01030,9,0.0044,Stigma-specific Stig1,,,,
805,VIT_17s0000g09230,9,0.0044,Leucine-rich repeat family protein,,,,
806,VIT_08s0007g00200,9,0.0043,Ankyrin repeat,K10380,,vv50108Accessory_factors_involved_in_transport,
807,VIT_08s0056g01070,9,0.0043,MATE efflux family protein,MATE,,vv50125Porters_cat_66_to_94,
808,VIT_19s0014g03380,9,0.0043,3'(2') 5'-bisphosphate nucleotidase,E3_1_3_7,,vv10920Sulfur_metabolism,
809,VIT_02s0087g00400,9,0.0043,Pectinacetylesterase,PAE,,vv40006Cell_wall,
810,VIT_15s0046g02880,9,0.0043,Unknown protein,,,,
811,VIT_11s0016g04080,9,0.0043,Multiprotein-bridging factor 1c MBF1C,MBF1C_1,,vv30008Ethylene_signaling,vv60043MBF1
812,VIT_12s0055g00780,9,0.0043,VPS20.2 SNF7,VPS20_2,,vv50111Tethering_factors,
813,VIT_19s0027g00480,9,0.0043,UDP-glucuronosyl/UDP-glucosyltransferase,E2_4_1_17,,vv10040Pentose_glucuronate_interconversion,vv10500Starch_and_sucrose_metabolism
814,VIT_11s0037g00490,9,0.0043,Translation initiation factor eIF-4F,K03260,,vv23013RNA_transport,
815,VIT_11s0037g00110,9,0.0043,Transport protein particle (TRAPP) component Bet3,BET3,,vv50110Protein_coat,
816,VIT_18s0166g00220,9,0.0043,No hit,,,,
817,VIT_01s0011g03010,9,0.0043,Serine/threonine-protein kinase SNT7  chloroplast precursor,,,,
818,VIT_08s0058g00990,9,0.0043,Peroxidase,E1_11_1_7,,vv10360Phenylalanine_metabolism,vv10680Methane_metabolism
819,VIT_01s0011g03680,9,0.0043,ER6 protein universal stress protein (USP) family,USPER6,,vv30008Ethylene_signaling,
820,VIT_05s0020g01070,9,0.0043,IAA31,IAA31,,vv30003Auxin_signaling,vv60008AUXIAA
821,VIT_05s0020g03040,9,0.0043,Unknown,,,,
822,VIT_14s0066g02620,8,0.0039,RNA 3'-terminal phosphate cyclase-like protein,K11108,,vv23008Ribosome_biogenesis_in_Eukaryotes,
823,VIT_05s0020g03910,7,0.0034,Ribosomal protein S3A (RPS3aA) 40S,K02984,,vv23010Ribosome,
824,VIT_08s0040g00790,7,0.0034,FK506-binding protein 4/5,K09571,,vv50108Accessory_factors_involved_in_transport,
825,VIT_01s0026g00940,7,0.0034,ARR3 typeA,ARR3_2,,vv30007Cytokinin_signaling,vv60072Orphans_Response_reg
826,VIT_08s0056g00510,7,0.0034,KH domain-containing protein,,,,
827,VIT_09s0002g03790,7,0.0034,R protein disease resistance protein,RPROT,,vv34627R_proteins_from_Plant-pathogen_interaction,
828,VIT_08s0007g02740,7,0.0034,IAA-amino acid hydrolase 1 (ILR1),K01463,,vv11002Auxin_biosynthesis,
829,VIT_11s0016g01740,7,0.0034,Zinc finger (C2H2 type) family,C2H2FAM_18,,vv60017C2H2,
830,VIT_18s0001g08840,7,0.0034,Serine carboxypeptidase S10,,,,
831,VIT_03s0063g01730,7,0.0034,Viral-response family protein-like,,,,
832,VIT_10s0003g00210,7,0.0034,Unknown,,,,
833,VIT_14s0171g00320,7,0.0034,Kelch repeat-containing protein,,,,
834,VIT_05s0020g01850,7,0.0034,F-box domain containing protein,,,,
835,VIT_00s0187g00210,6,0.0029,Rho GDP-dissociation inhibitor 2,,,,
836,VIT_17s0053g00590,6,0.0029,Kinase interacting protein,,,,
837,VIT_06s0061g00470,6,0.0029,Myb domain protein 36,MYB36_1,MYB149,vv60044MYB,
838,VIT_04s0008g06600,6,0.0029,WRKY DNA-binding protein 32,WRKY32_1,VvWRKY09,vv60066WRKY,
839,VIT_01s0146g00340,6,0.0029,Leucine-rich repeat protein kinase,,,,
840,VIT_04s0008g01500,6,0.0029,Heat shock protein 17.6 kDa class II,K13993,,vv24141Protein_processing_in_endoplasmic_reticulum,
841,VIT_19s0014g04930,6,0.0029,Germacrene-D synthase,E4_2_3_22,,vv10900Terpenoid_biosynthesis,
842,VIT_18s0001g13980,6,0.0029,Auxin responsive SAUR protein,SAUR,,vv30003Auxin_signaling,
843,VIT_00s0532g00030,6,0.0029,Thioredoxin H,,,,
844,VIT_03s0017g00450,6,0.0029,MADS-box protein SVP (short vegetative phase),SVP_8,,vv30009Flower_development,vv60042MADS
845,VIT_04s0008g02760,6,0.0029,Unknown protein,,,,
846,VIT_17s0000g02930,6,0.0029,Glutathione S-transferase 25 GSTU7,E2_5_1_18_GSTU7,,vv10480Glutathione_metabolism,
847,VIT_14s0030g00430,6,0.0029,Unknown protein,,,,
848,VIT_14s0006g02900,6,0.0029,Monoglyceride lipase,E3_1_1_23,,vv10561Glycerolipid_metabolism,
849,VIT_17s0000g03840,6,0.0029,Agenet domain-containing protein,,,,
850,VIT_04s0044g00050,6,0.0029,Protein kinase APK1B,,,,
851,VIT_16s0050g00730,6,0.0029,3-ketoacyl-CoA reductase 3,,,,
852,VIT_01s0011g02420,6,0.0029,Unknown,,,,
853,VIT_13s0047g01060,6,0.0029,No hit,,,,
854,VIT_10s0092g00370,6,0.0029,CYP71D7,E1_14_13_73,,vv10902Monoterpenoid_biosynthesis,
855,VIT_01s0011g01290,6,0.0029,N-carbamyl-L-amino acid amidohydrolase,E3_5_1_6,,vv10240Pyrimidine_metabolism,vv10410Beta-alanine_metabolism
856,VIT_18s0122g00410,6,0.0029,PPI1 (proton pump interactor 1,,,,
857,VIT_10s0003g02050,6,0.0029,Cyclic phosphodiesterase,,,,
858,VIT_09s0002g06870,6,0.0029,Methyl-CpG-binding domain-containing protein,,,,
859,VIT_07s0151g00010,6,0.0029,No hit,,,,
860,VIT_16s0013g02090,6,0.0029,F-box family protein,,,,
861,VIT_07s0141g01050,6,0.0029,No hit,,,,
862,VIT_18s0001g08110,6,0.0029,Glutamyl-tRNA reductase  chloroplast precursor,E1_2_1_70,,vv10860Porphyrin_and_chlorophyll_metabolism,
863,VIT_06s0004g01740,4,0.0019,Basic helix-loop-helix (bHLH) family,BHLHDOM_27,,vv60011BHLH,
864,VIT_04s0008g07040,4,0.0019,Peroxidase,E1_11_1_7,,vv10360Phenylalanine_metabolism,vv10680Methane_metabolism
865,VIT_13s0067g00180,4,0.0019,Hydroxyacylglutathione hydrolase,E3_1_2_6,,vv10620Pyruvate_metabolism,
866,VIT_12s0059g02070,4,0.0019,CYP712A1,,,,
867,VIT_10s0003g05750,4,0.0019,CYP89H3,,,,
868,VIT_14s0066g00670,4,0.0019,MAP kinase kinase 3,MKK3,,,
869,VIT_08s0007g01020,3,0.0015,Aldo-keto reductase,E1_1_1_21,,vv10040Pentose_glucuronate_interconversion,vv10051Fructose_and_mannose_metabolism
870,VIT_07s0141g00020,3,0.0015,Sensitive to proton rhizotoxicity 1,STOP1_3,,vv60017C2H2,
871,VIT_08s0058g01180,3,0.0015,Protein kinase ATN1,,,,
872,VIT_14s0068g01510,3,0.0015,Import inner membrane translocase subunit Tim8  Mitochondrial,TIM8,,vv50132Primary_active_transporter_cat_A5_to_A8,
873,VIT_18s0086g00280,3,0.0015,DNA mismatch repair protein MSH3,K08736,,vv23430Mismatch_repair,
874,VIT_14s0006g00410,3,0.0015,Binding,,,,
875,VIT_05s0020g02120,3,0.0015,Cationic peroxidase isozyme 40K precursor,E1_11_1_7,,vv10360Phenylalanine_metabolism,vv10680Methane_metabolism
876,VIT_14s0006g00190,3,0.0015,No hit,,,,
877,VIT_14s0060g02720,3,0.0015,Alpha-L-fucosidase 2 precursor,E3_2_1_51,,vv10511N-Glycan_degradation,
878,VIT_15s0024g00980,3,0.0015,Amidase,E3_5_1_4,,vv10220Urea_cycle_and_metabolism_of_amino_groups,vv10360Phenylalanine_metabolism
879,VIT_14s0006g02990,3,0.0015,3-ketoacyl-CoA synthase,,,,
880,VIT_18s0001g07980,3,0.0015,CBL-interacting protein kinase 8 (CIPK8),CIPK8,,,
881,VIT_00s0421g00030,3,0.0015,Unknown protein,,,,
882,VIT_16s0022g02100,3,0.0015,Embryo-specific 3,,,,
883,VIT_05s0077g00990,3,0.0015,Protein kinase,,,,
884,VIT_15s0021g01530,3,0.0015,VAD1 (vascular associated death1),,,,
885,VIT_04s0008g01520,3,0.0015,Heat shock protein 17.6 kDa class II,K13993,,vv24141Protein_processing_in_endoplasmic_reticulum,
886,VIT_10s0092g00680,3,0.0015,Receptor kinase RK20-1,,,,
887,VIT_13s0064g01180,3,0.0015,Unknown protein,,,,
888,VIT_03s0167g00100,3,0.0015,MADS-box protein SVP (short vegetative phase),SVP_6,,vv30009Flower_development,vv60042MADS
889,VIT_02s0025g01890,3,0.0015,Cellulose synthase CSLG3,E2_4_1_12_CSLG3,,vv40006Cell_wall,
890,VIT_02s0025g02080,3,0.0015,Nodulin MtN3 family protein,,,,
891,VIT_12s0028g01240,3,0.0015,fanconi anemia  complementation group D2,,,,
892,VIT_06s0004g05200,3,0.0015,No hit,,,,
893,VIT_06s0004g00660,3,0.0015,Accelerated cell death 1 ACD1,ACD1,,vv50133Primary_active_transporter_cat_A9_to_A18,
894,VIT_04s0008g04760,3,0.0015,V-type H+-transporting ATPase 21kDa proteolipid subunit,K03661,,vv10190Oxidative_phosphorylation,vv44145Phagosome
895,VIT_15s0048g02000,3,0.0015,Homeodomain GLABROUS1,HDG1_1,VvHB53,vv60034HB,
896,VIT_08s0007g07740,3,0.0015,CYP93A1 2-hydroxyisoflavanone synthase,E1_14_13_86,,vv10943Isoflavonoid_biosynthesis,
897,VIT_15s0045g00940,3,0.0015,No hit,,,,
898,VIT_00s1313g00010,3,0.0015,Deacetoxyvindoline 4-hydroxylase,E1_14_11_20,,vv10902Monoterpenoid_biosynthesis,
899,VIT_14s0066g01860,3,0.0015,Zinc finger protein 5,ZFP5_2,,vv60017C2H2,
900,VIT_06s0004g02280,3,0.0015,Translocation protein SEC62,K12275,,vv23060Protein_export,vv24141Protein_processing_in_endoplasmic_reticulum
901,VIT_13s0019g02300,3,0.0015,Wall-associated receptor kinase-like 20,,,,
902,VIT_17s0000g05690,3,0.0015,Isochorismate synthase 1  chloroplast precursor,E5_4_4_2,,vv10130Ubiquinone_biosynthesis,vv50101Channels_and_pores
903,VIT_18s0001g14380,3,0.0015,Brain and reproductive organ-expressed protein,,,,
904,VIT_10s0116g00930,3,0.0015,Root hair defective 3 GTP-binding (RHD3),,,,
905,VIT_02s0033g01030,3,0.0015,Anthraniloyal-CoA: methanol anthraniloyal transferase,AMAT,,vv10400Phenylalanine_tyrosine_and_tryptophan_biosynthesis,
906,VIT_14s0083g01000,3,0.0015,Zinc finger (C3HC4-type ring finger),ZFC3HC4_35,,vv60078Other_zf-C3HC4,
907,VIT_12s0035g00060,3,0.0015,DNA (cytosine-5)-methyltransferase,E2_1_1_37,,vv10271Methionine_metabolism,
908,VIT_12s0034g02470,3,0.0015,Disease resistance protein (CC-NBS-LRR class),,,,
909,VIT_06s0004g04060,3,0.0015,Legumin,,,,
910,VIT_10s0071g00850,3,0.0015,Binding,,,,
911,VIT_09s0054g00510,3,0.0014,No hit,,,,
912,VIT_18s0001g00260,3,0.0014,Laccase,E1_10_3_2,,vv11000Single_reactions,vv50109Incompletely_characterized_transport_systems
913,VIT_14s0108g00550,3,0.0014,No hit,,,,
914,VIT_19s0085g00230,3,0.0014,Transcription termination factor mitochondrial mTERF,MTERF_30,,vv60085MTERF,
915,VIT_02s0154g00010,3,0.0014,Auxin-responsive SAUR11,SAUR11,,vv30003Auxin_signaling,
916,VIT_14s0066g00310,3,0.0014,Unknown protein,,,,
917,VIT_14s0060g01900,3,0.0014,Unknown,,,,
918,VIT_10s0003g04140,3,0.0014,No hit,,,,
919,VIT_00s2380g00010,3,0.0014,S-locus lectin protein kinase,,,,
920,VIT_05s0077g00400,3,0.0014,No hit,,,,
921,VIT_07s0205g00180,3,0.0014,Basic helix-loop-helix (bHLH) family,BHLHDOM_30,,vv60011BHLH,
922,VIT_11s0016g04960,3,0.0014,Aspartate-glutamate racemase,E5_1_1_13,,vv10252Alanine_and_aspartate_metabolism,
923,VIT_14s0068g00150,3,0.0014,No hit,,,,
924,VIT_17s0000g06630,3,0.0014,Unknown protein,,,,
925,VIT_02s0087g00090,3,0.0014,F-box family protein,,,,
926,VIT_18s0001g00040,3,0.0014,Unknown protein,,,,
927,VIT_03s0017g00390,3,0.0014,MADS-box protein SVP (short vegetative phase),SVP_7,,vv30009Flower_development,vv60042MADS
928,VIT_04s0008g01510,3,0.0014,Heat shock protein 17.6 kDa class II,K13993,,vv24141Protein_processing_in_endoplasmic_reticulum,
929,VIT_10s0092g00500,3,0.0014,CYP71D10,,,,
930,VIT_16s0039g02710,3,0.0014,Lil3 protein,LIL3_1,,,
931,VIT_08s0007g02840,3,0.0014,Unknown protein,,,,
932,VIT_07s0104g01100,3,0.0014,Peroxidase,E1_11_1_7,,vv10360Phenylalanine_metabolism,vv10680Methane_metabolism
933,VIT_02s0025g03170,3,0.0014,Ethylene-responsive transcription factor related to APETALA2 11,RAP2_11_5,VvERF052,vv30008Ethylene_signaling,vv60003AP2_EREBP
934,VIT_10s0003g02970,3,0.0014,Alpha-L-arabinofuranosidase,E3_2_1_55,,vv10520Nucleotide_sugars_metabolism,
935,VIT_06s0004g02150,3,0.0014,No hit,,,,
936,VIT_00s0301g00190,3,0.0014,Beta-galactosidase,E3_2_1_23,,vv10052Galactose_metabolism,vv10511N-Glycan_degradation
937,VIT_14s0108g01080,3,0.0014,Myb domain protein 106,MYB106_2,MYB141,vv60044MYB,
938,VIT_05s0020g03730,3,0.0014,Lipid transfer protein,LTP,,,
939,VIT_10s0116g01150,3,0.0014,Unknown,,,,
940,VIT_10s0003g02940,3,0.0014,Basic helix-loop-helix (bHLH) family,BHLHDOM_85,,vv60011BHLH,
941,VIT_12s0028g02080,3,0.0014,Myb family,MYBGE_16,,vv60029G2-like,
942,VIT_14s0030g01800,3,0.0014,TSO1 (chinese for 'ugly'),TSO1_4,,vv60022CPP,
943,VIT_09s0002g03000,3,0.0014,Leucine-rich repeat protein kinase,,,,
944,VIT_04s0069g01120,3,0.0014,Acyl-activating enzyme 7,E6_2_1_3,,vv10071Fatty_acid_metabolism,vv50104Group_translocators
945,VIT_09s0018g01610,3,0.0014,2-dehydropantoate 2-reductase,E1_1_1_169,,vv10770Pantothenate_and_CoA_biosynthesis,
946,VIT_10s0003g03780,3,0.0014,Unknown protein,,,,
947,VIT_14s0108g00120,3,0.0014,WRKY DNA-binding protein 72,WRKY72_3,VvWRKY44,vv60066WRKY,
948,VIT_13s0064g01660,3,0.0014,Prunasin hydrolase isoform PHA precursor,E3_2_1_118,,vv10460Cyanoamino_acid_metabolism,
