Vv_m2,2000,1000,VIT_12s0034g02570
rank,node,Fabs,Frel,Functional-annotation,Name-EC-KeggID,Updated-name,Network1,Network2
1,VIT_12s0035g00010,2067,1.0000,DNA (cytosine-5)-methyltransferase (ATHIM),E2_1_1_37,,vv10271Methionine_metabolism,
2,VIT_12s0034g02590,2069,1.0000,Leucine Rich Repeat receptor-like kinase,,,,
3,VIT_12s0035g00150,2083,1.0000,Leucine Rich Repeat receptor-like kinase,,,,
4,VIT_12s0034g02560,2058,1.0000,DNA (cytosine-5)-methyltransferase (ATHIM),E2_1_1_37,,vv10271Methionine_metabolism,
5,VIT_12s0035g00100,2059,1.0000,Receptor protein kinase,,,,
6,VIT_12s0034g02600,2059,1.0000,Leucine Rich Repeat receptor-like kinase,,,,
7,VIT_12s0142g00760,2064,0.9990,Leucine-rich repeat protein kinase,,,,
8,VIT_11s0037g00640,2071,0.9976,No hit,,,,
9,VIT_05s0029g01540,2052,0.9976,Ankyrin repeat,K10380,,vv50108Accessory_factors_involved_in_transport,
10,VIT_12s0035g00140,2067,0.9938,Leucine Rich Repeat receptor-like kinase,,,,
11,VIT_01s0137g00510,2055,0.9885,CYP71B10,CYP71B10,,vv10940Phenylpropanoid_biosynthesis,
12,VIT_12s0034g02580,2042,0.9836,Leucine Rich Repeat receptor-like kinase,,,,
13,VIT_12s0142g00780,2035,0.9826,Leucine-rich repeat transmembrane protein kinase,,,,
14,VIT_16s0050g00230,1982,0.9635,Zinc knuckle,ZFC2HC,,,
15,VIT_16s0050g01980,1969,0.9582,EIX receptor 2,,,,
16,VIT_01s0010g00710,1978,0.9537,Armadillo/beta-catenin repeat protein / U-box domain-containing protein ,,,,
17,VIT_12s0035g00060,1979,0.9524,DNA (cytosine-5)-methyltransferase,E2_1_1_37,,vv10271Methionine_metabolism,
18,VIT_11s0016g04270,1960,0.9492,Hydrolase  alpha/beta fold,,,,
19,VIT_04s0008g03930,1962,0.9487,RD22,,,,
20,VIT_07s0205g00180,1968,0.9484,Basic helix-loop-helix (bHLH) family,BHLHDOM_30,,vv60011BHLH,
21,VIT_13s0067g01580,1948,0.9456,Anthocyaninless2 (ANL2),ANL2_4,,vv60034HB,
22,VIT_12s0035g00050,1951,0.9411,No hit,,,,
23,VIT_04s0008g00320,1928,0.9409,Leucine-rich repeat family protein,,,,
24,VIT_12s0035g01250,1933,0.9379,Disease resistance protein (NBS-LRR class),,,,
25,VIT_13s0156g00460,1920,0.9302,CC-NBS-LRR class,,,,
26,VIT_06s0004g01480,1911,0.9277,Lipoxygenase LOX1,E1_13_11_12,,vv10592alpha-Linolenic_acid_metabolism,
27,VIT_18s0001g01320,1914,0.9215,Wall-associated receptor kinase 5,,,,
28,VIT_17s0000g02950,1909,0.9204,Glutathione S-transferase 25 GSTU7,E2_5_1_18_GSTU7,,vv10480Glutathione_metabolism,
29,VIT_00s0218g00100,1900,0.9174,Metal transporter Nramp6,NRAMP6,,vv50124Porters_cat_30_to_64,
30,VIT_11s0037g00680,1876,0.9028,Leucine Rich Repeat receptor-like kinase,,,,
31,VIT_01s0127g00070,1884,0.9023,Nitrate transporter2.5,NRT2_5,,vv50121Porters_cat_1_to_6,
32,VIT_00s0587g00030,1856,0.8992,CBS domain-containing protein,,,,
33,VIT_12s0035g00120,1841,0.8950,Hcr2-p6,,,,
34,VIT_19s0090g00790,1839,0.8884,F-box family protein,,,,
35,VIT_17s0000g02930,1824,0.8837,Glutathione S-transferase 25 GSTU7,E2_5_1_18_GSTU7,,vv10480Glutathione_metabolism,
36,VIT_08s0058g01390,1820,0.8797,WRKY DNA-binding protein 70,WRKY70_2,VvWRKY25,vv60066WRKY,
37,VIT_04s0008g02510,1778,0.8631,Receptor kinase homolog LRK10,,,,
38,VIT_19s0090g00770,1777,0.8593,F-box family protein,,,,
39,VIT_03s0038g04100,1768,0.8583,3-hydroxy-3-methylglutaryl-coenzyme A reductase 3,E1_1_1_34,,vv10100Biosynthesis_of_steroids,vv50121Porters_cat_1_to_6
40,VIT_02s0033g01050,1757,0.8533,Anthraniloyal-CoA: methanol anthraniloyal transferase,AMAT,,vv10400Phenylalanine_tyrosine_and_tryptophan_biosynthesis,
41,VIT_09s0054g01370,1762,0.8520,Beta-amyrin synthase,E5_4_99_BAS,,vv10900Terpenoid_biosynthesis,
42,VIT_13s0019g00350,1760,0.8507,ARF GTPase activator  ARF-GAP Domain 13,AGD13,,vv50110Protein_coat,
43,VIT_01s0011g03430,1744,0.8441,No hit,,,,
44,VIT_02s0087g00400,1732,0.8424,Pectinacetylesterase,PAE,,vv40006Cell_wall,
45,VIT_17s0000g04610,1726,0.8354,Strictosidine synthase,E4_3_3_2,,vv10900Terpenoid_biosynthesis,vv10902Monoterpenoid_biosynthesis
46,VIT_15s0021g02710,1718,0.8312,Zinc finger (C2H2 type) family,C2H2FAM_24,,vv60017C2H2,
47,VIT_04s0008g02520,1716,0.8290,ATP binding protein,,,,
48,VIT_08s0007g00890,1715,0.8218,Tropinone reductase,E1_1_1_206,,vv10220Urea_cycle_and_metabolism_of_amino_groups,
49,VIT_05s0020g03270,1689,0.8179,S-receptor kinase,,,,
50,VIT_18s0001g00510,1684,0.8120,Prolyl endopeptidase,E3_4_21_26,,,
51,VIT_12s0034g00250,1665,0.8102,Aquaporin PIP1A,PIP1A,,vv50101Channels_and_pores,
52,VIT_05s0062g00820,1666,0.8091,Unknown protein,,,,
53,VIT_14s0068g01170,1678,0.8091,Pentatricopeptide repeat domain containing protein,,,,
54,VIT_05s0062g01120,1674,0.8083,PIN1,PIN1,,vv50004Auxin_transport,vv50125Porters_cat_66_to_94
55,VIT_00s1380g00010,1667,0.8069,Pentatricopeptide (PPR) repeat-containing protein,,,,
56,VIT_02s0025g00750,1677,0.8063,Pinoresinol forming dirigent protein,DIRPR,,vv10940Phenylpropanoid_biosynthesis,
57,VIT_10s0092g00650,1656,0.8015,Receptor kinase RK20-1,,,,
58,VIT_16s0039g01310,1646,0.7998,Receptor serine/threonine kinase PR5K,,,,
59,VIT_15s0048g02000,1640,0.7969,Homeodomain GLABROUS1,HDG1_1,VvHB53,vv60034HB,
60,VIT_06s0004g08250,1627,0.7879,Leucine-rich repeat transmembrane protein kinase  putative,,,,
61,VIT_06s0004g01470,1633,0.7877,Lipoxygenase LOX1,E1_13_11_12,,vv10592alpha-Linolenic_acid_metabolism,
62,VIT_00s0225g00080,1621,0.7838,MATE efflux family protein,MATE,,vv50125Porters_cat_66_to_94,
63,VIT_04s0069g01120,1624,0.7827,Acyl-activating enzyme 7,E6_2_1_3,,vv10071Fatty_acid_metabolism,vv50104Group_translocators
64,VIT_12s0035g00110,1622,0.7817,Leucine Rich Repeat receptor-like kinase,,,,
65,VIT_08s0007g04130,1616,0.7795,CYP76G1,,,,
66,VIT_16s0148g00320,1593,0.7752,Ser/Thr receptor-like kinase1,,,,
67,VIT_13s0019g03510,1599,0.7728,Zinc finger (CCCH-type) family protein,CCCHFAM_14,,vv60018C3H,
68,VIT_00s1314g00010,1595,0.7702,Basic helix-loop-helix (bHLH) family,BHLHDOM_89,,vv60011BHLH,
69,VIT_09s0002g03010,1568,0.7619,FRK1 (FLG22-induced receptor-like kinase 1),FRK1,,vv34626Plant-pathogen_interaction,
70,VIT_03s0180g00240,1573,0.7592,No hit,,,,
71,VIT_14s0060g01420,1556,0.7561,Unknown protein,,,,
72,VIT_07s0005g06300,1551,0.7533,Phototropic-responsive NPH3,,,,
73,VIT_17s0053g00710,1563,0.7533,Calcium-dependent protein kinase,,,,
74,VIT_12s0035g00070,1551,0.7511,Leucine Rich Repeat receptor-like kinase,,,,
75,VIT_02s0033g01320,1542,0.7438,Amino acid permease,AAPREL,,vv50123Porters_cat_18_to_29,
76,VIT_18s0041g00250,1539,0.7424,R protein L6,K13477,,vv34627R_proteins_from_Plant-pathogen_interaction,
77,VIT_12s0059g01210,1527,0.7373,RNA-binding protein,,,,
78,VIT_00s0456g00040<br>VIT_00s0374g00030,1522,0.7363,
79,VIT_02s0025g01530,1491,0.7245,Membrane protein-like,,,,
80,VIT_03s0063g02250,1495,0.7236,Polyol transporter 5,PLT5,,vv50121Porters_cat_1_to_6,
81,VIT_19s0090g00840,1487,0.7204,WRKY DNA-binding protein 6,WRKY6_2,VvWRKY55,vv60066WRKY,
82,VIT_05s0029g01420,1489,0.7193,Ankyrin repeat,K10380,,vv50108Accessory_factors_involved_in_transport,
83,VIT_13s0084g00130,1482,0.7146,CXE carboxylesterase,E3_1_1_1,,,
84,VIT_08s0007g02850,1461,0.7048,F-box family protein,,,,
85,VIT_13s0067g00240,1456,0.7030,Binding,,,,
86,VIT_19s0014g01180,1452,0.7021,Pathogenesis-related,,,,
87,VIT_08s0032g00740,1444,0.6986,Pentatricopeptide (PPR) repeat-containing,,,,
88,VIT_02s0025g02970,1444,0.6962,flavanone 3-beta-hydroxylase,E1_14_11_9,,vv10941Flavonoid_biosynthesis,
89,VIT_12s0142g00800,1434,0.6961,Leucine-rich repeat protein kinase,,,,
90,VIT_08s0058g00990,1434,0.6944,Peroxidase,E1_11_1_7,,vv10360Phenylalanine_metabolism,vv10680Methane_metabolism
91,VIT_05s0051g00120,1431,0.6926,N-6 Adenine-specific DNA methylase,E2_1_1_72,,vv10271Methionine_metabolism,
92,VIT_09s0002g03020,1435,0.6919,FRK1 (FLG22-induced receptor-like kinase 1),FRK1,,vv34626Plant-pathogen_interaction,
93,VIT_04s0008g05520,1424,0.6906,Unknown protein,,,,
94,VIT_08s0007g04100,1431,0.6886,CYPLXXVIA2,,,,
95,VIT_08s0058g01230,1413,0.6879,Non-specific lipid-transfer protein,,,,
96,VIT_16s0098g01160,1411,0.6860,Subtilisin protease,SBT3_5,,vv50101Channels_and_pores,
97,VIT_02s0087g00470,1412,0.6815,Anthraniloyal-CoA: methanol anthraniloyal transferase,AMAT,,vv10400Phenylalanine_tyrosine_and_tryptophan_biosynthesis,
98,VIT_16s0022g01710,1372,0.6651,Ser/Thr receptor-like kinase1,,,,
99,VIT_16s0098g00970,1366,0.6605,Subtilisin serine protease,SBT3_5_1,,vv50101Channels_and_pores,vv60085MTERF
100,VIT_03s0063g00880,1331,0.6480,Calmodulin-binding protein,,,,
101,VIT_18s0089g01270,1328,0.6440,Heat shock protein precursor 22.0 kDa class IV,K13993,,vv24141Protein_processing_in_endoplasmic_reticulum,
102,VIT_18s0041g00240,1334,0.6438,R protein L6,K13477,,vv34627R_proteins_from_Plant-pathogen_interaction,
103,VIT_05s0029g01490,1311,0.6395,Ankyrin repeat,K10380,,vv50108Accessory_factors_involved_in_transport,
104,VIT_14s0030g00040,1324,0.6368,Disease resistance protein (CC-NBS-LRR class),,,,
105,VIT_14s0068g00150,1312,0.6338,No hit,,,,
106,VIT_14s0060g02370,1316,0.6336,DegP protease,E3_4_21_107,,,
107,VIT_09s0054g00300,1300,0.6308,Disease resistance,,,,
108,VIT_18s0041g00190,1307,0.6302,R protein L6,K13477,,vv34627R_proteins_from_Plant-pathogen_interaction,
109,VIT_18s0001g09830,1289,0.6276,TTL3 (tetratricopetide-repeat thioredoxin 3),TTL3,,vv50132Primary_active_transporter_cat_A5_to_A8,
110,VIT_14s0060g01090,1299,0.6263,LNG1 (LONGIFOLIA1),,,,
111,VIT_15s0045g00880<br>VIT_15s0045g00980,1300,0.6241,
112,VIT_14s0068g00090,1293,0.6237,feronia receptor-like kinase,,,,
113,VIT_06s0004g01500,1291,0.6234,Lipoxygenase (LOX2),E1_13_11_12,,vv10592alpha-Linolenic_acid_metabolism,
114,VIT_06s0061g00240,1274,0.6221,ABC transporter G member 7,ABCG7,,vv52010ABC_transporters,
115,VIT_16s0148g00170,1276,0.6209,Protein binding / zinc ion binding,,,,
116,VIT_02s0025g03200,1274,0.6175,Dehydration-responsive protein,,,,
117,VIT_12s0059g02280,1283,0.6174,Spg1p (septum-promoting GTPase),,,,
118,VIT_08s0007g04120,1264,0.6121,CYPLXXVIA2,,,,
119,VIT_08s0040g02830,1257,0.6111,Calcium-transporting ATPase 1  endoplasmic reticulum-type ECA1,K01537,,vv34020Calcium_signaling_pathway,vv50131Primary_active_transporter_cat_A2_to_A4
120,VIT_04s0079g00790,1264,0.6109,Acyl-CoA synthetases (Acyl-activating enzyme 11),E6_2_1_3,,vv10071Fatty_acid_metabolism,vv50104Group_translocators
121,VIT_14s0128g00780,1256,0.6091,Lipoxygenase,E1_13_11_12,,vv10592alpha-Linolenic_acid_metabolism,
122,VIT_18s0001g07360,1265,0.6091,ER6 protein universal stress protein (USP) family,USPER6,,vv30008Ethylene_signaling,
123,VIT_13s0019g02650,1253,0.6085,U4/U6 small nuclear ribonucleoprotein SNU13,K12845,,vv23008Ribosome_biogenesis_in_Eukaryotes,vv23040Spliceosome
124,VIT_09s0002g02880,1258,0.6083,FRK1 (FLG22-induced receptor-like kinase 1),FRK1,,vv34626Plant-pathogen_interaction,
125,VIT_09s0002g06900,1257,0.6081,NtEIG-A1,,,,
126,VIT_16s0050g01950,1257,0.6058,Disease resistance family protein / LRR family,,,,
127,VIT_08s0105g00420,1250,0.6030,Unknown,,,,
128,VIT_10s0003g03330,1222,0.5932,Receptor-like serine-threonine protein kinase,,,,
129,VIT_15s0046g03240,1225,0.5912,Unknown protein,,,,
130,VIT_16s0098g00420,1217,0.5902,Ser/Thr receptor-like kinase1,,,,
131,VIT_00s0186g00090,1201,0.5850,Zinc finger (C3HC4-type ring finger),ZFC3HC4_5,,vv60078Other_zf-C3HC4,
132,VIT_14s0128g00790,1212,0.5833,Lipoxygenase (LOX1),E1_13_11_12,,vv10592alpha-Linolenic_acid_metabolism,
133,VIT_00s0294g00100,1196,0.5792,Brassinosteroid insensitive 1-associated receptor kinase 1,BAK1,,vv30005Brassinosteroids_signaling,
134,VIT_02s0025g01590,1196,0.5781,Triacylglycerol lipase,E3_1_1_3,,vv10561Glycerolipid_metabolism,
135,VIT_11s0016g04480,1197,0.5752,Acyl ACP-thioesterase,E3_1_2_14,,vv10061Fatty_acid_biosynthesis,
136,VIT_04s0008g00860,1177,0.5683,Ndr family protein,,,,
137,VIT_01s0137g00410,1154,0.5621,CYP86A2,,,,
138,VIT_10s0003g04220,1143,0.5524,Lipase class 3,,,,
139,VIT_04s0069g01020,1117,0.5373,NBS1 (nijmegen breakage syndrome 1),NBS1_1,,vv60028FHA,
140,VIT_18s0041g00520,1106,0.5353,Proton-dependent oligopeptide transport (POT) family protein,POT,,vv50122Porters_cat_7_to_17,
141,VIT_04s0008g01050,1105,0.5338,Unknown,,,,
142,VIT_16s0050g01550,1092,0.5273,HcrVf2 protein,,,,
143,VIT_12s0057g00370,1096,0.5254,Polygalacturonase PGA3,E3_2_1_15,,vv40006Cell_wall,
144,VIT_16s0050g01910,1079,0.5228,Unknown,,,,
145,VIT_16s0050g02120,1081,0.5212,HcrVf3 protein,,,,
146,VIT_15s0048g01050,1078,0.5205,Unknown,,,,
147,VIT_05s0029g00510,1079,0.5190,Aquaporin PIP PIP1A,PIP1A,,vv50101Channels_and_pores,
148,VIT_09s0054g00500,1069,0.5189,No hit,,,,
149,VIT_09s0054g01440,1074,0.5188,Beta-amyrin synthase,E5_4_99_BAS,,vv10900Terpenoid_biosynthesis,
150,VIT_05s0029g01430,1078,0.5185,Ankyrin,K10380,,vv50108Accessory_factors_involved_in_transport,
151,VIT_05s0062g01140,1071,0.5171,Aromatic and neutral transporter 1,ANT1,,vv50123Porters_cat_18_to_29,
152,VIT_17s0000g01290,1060,0.5148,RGP1 (reversibly glycosylated polypeptide 1),E2_4_1_186,,vv10052Galactose_metabolism,
153,VIT_14s0066g00680,1061,0.5123,Ramosa 2,LBDA_1,,vv60007AS2,
154,VIT_09s0054g01360,1064,0.5115,Cycloartenol synthase,E5_4_99_8,,vv10100Biosynthesis_of_steroids,
155,VIT_10s0003g04870,1060,0.5111,Receptor kinase TRKe,,,,
156,VIT_07s0130g00210,1049,0.5100,PHD finger transcription factor,PHDFG_34,,vv60048PHD,
157,VIT_15s0024g01160,1058,0.5077,No hit,,,,
158,VIT_18s0001g09720,1043,0.5056,S-domain receptor kinase,,,,
159,VIT_07s0104g01710,1047,0.5051,HAK5 (High affinity K+ transporter 5),HAK5,,vv50125Porters_cat_66_to_94,
160,VIT_05s0020g04410,1040,0.5046,Unknown,,,,
161,VIT_18s0122g00780,1051,0.5036,Inorganic phosphate transporter,PHT1_9,,vv50121Porters_cat_1_to_6,
162,VIT_15s0024g00980,1044,0.5005,Amidase,E3_5_1_4,,vv10220Urea_cycle_and_metabolism_of_amino_groups,vv10360Phenylalanine_metabolism
163,VIT_18s0001g01310,1033,0.4993,Wall-associated receptor kinase 5,,,,
164,VIT_16s0050g00930,1035,0.4990,AnthoMATE1  anthocyanin permease AM1,ANTHOMATE1,,vv50125Porters_cat_66_to_94,
165,VIT_00s0374g00040,1023,0.4959,S-locus lectin protein kinase,,,,
166,VIT_06s0004g01580,1025,0.4954,Lipoxygenase,E1_13_11_12,,vv10592alpha-Linolenic_acid_metabolism,
167,VIT_11s0016g02490,1026,0.4952,Ndr family protein,,,,
168,VIT_18s0001g11650,1020,0.4939,Pentatricopeptide repeat,,,,
169,VIT_06s0061g00230,1017,0.4937,ABC transporter G member 7,ABCG7,,vv52010ABC_transporters,
170,VIT_13s0064g01480,1012,0.4903,Lipoxygenase LOX1,E1_13_11_12,,vv10592alpha-Linolenic_acid_metabolism,
171,VIT_18s0072g00580<br>VIT_11s0065g00040,1008,0.4903,
172,VIT_16s0098g00030,1011,0.4894,Receptor kinase LRK10,,,,
173,VIT_06s0004g07640,1011,0.4889,Pentatricopeptide (PPR) repeat-containing protein,,,,
174,VIT_04s0043g00340,1004,0.4860,Myb KAN1 (KANADI 1),KANADI,,vv60029G2-like,
175,VIT_18s0041g01520,1000,0.4843,TIR-NBS-LRR-TIR disease resistance protein,,,,
176,VIT_12s0035g01280,1004,0.4841,R protein disease resistance protein,RPROT,,vv34627R_proteins_from_Plant-pathogen_interaction,
177,VIT_14s0066g02680,1003,0.4808,Leucine-rich repeat protein kinase,,,,
178,VIT_14s0060g02340,993,0.4786,Heat shock protein 70,K03283,,vv23040Spliceosome,vv24141Protein_processing_in_endoplasmic_reticulum
179,VIT_18s0122g01260,989,0.4785,Protein kinase 1B,,,,
180,VIT_09s0002g02990,1000,0.4771,FRK1 (FLG22-induced receptor-like kinase 1),FRK1,,vv34626Plant-pathogen_interaction,
181,VIT_14s0066g02410,970,0.4691,Betaine-aldehyde dehydrogenase,E1_2_1_8,,vv10260Glycine_serine_and_threonine_metabolism,vv50101Channels_and_pores
182,VIT_01s0011g00720,956,0.4639,WRKY DNA-binding protein 57,WRKY57,VvWRKY01,vv60066WRKY,
183,VIT_16s0098g00010,952,0.4630,Receptor-like protein kinase,,,,
184,VIT_11s0016g04470,951,0.4612,Ornithine decarboxylase,E4_1_1_17,,vv10220Urea_cycle_and_metabolism_of_amino_groups,
185,VIT_12s0028g01850,943,0.4549,Receptor kinase TRKe,,,,
186,VIT_18s0122g01400,941,0.4542,Exostosin family protein,K02366,,vv11030Glycan_structures-biosynthesis1,
187,VIT_04s0008g03510,938,0.4523,Lignostilbene-alpha beta-dioxygenase and related enzymes,E1_14_99_36,,vv10906Carotenoid_biosynthesis,
188,VIT_09s0002g06890,909,0.4396,Dicyanin blue copper protein,,,,
189,VIT_16s0039g00010,906,0.4387,ABC transporter G member 7,ABCG7,,vv52010ABC_transporters,
190,VIT_18s0166g00260,908,0.4384,No hit,,,,
191,VIT_02s0025g04620,894,0.4355,Phospholipase D beta 1,PLDB1,,vv10564Glycerophospholipid_metabolism,vv10565Ether_lipid_metabolism
192,VIT_06s0004g02080,899,0.4354,TRNA-specific 2-thiouridylase,K00566,,vv24122Sulfur_relay_system,
193,VIT_02s0012g02830,900,0.4348,UDP-glucosyl transferase,E2_4_1_81,,vv10941Flavonoid_biosynthesis,
194,VIT_18s0041g00220,891,0.4325,TIR-NBS-LRR disease resistance,,,,
195,VIT_10s0092g00260,894,0.4304,Alpha-glucosidase 1 (AGLU1),E3_2_1_20,,vv10052Galactose_metabolism,vv10500Starch_and_sucrose_metabolism
196,VIT_06s0004g03100,891,0.4286,MLO1,K08472,,,
197,VIT_18s0001g15120,891,0.4284,Unknown protein,,,,
198,VIT_09s0002g03000,890,0.4279,Leucine-rich repeat protein kinase,,,,
199,VIT_15s0045g00530,883,0.4251,DNA replication factor C complex subunit 3,K10756,,vv23030DNA_replication,vv23420Nucleotide_excision_repair
200,VIT_13s0067g03060,875,0.4235,Methionyl-tRNA synthetase,E6_1_1_10,,vv10271Methionine_metabolism,vv10450Selenoamino_acid_metabolism
201,VIT_01s0011g06510,867,0.4213,Galacturonic acid reductase [Vitis vinifera],E1_1_1_203,,vv40006Cell_wall,
202,VIT_07s0005g04020,871,0.4208,Leucine Rich Repeat receptor-like kinase,,,,
203,VIT_16s0039g00570,866,0.4192,10-deacetylbaccatin III 10-O-acetyltransferase,E2_3_1_167,,vv10904Diterpenoid_biosynthesis,
204,VIT_07s0151g00510,865,0.4187,GCN5 N-acetyltransferase (GNAT),GCN5_22,,vv60082GNAT,
205,VIT_18s0001g10330,860,0.4155,Subtilisin protease,ARA12,,vv50101Channels_and_pores,
206,VIT_09s0002g07510,846,0.4099,Pentatricopeptide (PPR) repeat-containing protein,,,,
207,VIT_01s0011g02330,846,0.4095,Unknown protein,,,,
208,VIT_08s0007g05030,838,0.4054,Myb domain protein 36,MYB36_2,MYB150,vv60044MYB,
209,VIT_05s0124g00230,827,0.4007,F-box domain containing protein,,,,
210,VIT_06s0061g00940,829,0.4001,Vacuolar protein sorting 41 (VPS41),VPS41,,vv50110Protein_coat,
211,VIT_00s0641g00010,824,0.3998,Protein serine/threonine kinase,,,,
212,VIT_14s0068g01510,827,0.3980,Import inner membrane translocase subunit Tim8  Mitochondrial,TIM8,,vv50132Primary_active_transporter_cat_A5_to_A8,
213,VIT_01s0026g02280,827,0.3972,Binding,,,,
214,VIT_04s0023g02790,827,0.3966,Dehydration-responsive protein,,,,
215,VIT_16s0050g01970,819,0.3960,Serine/threonine protein kinase LRK19,,,,
216,VIT_09s0002g02980,821,0.3957,FRK1 (FLG22-induced receptor-like kinase 1),FRK1,,vv34626Plant-pathogen_interaction,
217,VIT_17s0000g03940,823,0.3953,ferulate 5-hydroxylase,K09755,,vv10940Phenylpropanoid_biosynthesis,
218,VIT_14s0128g00160,815,0.3949,Protein kinase CDG1,,,,
219,VIT_17s0000g07680,818,0.3948,Alpha-N-acetylglucosaminidase,E3_2_1_50,,vv10511N-Glycan_degradation,
220,VIT_05s0020g04290,816,0.3946,No hit,,,,
221,VIT_08s0007g07740,809,0.3904,CYP93A1 2-hydroxyisoflavanone synthase,E1_14_13_86,,vv10943Isoflavonoid_biosynthesis,
222,VIT_08s0007g02000,811,0.3899,Glycerol-3-phosphate acyltransferase 8,E2_3_1_15,,vv10561Glycerolipid_metabolism,vv10564Glycerophospholipid_metabolism
223,VIT_08s0007g02800,800,0.3889,Pro-X carboxypeptidase Lysosomal,E3_4_16_2,,,
224,VIT_15s0045g01010,801,0.3883,R protein  PRF  disease resistance protein,K13453,,vv34627R_proteins_from_Plant-pathogen_interaction,
225,VIT_18s0001g00460,803,0.3874,Unknown protein,,,,
226,VIT_14s0066g00420,795,0.3865,Pentatricopeptide (PPR) repeat-containing protein,,,,
227,VIT_18s0001g06840,803,0.3853,Peroxidase GvPx2b class III,E1_11_1_7,,vv10360Phenylalanine_metabolism,vv10680Methane_metabolism
228,VIT_13s0158g00440,797,0.3850,Disease resistance protein,,,,
229,VIT_17s0000g09040,798,0.3846,Pentatricopeptide (PPR) repeat,,,,
230,VIT_18s0001g09730,791,0.3834,S-domain receptor kinase,,,,
231,VIT_07s0005g06000,788,0.3827,Pore-forming toxin-like protein Hfr-2,HFR2,,vv50101Channels_and_pores,
232,VIT_02s0012g01780,791,0.3801,WD-repeat protein 74,,,,
233,VIT_18s0001g06920,782,0.3796,TRNA-guanine transglycosylase,E2_4_2_29,,vv10230Purine_metabolism,
234,VIT_19s0090g00800,787,0.3793,F-box protein,,,,
235,VIT_10s0116g01310,781,0.3782,F-box family protein,,,,
236,VIT_17s0000g07400,782,0.3765,Disease resistance protein (EDS1),EDS1,,vv30011Jasmonate_signaling,
237,VIT_06s0004g07770,777,0.3765,Peroxidase,E1_11_1_7,,vv10360Phenylalanine_metabolism,vv10680Methane_metabolism
238,VIT_18s0089g01190,773,0.3745,Stage III sporulation protein AA,K06390,,vv50109Incompletely_characterized_transport_systems,
239,VIT_11s0065g00170,767,0.3732,Squamosa promoter-binding protein 2 (SPL2),SPL2_3,,vv60055SBP,
240,VIT_18s0001g13500,772,0.3722,forkhead-associated domain-containing protein,FHADOM_9,,vv60028FHA,
241,VIT_07s0031g03070,769,0.3715,Isoflavone reductase,E1_3_1_45,,vv10943Isoflavonoid_biosynthesis,
242,VIT_11s0016g04440,767,0.3691,Protease inhibitor/seed storage/lipid transfer protein (LTP),,,,
243,VIT_13s0156g00560,759,0.3684,Disease resistance protein (TIR-NBS class),,,,
244,VIT_16s0098g00020<br>VIT_00s0258g00100<br>VIT_16s0148g00030<br>VIT_16s0148g00040,757,0.3669,
245,VIT_08s0032g00790,761,0.3667,ABC transporter G member 4,K05680,,vv52010ABC_transporters,
246,VIT_06s0004g05160,756,0.3659,Pentatricopeptide (PPR) repeat-containing protein,,,,
247,VIT_08s0007g05720,757,0.3655,No hit,,,,
248,VIT_16s0039g00400,757,0.3653,Aminopeptidase,,,,
249,VIT_11s0118g00180,752,0.3642,HHP1 (heptahelical protein 1),,,,
250,VIT_09s0002g07570,753,0.3636,Leucine-rich repeat protein kinase,,,,
251,VIT_14s0128g00010,745,0.3599,No hit,,,,
252,VIT_09s0002g09220,742,0.3583,No hit,,,,
253,VIT_00s0317g00140,734,0.3556,Exocyst subunit EXO70 H2,EXO70H2,,vv50111Tethering_factors,
254,VIT_19s0015g00250,737,0.3540,Zinc transporter ZIP11,ZIP11,,vv50121Porters_cat_1_to_6,
255,VIT_07s0104g01650,727,0.3509,HAK5 (High affinity K+ transporter 5),HAK5,,vv50125Porters_cat_66_to_94,
256,VIT_06s0009g00480,725,0.3489,Aluminium-tolerance ALMT1,ALMT1,,vv50125Porters_cat_66_to_94,
257,VIT_04s0008g02530,715,0.3474,ATP binding protein,,,,
258,VIT_13s0074g00450,717,0.3467,DEMETER protein (DME),,,,
259,VIT_18s0001g15150,710,0.3453,Unknown protein,,,,
260,VIT_15s0046g00490,709,0.3427,Wax synthase,E2_3_1_75,,vv11000Single_reactions,
261,VIT_06s0061g00890,705,0.3407,Carboxypeptidase,E3_4_17_22,,,
262,VIT_00s1897g00010,699,0.3403,Ribosomal protein L21,K02888,,vv23010Ribosome,
263,VIT_12s0028g00270,705,0.3396,WRKY DNA-binding protein 71,WRKY71_2,VvWRKY35,vv60066WRKY,
264,VIT_16s0050g02190,697,0.3380,Unknown,,,,
265,VIT_04s0044g00310,693,0.3351,Nodulin MtN21 family,MTN21,,vv50122Porters_cat_7_to_17,
266,VIT_11s0037g00720,698,0.3351,Trehalose-phosphate phosphatase,E3_1_3_12,,vv10500Starch_and_sucrose_metabolism,
267,VIT_04s0008g00310,684,0.3332,Clavata1 receptor kinase (CLV1),,,,
268,VIT_00s0424g00020,688,0.3330,Receptor serine/threonine kinase,,,,
269,VIT_13s0064g01490,689,0.3324,Lipoxygenase,E1_13_11_12,,vv10592alpha-Linolenic_acid_metabolism,
270,VIT_15s0046g02380,684,0.3298,CYP86A8,,,,
271,VIT_17s0000g09300,676,0.3294,Pentatricopeptide (PPR) repeat,,,,
272,VIT_00s0286g00130,684,0.3290,S-locus lectin protein kinase,,,,
273,VIT_16s0050g01770,681,0.3282,Unknown,,,,
274,VIT_05s0077g01900,677,0.3272,Polygalacturonase GH28,E3_2_1_15,,vv40006Cell_wall,
275,VIT_12s0035g00550,677,0.3269,Unknown protein,,,,
276,VIT_16s0050g01860,675,0.3269,SLAH3 (SLAC1 Homologue 3),SLAH3,,vv50122Porters_cat_7_to_17,
277,VIT_18s0001g03910,679,0.3266,Nitrate reductase 2 (NR2),E1_7_1_1,,vv10910Nitrogen_metabolism,vv34020Calcium_signaling_pathway
278,VIT_16s0148g00220,669,0.3232,Ser/Thr receptor-like kinase1,,,,
279,VIT_00s0398g00020,664,0.3211,S-receptor kinase KIK1 precursor,,,,
280,VIT_16s0022g01720,661,0.3190,Receptor kinase homolog LRK10,,,,
281,VIT_10s0003g02270,660,0.3181,No hit,,,,
282,VIT_12s0028g01620,655,0.3177,Pentatricopeptide (PPR) repeat,,,,
283,VIT_04s0008g06300,658,0.3160,Leucine-rich repeat family,,,,
284,VIT_16s0050g01900,652,0.3156,Leucine-rich repeat protein kinase,,,,
285,VIT_11s0037g00320,643,0.3127,Serine carboxypeptidase S10,,,,
286,VIT_05s0020g01450,643,0.3102,Heavy-metal-associated domain-containing protein,,,,
287,VIT_05s0020g04210,638,0.3096,Sulfate adenylyltransferase 3,E2_7_7_4,,vv10230Purine_metabolism,vv10450Selenoamino_acid_metabolism
288,VIT_01s0026g01680,637,0.3086,Pectate lyase,E4_2_2_2,,vv40006Cell_wall,
289,VIT_11s0016g05220,640,0.3080,Pentatricopeptide (PPR) repeat-containing,,,,
290,VIT_06s0004g01460<br>VIT_06s0004g01450,636,0.3072,
291,VIT_04s0023g00880,630,0.3046,Unknown,,,,
292,VIT_14s0068g00160,630,0.3045,No hit,,,,
293,VIT_05s0020g04540,629,0.3034,Beta-ketoacyl-CoA synthase,E2_3_1_41,,vv10061Fatty_acid_biosynthesis,
294,VIT_09s0002g03030,617,0.2986,FRK1 (FLG22-induced receptor-like kinase 1),FRK1,,vv34626Plant-pathogen_interaction,
295,VIT_12s0142g00180,615,0.2981,Myosin heavy chain-like protein,K10352,,vv44810Regulation_of_actin_cytoskeleton,
296,VIT_17s0000g08110,611,0.2966,Nodulin MtN3,,,,
297,VIT_12s0059g00980,616,0.2956,Cellulose synthase CSLB04,E2_4_1_12_CSLB04,,vv40006Cell_wall,
298,VIT_03s0038g01520,609,0.2949,R protein  PRF  disease resistance protein,K13453,,vv34627R_proteins_from_Plant-pathogen_interaction,
299,VIT_03s0088g00810,611,0.2940,Pathogenesis-related protein 1 precursor (PRP 1),PRP1,,vv30011Jasmonate_signaling,vv34626Plant-pathogen_interaction
300,VIT_07s0205g00050,607,0.2932,Dihydrouridine synthase 2,K05543,,,
301,VIT_16s0039g01710,598,0.2913,Myb domain protein 9,MYB9,MYB181,vv60044MYB,
302,VIT_15s0046g02410,605,0.2910,Aquaporin TMP-C,TMPC,,vv50101Channels_and_pores,
303,VIT_01s0011g05470,601,0.2902,PGPS/D12,,,,
304,VIT_10s0003g04860,601,0.2899,Receptor kinase TRKa,,,,
305,VIT_13s0067g03740,602,0.2894,Pinene synthase,E4_2_3_14,,vv10902Monoterpenoid_biosynthesis,
306,VIT_06s0009g02740,604,0.2891,Pentatricopeptide (PPR) repeat-containing protein,,,,
307,VIT_13s0019g03780,592,0.2881,Lateral organ boundaries protein 11,LBD11_6,,vv60007AS2,
308,VIT_14s0068g01180,595,0.2873,Unknown protein,,,,
309,VIT_04s0008g05070,593,0.2855,Pentatricopeptide (PPR) repeat-containing,,,,
310,VIT_09s0002g06990,586,0.2854,Phosphatidic acid phosphatase / PAP2,E3_1_3_4,,vv10561Glycerolipid_metabolism,vv10564Glycerophospholipid_metabolism
311,VIT_09s0002g03120,591,0.2843,FRK1 (FLG22-induced receptor-like kinase 1),FRK1,,vv34626Plant-pathogen_interaction,
312,VIT_16s0039g01330,584,0.2840,Receptor kinase homolog LRK10,,,,
313,VIT_16s0098g00630,587,0.2829,BIN2 (brassinosteroid-insensitive 4),BIN4,,vv30005Brassinosteroids_signaling,
314,VIT_13s0067g02360,585,0.2829,Peroxidase  class III,E1_11_1_7,,vv10360Phenylalanine_metabolism,vv10680Methane_metabolism
315,VIT_14s0108g01080,583,0.2826,Myb domain protein 106,MYB106_2,MYB141,vv60044MYB,
316,VIT_09s0002g01080,569,0.2747,Lipoxygenase,E1_13_11_12,,vv10592alpha-Linolenic_acid_metabolism,
317,VIT_03s0038g00390,566,0.2737,TEL1 (Terminal EAR1-like 1),TEL1,,vv44110Cell_cycle,
318,VIT_14s0068g00130<br>VIT_14s0068g00110<br>VIT_14s0068g00120,560,0.2722,
319,VIT_04s0079g00110,560,0.2716,Kinesin 4 motor protein,K10395,,vv44810Regulation_of_actin_cytoskeleton,
320,VIT_05s0165g00150,556,0.2707,No hit,,,,
321,VIT_05s0020g04360,555,0.2686,Ca2+-ATPase 13 ACA13  plasma membrane,K01537,,vv34020Calcium_signaling_pathway,vv50131Primary_active_transporter_cat_A2_to_A4
322,VIT_07s0005g04070,555,0.2684,Leucine Rich Repeat receptor-like kinase,,,,
323,VIT_05s0094g00560,557,0.2683,Stearoyl-ACP desaturase,E1_14_19_2,,vv11040Biosynthesis_of_unsaturated_fatty_acids,
324,VIT_11s0016g04840,552,0.2676,Avr9/Cf-9 rapidly elicited protein 11,,,,
325,VIT_16s0039g02330,556,0.2663,Unknown,,,,
326,VIT_06s0004g04260,548,0.2652,RNA-binding protein,,,,
327,VIT_05s0020g00540,544,0.2631,Alpha-L-arabinofuranosidase,E3_2_1_55,,vv10520Nucleotide_sugars_metabolism,
328,VIT_18s0001g02420,540,0.2601,Aspartic proteinase Asp1 precursor,E3_4_23_x,,,
329,VIT_09s0002g07750,537,0.2595,Disease resistance protein,,,,
330,VIT_09s0002g07810,535,0.2588,No hit,,,,
331,VIT_07s0005g06110,535,0.2582,Pore-forming toxin-like protein Hfr-2,HFR2,,vv50101Channels_and_pores,
332,VIT_01s0011g00420,526,0.2532,RPK1 (receptor-like protein kinase 1),,,,
333,VIT_12s0134g00270,527,0.2532,S-locus lectin protein kinase family,,,,
334,VIT_09s0002g03130,524,0.2517,FRK1 (FLG22-induced receptor-like kinase 1),FRK1,,vv34626Plant-pathogen_interaction,
335,VIT_11s0037g00490,521,0.2516,Translation initiation factor eIF-4F,K03260,,vv23013RNA_transport,
336,VIT_18s0072g01050,517,0.2492,SNARE associated gtk16 protein,,,,
337,VIT_18s0001g09790,512,0.2483,S-domain receptor kinase,,,,
338,VIT_00s0294g00060<br>VIT_00s0258g00050,507,0.2455,
339,VIT_08s0007g01560,503,0.2435,Photoassimilate-responsive protein,,,,
340,VIT_11s0037g00710,504,0.2429,Trehalose-phosphate phosphatase,E3_1_3_12,,vv10500Starch_and_sucrose_metabolism,
341,VIT_08s0007g08190,504,0.2422,LOI1 (lovastatin insensitive 1),,,,
342,VIT_05s0049g01400,499,0.2407,Alcohol oxidase,E1_1_3_13,,vv10680Methane_metabolism,
343,VIT_18s0086g00190,494,0.2397,Permease nonimprinted in Prader-Willi/Angelman,NIPA,,vv50122Porters_cat_7_to_17,
344,VIT_08s0007g02530,498,0.2392,ABA-responsive protein (HVA22) HVA22J,HVA22J,,vv30001ABA_signaling,
345,VIT_13s0067g00470,494,0.2384,Leucine-rich repeat family protein,,,,
346,VIT_00s0286g00110,489,0.2373,S-locus protein kinase,,,,
347,VIT_06s0004g03700,492,0.2364,Phototropin-1,PHOT1,,vv50101Channels_and_pores,
348,VIT_12s0028g03960,489,0.2360,Ankyrin repeat protein family,K10380,,vv50108Accessory_factors_involved_in_transport,
349,VIT_02s0012g01940,481,0.2334,Myb KAN2 (KANADI 2),KANADI2_1,,vv60029G2-like,
350,VIT_16s0039g01150<br>VIT_00s0258g00070<br>VIT_00s0258g00060<br>VIT_00s0425g00020<br>VIT_16s0148g00150,484,0.2334,
351,VIT_07s0130g00340<br>VIT_07s0130g00320,481,0.2333,
352,VIT_16s0050g01010,481,0.2329,ATP binding protein,,,,
353,VIT_16s0148g00250,475,0.2301,Zinc finger (C3HC4-type ring finger),ZFC3HC4,,,
354,VIT_12s0035g00180,476,0.2301,Leucine-rich repeat protein kinase,,,,
355,VIT_01s0010g01090,475,0.2294,Peroxidase ATP23a,E1_11_1_7,,vv10360Phenylalanine_metabolism,vv10680Methane_metabolism
356,VIT_17s0000g02050,468,0.2270,Nudix hydrolase 17,,,,
357,VIT_19s0014g03820,467,0.2254,Myb domain protein 102,MYB102_2,MYB145,vv60044MYB,
358,VIT_09s0054g01390,465,0.2251,Beta-amyrin synthase,E5_4_99_BAS,,vv10900Terpenoid_biosynthesis,
359,VIT_07s0151g00330,465,0.2239,No hit,,,,
360,VIT_09s0054g01220,457,0.2216,Cycloartenol synthase,E5_4_99_8,,vv10100Biosynthesis_of_steroids,
361,VIT_01s0010g03210,453,0.2197,HcrVf1 protein,,,,
362,VIT_16s0050g01960,454,0.2194,Curculin (mannose-binding) lectin,,,,
363,VIT_11s0052g01780,443,0.2156,1-deoxy-D-xylulose-5-phosphate synthase,E2_2_1_7,,vv10100Biosynthesis_of_steroids,
364,VIT_04s0043g00370,443,0.2135,Ammonium transporter 1;2,AMT1_2,,vv50101Channels_and_pores,
365,VIT_16s0050g00820,442,0.2133,EMB1691 (embryo defective 1691),,,,
366,VIT_12s0057g01060,439,0.2124,Jasmonate O-methyltransferase,E2_1_1_141,,vv10592alpha-Linolenic_acid_metabolism,
367,VIT_06s0004g01550,437,0.2114,Phosphoribosylanthranilate transferase,E2_4_2_18,,vv10400Phenylalanine_tyrosine_and_tryptophan_biosynthesis,
368,VIT_00s0484g00030,433,0.2108,ARK3 (Arabidopsis Receptor Kinase 3),,,,
369,VIT_17s0000g00040,437,0.2092,Pentatricopeptide (PPR) repeat-containing,,,,
370,VIT_12s0034g01770,435,0.2088,Unknown,,,,
371,VIT_11s0052g01580,432,0.2088,UDP-glucose:anthocyanidin 3-O-glucosyltransferase,E2_4_1_91,,vv10941Flavonoid_biosynthesis,
372,VIT_13s0019g01170,433,0.2081,Pentatricopeptide (PPR) repeat-containing protein,,,,
373,VIT_16s0050g01930,429,0.2068,EIX receptor 2,,,,
374,VIT_09s0070g00240,423,0.2048,Cinnamoyl-CoA reductase,E1_2_1_44,,vv10940Phenylpropanoid_biosynthesis,
375,VIT_02s0025g01730,418,0.2025,3-oxoacyl-[acyl-carrier-protein] synthase,E2_3_1_41,,vv10061Fatty_acid_biosynthesis,
376,VIT_07s0141g00190,421,0.2024,SAM (and some other nucleotide) binding motif,,,,
377,VIT_03s0038g02460,415,0.2010,CDP-diacylglycerol--inositol 3-phosphatidyltransferase 1,E2_7_8_11,,vv10564Glycerophospholipid_metabolism,vv34070Phosphatidylinositol_signaling_system
378,VIT_18s0001g01240,414,0.1997,Unknown,,,,
379,VIT_16s0098g01410,411,0.1989,Pentatricopeptide (PPR) repeat-containing,,,,
380,VIT_11s0103g00650,413,0.1987,Pathogenesis-related homeodomain protein (PRHA),PRHA_1,VvHB41,vv60034HB,
381,VIT_16s0050g02750,410,0.1987,Zinc finger (C3HC4-type ring finger),ZFC3HC4_40,,vv60078Other_zf-C3HC4,
382,VIT_18s0041g00230,409,0.1984,TIR-NBS-LRR disease resistance,,,,
383,VIT_09s0054g01290,413,0.1983,Beta-amyrin synthase,E5_4_99_BAS,,vv10900Terpenoid_biosynthesis,
384,VIT_08s0040g02370,407,0.1963,DnaJ homolog  subfamily C  member 19,K09539,,vv50132Primary_active_transporter_cat_A5_to_A8,
385,VIT_07s0104g01670,404,0.1955,HAK5 (High affinity K+ transporter 5),HAK5,,vv50125Porters_cat_66_to_94,
386,VIT_10s0003g05740,402,0.1946,WRKY DNA-binding protein 14,WRKY14,VvWRKY32,vv60066WRKY,
387,VIT_16s0050g01340,402,0.1944,Retrovirus Pol polyprotein from transposon TNT 1-94,,,,
388,VIT_15s0048g02720,397,0.1928,fatty acid elongase,E2_3_1_41,,vv10061Fatty_acid_biosynthesis,
389,VIT_15s0021g02110,398,0.1927,AP2 domain-containing transcription factor TINY,TINY_8,VvERF029,vv30008Ethylene_signaling,vv60003AP2_EREBP
390,VIT_13s0101g00060,394,0.1919,No hit,,,,
391,VIT_08s0007g09000,397,0.1918,Glycerol-3-phosphate dehydrogenase,E1_1_1_8,,vv10564Glycerophospholipid_metabolism,
392,VIT_11s0149g00070,396,0.1909,Ribosomal protein S6,K02990,,vv23010Ribosome,
393,VIT_11s0016g04880,387,0.1864,Salt-inducible protein kinase,,,,
394,VIT_03s0038g02290,382,0.1857,Amino acid permease 3,AAP3,,vv50123Porters_cat_18_to_29,
395,VIT_12s0055g00430,382,0.1844,Unknown protein,,,,
396,VIT_02s0087g00490,380,0.1832,10-deacetylbaccatin III 10-O-acetyltransferase,E2_3_1_167,,vv10904Diterpenoid_biosynthesis,
397,VIT_03s0017g01290,379,0.1829,ABC transporter G member 7,ABCG7,,vv52010ABC_transporters,
398,VIT_19s0090g01020,372,0.1799,Molybdopterin biosynthesis protein CNX5,K11996,,vv10790Folate_biosynthesis,vv24122Sulfur_relay_system
399,VIT_07s0005g00880,370,0.1789,fumarate hydratase,E4_2_1_2,,vv10020Citrate_cycle,vv10720Reductive_carboxylate_cycle
400,VIT_16s0050g02740<br>VIT_00s1467g00010<br>VIT_00s0294g00070<br>VIT_16s0039g01210<br>VIT_16s0050g02730<br>VIT_16s0148g00180<br>VIT_16s0148g00420,369,0.1778,
401,VIT_13s0019g01270,365,0.1775,Phytoene synthase,E2_5_1_32,,vv10100Biosynthesis_of_steroids,vv10900Terpenoid_biosynthesis
402,VIT_06s0004g04790,366,0.1772,MBD5 (methyl-CpG-binding domain 5),,,,
403,VIT_14s0030g00350,359,0.1746,RKF3 (receptor-like kinase IN in flowers 3),RKF3,,vv60042MADS,
404,VIT_18s0089g00690,362,0.1745,CF9,K13446,,vv34626Plant-pathogen_interaction,
405,VIT_16s0148g00070,358,0.1736,Receptor-like protein kinase,,,,
406,VIT_10s0003g00340,358,0.1724,ACR4 (Arabidopsis CRINKLY4),,,,
407,VIT_08s0007g01420,355,0.1719,Glutathione S-transferase 8 GSTU8,E2_5_1_18_GSTU8,,vv10480Glutathione_metabolism,
408,VIT_03s0110g00080,352,0.1699,Unknown,,,,
409,VIT_19s0014g02960,351,0.1695,No hit,,,,
410,VIT_00s0429g00040,348,0.1692,Aspartic proteinase nepenthesin-1 precursor,E3_4_23_12,,,
411,VIT_13s0019g02500,351,0.1692,No hit,,,,
412,VIT_00s0286g00040,348,0.1680,S-locus protein kinase,,,,
413,VIT_04s0023g00620,346,0.1673,Unknown,,,,
414,VIT_04s0008g02250,346,0.1668,Beta-ketoacyl-CoA synthase,E2_3_1_41,,vv10061Fatty_acid_biosynthesis,
415,VIT_16s0050g00370,345,0.1661,Receptor Like Protein 47,K13466,,vv34626Plant-pathogen_interaction,
416,VIT_16s0013g00130,340,0.1649,GTP-binding protein HSR1,,,,
417,VIT_16s0022g00660,335,0.1634,Trehalose-6-phosphate phosphatase,E3_1_3_12,,vv10500Starch_and_sucrose_metabolism,
418,VIT_14s0083g01180,340,0.1631,Unknown protein,,,,
419,VIT_19s0093g00060,333,0.1610,Polygalacturonase PGA3,E3_2_1_15,,vv40006Cell_wall,
420,VIT_13s0019g00770,330,0.1589,Lipase GDSL 7,,,,
421,VIT_17s0000g09270,322,0.1561,MATE efflux family protein,MATE,,vv50125Porters_cat_66_to_94,
422,VIT_09s0002g05530,322,0.1553,ABC transporter g family pleiotropic drug resistance 12 PDR12,ABCGPDR12,,vv52010ABC_transporters,
423,VIT_04s0008g04230,321,0.1545,ABC transporter G member 22,ABCG22,,vv52010ABC_transporters,
424,VIT_13s0067g03140,321,0.1542,WRKY DNA-binding protein 70,WRKY70_1,VvWRKY41,vv60066WRKY,
425,VIT_11s0037g00870,317,0.1532,AP2-like ethylene-responsive transcription factor,AP2_1,VvAP2-01,vv30008Ethylene_signaling,vv60003AP2_EREBP
426,VIT_09s0002g00700,317,0.1528,Dormancy/auxin associated protein,DRM3,,vv30003Auxin_signaling,
427,VIT_15s0046g02110,315,0.1517,Late embryogenesis abundant protein Lea14-A,,,,
428,VIT_17s0000g07370,314,0.1516,EDS1 (Enhanced disease susceptibility 1),EDS1,,vv30011Jasmonate_signaling,
429,VIT_14s0068g00930,312,0.1511,Chalcone synthase,E2_3_1_74,,vv10941Flavonoid_biosynthesis,
430,VIT_01s0011g04720,313,0.1510,Multi copper oxidase type 1,,,,
431,VIT_11s0016g05340,311,0.1509,Ethylene-responsive transcription factor SHINE 3,SHINE3_2,VvERF043,vv30008Ethylene_signaling,vv60003AP2_EREBP
432,VIT_07s0031g01710,312,0.1507,WRKY DNA-binding protein 51,WRKY51_3,VvWRKY22,vv60066WRKY,
433,VIT_01s0011g03960,313,0.1506,Protein kinase,,,,
434,VIT_07s0095g00290,310,0.1500,Serine/threonine kinase BRLK,,,,
435,VIT_00s0271g00070,310,0.1498,Pentatricopeptide (PPR) repeat-containing protein,,,,
436,VIT_14s0060g01470,309,0.1496,Calmodulin-binding protein,K02183,,vv34020Calcium_signaling_pathway,vv34626Plant-pathogen_interaction
437,VIT_07s0095g00790,306,0.1471,Homeodomain GLABROUS12,HDG12_1,,vv60034HB,
438,VIT_17s0000g06390,304,0.1469,Pentatricopeptide (PPR) repeat-containing protein,,,,
439,VIT_02s0087g00630,303,0.1460,Alcohol oxidase,E1_1_3_13,,vv10680Methane_metabolism,
440,VIT_01s0010g02220,298,0.1445,Zinc finger (C3HC4-type ring finger),ZFC3HC4_200,,vv60078Other_zf-C3HC4,
441,VIT_11s0016g02250,298,0.1436,Unknown protein,,,,
442,VIT_16s0050g01890,291,0.1407,Unknown,,,,
443,VIT_07s0005g03210,287,0.1401,Ethylene-responsive transcription factor ERF098,ERF098_4,VvERF094,vv30008Ethylene_signaling,vv60003AP2_EREBP
444,VIT_00s1372g00010,291,0.1401,Pentatricopeptide (PPR) repeat-containing protein,,,,
445,VIT_16s0050g02500,289,0.1394,Transcription factor MUTE,MUTE_1,,vv60011BHLH,
446,VIT_09s0002g02830,283,0.1367,Light repressible receptor protein kinase,,,,
447,VIT_08s0058g00040,281,0.1360,Verticillium wilt disease resistance protein Ve2,,,,
448,VIT_02s0033g01000,282,0.1359,Anthraniloyal-CoA: methanol anthraniloyal transferase,AMAT,,vv10400Phenylalanine_tyrosine_and_tryptophan_biosynthesis,
449,VIT_17s0053g00400,282,0.1358,S-receptor protein kinase,,,,
450,VIT_03s0017g01240,278,0.1335,2-nitropropane dioxygenase,E1_13_11_32,,vv10910Nitrogen_metabolism,
451,VIT_02s0025g03320,275,0.1332,CYP86A2,,,,
452,VIT_05s0020g03330,274,0.1326,Heat shock protein 70,K03283,,vv23040Spliceosome,vv24141Protein_processing_in_endoplasmic_reticulum
453,VIT_15s0048g01480,272,0.1317,Geraniol 10-hydroxylase,G10H,,vv10902Monoterpenoid_biosynthesis,
454,VIT_13s0067g02100,271,0.1307,Pentatricopeptide (PPR) repeat-containing protein,,,,
455,VIT_12s0134g00320,267,0.1292,S-locus lectin protein kinase family,,,,
456,VIT_05s0020g00760,265,0.1279,Pyruvate dehydrogenase kinase  Mitochondrial,E2_7_11_2,,vv10010Glycolysis,vv10252Alanine_and_aspartate_metabolism
457,VIT_09s0002g05990,262,0.1272,6-4 photolyase,K02295,,vv34710Circadian_rhythm,
458,VIT_18s0001g11290,260,0.1258,Signal peptidase 1,K03100,,vv23060Protein_export,vv50132Primary_active_transporter_cat_A5_to_A8
459,VIT_09s0018g02100,261,0.1255,Anthocyaninless2 (ANL2),ANL2_2,,vv60034HB,
460,VIT_14s0083g00850,258,0.1245,Lipase GDSL 7,,,,
461,VIT_18s0001g03160,248,0.1200,Nodulin MtN21 family,MTN21,,vv50122Porters_cat_7_to_17,
462,VIT_15s0048g03000,247,0.1198,GTPase RABA3,K07976,,,
463,VIT_01s0026g01670,246,0.1192,Pectate lyase  N-terminal,E4_2_2_2,,vv40006Cell_wall,
464,VIT_04s0008g05470,246,0.1192,EIN3-binding F-box protein 2,EBF2,,vv30008Ethylene_signaling,
465,VIT_00s0532g00070,247,0.1192,CRK10 (cysteine-rich RLK10); kinase,,,,
466,VIT_00s0388g00010,246,0.1190,Serine/threonine kinase,,,,
467,VIT_17s0000g05310,243,0.1181,Pre-mRNA cleavage complex II protein Clp1,,,,
468,VIT_03s0017g00660,244,0.1176,Nematode resistance-like protein,,,,
469,VIT_16s0039g02790,243,0.1174,No hit,,,,
470,VIT_05s0020g04560,238,0.1146,Armadillo/beta-catenin repeat protein / U-box domain-containing protein,,,,
471,VIT_09s0002g06920,236,0.1143,Unknown protein,,,,
472,VIT_07s0129g00990,237,0.1143,Protein kinase,,,,
473,VIT_13s0106g00060,229,0.1107,Ankyrin repeat,,,,
474,VIT_01s0011g03440,228,0.1100,DNA mismatch repair protein,,,,
475,VIT_04s0023g02710,228,0.1098,No hit,,,,
476,VIT_12s0028g01950,222,0.1083,Protein kinase Xa21,K13437,,vv34626Plant-pathogen_interaction,
477,VIT_11s0052g00960,221,0.1065,Syntaxin,,,,
478,VIT_14s0006g02990,217,0.1049,3-ketoacyl-CoA synthase,,,,
479,VIT_06s0004g07870,214,0.1037,CBL-interacting protein kinase 16,,,,
480,VIT_01s0011g01070,211,0.1018,No hit,,,,
481,VIT_18s0001g14940,211,0.1015,Pentatricopeptide (PPR) repeat-containing,,,,
482,VIT_04s0008g00780,210,0.1011,Unknown,,,,
483,VIT_07s0005g06060,208,0.1000,Pore-forming toxin-like protein Hfr-2,HFR2,,vv50101Channels_and_pores,
484,VIT_06s0061g00060,205,0.0995,THUMP domain-containing protein 1,,,,
485,VIT_01s0026g02240,205,0.0992,ANTR2 (anion transporter 2,ANTR2,,vv50121Porters_cat_1_to_6,
486,VIT_01s0011g01290,198,0.0958,N-carbamyl-L-amino acid amidohydrolase,E3_5_1_6,,vv10240Pyrimidine_metabolism,vv10410Beta-alanine_metabolism
487,VIT_05s0077g01020,198,0.0958,GCN5 N-acetyltransferase (GNAT),GCN5_24,,vv60082GNAT,
488,VIT_05s0102g00830,198,0.0957,Unknown protein,,,,
489,VIT_00s0361g00090,198,0.0954,Phototropic-responsive NPH3 protein,,,,
490,VIT_05s0124g00080,197,0.0954,No hit,,,,
491,VIT_12s0134g00180,197,0.0949,Unknown,,,,
492,VIT_01s0011g04010,195,0.0940,Catalytic,,,,
493,VIT_12s0059g01650,191,0.0922,Division site determinant MinD  Plastid,MIND1,,vv44110Cell_cycle,
494,VIT_16s0148g00280,187,0.0907,Receptor kinase homolog LRK10,,,,
495,VIT_14s0083g00250,187,0.0904,No hit,,,,
496,VIT_14s0108g00190,187,0.0904,Aldose 1-epimerase,E5_1_3_3,,vv10010Glycolysis,
497,VIT_16s0039g01670,186,0.0904,Cinnamoyl-CoA reductase,E1_2_1_44,,vv10940Phenylpropanoid_biosynthesis,
498,VIT_16s0050g02710,186,0.0899,RPK1 (receptor-like protein kinase 1),,,,
499,VIT_19s0090g01550,186,0.0896,Mo25,K08272,,vv34150mTOR_signaling_pathway,
500,VIT_01s0026g01070,184,0.0895,Unknown protein,,,,
501,VIT_06s0004g07740,184,0.0891,Cationic peroxidase 1 precursor,E1_11_1_7,,vv10360Phenylalanine_metabolism,vv10680Methane_metabolism
502,VIT_00s0391g00050,184,0.0891,Unknown protein,,,,
503,VIT_16s0050g00630,182,0.0880,Prolyl 4-hydroxylase,E1_14_11_2,,vv10330Arginine_and_proline_metabolismis,
504,VIT_04s0008g05760,180,0.0870,WRKY DNA-binding protein 18,WRKY18_2,VvWRKY08,vv60066WRKY,
505,VIT_04s0044g01860,178,0.0866,Auxin efflux carrier,AUXEFF,,vv50004Auxin_transport,vv50125Porters_cat_66_to_94
506,VIT_14s0030g00010,178,0.0855,Unknown protein,,,,
507,VIT_07s0005g04550,173,0.0836,Brix domain-containing protein,,,,
508,VIT_03s0088g01170,173,0.0836,Proline iminopeptidase,E3_4_11_5,,vv10330Arginine_and_proline_metabolism,
509,VIT_00s2745g00010,172,0.0835,Receptor kinase RK20-1,,,,
510,VIT_04s0043g00780,172,0.0835,Unknown,,,,
511,VIT_00s0357g00090,172,0.0834,Unknown protein,,,,
512,VIT_12s0057g01450,171,0.0832,Subtilisin protease,,,,
513,VIT_08s0040g03120,173,0.0831,Pseudo-response regulator 7 (APRR7),APRR7_1,,vv30007Cytokinin_signaling,vv34710Circadian_rhythm
514,VIT_14s0006g01790,170,0.0827,Beta-mannosidase,E3_2_1_25,,vv10511N-Glycan_degradation,
515,VIT_01s0026g00720,171,0.0826,Unknown protein,,,,
516,VIT_06s0004g00120,171,0.0826,Zinc finger (C3HC4-type ring finger),ZFC3HC4_41,,vv60078Other_zf-C3HC4,
517,VIT_09s0002g07720,171,0.0823,Leucine-rich repeat family protein,,,,
518,VIT_08s0007g00910,169,0.0821,No hit,,,,
519,VIT_03s0110g00020,167,0.0804,Unknown,,,,
520,VIT_02s0087g00260,165,0.0795,RPD1 (root primordium defective 1),,,,
521,VIT_02s0025g02960,164,0.0789,Naringenin 2-oxoglutarate 3-dioxygenase,E1_14_11_9,,vv10941Flavonoid_biosynthesis,
522,VIT_04s0008g00330,162,0.0783,Clavata1 receptor kinase (CLV1),,,,
523,VIT_11s0052g00930,161,0.0777,Transcription factor  E2F and DP-related E2FR1,E2FREL,,vv44110Cell_cycle,vv60056SET_PCG
524,VIT_13s0067g00380,160,0.0772,Pinene synthase,E4_2_3_14,,vv10902Monoterpenoid_biosynthesis,
525,VIT_16s0022g02040,155,0.0748,PBS2 (PPHB susceptible 2),K13430,,vv34626Plant-pathogen_interaction,
526,VIT_05s0077g01650,154,0.0745,Major allergen Pru ar 1,,,,
527,VIT_07s0095g00160,153,0.0740,Serine/threonine kinase BRLK,,,,
528,VIT_01s0150g00300,153,0.0738,Indole-3-acetic acid amido synthetase,AUXINBIOSYNTHESIS_GH3,,vv11002Auxin_biosynthesis,
529,VIT_08s0007g00070,152,0.0738,RNA recognition motif (RRM)-containing protein,,,,
530,VIT_09s0002g03060,151,0.0734,Leucine-rich repeat protein kinase,,,,
531,VIT_11s0016g04910,151,0.0729,PINOID,PINOID,,vv50004Auxin_transport,vv50125Porters_cat_66_to_94
532,VIT_07s0185g00040,152,0.0726,Unknown protein,,,,
533,VIT_10s0092g00040,149,0.0718,Toprim domain-containing protein,,,,
534,VIT_19s0027g00740,148,0.0714,Inhibitor of apoptosis,,,,
535,VIT_19s0090g01050,147,0.0713,Endo-beta-1 4-glucanase,E3_2_1_4,,vv40006Cell_wall,
536,VIT_17s0000g03390,147,0.0707,Calmodulin binding protein,K02183,,vv34020Calcium_signaling_pathway,vv34626Plant-pathogen_interaction
537,VIT_11s0149g00210,146,0.0704,H(+)-ATPase 8 AHA8,K01535,,vv10190Oxidative_phosphorylation,vv50131Primary_active_transporter_cat_A2_to_A4
538,VIT_05s0062g00880,145,0.0698,Ribosomal protein S11,K02948,,vv23010Ribosome,
539,VIT_06s0080g01040,144,0.0696,PR5K (PR5-like receptor kinase),,,,
540,VIT_04s0008g00740,143,0.0687,Protein phosphatase 2C,E3_1_3_16,,,
541,VIT_08s0058g00140,140,0.0676,Ammonium transporter 2,AMT2,,vv50101Channels_and_pores,
542,VIT_02s0012g01620,138,0.0674,RNA recognition motif (RRM)-containing,,,,
543,VIT_13s0067g01890,137,0.0665,Glycosyl hydrolase family 85,,,,
544,VIT_14s0060g02200,136,0.0654,Phospholipid/glycerol acyltransferase,E2_3_1_51,,vv10561Glycerolipid_metabolism,vv10564Glycerophospholipid_metabolism
545,VIT_15s0048g01440,134,0.0646,Geraniol 10-hydroxylase,G10H,,vv10902Monoterpenoid_biosynthesis,
546,VIT_00s0222g00120,133,0.0644,Disease resistance protein (CC-NBS-LRR class),,,,
547,VIT_02s0109g00380,133,0.0643,Stress response suppressor 1,STRS1,,vv23040Spliceosome,vv50133Primary_active_transporter_cat_A9_to_A18
548,VIT_16s0098g01560,131,0.0634,Glucan endo-1 3-beta-D-glucosidase,E3_2_1_39,,vv10500Starch_and_sucrose_metabolism,
549,VIT_11s0016g03350,131,0.0633,AP2/EREBP transcription factor TINY2,TINY2_3,,vv30008Ethylene_signaling,vv60003AP2_EREBP
550,VIT_08s0007g06060,131,0.0631,Beta 1-3 glucanase,E3_2_1_6,,,
551,VIT_15s0046g02400,128,0.0621,Glycerol-3-phosphate acyltransferase 8,E2_3_1_15,,vv10561Glycerolipid_metabolism,vv10564Glycerophospholipid_metabolism
552,VIT_18s0001g04210,128,0.0618,No hit,,,,
553,VIT_10s0003g02950,126,0.0609,No hit,,,,
554,VIT_11s0016g01280,124,0.0603,DNA-directed RNA polymerase III subunit C4,K03026,,vv23020RNA_polymerase,
555,VIT_17s0000g00130,121,0.0583,SEC14 cytosolic factor,SEC14,,vv50122Porters_cat_7_to_17,
556,VIT_08s0032g00360,120,0.0579,N-6 Adenine-specific DNA methylase,E2_1_1_72,,vv10271Methionine_metabolism,
557,VIT_12s0057g01620,119,0.0577,No hit,,,,
558,VIT_00s0254g00010,120,0.0577,Unknown,,,,
559,VIT_12s0059g01870,119,0.0573,GH3-like protein,AUXINBIOSYNTHESIS_GH3,,vv11002Auxin_biosynthesis,
560,VIT_00s0199g00190,118,0.0573,14-3-3 protein GF14 kappa (GRF8),,,,
561,VIT_18s0001g06260,118,0.0572,R protein L6,K13477,,vv34627R_proteins_from_Plant-pathogen_interaction,
562,VIT_09s0018g01120<br>VIT_09s0018g01020,118,0.0572,
563,VIT_12s0028g03400,118,0.0572,No hit,,,,
564,VIT_08s0007g04030,118,0.0571,Unknown protein,,,,
565,VIT_14s0083g00510,117,0.0567,No hit,,,,
566,VIT_13s0073g00140,116,0.0561,Ovate family protein 13 OFP13,OFP13_2,,vv60086OFP,
567,VIT_13s0106g00070,114,0.0551,Ankyrin repeat protein,K10380,,vv50108Accessory_factors_involved_in_transport,
568,VIT_02s0012g01660,114,0.0550,ATPase PGP2 (P-glycoprotein 2),PGP2,,vv52010ABC_transporters,
569,VIT_11s0052g01600,112,0.0541,UDP-glucose flavonoid 3-O-glucosyltransferase 7,E2_4_1_91,,vv10941Flavonoid_biosynthesis,
570,VIT_13s0067g01930,110,0.0536,Unknown protein,,,,
571,VIT_17s0000g09660,110,0.0533,No hit,,,,
572,VIT_06s0009g00650,110,0.0530,PDE247 (pigment defective 247),,,,
573,VIT_04s0008g01360,109,0.0528,Tassel serine threonine kinase 1,,,,
574,VIT_13s0019g02880,109,0.0528,UDP-glucoronosyl/UDP-glucosyl transferase,,,,
575,VIT_13s0067g03890,107,0.0518,Beta-ketoacyl-CoA synthase,E2_3_1_41,,vv10061Fatty_acid_biosynthesis,
576,VIT_15s0045g00680,106,0.0514,R protein  PRF  disease resistance protein,K13453,,vv34627R_proteins_from_Plant-pathogen_interaction,
577,VIT_10s0003g00780,106,0.0514,Glutamate receptor 3.4,GLR3_4,,vv50101Channels_and_pores,
578,VIT_09s0002g01490,106,0.0514,Developmentally regulated G-protein 1,DRG1,,,
579,VIT_03s0038g02950,106,0.0511,Pentatricopeptide (PPR) repeat-containing protein,,,,
580,VIT_05s0020g05060,105,0.0508,Cellulose synthase CSLG2,E2_4_1_12_CSLG2,,vv40006Cell_wall,
581,VIT_10s0116g01150,104,0.0500,Unknown,,,,
582,VIT_19s0093g00050,101,0.0490,R protein  PRF  disease resistance protein,K13453,,vv34627R_proteins_from_Plant-pathogen_interaction,
583,VIT_17s0000g01440,101,0.0487,Unknown protein,,,,
584,VIT_11s0016g03280,99,0.0479,Protein phosphatases PP1 regulatory subunit SDS22,E3_1_3_16,,,
585,VIT_11s0118g00050,96,0.0462,EIX receptor,,,,
586,VIT_11s0052g00090,91,0.0439,Accumulation of photosystem one 3 (APO3),,,,
587,VIT_04s0008g00370,91,0.0438,Clavata1 receptor kinase (CLV1),,,,
588,VIT_04s0008g05330,90,0.0437,DEAD  box  RNA helicase RH15,K12812,,vv23013RNA_transport,vv23015mRNA_surveillance_pathway
589,VIT_15s0045g01150,90,0.0436,No hit,,,,
590,VIT_10s0071g00680,89,0.0431,Cell division cycle protein 48,K13525,,vv24141Protein_processing_in_endoplasmic_reticulum,vv44110Cell_cycle
591,VIT_07s0005g01980,89,0.0430,Glycosyl transferase family 8 protein,,,,
592,VIT_16s0098g00410,88,0.0423,Receptor kinase homolog LRK10,,,,
593,VIT_17s0000g04450,85,0.0414,Phospholipid-transporting ATPase,K01530,,vv50131Primary_active_transporter_cat_A2_to_A4,
594,VIT_00s0214g00040,84,0.0408,Lectin phloem protein 2-like B1 PP2-B1,,,,
595,VIT_14s0068g00140,84,0.0406,No hit,,,,
596,VIT_05s0077g02000,83,0.0402,Epoxide hydrolase,E3_3_2_10,,,
597,VIT_01s0150g00030,83,0.0400,ARF GTPase activator SCARFACE,SCARFACE,,vv50110Protein_coat,
598,VIT_09s0002g04570,83,0.0400,Unknown,,,,
599,VIT_14s0006g01120,82,0.0399,Lipase GDSL,,,,
600,VIT_07s0104g01440,80,0.0388,Phototropic-responsive NPH3,,,,
601,VIT_00s0218g00030,80,0.0388,ELO1 (ELONGATA 1),,,,
602,VIT_05s0077g01730,78,0.0379,Unknown,,,,
603,VIT_03s0088g01240,78,0.0376,Basic helix-loop-helix (bHLH) family,BHLHDOM_74,,vv60011BHLH,
604,VIT_14s0081g00120,77,0.0373,fertility restorer,,,,
605,VIT_03s0180g00150,77,0.0372,Receptor protein kinase,,,,
606,VIT_07s0104g01660,77,0.0372,HAK5 (High affinity K+ transporter 5),HAK5,,vv50125Porters_cat_66_to_94,
607,VIT_13s0067g03690,77,0.0370,Pinene synthase,E4_2_3_14,,vv10902Monoterpenoid_biosynthesis,
608,VIT_05s0020g03730,76,0.0370,Lipid transfer protein,LTP,,,
609,VIT_07s0255g00070,76,0.0370,VRN1 (reduced vernalization response 1),VRN1_4,,vv30009Flower_development,vv60001ABI3VP1
610,VIT_14s0006g02660,75,0.0360,Receptor serine/threonine kinase PR5K-l,,,,
611,VIT_11s0052g00400,73,0.0355,DC2 protein,,,,
612,VIT_05s0020g04390,73,0.0353,Ca2+-ATPase 13 ACA13  plasma membrane,K01537,,vv34020Calcium_signaling_pathway,vv50131Primary_active_transporter_cat_A2_to_A4
613,VIT_16s0022g00090,73,0.0353,No hit,,,,
614,VIT_03s0091g00040,73,0.0349,Limonoid UDP-glucosyltransferase,E2_4_1_120,,vv10940Phenylpropanoid_biosynthesis,
615,VIT_00s0388g00030,71,0.0344,DNA mismatch repair protein MSH3,K08736,,vv23430Mismatch_repair,
616,VIT_01s0026g00420,70,0.0340,Bromo adjacent homology (BAH) domain-containing protein,,,,
617,VIT_03s0017g01130,70,0.0339,Cis-zeatin O-beta-D-glucosyltransferase,E2_4_1_215,,vv10908Zeatin_biosynthesis,
618,VIT_00s0203g00170,69,0.0335,Myb domain protein 92,MYB92_1,MYB136,vv60044MYB,
619,VIT_04s0023g01950,69,0.0333,TUBBY like protein 2 TLP2,TLP2,,vv60063TUB,
620,VIT_11s0052g01520,69,0.0331,No hit,,,,
621,VIT_14s0006g03100,66,0.0320,No hit,,,,
622,VIT_13s0147g00200,65,0.0315,L-aminoadipate-semialdehyde dehydrogenase-phosphopantetheinyltransferase,E1_2_1_31,,vv10300Lysine_biosynthesis,
623,VIT_08s0056g00290,65,0.0312,Calcium-binding protein CML,K13448,,vv34626Plant-pathogen_interaction,
624,VIT_10s0003g04770,64,0.0311,Leucine-rich repeat transmembrane protein kinase,,,,
625,VIT_05s0049g00220,64,0.0310,2-oxoglutarate-dependent dioxygenase,,,,
626,VIT_07s0005g01970,64,0.0309,Galactinol synthase,E2_4_1_123,,vv10052Galactose_metabolism,
627,VIT_03s0038g04670,61,0.0296,Isoflavone reductase,E1_3_1_45,,vv10943Isoflavonoid_biosynthesis,
628,VIT_19s0015g01380,60,0.0292,Enhancer of mRNA-decapping protein 4,K12616,,vv23018RNA_degradation,
629,VIT_05s0020g03750,60,0.0290,Protease inhibitor/seed storage/lipid transfer protein (LTP),,,,
630,VIT_16s0022g02100,60,0.0288,Embryo-specific 3,,,,
631,VIT_11s0052g01530,59,0.0287,MATE efflux family protein,MATE,,vv50125Porters_cat_66_to_94,
632,VIT_13s0074g00680,59,0.0286,ABC transporter G member 22,ABCG22,,vv52010ABC_transporters,
633,VIT_03s0063g01720,59,0.0284,S-N-methylcoclaurine 3'-hydroxylase,E1_14_13_71,,vv10950Alkaloid_biosynthesis_I,
634,VIT_02s0033g00310,58,0.0281,No hit,,,,
635,VIT_07s0005g02420,58,0.0280,Haloacid dehalogenase hydrolase,E3_1_3_18,,vv10630Glyoxylate_and_dicarboxylate_metabolism,
636,VIT_04s0008g00390,57,0.0276,Clavata1 receptor kinase (CLV1),,,,
637,VIT_18s0041g00840,57,0.0275,UDP-glucose: anthocyanidin 5 3-O-glucosyltransferase,E2_4_1_238,,vv10941Flavonoid_biosynthesis,vv10942Anthocyanin_biosynthesis
638,VIT_06s0061g01330,56,0.0273,Ribosomal protein L24 60S,K02896,,vv23010Ribosome,
639,VIT_18s0001g14290,56,0.0270,Invertase-like protein,E3_2_1_26,,vv10052Galactose_metabolism,vv10500Starch_and_sucrose_metabolism
640,VIT_16s0039g01900,55,0.0265,Myb KAN2 (KANADI 2),KANADI2_2,,vv60029G2-like,
641,VIT_03s0038g02120,55,0.0265,Armadillo/beta-catenin repeat,,,,
642,VIT_15s0048g02680,54,0.0263,Calmodulin-binding region IQD17,,,,
643,VIT_03s0063g00940,54,0.0262,CRK (CDPK-related kinase),,,,
644,VIT_08s0056g00870,54,0.0262,MATE efflux family protein,MATE,,vv50125Porters_cat_66_to_94,
645,VIT_11s0016g02760,54,0.0261,No hit,,,,
646,VIT_19s0014g04900,54,0.0261,(-)-germacrene D synthase,E4_2_3_22,,vv10900Terpenoid_biosynthesis,
647,VIT_06s0004g08180,53,0.0253,Translation initiation factor eIF-2 beta subunit,K03238,,vv23013RNA_transport,
648,VIT_07s0104g00240,52,0.0252,Unknown protein,,,,
649,VIT_00s0226g00050,52,0.0251,R protein  PRF  disease resistance protein,K13453,,vv34627R_proteins_from_Plant-pathogen_interaction,
650,VIT_16s0050g01530,52,0.0251,HcrVf2 protein,,,,
651,VIT_13s0067g02420,52,0.0251,No hit,,,,
652,VIT_09s0070g00620,51,0.0247,Leucine-rich repeat family protein,,,,
653,VIT_02s0012g02440,51,0.0245,No hit,,,,
654,VIT_14s0006g02780,50,0.0243,No hit,,,,
655,VIT_18s0001g06690,49,0.0239,Gibberellin 20 oxidase 2,E1_14_11_12,,vv10904Diterpenoid_biosynthesis,
656,VIT_15s0107g00280,49,0.0237,R protein L6,K13477,,vv34627R_proteins_from_Plant-pathogen_interaction,
657,VIT_14s0066g00760,47,0.0227,Disease resistance protein (NBS-LRR class),,,,
658,VIT_00s0201g00020,46,0.0224,Pentatricopeptide repeat-containing protein,,,,
659,VIT_08s0007g05520,45,0.0218,Pentatricopeptide (PPR) repeat,,,,
660,VIT_13s0047g00950,45,0.0218,R protein MLA10,K13475,,vv34627R_proteins_from_Plant-pathogen_interaction,
661,VIT_00s0388g00090<br>VIT_00s1830g00010<br>VIT_00s0388g00020,45,0.0217,
662,VIT_07s0151g01040,44,0.0214,Ent-kaurene synthase A  chloroplast precursor,E5_5_1_13,,vv10904Diterpenoid_biosynthesis,
663,VIT_14s0128g00490,44,0.0214,DnaJ homolog  subfamily B  member 5,K09511,,vv50132Primary_active_transporter_cat_A5_to_A8,
664,VIT_16s0148g00210,43,0.0209,Receptor kinase homolog LRK10,,,,
665,VIT_04s0044g00720,43,0.0208,S-receptor kinase,,,,
666,VIT_08s0058g01150,43,0.0208,Unknown protein,,,,
667,VIT_08s0040g02820,42,0.0203,Unknown protein,,,,
668,VIT_09s0002g04310,42,0.0203,Rho guanyl-nucleotide exchange factor ROPGEF8,ROPGEF8,,,
669,VIT_15s0046g00310,41,0.0198,Transcription factor TINY,ERF023,VvERF015,vv30008Ethylene_signaling,vv60003AP2_EREBP
670,VIT_14s0066g02400,41,0.0198,Mannose-1-phosphate guanyltransferase,E2_7_7_23,,vv10530Aminosugars_metabolism,
671,VIT_12s0059g01700,41,0.0198,Unknown protein,,,,
672,VIT_09s0002g07530,40,0.0195,Tetratricopeptide helical,,,,
673,VIT_08s0058g00510,40,0.0195,MATE efflux family protein,MATE,,vv50125Porters_cat_66_to_94,
674,VIT_05s0049g00990,40,0.0194,Metallothionein 2A,,,,
675,VIT_10s0116g00680,40,0.0194,PDF2 (protodermal factor2),PDF2_2,VvHB35,vv60034HB,
676,VIT_16s0050g02780<br>VIT_16s0148g00390,40,0.0193,
677,VIT_00s1309g00010,40,0.0193,Monocopper oxidase SKS11 (SKU5 Similar 11),SKS11,,vv50109Incompletely_characterized_transport_systems,
678,VIT_17s0000g03370,40,0.0193,Calmodulin-binding protein,K02183,,vv34020Calcium_signaling_pathway,vv34626Plant-pathogen_interaction
679,VIT_07s0151g00740,40,0.0192,Non-specific lipid-transfer protein,,,,
680,VIT_00s0407g00050,39,0.0190,No hit,,,,
681,VIT_06s0004g06570,39,0.0189,Calcium/proton exchanger CAX3,K07300_CAX3,,vv50123Porters_cat_18_to_29,
682,VIT_03s0132g00340,39,0.0189,Wall-associated receptor kinase-like 10,,,,
683,VIT_18s0001g05030,39,0.0189,Glucan 1 3-beta-glucosidase precursor,E3_2_1_58,,vv10500Starch_and_sucrose_metabolism,
684,VIT_11s0016g04900,39,0.0188,Unknown,,,,
685,VIT_02s0025g02710,38,0.0185,NAC Secondary wall thickening promoting factor1,NST1_2,VvNAC24,vv60046NAC,
686,VIT_16s0039g01510,38,0.0185,Calcium-dependent protein kinase-related,,,,
687,VIT_19s0027g01680,38,0.0184,Tetratricopeptide helical,,,,
688,VIT_16s0039g01800,38,0.0184,Phosphate-induced protein 1,,,,
689,VIT_19s0014g00620,37,0.0180,Receptor kinase 2,,,,
690,VIT_09s0018g00410,35,0.0170,Cyclic nucleotide gated channel 5,K05391_CNGC5,,vv34626Plant-pathogen_interaction,vv50101Channels_and_pores
691,VIT_03s0017g01280,35,0.0170,ABC transporter G member 7,ABCG7,,vv52010ABC_transporters,
692,VIT_03s0097g00520,35,0.0170,Magnesium transporter CorA,MRS2REL,,vv50101Channels_and_pores,
693,VIT_07s0005g02950,35,0.0169,AN3 (ANGUSITFOLIA3),AN3_2,,vv60031GIF,
694,VIT_18s0001g10280,34,0.0165,No hit,,,,
695,VIT_13s0019g02020,34,0.0165,Thaumatin,,,,
696,VIT_00s1373g00010,34,0.0164,Transducin protein,,,,
697,VIT_06s0080g00560,34,0.0163,Beta-alanine synthase,E3_5_1_53,,vv10220Urea_cycle_and_metabolism_of_amino_groups,
698,VIT_12s0055g00390,34,0.0163,COP9 signalosome complex subunit 8,,,,
699,VIT_00s0245g00010,34,0.0163,Integral membrane protein,,,,
700,VIT_16s0098g01590,32,0.0155,Calcium-binding protein,,,,
701,VIT_18s0089g00640,32,0.0155,No hit,,,,
702,VIT_00s0670g00010,32,0.0155,T-complex protein 1 subunit eta,K09499,,,
703,VIT_06s0004g00970,32,0.0155,Dirigent protein,,,,
704,VIT_13s0047g00740,32,0.0155,Disease resistance protein (NBS class),,,,
705,VIT_05s0049g01140,32,0.0154,Chromosome condensation regulator protein,RCC1,,vv50112Nuclear_pore_complex,
706,VIT_18s0001g09690,32,0.0154,Pentatricopeptide repeat protein,,,,
707,VIT_12s0028g02570,32,0.0154,Sodium/calcium exchanger family protein,NACAEX,,vv50123Porters_cat_18_to_29,
708,VIT_07s0005g01470,32,0.0153,Unknown protein,,,,
709,VIT_17s0000g04580,31,0.0150,Strictosidine synthase,E4_3_3_2,,vv10900Terpenoid_biosynthesis,vv10902Monoterpenoid_biosynthesis
710,VIT_06s0009g02850,31,0.0150,Cytochrome P450  family 79  subfamily A  polypeptide 2,K12153,,vv10966Glucosinolate_biosynthesis,
711,VIT_07s0104g01730,30,0.0146,HAK5 (High affinity K+ transporter 5),HAK5,,vv50125Porters_cat_66_to_94,
712,VIT_14s0068g00100,30,0.0145,feronia receptor-like kinase,,,,
713,VIT_13s0064g00040,30,0.0145,Unknown protein,,,,
714,VIT_10s0003g01250,30,0.0145,Pollen Ole e 1 allergen and extensin,,,,
715,VIT_00s0194g00210<br>VIT_00s0194g00250,30,0.0145,
716,VIT_00s1553g00010,30,0.0144,Subtilisin-like proteinase AIR3,,,,
717,VIT_09s0002g06750,29,0.0140,ERF/AP2 transcription factor sub B-6 SHINE,SHINE1_1,VvERF042,vv30008Ethylene_signaling,vv60003AP2_EREBP
718,VIT_04s0008g07210,29,0.0140,D8-sphingolipid desaturase,,,,
719,VIT_13s0064g01740<br>VIT_13s0064g01750,28,0.0136,
720,VIT_06s0004g00680,28,0.0135,Unknown protein,,,,
721,VIT_19s0014g04770,28,0.0135,RNA recognition motif (RRM)-containing protein,,,,
722,VIT_18s0001g15350,28,0.0135,Pentatricopeptide (PPR) repeat-containing protein,,,,
723,VIT_06s0004g03200,28,0.0135,No hit,,,,
724,VIT_15s0046g02090,28,0.0134,Late embryogenesis abundant group 14,,,,
725,VIT_19s0014g04880,27,0.0131,(-)-germacrene D synthase,E4_2_3_22,,vv10900Terpenoid_biosynthesis,
726,VIT_18s0001g03400,27,0.0130,Nematode resistance-like protein,,,,
727,VIT_11s0065g00130,26,0.0126,Taxane 10-beta-hydroxylase,E1_14_13_76,,vv10904Diterpenoid_biosynthesis,
728,VIT_14s0030g00220,26,0.0126,Sugar transporter ERD6-like 5,ERD6L5,,vv50121Porters_cat_1_to_6,
729,VIT_14s0108g01270,26,0.0126,Cyclin-dependent kinase CDC2C,CDC2C,,vv44110Cell_cycle,
730,VIT_05s0102g00460,26,0.0126,RPD1 (root primordium defective 1),,,,
731,VIT_19s0090g00890,26,0.0126,No hit,,,,
732,VIT_00s0246g00020,26,0.0126,No hit,,,,
733,VIT_04s0008g06610,26,0.0126,3-hydroxyisobutyryl-CoA hydrolase,E3_1_2_4,,vv10280Valine_leucine_and_isoleucine_degradation,vv10410Beta-alanine_metabolism
734,VIT_00s0266g00020<br>VIT_00s0372g00020<br>VIT_00s0271g00010<br>VIT_00s0385g00020<br>VIT_00s0522g00020<br>VIT_00s0372g00060<br>VIT_00s0372g00030<br>VIT_00s0385g00010,25,0.0121,
735,VIT_19s0090g01140,25,0.0121,CYP714A2,,,,
736,VIT_14s0006g00050,24,0.0116,Transposase  IS4,,,,
737,VIT_15s0048g00120,24,0.0116,Unknown,,,,
738,VIT_01s0011g00890,24,0.0116,Pentatricopeptide (PPR) repeat-containing,,,,
739,VIT_04s0008g02350,24,0.0116,No hit,,,,
740,VIT_03s0038g00100,24,0.0116,Epoxide hydrolase-like protein,E3_3_2_10,,,
741,VIT_07s0031g01010<br>VIT_07s0031g01040<br>VIT_07s0031g01050,23,0.0111,
742,VIT_15s0048g01570,23,0.0111,CYP76C2,,,,
743,VIT_00s0262g00010,23,0.0111,Receptor kinase RK20-1,,,,
744,VIT_15s0046g01140,23,0.0111,WRKY DNA-binding protein 53,WRKY53_3,VvWRKY47,vv60066WRKY,
745,VIT_07s0104g00880,23,0.0111,Arabidopsis histidine phosphotransfer AHP1,AHP1,,vv30007Cytokinin_signaling,
746,VIT_18s0041g01470,23,0.0110,TIR-NBS-LRR-TIR disease resistance protein,,,,
747,VIT_00s0187g00200,22,0.0107,Unknown protein,,,,
748,VIT_07s0129g00360,22,0.0106,Peroxidase 73,E1_11_1_7,,vv10360Phenylalanine_metabolism,vv10680Methane_metabolism
749,VIT_04s0008g06510,22,0.0106,Unknown,,,,
750,VIT_15s0046g01570,22,0.0106,Acidic endochitinase (CHIB1),E3_2_1_14,,vv10530Aminosugars_metabolism,
751,VIT_07s0005g03320,22,0.0106,Unknown protein,,,,
752,VIT_04s0008g00350,22,0.0106,Clavata1 receptor kinase (CLV1),,,,
753,VIT_16s0050g02660,22,0.0106,Pyruvate kinase,E2_7_1_40,,vv10010Glycolysis,vv10230Purine_metabolism
754,VIT_08s0007g07980,21,0.0102,Arabinogalactan protein 23 AGP23,AGP23,,vv40006Cell_wall,
755,VIT_13s0067g01540,21,0.0101,Pollen Ole e 1 allergen and extensin,,,,
756,VIT_10s0003g05280,21,0.0101,No hit,,,,
757,VIT_08s0032g00050,21,0.0101,Acyl-activating enzyme 15,E6_2_1_3_AAE15,,vv10071Fatty_acid_metabolism,vv50104Group_translocators
758,VIT_12s0059g00190,21,0.0100,Beta-expansin (EXPB3),EXPB3,,vv30003Auxin_signaling,
759,VIT_18s0089g00650,20,0.0097,CF4,K13470,,vv34626Plant-pathogen_interaction,
760,VIT_06s0009g01040,20,0.0097,No hit,,,,
761,VIT_12s0028g02240,19,0.0092,Thioredoxin TTL3 (Tetratricopetide-repeat thioredoxin-like 3),TTL3,,vv50132Primary_active_transporter_cat_A5_to_A8,
762,VIT_01s0011g04740,19,0.0092,LPR1 (Low Phosphate Root1) multicopper oxidase,,,,
763,VIT_13s0074g00390,19,0.0092,CYP77A2,,,,
764,VIT_00s0558g00020,19,0.0092,LINC4 (little nuclei4),,,,
765,VIT_18s0001g14760,19,0.0092,Lipase 3 (EXL3) family II extracellular,,,,
766,VIT_01s0011g02920,19,0.0091,TCP family transcription factor DICHOTOMA,DICHOTOMA,,vv30009Flower_development,vv60061TCP
767,VIT_05s0020g03600,19,0.0091,CDPK adapter protein 1,,,,
768,VIT_12s0059g02310,18,0.0087,PDF2 (protodermal factor2),PDF2_4,VvHB44,vv60034HB,
769,VIT_07s0151g00700,18,0.0087,EDA4 (embryo sac development arrest 4),EDA4,,vv50109Incompletely_characterized_transport_systems,
770,VIT_17s0000g07830,18,0.0087,Asp/Glu racemase; Tetratricopeptide helical,K01797,,,
771,VIT_00s0194g00340,18,0.0087,No hit,,,,
772,VIT_08s0007g07240,18,0.0087,Armadillo helical,,,,
773,VIT_18s0001g04080,18,0.0087,Sesquiterpene synthase,E2_5_1_21,,vv10100Biosynthesis_of_steroids,vv10900Terpenoid_biosynthesis
774,VIT_08s0058g00450,18,0.0087,Substrate carrier  Mitochondrial,K03454,,vv50123Porters_cat_18_to_29,
775,VIT_16s0050g02720<br>VIT_16s0148g00110<br>VIT_00s0425g00030<br>VIT_16s0098g00100,18,0.0087,
776,VIT_13s0074g00660,17,0.0083,ABC transporter G member 22,ABCG22,,vv52010ABC_transporters,
777,VIT_05s0020g02300,17,0.0082,TRNA/rRNA methyltransferase (SpoU),K02533,,,
778,VIT_05s0029g00300,17,0.0082,DNA repair protein RAD50,K10866,,vv23440Homologous_recombination,vv23450Non_homologous_end_joining
779,VIT_07s0005g04040,17,0.0082,Leucine Rich Repeat receptor-like kinase,,,,
780,VIT_01s0026g00200,16,0.0078,Xyloglucan endotransglucosylase/hydrolase 28,E2_4_1_207,,vv40006Cell_wall,
781,VIT_01s0150g00330,16,0.0078,U-box domain-containing protein,,,,
782,VIT_00s0388g00060,16,0.0078,Receptor serine/threonine kinase,,,,
783,VIT_14s0108g01560,16,0.0078,Alpha-1 4 glucan phosphorylase  L isozyme  chloroplast precursor,E2_4_1_1,,vv10500Starch_and_sucrose_metabolism,
784,VIT_19s0027g01600,16,0.0077,CC-NBS-LRR class,,,,
785,VIT_12s0059g01590,16,0.0077,Lipase GDSL,,,,
786,VIT_03s0167g00190,16,0.0077,CYP714A1,,,,
787,VIT_16s0148g00270,16,0.0077,No hit,,,,
788,VIT_12s0035g01310,15,0.0073,No hit,,,,
789,VIT_01s0011g05040,15,0.0073,Pentatricopeptide (PPR) repeat,,,,
790,VIT_08s0007g01550,15,0.0073,Laccase,E1_10_3_2,,vv11000Single_reactions,vv50109Incompletely_characterized_transport_systems
791,VIT_10s0042g00760,15,0.0073,No hit,,,,
792,VIT_00s0701g00010,15,0.0073,Somatic embryogenesis receptor kinase 2 SERK2,,,,
793,VIT_01s0026g01090,15,0.0073,Unknown,,,,
794,VIT_18s0089g00630,15,0.0073,CF4,K13470,,vv34626Plant-pathogen_interaction,
795,VIT_01s0011g06210,15,0.0073,Constans interacting protein 6,CIP6,,vv30009Flower_development,
796,VIT_14s0108g01200,15,0.0073,Vesicle transport v-SNARE 13,K08493,,vv24130SNARE_interactions_in_vesicular_transport,
797,VIT_18s0001g12460,15,0.0072,flavodoxin family protein / radical SAM domain-containing protein,,,,
798,VIT_18s0001g00370,15,0.0072,Ceramidase,E3_5_1_23,,vv10600Sphingolipid_metabolism,
799,VIT_10s0003g01320,15,0.0072,Peroxisomal targeting signal 2 receptor (PEX7),PEX7,,vv11012Iba_metabolism,vv44146Peroxisome
800,VIT_05s0062g00120,15,0.0072,Ribosomal protein S8 (RPS8B) 40S,K02994,,vv23010Ribosome,
801,VIT_05s0077g00820,15,0.0072,Unknown protein,,,,
802,VIT_00s0324g00010,14,0.0068,Leucine-rich repeat family protein,,,,
803,VIT_18s0122g00220,14,0.0068,Phosphodiesterase/alkaline phosphatase D,E3_1_4_1,,,
804,VIT_04s0069g00540,14,0.0067,Glutamate receptor protein,GLR2_7,,vv50101Channels_and_pores,
805,VIT_15s0048g00380,13,0.0064,RAD51C DNA repair protein,K04482,,vv23440Homologous_recombination,vv44110Cell_cycle
806,VIT_00s0160g00320,13,0.0063,TIR-NBS-LRR type R protein 7,,,,
807,VIT_12s0028g01650,13,0.0063,S-receptor kinase,,,,
808,VIT_17s0000g06110,13,0.0063,Glutathione S-transferase 9 GSTU9,E2_5_1_18_GSTU9,,vv10480Glutathione_metabolism,
809,VIT_14s0219g00280,13,0.0063,Glycerol-3-phosphate dehydrogenase (NAD+),E1_1_1_8,,vv10564Glycerophospholipid_metabolism,
810,VIT_03s0063g01680,13,0.0063,CYP82C1p,,,,
811,VIT_11s0016g03980,13,0.0063,Unknown protein,,,,
812,VIT_03s0088g00070,13,0.0063,No hit,,,,
813,VIT_18s0001g06200,13,0.0063,Phosphotyrosyl phosphatase activator (PTPA),,,,
814,VIT_09s0002g03050,13,0.0063,Lipase GDSL,,,,
815,VIT_09s0002g03100,13,0.0063,Light repressible receptor protein kinase,,,,
816,VIT_09s0002g04690,13,0.0063,Pentatricopeptide (PPR) repeat-containing protein,,,,
817,VIT_01s0026g01460,12,0.0058,Thioredoxin H-type 2 (Trx-H-2),,,,
818,VIT_05s0062g01200,12,0.0058,Unknown,,,,
819,VIT_10s0003g04830,12,0.0058,Protein kinase Xa21,K13437,,vv34626Plant-pathogen_interaction,
820,VIT_19s0027g00320,12,0.0058,Unknown,,,,
821,VIT_19s0027g00020,12,0.0058,WAG1,WAG1,,vv50004Auxin_transport,
822,VIT_14s0219g00140,12,0.0058,ATP synthase mitochondrial F1 complex assembly factor 2,K07556,,,
823,VIT_00s0341g00050,12,0.0058,ATMYB66/WER/WER1 (WEREWOLF 1),WEREWOLF_3,MYBPAL1,vv44110Cell_cycle,vv60044MYB
824,VIT_16s0022g00650,12,0.0058,No hit,,,,
825,VIT_15s0046g00280,12,0.0058,Unknown,,,,
826,VIT_04s0008g03890,12,0.0058,GTP binding protein EngB,K03978,,,
827,VIT_06s0009g03380,12,0.0058,ABC transporter G member 14,ABCG14,,vv52010ABC_transporters,
828,VIT_01s0011g04850,12,0.0058,Unknown protein,,,,
829,VIT_14s0081g00400<br>VIT_14s0081g00390<br>VIT_14s0081g00420<br>VIT_14s0081g00370,10,0.0049,
830,VIT_05s0049g00300,10,0.0048,1-aminocyclopropane-1-carboxylate oxidase homolog 1,E1_14_17_4,,vv10640Propanoate_metabolism,vv30008Ethylene_signaling
831,VIT_17s0000g06930,10,0.0048,Unfertilized embryo sac 10 UNE10,UNE10_3,,vv60011BHLH,
832,VIT_19s0085g00910,10,0.0048,Organic cation transport protein OCT2,VVOCT2,,vv50121Porters_cat_1_to_6,
833,VIT_05s0020g00780,10,0.0048,Acidic 82 kDa protein,,,,
834,VIT_17s0000g06060,10,0.0048,Transcription regulator/ zinc ion binding,,,,
835,VIT_12s0028g02320,10,0.0048,Pentatricopeptide (PPR) repeat-containing,,,,
836,VIT_18s0041g00710,10,0.0048,UDP-glucose: anthocyanidin 5 3-O-glucosyltransferase,RHGT1,,vv10942Anthocyanin_biosynthesis,
837,VIT_11s0103g00530,9,0.0044,Oxysterol binding protein,,,,
838,VIT_17s0000g02430,9,0.0044,Phosphoethanolamine N-methyltransferase,E2_1_1_103,,vv10564Glycerophospholipid_metabolism,
839,VIT_05s0062g00430,9,0.0044,UDP-glucose:flavonoid 7-O-glucosyltransferase,E2_4_1_237,,vv10941Flavonoid_biosynthesis,
840,VIT_11s0037g01080,9,0.0044,Metal-dependent phosphohydrolase HD domain-containing protein,K07023,,,
841,VIT_16s0148g00350,9,0.0044,Receptor kinase LRK10,,,,
842,VIT_12s0142g00310,9,0.0044,Oxygen evolving enhancer 3 (PsbQ),K08901,,vv10195Photosynthesis,vv50113Thylakoid_targeting_pathway
843,VIT_11s0037g00230,9,0.0044,Cyclic nucleotide gated channel 5,K05391_CNGC5,,vv34626Plant-pathogen_interaction,vv50101Channels_and_pores
844,VIT_09s0070g00640,9,0.0044,Disease resistance protein,,,,
845,VIT_13s0084g00570<br>VIT_13s0084g00560,9,0.0044,
846,VIT_18s0001g07700,9,0.0044,Ethylene-inducible CTR1,CTR1,,vv30008Ethylene_signaling,
847,VIT_07s0031g02950,9,0.0044,Ammonium transporter 2,AMT2,,vv50101Channels_and_pores,
848,VIT_14s0066g00750,9,0.0044,Disease resistance protein (NBS-LRR class),,,,
849,VIT_03s0110g00030,9,0.0044,Unknown,,,,
850,VIT_04s0008g01250,9,0.0044,Unknown,,,,
851,VIT_05s0062g01130,9,0.0043,Aromatic and neutral transporter 1,ANT1,,vv50123Porters_cat_18_to_29,
852,VIT_19s0090g01150,9,0.0043,SWIB complex BAF60b domain-containing protein,SWIB_11,,vv60092SWIB,
853,VIT_01s0010g00840,9,0.0043,2-oxoglutarate decarboxylase,E4_1_1_71,,vv10251Glutamate_metabolism,
854,VIT_13s0106g00080,9,0.0043,Ankyrin repeat,K10380,,vv50108Accessory_factors_involved_in_transport,
855,VIT_09s0002g07830,9,0.0043,Leucine-rich repeat protein kinase,,,,
856,VIT_14s0219g00240,9,0.0043,No hit,,,,
857,VIT_19s0085g00700,9,0.0043,Casein kinase I-like 6,,,,
858,VIT_18s0001g01680,9,0.0043,Protein kinase,,,,
859,VIT_06s0004g06210,9,0.0043,CYP86A1,,,,
860,VIT_00s0227g00190,9,0.0043,Phosphoglucomutase/phosphomannomutase C terminal,E5_4_2_2,,vv10010Glycolysis,vv10030Pentose_phosphate
861,VIT_07s0005g02510,8,0.0039,Phytochrome interacting factor 3 (PIF3),PIF3_2,,vv34710Circadian_rhythm,vv60011BHLH
862,VIT_11s0016g01740,8,0.0038,Zinc finger (C2H2 type) family,C2H2FAM_18,,vv60017C2H2,
863,VIT_12s0028g02680,8,0.0038,Unknown protein,,,,
864,VIT_14s0108g01220,7,0.0034,Ethylene-responsive transcription factor related to APETALA2 11,RAP2_11_1,VvERF049,vv30008Ethylene_signaling,vv60003AP2_EREBP
865,VIT_02s0025g00210,7,0.0034,fringe protein,K05948,,,
866,VIT_14s0171g00080,7,0.0034,Hcr2-0B,,,,
867,VIT_15s0021g02770,7,0.0034,DNA binding / hydrolase  acting on ester bonds,,,,
868,VIT_09s0002g00420,7,0.0034,Senescence-associated protein,,,,
869,VIT_17s0000g07420,7,0.0034,EDS1 (Enhanced disease susceptibility 1),EDS1,,vv30011Jasmonate_signaling,
870,VIT_11s0149g00150,7,0.0034,No hit,,,,
871,VIT_14s0108g00440,7,0.0034,Tubulin alpha,K07374,,vv44145Phagosome,vv44810Regulation_of_actin_cytoskeleton
872,VIT_12s0059g00860,7,0.0034,SLAH1 (SLAC1 homologue 1),SLAH1,,vv50122Porters_cat_7_to_17,
873,VIT_01s0011g06560,7,0.0034,Potassium transporter (KUP1),KUP1,,vv50125Porters_cat_66_to_94,
874,VIT_09s0002g07610,7,0.0034,Leucine-rich repeat family,,,,
875,VIT_00s0288g00040,6,0.0029,TIR-NBS disease resistance,,,,
876,VIT_17s0000g06540,6,0.0029,Exonuclease,E3_1_13_1,,,
877,VIT_14s0083g00600,6,0.0029,Unknown,,,,
878,VIT_13s0067g01970,6,0.0029,Laccase,E1_10_3_2,,vv11000Single_reactions,vv50109Incompletely_characterized_transport_systems
879,VIT_12s0059g02640,6,0.0029,Uclacyanin I,UCC1,,,
880,VIT_05s0136g00300,6,0.0029,No hit,,,,
881,VIT_08s0007g08090,6,0.0029,DNA-directed RNA polymerase I subunit A1,K02999,,vv23020RNA_polymerase,
882,VIT_15s0024g00930,6,0.0029,VRN1 (reduced vernalization response 1),VRN1_3,,vv30009Flower_development,vv60001ABI3VP1
883,VIT_06s0080g00830,6,0.0029,Unknown protein,,,,
884,VIT_01s0011g01660,6,0.0029,VAMP726 (VESICLE-associated membrane protein),K08511,,vv24130SNARE_interactions_in_vesicular_transport,vv50101Channels_and_pores
885,VIT_17s0000g09550,6,0.0029,CYP71A26,,,,
886,VIT_08s0007g07090,6,0.0029,Sphingosine-1-phosphate phosphatase,K04716,,vv10600Sphingolipid_metabolism,
887,VIT_07s0005g03900,6,0.0029,Rho GDP-dissociation inhibitor 1,,,,
888,VIT_16s0039g01040,6,0.0029,Aminopeptidase,,,,
889,VIT_05s0077g00670,6,0.0029,Unknown protein,,,,
890,VIT_17s0000g09070,6,0.0029,Histone deacetylase HDA6,K06067_HDAC6,,vv30011Jasmonate_signaling,vv44110Cell_cycle
891,VIT_01s0011g00080,6,0.0029,Universal stress protein (USP) family protein,,,,
892,VIT_16s0098g01790,6,0.0029,Calmodulin-binding region IQD21,,,,
893,VIT_16s0100g00620,6,0.0029,Calmodulin-binding region IQD24,,,,
894,VIT_19s0027g01490,6,0.0029,R protein MLA10,K13475,,vv34627R_proteins_from_Plant-pathogen_interaction,
895,VIT_10s0116g01710,6,0.0029,Galactosyltransferase family protein,E2_4_x_x,,,
896,VIT_08s0040g00540,6,0.0029,VQ motif-containing protein,,,,
897,VIT_03s0110g00170,6,0.0029,CF4,K13470,,vv34626Plant-pathogen_interaction,
898,VIT_03s0017g01550,6,0.0029,CRK10 (cysteine-rich RLK10),,,,
899,VIT_00s0258g00090<br>VIT_16s0148g00330<br>VIT_00s2254g00010<br>VIT_16s0148g00380,6,0.0029,
900,VIT_00s0357g00060<br>VIT_00s0357g00080<br>VIT_00s0556g00020<br>VIT_00s0895g00010,6,0.0029,
901,VIT_07s0129g01070,6,0.0029,Leucine-rich repeat protein kinase,,,,
902,VIT_16s0022g01910,6,0.0029,Pentatricopeptide (PPR) repeat,,,,
903,VIT_16s0022g01970,6,0.0029,Anthocyanidin 3-O-glucosyltransferase,E2_4_1_115,,vv10942Anthocyanin_biosynthesis,
904,VIT_14s0066g00150,6,0.0029,GATA transcription factor 6,GATA6,,vv60016C2C2-GATA,
905,VIT_00s0187g00040,6,0.0029,Cystatin,,,,
906,VIT_19s0014g04180,5,0.0024,Curculin (mannose-binding) lectin,,,,
907,VIT_13s0064g01640,5,0.0024,Beta-primeverosidase,E3_2_1_149,,vv11000Single_reactions,
908,VIT_03s0017g01660,4,0.0019,Scarecrow transcription factor 23 (SCL23),SCL23_3,,vv60032GRAS,
909,VIT_14s0081g00570,4,0.0019,Unknown protein,,,,
910,VIT_11s0016g00880,4,0.0019,Strictosidine synthase; Soluble quinoprotein glucose dehydrogenase,E4_3_3_2,,vv10900Terpenoid_biosynthesis,vv10902Monoterpenoid_biosynthesis
911,VIT_11s0052g01730,4,0.0019,1-deoxy-D-xylulose-5-phosphate synthase,E2_2_1_7,,vv10100Biosynthesis_of_steroids,
912,VIT_13s0019g03490,4,0.0019,Zinc finger (CCCH-type) family protein,CCCHFAM_15,,vv60018C3H,
913,VIT_11s0016g04080,4,0.0019,Multiprotein-bridging factor 1c MBF1C,MBF1C_1,,vv30008Ethylene_signaling,vv60043MBF1
914,VIT_03s0038g04030,3,0.0015,Pentatricopeptide (PPR) repeat-containing,,,,
915,VIT_18s0089g00660,3,0.0015,CF9,K13446,,vv34626Plant-pathogen_interaction,
916,VIT_04s0023g02500,3,0.0015,Unknown protein,,,,
917,VIT_02s0025g00850,3,0.0015,Lactoylglutathione lyase,E4_4_1_5,,vv10620Pyruvate_metabolism,
918,VIT_04s0023g02230,3,0.0015,S-adenosyl-L-methionine:salicylic acid carboxyl methyltransferase,SAMTBSCMT,,vv10360Phenylalanine_metabolism,
919,VIT_09s0002g03370,3,0.0015,No hit,,,,
920,VIT_18s0001g04140,3,0.0015,Vacuolar protein sorting 9 (VPS9),VPS9A,,vv50110Protein_coat,
921,VIT_11s0065g00630,3,0.0015,CYP706A12,,,,
922,VIT_10s0003g04290,3,0.0015,Myosin heavy chain,MYOSINHC,,vv44810Regulation_of_actin_cytoskeleton,
923,VIT_09s0002g02540,3,0.0015,RWD domain containing 1,,,,
924,VIT_09s0054g01230,3,0.0015,Beta-amyrin synthase,E5_4_99_BAS,,vv10900Terpenoid_biosynthesis,
925,VIT_12s0059g01830,3,0.0015,Unknown,,,,
926,VIT_15s0021g01010,3,0.0015,Phosphatidylinositol-4-phosphate 5-kinase,E2_7_1_68,,vv10562Inositol_phosphate_metabolism,vv34070Phosphatidylinositol_signaling_system
927,VIT_15s0045g01020,3,0.0015,R protein  PRF  disease resistance protein,K13453,,vv34627R_proteins_from_Plant-pathogen_interaction,
928,VIT_00s0532g00050,3,0.0015,Basic helix-loop-helix ILR3,ILR3_4,,vv11002Auxin_biosynthesis,vv60011BHLH
929,VIT_07s0031g01680,3,0.0015,CYP86A1,,,,
930,VIT_06s0061g01440,3,0.0015,Unknown protein,,,,
931,VIT_12s0134g00210,3,0.0015,Pentatricopeptide (PPR) repeat-containing,,,,
932,VIT_16s0013g01950,3,0.0015,Hexose transporter [Vitis vinifera],VVHT4,,vv50121Porters_cat_1_to_6,
933,VIT_00s0218g00220,3,0.0015,UDP-glucoronosyl/UDP-glucosyl transferase,,,,
934,VIT_01s0011g02780,3,0.0015,Unknown protein,,,,
935,VIT_08s0040g01130,3,0.0015,Serine carboxypeptidase II,,,,
936,VIT_02s0012g02430,3,0.0015,No hit,,,,
937,VIT_19s0090g00490,3,0.0015,Unknown protein,,,,
938,VIT_12s0057g01430,3,0.0015,Heavy-metal-associated domain-containing protein,,,,
939,VIT_18s0122g01480,3,0.0015,CYP87A2,,,,
940,VIT_12s0028g02400,3,0.0015,Leaf senescence protein,,,,
941,VIT_12s0035g00530,3,0.0015,Unknown protein,,,,
942,VIT_12s0034g01580,3,0.0015,R protein MLA10,K13475,,vv34627R_proteins_from_Plant-pathogen_interaction,
943,VIT_00s0179g00220,3,0.0015,Pentatricopeptide repeat,,,,
944,VIT_18s0001g14930,3,0.0015,Unknown protein,,,,
945,VIT_04s0008g03950,3,0.0015,RD22,,,,
946,VIT_00s0125g00430,3,0.0015,Root hair defective 3 GTP-binding (RHD3),,,,
947,VIT_18s0041g01110,3,0.0015,Pentatricopeptide (PPR) repeat-containing,,,,
948,VIT_05s0029g00490,3,0.0015,Pentatricopeptide (PPR) repeat,,,,
949,VIT_05s0020g02260,3,0.0015,Sugar transporter ERD6-like 16,ERD6L16,,vv50121Porters_cat_1_to_6,
950,VIT_17s0000g05780,3,0.0015,Unknown protein,,,,
951,VIT_10s0003g01760,3,0.0015,Pentatricopeptide (PPR) repeat-containing protein,,,,
952,VIT_13s0019g01990,3,0.0015,Phospholipid/glycerol acyltransferase,E2_3_1_51,,vv10561Glycerolipid_metabolism,vv10564Glycerophospholipid_metabolism
953,VIT_16s0039g02560,3,0.0015,Crp1 protein,,,,
954,VIT_03s0017g00020,3,0.0015,No hit,,,,
955,VIT_15s0046g03230,3,0.0015,Disease resistance protein RGA4,,,,
956,VIT_12s0028g03010,3,0.0015,Glutaredoxin,,,,
957,VIT_18s0001g10270,3,0.0015,Basic helix-loop-helix protein SPATULA,SPATULA_1,,vv60011BHLH,
958,VIT_12s0059g02460,3,0.0015,Histone-lysine N-methyltransferase ATXR2,E2_1_1_43ATXR2,,vv10300Lysine_biosynthesis,vv60056SET_PCG
959,VIT_00s0724g00010,3,0.0015,Pinene synthase,E4_2_3_14,,vv10902Monoterpenoid_biosynthesis,
960,VIT_14s0060g01460,3,0.0015,Pentatricopeptide (PPR) repeat-containing protein,,,,
961,VIT_07s0104g01040,3,0.0015,Unknown protein,,,,
962,VIT_04s0023g01060,3,0.0015,Proton gradient regulation 3,PGR3,,,
963,VIT_18s0001g04240,3,0.0015,(+)-delta-cadinene synthase,E4_2_3_13,,vv10900Terpenoid_biosynthesis,
964,VIT_11s0037g01210,3,0.0015,Eceriferum 1 (CER1 protein) Sterol desaturase,,,,
965,VIT_18s0001g08050,3,0.0015,No hit,,,,
966,VIT_02s0109g00360,3,0.0015,Translocase of chloroplast 34,TOC34,,vv50133Primary_active_transporter_cat_A9_to_A18,
967,VIT_18s0089g01230,3,0.0015,fructokinase-2,E2_7_1_4,,vv10051Fructose_and_mannose_metabolism,vv10500Starch_and_sucrose_metabolism
968,VIT_17s0000g03580,3,0.0015,BEE3 (BR Enhanced expression 3),BEE3,,vv60011BHLH,
969,VIT_05s0062g00700,3,0.0015,UDP-glucose:flavonoid 7-O-glucosyltransferase,E2_4_1_237,,vv10941Flavonoid_biosynthesis,
970,VIT_17s0000g09710,3,0.0015,Leucine-rich repeat transmembrane protein kinase,,,,
971,VIT_12s0028g04040,3,0.0015,Ankyrin repeat,K10380,,vv50108Accessory_factors_involved_in_transport,
972,VIT_07s0141g00060,3,0.0015,Beta-ketoacyl-CoA-synthase,E2_3_1_41,,vv10061Fatty_acid_biosynthesis,
973,VIT_18s0041g01800,3,0.0014,Taxadiene 5-alpha-hydroxylase,E1_14_99_37,,vv10904Diterpenoid_biosynthesis,
974,VIT_09s0002g02890,3,0.0014,FRK1 (FLG22-induced receptor-like kinase 1),FRK1,,vv34626Plant-pathogen_interaction,
975,VIT_12s0035g00800,3,0.0014,DEAH (Asp-Glu-Ala-His) box polypeptide 36,DHX36,,vv23040Spliceosome,
976,VIT_00s0238g00040,3,0.0014,R protein disease resistance protein,RPROT,,vv34627R_proteins_from_Plant-pathogen_interaction,
977,VIT_11s0016g03690,3,0.0014,Peroxisomal fatty acid beta-oxidation multifunctional protein (aim1),E4_2_1_17_AIM1,vv11012Iba_metabolism,vv10062Fatty_acid_elongation_in_mitochondria,vv10071Fatty_acid_metabolism
978,VIT_16s0148g00060,3,0.0014,Receptor kinase homolog LRK10,,,,
979,VIT_12s0028g02010,3,0.0014,PMR5 (powdery mildew resistant 5),,,,
980,VIT_17s0000g09480,3,0.0014,Calcineurin phosphoesterase,,,,
981,VIT_05s0077g01660,3,0.0014,Major allergen protein homolog,,,,
982,VIT_08s0040g01930,3,0.0014,Unknown protein,,,,
983,VIT_04s0023g02810,3,0.0014,Aldehyde dehydrogenase 3B1,E1_2_1_3,vv10561Glycerolipid_metabolism,vv10010Glycolysis,vv10071Fatty_acid_metabolism
984,VIT_07s0031g00830,3,0.0014,Patatin-like protein 1,,,,
985,VIT_09s0002g03070,3,0.0014,FRK1 (FLG22-induced receptor-like kinase 1),FRK1,,vv34626Plant-pathogen_interaction,
986,VIT_05s0020g04020,3,0.0014,Unknown protein,,,,
987,VIT_15s0048g01830,3,0.0014,Pentatricopeptide (PPR) repeat-containing,,,,
988,VIT_13s0156g00500,3,0.0014,R protein disease resistance protein,RPROT,,vv34627R_proteins_from_Plant-pathogen_interaction,
989,VIT_13s0067g01440,3,0.0014,Pentatricopeptide (PPR) repeat-containing protein,,,,
990,VIT_18s0166g00220,3,0.0014,No hit,,,,
991,VIT_12s0057g00320,3,0.0014,Exopolygalacturonase,E3_2_1_15,,vv40006Cell_wall,
992,VIT_19s0085g01140,3,0.0014,Protein kinase 5,,,,
993,VIT_17s0000g04570,3,0.0014,No hit,,,,
994,VIT_06s0004g06690,3,0.0014,Ribosomal protein S18 30S,K02963,,vv23010Ribosome,
995,VIT_14s0006g02730,3,0.0014,Zinc finger protein 6,ZFP6_1,,vv60017C2H2,
996,VIT_12s0035g02060,3,0.0014,Methionine S-methyltransferase,E2_1_1_12,,vv10450Selenoamino_acid_metabolism,
997,VIT_04s0008g05100,3,0.0014,Cytochrome c oxidase subunit Vb,K02265,,vv10190Oxidative_phosphorylation,vv50135Primary_active_transporter_cat_D3_to_E2
998,VIT_13s0019g01690,3,0.0014,Ubiquitin-specific protease 24 (UBP24),,,,
999,VIT_09s0002g02310,3,0.0014,Metallo-beta-lactamase,E3_5_2_6,,vv10311Penicillin_and_cephalosporin_biosynthesis,
1000,VIT_05s0020g00450,3,0.0014,DNA methyltransferase,,,,
1001,VIT_10s0003g00380,3,0.0014,Homeobox-leucine zipper protein HB52,VVHB52_2,,vv60034HB,
1002,VIT_07s0095g00180,3,0.0014,S-receptor kinase 1,,,,
1003,VIT_13s0067g00810,3,0.0014,R protein  PRF  disease resistance protein,K13453,,vv34627R_proteins_from_Plant-pathogen_interaction,
1004,VIT_00s0522g00010<br>VIT_00s0266g00010<br>VIT_00s0372g00070<br>VIT_00s0372g00080<br>VIT_00s0572g00010<br>VIT_00s0372g00040<br>VIT_00s0847g00020<br>VIT_00s0572g00020,3,0.0014,
1005,VIT_06s0004g07100,3,0.0014,Translation initiation factor eIF-2 alpha subunit,K03237,,vv23013RNA_transport,
1006,VIT_11s0037g00770,3,0.0014,Leucine Rich Repeat receptor-like kinase,,,,
1007,VIT_10s0116g01050,3,0.0014,Oxidosqualene Cyclase,E5_4_99_7,,vv10100Biosynthesis_of_steroids,
