Vv_m2,2000,1000,VIT_12s0035g00150
rank,node,Fabs,Frel,Functional-annotation,Name-EC-KeggID,Updated-name,Network1,Network2
1,VIT_11s0037g00640,2065,1.0000,No hit,,,,
2,VIT_12s0034g02590,2057,1.0000,Leucine Rich Repeat receptor-like kinase,,,,
3,VIT_12s0142g00760,2071,1.0000,Leucine-rich repeat protein kinase,,,,
4,VIT_12s0035g00140,2056,1.0000,Leucine Rich Repeat receptor-like kinase,,,,
5,VIT_12s0035g00110,2068,1.0000,Leucine Rich Repeat receptor-like kinase,,,,
6,VIT_12s0142g00780,2063,1.0000,Leucine-rich repeat transmembrane protein kinase,,,,
7,VIT_12s0034g02600,2082,0.9995,Leucine Rich Repeat receptor-like kinase,,,,
8,VIT_12s0142g00800,2068,0.9995,Leucine-rich repeat protein kinase,,,,
9,VIT_12s0034g02570,2066,0.9995,Leucine Rich Repeat receptor-like kinase,,,,
10,VIT_12s0035g00100,2060,0.9961,Receptor protein kinase,,,,
11,VIT_18s0041g00250,2056,0.9923,R protein L6,K13477,,vv34627R_proteins_from_Plant-pathogen_interaction,
12,VIT_09s0002g03080,2047,0.9894,LRR receptor-like serine/threonine-protein kinase,,,,
13,VIT_09s0054g00500,2045,0.9894,No hit,,,,
14,VIT_15s0024g00760,2032,0.9864,No hit,,,,
15,VIT_12s0034g02580,2029,0.9811,Leucine Rich Repeat receptor-like kinase,,,,
16,VIT_12s0035g00070,2024,0.9797,Leucine Rich Repeat receptor-like kinase,,,,
17,VIT_05s0020g03270,2025,0.9778,S-receptor kinase,,,,
18,VIT_16s0050g01930,2009,0.9715,EIX receptor 2,,,,
19,VIT_12s0035g00060,2003,0.9709,DNA (cytosine-5)-methyltransferase,E2_1_1_37,,vv10271Methionine_metabolism,
20,VIT_02s0033g01320,1999,0.9699,Amino acid permease,AAPREL,,vv50123Porters_cat_18_to_29,
21,VIT_09s0054g01360,2009,0.9691,Cycloartenol synthase,E5_4_99_8,,vv10100Biosynthesis_of_steroids,
22,VIT_06s0080g01040,1996,0.9615,PR5K (PR5-like receptor kinase),,,,
23,VIT_12s0035g00050,1984,0.9612,No hit,,,,
24,VIT_11s0037g00680,1982,0.9603,Leucine Rich Repeat receptor-like kinase,,,,
25,VIT_12s0034g02560,1962,0.9557,DNA (cytosine-5)-methyltransferase (ATHIM),E2_1_1_37,,vv10271Methionine_metabolism,
26,VIT_10s0092g00650,1976,0.9555,Receptor kinase RK20-1,,,,
27,VIT_06s0009g02740,1969,0.9554,Pentatricopeptide (PPR) repeat-containing protein,,,,
28,VIT_16s0050g01860,1963,0.9525,SLAH3 (SLAC1 Homologue 3),SLAH3,,vv50122Porters_cat_7_to_17,
29,VIT_06s0004g01500,1956,0.9500,Lipoxygenase (LOX2),E1_13_11_12,,vv10592alpha-Linolenic_acid_metabolism,
30,VIT_16s0050g01910,1973,0.9454,Unknown,,,,
31,VIT_14s0128g00790,1918,0.9293,Lipoxygenase (LOX1),E1_13_11_12,,vv10592alpha-Linolenic_acid_metabolism,
32,VIT_00s0258g00080,1905,0.9284,Brassinosteroid insensitive 1-associated receptor kinase 1,BAK1,,vv30005Brassinosteroids_signaling,vv34626Plant-pathogen_interaction
33,VIT_12s0035g00010,1918,0.9248,DNA (cytosine-5)-methyltransferase (ATHIM),E2_1_1_37,,vv10271Methionine_metabolism,
34,VIT_05s0029g01540,1889,0.9237,Ankyrin repeat,K10380,,vv50108Accessory_factors_involved_in_transport,
35,VIT_19s0015g00270,1908,0.9222,No hit,,,,
36,VIT_18s0041g00220,1895,0.9172,TIR-NBS-LRR disease resistance,,,,
37,VIT_12s0035g00180,1873,0.9083,Leucine-rich repeat protein kinase,,,,
38,VIT_09s0002g07570,1876,0.9058,Leucine-rich repeat protein kinase,,,,
39,VIT_12s0035g00120,1863,0.9004,Hcr2-p6,,,,
40,VIT_04s0008g00320,1847,0.8966,Leucine-rich repeat family protein,,,,
41,VIT_06s0004g05370,1847,0.8931,Tropinone reductase,E1_1_1_206,,vv10220Urea_cycle_and_metabolism_of_amino_groups,
42,VIT_08s0058g01040,1836,0.8844,SOS2 (salt overly sensitive 2),SOS2,,vv30001ABA_signaling,
43,VIT_14s0068g01170,1837,0.8811,Pentatricopeptide repeat domain containing protein,,,,
44,VIT_08s0007g05520,1820,0.8763,Pentatricopeptide (PPR) repeat,,,,
45,VIT_13s0067g01580,1804,0.8745,Anthocyaninless2 (ANL2),ANL2_4,,vv60034HB,
46,VIT_05s0029g01180,1803,0.8689,Unknown,,,,
47,VIT_16s0050g02070,1800,0.8654,Pentatricopeptide repeat-containing protein,,,,
48,VIT_03s0038g02480,1784,0.8627,SKP1,K03094,,vv24120Ubiquitin_mediated_proteolysis,vv24141Protein_processing_in_endoplasmic_reticulum
49,VIT_00s0398g00020,1792,0.8611,S-receptor kinase KIK1 precursor,,,,
50,VIT_16s0050g00370,1763,0.8538,Receptor Like Protein 47,K13466,,vv34626Plant-pathogen_interaction,
51,VIT_16s0050g00270,1766,0.8527,Leucine-rich repeat,,,,
52,VIT_03s0038g02950,1762,0.8516,Pentatricopeptide (PPR) repeat-containing protein,,,,
53,VIT_06s0004g00460,1759,0.8510,Elongation factor P (EF-P),K02356,,,
54,VIT_16s0148g00320,1753,0.8473,Ser/Thr receptor-like kinase1,,,,
55,VIT_02s0109g00290,1744,0.8458,CYP76C6,,,,
56,VIT_11s0052g01780,1740,0.8451,1-deoxy-D-xylulose-5-phosphate synthase,E2_2_1_7,,vv10100Biosynthesis_of_steroids,
57,VIT_14s0006g02770,1724,0.8377,Proton-dependent oligopeptide transport (POT) family protein,POT,,vv50122Porters_cat_7_to_17,
58,VIT_16s0148g00220,1736,0.8358,Ser/Thr receptor-like kinase1,,,,
59,VIT_18s0041g00240,1715,0.8297,R protein L6,K13477,,vv34627R_proteins_from_Plant-pathogen_interaction,
60,VIT_14s0006g01120,1704,0.8272,Lipase GDSL,,,,
61,VIT_04s0079g00790,1691,0.8217,Acyl-CoA synthetases (Acyl-activating enzyme 11),E6_2_1_3,,vv10071Fatty_acid_metabolism,vv50104Group_translocators
62,VIT_06s0004g01580,1692,0.8166,Lipoxygenase,E1_13_11_12,,vv10592alpha-Linolenic_acid_metabolism,
63,VIT_09s0018g01590,1686,0.8157,Kinesin motor protein,KMOTOR,,vv44810Regulation_of_actin_cytoskeleton,
64,VIT_15s0046g00490,1676,0.8132,Wax synthase,E2_3_1_75,,vv11000Single_reactions,
65,VIT_05s0077g01730,1675,0.8096,Unknown,,,,
66,VIT_07s0031g01710,1657,0.8063,WRKY DNA-binding protein 51,WRKY51_3,VvWRKY22,vv60066WRKY,
67,VIT_05s0020g04710,1647,0.8026,Protein transport protein Sec23A,K14006,,vv24141Protein_processing_in_endoplasmic_reticulum,vv50110Protein_coat
68,VIT_02s0109g00310,1658,0.8017,flavonoid 3-monooxygenase,E1_14_13_21,,vv10941Flavonoid_biosynthesis,
69,VIT_02s0025g01530,1652,0.7996,Membrane protein-like,,,,
70,VIT_06s0004g01470,1649,0.7993,Lipoxygenase LOX1,E1_13_11_12,,vv10592alpha-Linolenic_acid_metabolism,
71,VIT_09s0002g02990,1662,0.7983,FRK1 (FLG22-induced receptor-like kinase 1),FRK1,,vv34626Plant-pathogen_interaction,
72,VIT_16s0050g01970,1662,0.7979,Serine/threonine protein kinase LRK19,,,,
73,VIT_16s0039g01260,1651,0.7968,Ser/Thr receptor-like kinase1,,,,
74,VIT_16s0148g00070,1630,0.7924,Receptor-like protein kinase,,,,
75,VIT_16s0050g02720<br>VIT_16s0148g00110<br>VIT_00s0425g00030<br>VIT_16s0098g00100,1618,0.7839,
76,VIT_05s0102g00140,1607,0.7782,No hit,,,,
77,VIT_12s0034g00250,1591,0.7772,Aquaporin PIP1A,PIP1A,,vv50101Channels_and_pores,
78,VIT_00s0388g00090<br>VIT_00s1830g00010<br>VIT_00s0388g00020,1589,0.7695,
79,VIT_09s0002g03000,1589,0.7684,Leucine-rich repeat protein kinase,,,,
80,VIT_16s0148g00280,1591,0.7682,Receptor kinase homolog LRK10,,,,
81,VIT_04s0008g00330,1568,0.7649,Clavata1 receptor kinase (CLV1),,,,
82,VIT_02s0154g00170,1571,0.7564,flavin-containing monooxygenase 3,E1_14_13_8,,vv11000Single_reactions,
83,VIT_08s0007g01560,1569,0.7543,Photoassimilate-responsive protein,,,,
84,VIT_09s0018g01120<br>VIT_09s0018g01020,1552,0.7505,
85,VIT_13s0067g02420,1538,0.7470,No hit,,,,
86,VIT_04s0008g00350,1546,0.7433,Clavata1 receptor kinase (CLV1),,,,
87,VIT_02s0025g02970,1546,0.7429,flavanone 3-beta-hydroxylase,E1_14_11_9,,vv10941Flavonoid_biosynthesis,
88,VIT_09s0002g07680,1539,0.7417,Disease resistance protein,,,,
89,VIT_03s0017g01290,1532,0.7387,ABC transporter G member 7,ABCG7,,vv52010ABC_transporters,
90,VIT_16s0050g02500,1511,0.7346,Transcription factor MUTE,MUTE_1,,vv60011BHLH,
91,VIT_06s0080g01030,1506,0.7254,No hit,,,,
92,VIT_10s0003g04860,1499,0.7249,Receptor kinase TRKa,,,,
93,VIT_06s0004g05290,1472,0.7084,No hit,,,,
94,VIT_01s0011g02920,1452,0.7062,TCP family transcription factor DICHOTOMA,DICHOTOMA,,vv30009Flower_development,vv60061TCP
95,VIT_11s0016g04840,1454,0.7031,Avr9/Cf-9 rapidly elicited protein 11,,,,
96,VIT_00s0203g00170,1451,0.7023,Myb domain protein 92,MYB92_1,MYB136,vv60044MYB,
97,VIT_14s0036g00610,1460,0.7019,Ethylene-induced calmodulin-binding protein B,EICBPB_1,,vv30008Ethylene_signaling,vv30011Jasmonate_signaling
98,VIT_16s0050g02710,1443,0.6958,RPK1 (receptor-like protein kinase 1),,,,
99,VIT_09s0002g02810,1444,0.6939,Light repressible receptor protein kinase,,,,
100,VIT_08s0058g00850,1436,0.6920,Gag-pol polyprotein,,,,
101,VIT_18s0001g01320,1428,0.6909,Wall-associated receptor kinase 5,,,,
102,VIT_16s0050g00250,1419,0.6892,Disease resistance family protein,,,,
103,VIT_07s0005g04040,1421,0.6871,Leucine Rich Repeat receptor-like kinase,,,,
104,VIT_04s0008g02530,1421,0.6848,ATP binding protein,,,,
105,VIT_16s0098g00970,1412,0.6821,Subtilisin serine protease,SBT3_5_1,,vv50101Channels_and_pores,vv60085MTERF
106,VIT_06s0004g05360,1412,0.6808,Tropinone reductase,E1_1_1_206,,vv10220Urea_cycle_and_metabolism_of_amino_groups,
107,VIT_09s0002g07510,1402,0.6799,Pentatricopeptide (PPR) repeat-containing protein,,,,
108,VIT_19s0014g04180,1411,0.6790,Curculin (mannose-binding) lectin,,,,
109,VIT_16s0148g00270,1405,0.6781,No hit,,,,
110,VIT_16s0050g01980,1406,0.6750,EIX receptor 2,,,,
111,VIT_00s0388g00010,1399,0.6749,Serine/threonine kinase,,,,
112,VIT_00s1372g00010,1384,0.6748,Pentatricopeptide (PPR) repeat-containing protein,,,,
113,VIT_05s0049g01900,1388,0.6748,Pentatricopeptide (PPR) repeat-containing,,,,
114,VIT_04s0008g03930,1387,0.6740,RD22,,,,
115,VIT_00s0294g00080,1389,0.6723,Receptor kinase homolog LRK10,,,,
116,VIT_01s0010g01090,1364,0.6609,Peroxidase ATP23a,E1_11_1_7,,vv10360Phenylalanine_metabolism,vv10680Methane_metabolism
117,VIT_18s0001g15150,1365,0.6607,Unknown protein,,,,
118,VIT_16s0039g01250,1357,0.6591,Receptor kinase homolog LRK10,,,,
119,VIT_14s0036g00930,1346,0.6512,Polyubiquitin (UBQ4),,,,
120,VIT_09s0070g00400,1344,0.6496,No hit,,,,
121,VIT_18s0001g03340,1351,0.6495,No hit,,,,
122,VIT_07s0104g01660,1328,0.6443,HAK5 (High affinity K+ transporter 5),HAK5,,vv50125Porters_cat_66_to_94,
123,VIT_09s0070g00640,1316,0.6385,Disease resistance protein,,,,
124,VIT_12s0057g01430,1306,0.6312,Heavy-metal-associated domain-containing protein,,,,
125,VIT_01s0137g00510,1304,0.6306,CYP71B10,CYP71B10,,vv10940Phenylpropanoid_biosynthesis,
126,VIT_15s0046g02090,1298,0.6289,Late embryogenesis abundant group 14,,,,
127,VIT_13s0074g00660,1290,0.6253,ABC transporter G member 22,ABCG22,,vv52010ABC_transporters,
128,VIT_19s0014g04470,1293,0.6249,S-locus protein kinase,,,,
129,VIT_00s0353g00030,1290,0.6238,S-locus lectin protein kinase,,,,
130,VIT_13s0156g00570,1274,0.6200,S-receptor kinase,,,,
131,VIT_09s0002g05130,1281,0.6182,Zinc finger (C3HC4-type ring finger),ZFC3HC4_53,,vv60078Other_zf-C3HC4,
132,VIT_00s0587g00030,1275,0.6171,CBS domain-containing protein,,,,
133,VIT_16s0050g01890,1276,0.6158,Unknown,,,,
134,VIT_00s0294g00060<br>VIT_00s0258g00050,1259,0.6097,
135,VIT_14s0068g00090,1248,0.6070,feronia receptor-like kinase,,,,
136,VIT_18s0041g00520,1250,0.6059,Proton-dependent oligopeptide transport (POT) family protein,POT,,vv50122Porters_cat_7_to_17,
137,VIT_14s0128g00780,1242,0.6035,Lipoxygenase,E1_13_11_12,,vv10592alpha-Linolenic_acid_metabolism,
138,VIT_01s0010g03210,1251,0.6026,HcrVf1 protein,,,,
139,VIT_17s0053g00400,1242,0.6015,S-receptor protein kinase,,,,
140,VIT_13s0067g02360,1245,0.6009,Peroxidase  class III,E1_11_1_7,,vv10360Phenylalanine_metabolism,vv10680Methane_metabolism
141,VIT_07s0095g00290,1247,0.6004,Serine/threonine kinase BRLK,,,,
142,VIT_19s0027g01510,1241,0.5981,No hit,,,,
143,VIT_00s0266g00020<br>VIT_00s0372g00020<br>VIT_00s0271g00010<br>VIT_00s0385g00020<br>VIT_00s0522g00020<br>VIT_00s0372g00060<br>VIT_00s0372g00030<br>VIT_00s0385g00010,1229,0.5952,
144,VIT_16s0050g01900,1225,0.5932,Leucine-rich repeat protein kinase,,,,
145,VIT_17s0000g03330,1207,0.5837,Receptor serine/threonine kinase PR5K,,,,
146,VIT_17s0000g09300,1212,0.5833,Pentatricopeptide (PPR) repeat,,,,
147,VIT_19s0177g00120,1196,0.5786,Unknown protein,,,,
148,VIT_16s0050g01530,1178,0.5694,HcrVf2 protein,,,,
149,VIT_19s0027g01600,1173,0.5672,CC-NBS-LRR class,,,,
150,VIT_00s0388g00060,1149,0.5545,Receptor serine/threonine kinase,,,,
151,VIT_12s0059g02280,1150,0.5534,Spg1p (septum-promoting GTPase),,,,
152,VIT_07s0104g01670,1146,0.5515,HAK5 (High affinity K+ transporter 5),HAK5,,vv50125Porters_cat_66_to_94,
153,VIT_09s0002g03060,1135,0.5488,Leucine-rich repeat protein kinase,,,,
154,VIT_03s0017g01650,1132,0.5461,Major Facilitator Superfamily,MFS,,vv50121Porters_cat_1_to_6,
155,VIT_16s0050g02190,1129,0.5446,Unknown,,,,
156,VIT_17s0000g07680,1118,0.5425,Alpha-N-acetylglucosaminidase,E3_2_1_50,,vv10511N-Glycan_degradation,
157,VIT_09s0054g01370,1128,0.5423,Beta-amyrin synthase,E5_4_99_BAS,,vv10900Terpenoid_biosynthesis,
158,VIT_00s0505g00020,1115,0.5407,No hit,,,,
159,VIT_19s0135g00250,1107,0.5363,Ankyrin repeat protein,K10380,,vv50108Accessory_factors_involved_in_transport,
160,VIT_01s0010g00710,1105,0.5346,Armadillo/beta-catenin repeat protein / U-box domain-containing protein ,,,,
161,VIT_16s0039g02380,1090,0.5309,Disease resistance family protein,,,,
162,VIT_00s0266g00030<br>VIT_00s0271g00020,1094,0.5262,
163,VIT_16s0039g02280,1092,0.5242,EIX receptor 2,,,,
164,VIT_06s0004g01460<br>VIT_06s0004g01450,1074,0.5216,
165,VIT_00s0258g00040,1071,0.5186,Ser/Thr receptor-like kinase1,,,,
166,VIT_00s0258g00110,1071,0.5166,Receptor serine/threonine kinase,,,,
167,VIT_18s0001g00570,1061,0.5131,Pentatricopeptide (PPR) repeat-containing,,,,
168,VIT_18s0001g15120,1061,0.5099,Unknown protein,,,,
169,VIT_10s0116g01150,1041,0.5051,Unknown,,,,
170,VIT_00s0484g00030,1044,0.5041,ARK3 (Arabidopsis Receptor Kinase 3),,,,
171,VIT_18s0001g10930,1040,0.5029,Patatin,,,,
172,VIT_03s0110g00020,1035,0.5005,Unknown,,,,
173,VIT_16s0013g01760,1033,0.4969,Derlin-1,K11519,,vv24141Protein_processing_in_endoplasmic_reticulum,vv50133Primary_active_transporter_cat_A9_to_A18
174,VIT_18s0072g00430,1033,0.4954,Alginate_lyase2,E4_2_2_11,,,
175,VIT_17s0000g06100,1028,0.4947,Pentatricopeptide (PPR) repeat-containing protein,,,,
176,VIT_14s0036g00990,1024,0.4933,Polyubiquitin (UBQ4),,,,
177,VIT_14s0108g00310,1021,0.4925,Leucine Rich Repeat receptor-like kinase,,,,
178,VIT_12s0028g01620,1027,0.4919,Pentatricopeptide (PPR) repeat,,,,
179,VIT_19s0014g04170,1016,0.4906,Curculin (mannose-binding) lectin,,,,
180,VIT_18s0001g10280,1008,0.4884,No hit,,,,
181,VIT_01s0011g03430,1009,0.4874,No hit,,,,
182,VIT_15s0024g00980,1004,0.4850,Amidase,E3_5_1_4,,vv10220Urea_cycle_and_metabolism_of_amino_groups,vv10360Phenylalanine_metabolism
183,VIT_09s0002g02890,1000,0.4831,FRK1 (FLG22-induced receptor-like kinase 1),FRK1,,vv34626Plant-pathogen_interaction,
184,VIT_16s0098g00110,996,0.4823,Receptor kinase LRK10,,,,
185,VIT_01s0011g00970,997,0.4819,RPM1 (resistance to p. syringae pv maculicola 1),K13457,,vv34626Plant-pathogen_interaction,
186,VIT_18s0089g01190,997,0.4819,Stage III sporulation protein AA,K06390,,vv50109Incompletely_characterized_transport_systems,
187,VIT_12s0059g01210,999,0.4810,RNA-binding protein,,,,
188,VIT_09s0002g07720,986,0.4754,Leucine-rich repeat family protein,,,,
189,VIT_00s0294g00090,984,0.4740,Ser/Thr receptor-like kinase1,,,,
190,VIT_16s0022g01700,969,0.4683,No hit,,,,
191,VIT_14s0068g00130<br>VIT_14s0068g00110<br>VIT_14s0068g00120,962,0.4661,
192,VIT_04s0008g00920,959,0.4637,Clavata1 receptor kinase (CLV1),,,,
193,VIT_10s0003g03550,960,0.4627,Lupeol synthase,E5_4_99_8,,vv10100Biosynthesis_of_steroids,
194,VIT_09s0054g00300,959,0.4615,Disease resistance,,,,
195,VIT_15s0046g00510,951,0.4599,Wax synthase,E2_3_1_75,,vv11000Single_reactions,
196,VIT_09s0070g00620,949,0.4598,Leucine-rich repeat family protein,,,,
197,VIT_13s0074g00680,948,0.4580,ABC transporter G member 22,ABCG22,,vv52010ABC_transporters,
198,VIT_18s0041g00230,946,0.4568,TIR-NBS-LRR disease resistance,,,,
199,VIT_00s0787g00020,938,0.4534,Heat shock 70kDa protein 1/8,K03283,,vv23040Spliceosome,vv24141Protein_processing_in_endoplasmic_reticulum
200,VIT_18s0072g00980,939,0.4532,Leucine-rich repeat protein kinase,,,,
201,VIT_08s0058g01390,933,0.4527,WRKY DNA-binding protein 70,WRKY70_2,VvWRKY25,vv60066WRKY,
202,VIT_07s0141g00060,934,0.4480,Beta-ketoacyl-CoA-synthase,E2_3_1_41,,vv10061Fatty_acid_biosynthesis,
203,VIT_00s0254g00010,920,0.4460,Unknown,,,,
204,VIT_16s0039g00620,902,0.4370,PHD zinc finger protein,,,,
205,VIT_18s0041g00190,902,0.4364,R protein L6,K13477,,vv34627R_proteins_from_Plant-pathogen_interaction,
206,VIT_06s0004g02080,904,0.4363,TRNA-specific 2-thiouridylase,K00566,,vv24122Sulfur_relay_system,
207,VIT_00s0456g00040<br>VIT_00s0374g00030,902,0.4351,
208,VIT_06s0080g00820,896,0.4341,Tubulin beta-6 chain,K07375,,vv44145Phagosome,vv44810Regulation_of_actin_cytoskeleton
209,VIT_05s0077g01020,892,0.4315,GCN5 N-acetyltransferase (GNAT),GCN5_24,,vv60082GNAT,
210,VIT_12s0142g00690,885,0.4282,No hit,,,,
211,VIT_05s0094g00960,896,0.4281,UDP-xylose phenolic glycosyltransferase,,,,
212,VIT_17s0000g10270,887,0.4273,No hit,,,,
213,VIT_00s0286g00140<br>VIT_00s0484g00010<br>VIT_00s2549g00010,876,0.4252,
214,VIT_01s0127g00070,876,0.4224,Nitrate transporter2.5,NRT2_5,,vv50121Porters_cat_1_to_6,
215,VIT_15s0024g00190,870,0.4173,No hit,,,,
216,VIT_16s0039g02300,863,0.4141,EIX receptor 2,,,,
217,VIT_09s0002g04690,848,0.4139,Pentatricopeptide (PPR) repeat-containing protein,,,,
218,VIT_16s0022g00320,852,0.4122,Nitric-oxide synthase 1 (AtNOS1),E1_14_13_39,,vv10330Arginine_and_proline_metabolism,vv34020Calcium_signaling_pathway
219,VIT_05s0029g00150,854,0.4110,No hit,,,,
220,VIT_09s0002g07810,851,0.4107,No hit,,,,
221,VIT_19s0014g03090,851,0.4101,CBS domain-containing protein,,,,
222,VIT_09s0002g07610,844,0.4081,Leucine-rich repeat family,,,,
223,VIT_09s0002g07830,847,0.4080,Leucine-rich repeat protein kinase,,,,
224,VIT_14s0171g00500,838,0.4048,No hit,,,,
225,VIT_11s0016g04270,836,0.4041,Hydrolase  alpha/beta fold,,,,
226,VIT_16s0098g00170,831,0.4038,Receptor kinase homolog LRK10,,,,
227,VIT_18s0001g14810,840,0.4029,Lipase 3 (EXL3) family II extracellular,,,,
228,VIT_16s0022g01720,835,0.4028,Receptor kinase homolog LRK10,,,,
229,VIT_13s0067g01570<br>VIT_13s0067g01640,831,0.4020,
230,VIT_00s0424g00020,815,0.3933,Receptor serine/threonine kinase,,,,
231,VIT_07s0151g00200,813,0.3931,Quinone-oxidoreductase  Chloroplast,K03956,,vv10190Oxidative_phosphorylation,vv50134Primary_active_transporter_cat_D1
232,VIT_14s0006g02210,807,0.3921,DNA ligase I,K10747,,vv23030DNA_replication,vv23410Base_excision_repair
233,VIT_16s0148g00060,812,0.3913,Receptor kinase homolog LRK10,,,,
234,VIT_06s0009g01040,807,0.3908,No hit,,,,
235,VIT_10s0042g00590,809,0.3904,Leucine-rich repeat receptor-like protein kinase 1,,,,
236,VIT_11s0118g00050,802,0.3884,EIX receptor,,,,
237,VIT_04s0008g00370,802,0.3876,Clavata1 receptor kinase (CLV1),,,,
238,VIT_04s0008g00400,802,0.3874,Clavata1 receptor kinase (CLV1),,,,
239,VIT_04s0008g02510,800,0.3859,Receptor kinase homolog LRK10,,,,
240,VIT_14s0108g00290,790,0.3826,formin 8,FH8,,vv44810Regulation_of_actin_cytoskeleton,
241,VIT_03s0038g01670,786,0.3821,R protein  PRF  disease resistance protein,K13453,,vv34627R_proteins_from_Plant-pathogen_interaction,
242,VIT_05s0124g00230,794,0.3819,F-box domain containing protein,,,,
243,VIT_09s0054g01440,789,0.3793,Beta-amyrin synthase,E5_4_99_BAS,,vv10900Terpenoid_biosynthesis,
244,VIT_08s0040g01490,782,0.3781,Unknown,,,,
245,VIT_12s0057g01570,779,0.3771,No hit,,,,
246,VIT_08s0007g05780,774,0.3721,Intron maturase  type II,,,,
247,VIT_16s0148g00170,770,0.3714,Protein binding / zinc ion binding,,,,
248,VIT_05s0020g01000<br>VIT_05s0020g01010<br>VIT_05s0020g00980,765,0.3692,
249,VIT_01s0011g00890,765,0.3687,Pentatricopeptide (PPR) repeat-containing,,,,
250,VIT_18s0001g09730,751,0.3642,S-domain receptor kinase,,,,
251,VIT_01s0011g05040,752,0.3628,Pentatricopeptide (PPR) repeat,,,,
252,VIT_07s0005g04070,741,0.3588,Leucine Rich Repeat receptor-like kinase,,,,
253,VIT_00s0753g00030,732,0.3548,No hit,,,,
254,VIT_08s0007g02480,738,0.3534,Lysine decarboxylase-like protein,LOG,,vv10908Zeatin_biosynthesis,
255,VIT_04s0044g01960,732,0.3529,Unknown,,,,
256,VIT_14s0030g00040,735,0.3527,Disease resistance protein (CC-NBS-LRR class),,,,
257,VIT_07s0005g01550,723,0.3491,Polygalacturonase PG1,E3_2_1_15,,vv40006Cell_wall,
258,VIT_00s0456g00030,717,0.3491,S-locus lectin protein kinase,,,,
259,VIT_09s0054g01280,713,0.3438,Beta-amyrin synthase,E5_4_99_BAS,,vv10900Terpenoid_biosynthesis,
260,VIT_16s0098g01160,708,0.3420,Subtilisin protease,SBT3_5,,vv50101Channels_and_pores,
261,VIT_04s0210g00100,705,0.3412,Mucin protein,K06568,,,
262,VIT_03s0017g01280,709,0.3412,ABC transporter G member 7,ABCG7,,vv52010ABC_transporters,
263,VIT_12s0028g04040,704,0.3403,Ankyrin repeat,K10380,,vv50108Accessory_factors_involved_in_transport,
264,VIT_13s0067g03690,701,0.3388,Pinene synthase,E4_2_3_14,,vv10902Monoterpenoid_biosynthesis,
265,VIT_08s0040g02620,693,0.3345,Pentatricopeptide (PPR) repeat-containing protein,,,,
266,VIT_19s0014g04480,690,0.3333,S-locus protein kinase,,,,
267,VIT_03s0180g00240,691,0.3322,No hit,,,,
268,VIT_02s0087g00630,686,0.3319,Alcohol oxidase,E1_1_3_13,,vv10680Methane_metabolism,
269,VIT_12s0028g03400,685,0.3319,No hit,,,,
270,VIT_04s0044g01570,689,0.3316,DNA topoisomerase III alpha,K03165,,vv23440Homologous_recombination,vv50132Primary_active_transporter_cat_A5_to_A8
271,VIT_03s0017g01550,680,0.3295,CRK10 (cysteine-rich RLK10),,,,
272,VIT_13s0084g00570<br>VIT_13s0084g00560,671,0.3238,
273,VIT_07s0104g01710,670,0.3230,HAK5 (High affinity K+ transporter 5),HAK5,,vv50125Porters_cat_66_to_94,
274,VIT_16s0098g00020<br>VIT_00s0258g00100<br>VIT_16s0148g00030<br>VIT_16s0148g00040,664,0.3230,
275,VIT_00s0294g00100,669,0.3209,Brassinosteroid insensitive 1-associated receptor kinase 1,BAK1,,vv30005Brassinosteroids_signaling,
276,VIT_17s0000g09240,656,0.3183,MATE efflux family protein,MATE,,vv50125Porters_cat_66_to_94,
277,VIT_11s0016g04470,656,0.3181,Ornithine decarboxylase,E4_1_1_17,,vv10220Urea_cycle_and_metabolism_of_amino_groups,
278,VIT_12s0028g02680,653,0.3158,Unknown protein,,,,
279,VIT_08s0058g01080,650,0.3157,No hit,,,,
280,VIT_14s0006g02550,643,0.3108,Non-specific lipid-transfer protein 2 (LTP 2),,,,
281,VIT_15s0021g02710,640,0.3084,Zinc finger (C2H2 type) family,C2H2FAM_24,,vv60017C2H2,
282,VIT_03s0038g04690,637,0.3083,Isoflavone reductase protein 6,E1_3_1_45,,vv10943Isoflavonoid_biosynthesis,
283,VIT_16s0013g01160,638,0.3079,Receptor kinase homolog LRK10,,,,
284,VIT_19s0015g02420,623,0.3021,Serine/threonine-protein kinase receptor ARK3,,,,
285,VIT_09s0002g08310,613,0.2980,Unknown,,,,
286,VIT_16s0050g02740<br>VIT_00s1467g00010<br>VIT_00s0294g00070<br>VIT_16s0039g01210<br>VIT_16s0050g02730<br>VIT_16s0148g00180<br>VIT_16s0148g00420,613,0.2946,
287,VIT_13s0067g02100,611,0.2940,Pentatricopeptide (PPR) repeat-containing protein,,,,
288,VIT_05s0049g00130,610,0.2940,forkhead-associated domain-containing protein,FHADOM_13,,vv60028FHA,
289,VIT_09s0002g07750,608,0.2934,Disease resistance protein,,,,
290,VIT_03s0091g00060,605,0.2933,ACT domain-containing protein (ACR6),,,,
291,VIT_14s0068g02280,609,0.2932,No hit,,,,
292,VIT_17s0119g00390,603,0.2917,No hit,,,,
293,VIT_02s0012g02560,602,0.2911,No hit,,,,
294,VIT_18s0001g14760,599,0.2911,Lipase 3 (EXL3) family II extracellular,,,,
295,VIT_00s0163g00050,599,0.2890,Argininosuccinate synthase,E6_3_4_5,,vv10220Urea_cycle_and_metabolism_of_amino_groups,vv10252Alanine_and_aspartate_metabolism
296,VIT_18s0089g00450,590,0.2886,R protein L6,K13477,,vv34627R_proteins_from_Plant-pathogen_interaction,
297,VIT_14s0066g02680,594,0.2883,Leucine-rich repeat protein kinase,,,,
298,VIT_14s0068g00100,595,0.2872,feronia receptor-like kinase,,,,
299,VIT_03s0017g00100,590,0.2861,Ankyrin repeat protein,,,,
300,VIT_17s0000g07400,592,0.2856,Disease resistance protein (EDS1),EDS1,,vv30011Jasmonate_signaling,
301,VIT_11s0016g05030,587,0.2840,No hit,,,,
302,VIT_09s0002g07100,588,0.2839,EMB2744 (embryo defective 2744),,,,
303,VIT_13s0067g01400,589,0.2839,ABI4 (ABA insensitive 4),ABI4,,vv30001ABA_signaling,vv60003AP2_EREBP
304,VIT_18s0001g15220,588,0.2838,Unknown protein,,,,
305,VIT_08s0058g01230,585,0.2833,Non-specific lipid-transfer protein,,,,
306,VIT_01s0010g03430,586,0.2828,HcrVf1 protein,,,,
307,VIT_19s0014g04640,583,0.2822,S-locus protein kinase,,,,
308,VIT_01s0011g03960,583,0.2814,Protein kinase,,,,
309,VIT_16s0039g02370,578,0.2807,EIX receptor 2,,,,
310,VIT_09s0054g01420,579,0.2801,Beta-amyrin synthase,E5_4_99_BAS,,vv10900Terpenoid_biosynthesis,
311,VIT_16s0050g02750,578,0.2800,Zinc finger (C3HC4-type ring finger),ZFC3HC4_40,,vv60078Other_zf-C3HC4,
312,VIT_16s0039g02360,578,0.2787,Disease resistance protein (NBS-LRR class),,,,
313,VIT_16s0050g01550,567,0.2755,HcrVf2 protein,,,,
314,VIT_13s0147g00120,566,0.2750,TIR-NBS-LRR-TIR disease resistance protein,,,,
315,VIT_16s0148g00160,568,0.2729,Receptor serine/threonine kinase,,,,
316,VIT_15s0048g01440,563,0.2704,Geraniol 10-hydroxylase,G10H,,vv10902Monoterpenoid_biosynthesis,
317,VIT_00s0144g00170,557,0.2699,HcrVf1 protein,,,,
318,VIT_02s0025g01590,559,0.2697,Triacylglycerol lipase,E3_1_1_3,,vv10561Glycerolipid_metabolism,
319,VIT_03s0017g00510,560,0.2694,Peru 1,,,,
320,VIT_15s0048g00930,549,0.2652,ATP-dependent DNA helicase 2 subunit 2 ku80,K10885,,vv23450Non_homologous_end_joining,
321,VIT_16s0050g02780<br>VIT_16s0148g00390,546,0.2638,
322,VIT_18s0001g05030,536,0.2599,Glucan 1 3-beta-glucosidase precursor,E3_2_1_58,,vv10500Starch_and_sucrose_metabolism,
323,VIT_04s0008g02520,531,0.2566,ATP binding protein,,,,
324,VIT_16s0050g01960,528,0.2545,Curculin (mannose-binding) lectin,,,,
325,VIT_12s0035g00550,530,0.2544,Unknown protein,,,,
326,VIT_00s0398g00050,526,0.2542,Inter-alpha-trypsin inhibitor heavy chain,,,,
327,VIT_14s0128g00010,527,0.2537,No hit,,,,
328,VIT_07s0104g01650,521,0.2523,HAK5 (High affinity K+ transporter 5),HAK5,,vv50125Porters_cat_66_to_94,
329,VIT_12s0055g00060,521,0.2521,UDP-glycosyltransferase 71A13,,,,
330,VIT_03s0063g00740,509,0.2463,Carboxylesterase CXE,E3_1_1_1,,,
331,VIT_04s0008g00310,512,0.2457,Clavata1 receptor kinase (CLV1),,,,
332,VIT_06s0004g01400,505,0.2450,S-receptor kinase,,,,
333,VIT_13s0067g03740,499,0.2419,Pinene synthase,E4_2_3_14,,vv10902Monoterpenoid_biosynthesis,
334,VIT_04s0008g07250,497,0.2380,Aspartyl protease,E3_4_23_x,,,
335,VIT_09s0002g03100,488,0.2376,Light repressible receptor protein kinase,,,,
336,VIT_10s0092g00250,493,0.2374,Alpha-glucosidase 1 (AGLU1),E3_2_1_20,,vv10052Galactose_metabolism,vv10500Starch_and_sucrose_metabolism
337,VIT_04s0079g00780,489,0.2368,Unknown,,,,
338,VIT_04s0008g00430,486,0.2363,Clavata1 receptor kinase (CLV1),,,,
339,VIT_10s0003g03560,484,0.2348,Beta-amyrin synthase,E5_4_99_BAS,,vv10900Terpenoid_biosynthesis,
340,VIT_00s0409g00030,482,0.2348,Unknown,,,,
341,VIT_14s0081g00360,490,0.2346,Ankyrin repeat,K10380,,vv50108Accessory_factors_involved_in_transport,
342,VIT_14s0006g02340,484,0.2335,No hit,,,,
343,VIT_05s0020g04030,484,0.2330,Bax inhibitor,VVBI1,,vv50109Incompletely_characterized_transport_systems,
344,VIT_01s0026g00720,481,0.2328,Unknown protein,,,,
345,VIT_08s0007g03980,480,0.2319,Pentatricopeptide (PPR) repeat-containing,,,,
346,VIT_02s0025g01730,482,0.2315,3-oxoacyl-[acyl-carrier-protein] synthase,E2_3_1_41,,vv10061Fatty_acid_biosynthesis,
347,VIT_13s0156g00580,474,0.2288,S-receptor kinase,,,,
348,VIT_15s0021g02770,470,0.2268,DNA binding / hydrolase  acting on ester bonds,,,,
349,VIT_06s0061g00060,467,0.2265,THUMP domain-containing protein 1,,,,
350,VIT_00s2844g00010,466,0.2247,Autoinhibited H+ ATPase,,,,
351,VIT_02s0033g00310,463,0.2239,No hit,,,,
352,VIT_16s0013g00590,462,0.2235,Plastocyanin domain-containing protein,K02638,,vv10195Photosynthesis,vv50113Thylakoid_targeting_pathway
353,VIT_00s0261g00050,460,0.2225,No hit,,,,
354,VIT_19s0014g04080,458,0.2223,Serine/threonine-protein kinase receptor ARK3,,,,
355,VIT_05s0029g00510,458,0.2208,Aquaporin PIP PIP1A,PIP1A,,vv50101Channels_and_pores,
356,VIT_19s0014g04490,454,0.2205,S-locus protein kinase,,,,
357,VIT_15s0046g00500,447,0.2166,Wax synthase,E2_3_1_75,,vv11000Single_reactions,
358,VIT_16s0050g01950,446,0.2153,Disease resistance family protein / LRR family,,,,
359,VIT_12s0059g00980,444,0.2149,Cellulose synthase CSLB04,E2_4_1_12_CSLB04,,vv40006Cell_wall,
360,VIT_04s0008g05070,442,0.2148,Pentatricopeptide (PPR) repeat-containing,,,,
361,VIT_18s0001g00270,439,0.2125,No hit,,,,
362,VIT_15s0107g00390,431,0.2085,5'-adenylylsulfate reductase (APR3),E1_8_4_8,,vv10920Sulfur_metabolism,
363,VIT_14s0006g02780,429,0.2082,No hit,,,,
364,VIT_10s0092g00220,427,0.2067,Integral membrane family protein UPF0497,,,,
365,VIT_13s0101g00300,428,0.2067,R protein MLA10,K13475,,vv34627R_proteins_from_Plant-pathogen_interaction,
366,VIT_04s0023g00620,430,0.2065,Unknown,,,,
367,VIT_00s0271g00070,420,0.2038,Pentatricopeptide (PPR) repeat-containing protein,,,,
368,VIT_17s0000g01750,422,0.2037,Auxin-independent growth promoter,,,,
369,VIT_07s0095g00640,419,0.2026,Serine/threonine kinase BRLK,,,,
370,VIT_17s0000g06260,416,0.2019,Pentatricopeptide (PPR) repeat-containing protein,,,,
371,VIT_01s0011g02330,417,0.2014,Unknown protein,,,,
372,VIT_07s0031g01340,412,0.1998,Pentatricopeptide (PPR) repeat,,,,
373,VIT_06s0004g00970,411,0.1990,Dirigent protein,,,,
374,VIT_12s0057g00950,408,0.1979,No hit,,,,
375,VIT_09s0070g00630,406,0.1971,No hit,,,,
376,VIT_03s0088g00810,408,0.1968,Pathogenesis-related protein 1 precursor (PRP 1),PRP1,,vv30011Jasmonate_signaling,vv34626Plant-pathogen_interaction
377,VIT_04s0069g00610,407,0.1957,Glutamate receptor protein,GLR2_7,,vv50101Channels_and_pores,
378,VIT_15s0024g01160,405,0.1957,No hit,,,,
379,VIT_04s0079g00110,402,0.1948,Kinesin 4 motor protein,K10395,,vv44810Regulation_of_actin_cytoskeleton,
380,VIT_16s0098g01410,402,0.1942,Pentatricopeptide (PPR) repeat-containing,,,,
381,VIT_12s0034g01770,401,0.1935,Unknown,,,,
382,VIT_08s0007g02850,397,0.1917,F-box family protein,,,,
383,VIT_13s0047g00020,397,0.1911,ZIF1 (zinc induced facilitator 1); carbohydrate transporter,ZIF1,,vv50121Porters_cat_1_to_6,
384,VIT_17s0000g02930,392,0.1899,Glutathione S-transferase 25 GSTU7,E2_5_1_18_GSTU7,,vv10480Glutathione_metabolism,
385,VIT_14s0060g02340,394,0.1897,Heat shock protein 70,K03283,,vv23040Spliceosome,vv24141Protein_processing_in_endoplasmic_reticulum
386,VIT_12s0028g02850,393,0.1895,Isoflavone methyltransferase/Orcinol O-methyltransferase 2 oomt2,E2_1_1_46,,vv10943Isoflavonoid_biosynthesis,
387,VIT_17s0000g09950,388,0.1881,Heat shock cognate 70 kDa protein 1 (HSC70-1) (HSP70-1),HSC701,,vv23040Spliceosome,vv24141Protein_processing_in_endoplasmic_reticulum
388,VIT_14s0030g01530,390,0.1879,SF21,,,,
389,VIT_13s0074g00800,383,0.1861,CCHC-type integrase,,,,
390,VIT_04s0069g01020,383,0.1861,NBS1 (nijmegen breakage syndrome 1),NBS1_1,,vv60028FHA,
391,VIT_09s0002g03120,381,0.1851,FRK1 (FLG22-induced receptor-like kinase 1),FRK1,,vv34626Plant-pathogen_interaction,
392,VIT_09s0054g01390,379,0.1829,Beta-amyrin synthase,E5_4_99_BAS,,vv10900Terpenoid_biosynthesis,
393,VIT_14s0036g01330,377,0.1827,No hit,,,,
394,VIT_05s0077g00640,376,0.1820,No hit,,,,
395,VIT_10s0092g00260,372,0.1803,Alpha-glucosidase 1 (AGLU1),E3_2_1_20,,vv10052Galactose_metabolism,vv10500Starch_and_sucrose_metabolism
396,VIT_16s0050g02060,372,0.1798,Receptor kinase homolog LRK10,,,,
397,VIT_08s0058g00180,366,0.1780,Male sterility 2 (MS2),,,,
398,VIT_00s0201g00020,367,0.1777,Pentatricopeptide repeat-containing protein,,,,
399,VIT_08s0007g04330,369,0.1775,CHUP1 (chloroplast unusual positioning 1),CHUP1,,vv44810Regulation_of_actin_cytoskeleton,
400,VIT_18s0122g00440,366,0.1759,Elongation factor 1-alpha 3,K03231,,,
401,VIT_01s0026g00090,361,0.1752,Ulp1 protease family,,,,
402,VIT_04s0023g00390,362,0.1749,Tetratricopeptide helical,,,,
403,VIT_14s0060g00810,358,0.1740,Galactinol synthase,E2_4_1_123,,vv10052Galactose_metabolism,
404,VIT_16s0022g01670,357,0.1719,Receptor kinase LRK10,,,,
405,VIT_06s0004g01480,351,0.1694,Lipoxygenase LOX1,E1_13_11_12,,vv10592alpha-Linolenic_acid_metabolism,
406,VIT_13s0019g00350,345,0.1661,ARF GTPase activator  ARF-GAP Domain 13,AGD13,,vv50110Protein_coat,
407,VIT_18s0001g09720,339,0.1653,S-domain receptor kinase,,,,
408,VIT_04s0023g01770,342,0.1652,Adaptor-related protein complex 3  sigma 2 sub,AP3S2,,vv50110Protein_coat,
409,VIT_05s0020g02260,342,0.1650,Sugar transporter ERD6-like 16,ERD6L16,,vv50121Porters_cat_1_to_6,
410,VIT_06s0004g07770,340,0.1635,Peroxidase,E1_11_1_7,,vv10360Phenylalanine_metabolism,vv10680Methane_metabolism
411,VIT_03s0038g03720,338,0.1633,fertility restorer,,,,
412,VIT_00s0374g00020,337,0.1632,S-locus lectin protein kinase,,,,
413,VIT_12s0059g00860,334,0.1622,SLAH1 (SLAC1 homologue 1),SLAH1,,vv50122Porters_cat_7_to_17,
414,VIT_09s0002g03010,329,0.1598,FRK1 (FLG22-induced receptor-like kinase 1),FRK1,,vv34626Plant-pathogen_interaction,
415,VIT_07s0005g04790,325,0.1569,Myosin-like protein XIB,MYOSINXIB,,vv44810Regulation_of_actin_cytoskeleton,
416,VIT_16s0039g00570,322,0.1567,10-deacetylbaccatin III 10-O-acetyltransferase,E2_3_1_167,,vv10904Diterpenoid_biosynthesis,
417,VIT_11s0037g00770,320,0.1545,Leucine Rich Repeat receptor-like kinase,,,,
418,VIT_02s0012g02830,319,0.1531,UDP-glucosyl transferase,E2_4_1_81,,vv10941Flavonoid_biosynthesis,
419,VIT_16s0050g02020<br>VIT_16s0050g02030,314,0.1526,
420,VIT_00s0245g00010,315,0.1516,Integral membrane protein,,,,
421,VIT_07s0205g00180,314,0.1515,Basic helix-loop-helix (bHLH) family,BHLHDOM_30,,vv60011BHLH,
422,VIT_14s0006g00050,312,0.1509,Transposase  IS4,,,,
423,VIT_19s0015g00950,312,0.1504,Coiled-coil domain containing 22,,,,
424,VIT_09s0002g07790,310,0.1492,Ubiquitin-conjugating enzyme 16 UBC16,K10688,,vv24120Ubiquitin_mediated_proteolysis,
425,VIT_01s0150g00330,304,0.1462,U-box domain-containing protein,,,,
426,VIT_19s0015g00460,295,0.1428,TRNA-splicing endonuclease positive effector,,,,
427,VIT_16s0050g01920,294,0.1424,Curculin (mannose-binding) lectin,,,,
428,VIT_13s0147g00150,290,0.1400,TIR-NBS-LRR-TIR disease resistance protein,,,,
429,VIT_13s0156g00620,288,0.1391,S-receptor kinase,,,,
430,VIT_06s0061g00980,291,0.1390,Prolylcarboxypeptidase,E3_4_16_2,,,
431,VIT_08s0058g00990,287,0.1384,Peroxidase,E1_11_1_7,,vv10360Phenylalanine_metabolism,vv10680Methane_metabolism
432,VIT_06s0004g02100,282,0.1368,3-beta-hydroxysteroid-delta-isomerase,E5_3_3_5,,vv10100Biosynthesis_of_steroids,
433,VIT_04s0008g04900,281,0.1362,WD-40 repeat protein (LEUNIG),LEUNIG_5,,vv30009Flower_development,vv60041LUG
434,VIT_16s0148g00010,278,0.1346,Receptor kinase homolog LRK10,,,,
435,VIT_17s0000g07370,276,0.1339,EDS1 (Enhanced disease susceptibility 1),EDS1,,vv30011Jasmonate_signaling,
436,VIT_04s0044g00810,272,0.1317,S-receptor kinase,,,,
437,VIT_16s0050g01340,272,0.1313,Retrovirus Pol polyprotein from transposon TNT 1-94,,,,
438,VIT_00s1897g00010,271,0.1306,Ribosomal protein L21,K02888,,vv23010Ribosome,
439,VIT_12s0028g03760,270,0.1305,UPF0497 family,,,,
440,VIT_01s0113g00480,267,0.1295,No hit,,,,
441,VIT_07s0095g00160,261,0.1263,Serine/threonine kinase BRLK,,,,
442,VIT_04s0044g00720,257,0.1242,S-receptor kinase,,,,
443,VIT_00s0125g00010,256,0.1235,No hit,,,,
444,VIT_03s0038g02310,253,0.1228,Myb domain protein 4,MYB4_6,MYB4A,vv60044MYB,
445,VIT_16s0050g00200,252,0.1213,HcrVf3 protein,K13466,,vv34626Plant-pathogen_interaction,
446,VIT_19s0014g04630,249,0.1209,S-locus protein kinase,,,,
447,VIT_00s0374g00040,248,0.1191,S-locus lectin protein kinase,,,,
448,VIT_01s0146g00490,248,0.1191,EMB2261 (embryo defective 2261),,,,
449,VIT_19s0015g00010,246,0.1183,ABC transporter C member 9,K05033,,vv52010ABC_transporters,
450,VIT_08s0007g01550,243,0.1181,Laccase,E1_10_3_2,,vv11000Single_reactions,vv50109Incompletely_characterized_transport_systems
451,VIT_07s0255g00060,242,0.1173,Prolyl oligopeptidase family,,,,
452,VIT_14s0108g00340,243,0.1172,Leucine Rich Repeat receptor-like kinase,,,,
453,VIT_16s0022g01660,240,0.1159,Receptor kinase homolog LRK10,,,,
454,VIT_18s0001g15020,239,0.1157,DnaJ homolog  subfamily A  member 4,K09505,,vv50132Primary_active_transporter_cat_A5_to_A8,
455,VIT_04s0069g00980,237,0.1149,WRKY DNA-binding protein 51,WRKY51_4,VvWRKY12,vv60066WRKY,
456,VIT_15s0021g01690,239,0.1148,Calcium-binding protein,,,,
457,VIT_18s0041g01110,232,0.1127,Pentatricopeptide (PPR) repeat-containing,,,,
458,VIT_06s0061g00110,229,0.1106,No hit,,,,
459,VIT_19s0177g00190,229,0.1105,No hit,,,,
460,VIT_03s0088g00750,225,0.1087,Pathogenesis related protein 1 precursor [Vitis vinifera],PRP1,,vv30011Jasmonate_signaling,vv34626Plant-pathogen_interaction
461,VIT_07s0255g00070,225,0.1085,VRN1 (reduced vernalization response 1),VRN1_4,,vv30009Flower_development,vv60001ABI3VP1
462,VIT_16s0098g00630,225,0.1082,BIN2 (brassinosteroid-insensitive 4),BIN4,,vv30005Brassinosteroids_signaling,
463,VIT_00s0407g00050,222,0.1074,No hit,,,,
464,VIT_10s0003g00800,220,0.1065,Unknown,,,,
465,VIT_05s0124g00190,220,0.1062,C2 domain-containing protein,,,,
466,VIT_00s0276g00020,218,0.1048,No hit,,,,
467,VIT_15s0045g00020,213,0.1033,No hit,,,,
468,VIT_15s0045g00540,213,0.1027,Vesicle coat complex COPII  subunit SEC23,K14006,,vv24141Protein_processing_in_endoplasmic_reticulum,vv50110Protein_coat
469,VIT_07s0095g00180,212,0.1027,S-receptor kinase 1,,,,
470,VIT_05s0049g00220,211,0.1017,2-oxoglutarate-dependent dioxygenase,,,,
471,VIT_05s0049g00990,209,0.1016,Metallothionein 2A,,,,
472,VIT_00s0455g00030,210,0.1012,EMB2744 (embryo defective 2744),,,,
473,VIT_13s0067g02580,207,0.1000,R protein MLA10,K13475,,vv34627R_proteins_from_Plant-pathogen_interaction,
474,VIT_16s0098g01700,206,0.0993,Epoxide hydrolase,E3_3_2_10,,,
475,VIT_18s0001g12670,206,0.0991,Pectinesterase family,E3_1_1_11,,vv40006Cell_wall,
476,VIT_05s0020g03220,204,0.0988,S-receptor kinase,,,,
477,VIT_16s0050g00180,203,0.0982,HcrVf1 protein,K13466,,vv34626Plant-pathogen_interaction,
478,VIT_03s0017g00660,201,0.0977,Nematode resistance-like protein,,,,
479,VIT_04s0023g02490,200,0.0964,Pentatricopeptide (PPR) repeat-containing,,,,
480,VIT_06s0004g06210,197,0.0960,CYP86A1,,,,
481,VIT_18s0041g01460,196,0.0947,Disease resistance protein (TIR-NBS-LRR class),,,,
482,VIT_16s0022g01070,184,0.0893,Chalcone synthase [Vitis vinifera],E2_3_1_74,,vv10941Flavonoid_biosynthesis,
483,VIT_18s0001g13540,184,0.0891,Glycine-rich protein,,,,
484,VIT_07s0151g00700,179,0.0868,EDA4 (embryo sac development arrest 4),EDA4,,vv50109Incompletely_characterized_transport_systems,
485,VIT_12s0178g00010,178,0.0866,PHP domain-containing protein,,,,
486,VIT_15s0024g01040,179,0.0866,Clathrin binding,,,,
487,VIT_10s0116g01710,179,0.0863,Galactosyltransferase family protein,E2_4_x_x,,,
488,VIT_00s0484g00020,177,0.0859,Receptor kinase ARK3,,,,
489,VIT_03s0110g00030,178,0.0857,Unknown,,,,
490,VIT_07s0005g04020,176,0.0852,Leucine Rich Repeat receptor-like kinase,,,,
491,VIT_01s0011g04420,176,0.0849,Unknown protein,,,,
492,VIT_18s0001g04590,173,0.0835,Binding,,,,
493,VIT_10s0003g03330,172,0.0829,Receptor-like serine-threonine protein kinase,,,,
494,VIT_08s0056g01280,171,0.0828,MIF4G domain-containing protein,,,,
495,VIT_12s0059g00210,169,0.0823,Epoxide hydrolase,E3_3_2_10,,,
496,VIT_03s0063g00880,169,0.0818,Calmodulin-binding protein,,,,
497,VIT_06s0004g04990,167,0.0811,Scarecrow transcription factor 14 (SCL14),SCL14_8,,vv60032GRAS,
498,VIT_02s0087g00060,168,0.0810,Alpha-glucosidase,E3_2_1_20,,vv10052Galactose_metabolism,vv10500Starch_and_sucrose_metabolism
499,VIT_13s0106g00190,165,0.0796,Ankyrin repeat,,,,
500,VIT_16s0050g00220,165,0.0793,Cofilin,K05765,,vv44810Regulation_of_actin_cytoskeleton,
501,VIT_09s0002g06960,162,0.0782,Arabidopsis histidine phosphotransfer AHP6b,AHP6,,vv30007Cytokinin_signaling,
502,VIT_11s0052g01500,161,0.0780,MATE efflux family protein,MATE,,vv50125Porters_cat_66_to_94,
503,VIT_05s0077g00230,159,0.0775,Tubulin alpha 4,K07374,,vv44145Phagosome,vv44810Regulation_of_actin_cytoskeleton
504,VIT_11s0016g00760,158,0.0762,Ubiquinone biosynthesis protein COQ9,,,,
505,VIT_12s0028g04020,155,0.0750,Ankyrin repeat,K10380,,vv50108Accessory_factors_involved_in_transport,
506,VIT_08s0105g00300,153,0.0745,Phospholipase C,E3_1_4_3,,vv10260Glycine_serine_and_threonine_metabolism,vv10562Inositol_phosphate_metabolism
507,VIT_14s0066g02600,151,0.0737,Unknown protein,,,,
508,VIT_16s0050g00010,150,0.0722,Receptor kinase homolog LRK14,,,,
509,VIT_17s0000g02950,149,0.0721,Glutathione S-transferase 25 GSTU7,E2_5_1_18_GSTU7,,vv10480Glutathione_metabolism,
510,VIT_09s0002g02830,148,0.0718,Light repressible receptor protein kinase,,,,
511,VIT_19s0093g00050,142,0.0690,R protein  PRF  disease resistance protein,K13453,,vv34627R_proteins_from_Plant-pathogen_interaction,
512,VIT_12s0055g00280,143,0.0689,UDP-glycosyltransferase 71A13,,,,
513,VIT_16s0098g00030,142,0.0685,Receptor kinase LRK10,,,,
514,VIT_04s0023g00330,140,0.0682,PIN5 (PIN-formed 5),PIN5,,vv50004Auxin_transport,vv50125Porters_cat_66_to_94
515,VIT_13s0067g02010,141,0.0682,No hit,,,,
516,VIT_10s0071g00460,141,0.0682,Zfwd2 protein (ZFWD2),ZFWD2_2,,vv60018C3H,
517,VIT_06s0061g00230,140,0.0676,ABC transporter G member 7,ABCG7,,vv52010ABC_transporters,
518,VIT_10s0092g00180,139,0.0675,DEGP7 (DEGP protease 7),E3_4_21_107,,,
519,VIT_07s0104g01030,139,0.0673,Serine/threonine-protein phosphatase BSL1,K04382,,vv23015mRNA_surveillance_pathway,vv34020Calcium_signaling_pathway
520,VIT_06s0080g01020,138,0.0663,Secoisolariciresinol dehydrogenase,SIRD,,vv10940Phenylpropanoid_biosynthesis,
521,VIT_04s0043g00260,136,0.0658,No hit,,,,
522,VIT_18s0072g00580<br>VIT_11s0065g00040,136,0.0658,
523,VIT_14s0006g00600,134,0.0649,No hit,,,,
524,VIT_04s0023g02080,132,0.0641,Bifunctional dihydrofolate reductase-thymidylate synthase 1,K13998,,vv10240Pyrimidine_metabolism,vv10670One_carbon_pool_by_folate
525,VIT_03s0017g01320,131,0.0638,ABC transporter G member 7,ABCG7,,vv52010ABC_transporters,
526,VIT_15s0021g00490,130,0.0632,No hit,,,,
527,VIT_05s0094g01020,131,0.0629,Indole-3-acetate beta-glucosyltransferase,E2_4_1_121,,vv11002Auxin_biosynthesis,
528,VIT_13s0084g00480,130,0.0625,No hit,,,,
529,VIT_00s0269g00070,130,0.0624,No hit,,,,
530,VIT_08s0058g01260,129,0.0623,No hit,,,,
531,VIT_04s0008g07350,128,0.0622,No hit,,,,
532,VIT_03s0038g01840,128,0.0619,Proline-rich protein 4,,,,
533,VIT_18s0001g06480,125,0.0605,Aquaporin PIP PIP1;4,PIP1_4,,vv50101Channels_and_pores,
534,VIT_00s0441g00020<br>VIT_00s0525g00020,124,0.0601,
535,VIT_04s0023g01060,124,0.0598,Proton gradient regulation 3,PGR3,,,
536,VIT_04s0023g02980,123,0.0598,Pectinesterase family,E3_1_1_11,,vv40006Cell_wall,
537,VIT_19s0014g00440,124,0.0597,PMR5 (powdery mildew resistant 5),,,,
538,VIT_17s0000g02450,122,0.0592,Tubulin beta-6,K07375,,vv44145Phagosome,vv44810Regulation_of_actin_cytoskeleton
539,VIT_17s0000g05360,120,0.0581,Germin,,,,
540,VIT_04s0008g01860,120,0.0579,CYP72A58,K13400,,vv10902Monoterpenoid_biosynthesis,
541,VIT_14s0083g00850,119,0.0577,Lipase GDSL 7,,,,
542,VIT_18s0001g15230,117,0.0565,Unknown,,,,
543,VIT_02s0033g01050,117,0.0564,Anthraniloyal-CoA: methanol anthraniloyal transferase,AMAT,,vv10400Phenylalanine_tyrosine_and_tryptophan_biosynthesis,
544,VIT_16s0098g00010,116,0.0559,Receptor-like protein kinase,,,,
545,VIT_18s0001g09020,115,0.0558,Exo70 exocyst complex subunit G1,EXO70G1,,vv50111Tethering_factors,
546,VIT_13s0158g00170,114,0.0555,R protein MLA10,K13475,,vv34627R_proteins_from_Plant-pathogen_interaction,
547,VIT_15s0046g03530,115,0.0554,(+)-neomenthol dehydrogenase,E1_1_1_208,,vv10902Monoterpenoid_biosynthesis,
548,VIT_14s0036g01370,114,0.0552,No hit,,,,
549,VIT_07s0104g00170,114,0.0552,Glutamine synthetase,E6_3_1_2,,vv10251Glutamate_metabolism,vv10550Peptidoglycan_biosynthesis
550,VIT_06s0009g00650,111,0.0539,PDE247 (pigment defective 247),,,,
551,VIT_12s0057g01130,112,0.0538,R protein disease resistance protein,RPROT,,vv34627R_proteins_from_Plant-pathogen_interaction,
552,VIT_03s0097g00510,112,0.0538,Oligopeptide transporter OPT4,OPT4,,vv50125Porters_cat_66_to_94,
553,VIT_18s0001g06920,111,0.0535,TRNA-guanine transglycosylase,E2_4_2_29,,vv10230Purine_metabolism,
554,VIT_07s0095g00010,108,0.0519,S-receptor kinase 1,,,,
555,VIT_12s0121g00130,107,0.0518,No hit,,,,
556,VIT_16s0148g00020,108,0.0517,Ser/Thr receptor-like kinase1,,,,
557,VIT_19s0015g02390,106,0.0515,No hit,,,,
558,VIT_12s0057g00370,106,0.0509,Polygalacturonase PGA3,E3_2_1_15,,vv40006Cell_wall,
559,VIT_04s0044g01080,103,0.0498,Pentatricopeptide (PPR) repeat,,,,
560,VIT_05s0077g01590,102,0.0492,Major allergen Mal d 1,,,,
561,VIT_01s0010g00150,101,0.0487,No hit,,,,
562,VIT_18s0001g14610,100,0.0483,Clavata1 receptor kinase (CLV1),,,,
563,VIT_15s0046g02180,100,0.0481,Pentatricopeptide (PPR) repeat-containing protein,,,,
564,VIT_16s0039g02330,98,0.0473,Unknown,,,,
565,VIT_13s0047g01010,97,0.0468,R protein MLA10,K13475,,vv34627R_proteins_from_Plant-pathogen_interaction,
566,VIT_19s0015g00250,92,0.0443,Zinc transporter ZIP11,ZIP11,,vv50121Porters_cat_1_to_6,
567,VIT_07s0151g01040,92,0.0442,Ent-kaurene synthase A  chloroplast precursor,E5_5_1_13,,vv10904Diterpenoid_biosynthesis,
568,VIT_16s0098g01670,90,0.0436,Ribosomal protein L9,K02939,,vv23010Ribosome,
569,VIT_02s0012g00390,90,0.0434,Norcoclaurine synthase,E4_2_1_78,,vv10950Alkaloid_biosynthesis_I,
570,VIT_15s0045g00530,89,0.0434,DNA replication factor C complex subunit 3,K10756,,vv23030DNA_replication,vv23420Nucleotide_excision_repair
571,VIT_04s0008g05110,89,0.0430,Unknown,,,,
572,VIT_06s0004g08250,88,0.0423,Leucine-rich repeat transmembrane protein kinase  putative,,,,
573,VIT_03s0017g00250,85,0.0412,No hit,,,,
574,VIT_05s0094g00560,85,0.0412,Stearoyl-ACP desaturase,E1_14_19_2,,vv11040Biosynthesis_of_unsaturated_fatty_acids,
575,VIT_02s0025g00400,84,0.0407,D111/G-patch domain-containing protein,,,,
576,VIT_18s0089g00670,82,0.0397,No hit,,,,
577,VIT_06s0080g00570,80,0.0387,Unknown protein,,,,
578,VIT_11s0052g01490,80,0.0387,Myb domain protein 36,MYB36_3,MYB151,vv60044MYB,
579,VIT_11s0118g00040,80,0.0385,Receptor Like Protein 9,,,,
580,VIT_11s0037g00870,76,0.0367,AP2-like ethylene-responsive transcription factor,AP2_1,VvAP2-01,vv30008Ethylene_signaling,vv60003AP2_EREBP
581,VIT_06s0004g07640,75,0.0362,Pentatricopeptide (PPR) repeat-containing protein,,,,
582,VIT_16s0039g01150<br>VIT_00s0258g00070<br>VIT_00s0258g00060<br>VIT_00s0425g00020<br>VIT_16s0148g00150,74,0.0356,
583,VIT_18s0089g00650,73,0.0354,CF4,K13470,,vv34626Plant-pathogen_interaction,
584,VIT_16s0013g01970,73,0.0353,Pleckstrin homology (PH) domain-containing,,,,
585,VIT_15s0046g00890,73,0.0353,No hit,,,,
586,VIT_00s0246g00020,73,0.0352,No hit,,,,
587,VIT_12s0055g00910,72,0.0348,Kelch repeat-containing F-box protein,,,,
588,VIT_04s0044g00260,70,0.0340,No hit,,,,
589,VIT_01s0011g00190,66,0.0320,Brassinosteroid-6-oxidase [Vitis vinifera],K09590,,vv10905Brassinosteroid_biosynthesis,
590,VIT_09s0002g05310,66,0.0319,2-oxoglutarate-dependent dioxygenase,,,,
591,VIT_07s0031g01780,66,0.0316,TRNA-histidine guanylyltransferase,,,,
592,VIT_12s0055g00500,65,0.0313,Lectin-like receptor kinase 7;2,,,,
593,VIT_13s0047g00740,63,0.0306,Disease resistance protein (NBS class),,,,
594,VIT_08s0032g00790,63,0.0305,ABC transporter G member 4,K05680,,vv52010ABC_transporters,
595,VIT_00s0456g00020,62,0.0298,S-locus lectin protein kinase,,,,
596,VIT_18s0001g10330,62,0.0298,Subtilisin protease,ARA12,,vv50101Channels_and_pores,
597,VIT_09s0070g00140,61,0.0296,CBL-interacting protein kinase 6 (CIPK6),,,,
598,VIT_14s0060g02470,61,0.0296,Unknown,,,,
599,VIT_02s0012g00970,61,0.0295,Cu2+-exporting ATPase HMA5 (heavy metal ATPase 5),K01533_HMA5,,vv50131Primary_active_transporter_cat_A2_to_A4,vv60093TRAF
600,VIT_14s0081g00750,60,0.0289,No hit,,,,
601,VIT_11s0052g01730,58,0.0279,1-deoxy-D-xylulose-5-phosphate synthase,E2_2_1_7,,vv10100Biosynthesis_of_steroids,
602,VIT_02s0025g04620,57,0.0276,Phospholipase D beta 1,PLDB1,,vv10564Glycerophospholipid_metabolism,vv10565Ether_lipid_metabolism
603,VIT_00s0541g00010,57,0.0274,Unknown,,,,
604,VIT_05s0094g00380,55,0.0267,Glycine-rich RNA-binding protein 4,GRP4,,,
605,VIT_19s0014g04140,55,0.0266,S-locus protein kinase,,,,
606,VIT_14s0060g00510,55,0.0266,TPA: class III peroxidase 70 precursor,E1_11_1_7,,vv10360Phenylalanine_metabolism,vv10680Methane_metabolism
607,VIT_10s0092g00040,54,0.0263,Toprim domain-containing protein,,,,
608,VIT_08s0040g02270,54,0.0262,No hit,,,,
609,VIT_07s0005g05140,53,0.0257,Zinc finger (HIT type) family protein,ZFHIT_2,,vv60080Other_zf,
610,VIT_19s0014g04610,52,0.0252,No hit,,,,
611,VIT_05s0020g04360,52,0.0251,Ca2+-ATPase 13 ACA13  plasma membrane,K01537,,vv34020Calcium_signaling_pathway,vv50131Primary_active_transporter_cat_A2_to_A4
612,VIT_08s0007g05360,51,0.0248,Strictosidine synthase,E4_3_3_2,,vv10900Terpenoid_biosynthesis,vv10902Monoterpenoid_biosynthesis
613,VIT_08s0032g00850,51,0.0245,No hit,,,,
614,VIT_06s0004g01600,50,0.0242,No hit,,,,
615,VIT_15s0046g01570,49,0.0235,Acidic endochitinase (CHIB1),E3_2_1_14,,vv10530Aminosugars_metabolism,
616,VIT_09s0018g01340<br>VIT_09s0018g01360,47,0.0227,
617,VIT_05s0020g02950,47,0.0227,Deoxyribose-phosphate aldolase 2,E4_1_2_4,,vv10030Pentose_phosphate,
618,VIT_05s0094g00580,47,0.0227,Stearoyl-CoA 9-desaturase,E1_14_19_1,,vv11040Biosynthesis_of_unsaturated_fatty_acids,
619,VIT_14s0060g00730,46,0.0222,Galactinol synthase,E2_4_1_123,,vv10052Galactose_metabolism,
620,VIT_00s0547g00010,45,0.0218,S-locus lectin protein kinase,,,,
621,VIT_14s0108g00560,45,0.0217,Ankyrin repeat,ANKYRIN_CCCH,,vv50108Accessory_factors_involved_in_transport,vv60018C3H
622,VIT_04s0008g00150,44,0.0213,NAC domain containing protein 36,NAC036_1,VvNAC04,vv60046NAC,
623,VIT_03s0063g00820,44,0.0212,Carboxyesterase 12; CXE12,E3_1_1_1,,,
624,VIT_01s0026g01090,43,0.0208,Unknown,,,,
625,VIT_05s0077g00260,43,0.0207,Transducin protein,,,,
626,VIT_15s0048g01900,42,0.0203,Unknown protein,,,,
627,VIT_00s0824g00020,41,0.0199,Basic helix-loop-helix (bHLH) family,BHLHDOM_58,,vv60011BHLH,
628,VIT_17s0000g06290,41,0.0198,Lipase GDSL,,,,
629,VIT_01s0146g00210,41,0.0198,Auxin responsive SAUR protein,SAUR,,vv30003Auxin_signaling,
630,VIT_12s0178g00060,41,0.0198,Diacylglycerol kinase 2,E2_7_1_107,,vv10561Glycerolipid_metabolism,vv10564Glycerophospholipid_metabolism
631,VIT_18s0117g00400,40,0.0194,TIR-NBS-LRR-TIR disease resistance protein,,,,
632,VIT_01s0010g01350,40,0.0194,ADP-glucose pyrophosphorylase large subunit CagpL2,E2_7_7_27,,vv10500Starch_and_sucrose_metabolism,
633,VIT_10s0003g02260,40,0.0192,Naringenin 2-oxoglutarate 3-dioxygenase,E1_14_11_9,,vv10941Flavonoid_biosynthesis,
634,VIT_18s0089g00380,40,0.0192,Carboxyesterase18 CXE18,E3_1_1_1,,,
635,VIT_13s0019g03700,39,0.0189,Lateral organ boundaries protein 1,LBD1_8,,vv60007AS2,
636,VIT_11s0052g00140,39,0.0189,Mannosyl-oligosaccharide 1 2-alpha-mannosidase,E3_2_1_113,,vv10510N-Glycan_biosynthesis,vv11030Glycan_structures-biosynthesis1
637,VIT_08s0007g06060,39,0.0189,Beta 1-3 glucanase,E3_2_1_6,,,
638,VIT_10s0003g04770,38,0.0183,Leucine-rich repeat transmembrane protein kinase,,,,
639,VIT_13s0106g00420,37,0.0179,Metalloendopeptidase,,,,
640,VIT_06s0004g03100,37,0.0179,MLO1,K08472,,,
641,VIT_13s0084g00130,37,0.0179,CXE carboxylesterase,E3_1_1_1,,,
642,VIT_05s0077g01420,37,0.0179,Unknown protein,,,,
643,VIT_09s0002g03020,37,0.0179,FRK1 (FLG22-induced receptor-like kinase 1),FRK1,,vv34626Plant-pathogen_interaction,
644,VIT_12s0035g00800,37,0.0178,DEAH (Asp-Glu-Ala-His) box polypeptide 36,DHX36,,vv23040Spliceosome,
645,VIT_03s0088g00780,37,0.0178,Pathogenesis-related protein 1 precursor (PRP 1),PRP1,,vv30011Jasmonate_signaling,vv34626Plant-pathogen_interaction
646,VIT_17s0000g03510,36,0.0175,Serine/threonine kinase BRLK,,,,
647,VIT_16s0050g02120,36,0.0174,HcrVf3 protein,,,,
648,VIT_01s0010g03340,36,0.0173,DNA binding protein,,,,
649,VIT_15s0046g02540,36,0.0173,EMB2758 (embryo defective 2758),,,,
650,VIT_19s0027g01070,36,0.0173,R protein disease resistance protein,RPROT,,vv34627R_proteins_from_Plant-pathogen_interaction,
651,VIT_12s0134g00490,35,0.0169,Myb domain protein 14,MYB14_1,MYB138,vv60044MYB,
652,VIT_13s0047g00370,35,0.0168,Enoyl-CoA hydratase,E4_2_1_17,vv10650Butanoate_metabolism,vv10062Fatty_acid_elongation_in_mitochondria,vv10071Fatty_acid_metabolism
653,VIT_13s0019g05010,35,0.0168,Nodulin-like protein,,,,
654,VIT_07s0005g06130,34,0.0165,Heat shock cognate 70 kDa protein 1 (HSC70-1) (HSP70-1),HSC701,,vv23040Spliceosome,vv24141Protein_processing_in_endoplasmic_reticulum
655,VIT_03s0017g01040,34,0.0164,Cis-zeatin O-beta-D-glucosyltransferase,E2_4_1_215,,vv10908Zeatin_biosynthesis,
656,VIT_02s0012g01990,34,0.0164,4-hydroxyphenylpyruvate dioxygenase,E1_13_11_27,,vv10350Tyrosine_metabolism,vv10360Phenylalanine_metabolism
657,VIT_07s0095g00590,33,0.0159,ATATH7 (ABC2 homolog 7),ATH7,,vv52010ABC_transporters,
658,VIT_09s0018g00260,33,0.0159,No hit,,,,
659,VIT_12s0034g00640,33,0.0159,GH3-like protein,AUXINBIOSYNTHESIS_GH3,,vv11002Auxin_biosynthesis,
660,VIT_08s0007g00890,32,0.0155,Tropinone reductase,E1_1_1_206,,vv10220Urea_cycle_and_metabolism_of_amino_groups,
661,VIT_07s0031g02950,32,0.0155,Ammonium transporter 2,AMT2,,vv50101Channels_and_pores,
662,VIT_01s0026g02360,32,0.0154,NAC domain-containing protein 9,NAC009_2,VvNAC27,vv60046NAC,
663,VIT_07s0005g04550,31,0.0150,Brix domain-containing protein,,,,
664,VIT_04s0008g04870,31,0.0150,flavin monooxygenase-like protein,E1_14_13_8,,vv11000Single_reactions,
665,VIT_16s0022g01790,31,0.0150,Histone deacetylase complex  SIN3 component -like 2 SNL2,SNL2,,vv44110Cell_cycle,
666,VIT_14s0068g00490,31,0.0150,UDP-glucuronosyl/UDP-glucosyltransferase,E2_4_1_17,,vv10040Pentose_glucuronate_interconversion,vv10500Starch_and_sucrose_metabolism
667,VIT_09s0002g00700,31,0.0149,Dormancy/auxin associated protein,DRM3,,vv30003Auxin_signaling,
668,VIT_06s0009g00190,30,0.0144,No hit,,,,
669,VIT_14s0083g01180,29,0.0141,Unknown protein,,,,
670,VIT_14s0066g00620,29,0.0141,Chitinase  class III,E3_2_1_14,,vv10530Aminosugars_metabolism,
671,VIT_16s0148g00210,29,0.0140,Receptor kinase homolog LRK10,,,,
672,VIT_08s0007g07980,29,0.0139,Arabinogalactan protein 23 AGP23,AGP23,,vv40006Cell_wall,
673,VIT_18s0001g15340,28,0.0135,Pentatricopeptide (PPR) repeat-containing protein,,,,
674,VIT_17s0053g00710,28,0.0135,Calcium-dependent protein kinase,,,,
675,VIT_07s0095g00720,27,0.0131,Heat shock protein 81-4 (HSP81-4),K04079,,vv24141Protein_processing_in_endoplasmic_reticulum,vv34626Plant-pathogen_interaction
676,VIT_00s0342g00010,27,0.0130,GHMP kinase,,,,
677,VIT_01s0011g05740,26,0.0126,UDP-3-O-acyl N-acetylglycosamine deacetylase,K02535,,vv10540Lipopolysaccharide_biosynthesis,
678,VIT_16s0050g00920,25,0.0121,MATE efflux family protein,MATE,,vv50125Porters_cat_66_to_94,
679,VIT_04s0008g00440,25,0.0121,Clavata1 receptor kinase (CLV1),,,,
680,VIT_12s0121g00340,25,0.0121,No hit,,,,
681,VIT_05s0029g00550,25,0.0120,HEAT repeat-containing protein,,,,
682,VIT_10s0003g00840,25,0.0120,No hit,,,,
683,VIT_12s0059g00410,24,0.0116,TAFII59 (TATA box associated factor II 59),K03131,,vv23022Basal_transcription_factors,
684,VIT_04s0008g00410,24,0.0116,Clavata1 receptor kinase (CLV1),,,,
685,VIT_19s0014g01180,24,0.0116,Pathogenesis-related,,,,
686,VIT_13s0067g03080,24,0.0116,Pentatricopeptide repeat protein,,,,
687,VIT_01s0244g00180,24,0.0116,CTV.20,,,,
688,VIT_18s0041g00570,24,0.0115,Proton-dependent oligopeptide transport (POT) family protein,POT,,vv50122Porters_cat_7_to_17,
689,VIT_00s0194g00340,23,0.0111,No hit,,,,
690,VIT_19s0015g02280,23,0.0111,Ankyrin repeat,K10380,,,
691,VIT_06s0009g01120,23,0.0111,Pentatricopeptide (PPR) repeat,,,,
692,VIT_14s0006g02660,22,0.0107,Receptor serine/threonine kinase PR5K-l,,,,
693,VIT_00s0780g00040,22,0.0107,RGLG2 (ring Domain LIGASE2),RGLG2,,vv50004Auxin_transport,
694,VIT_17s0000g08110,22,0.0107,Nodulin MtN3,,,,
695,VIT_05s0029g01520,22,0.0107,Seven in absentia SINA4,K04506,,vv24120Ubiquitin_mediated_proteolysis,
696,VIT_12s0059g01870,22,0.0106,GH3-like protein,AUXINBIOSYNTHESIS_GH3,,vv11002Auxin_biosynthesis,
697,VIT_10s0003g00780,22,0.0106,Glutamate receptor 3.4,GLR3_4,,vv50101Channels_and_pores,
698,VIT_16s0039g01670,22,0.0106,Cinnamoyl-CoA reductase,E1_2_1_44,,vv10940Phenylpropanoid_biosynthesis,
699,VIT_09s0002g06900,22,0.0106,NtEIG-A1,,,,
700,VIT_14s0006g02570,21,0.0102,Protease inhibitor/seed storage/lipid transfer protein (LTP),,,,
701,VIT_11s0118g00080,21,0.0101,Disease resistance protein,,,,
702,VIT_03s0132g00050,21,0.0101,ATHVA22A (Arabidopsis thaliana HVA22 homologue A),HVA22A,,vv30001ABA_signaling,
703,VIT_18s0086g00450,20,0.0097,No hit,,,,
704,VIT_18s0001g09590,20,0.0097,Zinc finger protein 4,ZFP4_3,,vv60017C2H2,
705,VIT_13s0139g00160,20,0.0097,Golgin candidate 6,GOLGINC6,,vv50109Incompletely_characterized_transport_systems,
706,VIT_08s0105g00420,20,0.0097,Unknown,,,,
707,VIT_12s0057g01460,20,0.0096,Steroid 22-alpha-hydroxylase,K09587,,vv10905Brassinosteroid_biosynthesis,
708,VIT_15s0046g01140,20,0.0096,WRKY DNA-binding protein 53,WRKY53_3,VvWRKY47,vv60066WRKY,
709,VIT_19s0015g02130,19,0.0092,Ankyrin repeat,,,,
710,VIT_06s0061g00820,19,0.0092,PHD finger transcription factor,PHDFG_30,,vv60048PHD,
711,VIT_18s0001g05970,19,0.0092,No hit,,,,
712,VIT_00s0558g00020,19,0.0092,LINC4 (little nuclei4),,,,
713,VIT_01s0137g00030,19,0.0091,ATA1 (Arabidopsis TAPETUM 1),,,,
714,VIT_00s0332g00090,19,0.0091,Unknown protein,,,,
715,VIT_19s0014g04110,19,0.0091,Elongation factor 1-alpha (EF-1-alpha),K03231,,vv23013RNA_transport,
716,VIT_00s0187g00010,18,0.0087,No hit,,,,
717,VIT_14s0066g01520,18,0.0087,UDP-glucoronosyl and UDP-glucosyl transferase,,,,
718,VIT_06s0004g07870,18,0.0087,CBL-interacting protein kinase 16,,,,
719,VIT_17s0000g01180,18,0.0087,Unknown protein,,,,
720,VIT_02s0025g00850,17,0.0082,Lactoylglutathione lyase,E4_4_1_5,,vv10620Pyruvate_metabolism,
721,VIT_07s0185g00130,17,0.0082,MAP kinase phosphatase 1,,,,
722,VIT_00s0186g00010,17,0.0082,Hexaprenyldihydroxybenzoate methyltransferase,E2_1_1_114,,vv10130Ubiquinone_biosynthesis,
723,VIT_02s0025g01620,17,0.0082,Lipase GDSL,,,,
724,VIT_03s0017g01070,17,0.0081,CYP86C2,,,,
725,VIT_01s0010g01050,16,0.0078,TUBBY like protein 3 TLP3,TLP3_5,,vv60063TUB,
726,VIT_19s0014g04620,16,0.0078,S-locus receptor kinase,,,,
727,VIT_00s0317g00110,16,0.0078,Esterase/lipase/thioesterase,,,,
728,VIT_02s0025g03960,16,0.0077,TET10 (tetraspanin10),,,,
729,VIT_15s0046g00520,16,0.0077,Wax synthase,E2_3_1_75,,vv11000Single_reactions,
730,VIT_12s0142g00700,16,0.0077,MEKK1,K04416,,vv24120Ubiquitin_mediated_proteolysis,vv34626Plant-pathogen_interaction
731,VIT_18s0122g00780,15,0.0073,Inorganic phosphate transporter,PHT1_9,,vv50121Porters_cat_1_to_6,
732,VIT_09s0002g02180,15,0.0073,Tubulin beta-5 chain,K07375,,vv44145Phagosome,vv44810Regulation_of_actin_cytoskeleton
733,VIT_18s0122g01260,15,0.0073,Protein kinase 1B,,,,
734,VIT_05s0051g00120,15,0.0073,N-6 Adenine-specific DNA methylase,E2_1_1_72,,vv10271Methionine_metabolism,
735,VIT_13s0019g03710,15,0.0073,Lateral organ boundaries protein 1,LBD1_7,,vv60007AS2,
736,VIT_18s0041g01400,15,0.0072,TIR-NBS-LRR-TIR disease resistance protein,,,,
737,VIT_04s0008g00340,15,0.0072,Clavata1 receptor kinase (CLV1),,,,
738,VIT_03s0038g04030,15,0.0072,Pentatricopeptide (PPR) repeat-containing,,,,
739,VIT_06s0004g05710,15,0.0072,Glutathione S-transferase GSTU7,E2_5_1_18_GSTU7,,vv10480Glutathione_metabolism,
740,VIT_18s0001g08690,13,0.0063,Unknown,,,,
741,VIT_06s0009g02450,13,0.0063,Integrase,,,,
742,VIT_02s0087g01010,13,0.0063,CRK10 (cysteine-rich RLK10),,,,
743,VIT_12s0142g00790,13,0.0063,No hit,,,,
744,VIT_08s0056g00650,13,0.0063,No hit,,,,
745,VIT_13s0019g01270,13,0.0063,Phytoene synthase,E2_5_1_32,,vv10100Biosynthesis_of_steroids,vv10900Terpenoid_biosynthesis
746,VIT_14s0108g01080,13,0.0063,Myb domain protein 106,MYB106_2,MYB141,vv60044MYB,
747,VIT_03s0132g00100,13,0.0063,ATHVA22A (Arabidopsis thaliana HVA22 homologue A),HVA22A,,vv30001ABA_signaling,
748,VIT_12s0059g01950,13,0.0063,Pentatricopeptide (PPR) repeat-containing protein,,,,
749,VIT_19s0015g02210,13,0.0063,Ankyrin repeat protein,,,,
750,VIT_14s0006g00410,12,0.0059,Binding,,,,
751,VIT_09s0054g00080,12,0.0058,Hcr2-p2,,,,
752,VIT_16s0013g00130,12,0.0058,GTP-binding protein HSR1,,,,
753,VIT_03s0180g00250,12,0.0058,Cinnamyl alcohol dehydrogenase,E1_1_1_195,,vv10940Phenylpropanoid_biosynthesis,
754,VIT_09s0002g09250,12,0.0058,CYP82A2,,,,
755,VIT_06s0080g00230,12,0.0058,Unknown protein,,,,
756,VIT_00s0222g00120,12,0.0058,Disease resistance protein (CC-NBS-LRR class),,,,
757,VIT_16s0013g00900,12,0.0058,Ethylene-responsive transcription factor ERF105,ERF105_5,VvERF079,vv30008Ethylene_signaling,vv60003AP2_EREBP
758,VIT_08s0032g00940,12,0.0058,DnaJ homolog  subfamily A  member 2,K09503,,vv50132Primary_active_transporter_cat_A5_to_A8,
759,VIT_10s0003g01250,12,0.0058,Pollen Ole e 1 allergen and extensin,,,,
760,VIT_07s0005g06110,12,0.0058,Pore-forming toxin-like protein Hfr-2,HFR2,,vv50101Channels_and_pores,
761,VIT_18s0164g00010,12,0.0058,Unknown protein,,,,
762,VIT_15s0048g02720,11,0.0054,fatty acid elongase,E2_3_1_41,,vv10061Fatty_acid_biosynthesis,
763,VIT_18s0075g00690,10,0.0048,flavin-containing monooxygenase,E1_14_13_8,,vv11000Single_reactions,
764,VIT_18s0166g00260,10,0.0048,No hit,,,,
765,VIT_11s0118g00160,10,0.0048,Disease resistance protein,,,,
766,VIT_03s0110g00110<br>VIT_00s0344g00020<br>VIT_00s1871g00010,10,0.0048,
767,VIT_03s0017g00970,10,0.0048,No hit,,,,
768,VIT_03s0038g04680,10,0.0048,Isoflavone reductase Bet v 6.0101,E1_3_1_45,,vv10943Isoflavonoid_biosynthesis,
769,VIT_02s0087g00030,10,0.0048,Alpha-glucosidase,E3_2_1_20,,vv10052Galactose_metabolism,vv10500Starch_and_sucrose_metabolism
770,VIT_00s1380g00010,9,0.0044,Pentatricopeptide (PPR) repeat-containing protein,,,,
771,VIT_02s0087g00260,9,0.0044,RPD1 (root primordium defective 1),,,,
772,VIT_10s0116g00410,9,0.0044,Gibberellin 2-beta-dioxygenase 7,E1_14_11_13,,vv10904Diterpenoid_biosynthesis,
773,VIT_00s0125g00080,9,0.0044,No hit,,,,
774,VIT_00s0179g00370,9,0.0044,ESCRT-I complex subunit TSG101,VPS23,,vv50111Tethering_factors,
775,VIT_16s0013g01780,9,0.0044,Derlin-1,K11519,,vv24141Protein_processing_in_endoplasmic_reticulum,vv50133Primary_active_transporter_cat_A9_to_A18
776,VIT_10s0003g00450,9,0.0044,No hit,,,,
777,VIT_14s0171g00200,9,0.0044,Unknown,,,,
778,VIT_16s0098g01590,9,0.0044,Calcium-binding protein,,,,
779,VIT_01s0146g00510,9,0.0044,Zinc finger (C3HC4-type ring finger),ZFC3HC4_180,,vv60078Other_zf-C3HC4,
780,VIT_17s0000g08470,9,0.0044,Carbonic anhydrase,E4_2_1_1,,vv10910Nitrogen_metabolism,vv50124Porters_cat_30_to_64
781,VIT_07s0095g00140,9,0.0044,No hit,,,,
782,VIT_17s0000g03370,9,0.0044,Calmodulin-binding protein,K02183,,vv34020Calcium_signaling_pathway,vv34626Plant-pathogen_interaction
783,VIT_10s0003g04870,9,0.0044,Receptor kinase TRKe,,,,
784,VIT_02s0025g02960,9,0.0044,Naringenin 2-oxoglutarate 3-dioxygenase,E1_14_11_9,,vv10941Flavonoid_biosynthesis,
785,VIT_04s0008g03370,9,0.0044,YebC,,,,
786,VIT_03s0167g00190,9,0.0043,CYP714A1,,,,
787,VIT_05s0029g01430,9,0.0043,Ankyrin,K10380,,vv50108Accessory_factors_involved_in_transport,
788,VIT_15s0046g02110,9,0.0043,Late embryogenesis abundant protein Lea14-A,,,,
789,VIT_17s0000g09660,9,0.0043,No hit,,,,
790,VIT_10s0092g00470,9,0.0043,SHR5-receptor-like kinase,,,,
791,VIT_15s0046g00650,9,0.0043,Wax synthase,E2_3_1_75,,vv11000Single_reactions,
792,VIT_14s0060g00150,9,0.0043,Nectarin-1NECI,,,,
793,VIT_00s0179g00220,9,0.0043,Pentatricopeptide repeat,,,,
794,VIT_09s0054g00420,9,0.0043,Translocon-associated protein beta TRAP complex,K13250,,vv24141Protein_processing_in_endoplasmic_reticulum,vv50133Primary_active_transporter_cat_A9_to_A18
795,VIT_13s0064g00520,9,0.0043,furcatin hydrolase,E3_2_1_161,,,
796,VIT_15s0046g01700,9,0.0043,Chitinase  class III,E3_2_1_14,,vv10530Aminosugars_metabolism,
797,VIT_01s0010g03190,9,0.0043,No hit,,,,
798,VIT_16s0098g00860,7,0.0034,Flavanone 3-hydroxylase,E1_14_11_9,,vv10941Flavonoid_biosynthesis,
799,VIT_04s0023g03160,7,0.0034,Unknown protein,,,,
800,VIT_19s0090g00790,7,0.0034,F-box family protein,,,,
801,VIT_09s0002g03070,7,0.0034,FRK1 (FLG22-induced receptor-like kinase 1),FRK1,,vv34626Plant-pathogen_interaction,
802,VIT_18s0001g14930,7,0.0034,Unknown protein,,,,
803,VIT_01s0010g03230,7,0.0034,HcrVf1 protein,,,,
804,VIT_02s0109g00430,6,0.0029,Nitrilase 4 (NIT4),K13035,,vv10910Nitrogen_metabolism,
805,VIT_12s0055g00160,6,0.0029,UDP-glycosyltransferase 71E1,E2_4_1_17,,vv10040Pentose_glucuronate_interconversion,vv10500Starch_and_sucrose_metabolism
806,VIT_09s0002g04310,6,0.0029,Rho guanyl-nucleotide exchange factor ROPGEF8,ROPGEF8,,,
807,VIT_15s0048g01790,6,0.0029,Dimethyladenosine transferase,K02528,,,
808,VIT_01s0011g01840,6,0.0029,No hit,,,,
809,VIT_03s0038g01300,6,0.0029,Auxin-induced SAUR,SAUR,,vv30003Auxin_signaling,
810,VIT_12s0059g01110<br>VIT_03s0038g00190,6,0.0029,
811,VIT_16s0039g00930,6,0.0029,CYP89A5,,,,
812,VIT_00s0245g00030,6,0.0029,Integral membrane family protein,,,,
813,VIT_09s0002g03870,6,0.0029,RPS5 (resistant to p. syringae 5),K13460,,vv34627R_proteins_from_Plant-pathogen_interaction,
814,VIT_19s0014g04580,6,0.0029,S-locus protein kinase,,,,
815,VIT_14s0006g02990,6,0.0029,3-ketoacyl-CoA synthase,,,,
816,VIT_16s0013g01220,6,0.0029,Receptor kinase homolog LRK10,,,,
817,VIT_01s0011g04760,6,0.0029,Myb domain protein 4,MYB4_2,MYBC2-L1,vv60044MYB,
818,VIT_19s0027g00030,6,0.0029,CYP72A59,K13400,,vv10902Monoterpenoid_biosynthesis,
819,VIT_17s0000g06770,6,0.0029,Pentatricopeptide (PPR) repeat-containing protein,,,,
820,VIT_05s0049g00300,6,0.0029,1-aminocyclopropane-1-carboxylate oxidase homolog 1,E1_14_17_4,,vv10640Propanoate_metabolism,vv30008Ethylene_signaling
821,VIT_12s0034g01230,6,0.0029,Thaumatin ATLP-1,,,,
822,VIT_18s0001g12590,6,0.0029,No hit,,,,
823,VIT_00s0286g00040,6,0.0029,S-locus protein kinase,,,,
824,VIT_18s0075g00820,6,0.0029,Histone acetyltransferase HAC1,HAC1_2,,vv60060TAZ,
825,VIT_14s0081g00400<br>VIT_14s0081g00390<br>VIT_14s0081g00420<br>VIT_14s0081g00370,6,0.0029,
826,VIT_06s0009g02690,6,0.0029,Kinesin family member 2/24,K10393,,vv44810Regulation_of_actin_cytoskeleton,
827,VIT_17s0000g09710,6,0.0029,Leucine-rich repeat transmembrane protein kinase,,,,
828,VIT_12s0035g01770,6,0.0029,DNA (cytosine-5)-methyltransferase AthI,E2_1_1_37,,vv10271Methionine_metabolism,
829,VIT_14s0066g00750,6,0.0029,Disease resistance protein (NBS-LRR class),,,,
830,VIT_15s0048g01480,6,0.0029,Geraniol 10-hydroxylase,G10H,,vv10902Monoterpenoid_biosynthesis,
831,VIT_00s0198g00170,6,0.0029,AAA-type ATPase,,,,
832,VIT_10s0116g00280,6,0.0029,UDP-3-O-[3-hydroxymyristoyl] glucosamine N-acyltransferase,K02536,,vv10540Lipopolysaccharide_biosynthesis,
833,VIT_11s0016g04170,6,0.0029,Sulfate transporter 3.5,SULTR3_5,,vv50124Porters_cat_30_to_64,
834,VIT_05s0124g00080,6,0.0029,No hit,,,,
835,VIT_16s0039g01510,6,0.0029,Calcium-dependent protein kinase-related,,,,
836,VIT_01s0011g06470,6,0.0029,Galacturonic acid reductase,E1_1_1_203,,vv40006Cell_wall,
837,VIT_13s0019g05050,6,0.0029,Nodulin-like protein,,,,
838,VIT_12s0057g00420,6,0.0029,Auxin-responsive protein AIR12,AIR12,,vv30003Auxin_signaling,
839,VIT_04s0008g02710,6,0.0029,NAC domain containing protein 39,NAC039,VvNAC65,vv60046NAC,
840,VIT_11s0149g00070,6,0.0029,Ribosomal protein S6,K02990,,vv23010Ribosome,
841,VIT_00s0225g00080,6,0.0029,MATE efflux family protein,MATE,,vv50125Porters_cat_66_to_94,
842,VIT_13s0106g00430,6,0.0029,Auxin response factor ARF6,ARF6_2,,vv30003Auxin_signaling,vv60004ARF
843,VIT_13s0064g00410,5,0.0024,R protein MLA10,K13475,,vv34627R_proteins_from_Plant-pathogen_interaction,
844,VIT_14s0060g02370,4,0.0019,DegP protease,E3_4_21_107,,,
845,VIT_05s0029g00820,4,0.0019,No hit,,,,
846,VIT_19s0027g01170,4,0.0019,R protein MLA10,K13475,,vv34627R_proteins_from_Plant-pathogen_interaction,
847,VIT_15s0024g00020,4,0.0019,Endo-1 4-beta-glucanase,E3_2_1_4,,vv40006Cell_wall,
848,VIT_16s0050g02100,4,0.0019,Disease resistance,,,,
849,VIT_18s0001g02170,4,0.0019,RAB GTPase LIP1,K07976,,,
850,VIT_12s0028g00570,4,0.0019,Vacuolar protein sorting 16 VCL1 (vacuoleless 1),VCL1,,vv50111Tethering_factors,
851,VIT_04s0008g06760,4,0.0019,Chlororespiratory reduction 4 CRR4,CRR4,,vv50132Primary_active_transporter_cat_A5_to_A8,
852,VIT_12s0134g00210,3,0.0015,Pentatricopeptide (PPR) repeat-containing,,,,
853,VIT_05s0020g03290,3,0.0015,S-receptor kinase,,,,
854,VIT_16s0022g01760,3,0.0015,Peptidyl-prolyl cis-trans isomerase  FKBP-type,K01802,,,
855,VIT_14s0030g02080,3,0.0015,Ca2+-ATPase 12 ACA12  plasma membrane,K01537,,vv34020Calcium_signaling_pathway,vv50131Primary_active_transporter_cat_A2_to_A4
856,VIT_12s0057g00320,3,0.0015,Exopolygalacturonase,E3_2_1_15,,vv40006Cell_wall,
857,VIT_11s0037g00060,3,0.0015,Elongation factor 1-alpha-like protein,K03231,,vv23013RNA_transport,
858,VIT_19s0027g00020,3,0.0015,WAG1,WAG1,,vv50004Auxin_transport,
859,VIT_01s0011g03630,3,0.0015,Asp/Glu racemase,K01797,,,
860,VIT_09s0002g04390,3,0.0015,DNA binding,,,,
861,VIT_01s0011g05650,3,0.0015,1-aminocyclopropane-1-carboxylate oxidase,E1_14_17_4,,vv10640Propanoate_metabolism,vv30008Ethylene_signaling
862,VIT_14s0068g00160,3,0.0015,No hit,,,,
863,VIT_07s0005g04050,3,0.0015,Leucine Rich Repeat receptor-like kinase,,,,
864,VIT_13s0067g03890,3,0.0015,Beta-ketoacyl-CoA synthase,E2_3_1_41,,vv10061Fatty_acid_biosynthesis,
865,VIT_17s0000g06990,3,0.0015,Ribosomal protein L2,K02886,,vv23010Ribosome,
866,VIT_03s0063g01720,3,0.0015,S-N-methylcoclaurine 3'-hydroxylase,E1_14_13_71,,vv10950Alkaloid_biosynthesis_I,
867,VIT_00s0346g00030,3,0.0015,Rhamnogalacturonate lyase,RHGTL,,vv40006Cell_wall,
868,VIT_06s0009g02030,3,0.0015,No hit,,,,
869,VIT_08s0056g00530,3,0.0015,Diaminopimelate decarboxylase,E4_1_1_20,,vv10300Lysine_biosynthesis,
870,VIT_01s0011g02110,3,0.0015,Unknown,,,,
871,VIT_12s0057g00970,3,0.0015,Pentatricopeptide (PPR) repeat-containing,,,,
872,VIT_14s0006g03240,3,0.0015,Regulator of chromosome condensation (RCC1),RCC1,,vv50112Nuclear_pore_complex,
873,VIT_18s0001g15670,3,0.0015,Cytoplasm protein,,,,
874,VIT_08s0058g00090,3,0.0015,Hcr9-Avr4-par1,,,,
875,VIT_09s0002g02980,3,0.0015,FRK1 (FLG22-induced receptor-like kinase 1),FRK1,,vv34626Plant-pathogen_interaction,
876,VIT_18s0089g00640,3,0.0015,No hit,,,,
877,VIT_05s0077g01330,3,0.0015,Unknown,,,,
878,VIT_00s0265g00090,3,0.0015,Unknown protein,,,,
879,VIT_17s0000g01530,3,0.0015,Unknown protein,,,,
880,VIT_14s0068g01830,3,0.0015,Unknown protein,,,,
881,VIT_08s0040g02720,3,0.0015,CCT chaperonin beta subunit,,,,
882,VIT_08s0058g00060,3,0.0015,Receptor Like Protein 26,,,,
883,VIT_02s0033g00750,3,0.0015,Kinesin motor protein,KMOTOR,,vv44810Regulation_of_actin_cytoskeleton,
884,VIT_05s0049g01400,3,0.0015,Alcohol oxidase,E1_1_3_13,,vv10680Methane_metabolism,
885,VIT_11s0037g01080,3,0.0015,Metal-dependent phosphohydrolase HD domain-containing protein,K07023,,,
886,VIT_01s0011g05270,3,0.0015,Protein BCCIP homolog,,,,
887,VIT_05s0029g01420,3,0.0015,Ankyrin repeat,K10380,,vv50108Accessory_factors_involved_in_transport,
888,VIT_07s0031g01090,3,0.0015,Ascorbate oxidase,E1_10_3_3,,vv10053Ascorbate_and_aldarate_metabolism,vv50109Incompletely_characterized_transport_systems
889,VIT_07s0005g00890,3,0.0015,Polygalacturonase GH28,E3_2_1_15,,vv40006Cell_wall,
890,VIT_00s0420g00030,3,0.0015,S-locus lectin protein kinase,,,,
891,VIT_03s0017g02190,3,0.0015,ZIP family transporter,ZIP1,,vv50121Porters_cat_1_to_6,
892,VIT_05s0020g05060,3,0.0015,Cellulose synthase CSLG2,E2_4_1_12_CSLG2,,vv40006Cell_wall,
893,VIT_04s0008g01050,3,0.0015,Unknown,,,,
894,VIT_01s0011g01100,3,0.0015,Pentatricopeptide (PPR) repeat-containing protein,,,,
895,VIT_11s0052g01630,3,0.0015,Anthocyanidin 3-O-glucosyltransferase,E2_4_1_115,,vv10942Anthocyanin_biosynthesis,
896,VIT_18s0089g00690,3,0.0015,CF9,K13446,,vv34626Plant-pathogen_interaction,
897,VIT_08s0058g00040,3,0.0015,Verticillium wilt disease resistance protein Ve2,,,,
898,VIT_05s0029g00490,3,0.0015,Pentatricopeptide (PPR) repeat,,,,
899,VIT_07s0005g02290,3,0.0015,Unknown protein,,,,
900,VIT_18s0001g11050,3,0.0015,Nodulation protein,,,,
901,VIT_14s0030g01380,3,0.0015,Ribosomal protein S8 40S,K02994,,vv23010Ribosome,
902,VIT_08s0007g02800,3,0.0015,Pro-X carboxypeptidase Lysosomal,E3_4_16_2,,,
903,VIT_18s0001g02420,3,0.0015,Aspartic proteinase Asp1 precursor,E3_4_23_x,,,
904,VIT_18s0001g14940,3,0.0015,Pentatricopeptide (PPR) repeat-containing,,,,
905,VIT_07s0151g01000,3,0.0015,Photosystem I reaction center subunit II (PSAD),K02692,,vv10195Photosynthesis,vv50105Transport_electron_carriers
906,VIT_03s0063g02390,3,0.0015,No hit,,,,
907,VIT_09s0002g06890,3,0.0014,Dicyanin blue copper protein,,,,
908,VIT_15s0045g00880<br>VIT_15s0045g00980,3,0.0014,
909,VIT_14s0060g01540,3,0.0014,Syntaxin 16,K08489,,vv24130SNARE_interactions_in_vesicular_transport,vv50101Channels_and_pores
910,VIT_14s0083g00720,3,0.0014,Pentatricopeptide (PPR) repeat-containing,,,,
911,VIT_07s0005g04530,3,0.0014,Pentatricopeptide (PPR) repeat-containing protein,,,,
912,VIT_10s0071g00190,3,0.0014,R protein disease resistance protein,RPROT,,vv34627R_proteins_from_Plant-pathogen_interaction,
913,VIT_08s0007g06630,3,0.0014,DC1 domain-containing protein,,,,
914,VIT_13s0106g00070,3,0.0014,Ankyrin repeat protein,K10380,,vv50108Accessory_factors_involved_in_transport,
915,VIT_10s0071g00180,3,0.0014,Phosphatidylinositol 3- and 4-kinase / ubiquitin,,,,
916,VIT_07s0104g01730,3,0.0014,HAK5 (High affinity K+ transporter 5),HAK5,,vv50125Porters_cat_66_to_94,
917,VIT_18s0001g08060,3,0.0014,Unknown,,,,
918,VIT_16s0098g01030,3,0.0014,Transducin family protein / WD-40 repeat,,,,
919,VIT_03s0091g00350,3,0.0014,No hit,,,,
920,VIT_05s0020g00540,3,0.0014,Alpha-L-arabinofuranosidase,E3_2_1_55,,vv10520Nucleotide_sugars_metabolism,
921,VIT_18s0001g05160,3,0.0014,Glycosyl hydrolase family 3 protein,,,,
922,VIT_13s0019g01310,3,0.0014,DC1 domain-containing protein,,,,
923,VIT_08s0007g00810,3,0.0014,Lectin receptor kinase 7,,,,
924,VIT_16s0050g01380,3,0.0014,Ankyrin repeat protein,,,,
925,VIT_00s0125g00300,3,0.0014,No hit,,,,
926,VIT_10s0092g00770,3,0.0014,Cytochrome c biogenesis orf256,K02195,,vv52010ABC_transporters,
927,VIT_12s0059g01920,3,0.0014,Strubbelig-receptor family 3,,,,
928,VIT_17s0000g03660,3,0.0014,NAC domain containing protein 58,NAC058,VvNAC06,vv60046NAC,
929,VIT_01s0026g00420,3,0.0014,Bromo adjacent homology (BAH) domain-containing protein,,,,
930,VIT_13s0175g00010,3,0.0014,No hit,,,,
931,VIT_19s0090g00800,3,0.0014,F-box protein,,,,
932,VIT_14s0081g00210,3,0.0014,No hit,,,,
933,VIT_09s0018g02100,3,0.0014,Anthocyaninless2 (ANL2),ANL2_2,,vv60034HB,
934,VIT_14s0030g00160,3,0.0014,Bisphosphoglycerate mutase,E5_4_2_4,,vv10010Glycolysis,
935,VIT_14s0066g00310,3,0.0014,Unknown protein,,,,
936,VIT_09s0054g01140,3,0.0014,Lupeol synthase 2,E5_4_99_8,,vv10100Biosynthesis_of_steroids,
937,VIT_15s0046g00030,3,0.0014,Pentatricopeptide (PPR) repeat,,,,
938,VIT_05s0029g01340,3,0.0014,Auxin-independent growth promoter (axi 1),AXI1,,vv30003Auxin_signaling,
939,VIT_01s0011g00990,3,0.0014,RPM1 (resistance to p. syringae pv maculicola 1),K13457,,vv34626Plant-pathogen_interaction,
940,VIT_08s0058g00510,3,0.0014,MATE efflux family protein,MATE,,vv50125Porters_cat_66_to_94,
941,VIT_00s0270g00090,3,0.0014,Pentatricopeptide repeat-containing protein,,,,
942,VIT_18s0001g05070,3,0.0014,No hit,,,,
943,VIT_09s0002g02880,3,0.0014,FRK1 (FLG22-induced receptor-like kinase 1),FRK1,,vv34626Plant-pathogen_interaction,
944,VIT_17s0000g05310,3,0.0014,Pre-mRNA cleavage complex II protein Clp1,,,,
945,VIT_09s0002g07350,3,0.0014,Asp/Glu racemase; Tetratricopeptide helical,K01797,,,
946,VIT_01s0026g01680,3,0.0014,Pectate lyase,E4_2_2_2,,vv40006Cell_wall,
947,VIT_00s1553g00010,3,0.0014,Subtilisin-like proteinase AIR3,,,,
948,VIT_17s0000g07290,3,0.0014,Carrier protein  Mitochondrial,K03454,,vv50123Porters_cat_18_to_29,
949,VIT_11s0052g01530,3,0.0014,MATE efflux family protein,MATE,,vv50125Porters_cat_66_to_94,
950,VIT_14s0006g01510,3,0.0014,No hit,,,,
951,VIT_05s0020g02900,3,0.0014,Substrate carrier  Mitochondrial,K03454,,vv44146Peroxisome,vv50123Porters_cat_18_to_29
952,VIT_10s0116g00470,3,0.0014,Ubiquitin family,,,,
