Vv_m2,2000,1000,VIT_15s0048g01500
rank,node,Fabs,Frel,Functional-annotation,Name-EC-KeggID,Updated-name,Network1,Network2
1,VIT_07s0005g03020,2076,1.0000,Lateral organ boundaries protein 29,LBD29,,vv60007AS2,
2,VIT_15s0048g01570,2077,1.0000,CYP76C2,,,,
3,VIT_09s0002g02970,2061,1.0000,Unknown,,,,
4,VIT_18s0001g12040,2079,0.9981,Coniferyl-alcohol glucosyltransferase,E2_4_1_111,,vv10940Phenylpropanoid_biosynthesis,
5,VIT_06s0004g01500,2062,0.9976,Lipoxygenase (LOX2),E1_13_11_12,,vv10592alpha-Linolenic_acid_metabolism,
6,VIT_00s0724g00010,2060,0.9971,Pinene synthase,E4_2_3_14,,vv10902Monoterpenoid_biosynthesis,
7,VIT_15s0048g01600,2053,0.9971,Geraniol 10-hydroxylase,G10H,,vv10902Monoterpenoid_biosynthesis,
8,VIT_12s0028g00050,2063,0.9961,Beta-1 3 glucanase,E3_2_1_6,,,
9,VIT_07s0130g00040,2059,0.9956,Myb domain protein 4,MYB4_10,MYB3,vv60044MYB,
10,VIT_01s0011g00970,2063,0.9952,RPM1 (resistance to p. syringae pv maculicola 1),K13457,,vv34626Plant-pathogen_interaction,
11,VIT_17s0000g00040,2068,0.9942,Pentatricopeptide (PPR) repeat-containing,,,,
12,VIT_01s0011g02420,2058,0.9932,Unknown,,,,
13,VIT_05s0094g00550,2047,0.9932,Stearoyl-acyl-[acyl-carrier-protein] desaturase,E1_14_19_2,,vv11040Biosynthesis_of_unsaturated_fatty_acids,
14,VIT_12s0028g02480,2050,0.9927,Lipase GDSL,,,,
15,VIT_05s0094g00580,2044,0.9884,Stearoyl-CoA 9-desaturase,E1_14_19_1,,vv11040Biosynthesis_of_unsaturated_fatty_acids,
16,VIT_16s0039g01410,2035,0.9883,Tocopherol O-methyltransferase  chloroplast precursor,E2_1_1_95,,vv10100Biosynthesis_of_steroids,
17,VIT_15s0048g02460,2028,0.9883,Quercetin 3-O-methyltransferase 1,E2_1_1_76,,vv10941Flavonoid_biosynthesis,
18,VIT_07s0005g03170,2036,0.9879,Undecaprenyl pyrophosphate synthetase,E2_5_1_31,,vv10900Terpenoid_biosynthesis,
19,VIT_18s0001g12900,2040,0.9822,S-adenosyl-L-methionine:salicylic acid carboxyl methyltransferase,SAMTBSCMT,,vv10360Phenylalanine_metabolism,
20,VIT_05s0062g00570,2025,0.9816,UDP-glucose:flavonoid 7-O-glucosyltransferase,E2_4_1_237,,vv10941Flavonoid_biosynthesis,
21,VIT_00s0266g00020<br>VIT_00s0372g00020<br>VIT_00s0271g00010<br>VIT_00s0385g00020<br>VIT_00s0522g00020<br>VIT_00s0372g00060<br>VIT_00s0372g00030<br>VIT_00s0385g00010,2004,0.9766,
22,VIT_14s0081g00050,2019,0.9763,PATHOgenesIS-related 4,,,,
23,VIT_09s0002g08510,2000,0.9728,Expansin beta 2 precursor,EXPB2,,vv30003Auxin_signaling,
24,VIT_17s0000g06500,2013,0.9720,Pentatricopeptide (PPR) repeat-containing,,,,
25,VIT_18s0041g02270,2006,0.9705,12-oxophytodienoate reductase 2,E1_3_1_42,,vv10592alpha-Linolenic_acid_metabolism,
26,VIT_14s0066g00760,2005,0.9700,Disease resistance protein (NBS-LRR class),,,,
27,VIT_18s0086g00220,1997,0.9661,Lipase GDSL,,,,
28,VIT_18s0086g00410,1982,0.9659,Auxin-binding protein ABP19,ABP19,,vv30003Auxin_signaling,
29,VIT_19s0015g00120,1981,0.9552,No hit,,,,
30,VIT_04s0079g00220,1962,0.9529,Steroid sulfotransferase,K01025,,vv10272Cysteine_metabolism,
31,VIT_07s0151g00130,1949,0.9475,Chlorophyllase 1,E3_1_1_14,,vv10860Porphyrin_and_chlorophyll_metabolism,
32,VIT_01s0011g05130,1957,0.9463,Bet v I allergen,,,,
33,VIT_13s0084g00120,1955,0.9458,No hit,,,,
34,VIT_17s0000g03940,1956,0.9449,ferulate 5-hydroxylase,K09755,,vv10940Phenylpropanoid_biosynthesis,
35,VIT_19s0015g02080,1960,0.9410,(-)-germacrene D synthase,E4_2_3_22,,vv10900Terpenoid_biosynthesis,
36,VIT_15s0048g02760,1954,0.9408,Zinc finger (DHHC type),ZFDHHC_18,,vv60079Other_zf-DHHC,
37,VIT_15s0021g00010,1949,0.9406,Eceriferum 1 (CER1 protein) Sterol desaturase,,,,
38,VIT_10s0042g00470,1936,0.9357,Carbonic anhydrase,E4_2_1_1,,vv10910Nitrogen_metabolism,vv50124Porters_cat_30_to_64
39,VIT_05s0094g01120,1931,0.9347,NADP-dependent oxidoreductase,E1_6_5_5,,,
40,VIT_05s0094g00540,1935,0.9343,Acyl-[acyl-carrier-protein] desaturase,E1_14_19_2,,vv11040Biosynthesis_of_unsaturated_fatty_acids,
41,VIT_05s0062g00340,1916,0.9265,UDP-glucose:flavonoid 7-O-glucosyltransferase,E2_4_1_237,,vv10941Flavonoid_biosynthesis,
42,VIT_06s0061g00250,1902,0.9171,ABC transporter G member 7,ABCG7,,vv52010ABC_transporters,
43,VIT_01s0137g00130,1890,0.9153,B-keto acyl reductase,,,,
44,VIT_12s0134g00020,1885,0.9119,Isoprene synthase,E4_2_3_27,,vv10900Terpenoid_biosynthesis,
45,VIT_14s0066g01480,1894,0.9067,Cis-zeatin O-beta-D-glucosyltransferase,E2_4_1_215,,vv10908Zeatin_biosynthesis,
46,VIT_06s0004g02390,1879,0.9055,Triacylglycerol lipase,E3_1_1_3,,vv10561Glycerolipid_metabolism,
47,VIT_15s0024g00440,1861,0.8999,R protein  PRF  disease resistance protein,K13453,,vv34627R_proteins_from_Plant-pathogen_interaction,
48,VIT_01s0011g03430,1849,0.8993,No hit,,,,
49,VIT_18s0086g00590,1859,0.8959,Auxin-binding protein ABP19,ABP19,,vv30003Auxin_signaling,
50,VIT_10s0042g00590,1851,0.8933,Leucine-rich repeat receptor-like protein kinase 1,,,,
51,VIT_02s0033g01030,1820,0.8839,Anthraniloyal-CoA: methanol anthraniloyal transferase,AMAT,,vv10400Phenylalanine_tyrosine_and_tryptophan_biosynthesis,
52,VIT_18s0122g00170,1812,0.8805,Diphenol oxidase,E1_10_3_1,,vv10350Tyrosine_metabolism,vv50109Incompletely_characterized_transport_systems
53,VIT_07s0031g01590,1812,0.8792,No hit,,,,
54,VIT_07s0005g05930<br>VIT_07s0005g05910<br>VIT_07s0005g05920,1795,0.8743,
55,VIT_09s0002g01320,1802,0.8739,Germin-like protein,,,,
56,VIT_14s0006g01680,1809,0.8726,CYP96A10,,,,
57,VIT_18s0041g01190,1800,0.8721,No hit,,,,
58,VIT_15s0024g00820,1796,0.8672,Stress-induced protein,,,,
59,VIT_07s0104g01780,1771,0.8597,Autophagy 18 ATG18a,ATG18,,vv44140Regulation_of_autophagy,
60,VIT_14s0066g01520,1774,0.8595,UDP-glucoronosyl and UDP-glucosyl transferase,,,,
61,VIT_10s0003g02280,1776,0.8588,SRG1 (senescence-related gene 1) oxidoreductase,,,,
62,VIT_09s0002g02950,1752,0.8456,No hit,,,,
63,VIT_00s0285g00070,1737,0.8416,Glutamate carboxypeptidase (AMP1),E3_4_17_21,,,
64,VIT_18s0001g04280,1735,0.8390,(-)-germacrene D synthase,E4_2_3_22,,vv10900Terpenoid_biosynthesis,
65,VIT_06s0004g04820,1734,0.8369,Salt stress-inducible protein kinase,,,,
66,VIT_13s0019g01490,1732,0.8351,C2 domain-containing protein,,,,
67,VIT_09s0002g07530,1718,0.8336,Tetratricopeptide helical,,,,
68,VIT_14s0066g01500,1724,0.8320,UDP-glucoronosyl and UDP-glucosyl transferase,,,,
69,VIT_01s0011g06510,1722,0.8319,Galacturonic acid reductase [Vitis vinifera],E1_1_1_203,,vv40006Cell_wall,
70,VIT_05s0094g00730,1723,0.8304,Stearoyl-acyl-carrier protein desaturase,E1_14_19_2,,vv11040Biosynthesis_of_unsaturated_fatty_acids,
71,VIT_02s0012g00400,1718,0.8264,1-aminocyclopropane-1-carboxylate oxidase,E1_14_17_4,,vv10640Propanoate_metabolism,vv30008Ethylene_signaling
72,VIT_14s0066g00690,1685,0.8164,No hit,,,,
73,VIT_09s0002g03000,1688,0.8162,Leucine-rich repeat protein kinase,,,,
74,VIT_03s0038g03150<br>VIT_03s0038g03170,1664,0.8121,
75,VIT_00s0228g00070<br>VIT_00s0228g00010<br>VIT_00s0411g00050,1667,0.8061,
76,VIT_13s0067g03750,1662,0.8041,Stigma/style ABC transporter WBC19,WBC19,,vv52010ABC_transporters,
77,VIT_15s0048g00020,1676,0.8027,Thaumatin SE39b,,,,
78,VIT_13s0064g00390,1631,0.7906,Polyamine oxidase,E1_5_3_11,,vv11000Single_reactions,
79,VIT_00s0353g00020,1610,0.7823,S-locus lectin protein kinase,,,,
80,VIT_07s0031g00420,1601,0.7791,SHN1 (SHINE 1),SHINE1_2,,vv30008Ethylene_signaling,vv60003AP2_EREBP
81,VIT_09s0054g00860,1603,0.7736,Lipase GDSL,,,,
82,VIT_18s0089g01010,1593,0.7703,Nitrate transporter NTL1,POT,,vv50122Porters_cat_7_to_17,
83,VIT_06s0004g07080,1588,0.7675,Unknown protein,,,,
84,VIT_08s0007g08780,1581,0.7649,Unknown protein,,,,
85,VIT_18s0001g05240,1576,0.7647,(-)-germacrene D synthase,E4_2_3_22,,vv10900Terpenoid_biosynthesis,
86,VIT_10s0116g01860,1585,0.7620,MATE efflux family protein,MATE,,vv50125Porters_cat_66_to_94,
87,VIT_18s0089g01300,1577,0.7604,Potassium channel SKOR,SKOR,,vv50101Channels_and_pores,
88,VIT_19s0014g01720,1566,0.7587,Sodium/calcium exchanger family protein,NACAEX,,vv50123Porters_cat_18_to_29,
89,VIT_09s0054g01280,1546,0.7534,Beta-amyrin synthase,E5_4_99_BAS,,vv10900Terpenoid_biosynthesis,
90,VIT_06s0080g00560,1555,0.7512,Beta-alanine synthase,E3_5_1_53,,vv10220Urea_cycle_and_metabolism_of_amino_groups,
91,VIT_13s0064g00900,1541,0.7430,Unknown protein,,,,
92,VIT_18s0001g03240,1539,0.7399,DREB sub A-5 of ERF/AP2 transcription factor,ERF012,VvERF008,vv30008Ethylene_signaling,vv60003AP2_EREBP
93,VIT_15s0046g00310,1529,0.7394,Transcription factor TINY,ERF023,VvERF015,vv30008Ethylene_signaling,vv60003AP2_EREBP
94,VIT_12s0059g00740,1516,0.7331,Germin1,,,,
95,VIT_18s0075g00400,1514,0.7303,Disease resistance protein (TIR-NBS-LRR class),,,,
96,VIT_13s0019g04090,1515,0.7287,Ubiquitin-conjugating enzyme E2 C,K06688,,vv24120Ubiquitin_mediated_proteolysis,
97,VIT_18s0001g04110,1498,0.7279,(-)-germacrene D synthase,E4_2_3_22,,vv10900Terpenoid_biosynthesis,
98,VIT_08s0040g01940,1492,0.7194,Zinc finger (C3HC4-type ring finger),ZFC3HC4_154,,vv60078Other_zf-C3HC4,
99,VIT_18s0001g05370,1487,0.7187,Unknown protein,,,,
100,VIT_19s0014g04880,1481,0.7175,(-)-germacrene D synthase,E4_2_3_22,,vv10900Terpenoid_biosynthesis,
101,VIT_05s0094g00740,1485,0.7170,Stearoyl-acyl-[acyl-carrier-protein] desaturase,E1_14_19_2,,vv11040Biosynthesis_of_unsaturated_fatty_acids,
102,VIT_04s0008g02760,1487,0.7146,Unknown protein,,,,
103,VIT_04s0044g00090,1473,0.7130,Unknown,,,,
104,VIT_18s0001g04480,1474,0.7128,Germacrene-D synthase,E4_2_3_22,,vv10900Terpenoid_biosynthesis,
105,VIT_07s0104g01400,1467,0.7118,Glutaredoxin,,,,
106,VIT_18s0001g05410,1463,0.7085,No hit,,,,
107,VIT_15s0045g01520,1445,0.7021,Eceriferum 1 (CER1 protein) Sterol desaturase,,,,
108,VIT_13s0019g02100,1446,0.6979,No hit,,,,
109,VIT_05s0020g03260,1434,0.6944,Copper amine oxidase,E1_4_3_6,,vv10220Urea_cycle_and_metabolism_of_amino_groups,vv10340Histidine_metabolism
110,VIT_13s0067g01190,1437,0.6939,Cellulase,E3_2_1_4,,vv40006Cell_wall,
111,VIT_18s0122g01460,1438,0.6920,CYP87A3,,,,
112,VIT_17s0053g00460,1423,0.6884,Pinoresinol-lariciresinol reductase,PLR,,vv10940Phenylpropanoid_biosynthesis,
113,VIT_00s0308g00020,1415,0.6882,Arginine decarboxylase [Vitis vinifera],E4_1_1_19,,vv10220Urea_cycle_and_metabolism_of_amino_groups,vv10251Glutamate_metabolism
114,VIT_14s0060g01050,1416,0.6870,Pentatricopeptide (PPR) repeat-containing protein,,,,
115,VIT_00s0662g00030,1421,0.6868,Ethylene-responsive transcription factor related to APETALA2 4,RAP2_4_5,,vv30008Ethylene_signaling,vv60003AP2_EREBP
116,VIT_19s0014g04810<br>VIT_19s0014g04800,1421,0.6865,
117,VIT_07s0185g00020,1423,0.6864,Anthranilate N-benzoyltransferase protein 1,E2_3_1_144,,vv10400Phenylalanine_tyrosine_and_tryptophan_biosynthesis,
118,VIT_01s0146g00190,1406,0.6842,TPD1 (tapetum determinant 1),,,,
119,VIT_02s0033g01060,1411,0.6810,Anthraniloyal-CoA: methanol anthraniloyal transferase,AMAT,,vv10400Phenylalanine_tyrosine_and_tryptophan_biosynthesis,
120,VIT_14s0068g01020,1402,0.6796,Unknown protein,,,,
121,VIT_09s0054g01440,1410,0.6792,Beta-amyrin synthase,E5_4_99_BAS,,vv10900Terpenoid_biosynthesis,
122,VIT_00s0357g00060<br>VIT_00s0357g00080<br>VIT_00s0556g00020<br>VIT_00s0895g00010,1398,0.6786,
123,VIT_18s0001g12990,1399,0.6781,Anthranilate N-benzoyltransferase protein 1,E2_3_1_144,,vv10400Phenylalanine_tyrosine_and_tryptophan_biosynthesis,
124,VIT_03s0038g01850,1407,0.6777,Proline-rich protein 4,,,,
125,VIT_13s0084g00090,1407,0.6774,Nodulin MtN21 family,MTN21,,vv50122Porters_cat_7_to_17,
126,VIT_16s0050g00140,1389,0.6723,Heavy-metal-associated domain-containing protein,,,,
127,VIT_18s0001g09980,1396,0.6712,Unknown protein,,,,
128,VIT_07s0104g00270,1376,0.6689,Isopentenyltransferase 5,E2_5_1_27,,vv10908Zeatin_biosynthesis,
129,VIT_14s0030g00920,1375,0.6678,Alcohol dehydrogenase,E1_1_1_1,,vv10010Glycolysis,vv10071Fatty_acid_metabolism
130,VIT_01s0011g00840,1370,0.6628,Ankyrin,K10380,,vv50108Accessory_factors_involved_in_transport,
131,VIT_07s0129g00470,1375,0.6623,Unknown protein,,,,
132,VIT_06s0004g02690,1375,0.6620,Glycosyl transferase family 2 protein,,,,
133,VIT_12s0059g00060<br>VIT_12s0059g00130<br>VIT_12s0059g00090,1371,0.6617,
134,VIT_09s0002g05360<br>VIT_09s0002g05400<br>VIT_09s0002g05490<br>VIT_09s0002g05590,1370,0.6606,
135,VIT_11s0016g01420,1370,0.6596,Mechanosensitive ion channel,MSCSREL,,vv50101Channels_and_pores,
136,VIT_02s0033g00270,1356,0.6538,Pinoresinol-lariciresinol reductase,PLR,,vv10940Phenylpropanoid_biosynthesis,
137,VIT_15s0048g00510,1347,0.6507,Pectinesterase family,E3_1_1_11,,vv40006Cell_wall,
138,VIT_06s0004g01000,1325,0.6429,Dirigent protein,,,,
139,VIT_00s0218g00100,1330,0.6410,Metal transporter Nramp6,NRAMP6,,vv50124Porters_cat_30_to_64,
140,VIT_03s0017g02310,1316,0.6357,Nodulin MtN21 family,MTN21,,vv50122Porters_cat_7_to_17,
141,VIT_00s2648g00010,1322,0.6356,FAD-dependent pyridine nucleotide-disulphide oxidoreductase,,,,
142,VIT_07s0005g04040,1312,0.6344,Leucine Rich Repeat receptor-like kinase,,,,
143,VIT_18s0089g00200,1301,0.6334,1 4-beta-mannan endohydrolase,E3_2_1_78,,vv10051Fructose_and_mannose_metabolism,
144,VIT_12s0134g00600,1309,0.6305,Anthocyanin 5-aromatic acyltransferase,E2_3_1_153,,vv10941Flavonoid_biosynthesis,vv10942Anthocyanin_biosynthesis
145,VIT_18s0041g01770,1291,0.6267,No hit,,,,
146,VIT_00s2745g00010,1288,0.6262,Receptor kinase RK20-1,,,,
147,VIT_12s0059g02720,1295,0.6247,Pinene synthase,E4_2_3_14,,vv10902Monoterpenoid_biosynthesis,
148,VIT_08s0007g05630,1296,0.6243,No hit,,,,
149,VIT_01s0137g00160,1287,0.6188,B-keto acyl reductase,,,,
150,VIT_18s0041g02020,1275,0.6180,12-oxophytodienoate reductase 2,E1_3_1_42,,vv10592alpha-Linolenic_acid_metabolism,
151,VIT_00s0409g00030,1271,0.6176,Unknown,,,,
152,VIT_02s0025g02130,1287,0.6164,Unknown,,,,
153,VIT_04s0008g02850,1266,0.6107,Proteasome 20S beta subunit A (PBA1) (PRCD),K02738a,,vv23050Proteasome,
154,VIT_19s0090g00730,1263,0.6099,No hit,,,,
155,VIT_10s0116g00740,1251,0.6070,Serine carboxypeptidase-like 32,K01287,,,
156,VIT_02s0025g00600,1250,0.6007,Glycoside hydrolase  family 5,,,,
157,VIT_18s0001g11260,1231,0.6005,Nucleobase-ascorbate transporter 3 (NAT3),NAT3,,vv50124Porters_cat_30_to_64,
158,VIT_02s0033g00720,1226,0.5957,No hit,,,,
159,VIT_09s0054g01360,1228,0.5912,Cycloartenol synthase,E5_4_99_8,,vv10100Biosynthesis_of_steroids,
160,VIT_07s0031g00800,1191,0.5821,Cyclin-dependent kinase inhibitor KIP-related protein 7,KRP7,,vv44110Cell_cycle,
161,VIT_18s0041g01780,1203,0.5806,Aspartic protease,E3_4_23_x,,,
162,VIT_12s0059g00150,1192,0.5798,Ankyrin repeat,K10380,,vv50108Accessory_factors_involved_in_transport,
163,VIT_12s0035g00530,1208,0.5794,Unknown protein,,,,
164,VIT_12s0134g00670,1178,0.5710,Anthocyanin 5-aromatic acyltransferase,E2_3_1_153,,vv10941Flavonoid_biosynthesis,vv10942Anthocyanin_biosynthesis
165,VIT_07s0151g00270,1171,0.5662,Chlorophyllase 1,E3_1_1_14,,vv10860Porphyrin_and_chlorophyll_metabolism,
166,VIT_18s0041g01100,1170,0.5647,F-box family protein,,,,
167,VIT_02s0025g04770,1160,0.5593,Unknown protein,,,,
168,VIT_06s0004g05090,1153,0.5589,Zinc finger (C3HC4-type ring finger),ZFC3HC4_169,,vv60078Other_zf-C3HC4,
169,VIT_05s0094g00560,1155,0.5561,Stearoyl-ACP desaturase,E1_14_19_2,,vv11040Biosynthesis_of_unsaturated_fatty_acids,
170,VIT_15s0048g01680,1140,0.5529,CYP704G7,,,,
171,VIT_14s0006g01670,1146,0.5528,CYP96A10,,,,
172,VIT_17s0000g08450,1140,0.5502,Carbonic anhydrase chloroplast,E4_2_1_1,,vv10910Nitrogen_metabolism,vv50124Porters_cat_30_to_64
173,VIT_14s0128g00520,1134,0.5476,Alpha-L-fucosidase 2 precursor,E3_2_1_51,,vv10511N-Glycan_degradation,
174,VIT_12s0035g01720,1112,0.5406,Chloride channel protein (CLC-c),K05393_CLCC,,vv50124Porters_cat_30_to_64,
175,VIT_14s0006g01800,1106,0.5340,Copper-binding family protein,,,,
176,VIT_10s0116g01040,1109,0.5337,Stigma-specific Stig1,,,,
177,VIT_06s0061g01220,1103,0.5336,No hit,,,,
178,VIT_13s0067g00380,1101,0.5334,Pinene synthase,E4_2_3_14,,vv10902Monoterpenoid_biosynthesis,
179,VIT_10s0003g00850,1092,0.5306,Zinc finger (C3HC4-type ring finger),ZFC3HC4_237,,vv60078Other_zf-C3HC4,
180,VIT_00s0286g00120,1097,0.5289,S-locus protein kinase,,,,
181,VIT_13s0047g00070,1087,0.5259,Pentatricopeptide (PPR) repeat,,,,
182,VIT_10s0003g04140,1070,0.5194,No hit,,,,
183,VIT_17s0000g02880,1069,0.5182,S-adenosyl-L-methionine:salicylic acid carboxyl methyltransferase,SAMTBSCMT,,vv10360Phenylalanine_metabolism,
184,VIT_06s0004g01480,1080,0.5163,Lipoxygenase LOX1,E1_13_11_12,,vv10592alpha-Linolenic_acid_metabolism,
185,VIT_18s0072g00460,1057,0.5104,Transcription elongation factor,,,,
186,VIT_19s0090g01670,1056,0.5094,Receptor-like kinase 902,,,,
187,VIT_16s0100g00230,1045,0.5070,Glucose-methanol-choline (GMC) oxidoreductase family protein,E1_1_99_1,,vv10260Glycine_serine_and_threonine_metabolism,
188,VIT_14s0081g00780,1040,0.5039,R protein disease resistance protein,RPROT,,vv34627R_proteins_from_Plant-pathogen_interaction,
189,VIT_09s0054g01410,1052,0.5031,Beta-amyrin synthase,E5_4_99_BAS,,vv10900Terpenoid_biosynthesis,
190,VIT_11s0016g03250,1027,0.5007,Lachrymatory factor synthase,,,,
191,VIT_09s0018g01800,1026,0.4964,Acid phosphatase,E3_1_3_2,,vv10740Riboflavin_metabolism,
192,VIT_19s0014g03820,1021,0.4961,Myb domain protein 102,MYB102_2,MYB145,vv60044MYB,
193,VIT_00s0266g00070,1025,0.4937,Linalool synthase,E4_2_3_26,,vv10900Terpenoid_biosynthesis,
194,VIT_06s0004g01460<br>VIT_06s0004g01450,1019,0.4927,
195,VIT_01s0127g00390,1022,0.4911,Pentatricopeptide (PPR) repeat,,,,
196,VIT_13s0074g00780,1016,0.4906,Late embryogenic abundant protein,,,,
197,VIT_13s0067g00370,1016,0.4894,Pinene synthase,E4_2_3_14,,vv10902Monoterpenoid_biosynthesis,
198,VIT_07s0005g03870,1013,0.4877,Transcription termination factor mitochondrial mTERF,MTERF_22,,vv60085MTERF,
199,VIT_01s0026g02360,1001,0.4866,NAC domain-containing protein 9,NAC009_2,VvNAC27,vv60046NAC,
200,VIT_13s0106g00670,1008,0.4863,No hit,,,,
201,VIT_12s0028g04030,1005,0.4841,Ankyrin repeat,K10380,,vv50108Accessory_factors_involved_in_transport,
202,VIT_05s0029g00830,997,0.4823,Unknown protein,,,,
203,VIT_10s0003g03550,1000,0.4822,Lupeol synthase,E5_4_99_8,,vv10100Biosynthesis_of_steroids,
204,VIT_16s0039g01830,992,0.4772,No hit,,,,
205,VIT_19s0014g04900,981,0.4730,(-)-germacrene D synthase,E4_2_3_22,,vv10900Terpenoid_biosynthesis,
206,VIT_08s0040g00940,978,0.4729,Catalytic,,,,
207,VIT_05s0020g04850,970,0.4720,H1flk,,,,
208,VIT_04s0008g04510,973,0.4714,Potassium channel K+ rectifying channel 1,ATKC1,,vv50101Channels_and_pores,
209,VIT_03s0038g01860,977,0.4708,Proline-rich protein 4,,,,
210,VIT_18s0089g00860,970,0.4679,Ring-H2 finger protein ATL4E,,,,
211,VIT_06s0061g01360,968,0.4672,Unknown protein,,,,
212,VIT_18s0001g05790,970,0.4641,Unknown protein,,,,
213,VIT_08s0058g00850,966,0.4640,Gag-pol polyprotein,,,,
214,VIT_08s0056g01130,957,0.4634,Mini zinc finger 2 MIF2,MIF2_2,,vv60068Zf-HD,
215,VIT_16s0100g00250,952,0.4606,Mandelonitrile lyase-like protein,E4_1_2_10,,vv10460Cyanoamino_acid_metabolism,
216,VIT_09s0054g00880,950,0.4603,Lipase GDSL,,,,
217,VIT_16s0013g01000,956,0.4598,Ethylene-responsive transcription factor ERF105,ERF105_10,VvERF084,vv30008Ethylene_signaling,vv60003AP2_EREBP
218,VIT_00s0437g00060,942,0.4582,Receptor kinase RK20-1,,,,
219,VIT_14s0083g00360,940,0.4563,Unknown protein,,,,
220,VIT_16s0022g01070,925,0.4495,Chalcone synthase [Vitis vinifera],E2_3_1_74,,vv10941Flavonoid_biosynthesis,
221,VIT_18s0117g00590,922,0.4474,Laccase,E1_10_3_2,,vv11000Single_reactions,vv50109Incompletely_characterized_transport_systems
222,VIT_12s0059g02540,923,0.4465,CRK10 (cysteine-rich RLK10),,,,
223,VIT_09s0054g00740,921,0.4460,SAUR_C,SAURC,,vv30003Auxin_signaling,
224,VIT_08s0007g00960,916,0.4442,Wall-associated receptor kinase-like 20,,,,
225,VIT_11s0016g02310,915,0.4422,Thioredoxin 2,,,,
226,VIT_04s0008g03020,903,0.4377,Serine/threonine/tyrosine kinase DSK2,,,,
227,VIT_14s0066g01490,903,0.4375,UDP-glucoronosyl and UDP-glucosyl transferase,,,,
228,VIT_12s0035g00060,899,0.4354,DNA (cytosine-5)-methyltransferase,E2_1_1_37,,vv10271Methionine_metabolism,
229,VIT_06s0004g05270,898,0.4347,Zinc finger (C2H2 type) family,C2H2FAM_32,,vv60017C2H2,
230,VIT_00s0211g00070,898,0.4315,Glycine hydroxymethyltransferase,E2_1_2_1,,vv10260Glycine_serine_and_threonine_metabolism,vv10460Cyanoamino_acid_metabolism
231,VIT_18s0041g00020,887,0.4308,Wall-associated receptor kinase 2,,,,
232,VIT_18s0001g02450,893,0.4299,No hit,,,,
233,VIT_03s0063g01850,887,0.4285,AOS (allene oxide synthase),E4_2_1_92,,vv10592alpha-Linolenic_acid_metabolism,
234,VIT_14s0083g00450,880,0.4276,Protein kinase PKN/PRK1  effector,,,,
235,VIT_01s0011g06250,884,0.4275,Xyloglucan endotransglycosylase,E2_4_1_207,,vv40006Cell_wall,
236,VIT_00s0338g00050,882,0.4265,Vitamin K epoxide reductase,E1_1_4_1,,vv10100Biosynthesis_of_steroids,
237,VIT_06s0009g02280,882,0.4251,Ankyrin repeat,K10380,,vv50108Accessory_factors_involved_in_transport,
238,VIT_19s0014g01520,876,0.4228,4-methyl-5-thiazole monophosphate biosynthesis protein,K03152,,,
239,VIT_12s0035g00550,869,0.4216,Unknown protein,,,,
240,VIT_03s0063g02210,876,0.4216,Unknown protein,,,,
241,VIT_14s0081g00770,867,0.4215,R protein disease resistance protein,RPROT,,vv34627R_proteins_from_Plant-pathogen_interaction,
242,VIT_18s0001g03120,872,0.4208,Ethylene-responsive transcription factor ERF003,ERF003_6,,vv30008Ethylene_signaling,vv60003AP2_EREBP
243,VIT_17s0000g02930,866,0.4202,Glutathione S-transferase 25 GSTU7,E2_5_1_18_GSTU7,,vv10480Glutathione_metabolism,
244,VIT_11s0016g03050,874,0.4200,MATE efflux family protein,MATE,,vv50125Porters_cat_66_to_94,
245,VIT_09s0002g01890,871,0.4198,Hydroxyproline-rich glycoprotein,HRGP,,vv40006Cell_wall,
246,VIT_00s0264g00130,859,0.4182,Ankyrin repeat protein  chloroplast precursor (AKRP),K10380,,vv50108Accessory_factors_involved_in_transport,
247,VIT_02s0109g00230,867,0.4158,Early-responsive to dehydration protein / ERD protein,,,,
248,VIT_13s0084g00480,852,0.4136,No hit,,,,
249,VIT_01s0010g01740,850,0.4122,Tobamovirus multiplication 1 homolog 3,,,,
250,VIT_06s0004g04000,851,0.4117,Beta-ketoacyl-CoA synthase,E2_3_1_41,,vv10061Fatty_acid_biosynthesis,
251,VIT_04s0023g00190,841,0.4079,No hit,,,,
252,VIT_08s0032g00760,842,0.4056,Translation initiation factor eIF-2 beta subunit,K03238,,vv23013RNA_transport,
253,VIT_16s0013g01120,837,0.4026,Ethylene-responsive transcription factor ERF105,ERF105_17,VvERF092,vv30008Ethylene_signaling,vv60003AP2_EREBP
254,VIT_19s0014g02070,830,0.4019,flavonol 3-O-glucosyltransferase,E2_4_1_91,,vv10941Flavonoid_biosynthesis,
255,VIT_08s0032g00790,834,0.4012,ABC transporter G member 4,K05680,,vv52010ABC_transporters,
256,VIT_18s0041g02380,831,0.4007,Disease resistance protein (TIR-NBS-LRR class),,,,
257,VIT_15s0048g01670,827,0.4003,CYP704G7,,,,
258,VIT_10s0003g00580,832,0.4000,ERF/AP2 transcription factor sub B-3  (ATERF-2),ERF1_5,VvERF075,vv30008Ethylene_signaling,vv30011Jasmonate_signaling
259,VIT_06s0061g00120,822,0.3990,Beta-1 3-glucanase [Vitis riparia],E3_2_1_6,,,
260,VIT_03s0038g00860,820,0.3969,BZIP transcription factor,BZIPDOM_4,VvbZIP05,vv60012BZIP,
261,VIT_02s0012g01390,814,0.3959,Unknown,,,,
262,VIT_16s0098g00740,817,0.3956,Ovate family protein 10 OFP10,OFP10_1,,vv60086OFP,
263,VIT_01s0011g04630,812,0.3932,Ribose 5-phosphate isomerase,E5_3_1_6,,vv10030Pentose_phosphate,vv10710Carbon_fixation
264,VIT_08s0007g02380,809,0.3903,Heat shock protein-related,,,,
265,VIT_08s0007g00880,797,0.3867,Zinc finger (C2H2 type) family,C2H2FAM_45,,vv60017C2H2,
266,VIT_05s0049g00990,801,0.3849,Metallothionein 2A,,,,
267,VIT_01s0011g01790,795,0.3837,Galactose-binding like,,,,
268,VIT_06s0009g00280,793,0.3836,Arginine decarboxylase [Vitis vinifera],E4_1_1_19,,vv10220Urea_cycle_and_metabolism_of_amino_groups,vv10251Glutamate_metabolism
269,VIT_19s0015g01870,798,0.3835,WRKY DNA-binding protein 2,WRKY2_1,VvWRKY57,vv60066WRKY,
270,VIT_09s0002g02980,791,0.3829,FRK1 (FLG22-induced receptor-like kinase 1),FRK1,,vv34626Plant-pathogen_interaction,
271,VIT_08s0007g03250,786,0.3823,Unknown protein,,,,
272,VIT_15s0048g02730,785,0.3822,Ribosome biogenesis regulatory protein (RRS1),,,,
273,VIT_06s0004g00460,782,0.3798,Elongation factor P (EF-P),K02356,,,
274,VIT_08s0007g00710,779,0.3761,Unknown,,,,
275,VIT_14s0068g00190,778,0.3744,No hit,,,,
276,VIT_11s0052g00410,764,0.3682,Allyl alcohol dehydrogenase,,,,
277,VIT_07s0129g00280,749,0.3634,Unknown protein,,,,
278,VIT_11s0065g00100,749,0.3624,Carbonic anhydrase,E4_2_1_1,,vv10910Nitrogen_metabolism,vv50124Porters_cat_30_to_64
279,VIT_09s0002g02900,745,0.3613,Leucine-rich repeat protein kinase,,,,
280,VIT_12s0028g04020,747,0.3612,Ankyrin repeat,K10380,,vv50108Accessory_factors_involved_in_transport,
281,VIT_01s0026g02420,744,0.3601,Unknown protein,,,,
282,VIT_12s0055g00380,743,0.3593,No hit,,,,
283,VIT_03s0088g00690,744,0.3589,Pathogenesis-related protein 1 precursor (PRP 1),PRP1,,vv30011Jasmonate_signaling,vv34626Plant-pathogen_interaction
284,VIT_19s0014g03420,738,0.3581,Late embryogenesis abundant protein,,,,
285,VIT_09s0002g06930,736,0.3566,Pleiotropic drug resistance 6,PDR6,,vv52010ABC_transporters,
286,VIT_01s0011g05910,733,0.3563,S-adenosyl-L-methionine:salicylic acid carboxyl methyltransferase,SAMTBSCMT,,vv10360Phenylalanine_metabolism,
287,VIT_05s0062g00300<br>VIT_05s0062g00270,737,0.3545,
288,VIT_01s0026g01190,731,0.3514,CW14,,,,
289,VIT_19s0177g00330,725,0.3513,Unknown protein,,,,
290,VIT_01s0026g01030,727,0.3507,Zinc finger (C3HC4-type ring finger),ZFC3HC4_141,,vv60078Other_zf-C3HC4,
291,VIT_14s0066g00410,725,0.3499,Aldose 1-epimerase,E5_1_3_3,,vv10010Glycolysis,
292,VIT_00s0956g00020,719,0.3473,Leafy cotyledon1-like protein,L1L_1,,vv60021CCAAT,
293,VIT_18s0001g04080,709,0.3438,Sesquiterpene synthase,E2_5_1_21,,vv10100Biosynthesis_of_steroids,vv10900Terpenoid_biosynthesis
294,VIT_18s0001g15650,711,0.3433,Pathogenesis related protein,,,,
295,VIT_18s0089g00710,715,0.3426,Secologanin synthase CYP72A1,K13400,,vv10902Monoterpenoid_biosynthesis,
296,VIT_14s0066g00470,710,0.3423,Unknown protein,,,,
297,VIT_18s0041g00500,698,0.3405,Proton-dependent oligopeptide transport (POT) family protein,POT,,vv50122Porters_cat_7_to_17,
298,VIT_15s0048g01590,696,0.3392,CYP76B1,,,,
299,VIT_13s0067g00140,702,0.3377,Proline-rich family protein,BHSH1,,vv60013BHSH,
300,VIT_10s0092g00500,696,0.3356,CYP71D10,,,,
301,VIT_18s0001g05000<br>VIT_18s0001g04780<br>VIT_18s0001g04120,691,0.3348,
302,VIT_05s0020g04940,696,0.3341,NBS-LRR type disease resistance protein,,,,
303,VIT_01s0010g00060,697,0.3330,Unknown protein,,,,
304,VIT_13s0067g00300<br>VIT_13s0067g00130<br>VIT_13s0067g00290,686,0.3300,
305,VIT_18s0089g01120,677,0.3291,NAC domain-containing protein 70,NAC070,VvNAC70,vv60046NAC,
306,VIT_14s0108g00540,680,0.3274,Phosphofructokinase,E2_7_1_90,,vv10051Fructose_and_mannose_metabolism,
307,VIT_05s0062g01090,661,0.3212,Unknown,,,,
308,VIT_14s0066g02110,663,0.3206,AAA-type ATPase,,,,
309,VIT_17s0119g00160,664,0.3203,Trypsin and protease inhibitor Kunitz family,,,,
310,VIT_12s0035g00310,663,0.3195,Protein kinase SPK-3 ASK1,ASK1,,vv30001ABA_signaling,vv30009Flower_development
311,VIT_17s0000g03330,657,0.3163,Receptor serine/threonine kinase PR5K,,,,
312,VIT_00s0411g00040,653,0.3145,Unknown,,,,
313,VIT_18s0041g02260<br>VIT_18s0041g02060,647,0.3115,
314,VIT_10s0003g02190,639,0.3102,Nodulin MtN3 family,,,,
315,VIT_01s0137g00360,643,0.3102,Transducin family protein / WD-40 repeat,,,,
316,VIT_00s0317g00040,637,0.3094,Dehydroascorbate reductase,E1_8_5_1,,vv10053Ascorbate_and_aldarate_metabolism,vv10251Glutamate_metabolism
317,VIT_08s0007g08750,633,0.3071,Heat shock transcription factor B3,HSFB3,,vv60037HSF,
318,VIT_11s0118g00600,633,0.3064,PLATZ transcription factor,PLATZFAM_3,,vv60049PLATZ,
319,VIT_18s0076g00350,632,0.3062,F-box protein (FBX3),,,,
320,VIT_11s0016g04880,621,0.2997,Salt-inducible protein kinase,,,,
321,VIT_17s0000g08550,606,0.2949,Myb domain protein 98,MYB98_2,MYB98,vv60044MYB,
322,VIT_08s0007g00600,608,0.2944,Laccase-17 precursor,E1_10_3_2,,vv11000Single_reactions,vv50109Incompletely_characterized_transport_systems
323,VIT_11s0118g00250,609,0.2941,IMP dehydrogenase/GMP reductase,E1_1_1_205,,vv10230Purine_metabolism,
324,VIT_18s0041g00030,605,0.2914,Wall-associated receptor kinase 5,,,,
325,VIT_11s0016g00880,603,0.2907,Strictosidine synthase; Soluble quinoprotein glucose dehydrogenase,E4_3_3_2,,vv10900Terpenoid_biosynthesis,vv10902Monoterpenoid_biosynthesis
326,VIT_13s0019g01510,601,0.2901,Unknown protein,,,,
327,VIT_00s1542g00010,594,0.2898,Receptor protein kinase,,,,
328,VIT_19s0014g04840,596,0.2890,(-)-germacrene D synthase,E4_2_3_22,,vv10900Terpenoid_biosynthesis,
329,VIT_08s0040g03350,596,0.2886,No hit,,,,
330,VIT_04s0043g00510,596,0.2882,Ethylene-responsive transcription factor ERF003,ERF003_1,,vv30008Ethylene_signaling,vv60003AP2_EREBP
331,VIT_16s0022g01190<br>VIT_00s1492g00010<br>VIT_16s0022g01000<br>VIT_16s0022g01140,587,0.2866,
332,VIT_02s0012g00410,593,0.2865,Naringenin 2-oxoglutarate 3-dioxygenase,E1_14_11_9,,vv10941Flavonoid_biosynthesis,
333,VIT_18s0001g01880,592,0.2861,Pentatricopeptide (PPR) repeat,,,,
334,VIT_07s0005g05210,591,0.2856,No hit,,,,
335,VIT_05s0094g00960,582,0.2823,UDP-xylose phenolic glycosyltransferase,,,,
336,VIT_19s0090g01470,586,0.2820,Protease inhibitor/seed storage/lipid transfer protein (LTP),,,,
337,VIT_14s0171g00070,580,0.2805,Hcr2-0B,,,,
338,VIT_14s0066g01540,580,0.2805,Serine/threonine kinase SYMRK,,,,
339,VIT_18s0041g02140,571,0.2762,MADS-box agamous-like 12,AGL12,,vv60042MADS,
340,VIT_08s0007g01070,572,0.2759,DC1 domain-containing protein,,,,
341,VIT_03s0088g00700,570,0.2758,Pathogenesis related protein 1 precursor (pr1 gene),PRP1,,vv30011Jasmonate_signaling,vv34626Plant-pathogen_interaction
342,VIT_09s0054g01340,559,0.2712,Beta-amyrin synthase,E5_4_99_BAS,,vv10900Terpenoid_biosynthesis,
343,VIT_13s0019g04900,553,0.2684,Pectate lyase,E4_2_2_2,,vv40006Cell_wall,
344,VIT_19s0093g00440,552,0.2678,3-ketoacyl-CoA synthase,,,,
345,VIT_14s0083g00900,554,0.2675,Aspartate aminotransferase,E2_6_1_1,vv10710Carbon_fixation,vv10252Alanine_and_aspartate_metabolism,vv10272Cysteine_metabolism
346,VIT_07s0141g00890,548,0.2658,CYP94A1,,,,
347,VIT_09s0002g03230,541,0.2615,Acid phosphatase,E3_1_3_2,,vv10740Riboflavin_metabolism,
348,VIT_03s0038g03600,538,0.2614,Serine/threonine kinase,,,,
349,VIT_05s0077g01970,538,0.2599,Zinc finger (C3HC4-type ring finger),ZFC3HC4_64,,vv60078Other_zf-C3HC4,
350,VIT_08s0040g03120,532,0.2583,Pseudo-response regulator 7 (APRR7),APRR7_1,,vv30007Cytokinin_signaling,vv34710Circadian_rhythm
351,VIT_13s0019g00440,530,0.2557,Auxin-regulated protein,AUXREG,,vv30003Auxin_signaling,
352,VIT_09s0018g01270,528,0.2552,Ribulose bisphosphate carboxylase/oxygenase activase 2,,,,
353,VIT_14s0036g00840,524,0.2538,Endoribonuclease L-PSP,,,,
354,VIT_02s0025g04940,519,0.2532,Carboxyl-terminal peptidase,,,,
355,VIT_08s0040g01440,521,0.2519,TRNA (guanine-N(7)-)-methyltransferase,E2_1_1_33,,vv10271Methionine_metabolism,
356,VIT_03s0097g00520,520,0.2518,Magnesium transporter CorA,MRS2REL,,vv50101Channels_and_pores,
357,VIT_05s0062g01120,518,0.2513,PIN1,PIN1,,vv50004Auxin_transport,vv50125Porters_cat_66_to_94
358,VIT_00s0901g00010,516,0.2506,Ankyrin repeat protein,,,,
359,VIT_01s0011g04100,515,0.2501,No hit,,,,
360,VIT_00s0332g00090,511,0.2475,Unknown protein,,,,
361,VIT_16s0022g01020,508,0.2468,Chalcone synthase [Vitis vinifera],E2_3_1_74,,vv10941Flavonoid_biosynthesis,
362,VIT_06s0004g04490,509,0.2460,Unknown protein,,,,
363,VIT_12s0142g00130,511,0.2458,MAPK (MPK20),,,,
364,VIT_00s0398g00050,509,0.2455,Inter-alpha-trypsin inhibitor heavy chain,,,,
365,VIT_03s0091g00260,508,0.2451,Zinc finger protein 4,ZFP4_1,,vv60017C2H2,
366,VIT_10s0116g01140,504,0.2444,Stigma-specific Stig1,,,,
367,VIT_08s0007g04330,501,0.2424,CHUP1 (chloroplast unusual positioning 1),CHUP1,,vv44810Regulation_of_actin_cytoskeleton,
368,VIT_04s0008g03220,496,0.2401,Lysophospholipase,E3_1_1_5,,vv10564Glycerophospholipid_metabolism,
369,VIT_11s0052g00250,496,0.2398,No hit,,,,
370,VIT_10s0003g01100,489,0.2376,Cysteine protease RCR3,K13441,,vv34626Plant-pathogen_interaction,
371,VIT_06s0009g02010,491,0.2375,Anthocyanin 3-O-galactosyltransferase,E2_4_1_115,,vv10942Anthocyanin_biosynthesis,
372,VIT_04s0079g00790,491,0.2373,Acyl-CoA synthetases (Acyl-activating enzyme 11),E6_2_1_3,,vv10071Fatty_acid_metabolism,vv50104Group_translocators
373,VIT_00s0245g00030,490,0.2355,Integral membrane family protein,,,,
374,VIT_09s0054g01330,473,0.2291,Beta-amyrin synthase,E5_4_99_BAS,,vv10900Terpenoid_biosynthesis,
375,VIT_00s0396g00030,473,0.2271,Unknown,,,,
376,VIT_11s0149g00120,462,0.2236,DICER-like 4,DCL4,,vv50133Primary_active_transporter_cat_A9_to_A18,
377,VIT_10s0523g00030,463,0.2235,Photoregulatory zinc-finger protein COP1,K10143,,vv24120Ubiquitin_mediated_proteolysis,
378,VIT_13s0067g00240,457,0.2205,Binding,,,,
379,VIT_11s0052g01780,454,0.2199,1-deoxy-D-xylulose-5-phosphate synthase,E2_2_1_7,,vv10100Biosynthesis_of_steroids,
380,VIT_06s0009g03690,454,0.2189,F-box domain containing protein,,,,
381,VIT_12s0057g00520,450,0.2189,Serine/threonine-protein kinase WNK3,,,,
382,VIT_14s0068g01250,449,0.2186,Mitochondrial phosphate transporter,MPHOSPTR,,vv50123Porters_cat_18_to_29,
383,VIT_06s0004g00790,449,0.2183,Amino acid permease,AAPREL,,vv50123Porters_cat_18_to_29,
384,VIT_13s0067g03300,447,0.2165,Leukotriene A-4 hydrolase,E3_3_2_6,,,
385,VIT_04s0008g05060,447,0.2165,C-5 cytosine-specific DNA methylase,E2_1_1_37,,vv10271Methionine_metabolism,
386,VIT_02s0025g04270<br>VIT_02s0025g04260<br>VIT_02s0025g04230,445,0.2156,
387,VIT_14s0128g00790,446,0.2154,Lipoxygenase (LOX1),E1_13_11_12,,vv10592alpha-Linolenic_acid_metabolism,
388,VIT_18s0041g02360,442,0.2145,No hit,,,,
389,VIT_00s0437g00070,441,0.2138,Receptor kinase RK20-1,,,,
390,VIT_12s0028g03960,439,0.2116,Ankyrin repeat protein family,K10380,,vv50108Accessory_factors_involved_in_transport,
391,VIT_07s0031g00040,437,0.2115,Unknown protein,,,,
392,VIT_18s0075g00270,435,0.2095,Unknown,,,,
393,VIT_18s0041g02440,434,0.2093,TIR-NBS-LRR-TIR disease resistance protein,,,,
394,VIT_11s0052g00870,430,0.2081,IAA33,IAA33,,vv30003Auxin_signaling,vv60008AUXIAA
395,VIT_13s0019g03020,431,0.2072,Glucosyltransferase-2,,,,
396,VIT_14s0030g02230,426,0.2055,Unfertilized embryo sac 12 UNE12,UNE12_1,,vv60011BHLH,
397,VIT_10s0116g01030,423,0.2049,Stigma-specific Stig1,,,,
398,VIT_04s0023g01550,422,0.2049,Unknown,,,,
399,VIT_01s0010g00560,424,0.2047,Unknown protein,,,,
400,VIT_07s0151g00210,425,0.2044,Chlorophyllase 1,E3_1_1_14,,vv10860Porphyrin_and_chlorophyll_metabolism,
401,VIT_05s0020g03140,420,0.2033,Sugar transporter 13,STP13,,vv50121Porters_cat_1_to_6,
402,VIT_03s0017g01280,415,0.2008,ABC transporter G member 7,ABCG7,,vv52010ABC_transporters,
403,VIT_18s0001g15360,411,0.1985,Thylakoid lumenal 29.8 kDa protein,,,,
404,VIT_18s0001g06690,406,0.1980,Gibberellin 20 oxidase 2,E1_14_11_12,,vv10904Diterpenoid_biosynthesis,
405,VIT_08s0007g02950,405,0.1964,Unknown protein,,,,
406,VIT_05s0102g00810,407,0.1961,Unknown protein,,,,
407,VIT_00s0567g00060,406,0.1961,Patatin,,,,
408,VIT_13s0019g01240,404,0.1960,Actin beta/gamma 1,K05692,,vv44810Regulation_of_actin_cytoskeleton,
409,VIT_19s0085g00640,402,0.1941,CTV.20,,,,
410,VIT_04s0008g05730,400,0.1935,Sucrose-phosphate synthase,E2_4_1_14,,vv10500Starch_and_sucrose_metabolism,
411,VIT_04s0008g06000,392,0.1897,Ethylene-responsive transcription factor ERF003,ERF003_2,VvERF045,vv30008Ethylene_signaling,vv60003AP2_EREBP
412,VIT_15s0048g02640,394,0.1895,No hit,,,,
413,VIT_17s0119g00240,386,0.1873,Trypsin and protease inhibitor Kunitz family,,,,
414,VIT_06s0004g00750,384,0.1869,Acyl-CoA synthetases (Acyl-activating enzyme 18),E6_2_1_3,,vv10071Fatty_acid_metabolism,vv50104Group_translocators
415,VIT_06s0080g01030,383,0.1852,No hit,,,,
416,VIT_00s0238g00080,384,0.1846,TIR-NBS-LRR disease resistance,,,,
417,VIT_15s0107g00390,377,0.1829,5'-adenylylsulfate reductase (APR3),E1_8_4_8,,vv10920Sulfur_metabolism,
418,VIT_12s0028g00590,379,0.1827,3-hydroxyisobutyryl-CoA hydrolase,E3_1_2_4,,vv10280Valine_leucine_and_isoleucine_degradation,vv10410Beta-alanine_metabolism
419,VIT_03s0180g00240,379,0.1827,No hit,,,,
420,VIT_13s0019g04060,373,0.1803,MLO1,K08472,,,
421,VIT_09s0096g00710,369,0.1798,No hit,,,,
422,VIT_14s0060g00150,373,0.1795,Nectarin-1NECI,,,,
423,VIT_02s0012g02720,372,0.1793,RPM1 (resistance to p. syringae pv maculicola 1),K13457,,vv34626Plant-pathogen_interaction,
424,VIT_07s0031g01670,370,0.1789,CYP96A10,,,,
425,VIT_12s0028g03390,373,0.1786,Extensin-like protein,EXTENSIN,,vv40006Cell_wall,
426,VIT_13s0019g01700,367,0.1785,Scarecrow transcription factor 14 (SCL14),SCL14_1,,vv60032GRAS,
427,VIT_08s0007g07750,368,0.1778,Polygalacturonase PG1,E3_2_1_15,,vv40006Cell_wall,
428,VIT_05s0020g04930,365,0.1762,RPM1 (resistance to p. syringae pv maculicola 1),K13457,,vv34626Plant-pathogen_interaction,
429,VIT_03s0063g01470,360,0.1743,Steroid nuclear receptor  ligand-binding,,,,
430,VIT_06s0061g00100,356,0.1743,Glucan endo-1 3-beta-glucosidase  acidic isoform precursor,E3_2_1_39,,vv10500Starch_and_sucrose_metabolism,
431,VIT_19s0015g00170,358,0.1728,Zinc metallopeptidase,E3_4_24_x,,,
432,VIT_11s0052g01140,354,0.1709,Membrane protein,,,,
433,VIT_05s0051g00390,352,0.1707,Disease resistance-responsive,,,,
434,VIT_06s0004g06190,350,0.1689,DEGP9 (DEGP protease 9),,,,
435,VIT_12s0121g00300,344,0.1650,Brassinosteroid insensitive 1-associated receptor kinase 1,BAK1,,vv30005Brassinosteroids_signaling,vv34626Plant-pathogen_interaction
436,VIT_16s0039g01940,342,0.1648,No hit,,,,
437,VIT_14s0081g00630,334,0.1617,Ethylene receptor (EIN4),EIN4,,vv30008Ethylene_signaling,
438,VIT_00s0199g00240,333,0.1605,Pyrophosphate-fructose-6-phosphate 1-phosphotransferase,E2_7_1_90,,vv10051Fructose_and_mannose_metabolism,
439,VIT_02s0236g00070,328,0.1580,Unknown,,,,
440,VIT_00s0266g00030<br>VIT_00s0271g00020,325,0.1575,
441,VIT_07s0031g02790,325,0.1569,Unknown,,,,
442,VIT_01s0011g05270,321,0.1550,Protein BCCIP homolog,,,,
443,VIT_00s0629g00010,320,0.1539,NADH dehydrogenase subunit 4,K03881,,vv10190Oxidative_phosphorylation,vv50134Primary_active_transporter_cat_D1
444,VIT_18s0001g09020,314,0.1514,Exo70 exocyst complex subunit G1,EXO70G1,,vv50111Tethering_factors,
445,VIT_01s0010g01530,311,0.1499,MADS-box agamous-like 62,AGL62_7,,vv60042MADS,
446,VIT_15s0048g02060,310,0.1496,Hydrolase  alpha/beta fold,,,,
447,VIT_01s0026g02540,310,0.1492,Zinc finger (C3HC4-type ring finger),ZFC3HC4_54,,vv60078Other_zf-C3HC4,
448,VIT_10s0092g00510,307,0.1489,CYP71D10p,E1_14_13_73,,vv10902Monoterpenoid_biosynthesis,
449,VIT_11s0016g03560,307,0.1483,Ethylene-responsive protein,ERUNK_6,,vv30008Ethylene_signaling,vv60011BHLH
450,VIT_17s0000g07570,307,0.1482,formin 8,FH8,,vv44810Regulation_of_actin_cytoskeleton,
451,VIT_07s0129g00580,305,0.1470,Snakin-1,SNAKIN,,vv30010Gibberellin_signaling,
452,VIT_07s0031g00560,301,0.1460,Lipase class 3,,,,
453,VIT_09s0002g03220,302,0.1456,Acid phosphatase,E3_1_3_2,,vv10740Riboflavin_metabolism,
454,VIT_14s0006g00840,295,0.1434,No hit,,,,
455,VIT_18s0001g08010,294,0.1432,Octicosapeptide/Phox/Bem1p (PB1) domain-containing protein,,,,
456,VIT_14s0083g01160,295,0.1429,COBRA protein,COBRA,,vv40006Cell_wall,
457,VIT_09s0018g01900,290,0.1416,PEPR1 (PEP1 receptor 1),,,,
458,VIT_01s0011g02390,292,0.1414,Unknown,,,,
459,VIT_08s0058g00450,289,0.1398,Substrate carrier  Mitochondrial,K03454,,vv50123Porters_cat_18_to_29,
460,VIT_18s0075g00950,286,0.1380,Laccase,E1_10_3_2,,vv11000Single_reactions,vv50109Incompletely_characterized_transport_systems
461,VIT_00s0332g00040,280,0.1342,Unknown protein,,,,
462,VIT_12s0142g00540,275,0.1325,3-phosphoshikimate 1-carboxyvinyltransferase  chloroplast precursor,E2_5_1_19,,vv10400Phenylalanine_tyrosine_and_tryptophan_biosynthesis,
463,VIT_07s0005g01320,275,0.1324,Unknown,,,,
464,VIT_06s0009g00980,274,0.1320,CXE carboxylesterase,E3_1_1_1,,,
465,VIT_02s0087g00470,263,0.1267,Anthraniloyal-CoA: methanol anthraniloyal transferase,AMAT,,vv10400Phenylalanine_tyrosine_and_tryptophan_biosynthesis,
466,VIT_00s0480g00060,263,0.1266,Polyphenol oxidase [Vitis vinifera],E1_10_3_1,,vv10350Tyrosine_metabolism,vv50109Incompletely_characterized_transport_systems
467,VIT_05s0020g02120,258,0.1246,Cationic peroxidase isozyme 40K precursor,E1_11_1_7,,vv10360Phenylalanine_metabolism,vv10680Methane_metabolism
468,VIT_13s0156g00570,257,0.1246,S-receptor kinase,,,,
469,VIT_14s0066g01550,256,0.1240,Aldehyde dehydrogenase 1 precursor,E1_2_1_3,vv10561Glycerolipid_metabolism,vv10010Glycolysis,vv10071Fatty_acid_metabolism
470,VIT_16s0050g00800,256,0.1236,Sec-independent protein translocase protein TatA,K03116,,vv23060Protein_export,vv50113Thylakoid_targeting_pathway
471,VIT_17s0119g00280,253,0.1226,Alpha-amylase/subtilisin inhibitor,E3_2_1_1,,vv10500Starch_and_sucrose_metabolism,
472,VIT_15s0021g01780,254,0.1223,No hit,,,,
473,VIT_10s0116g01570,251,0.1218,No hit,,,,
474,VIT_19s0085g00940,253,0.1211,Myb domain protein 67,MYB67_1,MYB67B,vv60044MYB,
475,VIT_06s0004g01470,249,0.1203,Lipoxygenase LOX1,E1_13_11_12,,vv10592alpha-Linolenic_acid_metabolism,
476,VIT_05s0124g00310,249,0.1201,Male sterility 2,,,,
477,VIT_19s0014g02740,247,0.1196,Metallothionein,,,,
478,VIT_09s0054g01290,246,0.1196,Beta-amyrin synthase,E5_4_99_BAS,,vv10900Terpenoid_biosynthesis,
479,VIT_14s0128g00120,247,0.1194,Ring-H2 finger protein ATL3B,VVL3B,,vv60078Other_zf-C3HC4,
480,VIT_18s0075g01010,245,0.1183,Dihydrofolate reductase-thymidylate synthase,K13998,,vv10240Pyrimidine_metabolism,vv10670One_carbon_pool_by_folate
481,VIT_10s0042g00760,243,0.1182,No hit,,,,
482,VIT_03s0038g01760,245,0.1179,Disease resistance protein (CC-NBS class),,,,
483,VIT_08s0040g00860,243,0.1175,No hit,,,,
484,VIT_11s0016g04330,241,0.1169,Unknown,,,,
485,VIT_00s0125g00010,242,0.1169,No hit,,,,
486,VIT_06s0004g01010,241,0.1164,Dirigent protein pDIR9,,,,
487,VIT_09s0002g04160,241,0.1160,Thioesterase family,,,,
488,VIT_19s0015g02420,235,0.1140,Serine/threonine-protein kinase receptor ARK3,,,,
489,VIT_07s0005g00080,236,0.1138,Desiccation protein PCC13-62,,,,
490,VIT_14s0066g02090,235,0.1133,AAA-type ATPase,,,,
491,VIT_17s0000g06300,234,0.1127,No hit,,,,
492,VIT_00s1291g00030<br>VIT_00s0768g00040<br>VIT_00s0929g00020,230,0.1118,
493,VIT_05s0094g00080,228,0.1103,Pentatricopeptide repeat,,,,
494,VIT_05s0062g00310,227,0.1100,UDP-glucoronosyl/UDP-glucosyl transferase UGT75C1,UGT75C1,,vv10942Anthocyanin_biosynthesis,
495,VIT_18s0001g10900,227,0.1099,Patatin,,,,
496,VIT_00s0480g00030,224,0.1089,Polyphenol oxidase,E1_10_3_1,,vv10350Tyrosine_metabolism,vv50109Incompletely_characterized_transport_systems
497,VIT_05s0020g04090,222,0.1074,Heat shock transcription factor A6B,HSFA6B_3,,vv60037HSF,
498,VIT_04s0023g02230,221,0.1072,S-adenosyl-L-methionine:salicylic acid carboxyl methyltransferase,SAMTBSCMT,,vv10360Phenylalanine_metabolism,
499,VIT_18s0001g07360,221,0.1071,ER6 protein universal stress protein (USP) family,USPER6,,vv30008Ethylene_signaling,
500,VIT_09s0002g05350,221,0.1071,2-oxoglutarate-dependent dioxygenase,,,,
501,VIT_05s0124g00300,221,0.1067,Male sterility 2,,,,
502,VIT_03s0017g01290,219,0.1062,ABC transporter G member 7,ABCG7,,vv52010ABC_transporters,
503,VIT_13s0019g02200,218,0.1061,Protein phosphatase 2CA AHG3 PP2CA,AHG3,,vv30001ABA_signaling,
504,VIT_19s0014g01780,219,0.1056,BZIP transcription factor,BZIPDOM_14,VvbZIP52,vv60012BZIP,
505,VIT_18s0001g00370,220,0.1055,Ceramidase,E3_5_1_23,,vv10600Sphingolipid_metabolism,
506,VIT_19s0014g00800,217,0.1049,No hit,,,,
507,VIT_12s0134g00140,215,0.1042,R-linalool synthase,E4_2_3_26,,vv10900Terpenoid_biosynthesis,
508,VIT_10s0003g00140,214,0.1039,Ethylene-responsive transcription factor 9,ERF9_2,VvERF064,vv30008Ethylene_signaling,vv60003AP2_EREBP
509,VIT_18s0041g01530,216,0.1036,CYP706A12,,,,
510,VIT_16s0098g01260,212,0.1028,Intramitochondrial sorting protein MSP1 protein,MSP1,,vv50133Primary_active_transporter_cat_A9_to_A18,
511,VIT_15s0021g00030,213,0.1027,No hit,,,,
512,VIT_00s0207g00070,211,0.1025,HAD-superfamily hydrolase  subfamily IIA,K07025,,,
513,VIT_06s0004g05260,210,0.1020,Zinc finger (C2H2 type) family,C2H2FAM_33,,vv60017C2H2,
514,VIT_04s0008g01390,211,0.1020,RNA recognition motif (RRM)-containing protein,,,,
515,VIT_04s0044g00570,210,0.1017,No hit,,,,
516,VIT_06s0004g02060,210,0.1012,Aldehyde dehydrogenase 3B1,E1_2_1_3,vv10561Glycerolipid_metabolism,vv10010Glycolysis,vv10071Fatty_acid_metabolism
517,VIT_01s0127g00710,208,0.1001,Mov34 STAM-binding protein,K11866,,vv50111Tethering_factors,
518,VIT_01s0011g02330,205,0.0992,Unknown protein,,,,
519,VIT_14s0030g01610,205,0.0988,Cytidine/deoxycytidylate deaminase,E3_5_4_5,,vv10240Pyrimidine_metabolism,
520,VIT_13s0067g01840,202,0.0976,ferritin,E1_16_3_1,,vv10860Porphyrin_and_chlorophyll_metabolism,
521,VIT_18s0075g00050,203,0.0976,No hit,,,,
522,VIT_00s0324g00030,201,0.0970,Unknown,,,,
523,VIT_08s0007g00510,200,0.0965,Scarecrow-like transcription factor 9 (SCL9),SCL9,,vv60032GRAS,
524,VIT_00s0179g00310,199,0.0960,Ammonium transporter 2,AMT2,,vv50101Channels_and_pores,
525,VIT_07s0005g04020,198,0.0955,Leucine Rich Repeat receptor-like kinase,,,,
526,VIT_12s0059g02710,197,0.0953,Pinene synthase,E4_2_3_14,,vv10902Monoterpenoid_biosynthesis,
527,VIT_16s0098g01420,195,0.0943,DOF affecting germination 1,DAG1_2,,vv60015C2C2-DOF,
528,VIT_06s0004g03100,194,0.0941,MLO1,K08472,,,
529,VIT_05s0124g00320,194,0.0939,Male sterility 2,,,,
530,VIT_14s0108g00610,190,0.0919,Amino acid permease,AAPREL,,vv50123Porters_cat_18_to_29,
531,VIT_19s0014g04850,190,0.0919,Germacrene-D synthase,E4_2_3_22,,vv10900Terpenoid_biosynthesis,
532,VIT_14s0066g01860,189,0.0913,Zinc finger protein 5,ZFP5_2,,vv60017C2H2,
533,VIT_09s0002g05990,188,0.0911,6-4 photolyase,K02295,,vv34710Circadian_rhythm,
534,VIT_03s0038g03090,184,0.0895,Catechol O-methyltransferase,E2_1_1_6,,vv10350Tyrosine_metabolism,
535,VIT_18s0001g15640,184,0.0894,Pathogenesis-related,,,,
536,VIT_00s0256g00060,182,0.0879,Unknown,,,,
537,VIT_00s0809g00020,179,0.0864,Unknown,,,,
538,VIT_17s0000g07620,177,0.0858,Pentatricopeptide (PPR) repeat-containing protein,,,,
539,VIT_18s0117g00140,176,0.0852,FAR1-related sequence 12,FRS12,,vv60071Orphans_far-red,
540,VIT_05s0102g00130,175,0.0852,Unknown protein,,,,
541,VIT_01s0010g02770,172,0.0831,Adenylate kinase-b,E2_7_4_3,,vv10230Purine_metabolism,
542,VIT_14s0060g01830,171,0.0826,Unknown protein,,,,
543,VIT_01s0127g00600,171,0.0825,DC1 domain-containing protein,,,,
544,VIT_11s0016g01310,170,0.0821,TT2 (transparent testa 2),TT2_5,MYBPA4,vv44110Cell_cycle,vv60044MYB
545,VIT_06s0004g02180,170,0.0821,Histidinol-phosphate aminotransferase,E2_6_1_9,,vv10340Histidine_metabolism,vv10350Tyrosine_metabolism
546,VIT_15s0045g00030,169,0.0816,No hit,,,,
547,VIT_12s0057g00530,167,0.0807,DGCR14,,,,
548,VIT_13s0064g01640,167,0.0802,Beta-primeverosidase,E3_2_1_149,,vv11000Single_reactions,
549,VIT_09s0018g00300,160,0.0774,N-acetyltransferase hookless1 HLS1,HLS1_2,,vv30008Ethylene_signaling,vv50004Auxin_transport
550,VIT_19s0090g01160,159,0.0769,Lipase GDSL,,,,
551,VIT_14s0060g01820,158,0.0765,Unknown,,,,
552,VIT_08s0040g01920,157,0.0754,Crinkly4,,,,
553,VIT_18s0001g10770,157,0.0754,Unknown,,,,
554,VIT_06s0009g01960,154,0.0742,Anthocyanin 3-O-galactosyltransferase,E2_4_1_115,,vv10942Anthocyanin_biosynthesis,
555,VIT_00s0193g00050,151,0.0731,Ankyrin repeat protein,,,,
556,VIT_08s0007g07840,146,0.0713,Cysteine protease out,E3_4_22_x,,,
557,VIT_19s0015g02630,147,0.0708,No hit,,,,
558,VIT_14s0060g00750,145,0.0702,No hit,,,,
559,VIT_00s1674g00010,144,0.0698,4-nitrophenylphosphatase,E3_1_3_18,,vv10630Glyoxylate_and_dicarboxylate_metabolism,
560,VIT_06s0009g02340,143,0.0695,Tryptophan/tyrosine permease family,TRYTYRPERM,,vv50124Porters_cat_30_to_64,
561,VIT_13s0067g02360,142,0.0687,Peroxidase  class III,E1_11_1_7,,vv10360Phenylalanine_metabolism,vv10680Methane_metabolism
562,VIT_18s0001g08360,142,0.0685,Serine esterase (DUF676)  putative,E3_1_1_1,,,
563,VIT_03s0038g03080,140,0.0677,Catechol O-methyltransferase,E2_1_1_6,,vv10350Tyrosine_metabolism,
564,VIT_18s0001g14770,139,0.0669,Lipase 3 (EXL3) family II extracellular,,,,
565,VIT_12s0028g02990,137,0.0667,fasciclin arabinogalactan-protein (FLA13),FLA13,,vv40006Cell_wall,
566,VIT_10s0092g00430,138,0.0667,No hit,,,,
567,VIT_00s0211g00090,138,0.0664,Serine hydroxymethyltransferase 2,E2_1_2_1,,vv10260Glycine_serine_and_threonine_metabolism,vv10670One_carbon_pool_by_folate
568,VIT_03s0063g00220,136,0.0657,Hydrogenobyrinic acid a c-diamide synthase,E6_3_5_9,,vv50101Channels_and_pores,
569,VIT_00s0194g00380,135,0.0656,No hit,,,,
570,VIT_06s0004g00300,135,0.0648,Hcr2-p4.1,,,,
571,VIT_11s0016g04300,133,0.0646,Nudix hydrolase 20  chloroplast precursor (AtNUDT20),,,,
572,VIT_10s0071g00250,133,0.0644,Strictosidine synthase,E4_3_3_2,,vv10900Terpenoid_biosynthesis,vv10902Monoterpenoid_biosynthesis
573,VIT_02s0154g00540,128,0.0620,Protein arginine N-methyltransferase,K00599,,vv10340Histidine_metabolism,vv10350Tyrosine_metabolism
574,VIT_09s0002g02460,128,0.0618,Phosphatase,,,,
575,VIT_07s0005g03190,127,0.0611,Ethylene response factor ERF14,ERF14_1,VvERF096,vv30008Ethylene_signaling,vv60003AP2_EREBP
576,VIT_19s0090g01240,124,0.0601,Hydroxyproline-rich glycoprotein VTA1,HRGP,,vv40006Cell_wall,vv50111Tethering_factors
577,VIT_19s0090g01550,122,0.0592,Mo25,K08272,,vv34150mTOR_signaling_pathway,
578,VIT_14s0068g00470,122,0.0590,UDP-glucosyl transferase,E2_4_1_81,,vv10941Flavonoid_biosynthesis,
579,VIT_15s0046g03240,117,0.0568,Unknown protein,,,,
580,VIT_17s0000g08470,116,0.0561,Carbonic anhydrase,E4_2_1_1,,vv10910Nitrogen_metabolism,vv50124Porters_cat_30_to_64
581,VIT_11s0118g00590,115,0.0557,Unknown protein,,,,
582,VIT_11s0016g00570,115,0.0554,Dimethylaniline monooxygenase (N-oxide forming) 2,E1_14_13_8,,vv11000Single_reactions,
583,VIT_00s0555g00020,113,0.0547,flavonoid 3-monooxygenase,E1_14_13_21,,vv10941Flavonoid_biosynthesis,
584,VIT_14s0108g00180,110,0.0536,Quinonprotein alcohol dehydrogenase,,,,
585,VIT_09s0054g01700,111,0.0535,C2-HC type zinc finger protein C.e-MyT1,,,,
586,VIT_12s0028g03270,109,0.0527,Ethylene-responsive transcription factor 9,ERF9_1,,vv30008Ethylene_signaling,vv60003AP2_EREBP
587,VIT_19s0090g00230,108,0.0524,Calcineurin phosphoesterase,,,,
588,VIT_06s0004g01580,108,0.0519,Lipoxygenase,E1_13_11_12,,vv10592alpha-Linolenic_acid_metabolism,
589,VIT_00s0353g00030,107,0.0516,S-locus lectin protein kinase,,,,
590,VIT_09s0002g00490,106,0.0513,Lipase GDSL 5,,,,
591,VIT_16s0022g01290,105,0.0509,SDG29 (SET Domain group 29),SDG29_2,,vv60048PHD,
592,VIT_12s0142g00080,104,0.0504,No hit,,,,
593,VIT_11s0037g01300,103,0.0502,No hit,,,,
594,VIT_08s0056g00380,102,0.0492,Purple acid phosphatase 10 ATPAP10/PAP10,E3_1_3_2,,vv10740Riboflavin_metabolism,
595,VIT_06s0004g01100,100,0.0485,Embryo sac development arrest 3,EDA3,,,
596,VIT_09s0018g00290,100,0.0485,Unknown protein,,,,
597,VIT_19s0014g00030,100,0.0484,FRIGIDA protein,FRIGIDA,,vv30009Flower_development,
598,VIT_17s0000g09530,100,0.0483,No hit,,,,
599,VIT_14s0060g01900,98,0.0477,Unknown,,,,
600,VIT_14s0066g01610,97,0.0468,Zinc finger (C3HC4-type ring finger),ZFC3HC4_25,,vv60078Other_zf-C3HC4,
601,VIT_00s0522g00010<br>VIT_00s0266g00010<br>VIT_00s0372g00070<br>VIT_00s0372g00080<br>VIT_00s0572g00010<br>VIT_00s0372g00040<br>VIT_00s0847g00020<br>VIT_00s0572g00020,96,0.0465,
602,VIT_05s0094g01600,96,0.0463,Methylenetetrahydrofolate reductase,E1_5_1_20,,vv10670One_carbon_pool_by_folate,vv10680Methane_metabolism
603,VIT_18s0041g01590,96,0.0463,Taxane 10-beta-hydroxylase,E1_14_13_76,,vv10904Diterpenoid_biosynthesis,
604,VIT_04s0008g00220,95,0.0460,IAA6,IAA6,,vv30003Auxin_signaling,vv60008AUXIAA
605,VIT_07s0104g00660,95,0.0458,2OG-Fe(II) oxygenase,,,,
606,VIT_18s0089g01320,94,0.0457,No hit,,,,
607,VIT_06s0004g06840,91,0.0442,Protein phosphatase 2C,E3_1_3_16,,,
608,VIT_11s0118g00730,90,0.0435,No hit,,,,
609,VIT_11s0016g00660,89,0.0434,DREB sub A-5 of ERF/AP2 transcription factor,ERF017,VvERF009,vv30008Ethylene_signaling,vv60003AP2_EREBP
610,VIT_05s0094g00240,89,0.0430,Chitinase  class IV [Vitis vinifera],E3_2_1_14,,vv10530Aminosugars_metabolism,
611,VIT_08s0007g04200,89,0.0429,Late meristem identity1 HB51/LMI1,LMI1,VvHB31,vv60034HB,
612,VIT_18s0072g00550,87,0.0424,Unknown protein,,,,
613,VIT_01s0026g02730,88,0.0424,Anaphase-promoting complex component APC2,K03349,,vv24120Ubiquitin_mediated_proteolysis,vv44110Cell_cycle
614,VIT_08s0032g00770,85,0.0413,No hit,,,,
615,VIT_18s0001g04960,85,0.0411,Sulfate transporter 1.2,SULTR1_2,,vv50124Porters_cat_30_to_64,
616,VIT_04s0023g01870,85,0.0409,DNA-3-methyladenine glycosylase 1,K01246,,vv23410Base_excision_repair,
617,VIT_10s0116g01720,84,0.0403,Unknown protein,,,,
618,VIT_01s0011g00710,82,0.0397,Zinc finger (C2H2 type) family,C2H2FAM_13,,vv60017C2H2,
619,VIT_00s0270g00120,81,0.0391,Alpha-amylase/subtilisin inhibitor,E3_2_1_1,,vv10500Starch_and_sucrose_metabolism,
620,VIT_00s0246g00060<br>VIT_00s0332g00130,81,0.0391,
621,VIT_04s0069g00380,81,0.0390,Glutamate receptor 2.8,GLR2_8,,vv50101Channels_and_pores,
622,VIT_16s0039g01240<br>VIT_16s0039g01360<br>VIT_16s0039g01130<br>VITisv_009233<br>VIT_16s0039g01100<br>VIT_00s2508g00010<br>VITisv_032212<br>VIT_16s0039g01120<br>VIT_16s0039g01320<br>VIT_00s2849g00010<br>VIT_16s0039g01300<br>VIT_16s0039g01170<br>VIT_16s0039g01280,79,0.0382,
623,VIT_04s0008g05350,79,0.0382,Serine hydrolase [Vitis vinifera],E4_3_1_18,,vv10260Glycine_serine_and_threonine_metabolism,
624,VIT_12s0142g00330,77,0.0373,Copper-transporting ATPase PAA1,K01533_PAA1,,vv50131Primary_active_transporter_cat_A2_to_A4,
625,VIT_00s0211g00160<br>VIT_00s0211g00120<br>VIT_00s0211g00100,77,0.0373,
626,VIT_16s0022g00080,76,0.0365,HcrVf2 protein,,,,
627,VIT_08s0032g00670,75,0.0364,Glutamate carboxypeptidase (AMP1),E3_4_17_21,,,
628,VIT_15s0046g01600,73,0.0352,Acidic endochitinase (CHIB1),E3_2_1_14,,vv10530Aminosugars_metabolism,
629,VIT_16s0013g00830,72,0.0348,No hit,,,,
630,VIT_12s0028g02840,71,0.0345,Isoflavone methyltransferase/Orcinol O-methyltransferase 2 oomt2,E2_1_1_46,,vv10943Isoflavonoid_biosynthesis,
631,VIT_11s0016g04930,71,0.0344,Binding / zinc ion binding,,,,
632,VIT_09s0002g08580,71,0.0343,Pentatricopeptide (PPR) repeat-containing protein,,,,
633,VIT_11s0016g05180,70,0.0339,Nitrate transporter,NTP2,,vv50122Porters_cat_7_to_17,
634,VIT_14s0068g00450,69,0.0334,UDP-glucoronosyl/UDP-glucosyl transferase,,,,
635,VIT_03s0038g00140,69,0.0332,Unknown protein,,,,
636,VIT_18s0001g11620,67,0.0326,WAK receptor protein kinase,,,,
637,VIT_17s0000g01770,67,0.0326,Photosystem I assembly protein Ycf3,,,,
638,VIT_05s0062g00680,67,0.0324,Maturase,,,,
639,VIT_13s0019g03370,66,0.0319,Myb family,MYBREL_22,,vv60045MYBrelated,
640,VIT_00s0411g00010,66,0.0319,Unknown,,,,
641,VIT_19s0015g02950,66,0.0319,Secologanin synthase CYP72A1,K13400,,vv10902Monoterpenoid_biosynthesis,
642,VIT_05s0094g00950,65,0.0317,BT3 (BTB and TAZ domain protein 3),BT3,,vv60060TAZ,
643,VIT_12s0028g03820,63,0.0305,No hit,,,,
644,VIT_00s0420g00010,62,0.0301,S-locus lectin protein kinase,,,,
645,VIT_05s0102g01200,62,0.0300,Lectin,,,,
646,VIT_19s0015g00020,62,0.0299,ABC transporter C member 9,K05033,,vv52010ABC_transporters,
647,VIT_05s0094g00270,60,0.0291,Chitinase  class IV [Vitis vinifera],E3_2_1_14,,vv10530Aminosugars_metabolism,
648,VIT_06s0009g00660,60,0.0288,CRR2 (chlororespiratory reduction 2),,,,
649,VIT_15s0024g00450,59,0.0285,R protein disease resistance protein,RPROT,,vv34627R_proteins_from_Plant-pathogen_interaction,
650,VIT_00s0361g00020,58,0.0281,Anthocyanidin reductase [Vitis vinifera],E1_3_1_77,,vv10941Flavonoid_biosynthesis,
651,VIT_08s0007g05180,58,0.0280,Unknown,,,,
652,VIT_01s0011g05100,57,0.0275,Bet v I allergen family,,,,
653,VIT_11s0037g00640,56,0.0271,No hit,,,,
654,VIT_18s0001g08970,56,0.0270,No hit,,,,
655,VIT_04s0023g03540,55,0.0266,Thaumatin SCUTL1,,,,
656,VIT_12s0034g01160,55,0.0265,Blue (type 1) copper domain,,,,
657,VIT_06s0004g05520,54,0.0261,No hit,,,,
658,VIT_11s0037g00290,54,0.0259,Plastocyanin domain-containing protein,K02638,,vv10195Photosynthesis,vv50113Thylakoid_targeting_pathway
659,VIT_13s0064g01560,53,0.0257,Glycosyl hydrolase family 1 protein,,,,
660,VIT_19s0015g02700,53,0.0256,Glutathione S-transferase 25 GSTU25,E2_5_1_18_GSTU25,,vv10480Glutathione_metabolism,
661,VIT_18s0001g13670,51,0.0247,Glyoxal oxidase-related,,,,
662,VIT_18s0001g11150,51,0.0246,Acyl-peptide hydrolase,E3_4_19_1,,,
663,VIT_08s0056g01270,49,0.0239,EGY1 (Ethylene-dependent gravitropism-deficient and yellow-green 1),EGY1,,vv30008Ethylene_signaling,
664,VIT_02s0025g00750,49,0.0237,Pinoresinol forming dirigent protein,DIRPR,,vv10940Phenylpropanoid_biosynthesis,
665,VIT_11s0016g02740,49,0.0236,Beta-carotene 15 15'-monooxygenase,E1_14_99_36,,vv10906Carotenoid_biosynthesis,
666,VIT_13s0019g02880,49,0.0236,UDP-glucoronosyl/UDP-glucosyl transferase,,,,
667,VIT_05s0049g01730,48,0.0232,Unknown protein,,,,
668,VIT_18s0157g00140,47,0.0226,Alliin lyase,E4_4_1_4,,vv10272Cysteine_metabolism,
669,VIT_02s0025g02250,46,0.0225,Dof zinc finger protein DOF4.6,DOF4_6_2,,vv60015C2C2-DOF,
670,VIT_18s0001g06300,46,0.0224,Purine permease 1 PUP1,PUP1,,vv10908Zeatin_biosynthesis,vv50122Porters_cat_7_to_17
671,VIT_08s0007g06060,45,0.0219,Beta 1-3 glucanase,E3_2_1_6,,,
672,VIT_17s0000g02810,45,0.0218,No hit,,,,
673,VIT_00s0181g00200<br>VIT_00s0181g00180,45,0.0218,
674,VIT_01s0026g01460,45,0.0217,Thioredoxin H-type 2 (Trx-H-2),,,,
675,VIT_01s0026g01690,45,0.0217,Ethylene-responsive transcription factor WRINKLED 1,WRINKLED1_4,VvAP2-08,vv30008Ethylene_signaling,vv60003AP2_EREBP
676,VIT_11s0016g04600,44,0.0214,Myb family,MYBGE_14,,vv60029G2-like,
677,VIT_12s0034g02600,44,0.0213,Leucine Rich Repeat receptor-like kinase,,,,
678,VIT_03s0038g04530,44,0.0213,S-adenosyl-L-methionine:salicylic acid carboxyl methyltransferase,SAMTBSCMT,,vv10360Phenylalanine_metabolism,
679,VIT_09s0002g05370,44,0.0213,ABC transporter g family pleiotropic drug resistance 12 PDR12,ABCGPDR12,,vv52010ABC_transporters,
680,VIT_09s0070g00460,44,0.0212,No hit,,,,
681,VIT_14s0060g00440,42,0.0204,Glucan endo-1 3-beta-glucosidase-related,E3_2_1_39,,vv10500Starch_and_sucrose_metabolism,
682,VIT_10s0042g00700,42,0.0204,Leucine-rich repeat receptor-like protein kinase 1,,,,
683,VIT_00s0854g00030,42,0.0202,Unknown,,,,
684,VIT_18s0072g00160,41,0.0198,Peroxidase 12,E1_11_1_7,,vv10360Phenylalanine_metabolism,vv10680Methane_metabolism
685,VIT_11s0052g01520,41,0.0197,No hit,,,,
686,VIT_15s0045g01490,40,0.0194,Isoflavone methyltransferase/Orcinol O-methyltransferase 2 oomt2,E2_1_1_46,,vv10943Isoflavonoid_biosynthesis,
687,VIT_02s0025g02890,40,0.0194,Ribosomal protein L11,K02867,,vv23010Ribosome,
688,VIT_01s0010g01590,40,0.0194,Unknown protein,,,,
689,VIT_04s0023g00720,40,0.0194,Unknown protein,,,,
690,VIT_10s0003g00790,40,0.0192,Glutamate receptor protein,GLR2_7,,vv50101Channels_and_pores,
691,VIT_18s0157g00210,39,0.0189,Inositol-1 4 5-trisphosphate 5-Phosphatase,E3_1_3_56,,vv10562Inositol_phosphate_metabolism,vv34070Phosphatidylinositol_signaling_system
692,VIT_11s0016g01920,39,0.0188,EIF-4A3,K13025,,vv23013RNA_transport,vv23015mRNA_surveillance_pathway
693,VIT_12s0028g01200,39,0.0188,Zinc finger (C3HC4-type ring finger),ZFC3HC4_37,,vv60078Other_zf-C3HC4,
694,VIT_19s0014g01770,38,0.0184,Glutamate receptor protein,GLR2_7,,vv50101Channels_and_pores,
695,VIT_04s0008g04600,38,0.0184,Expansin family protein (EXPR3),EXPR3,,vv30003Auxin_signaling,
696,VIT_12s0028g02810,38,0.0183,Isoflavone methyltransferase/ Orcinol O-methyltransferase 1 oomt1,E2_1_1_46,,vv10943Isoflavonoid_biosynthesis,
697,VIT_00s0187g00050,37,0.0180,No hit,,,,
698,VIT_18s0041g00090,37,0.0179,Cation efflux MTP11,MTP11,,vv50121Porters_cat_1_to_6,
699,VIT_12s0028g01370,36,0.0175,PMR5 (powdery mildew resistant 5),,,,
700,VIT_09s0002g09100,35,0.0170,No hit,,,,
701,VIT_15s0048g01060,35,0.0170,UDP-galactose transporter 2 ATUTR2/UTR2,UTR2,,vv50122Porters_cat_7_to_17,
702,VIT_01s0026g00980,34,0.0165,Glycosyl transferase family 8 protein,,,,
703,VIT_14s0066g01180,34,0.0164,Phospholipid-transporting ATPase,K01530,,vv50131Primary_active_transporter_cat_A2_to_A4,
704,VIT_01s0011g01510,33,0.0160,KUP11 (K+ uptake permease 11),KUP11,,vv50125Porters_cat_66_to_94,
705,VIT_12s0134g00090,33,0.0160,R-linalool synthase,E4_2_3_26,,vv10900Terpenoid_biosynthesis,
706,VIT_13s0156g00370,33,0.0160,Myb family,MYBGE_3,,vv60029G2-like,
707,VIT_03s0088g00750,33,0.0159,Pathogenesis related protein 1 precursor [Vitis vinifera],PRP1,,vv30011Jasmonate_signaling,vv34626Plant-pathogen_interaction
708,VIT_13s0320g00020,33,0.0159,Unknown,,,,
709,VIT_11s0037g00770,32,0.0155,Leucine Rich Repeat receptor-like kinase,,,,
710,VIT_00s0374g00020,32,0.0154,S-locus lectin protein kinase,,,,
711,VIT_02s0025g02350,32,0.0154,Transparent testa16,TT16_3,,vv60042MADS,
712,VIT_18s0001g10850,31,0.0150,Patatin,,,,
713,VIT_16s0115g00450,31,0.0150,No hit,,,,
714,VIT_08s0040g00970,31,0.0150,Plectin (myosin-like),K10388,,vv44810Regulation_of_actin_cytoskeleton,
715,VIT_11s0037g00680,31,0.0150,Leucine Rich Repeat receptor-like kinase,,,,
716,VIT_15s0045g01600,31,0.0150,Eceriferum 1 (CER1 protein) Sterol desaturase,,,,
717,VIT_00s0615g00020<br>VIT_00s0218g00010,30,0.0146,
718,VIT_18s0041g00520,30,0.0145,Proton-dependent oligopeptide transport (POT) family protein,POT,,vv50122Porters_cat_7_to_17,
719,VIT_11s0037g00020,30,0.0145,No hit,,,,
720,VIT_10s0003g01110,29,0.0141,Unknown protein,,,,
721,VIT_03s0088g00710,28,0.0136,Pathogenesis-related protein 1 precursor (PRP 1),PRP1,,vv30011Jasmonate_signaling,vv34626Plant-pathogen_interaction
722,VIT_15s0046g03770,28,0.0135,Anaphase-promoting complex component APC11,K03358,,vv24120Ubiquitin_mediated_proteolysis,vv44110Cell_cycle
723,VIT_11s0016g00980,28,0.0135,flavonoid 3-monooxygenase,E1_14_13_21,,vv10941Flavonoid_biosynthesis,
724,VIT_11s0065g01090,27,0.0130,DEAD  box  RNA helicase RH10,RH10,,vv23040Spliceosome,vv50133Primary_active_transporter_cat_A9_to_A18
725,VIT_12s0059g02490,27,0.0130,EXS family protein / ERD1/XPR1/SYG1,ERD1,,vv50125Porters_cat_66_to_94,
726,VIT_17s0000g09230,27,0.0129,Leucine-rich repeat family protein,,,,
727,VIT_01s0010g00410,26,0.0126,Myb domain protein 67,MYB67_2,MYB67A,vv60044MYB,
728,VIT_08s0032g00050,26,0.0126,Acyl-activating enzyme 15,E6_2_1_3_AAE15,,vv10071Fatty_acid_metabolism,vv50104Group_translocators
729,VIT_01s0010g02320,26,0.0125,Vinorine synthase,E2_3_1_160,,vv10902Monoterpenoid_biosynthesis,
730,VIT_03s0088g00780,26,0.0125,Pathogenesis-related protein 1 precursor (PRP 1),PRP1,,vv30011Jasmonate_signaling,vv34626Plant-pathogen_interaction
731,VIT_13s0320g00030,26,0.0125,Unknown protein,,,,
732,VIT_00s2485g00010,25,0.0121,CRK10 (cysteine-rich RLK10),,,,
733,VIT_05s0049g01820,24,0.0116,Unknown protein,,,,
734,VIT_04s0023g03680,24,0.0116,Histidine kinase 1 (AHK1),,,,
735,VIT_05s0102g00570,24,0.0116,O-sialoglycoprotein endopeptidase,E3_4_24_57,,,
736,VIT_05s0020g01420,23,0.0112,FPF1 (flowering promoting factor 1),FPF1,,vv30009Flower_development,
737,VIT_13s0139g00160,23,0.0112,Golgin candidate 6,GOLGINC6,,vv50109Incompletely_characterized_transport_systems,
738,VIT_08s0056g01420,23,0.0110,Polynucleotide phosphorylase,E2_7_7_8,,vv10230Purine_metabolism,vv10240Pyrimidine_metabolism
739,VIT_04s0008g01810,22,0.0106,Myb domain protein 4,MYB4_9,MYBPA8,vv60044MYB,
740,VIT_16s0039g02300,22,0.0106,EIX receptor 2,,,,
741,VIT_04s0008g01140,22,0.0106,Beta-fructosidase (BFRUCT1),E3_2_1_26,,vv10052Galactose_metabolism,vv10500Starch_and_sucrose_metabolism
742,VIT_17s0000g04600,22,0.0106,Strictosidine synthase,E4_3_3_2,,vv10900Terpenoid_biosynthesis,vv10902Monoterpenoid_biosynthesis
743,VIT_17s0000g02970,22,0.0106,MATE efflux family protein,MATE,,vv50125Porters_cat_66_to_94,
744,VIT_00s1448g00020,21,0.0102,Unknown,,,,
745,VIT_11s0037g00830,21,0.0101,Unknown protein,,,,
746,VIT_18s0001g09230,20,0.0097,Salt tolerance zinc finger,STZ_2,,vv60017C2H2,
747,VIT_07s0005g03290,20,0.0097,Inorganic phosphate transporter 1-4,PHT1_4,,vv50121Porters_cat_1_to_6,
748,VIT_12s0059g00140,20,0.0096,Ankyrin repeat protein,,,,
749,VIT_09s0018g00190,20,0.0096,Glycerol kinase,E2_7_1_30,,vv10561Glycerolipid_metabolism,
750,VIT_03s0038g00760,20,0.0096,Arginine decarboxylase (Fragment),E4_1_1_19,,vv10220Urea_cycle_and_metabolism_of_amino_groups,vv10251Glutamate_metabolism
751,VIT_12s0057g00960,19,0.0092,FAR1-related sequence 10,FRS10_1,,vv60071Orphans_far-red,
752,VIT_00s0657g00010,19,0.0092,Branched-chain amino acid aminotransferase,E2_6_1_42,,vv10280Valine_leucine_and_isoleucine_degradation,vv10290Valine_leucine_and_isoleucine_biosynthesis
753,VIT_06s0004g02150,19,0.0092,No hit,,,,
754,VIT_14s0060g01910,19,0.0092,Nodulin MtN3 family,,,,
755,VIT_06s0004g01190,19,0.0092,Peroxidase,E1_11_1_7,,vv10360Phenylalanine_metabolism,vv10680Methane_metabolism
756,VIT_13s0067g00150,19,0.0092,Hydrolase  alpha/beta fold,,,,
757,VIT_02s0025g01640,19,0.0092,Calcineurin B 4-1,E3_1_3_16,,,
758,VIT_09s0002g06510,19,0.0091,Auxin-independent growth promoter axi1,AXI1,,vv30003Auxin_signaling,
759,VIT_02s0154g00290,19,0.0091,Extensin,EXTENSIN,,vv40006Cell_wall,
760,VIT_18s0117g00550,19,0.0091,Laccase,E1_10_3_2,,vv11000Single_reactions,vv50109Incompletely_characterized_transport_systems
761,VIT_13s0019g02270,18,0.0088,Unknown protein,,,,
762,VIT_14s0083g01220,18,0.0088,feronia receptor-like kinase,,,,
763,VIT_04s0023g03550,18,0.0087,Thaumatin,,,,
764,VIT_09s0002g05570,18,0.0087,ABC transporter g family pleiotropic drug resistance 12 PDR12,ABCGPDR12,,vv52010ABC_transporters,
765,VIT_10s0003g05310,18,0.0087,Germin-like protein,,,,
766,VIT_08s0007g02420,17,0.0082,Aspartyl protease family,,,,
767,VIT_01s0127g00380,16,0.0078,Pyrrolidone-carboxylate peptidase,E3_4_19_3,,,
768,VIT_11s0065g00300,16,0.0077,Galactokinase like protein,E2_7_1_6,,vv10052Galactose_metabolism,
769,VIT_00s0371g00110,16,0.0077,Rhamnogalacturonate lyase,RHGTL,,vv40006Cell_wall,
770,VIT_12s0034g00640,16,0.0077,GH3-like protein,AUXINBIOSYNTHESIS_GH3,,vv11002Auxin_biosynthesis,
771,VIT_05s0094g00100,15,0.0073,Peptidylprolyl isomerase,K01802,,,
772,VIT_14s0068g01330,15,0.0073,Transport inhibitor response 1 protein,TIR1,,vv30003Auxin_signaling,
773,VIT_01s0010g02450,15,0.0073,B12D,,,,
774,VIT_06s0080g00690,15,0.0073,Peroxidase ATP14a,E1_11_1_7,,vv10360Phenylalanine_metabolism,vv10680Methane_metabolism
775,VIT_16s0022g00690,15,0.0072,Vascular related NAC-domain protein 4,VND4_1,VvNAC22,vv60046NAC,
776,VIT_01s0011g04140,14,0.0068,Octicosapeptide/Phox/Bem1p (PB1) domain-containing protein,,,,
777,VIT_01s0011g03740,14,0.0068,Glutaminyl-tRNA synthetase,E6_1_1_18,,vv10251Glutamate_metabolism,vv20970Aminoacyl-tRNA_biosynthesis
778,VIT_03s0091g00690,13,0.0063,Salt tolerance zinc finger,STZ_1,,vv60017C2H2,
779,VIT_09s0018g00260,13,0.0063,No hit,,,,
780,VIT_13s0067g00460,13,0.0063,Cinnamyl alcohol dehydrogenase,E1_1_1_195,,vv10940Phenylpropanoid_biosynthesis,
781,VIT_13s0067g00700,13,0.0063,Hydrolase  alpha/beta fold,,,,
782,VIT_15s0021g00050,13,0.0063,Eceriferum 1 (CER1 protein) Sterol desaturase,,,,
783,VIT_05s0051g00120,13,0.0063,N-6 Adenine-specific DNA methylase,E2_1_1_72,,vv10271Methionine_metabolism,
784,VIT_01s0026g01340,12,0.0059,Glutathione S-transferase 29 GSTU18,E2_5_1_18_GSTU18,,vv10480Glutathione_metabolism,
785,VIT_11s0052g00630,12,0.0058,Metallothionein,,,,
786,VIT_08s0058g00890,12,0.0058,WD40,,,,
787,VIT_00s0409g00080,12,0.0058,S-receptor kinase KIK1 precursor,,,,
788,VIT_02s0025g04370,12,0.0058,S-N-methylcoclaurine 3'-hydroxylase,E1_14_13_71,,vv10950Alkaloid_biosynthesis_I,
789,VIT_09s0002g06890,12,0.0058,Dicyanin blue copper protein,,,,
790,VIT_16s0098g01000,12,0.0058,No hit,,,,
791,VIT_05s0049g00980,12,0.0058,Cofilin,K05765,,vv44810Regulation_of_actin_cytoskeleton,
792,VIT_15s0046g02330,12,0.0058,Unknown protein,,,,
793,VIT_18s0075g00830,12,0.0058,Laccase,E1_10_3_2,,vv11000Single_reactions,vv50109Incompletely_characterized_transport_systems
794,VIT_08s0007g01530,12,0.0058,Zinc finger (C3HC4-type ring finger),ZFC3HC4_91,,vv60078Other_zf-C3HC4,
795,VIT_04s0008g00280,12,0.0058,Amino acid permease 1,AAP1,,vv50123Porters_cat_18_to_29,
796,VIT_09s0002g03130,12,0.0058,FRK1 (FLG22-induced receptor-like kinase 1),FRK1,,vv34626Plant-pathogen_interaction,
797,VIT_01s0010g03100,10,0.0049,Malate dehydrogenase  cytoplasmic 1,E1_1_1_37,,vv10020Citrate_cycle,vv10620Pyruvate_metabolism
798,VIT_04s0008g05090,10,0.0048,Peptidyl-prolyl isomerase D (cyclophilin D),K05864,,vv34020Calcium_signaling_pathway,
799,VIT_18s0001g04490,10,0.0048,Germacrene-D synthase,E4_2_3_22,,vv10900Terpenoid_biosynthesis,
800,VIT_16s0013g00970,10,0.0048,Ethylene responsive element binding factor 5,ERF5_5,VvERF081,vv30008Ethylene_signaling,vv60003AP2_EREBP
801,VIT_13s0084g00130,10,0.0048,CXE carboxylesterase,E3_1_1_1,,,
802,VIT_07s0005g03370,10,0.0048,Unknown,,,,
803,VIT_10s0003g02810,10,0.0048,WRKY DNA-binding protein 71,WRKY71_1,VvWRKY31,vv60066WRKY,
804,VIT_11s0037g00010,10,0.0048,RAV1-like ethylene-responsive transcription factor,RAV1_1,VvRAV6,vv30008Ethylene_signaling,vv60003AP2_EREBP
805,VIT_18s0001g05280,9,0.0044,No hit,,,,
806,VIT_13s0019g02470,9,0.0044,RAB GTPase RABA2B,K07976,,,
807,VIT_12s0035g00100,9,0.0044,Receptor protein kinase,,,,
808,VIT_03s0038g03430,9,0.0044,Beta-expansin (EXPL2),EXPL2,,vv30003Auxin_signaling,
809,VIT_10s0003g04890,9,0.0044,Mucin,K06568,,,
810,VIT_03s0088g00180,9,0.0044,No hit,,,,
811,VIT_12s0028g03480,9,0.0044,Wax synthase,E2_3_1_75,,vv11000Single_reactions,
812,VIT_17s0000g07530,9,0.0044,Transportin-SR,TRANSPORTINSR,,vv50112Nuclear_pore_complex,
813,VIT_11s0016g05480,9,0.0044,Clathrin assembly protein 2,CAP2,,vv50110Protein_coat,
814,VIT_05s0020g02610,9,0.0044,Hemolysin,K06442,,vv50109Incompletely_characterized_transport_systems,
815,VIT_07s0005g02350,9,0.0044,ABC transporter G member 21,ABCG21,,vv52010ABC_transporters,
816,VIT_11s0016g04270,9,0.0044,Hydrolase  alpha/beta fold,,,,
817,VIT_05s0029g01340,9,0.0044,Auxin-independent growth promoter (axi 1),AXI1,,vv30003Auxin_signaling,
818,VIT_00s0160g00220,9,0.0043,Unknown protein,,,,
819,VIT_10s0003g01730,9,0.0043,PUB17 (plant U- box 17),,,,
820,VIT_14s0108g00700,9,0.0043,Aquaporin NIP1;2,NIP1_2,,vv50101Channels_and_pores,
821,VIT_02s0025g02730,9,0.0043,Alcohol dehydrogenase,E1_1_1_1,,vv10010Glycolysis,vv10071Fatty_acid_metabolism
822,VIT_00s0527g00020,9,0.0043,VQ motif-containing protein,,,,
823,VIT_14s0066g01960,9,0.0043,Metalloendoproteinase 1 precursor,,,,
824,VIT_07s0005g05260<br>VIT_07s0005g05230,9,0.0043,
825,VIT_09s0002g00420,9,0.0043,Senescence-associated protein,,,,
826,VIT_03s0063g01820,9,0.0043,AOS (allene oxide synthase),E4_2_1_92,,vv10592alpha-Linolenic_acid_metabolism,
827,VIT_04s0008g02840,9,0.0043,Avirulence induced gene (AIG),,,,
828,VIT_10s0003g03560,9,0.0043,Beta-amyrin synthase,E5_4_99_BAS,,vv10900Terpenoid_biosynthesis,
829,VIT_18s0089g00790,9,0.0043,Kinesin motor protein,KMOTOR,,vv44810Regulation_of_actin_cytoskeleton,
830,VIT_13s0064g00020,8,0.0038,GCN5 N-acetyltransferase (GNAT),GCN5_17,,vv60082GNAT,
831,VIT_04s0008g04620,7,0.0034,Expansin family protein (EXPR3),EXPR3,,vv30003Auxin_signaling,
832,VIT_09s0002g08950,7,0.0034,No hit,,,,
833,VIT_18s0001g00300,7,0.0034,Auxin responsive SAUR protein,SAUR,,vv30003Auxin_signaling,
834,VIT_18s0122g00590,7,0.0034,DNA-binding protein,,,,
835,VIT_16s0022g01490<br>VIT_00s2215g00010<br>VIT_16s0022g01520,7,0.0034,
836,VIT_02s0025g03650,7,0.0034,Cu2+-exporting ATPase HMA5 (heavy metal ATPase 5),K01533_HMA5,,vv50131Primary_active_transporter_cat_A2_to_A4,
837,VIT_06s0004g04040,7,0.0034,Pentatricopeptide (PPR) repeat,,,,
838,VIT_17s0000g03270,7,0.0034,CYP77A5P,,,,
839,VIT_05s0102g00020,7,0.0034,Ankyrin repeat protein,K10380,,vv50108Accessory_factors_involved_in_transport,
840,VIT_11s0052g01110,7,0.0034,4-coumarate-CoA ligase 1,E6_2_1_12,,vv10940Phenylpropanoid_biosynthesis,vv50104Group_translocators
841,VIT_12s0028g01460,7,0.0034,S-receptor kinase,,,,
842,VIT_19s0015g00010,7,0.0034,ABC transporter C member 9,K05033,,vv52010ABC_transporters,
843,VIT_01s0010g00590,7,0.0034,Short-chain dehydrogenase/reductase SDR,,,,
844,VIT_05s0077g01550,7,0.0034,Pathogenesis protein 10.3 [Vitis quinquangularis],,,,
845,VIT_17s0000g10130,7,0.0034,Kelch repeat-containing protein,,,,
846,VIT_18s0089g00250,7,0.0033,1 4-beta-mannan endohydrolase,E3_2_1_78,,vv10051Fructose_and_mannose_metabolism,
847,VIT_09s0002g00770,6,0.0029,2OG-Fe(II) oxygenase,,,,
848,VIT_08s0032g00740,6,0.0029,Pentatricopeptide (PPR) repeat-containing,,,,
849,VIT_02s0087g00370,6,0.0029,Anthranilate N-hydroxycinnamoyl/benzoyltransferase,E2_3_1_144,,vv10400Phenylalanine_tyrosine_and_tryptophan_biosynthesis,
850,VIT_03s0097g00240,6,0.0029,No hit,,,,
851,VIT_08s0007g01730,6,0.0029,Ataxin-3,K11863,,vv24141Protein_processing_in_endoplasmic_reticulum,
852,VIT_16s0022g01970,6,0.0029,Anthocyanidin 3-O-glucosyltransferase,E2_4_1_115,,vv10942Anthocyanin_biosynthesis,
853,VIT_04s0023g00290,6,0.0029,ABC transporter I member 2,ABCI2,,vv52010ABC_transporters,
854,VIT_12s0059g00420<br>VIT_12s0059g00370<br>VIT_12s0059g00310<br>VIT_12s0059g00340<br>VIT_12s0059g00350<br>VIT_12s0059g00400<br>VIT_12s0059g00430,6,0.0029,
855,VIT_14s0060g02700,6,0.0029,Germin-like protein 3 [Vitis vinifera],,,,
856,VIT_04s0069g01020,6,0.0029,NBS1 (nijmegen breakage syndrome 1),NBS1_1,,vv60028FHA,
857,VIT_19s0014g04180,6,0.0029,Curculin (mannose-binding) lectin,,,,
858,VIT_17s0000g09090,6,0.0029,Armadillo/beta-catenin repeat,,,,
859,VIT_10s0071g01100,6,0.0029,Alpha-galactosidase precursor,E3_2_1_22,,vv10052Galactose_metabolism,vv10561Glycerolipid_metabolism
860,VIT_19s0014g00830,6,0.0029,RKF1 (receptor-like kinase in flowers 1),,,,
861,VIT_08s0007g04400,6,0.0029,Low expression of osmotically responsive genes 1,LOS4,,vv50133Primary_active_transporter_cat_A9_to_A18,
862,VIT_01s0127g00180,6,0.0029,Ubiquinone biosynthesis methyltransferase COQ5,K06127,,vv10130Ubiquinone_biosynthesis,
863,VIT_11s0016g00950,6,0.0029,No hit,,,,
864,VIT_06s0004g00070,6,0.0029,Alpha-expansin 10 precursor,EXPA10,,vv30003Auxin_signaling,
865,VIT_01s0011g02410,6,0.0029,Unknown,,,,
866,VIT_12s0028g02080,6,0.0029,Myb family,MYBGE_16,,vv60029G2-like,
867,VIT_16s0039g01500,6,0.0029,Alcohol dehydrogenase,E1_1_1_1,,vv10010Glycolysis,vv10071Fatty_acid_metabolism
868,VIT_18s0001g07240,6,0.0029,14-3-3 protein GF14 kappa (GRF8),,,,
869,VIT_13s0156g00630,6,0.0029,S-receptor kinase,,,,
870,VIT_01s0127g00360,6,0.0029,S-ribonuclease binding protein SBP1,SBP1_2,,vv60078Other_zf-C3HC4,
871,VIT_12s0028g03110,6,0.0029,Caffeoyl-CoA 3-O-methyltransferase,E2_1_1_104,,vv10940Phenylpropanoid_biosynthesis,
872,VIT_08s0032g01150,6,0.0029,Syntaxin 1B/2/3/4,K08486,,vv24130SNARE_interactions_in_vesicular_transport,vv50101Channels_and_pores
873,VIT_07s0005g01380,6,0.0029,Histidine kinase homolog CKI1,CKI1,,vv30007Cytokinin_signaling,
874,VIT_09s0054g01430,6,0.0029,No hit,,,,
875,VIT_09s0054g01870,6,0.0029,Transmembrane receptor,,,,
876,VIT_01s0011g05420,6,0.0029,Fw2.2 ORFX,,,,
877,VIT_18s0001g01250,6,0.0029,Senescence-inducible chloroplast stay-green protein 2,,,,
878,VIT_14s0171g00240,4,0.0019,SYN2 (Sister chromatid cohesion 1 (SCC1) protein homolog 2) cohesin,SYN2,,vv44110Cell_cycle,
879,VIT_05s0020g00540,4,0.0019,Alpha-L-arabinofuranosidase,E3_2_1_55,,vv10520Nucleotide_sugars_metabolism,
880,VIT_05s0077g00850,4,0.0019,Ubiquitin-conjugating enzyme E2 O,K10581,,vv24120Ubiquitin_mediated_proteolysis,
881,VIT_03s0180g00270,4,0.0019,Pseudouridine synthase,E4_2_1_70,,vv10240Pyrimidine_metabolism,
882,VIT_17s0000g08290,4,0.0019,Dof zinc finger protein DOF5.6,DOF5_6,,vv60015C2C2-DOF,
883,VIT_18s0001g11790,4,0.0019,Inositol polyphosphate 5-phosphatase,E3_1_3_56,,vv10562Inositol_phosphate_metabolism,vv34070Phosphatidylinositol_signaling_system
884,VIT_04s0079g00750,4,0.0019,No hit,,,,
885,VIT_04s0044g01330,4,0.0019,GDP-mannose transporter (GONST1),GONST1,,vv50122Porters_cat_7_to_17,
886,VIT_07s0151g01060,3,0.0015,Chalcone isomerase,E5_5_1_6,,vv10941Flavonoid_biosynthesis,
887,VIT_01s0011g00120,3,0.0015,Unknown protein,,,,
888,VIT_16s0022g02040,3,0.0015,PBS2 (PPHB susceptible 2),K13430,,vv34626Plant-pathogen_interaction,
889,VIT_09s0002g03430,3,0.0015,Cytochrome b5 domain-containing protein,,,,
890,VIT_18s0001g02020,3,0.0015,Amino acid permease 3,AAP3,,vv50123Porters_cat_18_to_29,
891,VIT_14s0068g01720,3,0.0015,Unknown protein,,,,
892,VIT_00s0665g00050,3,0.0015,Root phototropism protein 3 (Non-phototropic hypocotyl protein 3),,,,
893,VIT_09s0002g04710,3,0.0015,No hit,,,,
894,VIT_00s0231g00040,3,0.0015,RPM1-interacting protein 4,K13456,,vv34626Plant-pathogen_interaction,
895,VIT_18s0001g04720,3,0.0015,(-)-germacrene D synthase,E4_2_3_22,,vv10900Terpenoid_biosynthesis,
896,VIT_08s0058g01070,3,0.0015,Xanthine/uracil permease,K06901,,vv50121Porters_cat_1_to_6,
897,VIT_16s0100g00330,3,0.0015,Unknown protein,,,,
898,VIT_00s0332g00060,3,0.0015,ATP synthase CF1 beta subunit,K02112,,vv10190Oxidative_phosphorylation,vv10195Photosynthesis
899,VIT_03s0088g00680,3,0.0015,Pathogenesis-related protein 1 precursor (PRP 1),PRP1,,vv30011Jasmonate_signaling,vv34626Plant-pathogen_interaction
900,VIT_14s0068g00490,3,0.0015,UDP-glucuronosyl/UDP-glucosyltransferase,E2_4_1_17,,vv10040Pentose_glucuronate_interconversion,vv10500Starch_and_sucrose_metabolism
901,VIT_05s0077g02300,3,0.0015,UDP-glucuronic acid decarboxylase 2,E4_1_1_35,,vv10500Starch_and_sucrose_metabolism,vv10520Nucleotide_sugars_metabolism
902,VIT_04s0008g02920,3,0.0015,Desiccation protein PCC13-62 precursor,,,,
903,VIT_06s0004g01020,3,0.0015,Dirigent protein,,,,
904,VIT_10s0003g01430,3,0.0015,MEE62 (maternal effect embryo arrest 62),,,,
905,VIT_00s0246g00100,3,0.0015,NADH dehydrogenase subunit 7,K05579,,vv10190Oxidative_phosphorylation,vv50134Primary_active_transporter_cat_D1
906,VIT_07s0031g02820,3,0.0015,Magnesium transporter CorA,MRS2REL,,vv50101Channels_and_pores,
907,VIT_10s0003g05170,3,0.0015,Wall-associated kinase 3 (WAK3),,,,
908,VIT_15s0021g00330,3,0.0015,Proton-dependent oligopeptide transport (POT) family protein,POT,,vv50122Porters_cat_7_to_17,
909,VIT_09s0002g03120,3,0.0015,FRK1 (FLG22-induced receptor-like kinase 1),FRK1,,vv34626Plant-pathogen_interaction,
910,VIT_16s0013g01090,3,0.0015,Ethylene-responsive transcription factor ERF105,ERF105_4,VvERF091,vv30008Ethylene_signaling,vv60003AP2_EREBP
911,VIT_00s0208g00090,3,0.0015,Unknown,,,,
912,VIT_04s0023g00270,3,0.0015,CBS domain-containing protein,,,,
913,VIT_06s0080g01200,3,0.0015,Harpin-induced family protein,,,,
914,VIT_01s0011g01310,3,0.0015,Polygalacturonase QRT3,E3_2_1_15,,vv40006Cell_wall,
915,VIT_15s0046g00010,3,0.0015,No hit,,,,
916,VIT_03s0091g01190,3,0.0015,Magnesium transporter CorA,MRS2REL,,vv50101Channels_and_pores,
917,VIT_17s0000g01420,3,0.0015,Snurportin-1 (RNA U transporter 1),K13151,,vv23013RNA_transport,
918,VIT_09s0018g00720,3,0.0015,No hit,,,,
919,VIT_08s0007g03160,3,0.0015,Signal recognition particle subunit 54 SRP54,K03106,,vv23060Protein_export,vv50113Thylakoid_targeting_pathway
920,VIT_01s0113g00300,3,0.0015,No hit,,,,
921,VIT_13s0019g04070,3,0.0015,MLO1,K08472,,,
922,VIT_14s0083g00520,3,0.0015,Proline oxidase,E1_5_99_8,,vv10330Arginine_and_proline_metabolism,
923,VIT_13s0074g00680,3,0.0015,ABC transporter G member 22,ABCG22,,vv52010ABC_transporters,
924,VIT_12s0142g00020,3,0.0015,No hit,,,,
925,VIT_16s0013g00180,3,0.0015,Pectinesterase PPME1,E3_1_1_11,,vv40006Cell_wall,
926,VIT_09s0054g00470,3,0.0015,Transposase_MuDR,,,,
927,VIT_09s0070g00400,3,0.0015,No hit,,,,
928,VIT_12s0035g00440,3,0.0015,R protein disease resistance protein,RPROT,,vv34627R_proteins_from_Plant-pathogen_interaction,
929,VIT_12s0142g00160,3,0.0015,Unknown protein,,,,
930,VIT_13s0156g00050,3,0.0015,Male sterility 2 (MS2) protein,,,,
931,VIT_17s0000g06250,3,0.0015,RWP-RK domain-containing protein,RWPRKDOM_7,,vv60052RWP-RK,
932,VIT_02s0025g03220,3,0.0015,Trihelix DNA-binding protein (GT2),GT2_1,,vv60062Trihelix,
933,VIT_11s0149g00090,3,0.0015,Clavata1 receptor kinase (CLV1),,,,
934,VIT_03s0091g00160,3,0.0015,NtPRp27 secretory protein,,,,
935,VIT_03s0180g00060,3,0.0014,Late embryonic abundant protein EMB7,,,,
936,VIT_18s0001g03340,3,0.0014,No hit,,,,
937,VIT_09s0054g01510,3,0.0014,Beta-amyrin synthase,E5_4_99_BAS,,vv10900Terpenoid_biosynthesis,
938,VIT_17s0000g05700,3,0.0014,Phosphoribosylanthranilate transferase,E2_4_2_18,,vv10400Phenylalanine_tyrosine_and_tryptophan_biosynthesis,
939,VIT_04s0023g03620,3,0.0014,Proteasome 26S regulatory subunit S5A (RPN10),K03029,,vv23050Proteasome,
940,VIT_04s0023g02580,3,0.0014,No hit,,,,
941,VIT_01s0026g01490,3,0.0014,Proton-dependent oligopeptide transport (POT) family protein,POT,,vv50122Porters_cat_7_to_17,
942,VIT_09s0002g00370,3,0.0014,Unknown protein,,,,
943,VIT_06s0004g05760,3,0.0014,Copper transporter 1,COPT1,,vv50101Channels_and_pores,
944,VIT_18s0166g00060,3,0.0014,No hit,,,,
945,VIT_06s0004g04520,3,0.0014,OBP3 (OBF-binding protein 3),OBP3_2,,vv30011Jasmonate_signaling,vv60015C2C2-DOF
946,VIT_02s0087g00490,3,0.0014,10-deacetylbaccatin III 10-O-acetyltransferase,E2_3_1_167,,vv10904Diterpenoid_biosynthesis,
947,VIT_03s0038g03350,3,0.0014,Unknown protein,,,,
948,VIT_01s0011g04550,3,0.0014,Unknown protein,,,,
949,VIT_04s0069g00870,3,0.0014,Myosin-related,MYOSINR,,vv44810Regulation_of_actin_cytoskeleton,
950,VIT_09s0002g04390,3,0.0014,DNA binding,,,,
951,VIT_03s0091g00390,3,0.0014,Snakin-1,SNAKIN,,vv30010Gibberellin_signaling,
952,VIT_18s0041g01250,3,0.0014,Amino acid permease 1,AAP1,,vv50123Porters_cat_18_to_29,
953,VIT_02s0087g00280,3,0.0014,Glycosyl transferase family 1 protein,,,,
954,VIT_07s0031g03110,3,0.0014,F-box family protein,,,,
955,VIT_04s0008g03190,3,0.0014,F-box family protein (FBX13),,,,
956,VIT_07s0141g00190,3,0.0014,SAM (and some other nucleotide) binding motif,,,,
957,VIT_19s0027g00790,3,0.0014,Transglycosylase SLT domain containing protein,E3_2_1_x,,,
958,VIT_04s0008g00040,3,0.0014,No hit,,,,
959,VIT_14s0066g01970,3,0.0014,Metalloendoproteinase 1 precursor,,,,
960,VIT_02s0025g01300,3,0.0014,Unknown protein,,,,
961,VIT_09s0018g02070,3,0.0014,No hit,,,,
962,VIT_12s0028g01420,3,0.0014,Phosphate translocator,PTLREL,,vv50122Porters_cat_7_to_17,
963,VIT_19s0015g01500,3,0.0014,Heavy-metal-associated domain-containing protein,,,,
964,VIT_13s0019g03380,3,0.0014,Coronatine-insensitive protein 1,COI1,,vv30011Jasmonate_signaling,vv34626Plant-pathogen_interaction
965,VIT_03s0063g01720,3,0.0014,S-N-methylcoclaurine 3'-hydroxylase,E1_14_13_71,,vv10950Alkaloid_biosynthesis_I,
966,VIT_05s0020g03300,3,0.0014,S-receptor kinase,,,,
967,VIT_02s0012g03210,3,0.0014,No hit,,,,
968,VIT_06s0004g05800,3,0.0014,Phosphatidic acid phosphatase / PAP2,E3_1_3_4,,vv10561Glycerolipid_metabolism,vv10564Glycerophospholipid_metabolism
969,VIT_11s0016g05570,3,0.0014,Thylakoid lumenal 16.5 kDa protein  chloroplast precursor,,,,
970,VIT_13s0067g00750,3,0.0014,R protein  PRF  disease resistance protein,K13453,,vv34627R_proteins_from_Plant-pathogen_interaction,
971,VIT_15s0048g00350,3,0.0014,3-phosphoshikimate 1-carboxyvinyltransferase  chloroplast precursor,E2_5_1_19,,vv10400Phenylalanine_tyrosine_and_tryptophan_biosynthesis,
972,VIT_02s0012g02830,3,0.0014,UDP-glucosyl transferase,E2_4_1_81,,vv10941Flavonoid_biosynthesis,
973,VIT_17s0000g02280,3,0.0014,Suppressor of lin-12 protein,,,,
