Vv_m2,2000,1000,VIT_17s0000g03940
rank,node,Fabs,Frel,Functional-annotation,Name-EC-KeggID,Updated-name,Network1,Network2
1,VIT_19s0014g04880,2071,1.0000,(-)-germacrene D synthase,E4_2_3_22,,vv10900Terpenoid_biosynthesis,
2,VIT_00s0218g00100,2073,1.0000,Metal transporter Nramp6,NRAMP6,,vv50124Porters_cat_30_to_64,
3,VIT_00s0522g00010<br>VIT_00s0266g00010<br>VIT_00s0372g00070<br>VIT_00s0372g00080<br>VIT_00s0572g00010<br>VIT_00s0372g00040<br>VIT_00s0847g00020<br>VIT_00s0572g00020,2079,1.0000,
4,VIT_19s0014g04900,2065,1.0000,(-)-germacrene D synthase,E4_2_3_22,,vv10900Terpenoid_biosynthesis,
5,VIT_11s0016g03250,2069,0.9995,Lachrymatory factor synthase,,,,
6,VIT_18s0001g10330,2059,0.9985,Subtilisin protease,ARA12,,vv50101Channels_and_pores,
7,VIT_04s0023g02230,2064,0.9971,S-adenosyl-L-methionine:salicylic acid carboxyl methyltransferase,SAMTBSCMT,,vv10360Phenylalanine_metabolism,
8,VIT_02s0087g00490,2045,0.9971,10-deacetylbaccatin III 10-O-acetyltransferase,E2_3_1_167,,vv10904Diterpenoid_biosynthesis,
9,VIT_17s0000g03930,2058,0.9928,ferulate 5-hydroxylase,K09755,,vv10940Phenylpropanoid_biosynthesis,
10,VIT_05s0094g01120,2060,0.9923,NADP-dependent oxidoreductase,E1_6_5_5,,,
11,VIT_18s0001g12900,2058,0.9918,S-adenosyl-L-methionine:salicylic acid carboxyl methyltransferase,SAMTBSCMT,,vv10360Phenylalanine_metabolism,
12,VIT_16s0022g00840,2054,0.9918,Invertase/pectin methylesterase inhibitor,PMEI,,vv40006Cell_wall,
13,VIT_11s0016g02700,2027,0.9888,IAA-amino acid hydrolase 2 (ILL2),ILL2,,vv11002Auxin_biosynthesis,
14,VIT_08s0032g00790,2051,0.9870,ABC transporter G member 4,K05680,,vv52010ABC_transporters,
15,VIT_09s0002g00420,2028,0.9869,Senescence-associated protein,,,,
16,VIT_18s0001g09980,2047,0.9865,Unknown protein,,,,
17,VIT_10s0116g00710,2020,0.9844,Tryptophan synthase  beta subunit,E4_2_1_20,,vv10400Phenylalanine_tyrosine_and_tryptophan_biosynthesis,
18,VIT_05s0062g00640,2026,0.9802,UDP-glucose:flavonoid 7-O-glucosyltransferase,E2_4_1_237,,vv10941Flavonoid_biosynthesis,
19,VIT_12s0134g00600,2029,0.9797,Anthocyanin 5-aromatic acyltransferase,E2_3_1_153,,vv10941Flavonoid_biosynthesis,vv10942Anthocyanin_biosynthesis
20,VIT_10s0092g00260,2028,0.9783,Alpha-glucosidase 1 (AGLU1),E3_2_1_20,,vv10052Galactose_metabolism,vv10500Starch_and_sucrose_metabolism
21,VIT_19s0014g04840,2004,0.9630,(-)-germacrene D synthase,E4_2_3_22,,vv10900Terpenoid_biosynthesis,
22,VIT_15s0048g01600,1988,0.9627,Geraniol 10-hydroxylase,G10H,,vv10902Monoterpenoid_biosynthesis,
23,VIT_04s0008g03510,1993,0.9619,Lignostilbene-alpha beta-dioxygenase and related enzymes,E1_14_99_36,,vv10906Carotenoid_biosynthesis,
24,VIT_01s0011g02420,1993,0.9600,Unknown,,,,
25,VIT_18s0001g06690,1977,0.9592,Gibberellin 20 oxidase 2,E1_14_11_12,,vv10904Diterpenoid_biosynthesis,
26,VIT_19s0015g02080,1971,0.9587,(-)-germacrene D synthase,E4_2_3_22,,vv10900Terpenoid_biosynthesis,
27,VIT_13s0064g00390,1975,0.9583,Polyamine oxidase,E1_5_3_11,,vv11000Single_reactions,
28,VIT_04s0079g00790,1956,0.9445,Acyl-CoA synthetases (Acyl-activating enzyme 11),E6_2_1_3,,vv10071Fatty_acid_metabolism,vv50104Group_translocators
29,VIT_15s0046g03240,1940,0.9422,Unknown protein,,,,
30,VIT_15s0048g01500,1962,0.9410,Geraniol 10-hydroxylase,G10H,,vv10902Monoterpenoid_biosynthesis,
31,VIT_07s0205g00180,1948,0.9402,Basic helix-loop-helix (bHLH) family,BHLHDOM_30,,vv60011BHLH,
32,VIT_04s0023g02260,1957,0.9400,S-adenosyl-L-methionine:salicylic acid carboxyl methyltransferase,SAMTBSCMT,,vv10360Phenylalanine_metabolism,
33,VIT_06s0004g01480,1928,0.9382,Lipoxygenase LOX1,E1_13_11_12,,vv10592alpha-Linolenic_acid_metabolism,
34,VIT_06s0061g01390,1927,0.9291,CBF transcription factor,CBF1_2,VvERF027,vv30008Ethylene_signaling,vv60003AP2_EREBP
35,VIT_07s0141g00060,1906,0.9266,Beta-ketoacyl-CoA-synthase,E2_3_1_41,,vv10061Fatty_acid_biosynthesis,
36,VIT_19s0014g04930,1910,0.9232,Germacrene-D synthase,E4_2_3_22,,vv10900Terpenoid_biosynthesis,
37,VIT_16s0022g02330,1908,0.9231,MADS-box agamous-like 6,AGL6_2,,vv60042MADS,
38,VIT_02s0033g01020,1907,0.9217,Anthraniloyal-CoA: methanol anthraniloyal transferase,AMAT,,vv10400Phenylalanine_tyrosine_and_tryptophan_biosynthesis,
39,VIT_06s0080g01020,1906,0.9177,Secoisolariciresinol dehydrogenase,SIRD,,vv10940Phenylpropanoid_biosynthesis,
40,VIT_10s0092g00250,1892,0.9171,Alpha-glucosidase 1 (AGLU1),E3_2_1_20,,vv10052Galactose_metabolism,vv10500Starch_and_sucrose_metabolism
41,VIT_18s0001g07360,1873,0.9119,ER6 protein universal stress protein (USP) family,USPER6,,vv30008Ethylene_signaling,
42,VIT_02s0025g02610,1848,0.9001,Basic helix-loop-helix (bHLH) family,BHLHDOM_48,,vv60011BHLH,
43,VIT_04s0008g03520,1862,0.8973,Ring-H2 finger protein ATL4J,VVL4J_2,,vv60078Other_zf-C3HC4,
44,VIT_00s0271g00030<br>VIT_00s0271g00060,1851,0.8972,
45,VIT_06s0004g02390,1852,0.8943,Triacylglycerol lipase,E3_1_1_3,,vv10561Glycerolipid_metabolism,
46,VIT_19s0014g04850,1852,0.8943,Germacrene-D synthase,E4_2_3_22,,vv10900Terpenoid_biosynthesis,
47,VIT_02s0033g01030,1850,0.8942,Anthraniloyal-CoA: methanol anthraniloyal transferase,AMAT,,vv10400Phenylalanine_tyrosine_and_tryptophan_biosynthesis,
48,VIT_03s0038g03940,1828,0.8839,Tonoplast monosaccharide transporter2,TMT2,,vv50121Porters_cat_1_to_6,
49,VIT_08s0007g00710,1815,0.8828,Unknown,,,,
50,VIT_10s0116g01140,1818,0.8761,Stigma-specific Stig1,,,,
51,VIT_02s0012g00400,1811,0.8732,1-aminocyclopropane-1-carboxylate oxidase,E1_14_17_4,,vv10640Propanoate_metabolism,vv30008Ethylene_signaling
52,VIT_13s0064g01640,1798,0.8728,Beta-primeverosidase,E3_2_1_149,,vv11000Single_reactions,
53,VIT_00s0266g00020<br>VIT_00s0372g00020<br>VIT_00s0271g00010<br>VIT_00s0385g00020<br>VIT_00s0522g00020<br>VIT_00s0372g00060<br>VIT_00s0372g00030<br>VIT_00s0385g00010,1803,0.8719,
54,VIT_11s0052g01730,1796,0.8693,1-deoxy-D-xylulose-5-phosphate synthase,E2_2_1_7,,vv10100Biosynthesis_of_steroids,
55,VIT_01s0011g00100,1790,0.8681,MADS-box APETALA 1,APETALA1_2,,vv30009Flower_development,vv60042MADS
56,VIT_18s0086g00220,1799,0.8653,Lipase GDSL,,,,
57,VIT_08s0007g00630,1795,0.8646,No hit,,,,
58,VIT_04s0008g01450,1779,0.8615,Cyclopropane-fatty-acyl-phospholipid synthase,E2_1_1_79,,vv10271Methionine_metabolism,
59,VIT_04s0008g01260,1794,0.8604,Zinc transporter ZIP4,ZIP4,,vv50121Porters_cat_1_to_6,
60,VIT_02s0025g02970,1767,0.8565,flavanone 3-beta-hydroxylase,E1_14_11_9,,vv10941Flavonoid_biosynthesis,
61,VIT_04s0008g07110,1762,0.8508,Aspartic proteinase nepenthesin-2 precursor,E3_4_23_12,,,
62,VIT_03s0038g00140,1753,0.8493,Unknown protein,,,,
63,VIT_03s0017g01290,1757,0.8476,ABC transporter G member 7,ABCG7,,vv52010ABC_transporters,
64,VIT_04s0023g00700,1760,0.8449,Serine carboxypeptidase S10,,,,
65,VIT_07s0005g03170,1747,0.8444,Undecaprenyl pyrophosphate synthetase,E2_5_1_31,,vv10900Terpenoid_biosynthesis,
66,VIT_12s0035g00530,1736,0.8395,Unknown protein,,,,
67,VIT_08s0032g00050,1736,0.8395,Acyl-activating enzyme 15,E6_2_1_3_AAE15,,vv10071Fatty_acid_metabolism,vv50104Group_translocators
68,VIT_00s2081g00010,1740,0.8345,3-hydroxyisobutyrate dehydrogenase,E1_1_1_31,,vv10280Valine_leucine_and_isoleucine_degradation,
69,VIT_06s0004g01460<br>VIT_06s0004g01450,1723,0.8300,
70,VIT_19s0090g00800,1718,0.8276,F-box protein,,,,
71,VIT_15s0046g00700,1696,0.8261,Wax synthase,E2_3_1_75,,vv11000Single_reactions,
72,VIT_18s0089g00670,1683,0.8158,No hit,,,,
73,VIT_10s0003g02170<br>VIT_10s0003g02220,1673,0.8098,
74,VIT_13s0084g00130,1682,0.8090,CXE carboxylesterase,E3_1_1_1,,,
75,VIT_15s0048g02820,1659,0.8077,Basic helix-loop-helix (bHLH) family,BHLHDOM_3,,vv60011BHLH,
76,VIT_01s0137g00410,1659,0.8061,CYP86A2,,,,
77,VIT_19s0014g04920,1659,0.7953,(-)-germacrene D synthase,E4_2_3_22,,vv10900Terpenoid_biosynthesis,
78,VIT_07s0141g00070,1636,0.7934,Beta-keto-Coa synthase,,,,
79,VIT_15s0046g00710,1637,0.7889,Wax synthase,E2_3_1_75,,vv11000Single_reactions,
80,VIT_16s0022g00830,1628,0.7880,Pectin methylesterase inhibitor,PMEI,,vv40006Cell_wall,
81,VIT_06s0009g00320,1637,0.7874,U-box protein,,,,
82,VIT_00s0612g00010,1621,0.7816,Phospholipase/carboxylesterase,E3_1_1_1,,,
83,VIT_02s0025g04370,1608,0.7813,S-N-methylcoclaurine 3'-hydroxylase,E1_14_13_71,,vv10950Alkaloid_biosynthesis_I,
84,VIT_09s0002g09020,1610,0.7804,No hit,,,,
85,VIT_14s0006g00570,1611,0.7775,Unknown protein,,,,
86,VIT_11s0037g00290,1609,0.7769,Plastocyanin domain-containing protein,K02638,,vv10195Photosynthesis,vv50113Thylakoid_targeting_pathway
87,VIT_16s0098g01740,1591,0.7720,Unknown protein,,,,
88,VIT_19s0014g03820,1590,0.7711,Myb domain protein 102,MYB102_2,MYB145,vv60044MYB,
89,VIT_09s0018g01800,1598,0.7697,Acid phosphatase,E3_1_3_2,,vv10740Riboflavin_metabolism,
90,VIT_06s0009g02640,1591,0.7682,Hydroxymethylglutaryl-CoA lyase,E4_1_3_4,,vv10072Synthesis_and_degradation_of_ketone_bodies,vv10280Valine_leucine_and_isoleucine_degradation
91,VIT_18s0041g00330,1591,0.7653,ATP-dependent protease La (LON) domain-containing protein,E3_4_21_53,,,
92,VIT_08s0007g06080,1580,0.7637,Beta 1-3 glucanase [Vitis vinifera],E3_2_1_6,,,
93,VIT_08s0007g02000,1572,0.7609,Glycerol-3-phosphate acyltransferase 8,E2_3_1_15,,vv10561Glycerolipid_metabolism,vv10564Glycerophospholipid_metabolism
94,VIT_00s0301g00180,1566,0.7576,NADPH quinone oxidoreductase,E1_6_5_5,,vv10740Riboflavin_metabolism,
95,VIT_08s0007g09000,1562,0.7575,Glycerol-3-phosphate dehydrogenase,E1_1_1_8,,vv10564Glycerophospholipid_metabolism,
96,VIT_17s0000g02770,1570,0.7574,Disease resistance protein (CC-NBS-LRR class),,,,
97,VIT_16s0039g01410,1556,0.7531,Tocopherol O-methyltransferase  chloroplast precursor,E2_1_1_95,,vv10100Biosynthesis_of_steroids,
98,VIT_01s0011g04010,1549,0.7516,Catalytic,,,,
99,VIT_11s0016g01280,1549,0.7505,DNA-directed RNA polymerase III subunit C4,K03026,,vv23020RNA_polymerase,
100,VIT_12s0142g00130,1548,0.7500,MAPK (MPK20),,,,
101,VIT_10s0116g01580,1538,0.7430,No hit,,,,
102,VIT_02s0033g01050,1536,0.7417,Anthraniloyal-CoA: methanol anthraniloyal transferase,AMAT,,vv10400Phenylalanine_tyrosine_and_tryptophan_biosynthesis,
103,VIT_11s0052g01780,1526,0.7368,1-deoxy-D-xylulose-5-phosphate synthase,E2_2_1_7,,vv10100Biosynthesis_of_steroids,
104,VIT_00s0724g00010,1494,0.7231,Pinene synthase,E4_2_3_14,,vv10902Monoterpenoid_biosynthesis,
105,VIT_03s0017g01280,1489,0.7211,ABC transporter G member 7,ABCG7,,vv52010ABC_transporters,
106,VIT_08s0007g05990,1488,0.7209,Beta 1-3 glucanase,E3_2_1_6,,,
107,VIT_12s0035g00550,1491,0.7199,Unknown protein,,,,
108,VIT_18s0086g00280,1482,0.7173,DNA mismatch repair protein MSH3,K08736,,vv23430Mismatch_repair,
109,VIT_06s0004g06730,1486,0.7151,Microsomal omega-3 fatty acid desaturase,K10257,,vv11040Biosynthesis_of_unsaturated_fatty_acids,
110,VIT_19s0090g01550,1474,0.7138,Mo25,K08272,,vv34150mTOR_signaling_pathway,
111,VIT_06s0004g03360,1482,0.7122,Carbamoyl phosphate synthase large subunit,E6_3_5_5,,vv10240Pyrimidine_metabolism,vv10251Glutamate_metabolism
112,VIT_17s0000g09550,1480,0.7119,CYP71A26,,,,
113,VIT_07s0104g00490,1476,0.7113,Unknown,,,,
114,VIT_06s0009g02340,1463,0.7092,Tryptophan/tyrosine permease family,TRYTYRPERM,,vv50124Porters_cat_30_to_64,
115,VIT_09s0002g06750,1456,0.7089,ERF/AP2 transcription factor sub B-6 SHINE,SHINE1_1,VvERF042,vv30008Ethylene_signaling,vv60003AP2_EREBP
116,VIT_06s0009g00480,1460,0.7087,Aluminium-tolerance ALMT1,ALMT1,,vv50125Porters_cat_66_to_94,
117,VIT_03s0038g03080,1460,0.7077,Catechol O-methyltransferase,E2_1_1_6,,vv10350Tyrosine_metabolism,
118,VIT_18s0089g00860,1458,0.7057,Ring-H2 finger protein ATL4E,,,,
119,VIT_13s0067g00370,1460,0.7033,Pinene synthase,E4_2_3_14,,vv10902Monoterpenoid_biosynthesis,
120,VIT_05s0094g00960,1449,0.7024,UDP-xylose phenolic glycosyltransferase,,,,
121,VIT_05s0020g01040,1452,0.7014,Unknown protein,,,,
122,VIT_18s0001g11710,1441,0.7002,Photosystem II PsbO protein,K02716,,vv10195Photosynthesis,vv50113Thylakoid_targeting_pathway
123,VIT_13s0067g03750,1442,0.6983,Stigma/style ABC transporter WBC19,WBC19,,vv52010ABC_transporters,
124,VIT_07s0031g01780,1444,0.6916,TRNA-histidine guanylyltransferase,,,,
125,VIT_04s0023g02290,1437,0.6902,S-adenosyl-L-methionine:salicylic acid carboxyl methyltransferase,SAMTBSCMT,,vv10360Phenylalanine_metabolism,
126,VIT_08s0040g01790,1407,0.6863,Laccase (diphenol oxidase)-like protein,E1_10_3_2,,vv11000Single_reactions,vv50109Incompletely_characterized_transport_systems
127,VIT_00s0820g00020,1414,0.6818,Anthocyanidine rhamnosyl-transferase,RHATR,,vv10942Anthocyanin_biosynthesis,
128,VIT_00s0245g00010,1372,0.6686,Integral membrane protein,,,,
129,VIT_14s0066g01730,1378,0.6663,Cellulose synthase CSLC04,E2_4_1_12_CSLC04,,vv40006Cell_wall,
130,VIT_13s0067g00250,1381,0.6652,(-)-a-terpineol synthase,VVTPS,,vv10902Monoterpenoid_biosynthesis,
131,VIT_14s0060g01810,1368,0.6644,Unknown protein,,,,
132,VIT_05s0029g01410,1365,0.6569,No hit,,,,
133,VIT_06s0004g01150,1351,0.6546,No hit,,,,
134,VIT_19s0015g00510,1348,0.6525,Pectate lyase 2,E4_2_2_2,,vv40006Cell_wall,
135,VIT_14s0036g00440,1349,0.6523,Unknown protein,,,,
136,VIT_14s0006g00270,1354,0.6522,No hit,,,,
137,VIT_14s0066g01000,1337,0.6512,Phosphate/phosphoenolpyruvate translocator,PPTLREL,,vv50122Porters_cat_7_to_17,
138,VIT_02s0087g00470,1342,0.6493,Anthraniloyal-CoA: methanol anthraniloyal transferase,AMAT,,vv10400Phenylalanine_tyrosine_and_tryptophan_biosynthesis,
139,VIT_14s0108g00630,1333,0.6437,Amino acid permease,AAPREL,,vv50123Porters_cat_18_to_29,
140,VIT_11s0016g02740,1328,0.6419,Beta-carotene 15 15'-monooxygenase,E1_14_99_36,,vv10906Carotenoid_biosynthesis,
141,VIT_03s0017g01570,1316,0.6407,FAD-binding domain-containing protein,,,,
142,VIT_03s0038g02290,1314,0.6372,Amino acid permease 3,AAP3,,vv50123Porters_cat_18_to_29,
143,VIT_03s0180g00240,1310,0.6322,No hit,,,,
144,VIT_01s0011g03430,1305,0.6313,No hit,,,,
145,VIT_05s0062g00570,1292,0.6257,UDP-glucose:flavonoid 7-O-glucosyltransferase,E2_4_1_237,,vv10941Flavonoid_biosynthesis,
146,VIT_18s0001g14390,1273,0.6156,Transducin protein,,,,
147,VIT_19s0090g00710,1270,0.6150,No hit,,,,
148,VIT_07s0129g00380,1259,0.6109,Phototropic-responsive NPH3,BTBNPH3_1,,vv60093TRAF,
149,VIT_18s0001g03160,1258,0.6095,Nodulin MtN21 family,MTN21,,vv50122Porters_cat_7_to_17,
150,VIT_06s0004g02690,1257,0.6070,Glycosyl transferase family 2 protein,,,,
151,VIT_00s0218g00220,1243,0.6031,UDP-glucoronosyl/UDP-glucosyl transferase,,,,
152,VIT_00s0267g00030,1261,0.6031,Unknown,,,,
153,VIT_12s0059g02460,1238,0.5929,Histone-lysine N-methyltransferase ATXR2,E2_1_1_43ATXR2,,vv10300Lysine_biosynthesis,vv60056SET_PCG
154,VIT_03s0063g02460,1214,0.5876,Transcription termination factor mitochondrial mTERF,MTERF_26,,vv60085MTERF,
155,VIT_18s0041g01270,1206,0.5840,Amino acid permease 2,AAP2,,vv50123Porters_cat_18_to_29,
156,VIT_13s0047g00370,1203,0.5812,Enoyl-CoA hydratase,E4_2_1_17,vv10650Butanoate_metabolism,vv10062Fatty_acid_elongation_in_mitochondria,vv10071Fatty_acid_metabolism
157,VIT_05s0029g01540,1204,0.5811,Ankyrin repeat,K10380,,vv50108Accessory_factors_involved_in_transport,
158,VIT_13s0067g01180,1195,0.5781,Leaf senescence related,,,,
159,VIT_16s0098g01160,1193,0.5761,Subtilisin protease,SBT3_5,,vv50101Channels_and_pores,
160,VIT_13s0074g00500,1183,0.5701,Cellulose synthase CSLA09,E2_4_1_12_CSLA09,,vv40006Cell_wall,
161,VIT_05s0029g01430,1163,0.5624,Ankyrin,K10380,,vv50108Accessory_factors_involved_in_transport,
162,VIT_06s0004g03110,1161,0.5609,Unknown,,,,
163,VIT_08s0007g00920,1157,0.5600,Tropinone reductase,E1_1_1_206,,vv10220Urea_cycle_and_metabolism_of_amino_groups,
164,VIT_09s0002g03130,1152,0.5590,FRK1 (FLG22-induced receptor-like kinase 1),FRK1,,vv34626Plant-pathogen_interaction,
165,VIT_19s0014g05340,1149,0.5583,No hit,,,,
166,VIT_14s0060g00910,1142,0.5506,Metallopeptidase M24,K01423,,vv10300Lysine_biosynthesis,vv10780Biotin_metabolism
167,VIT_15s0048g03000,1132,0.5495,GTPase RABA3,K07976,,,
168,VIT_02s0012g00660,1149,0.5492,Calcium-binding EF-hand,,,,
169,VIT_05s0020g04940,1130,0.5459,NBS-LRR type disease resistance protein,,,,
170,VIT_05s0049g00220,1136,0.5454,2-oxoglutarate-dependent dioxygenase,,,,
171,VIT_17s0000g05640,1122,0.5433,Nitrate transporter 1:2,NRT1_2,,vv50122Porters_cat_7_to_17,
172,VIT_19s0090g00770,1107,0.5379,F-box family protein,,,,
173,VIT_01s0011g01290,1115,0.5371,N-carbamyl-L-amino acid amidohydrolase,E3_5_1_6,,vv10240Pyrimidine_metabolism,vv10410Beta-alanine_metabolism
174,VIT_06s0004g01470,1110,0.5368,Lipoxygenase LOX1,E1_13_11_12,,vv10592alpha-Linolenic_acid_metabolism,
175,VIT_07s0129g00470,1105,0.5346,Unknown protein,,,,
176,VIT_02s0025g00180,1092,0.5286,Bisphosphoglycerate mutase,E5_4_2_4,,vv10010Glycolysis,
177,VIT_04s0023g01550,1080,0.5222,Unknown,,,,
178,VIT_09s0002g06920,1072,0.5181,Unknown protein,,,,
179,VIT_11s0016g02310,1062,0.5143,Thioredoxin 2,,,,
180,VIT_13s0064g01490,1048,0.5051,Lipoxygenase,E1_13_11_12,,vv10592alpha-Linolenic_acid_metabolism,
181,VIT_07s0005g05520,1037,0.5046,Pectate lyase,E4_2_2_2,,vv40006Cell_wall,
182,VIT_01s0011g00080,1029,0.4993,Universal stress protein (USP) family protein,,,,
183,VIT_08s0007g01320,1029,0.4990,Proton-dependent oligopeptide transport (POT) family protein,POT,,vv50122Porters_cat_7_to_17,
184,VIT_18s0001g03240,1029,0.4978,DREB sub A-5 of ERF/AP2 transcription factor,ERF012,VvERF008,vv30008Ethylene_signaling,vv60003AP2_EREBP
185,VIT_10s0003g00990,1032,0.4976,Pyruvate decarboxylase isozyme 2,E4_1_1_1,,vv10010Glycolysis,
186,VIT_15s0046g00630,1026,0.4971,Wax synthase,E2_3_1_75,,vv11000Single_reactions,
187,VIT_05s0051g00780,1025,0.4926,Glutamate receptor protein,GLR2_7,,vv50101Channels_and_pores,
188,VIT_11s0052g00410,1015,0.4918,Allyl alcohol dehydrogenase,,,,
189,VIT_06s0061g00240,1007,0.4881,ABC transporter G member 7,ABCG7,,vv52010ABC_transporters,
190,VIT_15s0046g00310,999,0.4833,Transcription factor TINY,ERF023,VvERF015,vv30008Ethylene_signaling,vv60003AP2_EREBP
191,VIT_06s0004g02060,990,0.4790,Aldehyde dehydrogenase 3B1,E1_2_1_3,vv10561Glycerolipid_metabolism,vv10010Glycolysis,vv10071Fatty_acid_metabolism
192,VIT_17s0053g00710,990,0.4785,Calcium-dependent protein kinase,,,,
193,VIT_07s0141g01050,992,0.4776,No hit,,,,
194,VIT_16s0050g02430,986,0.4768,Receptor protein kinase,,,,
195,VIT_01s0010g02220,980,0.4755,Zinc finger (C3HC4-type ring finger),ZFC3HC4_200,,vv60078Other_zf-C3HC4,
196,VIT_07s0031g01560,988,0.4755,Unknown protein,,,,
197,VIT_13s0019g03020,983,0.4749,Glucosyltransferase-2,,,,
198,VIT_05s0020g02880,984,0.4747,ADP-glucose pyrophosphorylase,E2_7_7_27,,vv10500Starch_and_sucrose_metabolism,
199,VIT_14s0068g00280,980,0.4743,Unknown protein,,,,
200,VIT_18s0166g00080,980,0.4741,ABC transporter G member 4,K05680,,vv52010ABC_transporters,
201,VIT_03s0038g03540,981,0.4732,LYS/HIS transporter 7 LHT7,LHT7,,vv50123Porters_cat_18_to_29,
202,VIT_18s0001g06840,971,0.4695,Peroxidase GvPx2b class III,E1_11_1_7,,vv10360Phenylalanine_metabolism,vv10680Methane_metabolism
203,VIT_00s2032g00010,968,0.4670,No hit,,,,
204,VIT_03s0038g03090,961,0.4661,Catechol O-methyltransferase,E2_1_1_6,,vv10350Tyrosine_metabolism,
205,VIT_13s0064g01740<br>VIT_13s0064g01750,955,0.4625,
206,VIT_14s0066g02410,955,0.4625,Betaine-aldehyde dehydrogenase,E1_2_1_8,,vv10260Glycine_serine_and_threonine_metabolism,vv50101Channels_and_pores
207,VIT_13s0074g00450,953,0.4615,DEMETER protein (DME),,,,
208,VIT_12s0028g03960,947,0.4590,Ankyrin repeat protein family,K10380,,vv50108Accessory_factors_involved_in_transport,
209,VIT_12s0028g02550,947,0.4579,Sodium/calcium exchanger family protein,NACAEX,,vv50123Porters_cat_18_to_29,
210,VIT_06s0004g06700,948,0.4571,ATP-dependent Clp protease ClpB protein,K03695,,vv50109Incompletely_characterized_transport_systems,
211,VIT_13s0019g02880,941,0.4561,UDP-glucoronosyl/UDP-glucosyl transferase,,,,
212,VIT_04s0008g03800,933,0.4527,RNA recognition motif (RRM)-containing protein,,,,
213,VIT_11s0016g04840,935,0.4519,Avr9/Cf-9 rapidly elicited protein 11,,,,
214,VIT_01s0011g02330,925,0.4517,Unknown protein,,,,
215,VIT_19s0014g03840,933,0.4514,Unknown protein,,,,
216,VIT_04s0008g04230,937,0.4511,ABC transporter G member 22,ABCG22,,vv52010ABC_transporters,
217,VIT_16s0039g01940,922,0.4471,No hit,,,,
218,VIT_16s0022g01970,921,0.4426,Anthocyanidin 3-O-glucosyltransferase,E2_4_1_115,,vv10942Anthocyanin_biosynthesis,
219,VIT_08s0040g00940,916,0.4423,Catalytic,,,,
220,VIT_18s0001g07980,901,0.4370,CBL-interacting protein kinase 8 (CIPK8),CIPK8,,,
221,VIT_01s0011g02360,900,0.4354,Unknown,,,,
222,VIT_00s0317g00030,896,0.4322,Unknown protein,,,,
223,VIT_17s0000g08110,891,0.4315,Nodulin MtN3,,,,
224,VIT_12s0134g00480,885,0.4286,Myb domain protein 14,MYB14_5,MYB137,vv60044MYB,
225,VIT_12s0028g03550,880,0.4282,Basic helix-loop-helix (bHLH) family,BHLHDOM_64,,vv60011BHLH,
226,VIT_14s0066g01390,879,0.4263,Metal-dependent phosphohydrolase HD domain-containing protein,K07023,,,
227,VIT_16s0022g01710,881,0.4254,Ser/Thr receptor-like kinase1,,,,
228,VIT_12s0134g00650,875,0.4252,Anthocyanin 5-aromatic acyltransferase,E2_3_1_153,,vv10941Flavonoid_biosynthesis,vv10942Anthocyanin_biosynthesis
229,VIT_18s0001g15600,884,0.4240,Vacuolar protein sorting 45,VPS45,,vv24130SNARE_interactions_in_vesicular_transport,
230,VIT_03s0017g01440,857,0.4205,Berberine bridge enzyme,E1_21_3_3,,vv10950Alkaloid_biosynthesis_I,
231,VIT_02s0025g02730,870,0.4185,Alcohol dehydrogenase,E1_1_1_1,,vv10010Glycolysis,vv10071Fatty_acid_metabolism
232,VIT_11s0052g01620,865,0.4179,Pathogenesis-related protein 1 precursor (PRP 1),PRP1,,vv30011Jasmonate_signaling,vv34626Plant-pathogen_interaction
233,VIT_14s0066g00820,860,0.4161,Unknown protein,,,,
234,VIT_12s0134g00660,857,0.4150,Anthocyanidin 3-O-glucoside-6''-O-malonyltransferase,E2_3_1_171,,vv10942Anthocyanin_biosynthesis,
235,VIT_05s0102g00880,859,0.4150,Strictosidine synthase,E4_3_3_2,,vv10900Terpenoid_biosynthesis,vv10902Monoterpenoid_biosynthesis
236,VIT_04s0008g03220,856,0.4139,Lysophospholipase,E3_1_1_5,,vv10564Glycerophospholipid_metabolism,
237,VIT_12s0034g02570,855,0.4126,Leucine Rich Repeat receptor-like kinase,,,,
238,VIT_03s0110g00100,854,0.4126,CYP86A8,,,,
239,VIT_18s0001g05950,851,0.4123,Cis-zeatin O-beta-D-glucosyltransferase,E2_4_1_215,,vv10908Zeatin_biosynthesis,
240,VIT_00s0160g00220,842,0.4066,Unknown protein,,,,
241,VIT_17s0000g01440,824,0.3950,Unknown protein,,,,
242,VIT_07s0005g00950,822,0.3946,Carrier protein  Mitochondrial,K03454,,vv44146Peroxisome,vv50123Porters_cat_18_to_29
243,VIT_18s0001g01760,812,0.3936,PISTILLATA (PI) floral homeotic protein,PISTILLATA_1,,vv30009Flower_development,vv60042MADS
244,VIT_12s0059g02240,806,0.3899,Unknown,,,,
245,VIT_08s0007g01310,802,0.3891,Proton-dependent oligopeptide transport (POT) family protein,POT,,vv50122Porters_cat_7_to_17,
246,VIT_10s0003g02260,798,0.3859,Naringenin 2-oxoglutarate 3-dioxygenase,E1_14_11_9,,vv10941Flavonoid_biosynthesis,
247,VIT_11s0016g01920,803,0.3842,EIF-4A3,K13025,,vv23013RNA_transport,vv23015mRNA_surveillance_pathway
248,VIT_01s0011g04450,794,0.3834,MATE efflux family protein,MATE,,vv50125Porters_cat_66_to_94,
249,VIT_18s0001g12000,794,0.3832,Geranylgeranyl pyrophosphate synthetase 1  chloroplast precursor,E2_5_1_29,,vv10100Biosynthesis_of_steroids,vv10900Terpenoid_biosynthesis
250,VIT_18s0001g15350,778,0.3742,Pentatricopeptide (PPR) repeat-containing protein,,,,
251,VIT_00s0286g00120,769,0.3726,S-locus protein kinase,,,,
252,VIT_14s0036g00460,771,0.3723,Myb domain protein 102,MYB102_3,MYB135,vv60044MYB,
253,VIT_06s0080g00090,773,0.3715,CYP94A1,,,,
254,VIT_10s0116g01040,765,0.3689,Stigma-specific Stig1,,,,
255,VIT_18s0001g04020,752,0.3659,TIR-NBS-LRR disease resistance,,,,
256,VIT_18s0001g15620,750,0.3632,Receptor kinase TRKe,,,,
257,VIT_00s0145g00060,752,0.3617,No hit,,,,
258,VIT_01s0026g01680,745,0.3617,Pectate lyase,E4_2_2_2,,vv40006Cell_wall,
259,VIT_07s0005g06300,747,0.3614,Phototropic-responsive NPH3,,,,
260,VIT_13s0019g02050,740,0.3587,Ribulose bisphosphate carboxylase/oxygenase activase  chloroplast,,,,
261,VIT_04s0008g01250,714,0.3458,Unknown,,,,
262,VIT_08s0007g02610,712,0.3451,TLD domain-containing protein KIAA1609,,,,
263,VIT_19s0014g04270,704,0.3421,S-locus protein kinase,,,,
264,VIT_00s0199g00190,700,0.3393,14-3-3 protein GF14 kappa (GRF8),,,,
265,VIT_02s0025g02820,701,0.3386,Membrane-related CP5,,,,
266,VIT_02s0087g00950,701,0.3378,Pentatricopeptide repeat,,,,
267,VIT_04s0008g03930,702,0.3370,RD22,,,,
268,VIT_16s0050g00020,697,0.3366,Cullin-4,K10609,,vv23420Nucleotide_excision_repair,vv24120Ubiquitin_mediated_proteolysis
269,VIT_14s0060g01050,698,0.3361,Pentatricopeptide (PPR) repeat-containing protein,,,,
270,VIT_10s0003g02970,695,0.3346,Alpha-L-arabinofuranosidase,E3_2_1_55,,vv10520Nucleotide_sugars_metabolism,
271,VIT_04s0008g03590,689,0.3338,Phosphorylase,E2_4_1_1,,vv10500Starch_and_sucrose_metabolism,
272,VIT_04s0023g03710,688,0.3337,Myb domain protein 4,MYB4_1,MYB4B,vv60044MYB,
273,VIT_16s0013g00130,680,0.3299,GTP-binding protein HSR1,,,,
274,VIT_02s0025g04360,677,0.3260,S-N-methylcoclaurine 3'-hydroxylase,E1_14_13_71,,vv10950Alkaloid_biosynthesis_I,
275,VIT_00s0245g00030,672,0.3254,Integral membrane family protein,,,,
276,VIT_08s0007g05360,669,0.3240,Strictosidine synthase,E4_3_3_2,,vv10900Terpenoid_biosynthesis,vv10902Monoterpenoid_biosynthesis
277,VIT_08s0058g01030,665,0.3236,Saposin B domain-containing protein,SAPB,,vv50101Channels_and_pores,
278,VIT_05s0124g00230,666,0.3222,F-box domain containing protein,,,,
279,VIT_00s0880g00010,660,0.3210,Basic helix-loop-helix (bHLH) family,BHLHDOM_95,,vv60011BHLH,
280,VIT_05s0051g00190,664,0.3194,TIR-NBS-LRR-TIR disease resistance protein,,,,
281,VIT_12s0035g00010,658,0.3188,DNA (cytosine-5)-methyltransferase (ATHIM),E2_1_1_37,,vv10271Methionine_metabolism,
282,VIT_08s0040g03120,658,0.3176,Pseudo-response regulator 7 (APRR7),APRR7_1,,vv30007Cytokinin_signaling,vv34710Circadian_rhythm
283,VIT_18s0001g06630,651,0.3163,No hit,,,,
284,VIT_08s0058g01260,654,0.3158,No hit,,,,
285,VIT_07s0104g00800,652,0.3154,Indole-3-acetic acid-amido synthetase GH3.6,AUXINBIOSYNTHESIS_GH3,,vv11002Auxin_biosynthesis,
286,VIT_15s0048g01050,650,0.3148,Unknown,,,,
287,VIT_13s0019g03180,641,0.3113,Unknown protein,,,,
288,VIT_12s0034g02600,646,0.3109,Leucine Rich Repeat receptor-like kinase,,,,
289,VIT_04s0008g07080,639,0.3103,Chloroplast nucleoid DNA-binding protein,,,,
290,VIT_18s0072g00780,637,0.3083,Ubiquitin interaction motif-containing protein,,,,
291,VIT_13s0106g00250,633,0.3074,Carboxylic ester hydrolase,E3_1_1_1,,,
292,VIT_04s0023g01300,635,0.3056,Aminopeptidase P,E3_4_11_9,,,
293,VIT_12s0134g00670,626,0.3043,Anthocyanin 5-aromatic acyltransferase,E2_3_1_153,,vv10941Flavonoid_biosynthesis,vv10942Anthocyanin_biosynthesis
294,VIT_12s0034g02560,629,0.3033,DNA (cytosine-5)-methyltransferase (ATHIM),E2_1_1_37,,vv10271Methionine_metabolism,
295,VIT_10s0003g01100,624,0.3023,Cysteine protease RCR3,K13441,,vv34626Plant-pathogen_interaction,
296,VIT_09s0002g03350,626,0.3023,Unknown,,,,
297,VIT_15s0045g01520,616,0.2999,Eceriferum 1 (CER1 protein) Sterol desaturase,,,,
298,VIT_02s0025g03780,620,0.2994,Remorin,,,,
299,VIT_09s0002g03750,611,0.2956,GATA transcription factor 11,GAT11_2,,vv60016C2C2-GATA,
300,VIT_16s0050g01860,609,0.2949,SLAH3 (SLAC1 Homologue 3),SLAH3,,vv50122Porters_cat_7_to_17,
301,VIT_05s0077g00530,609,0.2941,Unknown protein,,,,
302,VIT_10s0116g01880,602,0.2918,MATE efflux family protein,MATE,,vv50125Porters_cat_66_to_94,
303,VIT_11s0016g01290,593,0.2881,CYP72A1,K13400,,vv10902Monoterpenoid_biosynthesis,
304,VIT_14s0083g00850,588,0.2865,Lipase GDSL 7,,,,
305,VIT_01s0011g00840,592,0.2856,Ankyrin,K10380,,vv50108Accessory_factors_involved_in_transport,
306,VIT_18s0001g14440,586,0.2825,Molecular chaperone DnaJ,K03686,,vv50132Primary_active_transporter_cat_A5_to_A8,
307,VIT_01s0137g00510,586,0.2815,CYP71B10,CYP71B10,,vv10940Phenylpropanoid_biosynthesis,
308,VIT_13s0019g02810,578,0.2811,Glucuronosyl transferase,E2_4_1_17,,vv10040Pentose_glucuronate_interconversion,vv10500Starch_and_sucrose_metabolism
309,VIT_18s0164g00020,577,0.2808,Transducin protein,,,,
310,VIT_07s0205g00030,579,0.2801,Zinc finger (C3HC4-type ring finger),ZFC3HC4_8,,vv60078Other_zf-C3HC4,
311,VIT_17s0000g09340,576,0.2785,No hit,,,,
312,VIT_15s0021g00010,572,0.2783,Eceriferum 1 (CER1 protein) Sterol desaturase,,,,
313,VIT_16s0100g00130,575,0.2767,Protein phosphatase 2C / PP2C,E3_1_3_16,,,
314,VIT_18s0041g00270,569,0.2754,R protein  PRF  disease resistance protein,K13453,,vv34627R_proteins_from_Plant-pathogen_interaction,
315,VIT_08s0007g06010,565,0.2736,Beta 1-3 glucanase [Vitis vinifera],E3_2_1_6,,,
316,VIT_13s0064g01480,568,0.2728,Lipoxygenase LOX1,E1_13_11_12,,vv10592alpha-Linolenic_acid_metabolism,
317,VIT_02s0033g01060,559,0.2720,Anthraniloyal-CoA: methanol anthraniloyal transferase,AMAT,,vv10400Phenylalanine_tyrosine_and_tryptophan_biosynthesis,
318,VIT_03s0017g00960,559,0.2697,Ubiquitin-specific protease 14 (UBP14),,,,
319,VIT_09s0002g07530,556,0.2676,Tetratricopeptide helical,,,,
320,VIT_07s0031g01650,552,0.2664,Programmed cell death 2 C-terminal domain-containing protein,,,,
321,VIT_05s0020g04850,551,0.2659,H1flk,,,,
322,VIT_11s0016g05570,548,0.2646,Thylakoid lumenal 16.5 kDa protein  chloroplast precursor,,,,
323,VIT_09s0002g03050,548,0.2645,Lipase GDSL,,,,
324,VIT_15s0046g02330,548,0.2644,Unknown protein,,,,
325,VIT_10s0116g01050,539,0.2617,Oxidosqualene Cyclase,E5_4_99_7,,vv10100Biosynthesis_of_steroids,
326,VIT_03s0038g04110,539,0.2613,AT-hook DNA-binding protein,,,,
327,VIT_13s0019g02430,536,0.2602,LIM domain containing protein,LIMDOM_2,,vv60040LIM,
328,VIT_11s0103g00200,534,0.2601,Anthranilate N-benzoyltransferase,E2_3_1_144,,vv10400Phenylalanine_tyrosine_and_tryptophan_biosynthesis,
329,VIT_08s0058g00850,521,0.2525,Gag-pol polyprotein,,,,
330,VIT_06s0004g01550,523,0.2523,Phosphoribosylanthranilate transferase,E2_4_2_18,,vv10400Phenylalanine_tyrosine_and_tryptophan_biosynthesis,
331,VIT_07s0005g03320,516,0.2496,Unknown protein,,,,
332,VIT_00s0404g00010,514,0.2492,Beta-galactosidase,E3_2_1_23,,vv10052Galactose_metabolism,vv10511N-Glycan_degradation
333,VIT_04s0023g01210,516,0.2488,Geranylgeranyl pyrophosphate synthetase 1  chloroplast precursor,E2_5_1_29,,vv10100Biosynthesis_of_steroids,vv10900Terpenoid_biosynthesis
334,VIT_06s0004g08230,512,0.2469,Root phototropism protein 2,,,,
335,VIT_11s0037g00320,505,0.2455,Serine carboxypeptidase S10,,,,
336,VIT_01s0011g03090,504,0.2448,Allene oxide cyclase,E5_3_99_6,,vv10592alpha-Linolenic_acid_metabolism,
337,VIT_14s0066g01410,507,0.2447,Peptidylprolyl isomerase,K01802,,,
338,VIT_13s0064g00900,505,0.2438,Unknown protein,,,,
339,VIT_01s0011g03440,503,0.2436,DNA mismatch repair protein,,,,
340,VIT_03s0097g00520,501,0.2434,Magnesium transporter CorA,MRS2REL,,vv50101Channels_and_pores,
341,VIT_04s0008g05060,498,0.2402,C-5 cytosine-specific DNA methylase,E2_1_1_37,,vv10271Methionine_metabolism,
342,VIT_07s0151g01000,493,0.2386,Photosystem I reaction center subunit II (PSAD),K02692,,vv10195Photosynthesis,vv50105Transport_electron_carriers
343,VIT_01s0137g00710,489,0.2369,Alpha-L-fucosidase 2 precursor,E3_2_1_51,,vv10511N-Glycan_degradation,
344,VIT_16s0050g00230,491,0.2363,Zinc knuckle,ZFC2HC,,,
345,VIT_19s0014g00080,488,0.2350,Steroid 5alpha-reductase,K09591,,vv10905Brassinosteroid_biosynthesis,
346,VIT_04s0008g02790,481,0.2330,Short-chain dehydrogenase/reductase (SDR),,,,
347,VIT_15s0048g01130,477,0.2314,Subtilase,,,,
348,VIT_12s0134g00020,482,0.2312,Isoprene synthase,E4_2_3_27,,vv10900Terpenoid_biosynthesis,
349,VIT_00s1314g00010,476,0.2311,Basic helix-loop-helix (bHLH) family,BHLHDOM_89,,vv60011BHLH,
350,VIT_04s0043g00850,473,0.2277,Unknown protein,,,,
351,VIT_13s0047g01000,469,0.2262,No hit,,,,
352,VIT_01s0244g00150,466,0.2256,Auxin response factor 2,ARF2_2,,vv30003Auxin_signaling,vv60004ARF
353,VIT_05s0020g00700,464,0.2242,Squamosa promoter-binding protein 12 (SPL12),SPL12_4,,vv60055SBP,
354,VIT_00s0824g00020,461,0.2227,Basic helix-loop-helix (bHLH) family,BHLHDOM_58,,vv60011BHLH,
355,VIT_02s0025g01730,459,0.2218,3-oxoacyl-[acyl-carrier-protein] synthase,E2_3_1_41,,vv10061Fatty_acid_biosynthesis,
356,VIT_06s0080g00680,449,0.2168,No hit,,,,
357,VIT_16s0022g01020,450,0.2163,Chalcone synthase [Vitis vinifera],E2_3_1_74,,vv10941Flavonoid_biosynthesis,
358,VIT_12s0134g00090,446,0.2155,R-linalool synthase,E4_2_3_26,,vv10900Terpenoid_biosynthesis,
359,VIT_08s0040g01940,441,0.2134,Zinc finger (C3HC4-type ring finger),ZFC3HC4_154,,vv60078Other_zf-C3HC4,
360,VIT_10s0071g00860,437,0.2121,Disease resistance protein,,,,
361,VIT_16s0022g01070,435,0.2121,Chalcone synthase [Vitis vinifera],E2_3_1_74,,vv10941Flavonoid_biosynthesis,
362,VIT_04s0069g01120,439,0.2119,Acyl-activating enzyme 7,E6_2_1_3,,vv10071Fatty_acid_metabolism,vv50104Group_translocators
363,VIT_19s0027g00520,440,0.2117,Peptidase  trypsin serine and cysteine proteases,,,,
364,VIT_17s0000g06520,436,0.2108,Timing of CAB expression 1,TOC1_1,,vv34710Circadian_rhythm,vv60050PseudoARR-B
365,VIT_00s0479g00020,433,0.2099,Basic helix-loop-helix (bHLH) family,BHLHDOM_21,,vv60011BHLH,
366,VIT_16s0022g01190<br>VIT_00s1492g00010<br>VIT_16s0022g01000<br>VIT_16s0022g01140,435,0.2096,
367,VIT_12s0028g00050,431,0.2090,Beta-1 3 glucanase,E3_2_1_6,,,
368,VIT_04s0210g00090<br>VIT_04s0210g00080<br>VIT_04s0210g00120,430,0.2076,
369,VIT_11s0037g00730,426,0.2069,Unknown protein,,,,
370,VIT_05s0062g00300<br>VIT_05s0062g00270,422,0.2060,
371,VIT_04s0023g01020,423,0.2049,BEL1 homeobox 2 protein (BLH2) (SAWTOOTH 1),BLH2_1,VvHB17,vv60034HB,
372,VIT_19s0090g01070,423,0.2046,Glucan endo-1 3-beta-glucosidase 7 precursor,E3_2_1_39,,vv10500Starch_and_sucrose_metabolism,
373,VIT_07s0005g03020,420,0.2037,Lateral organ boundaries protein 29,LBD29,,vv60007AS2,
374,VIT_18s0041g02390,419,0.2036,Aldehyde oxidase 1,E1_2_3_7,,vv11002Auxin_biosynthesis,
375,VIT_00s0207g00070,418,0.2026,HAD-superfamily hydrolase  subfamily IIA,K07025,,,
376,VIT_08s0058g00040,418,0.2026,Verticillium wilt disease resistance protein Ve2,,,,
377,VIT_12s0059g02360,419,0.2017,Myb caprice CPC,CAPRICE_3,,vv60045MYBrelated,
378,VIT_06s0004g01500,415,0.2017,Lipoxygenase (LOX2),E1_13_11_12,,vv10592alpha-Linolenic_acid_metabolism,
379,VIT_17s0000g09160,414,0.2001,ferric reduction oxidase 8 FRO8,E1_16_1_7,,vv10860Porphyrin_and_chlorophyll_metabolism,vv50105Transport_electron_carriers
380,VIT_04s0044g00360,413,0.2000,MTN21,MTN21,,vv50122Porters_cat_7_to_17,
381,VIT_04s0008g03580,415,0.1999,Proton-dependent oligopeptide transport (POT) family protein,POT,,vv50122Porters_cat_7_to_17,
382,VIT_14s0006g00300,414,0.1997,Nudix hydrolase 18,,,,
383,VIT_16s0050g02660,409,0.1978,Pyruvate kinase,E2_7_1_40,,vv10010Glycolysis,vv10230Purine_metabolism
384,VIT_02s0087g00370,411,0.1977,Anthranilate N-hydroxycinnamoyl/benzoyltransferase,E2_3_1_144,,vv10400Phenylalanine_tyrosine_and_tryptophan_biosynthesis,
385,VIT_01s0010g02740,407,0.1967,4-coumarate-CoA ligase,E6_2_1_12,,vv10940Phenylpropanoid_biosynthesis,vv50104Group_translocators
386,VIT_15s0046g00680,403,0.1953,Wax synthase,E2_3_1_75,,vv11000Single_reactions,
387,VIT_06s0009g03390,399,0.1936,No hit,,,,
388,VIT_13s0067g02390,395,0.1921,Unknown,,,,
389,VIT_02s0033g00260,396,0.1913,Pinoresinol-lariciresinol reductase,PLR,,vv10940Phenylpropanoid_biosynthesis,
390,VIT_00s1674g00010,394,0.1902,4-nitrophenylphosphatase,E3_1_3_18,,vv10630Glyoxylate_and_dicarboxylate_metabolism,
391,VIT_13s0019g05150,393,0.1900,Unknown protein,,,,
392,VIT_15s0048g02460,390,0.1892,Quercetin 3-O-methyltransferase 1,E2_1_1_76,,vv10941Flavonoid_biosynthesis,
393,VIT_08s0056g00750,389,0.1878,far-red impaired responsive protein,,,,
394,VIT_05s0102g00130,387,0.1872,Unknown protein,,,,
395,VIT_01s0010g01870,386,0.1867,Salicylic acid-induced fragment 1 protein,,,,
396,VIT_19s0014g03650,379,0.1846,No hit,,,,
397,VIT_12s0028g02810,384,0.1842,Isoflavone methyltransferase/ Orcinol O-methyltransferase 1 oomt1,E2_1_1_46,,vv10943Isoflavonoid_biosynthesis,
398,VIT_07s0130g00250,376,0.1828,4 5-DOPA dioxygenase extradiol,DODA,,vv10350Tyrosine_metabolism,
399,VIT_08s0007g02850,370,0.1791,F-box family protein,,,,
400,VIT_12s0059g01830,370,0.1789,Unknown,,,,
401,VIT_10s0003g03780,371,0.1783,Unknown protein,,,,
402,VIT_00s1683g00010,368,0.1782,Wound-responsive protein,,,,
403,VIT_10s0042g01010,368,0.1779,CYP714A1,,,,
404,VIT_06s0009g03690,365,0.1761,F-box domain containing protein,,,,
405,VIT_11s0016g00880,359,0.1745,Strictosidine synthase; Soluble quinoprotein glucose dehydrogenase,E4_3_3_2,,vv10900Terpenoid_biosynthesis,vv10902Monoterpenoid_biosynthesis
406,VIT_11s0052g01140,362,0.1732,Membrane protein,,,,
407,VIT_08s0058g01270,356,0.1728,Zinc finger (C3HC4-type ring finger),ZFC3HC4_94,,vv60078Other_zf-C3HC4,
408,VIT_03s0097g00450,346,0.1680,No hit,,,,
409,VIT_03s0038g02990,348,0.1679,No hit,,,,
410,VIT_05s0077g02090,348,0.1679,MATE efflux family protein,MATE,,vv50125Porters_cat_66_to_94,
411,VIT_08s0040g00960,345,0.1662,CXE carboxylesterase,E3_1_1_1,,,
412,VIT_04s0008g00860,345,0.1655,Ndr family protein,,,,
413,VIT_08s0040g03130,341,0.1651,Unknown protein,,,,
414,VIT_07s0151g00010,342,0.1647,No hit,,,,
415,VIT_09s0002g03230,342,0.1642,Acid phosphatase,E3_1_3_2,,vv10740Riboflavin_metabolism,
416,VIT_15s0021g02110,336,0.1618,AP2 domain-containing transcription factor TINY,TINY_8,VvERF029,vv30008Ethylene_signaling,vv60003AP2_EREBP
417,VIT_06s0009g01800,333,0.1604,CDKC;1; CDKC;1 (CYCLIN-dependent kinase C;1),CDKC1,,vv44110Cell_cycle,
418,VIT_08s0105g00420,329,0.1592,Unknown,,,,
419,VIT_06s0004g06570,321,0.1560,Calcium/proton exchanger CAX3,K07300_CAX3,,vv50123Porters_cat_18_to_29,
420,VIT_14s0006g01680,319,0.1549,CYP96A10,,,,
421,VIT_17s0000g06930,321,0.1544,Unfertilized embryo sac 10 UNE10,UNE10_3,,vv60011BHLH,
422,VIT_10s0092g00240,318,0.1541,Alpha-glucosidase 1 (AGLU1),E3_2_1_20,,vv10052Galactose_metabolism,vv10500Starch_and_sucrose_metabolism
423,VIT_06s0004g05050,315,0.1528,Ent-kaurenoic acid oxidase 1,E1_14_13_79,,vv10904Diterpenoid_biosynthesis,
424,VIT_09s0002g02370,315,0.1520,Pentatricopeptide (PPR) repeat-containing,,,,
425,VIT_13s0320g00030,302,0.1467,Unknown protein,,,,
426,VIT_19s0015g02160,299,0.1442,CYP72A58,K13400,,vv10902Monoterpenoid_biosynthesis,
427,VIT_00s0361g00090,295,0.1427,Phototropic-responsive NPH3 protein,,,,
428,VIT_03s0017g00920,293,0.1420,R protein  PRF  disease resistance protein,K13453,,vv34627R_proteins_from_Plant-pathogen_interaction,
429,VIT_06s0004g06910,290,0.1402,Unknown protein,,,,
430,VIT_08s0007g02940,288,0.1392,NAC domain containing protein 90,NAC090_1,VvNAC62,vv60046NAC,
431,VIT_17s0000g10100,287,0.1378,Response regulator ARR11 Type-B,ARR11_1,,vv30007Cytokinin_signaling,vv60006ARR-B
432,VIT_02s0033g01000,283,0.1366,Anthraniloyal-CoA: methanol anthraniloyal transferase,AMAT,,vv10400Phenylalanine_tyrosine_and_tryptophan_biosynthesis,
433,VIT_12s0059g02160,282,0.1359,MATE efflux family protein,MATE,,vv50125Porters_cat_66_to_94,
434,VIT_16s0039g02820,280,0.1351,Unknown,,,,
435,VIT_01s0011g04440,273,0.1329,Transparent testa 12 protein,TT12,,vv50125Porters_cat_66_to_94,
436,VIT_12s0059g01190,274,0.1329,Homeobox protein shoot MERISTEMLESS (STM),STM_2,VvHB43,vv50004Auxin_transport,vv60034HB
437,VIT_07s0005g03330,273,0.1328,EMB1879 (embryo defective 1879),,,,
438,VIT_11s0016g02490,274,0.1324,Ndr family protein,,,,
439,VIT_08s0007g00950,271,0.1313,No hit,,,,
440,VIT_04s0008g03680,270,0.1305,Unknown protein,,,,
441,VIT_02s0025g03650,265,0.1286,Cu2+-exporting ATPase HMA5 (heavy metal ATPase 5),K01533_HMA5,,vv50131Primary_active_transporter_cat_A2_to_A4,
442,VIT_04s0023g00650,264,0.1283,Protein arginine N-methyltransferase 5,K02516,,vv23013RNA_transport,
443,VIT_05s0062g00820,265,0.1276,Unknown protein,,,,
444,VIT_07s0005g01070,264,0.1275,No hit,,,,
445,VIT_00s0927g00010,262,0.1263,Basic helix-loop-helix (bHLH) family,BHLHDOM_81,,vv60011BHLH,
446,VIT_08s0056g01130,259,0.1256,Mini zinc finger 2 MIF2,MIF2_2,,vv60068Zf-HD,
447,VIT_01s0011g06510,261,0.1253,Galacturonic acid reductase [Vitis vinifera],E1_1_1_203,,vv40006Cell_wall,
448,VIT_10s0003g04930,259,0.1249,No hit,,,,
449,VIT_06s0061g00980,255,0.1238,Prolylcarboxypeptidase,E3_4_16_2,,,
450,VIT_11s0016g01160,255,0.1235,GCN5 N-acetyltransferase (GNAT),GCN5_3,,vv60082GNAT,
451,VIT_14s0066g00760,256,0.1233,Disease resistance protein (NBS-LRR class),,,,
452,VIT_12s0134g00640,249,0.1210,Anthocyanidin 3-O-glucoside-6''-O-malonyltransferase,E2_3_1_171,,vv10942Anthocyanin_biosynthesis,
453,VIT_11s0052g01630,249,0.1208,Anthocyanidin 3-O-glucosyltransferase,E2_4_1_115,,vv10942Anthocyanin_biosynthesis,
454,VIT_09s0002g00770,250,0.1206,2OG-Fe(II) oxygenase,,,,
455,VIT_13s0019g02710,248,0.1196,Rho guanyl-nucleotide exchange factor ROPGEF5,ROPGEF5,,,
456,VIT_14s0030g00220,245,0.1192,Sugar transporter ERD6-like 5,ERD6L5,,vv50121Porters_cat_1_to_6,
457,VIT_04s0008g04300,245,0.1190,DnaJ homolog  subfamily B  member 4,K09510,,vv50132Primary_active_transporter_cat_A5_to_A8,
458,VIT_00s0508g00040,244,0.1179,Unknown protein,,,,
459,VIT_02s0012g01780,243,0.1171,WD-repeat protein 74,,,,
460,VIT_13s0067g01020,239,0.1157,Leucoanthocyanidin dioxygenase,E1_14_11_19,,vv10941Flavonoid_biosynthesis,
461,VIT_19s0090g00790,238,0.1150,F-box family protein,,,,
462,VIT_11s0016g01170,236,0.1147,Pentatricopeptide (PPR) repeat-containing,,,,
463,VIT_00s0266g00070,237,0.1134,Linalool synthase,E4_2_3_26,,vv10900Terpenoid_biosynthesis,
464,VIT_00s0575g00010,234,0.1134,Strictosidine synthase,E4_3_3_2,,vv10900Terpenoid_biosynthesis,vv10902Monoterpenoid_biosynthesis
465,VIT_10s0003g03870,227,0.1101,Ornithine aminotransferase,E2_6_1_13,,vv10330Arginine_and_proline_metabolism,
466,VIT_15s0024g01260,225,0.1090,DJ-1 protein / protease,,,,
467,VIT_08s0007g04090,226,0.1089,CYPLXXVIA2,,,,
468,VIT_19s0014g03350,225,0.1088,Peptidyl-prolyl cis-trans isomerase TLP38  chloroplast,K01802,,,
469,VIT_11s0016g01310,220,0.1061,TT2 (transparent testa 2),TT2_5,MYBPA4,vv44110Cell_cycle,vv60044MYB
470,VIT_00s0181g00200<br>VIT_00s0181g00180,217,0.1052,
471,VIT_06s0009g02850,217,0.1047,Cytochrome P450  family 79  subfamily A  polypeptide 2,K12153,,vv10966Glucosinolate_biosynthesis,
472,VIT_13s0084g00010,215,0.1038,(-)-a-terpineol synthase,VVTPS,,vv10902Monoterpenoid_biosynthesis,
473,VIT_06s0004g00210,215,0.1032,Subtilisin protease,,,,
474,VIT_19s0090g00730,211,0.1030,No hit,,,,
475,VIT_09s0002g05350,213,0.1030,2-oxoglutarate-dependent dioxygenase,,,,
476,VIT_08s0032g01030,207,0.0995,Glutaredoxin,,,,
477,VIT_07s0005g02210,205,0.0989,Transducin protein,,,,
478,VIT_16s0050g01980,204,0.0988,EIX receptor 2,,,,
479,VIT_13s0067g01840,204,0.0985,ferritin,E1_16_3_1,,vv10860Porphyrin_and_chlorophyll_metabolism,
480,VIT_13s0064g01660,197,0.0956,Prunasin hydrolase isoform PHA precursor,E3_2_1_118,,vv10460Cyanoamino_acid_metabolism,
481,VIT_01s0011g05200,198,0.0951,Phosphoethanolamine N-methyltransferase 1,E2_1_1_103,,vv10564Glycerophospholipid_metabolism,
482,VIT_03s0091g00350,196,0.0947,No hit,,,,
483,VIT_11s0016g05340,195,0.0943,Ethylene-responsive transcription factor SHINE 3,SHINE3_2,VvERF043,vv30008Ethylene_signaling,vv60003AP2_EREBP
484,VIT_18s0001g03470,193,0.0938,Flavonol synthase,E1_14_11_23,,vv10941Flavonoid_biosynthesis,
485,VIT_00s0587g00010,192,0.0933,Replication factor A 1  rfa1,K07466,,vv23030DNA_replication,vv23420Nucleotide_excision_repair
486,VIT_05s0029g01340,193,0.0932,Auxin-independent growth promoter (axi 1),AXI1,,vv30003Auxin_signaling,
487,VIT_07s0005g01040,190,0.0920,Glycosyl transferase family 8 protein,,,,
488,VIT_07s0005g04530,190,0.0914,Pentatricopeptide (PPR) repeat-containing protein,,,,
489,VIT_12s0035g00100,187,0.0910,Receptor protein kinase,,,,
490,VIT_16s0022g00770,188,0.0908,Dynamin-2A,E3_6_5_5,,,
491,VIT_13s0064g00750,186,0.0902,Polygalacturonase GH28,E3_2_1_15,,vv40006Cell_wall,
492,VIT_19s0015g02320,185,0.0896,Clathrin assembly protein 2,CAP2,,vv50110Protein_coat,
493,VIT_07s0031g03070,184,0.0888,Isoflavone reductase,E1_3_1_45,,vv10943Isoflavonoid_biosynthesis,
494,VIT_04s0023g02310,182,0.0884,S-adenosyl-L-methionine:salicylic acid methyltransferase,SAMTBSCMT,,vv10360Phenylalanine_metabolism,
495,VIT_05s0124g00240,178,0.0857,Basic helix-loop-helix (bHLH) family,BHLHDOM_61,,vv60011BHLH,
496,VIT_10s0116g01030,176,0.0854,Stigma-specific Stig1,,,,
497,VIT_12s0059g01590,176,0.0851,Lipase GDSL,,,,
498,VIT_19s0014g02720,176,0.0849,Unknown protein,,,,
499,VIT_09s0002g06990,175,0.0843,Phosphatidic acid phosphatase / PAP2,E3_1_3_4,,vv10561Glycerolipid_metabolism,vv10564Glycerophospholipid_metabolism
500,VIT_09s0002g05990,173,0.0833,6-4 photolyase,K02295,,vv34710Circadian_rhythm,
501,VIT_03s0167g00190,172,0.0830,CYP714A1,,,,
502,VIT_07s0005g02750,171,0.0826,Pectinesterase family,E3_1_1_11,,vv40006Cell_wall,
503,VIT_08s0007g00270,171,0.0824,No hit,,,,
504,VIT_14s0128g00010,168,0.0811,No hit,,,,
505,VIT_03s0038g03600,167,0.0808,Serine/threonine kinase,,,,
506,VIT_13s0019g02700,166,0.0801,MEE60 (maternal effect embryo arrest 60),,,,
507,VIT_05s0077g01440,163,0.0789,ATP binding,,,,
508,VIT_04s0008g02230,163,0.0789,AP2 domain-containing transcription factor ORA47,ORA47,VvERF011,vv30008Ethylene_signaling,vv60003AP2_EREBP
509,VIT_06s0004g01750,162,0.0784,Polygalacturonase inhibitor protein,PGIP,,,
510,VIT_06s0004g01250,159,0.0775,Omega-6 fatty acid desaturase  endoplasmic reticulum (FAD2),K10256,,vv11040Biosynthesis_of_unsaturated_fatty_acids,
511,VIT_12s0059g01870,160,0.0768,GH3-like protein,AUXINBIOSYNTHESIS_GH3,,vv11002Auxin_biosynthesis,
512,VIT_03s0017g01950,159,0.0766,Pectinesterase family,E3_1_1_11,,vv40006Cell_wall,
513,VIT_13s0019g04650,158,0.0764,Thioredoxin 8,,,,
514,VIT_13s0067g00320,157,0.0759,Pinene synthase,E4_2_3_14,,vv10902Monoterpenoid_biosynthesis,
515,VIT_06s0009g02460,157,0.0757,Zinc finger (C2H2 type) family,C2H2FAM_49,,vv60017C2H2,
516,VIT_10s0003g02540,153,0.0739,ABC transporter B member 14,ABCB14,,vv52010ABC_transporters,
517,VIT_12s0134g00170,151,0.0733,No hit,,,,
518,VIT_16s0098g01560,148,0.0714,Glucan endo-1 3-beta-D-glucosidase,E3_2_1_39,,vv10500Starch_and_sucrose_metabolism,
519,VIT_07s0151g00580<br>VIT_07s0289g00080<br>VIT_07s0289g00090<br>VIT_07s0151g00540<br>VIT_07s0151g00560,146,0.0708,
520,VIT_12s0134g00140,146,0.0704,R-linalool synthase,E4_2_3_26,,vv10900Terpenoid_biosynthesis,
521,VIT_18s0001g14480,146,0.0704,Thaumatin SCUTL1,,,,
522,VIT_08s0040g00850,144,0.0700,Thylakoid lumenal 20 kDa protein,,,,
523,VIT_12s0057g00370,144,0.0698,Polygalacturonase PGA3,E3_2_1_15,,vv40006Cell_wall,
524,VIT_06s0080g01000,144,0.0690,Secoisolariciresinol dehydrogenase,SIRD,,vv10940Phenylpropanoid_biosynthesis,
525,VIT_18s0001g03170,142,0.0686,Nodulin MtN21 family,MTN21,,vv50122Porters_cat_7_to_17,
526,VIT_01s0182g00130,142,0.0681,PHO1-like protein,PHO1,,vv50125Porters_cat_66_to_94,
527,VIT_14s0060g01830,141,0.0678,Unknown protein,,,,
528,VIT_05s0020g04810,140,0.0678,Lipase GDSL 7,GLIP7,,vv50101Channels_and_pores,
529,VIT_18s0001g07850,134,0.0650,Lyase,,,,
530,VIT_17s0000g03330,130,0.0633,Receptor serine/threonine kinase PR5K,,,,
531,VIT_03s0097g00090,130,0.0629,Lectin protein kinase,,,,
532,VIT_10s0523g00030,129,0.0625,Photoregulatory zinc-finger protein COP1,K10143,,vv24120Ubiquitin_mediated_proteolysis,
533,VIT_11s0052g01530,129,0.0624,MATE efflux family protein,MATE,,vv50125Porters_cat_66_to_94,
534,VIT_02s0087g00090,129,0.0621,F-box family protein,,,,
535,VIT_19s0090g00950,127,0.0612,Glycosyltransferase,,,,
536,VIT_09s0054g01030,125,0.0608,Transcription termination factor mitochondrial mTERF,MTERF_25,,vv60085MTERF,
537,VIT_18s0001g06580,123,0.0594,Plastocyanin domain-containing protein,K02638,,vv10195Photosynthesis,vv50113Thylakoid_targeting_pathway
538,VIT_08s0007g04540,122,0.0591,Oxidoreductase  2OG-Fe(II) oxygenase,,,,
539,VIT_01s0011g04500,119,0.0575,Oxidoreductase NAD-binding domain,E2_x_x_x,,,
540,VIT_17s0000g00280,119,0.0574,Magnesium-protoporphyrin O-methyltransferase,E2_1_1_11,,vv10860Porphyrin_and_chlorophyll_metabolism,
541,VIT_13s0019g01040,116,0.0562,Unknown protein,,,,
542,VIT_03s0091g00370,116,0.0559,Pentatricopeptide (PPR) repeat-containing protein,,,,
543,VIT_07s0005g05120,115,0.0556,No hit,,,,
544,VIT_04s0008g05160,115,0.0556,Unknown protein,,,,
545,VIT_12s0035g00640,114,0.0554,Ubiquitin-like domain containing CTD phosphatase 1,,,,
546,VIT_13s0019g03370,114,0.0548,Myb family,MYBREL_22,,vv60045MYBrelated,
547,VIT_13s0106g00610,113,0.0548,Tetracycline transporter,TETRACYCTR,,vv50121Porters_cat_1_to_6,
548,VIT_17s0000g02130,113,0.0546,Transposase  IS4,,,,
549,VIT_12s0035g01340,111,0.0535,Unknown protein,,,,
550,VIT_13s0084g00110,110,0.0532,ABC transporter I member 8,ABCI8,,vv52010ABC_transporters,
551,VIT_04s0008g01290,109,0.0528,CGA1 (cytokinin-responsive GATA factor 1),CGA1,,vv30007Cytokinin_signaling,vv60016C2C2-GATA
552,VIT_07s0104g00460,109,0.0526,Ras homolog gene family  member T1,K07870,,,
553,VIT_11s0016g00740,108,0.0525,Receptor-like protein kinase 3,,,,
554,VIT_18s0001g11090,109,0.0524,Uroporphyrinogen-III synthase,E4_2_1_75,,vv10860Porphyrin_and_chlorophyll_metabolism,
555,VIT_14s0006g03100,108,0.0522,No hit,,,,
556,VIT_03s0132g00450,107,0.0514,Cold-induced wall associated kinase,,,,
557,VIT_03s0132g00340,104,0.0504,Wall-associated receptor kinase-like 10,,,,
558,VIT_08s0058g01330,102,0.0490,Unknown,,,,
559,VIT_17s0000g01970,101,0.0489,MKK9,MKK9,,vv30008Ethylene_signaling,vv34626Plant-pathogen_interaction
560,VIT_19s0027g00090,101,0.0487,AERO1 (arabidopsis endoplasmic reticulum oxidoreductins 1),,,,
561,VIT_15s0048g02150,100,0.0485,Methionine aminopeptidase 2B,E3_4_11_18,,,
562,VIT_02s0012g01370,98,0.0474,No hit,,,,
563,VIT_09s0002g03080,97,0.0469,LRR receptor-like serine/threonine-protein kinase,,,,
564,VIT_08s0032g01020,93,0.0448,MD-2 lipid recognition domain-containing protein,,,,
565,VIT_02s0025g00340,92,0.0447,Monodehydroascorbate reductase  chloroplast precursor,E1_6_5_4,,vv10053Ascorbate_and_aldarate_metabolism,
566,VIT_03s0063g01370,91,0.0442,Leucine-rich repeat family protein / extensin,EXTENSIN,,vv40006Cell_wall,
567,VIT_00s2745g00010,91,0.0442,Receptor kinase RK20-1,,,,
568,VIT_19s0015g00570,91,0.0441,SRT1 (sirtuin 1),SRT1,,,
569,VIT_07s0289g00010,90,0.0432,Lipoxygenase,E1_13_11_12,,vv10592alpha-Linolenic_acid_metabolism,
570,VIT_15s0046g02380,90,0.0431,CYP86A8,,,,
571,VIT_06s0004g02540,87,0.0423,Kiwellin Ripening-related protein grip22,,,,
572,VIT_15s0046g01880,88,0.0423,Brassinosteroid-responsive ring-H2 (BRH1),BRH1,,vv30005Brassinosteroids_signaling,
573,VIT_11s0052g01650,86,0.0418,Pathogenesis-related protein 1 precursor (PRP 1),PRP1,,vv30011Jasmonate_signaling,vv34626Plant-pathogen_interaction
574,VIT_01s0026g00570,86,0.0416,Bet v I allergen,,,,
575,VIT_16s0098g00970,85,0.0412,Subtilisin serine protease,SBT3_5_1,,vv50101Channels_and_pores,vv60085MTERF
576,VIT_08s0040g00380,85,0.0410,Zinc finger (DHHC type) family,ZFDHHC_22,,vv60079Other_zf-DHHC,
577,VIT_01s0011g05820,85,0.0409,Unknown protein,,,,
578,VIT_00s0160g00270,84,0.0407,No hit,,,,
579,VIT_14s0006g01670,83,0.0399,CYP96A10,,,,
580,VIT_18s0001g09320,82,0.0398,Casein kinase II subunit alpha-2,K03097,,vv23008Ribosome_biogenesis_in_Eukaryotes,vv34710Circadian_rhythm
581,VIT_05s0029g01420,81,0.0393,Ankyrin repeat,K10380,,vv50108Accessory_factors_involved_in_transport,
582,VIT_05s0051g00330,81,0.0392,F-box domain containing protein,,,,
583,VIT_15s0048g01860,81,0.0391,No hit,,VvERF041,,
584,VIT_04s0008g01540,81,0.0391,No hit,,,,
585,VIT_18s0001g01660,81,0.0390,NADH dehydrogenase I subunit M,K05584,,vv10190Oxidative_phosphorylation,vv50134Primary_active_transporter_cat_D1
586,VIT_11s0016g02350,80,0.0386,Ubiquinone/menaquinone biosynthesis methyltransferase UbiE,K06127,,vv10130Ubiquinone_biosynthesis,
587,VIT_11s0016g04440,79,0.0384,Protease inhibitor/seed storage/lipid transfer protein (LTP),,,,
588,VIT_16s0098g01790,79,0.0383,Calmodulin-binding region IQD21,,,,
589,VIT_11s0052g01600,79,0.0382,UDP-glucose flavonoid 3-O-glucosyltransferase 7,E2_4_1_91,,vv10941Flavonoid_biosynthesis,
590,VIT_10s0042g01040,79,0.0382,CYP714A1,,,,
591,VIT_10s0003g05020,79,0.0381,GTP-binding protein obg,K03979,,,
592,VIT_12s0142g00520,78,0.0378,AAA-type ATPase,,,,
593,VIT_05s0049g00300,78,0.0376,1-aminocyclopropane-1-carboxylate oxidase homolog 1,E1_14_17_4,,vv10640Propanoate_metabolism,vv30008Ethylene_signaling
594,VIT_13s0067g02120,77,0.0373,Arogenate dehydrogenase,E1_3_1_43,,vv10400Phenylalanine_tyrosine_and_tryptophan_biosynthesis,
595,VIT_18s0122g01050,72,0.0350,Pentatricopeptide (PPR) repeat,,,,
596,VIT_17s0000g00480,71,0.0344,Sialyltransferase,E2_4_99_10,,vv10602Glycosphingolipid_biosynthesis,
597,VIT_00s1309g00010,70,0.0340,Monocopper oxidase SKS11 (SKU5 Similar 11),SKS11,,vv50109Incompletely_characterized_transport_systems,
598,VIT_15s0048g02680,70,0.0338,Calmodulin-binding region IQD17,,,,
599,VIT_06s0004g00390,69,0.0334,Holocarboxylase synthetase,E6_3_4_9,,vv10780Biotin_metabolism,
600,VIT_11s0016g04600,69,0.0334,Myb family,MYBGE_14,,vv60029G2-like,
601,VIT_04s0044g01860,68,0.0331,Auxin efflux carrier,AUXEFF,,vv50004Auxin_transport,vv50125Porters_cat_66_to_94
602,VIT_07s0005g04040,68,0.0330,Leucine Rich Repeat receptor-like kinase,,,,
603,VIT_16s0022g02100,68,0.0329,Embryo-specific 3,,,,
604,VIT_04s0023g03230,66,0.0320,Auxin-responsive SAUR9,SAUR9,,vv30003Auxin_signaling,
605,VIT_03s0180g00080,66,0.0319,Cyclase,,,,
606,VIT_00s0291g00030,66,0.0318,Enhancer of shoot regeneration 1 ESR1,ESR1_1,VvERF067,vv30008Ethylene_signaling,vv60003AP2_EREBP
607,VIT_05s0062g00430,63,0.0306,UDP-glucose:flavonoid 7-O-glucosyltransferase,E2_4_1_237,,vv10941Flavonoid_biosynthesis,
608,VIT_07s0141g00870,63,0.0305,33 kDa secretory protein,,,,
609,VIT_08s0058g01230,63,0.0304,Non-specific lipid-transfer protein,,,,
610,VIT_15s0046g01600,63,0.0302,Acidic endochitinase (CHIB1),E3_2_1_14,,vv10530Aminosugars_metabolism,
611,VIT_16s0039g01910,62,0.0300,Vegetative storage protein win4.5,,,,
612,VIT_00s0187g00210,61,0.0294,Rho GDP-dissociation inhibitor 2,,,,
613,VIT_07s0289g00060,60,0.0291,UDP-glucose:salicylic acid glucosyltransferase,E2_4_1_35,,vv10500Starch_and_sucrose_metabolism,
614,VIT_14s0068g00840,59,0.0285,RBR1 (retinoblastoma-related 1),RBR1_1,,vv44110Cell_cycle,vv60051RB
615,VIT_07s0005g01890,59,0.0285,Patatin,,,,
616,VIT_07s0151g00110<br>VIT_07s0151g00190<br>VIT_07s0151g00250,59,0.0284,
617,VIT_12s0057g01010,58,0.0281,Nuclear transcription factor Y subunit B-3,NFYB3_2,,vv60021CCAAT,
618,VIT_18s0041g02400,56,0.0270,Aldehyde oxidase,E1_2_3_7,,vv11002Auxin_biosynthesis,
619,VIT_09s0002g00890,55,0.0266,Jasmonate ZIM-domain protein 1,JAZ1_2,,vv30011Jasmonate_signaling,vv60069ZIM
620,VIT_00s0477g00040,54,0.0261,Clathrin assembly protein 16,CAP16,,vv50110Protein_coat,
621,VIT_13s0067g01350,54,0.0261,Basic helix-loop-helix (bHLH) family,BHLHDOM_16,,vv60011BHLH,
622,VIT_14s0219g00280,52,0.0253,Glycerol-3-phosphate dehydrogenase (NAD+),E1_1_1_8,,vv10564Glycerophospholipid_metabolism,
623,VIT_18s0001g00800,52,0.0253,Tetracycline transporter protein,TETRACYCTR,,vv50121Porters_cat_1_to_6,
624,VIT_13s0064g00740,52,0.0251,Lysine decarboxylase - like protein,E4_1_1_18,,vv10300Lysine_biosynthesis,
625,VIT_03s0038g04150,52,0.0250,FAR1-related sequence 9,FRS9,,vv60071Orphans_far-red,
626,VIT_04s0044g01650,51,0.0247,GA 20-oxidase 2,E1_14_11_12,,vv10904Diterpenoid_biosynthesis,
627,VIT_02s0012g00390,50,0.0242,Norcoclaurine synthase,E4_2_1_78,,vv10950Alkaloid_biosynthesis_I,
628,VIT_18s0001g08830,50,0.0241,FK506-binding protein 4/5,K09571,,vv50108Accessory_factors_involved_in_transport,
629,VIT_18s0001g00630,50,0.0241,No hit,,,,
630,VIT_05s0020g04930,50,0.0241,RPM1 (resistance to p. syringae pv maculicola 1),K13457,,vv34626Plant-pathogen_interaction,
631,VIT_05s0029g01490,49,0.0235,Ankyrin repeat,K10380,,vv50108Accessory_factors_involved_in_transport,
632,VIT_05s0102g00830,49,0.0235,Unknown protein,,,,
633,VIT_17s0000g01260,48,0.0233,Squamosa promoter-binding protein 13 (SPL13),SPL13_1,,vv60055SBP,
634,VIT_08s0058g00980,48,0.0233,Cationic peroxidase,E1_11_1_7,,vv10360Phenylalanine_metabolism,vv10680Methane_metabolism
635,VIT_19s0090g01020,48,0.0232,Molybdopterin biosynthesis protein CNX5,K11996,,vv10790Folate_biosynthesis,vv24122Sulfur_relay_system
636,VIT_08s0040g01130,48,0.0232,Serine carboxypeptidase II,,,,
637,VIT_10s0003g05740,47,0.0229,WRKY DNA-binding protein 14,WRKY14,VvWRKY32,vv60066WRKY,
638,VIT_03s0063g00960,47,0.0227,Unknown protein,,,,
639,VIT_04s0023g02170,47,0.0227,S-adenosyl-L-methionine:carboxyl methyltransferase,,,,
640,VIT_01s0137g00720,47,0.0227,Lipase GDSL,,,,
641,VIT_09s0054g01700,47,0.0226,C2-HC type zinc finger protein C.e-MyT1,,,,
642,VIT_12s0059g01000,46,0.0223,Cellulose synthase CSLB04,E2_4_1_12_CSLB04,,vv40006Cell_wall,
643,VIT_12s0028g02930,46,0.0221,Isoflavone methyltransferase/ Orcinol O-methyltransferase 1 oomt1,E2_1_1_46,,vv10943Isoflavonoid_biosynthesis,
644,VIT_02s0012g02830,45,0.0218,UDP-glucosyl transferase,E2_4_1_81,,vv10941Flavonoid_biosynthesis,
645,VIT_15s0046g03230,45,0.0218,Disease resistance protein RGA4,,,,
646,VIT_06s0004g02580,44,0.0213,BLH8 (BEL1-like homeodomain 8),BLH8,VvHB22,vv60034HB,
647,VIT_01s0026g02330,44,0.0213,Phytochrome kinase substrate,,,,
648,VIT_05s0029g01580,43,0.0208,Ankyrin repeat protein,,,,
649,VIT_09s0002g01100,42,0.0203,DAG,,,,
650,VIT_01s0010g03690,42,0.0203,Splicing factor YT521-B,,,,
651,VIT_17s0000g05620,42,0.0203,Integral membrane HPP family protein,,,,
652,VIT_11s0052g00970,42,0.0202,AAA-type ATPase,,,,
653,VIT_14s0083g00370,41,0.0199,Unknown protein,,,,
654,VIT_11s0037g01290,41,0.0198,No hit,,,,
655,VIT_12s0059g01210,40,0.0194,RNA-binding protein,,,,
656,VIT_14s0060g02240,40,0.0194,U6 snRNA-associated Sm-like protein LSm4,K12623,,vv23018RNA_degradation,vv23040Spliceosome
657,VIT_03s0038g02120,40,0.0193,Armadillo/beta-catenin repeat,,,,
658,VIT_11s0149g00040,40,0.0193,Adenylate kinase,E2_7_4_3,,vv10230Purine_metabolism,
659,VIT_02s0025g02960,40,0.0193,Naringenin 2-oxoglutarate 3-dioxygenase,E1_14_11_9,,vv10941Flavonoid_biosynthesis,
660,VIT_07s0005g01060,40,0.0193,Histone H1,,,,
661,VIT_18s0089g00540,40,0.0192,Ethylene overproducer 1 (ETO1),ETO1,,vv30008Ethylene_signaling,
662,VIT_06s0004g05480,39,0.0189,Translation initiation factor eIF-3 subunit 3,K03247,,vv23013RNA_transport,
663,VIT_15s0046g00730,39,0.0188,Auxin-responsive protein,AUXREG,,vv30003Auxin_signaling,
664,VIT_15s0048g01590,39,0.0188,CYP76B1,,,,
665,VIT_18s0001g07550,39,0.0188,Kinesin family member 4/7/21/27,K10395,,vv44810Regulation_of_actin_cytoskeleton,
666,VIT_18s0001g05380,39,0.0187,TTL1 (tetratricopetide-repeat thioredoxin-like 1),,,,
667,VIT_12s0034g01310,38,0.0185,R protein L6,K13477,,vv34627R_proteins_from_Plant-pathogen_interaction,
668,VIT_18s0041g00840,38,0.0185,UDP-glucose: anthocyanidin 5 3-O-glucosyltransferase,E2_4_1_238,,vv10941Flavonoid_biosynthesis,vv10942Anthocyanin_biosynthesis
669,VIT_19s0014g04050,38,0.0185,S-locus lectin protein kinase,,,,
670,VIT_13s0019g04770,38,0.0184,Sec8 exocyst complex component specific domain containing protein,K06111,,vv44810Regulation_of_actin_cytoskeleton,vv50111Tethering_factors
671,VIT_14s0066g00950,38,0.0184,Isocitrate dehydrogenase  chloroplast precursor,E1_1_1_42,,vv10020Citrate_cycle,vv10720Reductive_carboxylate_cycle
672,VIT_16s0039g01310,37,0.0180,Receptor serine/threonine kinase PR5K,,,,
673,VIT_12s0035g00060,37,0.0180,DNA (cytosine-5)-methyltransferase,E2_1_1_37,,vv10271Methionine_metabolism,
674,VIT_13s0073g00140,37,0.0179,Ovate family protein 13 OFP13,OFP13_2,,vv60086OFP,
675,VIT_03s0063g00550,37,0.0179,Fw2.2 ORFX,,,,
676,VIT_19s0090g01750,37,0.0178,Unknown protein,,,,
677,VIT_13s0067g01420,37,0.0178,Cyclin 1b (CYC1b),CYCB1_2,,vv44110Cell_cycle,
678,VIT_08s0040g02340,36,0.0175,Xylan synthase,E2_4_2_24,,vv10500Starch_and_sucrose_metabolism,vv10520Nucleotide_sugars_metabolism
679,VIT_18s0001g07630,36,0.0173,NADPH-cytochrome P450 oxydoreductase isoform 1,E1_6_2_4,,vv10195Photosynthesis,
680,VIT_17s0000g03070,35,0.0170,R protein MLA10,K13475,,vv34627R_proteins_from_Plant-pathogen_interaction,
681,VIT_14s0066g01380,35,0.0169,Calcium homeostasis regulator CHoR1,CHOR1,,,
682,VIT_02s0025g01470,34,0.0165,Unknown protein,,,,
683,VIT_10s0003g00680,34,0.0164,Glutamate receptor protein,GLR2_7,,vv50101Channels_and_pores,
684,VIT_08s0007g06600,34,0.0163,Lectin protein kinase,,,,
685,VIT_16s0039g00010,33,0.0159,ABC transporter G member 7,ABCG7,,vv52010ABC_transporters,
686,VIT_00s0228g00070<br>VIT_00s0228g00010<br>VIT_00s0411g00050,33,0.0159,
687,VIT_03s0063g00140,32,0.0155,Caffeoyl-CoA O-methyltransferase,E2_1_1_104,,vv10940Phenylpropanoid_biosynthesis,
688,VIT_00s0220g00110,32,0.0155,Acetolactate synthase small subunit,E2_2_1_6,,vv10290Valine_leucine_and_isoleucine_biosynthesis,vv10650Butanoate_metabolism
689,VIT_06s0004g07080,32,0.0154,Unknown protein,,,,
690,VIT_12s0028g02680,31,0.0150,Unknown protein,,,,
691,VIT_06s0004g02150,31,0.0150,No hit,,,,
692,VIT_11s0052g01640,31,0.0150,flavonol 3-O-glucosyltransferase,E2_4_1_91,,vv10941Flavonoid_biosynthesis,
693,VIT_09s0054g00720,31,0.0150,Tetratricopeptide repeat (TPR)-containing,,,,
694,VIT_13s0067g00300<br>VIT_13s0067g00130<br>VIT_13s0067g00290,31,0.0149,
695,VIT_12s0059g00150,30,0.0146,Ankyrin repeat,K10380,,vv50108Accessory_factors_involved_in_transport,
696,VIT_16s0039g00570,30,0.0145,10-deacetylbaccatin III 10-O-acetyltransferase,E2_3_1_167,,vv10904Diterpenoid_biosynthesis,
697,VIT_05s0020g03190,30,0.0145,Haloacid dehalogenase hydrolase,E3_1_3_18,,vv10630Glyoxylate_and_dicarboxylate_metabolism,
698,VIT_14s0068g01520,29,0.0141,Double-stranded RNA-binding (DsRBD) domain-containing protein,,,,
699,VIT_00s0218g00140,29,0.0140,Anthocyanidine rhamnosyl-transferase,RHATR,,vv10942Anthocyanin_biosynthesis,
700,VIT_01s0010g03880,29,0.0139,Unknown protein,,,,
701,VIT_04s0023g00290,28,0.0135,ABC transporter I member 2,ABCI2,,vv52010ABC_transporters,
702,VIT_13s0067g00140,28,0.0134,Proline-rich family protein,BHSH1,,vv60013BHSH,
703,VIT_19s0014g01900,27,0.0130,Protein transport protein Sec24,K14007,,vv24141Protein_processing_in_endoplasmic_reticulum,vv50110Protein_coat
704,VIT_19s0015g00120,26,0.0127,No hit,,,,
705,VIT_13s0019g02500,26,0.0126,No hit,,,,
706,VIT_02s0012g01350,26,0.0126,No hit,,,,
707,VIT_06s0004g07800,26,0.0125,Pentatricopeptide (PPR) repeat-containing protein,,,,
708,VIT_19s0090g01050,25,0.0120,Endo-beta-1 4-glucanase,E3_2_1_4,,vv40006Cell_wall,
709,VIT_13s0073g00170,24,0.0117,Exocyst subunit EXO70 A1,EXO70A1,,vv50111Tethering_factors,
710,VIT_08s0032g01180,24,0.0116,CP33 (pigment defective 322),CP33,,vv50133Primary_active_transporter_cat_A9_to_A18,
711,VIT_01s0011g01900,24,0.0116,Glutathione S-transferase  C-terminal,E2_5_1_18,,vv10480Glutathione_metabolism,
712,VIT_01s0011g03870,24,0.0116,Delta7 sterol C-5 desaturase,K00258,,vv10902Monoterpenoid_biosynthesis,
713,VIT_10s0116g00410,24,0.0116,Gibberellin 2-beta-dioxygenase 7,E1_14_11_13,,vv10904Diterpenoid_biosynthesis,
714,VIT_11s0016g01320,23,0.0112,Myb domain protein 13,MYB13,MYBPA2,vv60044MYB,
715,VIT_12s0034g01770,23,0.0111,Unknown,,,,
716,VIT_04s0044g00420,23,0.0111,MTN21,MTN21,,vv50122Porters_cat_7_to_17,
717,VIT_05s0049g01010,23,0.0111,Myb domain protein 14,MYB14_4,MYB13,vv60044MYB,
718,VIT_16s0100g01310,22,0.0107,DNA mismatch repair protein MSH3,K08736,,vv23430Mismatch_repair,
719,VIT_05s0049g00570,22,0.0107,Unknown,,,,
720,VIT_01s0146g00480,22,0.0107,TIFY 9 (Jasmonate ZIM domain-containing protein 10),JAZ10,,vv30011Jasmonate_signaling,vv60069ZIM
721,VIT_01s0150g00330,21,0.0101,U-box domain-containing protein,,,,
722,VIT_04s0069g00540,21,0.0101,Glutamate receptor protein,GLR2_7,,vv50101Channels_and_pores,
723,VIT_00s0477g00030,21,0.0100,MATE efflux family protein ripening responsive,MATE,,vv50125Porters_cat_66_to_94,
724,VIT_12s0028g00570,20,0.0098,Vacuolar protein sorting 16 VCL1 (vacuoleless 1),VCL1,,vv50111Tethering_factors,
725,VIT_12s0035g00050,20,0.0096,No hit,,,,
726,VIT_01s0146g00180,20,0.0096,Auxin responsive SAUR protein,SAUR,,vv30003Auxin_signaling,
727,VIT_14s0066g02270,19,0.0092,Endonuclease/exonuclease/phosphatase family protein,E3_1_30_x,,,
728,VIT_06s0004g00300,19,0.0092,Hcr2-p4.1,,,,
729,VIT_05s0020g02060,19,0.0092,No hit,,,,
730,VIT_18s0001g15610,19,0.0092,Unknown,,,,
731,VIT_01s0011g05560,19,0.0092,Jasmonate ZIM domain-containing protein 3,JAZ3_1,,vv30011Jasmonate_signaling,vv34626Plant-pathogen_interaction
732,VIT_00s0218g00030,19,0.0091,ELO1 (ELONGATA 1),,,,
733,VIT_01s0026g02030,18,0.0088,Basic helix-loop-helix (bHLH) family,BHLHDOM_59,,vv60011BHLH,
734,VIT_06s0004g00230,18,0.0087,WRKY DNA-binding protein 48,WRKY48_2,VvWRKY15,vv60066WRKY,
735,VIT_07s0005g01450,18,0.0087,BZIP DNA-binding protein BZIP53,BZIP53_1,VvbZIP22,vv60012BZIP,
736,VIT_12s0028g01920,17,0.0082,Receptor kinase TRKe,,,,
737,VIT_14s0066g01210,17,0.0082,Carbonic anhydrase  chloroplast precursor,E4_2_1_1,,vv10910Nitrogen_metabolism,vv50124Porters_cat_30_to_64
738,VIT_03s0017g01490,16,0.0078,Berberine bridge enzyme,E1_21_3_3,,vv10950Alkaloid_biosynthesis_I,
739,VIT_14s0068g01020,16,0.0078,Unknown protein,,,,
740,VIT_15s0048g01610,16,0.0077,Geraniol 10-hydroxylase,G10H,,vv10902Monoterpenoid_biosynthesis,
741,VIT_18s0001g08110,16,0.0077,Glutamyl-tRNA reductase  chloroplast precursor,E1_2_1_70,,vv10860Porphyrin_and_chlorophyll_metabolism,
742,VIT_15s0046g02500,16,0.0077,Unknown protein,,,,
743,VIT_05s0062g01140,16,0.0077,Aromatic and neutral transporter 1,ANT1,,vv50123Porters_cat_18_to_29,
744,VIT_05s0165g00020,16,0.0077,Ankyrin repeat,K10380,,,
745,VIT_03s0038g03250,16,0.0077,Vestitone reductase,E1_1_1_246,,vv10943Isoflavonoid_biosynthesis,
746,VIT_04s0008g01810,16,0.0077,Myb domain protein 4,MYB4_9,MYBPA8,vv60044MYB,
747,VIT_12s0059g01810,16,0.0077,Photosystem II psbZ,K02724,,vv10195Photosynthesis,vv50135Primary_active_transporter_cat_D3_to_E2
748,VIT_08s0040g01970,16,0.0077,fasciclin arabinogalactan-protein (FLA11),FLA11,,vv40006Cell_wall,
749,VIT_03s0017g00930,16,0.0077,Retrotransposon,,,,
750,VIT_13s0047g00500,15,0.0073,3-hydroxyisobutyryl-CoA hydrolase,E3_1_2_4,,vv10280Valine_leucine_and_isoleucine_degradation,vv10410Beta-alanine_metabolism
751,VIT_14s0083g00450,15,0.0073,Protein kinase PKN/PRK1  effector,,,,
752,VIT_17s0000g09070,15,0.0072,Histone deacetylase HDA6,K06067_HDAC6,,vv30011Jasmonate_signaling,vv44110Cell_cycle
753,VIT_16s0098g00480,15,0.0072,Lipase class 3,,,,
754,VIT_06s0004g03100,15,0.0072,MLO1,K08472,,,
755,VIT_06s0061g00140,15,0.0072,Unknown protein,,,,
756,VIT_11s0103g00660,15,0.0072,ELM2 domain-containing protein,PHDEDM2_5,,vv60048PHD,
757,VIT_09s0002g01450,15,0.0072,Unknown protein,,,,
758,VIT_00s0878g00030,14,0.0068,RAB GTPase RAB2,K07976,,,
759,VIT_18s0001g13500,14,0.0068,forkhead-associated domain-containing protein,FHADOM_9,,vv60028FHA,
760,VIT_12s0028g03330,14,0.0068,Targeting protein,,,,
761,VIT_12s0059g02280,13,0.0063,Spg1p (septum-promoting GTPase),,,,
762,VIT_11s0016g02410,13,0.0063,MYB divaricata,DIVARICATA_3,,vv30009Flower_development,vv60044MYB
763,VIT_06s0080g00560,13,0.0063,Beta-alanine synthase,E3_5_1_53,,vv10220Urea_cycle_and_metabolism_of_amino_groups,
764,VIT_05s0062g00310,13,0.0063,UDP-glucoronosyl/UDP-glucosyl transferase UGT75C1,UGT75C1,,vv10942Anthocyanin_biosynthesis,
765,VIT_00s0211g00040,13,0.0063,Nodulation receptor kinase,,,,
766,VIT_09s0054g01440,13,0.0063,Beta-amyrin synthase,E5_4_99_BAS,,vv10900Terpenoid_biosynthesis,
767,VIT_09s0018g01280,13,0.0063,Ribulose bisphosphate carboxylase/oxygenase activase 2,,,,
768,VIT_14s0060g01090,13,0.0063,LNG1 (LONGIFOLIA1),,,,
769,VIT_00s0357g00060<br>VIT_00s0357g00080<br>VIT_00s0556g00020<br>VIT_00s0895g00010,13,0.0062,
770,VIT_18s0001g11620,12,0.0058,WAK receptor protein kinase,,,,
771,VIT_13s0067g03290,12,0.0058,Ribosomal protein L10,K02864,,vv23010Ribosome,
772,VIT_07s0005g01790,12,0.0058,Acyl-CoA synthetase long-chain member 2,E6_2_1_3_LACS2,,vv10071Fatty_acid_metabolism,vv44146Peroxisome
773,VIT_14s0030g01550,12,0.0058,Cysteine synthase 7  cytosolic,E2_5_1_47,,vv10272Cysteine_metabolism,vv10450Selenoamino_acid_metabolism
774,VIT_02s0025g01770,12,0.0058,Cellulose synthase CSLG3,E2_4_1_12_CSLG3,,vv40006Cell_wall,
775,VIT_04s0023g01060,12,0.0058,Proton gradient regulation 3,PGR3,,,
776,VIT_08s0105g00430,12,0.0058,Omega-3 fatty acid desaturase  chloroplast precursor,K10257,,vv11040Biosynthesis_of_unsaturated_fatty_acids,
777,VIT_11s0052g00930,12,0.0058,Transcription factor  E2F and DP-related E2FR1,E2FREL,,vv44110Cell_cycle,vv60056SET_PCG
778,VIT_11s0016g03740,12,0.0058,Rho guanyl-nucleotide exchange factor ROPGEF8,ROPGEF8,,,
779,VIT_05s0020g03140,12,0.0058,Sugar transporter 13,STP13,,vv50121Porters_cat_1_to_6,
780,VIT_14s0006g02890,12,0.0058,ATSYTE/NTMC2T3.2/NTMC2TYPE3.2/SYTE,NTMC2T3_2,,vv50109Incompletely_characterized_transport_systems,
781,VIT_13s0019g00210<br>VIT_13s0019g00230<br>VIT_13s0019g00190<br>VIT_13s0019g00200,12,0.0058,
782,VIT_10s0003g01430,11,0.0053,MEE62 (maternal effect embryo arrest 62),,,,
783,VIT_15s0021g01560,10,0.0049,Leucine carboxyl methyltransferase family protein,K00599,,vv10340Histidine_metabolism,vv10350Tyrosine_metabolism
784,VIT_09s0002g02990,10,0.0048,FRK1 (FLG22-induced receptor-like kinase 1),FRK1,,vv34626Plant-pathogen_interaction,
785,VIT_18s0001g03200,10,0.0048,Emp24/gp25L/p24,EMP24,,vv50110Protein_coat,
786,VIT_04s0008g06510,10,0.0048,Unknown,,,,
787,VIT_05s0094g01420,10,0.0048,Inosine-uridine preferring nucleoside hydrolase,E3_2_2_1,,vv10230Purine_metabolism,vv10760Nicotinate_and_nicotinamide_metabolism
788,VIT_12s0142g00630,10,0.0048,Calcineurin-like phosphoesterase family,,,,
789,VIT_12s0059g00200,10,0.0048,Lanthionine synthetase C,,,,
790,VIT_05s0062g01130,10,0.0048,Aromatic and neutral transporter 1,ANT1,,vv50123Porters_cat_18_to_29,
791,VIT_19s0135g00030,10,0.0048,Caffeate 3-O-methyltransferase 1,E2_1_1_68,,vv10940Phenylpropanoid_biosynthesis,
792,VIT_10s0003g01590,10,0.0048,Unknown protein,,,,
793,VIT_08s0105g00300,9,0.0044,Phospholipase C,E3_1_4_3,,vv10260Glycine_serine_and_threonine_metabolism,vv10562Inositol_phosphate_metabolism
794,VIT_12s0028g00590,9,0.0044,3-hydroxyisobutyryl-CoA hydrolase,E3_1_2_4,,vv10280Valine_leucine_and_isoleucine_degradation,vv10410Beta-alanine_metabolism
795,VIT_19s0015g00710,9,0.0044,Cellulose synthase CSLE1,E2_4_1_12_CSLE1,,vv40006Cell_wall,
796,VIT_19s0090g00880,9,0.0044,Unknown,,,,
797,VIT_10s0003g00780,9,0.0044,Glutamate receptor 3.4,GLR3_4,,vv50101Channels_and_pores,
798,VIT_17s0000g03380,9,0.0044,Calmodulin binding protein,K02183,,vv34020Calcium_signaling_pathway,vv34626Plant-pathogen_interaction
799,VIT_10s0003g00620,9,0.0044,Lipase GDSL,,,,
800,VIT_14s0108g01350,9,0.0044,Unknown protein,,,,
801,VIT_17s0000g06550,9,0.0044,Exonuclease,E3_1_13_1,,,
802,VIT_01s0011g05860,9,0.0044,Aspartate-semialdehyde dehydrogenase,E1_2_1_11,,vv10260Glycine_serine_and_threonine_metabolism,vv10300Lysine_biosynthesis
803,VIT_13s0019g03700,9,0.0044,Lateral organ boundaries protein 1,LBD1_8,,vv60007AS2,
804,VIT_02s0025g02710,9,0.0044,NAC Secondary wall thickening promoting factor1,NST1_2,VvNAC24,vv60046NAC,
805,VIT_12s0055g01000,9,0.0043,Peroxidase,E1_11_1_7,,vv10360Phenylalanine_metabolism,vv10680Methane_metabolism
806,VIT_11s0016g01950,9,0.0043,Casein kinase I delta,K02218,,vv23008Ribosome_biogenesis_in_Eukaryotes,
807,VIT_17s0000g06540,9,0.0043,Exonuclease,E3_1_13_1,,,
808,VIT_01s0026g01090,9,0.0043,Unknown,,,,
809,VIT_00s0333g00050,9,0.0043,DIR1 (defective IN induced resistance 1),,,,
810,VIT_09s0002g04040,9,0.0043,Transducin protein,,,,
811,VIT_17s0053g01040,8,0.0039,No hit,,,,
812,VIT_17s0000g01130,7,0.0034,Nuclear transcription factor Y subunit C-1,NFYC1_1,,vv60021CCAAT,
813,VIT_11s0052g01800,7,0.0034,Constans-like 5,COL5_2,,vv30009Flower_development,vv34710Circadian_rhythm
814,VIT_12s0028g03780,7,0.0034,Riboflavin synthase alpha chain,E2_5_1_9,,vv10740Riboflavin_metabolism,
815,VIT_02s0025g02550,7,0.0034,Late embryogenesis abundant protein,,,,
816,VIT_01s0011g02150,7,0.0034,Photosystem II stability/assembly factor  chloroplast (HCF136),,,,
817,VIT_17s0000g04570,7,0.0034,No hit,,,,
818,VIT_14s0083g01120,7,0.0034,MAP3K-like protein kinase  putative  expressed,,,,
819,VIT_18s0072g00760,7,0.0034,G-protein-coupled receptor,,,,
820,VIT_05s0062g00340,7,0.0034,UDP-glucose:flavonoid 7-O-glucosyltransferase,E2_4_1_237,,vv10941Flavonoid_biosynthesis,
821,VIT_09s0018g00290,7,0.0033,Unknown protein,,,,
822,VIT_11s0016g03760,6,0.0029,Unknown protein,,,,
823,VIT_04s0008g04080,6,0.0029,No hit,,,,
824,VIT_00s0186g00010,6,0.0029,Hexaprenyldihydroxybenzoate methyltransferase,E2_1_1_114,,vv10130Ubiquinone_biosynthesis,
825,VIT_08s0007g07140,6,0.0029,Esterase/lipase/thioesterase family protein,,,,
826,VIT_00s0413g00020,6,0.0029,TIR-NBS-LRR-TIR disease resistance protein,,,,
827,VIT_17s0000g04910,6,0.0029,L-asparaginase,E3_5_1_1,,vv10252Alanine_and_aspartate_metabolism,vv10910Nitrogen_metabolism
828,VIT_09s0070g00780,6,0.0029,No hit,,,,
829,VIT_13s0084g00120,6,0.0029,No hit,,,,
830,VIT_08s0056g00870,6,0.0029,MATE efflux family protein,MATE,,vv50125Porters_cat_66_to_94,
831,VIT_08s0007g05720,6,0.0029,No hit,,,,
832,VIT_07s0031g02630,6,0.0029,Aldehyde dehydrogenase,E1_2_1_3,vv10561Glycerolipid_metabolism,vv10010Glycolysis,vv10071Fatty_acid_metabolism
833,VIT_02s0025g02640,6,0.0029,Unknown protein,,,,
834,VIT_14s0066g00470,6,0.0029,Unknown protein,,,,
835,VIT_00s0188g00160,6,0.0029,Calmodulin-binding protein,,,,
836,VIT_03s0017g01130,6,0.0029,Cis-zeatin O-beta-D-glucosyltransferase,E2_4_1_215,,vv10908Zeatin_biosynthesis,
837,VIT_04s0008g00780,6,0.0029,Unknown,,,,
838,VIT_09s0002g04310,6,0.0029,Rho guanyl-nucleotide exchange factor ROPGEF8,ROPGEF8,,,
839,VIT_13s0019g00460,6,0.0029,Unknown protein,,,,
840,VIT_12s0055g00780,6,0.0029,VPS20.2 SNF7,VPS20_2,,vv50111Tethering_factors,
841,VIT_12s0057g01210,6,0.0029,Nitrate-responsive NOI protein,,,,
842,VIT_14s0128g00440,6,0.0029,Tangled,TANGLED,,vv44110Cell_cycle,
843,VIT_13s0156g00110,6,0.0029,Chaperone BCS1 mitochondrial,K08900,,,
844,VIT_11s0016g04320,6,0.0029,Nudix hydrolase 20,,,,
845,VIT_07s0005g01470,6,0.0029,Unknown protein,,,,
846,VIT_07s0130g00040,6,0.0029,Myb domain protein 4,MYB4_10,MYB3,vv60044MYB,
847,VIT_07s0031g01270,6,0.0029,Ring-H2 finger A2A,RHA2A,,vv60078Other_zf-C3HC4,
848,VIT_13s0019g01830,6,0.0029,Calmodulin binding protein,,,,
849,VIT_00s2648g00010,6,0.0029,FAD-dependent pyridine nucleotide-disulphide oxidoreductase,,,,
850,VIT_12s0059g02390,6,0.0029,Legumin,,,,
851,VIT_18s0001g01680,6,0.0029,Protein kinase,,,,
852,VIT_19s0015g01380,6,0.0029,Enhancer of mRNA-decapping protein 4,K12616,,vv23018RNA_degradation,
853,VIT_10s0092g00150,6,0.0029,Patatin protein 3,,,,
854,VIT_10s0003g03620,5,0.0024,Lupeol synthase 2,E5_4_99_8,,vv10100Biosynthesis_of_steroids,
855,VIT_19s0015g01420,5,0.0024,Subtilisin protease,,,,
856,VIT_00s0337g00030,5,0.0024,Nodulin family protein,,,,
857,VIT_11s0016g05420,4,0.0020,SOS2 (salt overly sensitive 2),SOS2,,vv30001ABA_signaling,
858,VIT_17s0000g03580,4,0.0019,BEE3 (BR Enhanced expression 3),BEE3,,vv60011BHLH,
859,VIT_01s0011g03580,4,0.0019,Unknown protein,,,,
860,VIT_08s0056g00740,4,0.0019,Unknown protein,,,,
861,VIT_13s0067g03060,4,0.0019,Methionyl-tRNA synthetase,E6_1_1_10,,vv10271Methionine_metabolism,vv10450Selenoamino_acid_metabolism
862,VIT_09s0002g00490,4,0.0019,Lipase GDSL 5,,,,
863,VIT_12s0142g00310,3,0.0015,Oxygen evolving enhancer 3 (PsbQ),K08901,,vv10195Photosynthesis,vv50113Thylakoid_targeting_pathway
864,VIT_02s0109g00380,3,0.0015,Stress response suppressor 1,STRS1,,vv23040Spliceosome,vv50133Primary_active_transporter_cat_A9_to_A18
865,VIT_14s0060g02340,3,0.0015,Heat shock protein 70,K03283,,vv23040Spliceosome,vv24141Protein_processing_in_endoplasmic_reticulum
866,VIT_00s0163g00010,3,0.0015,No hit,,,,
867,VIT_18s0072g00820,3,0.0015,VFB3 (VIER F- box  proteinE 3),,,,
868,VIT_15s0046g03290,3,0.0015,Unknown protein,,,,
869,VIT_17s0000g00040,3,0.0015,Pentatricopeptide (PPR) repeat-containing,,,,
870,VIT_09s0018g00260,3,0.0015,No hit,,,,
871,VIT_07s0031g00880,3,0.0015,Nodulation protein,,,,
872,VIT_18s0122g00550,3,0.0015,Cyclin-dependent kinase B2;1,CDKB2_1,,vv44110Cell_cycle,
873,VIT_05s0062g00520,3,0.0015,UDP-glucose:flavonoid 7-O-glucosyltransferase,E2_4_1_237,,vv10941Flavonoid_biosynthesis,
874,VIT_13s0019g00420,3,0.0015,F-box family protein,,,,
875,VIT_13s0019g01990,3,0.0015,Phospholipid/glycerol acyltransferase,E2_3_1_51,,vv10561Glycerolipid_metabolism,vv10564Glycerophospholipid_metabolism
876,VIT_18s0001g11260,3,0.0015,Nucleobase-ascorbate transporter 3 (NAT3),NAT3,,vv50124Porters_cat_30_to_64,
877,VIT_17s0000g09910,3,0.0015,Haloacid dehalogenase hydrolase,E3_1_3_18,,vv10630Glyoxylate_and_dicarboxylate_metabolism,
878,VIT_14s0128g00050,3,0.0015,Thylakoid lumenal 18.3 kDa protein,,,,
879,VIT_08s0007g01420,3,0.0015,Glutathione S-transferase 8 GSTU8,E2_5_1_18_GSTU8,,vv10480Glutathione_metabolism,
880,VIT_06s0004g02710,3,0.0015,Drug/metabolite transporter DMT family transporter,DMT,,vv50122Porters_cat_7_to_17,
881,VIT_19s0014g01430,3,0.0015,3-phosphoshikimate 1-carboxyvinyltransferase  chloroplast precursor,E2_5_1_19,,vv10400Phenylalanine_tyrosine_and_tryptophan_biosynthesis,
882,VIT_00s0267g00050,3,0.0015,No hit,,,,
883,VIT_11s0016g04270,3,0.0015,Hydrolase  alpha/beta fold,,,,
884,VIT_09s0070g00310,3,0.0015,Glucan endo-1 3-beta-glucosidase 6 precursor,E3_2_1_39,,vv10500Starch_and_sucrose_metabolism,
885,VIT_18s0001g05790,3,0.0015,Unknown protein,,,,
886,VIT_17s0053g00590,3,0.0015,Kinase interacting protein,,,,
887,VIT_18s0001g12230,3,0.0015,Unknown protein,,,,
888,VIT_13s0019g03470,3,0.0015,Translation initiation factor eIF-3 subunit 5,K03249,,vv23013RNA_transport,
889,VIT_02s0241g00150,3,0.0015,No hit,,,,
890,VIT_08s0056g00800,3,0.0015,Myb domain protein 60,MYB60,MYB60,vv60044MYB,
891,VIT_00s0392g00060,3,0.0015,(E E)-alpha-farnesene synthase,EAFS,,vv10902Monoterpenoid_biosynthesis,
892,VIT_10s0003g01010,3,0.0015,Lipase GDSL,,,,
893,VIT_13s0067g00710,3,0.0015,Nascent polypeptide associated complex alpha chain,K03626,,,
894,VIT_18s0001g01130,3,0.0015,Alpha-expansin 1 precursor,EXPA1,,vv30003Auxin_signaling,
895,VIT_12s0034g02350,3,0.0015,R protein disease resistance protein,RPROT,,vv34627R_proteins_from_Plant-pathogen_interaction,
896,VIT_18s0001g00090,3,0.0015,Seed maturation protein PM23,,,,
897,VIT_06s0061g00860,3,0.0015,Zinc-binding protein,,,,
898,VIT_06s0061g01070,3,0.0015,Oligopeptidase A,E3_4_24_70,,,
899,VIT_04s0023g02810,3,0.0015,Aldehyde dehydrogenase 3B1,E1_2_1_3,vv10561Glycerolipid_metabolism,vv10010Glycolysis,vv10071Fatty_acid_metabolism
900,VIT_07s0031g01330,3,0.0015,Alanine:glyoxylate aminotransferase 2,E2_6_1_44,,vv10252Alanine_and_aspartate_metabolism,vv10260Glycine_serine_and_threonine_metabolism
901,VIT_19s0090g00090,3,0.0015,No hit,,,,
902,VIT_07s0005g05180,3,0.0015,No hit,,,,
903,VIT_03s0097g00240,3,0.0015,No hit,,,,
904,VIT_05s0020g04540,3,0.0015,Beta-ketoacyl-CoA synthase,E2_3_1_41,,vv10061Fatty_acid_biosynthesis,
905,VIT_13s0019g00770,3,0.0015,Lipase GDSL 7,,,,
906,VIT_06s0061g00700,3,0.0014,Auxin-regulated protein,AUXREG,,vv30003Auxin_signaling,
907,VIT_13s0067g00090,3,0.0014,Pinene synthase,E4_2_3_14,,vv10902Monoterpenoid_biosynthesis,
908,VIT_08s0056g01070,3,0.0014,MATE efflux family protein,MATE,,vv50125Porters_cat_66_to_94,
909,VIT_08s0217g00110,3,0.0014,Basic helix-loop-helix aprataxin,APRATAXIN_1,,vv60011BHLH,
910,VIT_18s0089g01230,3,0.0014,fructokinase-2,E2_7_1_4,,vv10051Fructose_and_mannose_metabolism,vv10500Starch_and_sucrose_metabolism
911,VIT_18s0041g00030,3,0.0014,Wall-associated receptor kinase 5,,,,
912,VIT_01s0026g01340,3,0.0014,Glutathione S-transferase 29 GSTU18,E2_5_1_18_GSTU18,,vv10480Glutathione_metabolism,
913,VIT_08s0007g03660,3,0.0014,CYP94C9,,,,
914,VIT_00s0225g00080,3,0.0014,MATE efflux family protein,MATE,,vv50125Porters_cat_66_to_94,
915,VIT_17s0000g02230,3,0.0014,Jasmonate ZIM domain-containing protein 3,JAZ3_2,,vv30011Jasmonate_signaling,vv34626Plant-pathogen_interaction
916,VIT_19s0090g01150,3,0.0014,SWIB complex BAF60b domain-containing protein,SWIB_11,,vv60092SWIB,
917,VIT_16s0013g02090,3,0.0014,F-box family protein,,,,
918,VIT_18s0001g14630,3,0.0014,ATSYTB/NTMC2T1.2/NTMC2TYPE1.2/SYTB,NTMC2T1_2,,vv50109Incompletely_characterized_transport_systems,
919,VIT_11s0016g05230,3,0.0014,Allyl alcohol dehydrogenase,,,,
920,VIT_15s0046g02660,3,0.0014,Sas10/U3 ribonucleoprotein,,,,
921,VIT_18s0001g12690,3,0.0014,Isoflavone reductase protein 4,E1_3_1_45,,vv10943Isoflavonoid_biosynthesis,
922,VIT_02s0025g02060,3,0.0014,RWP-RK domain-containing protein,RWPRKDOM_1,,vv60052RWP-RK,
923,VIT_03s0091g01080,3,0.0014,1-aminocyclopropane-1-carboxylate oxidase,E1_14_17_4,,vv10640Propanoate_metabolism,vv30008Ethylene_signaling
924,VIT_02s0012g01960,3,0.0014,Transcription factor jumonji (jmj),JARID1A_1,,vv60038Jumonji,
925,VIT_08s0007g07600,3,0.0014,Pyruvate kinase  cytosolic isozyme,E2_7_1_40,,vv10010Glycolysis,vv10230Purine_metabolism
926,VIT_12s0028g03790,3,0.0014,No hit,,,,
927,VIT_07s0005g06210,3,0.0014,RPM1 (resistance to p. syringae pv maculicola 1),K13457,,vv34626Plant-pathogen_interaction,
928,VIT_01s0244g00010,3,0.0014,Basic helix-loop-helix (bHLH) family,BHLHDOM_53,,vv60011BHLH,
929,VIT_17s0000g02040,3,0.0014,Unknown protein,,,,
930,VIT_00s0125g00180,3,0.0014,Zinc finger (C3HC4-type ring finger),ZFC3HC4,,,
931,VIT_16s0100g00670,3,0.0014,Homeodomain GLABROUS1,HDG1_2,VvHB55,vv60034HB,
932,VIT_05s0062g00860,3,0.0014,DNA topoisomerase III alpha,K03165,,vv23440Homologous_recombination,vv50132Primary_active_transporter_cat_A5_to_A8
933,VIT_19s0014g01780,3,0.0014,BZIP transcription factor,BZIPDOM_14,VvbZIP52,vv60012BZIP,
934,VIT_11s0016g04780,3,0.0014,Ras GTP-binding protein (RAN2),K07936,,vv23008Ribosome_biogenesis_in_Eukaryotes,vv23013RNA_transport
935,VIT_04s0008g05330,3,0.0014,DEAD  box  RNA helicase RH15,K12812,,vv23013RNA_transport,vv23015mRNA_surveillance_pathway
936,VIT_18s0001g06640,3,0.0014,Zinc finger (C3HC4-type ring finger),ZFC3HC4_60,,vv60078Other_zf-C3HC4,
937,VIT_04s0043g00720,3,0.0014,Transketolase,E2_2_1_1,,vv10030Pentose_phosphate,vv10710Carbon_fixation
938,VIT_11s0016g01300,3,0.0014,TT2 (transparent testa 2),TT2_4,MYBPAR,vv44110Cell_cycle,vv60044MYB
939,VIT_14s0060g01790,3,0.0014,Unknown protein,,,,
940,VIT_08s0040g00720,3,0.0014,Snf1 protein kinase (KIN10) (SKIN10),K08800,,,
941,VIT_10s0092g00500,3,0.0014,CYP71D10,,,,
942,VIT_16s0100g00330,3,0.0014,Unknown protein,,,,
