Vv_m2,2000,1000,VIT_10s0042g00930<br>VIT_10s0042g00890<br>VIT_10s0042g00870<br>VIT_10s0042g00860<br>VIT_10s0042g00920
rank,node,Fabs,Frel,Functional-annotation,Name-EC-KeggID,Updated-name,Network1,Network2
1,VIT_10s0042g00840,2059,1.0000,Stilbene synthase [Vitis pseudoreticulata],E2_3_1_95,,vv10940Phenylpropanoid_biosynthesis,
2,VIT_16s0100g00860<br>VIT_16s0100g00940<br>VIT_16s0100g00800<br>VIT_16s0100g00920<br>VIT_16s0100g00930<br>VIT_16s0100g00810<br>VIT_16s0100g00840<br>VIT_16s0100g00850,2062,1.0000,
3,VIT_10s0042g00910,2067,1.0000,Stilbene synthase [Vitis pseudoreticulata],E2_3_1_95,,vv10940Phenylpropanoid_biosynthesis,
4,VIT_00s0301g00090,2073,1.0000,NDA2 (alternative NAD(P)H dehydrogenase 2),K03885,,vv10190Oxidative_phosphorylation,vv50134Primary_active_transporter_cat_D1
5,VIT_10s0042g00850,2075,1.0000,Stilbene synthase [Vitis pseudoreticulata],E2_3_1_95,,vv10940Phenylpropanoid_biosynthesis,
6,VIT_16s0100g01040,2066,0.9937,Stilbene synthase - grape,E2_3_1_95,,vv10940Phenylpropanoid_biosynthesis,
7,VIT_06s0004g00020,2053,0.9932,NAC domain containing protein 32,NAC032,VvNAC44,vv60046NAC,
8,VIT_19s0015g00300,2043,0.9874,KCO1 (two pore K channel),K05389_KCO1,,vv50101Channels_and_pores,
9,VIT_16s0100g00830<br>VIT_16s0100g01120<br>VIT_16s0100g00780<br>VIT_16s0100g00910,2040,0.9846,
10,VIT_07s0005g03220,2041,0.9817,Ethylene-responsive transcription factor ERF098,ERF098_1,VvERF098,vv30008Ethylene_signaling,vv60003AP2_EREBP
11,VIT_16s0100g00880,2010,0.9720,Stilbene synthase [Vitis pseudoreticulata],E2_3_1_95,,vv10940Phenylpropanoid_biosynthesis,
12,VIT_18s0001g04640,2008,0.9672,No hit,,,,
13,VIT_16s0039g01240<br>VIT_16s0039g01360<br>VIT_16s0039g01130<br>VITisv_009233<br>VIT_16s0039g01100<br>VIT_00s2508g00010<br>VITisv_032212<br>VIT_16s0039g01120<br>VIT_16s0039g01320<br>VIT_00s2849g00010<br>VIT_16s0039g01300<br>VIT_16s0039g01170<br>VIT_16s0039g01280,1995,0.9670,
14,VIT_16s0100g01010<br>VIT_16s0100g00950<br>VIT_16s0100g01030<br>VIT_16s0100g00990,1998,0.9648,
15,VIT_16s0100g01000,1989,0.9641,Stilbene synthase 4,E2_3_1_95,,vv10940Phenylpropanoid_biosynthesis,
16,VIT_16s0100g01160,1991,0.9591,Stilbene synthase [Vitis vinifera],E2_3_1_95,,vv10940Phenylpropanoid_biosynthesis,
17,VIT_09s0002g05360<br>VIT_09s0002g05400<br>VIT_09s0002g05490<br>VIT_09s0002g05590,1972,0.9573,
18,VIT_08s0058g00690,1948,0.9502,WRKY DNA-binding protein 33,WRKY33_3,VvWRKY24,vv34626Plant-pathogen_interaction,vv60066WRKY
19,VIT_16s0100g00750,1935,0.9393,Stilbene synthase,E2_3_1_95,,vv10940Phenylpropanoid_biosynthesis,
20,VIT_12s0059g01720,1934,0.9388,No hit,,,,
21,VIT_11s0016g02070,1945,0.9383,Basic helix-loop-helix (bHLH) family,BHLHDOM_63,,vv60011BHLH,
22,VIT_09s0002g05370,1924,0.9353,ABC transporter g family pleiotropic drug resistance 12 PDR12,ABCGPDR12,,vv52010ABC_transporters,
23,VIT_19s0015g00290,1933,0.9329,No hit,,,,
24,VIT_16s0100g01150,1901,0.9228,Stilbene synthase [Vitis vinifera],E2_3_1_95,,vv10940Phenylpropanoid_biosynthesis,
25,VIT_09s0002g05600,1897,0.9120,ABC transporter g family pleiotropic drug resistance 12 PDR12,ABCGPDR12,,vv52010ABC_transporters,
26,VIT_10s0042g00880,1894,0.9115,Stilbene synthase [Vitis pseudoreticulata],E2_3_1_95,,vv10940Phenylpropanoid_biosynthesis,
27,VIT_16s0100g00960,1884,0.9110,Stilbene synthase [Vitis pseudoreticulata],E2_3_1_95,,vv10940Phenylpropanoid_biosynthesis,
28,VIT_05s0077g01690,1878,0.9059,Pathogenesis protein 10 [Vitis vinifera],,,,
29,VIT_01s0011g05440,1861,0.9016,Unknown protein,,,,
30,VIT_11s0065g00350,1828,0.8865,Trans-cinnamate 4-monooxygenase,E1_14_13_11,,vv10360Phenylalanine_metabolism,vv10940Phenylpropanoid_biosynthesis
31,VIT_17s0000g06860,1807,0.8776,SNAP25ous protein SNAP30,K08509,,vv24130SNARE_interactions_in_vesicular_transport,
32,VIT_04s0008g00110,1775,0.8680,Jasmonate ZIM domain-containing protein 8,JAZ8_3,,vv30011Jasmonate_signaling,vv60069ZIM
33,VIT_11s0016g03190,1743,0.8433,Unknown,,,,
34,VIT_16s0100g01060,1739,0.8409,Stilbene synthase,E2_3_1_95,,vv10940Phenylpropanoid_biosynthesis,
35,VIT_16s0100g01200<br>VIT_16s0100g01070,1732,0.8351,
36,VIT_01s0011g00530,1721,0.8274,Ureide permease 2 (AtUPS2),UPS2,,vv50122Porters_cat_7_to_17,
37,VIT_03s0038g03530,1707,0.8242,LYS/HIS transporter 7,LHT7,,vv50123Porters_cat_18_to_29,
38,VIT_19s0135g00010,1701,0.8205,Ureide permease 2 (AtUPS2),UPS2,,vv50122Porters_cat_7_to_17,
39,VIT_16s0100g00760,1682,0.8137,Stilbene synthase 2 [Vitis sp. cv. 'Norton'],E2_3_1_95,,vv10940Phenylpropanoid_biosynthesis,
40,VIT_18s0001g10100,1652,0.7969,Ubiquitin-conjugating enzyme E2 I,K10577,,vv23013RNA_transport,vv24120Ubiquitin_mediated_proteolysis
41,VIT_17s0000g07670,1647,0.7960,Betaine-aldehyde dehydrogenase,E1_2_1_8,,vv10260Glycine_serine_and_threonine_metabolism,vv50101Channels_and_pores
42,VIT_02s0033g01380,1636,0.7892,Alternative oxidase 1D,AOX1D,,vv30001ABA_signaling,
43,VIT_07s0031g01090,1626,0.7851,Ascorbate oxidase,E1_10_3_3,,vv10053Ascorbate_and_aldarate_metabolism,vv50109Incompletely_characterized_transport_systems
44,VIT_07s0104g01160,1623,0.7818,Substrate carrier   Mitochondrial,K03454,,vv50123Porters_cat_18_to_29,
45,VIT_19s0014g01850,1598,0.7776,Zinc finger (C3HC4-type ring finger),ZFC3HC4_158,,vv60078Other_zf-C3HC4,
46,VIT_02s0025g03300,1610,0.7774,Potassium channel tetramerisation domain-containing protein,KCTREL,,vv50101Channels_and_pores,
47,VIT_08s0007g03310,1589,0.7662,Unknown,,,,
48,VIT_14s0108g00890,1566,0.7606,Beta-1 3-galactosyltransferase,K07819,,vv10602Glycosphingolipid_biosynthesis,
49,VIT_02s0236g00120,1572,0.7598,Unknown,,,,
50,VIT_15s0021g01630,1563,0.7587,Ethylene responsive element binding factor 2,ERF2_1,,vv30008Ethylene_signaling,vv60003AP2_EREBP
51,VIT_05s0020g03690<br>VIT_05s0020g03710,1552,0.7549,
52,VIT_17s0119g00070,1559,0.7495,Unknown protein,,,,
53,VIT_09s0054g00910,1545,0.7489,Chaperone BCS1 mitochondrial,K08900,,,
54,VIT_18s0001g11230,1542,0.7438,OSB1 (organellar single-stranded),,,,
55,VIT_16s0100g01140,1525,0.7417,Stilbene synthase 2,E2_3_1_95,,vv10940Phenylpropanoid_biosynthesis,
56,VIT_06s0004g01010,1524,0.7345,Dirigent protein pDIR9,,,,
57,VIT_11s0016g01970,1531,0.7336,Calmodulin-binding region IQD6,,,,
58,VIT_04s0044g00230,1526,0.7312,Monooxygenase (MO2),,,,
59,VIT_16s0100g00770,1507,0.7308,Stilbene synthase,E2_3_1_95,,vv10940Phenylpropanoid_biosynthesis,
60,VIT_16s0100g01130,1512,0.7301,Stilbene synthase [Vitis vinifera],E2_3_1_95,,vv10940Phenylpropanoid_biosynthesis,
61,VIT_16s0100g01100,1512,0.7294,Stilbene synthase,E2_3_1_95,,vv10940Phenylpropanoid_biosynthesis,
62,VIT_01s0011g00380,1507,0.7266,SP1L1 (SPIRAL1-like1),,,,
63,VIT_13s0019g03990,1460,0.7053,Unknown protein,,,,
64,VIT_10s0003g05430,1461,0.7044,Reticuline oxidase precursor,E1_21_3_3,,vv10950Alkaloid_biosynthesis_I,
65,VIT_06s0004g01020,1462,0.7029,Dirigent protein,,,,
66,VIT_00s2785g00010,1449,0.6963,Calmodulin-binding protein,,,,
67,VIT_08s0007g08140,1431,0.6920,Helicase,,,,
68,VIT_11s0078g00290,1426,0.6919,Cinnamate 4-hydroxylase,E1_14_13_11,,vv10360Phenylalanine_metabolism,vv10940Phenylpropanoid_biosynthesis
69,VIT_08s0058g00790,1422,0.6906,Secoisolariciresinol dehydrogenase,SIRD,,vv10940Phenylpropanoid_biosynthesis,
70,VIT_14s0060g02760,1420,0.6873,Germin-like protein 3 [Vitis vinifera],,,,
71,VIT_07s0129g01010,1427,0.6847,Unknown,,,,
72,VIT_14s0083g00920,1408,0.6786,No hit,,,,
73,VIT_10s0003g03790,1398,0.6767,Jasmonate ZIM domain-containing protein 8,JAZ8_2,,vv30011Jasmonate_signaling,vv60069ZIM
74,VIT_18s0117g00290,1397,0.6720,Coatomer protein complex  subunit beta 2,COPB2,,vv50110Protein_coat,
75,VIT_06s0004g01030,1381,0.6675,Dirigent protein,,,,
76,VIT_09s0002g06890,1374,0.6651,Dicyanin blue copper protein,,,,
77,VIT_16s0100g01190,1358,0.6589,Stilbene synthase [Vitis vinifera],E2_3_1_95,,vv10940Phenylpropanoid_biosynthesis,
78,VIT_13s0073g00240,1363,0.6572,Glycosyl transferase family 1,,,,
79,VIT_08s0007g02360,1358,0.6538,Harpin inducing protein 1-like 9,,,,
80,VIT_05s0077g01530,1344,0.6490,Pathogenesis protein 10 [Vitis vinifera],,,,
81,VIT_05s0020g05040,1341,0.6463,Proteinase inhibitor 1 PPI3B2,,,,
82,VIT_01s0011g03850,1330,0.6447,Unknown protein,,,,
83,VIT_18s0001g15150,1325,0.6420,Unknown protein,,,,
84,VIT_04s0044g00120,1322,0.6411,Kinase,,,,
85,VIT_18s0117g00070,1319,0.6381,R protein L6,K13477,,vv34627R_proteins_from_Plant-pathogen_interaction,
86,VIT_17s0000g03100,1320,0.6371,Protein phosphatase 2C,E3_1_3_16,,,
87,VIT_14s0081g00190,1318,0.6364,No hit,,,,
88,VIT_07s0141g00890,1318,0.6349,CYP94A1,,,,
89,VIT_12s0142g00590,1312,0.6308,R protein L6,K13477,,vv34627R_proteins_from_Plant-pathogen_interaction,
90,VIT_15s0048g02070,1270,0.6112,BON2-associated protein (BAP2),,,,
91,VIT_15s0024g00410,1263,0.6090,Lectin,,,,
92,VIT_01s0026g00820,1256,0.6074,IAA-amino acid hydrolase 1 (ILR1),K01463,,vv11002Auxin_biosynthesis,
93,VIT_01s0182g00020,1258,0.6071,Ankyrin repeat family protein,,,,
94,VIT_01s0026g02310,1252,0.6063,SUR2,K04713,,vv10600Sphingolipid_metabolism,
95,VIT_07s0031g01660,1256,0.6056,CYP86A2,,,,
96,VIT_02s0109g00430,1256,0.6053,Nitrilase 4 (NIT4),K13035,,vv10910Nitrogen_metabolism,
97,VIT_16s0039g01110,1251,0.6046,Phenylalanin ammonia-lyase [Vitis vinifera],E4_3_1_5,,vv10350Tyrosine_metabolism,vv10360Phenylalanine_metabolism
98,VIT_05s0077g01550,1261,0.6045,Pathogenesis protein 10.3 [Vitis quinquangularis],,,,
99,VIT_09s0002g05610,1240,0.6022,Unknown,,,,
100,VIT_05s0077g01570,1244,0.6010,Pathogenesis protein 10 [Vitis vinifera],,,,
101,VIT_00s0349g00020,1248,0.6006,Unknown protein,,,,
102,VIT_17s0000g02930,1222,0.5912,Glutathione S-transferase 25 GSTU7,E2_5_1_18_GSTU7,,vv10480Glutathione_metabolism,
103,VIT_19s0014g05110,1231,0.5907,Unknown,,,,
104,VIT_14s0060g02320,1205,0.5838,Respiratory burst oxidase protein B (ATRBOHB),RBOHB,,vv34626Plant-pathogen_interaction,vv50105Transport_electron_carriers
105,VIT_07s0005g03340,1200,0.5797,Myb domain protein 14,MYB14_2,MYB14,vv60044MYB,
106,VIT_14s0060g02750<br>VIT_14s0128g00970<br>VIT_14s0128g00990<br>VIT_14s0128g00980<br>VIT_14s0128g01010<br>VIT_14s0128g01030<br>VIT_14s0128g01020<br>VIT_14s0128g01040,1196,0.5786,
107,VIT_12s0059g01660,1175,0.5704,3-oxoacyl-[acyl-carrier-protein] synthase II,E2_3_1_179,,vv10061Fatty_acid_biosynthesis,
108,VIT_07s0005g01190,1168,0.5648,Unknown protein,,,,
109,VIT_10s0116g01810,1159,0.5594,Unknown protein,,,,
110,VIT_12s0057g01090,1136,0.5475,Nudix hydrolase 2,,,,
111,VIT_16s0050g00410,1100,0.5355,Photoassimilate-responsive protein PAR-1a,,,,
112,VIT_10s0003g00790,1098,0.5304,Glutamate receptor protein,GLR2_7,,vv50101Channels_and_pores,
113,VIT_04s0069g00970,1091,0.5281,WRKY DNA-binding protein 51,WRKY51_1,VvWRKY11,vv60066WRKY,
114,VIT_18s0117g00060,1094,0.5265,R protein L6,K13477,,vv34627R_proteins_from_Plant-pathogen_interaction,
115,VIT_12s0057g00990,1092,0.5260,Beta 1 2 N-acetylglucosaminyltransferase,E2_4_1_143,,vv10510N-Glycan_biosynthesis,vv11030Glycan_structures-biosynthesis1
116,VIT_05s0077g01590,1084,0.5260,Major allergen Mal d 1,,,,
117,VIT_04s0044g00040,1087,0.5259,Dirigent,,,,
118,VIT_18s0075g00810,1067,0.5192,Laccase,E1_10_3_2,,vv11000Single_reactions,vv50109Incompletely_characterized_transport_systems
119,VIT_11s0016g01470,1074,0.5186,Lecithine cholesterol acyltransferase,E2_3_1_43,,vv10564Glycerophospholipid_metabolism,
120,VIT_07s0005g02660,1066,0.5172,ABC transporter B member 13,ABCB13,,vv52010ABC_transporters,
121,VIT_09s0054g00900,1047,0.5065,Chaperone BCS1 mitochondrial,K08900,,,
122,VIT_18s0001g01960,1042,0.5056,RKF3 (receptor-like kinase IN in flowers 3),,,,
123,VIT_05s0094g00160,1052,0.5050,No hit,,,,
124,VIT_04s0008g01470,1045,0.5048,WRKY DNA-binding protein 50,WRKY50,VvWRKY06,vv60066WRKY,
125,VIT_03s0017g00650,1033,0.4959,GTP cyclohydrolase II,E3_5_4_25,,vv10740Riboflavin_metabolism,
126,VIT_06s0004g01990,1022,0.4954,No hit,,,,
127,VIT_00s0299g00070,1025,0.4949,Unknown protein,,,,
128,VIT_00s0762g00010,1016,0.4946,S-locus lectin protein kinase family,,,,
129,VIT_17s0000g08210,1016,0.4913,Zinc finger (C3HC4-type ring finger),ZFC3HC4_103,,vv60078Other_zf-C3HC4,
130,VIT_15s0024g00400,1002,0.4859,R protein MLA10,K13475,,vv34627R_proteins_from_Plant-pathogen_interaction,
131,VIT_03s0091g00530,1008,0.4851,N-acetyltransferase ESCO2,,,,
132,VIT_07s0005g05780,1002,0.4845,Pantoate--beta-alanine ligase,E6_3_2_1,,vv10410Beta-alanine_metabolism,vv10770Pantothenate_and_CoA_biosynthesis
133,VIT_05s0049g01010,998,0.4842,Myb domain protein 14,MYB14_4,MYB13,vv60044MYB,
134,VIT_00s0743g00020,998,0.4835,S-locus lectin protein kinase,,,,
135,VIT_11s0118g00450,999,0.4833,No hit,,,,
136,VIT_18s0117g00050,1003,0.4824,R protein L6,K13477,,vv34627R_proteins_from_Plant-pathogen_interaction,
137,VIT_09s0002g04720,999,0.4808,Coatomer protein complex  subunit beta 2,COPB2,,vv50110Protein_coat,
138,VIT_13s0019g04060,990,0.4797,MLO1,K08472,,,
139,VIT_14s0219g00070,991,0.4792,Zinc finger (C2H2 type) family,C2H2FAM_25,,vv60017C2H2,
140,VIT_18s0001g10180,991,0.4790,N-hydroxycinnamoyl/benzoyltransferase 3,,,,
141,VIT_10s0003g03800,990,0.4790,Jasmonate ZIM domain-containing protein 8,JAZ8_1,,vv30011Jasmonate_signaling,vv60069ZIM
142,VIT_02s0234g00130,988,0.4768,Ethylene responsive element binding factor 1,ERF1_9,VvERF076,vv30008Ethylene_signaling,vv30011Jasmonate_signaling
143,VIT_10s0405g00020,979,0.4748,Mo25,K08272,,vv34150mTOR_signaling_pathway,
144,VIT_06s0004g04590,971,0.4707,Epsin N-terminal homology (ENTH) domain-containing,ENTH,,vv50110Protein_coat,
145,VIT_02s0087g00330,977,0.4704,Glycosyl transferase family 1 protein,,,,
146,VIT_09s0054g00780,963,0.4634,Pseudouridine synthase,E4_2_1_70,,vv10240Pyrimidine_metabolism,
147,VIT_01s0127g00150,949,0.4563,Menaquinone biosynthesis methyltransferase ubiE,K03183,,vv10130Ubiquinone_biosynthesis,
148,VIT_00s0226g00100,941,0.4550,Regulator of chromosome condensation (RCC1),RCC1,,vv50112Nuclear_pore_complex,
149,VIT_12s0035g01520,931,0.4528,Disease resistance protein RPS2,,,,
150,VIT_05s0077g01560,930,0.4484,Pathogenesis protein 10.3 [Vitis quinquangularis],,,,
151,VIT_04s0044g00220,921,0.4484,Monooxygenase,,,,
152,VIT_08s0040g03040,925,0.4469,Glutathione S-transferase GSTO1,E2_5_1_18_GSTO1,,vv10480Glutathione_metabolism,
153,VIT_05s0077g01600,924,0.4462,Pathogenesis protein 10 [Vitis vinifera],,,,
154,VIT_18s0001g10200<br>VIT_18s0001g10230,916,0.4425,
155,VIT_07s0031g02520,919,0.4418,Unknown protein,,,,
156,VIT_16s0100g01110,914,0.4407,Resveratrol synthase (RS1),E2_3_1_95,,vv10940Phenylpropanoid_biosynthesis,
157,VIT_05s0049g00460,897,0.4359,Basic helix-loop-helix ILR3,ILR3_3,,vv11002Auxin_biosynthesis,vv60011BHLH
158,VIT_18s0076g00380,901,0.4330,ABC transporter F member 6,ABCF6,,vv52010ABC_transporters,
159,VIT_07s0031g01130,889,0.4291,Ascorbate oxidase,E1_10_3_3,,vv10053Ascorbate_and_aldarate_metabolism,vv50109Incompletely_characterized_transport_systems
160,VIT_00s1463g00010,873,0.4238,Protease Do-like 5,,,,
161,VIT_14s0171g00490,870,0.4201,Glucose-6-phosphate 1-dehydrogenase  cytoplasmic isoform,E1_1_1_49,,vv10030Pentose_phosphate,vv10480Glutathione_metabolism
162,VIT_04s0008g00800,871,0.4200,Ferrochelatase-2,E4_99_1_1,,vv10860Porphyrin_and_chlorophyll_metabolism,
163,VIT_04s0069g01010,866,0.4186,Harpin-induced protein,,,,
164,VIT_16s0100g00870,866,0.4180,No hit,,,,
165,VIT_06s0004g04950,844,0.4079,Scarecrow-like transcription factor 14 SCL14,SCL14_11,,vv60032GRAS,
166,VIT_03s0063g01780,845,0.4074,Extra-large G-protein (XLG1),,,,
167,VIT_17s0000g02220,844,0.4050,No hit,,,,
168,VIT_06s0004g02010,828,0.4049,No hit,,,,
169,VIT_12s0057g00420,838,0.4046,Auxin-responsive protein AIR12,AIR12,,vv30003Auxin_signaling,
170,VIT_10s0003g04080,827,0.4003,Unknown,,,,
171,VIT_18s0001g15130,828,0.3981,WD40 repeat protein,,,,
172,VIT_19s0015g02610,821,0.3974,Glutathione S-transferase 25 GSTU25,E2_5_1_18_GSTU25,,vv10480Glutathione_metabolism,
173,VIT_08s0105g00450,816,0.3965,Transducin protein,,,,
174,VIT_07s0031g01010<br>VIT_07s0031g01040<br>VIT_07s0031g01050,814,0.3913,
175,VIT_03s0017g01990,804,0.3865,UDP-glucose glucosyltransferase,E2_4_1_35,,vv10500Starch_and_sucrose_metabolism,
176,VIT_02s0025g02240,797,0.3861,WD-40 repeat,,,,
177,VIT_00s1212g00020,794,0.3845,Laccase,E1_10_3_2,,vv11000Single_reactions,vv50109Incompletely_characterized_transport_systems
178,VIT_09s0002g02950,792,0.3830,No hit,,,,
179,VIT_19s0027g00870,787,0.3809,NAC domain-containing protein 42,NAC042_3,VvNAC30,vv60046NAC,
180,VIT_12s0059g01380,775,0.3758,1-aminocyclopropane-1-carboxylate oxidase 1,E1_14_17_4,,vv10640Propanoate_metabolism,vv30008Ethylene_signaling
181,VIT_02s0087g00770,774,0.3745,ABC transporter E member 1,K06174,,vv52010ABC_transporters,
182,VIT_17s0000g03370,771,0.3726,Calmodulin-binding protein,K02183,,vv34020Calcium_signaling_pathway,vv34626Plant-pathogen_interaction
183,VIT_01s0010g00540,771,0.3725,BIM2 (BES1-interacting Myc-like protein 2,BIM2_2,,vv30005Brassinosteroids_signaling,vv60011BHLH
184,VIT_07s0031g03060,773,0.3718,NSL1 (necrotic spotted lesions 1),,,,
185,VIT_15s0045g01190,773,0.3716,Retrotransposon protein  Unclassified,,,,
186,VIT_13s0067g00120,760,0.3652,GCN5 N-acetyltransferase (GNAT),GCN5_18,,vv60082GNAT,
187,VIT_13s0064g01110,756,0.3650,No hit,,,,
188,VIT_18s0001g05410,760,0.3636,No hit,,,,
189,VIT_00s0254g00040,743,0.3596,Heat shock cognate 70 kDa protein 3 (HSC70-3) (HSP70-3),HSC703,,vv23040Spliceosome,vv24141Protein_processing_in_endoplasmic_reticulum
190,VIT_01s0011g02480,737,0.3585,Phospholipid-transporting ATPase,K01530,,vv50131Primary_active_transporter_cat_A2_to_A4,
191,VIT_17s0000g09230,737,0.3564,Leucine-rich repeat family protein,,,,
192,VIT_18s0072g00630,736,0.3554,TUBBY like protein 1 TLP10,TLP10_1,,vv60063TUB,
193,VIT_06s0004g00830,730,0.3533,Serine/threonine protein phosphatase PP2A-4 catalytic subunit (PP2A4),K04382,,vv23015mRNA_surveillance_pathway,vv34020Calcium_signaling_pathway
194,VIT_08s0040g01710,710,0.3465,Phenylalanine ammonia-lyase,E4_3_1_5,,vv10350Tyrosine_metabolism,vv10360Phenylalanine_metabolism
195,VIT_01s0146g00320,714,0.3451,No hit,,,,
196,VIT_04s0008g03420,711,0.3436,Exostosin family protein,K02366,,vv11030Glycan_structures-biosynthesis1,
197,VIT_11s0016g03080,706,0.3421,Clavata1 receptor kinase (CLV1),,,,
198,VIT_00s0181g00170,696,0.3382,F-box family protein,,,,
199,VIT_01s0010g03080,690,0.3353,Unknown,,,,
200,VIT_05s0077g01660,694,0.3348,Major allergen protein homolog,,,,
201,VIT_03s0088g00750,687,0.3330,Pathogenesis related protein 1 precursor [Vitis vinifera],PRP1,,vv30011Jasmonate_signaling,vv34626Plant-pathogen_interaction
202,VIT_06s0004g00160,679,0.3291,Pentatricopeptide (PPR) repeat-containing protein,,,,
203,VIT_15s0048g01400,684,0.3290,Protein kinase,,,,
204,VIT_18s0001g10760,675,0.3258,Strictosidine synthase,E4_3_3_2,,vv10900Terpenoid_biosynthesis,vv10902Monoterpenoid_biosynthesis
205,VIT_14s0083g01170,672,0.3240,Mitochondrial substrate carrier family protein,K03454,,vv50123Porters_cat_18_to_29,
206,VIT_03s0088g00700,666,0.3214,Pathogenesis related protein 1 precursor (pr1 gene),PRP1,,vv30011Jasmonate_signaling,vv34626Plant-pathogen_interaction
207,VIT_12s0028g00860,659,0.3165,NAC domain-containing protein 42,NAC042_5,VvNAC36,vv60046NAC,
208,VIT_16s0050g00430,651,0.3153,Photoassimilate-responsive protein PAR-1a,,,,
209,VIT_19s0014g01110,647,0.3129,Curculin (mannose-binding) lectin,,,,
210,VIT_00s0480g00030,644,0.3117,Polyphenol oxidase,E1_10_3_1,,vv10350Tyrosine_metabolism,vv50109Incompletely_characterized_transport_systems
211,VIT_03s0088g00450,644,0.3105,FKBP12-rapamycin complex-associated protein,K07203,,vv34150mTOR_signaling_pathway,
212,VIT_10s0003g04200,636,0.3080,Lipase class 3,,,,
213,VIT_04s0008g01040,639,0.3075,Lysine decarboxylase,E4_1_1_18,,vv10300Lysine_biosynthesis,
214,VIT_00s0409g00010,636,0.3068,Receptor kinase RK20-1,,,,
215,VIT_09s0002g05430,636,0.3052,ABC transporter g family pleiotropic drug resistance 12 PDR12,ABCGPDR12,,vv52010ABC_transporters,
216,VIT_01s0026g01730,630,0.3049,WRKY DNA-binding protein 72,WRKY72_1,VvWRKY02,vv60066WRKY,
217,VIT_05s0020g02730,621,0.3019,Nectarin IV NEC4,,,,
218,VIT_09s0054g00580<br>VIT_09s0054g00570,625,0.3016,
219,VIT_01s0127g00700,623,0.3015,Unknown protein,,,,
220,VIT_13s0019g04890,616,0.2989,Shugoshin-1,,,,
221,VIT_03s0017g02110,613,0.2973,Anthocyanidin 3-O-glucosyltransferase,E2_4_1_115,,vv10942Anthocyanin_biosynthesis,
222,VIT_15s0048g00620,608,0.2943,No hit,,,,
223,VIT_03s0063g02650,602,0.2901,Hydrolase  alpha/beta fold,,,,
224,VIT_07s0031g00460,601,0.2898,Nicotinate phosphoribosyltransferase,E2_4_2_11,,vv10760Nicotinate_and_nicotinamide_metabolism,
225,VIT_18s0001g04280,597,0.2897,(-)-germacrene D synthase,E4_2_3_22,,vv10900Terpenoid_biosynthesis,
226,VIT_13s0156g00590,596,0.2885,S-receptor kinase,,,,
227,VIT_19s0015g01100,594,0.2874,Peptidyl-prolyl cis-trans isomerase  FKBP-type,K01802,,,
228,VIT_05s0049g01020,588,0.2839,Myb domain protein 14,MYB14_3,,vv60044MYB,
229,VIT_09s0002g02970,584,0.2839,Unknown,,,,
230,VIT_11s0016g01310,588,0.2836,TT2 (transparent testa 2),TT2_5,MYBPA4,vv44110Cell_cycle,vv60044MYB
231,VIT_04s0008g02410,575,0.2787,Unknown protein,,,,
232,VIT_06s0004g01000,576,0.2773,Dirigent protein,,,,
233,VIT_00s0347g00070,573,0.2771,S-locus lectin protein kinase,,,,
234,VIT_05s0020g03190,569,0.2757,Haloacid dehalogenase hydrolase,E3_1_3_18,,vv10630Glyoxylate_and_dicarboxylate_metabolism,
235,VIT_12s0035g02210,567,0.2756,Unknown protein,,,,
236,VIT_04s0044g00270,573,0.2752,Monooxygenase (MO3),,,,
237,VIT_17s0000g04120,565,0.2735,Histone deacetylase HDA15,HDA15,,vv44110Cell_cycle,
238,VIT_14s0068g01250,565,0.2735,Mitochondrial phosphate transporter,MPHOSPTR,,vv50123Porters_cat_18_to_29,
239,VIT_12s0057g00260,565,0.2722,External rotenone-insensitive NADPH dehydrogenase,K03885,,vv10190Oxidative_phosphorylation,vv50134Primary_active_transporter_cat_D1
240,VIT_16s0039g00740,558,0.2700,Histone-lysine N-methyltransferase ASHH3,E2_1_1_43ASHH3_1,,vv10300Lysine_biosynthesis,vv60056SET_PCG
241,VIT_18s0117g00300,559,0.2694,Coatomer protein complex  subunit beta 2,COPB2,,vv50110Protein_coat,
242,VIT_16s0050g00480,557,0.2688,CYP715A1,,,,
243,VIT_05s0020g03220,561,0.2688,S-receptor kinase,,,,
244,VIT_16s0050g00400,549,0.2659,Photoassimilate-responsive protein PAR-1a,,,,
245,VIT_00s0410g00040,545,0.2638,Anthranilate N-benzoyltransferase protein 1,E2_3_1_144,,vv10400Phenylalanine_tyrosine_and_tryptophan_biosynthesis,
246,VIT_06s0061g01210,538,0.2618,Lysine histidine transporter 1,LHT1,,vv50123Porters_cat_18_to_29,
247,VIT_06s0004g03540,536,0.2591,MAPK (MPK3),MPK3,,vv30008Ethylene_signaling,vv34626Plant-pathogen_interaction
248,VIT_14s0066g01080,537,0.2590,ADP-ribosylation factor A1B,ARFA1B,,vv50110Protein_coat,
249,VIT_10s0003g02190,535,0.2587,Nodulin MtN3 family,,,,
250,VIT_14s0030g00340,530,0.2577,Sugar transporter ERD6-like 8,ERD6L8,,vv50121Porters_cat_1_to_6,
251,VIT_10s0003g05450,530,0.2568,Reticuline oxidase precursor,E1_21_3_3,,vv10950Alkaloid_biosynthesis_I,
252,VIT_07s0104g00220,532,0.2568,Phenazine biosynthesis PhzC/PhzF,K06998,,vv10400Phenylalanine_tyrosine_and_tryptophan_biosynthesis,
253,VIT_14s0108g01000,530,0.2554,Calcium-binding EF hand,,,,
254,VIT_16s0098g00220,529,0.2548,Membrane located receptor,,,,
255,VIT_18s0001g02200,523,0.2539,8-oxoguanine-DNA glycosylase (OGG1),K03660,,vv23410Base_excision_repair,
256,VIT_06s0004g01670,518,0.2506,UDP-glucoronosyl and UDP-glucosyl transferase,,,,
257,VIT_11s0037g00300,515,0.2487,Signal recognition particle receptor alpha subunit,K13431,,vv23060Protein_export,vv50132Primary_active_transporter_cat_A5_to_A8
258,VIT_03s0088g00410,516,0.2484,Pyruvate kinase isozyme A  chloroplast precursor,E2_7_1_40,,vv10010Glycolysis,vv10230Purine_metabolism
259,VIT_09s0002g00890,511,0.2460,Jasmonate ZIM-domain protein 1,JAZ1_2,,vv30011Jasmonate_signaling,vv60069ZIM
260,VIT_09s0018g01660,507,0.2439,Biopterin transport-related protein BT1,BIOPTERIN,,vv50125Porters_cat_66_to_94,
261,VIT_12s0057g01030,507,0.2438,Glucose-6-phosphate 1-dehydrogenase 2  chloroplast precursor,E1_1_1_49,,vv10030Pentose_phosphate,vv10480Glutathione_metabolism
262,VIT_01s0011g03830,502,0.2422,Metallo-beta-lactamase,E3_5_2_6,,vv10311Penicillin_and_cephalosporin_biosynthesis,
263,VIT_07s0031g00530,497,0.2421,MAPKKK21,,,,
264,VIT_08s0007g04860,501,0.2420,Nodulin family protein,,,,
265,VIT_08s0007g00620,502,0.2418,Zinc finger (DHHC type),ZFDHHC_8,,vv60079Other_zf-DHHC,
266,VIT_03s0063g00930,499,0.2408,EMB2745,,,,
267,VIT_07s0005g00770,492,0.2368,RelA/SpoT protein (RSH1),,,,
268,VIT_18s0117g00080,491,0.2365,R protein L6,K13477,,vv34627R_proteins_from_Plant-pathogen_interaction,
269,VIT_10s0116g01820,491,0.2362,Unknown protein,,,,
270,VIT_08s0032g01220,484,0.2344,Calcium dependent protein kinase 1,CPK1,,vv34626Plant-pathogen_interaction,
271,VIT_01s0146g00480,482,0.2343,TIFY 9 (Jasmonate ZIM domain-containing protein 10),JAZ10,,vv30011Jasmonate_signaling,vv60069ZIM
272,VIT_08s0007g00440,484,0.2333,Alpha-expansin 6 precursor,EXPA6,,vv30003Auxin_signaling,
273,VIT_01s0011g01280,481,0.2321,Zinc transporter ZIP5,ZIP5,,vv50121Porters_cat_1_to_6,
274,VIT_07s0151g00260,470,0.2286,Quinone-oxidoreductase  Chloroplast,K03956,,vv10190Oxidative_phosphorylation,vv50134Primary_active_transporter_cat_D1
275,VIT_08s0007g05830,468,0.2255,No hit,,,,
276,VIT_05s0062g00790,463,0.2254,NSL1 (necrotic spotted lesions 1),,,,
277,VIT_14s0068g02210,467,0.2251,HcrVf1 protein,,,,
278,VIT_13s0019g01810,460,0.2231,Scarecrow transcription factor 14 (SCL14),SCL14_3,,vv60032GRAS,
279,VIT_15s0024g00680,461,0.2228,No hit,,,,
280,VIT_16s0098g01260,447,0.2170,Intramitochondrial sorting protein MSP1 protein,MSP1,,vv50133Primary_active_transporter_cat_A9_to_A18,
281,VIT_00s0270g00120,450,0.2169,Alpha-amylase/subtilisin inhibitor,E3_2_1_1,,vv10500Starch_and_sucrose_metabolism,
282,VIT_05s0094g00260<br>VIT_05s0094g00220,440,0.2137,
283,VIT_04s0044g01540,439,0.2122,UDP-glucuronic acid:anthocyanin glucuronosyltransferase,E2_4_1_236,,vv10941Flavonoid_biosynthesis,
284,VIT_19s0027g00860,434,0.2102,NAC domain-containing protein 42,NAC042_2,VvNAC31,vv60046NAC,
285,VIT_11s0016g01650,431,0.2090,Ankyrin repeat,,,,
286,VIT_04s0044g01200,430,0.2066,Auxin-independent growth promoter,,,,
287,VIT_18s0001g00840,421,0.2033,Syringolide-induced protein 14-1-1,,,,
288,VIT_00s1278g00010,419,0.2023,Brassinosteroid insensitive 1-associated receptor kinase 1,BAK1,,vv30005Brassinosteroids_signaling,
289,VIT_09s0002g05560,417,0.2018,ABC transporter g family pleiotropic drug resistance 12 PDR12,ABCGPDR12,,vv52010ABC_transporters,
290,VIT_13s0019g01440,416,0.2008,No hit,,,,
291,VIT_06s0080g00210,406,0.1975,Histone deacetylase protein (HDA8),HDA08,,vv44110Cell_cycle,
292,VIT_08s0056g00300,408,0.1959,Unknown,,,,
293,VIT_11s0016g00570,406,0.1959,Dimethylaniline monooxygenase (N-oxide forming) 2,E1_14_13_8,,vv11000Single_reactions,
294,VIT_15s0024g00960<br>VIT_05s0094g00980<br>VIT_19s0014g03980<br>VIT_14s0036g00820,404,0.1956,
295,VIT_13s0156g00570,401,0.1927,S-receptor kinase,,,,
296,VIT_14s0066g01150,398,0.1913,Cinnamoyl-CoA reductase,E1_2_1_44,,vv10940Phenylpropanoid_biosynthesis,
297,VIT_17s0000g06690,395,0.1901,Unknown,,,,
298,VIT_10s0116g01200,389,0.1877,WRKY DNA-binding protein 6,WRKY6_1,VvWRKY29,vv60066WRKY,
299,VIT_06s0004g03620,385,0.1869,MAPK MPK13,MPK13,,,
300,VIT_18s0001g04870,387,0.1868,(-)-germacrene D synthase,E4_2_3_22,,vv10900Terpenoid_biosynthesis,
301,VIT_19s0090g00210,383,0.1849,DTW domain-containing protein,,,,
302,VIT_12s0059g00520,383,0.1844,RabGAP/TBC domain-containing protein,,,,
303,VIT_08s0007g00010,377,0.1830,ARF GTPase activator  ARF-GAP Domain 6,AGD6,,vv50110Protein_coat,
304,VIT_07s0005g00980,377,0.1824,Dehydration-induced 19,,,,
305,VIT_14s0108g00970,379,0.1819,Pentatricopeptide (PPR) repeat,,,,
306,VIT_00s0194g00120,365,0.1762,Serine acetyltransferase,E2_3_1_30,,vv10272Cysteine_metabolism,vv10920Sulfur_metabolism
307,VIT_13s0064g01100,365,0.1761,No hit,,,,
308,VIT_12s0059g01080,360,0.1733,Acid phosphatase/vanadium-dependent haloperoxidase,,,,
309,VIT_17s0000g04360,348,0.1690,Wall-associated kinase 2 (WAK2),,,,
310,VIT_07s0031g02420,349,0.1681,F-box domain containing protein,,,,
311,VIT_16s0013g01400,343,0.1659,No hit,,,,
312,VIT_17s0000g04370,342,0.1653,Wall-associated kinase,,,,
313,VIT_11s0016g01690,340,0.1637,Unknown protein,,,,
314,VIT_06s0009g03130,337,0.1634,Cytochrome P450  family 79  subfamily A  polypeptide 2,K12153,,vv10966Glucosinolate_biosynthesis,
315,VIT_05s0020g03140,335,0.1605,Sugar transporter 13,STP13,,vv50121Porters_cat_1_to_6,
316,VIT_13s0019g01470,333,0.1603,Geranylgeranyltransferase type I beta subunit,E2_5_1_59,,vv10100Biosynthesis_of_steroids,
317,VIT_16s0022g01800,329,0.1591,RRNA-processing protein EBP2,,,,
318,VIT_13s0067g02630,327,0.1586,No hit,,,,
319,VIT_18s0001g11130,322,0.1561,Calmodulin-binding protein AR781,,,,
320,VIT_16s0013g00520,306,0.1477,RAB GTPase RAB1C,K07976,,,
321,VIT_02s0033g00190,302,0.1462,DNA replication licensing factor MCM2,,,,
322,VIT_14s0060g00110,299,0.1455,Glutamyl-tRNA synthetase  cytoplasmic,E6_1_1_17,,vv10860Porphyrin_and_chlorophyll_metabolism,vv20970Aminoacyl-tRNA_biosynthesis
323,VIT_01s0026g02640,302,0.1453,UbiE/COQ5 methyltransferase,K06127,,vv10130Ubiquinone_biosynthesis,
324,VIT_15s0046g03550,298,0.1450,(+)-neomenthol dehydrogenase,E1_1_1_208,,vv10902Monoterpenoid_biosynthesis,
325,VIT_05s0020g02610,300,0.1449,Hemolysin,K06442,,vv50109Incompletely_characterized_transport_systems,
326,VIT_07s0005g03720,298,0.1431,VPS2.3 SNF7,VPS2_3,,vv50111Tethering_factors,
327,VIT_18s0001g01850,292,0.1415,Amino acid permease,AAPREL,,vv50123Porters_cat_18_to_29,
328,VIT_18s0001g04490,288,0.1389,Germacrene-D synthase,E4_2_3_22,,vv10900Terpenoid_biosynthesis,
329,VIT_18s0075g00960,285,0.1377,Laccase,E1_10_3_2,,vv11000Single_reactions,vv50109Incompletely_characterized_transport_systems
330,VIT_17s0000g05210,283,0.1372,LNG1 (LONGIFOLIA1),,,,
331,VIT_09s0002g08370,281,0.1355,TPR1 (topless-related 1),TPR1,,vv30003Auxin_signaling,
332,VIT_01s0011g01730,281,0.1355,ATPP2-A9 (Phloem protein 2-A9),,,,
333,VIT_18s0117g00030,279,0.1348,No hit,,,,
334,VIT_19s0015g01070,276,0.1348,Calcineurin B,E3_1_3_16,,,
335,VIT_07s0005g04330,278,0.1346,Blight-associated protein p12 precursor,,,,
336,VIT_18s0001g06400,280,0.1340,No hit,,,,
337,VIT_13s0084g00150,276,0.1326,Choline kinase,E2_7_1_32,,vv10260Glycine_serine_and_threonine_metabolism,vv10564Glycerophospholipid_metabolism
338,VIT_07s0104g00440,268,0.1290,Endo-1 3;1 4-beta-D-glucanase precursor,E3_2_1_73,,,
339,VIT_18s0001g00080,264,0.1279,Laccase,E1_10_3_2,,vv11000Single_reactions,vv50109Incompletely_characterized_transport_systems
340,VIT_13s0064g01120,265,0.1276,No hit,,,,
341,VIT_15s0046g00440,264,0.1274,Phosphatidylinositol 3- and 4-kinase / ubiquitin,,,,
342,VIT_03s0091g00580,262,0.1261,Protein Mpv17,K13348,,vv44146Peroxisome,
343,VIT_16s0050g00350,258,0.1245,Tubulin beta-8,K07375,,vv44145Phagosome,vv44810Regulation_of_actin_cytoskeleton
344,VIT_05s0077g01450,257,0.1237,GATA transcription factor 16,GAT16_1,,vv60016C2C2-GATA,
345,VIT_05s0049g01200,253,0.1228,S-locus lectin protein kinase,,,,
346,VIT_09s0002g01160,252,0.1217,Transcription initiation factor TFIID subunit D7,K14535,,vv23008Ribosome_biogenesis_in_Eukaryotes,vv23022Basal_transcription_factors
347,VIT_03s0017g01410,247,0.1196,No hit,,,,
348,VIT_14s0083g00930,247,0.1192,BIM2 (BES1-interacting Myc-like protein 2),BIM2_1,,vv30005Brassinosteroids_signaling,vv60011BHLH
349,VIT_18s0075g00530,244,0.1184,Laccase,E1_10_3_2,,vv11000Single_reactions,vv50109Incompletely_characterized_transport_systems
350,VIT_14s0068g02040,243,0.1177,Gda-1,,,,
351,VIT_00s0181g00160,243,0.1174,F-box family protein,,,,
352,VIT_00s0261g00020,240,0.1161,Unknown protein,,,,
353,VIT_14s0030g00350,239,0.1152,RKF3 (receptor-like kinase IN in flowers 3),RKF3,,vv60042MADS,
354,VIT_01s0011g02320,237,0.1148,Unknown protein,,,,
355,VIT_08s0058g00810,235,0.1141,D-alanine--D-alanine ligase,E6_3_2_4,,vv10252Alanine_and_aspartate_metabolism,
356,VIT_13s0019g03450,230,0.1118,Unknown protein,,,,
357,VIT_05s0062g00920,229,0.1111,No hit,,,,
358,VIT_09s0002g04150,227,0.1105,Isochorismatase protein rutB,E3_3_2_1,,vv10130Ubiquinone_biosynthesis,
359,VIT_00s2582g00010,227,0.1099,Unknown,,,,
360,VIT_16s0098g00460,226,0.1091,Lipase class 3,,,,
361,VIT_11s0037g01400,226,0.1091,Zinc finger (C3HC4-type ring finger),ZFC3HC4_80,,vv60078Other_zf-C3HC4,
362,VIT_04s0008g00640,223,0.1079,Epsin N-terminal homology (ENTH) domain-containing,ENTH,,vv50110Protein_coat,
363,VIT_03s0063g00820,218,0.1051,Carboxyesterase 12; CXE12,E3_1_1_1,,,
364,VIT_03s0088g00720,218,0.1049,Pathogenesis-related protein 1 precursor (PRP 1),PRP1,,vv30011Jasmonate_signaling,vv34626Plant-pathogen_interaction
365,VIT_00s0250g00090,218,0.1049,Oxidoreductase  2OG-Fe(II) oxygenase,,,,
366,VIT_15s0046g02170,215,0.1032,3-methyl-2-oxobutanoate hydroxy-methyl-transferase,E2_1_2_11,,vv10770Pantothenate_and_CoA_biosynthesis,
367,VIT_00s0299g00080,214,0.1028,Unknown,,,,
368,VIT_16s0098g00540,211,0.1022,Golgin candidate 5,GOLGINC5,,vv50109Incompletely_characterized_transport_systems,
369,VIT_13s0084g00670,211,0.1020,Unknown protein,,,,
370,VIT_06s0004g02030,208,0.1001,Xanthine dehydrogenase/oxidase,E1_17_1_4,,vv10230Purine_metabolism,vv44146Peroxisome
371,VIT_18s0122g00690,205,0.0992,Laccase,E1_10_3_2,,vv11000Single_reactions,vv50109Incompletely_characterized_transport_systems
372,VIT_12s0034g00640,204,0.0991,GH3-like protein,AUXINBIOSYNTHESIS_GH3,,vv11002Auxin_biosynthesis,
373,VIT_19s0014g01150,204,0.0989,Curculin (mannose-binding) lectin,,,,
374,VIT_03s0017g01220,202,0.0982,Polyadenylate-binding protein 2,K14396,,vv23015mRNA_surveillance_pathway,
375,VIT_19s0014g02120,202,0.0982,Metallothionein,,,,
376,VIT_10s0003g01180,202,0.0975,Ketol-acid reductoisomerase,E1_1_1_86,,vv10290Valine_leucine_and_isoleucine_biosynthesis,vv10770Pantothenate_and_CoA_biosynthesis
377,VIT_13s0067g02940,199,0.0966,Amidohydrolase 3,,,,
378,VIT_16s0098g00560,199,0.0962,SP1L2 (SPIRAL2),SP1L2,,vv44810Regulation_of_actin_cytoskeleton,
379,VIT_07s0005g02050,199,0.0957,Carboxylic ester hydrolase,E3_1_1_1,,,
380,VIT_03s0091g00380,196,0.0943,Thioredoxin domain-containing protein 9,,,,
381,VIT_07s0141g00540,194,0.0941,Multi-copper oxidase (SKU5),SKS3,,vv50109Incompletely_characterized_transport_systems,
382,VIT_18s0001g00920<br>VIT_18s0075g00590<br>VIT_18s0001g00850<br>VIT_18s0075g00780<br>VIT_18s0001g00790<br>VIT_18s0001g00730<br>VIT_18s0001g00310<br>VIT_18s0075g00620<br>VIT_18s0075g00540<br>VIT_18s0075g00600<br>VIT_18s0075g00580<br>VIT_00s0481g00020<br>VIT_18s0001g00930,191,0.0924,
383,VIT_17s0000g07460,190,0.0919,Pentatricopeptide repeat-containing protein,,,,
384,VIT_13s0019g02730,190,0.0910,Unknown protein,,,,
385,VIT_14s0068g01770,187,0.0904,WRKY DNA-binding protein 75,WRKY75_2,VvWRKY43,vv60066WRKY,
386,VIT_18s0001g14420,186,0.0898,Unknown,,,,
387,VIT_01s0010g03930,185,0.0890,WRKY DNA-binding protein 75,WRKY75_1,VvWRKY03,vv60066WRKY,
388,VIT_04s0079g00570,183,0.0886,Protein binding / zinc ion binding,,,,
389,VIT_14s0068g00890,181,0.0872,Mitochondrial substrate carrier family protein,K03454,,vv50123Porters_cat_18_to_29,
390,VIT_06s0004g08180,180,0.0870,Translation initiation factor eIF-2 beta subunit,K03238,,vv23013RNA_transport,
391,VIT_18s0001g04410,179,0.0870,No hit,,,,
392,VIT_01s0026g02590,170,0.0829,Calcium-binding protein CML,K13448,,vv34626Plant-pathogen_interaction,
393,VIT_18s0001g07870,168,0.0810,Unknown protein,,,,
394,VIT_19s0085g00850,167,0.0809,LEM3 (ligand-effect modulator 3),LEM3,,vv50108Accessory_factors_involved_in_transport,
395,VIT_00s0471g00020,165,0.0804,Unknown,,,,
396,VIT_02s0025g02940,166,0.0800,Caffeic acid O-3-methyltransferase,E2_1_1_68,,vv10940Phenylpropanoid_biosynthesis,
397,VIT_13s0074g00570,164,0.0795,Gamma-aminobutyric acid transporter,GAT1,,vv50123Porters_cat_18_to_29,
398,VIT_05s0020g04670,165,0.0792,No hit,,,,
399,VIT_05s0020g02900,163,0.0790,Substrate carrier  Mitochondrial,K03454,,vv44146Peroxisome,vv50123Porters_cat_18_to_29
400,VIT_18s0001g12500,157,0.0761,Unknown protein,,,,
401,VIT_02s0025g04760,156,0.0754,Splicing factor YT521-B,,,,
402,VIT_18s0166g00070,155,0.0751,No hit,,,,
403,VIT_05s0094g00170,155,0.0745,Protein transport protein Sec61 subunit beta,K09481,,vv23060Protein_export,vv24141Protein_processing_in_endoplasmic_reticulum
404,VIT_01s0026g00850,153,0.0744,Zinc finger protein 5,ZFP5_3,,vv60017C2H2,
405,VIT_01s0026g00300,154,0.0743,Zinc finger (C3HC4-type ring finger),ZFC3HC4_105,,vv60078Other_zf-C3HC4,
406,VIT_14s0060g02710,153,0.0741,Germin,,,,
407,VIT_03s0063g01790,153,0.0738,Transducin protein,,,,
408,VIT_14s0128g00100,152,0.0737,Aminotransferase class IV,E2_6_1_42,,vv10280Valine_leucine_and_isoleucine_degradation,vv10290Valine_leucine_and_isoleucine_biosynthesis
409,VIT_19s0014g02780,153,0.0736,Unknown,,,,
410,VIT_05s0020g01600,150,0.0721,Unknown protein,,,,
411,VIT_18s0072g00260,145,0.0701,Ethylene-responsive transcription factor related to APETALA2 6,RAP2_6,VvERF114,vv30008Ethylene_signaling,vv60003AP2_EREBP
412,VIT_02s0236g00100,145,0.0698,Unknown,,,,
413,VIT_11s0149g00280,143,0.0692,Chitinase A,E3_2_1_14,,vv10530Aminosugars_metabolism,
414,VIT_04s0008g04960,141,0.0684,Pentatricopeptide (PPR) repeat-containing protein,,,,
415,VIT_17s0000g04750,141,0.0682,UDP-glycosyltransferase 89B2,E2_4_1_17,,vv10040Pentose_glucuronate_interconversion,vv10500Starch_and_sucrose_metabolism
416,VIT_05s0062g01360,141,0.0680,Unknown protein,,,,
417,VIT_03s0088g00690,138,0.0669,Pathogenesis-related protein 1 precursor (PRP 1),PRP1,,vv30011Jasmonate_signaling,vv34626Plant-pathogen_interaction
418,VIT_08s0007g00610,137,0.0663,Unknown,,,,
419,VIT_00s0301g00080,137,0.0662,No hit,,,,
420,VIT_08s0007g08480,134,0.0650,Zinc proteinase,,,,
421,VIT_18s0041g02010<br>VIT_18s0041g02050,133,0.0641,
422,VIT_17s0000g00640,131,0.0630,No hit,,,,
423,VIT_08s0007g07390,130,0.0629,Unknown protein,,,,
424,VIT_09s0002g01550,129,0.0621,Lecithine cholesterol acyltransferase,E2_3_1_43,,vv10564Glycerophospholipid_metabolism,
425,VIT_06s0004g06480,124,0.0598,CYP71E,E1_14_13_73,,vv10902Monoterpenoid_biosynthesis,
426,VIT_14s0060g01940,121,0.0587,Epoxide hydrolase,E3_3_2_10,,,
427,VIT_15s0048g01350,120,0.0577,Gibberellin receptor GID1L3,GID1C,,vv30010Gibberellin_signaling,
428,VIT_06s0004g01630,119,0.0575,Transcription factor jumonji (jmjC) domain-containing protein,JMJD5,,vv60038Jumonji,
429,VIT_12s0034g02180,118,0.0574,Aminomethyltransferase,E2_1_2_10,,vv10260Glycine_serine_and_threonine_metabolism,vv10670One_carbon_pool_by_folate
430,VIT_09s0018g01880,117,0.0564,RNA-binding protein,,,,
431,VIT_12s0028g01410,113,0.0543,Heat shock transcription factor A4A,HSFA4A_3,,vv60037HSF,
432,VIT_08s0040g00590,111,0.0534,Zinc finger (C3HC4-type ring finger),ZFC3HC4_43,,vv60078Other_zf-C3HC4,
433,VIT_00s2776g00010,111,0.0534,S-locus lectin protein kinase,,,,
434,VIT_19s0090g00060,109,0.0526,Biopterin transport-related protein BT1,BIOPTERIN,,vv50125Porters_cat_66_to_94,
435,VIT_14s0006g03280,109,0.0525,Nuclear matrix constituent protein 1,,,,
436,VIT_00s0652g00010,107,0.0516,Dof zinc finger protein DOF1.4,DOF1_4_1,,vv60015C2C2-DOF,
437,VIT_16s0050g00280,105,0.0510,Tubulin beta-8,K07375,,vv44145Phagosome,vv44810Regulation_of_actin_cytoskeleton
438,VIT_16s0098g00720,102,0.0493,Lectin protein kinase,,,,
439,VIT_07s0005g03760,99,0.0480,Phytochelatin synthase 1 (PCS1),E2_3_2_15,,vv10251Glutamate_metabolism,
440,VIT_09s0002g05570,98,0.0474,ABC transporter g family pleiotropic drug resistance 12 PDR12,ABCGPDR12,,vv52010ABC_transporters,
441,VIT_14s0128g00540<br>VIT_14s0128g00570<br>VIT_14s0128g00600,94,0.0455,
442,VIT_00s0479g00010,93,0.0449,Protein kinase 6,,,,
443,VIT_16s0050g02510,92,0.0449,WRKY DNA-binding protein 53,WRKY53_1,VvWRKY51,vv60066WRKY,
444,VIT_04s0008g05540,91,0.0442,Clathrin assembly protein 2,CAP2,,vv50110Protein_coat,
445,VIT_05s0020g03590,91,0.0441,Unknown protein,,,,
446,VIT_04s0008g05350,91,0.0440,Serine hydrolase [Vitis vinifera],E4_3_1_18,,vv10260Glycine_serine_and_threonine_metabolism,
447,VIT_15s0045g01120,91,0.0440,6-phosphofructokinase,E2_7_1_11,,vv10010Glycolysis,vv10030Pentose_phosphate
448,VIT_00s0207g00260,88,0.0428,No hit,,,,
449,VIT_01s0011g05230,89,0.0427,GTPase activating protein,,,,
450,VIT_18s0001g12510,87,0.0418,5' nucleotidase,E3_1_3_5,,vv10230Purine_metabolism,vv10240Pyrimidine_metabolism
451,VIT_06s0009g01810,84,0.0408,APK2A (protein kinase 2A),,,,
452,VIT_10s0071g00230,84,0.0407,HcrVf1 protein,,,,
453,VIT_02s0025g01140,82,0.0398,No hit,,,,
454,VIT_03s0091g00140,82,0.0397,Plant basic secretory protein (BSP) family,,,,
455,VIT_05s0094g01250,82,0.0396,Allyl alcohol dehydrogenase,,,,
456,VIT_10s0071g00300,81,0.0394,Unknown protein,,,,
457,VIT_02s0025g02770,81,0.0392,Glucan endo-1 3-beta-glucosidase 7 precursor,E3_2_1_39,,vv10500Starch_and_sucrose_metabolism,
458,VIT_01s0113g00400,80,0.0385,No hit,,,,
459,VIT_19s0014g02950,79,0.0384,No hit,,,,
460,VIT_01s0011g06140,78,0.0377,Avr9/Cf-9 rapidly elicited protein,,,,
461,VIT_02s0025g02270,78,0.0376,PRLI-interacting factor G,,,,
462,VIT_17s0000g05360,77,0.0374,Germin,,,,
463,VIT_04s0008g05210,75,0.0366,BZIP protein HY5 (HY5),HY5_1,VvbZIP10,vv60012BZIP,
464,VIT_02s0025g04100,75,0.0363,CCR4-NOT transcription complex subunit 2,K12605,,vv23018RNA_degradation,
465,VIT_13s0064g01470,74,0.0357,Urophorphyrin III methylase,E2_1_1_107,,vv10860Porphyrin_and_chlorophyll_metabolism,
466,VIT_12s0028g02530,73,0.0356,Zinc finger (C3HC4-type ring finger),ZFC3HC4_36,,vv60078Other_zf-C3HC4,
467,VIT_01s0011g01760,72,0.0349,Lectin,,,,
468,VIT_08s0040g03100,71,0.0340,Glutathione S-transferase GSTO1,E2_5_1_18_GSTO1,,vv10480Glutathione_metabolism,
469,VIT_01s0011g01350,69,0.0334,No hit,,,,
470,VIT_09s0070g00490,69,0.0334,Protein phosphatase 2C,E3_1_3_16,,,
471,VIT_10s0003g02030,68,0.0327,Nitrate transporter 1:2,NRT1_2,,vv50122Porters_cat_7_to_17,
472,VIT_09s0002g06400,67,0.0325,No hit,,,,
473,VIT_08s0058g00280,67,0.0323,Lectin protein kinase,,,,
474,VIT_08s0040g02530,66,0.0320,No hit,,,,
475,VIT_00s0347g00120,65,0.0318,S-locus lectin protein kinase,,,,
476,VIT_02s0025g04270<br>VIT_02s0025g04260<br>VIT_02s0025g04230,65,0.0316,
477,VIT_00s0301g00060,65,0.0314,No hit,,,,
478,VIT_14s0068g01070,64,0.0312,SUVH4 (SU(VAR)3-9 homolog 4),E2_1_1_43SUVH4_6,,vv10300Lysine_biosynthesis,vv60056SET_PCG
479,VIT_16s0013g00440<br>VIT_16s0013g00390<br>VIT_16s0013g00410<br>VIT_16s0013g00480<br>VIT_16s0013g00450,64,0.0307,
480,VIT_02s0033g00840,63,0.0306,Nitrilase 4B,E3_5_5_1,,vv10460Cyanoamino_acid_metabolism,vv10910Nitrogen_metabolism
481,VIT_19s0014g01370,63,0.0304,Curculin (mannose-binding) lectin,,,,
482,VIT_18s0001g04660,63,0.0302,No hit,,,,
483,VIT_01s0011g05980,62,0.0302,No hit,,,,
484,VIT_15s0048g01080,60,0.0290,Unknown,,,,
485,VIT_02s0012g01440,60,0.0288,Zinc finger (C3HC4-type ring finger),ZFC3HC4_215,,vv60078Other_zf-C3HC4,
486,VIT_12s0134g00100,59,0.0282,Ribosomal protein L8 (RPL8C) 60S,K02938,,vv23010Ribosome,
487,VIT_14s0068g02150,58,0.0282,Kelch repeat-containing F-box family protein,,,,
488,VIT_10s0003g01360,58,0.0281,Cysteine protease,E3_4_22_x,,,
489,VIT_12s0059g00240,57,0.0278,Epoxide hydrolase,E3_3_2_10,,,
490,VIT_15s0045g01170,56,0.0271,3-hydroxyisobutyryl-CoA hydrolase,E3_1_2_4,,vv10280Valine_leucine_and_isoleucine_degradation,vv10410Beta-alanine_metabolism
491,VIT_02s0033g00770,55,0.0266,Nitrilase 4B,E3_5_5_1,,vv10460Cyanoamino_acid_metabolism,vv10910Nitrogen_metabolism
492,VIT_08s0040g02730,55,0.0266,Exocyst subunit EXO70 H4,EXO70H4,,vv50111Tethering_factors,
493,VIT_18s0001g12090,55,0.0266,Unknown protein,,,,
494,VIT_18s0072g00410,55,0.0265,Unknown protein,,,,
495,VIT_14s0068g01300,54,0.0262,Serine palmitoyltransferase,E2_3_1_50,,vv10600Sphingolipid_metabolism,
496,VIT_13s0019g03950,54,0.0261,DNA-binding bromodomain-containing,,,,
497,VIT_15s0021g02060,54,0.0261,Arbutin synthase,E2_4_1_218,,vv10500Starch_and_sucrose_metabolism,
498,VIT_18s0041g02260<br>VIT_18s0041g02060,54,0.0261,
499,VIT_09s0002g09110,54,0.0261,No hit,,,,
500,VIT_16s0100g00900,53,0.0257,Stilbene synthase [Vitis pseudoreticulata],E2_3_1_95,,vv10940Phenylpropanoid_biosynthesis,
501,VIT_05s0020g03650,53,0.0255,Unknown protein,,,,
502,VIT_01s0010g01970<br>VIT_01s0010g01980,52,0.0252,
503,VIT_17s0000g01550,51,0.0244,AAA-type ATPase,FHAAAA_1,,vv60028FHA,
504,VIT_05s0020g00900,50,0.0243,P-glycoprotein 4,PGP4,,vv52010ABC_transporters,
505,VIT_14s0060g02170,49,0.0238,Glutathione S-transferase GSTU8,E2_5_1_18_GSTU8,,vv10480Glutathione_metabolism,
506,VIT_02s0109g00390,49,0.0238,N-hydroxycinnamoyl/benzoyltransferase 5,,,,
507,VIT_09s0018g00240,49,0.0237,WRKY DNA-binding protein 40,WRKY40,VvWRKY28,vv60066WRKY,
508,VIT_13s0019g04870,48,0.0231,Unknown protein,,,,
509,VIT_00s2648g00010,47,0.0227,FAD-dependent pyridine nucleotide-disulphide oxidoreductase,,,,
510,VIT_11s0016g00100,47,0.0226,Adapter protein SPIKE1 (SPK1),,,,
511,VIT_08s0058g01290,46,0.0223,Protein kinase AtSIK,,,,
512,VIT_18s0001g10240,46,0.0223,N-hydroxycinnamoyl/benzoyltransferase 6,,,,
513,VIT_01s0026g00690,46,0.0222,RNase H domain-containing protein,K01163,,,
514,VIT_05s0020g00360,46,0.0222,Bucentaur or craniofacial development (BCNT),,,,
515,VIT_12s0059g00850,46,0.0221,Phosphatidylinositol 3- and 4-kinase / ubiquitin,,,,
516,VIT_09s0002g02570,45,0.0220,No hit,,,,
517,VIT_13s0156g00580,45,0.0218,S-receptor kinase,,,,
518,VIT_11s0016g02360,45,0.0217,TET2 (tetraspanin2),,,,
519,VIT_12s0055g00050<br>VIT_12s0055g00030,45,0.0216,
520,VIT_03s0038g00090,44,0.0214,Epoxide hydrolase-like protein,E3_3_2_10,,,
521,VIT_06s0004g05950,43,0.0208,Unknown protein,,,,
522,VIT_03s0088g01180,43,0.0207,Proline iminopeptidase,E3_4_11_5,,vv10330Arginine_and_proline_metabolism,
523,VIT_07s0104g00210,42,0.0204,Phenazine biosynthesis PhzC/PhzF protein,K06998,,vv10400Phenylalanine_tyrosine_and_tryptophan_biosynthesis,
524,VIT_00s1557g00010,42,0.0203,Lectin-receptor like protein kinase 3,,,,
525,VIT_16s0039g02930,42,0.0203,Unknown,,,,
526,VIT_08s0040g00870,42,0.0202,BZIP transcription factor BZIP28,BZIP28,VvbZIP24,vv60012BZIP,
527,VIT_00s0233g00170,42,0.0202,flavin-containing monooxygenase 3,E1_14_13_8,,vv11000Single_reactions,
528,VIT_01s0010g02350,41,0.0199,Protein phosphatase 2 (formerly 2A)  regulatory subunit B',K11584,,vv23015mRNA_surveillance_pathway,
529,VIT_14s0128g00690,41,0.0198,Germin protein 3,,,,
530,VIT_17s0000g04850,40,0.0193,OBF binding protein 4,OBP4,,vv60015C2C2-DOF,
531,VIT_07s0005g04580,39,0.0189,Xyloglucanase inhibitor,,,,
532,VIT_03s0017g01940,38,0.0185,Unknown,,,,
533,VIT_11s0016g05530,38,0.0184,Plastocyanin domain-containing protein,K02638,,vv10195Photosynthesis,vv50113Thylakoid_targeting_pathway
534,VIT_09s0002g07420,38,0.0184,No hit,,,,
535,VIT_02s0025g02930,38,0.0184,Caffeic acid O-3-methyltransferase,E2_1_1_68,,vv10940Phenylpropanoid_biosynthesis,
536,VIT_14s0066g02110,38,0.0183,AAA-type ATPase,,,,
537,VIT_01s0011g00630,38,0.0182,Pentatricopeptide (PPR) repeat-containing,,,,
538,VIT_13s0067g01270,37,0.0180,Avr9/Cf-9 rapidly elicited protein 284,,,,
539,VIT_02s0025g03760,37,0.0180,Myosin-related,MYOSINR,,vv44810Regulation_of_actin_cytoskeleton,
540,VIT_09s0002g06060,36,0.0175,U3 small nucleolar RNA-associated protein 5,K14546,,vv23008Ribosome_biogenesis_in_Eukaryotes,
541,VIT_19s0085g00390,34,0.0164,Unknown protein,,,,
542,VIT_10s0003g01940,34,0.0163,RKF1 (receptor-like kinase in flowers 1),,,,
543,VIT_05s0077g00450,33,0.0161,Ribosomal protein S1 30S,K02945,,vv23010Ribosome,
544,VIT_04s0069g00980,33,0.0160,WRKY DNA-binding protein 51,WRKY51_4,VvWRKY12,vv60066WRKY,
545,VIT_18s0075g00630,33,0.0159,Laccase,E1_10_3_2,,vv11000Single_reactions,vv50109Incompletely_characterized_transport_systems
546,VIT_00s0194g00360,32,0.0155,Histone H2A.4 HTA12,H2A4,,,
547,VIT_14s0081g00330,32,0.0155,Zinc finger  SWIM-type,ZFSWIM_3,,vv60074Orphans_zf-SWIM,
548,VIT_00s1348g00010,32,0.0154,Ternary complex factor MIP1,,,,
549,VIT_00s0194g00020,31,0.0150,DNA-directed RNA polymerase II subunit D,K03012,,vv23020RNA_polymerase,
550,VIT_16s0050g02210,31,0.0150,Chitinase III [Vitis vinifera],E3_2_1_14,,vv10530Aminosugars_metabolism,
551,VIT_05s0020g03280,30,0.0146,Copper amine oxidase,E1_4_3_4,,vv10220Urea_cycle_and_metabolism_of_amino_groups,vv10340Histidine_metabolism
552,VIT_11s0016g02240,30,0.0145,Transcription termination factor mitochondrial mTERF,MTERF_12,,vv60085MTERF,
553,VIT_19s0014g01580,30,0.0145,No hit,,,,
554,VIT_09s0002g02320,30,0.0145,Cell wall apoplastic invertase,E3_2_1_26,,vv10052Galactose_metabolism,vv10500Starch_and_sucrose_metabolism
555,VIT_05s0094g00200,29,0.0140,Chitinase class IV,E3_2_1_14,,vv10530Aminosugars_metabolism,
556,VIT_16s0050g02230,29,0.0140,Chitinase [Vitis vinifera],E3_2_1_14,,vv10530Aminosugars_metabolism,
557,VIT_08s0007g02790,28,0.0136,Unknown protein,,,,
558,VIT_07s0005g02560,28,0.0135,Chitinase Class I,E3_2_1_14,,vv10530Aminosugars_metabolism,
559,VIT_11s0016g05540,28,0.0135,Dicyanin,,,,
560,VIT_04s0069g00880,27,0.0132,No hit,,,,
561,VIT_04s0008g02210,27,0.0131,RPD1 (root primordium defective 1),,,,
562,VIT_07s0151g01070,27,0.0131,Copalyl diphosphate synthase,E5_5_1_12,,vv10904Diterpenoid_biosynthesis,
563,VIT_03s0063g01340,27,0.0130,Gibberellin 20 oxidase 2,E1_14_11_12,,vv10904Diterpenoid_biosynthesis,
564,VIT_02s0025g04290,26,0.0126,Thaumatin,,,,
565,VIT_16s0039g01650,26,0.0126,Transporter-related,TRANSPORTERUNK,,vv50109Incompletely_characterized_transport_systems,
566,VIT_18s0001g08080,26,0.0126,No hit,,,,
567,VIT_10s0003g00580,25,0.0121,ERF/AP2 transcription factor sub B-3  (ATERF-2),ERF1_5,VvERF075,vv30008Ethylene_signaling,vv30011Jasmonate_signaling
568,VIT_07s0031g01120,25,0.0120,Ascorbate oxidase,E1_10_3_3,,vv10053Ascorbate_and_aldarate_metabolism,vv50109Incompletely_characterized_transport_systems
569,VIT_08s0007g06470,25,0.0120,VQ motif-containing protein,,,,
570,VIT_17s0000g06220,24,0.0117,Exostosin,K02366,,vv11030Glycan_structures-biosynthesis1,
571,VIT_10s0003g00150,24,0.0117,NSL1 (necrotic spotted lesions 1),,,,
572,VIT_00s0480g00040,24,0.0116,Polyphenol oxidase II  chloroplast precursor,E1_10_3_1,,vv10350Tyrosine_metabolism,vv50109Incompletely_characterized_transport_systems
573,VIT_09s0002g00510,24,0.0115,Lipase GDSL 1,,,,
574,VIT_06s0009g01790,23,0.0111,ABA-responsive element-binding protein 3 (AREB3),AREB3_2,VvbZIP18,vv30001ABA_signaling,vv60012BZIP
575,VIT_18s0089g00070,23,0.0111,TIR-NBS-LRR-TIR disease resistance protein,,,,
576,VIT_03s0088g00710,23,0.0111,Pathogenesis-related protein 1 precursor (PRP 1),PRP1,,vv30011Jasmonate_signaling,vv34626Plant-pathogen_interaction
577,VIT_17s0000g05370,22,0.0107,MYC ZCW32 (bigpetal  bigpetalub),ZCW32_1,,vv60011BHLH,
578,VIT_16s0050g02450,22,0.0107,Proline-rich cell wall protein,,,,
579,VIT_17s0053g00750,22,0.0107,Unknown protein,,,,
580,VIT_19s0085g00020,22,0.0106,Nucleolar complex protein 3 homolog (Protein NOC3 homolog),,,,
581,VIT_17s0000g04560,22,0.0106,Kinetochore protein,KINETOCHORE,,vv44110Cell_cycle,
582,VIT_05s0020g03290,22,0.0106,S-receptor kinase,,,,
583,VIT_14s0108g00540,21,0.0101,Phosphofructokinase,E2_7_1_90,,vv10051Fructose_and_mannose_metabolism,
584,VIT_08s0032g00780,21,0.0101,Calcium-dependent protein kinase 20 CPK20,CPK20,,vv34626Plant-pathogen_interaction,
585,VIT_14s0081g00210,21,0.0101,No hit,,,,
586,VIT_08s0007g03920,20,0.0097,DEMETER protein (DME),,,,
587,VIT_11s0149g00090,20,0.0096,Clavata1 receptor kinase (CLV1),,,,
588,VIT_00s0207g00250,19,0.0092,No hit,,,,
589,VIT_15s0048g01530,19,0.0092,Geraniol 10-hydroxylase,G10H,,vv10902Monoterpenoid_biosynthesis,
590,VIT_11s0016g04120,19,0.0092,No hit,,,,
591,VIT_07s0005g01480,19,0.0092,PMR5 (powdery mildew resistant 5),,,,
592,VIT_14s0108g01160,19,0.0092,Latex abundant protein 1,,,,
593,VIT_01s0011g00480,19,0.0092,Aspartate/glutamate/uridylate kinase,E2_7_2_11,,vv10220Urea_cycle_and_metabolism_of_amino_groups,
594,VIT_16s0050g01250,19,0.0092,Heavy-metal-associated domain-containing protein,,,,
595,VIT_01s0127g00490,18,0.0088,Pantothenate kinase 2,E2_7_1_33,,vv10770Pantothenate_and_CoA_biosynthesis,
596,VIT_01s0026g01860,18,0.0088,MAIGO 1 MAG1,,,,
597,VIT_07s0031g01500,18,0.0087,Unknown protein,,,,
598,VIT_13s0067g00110,18,0.0087,CYP72A1,K13400,,vv10902Monoterpenoid_biosynthesis,
599,VIT_11s0016g02570,18,0.0087,Phospholipase A2 precursor,E3_1_1_4,,vv10564Glycerophospholipid_metabolism,vv10565Ether_lipid_metabolism
600,VIT_15s0046g01480,18,0.0087,Unknown protein,,,,
601,VIT_08s0056g00040,18,0.0086,WD-40 repeat protein,,,,
602,VIT_09s0002g07220,17,0.0083,Unknown,,,,
603,VIT_08s0007g06610,17,0.0083,Lectin protein kinase,,,,
604,VIT_13s0067g00060,17,0.0082,Tetratricopeptide repeat (TPR)-containing SET domain protein,SETTRP_1,,vv60056SET_PCG,
605,VIT_17s0053g00460,17,0.0082,Pinoresinol-lariciresinol reductase,PLR,,vv10940Phenylpropanoid_biosynthesis,
606,VIT_19s0014g01530,17,0.0082,Protein kinase,,,,
607,VIT_14s0066g02090,16,0.0078,AAA-type ATPase,,,,
608,VIT_11s0016g04880,16,0.0078,Salt-inducible protein kinase,,,,
609,VIT_18s0166g00060,16,0.0078,No hit,,,,
610,VIT_18s0001g05760,16,0.0077,No hit,,,,
611,VIT_05s0102g01200,16,0.0077,Lectin,,,,
612,VIT_08s0105g00200,15,0.0073,U-box domain-containing protein,,,,
613,VIT_14s0128g00390,15,0.0073,Mitochondrial FAD carrier,MFADC,,vv50123Porters_cat_18_to_29,
614,VIT_02s0012g02380,15,0.0073,Geraniol 10-hydroxylase,G10H,,vv10902Monoterpenoid_biosynthesis,
615,VIT_19s0014g04080,15,0.0072,Serine/threonine-protein kinase receptor ARK3,,,,
616,VIT_17s0000g04790,15,0.0072,BIM1 (BES1-interacting Myc-like protein 1),BIM1,,vv30005Brassinosteroids_signaling,vv60011BHLH
617,VIT_05s0077g01580,15,0.0072,Pathogenesis protein 10 [Vitis vinifera],,,,
618,VIT_07s0141g00390,15,0.0072,Glutathione reductase (NADPH),E1_8_1_7,,vv10251Glutamate_metabolism,vv10480Glutathione_metabolism
619,VIT_06s0061g00100,14,0.0068,Glucan endo-1 3-beta-glucosidase  acidic isoform precursor,E3_2_1_39,,vv10500Starch_and_sucrose_metabolism,
620,VIT_01s0010g01950,14,0.0068,Anionic peroxidase,E1_11_1_7,,vv10360Phenylalanine_metabolism,vv10680Methane_metabolism
621,VIT_10s0042g00700,13,0.0063,Leucine-rich repeat receptor-like protein kinase 1,,,,
622,VIT_02s0033g01030,13,0.0063,Anthraniloyal-CoA: methanol anthraniloyal transferase,AMAT,,vv10400Phenylalanine_tyrosine_and_tryptophan_biosynthesis,
623,VIT_01s0010g02990<br>VIT_01s0010g03000,13,0.0063,
624,VIT_11s0016g00350,13,0.0063,Sec34/COG3,SEC34,,vv50110Protein_coat,vv50111Tethering_factors
625,VIT_07s0005g03260,13,0.0063,Transcription factor TSRF1,ERF1_7,VvERF100,vv30008Ethylene_signaling,vv30011Jasmonate_signaling
626,VIT_00s0391g00040,13,0.0063,F-box family protein,,,,
627,VIT_16s0100g00690,12,0.0058,Ankyrin repeat,K10380,,vv50108Accessory_factors_involved_in_transport,
628,VIT_17s0000g02210,12,0.0058,Hsp70 interacting protein,,,,
629,VIT_15s0024g00240,12,0.0058,C-5 cytosine-specific DNA methylase,E2_1_1_37,,vv10271Methionine_metabolism,
630,VIT_02s0012g01020,12,0.0058,Zinc finger (C3HC4-type ring finger),ZFC3HC4_174,,vv60078Other_zf-C3HC4,
631,VIT_18s0001g07120,12,0.0058,Transport inhibitor response 1 protein,TIR1,,vv30003Auxin_signaling,
632,VIT_09s0002g04070,12,0.0058,Unknown protein,,,,
633,VIT_03s0038g00800,12,0.0058,NADP-dependent D-sorbitol-6-phosphate dehydrogenase,E1_1_1_140,,vv10051Fructose_and_mannose_metabolism,
634,VIT_02s0025g00540,12,0.0058,Unknown,,,,
635,VIT_13s0019g05380,11,0.0053,Unknown protein,,,,
636,VIT_06s0009g02560,11,0.0053,Pectinesterase family,E3_1_1_11,,vv40006Cell_wall,
637,VIT_17s0000g02550,11,0.0053,HMR1 protein,,,,
638,VIT_05s0020g01140,11,0.0053,Ribosomal protein L18,K02881,,vv23010Ribosome,
639,VIT_01s0011g01740,10,0.0049,Lectin,,,,
640,VIT_03s0063g02290,10,0.0048,Unknown protein,,,,
641,VIT_18s0001g11820,10,0.0048,LIM domain containing protein,LIMUIM_1,,vv60040LIM,
642,VIT_05s0020g01540,9,0.0044,Protein arginine N-methyltransferase,K00599,,vv10340Histidine_metabolism,vv10350Tyrosine_metabolism
643,VIT_12s0059g00170,9,0.0044,GCN5 N-acetyltransferase (GNAT),GCN5_16,,vv60082GNAT,
644,VIT_17s0000g02950,9,0.0044,Glutathione S-transferase 25 GSTU7,E2_5_1_18_GSTU7,,vv10480Glutathione_metabolism,
645,VIT_03s0017g01400,9,0.0044,Adhesive/proline-rich protein,,,,
646,VIT_18s0041g02070,9,0.0044,12-oxophytodienoate reductase 1,E1_3_1_42,,vv10592alpha-Linolenic_acid_metabolism,
647,VIT_17s0000g03340,9,0.0044,Wall-associated kinase 4,,,,
648,VIT_17s0000g06710,9,0.0044,Leucine-rich repeat transmembrane protein kinase,,,,
649,VIT_12s0142g00570,9,0.0044,R protein disease resistance protein,RPROT,,vv34627R_proteins_from_Plant-pathogen_interaction,
650,VIT_03s0063g01820,9,0.0044,AOS (allene oxide synthase),E4_2_1_92,,vv10592alpha-Linolenic_acid_metabolism,
651,VIT_18s0166g00190,9,0.0044,U-box domain-containing protein,,,,
652,VIT_08s0058g00550,9,0.0044,No hit,,,,
653,VIT_03s0038g03710,9,0.0044,RWP-RK domain-containing protein,RWPRKDOM_3,,vv60052RWP-RK,
654,VIT_09s0002g06900,9,0.0044,NtEIG-A1,,,,
655,VIT_13s0019g01010,9,0.0044,ABA2 (ABA deficient 2),E1_1_1_288,,vv10906Carotenoid_biosynthesis,vv11013ABA_biosynthesis
656,VIT_05s0094g00360,9,0.0044,Chitinase class IV,E3_2_1_14,,vv10530Aminosugars_metabolism,
657,VIT_06s0004g06500,9,0.0044,Villin,K05768,,vv44810Regulation_of_actin_cytoskeleton,
658,VIT_08s0056g00620,9,0.0044,V-type H+-transporting ATPase subunit E,K02150,,vv10190Oxidative_phosphorylation,vv44145Phagosome
659,VIT_15s0021g00940,9,0.0043,Senescence-associated protein,,,,
660,VIT_04s0023g01170,9,0.0043,Unknown protein,,,,
661,VIT_01s0011g04780,9,0.0043,Unknown protein,,,,
662,VIT_02s0025g04250,9,0.0043,Osmotin,,,,
663,VIT_18s0001g09070,9,0.0043,ZCW7 protein,,,,
664,VIT_15s0021g01130,9,0.0043,Rho GTPase; Rho GTP binding protein,E3_6_5_1,,,
665,VIT_11s0103g00420,7,0.0034,XH/XS domain-containing protein,,,,
666,VIT_06s0004g04620,7,0.0034,Unknown,,,,
667,VIT_12s0028g00610,7,0.0034,Aspartyl protease,E3_4_23_x,,,
668,VIT_10s0071g01210,7,0.0034,No hit,,,,
669,VIT_14s0171g00150,7,0.0034,Avr9/Cf-9 rapidly elicited protein 57,,,,
670,VIT_16s0022g01880,7,0.0034,No hit,,,,
671,VIT_17s0000g00650,7,0.0034,No hit,,,,
672,VIT_10s0116g00960,6,0.0029,Transcription factor jumonji (jmjC) domain-containing protein,JMJD1B_5,,vv60038Jumonji,
673,VIT_18s0117g00180,6,0.0029,CYP71B10,CYP71B10,,vv10940Phenylpropanoid_biosynthesis,
674,VIT_01s0150g00440,6,0.0029,Respiratory burst oxidase protein D (RBOHD),RBOHD,,vv34626Plant-pathogen_interaction,vv50105Transport_electron_carriers
675,VIT_00s0317g00140,6,0.0029,Exocyst subunit EXO70 H2,EXO70H2,,vv50111Tethering_factors,
676,VIT_00s0229g00120,6,0.0029,Ternary complex factor MIP1,,,,
677,VIT_13s0019g04440,6,0.0029,Zinc finger (C3HC4-type ring finger),ZFC3HC4_163,,vv60078Other_zf-C3HC4,
678,VIT_05s0020g03680,6,0.0029,GCN5 N-acetyltransferase (GNAT),GCN5_7,,vv60082GNAT,
679,VIT_14s0128g00610<br>VIT_14s0128g00640,6,0.0029,
680,VIT_14s0030g01490<br>VIT_14s0030g01520,6,0.0029,
681,VIT_02s0087g00320,6,0.0029,Glycosyl transferase family 1 protein,,,,
682,VIT_15s0046g02620,6,0.0029,Beta-amylase 9 BMY9,E3_2_1_2,,vv10500Starch_and_sucrose_metabolism,
683,VIT_07s0031g03090,6,0.0029,Avr9 elicitor response protein,,,,
684,VIT_01s0010g03680,6,0.0029,Unknown protein,,,,
685,VIT_03s0038g00840,6,0.0029,BPC4/BBR/BPC4/BPC4,BPC4,,vv60009BBR,
686,VIT_07s0104g00810,6,0.0029,Lipoyltransferase (LIP2p),E2_3_1_181,,vv10061Fatty_acid_biosynthesis,
687,VIT_16s0013g00890,6,0.0029,Ethylene-responsive element binding factor,ERF1A,VvERF077,vv30008Ethylene_signaling,vv60003AP2_EREBP
688,VIT_10s0003g04910,6,0.0029,Sinapyl alcohol dehydrogenase,E1_1_1_195,,vv10940Phenylpropanoid_biosynthesis,
689,VIT_00s0404g00020,6,0.0029,MAPK activating protein C22orf5,,,,
690,VIT_01s0026g01470,6,0.0029,Glycine-rich protein,,,,
691,VIT_16s0039g00350,6,0.0029,Unknown protein,,,,
692,VIT_04s0069g00470,6,0.0029,No hit,,,,
693,VIT_01s0011g01810,6,0.0029,No hit,,,,
694,VIT_11s0016g04050,6,0.0029,No hit,,,,
695,VIT_14s0128g00940,6,0.0029,No hit,,,,
696,VIT_05s0020g03240,6,0.0029,S-receptor kinase,,,,
697,VIT_18s0001g01820,6,0.0029,NAC domain-containing protein 17,NAC017,VvNAC15,vv60046NAC,
698,VIT_00s0259g00160,6,0.0029,Acyl carrier protein  mitochondrial 3,K02078,,vv50134Primary_active_transporter_cat_D1,
699,VIT_02s0025g03790,6,0.0029,ATP-dependent RNA helicase DDX6/DHH1,K12614,,vv23018RNA_degradation,vv50133Primary_active_transporter_cat_A9_to_A18
700,VIT_18s0001g00810,6,0.0029,24-methylenesterol C-methyltransferase 2,E2_1_1_143,,vv10100Biosynthesis_of_steroids,
701,VIT_10s0003g03290,6,0.0029,Intron maturase  type II,,,,
702,VIT_05s0094g00320,6,0.0029,Chitinase  class IV [Vitis vinifera],E3_2_1_14,,vv10530Aminosugars_metabolism,
703,VIT_14s0068g01000,6,0.0029,Unknown protein,,,,
704,VIT_05s0020g04970,6,0.0029,Agenet domain-containing protein,,,,
705,VIT_16s0039g01070,6,0.0029,Glutathione S-transferase 25 GSTU7,E2_5_1_18_GSTU7,,vv10480Glutathione_metabolism,
706,VIT_01s0010g03860,6,0.0029,Unknown,,,,
707,VIT_13s0175g00150<br>VIT_13s0019g00830,4,0.0019,
708,VIT_14s0060g02690,4,0.0019,Germin-like protein 3 [Vitis vinifera],,,,
709,VIT_16s0022g00610,4,0.0019,Unknown protein,,,,
710,VIT_14s0081g00540,4,0.0019,No hit,,,,
711,VIT_02s0025g03690,4,0.0019,RNA-binding protein NOB1,K11883,,vv23008Ribosome_biogenesis_in_Eukaryotes,
712,VIT_09s0002g03640,4,0.0019,ABC transporter g family pleiotropic drug resistance 7 PDR7,ABCGPDR7,,vv52010ABC_transporters,
713,VIT_13s0074g00620,4,0.0019,Kelch repeat-containing protein,,,,
714,VIT_17s0000g08540,4,0.0019,Lipase GDSL,,,,
715,VIT_14s0083g00900,3,0.0015,Aspartate aminotransferase,E2_6_1_1,vv10710Carbon_fixation,vv10252Alanine_and_aspartate_metabolism,vv10272Cysteine_metabolism
716,VIT_17s0000g09800,3,0.0015,No hit,,,,
717,VIT_06s0004g04520,3,0.0015,OBP3 (OBF-binding protein 3),OBP3_2,,vv30011Jasmonate_signaling,vv60015C2C2-DOF
718,VIT_02s0025g00150,3,0.0015,PRLI-interacting factor G,,,,
719,VIT_13s0106g00780,3,0.0015,Hydrolase  alpha/beta fold,,,,
720,VIT_11s0016g01610,3,0.0015,Unknown,,,,
721,VIT_18s0001g08820,3,0.0015,Unknown protein,,,,
722,VIT_02s0025g00420,3,0.0015,WRKY DNA-binding protein 27,WRKY27_2,VvWRKY04,vv60066WRKY,
723,VIT_04s0023g01080,3,0.0015,Lys Motif-Type Receptor-Like Kinase LYK4,,,,
724,VIT_06s0004g07070,3,0.0015,Protein kinase,,,,
725,VIT_19s0015g00220,3,0.0015,Unknown protein,,,,
726,VIT_18s0001g15660,3,0.0015,Pathogen-related,,,,
727,VIT_01s0026g02250,3,0.0015,Haloacid dehalogenase hydrolase,E3_1_3_18,,vv10630Glyoxylate_and_dicarboxylate_metabolism,
728,VIT_01s0150g00410,3,0.0015,Unknown protein,,,,
729,VIT_04s0043g00740,3,0.0015,Cytoplasmic FMR1 interacting protein,K05749,,vv44810Regulation_of_actin_cytoskeleton,
730,VIT_00s0259g00040,3,0.0015,Histone H2A,,,,
731,VIT_15s0048g00510,3,0.0015,Pectinesterase family,E3_1_1_11,,vv40006Cell_wall,
732,VIT_17s0000g08150,3,0.0015,Basic helix-loop-helix (bHLH) family,BHLHDOM_17,,vv60011BHLH,
733,VIT_10s0042g00590,3,0.0015,Leucine-rich repeat receptor-like protein kinase 1,,,,
734,VIT_00s2249g00010,3,0.0015,GLABRA2 expression modulator,GLABRAEM,,vv44110Cell_cycle,
735,VIT_01s0010g02450,3,0.0015,B12D,,,,
736,VIT_15s0046g01850,3,0.0015,Syntaxin of plants SYP7,K08506,,vv24130SNARE_interactions_in_vesicular_transport,
737,VIT_12s0034g01020,3,0.0015,Ribosomal protein L18,K02881,,vv23010Ribosome,
738,VIT_00s2262g00010,3,0.0015,Low expression of osmotically responsive genes 1,LOS4,,vv50133Primary_active_transporter_cat_A9_to_A18,
739,VIT_11s0052g00960,3,0.0015,Syntaxin,,,,
740,VIT_01s0011g03000,3,0.0015,No hit,,,,
741,VIT_06s0009g00760,3,0.0015,HcrVf1 protein,,,,
742,VIT_10s0003g01160,3,0.0015,Basic helix-loop-helix (bHLH) family,BHLHDOM_23,,vv60011BHLH,
743,VIT_02s0025g04310,3,0.0015,Thaumatin,,,,
744,VIT_18s0075g00670,3,0.0015,Laccase,E1_10_3_2,,vv11000Single_reactions,vv50109Incompletely_characterized_transport_systems
745,VIT_07s0005g00410,3,0.0015,Glycosyl hydrolase family 1 protein,,,,
746,VIT_02s0025g03660,3,0.0015,4-coumarate-CoA ligase,E6_2_1_12,,vv10940Phenylpropanoid_biosynthesis,vv50104Group_translocators
747,VIT_10s0003g03850,3,0.0015,Protease Do-like 5,,,,
748,VIT_12s0034g01010,3,0.0014,PYM (partner of Y14-MAGO),K14294,,vv23013RNA_transport,vv23015mRNA_surveillance_pathway
749,VIT_04s0079g00360,3,0.0014,Glutathione S-transferase 25 GSTU25,E2_5_1_18_GSTU25,,vv10480Glutathione_metabolism,
750,VIT_06s0009g03770,3,0.0014,Phycoerythrobilin ferredoxin oxidoreductase,E1_3_7_4,,vv10860Porphyrin_and_chlorophyll_metabolism,
751,VIT_01s0011g01100,3,0.0014,Pentatricopeptide (PPR) repeat-containing protein,,,,
752,VIT_00s0510g00020,3,0.0014,Unknown protein,,,,
753,VIT_17s0000g08200,3,0.0014,Phosphoglycerate/bisphosphoglycerate mutase,E5_4_2_1,,vv10010Glycolysis,
754,VIT_00s0316g00060,3,0.0014,HcrVf1 protein,,,,
755,VIT_08s0058g00880,3,0.0014,Class E vacuolar protein-sorting machinery protein HSE1,HSE1,,vv50111Tethering_factors,
756,VIT_13s0019g03910,3,0.0014,Unknown,,,,
757,VIT_17s0000g02560,3,0.0014,No hit,,,,
758,VIT_09s0002g02530,3,0.0014,NADP-specific glutamate dehydrogenase,E1_4_1_4,,vv10251Glutamate_metabolism,vv10910Nitrogen_metabolism
759,VIT_03s0038g02960,3,0.0014,Pentatricopeptide (PPR) repeat-containing protein,,,,
760,VIT_18s0075g00830,3,0.0014,Laccase,E1_10_3_2,,vv11000Single_reactions,vv50109Incompletely_characterized_transport_systems
761,VIT_18s0086g00620,3,0.0014,Unknown,,,,
762,VIT_07s0005g04320,3,0.0014,No hit,,,,
763,VIT_19s0014g00830,3,0.0014,RKF1 (receptor-like kinase in flowers 1),,,,
764,VIT_14s0060g00150,3,0.0014,Nectarin-1NECI,,,,
765,VIT_16s0013g01080,3,0.0014,Ethylene-responsive transcription factor ERF105,ERF105_9,VvERF086,vv30008Ethylene_signaling,vv60003AP2_EREBP
766,VIT_14s0036g00990,3,0.0014,Polyubiquitin (UBQ4),,,,
767,VIT_00s0347g00050,3,0.0014,Ser/Thr receptor-like kinase1,,,,
768,VIT_07s0104g00200,3,0.0014,Phenazine biosynthesis PhzC/PhzF,K06998,,vv10400Phenylalanine_tyrosine_and_tryptophan_biosynthesis,
769,VIT_00s0780g00040,3,0.0014,RGLG2 (ring Domain LIGASE2),RGLG2,,vv50004Auxin_transport,
770,VIT_00s0413g00010,3,0.0014,Laccase (diphenol oxidase) family protein,E1_10_3_2,,vv11000Single_reactions,vv50109Incompletely_characterized_transport_systems
771,VIT_02s0033g00700,3,0.0014,Nitrilase,E3_5_5_1,,vv10460Cyanoamino_acid_metabolism,vv10910Nitrogen_metabolism
772,VIT_00s0207g00110,3,0.0014,Antigen receptor,,,,
773,VIT_12s0028g03810,3,0.0014,DTW domain-containing protein,,,,
774,VIT_03s0091g00360,3,0.0014,Seed maturation protein PM23,,,,
775,VIT_03s0063g00270,3,0.0014,Unknown protein,,,,
776,VIT_07s0005g03890,3,0.0014,Transcription termination factor mitochondrial mTERF,MTERF_24,,vv60085MTERF,
777,VIT_08s0040g00630,3,0.0014,Hydroxyproline-rich glycoprotein,HRGP,,vv40006Cell_wall,
778,VIT_18s0001g09530,3,0.0014,Zinc finger (C3HC4-type ring finger),ZFC3HC4_123,,vv60078Other_zf-C3HC4,
779,VIT_18s0001g01470,3,0.0014,No hit,,,,
780,VIT_04s0023g02280,3,0.0014,S-adenosyl-L-methionine:salicylic acid carboxyl methyltransferase,SAMTBSCMT,,vv10360Phenylalanine_metabolism,
781,VIT_00s0399g00020,3,0.0014,Protease inhibitor/seed storage/lipid transfer protein (LTP),,,,
782,VIT_17s0000g02760,3,0.0014,Peroxin-3 (PEX3),PEX3,,vv44146Peroxisome,vv50109Incompletely_characterized_transport_systems
783,VIT_07s0031g00130,3,0.0014,Kinesin protein FRA1 (fragile fiber 1),FRA1,,vv44810Regulation_of_actin_cytoskeleton,
784,VIT_09s0002g00160,3,0.0014,Histone H2A.4 HTA12,H2A4,,,
785,VIT_12s0055g00490,3,0.0014,Accumulation and replication of chloroplast 5,ARC5,,vv44110Cell_cycle,vv50109Incompletely_characterized_transport_systems
786,VIT_07s0005g06520,3,0.0014,No hit,,,,
787,VIT_06s0004g01650,3,0.0014,Acetyl-CoA carboxylase  biotin carboxylase,E6_4_1_2,,vv10061Fatty_acid_biosynthesis,vv10620Pyruvate_metabolism
788,VIT_19s0090g01870,3,0.0014,Multidrug resistance-associated protein 3,MRP3,,vv52010ABC_transporters,
789,VIT_00s0347g00040,3,0.0014,Avr9/Cf-9 rapidly elicited protein 20,,,,
790,VIT_18s0001g15120,3,0.0014,Unknown protein,,,,
791,VIT_18s0001g05060,3,0.0014,2 3-bisphosphoglycerate-dependent phosphoglycerate mutase,E5_4_2_1,,vv10010Glycolysis,
792,VIT_01s0010g00800,3,0.0014,Unknown,,,,
793,VIT_18s0117g00040,3,0.0014,No hit,,,,
794,VIT_12s0059g02290,3,0.0014,Unknown protein,,,,
795,VIT_14s0030g00470,3,0.0014,Stress regulated protein isoform 3,,,,
796,VIT_05s0077g01130,3,0.0014,Seed maturation protein PM36,,,,
797,VIT_18s0001g13100,3,0.0014,Glycosyl transferase family 1 protein,,,,
798,VIT_07s0005g00420,3,0.0014,Zinc finger (C3HC4-type ring finger),ZFC3HC4_195,,vv60078Other_zf-C3HC4,
799,VIT_14s0068g01270,3,0.0014,No hit,,,,
