Vv_m2,2000,1000,VIT_16s0100g00860<br>VIT_16s0100g00940<br>VIT_16s0100g00800<br>VIT_16s0100g00920<br>VIT_16s0100g00930<br>VIT_16s0100g00810<br>VIT_16s0100g00840<br>VIT_16s0100g00850
rank,node,Fabs,Frel,Functional-annotation,Name-EC-KeggID,Updated-name,Network1,Network2
1,VIT_16s0100g01000,2069,1.0000,Stilbene synthase 4,E2_3_1_95,,vv10940Phenylpropanoid_biosynthesis,
2,VIT_16s0100g00880,2064,1.0000,Stilbene synthase [Vitis pseudoreticulata],E2_3_1_95,,vv10940Phenylpropanoid_biosynthesis,
3,VIT_16s0039g01240<br>VIT_16s0039g01360<br>VIT_16s0039g01130<br>VITisv_009233<br>VIT_16s0039g01100<br>VIT_00s2508g00010<br>VITisv_032212<br>VIT_16s0039g01120<br>VIT_16s0039g01320<br>VIT_00s2849g00010<br>VIT_16s0039g01300<br>VIT_16s0039g01170<br>VIT_16s0039g01280,2067,1.0000,
4,VIT_10s0042g00930<br>VIT_10s0042g00890<br>VIT_10s0042g00870<br>VIT_10s0042g00860<br>VIT_10s0042g00920,2079,1.0000,
5,VIT_16s0100g00830<br>VIT_16s0100g01120<br>VIT_16s0100g00780<br>VIT_16s0100g00910,2060,1.0000,
6,VIT_16s0100g01010<br>VIT_16s0100g00950<br>VIT_16s0100g01030<br>VIT_16s0100g00990,2061,0.9947,
7,VIT_16s0100g01160,2035,0.9946,Stilbene synthase [Vitis vinifera],E2_3_1_95,,vv10940Phenylpropanoid_biosynthesis,
8,VIT_12s0059g01380,2049,0.9870,1-aminocyclopropane-1-carboxylate oxidase 1,E1_14_17_4,,vv10640Propanoate_metabolism,vv30008Ethylene_signaling
9,VIT_12s0059g01720,2026,0.9840,No hit,,,,
10,VIT_16s0100g00960,2031,0.9831,Stilbene synthase [Vitis pseudoreticulata],E2_3_1_95,,vv10940Phenylpropanoid_biosynthesis,
11,VIT_16s0100g01040,2032,0.9826,Stilbene synthase - grape,E2_3_1_95,,vv10940Phenylpropanoid_biosynthesis,
12,VIT_05s0077g01690,2001,0.9728,Pathogenesis protein 10 [Vitis vinifera],,,,
13,VIT_16s0100g01150,2001,0.9704,Stilbene synthase [Vitis vinifera],E2_3_1_95,,vv10940Phenylpropanoid_biosynthesis,
14,VIT_10s0042g00840,1997,0.9629,Stilbene synthase [Vitis pseudoreticulata],E2_3_1_95,,vv10940Phenylpropanoid_biosynthesis,
15,VIT_16s0100g00750,1992,0.9600,Stilbene synthase,E2_3_1_95,,vv10940Phenylpropanoid_biosynthesis,
16,VIT_11s0016g02070,1997,0.9592,Basic helix-loop-helix (bHLH) family,BHLHDOM_63,,vv60011BHLH,
17,VIT_11s0065g00350,1983,0.9570,Trans-cinnamate 4-monooxygenase,E1_14_13_11,,vv10360Phenylalanine_metabolism,vv10940Phenylpropanoid_biosynthesis
18,VIT_10s0042g00910,1971,0.9554,Stilbene synthase [Vitis pseudoreticulata],E2_3_1_95,,vv10940Phenylpropanoid_biosynthesis,
19,VIT_10s0042g00850,1978,0.9546,Stilbene synthase [Vitis pseudoreticulata],E2_3_1_95,,vv10940Phenylpropanoid_biosynthesis,
20,VIT_00s0301g00090,1946,0.9401,NDA2 (alternative NAD(P)H dehydrogenase 2),K03885,,vv10190Oxidative_phosphorylation,vv50134Primary_active_transporter_cat_D1
21,VIT_17s0000g03370,1928,0.9332,Calmodulin-binding protein,K02183,,vv34020Calcium_signaling_pathway,vv34626Plant-pathogen_interaction
22,VIT_03s0017g01990,1913,0.9273,UDP-glucose glucosyltransferase,E2_4_1_35,,vv10500Starch_and_sucrose_metabolism,
23,VIT_04s0044g00230,1905,0.9239,Monooxygenase (MO2),,,,
24,VIT_07s0031g01090,1911,0.9236,Ascorbate oxidase,E1_10_3_3,,vv10053Ascorbate_and_aldarate_metabolism,vv50109Incompletely_characterized_transport_systems
25,VIT_03s0038g03530,1915,0.9229,LYS/HIS transporter 7,LHT7,,vv50123Porters_cat_18_to_29,
26,VIT_04s0044g00220,1891,0.9184,Monooxygenase,,,,
27,VIT_09s0054g00910,1870,0.9051,Chaperone BCS1 mitochondrial,K08900,,,
28,VIT_11s0016g03080,1865,0.9045,Clavata1 receptor kinase (CLV1),,,,
29,VIT_09s0002g06890,1825,0.8881,Dicyanin blue copper protein,,,,
30,VIT_16s0100g01200<br>VIT_16s0100g01070,1823,0.8837,
31,VIT_11s0016g01650,1827,0.8822,Ankyrin repeat,,,,
32,VIT_05s0020g03690<br>VIT_05s0020g03710,1817,0.8816,
33,VIT_16s0100g00760,1824,0.8790,Stilbene synthase 2 [Vitis sp. cv. 'Norton'],E2_3_1_95,,vv10940Phenylpropanoid_biosynthesis,
34,VIT_03s0017g02110,1827,0.8788,Anthocyanidin 3-O-glucosyltransferase,E2_4_1_115,,vv10942Anthocyanin_biosynthesis,
35,VIT_17s0000g02220,1814,0.8772,No hit,,,,
36,VIT_05s0077g01570,1801,0.8713,Pathogenesis protein 10 [Vitis vinifera],,,,
37,VIT_06s0004g01010,1806,0.8691,Dirigent protein pDIR9,,,,
38,VIT_16s0100g01060,1771,0.8589,Stilbene synthase,E2_3_1_95,,vv10940Phenylpropanoid_biosynthesis,
39,VIT_08s0058g00690,1742,0.8465,WRKY DNA-binding protein 33,WRKY33_3,VvWRKY24,vv34626Plant-pathogen_interaction,vv60066WRKY
40,VIT_16s0100g01100,1709,0.8272,Stilbene synthase,E2_3_1_95,,vv10940Phenylpropanoid_biosynthesis,
41,VIT_00s0409g00010,1701,0.8261,Receptor kinase RK20-1,,,,
42,VIT_09s0054g00900,1700,0.8232,Chaperone BCS1 mitochondrial,K08900,,,
43,VIT_07s0005g02660,1704,0.8216,ABC transporter B member 13,ABCB13,,vv52010ABC_transporters,
44,VIT_06s0004g00020,1690,0.8156,NAC domain containing protein 32,NAC032,VvNAC44,vv60046NAC,
45,VIT_11s0078g00290,1684,0.8147,Cinnamate 4-hydroxylase,E1_14_13_11,,vv10360Phenylalanine_metabolism,vv10940Phenylpropanoid_biosynthesis
46,VIT_16s0100g01130,1687,0.8107,Stilbene synthase [Vitis vinifera],E2_3_1_95,,vv10940Phenylpropanoid_biosynthesis,
47,VIT_08s0007g04860,1671,0.8072,Nodulin family protein,,,,
48,VIT_07s0005g03340,1666,0.8072,Myb domain protein 14,MYB14_2,MYB14,vv60044MYB,
49,VIT_18s0001g04640,1658,0.8017,No hit,,,,
50,VIT_07s0005g03220,1644,0.7977,Ethylene-responsive transcription factor ERF098,ERF098_1,VvERF098,vv30008Ethylene_signaling,vv60003AP2_EREBP
51,VIT_05s0077g01550,1626,0.7893,Pathogenesis protein 10.3 [Vitis quinquangularis],,,,
52,VIT_04s0069g00970,1632,0.7880,WRKY DNA-binding protein 51,WRKY51_1,VvWRKY11,vv60066WRKY,
53,VIT_16s0100g00770,1645,0.7875,Stilbene synthase,E2_3_1_95,,vv10940Phenylpropanoid_biosynthesis,
54,VIT_02s0033g01380,1613,0.7796,Alternative oxidase 1D,AOX1D,,vv30001ABA_signaling,
55,VIT_00s1212g00020,1611,0.7786,Laccase,E1_10_3_2,,vv11000Single_reactions,vv50109Incompletely_characterized_transport_systems
56,VIT_14s0060g02760,1598,0.7742,Germin-like protein 3 [Vitis vinifera],,,,
57,VIT_16s0100g01140,1591,0.7727,Stilbene synthase 2,E2_3_1_95,,vv10940Phenylpropanoid_biosynthesis,
58,VIT_10s0003g05430,1584,0.7693,Reticuline oxidase precursor,E1_21_3_3,,vv10950Alkaloid_biosynthesis_I,
59,VIT_05s0077g01600,1600,0.7685,Pathogenesis protein 10 [Vitis vinifera],,,,
60,VIT_06s0004g01020,1560,0.7569,Dirigent protein,,,,
61,VIT_19s0015g00300,1553,0.7535,KCO1 (two pore K channel),K05389_KCO1,,vv50101Channels_and_pores,
62,VIT_05s0077g01560,1551,0.7511,Pathogenesis protein 10.3 [Vitis quinquangularis],,,,
63,VIT_09s0002g05360<br>VIT_09s0002g05400<br>VIT_09s0002g05490<br>VIT_09s0002g05590,1542,0.7435,
64,VIT_07s0141g00890,1532,0.7408,CYP94A1,,,,
65,VIT_00s0480g00030,1518,0.7362,Polyphenol oxidase,E1_10_3_1,,vv10350Tyrosine_metabolism,vv50109Incompletely_characterized_transport_systems
66,VIT_16s0100g01190,1510,0.7341,Stilbene synthase [Vitis vinifera],E2_3_1_95,,vv10940Phenylpropanoid_biosynthesis,
67,VIT_02s0236g00120,1499,0.7235,Unknown,,,,
68,VIT_05s0077g01530,1487,0.7229,Pathogenesis protein 10 [Vitis vinifera],,,,
69,VIT_06s0061g01210,1484,0.7193,Lysine histidine transporter 1,LHT1,,vv50123Porters_cat_18_to_29,
70,VIT_07s0129g01010,1473,0.7102,Unknown,,,,
71,VIT_16s0050g00400,1454,0.7021,Photoassimilate-responsive protein PAR-1a,,,,
72,VIT_07s0031g01010<br>VIT_07s0031g01040<br>VIT_07s0031g01050,1442,0.6983,
73,VIT_04s0044g00040,1438,0.6957,Dirigent,,,,
74,VIT_14s0108g00890,1389,0.6733,Beta-1 3-galactosyltransferase,K07819,,vv10602Glycosphingolipid_biosynthesis,
75,VIT_19s0014g01370,1395,0.6729,Curculin (mannose-binding) lectin,,,,
76,VIT_18s0075g00810,1378,0.6719,Laccase,E1_10_3_2,,vv11000Single_reactions,vv50109Incompletely_characterized_transport_systems
77,VIT_05s0077g01590,1379,0.6688,Major allergen Mal d 1,,,,
78,VIT_06s0004g01030,1399,0.6687,Dirigent protein,,,,
79,VIT_10s0042g00880,1380,0.6686,Stilbene synthase [Vitis pseudoreticulata],E2_3_1_95,,vv10940Phenylpropanoid_biosynthesis,
80,VIT_07s0031g01130,1386,0.6686,Ascorbate oxidase,E1_10_3_3,,vv10053Ascorbate_and_aldarate_metabolism,vv50109Incompletely_characterized_transport_systems
81,VIT_08s0040g01710,1388,0.6683,Phenylalanine ammonia-lyase,E4_3_1_5,,vv10350Tyrosine_metabolism,vv10360Phenylalanine_metabolism
82,VIT_02s0025g00540,1373,0.6659,Unknown,,,,
83,VIT_01s0026g01730,1367,0.6642,WRKY DNA-binding protein 72,WRKY72_1,VvWRKY02,vv60066WRKY,
84,VIT_04s0008g01470,1362,0.6596,WRKY DNA-binding protein 50,WRKY50,VvWRKY06,vv60066WRKY,
85,VIT_08s0058g00790,1362,0.6592,Secoisolariciresinol dehydrogenase,SIRD,,vv10940Phenylpropanoid_biosynthesis,
86,VIT_12s0059g01660,1357,0.6591,3-oxoacyl-[acyl-carrier-protein] synthase II,E2_3_1_179,,vv10061Fatty_acid_biosynthesis,
87,VIT_05s0049g01010,1352,0.6557,Myb domain protein 14,MYB14_4,MYB13,vv60044MYB,
88,VIT_11s0016g03190,1341,0.6516,Unknown,,,,
89,VIT_17s0000g06860,1343,0.6472,SNAP25ous protein SNAP30,K08509,,vv24130SNARE_interactions_in_vesicular_transport,
90,VIT_05s0020g03140,1320,0.6414,Sugar transporter 13,STP13,,vv50121Porters_cat_1_to_6,
91,VIT_18s0001g10180,1317,0.6390,N-hydroxycinnamoyl/benzoyltransferase 3,,,,
92,VIT_14s0081g00190,1310,0.6329,No hit,,,,
93,VIT_01s0011g03850,1314,0.6305,Unknown protein,,,,
94,VIT_13s0074g00570,1301,0.6216,Gamma-aminobutyric acid transporter,GAT1,,vv50123Porters_cat_18_to_29,
95,VIT_01s0011g02320,1288,0.6213,Unknown protein,,,,
96,VIT_06s0004g02010,1281,0.6197,No hit,,,,
97,VIT_16s0039g01110,1284,0.6197,Phenylalanin ammonia-lyase [Vitis vinifera],E4_3_1_5,,vv10350Tyrosine_metabolism,vv10360Phenylalanine_metabolism
98,VIT_01s0011g00380,1260,0.6114,SP1L1 (SPIRAL1-like1),,,,
99,VIT_13s0019g04060,1249,0.6060,MLO1,K08472,,,
100,VIT_18s0001g11130,1257,0.6046,Calmodulin-binding protein AR781,,,,
101,VIT_18s0122g00690,1256,0.6041,Laccase,E1_10_3_2,,vv11000Single_reactions,vv50109Incompletely_characterized_transport_systems
102,VIT_06s0004g01990,1243,0.5987,No hit,,,,
103,VIT_09s0002g05600,1231,0.5984,ABC transporter g family pleiotropic drug resistance 12 PDR12,ABCGPDR12,,vv52010ABC_transporters,
104,VIT_07s0031g03060,1231,0.5973,NSL1 (necrotic spotted lesions 1),,,,
105,VIT_16s0050g00430,1222,0.5935,Photoassimilate-responsive protein PAR-1a,,,,
106,VIT_14s0066g01150,1212,0.5889,Cinnamoyl-CoA reductase,E1_2_1_44,,vv10940Phenylpropanoid_biosynthesis,
107,VIT_04s0044g00270,1209,0.5835,Monooxygenase (MO3),,,,
108,VIT_10s0003g04080,1205,0.5807,Unknown,,,,
109,VIT_17s0000g02930,1198,0.5799,Glutathione S-transferase 25 GSTU7,E2_5_1_18_GSTU7,,vv10480Glutathione_metabolism,
110,VIT_12s0057g00990,1192,0.5764,Beta 1 2 N-acetylglucosaminyltransferase,E2_4_1_143,,vv10510N-Glycan_biosynthesis,vv11030Glycan_structures-biosynthesis1
111,VIT_16s0100g01110,1176,0.5678,Resveratrol synthase (RS1),E2_3_1_95,,vv10940Phenylpropanoid_biosynthesis,
112,VIT_12s0028g02530,1178,0.5669,Zinc finger (C3HC4-type ring finger),ZFC3HC4_36,,vv60078Other_zf-C3HC4,
113,VIT_00s0480g00040,1148,0.5562,Polyphenol oxidase II  chloroplast precursor,E1_10_3_1,,vv10350Tyrosine_metabolism,vv50109Incompletely_characterized_transport_systems
114,VIT_10s0003g05450,1151,0.5550,Reticuline oxidase precursor,E1_21_3_3,,vv10950Alkaloid_biosynthesis_I,
115,VIT_01s0127g00070,1140,0.5529,Nitrate transporter2.5,NRT2_5,,vv50121Porters_cat_1_to_6,
116,VIT_08s0007g03310,1137,0.5509,Unknown,,,,
117,VIT_05s0049g01020,1126,0.5477,Myb domain protein 14,MYB14_3,,vv60044MYB,
118,VIT_14s0060g02750<br>VIT_14s0128g00970<br>VIT_14s0128g00990<br>VIT_14s0128g00980<br>VIT_14s0128g01010<br>VIT_14s0128g01030<br>VIT_14s0128g01020<br>VIT_14s0128g01040,1127,0.5466,
119,VIT_19s0014g01150,1124,0.5399,Curculin (mannose-binding) lectin,,,,
120,VIT_09s0002g05370,1109,0.5391,ABC transporter g family pleiotropic drug resistance 12 PDR12,ABCGPDR12,,vv52010ABC_transporters,
121,VIT_08s0007g08140,1106,0.5359,Helicase,,,,
122,VIT_18s0001g15130,1087,0.5292,WD40 repeat protein,,,,
123,VIT_02s0109g00430,1086,0.5251,Nitrilase 4 (NIT4),K13035,,vv10910Nitrogen_metabolism,
124,VIT_00s0181g00160,1088,0.5243,F-box family protein,,,,
125,VIT_14s0068g02150,1049,0.5105,Kelch repeat-containing F-box family protein,,,,
126,VIT_16s0050g00410,1055,0.5079,Photoassimilate-responsive protein PAR-1a,,,,
127,VIT_03s0088g01180,1040,0.5024,Proline iminopeptidase,E3_4_11_5,,vv10330Arginine_and_proline_metabolism,
128,VIT_05s0077g01150,1039,0.5007,Beta-1 3-glucanase,E3_2_1_6,,,
129,VIT_05s0077g01580,1032,0.4983,Pathogenesis protein 10 [Vitis vinifera],,,,
130,VIT_14s0083g00920,1029,0.4949,No hit,,,,
131,VIT_09s0002g03640,1020,0.4937,ABC transporter g family pleiotropic drug resistance 7 PDR7,ABCGPDR7,,vv52010ABC_transporters,
132,VIT_11s0016g05530,998,0.4861,Plastocyanin domain-containing protein,K02638,,vv10195Photosynthesis,vv50113Thylakoid_targeting_pathway
133,VIT_15s0048g01530,1002,0.4838,Geraniol 10-hydroxylase,G10H,,vv10902Monoterpenoid_biosynthesis,
134,VIT_00s0187g00020,1003,0.4815,No hit,,,,
135,VIT_05s0094g00160,982,0.4779,No hit,,,,
136,VIT_18s0075g00960,982,0.4776,Laccase,E1_10_3_2,,vv11000Single_reactions,vv50109Incompletely_characterized_transport_systems
137,VIT_18s0001g10200<br>VIT_18s0001g10230,969,0.4677,
138,VIT_06s0004g01000,965,0.4655,Dirigent protein,,,,
139,VIT_18s0001g01850,943,0.4567,Amino acid permease,AAPREL,,vv50123Porters_cat_18_to_29,
140,VIT_05s0020g05040,944,0.4565,Proteinase inhibitor 1 PPI3B2,,,,
141,VIT_11s0016g01620,930,0.4519,Unknown,,,,
142,VIT_04s0079g00570,934,0.4503,Protein binding / zinc ion binding,,,,
143,VIT_10s0003g03850,928,0.4487,Protease Do-like 5,,,,
144,VIT_02s0033g00770,921,0.4480,Nitrilase 4B,E3_5_5_1,,vv10460Cyanoamino_acid_metabolism,vv10910Nitrogen_metabolism
145,VIT_00s0194g00120,925,0.4462,Serine acetyltransferase,E2_3_1_30,,vv10272Cysteine_metabolism,vv10920Sulfur_metabolism
146,VIT_09s0002g05610,928,0.4453,Unknown,,,,
147,VIT_05s0020g03220,918,0.4431,S-receptor kinase,,,,
148,VIT_17s0000g07670,907,0.4386,Betaine-aldehyde dehydrogenase,E1_2_1_8,,vv10260Glycine_serine_and_threonine_metabolism,vv50101Channels_and_pores
149,VIT_06s0004g01670,907,0.4371,UDP-glucoronosyl and UDP-glucosyl transferase,,,,
150,VIT_08s0105g00450,897,0.4356,Transducin protein,,,,
151,VIT_07s0005g05780,900,0.4333,Pantoate--beta-alanine ligase,E6_3_2_1,,vv10410Beta-alanine_metabolism,vv10770Pantothenate_and_CoA_biosynthesis
152,VIT_10s0003g00790,898,0.4332,Glutamate receptor protein,GLR2_7,,vv50101Channels_and_pores,
153,VIT_18s0001g15660,871,0.4216,Pathogen-related,,,,
154,VIT_19s0027g00870,874,0.4210,NAC domain-containing protein 42,NAC042_3,VvNAC30,vv60046NAC,
155,VIT_18s0001g15150,858,0.4151,Unknown protein,,,,
156,VIT_04s0008g03530,859,0.4148,Ankyrin repeat,K10380,,vv50108Accessory_factors_involved_in_transport,
157,VIT_17s0000g03340,859,0.4138,Wall-associated kinase 4,,,,
158,VIT_19s0014g01110,849,0.4129,Curculin (mannose-binding) lectin,,,,
159,VIT_15s0021g01630,859,0.4126,Ethylene responsive element binding factor 2,ERF2_1,,vv30008Ethylene_signaling,vv60003AP2_EREBP
160,VIT_04s0008g01040,856,0.4119,Lysine decarboxylase,E4_1_1_18,,vv10300Lysine_biosynthesis,
161,VIT_15s0046g02170,849,0.4088,3-methyl-2-oxobutanoate hydroxy-methyl-transferase,E2_1_2_11,,vv10770Pantothenate_and_CoA_biosynthesis,
162,VIT_03s0088g00700,843,0.4072,Pathogenesis related protein 1 precursor (pr1 gene),PRP1,,vv30011Jasmonate_signaling,vv34626Plant-pathogen_interaction
163,VIT_03s0088g00750,840,0.4027,Pathogenesis related protein 1 precursor [Vitis vinifera],PRP1,,vv30011Jasmonate_signaling,vv34626Plant-pathogen_interaction
164,VIT_08s0105g00200,833,0.4018,U-box domain-containing protein,,,,
165,VIT_04s0008g00110,829,0.3984,Jasmonate ZIM domain-containing protein 8,JAZ8_3,,vv30011Jasmonate_signaling,vv60069ZIM
166,VIT_09s0018g01660,824,0.3981,Biopterin transport-related protein BT1,BIOPTERIN,,vv50125Porters_cat_66_to_94,
167,VIT_07s0031g02520,803,0.3881,Unknown protein,,,,
168,VIT_00s0410g00040,806,0.3871,Anthranilate N-benzoyltransferase protein 1,E2_3_1_144,,vv10400Phenylalanine_tyrosine_and_tryptophan_biosynthesis,
169,VIT_15s0048g02070,798,0.3866,BON2-associated protein (BAP2),,,,
170,VIT_07s0151g00260,803,0.3859,Quinone-oxidoreductase  Chloroplast,K03956,,vv10190Oxidative_phosphorylation,vv50134Primary_active_transporter_cat_D1
171,VIT_18s0041g02010<br>VIT_18s0041g02050,797,0.3821,
172,VIT_01s0011g05440,791,0.3810,Unknown protein,,,,
173,VIT_04s0069g01010,788,0.3776,Harpin-induced protein,,,,
174,VIT_07s0104g00220,778,0.3769,Phenazine biosynthesis PhzC/PhzF,K06998,,vv10400Phenylalanine_tyrosine_and_tryptophan_biosynthesis,
175,VIT_00s0471g00020,774,0.3739,Unknown,,,,
176,VIT_11s0016g05540,770,0.3734,Dicyanin,,,,
177,VIT_01s0011g02480,774,0.3734,Phospholipid-transporting ATPase,K01530,,vv50131Primary_active_transporter_cat_A2_to_A4,
178,VIT_01s0150g00410,774,0.3732,Unknown protein,,,,
179,VIT_12s0034g01020,755,0.3653,Ribosomal protein L18,K02881,,vv23010Ribosome,
180,VIT_17s0000g05360,747,0.3628,Germin,,,,
181,VIT_00s0226g00100,743,0.3596,Regulator of chromosome condensation (RCC1),RCC1,,vv50112Nuclear_pore_complex,
182,VIT_07s0031g00460,738,0.3548,Nicotinate phosphoribosyltransferase,E2_4_2_11,,vv10760Nicotinate_and_nicotinamide_metabolism,
183,VIT_09s0002g02950,732,0.3523,No hit,,,,
184,VIT_06s0009g03770,731,0.3521,Phycoerythrobilin ferredoxin oxidoreductase,E1_3_7_4,,vv10860Porphyrin_and_chlorophyll_metabolism,
185,VIT_13s0019g03520,729,0.3518,No hit,,,,
186,VIT_04s0008g02210,721,0.3483,RPD1 (root primordium defective 1),,,,
187,VIT_00s0250g00090,716,0.3476,Oxidoreductase  2OG-Fe(II) oxygenase,,,,
188,VIT_18s0001g04280,714,0.3453,(-)-germacrene D synthase,E4_2_3_22,,vv10900Terpenoid_biosynthesis,
189,VIT_18s0001g10760,705,0.3403,Strictosidine synthase,E4_3_3_2,,vv10900Terpenoid_biosynthesis,vv10902Monoterpenoid_biosynthesis
190,VIT_19s0015g02610,702,0.3398,Glutathione S-transferase 25 GSTU25,E2_5_1_18_GSTU25,,vv10480Glutathione_metabolism,
191,VIT_11s0016g00570,700,0.3396,Dimethylaniline monooxygenase (N-oxide forming) 2,E1_14_13_8,,vv11000Single_reactions,
192,VIT_14s0083g01170,703,0.3393,Mitochondrial substrate carrier family protein,K03454,,vv50123Porters_cat_18_to_29,
193,VIT_03s0091g00140,704,0.3388,Plant basic secretory protein (BSP) family,,,,
194,VIT_08s0007g02360,681,0.3295,Harpin inducing protein 1-like 9,,,,
195,VIT_18s0001g08760,675,0.3253,No hit,,,,
196,VIT_03s0091g00530,665,0.3222,N-acetyltransferase ESCO2,,,,
197,VIT_12s0028g00860,654,0.3176,NAC domain-containing protein 42,NAC042_5,VvNAC36,vv60046NAC,
198,VIT_09s0002g02970,631,0.3053,Unknown,,,,
199,VIT_01s0026g02310,629,0.3039,SUR2,K04713,,vv10600Sphingolipid_metabolism,
200,VIT_17s0000g00640,628,0.3028,No hit,,,,
201,VIT_04s0023g01080,623,0.3008,Lys Motif-Type Receptor-Like Kinase LYK4,,,,
202,VIT_14s0171g00400,617,0.3001,Lysine histidine transporter 1,LHT1,,vv50123Porters_cat_18_to_29,
203,VIT_14s0068g01250,620,0.2987,Mitochondrial phosphate transporter,MPHOSPTR,,vv50123Porters_cat_18_to_29,
204,VIT_02s0087g00330,597,0.2888,Glycosyl transferase family 1 protein,,,,
205,VIT_09s0054g00780,600,0.2886,Pseudouridine synthase,E4_2_1_70,,vv10240Pyrimidine_metabolism,
206,VIT_03s0063g00820,597,0.2866,Carboxyesterase 12; CXE12,E3_1_1_1,,,
207,VIT_14s0068g02210,588,0.2832,HcrVf1 protein,,,,
208,VIT_01s0026g00820,586,0.2831,IAA-amino acid hydrolase 1 (ILR1),K01463,,vv11002Auxin_biosynthesis,
209,VIT_04s0079g00360,580,0.2820,Glutathione S-transferase 25 GSTU25,E2_5_1_18_GSTU25,,vv10480Glutathione_metabolism,
210,VIT_08s0007g00610,583,0.2816,Unknown,,,,
211,VIT_18s0001g00840,578,0.2803,Syringolide-induced protein 14-1-1,,,,
212,VIT_18s0117g00070,578,0.2796,R protein L6,K13477,,vv34627R_proteins_from_Plant-pathogen_interaction,
213,VIT_18s0089g01020,576,0.2793,Ethylene-responsive transcription factor,TINY_4,,vv30008Ethylene_signaling,vv60003AP2_EREBP
214,VIT_15s0021g01260,575,0.2771,Unknown,,,,
215,VIT_02s0025g04280,575,0.2762,Osmotin,,,,
216,VIT_06s0009g02600<br>VIT_06s0009g02630,570,0.2740,
217,VIT_18s0072g00260,567,0.2739,Ethylene-responsive transcription factor related to APETALA2 6,RAP2_6,VvERF114,vv30008Ethylene_signaling,vv60003AP2_EREBP
218,VIT_08s0040g03100,562,0.2724,Glutathione S-transferase GSTO1,E2_5_1_18_GSTO1,,vv10480Glutathione_metabolism,
219,VIT_05s0020g02730,560,0.2721,Nectarin IV NEC4,,,,
220,VIT_02s0025g03300,560,0.2717,Potassium channel tetramerisation domain-containing protein,KCTREL,,vv50101Channels_and_pores,
221,VIT_02s0025g04310,563,0.2702,Thaumatin,,,,
222,VIT_12s0059g01080,558,0.2696,Acid phosphatase/vanadium-dependent haloperoxidase,,,,
223,VIT_02s0025g04250,552,0.2674,Osmotin,,,,
224,VIT_02s0025g04340,547,0.2637,Osmotin,,,,
225,VIT_14s0171g00490,544,0.2637,Glucose-6-phosphate 1-dehydrogenase  cytoplasmic isoform,E1_1_1_49,,vv10030Pentose_phosphate,vv10480Glutathione_metabolism
226,VIT_01s0011g01350,543,0.2630,No hit,,,,
227,VIT_08s0007g01230,539,0.2624,Lectin protein kinase,,,,
228,VIT_01s0010g03930,540,0.2604,WRKY DNA-binding protein 75,WRKY75_1,VvWRKY03,vv60066WRKY,
229,VIT_17s0000g02210,528,0.2561,Hsp70 interacting protein,,,,
230,VIT_01s0127g00150,528,0.2551,Menaquinone biosynthesis methyltransferase ubiE,K03183,,vv10130Ubiquinone_biosynthesis,
231,VIT_00s0181g00170,522,0.2522,F-box family protein,,,,
232,VIT_01s0010g00540,524,0.2516,BIM2 (BES1-interacting Myc-like protein 2,BIM2_2,,vv30005Brassinosteroids_signaling,vv60011BHLH
233,VIT_03s0038g03400,520,0.2512,Endochitinase 1  basic,E3_2_1_14,,vv10530Aminosugars_metabolism,
234,VIT_09s0002g05430,514,0.2492,ABC transporter g family pleiotropic drug resistance 12 PDR12,ABCGPDR12,,vv52010ABC_transporters,
235,VIT_10s0042g00590,508,0.2461,Leucine-rich repeat receptor-like protein kinase 1,,,,
236,VIT_05s0094g00260<br>VIT_05s0094g00220,506,0.2450,
237,VIT_11s0016g01970,504,0.2435,Calmodulin-binding region IQD6,,,,
238,VIT_10s0003g00580,504,0.2432,ERF/AP2 transcription factor sub B-3  (ATERF-2),ERF1_5,VvERF075,vv30008Ethylene_signaling,vv30011Jasmonate_signaling
239,VIT_06s0061g00100,502,0.2427,Glucan endo-1 3-beta-glucosidase  acidic isoform precursor,E3_2_1_39,,vv10500Starch_and_sucrose_metabolism,
240,VIT_02s0025g04290,502,0.2415,Thaumatin,,,,
241,VIT_02s0033g00840,487,0.2366,Nitrilase 4B,E3_5_5_1,,vv10460Cyanoamino_acid_metabolism,vv10910Nitrogen_metabolism
242,VIT_18s0041g02070,489,0.2363,12-oxophytodienoate reductase 1,E1_3_1_42,,vv10592alpha-Linolenic_acid_metabolism,
243,VIT_04s0008g05350,484,0.2340,Serine hydrolase [Vitis vinifera],E4_3_1_18,,vv10260Glycine_serine_and_threonine_metabolism,
244,VIT_02s0012g00730,484,0.2329,Purine permease 10 PUP10,PUP10,,vv50122Porters_cat_7_to_17,
245,VIT_16s0100g00900,478,0.2298,Stilbene synthase [Vitis pseudoreticulata],E2_3_1_95,,vv10940Phenylpropanoid_biosynthesis,
246,VIT_13s0156g00590,474,0.2285,S-receptor kinase,,,,
247,VIT_09s0002g06400,471,0.2275,No hit,,,,
248,VIT_15s0048g00510,458,0.2220,Pectinesterase family,E3_1_1_11,,vv40006Cell_wall,
249,VIT_13s0067g02630,455,0.2204,No hit,,,,
250,VIT_12s0057g00420,454,0.2195,Auxin-responsive protein AIR12,AIR12,,vv30003Auxin_signaling,
251,VIT_01s0011g05930,451,0.2190,S-adenosyl-L-methionine:carboxyl methyltransferase,,,,
252,VIT_11s0118g00450,448,0.2185,No hit,,,,
253,VIT_12s0034g02180,452,0.2181,Aminomethyltransferase,E2_1_2_10,,vv10260Glycine_serine_and_threonine_metabolism,vv10670One_carbon_pool_by_folate
254,VIT_05s0077g01660,448,0.2162,Major allergen protein homolog,,,,
255,VIT_09s0054g00580<br>VIT_09s0054g00570,445,0.2159,
256,VIT_15s0048g01350,444,0.2142,Gibberellin receptor GID1L3,GID1C,,vv30010Gibberellin_signaling,
257,VIT_14s0060g02710,444,0.2135,Germin,,,,
258,VIT_18s0001g01960,442,0.2125,RKF3 (receptor-like kinase IN in flowers 3),,,,
259,VIT_07s0104g01500,429,0.2090,Transcription termination factor mitochondrial mTERF,MTERF_10,,vv60085MTERF,
260,VIT_07s0005g00410,426,0.2061,Glycosyl hydrolase family 1 protein,,,,
261,VIT_15s0046g03550,421,0.2046,(+)-neomenthol dehydrogenase,E1_1_1_208,,vv10902Monoterpenoid_biosynthesis,
262,VIT_09s0002g05560,425,0.2038,ABC transporter g family pleiotropic drug resistance 12 PDR12,ABCGPDR12,,vv52010ABC_transporters,
263,VIT_00s1463g00010,420,0.2038,Protease Do-like 5,,,,
264,VIT_16s0050g02210,420,0.2025,Chitinase III [Vitis vinifera],E3_2_1_14,,vv10530Aminosugars_metabolism,
265,VIT_05s0020g03590,418,0.2020,Unknown protein,,,,
266,VIT_12s0035g01520,419,0.2012,Disease resistance protein RPS2,,,,
267,VIT_13s0156g00570,410,0.1996,S-receptor kinase,,,,
268,VIT_18s0001g10100,412,0.1987,Ubiquitin-conjugating enzyme E2 I,K10577,,vv23013RNA_transport,vv24120Ubiquitin_mediated_proteolysis
269,VIT_00s2582g00010,408,0.1977,Unknown,,,,
270,VIT_11s0016g01470,404,0.1940,Lecithine cholesterol acyltransferase,E2_3_1_43,,vv10564Glycerophospholipid_metabolism,
271,VIT_18s0001g05410,401,0.1935,No hit,,,,
272,VIT_18s0001g01470,398,0.1915,No hit,,,,
273,VIT_14s0068g01770,395,0.1909,WRKY DNA-binding protein 75,WRKY75_2,VvWRKY43,vv60066WRKY,
274,VIT_13s0019g00940,394,0.1902,SLT1 (sodium- and lithium-tolerant 1),,,,
275,VIT_06s0009g03130,390,0.1886,Cytochrome P450  family 79  subfamily A  polypeptide 2,K12153,,vv10966Glucosinolate_biosynthesis,
276,VIT_06s0004g06480,387,0.1885,CYP71E,E1_14_13_73,,vv10902Monoterpenoid_biosynthesis,
277,VIT_08s0007g01560,389,0.1881,Photoassimilate-responsive protein,,,,
278,VIT_07s0005g02050,390,0.1873,Carboxylic ester hydrolase,E3_1_1_1,,,
279,VIT_05s0020g03290,385,0.1869,S-receptor kinase,,,,
280,VIT_14s0083g00930,381,0.1844,BIM2 (BES1-interacting Myc-like protein 2),BIM2_1,,vv30005Brassinosteroids_signaling,vv60011BHLH
281,VIT_09s0002g02320,381,0.1839,Cell wall apoplastic invertase,E3_2_1_26,,vv10052Galactose_metabolism,vv10500Starch_and_sucrose_metabolism
282,VIT_03s0017g01940,375,0.1820,Unknown,,,,
283,VIT_10s0042g00700,376,0.1817,Leucine-rich repeat receptor-like protein kinase 1,,,,
284,VIT_02s0025g04270<br>VIT_02s0025g04260<br>VIT_02s0025g04230,376,0.1814,
285,VIT_02s0025g04100,374,0.1811,CCR4-NOT transcription complex subunit 2,K12605,,vv23018RNA_degradation,
286,VIT_00s0194g00020,369,0.1782,DNA-directed RNA polymerase II subunit D,K03012,,vv23020RNA_polymerase,
287,VIT_00s0270g00120,368,0.1773,Alpha-amylase/subtilisin inhibitor,E3_2_1_1,,vv10500Starch_and_sucrose_metabolism,
288,VIT_03s0063g02650,365,0.1766,Hydrolase  alpha/beta fold,,,,
289,VIT_07s0104g00210,365,0.1762,Phenazine biosynthesis PhzC/PhzF protein,K06998,,vv10400Phenylalanine_tyrosine_and_tryptophan_biosynthesis,
290,VIT_01s0011g00530,363,0.1757,Ureide permease 2 (AtUPS2),UPS2,,vv50122Porters_cat_7_to_17,
291,VIT_01s0010g03600,360,0.1746,Rubber elongation factor (REF),,,,
292,VIT_19s0014g01850,355,0.1716,Zinc finger (C3HC4-type ring finger),ZFC3HC4_158,,vv60078Other_zf-C3HC4,
293,VIT_00s0254g00040,351,0.1691,Heat shock cognate 70 kDa protein 3 (HSC70-3) (HSP70-3),HSC703,,vv23040Spliceosome,vv24141Protein_processing_in_endoplasmic_reticulum
294,VIT_18s0001g00920<br>VIT_18s0075g00590<br>VIT_18s0001g00850<br>VIT_18s0075g00780<br>VIT_18s0001g00790<br>VIT_18s0001g00730<br>VIT_18s0001g00310<br>VIT_18s0075g00620<br>VIT_18s0075g00540<br>VIT_18s0075g00600<br>VIT_18s0075g00580<br>VIT_00s0481g00020<br>VIT_18s0001g00930,342,0.1657,
295,VIT_04s0008g05540,342,0.1654,Clathrin assembly protein 2,CAP2,,vv50110Protein_coat,
296,VIT_05s0049g00920,336,0.1624,Inorganic phosphate transporter 1-4,PHT1_4,,vv50121Porters_cat_1_to_6,
297,VIT_19s0015g01100,335,0.1613,Peptidyl-prolyl cis-trans isomerase  FKBP-type,K01802,,,
298,VIT_01s0146g00320,330,0.1592,No hit,,,,
299,VIT_08s0007g00620,321,0.1557,Zinc finger (DHHC type),ZFDHHC_8,,vv60079Other_zf-DHHC,
300,VIT_13s0019g03990,318,0.1547,Unknown protein,,,,
301,VIT_16s0039g01070,319,0.1537,Glutathione S-transferase 25 GSTU7,E2_5_1_18_GSTU7,,vv10480Glutathione_metabolism,
302,VIT_09s0002g06900,314,0.1530,NtEIG-A1,,,,
303,VIT_05s0124g00450,316,0.1525,Unknown protein,,,,
304,VIT_08s0007g08480,303,0.1459,Zinc proteinase,,,,
305,VIT_10s0116g01200,302,0.1457,WRKY DNA-binding protein 6,WRKY6_1,VvWRKY29,vv60066WRKY,
306,VIT_19s0027g00860,303,0.1455,NAC domain-containing protein 42,NAC042_2,VvNAC31,vv60046NAC,
307,VIT_18s0117g00290,301,0.1451,Coatomer protein complex  subunit beta 2,COPB2,,vv50110Protein_coat,
308,VIT_07s0104g01160,299,0.1442,Substrate carrier   Mitochondrial,K03454,,vv50123Porters_cat_18_to_29,
309,VIT_12s0028g00610,292,0.1418,Aspartyl protease,E3_4_23_x,,,
310,VIT_00s0586g00020,290,0.1392,Unknown protein,,,,
311,VIT_17s0000g00200,287,0.1388,Ethylene-responsive transcription factor ERF114,ERF114_1,VvERF118,vv30008Ethylene_signaling,vv60003AP2_EREBP
312,VIT_14s0060g02320,280,0.1359,Respiratory burst oxidase protein B (ATRBOHB),RBOHB,,vv34626Plant-pathogen_interaction,vv50105Transport_electron_carriers
313,VIT_16s0050g02230,280,0.1357,Chitinase [Vitis vinifera],E3_2_1_14,,vv10530Aminosugars_metabolism,
314,VIT_09s0002g00890,278,0.1351,Jasmonate ZIM-domain protein 1,JAZ1_2,,vv30011Jasmonate_signaling,vv60069ZIM
315,VIT_02s0025g02240,277,0.1327,WD-40 repeat,,,,
316,VIT_18s0001g04490,273,0.1326,Germacrene-D synthase,E4_2_3_22,,vv10900Terpenoid_biosynthesis,
317,VIT_01s0150g00120,273,0.1324,Ethylene-responsive transcription factor ERF114,ERF114_2,VvERF112,vv30008Ethylene_signaling,vv60003AP2_EREBP
318,VIT_02s0033g00790,273,0.1318,Nitrilase 4B,E3_5_5_1,,vv10460Cyanoamino_acid_metabolism,vv10910Nitrogen_metabolism
319,VIT_10s0405g00020,270,0.1316,Mo25,K08272,,vv34150mTOR_signaling_pathway,
320,VIT_02s0025g02770,269,0.1312,Glucan endo-1 3-beta-glucosidase 7 precursor,E3_2_1_39,,vv10500Starch_and_sucrose_metabolism,
321,VIT_08s0007g02810,272,0.1310,Regulator of the ATPase vacuolar RAV2,RAV2,VvRAV5,vv60001ABI3VP1,
322,VIT_18s0075g00530,265,0.1280,Laccase,E1_10_3_2,,vv11000Single_reactions,vv50109Incompletely_characterized_transport_systems
323,VIT_15s0021g02060,263,0.1264,Arbutin synthase,E2_4_1_218,,vv10500Starch_and_sucrose_metabolism,
324,VIT_10s0003g03790,259,0.1255,Jasmonate ZIM domain-containing protein 8,JAZ8_2,,vv30011Jasmonate_signaling,vv60069ZIM
325,VIT_19s0090g00060,259,0.1248,Biopterin transport-related protein BT1,BIOPTERIN,,vv50125Porters_cat_66_to_94,
326,VIT_06s0061g00120,257,0.1245,Beta-1 3-glucanase [Vitis riparia],E3_2_1_6,,,
327,VIT_17s0000g08210,257,0.1233,Zinc finger (C3HC4-type ring finger),ZFC3HC4_103,,vv60078Other_zf-C3HC4,
328,VIT_05s0020g03440,254,0.1229,Photosystem II 11 kDa protein PSB27,K08902,,vv10195Photosynthesis,vv50135Primary_active_transporter_cat_D3_to_E2
329,VIT_13s0073g00240,253,0.1220,Glycosyl transferase family 1,,,,
330,VIT_08s0007g05830,249,0.1205,No hit,,,,
331,VIT_01s0011g04780,247,0.1200,Unknown protein,,,,
332,VIT_04s0044g00120,247,0.1194,Kinase,,,,
333,VIT_16s0039g00350,246,0.1190,Unknown protein,,,,
334,VIT_02s0234g00130,244,0.1181,Ethylene responsive element binding factor 1,ERF1_9,VvERF076,vv30008Ethylene_signaling,vv30011Jasmonate_signaling
335,VIT_03s0088g00710,243,0.1177,Pathogenesis-related protein 1 precursor (PRP 1),PRP1,,vv30011Jasmonate_signaling,vv34626Plant-pathogen_interaction
336,VIT_14s0108g00540,239,0.1157,Phosphofructokinase,E2_7_1_90,,vv10051Fructose_and_mannose_metabolism,
337,VIT_17s0000g06690,239,0.1155,Unknown,,,,
338,VIT_07s0005g03760,238,0.1152,Phytochelatin synthase 1 (PCS1),E2_3_2_15,,vv10251Glutamate_metabolism,
339,VIT_09s0002g04720,236,0.1143,Coatomer protein complex  subunit beta 2,COPB2,,vv50110Protein_coat,
340,VIT_01s0146g00480,235,0.1134,TIFY 9 (Jasmonate ZIM domain-containing protein 10),JAZ10,,vv30011Jasmonate_signaling,vv60069ZIM
341,VIT_03s0088g00690,235,0.1133,Pathogenesis-related protein 1 precursor (PRP 1),PRP1,,vv30011Jasmonate_signaling,vv34626Plant-pathogen_interaction
342,VIT_18s0076g00380,234,0.1132,ABC transporter F member 6,ABCF6,,vv52010ABC_transporters,
343,VIT_12s0057g01440,235,0.1132,Heavy-metal-associated domain-containing protein,,,,
344,VIT_03s0091g00160,233,0.1127,NtPRp27 secretory protein,,,,
345,VIT_19s0015g00290,233,0.1120,No hit,,,,
346,VIT_19s0085g00390,225,0.1091,Unknown protein,,,,
347,VIT_07s0031g01710,226,0.1090,WRKY DNA-binding protein 51,WRKY51_3,VvWRKY22,vv60066WRKY,
348,VIT_14s0219g00070,222,0.1076,Zinc finger (C2H2 type) family,C2H2FAM_25,,vv60017C2H2,
349,VIT_01s0011g01810,221,0.1061,No hit,,,,
350,VIT_19s0014g04080,218,0.1051,Serine/threonine-protein kinase receptor ARK3,,,,
351,VIT_15s0046g00440,205,0.0998,Phosphatidylinositol 3- and 4-kinase / ubiquitin,,,,
352,VIT_13s0156g00580,204,0.0990,S-receptor kinase,,,,
353,VIT_13s0047g00540,203,0.0988,Cinnamyl alcohol dehydrogenase,E1_1_1_195,,vv10940Phenylpropanoid_biosynthesis,
354,VIT_03s0091g00130,200,0.0969,Prp27,,,,
355,VIT_14s0083g00080,195,0.0938,Unknown protein,,,,
356,VIT_18s0001g11230,192,0.0927,OSB1 (organellar single-stranded),,,,
357,VIT_03s0038g02150,184,0.0892,Unknown,,,,
358,VIT_16s0050g00480,180,0.0869,CYP715A1,,,,
359,VIT_07s0005g02560,179,0.0866,Chitinase Class I,E3_2_1_14,,vv10530Aminosugars_metabolism,
360,VIT_10s0003g00150,178,0.0865,NSL1 (necrotic spotted lesions 1),,,,
361,VIT_00s0194g00140,175,0.0843,Agenet domain-containing protein,,,,
362,VIT_19s0014g01020,172,0.0836,Protein transport protein Sec61 subunit alpha,K10956,,vv23060Protein_export,vv24141Protein_processing_in_endoplasmic_reticulum
363,VIT_17s0119g00070,169,0.0818,Unknown protein,,,,
364,VIT_19s0085g01200,166,0.0807,CTP synthase,E6_3_4_2,,vv10240Pyrimidine_metabolism,
365,VIT_17s0000g00650,166,0.0802,No hit,,,,
366,VIT_03s0088g00720,166,0.0802,Pathogenesis-related protein 1 precursor (PRP 1),PRP1,,vv30011Jasmonate_signaling,vv34626Plant-pathogen_interaction
367,VIT_17s0000g04360,164,0.0792,Wall-associated kinase 2 (WAK2),,,,
368,VIT_03s0063g01780,164,0.0790,Extra-large G-protein (XLG1),,,,
369,VIT_15s0046g01850,164,0.0787,Syntaxin of plants SYP7,K08506,,vv24130SNARE_interactions_in_vesicular_transport,
370,VIT_19s0015g01070,161,0.0777,Calcineurin B,E3_1_3_16,,,
371,VIT_16s0013g00070<br>VIT_16s0039g02840<br>VIT_16s0013g00810,159,0.0770,
372,VIT_09s0002g09110,159,0.0768,No hit,,,,
373,VIT_12s0059g00170,160,0.0767,GCN5 N-acetyltransferase (GNAT),GCN5_16,,vv60082GNAT,
374,VIT_12s0055g01280,157,0.0759,Brassinosteroid insensitive 1-associated receptor kinase 1,BAK1,,vv30005Brassinosteroids_signaling,vv34626Plant-pathogen_interaction
375,VIT_03s0017g00650,157,0.0759,GTP cyclohydrolase II,E3_5_4_25,,vv10740Riboflavin_metabolism,
376,VIT_17s0000g04750,156,0.0753,UDP-glycosyltransferase 89B2,E2_4_1_17,,vv10040Pentose_glucuronate_interconversion,vv10500Starch_and_sucrose_metabolism
377,VIT_05s0020g03680,156,0.0750,GCN5 N-acetyltransferase (GNAT),GCN5_7,,vv60082GNAT,
378,VIT_14s0128g00690,155,0.0749,Germin protein 3,,,,
379,VIT_18s0001g04870,152,0.0736,(-)-germacrene D synthase,E4_2_3_22,,vv10900Terpenoid_biosynthesis,
380,VIT_07s0104g00300,151,0.0735,Hemolysin,K06442,,vv50109Incompletely_characterized_transport_systems,
381,VIT_00s0413g00010,150,0.0726,Laccase (diphenol oxidase) family protein,E1_10_3_2,,vv11000Single_reactions,vv50109Incompletely_characterized_transport_systems
382,VIT_10s0003g05250,150,0.0722,Germin-like protein,,,,
383,VIT_04s0008g00640,147,0.0713,Epsin N-terminal homology (ENTH) domain-containing,ENTH,,vv50110Protein_coat,
384,VIT_01s0026g02250,146,0.0707,Haloacid dehalogenase hydrolase,E3_1_3_18,,vv10630Glyoxylate_and_dicarboxylate_metabolism,
385,VIT_08s0056g00040,145,0.0705,WD-40 repeat protein,,,,
386,VIT_18s0166g00070,145,0.0704,No hit,,,,
387,VIT_01s0026g02640,142,0.0687,UbiE/COQ5 methyltransferase,K06127,,vv10130Ubiquinone_biosynthesis,
388,VIT_14s0060g02170,142,0.0685,Glutathione S-transferase GSTU8,E2_5_1_18_GSTU8,,vv10480Glutathione_metabolism,
389,VIT_16s0050g02510,140,0.0677,WRKY DNA-binding protein 53,WRKY53_1,VvWRKY51,vv60066WRKY,
390,VIT_09s0002g00510,138,0.0667,Lipase GDSL 1,,,,
391,VIT_03s0091g00380,131,0.0639,Thioredoxin domain-containing protein 9,,,,
392,VIT_01s0011g03310,132,0.0639,Unknown protein,,,,
393,VIT_18s0001g00080,128,0.0623,Laccase,E1_10_3_2,,vv11000Single_reactions,vv50109Incompletely_characterized_transport_systems
394,VIT_04s0008g05970,124,0.0600,Unknown protein,,,,
395,VIT_08s0007g05350,124,0.0599,Haloacid dehalogenase hydrolase,E3_1_3_18,,vv10630Glyoxylate_and_dicarboxylate_metabolism,
396,VIT_18s0117g00080,120,0.0581,R protein L6,K13477,,vv34627R_proteins_from_Plant-pathogen_interaction,
397,VIT_19s0014g04180,120,0.0581,Curculin (mannose-binding) lectin,,,,
398,VIT_17s0000g03100,119,0.0576,Protein phosphatase 2C,E3_1_3_16,,,
399,VIT_06s0004g05110,118,0.0573,Unknown,,,,
400,VIT_07s0104g00440,117,0.0565,Endo-1 3;1 4-beta-D-glucanase precursor,E3_2_1_73,,,
401,VIT_06s0009g01810,111,0.0538,APK2A (protein kinase 2A),,,,
402,VIT_16s0050g02530,112,0.0538,Myb Triptychon,TRIPTYCHON_1,,vv44110Cell_cycle,vv60045MYBrelated
403,VIT_15s0048g01080,111,0.0534,Unknown,,,,
404,VIT_13s0019g01810,109,0.0529,Scarecrow transcription factor 14 (SCL14),SCL14_3,,vv60032GRAS,
405,VIT_01s0011g05230,109,0.0527,GTPase activating protein,,,,
406,VIT_03s0063g01330,109,0.0525,Nodulin 1A  senescence-associated,,,,
407,VIT_00s1278g00010,108,0.0524,Brassinosteroid insensitive 1-associated receptor kinase 1,BAK1,,vv30005Brassinosteroids_signaling,
408,VIT_14s0128g00940,108,0.0520,No hit,,,,
409,VIT_18s0117g00030,100,0.0484,No hit,,,,
410,VIT_11s0016g02360,100,0.0482,TET2 (tetraspanin2),,,,
411,VIT_18s0001g05760,99,0.0480,No hit,,,,
412,VIT_14s0128g00540<br>VIT_14s0128g00570<br>VIT_14s0128g00600,99,0.0479,
413,VIT_03s0063g01280<br>VIT_03s0063g01160,97,0.0470,
414,VIT_08s0007g08750,97,0.0467,Heat shock transcription factor B3,HSFB3,,vv60037HSF,
415,VIT_13s0019g02320,96,0.0463,No hit,,,,
416,VIT_07s0031g01120,94,0.0454,Ascorbate oxidase,E1_10_3_3,,vv10053Ascorbate_and_aldarate_metabolism,vv50109Incompletely_characterized_transport_systems
417,VIT_17s0000g06390,94,0.0453,Pentatricopeptide (PPR) repeat-containing protein,,,,
418,VIT_05s0020g03280,94,0.0452,Copper amine oxidase,E1_4_3_4,,vv10220Urea_cycle_and_metabolism_of_amino_groups,vv10340Histidine_metabolism
419,VIT_00s0203g00100,92,0.0447,AarF domain-containing kinase ABC1,K08869,,,
420,VIT_05s0062g00790,91,0.0441,NSL1 (necrotic spotted lesions 1),,,,
421,VIT_03s0091g00580,90,0.0435,Protein Mpv17,K13348,,vv44146Peroxisome,
422,VIT_14s0108g00930,88,0.0426,Unknown protein,,,,
423,VIT_05s0051g00140,87,0.0422,RRS1 (resistant to ralstonia solanacearum 1),RRS1,,vv34627R_proteins_from_Plant-pathogen_interaction,
424,VIT_05s0049g01200,87,0.0419,S-locus lectin protein kinase,,,,
425,VIT_02s0025g02940,86,0.0418,Caffeic acid O-3-methyltransferase,E2_1_1_68,,vv10940Phenylpropanoid_biosynthesis,
426,VIT_03s0063g00400,85,0.0413,Alpha-amylase / 1 4-alpha-D-glucan glucanohydrolase,E3_2_1_1,,vv10500Starch_and_sucrose_metabolism,
427,VIT_19s0090g01290,85,0.0411,Serine/threonine-protein phosphatase PP-X isozyme 2,K01090,,,
428,VIT_19s0014g03030,83,0.0403,No hit,,,,
429,VIT_16s0039g00740,82,0.0397,Histone-lysine N-methyltransferase ASHH3,E2_1_1_43ASHH3_1,,vv10300Lysine_biosynthesis,vv60056SET_PCG
430,VIT_08s0007g05580,78,0.0379,Embryo-abundant protein,,,,
431,VIT_06s0004g04950,77,0.0373,Scarecrow-like transcription factor 14 SCL14,SCL14_11,,vv60032GRAS,
432,VIT_07s0104g01400,74,0.0360,Glutaredoxin,,,,
433,VIT_03s0038g00920,74,0.0357,Carbohydrate kinase  PfkB,E2_7_1_15,,vv10030Pentose_phosphate,
434,VIT_03s0088g00780,73,0.0354,Pathogenesis-related protein 1 precursor (PRP 1),PRP1,,vv30011Jasmonate_signaling,vv34626Plant-pathogen_interaction
435,VIT_17s0000g04760,73,0.0351,UDP-glycosyltransferase 89B2,E2_4_1_17,,vv10040Pentose_glucuronate_interconversion,vv10500Starch_and_sucrose_metabolism
436,VIT_01s0010g02450,71,0.0343,B12D,,,,
437,VIT_00s0207g00110,71,0.0342,Antigen receptor,,,,
438,VIT_01s0010g02200,70,0.0340,Zinc finger (C3HC4-type ring finger),ZFC3HC4_67,,vv60078Other_zf-C3HC4,
439,VIT_07s0151g01070,69,0.0335,Copalyl diphosphate synthase,E5_5_1_12,,vv10904Diterpenoid_biosynthesis,
440,VIT_18s0001g05060,69,0.0334,2 3-bisphosphoglycerate-dependent phosphoglycerate mutase,E5_4_2_1,,vv10010Glycolysis,
441,VIT_12s0055g01160,68,0.0328,Brassinosteroid insensitive 1-associated receptor kinase 1,BAK1,,vv30005Brassinosteroids_signaling,vv34626Plant-pathogen_interaction
442,VIT_15s0048g00620,67,0.0323,No hit,,,,
443,VIT_09s0002g05570,64,0.0311,ABC transporter g family pleiotropic drug resistance 12 PDR12,ABCGPDR12,,vv52010ABC_transporters,
444,VIT_19s0014g00830,64,0.0309,RKF1 (receptor-like kinase in flowers 1),,,,
445,VIT_05s0020g01600,61,0.0294,Unknown protein,,,,
446,VIT_18s0117g00050,60,0.0294,R protein L6,K13477,,vv34627R_proteins_from_Plant-pathogen_interaction,
447,VIT_14s0108g01300,60,0.0294,Division regulator MinE  Plastid,MINE1,,vv44110Cell_cycle,
448,VIT_01s0010g03680,60,0.0292,Unknown protein,,,,
449,VIT_03s0063g01790,60,0.0290,Transducin protein,,,,
450,VIT_10s0071g00230,60,0.0288,HcrVf1 protein,,,,
451,VIT_08s0040g03040,59,0.0287,Glutathione S-transferase GSTO1,E2_5_1_18_GSTO1,,vv10480Glutathione_metabolism,
452,VIT_07s0031g00130,59,0.0286,Kinesin protein FRA1 (fragile fiber 1),FRA1,,vv44810Regulation_of_actin_cytoskeleton,
453,VIT_00s0349g00020,59,0.0286,Unknown protein,,,,
454,VIT_18s0117g00300,59,0.0286,Coatomer protein complex  subunit beta 2,COPB2,,vv50110Protein_coat,
455,VIT_06s0009g02590,59,0.0286,Pectinesterase family,E3_1_1_11,,vv40006Cell_wall,
456,VIT_02s0033g00920,59,0.0285,No hit,,,,
457,VIT_06s0009g02560,59,0.0284,Pectinesterase family,E3_1_1_11,,vv40006Cell_wall,
458,VIT_15s0046g02430,58,0.0281,Dual specificity protein phosphatase,,,,
459,VIT_10s0003g01170,58,0.0281,Basic helix-loop-helix (bHLH) family,BHLHDOM_92,,vv60011BHLH,
460,VIT_18s0166g00260,57,0.0276,No hit,,,,
461,VIT_13s0064g01470,57,0.0274,Urophorphyrin III methylase,E2_1_1_107,,vv10860Porphyrin_and_chlorophyll_metabolism,
462,VIT_02s0025g01140,57,0.0274,No hit,,,,
463,VIT_02s0109g00390,56,0.0270,N-hydroxycinnamoyl/benzoyltransferase 5,,,,
464,VIT_06s0004g03620,56,0.0270,MAPK MPK13,MPK13,,,
465,VIT_04s0008g01380,56,0.0270,Unknown protein,,,,
466,VIT_19s0135g00010,55,0.0268,Ureide permease 2 (AtUPS2),UPS2,,vv50122Porters_cat_7_to_17,
467,VIT_14s0060g00110,55,0.0266,Glutamyl-tRNA synthetase  cytoplasmic,E6_1_1_17,,vv10860Porphyrin_and_chlorophyll_metabolism,vv20970Aminoacyl-tRNA_biosynthesis
468,VIT_01s0011g03830,55,0.0265,Metallo-beta-lactamase,E3_5_2_6,,vv10311Penicillin_and_cephalosporin_biosynthesis,
469,VIT_16s0100g00870,55,0.0265,No hit,,,,
470,VIT_18s0117g00550,55,0.0263,Laccase,E1_10_3_2,,vv11000Single_reactions,vv50109Incompletely_characterized_transport_systems
471,VIT_02s0025g02920,54,0.0262,Quercetin 3-O-methyltransferase 1,E2_1_1_76,,vv10941Flavonoid_biosynthesis,
472,VIT_11s0016g01660,53,0.0257,Phenylalanine ammonia-lyase,E4_3_1_5,,vv10350Tyrosine_metabolism,vv10360Phenylalanine_metabolism
473,VIT_09s0002g04070,51,0.0246,Unknown protein,,,,
474,VIT_14s0060g02690,50,0.0243,Germin-like protein 3 [Vitis vinifera],,,,
475,VIT_10s0003g02190,50,0.0243,Nodulin MtN3 family,,,,
476,VIT_15s0048g01470,49,0.0236,Geraniol 10-hydroxylase,G10H,,vv10902Monoterpenoid_biosynthesis,
477,VIT_08s0056g00300,49,0.0236,Unknown,,,,
478,VIT_03s0038g00800,48,0.0233,NADP-dependent D-sorbitol-6-phosphate dehydrogenase,E1_1_1_140,,vv10051Fructose_and_mannose_metabolism,
479,VIT_01s0010g02350,47,0.0225,Protein phosphatase 2 (formerly 2A)  regulatory subunit B',K11584,,vv23015mRNA_surveillance_pathway,
480,VIT_02s0012g01020,46,0.0222,Zinc finger (C3HC4-type ring finger),ZFC3HC4_174,,vv60078Other_zf-C3HC4,
481,VIT_17s0000g03600,45,0.0220,ATSYTE/NTMC2T3.1/NTMC2TYPE3.1/SYTE,NTMC2T3_1,,vv50109Incompletely_characterized_transport_systems,
482,VIT_05s0062g00990,45,0.0216,Aldo/keto reductase AKR,E1_1_1_21,,vv10040Pentose_glucuronate_interconversion,vv10051Fructose_and_mannose_metabolism
483,VIT_17s0000g01650,44,0.0213,Cyclopropyl isomerase,E5_5_1_9,,vv10100Biosynthesis_of_steroids,
484,VIT_12s0034g01950<br>VIT_12s0034g01870<br>VIT_12s0034g01920<br>VIT_12s0034g01930<br>VIT_12s0034g01890<br>VIT_12s0034g01910,44,0.0213,
485,VIT_09s0002g04150,44,0.0212,Isochorismatase protein rutB,E3_3_2_1,,vv10130Ubiquinone_biosynthesis,
486,VIT_16s0098g00460,43,0.0209,Lipase class 3,,,,
487,VIT_08s0040g02730,43,0.0208,Exocyst subunit EXO70 H4,EXO70H4,,vv50111Tethering_factors,
488,VIT_01s0026g02590,43,0.0208,Calcium-binding protein CML,K13448,,vv34626Plant-pathogen_interaction,
489,VIT_10s0003g01160,43,0.0207,Basic helix-loop-helix (bHLH) family,BHLHDOM_23,,vv60011BHLH,
490,VIT_06s0009g00210,42,0.0204,Calmodulin-binding region IQ5,,,,
491,VIT_13s0067g02940,42,0.0204,Amidohydrolase 3,,,,
492,VIT_05s0094g00170,42,0.0204,Protein transport protein Sec61 subunit beta,K09481,,vv23060Protein_export,vv24141Protein_processing_in_endoplasmic_reticulum
493,VIT_17s0000g03560,42,0.0203,(myb domain protein 62,MYB62_1,MYB164,vv60044MYB,
494,VIT_05s0020g03240,41,0.0199,S-receptor kinase,,,,
495,VIT_00s2648g00010,41,0.0199,FAD-dependent pyridine nucleotide-disulphide oxidoreductase,,,,
496,VIT_11s0016g04880,41,0.0198,Salt-inducible protein kinase,,,,
497,VIT_11s0016g02780,41,0.0198,Myb domain protein 68,MYB68_1,MYB154,vv60044MYB,
498,VIT_18s0001g02770,40,0.0193,Alpha-L-fucosidase 2 precursor,E3_2_1_51,,vv10511N-Glycan_degradation,
499,VIT_10s0116g00960,40,0.0192,Transcription factor jumonji (jmjC) domain-containing protein,JMJD1B_5,,vv60038Jumonji,
500,VIT_18s0001g01110,39,0.0188,Monooxygenase (MO2),,,,
501,VIT_03s0088g00410,38,0.0184,Pyruvate kinase isozyme A  chloroplast precursor,E2_7_1_40,,vv10010Glycolysis,vv10230Purine_metabolism
502,VIT_18s0001g11630,38,0.0184,Allene oxide synthase,E4_2_1_92,,vv10592alpha-Linolenic_acid_metabolism,
503,VIT_18s0117g00600,38,0.0184,Laccase,E1_10_3_2,,vv11000Single_reactions,vv50109Incompletely_characterized_transport_systems
504,VIT_07s0104g00810,38,0.0182,Lipoyltransferase (LIP2p),E2_3_1_181,,vv10061Fatty_acid_biosynthesis,
505,VIT_18s0001g12500,37,0.0180,Unknown protein,,,,
506,VIT_00s0179g00370,37,0.0179,ESCRT-I complex subunit TSG101,VPS23,,vv50111Tethering_factors,
507,VIT_19s0027g00380,35,0.0169,Amine oxidase,E1_4_3_4,,vv10220Urea_cycle_and_metabolism_of_amino_groups,vv10340Histidine_metabolism
508,VIT_01s0127g00490,35,0.0169,Pantothenate kinase 2,E2_7_1_33,,vv10770Pantothenate_and_CoA_biosynthesis,
509,VIT_17s0000g06220,34,0.0164,Exostosin,K02366,,vv11030Glycan_structures-biosynthesis1,
510,VIT_14s0066g02090,34,0.0164,AAA-type ATPase,,,,
511,VIT_02s0025g04320,34,0.0164,Thaumatin,,,,
512,VIT_02s0087g01010,34,0.0162,CRK10 (cysteine-rich RLK10),,,,
513,VIT_04s0044g01200,32,0.0155,Auxin-independent growth promoter,,,,
514,VIT_10s0003g04910,32,0.0155,Sinapyl alcohol dehydrogenase,E1_1_1_195,,vv10940Phenylpropanoid_biosynthesis,
515,VIT_07s0031g00780,32,0.0154,Transcriptional factor B3,TFB3_4,,vv60001ABI3VP1,
516,VIT_02s0033g00660<br>VIT_02s0033g00850<br>VIT_02s0033g00870<br>VIT_02s0033g00800,32,0.0154,
517,VIT_17s0000g01560,31,0.0150,Component of oligomeric golgi complex 2,COG2,,vv50111Tethering_factors,
518,VIT_08s0058g01290,31,0.0149,Protein kinase AtSIK,,,,
519,VIT_05s0102g00610,30,0.0146,No hit,,,,
520,VIT_10s0003g01180,30,0.0145,Ketol-acid reductoisomerase,E1_1_1_86,,vv10290Valine_leucine_and_isoleucine_biosynthesis,vv10770Pantothenate_and_CoA_biosynthesis
521,VIT_17s0000g06710,29,0.0141,Leucine-rich repeat transmembrane protein kinase,,,,
522,VIT_04s0008g03500,29,0.0140,Ankyrin,K10380,,vv50108Accessory_factors_involved_in_transport,
523,VIT_16s0022g00700,28,0.0136,Pectinesterase family,E3_1_1_11,,vv40006Cell_wall,
524,VIT_12s0035g01000,28,0.0135,Serine protease inhibitor  serine-type,,,,
525,VIT_01s0011g06140,28,0.0135,Avr9/Cf-9 rapidly elicited protein,,,,
526,VIT_16s0100g00690,28,0.0135,Ankyrin repeat,K10380,,vv50108Accessory_factors_involved_in_transport,
527,VIT_10s0003g04200,27,0.0132,Lipase class 3,,,,
528,VIT_13s0019g01470,27,0.0131,Geranylgeranyltransferase type I beta subunit,E2_5_1_59,,vv10100Biosynthesis_of_steroids,
529,VIT_06s0080g00210,27,0.0131,Histone deacetylase protein (HDA8),HDA08,,vv44110Cell_cycle,
530,VIT_00s0762g00010,27,0.0130,S-locus lectin protein kinase family,,,,
531,VIT_01s0010g01970<br>VIT_01s0010g01980,27,0.0130,
532,VIT_18s0001g06400,26,0.0126,No hit,,,,
533,VIT_00s0347g00120,26,0.0126,S-locus lectin protein kinase,,,,
534,VIT_18s0001g12090,26,0.0125,Unknown protein,,,,
535,VIT_18s0075g00630,25,0.0121,Laccase,E1_10_3_2,,vv11000Single_reactions,vv50109Incompletely_characterized_transport_systems
536,VIT_15s0048g00570,25,0.0121,No hit,,,,
537,VIT_14s0066g01080,24,0.0117,ADP-ribosylation factor A1B,ARFA1B,,vv50110Protein_coat,
538,VIT_00s2776g00010,23,0.0112,S-locus lectin protein kinase,,,,
539,VIT_09s0002g00370,23,0.0112,Unknown protein,,,,
540,VIT_09s0002g05810,23,0.0111,Boron transporter-like protein 4,BOR4,,vv50124Porters_cat_30_to_64,
541,VIT_01s0010g01950,23,0.0111,Anionic peroxidase,E1_11_1_7,,vv10360Phenylalanine_metabolism,vv10680Methane_metabolism
542,VIT_10s0116g01810,22,0.0106,Unknown protein,,,,
543,VIT_03s0038g02840,22,0.0106,Unknown,,,,
544,VIT_15s0021g01130,21,0.0102,Rho GTPase; Rho GTP binding protein,E3_6_5_1,,,
545,VIT_02s0025g03370,21,0.0102,YDA (YODA),,,,
546,VIT_07s0005g01480,21,0.0102,PMR5 (powdery mildew resistant 5),,,,
547,VIT_17s0053g00750,21,0.0101,Unknown protein,,,,
548,VIT_00s0299g00080,20,0.0097,Unknown,,,,
549,VIT_08s0058g00810,19,0.0093,D-alanine--D-alanine ligase,E6_3_2_4,,vv10252Alanine_and_aspartate_metabolism,
550,VIT_07s0005g04320,19,0.0093,No hit,,,,
551,VIT_03s0063g01310,19,0.0092,Oxidoreductase  2OG-Fe(II) oxygenase family,,,,
552,VIT_17s0000g04370,19,0.0092,Wall-associated kinase,,,,
553,VIT_09s0018g00250,19,0.0092,DNA-3-methyladenine glycosylase I,K01246,,vv23410Base_excision_repair,
554,VIT_14s0081g00540,18,0.0087,No hit,,,,
555,VIT_13s0019g04890,18,0.0087,Shugoshin-1,,,,
556,VIT_00s0375g00050,18,0.0087,No hit,,,,
557,VIT_08s0007g06950,18,0.0087,Disease resistance-responsive,,,,
558,VIT_05s0049g00940,18,0.0087,Inorganic phosphate transporter 1-4,PHT1_4,,vv50121Porters_cat_1_to_6,
559,VIT_05s0049g00490,18,0.0087,Ethylene response factor ERF14,ERF14_2,VvERF109,vv30008Ethylene_signaling,vv60003AP2_EREBP
560,VIT_04s0043g00380,18,0.0087,Unknown protein,,,,
561,VIT_13s0019g01440,18,0.0086,No hit,,,,
562,VIT_06s0009g02570,18,0.0086,Pectinesterase family,E3_1_1_11,,vv40006Cell_wall,
563,VIT_19s0014g02780,18,0.0086,Unknown,,,,
564,VIT_00s0748g00020,17,0.0083,Receptor kinase RK20-1,,,,
565,VIT_14s0083g00460,17,0.0082,Tryptophan synthase beta chain 2,E4_2_1_20,,vv10400Phenylalanine_tyrosine_and_tryptophan_biosynthesis,
566,VIT_07s0031g02320,17,0.0082,Leaf senescence protein,,,,
567,VIT_09s0018g01550,17,0.0082,Trimethylguanosine synthase,K14292,,vv23013RNA_transport,
568,VIT_05s0077g01680,16,0.0078,Mal d 1 allergen,,,,
569,VIT_12s0035g02210,16,0.0078,Unknown protein,,,,
570,VIT_05s0020g01080,15,0.0073,Unknown,,,,
571,VIT_10s0042g01200,15,0.0073,ARGONAUTE 2 (AGO2),,,,
572,VIT_07s0031g02720,15,0.0073,Myosin heavy chain,K10352,,vv44810Regulation_of_actin_cytoskeleton,
573,VIT_06s0004g01630,15,0.0073,Transcription factor jumonji (jmjC) domain-containing protein,JMJD5,,vv60038Jumonji,
574,VIT_02s0025g00420,15,0.0073,WRKY DNA-binding protein 27,WRKY27_2,VvWRKY04,vv60066WRKY,
575,VIT_16s0050g02220,15,0.0072,Acidic endochitinase (CHIB1),E3_2_1_14,,vv10530Aminosugars_metabolism,
576,VIT_13s0019g04070,13,0.0063,MLO1,K08472,,,
577,VIT_09s0054g00960,13,0.0063,No hit,,,,
578,VIT_13s0106g00780,13,0.0063,Hydrolase  alpha/beta fold,,,,
579,VIT_19s0014g04140,13,0.0063,S-locus protein kinase,,,,
580,VIT_13s0064g01120,13,0.0063,No hit,,,,
581,VIT_14s0083g00260,12,0.0059,No hit,,,,
582,VIT_04s0008g06930,12,0.0058,Transposase  IS4,,,,
583,VIT_16s0098g00560,12,0.0058,SP1L2 (SPIRAL2),SP1L2,,vv44810Regulation_of_actin_cytoskeleton,
584,VIT_05s0020g02080,12,0.0058,Zinc finger (C3HC4-type ring finger),ZFC3HC4_164,,vv60078Other_zf-C3HC4,
585,VIT_16s0022g01800,12,0.0058,RRNA-processing protein EBP2,,,,
586,VIT_00s0448g00020,12,0.0058,R protein  PRF  disease resistance protein,K13453,,vv34627R_proteins_from_Plant-pathogen_interaction,
587,VIT_09s0002g01550,12,0.0058,Lecithine cholesterol acyltransferase,E2_3_1_43,,vv10564Glycerophospholipid_metabolism,
588,VIT_05s0020g01540,12,0.0058,Protein arginine N-methyltransferase,K00599,,vv10340Histidine_metabolism,vv10350Tyrosine_metabolism
589,VIT_01s0011g00480,12,0.0058,Aspartate/glutamate/uridylate kinase,E2_7_2_11,,vv10220Urea_cycle_and_metabolism_of_amino_groups,
590,VIT_17s0000g05810,12,0.0058,WRKY DNA-binding protein 72,WRKY72_2,VvWRKY53,vv60066WRKY,
591,VIT_09s0002g00790,12,0.0058,Beta-ketoacyl-ACP synthase II,E2_3_1_41,,vv10061Fatty_acid_biosynthesis,
592,VIT_02s0025g02930,11,0.0053,Caffeic acid O-3-methyltransferase,E2_1_1_68,,vv10940Phenylpropanoid_biosynthesis,
593,VIT_18s0117g00060,10,0.0048,R protein L6,K13477,,vv34627R_proteins_from_Plant-pathogen_interaction,
594,VIT_07s0005g00680,10,0.0048,Exocyst complex subunit Sec15B,SEC15B,,vv50111Tethering_factors,
595,VIT_07s0031g01380,10,0.0048,ferulate 5-hydroxylase,K09755,,vv10940Phenylpropanoid_biosynthesis,
596,VIT_13s0019g03670,10,0.0048,Unknown protein,,,,
597,VIT_18s0001g04480,10,0.0048,Germacrene-D synthase,E4_2_3_22,,vv10900Terpenoid_biosynthesis,
598,VIT_19s0085g00850,10,0.0048,LEM3 (ligand-effect modulator 3),LEM3,,vv50108Accessory_factors_involved_in_transport,
599,VIT_18s0001g00420,10,0.0048,Laccase,E1_10_3_2,,vv11000Single_reactions,vv50109Incompletely_characterized_transport_systems
600,VIT_14s0036g01060,10,0.0048,Unknown protein,,,,
601,VIT_18s0086g00410,10,0.0048,Auxin-binding protein ABP19,ABP19,,vv30003Auxin_signaling,
602,VIT_18s0001g13240,10,0.0048,Thioredoxin H-type 1,,,,
603,VIT_13s0019g03910,9,0.0044,Unknown,,,,
604,VIT_04s0008g04960,9,0.0044,Pentatricopeptide (PPR) repeat-containing protein,,,,
605,VIT_14s0036g00990,9,0.0044,Polyubiquitin (UBQ4),,,,
606,VIT_18s0001g14420,9,0.0044,Unknown,,,,
607,VIT_19s0014g05110,9,0.0044,Unknown,,,,
608,VIT_17s0000g04850,9,0.0044,OBF binding protein 4,OBP4,,vv60015C2C2-DOF,
609,VIT_14s0068g01300,9,0.0044,Serine palmitoyltransferase,E2_3_1_50,,vv10600Sphingolipid_metabolism,
610,VIT_18s0166g00060,9,0.0044,No hit,,,,
611,VIT_01s0011g05420,9,0.0044,Fw2.2 ORFX,,,,
612,VIT_09s0018g00950,9,0.0044,Laccase,E1_10_3_2,,vv11000Single_reactions,vv50109Incompletely_characterized_transport_systems
613,VIT_00s0479g00010,9,0.0044,Protein kinase 6,,,,
614,VIT_04s0008g03770,9,0.0043,Aspartate aminotransferase P1,E2_6_1_1,vv10710Carbon_fixation,vv10252Alanine_and_aspartate_metabolism,vv10272Cysteine_metabolism
615,VIT_19s0014g02850,9,0.0043,Dynein light subunit lc6  flagellar outer arm,K10418,,vv44810Regulation_of_actin_cytoskeleton,
616,VIT_12s0028g01410,9,0.0043,Heat shock transcription factor A4A,HSFA4A_3,,vv60037HSF,
617,VIT_05s0094g00200,9,0.0043,Chitinase class IV,E3_2_1_14,,vv10530Aminosugars_metabolism,
618,VIT_13s0019g01010,9,0.0043,ABA2 (ABA deficient 2),E1_1_1_288,,vv10906Carotenoid_biosynthesis,vv11013ABA_biosynthesis
619,VIT_16s0039g01870,9,0.0043,Protein kinase,,,,
620,VIT_04s0008g01240,9,0.0043,SAG18 (Senescence associated gene 18),,,,
621,VIT_11s0149g00280,9,0.0043,Chitinase A,E3_2_1_14,,vv10530Aminosugars_metabolism,
622,VIT_00s2785g00010,8,0.0038,Calmodulin-binding protein,,,,
623,VIT_00s0179g00250,7,0.0034,No hit,,,,
624,VIT_17s0000g08200,7,0.0034,Phosphoglycerate/bisphosphoglycerate mutase,E5_4_2_1,,vv10010Glycolysis,
625,VIT_08s0058g00880,7,0.0034,Class E vacuolar protein-sorting machinery protein HSE1,HSE1,,vv50111Tethering_factors,
626,VIT_16s0013g01500,7,0.0034,Disease resistance protein,,,,
627,VIT_18s0001g05000<br>VIT_18s0001g04780<br>VIT_18s0001g04120,7,0.0034,
628,VIT_07s0104g01660,7,0.0034,HAK5 (High affinity K+ transporter 5),HAK5,,vv50125Porters_cat_66_to_94,
629,VIT_04s0008g07250,7,0.0034,Aspartyl protease,E3_4_23_x,,,
630,VIT_18s0075g00670,7,0.0034,Laccase,E1_10_3_2,,vv11000Single_reactions,vv50109Incompletely_characterized_transport_systems
631,VIT_06s0009g00970,7,0.0034,Thylakoid lumenal P17.1 protein,,,,
632,VIT_04s0044g00400,7,0.0034,MTN21,MTN21,,vv50122Porters_cat_7_to_17,
633,VIT_07s0005g00260,7,0.0034,Glutathione-conjugate transporter (MRP10),MRP10,,vv52010ABC_transporters,
634,VIT_01s0011g04210,6,0.0029,Amino acid permease,AAPREL,,vv50123Porters_cat_18_to_29,
635,VIT_12s0055g00800,6,0.0029,Arachidonic acid-induced DEA1,,,,
636,VIT_17s0000g00800,6,0.0029,Zinc finger (DHHC type),ZFDHHC_11,,vv60079Other_zf-DHHC,
637,VIT_00s0347g00070,6,0.0029,S-locus lectin protein kinase,,,,
638,VIT_06s0004g00610,6,0.0029,Accelerated cell death 1 ACD1,ACD1,,vv50133Primary_active_transporter_cat_A9_to_A18,
639,VIT_07s0031g01760,6,0.0029,Chloroplast lumen common family protein,,,,
640,VIT_08s0007g00780,6,0.0029,One helix protein (OHP),,,,
641,VIT_11s0118g00040,6,0.0029,Receptor Like Protein 9,,,,
642,VIT_07s0031g02420,6,0.0029,F-box domain containing protein,,,,
643,VIT_00s0179g00260,6,0.0029,Calcium-transporting ATPase 12 ACA12,K01537,,vv34020Calcium_signaling_pathway,vv50131Primary_active_transporter_cat_A2_to_A4
644,VIT_15s0021g02470,6,0.0029,Epoxide hydrolase-like protein,E3_3_2_10,,,
645,VIT_13s0064g01110,6,0.0029,No hit,,,,
646,VIT_19s0014g04280,6,0.0029,S-locus protein kinase,,,,
647,VIT_06s0009g02020,6,0.0029,Tubulin beta-4 chain,K07375,,vv44145Phagosome,vv44810Regulation_of_actin_cytoskeleton
648,VIT_09s0096g00130,6,0.0029,Pirin,K06911,,,
649,VIT_15s0046g02750,6,0.0029,R protein  PRF  disease resistance protein,K13453,,vv34627R_proteins_from_Plant-pathogen_interaction,
650,VIT_01s0011g02390,6,0.0029,Unknown,,,,
651,VIT_00s0743g00020,6,0.0029,S-locus lectin protein kinase,,,,
652,VIT_05s0020g03190,6,0.0029,Haloacid dehalogenase hydrolase,E3_1_3_18,,vv10630Glyoxylate_and_dicarboxylate_metabolism,
653,VIT_14s0128g00390,6,0.0029,Mitochondrial FAD carrier,MFADC,,vv50123Porters_cat_18_to_29,
654,VIT_01s0011g01760,6,0.0029,Lectin,,,,
655,VIT_12s0134g00100,6,0.0029,Ribosomal protein L8 (RPL8C) 60S,K02938,,vv23010Ribosome,
656,VIT_16s0098g00720,6,0.0029,Lectin protein kinase,,,,
657,VIT_10s0003g04510,6,0.0029,Ankyrin,K10380,,,
658,VIT_02s0033g01320,6,0.0029,Amino acid permease,AAPREL,,vv50123Porters_cat_18_to_29,
659,VIT_03s0091g00150,6,0.0029,NtPRp27 secretory protein,,,,
660,VIT_01s0026g00210,6,0.0029,Aldehyde dehydrogenase (NAD+),E1_2_1_3,vv10561Glycerolipid_metabolism,vv10010Glycolysis,vv10071Fatty_acid_metabolism
661,VIT_03s0088g00450,6,0.0029,FKBP12-rapamycin complex-associated protein,K07203,,vv34150mTOR_signaling_pathway,
662,VIT_17s0000g07560,6,0.0029,EDS1 (Enhanced disease susceptibility 1),EDS1,,vv30011Jasmonate_signaling,
663,VIT_07s0031g03090,6,0.0029,Avr9 elicitor response protein,,,,
664,VIT_01s0026g00690,6,0.0029,RNase H domain-containing protein,K01163,,,
665,VIT_09s0054g00560,6,0.0029,No hit,,,,
666,VIT_04s0023g01270,6,0.0029,Transporter-related,TRANSPORTERUNK,,vv50109Incompletely_characterized_transport_systems,
667,VIT_14s0066g02000,4,0.0019,Matrix metalloproteinase,,,,
668,VIT_13s0067g01270,4,0.0019,Avr9/Cf-9 rapidly elicited protein 284,,,,
669,VIT_00s2634g00010<br>VIT_00s0429g00010,4,0.0019,
670,VIT_15s0048g01400,4,0.0019,Protein kinase,,,,
671,VIT_05s0102g00200,4,0.0019,Unknown protein,,,,
672,VIT_18s0089g00070,3,0.0015,TIR-NBS-LRR-TIR disease resistance protein,,,,
673,VIT_14s0068g02040,3,0.0015,Gda-1,,,,
674,VIT_08s0032g00240,3,0.0015,CYP71A22,E1_14_13_73,,vv10902Monoterpenoid_biosynthesis,
675,VIT_01s0137g00600,3,0.0015,MAP kinase phosphatase (MKP1),,,,
676,VIT_00s0804g00020,3,0.0015,Unknown protein,,,,
677,VIT_06s0009g00370,3,0.0015,U-box domain-containing protein,,,,
678,VIT_08s0007g05950,3,0.0015,Purple acid phosphatase 16 ATPAP16/PAP16,E3_1_3_2,,vv10740Riboflavin_metabolism,
679,VIT_14s0068g01360,3,0.0015,GEM-like protein 5,,,,
680,VIT_08s0007g07390,3,0.0015,Unknown protein,,,,
681,VIT_06s0004g03100,3,0.0015,MLO1,K08472,,,
682,VIT_07s0005g04890,3,0.0015,Glutathione S-transferase 25 GSTU7,E2_5_1_18_GSTU7,,vv10480Glutathione_metabolism,
683,VIT_18s0001g15710,3,0.0015,Electron carrier/ oxidoreductase,,,,
684,VIT_07s0005g01190,3,0.0015,Unknown protein,,,,
685,VIT_08s0007g00850,3,0.0015,EFR (EF-TU receptor),K13428,,vv34626Plant-pathogen_interaction,
686,VIT_01s0182g00020,3,0.0015,Ankyrin repeat family protein,,,,
687,VIT_14s0108g01160,3,0.0015,Latex abundant protein 1,,,,
688,VIT_18s0001g13870,3,0.0015,Calmodulin binding protein,,,,
689,VIT_10s0003g01940,3,0.0015,RKF1 (receptor-like kinase in flowers 1),,,,
690,VIT_17s0000g05680,3,0.0015,Band 7 family,BAND7,,vv50108Accessory_factors_involved_in_transport,
691,VIT_18s0001g04530,3,0.0015,(-)-germacrene D synthase,E4_2_3_22,,vv10900Terpenoid_biosynthesis,
692,VIT_02s0033g00190,3,0.0015,DNA replication licensing factor MCM2,,,,
693,VIT_12s0055g00050<br>VIT_12s0055g00030,3,0.0015,
694,VIT_17s0000g03130,3,0.0015,Unknown protein,,,,
695,VIT_12s0059g00240,3,0.0015,Epoxide hydrolase,E3_3_2_10,,,
696,VIT_06s0004g02030,3,0.0015,Xanthine dehydrogenase/oxidase,E1_17_1_4,,vv10230Purine_metabolism,vv44146Peroxisome
697,VIT_02s0236g00100,3,0.0015,Unknown,,,,
698,VIT_08s0040g00870,3,0.0015,BZIP transcription factor BZIP28,BZIP28,VvbZIP24,vv60012BZIP,
699,VIT_17s0000g06790,3,0.0015,flavin-containing monooxygenase,E1_14_13_8,,vv11000Single_reactions,
700,VIT_17s0000g06880,3,0.0015,Heparanase protein 2 precursor,E3_2_1_31,,vv10040Pentose_glucuronate_interconversion,vv10500Starch_and_sucrose_metabolism
701,VIT_08s0058g00970,3,0.0015,Cationic peroxidase,E1_11_1_7,,vv10360Phenylalanine_metabolism,vv10680Methane_metabolism
702,VIT_02s0087g00770,3,0.0015,ABC transporter E member 1,K06174,,vv52010ABC_transporters,
703,VIT_08s0040g01020,3,0.0015,DNA helicase SNF2 domain-containing protein,SNF2HEL_9,,vv60058SNF2,
704,VIT_09s0054g01080,3,0.0015,Polygalacturonase QRT3,E3_2_1_15,,vv40006Cell_wall,
705,VIT_06s0004g04070,3,0.0015,UDP-galactose transporter 5,UTR5,,vv50122Porters_cat_7_to_17,
706,VIT_04s0008g05210,3,0.0015,BZIP protein HY5 (HY5),HY5_1,VvbZIP10,vv60012BZIP,
707,VIT_04s0023g01170,3,0.0015,Unknown protein,,,,
708,VIT_02s0012g00890,3,0.0015,Unknown protein,,,,
709,VIT_18s0001g06370,3,0.0015,L-ascorbate peroxidase  chloroplast,E1_11_1_11,,vv10053Ascorbate_and_aldarate_metabolism,
710,VIT_11s0037g00400,3,0.0015,Zinc finger (C2H2 type) family,C2H2FAM_28,,vv60017C2H2,
711,VIT_18s0001g13100,3,0.0015,Glycosyl transferase family 1 protein,,,,
712,VIT_06s0009g03810,3,0.0015,ABH1 (ABA hypersensitive 1),K12882,,vv23013RNA_transport,vv23015mRNA_surveillance_pathway
713,VIT_17s0000g02920,3,0.0015,Glutathione S-transferase 25 GSTU7,E2_5_1_18_GSTU7,,vv10480Glutathione_metabolism,
714,VIT_14s0081g00210,3,0.0014,No hit,,,,
715,VIT_18s0001g15120,3,0.0014,Unknown protein,,,,
716,VIT_12s0121g00300,3,0.0014,Brassinosteroid insensitive 1-associated receptor kinase 1,BAK1,,vv30005Brassinosteroids_signaling,vv34626Plant-pathogen_interaction
717,VIT_04s0008g05340,3,0.0014,Bundle-sheath defective protein 2,,,,
718,VIT_10s0003g00480,3,0.0014,Isoflavone methyltransferase/ Orcinol O-methyltransferase 1 oomt1,E2_1_1_46,,vv10943Isoflavonoid_biosynthesis,
719,VIT_18s0117g00180,3,0.0014,CYP71B10,CYP71B10,,vv10940Phenylpropanoid_biosynthesis,
720,VIT_01s0011g03590,3,0.0014,Ribosomal protein L15  chloroplast (CL15) 50S,K02876,,vv23010Ribosome,
721,VIT_12s0057g01430,3,0.0014,Heavy-metal-associated domain-containing protein,,,,
722,VIT_12s0034g01970,3,0.0014,Cupin,,,,
723,VIT_03s0063g00890,3,0.0014,formin-binding protein,FORMINBIND,,vv44810Regulation_of_actin_cytoskeleton,
724,VIT_01s0010g03860,3,0.0014,Unknown,,,,
725,VIT_04s0044g01880,3,0.0014,Auxin Efflux Carrier,AUXEFF,,vv50004Auxin_transport,vv50125Porters_cat_66_to_94
726,VIT_04s0069g00980,3,0.0014,WRKY DNA-binding protein 51,WRKY51_4,VvWRKY12,vv60066WRKY,
727,VIT_09s0054g01260,3,0.0014,No hit,,,,
728,VIT_02s0025g01430,3,0.0014,Zinc finger (C3HC4-type ring finger) family protein ATL1E,ATL1E_1,,vv60078Other_zf-C3HC4,
729,VIT_14s0066g00220,3,0.0014,Elongation factor EF-Tu RABE1B,K02358,,vv34626Plant-pathogen_interaction,
730,VIT_09s0002g05380,3,0.0014,ABC transporter g family pleiotropic drug resistance 12 PDR12,ABCGPDR12,,vv52010ABC_transporters,
731,VIT_18s0072g00790,3,0.0014,RPD1 (root primordium defective 1),,,,
732,VIT_11s0037g00340,3,0.0014,Homoserine kinase (HSK),E2_7_1_39,,vv10260Glycine_serine_and_threonine_metabolism,
733,VIT_14s0128g00610<br>VIT_14s0128g00640,3,0.0014,
734,VIT_18s0041g02260<br>VIT_18s0041g02060,3,0.0014,
735,VIT_14s0068g01000,3,0.0014,Unknown protein,,,,
736,VIT_17s0053g00460,3,0.0014,Pinoresinol-lariciresinol reductase,PLR,,vv10940Phenylpropanoid_biosynthesis,
737,VIT_13s0019g01640,3,0.0014,Unknown protein,,,,
738,VIT_03s0017g01220,3,0.0014,Polyadenylate-binding protein 2,K14396,,vv23015mRNA_surveillance_pathway,
739,VIT_08s0007g06610,3,0.0014,Lectin protein kinase,,,,
740,VIT_09s0002g02570,3,0.0014,No hit,,,,
741,VIT_01s0011g00990,3,0.0014,RPM1 (resistance to p. syringae pv maculicola 1),K13457,,vv34626Plant-pathogen_interaction,
742,VIT_06s0009g00760,3,0.0014,HcrVf1 protein,,,,
743,VIT_01s0011g03560,3,0.0014,fiber protein Fb34,,,,
744,VIT_08s0040g03010,3,0.0014,Pigment defective 149,PDE149,,vv50109Incompletely_characterized_transport_systems,
745,VIT_14s0030g01370,3,0.0014,Methyltransferase type 12,,,,
746,VIT_00s0316g00060,3,0.0014,HcrVf1 protein,,,,
