Vv_m2,2000,1000,VIT_16s0100g00830<br>VIT_16s0100g01120<br>VIT_16s0100g00780<br>VIT_16s0100g00910
rank,node,Fabs,Frel,Functional-annotation,Name-EC-KeggID,Updated-name,Network1,Network2
1,VIT_16s0039g01240<br>VIT_16s0039g01360<br>VIT_16s0039g01130<br>VITisv_009233<br>VIT_16s0039g01100<br>VIT_00s2508g00010<br>VITisv_032212<br>VIT_16s0039g01120<br>VIT_16s0039g01320<br>VIT_00s2849g00010<br>VIT_16s0039g01300<br>VIT_16s0039g01170<br>VIT_16s0039g01280,2069,1.0000,
2,VIT_16s0100g00860<br>VIT_16s0100g00940<br>VIT_16s0100g00800<br>VIT_16s0100g00920<br>VIT_16s0100g00930<br>VIT_16s0100g00810<br>VIT_16s0100g00840<br>VIT_16s0100g00850,2077,1.0000,
3,VIT_16s0100g01200<br>VIT_16s0100g01070,2065,1.0000,
4,VIT_16s0100g01160,2063,1.0000,Stilbene synthase [Vitis vinifera],E2_3_1_95,,vv10940Phenylpropanoid_biosynthesis,
5,VIT_16s0100g00750,2070,1.0000,Stilbene synthase,E2_3_1_95,,vv10940Phenylpropanoid_biosynthesis,
6,VIT_16s0100g01100,2073,0.9976,Stilbene synthase,E2_3_1_95,,vv10940Phenylpropanoid_biosynthesis,
7,VIT_16s0100g00960,2065,0.9976,Stilbene synthase [Vitis pseudoreticulata],E2_3_1_95,,vv10940Phenylpropanoid_biosynthesis,
8,VIT_05s0077g01560,2068,0.9966,Pathogenesis protein 10.3 [Vitis quinquangularis],,,,
9,VIT_16s0100g01010<br>VIT_16s0100g00950<br>VIT_16s0100g01030<br>VIT_16s0100g00990,2052,0.9966,
10,VIT_06s0004g01010,2052,0.9899,Dirigent protein pDIR9,,,,
11,VIT_05s0077g01570,2041,0.9884,Pathogenesis protein 10 [Vitis vinifera],,,,
12,VIT_10s0042g00930<br>VIT_10s0042g00890<br>VIT_10s0042g00870<br>VIT_10s0042g00860<br>VIT_10s0042g00920,2041,0.9865,
13,VIT_19s0014g01370,2029,0.9835,Curculin (mannose-binding) lectin,,,,
14,VIT_04s0044g00220,2026,0.9764,Monooxygenase,,,,
15,VIT_17s0000g03370,1994,0.9647,Calmodulin-binding protein,K02183,,vv34020Calcium_signaling_pathway,vv34626Plant-pathogen_interaction
16,VIT_07s0005g03340,1994,0.9624,Myb domain protein 14,MYB14_2,MYB14,vv60044MYB,
17,VIT_06s0004g01020,1987,0.9585,Dirigent protein,,,,
18,VIT_16s0100g00760,1989,0.9567,Stilbene synthase 2 [Vitis sp. cv. 'Norton'],E2_3_1_95,,vv10940Phenylpropanoid_biosynthesis,
19,VIT_16s0100g00880,1944,0.9441,Stilbene synthase [Vitis pseudoreticulata],E2_3_1_95,,vv10940Phenylpropanoid_biosynthesis,
20,VIT_05s0077g01530,1934,0.9384,Pathogenesis protein 10 [Vitis vinifera],,,,
21,VIT_16s0100g01150,1942,0.9364,Stilbene synthase [Vitis vinifera],E2_3_1_95,,vv10940Phenylpropanoid_biosynthesis,
22,VIT_05s0020g03140,1928,0.9341,Sugar transporter 13,STP13,,vv50121Porters_cat_1_to_6,
23,VIT_05s0077g01550,1936,0.9317,Pathogenesis protein 10.3 [Vitis quinquangularis],,,,
24,VIT_00s0480g00030,1911,0.9188,Polyphenol oxidase,E1_10_3_1,,vv10350Tyrosine_metabolism,vv50109Incompletely_characterized_transport_systems
25,VIT_11s0016g03080,1884,0.9150,Clavata1 receptor kinase (CLV1),,,,
26,VIT_01s0127g00070,1892,0.9109,Nitrate transporter2.5,NRT2_5,,vv50121Porters_cat_1_to_6,
27,VIT_05s0077g01580,1891,0.9091,Pathogenesis protein 10 [Vitis vinifera],,,,
28,VIT_06s0004g01990,1887,0.9081,No hit,,,,
29,VIT_02s0025g04340,1881,0.9065,Osmotin,,,,
30,VIT_01s0011g02320,1867,0.9041,Unknown protein,,,,
31,VIT_16s0100g01060,1867,0.8989,Stilbene synthase,E2_3_1_95,,vv10940Phenylpropanoid_biosynthesis,
32,VIT_16s0100g00770,1860,0.8981,Stilbene synthase,E2_3_1_95,,vv10940Phenylpropanoid_biosynthesis,
33,VIT_06s0004g02010,1840,0.8906,No hit,,,,
34,VIT_06s0004g01030,1825,0.8881,Dirigent protein,,,,
35,VIT_16s0100g01040,1820,0.8861,Stilbene synthase - grape,E2_3_1_95,,vv10940Phenylpropanoid_biosynthesis,
36,VIT_11s0065g00350,1837,0.8857,Trans-cinnamate 4-monooxygenase,E1_14_13_11,,vv10360Phenylalanine_metabolism,vv10940Phenylpropanoid_biosynthesis
37,VIT_12s0028g02530,1842,0.8843,Zinc finger (C3HC4-type ring finger),ZFC3HC4_36,,vv60078Other_zf-C3HC4,
38,VIT_14s0171g00400,1827,0.8822,Lysine histidine transporter 1,LHT1,,vv50123Porters_cat_18_to_29,
39,VIT_16s0100g01130,1813,0.8818,Stilbene synthase [Vitis vinifera],E2_3_1_95,,vv10940Phenylpropanoid_biosynthesis,
40,VIT_02s0236g00120,1801,0.8755,Unknown,,,,
41,VIT_05s0077g01150,1815,0.8730,Beta-1 3-glucanase,E3_2_1_6,,,
42,VIT_13s0074g00570,1800,0.8696,Gamma-aminobutyric acid transporter,GAT1,,vv50123Porters_cat_18_to_29,
43,VIT_00s1212g00020,1808,0.8688,Laccase,E1_10_3_2,,vv11000Single_reactions,vv50109Incompletely_characterized_transport_systems
44,VIT_16s0100g01000,1801,0.8675,Stilbene synthase 4,E2_3_1_95,,vv10940Phenylpropanoid_biosynthesis,
45,VIT_16s0100g01140,1777,0.8576,Stilbene synthase 2,E2_3_1_95,,vv10940Phenylpropanoid_biosynthesis,
46,VIT_16s0100g01190,1775,0.8575,Stilbene synthase [Vitis vinifera],E2_3_1_95,,vv10940Phenylpropanoid_biosynthesis,
47,VIT_18s0001g10180,1747,0.8452,N-hydroxycinnamoyl/benzoyltransferase 3,,,,
48,VIT_10s0042g00840,1751,0.8410,Stilbene synthase [Vitis pseudoreticulata],E2_3_1_95,,vv10940Phenylpropanoid_biosynthesis,
49,VIT_19s0014g01020,1695,0.8208,Protein transport protein Sec61 subunit alpha,K10956,,vv23060Protein_export,vv24141Protein_processing_in_endoplasmic_reticulum
50,VIT_03s0038g03400,1687,0.8177,Endochitinase 1  basic,E3_2_1_14,,vv10530Aminosugars_metabolism,
51,VIT_11s0016g05540,1663,0.8034,Dicyanin,,,,
52,VIT_09s0054g00900,1669,0.8016,Chaperone BCS1 mitochondrial,K08900,,,
53,VIT_07s0141g00890,1671,0.8011,CYP94A1,,,,
54,VIT_08s0007g08750,1643,0.7999,Heat shock transcription factor B3,HSFB3,,vv60037HSF,
55,VIT_00s0301g00090,1650,0.7975,NDA2 (alternative NAD(P)H dehydrogenase 2),K03885,,vv10190Oxidative_phosphorylation,vv50134Primary_active_transporter_cat_D1
56,VIT_12s0059g01380,1643,0.7941,1-aminocyclopropane-1-carboxylate oxidase 1,E1_14_17_4,,vv10640Propanoate_metabolism,vv30008Ethylene_signaling
57,VIT_05s0020g05040,1636,0.7938,Proteinase inhibitor 1 PPI3B2,,,,
58,VIT_05s0077g01690,1642,0.7921,Pathogenesis protein 10 [Vitis vinifera],,,,
59,VIT_14s0068g02150,1632,0.7861,Kelch repeat-containing F-box family protein,,,,
60,VIT_04s0069g01010,1608,0.7768,Harpin-induced protein,,,,
61,VIT_05s0049g01020,1551,0.7525,Myb domain protein 14,MYB14_3,,vv60044MYB,
62,VIT_01s0011g02480,1565,0.7524,Phospholipid-transporting ATPase,K01530,,vv50131Primary_active_transporter_cat_A2_to_A4,
63,VIT_14s0068g01000,1559,0.7484,Unknown protein,,,,
64,VIT_00s0480g00040,1529,0.7397,Polyphenol oxidase II  chloroplast precursor,E1_10_3_1,,vv10350Tyrosine_metabolism,vv50109Incompletely_characterized_transport_systems
65,VIT_16s0050g00400,1518,0.7355,Photoassimilate-responsive protein PAR-1a,,,,
66,VIT_11s0016g03190,1515,0.7329,Unknown,,,,
67,VIT_04s0044g00230,1523,0.7298,Monooxygenase (MO2),,,,
68,VIT_07s0129g01010,1507,0.7287,Unknown,,,,
69,VIT_18s0001g11130,1500,0.7267,Calmodulin-binding protein AR781,,,,
70,VIT_07s0005g02660,1499,0.7263,ABC transporter B member 13,ABCB13,,vv52010ABC_transporters,
71,VIT_11s0078g00290,1500,0.7246,Cinnamate 4-hydroxylase,E1_14_13_11,,vv10360Phenylalanine_metabolism,vv10940Phenylpropanoid_biosynthesis
72,VIT_06s0061g01210,1505,0.7243,Lysine histidine transporter 1,LHT1,,vv50123Porters_cat_18_to_29,
73,VIT_05s0077g01600,1486,0.7179,Pathogenesis protein 10 [Vitis vinifera],,,,
74,VIT_08s0058g00790,1479,0.7162,Secoisolariciresinol dehydrogenase,SIRD,,vv10940Phenylpropanoid_biosynthesis,
75,VIT_12s0059g01720,1465,0.7108,No hit,,,,
76,VIT_18s0001g01850,1468,0.7106,Amino acid permease,AAPREL,,vv50123Porters_cat_18_to_29,
77,VIT_14s0108g00890,1440,0.6984,Beta-1 3-galactosyltransferase,K07819,,vv10602Glycosphingolipid_biosynthesis,
78,VIT_08s0007g02810,1440,0.6953,Regulator of the ATPase vacuolar RAV2,RAV2,VvRAV5,vv60001ABI3VP1,
79,VIT_19s0014g01150,1438,0.6950,Curculin (mannose-binding) lectin,,,,
80,VIT_10s0042g00910,1426,0.6929,Stilbene synthase [Vitis pseudoreticulata],E2_3_1_95,,vv10940Phenylpropanoid_biosynthesis,
81,VIT_08s0007g04860,1427,0.6884,Nodulin family protein,,,,
82,VIT_04s0044g00270,1421,0.6861,Monooxygenase (MO3),,,,
83,VIT_02s0025g04290,1415,0.6859,Thaumatin,,,,
84,VIT_04s0044g00040,1425,0.6838,Dirigent,,,,
85,VIT_02s0025g04280,1406,0.6773,Osmotin,,,,
86,VIT_07s0031g01130,1397,0.6733,Ascorbate oxidase,E1_10_3_3,,vv10053Ascorbate_and_aldarate_metabolism,vv50109Incompletely_characterized_transport_systems
87,VIT_00s0270g00120,1397,0.6710,Alpha-amylase/subtilisin inhibitor,E3_2_1_1,,vv10500Starch_and_sucrose_metabolism,
88,VIT_11s0016g02070,1386,0.6702,Basic helix-loop-helix (bHLH) family,BHLHDOM_63,,vv60011BHLH,
89,VIT_10s0003g04080,1392,0.6686,Unknown,,,,
90,VIT_10s0042g00850,1389,0.6675,Stilbene synthase [Vitis pseudoreticulata],E2_3_1_95,,vv10940Phenylpropanoid_biosynthesis,
91,VIT_18s0075g00810,1366,0.6618,Laccase,E1_10_3_2,,vv11000Single_reactions,vv50109Incompletely_characterized_transport_systems
92,VIT_10s0003g05430,1373,0.6617,Reticuline oxidase precursor,E1_21_3_3,,vv10950Alkaloid_biosynthesis_I,
93,VIT_09s0002g02970,1354,0.6532,Unknown,,,,
94,VIT_02s0033g00770,1343,0.6475,Nitrilase 4B,E3_5_5_1,,vv10460Cyanoamino_acid_metabolism,vv10910Nitrogen_metabolism
95,VIT_02s0012g00730,1333,0.6468,Purine permease 10 PUP10,PUP10,,vv50122Porters_cat_7_to_17,
96,VIT_18s0001g15130,1336,0.6451,WD40 repeat protein,,,,
97,VIT_02s0025g00540,1314,0.6326,Unknown,,,,
98,VIT_02s0033g01380,1303,0.6310,Alternative oxidase 1D,AOX1D,,vv30001ABA_signaling,
99,VIT_08s0040g01710,1291,0.6298,Phenylalanine ammonia-lyase,E4_3_1_5,,vv10350Tyrosine_metabolism,vv10360Phenylalanine_metabolism
100,VIT_16s0039g01110,1301,0.6297,Phenylalanin ammonia-lyase [Vitis vinifera],E4_3_1_5,,vv10350Tyrosine_metabolism,vv10360Phenylalanine_metabolism
101,VIT_12s0057g00990,1299,0.6272,Beta 1 2 N-acetylglucosaminyltransferase,E2_4_1_143,,vv10510N-Glycan_biosynthesis,vv11030Glycan_structures-biosynthesis1
102,VIT_03s0017g02110,1294,0.6248,Anthocyanidin 3-O-glucosyltransferase,E2_4_1_115,,vv10942Anthocyanin_biosynthesis,
103,VIT_02s0025g02920,1288,0.6246,Quercetin 3-O-methyltransferase 1,E2_1_1_76,,vv10941Flavonoid_biosynthesis,
104,VIT_09s0002g02950,1258,0.6071,No hit,,,,
105,VIT_00s0409g00010,1242,0.6050,Receptor kinase RK20-1,,,,
106,VIT_02s0025g04310,1241,0.5969,Thaumatin,,,,
107,VIT_17s0000g02220,1223,0.5925,No hit,,,,
108,VIT_16s0100g01110,1213,0.5835,Resveratrol synthase (RS1),E2_3_1_95,,vv10940Phenylpropanoid_biosynthesis,
109,VIT_17s0000g00200,1189,0.5738,Ethylene-responsive transcription factor ERF114,ERF114_1,VvERF118,vv30008Ethylene_signaling,vv60003AP2_EREBP
110,VIT_05s0077g01590,1191,0.5734,Major allergen Mal d 1,,,,
111,VIT_04s0023g01080,1172,0.5627,Lys Motif-Type Receptor-Like Kinase LYK4,,,,
112,VIT_03s0088g00750,1147,0.5579,Pathogenesis related protein 1 precursor [Vitis vinifera],PRP1,,vv30011Jasmonate_signaling,vv34626Plant-pathogen_interaction
113,VIT_12s0028g00860,1148,0.5530,NAC domain-containing protein 42,NAC042_5,VvNAC36,vv60046NAC,
114,VIT_02s0109g00430,1131,0.5480,Nitrilase 4 (NIT4),K13035,,vv10910Nitrogen_metabolism,
115,VIT_01s0026g01730,1135,0.5475,WRKY DNA-binding protein 72,WRKY72_1,VvWRKY02,vv60066WRKY,
116,VIT_18s0001g15660,1129,0.5467,Pathogen-related,,,,
117,VIT_08s0040g03100,1122,0.5436,Glutathione S-transferase GSTO1,E2_5_1_18_GSTO1,,vv10480Glutathione_metabolism,
118,VIT_02s0025g02170,1120,0.5398,Trehalase precursor,E2_4_1_15,,vv10500Starch_and_sucrose_metabolism,
119,VIT_03s0017g01990,1104,0.5377,UDP-glucose glucosyltransferase,E2_4_1_35,,vv10500Starch_and_sucrose_metabolism,
120,VIT_14s0036g01060,1112,0.5354,Unknown protein,,,,
121,VIT_01s0010g03680,1110,0.5352,Unknown protein,,,,
122,VIT_05s0049g01010,1079,0.5228,Myb domain protein 14,MYB14_4,MYB13,vv60044MYB,
123,VIT_15s0021g02060,1082,0.5219,Arbutin synthase,E2_4_1_218,,vv10500Starch_and_sucrose_metabolism,
124,VIT_01s0011g03850,1075,0.5183,Unknown protein,,,,
125,VIT_14s0083g00080,1062,0.5160,Unknown protein,,,,
126,VIT_18s0075g00960,1062,0.5148,Laccase,E1_10_3_2,,vv11000Single_reactions,vv50109Incompletely_characterized_transport_systems
127,VIT_17s0000g05360,1054,0.5124,Germin,,,,
128,VIT_02s0033g00840,1033,0.5000,Nitrilase 4B,E3_5_5_1,,vv10460Cyanoamino_acid_metabolism,vv10910Nitrogen_metabolism
129,VIT_05s0102g00610,1021,0.4920,No hit,,,,
130,VIT_16s0050g00430,1001,0.4838,Photoassimilate-responsive protein PAR-1a,,,,
131,VIT_02s0025g04250,1000,0.4824,Osmotin,,,,
132,VIT_05s0020g03280,988,0.4780,Copper amine oxidase,E1_4_3_4,,vv10220Urea_cycle_and_metabolism_of_amino_groups,vv10340Histidine_metabolism
133,VIT_09s0054g00580<br>VIT_09s0054g00570,986,0.4777,
134,VIT_14s0108g00930,983,0.4767,Unknown protein,,,,
135,VIT_03s0038g03530,984,0.4751,LYS/HIS transporter 7,LHT7,,vv50123Porters_cat_18_to_29,
136,VIT_07s0031g01090,981,0.4748,Ascorbate oxidase,E1_10_3_3,,vv10053Ascorbate_and_aldarate_metabolism,vv50109Incompletely_characterized_transport_systems
137,VIT_14s0066g01150,974,0.4699,Cinnamoyl-CoA reductase,E1_2_1_44,,vv10940Phenylpropanoid_biosynthesis,
138,VIT_02s0025g04300,969,0.4677,Thaumatin,,,,
139,VIT_18s0001g13680,968,0.4676,Histone H3,,,,
140,VIT_07s0005g05780,969,0.4663,Pantoate--beta-alanine ligase,E6_3_2_1,,vv10410Beta-alanine_metabolism,vv10770Pantothenate_and_CoA_biosynthesis
141,VIT_09s0002g02320,960,0.4640,Cell wall apoplastic invertase,E3_2_1_26,,vv10052Galactose_metabolism,vv10500Starch_and_sucrose_metabolism
142,VIT_12s0034g01950<br>VIT_12s0034g01870<br>VIT_12s0034g01920<br>VIT_12s0034g01930<br>VIT_12s0034g01890<br>VIT_12s0034g01910,964,0.4639,
143,VIT_08s0007g03310,952,0.4619,Unknown,,,,
144,VIT_19s0085g01200,942,0.4564,CTP synthase,E6_3_4_2,,vv10240Pyrimidine_metabolism,
145,VIT_09s0002g06890,941,0.4546,Dicyanin blue copper protein,,,,
146,VIT_18s0001g04640,938,0.4516,No hit,,,,
147,VIT_01s0010g03930,919,0.4463,WRKY DNA-binding protein 75,WRKY75_1,VvWRKY03,vv60066WRKY,
148,VIT_07s0104g01260,924,0.4453,flavin-containing monooxygenase,E1_14_13_8,,vv11000Single_reactions,
149,VIT_05s0020g03690<br>VIT_05s0020g03710,911,0.4401,
150,VIT_09s0002g05610,894,0.4352,Unknown,,,,
151,VIT_03s0088g00700,896,0.4318,Pathogenesis related protein 1 precursor (pr1 gene),PRP1,,vv30011Jasmonate_signaling,vv34626Plant-pathogen_interaction
152,VIT_08s0007g01560,875,0.4239,Photoassimilate-responsive protein,,,,
153,VIT_08s0007g05580,877,0.4235,Embryo-abundant protein,,,,
154,VIT_18s0117g00070,867,0.4180,R protein L6,K13477,,vv34627R_proteins_from_Plant-pathogen_interaction,
155,VIT_17s0000g00650,857,0.4124,No hit,,,,
156,VIT_18s0001g08760,851,0.4119,No hit,,,,
157,VIT_00s0194g00120,845,0.4088,Serine acetyltransferase,E2_3_1_30,,vv10272Cysteine_metabolism,vv10920Sulfur_metabolism
158,VIT_02s0033g01400,831,0.4016,Alternative oxidase 1a  (AOX1A),AOX1A,,vv30001ABA_signaling,
159,VIT_02s0033g00790,818,0.3967,Nitrilase 4B,E3_5_5_1,,vv10460Cyanoamino_acid_metabolism,vv10910Nitrogen_metabolism
160,VIT_09s0054g00910,816,0.3961,Chaperone BCS1 mitochondrial,K08900,,,
161,VIT_02s0033g01390,811,0.3929,No hit,,,,
162,VIT_04s0008g00640,816,0.3927,Epsin N-terminal homology (ENTH) domain-containing,ENTH,,vv50110Protein_coat,
163,VIT_01s0011g05440,798,0.3887,Unknown protein,,,,
164,VIT_07s0031g01010<br>VIT_07s0031g01040<br>VIT_07s0031g01050,808,0.3885,
165,VIT_07s0005g02050,802,0.3874,Carboxylic ester hydrolase,E3_1_1_1,,,
166,VIT_03s0088g00710,798,0.3868,Pathogenesis-related protein 1 precursor (PRP 1),PRP1,,vv30011Jasmonate_signaling,vv34626Plant-pathogen_interaction
167,VIT_19s0015g01070,797,0.3865,Calcineurin B,E3_1_3_16,,,
168,VIT_08s0105g00200,797,0.3850,U-box domain-containing protein,,,,
169,VIT_08s0007g02360,794,0.3828,Harpin inducing protein 1-like 9,,,,
170,VIT_04s0069g00970,789,0.3790,WRKY DNA-binding protein 51,WRKY51_1,VvWRKY11,vv60066WRKY,
171,VIT_14s0128g00540<br>VIT_14s0128g00570<br>VIT_14s0128g00600,783,0.3781,
172,VIT_14s0068g01360,781,0.3767,GEM-like protein 5,,,,
173,VIT_07s0104g00440,771,0.3750,Endo-1 3;1 4-beta-D-glucanase precursor,E3_2_1_73,,,
174,VIT_04s0008g03530,771,0.3748,Ankyrin repeat,K10380,,vv50108Accessory_factors_involved_in_transport,
175,VIT_02s0025g02770,772,0.3746,Glucan endo-1 3-beta-glucosidase 7 precursor,E3_2_1_39,,vv10500Starch_and_sucrose_metabolism,
176,VIT_16s0100g00900,771,0.3735,Stilbene synthase [Vitis pseudoreticulata],E2_3_1_95,,vv10940Phenylpropanoid_biosynthesis,
177,VIT_07s0005g00260,777,0.3721,Glutathione-conjugate transporter (MRP10),MRP10,,vv52010ABC_transporters,
178,VIT_14s0006g00910,770,0.3714,ATA15 protein,,,,
179,VIT_06s0061g00100,764,0.3698,Glucan endo-1 3-beta-glucosidase  acidic isoform precursor,E3_2_1_39,,vv10500Starch_and_sucrose_metabolism,
180,VIT_03s0091g00160,753,0.3618,NtPRp27 secretory protein,,,,
181,VIT_16s0050g02210,745,0.3615,Chitinase III [Vitis vinifera],E3_2_1_14,,vv10530Aminosugars_metabolism,
182,VIT_04s0008g01040,743,0.3607,Lysine decarboxylase,E4_1_1_18,,vv10300Lysine_biosynthesis,
183,VIT_18s0122g00690,745,0.3599,Laccase,E1_10_3_2,,vv11000Single_reactions,vv50109Incompletely_characterized_transport_systems
184,VIT_05s0062g00990,742,0.3598,Aldo/keto reductase AKR,E1_1_1_21,,vv10040Pentose_glucuronate_interconversion,vv10051Fructose_and_mannose_metabolism
185,VIT_01s0010g00540,736,0.3583,BIM2 (BES1-interacting Myc-like protein 2,BIM2_2,,vv30005Brassinosteroids_signaling,vv60011BHLH
186,VIT_03s0088g00690,738,0.3574,Pathogenesis-related protein 1 precursor (PRP 1),PRP1,,vv30011Jasmonate_signaling,vv34626Plant-pathogen_interaction
187,VIT_08s0007g05830,738,0.3560,No hit,,,,
188,VIT_17s0000g07670,737,0.3555,Betaine-aldehyde dehydrogenase,E1_2_1_8,,vv10260Glycine_serine_and_threonine_metabolism,vv50101Channels_and_pores
189,VIT_18s0001g04280,734,0.3549,(-)-germacrene D synthase,E4_2_3_22,,vv10900Terpenoid_biosynthesis,
190,VIT_18s0166g00260,733,0.3539,No hit,,,,
191,VIT_15s0048g00620,727,0.3522,No hit,,,,
192,VIT_07s0005g04890,720,0.3465,Glutathione S-transferase 25 GSTU7,E2_5_1_18_GSTU7,,vv10480Glutathione_metabolism,
193,VIT_13s0019g00940,716,0.3461,SLT1 (sodium- and lithium-tolerant 1),,,,
194,VIT_14s0081g00190,710,0.3447,No hit,,,,
195,VIT_14s0068g01250,708,0.3425,Mitochondrial phosphate transporter,MPHOSPTR,,vv50123Porters_cat_18_to_29,
196,VIT_00s0586g00020,707,0.3420,Unknown protein,,,,
197,VIT_19s0090g00060,699,0.3392,Biopterin transport-related protein BT1,BIOPTERIN,,vv50125Porters_cat_66_to_94,
198,VIT_18s0001g00840,698,0.3367,Syringolide-induced protein 14-1-1,,,,
199,VIT_01s0011g01350,690,0.3332,No hit,,,,
200,VIT_08s0007g08480,689,0.3324,Zinc proteinase,,,,
201,VIT_11s0016g05530,686,0.3316,Plastocyanin domain-containing protein,K02638,,vv10195Photosynthesis,vv50113Thylakoid_targeting_pathway
202,VIT_17s0000g00640,681,0.3280,No hit,,,,
203,VIT_03s0038g02350,677,0.3269,No hit,,,,
204,VIT_13s0019g03910,666,0.3228,Unknown,,,,
205,VIT_06s0009g02600<br>VIT_06s0009g02630,664,0.3209,
206,VIT_18s0089g01020,663,0.3203,Ethylene-responsive transcription factor,TINY_4,,vv30008Ethylene_signaling,vv60003AP2_EREBP
207,VIT_10s0003g05450,662,0.3200,Reticuline oxidase precursor,E1_21_3_3,,vv10950Alkaloid_biosynthesis_I,
208,VIT_05s0094g00260<br>VIT_05s0094g00220,662,0.3187,
209,VIT_17s0000g03130,645,0.3111,Unknown protein,,,,
210,VIT_12s0057g01100,637,0.3083,Nudix hydrolase 2,,,,
211,VIT_15s0048g01350,637,0.3070,Gibberellin receptor GID1L3,GID1C,,vv30010Gibberellin_signaling,
212,VIT_05s0094g00160,620,0.3026,No hit,,,,
213,VIT_05s0062g01190,626,0.3023,Pirin,,,,
214,VIT_10s0003g01160,618,0.2993,Basic helix-loop-helix (bHLH) family,BHLHDOM_23,,vv60011BHLH,
215,VIT_09s0002g03640,609,0.2969,ABC transporter g family pleiotropic drug resistance 7 PDR7,ABCGPDR7,,vv52010ABC_transporters,
216,VIT_16s0013g00070<br>VIT_16s0039g02840<br>VIT_16s0013g00810,612,0.2951,
217,VIT_07s0031g00460,609,0.2948,Nicotinate phosphoribosyltransferase,E2_4_2_11,,vv10760Nicotinate_and_nicotinamide_metabolism,
218,VIT_08s0007g05350,609,0.2946,Haloacid dehalogenase hydrolase,E3_1_3_18,,vv10630Glyoxylate_and_dicarboxylate_metabolism,
219,VIT_01s0011g05930,603,0.2931,S-adenosyl-L-methionine:carboxyl methyltransferase,,,,
220,VIT_19s0090g01290,605,0.2916,Serine/threonine-protein phosphatase PP-X isozyme 2,K01090,,,
221,VIT_08s0040g03010,601,0.2903,Pigment defective 149,PDE149,,vv50109Incompletely_characterized_transport_systems,
222,VIT_19s0014g01110,587,0.2862,Curculin (mannose-binding) lectin,,,,
223,VIT_15s0021g02470,585,0.2836,Epoxide hydrolase-like protein,E3_3_2_10,,,
224,VIT_07s0151g00260,584,0.2829,Quinone-oxidoreductase  Chloroplast,K03956,,vv10190Oxidative_phosphorylation,vv50134Primary_active_transporter_cat_D1
225,VIT_07s0031g03060,586,0.2821,NSL1 (necrotic spotted lesions 1),,,,
226,VIT_14s0060g02750<br>VIT_14s0128g00970<br>VIT_14s0128g00990<br>VIT_14s0128g00980<br>VIT_14s0128g01010<br>VIT_14s0128g01030<br>VIT_14s0128g01020<br>VIT_14s0128g01040,577,0.2811,
227,VIT_06s0009g03130,578,0.2806,Cytochrome P450  family 79  subfamily A  polypeptide 2,K12153,,vv10966Glucosinolate_biosynthesis,
228,VIT_05s0062g00980,573,0.2765,Aldo/keto reductase AKR,E1_1_1_21,,vv10040Pentose_glucuronate_interconversion,vv10051Fructose_and_mannose_metabolism
229,VIT_09s0002g02580,563,0.2712,No hit,,,,
230,VIT_00s0413g00010,549,0.2682,Laccase (diphenol oxidase) family protein,E1_10_3_2,,vv11000Single_reactions,vv50109Incompletely_characterized_transport_systems
231,VIT_17s0000g06880,556,0.2681,Heparanase protein 2 precursor,E3_2_1_31,,vv10040Pentose_glucuronate_interconversion,vv10500Starch_and_sucrose_metabolism
232,VIT_01s0011g00380,543,0.2628,SP1L1 (SPIRAL1-like1),,,,
233,VIT_06s0061g00120,541,0.2608,Beta-1 3-glucanase [Vitis riparia],E3_2_1_6,,,
234,VIT_01s0146g00320,539,0.2608,No hit,,,,
235,VIT_05s0094g00200,536,0.2604,Chitinase class IV,E3_2_1_14,,vv10530Aminosugars_metabolism,
236,VIT_17s0000g06790,537,0.2600,flavin-containing monooxygenase,E1_14_13_8,,vv11000Single_reactions,
237,VIT_07s0129g00830,534,0.2588,CYP81D2,,,,
238,VIT_02s0025g04270<br>VIT_02s0025g04260<br>VIT_02s0025g04230,538,0.2582,
239,VIT_15s0021g01260,533,0.2576,Unknown,,,,
240,VIT_18s0076g00380,529,0.2563,ABC transporter F member 6,ABCF6,,vv52010ABC_transporters,
241,VIT_08s0007g01230,519,0.2523,Lectin protein kinase,,,,
242,VIT_18s0001g12500,519,0.2522,Unknown protein,,,,
243,VIT_03s0017g01940,523,0.2517,Unknown,,,,
244,VIT_17s0000g02930,519,0.2493,Glutathione S-transferase 25 GSTU7,E2_5_1_18_GSTU7,,vv10480Glutathione_metabolism,
245,VIT_08s0032g00240,509,0.2481,CYP71A22,E1_14_13_73,,vv10902Monoterpenoid_biosynthesis,
246,VIT_09s0018g01660,510,0.2471,Biopterin transport-related protein BT1,BIOPTERIN,,vv50125Porters_cat_66_to_94,
247,VIT_14s0083g01170,502,0.2438,Mitochondrial substrate carrier family protein,K03454,,vv50123Porters_cat_18_to_29,
248,VIT_06s0004g05110,503,0.2428,Unknown,,,,
249,VIT_14s0060g02760,498,0.2426,Germin-like protein 3 [Vitis vinifera],,,,
250,VIT_13s0019g04060,499,0.2424,MLO1,K08472,,,
251,VIT_18s0001g04530,501,0.2416,(-)-germacrene D synthase,E4_2_3_22,,vv10900Terpenoid_biosynthesis,
252,VIT_13s0019g03520,494,0.2377,No hit,,,,
253,VIT_01s0011g04780,489,0.2374,Unknown protein,,,,
254,VIT_18s0117g00080,492,0.2373,R protein L6,K13477,,vv34627R_proteins_from_Plant-pathogen_interaction,
255,VIT_18s0117g00550,486,0.2371,Laccase,E1_10_3_2,,vv11000Single_reactions,vv50109Incompletely_characterized_transport_systems
256,VIT_17s0000g04230,490,0.2365,Translation initiation factor eIF-2B delta subunit,K03680,,vv23013RNA_transport,
257,VIT_05s0049g00840<br>VIT_05s0049g00780<br>VIT_05s0049g00800,490,0.2355,
258,VIT_13s0019g01640,486,0.2348,Unknown protein,,,,
259,VIT_17s0000g01650,482,0.2323,Cyclopropyl isomerase,E5_5_1_9,,vv10100Biosynthesis_of_steroids,
260,VIT_05s0020g03680,479,0.2322,GCN5 N-acetyltransferase (GNAT),GCN5_7,,vv60082GNAT,
261,VIT_12s0034g01970,479,0.2321,Cupin,,,,
262,VIT_11s0016g01650,476,0.2308,Ankyrin repeat,,,,
263,VIT_08s0007g00610,477,0.2308,Unknown,,,,
264,VIT_09s0054g00590,483,0.2305,No hit,,,,
265,VIT_13s0067g01450,476,0.2301,Lateral organ boundaries domain 21,LBD21,,vv60007AS2,
266,VIT_18s0001g00920<br>VIT_18s0075g00590<br>VIT_18s0001g00850<br>VIT_18s0075g00780<br>VIT_18s0001g00790<br>VIT_18s0001g00730<br>VIT_18s0001g00310<br>VIT_18s0075g00620<br>VIT_18s0075g00540<br>VIT_18s0075g00600<br>VIT_18s0075g00580<br>VIT_00s0481g00020<br>VIT_18s0001g00930,467,0.2248,
267,VIT_10s0003g03850,463,0.2236,Protease Do-like 5,,,,
268,VIT_11s0016g00570,462,0.2235,Dimethylaniline monooxygenase (N-oxide forming) 2,E1_14_13_8,,vv11000Single_reactions,
269,VIT_06s0004g02020,464,0.2224,No hit,,,,
270,VIT_13s0067g01730,458,0.2223,Steroid 5alpha-reductase,K09591,,vv10905Brassinosteroid_biosynthesis,
271,VIT_07s0005g03760,458,0.2208,Phytochelatin synthase 1 (PCS1),E2_3_2_15,,vv10251Glutamate_metabolism,
272,VIT_06s0009g02020,452,0.2206,Tubulin beta-4 chain,K07375,,vv44145Phagosome,vv44810Regulation_of_actin_cytoskeleton
273,VIT_07s0151g01070,458,0.2204,Copalyl diphosphate synthase,E5_5_1_12,,vv10904Diterpenoid_biosynthesis,
274,VIT_14s0083g00260,458,0.2189,No hit,,,,
275,VIT_01s0011g00590,451,0.2188,Acclimation of photosynthesis to environment,APE2,,vv50122Porters_cat_7_to_17,
276,VIT_18s0001g05780,451,0.2184,Leucine-rich repeat family protein,,,,
277,VIT_02s0025g02940,450,0.2172,Caffeic acid O-3-methyltransferase,E2_1_1_68,,vv10940Phenylpropanoid_biosynthesis,
278,VIT_03s0088g00780,447,0.2152,Pathogenesis-related protein 1 precursor (PRP 1),PRP1,,vv30011Jasmonate_signaling,vv34626Plant-pathogen_interaction
279,VIT_12s0028g00610,446,0.2147,Aspartyl protease,E3_4_23_x,,,
280,VIT_08s0040g00390,441,0.2138,Magnesium-protoporphyrin IX monomethyl ester [oxidative] cyclase,E1_14_13_81,,vv10860Porphyrin_and_chlorophyll_metabolism,
281,VIT_12s0055g00770,439,0.2112,SWAP (Suppressor-of-White-APricot),,,,
282,VIT_17s0053g00750,435,0.2089,Unknown protein,,,,
283,VIT_19s0015g00070,433,0.2089,CYP71D10p,,,,
284,VIT_18s0001g10200<br>VIT_18s0001g10230,429,0.2086,
285,VIT_01s0011g04210,429,0.2073,Amino acid permease,AAPREL,,vv50123Porters_cat_18_to_29,
286,VIT_16s0050g02230,423,0.2047,Chitinase [Vitis vinifera],E3_2_1_14,,vv10530Aminosugars_metabolism,
287,VIT_05s0020g03590,422,0.2038,Unknown protein,,,,
288,VIT_02s0033g00660<br>VIT_02s0033g00850<br>VIT_02s0033g00870<br>VIT_02s0033g00800,409,0.1964,
289,VIT_13s0067g02630,392,0.1911,No hit,,,,
290,VIT_16s0050g02220,389,0.1880,Acidic endochitinase (CHIB1),E3_2_1_14,,vv10530Aminosugars_metabolism,
291,VIT_03s0063g01310,386,0.1865,Oxidoreductase  2OG-Fe(II) oxygenase family,,,,
292,VIT_15s0048g00510,386,0.1862,Pectinesterase family,E3_1_1_11,,vv40006Cell_wall,
293,VIT_14s0083g00460,387,0.1861,Tryptophan synthase beta chain 2,E4_2_1_20,,vv10400Phenylalanine_tyrosine_and_tryptophan_biosynthesis,
294,VIT_03s0091g00140,378,0.1842,Plant basic secretory protein (BSP) family,,,,
295,VIT_05s0020g00750,377,0.1807,Novel plant snare 13,K08494,,,
296,VIT_13s0067g03350,371,0.1791,Ribosomal protein L4/L1 (RPL4A) 60S,K02926,,vv23010Ribosome,
297,VIT_05s0020g02080,369,0.1787,Zinc finger (C3HC4-type ring finger),ZFC3HC4_164,,vv60078Other_zf-C3HC4,
298,VIT_17s0000g02150,369,0.1781,Ribosomal protein L19,K02884,,vv23010Ribosome,
299,VIT_02s0025g02930,368,0.1774,Caffeic acid O-3-methyltransferase,E2_1_1_68,,vv10940Phenylpropanoid_biosynthesis,
300,VIT_18s0117g00050,366,0.1764,R protein L6,K13477,,vv34627R_proteins_from_Plant-pathogen_interaction,
301,VIT_00s0226g00100,358,0.1727,Regulator of chromosome condensation (RCC1),RCC1,,vv50112Nuclear_pore_complex,
302,VIT_04s0008g05350,356,0.1710,Serine hydrolase [Vitis vinifera],E4_3_1_18,,vv10260Glycine_serine_and_threonine_metabolism,
303,VIT_16s0098g00720,353,0.1708,Lectin protein kinase,,,,
304,VIT_15s0048g01080,350,0.1699,Unknown,,,,
305,VIT_07s0005g03220,348,0.1686,Ethylene-responsive transcription factor ERF098,ERF098_1,VvERF098,vv30008Ethylene_signaling,vv60003AP2_EREBP
306,VIT_12s0035g01000,351,0.1684,Serine protease inhibitor  serine-type,,,,
307,VIT_13s0156g00590,344,0.1655,S-receptor kinase,,,,
308,VIT_15s0048g01530,341,0.1653,Geraniol 10-hydroxylase,G10H,,vv10902Monoterpenoid_biosynthesis,
309,VIT_00s0410g00040,336,0.1617,Anthranilate N-benzoyltransferase protein 1,E2_3_1_144,,vv10400Phenylalanine_tyrosine_and_tryptophan_biosynthesis,
310,VIT_16s0013g01500,334,0.1599,Disease resistance protein,,,,
311,VIT_01s0010g02450,327,0.1580,B12D,,,,
312,VIT_07s0031g01710,327,0.1577,WRKY DNA-binding protein 51,WRKY51_3,VvWRKY22,vv60066WRKY,
313,VIT_07s0104g00220,323,0.1562,Phenazine biosynthesis PhzC/PhzF,K06998,,vv10400Phenylalanine_tyrosine_and_tryptophan_biosynthesis,
314,VIT_18s0117g00030,318,0.1534,No hit,,,,
315,VIT_19s0014g04140,313,0.1509,S-locus protein kinase,,,,
316,VIT_16s0148g00290<br>VIT_16s0148g00360<br>VIT_16s0148g00100<br>VIT_00s0258g00140,309,0.1495,
317,VIT_13s0019g01010,308,0.1488,ABA2 (ABA deficient 2),E1_1_1_288,,vv10906Carotenoid_biosynthesis,vv11013ABA_biosynthesis
318,VIT_12s0028g01400,303,0.1462,DNA-directed RNA polymerase II subunit D,K03012,,vv23020RNA_polymerase,
319,VIT_03s0038g04540,298,0.1452,S-adenosyl-L-methionine:salicylic acid carboxyl methyltransferase,SAMTBSCMT,,vv10360Phenylalanine_metabolism,
320,VIT_02s0033g00700,296,0.1420,Nitrilase,E3_5_5_1,,vv10460Cyanoamino_acid_metabolism,vv10910Nitrogen_metabolism
321,VIT_08s0058g00690,293,0.1420,WRKY DNA-binding protein 33,WRKY33_3,VvWRKY24,vv34626Plant-pathogen_interaction,vv60066WRKY
322,VIT_03s0038g02790,293,0.1419,Ribosomal protein L2  Chloroplast,K02886,,vv23010Ribosome,
323,VIT_03s0063g00400,292,0.1406,Alpha-amylase / 1 4-alpha-D-glucan glucanohydrolase,E3_2_1_1,,vv10500Starch_and_sucrose_metabolism,
324,VIT_07s0129g00410,290,0.1403,Casein kinase II alpha chain 2,K03097,,vv23008Ribosome_biogenesis_in_Eukaryotes,vv34710Circadian_rhythm
325,VIT_19s0093g00320,287,0.1397,Glutathione S-transferase 25 GSTU25,E2_5_1_18_GSTU25,,vv10480Glutathione_metabolism,
326,VIT_00s0187g00020,273,0.1321,No hit,,,,
327,VIT_14s0066g01670,269,0.1306,Alpha-dioxygenase,K10529,,vv10592alpha-Linolenic_acid_metabolism,
328,VIT_05s0020g04990,268,0.1290,No hit,,,,
329,VIT_14s0128g00020,267,0.1287,Na+/H+ exchanger,NHX1,,vv50124Porters_cat_30_to_64,
330,VIT_03s0091g00130,265,0.1275,Prp27,,,,
331,VIT_14s0060g02170,258,0.1255,Glutathione S-transferase GSTU8,E2_5_1_18_GSTU8,,vv10480Glutathione_metabolism,
332,VIT_09s0002g05810,251,0.1210,Boron transporter-like protein 4,BOR4,,vv50124Porters_cat_30_to_64,
333,VIT_07s0031g02720,243,0.1180,Myosin heavy chain,K10352,,vv44810Regulation_of_actin_cytoskeleton,
334,VIT_03s0088g01260,241,0.1168,TIP growth defective 1,TIP1GD,,vv50108Accessory_factors_involved_in_transport,
335,VIT_12s0034g02240,239,0.1159,Potassium channel AKT2/3,AKT2,,vv50101Channels_and_pores,
336,VIT_07s0031g01380,240,0.1159,ferulate 5-hydroxylase,K09755,,vv10940Phenylpropanoid_biosynthesis,
337,VIT_00s0743g00020,238,0.1147,S-locus lectin protein kinase,,,,
338,VIT_19s0014g04180,234,0.1135,Curculin (mannose-binding) lectin,,,,
339,VIT_12s0028g00040,235,0.1132,Unknown protein,,,,
340,VIT_18s0086g00410,231,0.1120,Auxin-binding protein ABP19,ABP19,,vv30003Auxin_signaling,
341,VIT_06s0009g02590,231,0.1112,Pectinesterase family,E3_1_1_11,,vv40006Cell_wall,
342,VIT_16s0050g00410,226,0.1088,Photoassimilate-responsive protein PAR-1a,,,,
343,VIT_09s0002g00790,218,0.1046,Beta-ketoacyl-ACP synthase II,E2_3_1_41,,vv10061Fatty_acid_biosynthesis,
344,VIT_08s0007g03870,216,0.1045,Phytosulfokines PSK1,,,,
345,VIT_01s0150g00120,214,0.1036,Ethylene-responsive transcription factor ERF114,ERF114_2,VvERF112,vv30008Ethylene_signaling,vv60003AP2_EREBP
346,VIT_03s0038g02150,211,0.1018,Unknown,,,,
347,VIT_16s0050g00480,210,0.1014,CYP715A1,,,,
348,VIT_04s0008g05540,208,0.1013,Clathrin assembly protein 2,CAP2,,vv50110Protein_coat,
349,VIT_00s0347g00050,209,0.1013,Ser/Thr receptor-like kinase1,,,,
350,VIT_18s0041g02010<br>VIT_18s0041g02050,208,0.1002,
351,VIT_09s0002g06900,206,0.0995,NtEIG-A1,,,,
352,VIT_09s0002g00510,203,0.0984,Lipase GDSL 1,,,,
353,VIT_02s0025g04100,204,0.0977,CCR4-NOT transcription complex subunit 2,K12605,,vv23018RNA_degradation,
354,VIT_03s0097g00580,202,0.0977,No hit,,,,
355,VIT_17s0000g07640,202,0.0976,Mannose-1-phosphate guanyltransferase,E2_7_7_23,,vv10530Aminosugars_metabolism,
356,VIT_19s0014g01870,202,0.0975,Transcription elongation factor 1,,,,
357,VIT_03s0063g02650,201,0.0973,Hydrolase  alpha/beta fold,,,,
358,VIT_00s0194g00140,197,0.0951,Agenet domain-containing protein,,,,
359,VIT_08s0007g04700,196,0.0950,Phosphatidylinositol-4-phosphate 5-kinase,E2_7_1_68,,vv10562Inositol_phosphate_metabolism,vv34070Phosphatidylinositol_signaling_system
360,VIT_01s0026g02590,196,0.0946,Calcium-binding protein CML,K13448,,vv34626Plant-pathogen_interaction,
361,VIT_01s0010g03600,196,0.0944,Rubber elongation factor (REF),,,,
362,VIT_14s0006g01410,194,0.0943,fructokinase-2,E2_7_1_4,,vv10051Fructose_and_mannose_metabolism,vv10500Starch_and_sucrose_metabolism
363,VIT_08s0032g00950,195,0.0943,Unknown protein,,,,
364,VIT_04s0008g01380,190,0.0915,Unknown protein,,,,
365,VIT_12s0059g01250,188,0.0911,Endo-1 4-beta-glucanase,E3_2_1_4,,vv40006Cell_wall,
366,VIT_17s0000g06390,185,0.0896,Pentatricopeptide (PPR) repeat-containing protein,,,,
367,VIT_06s0004g05700,183,0.0887,Glutathione S-transferase 8 GSTU8,E2_5_1_18_GSTU8,,vv10480Glutathione_metabolism,
368,VIT_05s0020g03290,183,0.0887,S-receptor kinase,,,,
369,VIT_09s0002g00370,182,0.0882,Unknown protein,,,,
370,VIT_00s0179g00260,183,0.0882,Calcium-transporting ATPase 12 ACA12,K01537,,vv34020Calcium_signaling_pathway,vv50131Primary_active_transporter_cat_A2_to_A4
371,VIT_14s0030g01610,182,0.0878,Cytidine/deoxycytidylate deaminase,E3_5_4_5,,vv10240Pyrimidine_metabolism,
372,VIT_14s0030g00400,181,0.0874,WD40,,,,
373,VIT_11s0016g02360,181,0.0868,TET2 (tetraspanin2),,,,
374,VIT_18s0166g00070,179,0.0867,No hit,,,,
375,VIT_12s0057g01110,179,0.0860,Nudix hydrolase 2,,,,
376,VIT_14s0108g01440,175,0.0850,Unknown protein,,,,
377,VIT_14s0108g00540,176,0.0847,Phosphofructokinase,E2_7_1_90,,vv10051Fructose_and_mannose_metabolism,
378,VIT_18s0072g00260,173,0.0836,Ethylene-responsive transcription factor related to APETALA2 6,RAP2_6,VvERF114,vv30008Ethylene_signaling,vv60003AP2_EREBP
379,VIT_09s0002g00890,170,0.0825,Jasmonate ZIM-domain protein 1,JAZ1_2,,vv30011Jasmonate_signaling,vv60069ZIM
380,VIT_11s0118g00040,170,0.0821,Receptor Like Protein 9,,,,
381,VIT_14s0083g00920,168,0.0816,No hit,,,,
382,VIT_10s0405g00020,168,0.0814,Mo25,K08272,,vv34150mTOR_signaling_pathway,
383,VIT_04s0008g06930,163,0.0789,Transposase  IS4,,,,
384,VIT_00s2262g00010,161,0.0777,Low expression of osmotically responsive genes 1,LOS4,,vv50133Primary_active_transporter_cat_A9_to_A18,
385,VIT_05s0049g01980,156,0.0759,3-isopropylmalate dehydratase large subunit 2,E4_2_1_33,,vv10290Valine_leucine_and_isoleucine_biosynthesis,
386,VIT_15s0046g02170,152,0.0736,3-methyl-2-oxobutanoate hydroxy-methyl-transferase,E2_1_2_11,,vv10770Pantothenate_and_CoA_biosynthesis,
387,VIT_09s0002g01320,149,0.0722,Germin-like protein,,,,
388,VIT_08s0105g00280,148,0.0719,Ribosomal protein S8e,K02995,,vv23010Ribosome,
389,VIT_14s0068g01770,147,0.0712,WRKY DNA-binding protein 75,WRKY75_2,VvWRKY43,vv60066WRKY,
390,VIT_16s0050g01890,146,0.0703,Unknown,,,,
391,VIT_00s1463g00010,145,0.0702,Protease Do-like 5,,,,
392,VIT_14s0060g00250,144,0.0701,Unknown,,,,
393,VIT_19s0014g03030,144,0.0700,No hit,,,,
394,VIT_08s0040g02730,144,0.0699,Exocyst subunit EXO70 H4,EXO70H4,,vv50111Tethering_factors,
395,VIT_06s0004g01670,142,0.0686,UDP-glucoronosyl and UDP-glucosyl transferase,,,,
396,VIT_06s0004g00610,142,0.0686,Accelerated cell death 1 ACD1,ACD1,,vv50133Primary_active_transporter_cat_A9_to_A18,
397,VIT_07s0104g01400,142,0.0684,Glutaredoxin,,,,
398,VIT_06s0004g03100,139,0.0671,MLO1,K08472,,,
399,VIT_17s0000g08210,138,0.0670,Zinc finger (C3HC4-type ring finger),ZFC3HC4_103,,vv60078Other_zf-C3HC4,
400,VIT_05s0077g01680,138,0.0666,Mal d 1 allergen,,,,
401,VIT_01s0127g00490,137,0.0663,Pantothenate kinase 2,E2_7_1_33,,vv10770Pantothenate_and_CoA_biosynthesis,
402,VIT_04s0008g00110,136,0.0654,Jasmonate ZIM domain-containing protein 8,JAZ8_3,,vv30011Jasmonate_signaling,vv60069ZIM
403,VIT_06s0004g01000,133,0.0643,Dirigent protein,,,,
404,VIT_01s0026g02310,131,0.0632,SUR2,K04713,,vv10600Sphingolipid_metabolism,
405,VIT_04s0044g00530,129,0.0623,PAP/fibrillin family,K06825,,,
406,VIT_03s0091g00530,127,0.0612,N-acetyltransferase ESCO2,,,,
407,VIT_08s0007g08140,121,0.0583,Helicase,,,,
408,VIT_00s2776g00010,118,0.0566,S-locus lectin protein kinase,,,,
409,VIT_10s0003g01180,117,0.0565,Ketol-acid reductoisomerase,E1_1_1_86,,vv10290Valine_leucine_and_isoleucine_biosynthesis,vv10770Pantothenate_and_CoA_biosynthesis
410,VIT_04s0043g00380,117,0.0563,Unknown protein,,,,
411,VIT_18s0001g02760,116,0.0556,Lipase GDSL,,,,
412,VIT_16s0013g00890,115,0.0555,Ethylene-responsive element binding factor,ERF1A,VvERF077,vv30008Ethylene_signaling,vv60003AP2_EREBP
413,VIT_08s0007g07530,114,0.0549,3-oxoacyl-[acyl-carrier-protein] reductase  chloroplast,E1_1_1_100,,vv10061Fatty_acid_biosynthesis,vv11040Biosynthesis_of_unsaturated_fatty_acids
414,VIT_15s0046g00440,110,0.0532,Phosphatidylinositol 3- and 4-kinase / ubiquitin,,,,
415,VIT_10s0003g02680,108,0.0523,Phytochrome E,PHYE,,vv34710Circadian_rhythm,
416,VIT_17s0000g00680,106,0.0511,No hit,,,,
417,VIT_10s0042g00700,104,0.0504,Leucine-rich repeat receptor-like protein kinase 1,,,,
418,VIT_04s0023g02900,104,0.0504,Ferulate-5-hydroxylase,K09755,,vv10940Phenylpropanoid_biosynthesis,
419,VIT_14s0068g01040,101,0.0490,Ethylene-responsive transcription factor ERF113,ERF113,VvERF120,vv30008Ethylene_signaling,vv60003AP2_EREBP
420,VIT_08s0105g00450,100,0.0483,Transducin protein,,,,
421,VIT_13s0064g01120,100,0.0483,No hit,,,,
422,VIT_18s0001g12510,100,0.0482,5' nucleotidase,E3_1_3_5,,vv10230Purine_metabolism,vv10240Pyrimidine_metabolism
423,VIT_11s0052g00610,99,0.0476,Homogenitisate geranylgeranyl transferase,K09833,,vv10100Biosynthesis_of_steroids,
424,VIT_18s0001g12470,98,0.0473,Dehydration-responsive protein,,,,
425,VIT_19s0014g04280,95,0.0459,S-locus protein kinase,,,,
426,VIT_17s0000g03010,94,0.0455,Phosphatidyl serine synthase,E2_7_8_8,,vv10260Glycine_serine_and_threonine_metabolism,vv10564Glycerophospholipid_metabolism
427,VIT_18s0001g05060,94,0.0455,2 3-bisphosphoglycerate-dependent phosphoglycerate mutase,E5_4_2_1,,vv10010Glycolysis,
428,VIT_18s0001g05000<br>VIT_18s0001g04780<br>VIT_18s0001g04120,91,0.0440,
429,VIT_03s0088g00110<br>VIT_03s0088g00050,91,0.0439,
430,VIT_05s0020g03220,90,0.0432,S-receptor kinase,,,,
431,VIT_03s0038g00090,89,0.0430,Epoxide hydrolase-like protein,E3_3_2_10,,,
432,VIT_00s0194g00110,88,0.0425,4-nitrophenylphosphatase,E3_1_3_18,,vv10630Glyoxylate_and_dicarboxylate_metabolism,
433,VIT_09s0002g06400,88,0.0422,No hit,,,,
434,VIT_18s0117g00600,86,0.0418,Laccase,E1_10_3_2,,vv11000Single_reactions,vv50109Incompletely_characterized_transport_systems
435,VIT_05s0020g00400,86,0.0417,Galactosyltransferase family protein,E2_4_x_x,,,
436,VIT_17s0000g06860,85,0.0412,SNAP25ous protein SNAP30,K08509,,vv24130SNARE_interactions_in_vesicular_transport,
437,VIT_19s0085g00600,82,0.0398,Glyceraldehyde-3-phosphate dehydrogenase  cytosolic,E1_2_1_12,,vv10010Glycolysis,
438,VIT_18s0001g15150,82,0.0397,Unknown protein,,,,
439,VIT_08s0040g00870,82,0.0396,BZIP transcription factor BZIP28,BZIP28,VvbZIP24,vv60012BZIP,
440,VIT_07s0129g00730,82,0.0396,CYP81E1 Isoflavone 2'-hydroxylase,E1_14_13_89,,vv10943Isoflavonoid_biosynthesis,
441,VIT_16s0022g00700,81,0.0393,Pectinesterase family,E3_1_1_11,,vv40006Cell_wall,
442,VIT_18s0001g13870,81,0.0391,Calmodulin binding protein,,,,
443,VIT_16s0039g01070,81,0.0389,Glutathione S-transferase 25 GSTU7,E2_5_1_18_GSTU7,,vv10480Glutathione_metabolism,
444,VIT_12s0055g01270,79,0.0384,Somatic embryogenesis receptor kinase 1 SERK1,,,,
445,VIT_03s0091g00150,78,0.0374,NtPRp27 secretory protein,,,,
446,VIT_08s0007g04310,76,0.0368,Threonine dehydratase/deaminase,E4_3_1_19,,vv10260Glycine_serine_and_threonine_metabolism,vv10290Valine_leucine_and_isoleucine_biosynthesis
447,VIT_18s0001g04490,75,0.0365,Germacrene-D synthase,E4_2_3_22,,vv10900Terpenoid_biosynthesis,
448,VIT_06s0004g00020,76,0.0365,NAC domain containing protein 32,NAC032,VvNAC44,vv60046NAC,
449,VIT_14s0060g00110,75,0.0361,Glutamyl-tRNA synthetase  cytoplasmic,E6_1_1_17,,vv10860Porphyrin_and_chlorophyll_metabolism,vv20970Aminoacyl-tRNA_biosynthesis
450,VIT_10s0042g00590,74,0.0357,Leucine-rich repeat receptor-like protein kinase 1,,,,
451,VIT_14s0068g00800,73,0.0350,Syntaxin 7,K08488,,vv24130SNARE_interactions_in_vesicular_transport,vv44145Phagosome
452,VIT_09s0002g05360<br>VIT_09s0002g05400<br>VIT_09s0002g05490<br>VIT_09s0002g05590,72,0.0349,
453,VIT_01s0011g03610,71,0.0343,MAPK activating protein,,,,
454,VIT_19s0015g02610,71,0.0343,Glutathione S-transferase 25 GSTU25,E2_5_1_18_GSTU25,,vv10480Glutathione_metabolism,
455,VIT_13s0019g02080,71,0.0341,DNA-binding protein,,,,
456,VIT_08s0040g03040,70,0.0338,Glutathione S-transferase GSTO1,E2_5_1_18_GSTO1,,vv10480Glutathione_metabolism,
457,VIT_10s0003g01940,69,0.0333,RKF1 (receptor-like kinase in flowers 1),,,,
458,VIT_06s0009g02560,64,0.0309,Pectinesterase family,E3_1_1_11,,vv40006Cell_wall,
459,VIT_11s0037g01410,64,0.0308,XBAT32 (XB3 ortholog 2 in Arabidopsis thaliana 32),XBAT32,,vv50108Accessory_factors_involved_in_transport,
460,VIT_11s0016g00100,63,0.0304,Adapter protein SPIKE1 (SPK1),,,,
461,VIT_09s0002g01550,59,0.0284,Lecithine cholesterol acyltransferase,E2_3_1_43,,vv10564Glycerophospholipid_metabolism,
462,VIT_18s0001g04660,58,0.0280,No hit,,,,
463,VIT_01s0011g03310,57,0.0275,Unknown protein,,,,
464,VIT_09s0002g05570,56,0.0271,ABC transporter g family pleiotropic drug resistance 12 PDR12,ABCGPDR12,,vv52010ABC_transporters,
465,VIT_01s0011g01810,56,0.0269,No hit,,,,
466,VIT_01s0011g04040,55,0.0267,No hit,,,,
467,VIT_09s0002g05600,54,0.0263,ABC transporter g family pleiotropic drug resistance 12 PDR12,ABCGPDR12,,vv52010ABC_transporters,
468,VIT_08s0007g05970,54,0.0262,Purple acid phosphatase 16 ATPAP16/PAP16,E3_1_3_2,,vv10740Riboflavin_metabolism,
469,VIT_04s0079g00570,54,0.0260,Protein binding / zinc ion binding,,,,
470,VIT_01s0026g02370<br>VIT_01s0026g02390,53,0.0257,
471,VIT_11s0052g00350,53,0.0257,Receptor kinase TRKe,,,,
472,VIT_14s0066g02370,52,0.0252,Transcription factor E2Fe DEL1,DEL1_2,,vv44110Cell_cycle,vv60026E2F-DP
473,VIT_13s0067g00900,50,0.0243,Phosphoinositide-specific phospholipase C,E3_1_4_11,,vv10562Inositol_phosphate_metabolism,vv30001ABA_signaling
474,VIT_18s0075g00530,50,0.0242,Laccase,E1_10_3_2,,vv11000Single_reactions,vv50109Incompletely_characterized_transport_systems
475,VIT_13s0019g02320,50,0.0240,No hit,,,,
476,VIT_14s0030g01890,49,0.0235,Unknown,,,,
477,VIT_11s0016g03960,48,0.0232,Kinesin family member 2/24,K10393,,vv44810Regulation_of_actin_cytoskeleton,
478,VIT_19s0014g04080,47,0.0228,Serine/threonine-protein kinase receptor ARK3,,,,
479,VIT_11s0016g04880,47,0.0227,Salt-inducible protein kinase,,,,
480,VIT_02s0087g01010,46,0.0223,CRK10 (cysteine-rich RLK10),,,,
481,VIT_14s0128g00520,45,0.0218,Alpha-L-fucosidase 2 precursor,E3_2_1_51,,vv10511N-Glycan_degradation,
482,VIT_01s0182g00020,45,0.0218,Ankyrin repeat family protein,,,,
483,VIT_05s0020g03440,45,0.0217,Photosystem II 11 kDa protein PSB27,K08902,,vv10195Photosynthesis,vv50135Primary_active_transporter_cat_D3_to_E2
484,VIT_13s0019g01700,44,0.0213,Scarecrow transcription factor 14 (SCL14),SCL14_1,,vv60032GRAS,
485,VIT_15s0046g01570,44,0.0212,Acidic endochitinase (CHIB1),E3_2_1_14,,vv10530Aminosugars_metabolism,
486,VIT_10s0116g01200,44,0.0212,WRKY DNA-binding protein 6,WRKY6_1,VvWRKY29,vv60066WRKY,
487,VIT_07s0104g00390,42,0.0204,Unknown protein,,,,
488,VIT_10s0003g02590,42,0.0202,SH3 domain-containing protein 3 (SH3P3),SH3P3,,vv50110Protein_coat,
489,VIT_03s0038g00800,41,0.0199,NADP-dependent D-sorbitol-6-phosphate dehydrogenase,E1_1_1_140,,vv10051Fructose_and_mannose_metabolism,
490,VIT_18s0075g00670,41,0.0197,Laccase,E1_10_3_2,,vv11000Single_reactions,vv50109Incompletely_characterized_transport_systems
491,VIT_02s0025g01330,40,0.0194,Polygalacturonase GH28,E3_2_1_15,,vv40006Cell_wall,
492,VIT_02s0025g04870,40,0.0194,No hit,,,,
493,VIT_02s0025g03370,40,0.0193,YDA (YODA),,,,
494,VIT_01s0011g04680,39,0.0189,Glycosyltransferase family 14,,,,
495,VIT_13s0019g02330,39,0.0188,GDP-mannose pyrophosphorylase (GMP1),E2_7_7_22,,vv10051Fructose_and_mannose_metabolism,
496,VIT_00s1352g00010,38,0.0184,Myb domain protein 84,MYB84_3,MYB148,vv60044MYB,
497,VIT_10s0003g05250,36,0.0175,Germin-like protein,,,,
498,VIT_17s0000g06680,36,0.0174,Unknown protein,,,,
499,VIT_05s0049g01200,36,0.0174,S-locus lectin protein kinase,,,,
500,VIT_00s0347g00120,36,0.0174,S-locus lectin protein kinase,,,,
501,VIT_00s0181g00170,36,0.0174,F-box family protein,,,,
502,VIT_07s0005g00410,36,0.0174,Glycosyl hydrolase family 1 protein,,,,
503,VIT_16s0100g00690,35,0.0169,Ankyrin repeat,K10380,,vv50108Accessory_factors_involved_in_transport,
504,VIT_07s0031g00620,35,0.0169,Zeaxanthin epoxidase (ZEP) (ABA1),E1_14_13_90_1,,vv10906Carotenoid_biosynthesis,vv60028FHA
505,VIT_11s0016g05460,34,0.0165,BRI1-KD interacting protein,BRI1INT,,vv30005Brassinosteroids_signaling,
506,VIT_18s0001g06370,33,0.0160,L-ascorbate peroxidase  chloroplast,E1_11_1_11,,vv10053Ascorbate_and_aldarate_metabolism,
507,VIT_09s0002g01650,33,0.0159,5'-nucleotidase surE,E3_1_3_5,,vv10230Purine_metabolism,vv10240Pyrimidine_metabolism
508,VIT_13s0019g01470,32,0.0155,Geranylgeranyltransferase type I beta subunit,E2_5_1_59,,vv10100Biosynthesis_of_steroids,
509,VIT_06s0009g01810,32,0.0155,APK2A (protein kinase 2A),,,,
510,VIT_00s0960g00010,32,0.0155,Phosphosulfolactate synthase protein,E4_4_1_19,,vv10010Glycolysis,
511,VIT_16s0039g00990,32,0.0155,Glutathione S-transferase 8 GSTU8,E2_5_1_18_GSTU8,,vv10480Glutathione_metabolism,
512,VIT_11s0016g03780,31,0.0150,Continuous vascular ring (COV1),COV1,,vv30003Auxin_signaling,
513,VIT_01s0150g00410,31,0.0150,Unknown protein,,,,
514,VIT_10s0116g00960,31,0.0150,Transcription factor jumonji (jmjC) domain-containing protein,JMJD1B_5,,vv60038Jumonji,
515,VIT_00s0179g00250,31,0.0150,No hit,,,,
516,VIT_11s0016g01470,30,0.0145,Lecithine cholesterol acyltransferase,E2_3_1_43,,vv10564Glycerophospholipid_metabolism,
517,VIT_03s0063g01330,30,0.0145,Nodulin 1A  senescence-associated,,,,
518,VIT_01s0146g00440,29,0.0140,Unknown protein,,,,
519,VIT_18s0001g05410,29,0.0139,No hit,,,,
520,VIT_10s0116g00860,29,0.0139,Cardiolipin synthase,K06131,,vv10564Glycerophospholipid_metabolism,
521,VIT_14s0066g02550,28,0.0135,H(+)-ATPase 4 AHA4,K01535,,vv10190Oxidative_phosphorylation,vv50131Primary_active_transporter_cat_A2_to_A4
522,VIT_17s0000g05810,28,0.0135,WRKY DNA-binding protein 72,WRKY72_2,VvWRKY53,vv60066WRKY,
523,VIT_15s0046g00940,27,0.0131,Ubiquitin family,,,,
524,VIT_15s0021g01130,27,0.0131,Rho GTPase; Rho GTP binding protein,E3_6_5_1,,,
525,VIT_18s0075g00630,26,0.0126,Laccase,E1_10_3_2,,vv11000Single_reactions,vv50109Incompletely_characterized_transport_systems
526,VIT_14s0171g00490,25,0.0121,Glucose-6-phosphate 1-dehydrogenase  cytoplasmic isoform,E1_1_1_49,,vv10030Pentose_phosphate,vv10480Glutathione_metabolism
527,VIT_18s0001g08810,25,0.0121,Unknown protein,,,,
528,VIT_13s0067g01700,23,0.0111,Steroid 5alpha-reductase,K09591,,vv10905Brassinosteroid_biosynthesis,
529,VIT_06s0004g04070,22,0.0106,UDP-galactose transporter 5,UTR5,,vv50122Porters_cat_7_to_17,
530,VIT_05s0094g00610,22,0.0106,Pirin,,,,
531,VIT_13s0067g02940,22,0.0106,Amidohydrolase 3,,,,
532,VIT_00s0479g00010,21,0.0102,Protein kinase 6,,,,
533,VIT_01s0010g01760,21,0.0101,Remorin,,,,
534,VIT_11s0118g00080,20,0.0097,Disease resistance protein,,,,
535,VIT_00s0945g00010,20,0.0097,Unknown protein,,,,
536,VIT_15s0048g02070,20,0.0096,BON2-associated protein (BAP2),,,,
537,VIT_05s0124g00390,19,0.0093,2-isopropylmalate synthase B,E2_3_3_13,,vv10290Valine_leucine_and_isoleucine_biosynthesis,vv10620Pyruvate_metabolism
538,VIT_11s0037g00930,19,0.0092,GDP-L-fucose synthase.,E1_1_1_271,,vv10051Fructose_and_mannose_metabolism,
539,VIT_10s0003g01390,19,0.0092,Cupin  RmlC-type,,,,
540,VIT_03s0063g01280<br>VIT_03s0063g01160,19,0.0092,
541,VIT_08s0058g00810,19,0.0092,D-alanine--D-alanine ligase,E6_3_2_4,,vv10252Alanine_and_aspartate_metabolism,
542,VIT_04s0008g00200,19,0.0092,Tryptophan-tRNA ligase,E6_1_1_2,,vv10400Phenylalanine_tyrosine_and_tryptophan_biosynthesis,vv20970Aminoacyl-tRNA_biosynthesis
543,VIT_01s0026g01780,19,0.0091,Leucine-rich repeat transmembrane,,,,
544,VIT_07s0031g00130,19,0.0091,Kinesin protein FRA1 (fragile fiber 1),FRA1,,vv44810Regulation_of_actin_cytoskeleton,
545,VIT_19s0014g04450,18,0.0087,S-locus protein kinase,,,,
546,VIT_03s0088g01180,18,0.0087,Proline iminopeptidase,E3_4_11_5,,vv10330Arginine_and_proline_metabolism,
547,VIT_13s0064g01110,18,0.0087,No hit,,,,
548,VIT_14s0171g00190,18,0.0087,Protoporphyrinogen oxidase,E1_3_3_4,,vv10860Porphyrin_and_chlorophyll_metabolism,
549,VIT_09s0002g02070,18,0.0086,Protein kinase PKN/PRK1,,,,
550,VIT_16s0098g01820,17,0.0083,Unknown protein,,,,
551,VIT_09s0002g01180,17,0.0082,Zinc finger (C3HC4-type ring finger),ZFC3HC4_47,,vv60078Other_zf-C3HC4,
552,VIT_12s0059g01080,17,0.0082,Acid phosphatase/vanadium-dependent haloperoxidase,,,,
553,VIT_03s0038g02490,16,0.0078,SKP1,K03094,,vv24120Ubiquitin_mediated_proteolysis,vv24141Protein_processing_in_endoplasmic_reticulum
554,VIT_07s0141g00590,16,0.0078,Magnesium transporter CorA-like family protein (MRS2-2),MRS2_2,,vv50101Channels_and_pores,
555,VIT_16s0050g02530,16,0.0077,Myb Triptychon,TRIPTYCHON_1,,vv44110Cell_cycle,vv60045MYBrelated
556,VIT_12s0057g00420,16,0.0077,Auxin-responsive protein AIR12,AIR12,,vv30003Auxin_signaling,
557,VIT_04s0008g06970,16,0.0077,DnaJ-like zinc-finger protein,ZNJ3,,vv50132Primary_active_transporter_cat_A5_to_A8,
558,VIT_01s0146g00060,16,0.0077,Glucose-6-phosphate 1-dehydrogenase 2  chloroplast precursor,E1_1_1_49,,vv10030Pentose_phosphate,vv10480Glutathione_metabolism
559,VIT_01s0026g02400,16,0.0077,Glutathione S-transferase 10 GSTU10,E2_5_1_18_GSTU10,,vv10480Glutathione_metabolism,
560,VIT_07s0005g03050,16,0.0077,Deoxyhypusine hydroxylase,E1_14_99_29,,vv10220Urea_cycle_and_metabolism_of_amino_groups,
561,VIT_12s0059g01660,15,0.0073,3-oxoacyl-[acyl-carrier-protein] synthase II,E2_3_1_179,,vv10061Fatty_acid_biosynthesis,
562,VIT_12s0059g02590,15,0.0073,Receptor protein kinase RK20-1,,,,
563,VIT_00s1278g00010,15,0.0072,Brassinosteroid insensitive 1-associated receptor kinase 1,BAK1,,vv30005Brassinosteroids_signaling,
564,VIT_01s0011g06150,15,0.0072,Receptor protein kinase,,,,
565,VIT_17s0000g01560,15,0.0072,Component of oligomeric golgi complex 2,COG2,,vv50111Tethering_factors,
566,VIT_16s0013g01760,15,0.0072,Derlin-1,K11519,,vv24141Protein_processing_in_endoplasmic_reticulum,vv50133Primary_active_transporter_cat_A9_to_A18
567,VIT_16s0098g01770,15,0.0072,Vesicle-associated membrane protein 72,K08511,,vv24130SNARE_interactions_in_vesicular_transport,vv50101Channels_and_pores
568,VIT_10s0042g00880,15,0.0072,Stilbene synthase [Vitis pseudoreticulata],E2_3_1_95,,vv10940Phenylpropanoid_biosynthesis,
569,VIT_12s0059g01120,13,0.0063,CAF protein,,,,
570,VIT_09s0002g04160,13,0.0063,Thioesterase family,,,,
571,VIT_02s0025g00420,13,0.0063,WRKY DNA-binding protein 27,WRKY27_2,VvWRKY04,vv60066WRKY,
572,VIT_03s0088g00810,13,0.0063,Pathogenesis-related protein 1 precursor (PRP 1),PRP1,,vv30011Jasmonate_signaling,vv34626Plant-pathogen_interaction
573,VIT_07s0005g04400,13,0.0063,Photosystem II reaction centre W (PsbW),K08903,,vv10195Photosynthesis,vv50135Primary_active_transporter_cat_D3_to_E2
574,VIT_08s0007g00850,13,0.0063,EFR (EF-TU receptor),K13428,,vv34626Plant-pathogen_interaction,
575,VIT_17s0000g02210,13,0.0062,Hsp70 interacting protein,,,,
576,VIT_12s0034g00130,12,0.0058,Anthocyanidin 3-O-glucosyltransferase,E2_4_1_115,,vv10942Anthocyanin_biosynthesis,
577,VIT_18s0001g01110,12,0.0058,Monooxygenase (MO2),,,,
578,VIT_10s0003g05640,12,0.0058,UDP-arabinose 4-epimerase 3,E5_1_3_5,,vv10520Nucleotide_sugars_metabolism,
579,VIT_13s0019g04070,12,0.0058,MLO1,K08472,,,
580,VIT_17s0053g00120,12,0.0058,Succinyl-CoA ligase alpha 2 subunit,E6_2_1_4,,vv10020Citrate_cycle,
581,VIT_08s0007g06060,12,0.0058,Beta 1-3 glucanase,E3_2_1_6,,,
582,VIT_19s0015g00300,12,0.0058,KCO1 (two pore K channel),K05389_KCO1,,vv50101Channels_and_pores,
583,VIT_06s0004g08180,12,0.0058,Translation initiation factor eIF-2 beta subunit,K03238,,vv23013RNA_transport,
584,VIT_10s0003g00790,12,0.0058,Glutamate receptor protein,GLR2_7,,vv50101Channels_and_pores,
585,VIT_15s0021g01820,12,0.0058,No hit,,,,
586,VIT_16s0050g02450,12,0.0058,Proline-rich cell wall protein,,,,
587,VIT_17s0000g03340,12,0.0058,Wall-associated kinase 4,,,,
588,VIT_08s0105g00440,10,0.0049,Selenoprotein,,,,
589,VIT_11s0016g01060,10,0.0049,Avr9/Cf-9 induced kinase 1,,,,
590,VIT_00s2634g00010<br>VIT_00s0429g00010,10,0.0048,
591,VIT_18s0001g14420,10,0.0048,Unknown,,,,
592,VIT_12s0035g01520,10,0.0048,Disease resistance protein RPS2,,,,
593,VIT_00s0748g00020,10,0.0048,Receptor kinase RK20-1,,,,
594,VIT_14s0108g00350,10,0.0048,3-dehydroquinate synthase,E4_2_3_4,,vv10400Phenylalanine_tyrosine_and_tryptophan_biosynthesis,
595,VIT_10s0071g00230,10,0.0048,HcrVf1 protein,,,,
596,VIT_14s0128g00780,10,0.0048,Lipoxygenase,E1_13_11_12,,vv10592alpha-Linolenic_acid_metabolism,
597,VIT_02s0025g01430,10,0.0048,Zinc finger (C3HC4-type ring finger) family protein ATL1E,ATL1E_1,,vv60078Other_zf-C3HC4,
598,VIT_14s0081g00720,10,0.0048,Basic helix-loop-helix (bHLH) family,BHLHDOM_9,,vv60011BHLH,
599,VIT_03s0038g01450,9,0.0044,No hit,,,,
600,VIT_09s0054g01870,9,0.0044,Transmembrane receptor,,,,
601,VIT_17s0000g07840,9,0.0044,Unknown protein,,,,
602,VIT_03s0038g04530,9,0.0044,S-adenosyl-L-methionine:salicylic acid carboxyl methyltransferase,SAMTBSCMT,,vv10360Phenylalanine_metabolism,
603,VIT_15s0046g01380,9,0.0044,Unknown,,,,
604,VIT_12s0059g00800,9,0.0044,DNA helicase SNF2 domain-containing protein,SNF2HEL_13,,vv60058SNF2,
605,VIT_00s0254g00040,9,0.0044,Heat shock cognate 70 kDa protein 3 (HSC70-3) (HSP70-3),HSC703,,vv23040Spliceosome,vv24141Protein_processing_in_endoplasmic_reticulum
606,VIT_04s0008g05970,9,0.0044,Unknown protein,,,,
607,VIT_05s0077g00450,9,0.0044,Ribosomal protein S1 30S,K02945,,vv23010Ribosome,
608,VIT_17s0000g08200,9,0.0044,Phosphoglycerate/bisphosphoglycerate mutase,E5_4_2_1,,vv10010Glycolysis,
609,VIT_06s0004g03620,9,0.0044,MAPK MPK13,MPK13,,,
610,VIT_12s0028g01780,9,0.0044,FAD-linked oxidoreductase 1,,,,
611,VIT_02s0033g00190,9,0.0043,DNA replication licensing factor MCM2,,,,
612,VIT_13s0064g01100,9,0.0043,No hit,,,,
613,VIT_04s0069g01000,9,0.0043,Drug/metabolite transporter DMT family transporter,DMT,,vv50122Porters_cat_7_to_17,
614,VIT_14s0030g02050,9,0.0043,Auxin-induced protein PCNT115,AUXREG,,vv30003Auxin_signaling,
615,VIT_01s0026g00330,9,0.0043,NHL repeat-containing protein,,,,
616,VIT_19s0014g02340,9,0.0043,Protein phosphatase 2C,E3_1_3_16,,,
617,VIT_04s0069g00470,9,0.0043,No hit,,,,
618,VIT_17s0000g04850,7,0.0034,OBF binding protein 4,OBP4,,vv60015C2C2-DOF,
619,VIT_17s0000g00940,7,0.0034,F-box protein,,,,
620,VIT_17s0000g05350,7,0.0034,5-formyltetrahydrofolate cycloligase,E6_3_3_2,,vv10670One_carbon_pool_by_folate,
621,VIT_03s0038g01050,7,0.0034,Phenylalanine-tRNA ligase,E6_1_1_20,,vv10400Phenylalanine_tyrosine_and_tryptophan_biosynthesis,vv20970Aminoacyl-tRNA_biosynthesis
622,VIT_13s0106g00650,7,0.0034,No hit,,,,
623,VIT_14s0036g00930,7,0.0034,Polyubiquitin (UBQ4),,,,
624,VIT_03s0017g01390,7,0.0034,No hit,,,,
625,VIT_15s0021g01630,7,0.0034,Ethylene responsive element binding factor 2,ERF2_1,,vv30008Ethylene_signaling,vv60003AP2_EREBP
626,VIT_02s0025g01230,6,0.0029,Amino acid permease,AAPREL,,vv50123Porters_cat_18_to_29,
627,VIT_01s0010g01280,6,0.0029,No hit,,,,
628,VIT_13s0019g05360,6,0.0029,KH domain-containing protein NOVA,,,,
629,VIT_17s0000g04750,6,0.0029,UDP-glycosyltransferase 89B2,E2_4_1_17,,vv10040Pentose_glucuronate_interconversion,vv10500Starch_and_sucrose_metabolism
630,VIT_04s0008g03770,6,0.0029,Aspartate aminotransferase P1,E2_6_1_1,vv10710Carbon_fixation,vv10252Alanine_and_aspartate_metabolism,vv10272Cysteine_metabolism
631,VIT_06s0004g08290,6,0.0029,KH domain-containing protein,,,,
632,VIT_17s0000g06710,6,0.0029,Leucine-rich repeat transmembrane protein kinase,,,,
633,VIT_10s0003g01480,6,0.0029,BIN2 (brassinosteroid-insensitive 2),BIN2,,vv30005Brassinosteroids_signaling,
634,VIT_10s0116g00720,6,0.0029,Pre-mRNA cleavage complex,,,,
635,VIT_12s0028g01970,6,0.0029,Serine/threonine-protein kinase NAK,,,,
636,VIT_18s0001g09360,6,0.0029,Hydrogenobyrinic acid a c-diamide synthase,E6_3_5_9,,vv50101Channels_and_pores,
637,VIT_00s0203g00140,6,0.0029,Octicosapeptide/Phox/Bem1p (PB1) domain-containing protein,,,,
638,VIT_14s0036g01090,6,0.0029,Unknown protein,,,,
639,VIT_09s0002g02570,6,0.0029,No hit,,,,
640,VIT_13s0067g00110,6,0.0029,CYP72A1,K13400,,vv10902Monoterpenoid_biosynthesis,
641,VIT_07s0104g01660,6,0.0029,HAK5 (High affinity K+ transporter 5),HAK5,,vv50125Porters_cat_66_to_94,
642,VIT_11s0016g04120,6,0.0029,No hit,,,,
643,VIT_09s0002g05560,6,0.0029,ABC transporter g family pleiotropic drug resistance 12 PDR12,ABCGPDR12,,vv52010ABC_transporters,
644,VIT_17s0000g03560,6,0.0029,(myb domain protein 62,MYB62_1,MYB164,vv60044MYB,
645,VIT_09s0002g01160,6,0.0029,Transcription initiation factor TFIID subunit D7,K14535,,vv23008Ribosome_biogenesis_in_Eukaryotes,vv23022Basal_transcription_factors
646,VIT_09s0096g00950,6,0.0029,No hit,,,,
647,VIT_02s0025g00530,6,0.0029,Unknown,,,,
648,VIT_07s0005g00720,6,0.0029,Pectinesterase family,E3_1_1_11,,vv40006Cell_wall,
649,VIT_13s0106g00780,6,0.0029,Hydrolase  alpha/beta fold,,,,
650,VIT_10s0003g00150,6,0.0029,NSL1 (necrotic spotted lesions 1),,,,
651,VIT_18s0001g08080,6,0.0029,No hit,,,,
652,VIT_19s0015g02420,6,0.0029,Serine/threonine-protein kinase receptor ARK3,,,,
653,VIT_05s0124g00020,6,0.0029,Isocitrate lyase,E4_1_3_1,,vv10630Glyoxylate_and_dicarboxylate_metabolism,
654,VIT_18s0001g11630,6,0.0029,Allene oxide synthase,E4_2_1_92,,vv10592alpha-Linolenic_acid_metabolism,
655,VIT_10s0003g01170,6,0.0029,Basic helix-loop-helix (bHLH) family,BHLHDOM_92,,vv60011BHLH,
656,VIT_08s0007g02470,6,0.0029,Aspartyl protease,E3_4_23_x,,,
657,VIT_04s0069g00980,6,0.0029,WRKY DNA-binding protein 51,WRKY51_4,VvWRKY12,vv60066WRKY,
658,VIT_03s0017g01550,6,0.0029,CRK10 (cysteine-rich RLK10),,,,
659,VIT_03s0038g00920,6,0.0029,Carbohydrate kinase  PfkB,E2_7_1_15,,vv10030Pentose_phosphate,
660,VIT_18s0001g03390,6,0.0029,S-receptor kinase,,,,
661,VIT_18s0117g00290,6,0.0029,Coatomer protein complex  subunit beta 2,COPB2,,vv50110Protein_coat,
662,VIT_16s0039g02930,6,0.0029,Unknown,,,,
663,VIT_12s0055g00920,4,0.0019,Aspartate aminotransferase,E2_6_1_1,vv10710Carbon_fixation,vv10252Alanine_and_aspartate_metabolism,vv10272Cysteine_metabolism
664,VIT_19s0027g00870,4,0.0019,NAC domain-containing protein 42,NAC042_3,VvNAC30,vv60046NAC,
665,VIT_14s0128g00680,4,0.0019,Germin,,,,
666,VIT_02s0025g01420,4,0.0019,Preprotein translocase YidC subunit,K03217,,vv23060Protein_export,vv50122Porters_cat_7_to_17
667,VIT_17s0000g04360,4,0.0019,Wall-associated kinase 2 (WAK2),,,,
668,VIT_14s0068g01630,4,0.0019,Actin related protein 2,ARP2,,vv44810Regulation_of_actin_cytoskeleton,
669,VIT_00s0194g00020,3,0.0015,DNA-directed RNA polymerase II subunit D,K03012,,vv23020RNA_polymerase,
670,VIT_03s0110g00350,3,0.0015,Cinnamyl alcohol dehydrogenase,E1_1_1_195,,vv10940Phenylpropanoid_biosynthesis,
671,VIT_19s0093g00390,3,0.0015,Glutathione S-transferase 25 GSTU25,E2_5_1_18_GSTU25,,vv10480Glutathione_metabolism,
672,VIT_07s0005g02790,3,0.0015,RPK1 (receptor-like protein kinase 1),,,,
673,VIT_16s0013g01510,3,0.0015,WD-repeat protein 8,,,,
674,VIT_18s0041g00670,3,0.0015,Proton-dependent oligopeptide transport (POT) family protein,POT,,vv50122Porters_cat_7_to_17,
675,VIT_18s0001g07870,3,0.0015,Unknown protein,,,,
676,VIT_18s0001g13240,3,0.0015,Thioredoxin H-type 1,,,,
677,VIT_14s0108g01490,3,0.0015,Pentatricopeptide (PPR) repeat-containing protein,,,,
678,VIT_03s0038g02520,3,0.0015,Aquaporin PIP3,PIP3,,vv50101Channels_and_pores,
679,VIT_12s0034g00930,3,0.0015,Band 7 family,BAND7,,vv50108Accessory_factors_involved_in_transport,
680,VIT_07s0104g01770,3,0.0015,RNA recognition motif (RRM)-containing,,,,
681,VIT_16s0100g00010,3,0.0015,Carboxyesterase 20 CXE20,E3_1_1_1,,,
682,VIT_05s0077g01660,3,0.0015,Major allergen protein homolog,,,,
683,VIT_06s0004g05850,3,0.0015,Zinc finger (C3HC4-type ring finger),ZFC3HC4_34,,vv60078Other_zf-C3HC4,
684,VIT_00s2582g00010,3,0.0015,Unknown,,,,
685,VIT_03s0097g00460,3,0.0015,Geraniol 10-hydroxylase,G10H,,vv10902Monoterpenoid_biosynthesis,
686,VIT_14s0128g00610<br>VIT_14s0128g00640,3,0.0015,
687,VIT_18s0166g00060,3,0.0015,No hit,,,,
688,VIT_09s0002g04720,3,0.0015,Coatomer protein complex  subunit beta 2,COPB2,,vv50110Protein_coat,
689,VIT_06s0009g02040,3,0.0015,Plectin (myosin-like),K10388,,vv44810Regulation_of_actin_cytoskeleton,
690,VIT_13s0019g01810,3,0.0015,Scarecrow transcription factor 14 (SCL14),SCL14_3,,vv60032GRAS,
691,VIT_19s0027g00380,3,0.0015,Amine oxidase,E1_4_3_4,,vv10220Urea_cycle_and_metabolism_of_amino_groups,vv10340Histidine_metabolism
692,VIT_18s0001g15710,3,0.0015,Electron carrier/ oxidoreductase,,,,
693,VIT_03s0038g01820,3,0.0015,Translocon-associated protein alpha TRAP complex,K13249,,vv24141Protein_processing_in_endoplasmic_reticulum,vv50133Primary_active_transporter_cat_A9_to_A18
694,VIT_02s0012g02340,3,0.0015,CYP76C4,,,,
695,VIT_18s0117g00040,3,0.0015,No hit,,,,
696,VIT_00s0203g00100,3,0.0015,AarF domain-containing kinase ABC1,K08869,,,
697,VIT_18s0117g00300,3,0.0015,Coatomer protein complex  subunit beta 2,COPB2,,vv50110Protein_coat,
698,VIT_00s0448g00020,3,0.0015,R protein  PRF  disease resistance protein,K13453,,vv34627R_proteins_from_Plant-pathogen_interaction,
699,VIT_11s0037g01110,3,0.0015,Unknown protein,,,,
700,VIT_05s0049g01130,3,0.0015,Aldo/keto reductase,E1_1_1_21,,vv10040Pentose_glucuronate_interconversion,vv10051Fructose_and_mannose_metabolism
701,VIT_13s0019g00020,3,0.0015,Cation efflux MTP11,MTP11,,vv50121Porters_cat_1_to_6,
702,VIT_08s0058g01050,3,0.0015,Unknown protein,,,,
703,VIT_17s0000g06220,3,0.0015,Exostosin,K02366,,vv11030Glycan_structures-biosynthesis1,
704,VIT_19s0090g01470,3,0.0015,Protease inhibitor/seed storage/lipid transfer protein (LTP),,,,
705,VIT_14s0128g00300,3,0.0015,Ctp,,,,
706,VIT_06s0004g01810,3,0.0015,MSF1,,,,
707,VIT_15s0046g02220,3,0.0014,ACC synthase,E4_4_1_14,,vv10640Propanoate_metabolism,vv30008Ethylene_signaling
708,VIT_12s0035g00270,3,0.0014,ferredoxin  chloroplast (PETF),K02639,,vv10195Photosynthesis,
709,VIT_18s0001g04480,3,0.0014,Germacrene-D synthase,E4_2_3_22,,vv10900Terpenoid_biosynthesis,
710,VIT_00s2648g00010,3,0.0014,FAD-dependent pyridine nucleotide-disulphide oxidoreductase,,,,
711,VIT_08s0007g05320,3,0.0014,Essential for mitotic growth 1,K14568,,vv23008Ribosome_biogenesis_in_Eukaryotes,
712,VIT_15s0021g01340,3,0.0014,Phagocytosis and cell motility protein ELMO1,,,,
713,VIT_07s0031g01260,3,0.0014,No hit,,,,
714,VIT_11s0052g00020,3,0.0014,Balbiani ring 1,,,,
715,VIT_11s0065g00640,3,0.0014,Cycloartenol synthase,E5_4_99_8,,vv10100Biosynthesis_of_steroids,
716,VIT_12s0028g03100,3,0.0014,GPRI1 (GOLDEN2 1),GPRI1,,vv60029G2-like,
717,VIT_14s0068g02210,3,0.0014,HcrVf1 protein,,,,
718,VIT_10s0003g01360,3,0.0014,Cysteine protease,E3_4_22_x,,,
719,VIT_10s0003g00480,3,0.0014,Isoflavone methyltransferase/ Orcinol O-methyltransferase 1 oomt1,E2_1_1_46,,vv10943Isoflavonoid_biosynthesis,
720,VIT_06s0009g00210,3,0.0014,Calmodulin-binding region IQ5,,,,
721,VIT_00s0375g00050,3,0.0014,No hit,,,,
722,VIT_18s0089g00220,3,0.0014,RNA recognition motif (RRM)-containing protein,,,,
723,VIT_01s0011g03420,3,0.0014,Unknown protein,,,,
724,VIT_01s0026g01120,3,0.0014,R protein L6,K13477,,vv34627R_proteins_from_Plant-pathogen_interaction,
725,VIT_00s0531g00010,3,0.0014,HEAT repeat-containing protein,,,,
726,VIT_02s0033g00270,3,0.0014,Pinoresinol-lariciresinol reductase,PLR,,vv10940Phenylpropanoid_biosynthesis,
727,VIT_12s0059g01820,3,0.0014,Protein phosphatase 1D,K10147,,,
728,VIT_07s0104g00300,3,0.0014,Hemolysin,K06442,,vv50109Incompletely_characterized_transport_systems,
729,VIT_09s0054g00370,3,0.0014,Mannosyl-oligosaccharide 1 2-alpha-mannosidase IA,E3_2_1_113,,vv10510N-Glycan_biosynthesis,vv11030Glycan_structures-biosynthesis1
730,VIT_09s0054g00960,3,0.0014,No hit,,,,
731,VIT_12s0057g00400,3,0.0014,Threonyl-tRNA synthetase / threonine--tRNA ligase,E6_1_1_3,,vv10260Glycine_serine_and_threonine_metabolism,vv20970Aminoacyl-tRNA_biosynthesis
732,VIT_00s0258g00130<br>VIT_16s0148g00370,3,0.0014,
733,VIT_11s0016g02780,3,0.0014,Myb domain protein 68,MYB68_1,MYB154,vv60044MYB,
734,VIT_18s0001g08090,3,0.0014,IAA9,IAA9_4,,vv30003Auxin_signaling,vv60008AUXIAA
735,VIT_04s0069g01090,3,0.0014,No hit,,,,
736,VIT_01s0010g02170,3,0.0014,CAAX amino terminal protease,,,,
737,VIT_13s0074g00620,3,0.0014,Kelch repeat-containing protein,,,,
738,VIT_08s0040g02210,3,0.0014,Lectin protein kinase,,,,
739,VIT_14s0128g00690,3,0.0014,Germin protein 3,,,,
740,VIT_00s0804g00020,3,0.0014,Unknown protein,,,,
741,VIT_01s0026g02640,3,0.0014,UbiE/COQ5 methyltransferase,K06127,,vv10130Ubiquinone_biosynthesis,
742,VIT_19s0014g03640,3,0.0014,Myosin VII,K10359,,vv44810Regulation_of_actin_cytoskeleton,
743,VIT_01s0026g00590,3,0.0014,GCN5 N-acetyltransferase (GNAT),GCN5_11,,vv60082GNAT,
744,VIT_08s0056g00620,3,0.0014,V-type H+-transporting ATPase subunit E,K02150,,vv10190Oxidative_phosphorylation,vv44145Phagosome
745,VIT_17s0000g03160,3,0.0014,No hit,,,,
746,VIT_04s0044g00400,3,0.0014,MTN21,MTN21,,vv50122Porters_cat_7_to_17,
747,VIT_14s0006g02630,3,0.0014,Receptor-like kinase ARK1AS,,,,
748,VIT_13s0019g01490,3,0.0014,C2 domain-containing protein,,,,
749,VIT_08s0058g00040,3,0.0014,Verticillium wilt disease resistance protein Ve2,,,,
750,VIT_14s0006g00430,3,0.0014,Carboxylesterase,E3_1_1_1,,,
751,VIT_01s0011g02390,3,0.0014,Unknown,,,,
752,VIT_14s0128g00320,3,0.0014,Amidase,E3_5_1_4,,vv10220Urea_cycle_and_metabolism_of_amino_groups,vv10360Phenylalanine_metabolism
753,VIT_11s0016g04940,3,0.0014,Zinc finger (CCCH-type) family protein,CCCHFAM_12,,vv60018C3H,
754,VIT_18s0001g12090,3,0.0014,Unknown protein,,,,
