Vv_m2,2000,1000,VIT_16s0100g01200<br>VIT_16s0100g01070
rank,node,Fabs,Frel,Functional-annotation,Name-EC-KeggID,Updated-name,Network1,Network2
1,VIT_16s0100g01190,2063,1.0000,Stilbene synthase [Vitis vinifera],E2_3_1_95,,vv10940Phenylpropanoid_biosynthesis,
2,VIT_16s0100g01140,2068,1.0000,Stilbene synthase 2,E2_3_1_95,,vv10940Phenylpropanoid_biosynthesis,
3,VIT_16s0100g01100,2061,1.0000,Stilbene synthase,E2_3_1_95,,vv10940Phenylpropanoid_biosynthesis,
4,VIT_16s0100g01010<br>VIT_16s0100g00950<br>VIT_16s0100g01030<br>VIT_16s0100g00990,2063,1.0000,
5,VIT_16s0100g00830<br>VIT_16s0100g01120<br>VIT_16s0100g00780<br>VIT_16s0100g00910,2062,1.0000,
6,VIT_06s0004g01010,2079,1.0000,Dirigent protein pDIR9,,,,
7,VIT_16s0100g00750,2069,1.0000,Stilbene synthase,E2_3_1_95,,vv10940Phenylpropanoid_biosynthesis,
8,VIT_06s0004g01020,2068,0.9995,Dirigent protein,,,,
9,VIT_16s0100g01040,2040,0.9908,Stilbene synthase - grape,E2_3_1_95,,vv10940Phenylpropanoid_biosynthesis,
10,VIT_10s0003g04080,2060,0.9904,Unknown,,,,
11,VIT_05s0077g01530,2045,0.9884,Pathogenesis protein 10 [Vitis vinifera],,,,
12,VIT_16s0100g01000,2035,0.9883,Stilbene synthase 4,E2_3_1_95,,vv10940Phenylpropanoid_biosynthesis,
13,VIT_16s0100g01150,2050,0.9856,Stilbene synthase [Vitis vinifera],E2_3_1_95,,vv10940Phenylpropanoid_biosynthesis,
14,VIT_03s0038g03400,2015,0.9767,Endochitinase 1  basic,E3_2_1_14,,vv10530Aminosugars_metabolism,
15,VIT_16s0100g00770,2023,0.9745,Stilbene synthase,E2_3_1_95,,vv10940Phenylpropanoid_biosynthesis,
16,VIT_16s0100g01130,2003,0.9653,Stilbene synthase [Vitis vinifera],E2_3_1_95,,vv10940Phenylpropanoid_biosynthesis,
17,VIT_16s0100g01160,1992,0.9623,Stilbene synthase [Vitis vinifera],E2_3_1_95,,vv10940Phenylpropanoid_biosynthesis,
18,VIT_06s0004g01030,1980,0.9602,Dirigent protein,,,,
19,VIT_04s0044g00270,1965,0.9534,Monooxygenase (MO3),,,,
20,VIT_11s0065g00350,1938,0.9431,Trans-cinnamate 4-monooxygenase,E1_14_13_11,,vv10360Phenylalanine_metabolism,vv10940Phenylpropanoid_biosynthesis
21,VIT_08s0007g08750,1946,0.9383,Heat shock transcription factor B3,HSFB3,,vv60037HSF,
22,VIT_16s0100g01060,1919,0.9316,Stilbene synthase,E2_3_1_95,,vv10940Phenylpropanoid_biosynthesis,
23,VIT_07s0141g00890,1921,0.9262,CYP94A1,,,,
24,VIT_18s0001g10180,1887,0.9174,N-hydroxycinnamoyl/benzoyltransferase 3,,,,
25,VIT_11s0078g00290,1893,0.9167,Cinnamate 4-hydroxylase,E1_14_13_11,,vv10360Phenylalanine_metabolism,vv10940Phenylpropanoid_biosynthesis
26,VIT_09s0002g02320,1845,0.8900,Cell wall apoplastic invertase,E3_2_1_26,,vv10052Galactose_metabolism,vv10500Starch_and_sucrose_metabolism
27,VIT_07s0104g00220,1836,0.8878,Phenazine biosynthesis PhzC/PhzF,K06998,,vv10400Phenylalanine_tyrosine_and_tryptophan_biosynthesis,
28,VIT_00s0226g00100,1838,0.8866,Regulator of chromosome condensation (RCC1),RCC1,,vv50112Nuclear_pore_complex,
29,VIT_16s0039g01240<br>VIT_16s0039g01360<br>VIT_16s0039g01130<br>VITisv_009233<br>VIT_16s0039g01100<br>VIT_00s2508g00010<br>VITisv_032212<br>VIT_16s0039g01120<br>VIT_16s0039g01320<br>VIT_00s2849g00010<br>VIT_16s0039g01300<br>VIT_16s0039g01170<br>VIT_16s0039g01280,1819,0.8800,
30,VIT_05s0077g01570,1820,0.8788,Pathogenesis protein 10 [Vitis vinifera],,,,
31,VIT_16s0100g00860<br>VIT_16s0100g00940<br>VIT_16s0100g00800<br>VIT_16s0100g00920<br>VIT_16s0100g00930<br>VIT_16s0100g00810<br>VIT_16s0100g00840<br>VIT_16s0100g00850,1818,0.8787,
32,VIT_05s0077g01690,1805,0.8766,Pathogenesis protein 10 [Vitis vinifera],,,,
33,VIT_14s0036g01060,1818,0.8732,Unknown protein,,,,
34,VIT_14s0108g00930,1787,0.8713,Unknown protein,,,,
35,VIT_15s0048g01350,1777,0.8622,Gibberellin receptor GID1L3,GID1C,,vv30010Gibberellin_signaling,
36,VIT_05s0077g01550,1772,0.8594,Pathogenesis protein 10.3 [Vitis quinquangularis],,,,
37,VIT_09s0054g00580<br>VIT_09s0054g00570,1763,0.8529,
38,VIT_18s0117g00550,1742,0.8452,Laccase,E1_10_3_2,,vv11000Single_reactions,vv50109Incompletely_characterized_transport_systems
39,VIT_07s0005g03340,1757,0.8431,Myb domain protein 14,MYB14_2,MYB14,vv60044MYB,
40,VIT_19s0014g01370,1731,0.8399,Curculin (mannose-binding) lectin,,,,
41,VIT_14s0060g02750<br>VIT_14s0128g00970<br>VIT_14s0128g00990<br>VIT_14s0128g00980<br>VIT_14s0128g01010<br>VIT_14s0128g01030<br>VIT_14s0128g01020<br>VIT_14s0128g01040,1724,0.8345,
42,VIT_16s0100g00760,1715,0.8317,Stilbene synthase 2 [Vitis sp. cv. 'Norton'],E2_3_1_95,,vv10940Phenylpropanoid_biosynthesis,
43,VIT_04s0069g01010,1705,0.8265,Harpin-induced protein,,,,
44,VIT_10s0042g00930<br>VIT_10s0042g00890<br>VIT_10s0042g00870<br>VIT_10s0042g00860<br>VIT_10s0042g00920,1712,0.8263,
45,VIT_06s0004g01990,1694,0.8203,No hit,,,,
46,VIT_16s0100g00960,1706,0.8190,Stilbene synthase [Vitis pseudoreticulata],E2_3_1_95,,vv10940Phenylpropanoid_biosynthesis,
47,VIT_18s0001g02760,1698,0.8163,Lipase GDSL,,,,
48,VIT_11s0016g03080,1683,0.8150,Clavata1 receptor kinase (CLV1),,,,
49,VIT_16s0100g01110,1693,0.8147,Resveratrol synthase (RS1),E2_3_1_95,,vv10940Phenylpropanoid_biosynthesis,
50,VIT_02s0025g02770,1673,0.8145,Glucan endo-1 3-beta-glucosidase 7 precursor,E3_2_1_39,,vv10500Starch_and_sucrose_metabolism,
51,VIT_08s0032g00240,1670,0.8087,CYP71A22,E1_14_13_73,,vv10902Monoterpenoid_biosynthesis,
52,VIT_02s0025g02920,1668,0.8019,Quercetin 3-O-methyltransferase 1,E2_1_1_76,,vv10941Flavonoid_biosynthesis,
53,VIT_06s0004g00610,1666,0.8010,Accelerated cell death 1 ACD1,ACD1,,vv50133Primary_active_transporter_cat_A9_to_A18,
54,VIT_09s0002g02970,1656,0.7985,Unknown,,,,
55,VIT_17s0000g01650,1644,0.7946,Cyclopropyl isomerase,E5_5_1_9,,vv10100Biosynthesis_of_steroids,
56,VIT_02s0025g02170,1641,0.7935,Trehalase precursor,E2_4_1_15,,vv10500Starch_and_sucrose_metabolism,
57,VIT_05s0077g01560,1638,0.7921,Pathogenesis protein 10.3 [Vitis quinquangularis],,,,
58,VIT_11s0016g02070,1629,0.7858,Basic helix-loop-helix (bHLH) family,BHLHDOM_63,,vv60011BHLH,
59,VIT_05s0020g03140,1617,0.7842,Sugar transporter 13,STP13,,vv50121Porters_cat_1_to_6,
60,VIT_14s0068g01250,1608,0.7817,Mitochondrial phosphate transporter,MPHOSPTR,,vv50123Porters_cat_18_to_29,
61,VIT_18s0001g00920<br>VIT_18s0075g00590<br>VIT_18s0001g00850<br>VIT_18s0075g00780<br>VIT_18s0001g00790<br>VIT_18s0001g00730<br>VIT_18s0001g00310<br>VIT_18s0075g00620<br>VIT_18s0075g00540<br>VIT_18s0075g00600<br>VIT_18s0075g00580<br>VIT_00s0481g00020<br>VIT_18s0001g00930,1612,0.7776,
62,VIT_05s0020g03280,1615,0.7757,Copper amine oxidase,E1_4_3_4,,vv10220Urea_cycle_and_metabolism_of_amino_groups,vv10340Histidine_metabolism
63,VIT_18s0001g04280,1597,0.7726,(-)-germacrene D synthase,E4_2_3_22,,vv10900Terpenoid_biosynthesis,
64,VIT_16s0100g00880,1579,0.7650,Stilbene synthase [Vitis pseudoreticulata],E2_3_1_95,,vv10940Phenylpropanoid_biosynthesis,
65,VIT_07s0005g02660,1574,0.7622,ABC transporter B member 13,ABCB13,,vv52010ABC_transporters,
66,VIT_02s0033g00660<br>VIT_02s0033g00850<br>VIT_02s0033g00870<br>VIT_02s0033g00800,1570,0.7607,
67,VIT_10s0003g01160,1578,0.7594,Basic helix-loop-helix (bHLH) family,BHLHDOM_23,,vv60011BHLH,
68,VIT_15s0048g01080,1561,0.7563,Unknown,,,,
69,VIT_09s0002g02950,1533,0.7478,No hit,,,,
70,VIT_06s0061g01210,1533,0.7438,Lysine histidine transporter 1,LHT1,,vv50123Porters_cat_18_to_29,
71,VIT_14s0066g01670,1536,0.7435,Alpha-dioxygenase,K10529,,vv10592alpha-Linolenic_acid_metabolism,
72,VIT_05s0020g03290,1535,0.7359,S-receptor kinase,,,,
73,VIT_16s0039g01110,1516,0.7352,Phenylalanin ammonia-lyase [Vitis vinifera],E4_3_1_5,,vv10350Tyrosine_metabolism,vv10360Phenylalanine_metabolism
74,VIT_02s0236g00120,1499,0.7263,Unknown,,,,
75,VIT_14s0128g00540<br>VIT_14s0128g00570<br>VIT_14s0128g00600,1499,0.7256,
76,VIT_12s0057g01100,1501,0.7255,Nudix hydrolase 2,,,,
77,VIT_00s0270g00120,1503,0.7247,Alpha-amylase/subtilisin inhibitor,E3_2_1_1,,vv10500Starch_and_sucrose_metabolism,
78,VIT_00s1212g00020,1479,0.7131,Laccase,E1_10_3_2,,vv11000Single_reactions,vv50109Incompletely_characterized_transport_systems
79,VIT_12s0059g01720,1483,0.7126,No hit,,,,
80,VIT_10s0042g00850,1459,0.7048,Stilbene synthase [Vitis pseudoreticulata],E2_3_1_95,,vv10940Phenylpropanoid_biosynthesis,
81,VIT_18s0001g15130,1454,0.7041,WD40 repeat protein,,,,
82,VIT_09s0002g01320,1463,0.7040,Germin-like protein,,,,
83,VIT_05s0020g02080,1463,0.7037,Zinc finger (C3HC4-type ring finger),ZFC3HC4_164,,vv60078Other_zf-C3HC4,
84,VIT_00s0301g00090,1446,0.7033,NDA2 (alternative NAD(P)H dehydrogenase 2),K03885,,vv10190Oxidative_phosphorylation,vv50134Primary_active_transporter_cat_D1
85,VIT_05s0020g05040,1460,0.7033,Proteinase inhibitor 1 PPI3B2,,,,
86,VIT_07s0005g05780,1450,0.7015,Pantoate--beta-alanine ligase,E6_3_2_1,,vv10410Beta-alanine_metabolism,vv10770Pantothenate_and_CoA_biosynthesis
87,VIT_07s0129g01010,1445,0.7008,Unknown,,,,
88,VIT_18s0122g00690,1445,0.6994,Laccase,E1_10_3_2,,vv11000Single_reactions,vv50109Incompletely_characterized_transport_systems
89,VIT_02s0012g00730,1434,0.6961,Purine permease 10 PUP10,PUP10,,vv50122Porters_cat_7_to_17,
90,VIT_18s0001g15660,1437,0.6939,Pathogen-related,,,,
91,VIT_10s0042g00840,1417,0.6842,Stilbene synthase [Vitis pseudoreticulata],E2_3_1_95,,vv10940Phenylpropanoid_biosynthesis,
92,VIT_00s0413g00010,1412,0.6841,Laccase (diphenol oxidase) family protein,E1_10_3_2,,vv11000Single_reactions,vv50109Incompletely_characterized_transport_systems
93,VIT_06s0004g02010,1409,0.6803,No hit,,,,
94,VIT_18s0075g00810,1392,0.6747,Laccase,E1_10_3_2,,vv11000Single_reactions,vv50109Incompletely_characterized_transport_systems
95,VIT_16s0050g00400,1384,0.6705,Photoassimilate-responsive protein PAR-1a,,,,
96,VIT_04s0043g00250,1383,0.6704,Nonsense-mediated mRNA decay NMD3,K07562,,vv23008Ribosome_biogenesis_in_Eukaryotes,vv23013RNA_transport
97,VIT_10s0071g00230,1377,0.6665,HcrVf1 protein,,,,
98,VIT_12s0035g01000,1373,0.6646,Serine protease inhibitor  serine-type,,,,
99,VIT_06s0009g02600<br>VIT_06s0009g02630,1363,0.6607,
100,VIT_18s0001g10200<br>VIT_18s0001g10230,1356,0.6554,
101,VIT_04s0008g05350,1359,0.6546,Serine hydrolase [Vitis vinifera],E4_3_1_18,,vv10260Glycine_serine_and_threonine_metabolism,
102,VIT_17s0000g03130,1340,0.6521,Unknown protein,,,,
103,VIT_08s0007g05350,1345,0.6504,Haloacid dehalogenase hydrolase,E3_1_3_18,,vv10630Glyoxylate_and_dicarboxylate_metabolism,
104,VIT_15s0021g02470,1343,0.6504,Epoxide hydrolase-like protein,E3_3_2_10,,,
105,VIT_06s0009g02590,1342,0.6471,Pectinesterase family,E3_1_1_11,,vv40006Cell_wall,
106,VIT_11s0016g00570,1340,0.6461,Dimethylaniline monooxygenase (N-oxide forming) 2,E1_14_13_8,,vv11000Single_reactions,
107,VIT_13s0074g00570,1336,0.6454,Gamma-aminobutyric acid transporter,GAT1,,vv50123Porters_cat_18_to_29,
108,VIT_18s0001g03390,1319,0.6366,S-receptor kinase,,,,
109,VIT_17s0000g00650,1308,0.6350,No hit,,,,
110,VIT_16s0100g00900,1311,0.6306,Stilbene synthase [Vitis pseudoreticulata],E2_3_1_95,,vv10940Phenylpropanoid_biosynthesis,
111,VIT_03s0088g00690,1310,0.6274,Pathogenesis-related protein 1 precursor (PRP 1),PRP1,,vv30011Jasmonate_signaling,vv34626Plant-pathogen_interaction
112,VIT_01s0011g04780,1287,0.6242,Unknown protein,,,,
113,VIT_09s0002g02580,1289,0.6215,No hit,,,,
114,VIT_19s0093g00320,1285,0.6178,Glutathione S-transferase 25 GSTU25,E2_5_1_18_GSTU25,,vv10480Glutathione_metabolism,
115,VIT_09s0002g05610,1263,0.6113,Unknown,,,,
116,VIT_17s0000g00640,1263,0.6099,No hit,,,,
117,VIT_02s0033g00270,1238,0.6018,Pinoresinol-lariciresinol reductase,PLR,,vv10940Phenylpropanoid_biosynthesis,
118,VIT_10s0042g00910,1240,0.5990,Stilbene synthase [Vitis pseudoreticulata],E2_3_1_95,,vv10940Phenylpropanoid_biosynthesis,
119,VIT_07s0151g00260,1219,0.5926,Quinone-oxidoreductase  Chloroplast,K03956,,vv10190Oxidative_phosphorylation,vv50134Primary_active_transporter_cat_D1
120,VIT_18s0001g11130,1224,0.5924,Calmodulin-binding protein AR781,,,,
121,VIT_15s0048g00510,1225,0.5921,Pectinesterase family,E3_1_1_11,,vv40006Cell_wall,
122,VIT_11s0016g03960,1226,0.5903,Kinesin family member 2/24,K10393,,vv44810Regulation_of_actin_cytoskeleton,
123,VIT_00s0194g00120,1220,0.5897,Serine acetyltransferase,E2_3_1_30,,vv10272Cysteine_metabolism,vv10920Sulfur_metabolism
124,VIT_05s0049g01980,1210,0.5840,3-isopropylmalate dehydratase large subunit 2,E4_2_1_33,,vv10290Valine_leucine_and_isoleucine_biosynthesis,
125,VIT_02s0033g00700,1194,0.5779,Nitrilase,E3_5_5_1,,vv10460Cyanoamino_acid_metabolism,vv10910Nitrogen_metabolism
126,VIT_05s0094g00260<br>VIT_05s0094g00220,1190,0.5752,
127,VIT_14s0060g00460,1174,0.5707,Receptor-like protein kinase,,,,
128,VIT_16s0050g00430,1175,0.5676,Photoassimilate-responsive protein PAR-1a,,,,
129,VIT_15s0021g02060,1162,0.5668,Arbutin synthase,E2_4_1_218,,vv10500Starch_and_sucrose_metabolism,
130,VIT_17s0000g03560,1163,0.5651,(myb domain protein 62,MYB62_1,MYB164,vv60044MYB,
131,VIT_17s0000g07640,1149,0.5551,Mannose-1-phosphate guanyltransferase,E2_7_7_23,,vv10530Aminosugars_metabolism,
132,VIT_01s0010g03930,1140,0.5531,WRKY DNA-binding protein 75,WRKY75_1,VvWRKY03,vv60066WRKY,
133,VIT_04s0044g00040,1138,0.5506,Dirigent,,,,
134,VIT_05s0062g00980,1109,0.5391,Aldo/keto reductase AKR,E1_1_1_21,,vv10040Pentose_glucuronate_interconversion,vv10051Fructose_and_mannose_metabolism
135,VIT_18s0001g01110,1107,0.5338,Monooxygenase (MO2),,,,
136,VIT_05s0020g03680,1100,0.5304,GCN5 N-acetyltransferase (GNAT),GCN5_7,,vv60082GNAT,
137,VIT_11s0016g03190,1095,0.5303,Unknown,,,,
138,VIT_18s0001g00840,1087,0.5292,Syringolide-induced protein 14-1-1,,,,
139,VIT_00s0480g00030,1073,0.5209,Polyphenol oxidase,E1_10_3_1,,vv10350Tyrosine_metabolism,vv50109Incompletely_characterized_transport_systems
140,VIT_14s0171g00490,1081,0.5175,Glucose-6-phosphate 1-dehydrogenase  cytoplasmic isoform,E1_1_1_49,,vv10030Pentose_phosphate,vv10480Glutathione_metabolism
141,VIT_17s0000g04230,1069,0.5157,Translation initiation factor eIF-2B delta subunit,K03680,,vv23013RNA_transport,
142,VIT_00s0437g00070,1062,0.5133,Receptor kinase RK20-1,,,,
143,VIT_12s0028g00860,1057,0.5124,NAC domain-containing protein 42,NAC042_5,VvNAC36,vv60046NAC,
144,VIT_15s0046g02170,1047,0.5051,3-methyl-2-oxobutanoate hydroxy-methyl-transferase,E2_1_2_11,,vv10770Pantothenate_and_CoA_biosynthesis,
145,VIT_05s0077g01680,1040,0.5029,Mal d 1 allergen,,,,
146,VIT_04s0044g00220,1036,0.5017,Monooxygenase,,,,
147,VIT_12s0059g01380,1038,0.5010,1-aminocyclopropane-1-carboxylate oxidase 1,E1_14_17_4,,vv10640Propanoate_metabolism,vv30008Ethylene_signaling
148,VIT_11s0037g01410,1030,0.5002,XBAT32 (XB3 ortholog 2 in Arabidopsis thaliana 32),XBAT32,,vv50108Accessory_factors_involved_in_transport,
149,VIT_11s0016g05460,1024,0.4942,BRI1-KD interacting protein,BRI1INT,,vv30005Brassinosteroids_signaling,
150,VIT_09s0002g05570,1020,0.4935,ABC transporter g family pleiotropic drug resistance 12 PDR12,ABCGPDR12,,vv52010ABC_transporters,
151,VIT_14s0068g01770,1023,0.4923,WRKY DNA-binding protein 75,WRKY75_2,VvWRKY43,vv60066WRKY,
152,VIT_02s0025g04340,1010,0.4891,Osmotin,,,,
153,VIT_14s0060g02760,1004,0.4867,Germin-like protein 3 [Vitis vinifera],,,,
154,VIT_18s0001g12500,999,0.4821,Unknown protein,,,,
155,VIT_06s0009g02020,992,0.4809,Tubulin beta-4 chain,K07375,,vv44145Phagosome,vv44810Regulation_of_actin_cytoskeleton
156,VIT_06s0004g02030,990,0.4785,Xanthine dehydrogenase/oxidase,E1_17_1_4,,vv10230Purine_metabolism,vv44146Peroxisome
157,VIT_06s0009g02560,993,0.4772,Pectinesterase family,E3_1_1_11,,vv40006Cell_wall,
158,VIT_08s0058g00790,974,0.4719,Secoisolariciresinol dehydrogenase,SIRD,,vv10940Phenylpropanoid_biosynthesis,
159,VIT_11s0016g01470,973,0.4698,Lecithine cholesterol acyltransferase,E2_3_1_43,,vv10564Glycerophospholipid_metabolism,
160,VIT_17s0000g06220,971,0.4673,Exostosin,K02366,,vv11030Glycan_structures-biosynthesis1,
161,VIT_01s0011g05440,958,0.4619,Unknown protein,,,,
162,VIT_05s0077g01600,948,0.4589,Pathogenesis protein 10 [Vitis vinifera],,,,
163,VIT_02s0025g02930,945,0.4570,Caffeic acid O-3-methyltransferase,E2_1_1_68,,vv10940Phenylpropanoid_biosynthesis,
164,VIT_18s0001g05780,940,0.4565,Leucine-rich repeat family protein,,,,
165,VIT_01s0011g04760,944,0.4554,Myb domain protein 4,MYB4_2,MYBC2-L1,vv60044MYB,
166,VIT_18s0041g02010<br>VIT_18s0041g02050,947,0.4542,
167,VIT_10s0116g00960,935,0.4506,Transcription factor jumonji (jmjC) domain-containing protein,JMJD1B_5,,vv60038Jumonji,
168,VIT_14s0083g00260,931,0.4493,No hit,,,,
169,VIT_19s0090g00060,931,0.4487,Biopterin transport-related protein BT1,BIOPTERIN,,vv50125Porters_cat_66_to_94,
170,VIT_12s0028g02530,926,0.4486,Zinc finger (C3HC4-type ring finger),ZFC3HC4_36,,vv60078Other_zf-C3HC4,
171,VIT_05s0049g01020,926,0.4467,Myb domain protein 14,MYB14_3,,vv60044MYB,
172,VIT_18s0166g00260,917,0.4456,No hit,,,,
173,VIT_01s0011g02320,913,0.4428,Unknown protein,,,,
174,VIT_19s0085g01200,907,0.4390,CTP synthase,E6_3_4_2,,vv10240Pyrimidine_metabolism,
175,VIT_09s0002g01550,902,0.4366,Lecithine cholesterol acyltransferase,E2_3_1_43,,vv10564Glycerophospholipid_metabolism,
176,VIT_01s0011g00380,905,0.4359,SP1L1 (SPIRAL1-like1),,,,
177,VIT_03s0088g00700,896,0.4331,Pathogenesis related protein 1 precursor (pr1 gene),PRP1,,vv30011Jasmonate_signaling,vv34626Plant-pathogen_interaction
178,VIT_16s0050g01090,892,0.4330,Beta-carotene hydroxylase,K02294,,vv10906Carotenoid_biosynthesis,
179,VIT_06s0004g08180,894,0.4323,Translation initiation factor eIF-2 beta subunit,K03238,,vv23013RNA_transport,
180,VIT_08s0040g03100,887,0.4316,Glutathione S-transferase GSTO1,E2_5_1_18_GSTO1,,vv10480Glutathione_metabolism,
181,VIT_16s0148g00290<br>VIT_16s0148g00360<br>VIT_16s0148g00100<br>VIT_00s0258g00140,890,0.4304,
182,VIT_18s0001g05410,887,0.4300,No hit,,,,
183,VIT_18s0075g00960,876,0.4259,Laccase,E1_10_3_2,,vv11000Single_reactions,vv50109Incompletely_characterized_transport_systems
184,VIT_13s0067g02940,879,0.4257,Amidohydrolase 3,,,,
185,VIT_14s0068g01000,869,0.4208,Unknown protein,,,,
186,VIT_03s0063g01280<br>VIT_03s0063g01160,867,0.4197,
187,VIT_05s0102g00610,866,0.4188,No hit,,,,
188,VIT_05s0020g03090,866,0.4178,Chloride channel protein (CLC-d),K05393_CLCD,,vv50124Porters_cat_30_to_64,
189,VIT_01s0010g03680,864,0.4176,Unknown protein,,,,
190,VIT_17s0000g05360,852,0.4118,Germin,,,,
191,VIT_03s0063g02650,849,0.4117,Hydrolase  alpha/beta fold,,,,
192,VIT_13s0019g01010,852,0.4110,ABA2 (ABA deficient 2),E1_1_1_288,,vv10906Carotenoid_biosynthesis,vv11013ABA_biosynthesis
193,VIT_03s0088g00710,835,0.4038,Pathogenesis-related protein 1 precursor (PRP 1),PRP1,,vv30011Jasmonate_signaling,vv34626Plant-pathogen_interaction
194,VIT_16s0050g00480,838,0.4013,CYP715A1,,,,
195,VIT_14s0060g00110,822,0.3986,Glutamyl-tRNA synthetase  cytoplasmic,E6_1_1_17,,vv10860Porphyrin_and_chlorophyll_metabolism,vv20970Aminoacyl-tRNA_biosynthesis
196,VIT_03s0063g01310,808,0.3909,Oxidoreductase  2OG-Fe(II) oxygenase family,,,,
197,VIT_13s0156g00590,806,0.3884,S-receptor kinase,,,,
198,VIT_06s0004g01670,806,0.3868,UDP-glucoronosyl and UDP-glucosyl transferase,,,,
199,VIT_18s0001g12510,798,0.3864,5' nucleotidase,E3_1_3_5,,vv10230Purine_metabolism,vv10240Pyrimidine_metabolism
200,VIT_10s0042g00700,792,0.3854,Leucine-rich repeat receptor-like protein kinase 1,,,,
201,VIT_11s0052g00350,788,0.3835,Receptor kinase TRKe,,,,
202,VIT_14s0030g01980,788,0.3801,Auxin-induced protein PCNT115,AUXREG,,vv30003Auxin_signaling,
203,VIT_18s0117g00600,785,0.3800,Laccase,E1_10_3_2,,vv11000Single_reactions,vv50109Incompletely_characterized_transport_systems
204,VIT_18s0086g00410,781,0.3799,Auxin-binding protein ABP19,ABP19,,vv30003Auxin_signaling,
205,VIT_07s0031g03060,784,0.3789,NSL1 (necrotic spotted lesions 1),,,,
206,VIT_02s0109g00430,773,0.3740,Nitrilase 4 (NIT4),K13035,,vv10910Nitrogen_metabolism,
207,VIT_19s0014g03640,767,0.3723,Myosin VII,K10359,,vv44810Regulation_of_actin_cytoskeleton,
208,VIT_08s0007g05330,770,0.3718,EDA7 (embryo sac development arrest 7),,,,
209,VIT_12s0057g00990,766,0.3711,Beta 1 2 N-acetylglucosaminyltransferase,E2_4_1_143,,vv10510N-Glycan_biosynthesis,vv11030Glycan_structures-biosynthesis1
210,VIT_12s0059g01120,764,0.3694,CAF protein,,,,
211,VIT_09s0002g00510,760,0.3679,Lipase GDSL 1,,,,
212,VIT_07s0104g00440,758,0.3671,Endo-1 3;1 4-beta-D-glucanase precursor,E3_2_1_73,,,
213,VIT_08s0040g01710,755,0.3660,Phenylalanine ammonia-lyase,E4_3_1_5,,vv10350Tyrosine_metabolism,vv10360Phenylalanine_metabolism
214,VIT_01s0146g00320,756,0.3643,No hit,,,,
215,VIT_00s0480g00040,748,0.3582,Polyphenol oxidase II  chloroplast precursor,E1_10_3_1,,vv10350Tyrosine_metabolism,vv50109Incompletely_characterized_transport_systems
216,VIT_11s0016g05540,733,0.3548,Dicyanin,,,,
217,VIT_10s0003g05430,723,0.3511,Reticuline oxidase precursor,E1_21_3_3,,vv10950Alkaloid_biosynthesis_I,
218,VIT_17s0000g00680,723,0.3494,No hit,,,,
219,VIT_14s0128g00520,711,0.3456,Alpha-L-fucosidase 2 precursor,E3_2_1_51,,vv10511N-Glycan_degradation,
220,VIT_18s0075g00610,712,0.3446,Laccase,E1_10_3_2,,vv11000Single_reactions,vv50109Incompletely_characterized_transport_systems
221,VIT_00s0410g00040,704,0.3388,Anthranilate N-benzoyltransferase protein 1,E2_3_1_144,,vv10400Phenylalanine_tyrosine_and_tryptophan_biosynthesis,
222,VIT_17s0000g03370,698,0.3379,Calmodulin-binding protein,K02183,,vv34020Calcium_signaling_pathway,vv34626Plant-pathogen_interaction
223,VIT_07s0104g00850,689,0.3327,Pto kinase interactor,,,,
224,VIT_08s0007g02810,683,0.3303,Regulator of the ATPase vacuolar RAV2,RAV2,VvRAV5,vv60001ABI3VP1,
225,VIT_09s0002g05810,678,0.3301,Boron transporter-like protein 4,BOR4,,vv50124Porters_cat_30_to_64,
226,VIT_14s0108g00540,682,0.3287,Phosphofructokinase,E2_7_1_90,,vv10051Fructose_and_mannose_metabolism,
227,VIT_09s0002g01650,676,0.3282,5'-nucleotidase surE,E3_1_3_5,,vv10230Purine_metabolism,vv10240Pyrimidine_metabolism
228,VIT_05s0094g01070,683,0.3276,Leucine zipper-EF-hand containing transmembrane protein 1,LETM1,,vv50125Porters_cat_66_to_94,
229,VIT_17s0000g00940,668,0.3229,F-box protein,,,,
230,VIT_17s0053g00750,659,0.3204,Unknown protein,,,,
231,VIT_18s0117g00590,666,0.3200,Laccase,E1_10_3_2,,vv11000Single_reactions,vv50109Incompletely_characterized_transport_systems
232,VIT_05s0077g01150,656,0.3174,Beta-1 3-glucanase,E3_2_1_6,,,
233,VIT_03s0038g02520,657,0.3159,Aquaporin PIP3,PIP3,,vv50101Channels_and_pores,
234,VIT_15s0021g00330,641,0.3116,Proton-dependent oligopeptide transport (POT) family protein,POT,,vv50122Porters_cat_7_to_17,
235,VIT_18s0075g00530,643,0.3097,Laccase,E1_10_3_2,,vv11000Single_reactions,vv50109Incompletely_characterized_transport_systems
236,VIT_11s0016g04940,630,0.3072,Zinc finger (CCCH-type) family protein,CCCHFAM_12,,vv60018C3H,
237,VIT_18s0075g00830,633,0.3071,Laccase,E1_10_3_2,,vv11000Single_reactions,vv50109Incompletely_characterized_transport_systems
238,VIT_08s0007g05830,641,0.3067,No hit,,,,
239,VIT_17s0000g05810,629,0.3050,WRKY DNA-binding protein 72,WRKY72_2,VvWRKY53,vv60066WRKY,
240,VIT_08s0007g07530,629,0.3037,3-oxoacyl-[acyl-carrier-protein] reductase  chloroplast,E1_1_1_100,,vv10061Fatty_acid_biosynthesis,vv11040Biosynthesis_of_unsaturated_fatty_acids
241,VIT_05s0094g00200,628,0.3031,Chitinase class IV,E3_2_1_14,,vv10530Aminosugars_metabolism,
242,VIT_18s0001g05060,617,0.2989,2 3-bisphosphoglycerate-dependent phosphoglycerate mutase,E5_4_2_1,,vv10010Glycolysis,
243,VIT_05s0062g00990,604,0.2936,Aldo/keto reductase AKR,E1_1_1_21,,vv10040Pentose_glucuronate_interconversion,vv10051Fructose_and_mannose_metabolism
244,VIT_18s0117g00450<br>VIT_18s0117g00480,610,0.2936,
245,VIT_05s0049g01200,605,0.2921,S-locus lectin protein kinase,,,,
246,VIT_01s0010g02450,601,0.2912,B12D,,,,
247,VIT_15s0021g01130,603,0.2909,Rho GTPase; Rho GTP binding protein,E3_6_5_1,,,
248,VIT_13s0019g03910,597,0.2891,Unknown,,,,
249,VIT_14s0081g00190,596,0.2890,No hit,,,,
250,VIT_03s0017g02110,592,0.2859,Anthocyanidin 3-O-glucosyltransferase,E2_4_1_115,,vv10942Anthocyanin_biosynthesis,
251,VIT_01s0127g00490,591,0.2845,Pantothenate kinase 2,E2_7_1_33,,vv10770Pantothenate_and_CoA_biosynthesis,
252,VIT_12s0028g00930,586,0.2841,Glutathione S-transferase 9 GSTF9,E2_5_1_18_GSTF9,,vv10480Glutathione_metabolism,
253,VIT_19s0014g01150,582,0.2829,Curculin (mannose-binding) lectin,,,,
254,VIT_13s0064g01470,584,0.2828,Urophorphyrin III methylase,E2_1_1_107,,vv10860Porphyrin_and_chlorophyll_metabolism,
255,VIT_18s0001g01850,580,0.2813,Amino acid permease,AAPREL,,vv50123Porters_cat_18_to_29,
256,VIT_03s0017g01940,580,0.2797,Unknown,,,,
257,VIT_04s0008g05540,580,0.2788,Clathrin assembly protein 2,CAP2,,vv50110Protein_coat,
258,VIT_02s0025g04250,575,0.2785,Osmotin,,,,
259,VIT_14s0006g00910,571,0.2764,ATA15 protein,,,,
260,VIT_18s0117g00050,574,0.2752,R protein L6,K13477,,vv34627R_proteins_from_Plant-pathogen_interaction,
261,VIT_14s0060g02170,565,0.2716,Glutathione S-transferase GSTU8,E2_5_1_18_GSTU8,,vv10480Glutathione_metabolism,
262,VIT_03s0017g01990,562,0.2714,UDP-glucose glucosyltransferase,E2_4_1_35,,vv10500Starch_and_sucrose_metabolism,
263,VIT_03s0063g01210,559,0.2711,Nodulin 1A  senescence-associated,,,,
264,VIT_10s0003g01360,557,0.2695,Cysteine protease,E3_4_22_x,,,
265,VIT_05s0094g00160,557,0.2692,No hit,,,,
266,VIT_02s0025g04270<br>VIT_02s0025g04260<br>VIT_02s0025g04230,554,0.2671,
267,VIT_08s0040g03040,546,0.2658,Glutathione S-transferase GSTO1,E2_5_1_18_GSTO1,,vv10480Glutathione_metabolism,
268,VIT_19s0085g00050,554,0.2657,Myb domain protein 58,MYB58_1,MYB139,vv60044MYB,
269,VIT_18s0076g00380,543,0.2638,ABC transporter F member 6,ABCF6,,vv52010ABC_transporters,
270,VIT_08s0007g04020,540,0.2602,AT-hook protein 1 (AHP1),HMGIY_1,,vv60035HMG,
271,VIT_06s0004g05700,530,0.2570,Glutathione S-transferase 8 GSTU8,E2_5_1_18_GSTU8,,vv10480Glutathione_metabolism,
272,VIT_14s0128g00390,532,0.2565,Mitochondrial FAD carrier,MFADC,,vv50123Porters_cat_18_to_29,
273,VIT_09s0002g05560,532,0.2560,ABC transporter g family pleiotropic drug resistance 12 PDR12,ABCGPDR12,,vv52010ABC_transporters,
274,VIT_08s0007g02470,521,0.2508,Aspartyl protease,E3_4_23_x,,,
275,VIT_08s0007g03310,517,0.2493,Unknown,,,,
276,VIT_18s0001g12480,514,0.2487,Metal transporter CNNM4 (Cyclin-M4),CNNM4,,vv50109Incompletely_characterized_transport_systems,
277,VIT_07s0005g04880,516,0.2481,Glutathione S-transferase 25 GSTU7,E2_5_1_18_GSTU7,,vv10480Glutathione_metabolism,
278,VIT_18s0001g04410,508,0.2468,No hit,,,,
279,VIT_14s0083g00460,508,0.2467,Tryptophan synthase beta chain 2,E4_2_1_20,,vv10400Phenylalanine_tyrosine_and_tryptophan_biosynthesis,
280,VIT_13s0067g01450,499,0.2413,Lateral organ boundaries domain 21,LBD21,,vv60007AS2,
281,VIT_18s0001g00420,497,0.2401,Laccase,E1_10_3_2,,vv11000Single_reactions,vv50109Incompletely_characterized_transport_systems
282,VIT_09s0054g00910,496,0.2383,Chaperone BCS1 mitochondrial,K08900,,,
283,VIT_14s0108g00890,493,0.2383,Beta-1 3-galactosyltransferase,K07819,,vv10602Glycosphingolipid_biosynthesis,
284,VIT_00s0743g00020,488,0.2359,S-locus lectin protein kinase,,,,
285,VIT_18s0117g00300,483,0.2337,Coatomer protein complex  subunit beta 2,COPB2,,vv50110Protein_coat,
286,VIT_10s0003g01940,480,0.2328,RKF1 (receptor-like kinase in flowers 1),,,,
287,VIT_16s0039g01070,479,0.2320,Glutathione S-transferase 25 GSTU7,E2_5_1_18_GSTU7,,vv10480Glutathione_metabolism,
288,VIT_14s0006g00430,477,0.2308,Carboxylesterase,E3_1_1_1,,,
289,VIT_06s0009g02570,475,0.2306,Pectinesterase family,E3_1_1_11,,vv40006Cell_wall,
290,VIT_12s0142g00570,473,0.2304,R protein disease resistance protein,RPROT,,vv34627R_proteins_from_Plant-pathogen_interaction,
291,VIT_12s0059g02590,473,0.2287,Receptor protein kinase RK20-1,,,,
292,VIT_04s0023g02900,472,0.2274,Ferulate-5-hydroxylase,K09755,,vv10940Phenylpropanoid_biosynthesis,
293,VIT_06s0061g00810,470,0.2273,Cyclin-dependent kinase regulatory subunit CKS2,CKS2,,vv44110Cell_cycle,
294,VIT_04s0023g00360,468,0.2265,Unknown protein,,,,
295,VIT_09s0054g00900,468,0.2265,Chaperone BCS1 mitochondrial,K08900,,,
296,VIT_08s0105g00200,466,0.2244,U-box domain-containing protein,,,,
297,VIT_00s2776g00010,450,0.2165,S-locus lectin protein kinase,,,,
298,VIT_02s0033g00770,444,0.2160,Nitrilase 4B,E3_5_5_1,,vv10460Cyanoamino_acid_metabolism,vv10910Nitrogen_metabolism
299,VIT_01s0011g00590,441,0.2134,Acclimation of photosynthesis to environment,APE2,,vv50122Porters_cat_7_to_17,
300,VIT_09s0002g04720,441,0.2123,Coatomer protein complex  subunit beta 2,COPB2,,vv50110Protein_coat,
301,VIT_10s0003g00480,439,0.2123,Isoflavone methyltransferase/ Orcinol O-methyltransferase 1 oomt1,E2_1_1_46,,vv10943Isoflavonoid_biosynthesis,
302,VIT_03s0063g01820,441,0.2121,AOS (allene oxide synthase),E4_2_1_92,,vv10592alpha-Linolenic_acid_metabolism,
303,VIT_10s0003g01390,438,0.2112,Cupin  RmlC-type,,,,
304,VIT_14s0066g01650,435,0.2103,Nodulin MtN21 family,MTN21,,vv50122Porters_cat_7_to_17,
305,VIT_08s0056g00300,433,0.2100,Unknown,,,,
306,VIT_13s0019g05360,430,0.2083,KH domain-containing protein NOVA,,,,
307,VIT_06s0004g02590,426,0.2067,Carbonic anhydrase,E4_2_1_1,,vv10910Nitrogen_metabolism,vv50124Porters_cat_30_to_64
308,VIT_00s1352g00010,428,0.2063,Myb domain protein 84,MYB84_3,MYB148,vv60044MYB,
309,VIT_18s0117g00030,424,0.2054,No hit,,,,
310,VIT_17s0000g10260,426,0.2053,AarF domain containing kinase,K08869,,,
311,VIT_19s0014g01020,423,0.2048,Protein transport protein Sec61 subunit alpha,K10956,,vv23060Protein_export,vv24141Protein_processing_in_endoplasmic_reticulum
312,VIT_18s0001g05000<br>VIT_18s0001g04780<br>VIT_18s0001g04120,423,0.2048,
313,VIT_01s0011g05420,426,0.2043,Fw2.2 ORFX,,,,
314,VIT_01s0011g05930,423,0.2042,S-adenosyl-L-methionine:carboxyl methyltransferase,,,,
315,VIT_05s0020g00640,418,0.2023,Methyltransferase,,,,
316,VIT_06s0004g05110,413,0.2004,Unknown,,,,
317,VIT_19s0014g02340,412,0.1996,Protein phosphatase 2C,E3_1_3_16,,,
318,VIT_04s0008g00640,405,0.1956,Epsin N-terminal homology (ENTH) domain-containing,ENTH,,vv50110Protein_coat,
319,VIT_00s2648g00010,397,0.1930,FAD-dependent pyridine nucleotide-disulphide oxidoreductase,,,,
320,VIT_01s0127g00070,396,0.1925,Nitrate transporter2.5,NRT2_5,,vv50121Porters_cat_1_to_6,
321,VIT_18s0001g04480,399,0.1924,Germacrene-D synthase,E4_2_3_22,,vv10900Terpenoid_biosynthesis,
322,VIT_03s0038g04540,393,0.1911,S-adenosyl-L-methionine:salicylic acid carboxyl methyltransferase,SAMTBSCMT,,vv10360Phenylalanine_metabolism,
323,VIT_06s0061g00100,391,0.1898,Glucan endo-1 3-beta-glucosidase  acidic isoform precursor,E3_2_1_39,,vv10500Starch_and_sucrose_metabolism,
324,VIT_19s0015g01750,389,0.1889,WD-40 repeat,,,,
325,VIT_13s0074g00510,388,0.1877,ATP-dependent RNA helicase,,,,
326,VIT_06s0004g00020,386,0.1875,NAC domain containing protein 32,NAC032,VvNAC44,vv60046NAC,
327,VIT_11s0016g01060,388,0.1863,Avr9/Cf-9 induced kinase 1,,,,
328,VIT_12s0059g01820,383,0.1855,Protein phosphatase 1D,K10147,,,
329,VIT_05s0077g01580,381,0.1846,Pathogenesis protein 10 [Vitis vinifera],,,,
330,VIT_18s0117g00080,380,0.1837,R protein L6,K13477,,vv34627R_proteins_from_Plant-pathogen_interaction,
331,VIT_19s0014g00830,378,0.1824,RKF1 (receptor-like kinase in flowers 1),,,,
332,VIT_08s0040g00070,371,0.1803,Argonaute,,,,
333,VIT_04s0079g00020,373,0.1800,Cysteine-rich receptor-like protein kinase 2,,,,
334,VIT_03s0091g00160,367,0.1778,NtPRp27 secretory protein,,,,
335,VIT_13s0019g03930,362,0.1745,No hit,,,,
336,VIT_02s0033g01380,361,0.1745,Alternative oxidase 1D,AOX1D,,vv30001ABA_signaling,
337,VIT_19s0090g01470,354,0.1710,Protease inhibitor/seed storage/lipid transfer protein (LTP),,,,
338,VIT_06s0004g07250,354,0.1704,UDP-glucoronosyl and UDP-glucosyl transferase,,,,
339,VIT_11s0052g00610,354,0.1703,Homogenitisate geranylgeranyl transferase,K09833,,vv10100Biosynthesis_of_steroids,
340,VIT_02s0025g04100,345,0.1657,CCR4-NOT transcription complex subunit 2,K12605,,vv23018RNA_degradation,
341,VIT_04s0044g00230,342,0.1652,Monooxygenase (MO2),,,,
342,VIT_12s0028g00610,334,0.1615,Aspartyl protease,E3_4_23_x,,,
343,VIT_14s0128g00610<br>VIT_14s0128g00640,333,0.1609,
344,VIT_01s0010g03600,332,0.1608,Rubber elongation factor (REF),,,,
345,VIT_05s0102g00200,318,0.1547,Unknown protein,,,,
346,VIT_07s0104g01260,321,0.1543,flavin-containing monooxygenase,E1_14_13_8,,vv11000Single_reactions,
347,VIT_16s0050g02210,319,0.1543,Chitinase III [Vitis vinifera],E3_2_1_14,,vv10530Aminosugars_metabolism,
348,VIT_00s0399g00020,316,0.1524,Protease inhibitor/seed storage/lipid transfer protein (LTP),,,,
349,VIT_02s0025g00780,313,0.1517,Cation/hydrogen exchanger (CHX18),CHX18,,vv50124Porters_cat_30_to_64,
350,VIT_06s0061g00120,312,0.1509,Beta-1 3-glucanase [Vitis riparia],E3_2_1_6,,,
351,VIT_00s0347g00120,313,0.1503,S-locus lectin protein kinase,,,,
352,VIT_08s0007g04310,309,0.1491,Threonine dehydratase/deaminase,E4_3_1_19,,vv10260Glycine_serine_and_threonine_metabolism,vv10290Valine_leucine_and_isoleucine_biosynthesis
353,VIT_05s0049g01010,308,0.1488,Myb domain protein 14,MYB14_4,MYB13,vv60044MYB,
354,VIT_06s0004g02850,304,0.1469,Aquaporin PIP2B,PIP2B,,vv50101Channels_and_pores,
355,VIT_08s0105g00280,303,0.1464,Ribosomal protein S8e,K02995,,vv23010Ribosome,
356,VIT_06s0004g07070,303,0.1460,Protein kinase,,,,
357,VIT_10s0003g05450,297,0.1449,Reticuline oxidase precursor,E1_21_3_3,,vv10950Alkaloid_biosynthesis_I,
358,VIT_12s0028g02970,297,0.1437,MLO1,K08472,,,
359,VIT_17s0000g02150,286,0.1384,Ribosomal protein L19,K02884,,vv23010Ribosome,
360,VIT_08s0056g00150,287,0.1381,Protein kinase APK1B,,,,
361,VIT_09s0002g02570,284,0.1379,No hit,,,,
362,VIT_18s0001g09360,285,0.1374,Hydrogenobyrinic acid a c-diamide synthase,E6_3_5_9,,vv50101Channels_and_pores,
363,VIT_16s0098g01830,284,0.1365,Transcription factor jumonji (jmjC) domain-containing protein,JMJD1B_3,,vv60038Jumonji,
364,VIT_14s0128g00940,280,0.1358,No hit,,,,
365,VIT_18s0075g00630,276,0.1346,Laccase,E1_10_3_2,,vv11000Single_reactions,vv50109Incompletely_characterized_transport_systems
366,VIT_03s0088g00750,277,0.1338,Pathogenesis related protein 1 precursor [Vitis vinifera],PRP1,,vv30011Jasmonate_signaling,vv34626Plant-pathogen_interaction
367,VIT_02s0033g00840,276,0.1333,Nitrilase 4B,E3_5_5_1,,vv10460Cyanoamino_acid_metabolism,vv10910Nitrogen_metabolism
368,VIT_16s0098g00720,274,0.1328,Lectin protein kinase,,,,
369,VIT_00s0347g00050,275,0.1326,Ser/Thr receptor-like kinase1,,,,
370,VIT_19s0085g00020,274,0.1324,Nucleolar complex protein 3 homolog (Protein NOC3 homolog),,,,
371,VIT_06s0004g05970,269,0.1308,Antiviral helicase SKI2,K12599,,vv23018RNA_degradation,
372,VIT_18s0001g04870,264,0.1283,(-)-germacrene D synthase,E4_2_3_22,,vv10900Terpenoid_biosynthesis,
373,VIT_18s0122g01150,264,0.1275,Diphenol oxidase,E1_10_3_1,,vv10350Tyrosine_metabolism,vv50109Incompletely_characterized_transport_systems
374,VIT_13s0067g00460,262,0.1267,Cinnamyl alcohol dehydrogenase,E1_1_1_195,,vv10940Phenylpropanoid_biosynthesis,
375,VIT_10s0003g04910,262,0.1264,Sinapyl alcohol dehydrogenase,E1_1_1_195,,vv10940Phenylpropanoid_biosynthesis,
376,VIT_17s0000g05240,260,0.1263,Nuclear transport factor 2 (NTF2),NTF2,,vv50133Primary_active_transporter_cat_A9_to_A18,
377,VIT_15s0046g01640,252,0.1224,Abl interactor protein 1 (ABIL1),,,,
378,VIT_12s0055g00340,252,0.1219,WRKY DNA-binding protein 9,WRKY9,VvWRKY39,vv60066WRKY,
379,VIT_07s0031g00460,250,0.1205,Nicotinate phosphoribosyltransferase,E2_4_2_11,,vv10760Nicotinate_and_nicotinamide_metabolism,
380,VIT_05s0077g01710,247,0.1199,U3 small nucleolar RNA-associated protein 5,K14546,,vv23008Ribosome_biogenesis_in_Eukaryotes,
381,VIT_07s0005g03220,248,0.1198,Ethylene-responsive transcription factor ERF098,ERF098_1,VvERF098,vv30008Ethylene_signaling,vv60003AP2_EREBP
382,VIT_17s0000g06710,245,0.1176,Leucine-rich repeat transmembrane protein kinase,,,,
383,VIT_14s0083g00920,240,0.1154,No hit,,,,
384,VIT_08s0007g08560,233,0.1131,Cytoplasmic tRNA 2-thiolation protein 2,K14169,,vv24122Sulfur_relay_system,
385,VIT_04s0023g01080,234,0.1130,Lys Motif-Type Receptor-Like Kinase LYK4,,,,
386,VIT_13s0084g00700,231,0.1115,Unknown protein,,,,
387,VIT_14s0066g01150,229,0.1114,Cinnamoyl-CoA reductase,E1_2_1_44,,vv10940Phenylpropanoid_biosynthesis,
388,VIT_09s0002g03640,229,0.1106,ABC transporter g family pleiotropic drug resistance 7 PDR7,ABCGPDR7,,vv52010ABC_transporters,
389,VIT_09s0054g00370,228,0.1104,Mannosyl-oligosaccharide 1 2-alpha-mannosidase IA,E3_2_1_113,,vv10510N-Glycan_biosynthesis,vv11030Glycan_structures-biosynthesis1
390,VIT_16s0039g01650,227,0.1095,Transporter-related,TRANSPORTERUNK,,vv50109Incompletely_characterized_transport_systems,
391,VIT_16s0050g00410,227,0.1093,Photoassimilate-responsive protein PAR-1a,,,,
392,VIT_14s0060g02710,226,0.1093,Germin,,,,
393,VIT_09s0054g01080,222,0.1080,Polygalacturonase QRT3,E3_2_1_15,,vv40006Cell_wall,
394,VIT_08s0105g00450,223,0.1079,Transducin protein,,,,
395,VIT_01s0146g00070,222,0.1072,11-beta-hydroxysteroid dehydrogenase,E1_1_1_146,,vv10140C21-Steroid_hormone_metabolism,
396,VIT_16s0100g00740,219,0.1060,Unknown,,,,
397,VIT_19s0015g01070,219,0.1059,Calcineurin B,E3_1_3_16,,,
398,VIT_15s0021g01260,215,0.1043,Unknown,,,,
399,VIT_14s0030g02050,215,0.1040,Auxin-induced protein PCNT115,AUXREG,,vv30003Auxin_signaling,
400,VIT_07s0005g02050,215,0.1034,Carboxylic ester hydrolase,E3_1_1_1,,,
401,VIT_13s0019g01490,213,0.1030,C2 domain-containing protein,,,,
402,VIT_03s0063g00700,211,0.1021,CXE carboxylesterase,E3_1_1_1,,,
403,VIT_12s0035g00920,212,0.1020,Unknown protein,,,,
404,VIT_12s0034g02240,209,0.1007,Potassium channel AKT2/3,AKT2,,vv50101Channels_and_pores,
405,VIT_00s0227g00110,208,0.1006,Gamma hydroxybutyrate dehydrogenase-like protein,E1_1_1_61,,vv10650Butanoate_metabolism,
406,VIT_08s0056g00620,207,0.1005,V-type H+-transporting ATPase subunit E,K02150,,vv10190Oxidative_phosphorylation,vv44145Phagosome
407,VIT_12s0059g00740,208,0.1000,Germin1,,,,
408,VIT_14s0006g01410,206,0.0996,fructokinase-2,E2_7_1_4,,vv10051Fructose_and_mannose_metabolism,vv10500Starch_and_sucrose_metabolism
409,VIT_03s0038g00940,206,0.0994,Auxin-responsive,AUXREG,,vv30003Auxin_signaling,
410,VIT_18s0075g00660,203,0.0986,Disease resistance protein (TIR-NBS-LRR class),,,,
411,VIT_15s0048g00620,201,0.0968,No hit,,,,
412,VIT_08s0040g02090,200,0.0967,DnaJ homolog  subfamily C  member 3,K09523,,vv50132Primary_active_transporter_cat_A5_to_A8,
413,VIT_12s0034g01080,196,0.0946,3-isopropylmalate dehydrogenase 2  chloroplast precursor,E1_1_1_85,,vv10290Valine_leucine_and_isoleucine_biosynthesis,
414,VIT_18s0075g00670,194,0.0931,Laccase,E1_10_3_2,,vv11000Single_reactions,vv50109Incompletely_characterized_transport_systems
415,VIT_02s0033g00790,193,0.0928,Nitrilase 4B,E3_5_5_1,,vv10460Cyanoamino_acid_metabolism,vv10910Nitrogen_metabolism
416,VIT_08s0007g09010,191,0.0921,Esterase,E3_1_2_12,,vv10680Methane_metabolism,
417,VIT_01s0011g01110,185,0.0901,Molybdenum cofactor sulfurase,,,,
418,VIT_13s0084g00850<br>VIT_13s0084g00880,186,0.0899,
419,VIT_07s0031g00620,181,0.0882,Zeaxanthin epoxidase (ZEP) (ABA1),E1_14_13_90_1,,vv10906Carotenoid_biosynthesis,vv60028FHA
420,VIT_12s0035g01150,183,0.0881,RAB GTPase FP8,K07976,,,
421,VIT_08s0040g03010,181,0.0871,Pigment defective 149,PDE149,,vv50109Incompletely_characterized_transport_systems,
422,VIT_11s0016g03780,179,0.0868,Continuous vascular ring (COV1),COV1,,vv30003Auxin_signaling,
423,VIT_11s0118g00230,176,0.0855,ATSYTE/NTMC2T2.1/NTMC2TYPE2.1/SYTE,NTMC2T2_1,,vv50109Incompletely_characterized_transport_systems,
424,VIT_03s0091g00420,177,0.0853,No hit,,,,
425,VIT_19s0085g00600,175,0.0841,Glyceraldehyde-3-phosphate dehydrogenase  cytosolic,E1_2_1_12,,vv10010Glycolysis,
426,VIT_15s0046g00120,172,0.0835,Unknown protein,,,,
427,VIT_04s0008g06620,169,0.0816,Phospholipase D,E3_1_4_4,,vv10564Glycerophospholipid_metabolism,vv10565Ether_lipid_metabolism
428,VIT_04s0008g01040,169,0.0812,Lysine decarboxylase,E4_1_1_18,,vv10300Lysine_biosynthesis,
429,VIT_06s0004g01000,166,0.0807,Dirigent protein,,,,
430,VIT_07s0031g01090,167,0.0806,Ascorbate oxidase,E1_10_3_3,,vv10053Ascorbate_and_aldarate_metabolism,vv50109Incompletely_characterized_transport_systems
431,VIT_05s0020g03370,163,0.0784,5-nucleotidase surE,E3_1_3_2,,vv10740Riboflavin_metabolism,
432,VIT_00s0179g00280,159,0.0773,Calmodulin-8 (CAM8),K02183,,vv34020Calcium_signaling_pathway,vv34626Plant-pathogen_interaction
433,VIT_09s0002g00340,155,0.0753,Alanine aminotransferase 2,E2_6_1_21,,vv10330Arginine_and_proline_metabolism,vv10360Phenylalanine_metabolism
434,VIT_09s0002g03700,155,0.0753,No hit,,,,
435,VIT_07s0031g01130,154,0.0746,Ascorbate oxidase,E1_10_3_3,,vv10053Ascorbate_and_aldarate_metabolism,vv50109Incompletely_characterized_transport_systems
436,VIT_18s0001g09550,154,0.0741,Receptor kinase TRKe,,,,
437,VIT_00s0179g00260,153,0.0738,Calcium-transporting ATPase 12 ACA12,K01537,,vv34020Calcium_signaling_pathway,vv50131Primary_active_transporter_cat_A2_to_A4
438,VIT_16s0039g01870,150,0.0730,Protein kinase,,,,
439,VIT_15s0048g01530,151,0.0729,Geraniol 10-hydroxylase,G10H,,vv10902Monoterpenoid_biosynthesis,
440,VIT_10s0003g00330,150,0.0724,HSL1 (HAESA-like 1),,,,
441,VIT_11s0016g02360,149,0.0723,TET2 (tetraspanin2),,,,
442,VIT_17s0000g06680,148,0.0720,Unknown protein,,,,
443,VIT_09s0096g01010,145,0.0704,RPP27 (resistance to peronospora parasitica 27),,,,
444,VIT_17s0000g03010,145,0.0703,Phosphatidyl serine synthase,E2_7_8_8,,vv10260Glycine_serine_and_threonine_metabolism,vv10564Glycerophospholipid_metabolism
445,VIT_01s0026g02590,145,0.0702,Calcium-binding protein CML,K13448,,vv34626Plant-pathogen_interaction,
446,VIT_05s0051g00440,145,0.0701,Transmembrane protein FT27/PFT27,PFT27,,vv50109Incompletely_characterized_transport_systems,
447,VIT_07s0031g00590,143,0.0698,Triacylglycerol lipase,E3_1_1_3,,vv10561Glycerolipid_metabolism,
448,VIT_07s0005g00720,143,0.0696,Pectinesterase family,E3_1_1_11,,vv40006Cell_wall,
449,VIT_01s0011g02480,142,0.0691,Phospholipid-transporting ATPase,K01530,,vv50131Primary_active_transporter_cat_A2_to_A4,
450,VIT_07s0151g01070,143,0.0690,Copalyl diphosphate synthase,E5_5_1_12,,vv10904Diterpenoid_biosynthesis,
451,VIT_14s0171g00400,142,0.0687,Lysine histidine transporter 1,LHT1,,vv50123Porters_cat_18_to_29,
452,VIT_02s0033g01400,137,0.0668,Alternative oxidase 1a  (AOX1A),AOX1A,,vv30001ABA_signaling,
453,VIT_02s0033g01390,136,0.0658,No hit,,,,
454,VIT_06s0004g01270,136,0.0652,Callose synthase catalytic subunit,E2_4_1_34,,vv10500Starch_and_sucrose_metabolism,
455,VIT_06s0009g00760,135,0.0648,HcrVf1 protein,,,,
456,VIT_06s0004g05070,132,0.0640,Zinc transporter (ZIP2),ZIP2,,vv50121Porters_cat_1_to_6,
457,VIT_11s0016g04770,131,0.0636,Unknown,,,,
458,VIT_14s0108g01670,130,0.0629,Ac-CoA carboxylase,E6_4_1_2,,vv10061Fatty_acid_biosynthesis,vv10620Pyruvate_metabolism
459,VIT_10s0003g02280,128,0.0621,SRG1 (senescence-related gene 1) oxidoreductase,,,,
460,VIT_05s0094g00170,126,0.0610,Protein transport protein Sec61 subunit beta,K09481,,vv23060Protein_export,vv24141Protein_processing_in_endoplasmic_reticulum
461,VIT_06s0004g02410,125,0.0606,ATP-NAD kinase,E2_7_1_23,,vv10760Nicotinate_and_nicotinamide_metabolism,
462,VIT_14s0068g02150,125,0.0605,Kelch repeat-containing F-box family protein,,,,
463,VIT_09s0002g06810,125,0.0603,Binding,,,,
464,VIT_01s0011g06150,124,0.0601,Receptor protein kinase,,,,
465,VIT_12s0055g01240,119,0.0575,P-glycoprotein 11,PGP11,,vv52010ABC_transporters,
466,VIT_15s0046g01380,119,0.0575,Unknown,,,,
467,VIT_08s0007g03890,118,0.0570,Brix domain-containing protein,,,,
468,VIT_10s0003g05550<br>VIT_10s0003g05620,118,0.0568,
469,VIT_01s0011g04040,117,0.0558,No hit,,,,
470,VIT_18s0117g00070,115,0.0557,R protein L6,K13477,,vv34627R_proteins_from_Plant-pathogen_interaction,
471,VIT_18s0001g13570,114,0.0550,Calcium ion binding protein,,,,
472,VIT_09s0018g01660,112,0.0541,Biopterin transport-related protein BT1,BIOPTERIN,,vv50125Porters_cat_66_to_94,
473,VIT_08s0032g00950,111,0.0536,Unknown protein,,,,
474,VIT_10s0116g01450,111,0.0536,Unknown,,,,
475,VIT_17s0053g01070,110,0.0532,DNA excision repair protein ERCC-6,K10841,,vv23420Nucleotide_excision_repair,
476,VIT_14s0066g01850,110,0.0528,Peroxidase,E1_11_1_7,,vv10360Phenylalanine_metabolism,vv10680Methane_metabolism
477,VIT_18s0041g02260<br>VIT_18s0041g02060,108,0.0526,
478,VIT_17s0000g08200,108,0.0521,Phosphoglycerate/bisphosphoglycerate mutase,E5_4_2_1,,vv10010Glycolysis,
479,VIT_08s0007g02360,106,0.0516,Harpin inducing protein 1-like 9,,,,
480,VIT_18s0001g04640,107,0.0513,No hit,,,,
481,VIT_14s0083g01170,103,0.0498,Mitochondrial substrate carrier family protein,K03454,,vv50123Porters_cat_18_to_29,
482,VIT_00s0508g00010,102,0.0494,No hit,,,,
483,VIT_16s0098g00560,101,0.0489,SP1L2 (SPIRAL2),SP1L2,,vv44810Regulation_of_actin_cytoskeleton,
484,VIT_00s2634g00010<br>VIT_00s0429g00010,100,0.0486,
485,VIT_10s0116g01850,97,0.0467,Unknown protein,,,,
486,VIT_18s0001g04490,96,0.0465,Germacrene-D synthase,E4_2_3_22,,vv10900Terpenoid_biosynthesis,
487,VIT_14s0128g00680,96,0.0464,Germin,,,,
488,VIT_04s0023g01830,96,0.0462,U3 small nucleolar RNA-associated protein 22,K14544,,vv23008Ribosome_biogenesis_in_Eukaryotes,
489,VIT_05s0077g01590,95,0.0461,Major allergen Mal d 1,,,,
490,VIT_09s0002g04160,94,0.0453,Thioesterase family,,,,
491,VIT_06s0004g07240,93,0.0448,UDP-glucoronosyl and UDP-glucosyl transferase,,,,
492,VIT_07s0005g04890,92,0.0445,Glutathione S-transferase 25 GSTU7,E2_5_1_18_GSTU7,,vv10480Glutathione_metabolism,
493,VIT_16s0022g01690,92,0.0443,Band 7 family,BAND7,,vv50108Accessory_factors_involved_in_transport,
494,VIT_04s0069g00970,92,0.0442,WRKY DNA-binding protein 51,WRKY51_1,VvWRKY11,vv60066WRKY,
495,VIT_08s0040g00390,91,0.0439,Magnesium-protoporphyrin IX monomethyl ester [oxidative] cyclase,E1_14_13_81,,vv10860Porphyrin_and_chlorophyll_metabolism,
496,VIT_19s0090g01870,88,0.0425,Multidrug resistance-associated protein 3,MRP3,,vv52010ABC_transporters,
497,VIT_12s0028g01400,86,0.0416,DNA-directed RNA polymerase II subunit D,K03012,,vv23020RNA_polymerase,
498,VIT_14s0068g00800,85,0.0412,Syntaxin 7,K08488,,vv24130SNARE_interactions_in_vesicular_transport,vv44145Phagosome
499,VIT_09s0002g01040,85,0.0410,Subtilase,,,,
500,VIT_10s0003g01170,84,0.0407,Basic helix-loop-helix (bHLH) family,BHLHDOM_92,,vv60011BHLH,
501,VIT_18s0001g04530,84,0.0405,(-)-germacrene D synthase,E4_2_3_22,,vv10900Terpenoid_biosynthesis,
502,VIT_18s0001g13870,84,0.0405,Calmodulin binding protein,,,,
503,VIT_16s0050g02220,83,0.0402,Acidic endochitinase (CHIB1),E3_2_1_14,,vv10530Aminosugars_metabolism,
504,VIT_08s0040g02730,81,0.0394,Exocyst subunit EXO70 H4,EXO70H4,,vv50111Tethering_factors,
505,VIT_11s0016g00560,81,0.0393,Peroxiredoxin bcp,E1_11_1_15,,,
506,VIT_01s0026g01040,79,0.0381,Unknown protein,,,,
507,VIT_07s0005g03760,78,0.0380,Phytochelatin synthase 1 (PCS1),E2_3_2_15,,vv10251Glutamate_metabolism,
508,VIT_02s0154g00160,78,0.0377,flavin-containing monooxygenase family protein / FMO family protein,E1_14_13_8,,vv11000Single_reactions,
509,VIT_12s0028g00590,77,0.0371,3-hydroxyisobutyryl-CoA hydrolase,E3_1_2_4,,vv10280Valine_leucine_and_isoleucine_degradation,vv10410Beta-alanine_metabolism
510,VIT_16s0013g00890,76,0.0368,Ethylene-responsive element binding factor,ERF1A,VvERF077,vv30008Ethylene_signaling,vv60003AP2_EREBP
511,VIT_01s0026g02400,76,0.0366,Glutathione S-transferase 10 GSTU10,E2_5_1_18_GSTU10,,vv10480Glutathione_metabolism,
512,VIT_13s0064g01110,75,0.0363,No hit,,,,
513,VIT_08s0007g08480,74,0.0356,Zinc proteinase,,,,
514,VIT_02s0025g01420,72,0.0350,Preprotein translocase YidC subunit,K03217,,vv23060Protein_export,vv50122Porters_cat_7_to_17
515,VIT_02s0025g04280,72,0.0350,Osmotin,,,,
516,VIT_11s0016g05840,71,0.0344,Protease inhibitor/seed storage/lipid transfer protein (LTP),,,,
517,VIT_13s0019g04060,71,0.0342,MLO1,K08472,,,
518,VIT_18s0001g04110,70,0.0339,(-)-germacrene D synthase,E4_2_3_22,,vv10900Terpenoid_biosynthesis,
519,VIT_18s0117g00290,70,0.0338,Coatomer protein complex  subunit beta 2,COPB2,,vv50110Protein_coat,
520,VIT_18s0041g02020,68,0.0330,12-oxophytodienoate reductase 2,E1_3_1_42,,vv10592alpha-Linolenic_acid_metabolism,
521,VIT_19s0014g04080,67,0.0325,Serine/threonine-protein kinase receptor ARK3,,,,
522,VIT_18s0001g13920,67,0.0325,Unknown protein,,,,
523,VIT_11s0037g00930,66,0.0320,GDP-L-fucose synthase.,E1_1_1_271,,vv10051Fructose_and_mannose_metabolism,
524,VIT_08s0007g03900,66,0.0320,Heat stress transcription factor A3,HSFA3,,vv60037HSF,
525,VIT_03s0038g01050,65,0.0315,Phenylalanine-tRNA ligase,E6_1_1_20,,vv10400Phenylalanine_tyrosine_and_tryptophan_biosynthesis,vv20970Aminoacyl-tRNA_biosynthesis
526,VIT_06s0004g06480,65,0.0315,CYP71E,E1_14_13_73,,vv10902Monoterpenoid_biosynthesis,
527,VIT_14s0060g00250,65,0.0315,Unknown,,,,
528,VIT_05s0094g00820,64,0.0312,Unknown protein,,,,
529,VIT_07s0005g05930<br>VIT_07s0005g05910<br>VIT_07s0005g05920,64,0.0310,
530,VIT_17s0000g03150,64,0.0307,No hit,,,,
531,VIT_15s0021g01630,59,0.0286,Ethylene responsive element binding factor 2,ERF2_1,,vv30008Ethylene_signaling,vv60003AP2_EREBP
532,VIT_19s0014g02670,59,0.0284,Protein kinase CRK1 CRK1 protein(Cdc2-related kinase 1),,,,
533,VIT_00s0258g00130<br>VIT_16s0148g00370,58,0.0281,
534,VIT_13s0064g00260,58,0.0280,No hit,,,,
535,VIT_01s0010g02000,57,0.0278,Peroxidase,E1_11_1_7,,vv10360Phenylalanine_metabolism,vv10680Methane_metabolism
536,VIT_11s0065g00640,57,0.0276,Cycloartenol synthase,E5_4_99_8,,vv10100Biosynthesis_of_steroids,
537,VIT_05s0051g00140,56,0.0272,RRS1 (resistant to ralstonia solanacearum 1),RRS1,,vv34627R_proteins_from_Plant-pathogen_interaction,
538,VIT_12s0028g01770,56,0.0270,FAD-linked oxidoreductase 1,,,,
539,VIT_18s0001g14090,55,0.0263,Molecular chaperone DnaJ,K03686,,vv50132Primary_active_transporter_cat_A5_to_A8,
540,VIT_08s0058g01450,54,0.0261,STN8 (state transition 8),,,,
541,VIT_18s0001g12090,53,0.0256,Unknown protein,,,,
542,VIT_00s0421g00020,51,0.0246,Hcr2-5B,,,,
543,VIT_10s0003g04180,49,0.0235,Early-responsive to dehydration stress protein (ERD4),,,,
544,VIT_12s0057g01260,48,0.0232,Unknown protein,,,,
545,VIT_02s0025g04310,48,0.0231,Thaumatin,,,,
546,VIT_18s0001g07870,47,0.0228,Unknown protein,,,,
547,VIT_12s0059g02620,46,0.0222,Receptor protein kinase RK20-1,,,,
548,VIT_07s0005g04400,45,0.0217,Photosystem II reaction centre W (PsbW),K08903,,vv10195Photosynthesis,vv50135Primary_active_transporter_cat_D3_to_E2
549,VIT_06s0061g01380,45,0.0216,Pop3 peptide,,,,
550,VIT_00s0586g00020,42,0.0203,Unknown protein,,,,
551,VIT_10s0003g01920,42,0.0202,RKF1 (receptor-like kinase in flowers 1),,,,
552,VIT_00s0194g00140,41,0.0199,Agenet domain-containing protein,,,,
553,VIT_19s0014g01870,41,0.0199,Transcription elongation factor 1,,,,
554,VIT_17s0000g04360,41,0.0198,Wall-associated kinase 2 (WAK2),,,,
555,VIT_02s0025g01330,40,0.0194,Polygalacturonase GH28,E3_2_1_15,,vv40006Cell_wall,
556,VIT_16s0039g02150,40,0.0193,Unknown,,,,
557,VIT_16s0148g00300,39,0.0189,Receptor serine/threonine kinase,,,,
558,VIT_18s0001g13230,39,0.0189,Beta-galactosidase BG1 [Vitis vinifera],E3_2_1_23,,vv10052Galactose_metabolism,vv10511N-Glycan_degradation
559,VIT_19s0093g00390,39,0.0189,Glutathione S-transferase 25 GSTU25,E2_5_1_18_GSTU25,,vv10480Glutathione_metabolism,
560,VIT_12s0028g01780,39,0.0187,FAD-linked oxidoreductase 1,,,,
561,VIT_16s0050g02230,38,0.0184,Chitinase [Vitis vinifera],E3_2_1_14,,vv10530Aminosugars_metabolism,
562,VIT_11s0016g00130,38,0.0183,Omega-6 fatty acid desaturase  chloroplast (FAD6) (FADC),K10255,,vv11040Biosynthesis_of_unsaturated_fatty_acids,
563,VIT_04s0008g02670,37,0.0180,Cryptochrome DASH,CRYDASH,,vv34710Circadian_rhythm,
564,VIT_02s0025g01560,36,0.0175,UDP-glucose 4-epimerase GEPI48,E5_1_3_2,,vv10052Galactose_metabolism,vv10520Nucleotide_sugars_metabolism
565,VIT_13s0019g04440,36,0.0174,Zinc finger (C3HC4-type ring finger),ZFC3HC4_163,,vv60078Other_zf-C3HC4,
566,VIT_18s0001g01960,36,0.0173,RKF3 (receptor-like kinase IN in flowers 3),,,,
567,VIT_17s0000g06790,35,0.0168,flavin-containing monooxygenase,E1_14_13_8,,vv11000Single_reactions,
568,VIT_17s0000g07670,33,0.0159,Betaine-aldehyde dehydrogenase,E1_2_1_8,,vv10260Glycine_serine_and_threonine_metabolism,vv50101Channels_and_pores
569,VIT_01s0011g05480,33,0.0159,Dynein light subunit lc6  flagellar outer arm,K10418,,vv44810Regulation_of_actin_cytoskeleton,
570,VIT_17s0000g02220,32,0.0155,No hit,,,,
571,VIT_00s0409g00050,32,0.0154,Receptor-like serine-threonine protein kinase,,,,
572,VIT_00s0262g00090,31,0.0151,Receptor kinase RK20-1,,,,
573,VIT_05s0020g04510,31,0.0149,GDP-mannose 3 5-epimerase 1,E5_1_3_18,,vv10053Ascorbate_and_aldarate_metabolism,
574,VIT_18s0041g00280,30,0.0145,T-complex protein 11,,,,
575,VIT_14s0108g00430,29,0.0140,ABC transporter B member 16,ABCB16,,vv52010ABC_transporters,
576,VIT_00s0375g00040,28,0.0136,NAC domain-containing protein 25,NAC025_3,VvNAC03,vv60046NAC,
577,VIT_15s0046g01440,27,0.0131,BZip transcription factor G- box  binding factor 3,GBF3_1,VvbZIP40,vv60012BZIP,
578,VIT_09s0002g08460,26,0.0127,8-amino-7-oxononanoate synthase,E2_3_1_47,,vv10780Biotin_metabolism,
579,VIT_08s0007g00850,26,0.0126,EFR (EF-TU receptor),K13428,,vv34626Plant-pathogen_interaction,
580,VIT_02s0025g00540,26,0.0125,Unknown,,,,
581,VIT_13s0067g03720,26,0.0125,SAC3/GANP,,,,
582,VIT_18s0001g14420,25,0.0121,Unknown,,,,
583,VIT_04s0079g00420,25,0.0121,Alpha-expansin 13 precursor,EXPA13,,vv30003Auxin_signaling,
584,VIT_04s0008g03770,25,0.0121,Aspartate aminotransferase P1,E2_6_1_1,vv10710Carbon_fixation,vv10252Alanine_and_aspartate_metabolism,vv10272Cysteine_metabolism
585,VIT_05s0062g01190,25,0.0121,Pirin,,,,
586,VIT_17s0053g00460,25,0.0121,Pinoresinol-lariciresinol reductase,PLR,,vv10940Phenylpropanoid_biosynthesis,
587,VIT_09s0018g00520,24,0.0117,Plastocyanin domain-containing protein,K02638,,vv10195Photosynthesis,vv50113Thylakoid_targeting_pathway
588,VIT_18s0041g01720,24,0.0116,Disease resistance protein (TIR-NBS-LRR class,,,,
589,VIT_17s0000g00200,24,0.0116,Ethylene-responsive transcription factor ERF114,ERF114_1,VvERF118,vv30008Ethylene_signaling,vv60003AP2_EREBP
590,VIT_12s0059g00520,24,0.0115,RabGAP/TBC domain-containing protein,,,,
591,VIT_19s0014g02010,22,0.0107,flavonol 3-O-glucosyltransferase-like protein,E2_4_1_91,,vv10941Flavonoid_biosynthesis,
592,VIT_07s0104g00390,22,0.0106,Unknown protein,,,,
593,VIT_01s0011g03850,21,0.0102,Unknown protein,,,,
594,VIT_02s0025g04490,21,0.0102,UDP-galactose transporter 2 ATUTR2/UTR2,UTR2,,vv50122Porters_cat_7_to_17,
595,VIT_05s0049g00490,21,0.0102,Ethylene response factor ERF14,ERF14_2,VvERF109,vv30008Ethylene_signaling,vv60003AP2_EREBP
596,VIT_00s0252g00030,21,0.0101,Unknown protein,,,,
597,VIT_14s0068g02240,21,0.0101,HcrVf1 protein,K13466,,vv34626Plant-pathogen_interaction,
598,VIT_00s1463g00010,20,0.0097,Protease Do-like 5,,,,
599,VIT_00s0194g00110,20,0.0097,4-nitrophenylphosphatase,E3_1_3_18,,vv10630Glyoxylate_and_dicarboxylate_metabolism,
600,VIT_02s0025g04870,20,0.0097,No hit,,,,
601,VIT_01s0011g03650,20,0.0097,Map kinase substrate 1 MKS1,,,,
602,VIT_09s0002g01600,20,0.0097,PHD finger protein alfin,ALFINDOM8,,vv60002Alfin-like,
603,VIT_03s0063g02630,20,0.0096,Unknown protein,,,,
604,VIT_07s0031g01960,20,0.0096,Zinc finger (DHHC type),ZFDHHC_10,,vv60079Other_zf-DHHC,
605,VIT_18s0072g00410,20,0.0096,Unknown protein,,,,
606,VIT_01s0010g02020,20,0.0096,Peroxidase (EC 1.11.1.7)  anionic,E1_11_1_7,,vv10360Phenylalanine_metabolism,vv10680Methane_metabolism
607,VIT_09s0002g03660,20,0.0096,Retrotransposon protein  Unclassified,,,,
608,VIT_14s0108g00350,19,0.0093,3-dehydroquinate synthase,E4_2_3_4,,vv10400Phenylalanine_tyrosine_and_tryptophan_biosynthesis,
609,VIT_18s0166g00070,19,0.0092,No hit,,,,
610,VIT_14s0128g00690,19,0.0092,Germin protein 3,,,,
611,VIT_06s0004g08290,19,0.0092,KH domain-containing protein,,,,
612,VIT_04s0069g01000,19,0.0091,Drug/metabolite transporter DMT family transporter,DMT,,vv50122Porters_cat_7_to_17,
613,VIT_01s0011g00060,19,0.0091,No hit,,,,
614,VIT_19s0014g04280,18,0.0087,S-locus protein kinase,,,,
615,VIT_00s0960g00010,18,0.0087,Phosphosulfolactate synthase protein,E4_4_1_19,,vv10010Glycolysis,
616,VIT_17s0000g07280,18,0.0087,Histone deacetylase HDA05,HDA05,,vv44110Cell_cycle,
617,VIT_03s0038g00090,18,0.0087,Epoxide hydrolase-like protein,E3_3_2_10,,,
618,VIT_03s0088g00780,18,0.0087,Pathogenesis-related protein 1 precursor (PRP 1),PRP1,,vv30011Jasmonate_signaling,vv34626Plant-pathogen_interaction
619,VIT_01s0010g02010,18,0.0087,Anionic peroxidase,E1_11_1_7,,vv10360Phenylalanine_metabolism,vv10680Methane_metabolism
620,VIT_18s0041g01350,17,0.0082,Receptor-like protein kinase HAIKU2,,,,
621,VIT_01s0011g01280,17,0.0082,Zinc transporter ZIP5,ZIP5,,vv50121Porters_cat_1_to_6,
622,VIT_01s0011g04210,17,0.0082,Amino acid permease,AAPREL,,vv50123Porters_cat_18_to_29,
623,VIT_07s0005g05030,16,0.0077,CLIP-associating protein (CLASP),,,,
624,VIT_19s0015g00070,16,0.0077,CYP71D10p,,,,
625,VIT_09s0002g06890,16,0.0077,Dicyanin blue copper protein,,,,
626,VIT_00s0203g00220,16,0.0077,S-locus lectin protein kinase,,,,
627,VIT_09s0002g05360<br>VIT_09s0002g05400<br>VIT_09s0002g05490<br>VIT_09s0002g05590,16,0.0077,
628,VIT_18s0001g00400,16,0.0077,Laccase,E1_10_3_2,,vv11000Single_reactions,vv50109Incompletely_characterized_transport_systems
629,VIT_09s0002g06060,15,0.0073,U3 small nucleolar RNA-associated protein 5,K14546,,vv23008Ribosome_biogenesis_in_Eukaryotes,
630,VIT_08s0040g00620,15,0.0072,Unknown protein,,,,
631,VIT_18s0001g01210,15,0.0072,Senescence-inducible chloroplast stay-green protein 2,,,,
632,VIT_05s0077g00450,15,0.0072,Ribosomal protein S1 30S,K02945,,vv23010Ribosome,
633,VIT_10s0003g05640,15,0.0072,UDP-arabinose 4-epimerase 3,E5_1_3_5,,vv10520Nucleotide_sugars_metabolism,
634,VIT_14s0083g00080,15,0.0072,Unknown protein,,,,
635,VIT_05s0020g03690<br>VIT_05s0020g03710,14,0.0068,
636,VIT_02s0012g00740,14,0.0068,Dynamin-like protein 2b,E3_6_5_5,,vv50109Incompletely_characterized_transport_systems,vv50110Protein_coat
637,VIT_18s0001g00080,13,0.0063,Laccase,E1_10_3_2,,vv11000Single_reactions,vv50109Incompletely_characterized_transport_systems
638,VIT_14s0083g00900,13,0.0062,Aspartate aminotransferase,E2_6_1_1,vv10710Carbon_fixation,vv10252Alanine_and_aspartate_metabolism,vv10272Cysteine_metabolism
639,VIT_01s0010g01950,12,0.0058,Anionic peroxidase,E1_11_1_7,,vv10360Phenylalanine_metabolism,vv10680Methane_metabolism
640,VIT_04s0044g00030,12,0.0058,ATSAC1B/IBS2 (impaired in baba-induced sterility 2),E3_1_3_36,,vv10562Inositol_phosphate_metabolism,vv34070Phosphatidylinositol_signaling_system
641,VIT_05s0049g01290,12,0.0058,Protein phosphatase 2C,E3_1_3_16,,,
642,VIT_11s0103g00250,12,0.0058,Carboxyl methylase,,,,
643,VIT_03s0038g03530,11,0.0053,LYS/HIS transporter 7,LHT7,,vv50123Porters_cat_18_to_29,
644,VIT_07s0129g00410,11,0.0053,Casein kinase II alpha chain 2,K03097,,vv23008Ribosome_biogenesis_in_Eukaryotes,vv34710Circadian_rhythm
645,VIT_07s0031g01260,11,0.0053,No hit,,,,
646,VIT_14s0068g02290,10,0.0048,Disease resistance protein,K13466,,vv34626Plant-pathogen_interaction,
647,VIT_14s0006g00350,10,0.0048,Glutamine synthetase cytosolic isozyme 2,E6_3_1_2,,vv10251Glutamate_metabolism,vv10550Peptidoglycan_biosynthesis
648,VIT_05s0020g03130,10,0.0048,Plastocyanin domain-containing protein,K02638,,vv10195Photosynthesis,vv50113Thylakoid_targeting_pathway
649,VIT_14s0068g01580,10,0.0048,Basic helix-loop-helix (bHLH) family,BHLHDOM_50,,vv60011BHLH,
650,VIT_05s0077g01250,10,0.0048,Endochitinase A2 precursor,E3_2_1_14,,vv10530Aminosugars_metabolism,
651,VIT_14s0030g01610,10,0.0048,Cytidine/deoxycytidylate deaminase,E3_5_4_5,,vv10240Pyrimidine_metabolism,
652,VIT_15s0045g01200,10,0.0048,Avr9/Cf-9 rapidly elicited protein,,,,
653,VIT_12s0028g02640,10,0.0048,GTP-binding protein typA/bipA,K06207,,,
654,VIT_08s0040g02210,10,0.0048,Lectin protein kinase,,,,
655,VIT_12s0034g01950<br>VIT_12s0034g01870<br>VIT_12s0034g01920<br>VIT_12s0034g01930<br>VIT_12s0034g01890<br>VIT_12s0034g01910,9,0.0044,
656,VIT_18s0117g00150,9,0.0044,Heterogeneous nuclear ribonucleoprotein A1/A3,K12741,,vv23040Spliceosome,
657,VIT_10s0003g01180,9,0.0044,Ketol-acid reductoisomerase,E1_1_1_86,,vv10290Valine_leucine_and_isoleucine_biosynthesis,vv10770Pantothenate_and_CoA_biosynthesis
658,VIT_07s0031g01660,9,0.0044,CYP86A2,,,,
659,VIT_15s0048g01750,9,0.0044,fasciclin arabinogalactan-protein (FLA8),FLA8,,vv40006Cell_wall,
660,VIT_13s0064g01100,9,0.0044,No hit,,,,
661,VIT_11s0016g00100,9,0.0044,Adapter protein SPIKE1 (SPK1),,,,
662,VIT_12s0059g02600,9,0.0044,Receptor protein kinase RK20-1,,,,
663,VIT_14s0108g01180,9,0.0044,Unknown protein,,,,
664,VIT_08s0040g00920,9,0.0044,Glutathione S-transferase 25 GSTU7,E2_5_1_18_GSTU7,,vv10480Glutathione_metabolism,
665,VIT_04s0008g03530,9,0.0043,Ankyrin repeat,K10380,,vv50108Accessory_factors_involved_in_transport,
666,VIT_19s0014g04140,9,0.0043,S-locus protein kinase,,,,
667,VIT_15s0021g00730,9,0.0043,No hit,,,,
668,VIT_00s0218g00050,9,0.0043,Kinesin motor protein,KMOTOR,,vv44810Regulation_of_actin_cytoskeleton,
669,VIT_05s0094g00320,9,0.0043,Chitinase  class IV [Vitis vinifera],E3_2_1_14,,vv10530Aminosugars_metabolism,
670,VIT_10s0003g04250,9,0.0043,Glutathione S-transferase GSTU22,E2_5_1_18_GSTU22,,vv10480Glutathione_metabolism,
671,VIT_06s0004g01810,9,0.0043,MSF1,,,,
672,VIT_01s0010g01970<br>VIT_01s0010g01980,9,0.0043,
673,VIT_11s0016g01010,8,0.0039,Serine/threonine-protein kinase NAK,,,,
674,VIT_08s0032g00780,8,0.0038,Calcium-dependent protein kinase 20 CPK20,CPK20,,vv34626Plant-pathogen_interaction,
675,VIT_09s0018g02130,7,0.0034,Calcium-transporting ATPase 9 ACA9,K01537,,vv34020Calcium_signaling_pathway,vv50131Primary_active_transporter_cat_A2_to_A4
676,VIT_00s0324g00060,7,0.0034,UDP-glycosyltransferase 85A8,,,,
677,VIT_18s0001g06370,7,0.0034,L-ascorbate peroxidase  chloroplast,E1_11_1_11,,vv10053Ascorbate_and_aldarate_metabolism,
678,VIT_18s0117g00040,7,0.0034,No hit,,,,
679,VIT_14s0081g00720,7,0.0034,Basic helix-loop-helix (bHLH) family,BHLHDOM_9,,vv60011BHLH,
680,VIT_10s0003g02590,7,0.0034,SH3 domain-containing protein 3 (SH3P3),SH3P3,,vv50110Protein_coat,
681,VIT_11s0016g01970,7,0.0034,Calmodulin-binding region IQD6,,,,
682,VIT_17s0000g05210,7,0.0034,LNG1 (LONGIFOLIA1),,,,
683,VIT_00s0616g00020,7,0.0034,Ribosomal protein L19,K02884,,vv23010Ribosome,
684,VIT_06s0004g08300,7,0.0034,Zinc finger (C3HC4-type ring finger),ZFC3HC4_56,,vv60078Other_zf-C3HC4,
685,VIT_13s0084g00800,7,0.0034,Transcription factor,TRIHELIXDOM_7,,vv60062Trihelix,
686,VIT_02s0012g01010,6,0.0029,Leucine-rich repeat,,,,
687,VIT_13s0019g01200,6,0.0029,Unknown,,,,
688,VIT_06s0061g01310,6,0.0029,Nucleobase-ascorbate transporter 12 (NAT12),NAT12,,vv50124Porters_cat_30_to_64,
689,VIT_00s0181g00170,6,0.0029,F-box family protein,,,,
690,VIT_03s0088g01260,6,0.0029,TIP growth defective 1,TIP1GD,,vv50108Accessory_factors_involved_in_transport,
691,VIT_06s0009g03130,6,0.0029,Cytochrome P450  family 79  subfamily A  polypeptide 2,K12153,,vv10966Glucosinolate_biosynthesis,
692,VIT_10s0003g02320<br>VIT_10s0003g02300<br>VIT_10s0003g02390<br>VIT_10s0003g02350<br>VIT_10s0003g02340<br>VIT_10s0003g02400,6,0.0029,
693,VIT_08s0058g01090,6,0.0029,CBL-interacting protein kinase 14 (CIPK14),,,,
694,VIT_17s0000g06880,6,0.0029,Heparanase protein 2 precursor,E3_2_1_31,,vv10040Pentose_glucuronate_interconversion,vv10500Starch_and_sucrose_metabolism
695,VIT_18s0001g00810,6,0.0029,24-methylenesterol C-methyltransferase 2,E2_1_1_143,,vv10100Biosynthesis_of_steroids,
696,VIT_13s0019g03170,6,0.0029,Heat shock protein 16.9 kDa class I,K13993,,vv24141Protein_processing_in_endoplasmic_reticulum,
697,VIT_01s0026g00330,6,0.0029,NHL repeat-containing protein,,,,
698,VIT_00s0748g00020,6,0.0029,Receptor kinase RK20-1,,,,
699,VIT_03s0017g00980,6,0.0029,UDP-arabinose 4-epimerase 3,E5_1_3_5,,vv10520Nucleotide_sugars_metabolism,
700,VIT_06s0009g01810,6,0.0029,APK2A (protein kinase 2A),,,,
701,VIT_04s0008g06870,6,0.0029,Cytochrome b5 domain-containing protein,,,,
702,VIT_00s0203g00100,6,0.0029,AarF domain-containing kinase ABC1,K08869,,,
703,VIT_08s0007g01230,6,0.0029,Lectin protein kinase,,,,
704,VIT_09s0002g03360,6,0.0029,Calmodulin binding protein,,,,
705,VIT_16s0050g01890,6,0.0029,Unknown,,,,
706,VIT_04s0008g05970,6,0.0029,Unknown protein,,,,
707,VIT_04s0008g06420,6,0.0029,No hit,,,,
708,VIT_02s0012g00890,6,0.0029,Unknown protein,,,,
709,VIT_19s0014g04450,6,0.0029,S-locus protein kinase,,,,
710,VIT_13s0067g00110,6,0.0029,CYP72A1,K13400,,vv10902Monoterpenoid_biosynthesis,
711,VIT_08s0007g01560,6,0.0029,Photoassimilate-responsive protein,,,,
712,VIT_06s0009g00970,6,0.0029,Thylakoid lumenal P17.1 protein,,,,
713,VIT_07s0031g01850,6,0.0029,BRI1 protein,BRI1,,vv30005Brassinosteroids_signaling,
714,VIT_06s0004g02520,6,0.0029,Telomere repeat binding factor like TRFL6,TRFL6_1,,vv60045MYBrelated,
715,VIT_13s0019g01700,6,0.0029,Scarecrow transcription factor 14 (SCL14),SCL14_1,,vv60032GRAS,
716,VIT_01s0146g00060,6,0.0029,Glucose-6-phosphate 1-dehydrogenase 2  chloroplast precursor,E1_1_1_49,,vv10030Pentose_phosphate,vv10480Glutathione_metabolism
717,VIT_18s0001g08810,6,0.0029,Unknown protein,,,,
718,VIT_18s0041g02270,6,0.0029,12-oxophytodienoate reductase 2,E1_3_1_42,,vv10592alpha-Linolenic_acid_metabolism,
719,VIT_18s0075g00950,6,0.0029,Laccase,E1_10_3_2,,vv11000Single_reactions,vv50109Incompletely_characterized_transport_systems
720,VIT_12s0028g02110,6,0.0029,Unknown protein,,,,
721,VIT_06s0004g07350,6,0.0029,Substrate carrier  Mitochondrial,K03454,,vv50123Porters_cat_18_to_29,
722,VIT_18s0122g00330,5,0.0024,Unknown protein,,,,
723,VIT_19s0015g00020,4,0.0019,ABC transporter C member 9,K05033,,vv52010ABC_transporters,
724,VIT_06s0004g02670,4,0.0019,Cyclic nucleotide-gated ion channel 15,K05391_CNGC15,,vv34626Plant-pathogen_interaction,vv50101Channels_and_pores
725,VIT_18s0001g10100,4,0.0019,Ubiquitin-conjugating enzyme E2 I,K10577,,vv23013RNA_transport,vv24120Ubiquitin_mediated_proteolysis
726,VIT_01s0011g02100,4,0.0019,ATP-dependent Clp protease proteolytic subunit,E3_4_21_92,,,
727,VIT_06s0004g00130,3,0.0015,Pyruvate kinase,E2_7_1_40,,vv10010Glycolysis,vv10230Purine_metabolism
728,VIT_18s0001g00170,3,0.0015,Unknown protein,,,,
729,VIT_02s0025g04300,3,0.0015,Thaumatin,,,,
730,VIT_08s0058g00690,3,0.0015,WRKY DNA-binding protein 33,WRKY33_3,VvWRKY24,vv34626Plant-pathogen_interaction,vv60066WRKY
731,VIT_06s0009g00210,3,0.0015,Calmodulin-binding region IQ5,,,,
732,VIT_08s0007g05580,3,0.0015,Embryo-abundant protein,,,,
733,VIT_07s0005g02190,3,0.0015,Zinc finger (C2H2 type) family,C2H2FAM_36,,vv60017C2H2,
734,VIT_00s0437g00050,3,0.0015,Receptor kinase RK20-1,,,,
735,VIT_00s0762g00010,3,0.0015,S-locus lectin protein kinase family,,,,
736,VIT_02s0012g02340,3,0.0015,CYP76C4,,,,
737,VIT_08s0007g05970,3,0.0015,Purple acid phosphatase 16 ATPAP16/PAP16,E3_1_3_2,,vv10740Riboflavin_metabolism,
738,VIT_09s0002g05600,3,0.0015,ABC transporter g family pleiotropic drug resistance 12 PDR12,ABCGPDR12,,vv52010ABC_transporters,
739,VIT_12s0034g02220,3,0.0015,RKF3 (receptor-like kinase IN in flowers 3),,,,
740,VIT_14s0108g00150,3,0.0015,Calmodulin-binding region IQD28,IQD28,,,
741,VIT_08s0007g05430,3,0.0015,Pyruvate kinase,E2_7_1_40,,vv10010Glycolysis,vv10230Purine_metabolism
742,VIT_19s0027g00860,3,0.0015,NAC domain-containing protein 42,NAC042_2,VvNAC31,vv60046NAC,
743,VIT_11s0016g01650,3,0.0015,Ankyrin repeat,,,,
744,VIT_04s0008g05570,3,0.0015,UDP-glucuronic acid/UDP-N-acetylgalactosamine transporter,UDPGLUCUTR,,vv50122Porters_cat_7_to_17,
745,VIT_18s0072g00260,3,0.0015,Ethylene-responsive transcription factor related to APETALA2 6,RAP2_6,VvERF114,vv30008Ethylene_signaling,vv60003AP2_EREBP
746,VIT_19s0015g00170,3,0.0015,Zinc metallopeptidase,E3_4_24_x,,,
747,VIT_07s0031g02720,3,0.0015,Myosin heavy chain,K10352,,vv44810Regulation_of_actin_cytoskeleton,
748,VIT_09s0002g04360,3,0.0015,Thylakoid membrane phosphoprotein 14 kda  chloroplast precursor,,,,
749,VIT_01s0026g02310,3,0.0015,SUR2,K04713,,vv10600Sphingolipid_metabolism,
750,VIT_17s0000g00800,3,0.0015,Zinc finger (DHHC type),ZFDHHC_11,,vv60079Other_zf-DHHC,
751,VIT_15s0046g00170,3,0.0015,MYBPA1 protein [Vitis vinifera],MYBPA1,MYBPA1,vv60044MYB,
752,VIT_00s0181g00100,3,0.0015,Unknown protein,,,,
753,VIT_02s0025g03370,3,0.0015,YDA (YODA),,,,
754,VIT_08s0105g00460,3,0.0015,Acyl-CoA oxidase ACX4,E1_3_3_6_ACX4,,vv10071Fatty_acid_metabolism,vv10592Alpha-linolenic_acid_metabolism
755,VIT_01s0010g01130,3,0.0015,6-phosphogluconate dehydrogenase,E1_1_1_44,,vv10030Pentose_phosphate,
756,VIT_05s0077g01060,3,0.0015,Betaine-aldehyde dehydrogenase,E1_2_1_8,,vv10260Glycine_serine_and_threonine_metabolism,vv50101Channels_and_pores
757,VIT_16s0013g01500,3,0.0015,Disease resistance protein,,,,
758,VIT_07s0031g00540,3,0.0015,Rapid ALkalinization Factor RALFL34,,,,
759,VIT_05s0020g03440,3,0.0015,Photosystem II 11 kDa protein PSB27,K08902,,vv10195Photosynthesis,vv50135Primary_active_transporter_cat_D3_to_E2
760,VIT_14s0006g02570,3,0.0015,Protease inhibitor/seed storage/lipid transfer protein (LTP),,,,
761,VIT_01s0011g02390,3,0.0015,Unknown,,,,
762,VIT_13s0064g01260,3,0.0015,DNA-damage-repair/toleration protein (DRT100),,,,
763,VIT_02s0025g02940,3,0.0014,Caffeic acid O-3-methyltransferase,E2_1_1_68,,vv10940Phenylpropanoid_biosynthesis,
764,VIT_18s0001g05430,3,0.0014,(+)-delta-cadinene synthase isozyme XC14,E4_2_3_13,,vv10900Terpenoid_biosynthesis,
765,VIT_13s0067g00900,3,0.0014,Phosphoinositide-specific phospholipase C,E3_1_4_11,,vv10562Inositol_phosphate_metabolism,vv30001ABA_signaling
766,VIT_18s0001g05240,3,0.0014,(-)-germacrene D synthase,E4_2_3_22,,vv10900Terpenoid_biosynthesis,
767,VIT_18s0001g08760,3,0.0014,No hit,,,,
768,VIT_13s0019g03970,3,0.0014,Ribosomal protein P0 (RPP0A) acidic 60S,K02941,,vv23010Ribosome,
769,VIT_19s0014g02390,3,0.0014,No hit,,,,
770,VIT_03s0091g00150,3,0.0014,NtPRp27 secretory protein,,,,
771,VIT_12s0028g01310,3,0.0014,Germin-like protein 1,,,,
772,VIT_17s0000g04370,3,0.0014,Wall-associated kinase,,,,
773,VIT_08s0007g02790,3,0.0014,Unknown protein,,,,
774,VIT_09s0002g00790,3,0.0014,Beta-ketoacyl-ACP synthase II,E2_3_1_41,,vv10061Fatty_acid_biosynthesis,
775,VIT_08s0007g05650,3,0.0014,Unknown protein,,,,
776,VIT_02s0234g00080,3,0.0014,Enoyl-CoA hydratase/isomerase,E4_2_1_17,,vv10062Fatty_acid_elongation_in_mitochondria,vv10071Fatty_acid_metabolism
777,VIT_06s0061g00730,3,0.0014,Aquaporin GAMMA-TIP3/TIP1;3,TIP1_3,,vv50101Channels_and_pores,
778,VIT_13s0067g02500,3,0.0014,Xanthine/uracil permease,K06901,,vv50121Porters_cat_1_to_6,
779,VIT_15s0046g00500,3,0.0014,Wax synthase,E2_3_1_75,,vv11000Single_reactions,
780,VIT_03s0063g00400,3,0.0014,Alpha-amylase / 1 4-alpha-D-glucan glucanohydrolase,E3_2_1_1,,vv10500Starch_and_sucrose_metabolism,
781,VIT_06s0004g03620,3,0.0014,MAPK MPK13,MPK13,,,
782,VIT_12s0057g00420,3,0.0014,Auxin-responsive protein AIR12,AIR12,,vv30003Auxin_signaling,
783,VIT_17s0000g07780,3,0.0014,Calmodulin-binding protein,K02183,,vv34020Calcium_signaling_pathway,vv34626Plant-pathogen_interaction
784,VIT_11s0052g00340,3,0.0014,Protein kinase Xa21,,,,
785,VIT_08s0007g01150,3,0.0014,Unc51-like kinase,K08269,,vv44140Regulation_of_autophagy,vv34150mTOR_signaling_pathway
786,VIT_08s0007g01810,3,0.0014,ANTR2 (anion transporter 2,ANTR2,,vv50121Porters_cat_1_to_6,
787,VIT_12s0035g00580,3,0.0014,No hit,,,,
788,VIT_15s0048g02780,3,0.0014,Unknown protein,,,,
789,VIT_03s0091g00130,3,0.0014,Prp27,,,,
790,VIT_05s0051g00230,3,0.0014,R protein L6,K13477,,vv34627R_proteins_from_Plant-pathogen_interaction,
791,VIT_10s0003g01480,3,0.0014,BIN2 (brassinosteroid-insensitive 2),BIN2,,vv30005Brassinosteroids_signaling,
792,VIT_04s0008g02070,3,0.0014,Avr9/Cf-9 induced kinase 1,,,,
793,VIT_08s0007g04860,3,0.0014,Nodulin family protein,,,,
794,VIT_06s0004g06600,3,0.0014,Unknown protein,,,,
