Vv_m2,2000,1000,VIT_04s0008g06000
rank,node,Fabs,Frel,Functional-annotation,Name-EC-KeggID,Updated-name,Network1,Network2
1,VIT_02s0109g00230,2060,1.0000,Early-responsive to dehydration protein / ERD protein,,,,
2,VIT_11s0052g00630,2068,1.0000,Metallothionein,,,,
3,VIT_12s0142g00160,2078,1.0000,Unknown protein,,,,
4,VIT_07s0031g00420,2065,1.0000,SHN1 (SHINE 1),SHINE1_2,,vv30008Ethylene_signaling,vv60003AP2_EREBP
5,VIT_17s0000g00430,2062,0.9995,Basic helix-loop-helix (bHLH) family,BHLHDOM_62,,vv60011BHLH,
6,VIT_07s0031g01160,2076,0.9990,Hyperosmotically inducible periplasmic protein,K04065,,vv50131Primary_active_transporter_cat_A2_to_A4,
7,VIT_11s0016g03760,2053,0.9981,Unknown protein,,,,
8,VIT_17s0000g01930,2047,0.9966,Potassium transporter 2,KUP2,,vv50125Porters_cat_66_to_94,
9,VIT_06s0004g04490,2065,0.9957,Unknown protein,,,,
10,VIT_14s0006g01280,2045,0.9951,Myb domain protein 113,MYB113_5,MYBA7,vv60044MYB,
11,VIT_03s0038g03570,2062,0.9947,Monocopper oxidase SKS5 (SKU5 Similar 5),SKS5,,vv50109Incompletely_characterized_transport_systems,
12,VIT_14s0083g01130,2057,0.9932,MAP3K-like protein kinase  putative  expressed,,,,
13,VIT_05s0077g00730,2043,0.9884,WRKY DNA-binding protein 48,WRKY48_1,VvWRKY14,vv60066WRKY,
14,VIT_05s0020g01490,2040,0.9869,Rapid ALkalinization Factor RALFL33,,,,
15,VIT_08s0040g02610,2043,0.9794,Unknown,,,,
16,VIT_04s0008g03820,2029,0.9778,Membrane protein,,,,
17,VIT_18s0001g03120,2001,0.9681,Ethylene-responsive transcription factor ERF003,ERF003_6,,vv30008Ethylene_signaling,vv60003AP2_EREBP
18,VIT_08s0040g01820,2006,0.9672,No hit,,,,
19,VIT_04s0043g00510,1986,0.9613,Ethylene-responsive transcription factor ERF003,ERF003_1,,vv30008Ethylene_signaling,vv60003AP2_EREBP
20,VIT_13s0067g02930,1970,0.9508,Expansin [Vitis labrusca x Vitis vinifera] EXPA8,EXPA8,,vv30003Auxin_signaling,
21,VIT_12s0028g03900,1956,0.9504,No hit,,,,
22,VIT_18s0001g12830,1957,0.9482,1 4-beta-mannan endohydrolase,E3_2_1_78,,vv10051Fructose_and_mannose_metabolism,
23,VIT_12s0057g00700,1949,0.9461,Glucan endo-1 3-beta-glucosidase 3 precursor,E3_2_1_39,,vv10500Starch_and_sucrose_metabolism,
24,VIT_18s0001g03240,1946,0.9428,DREB sub A-5 of ERF/AP2 transcription factor,ERF012,VvERF008,vv30008Ethylene_signaling,vv60003AP2_EREBP
25,VIT_17s0000g05580,1954,0.9421,Isopiperitenol dehydrogenase,E1_1_1_223,,vv10902Monoterpenoid_biosynthesis,
26,VIT_18s0001g01130,1930,0.9310,Alpha-expansin 1 precursor,EXPA1,,vv30003Auxin_signaling,
27,VIT_08s0007g00710,1903,0.9287,Unknown,,,,
28,VIT_02s0025g00820,1909,0.9276,Cation/hydrogen exchanger (CHX18),CHX18,,vv50124Porters_cat_30_to_64,
29,VIT_00s0271g00110,1911,0.9241,flavodoxin-like quinone reductase 1,FQR1,,vv30003Auxin_signaling,
30,VIT_13s0067g00140,1921,0.9240,Proline-rich family protein,BHSH1,,vv60013BHSH,
31,VIT_05s0020g04690,1869,0.9126,IAA7,IAA7,,vv30003Auxin_signaling,vv60008AUXIAA
32,VIT_12s0059g02240,1899,0.9121,Unknown,,,,
33,VIT_02s0033g00450<br>VIT_02s0033g00380<br>VIT_02s0033g00390<br>VIT_02s0033g00410,1887,0.9107,
34,VIT_17s0000g06360,1888,0.9094,Alpha-expansin 3,EXPA3,,vv30003Auxin_signaling,
35,VIT_19s0015g01300,1882,0.9083,Amino acid permease 7,AAP7,,vv50123Porters_cat_18_to_29,
36,VIT_06s0009g01620,1867,0.9072,Harpin-induced protein,,,,
37,VIT_04s0023g03230,1874,0.9036,Auxin-responsive SAUR9,SAUR9,,vv30003Auxin_signaling,
38,VIT_01s0011g05110,1860,0.9012,Major latex protein 22,,,,
39,VIT_13s0067g00700,1864,0.8987,Hydrolase  alpha/beta fold,,,,
40,VIT_13s0074g00040,1848,0.8971,Phytol kinase 2  chloroplast precursor,VTE5,,vv10860Porphyrin_and_chlorophyll_metabolism,
41,VIT_05s0094g00350,1843,0.8831,Chitinase class IV,E3_2_1_14,,vv10530Aminosugars_metabolism,
42,VIT_06s0004g02560,1833,0.8791,Kiwellin Ripening-related protein grip22,,,,
43,VIT_10s0003g00600,1831,0.8765,Lipase GDSL,,,,
44,VIT_04s0023g02150,1808,0.8747,Phosphatidic acid phosphatase / PAP2,E3_1_3_4,,vv10561Glycerolipid_metabolism,vv10564Glycerophospholipid_metabolism
45,VIT_08s0007g08840,1799,0.8733,Glycosyl transferaseHGA1,,,,
46,VIT_03s0038g03730,1794,0.8667,Niemann-Pick C1 protein precursor,NPC1,,vv50121Porters_cat_1_to_6,
47,VIT_11s0037g01230,1799,0.8666,Basic helix-loop-helix (bHLH) family,BHLHDOM_32,,vv60011BHLH,
48,VIT_02s0012g02820,1766,0.8577,Geraniol 10-hydroxylase,G10H,,vv10902Monoterpenoid_biosynthesis,
49,VIT_01s0010g02750,1758,0.8472,Lipoxygenase,E1_13_11_12,,vv10592alpha-Linolenic_acid_metabolism,
50,VIT_06s0004g05730,1753,0.8469,Universal stress protein (USP) family protein,,,,
51,VIT_06s0004g00590,1745,0.8467,Lysine decarboxylase,E4_1_1_18,,vv10300Lysine_biosynthesis,
52,VIT_06s0004g05800,1730,0.8402,Phosphatidic acid phosphatase / PAP2,E3_1_3_4,,vv10561Glycerolipid_metabolism,vv10564Glycerophospholipid_metabolism
53,VIT_05s0062g00760,1743,0.8396,Receptor kinase RHG4,,,,
54,VIT_08s0007g08010,1724,0.8373,No hit,,,,
55,VIT_18s0001g06690,1719,0.8300,Gibberellin 20 oxidase 2,E1_14_11_12,,vv10904Diterpenoid_biosynthesis,
56,VIT_06s0004g02390,1711,0.8282,Triacylglycerol lipase,E3_1_1_3,,vv10561Glycerolipid_metabolism,
57,VIT_10s0003g04950,1712,0.8259,Esterase/lipase/thioesterase,,,,
58,VIT_00s0274g00080,1681,0.8133,Benzoquinone reductase,E1_6_5_6,,vv10740Riboflavin_metabolism,
59,VIT_13s0019g01520,1682,0.8122,Protease inhibitor/seed storage/lipid transfer protein (LTP),,,,
60,VIT_16s0100g00400,1688,0.8115,Ethylene-responsive transcription factor ERF025,ERF025,VvERF019,vv30008Ethylene_signaling,vv60003AP2_EREBP
61,VIT_15s0046g03600,1681,0.8113,(+)-neomenthol dehydrogenase,E1_1_1_208,,vv10902Monoterpenoid_biosynthesis,
62,VIT_03s0097g00460,1678,0.8091,Geraniol 10-hydroxylase,G10H,,vv10902Monoterpenoid_biosynthesis,
63,VIT_02s0012g02810,1665,0.8071,CYP76C4,,,,
64,VIT_00s1682g00010,1652,0.7996,Copper amine oxidase,E1_4_3_4,,vv10220Urea_cycle_and_metabolism_of_amino_groups,vv10340Histidine_metabolism
65,VIT_18s0001g09700,1646,0.7925,F-box protein GID2,,,,
66,VIT_13s0047g00230,1607,0.7797,Pectinesterase family,E3_1_1_11,,vv40006Cell_wall,
67,VIT_07s0005g03310,1615,0.7761,Cofilin,K05765,,vv44810Regulation_of_actin_cytoskeleton,
68,VIT_02s0025g03100,1601,0.7742,Cinnamyl alcohol dehydrogenase,E1_1_1_195,,vv10940Phenylpropanoid_biosynthesis,
69,VIT_19s0014g01780,1591,0.7708,BZIP transcription factor,BZIPDOM_14,VvbZIP52,vv60012BZIP,
70,VIT_05s0077g01980,1592,0.7672,Unknown protein,,,,
71,VIT_07s0005g02710,1560,0.7558,Unknown protein,,,,
72,VIT_05s0094g01210,1568,0.7549,Amine oxidase,E1_4_3_4,,vv10220Urea_cycle_and_metabolism_of_amino_groups,vv10340Histidine_metabolism
73,VIT_15s0021g02700,1551,0.7507,Beta-expansin (EXPB4),EXPB4,,vv30003Auxin_signaling,
74,VIT_05s0049g00770,1549,0.7501,No hit,,,,
75,VIT_13s0019g03020,1557,0.7500,Glucosyltransferase-2,,,,
76,VIT_15s0021g00220,1547,0.7492,ABC transporter C member 15,ABCC15,,vv52010ABC_transporters,
77,VIT_17s0000g03280,1550,0.7484,Alcohol dehydrogenase 7,E1_1_1_1,,vv10010Glycolysis,vv10071Fatty_acid_metabolism
78,VIT_17s0000g01950,1533,0.7438,Dihydropyrimidine dehydrogenase,E1_3_1_2,,vv10410Beta-alanine_metabolism,vv10770Pantothenate_and_CoA_biosynthesis
79,VIT_12s0059g01830,1528,0.7410,Unknown,,,,
80,VIT_06s0061g00550,1527,0.7373,Xyloglucan endotransglucosylase/hydrolase 32,E2_4_1_207,,vv40006Cell_wall,
81,VIT_00s0233g00180<br>VIT_02s0154g00190,1519,0.7338,
82,VIT_08s0058g00910,1508,0.7328,RAPTOR1B (RAPTOR1),K07204,,vv34150mTOR_signaling_pathway,
83,VIT_14s0066g01060,1506,0.7251,Polygalacturonase GH28,E3_2_1_15,,vv40006Cell_wall,
84,VIT_10s0042g00470,1486,0.7228,Carbonic anhydrase,E4_2_1_1,,vv10910Nitrogen_metabolism,vv50124Porters_cat_30_to_64
85,VIT_13s0019g04900,1479,0.7197,Pectate lyase,E4_2_2_2,,vv40006Cell_wall,
86,VIT_16s0022g00960,1474,0.7159,Invertase/pectin methylesterase inhibitor,PMEI,,vv40006Cell_wall,
87,VIT_11s0052g01090,1462,0.7022,4-coumarate-CoA ligase 2,E6_2_1_12,,vv10940Phenylpropanoid_biosynthesis,vv50104Group_translocators
88,VIT_01s0026g01020,1450,0.6991,Binding,,,,
89,VIT_14s0081g00020,1445,0.6957,Pathogenesis-related protein-4 (Chitinase ),E3_2_1_14,,vv10530Aminosugars_metabolism,
90,VIT_09s0002g01890,1427,0.6931,Hydroxyproline-rich glycoprotein,HRGP,,vv40006Cell_wall,
91,VIT_02s0033g01120,1414,0.6854,Dehydration-responsive protein,,,,
92,VIT_14s0066g01350,1406,0.6802,No hit,,,,
93,VIT_01s0011g04620,1398,0.6796,Unknown protein,,,,
94,VIT_14s0006g00180,1394,0.6741,Aspartyl protease,E3_4_23_x,,,
95,VIT_09s0054g00690,1390,0.6728,Vacuolar processing enzyme alpha,,,,
96,VIT_01s0011g05140,1382,0.6692,Major latex-like protein ripening protein [grip61],,,,
97,VIT_11s0016g05230,1391,0.6681,Allyl alcohol dehydrogenase,,,,
98,VIT_02s0025g05050,1380,0.6673,Zf A20 and AN1 domain-containing stress-associated protein 1,SAP1_1,,vv60077Other_zf-AN1,
99,VIT_11s0206g00050<br>VIT_11s0149g00410,1376,0.6644,
100,VIT_11s0118g00590,1344,0.6550,Unknown protein,,,,
101,VIT_04s0210g00170,1341,0.6510,Squamosa promoter-binding protein 12 (SPL12),SPL12_1,,vv60055SBP,
102,VIT_19s0027g01810,1335,0.6468,Invertase/pectin methylesterase inhibitor,PMEI,,vv40006Cell_wall,
103,VIT_11s0016g03130,1340,0.6449,Ceramide glucosyltransferase,E2_4_1_80,,vv10600Sphingolipid_metabolism,
104,VIT_18s0001g10030,1326,0.6440,WRKY DNA-binding protein 7,WRKY7,VvWRKY54,vv60066WRKY,
105,VIT_06s0004g07560,1327,0.6389,Ribosomal protein S29 28S,K02980,,vv23010Ribosome,
106,VIT_00s0531g00030,1317,0.6350,C2 domain containing protein,,,,
107,VIT_08s0007g00770,1304,0.6333,NDP1 (random potato CDNA clone);,,,,
108,VIT_18s0086g00190,1315,0.6328,Permease nonimprinted in Prader-Willi/Angelman,NIPA,,vv50122Porters_cat_7_to_17,
109,VIT_01s0011g02330,1307,0.6326,Unknown protein,,,,
110,VIT_16s0098g01150,1309,0.6318,Auxin-responsive SAUR29,SAUR29,,vv30003Auxin_signaling,
111,VIT_14s0083g01160,1297,0.6272,COBRA protein,COBRA,,vv40006Cell_wall,
112,VIT_16s0098g01870,1301,0.6267,SOS3 (salt overly sensitive 3),E3_1_3_16,,,
113,VIT_12s0028g03270,1281,0.6194,Ethylene-responsive transcription factor 9,ERF9_1,,vv30008Ethylene_signaling,vv60003AP2_EREBP
114,VIT_06s0080g00760,1269,0.6175,Unknown protein,,,,
115,VIT_03s0017g01490,1271,0.6134,Berberine bridge enzyme,E1_21_3_3,,vv10950Alkaloid_biosynthesis_I,
116,VIT_08s0105g00270,1262,0.6117,NC domain-containing protein,,,,
117,VIT_14s0066g01610,1261,0.6083,Zinc finger (C3HC4-type ring finger),ZFC3HC4_25,,vv60078Other_zf-C3HC4,
118,VIT_18s0001g11610,1252,0.6066,No hit,,,,
119,VIT_18s0001g07240,1249,0.6060,14-3-3 protein GF14 kappa (GRF8),,,,
120,VIT_05s0049g00520,1238,0.5972,No hit,,,,
121,VIT_09s0018g01700,1222,0.5923,Unknown protein,,,,
122,VIT_11s0016g05900,1223,0.5911,Clathrin assembly protein 10,CAP10,,vv50110Protein_coat,
123,VIT_15s0046g00310,1223,0.5883,Transcription factor TINY,ERF023,VvERF015,vv30008Ethylene_signaling,vv60003AP2_EREBP
124,VIT_06s0004g01130,1212,0.5838,Seven in absentia SINA2,K04506,,vv24120Ubiquitin_mediated_proteolysis,
125,VIT_03s0063g00140,1196,0.5826,Caffeoyl-CoA O-methyltransferase,E2_1_1_104,,vv10940Phenylpropanoid_biosynthesis,
126,VIT_17s0000g08290,1199,0.5795,Dof zinc finger protein DOF5.6,DOF5_6,,vv60015C2C2-DOF,
127,VIT_08s0056g01240,1191,0.5765,No hit,,,,
128,VIT_07s0005g01250,1184,0.5717,Unknown protein,,,,
129,VIT_18s0001g12110,1176,0.5695,No hit,,,,
130,VIT_12s0034g01160,1169,0.5639,Blue (type 1) copper domain,,,,
131,VIT_16s0039g01910,1169,0.5612,Vegetative storage protein win4.5,,,,
132,VIT_18s0001g14980,1149,0.5553,3-methyl-2-oxobutanoate dehydrogenase,E1_2_4_4,,vv10280Valine_leucine_and_isoleucine_degradation,
133,VIT_19s0090g00240,1135,0.5462,R protein disease resistance protein,RPROT,,vv34627R_proteins_from_Plant-pathogen_interaction,
134,VIT_07s0104g01320,1120,0.5395,Transport inhibitor response 1,TIR1,,vv30003Auxin_signaling,
135,VIT_04s0023g01550,1111,0.5393,Unknown,,,,
136,VIT_10s0003g01430,1117,0.5391,MEE62 (maternal effect embryo arrest 62),,,,
137,VIT_19s0177g00230,1108,0.5371,Unknown,,,,
138,VIT_03s0038g01180<br>VIT_03s0038g01260,1106,0.5366,
139,VIT_05s0049g00760,1086,0.5305,No hit,,,,
140,VIT_07s0031g01630,1093,0.5296,Unknown protein,,,,
141,VIT_15s0024g00820,1089,0.5231,Stress-induced protein,,,,
142,VIT_11s0052g00410,1077,0.5205,Allyl alcohol dehydrogenase,,,,
143,VIT_01s0244g00010,1077,0.5190,Basic helix-loop-helix (bHLH) family,BHLHDOM_53,,vv60011BHLH,
144,VIT_01s0011g06250,1064,0.5160,Xyloglucan endotransglycosylase,E2_4_1_207,,vv40006Cell_wall,
145,VIT_05s0102g00710,1067,0.5122,fructokinase-1,E2_7_1_4,,vv10051Fructose_and_mannose_metabolism,vv10500Starch_and_sucrose_metabolism
146,VIT_11s0016g05770,1058,0.5094,Alkaline alpha galactosidase 2,E3_2_1_22,,vv10052Galactose_metabolism,vv10561Glycerolipid_metabolism
147,VIT_04s0023g03710,1046,0.5073,Myb domain protein 4,MYB4_1,MYB4B,vv60044MYB,
148,VIT_01s0150g00350,1044,0.5043,Zinc finger (DHHC type),ZFDHHC_5,,vv60079Other_zf-DHHC,
149,VIT_19s0014g03380,1044,0.5026,3'(2') 5'-bisphosphate nucleotidase,E3_1_3_7,,vv10920Sulfur_metabolism,
150,VIT_03s0091g00670,1030,0.4976,Lateral organ boundaries protein 38,LBD38_1,,vv60007AS2,
151,VIT_18s0001g11930,1029,0.4935,Thaumatin SCUTL2,,,,
152,VIT_10s0003g01370,1026,0.4919,Unknown protein,,,,
153,VIT_10s0003g03910,1015,0.4896,TCP family transcription factor 24,TCP24,,vv60061TCP,
154,VIT_04s0044g01110,1007,0.4881,Alcohol dehydrogenase 6,E1_1_1_1,,vv10010Glycolysis,vv10071Fatty_acid_metabolism
155,VIT_12s0057g01440,1004,0.4832,Heavy-metal-associated domain-containing protein,,,,
156,VIT_18s0089g00410,999,0.4819,Sucrose-phosphate synthase 1,E2_4_1_14,,vv10500Starch_and_sucrose_metabolism,
157,VIT_14s0060g02330,985,0.4772,Actin binding formin homology 1,FH2,,vv44810Regulation_of_actin_cytoskeleton,
158,VIT_01s0150g00380,988,0.4768,Unknown protein,,,,
159,VIT_01s0026g02620,983,0.4751,Expansin [Vitis labrusca x Vitis vinifera] EXPA15,EXPA15,,vv30003Auxin_signaling,
160,VIT_14s0128g00470,980,0.4725,Unknown protein,,,,
161,VIT_11s0016g03660,960,0.4640,Glucose transporter 2 plastidic,PGTR2,,vv50121Porters_cat_1_to_6,
162,VIT_17s0000g02880,957,0.4632,S-adenosyl-L-methionine:salicylic acid carboxyl methyltransferase,SAMTBSCMT,,vv10360Phenylalanine_metabolism,
163,VIT_14s0068g00040,957,0.4603,No hit,,,,
164,VIT_02s0033g00440,947,0.4602,Myb VvMYBA1,VVMYBA1_3,MYBA11,vv60044MYB,
165,VIT_10s0092g00010,949,0.4591,Unknown protein,,,,
166,VIT_00s2576g00010,945,0.4565,Phosphoenolpyruvate carboxykinase,E4_1_1_49,,vv10020Citrate_cycle,vv10620Pyruvate_metabolism
167,VIT_06s0004g00230,942,0.4564,WRKY DNA-binding protein 48,WRKY48_2,VvWRKY15,vv60066WRKY,
168,VIT_19s0090g00730,944,0.4560,No hit,,,,
169,VIT_13s0064g01660,943,0.4521,Prunasin hydrolase isoform PHA precursor,E3_2_1_118,,vv10460Cyanoamino_acid_metabolism,
170,VIT_16s0013g00220,930,0.4506,Metacaspase AtMCP1b,,,,
171,VIT_11s0016g01480,922,0.4463,Nuclear transcription factor Y subunit A-3,NFYA3_1,,vv60021CCAAT,
172,VIT_06s0004g07220,919,0.4440,Indole-3-acetate beta-glucosyltransferase,E2_4_1_121,,vv11002Auxin_biosynthesis,
173,VIT_15s0046g00290,914,0.4422,Auxin response factor 18,ARF18,,vv30003Auxin_signaling,vv60004ARF
174,VIT_17s0053g00990,912,0.4412,Alpha-expansin 1 precursor,EXPA1,,vv30003Auxin_signaling,
175,VIT_05s0029g00140,912,0.4402,Ethylene-responsive transcription factor ERF062,ERF062,VvERF005,vv30008Ethylene_signaling,vv60003AP2_EREBP
176,VIT_09s0054g00680,906,0.4379,Auxin-responsive SAUR5,SAUR5,,vv30003Auxin_signaling,
177,VIT_04s0023g03540,906,0.4377,Thaumatin SCUTL1,,,,
178,VIT_08s0007g01930,901,0.4353,Anthranilate N-benzoyltransferase,E2_3_1_144,,vv10400Phenylalanine_tyrosine_and_tryptophan_biosynthesis,
179,VIT_14s0006g01930,882,0.4265,Unknown protein,,,,
180,VIT_05s0020g03420,885,0.4257,PHD finger transcription factor,PHDFG_4,,vv60048PHD,
181,VIT_00s0524g00030,882,0.4240,Armadillo/beta-catenin repeat protein / U-box domain-containing protein,,,,
182,VIT_12s0059g00750,877,0.4239,Prephenate dehydratase,E4_2_1_51,,vv10400Phenylalanine_tyrosine_and_tryptophan_biosynthesis,
183,VIT_12s0057g00520,868,0.4175,Serine/threonine-protein kinase WNK3,,,,
184,VIT_07s0005g00830,864,0.4174,Subtilisin protease,,,,
185,VIT_18s0001g00770,863,0.4171,Phospholipase D p98,PLDB1,,vv10564Glycerophospholipid_metabolism,vv10565Ether_lipid_metabolism
186,VIT_19s0014g03400,863,0.4169,Receptor protein kinase,,,,
187,VIT_18s0001g07380,852,0.4134,DNA-binding protein,,,,
188,VIT_08s0007g03360,851,0.4127,EMB1345 (embryo defective 1345),,,,
189,VIT_05s0049g00840<br>VIT_05s0049g00780<br>VIT_05s0049g00800,850,0.4118,
190,VIT_18s0164g00170<br>VIT_18s0164g00110,852,0.4116,
191,VIT_13s0019g02700,844,0.4099,MEE60 (maternal effect embryo arrest 60),,,,
192,VIT_13s0084g00110,836,0.4045,ABC transporter I member 8,ABCI8,,vv52010ABC_transporters,
193,VIT_05s0020g04850,825,0.3995,H1flk,,,,
194,VIT_06s0004g04110,819,0.3974,Unknown protein,,,,
195,VIT_08s0040g00780,818,0.3973,P-coumaroyl shikimate 3'-hydroxylase isoform 1,K09754,,vv10940Phenylpropanoid_biosynthesis,
196,VIT_04s0044g01260,820,0.3971,SEU3B protein,SEUSS,,vv30009Flower_development,
197,VIT_19s0015g01310,808,0.3926,Amino acid permease 7,AAP7,,vv50123Porters_cat_18_to_29,
198,VIT_14s0068g01020,813,0.3916,Unknown protein,,,,
199,VIT_10s0071g00890,806,0.3915,Unknown protein,,,,
200,VIT_02s0012g00090,814,0.3913,Phosphatidylinositol-4-phosphate 5-kinase,E2_7_1_68,,vv10562Inositol_phosphate_metabolism,vv34070Phosphatidylinositol_signaling_system
201,VIT_11s0016g05530,783,0.3803,Plastocyanin domain-containing protein,K02638,,vv10195Photosynthesis,vv50113Thylakoid_targeting_pathway
202,VIT_11s0065g00150,781,0.3802,Glycogen synthase,E2_4_1_11,,vv10500Starch_and_sucrose_metabolism,
203,VIT_01s0026g00980,778,0.3784,Glycosyl transferase family 8 protein,,,,
204,VIT_09s0002g05150,777,0.3765,IAA19,IAA19_1,,vv30003Auxin_signaling,vv60008AUXIAA
205,VIT_19s0015g01850,776,0.3763,CLC-F (chloride channel F),K05393_CLCF,,vv50124Porters_cat_30_to_64,
206,VIT_07s0130g00040,775,0.3737,Myb domain protein 4,MYB4_10,MYB3,vv60044MYB,
207,VIT_12s0055g00800,766,0.3735,Arachidonic acid-induced DEA1,,,,
208,VIT_01s0010g03800,762,0.3712,Unknown protein,,,,
209,VIT_10s0003g05840,766,0.3704,Unknown protein,,,,
210,VIT_03s0063g01890,762,0.3694,Ring-H2 finger protein ATL3G,,,,
211,VIT_16s0100g00270,756,0.3640,Peptidoglycan-binding LysM domain-containing protein,,,,
212,VIT_17s0000g00410,752,0.3629,No hit,,,,
213,VIT_04s0023g03550,750,0.3628,Thaumatin,,,,
214,VIT_08s0040g00690,745,0.3606,Unknown,,,,
215,VIT_14s0068g00520,743,0.3605,F-box domain containing protein,,,,
216,VIT_08s0040g01190,743,0.3591,3-oxoacyl-reductase  chloroplast precursor,E1_1_1_100,,vv10061Fatty_acid_biosynthesis,vv11040Biosynthesis_of_unsaturated_fatty_acids
217,VIT_14s0066g01340,745,0.3589,DNA-binding protein,,,,
218,VIT_00s1328g00020,735,0.3559,Phytosulfokines PSK4,,,,
219,VIT_04s0008g03680,736,0.3545,Unknown protein,,,,
220,VIT_08s0007g03250,718,0.3475,Unknown protein,,,,
221,VIT_07s0141g00580,712,0.3455,Glycosyl transferase family 8 protein,,,,
222,VIT_02s0012g00660,707,0.3440,Calcium-binding EF-hand,,,,
223,VIT_00s2342g00020<br>VIT_00s0524g00040,713,0.3420,
224,VIT_17s0000g02530,702,0.3411,Peptidyl-prolyl cis-trans isomerase FKBP-type,K01802,,,
225,VIT_17s0000g08140,704,0.3411,MLK/Raf-related protein kinase 1,,,,
226,VIT_10s0003g02960,701,0.3401,Glycosyl hydrolase family 17 protein,,,,
227,VIT_14s0030g00220,703,0.3393,Sugar transporter ERD6-like 5,ERD6L5,,vv50121Porters_cat_1_to_6,
228,VIT_05s0102g01200,700,0.3373,Lectin,,,,
229,VIT_03s0063g00490,692,0.3354,No hit,,,,
230,VIT_14s0006g02880,694,0.3354,Unknown protein,,,,
231,VIT_17s0000g06180,688,0.3335,Hydrolase  alpha/beta fold,,,,
232,VIT_04s0210g00060,688,0.3335,Mucin-like protein,K06568,,,
233,VIT_00s1937g00010,684,0.3330,Amine oxidase,E1_4_3_4,,vv10220Urea_cycle_and_metabolism_of_amino_groups,vv10340Histidine_metabolism
234,VIT_14s0083g01030,690,0.3314,MADS-box APETALA 1,APETALA1_1,,vv30009Flower_development,vv60042MADS
235,VIT_18s0122g00850,671,0.3228,Tonoplast monosaccharide transporter2,TMT2,,vv50121Porters_cat_1_to_6,
236,VIT_02s0012g01040,670,0.3221,NAC domain-containing protein 71,NAC071,VvNAC13,vv60046NAC,
237,VIT_18s0001g06220,660,0.3202,F-box protein (FBW2),,,,
238,VIT_19s0090g00750,661,0.3179,Dihydrolipoamide succinyltransferase,E2_3_1_61,,vv10020Citrate_cycle,
239,VIT_16s0013g00830,654,0.3175,No hit,,,,
240,VIT_17s0000g06300,652,0.3174,No hit,,,,
241,VIT_05s0049g00510,657,0.3168,Ethylene response factor ERF1,ERF1_8,VvERF111,vv30008Ethylene_signaling,vv30011Jasmonate_signaling
242,VIT_11s0016g02920,659,0.3164,Unknown protein,,,,
243,VIT_01s0010g02030,653,0.3161,Gamma-thionin precursor,,,,
244,VIT_06s0061g01110,644,0.3128,Lecithine cholesterol acyltransferase,E2_3_1_43,,vv10564Glycerophospholipid_metabolism,
245,VIT_03s0017g00270,645,0.3094,Carbonic anhydrase  chloroplast precursor,E4_2_1_1,,vv10910Nitrogen_metabolism,vv50124Porters_cat_30_to_64
246,VIT_07s0005g02220,638,0.3093,LHCII type I CAB-1,K08912,,vv10196Photosynthesis_antenna_proteins,vv50105Transport_electron_carriers
247,VIT_02s0025g01450,636,0.3075,Unknown protein,,,,
248,VIT_12s0134g00170,632,0.3063,No hit,,,,
249,VIT_08s0007g03470,632,0.3059,Farnesylated-proteins converting enzyme-2,E3_4_24_x,,,
250,VIT_04s0008g06570,636,0.3058,Chorismate mutase  cytosolic (CM2),E5_4_99_5,,vv10400Phenylalanine_tyrosine_and_tryptophan_biosynthesis,
251,VIT_04s0023g00600,626,0.3054,Isopentenyl diphosphate isomerase 2,E5_3_3_2,,vv10100Biosynthesis_of_steroids,vv10900Terpenoid_biosynthesis
252,VIT_18s0164g00080,634,0.3052,Laccase,E1_10_3_2,,vv11000Single_reactions,vv50109Incompletely_characterized_transport_systems
253,VIT_08s0007g08040,627,0.3019,No hit,,,,
254,VIT_19s0014g04540,624,0.3003,S-locus protein kinase,,,,
255,VIT_13s0067g00710,619,0.3000,Nascent polypeptide associated complex alpha chain,K03626,,,
256,VIT_05s0077g01970,619,0.2989,Zinc finger (C3HC4-type ring finger),ZFC3HC4_64,,vv60078Other_zf-C3HC4,
257,VIT_13s0019g02120,594,0.2870,Zinc finger (C2H2 type) family,C2H2FAM_21,,vv60017C2H2,
258,VIT_14s0066g00960,595,0.2869,Glutaredoxin,,,,
259,VIT_17s0000g08460,590,0.2856,Carbonic anhydrase  chloroplast precursor,E4_2_1_1,,vv10910Nitrogen_metabolism,vv50124Porters_cat_30_to_64
260,VIT_07s0005g00390,587,0.2847,Beta Glucosidase 11,BGLU11,,,
261,VIT_18s0001g11090,584,0.2839,Uroporphyrinogen-III synthase,E4_2_1_75,,vv10860Porphyrin_and_chlorophyll_metabolism,
262,VIT_05s0049g00550,572,0.2769,No hit,,,,
263,VIT_08s0007g08330,570,0.2755,Polygalacturonase PG1,E3_2_1_15,,vv40006Cell_wall,
264,VIT_18s0076g00330,570,0.2748,VirE2-interacting protein (VIP1),VIP1,VvbZIP50,vv60012BZIP,
265,VIT_13s0101g00100,559,0.2720,Unknown protein,,,,
266,VIT_04s0008g02850,564,0.2712,Proteasome 20S beta subunit A (PBA1) (PRCD),K02738a,,vv23050Proteasome,
267,VIT_13s0156g00190,558,0.2706,No hit,,,,
268,VIT_11s0037g00840,557,0.2695,Tetratricopeptide repeat (TPR)-containing,,,,
269,VIT_13s0067g02910,555,0.2654,Non-specific lipid-transfer protein,,,,
270,VIT_08s0007g08280,547,0.2631,Remorin,,,,
271,VIT_12s0059g01650,546,0.2629,Division site determinant MinD  Plastid,MIND1,,vv44110Cell_cycle,
272,VIT_16s0039g02230,540,0.2628,UDP-glucose:flavonoid 3-O-glucosyltransferase,E2_4_1_91,,vv10941Flavonoid_biosynthesis,
273,VIT_18s0001g10830,537,0.2588,Patatin,,,,
274,VIT_11s0052g01790,533,0.2560,No hit,,,,
275,VIT_00s0658g00010,529,0.2557,Receptor kinase TRKa,,,,
276,VIT_02s0025g01300,527,0.2556,Unknown protein,,,,
277,VIT_19s0015g01400,525,0.2550,DNA damage-inducible protein 1,K11885,,,
278,VIT_01s0127g00680,529,0.2547,SRO2 (similar to rcd one 2),E2_4_2_30,,vv10760Nicotinate_and_nicotinamide_metabolism,
279,VIT_00s0684g00010,531,0.2546,Protein kinase,,,,
280,VIT_03s0063g00370,526,0.2540,Nitrite reductase,E1_7_7_1,,vv10910Nitrogen_metabolism,
281,VIT_05s0020g04150,521,0.2521,Emp24/gp25L/p24,EMP24,,vv50110Protein_coat,
282,VIT_12s0059g00140,518,0.2518,Ankyrin repeat protein,,,,
283,VIT_05s0062g00480<br>VIT_05s0062g00610,519,0.2502,
284,VIT_18s0072g00670,516,0.2495,GT2-like trihelix DNA-binding protein,GT2REL_1,,vv60062Trihelix,
285,VIT_08s0040g00970,516,0.2492,Plectin (myosin-like),K10388,,vv44810Regulation_of_actin_cytoskeleton,
286,VIT_18s0122g01440,510,0.2473,AMP-dependent synthetase and ligase,E6_2_1_x,,,
287,VIT_06s0004g02990,501,0.2432,GRIK2 (geminivirus rep  interacting  kinase 2),GRIK2,,,
288,VIT_11s0118g00200,505,0.2430,Sucrose-phosphate synthase,E2_4_1_14,,vv10500Starch_and_sucrose_metabolism,
289,VIT_18s0001g06390,496,0.2416,Auxin-independent growth promoter,AXI1,,vv30003Auxin_signaling,
290,VIT_11s0016g05340,499,0.2414,Ethylene-responsive transcription factor SHINE 3,SHINE3_2,VvERF043,vv30008Ethylene_signaling,vv60003AP2_EREBP
291,VIT_06s0004g07800,499,0.2413,Pentatricopeptide (PPR) repeat-containing protein,,,,
292,VIT_10s0003g01010,499,0.2409,Lipase GDSL,,,,
293,VIT_00s0253g00040,496,0.2398,Monocopper oxidase SKS17 (SKU5 Similar 17),SKS17,,vv50109Incompletely_characterized_transport_systems,
294,VIT_13s0019g02720,495,0.2388,Guanylyl cyclase (GC1),E4_6_1_2,,vv10230Purine_metabolism,vv34020Calcium_signaling_pathway
295,VIT_18s0072g00160,492,0.2384,Peroxidase 12,E1_11_1_7,,vv10360Phenylalanine_metabolism,vv10680Methane_metabolism
296,VIT_06s0004g06790,489,0.2367,Gibberellin 2-beta-dioxygenase 7,E1_14_11_13,,vv10904Diterpenoid_biosynthesis,
297,VIT_03s0180g00130,486,0.2351,D-3-phosphoglycerate dehydrogenase  chloroplast precursor,E1_1_1_95,,vv10260Glycine_serine_and_threonine_metabolism,
298,VIT_01s0127g00840,480,0.2320,DNA-binding protein,,,,
299,VIT_18s0001g07760,478,0.2304,Unknown protein,,,,
300,VIT_13s0067g01980,470,0.2275,Proteinase inhibitor (LUTI),,,,
301,VIT_07s0151g00570,465,0.2252,OB-fold nucleic acid binding domain containing protein,,,,
302,VIT_00s0333g00040,466,0.2247,Early tobacco anther 1  putative,,,,
303,VIT_08s0007g07320,462,0.2246,Unknown protein,,,,
304,VIT_17s0000g01280,461,0.2228,WRKY DNA-binding protein 75,WRKY75_3,VvWRKY52,vv60066WRKY,
305,VIT_03s0063g01870,460,0.2227,Cold acclimation protein WCOR413 protein beta form,,,,
306,VIT_04s0023g03110,461,0.2221,Vascular related NAC-domain protein 1,VND1,VvNAC23,vv60046NAC,
307,VIT_17s0000g06020,455,0.2215,TCP family transcription factor TCP14,TCP14_1,,vv60061TCP,
308,VIT_02s0012g02190,453,0.2207,Cellulose synthase CSLD2,E2_4_1_12_CSLD2,,vv40006Cell_wall,
309,VIT_11s0016g02850,442,0.2156,Phosphofructokinase,E2_7_1_90,,vv10051Fructose_and_mannose_metabolism,
310,VIT_15s0048g01870,443,0.2145,Arginine/serine-rich splicing factor RSP41,,,,
311,VIT_11s0016g02120,443,0.2145,Density-regulated protein DRP1,,,,
312,VIT_05s0049g00750,437,0.2128,No hit,,,,
313,VIT_01s0011g02860,437,0.2123,CHUP1 (chloroplast unusual positioning 1),CHUP1,,vv44810Regulation_of_actin_cytoskeleton,
314,VIT_01s0026g00150,438,0.2116,Methyl-CPG-binding Domain 9 MBD9,MBD9_5,,vv30009Flower_development,vv60048PHD
315,VIT_18s0001g12120,438,0.2106,G-box binding factor 1 (GBF1),GBF1_2,VvbZIP46,vv50110Protein_coat,vv60012BZIP
316,VIT_04s0008g00520,433,0.2096,6-phosphofructokinase,E2_7_1_90,,vv10051Fructose_and_mannose_metabolism,
317,VIT_07s0005g04920,435,0.2090,Photosystem I reaction center subunit IV B (PSAE B),K02693,,vv10195Photosynthesis,vv50105Transport_electron_carriers
318,VIT_02s0025g04310,432,0.2088,Thaumatin,,,,
319,VIT_18s0001g08280,429,0.2079,HEN4 (HUA enhancer 4),HEN4,,vv30009Flower_development,
320,VIT_03s0038g01830,426,0.2066,Proline-rich protein 4,,,,
321,VIT_00s0631g00010<br>VIT_00s0201g00090,421,0.2030,
322,VIT_12s0059g00150,418,0.2021,Ankyrin repeat,K10380,,vv50108Accessory_factors_involved_in_transport,
323,VIT_03s0091g00520,418,0.2015,Prolyl 4-hydroxylase,E1_14_11_2,,vv10330Arginine_and_proline_metabolismis,
324,VIT_03s0038g03940,413,0.2011,Tonoplast monosaccharide transporter2,TMT2,,vv50121Porters_cat_1_to_6,
325,VIT_15s0048g01500,412,0.1989,Geraniol 10-hydroxylase,G10H,,vv10902Monoterpenoid_biosynthesis,
326,VIT_02s0154g00300,408,0.1979,Small nuclear ribonucleoprotein Sm D3,K04796,,,
327,VIT_01s0150g00510,408,0.1977,Protein phosphatase 2C,E3_1_3_16,,,
328,VIT_19s0014g00780,395,0.1911,RKF1 (receptor-like kinase in flowers 1),,,,
329,VIT_07s0005g00410,395,0.1907,Glycosyl hydrolase family 1 protein,,,,
330,VIT_18s0001g01640,391,0.1903,UDP-sugar pyrophospharylase,E2_7_7_23,,vv10530Aminosugars_metabolism,
331,VIT_06s0004g04550,391,0.1886,Ankyrin repeat,K10380,,vv50108Accessory_factors_involved_in_transport,
332,VIT_14s0081g00030,390,0.1880,Pathogenesis-related protein-4 (Chitinase ),E3_2_1_14,,vv10530Aminosugars_metabolism,
333,VIT_03s0091g00260,386,0.1875,Zinc finger protein 4,ZFP4_1,,vv60017C2H2,
334,VIT_08s0040g01170,377,0.1818,Hydroxymethylglutaryl-CoA lyase,E4_1_3_4,,vv10072Synthesis_and_degradation_of_ketone_bodies,vv10280Valine_leucine_and_isoleucine_degradation
335,VIT_00s0231g00070,371,0.1793,Auxin-responsive protein,AUXREG,,vv30003Auxin_signaling,
336,VIT_06s0004g04180,366,0.1773,Zinc finger (C2H2 type) protein (ZAT11),ZAT11,,vv60017C2H2,
337,VIT_02s0025g04730,365,0.1766,Glyoxylate reductase,E1_1_1_26,,vv10630Glyoxylate_and_dicarboxylate_metabolism,
338,VIT_06s0004g06580,365,0.1764,PfkB-type carbohydrate kinase,,,,
339,VIT_13s0019g03510,366,0.1764,Zinc finger (CCCH-type) family protein,CCCHFAM_14,,vv60018C3H,
340,VIT_18s0001g02790,363,0.1755,Unknown protein,,,,
341,VIT_12s0028g03450,356,0.1724,Plastocyanin domain-containing protein,K02638,,vv10195Photosynthesis,vv50113Thylakoid_targeting_pathway
342,VIT_06s0004g04410,344,0.1666,SEC14 cytosolic factor,SEC14,,vv50122Porters_cat_7_to_17,
343,VIT_19s0015g00760,341,0.1649,SEC14 cytosolic factor,SEC14,,vv50122Porters_cat_7_to_17,
344,VIT_00s0199g00240,338,0.1643,Pyrophosphate-fructose-6-phosphate 1-phosphotransferase,E2_7_1_90,,vv10051Fructose_and_mannose_metabolism,
345,VIT_02s0087g00240,337,0.1624,Unknown protein,,,,
346,VIT_11s0016g05110,330,0.1600,Sodium hypersensitive 1,SHS1,,vv50123Porters_cat_18_to_29,
347,VIT_15s0048g00740,324,0.1569,No hit,,,,
348,VIT_11s0052g00320,321,0.1555,Ca2+-ATPase 10 ACA10  plasma membrane,K01537,,vv34020Calcium_signaling_pathway,vv50131Primary_active_transporter_cat_A2_to_A4
349,VIT_12s0057g01210,319,0.1548,Nitrate-responsive NOI protein,,,,
350,VIT_08s0058g01480,317,0.1534,1 4-beta-mannan endohydrolase,E3_2_1_78,,vv10051Fructose_and_mannose_metabolism,
351,VIT_00s1995g00010,318,0.1533,Phosphoenolpyruvate carboxykinase,E4_1_1_49,,vv10020Citrate_cycle,vv10620Pyruvate_metabolism
352,VIT_06s0004g06840,315,0.1525,Protein phosphatase 2C,E3_1_3_16,,,
353,VIT_17s0000g05020,318,0.1525,Squamosa promoter-binding protein 6 (SPL6),SPL6_2,,vv60055SBP,
354,VIT_11s0016g05300,316,0.1525,Heme oxygenase 1,E1_14_99_3,,vv10860Porphyrin_and_chlorophyll_metabolism,
355,VIT_16s0100g00390,314,0.1515,AP2 domain-containing transcription factor TINY,TINY_7,,vv30008Ethylene_signaling,vv60003AP2_EREBP
356,VIT_02s0087g00780,309,0.1499,No hit,,,,
357,VIT_12s0035g00900,310,0.1498,Jasmonate ZIM domain-containing protein 12,JAZ12_1,,vv60069ZIM,
358,VIT_17s0000g07030,310,0.1495,Cis-zeatin O-beta-D-glucosyltransferase,E2_4_1_215,,vv10908Zeatin_biosynthesis,
359,VIT_17s0000g02440,307,0.1485,Integral membrane protein,,,,
360,VIT_14s0060g02140,306,0.1483,Rubber elongation factor (REF),,,,
361,VIT_07s0005g01710,305,0.1483,WRKY DNA-binding protein 23,WRKY23,VvWRKY19,vv60066WRKY,
362,VIT_08s0032g00760,307,0.1477,Translation initiation factor eIF-2 beta subunit,K03238,,vv23013RNA_transport,
363,VIT_08s0007g05370,307,0.1477,Strictosidine synthase,E4_3_3_2,,vv10900Terpenoid_biosynthesis,vv10902Monoterpenoid_biosynthesis
364,VIT_12s0035g01800,304,0.1469,Auxin response factor 1,ARF1_2,,vv30003Auxin_signaling,vv60004ARF
365,VIT_08s0007g03160,303,0.1467,Signal recognition particle subunit 54 SRP54,K03106,,vv23060Protein_export,vv50113Thylakoid_targeting_pathway
366,VIT_05s0062g01270,303,0.1464,Cyclo-DOPA 5-O-glucosyltransferase,CD5OGT,,vv10350Tyrosine_metabolism,
367,VIT_02s0087g00140,302,0.1457,Transcription factor,TRIHELIXDOM_10,,vv60062Trihelix,
368,VIT_01s0026g02110,297,0.1441,Ribosomal protein S9 (RPS9C) 40S,K02997,,vv23010Ribosome,
369,VIT_13s0019g03380,297,0.1429,Coronatine-insensitive protein 1,COI1,,vv30011Jasmonate_signaling,vv34626Plant-pathogen_interaction
370,VIT_18s0001g15000,295,0.1424,ACT domain containing protein (ACR4),,,,
371,VIT_04s0023g01300,293,0.1420,Aminopeptidase P,E3_4_11_9,,,
372,VIT_00s0264g00060,287,0.1389,Unknown,,,,
373,VIT_18s0001g10910,276,0.1339,Patatin,,,,
374,VIT_11s0016g02760,274,0.1324,No hit,,,,
375,VIT_01s0010g03730,273,0.1323,F-box domain containing protein,,,,
376,VIT_17s0000g00010,273,0.1322,MtN19,,,,
377,VIT_19s0014g03730,269,0.1304,No hit,,,,
378,VIT_18s0001g10360,268,0.1293,Unknown protein,,,,
379,VIT_09s0002g04580,268,0.1293,Unknown protein,,,,
380,VIT_19s0090g00230,265,0.1281,Calcineurin phosphoesterase,,,,
381,VIT_18s0001g13750,258,0.1248,Regulator of chromosome condensation (RCC1),RCC1,,vv50112Nuclear_pore_complex,
382,VIT_03s0063g00500,257,0.1247,Prpk (p53-related protein kinase),,,,
383,VIT_14s0068g01540,256,0.1238,PBS1 (avrPphB susceptible 1),K13430,,vv34626Plant-pathogen_interaction,
384,VIT_04s0008g01250,253,0.1227,Unknown,,,,
385,VIT_17s0000g00320,253,0.1225,Auxin response factor 2,ARF2_1,,vv30003Auxin_signaling,vv60004ARF
386,VIT_01s0011g04650,254,0.1223,Unknown protein,,,,
387,VIT_04s0210g00090<br>VIT_04s0210g00080<br>VIT_04s0210g00120,247,0.1198,
388,VIT_04s0023g02050,246,0.1187,Inorganic pyrophosphatase,K01507,,vv10190Oxidative_phosphorylation,vv50133Primary_active_transporter_cat_A9_to_A18
389,VIT_04s0008g05440,244,0.1185,Ethylene-responsive transcription factor SHINE 3,SHINE3_1,VvERF044,vv30008Ethylene_signaling,vv60003AP2_EREBP
390,VIT_08s0007g08020,240,0.1161,No hit,,,,
391,VIT_01s0010g01680,239,0.1152,Glutaredoxin,,,,
392,VIT_02s0033g00370,234,0.1133,Myb domain protein 113,MYB113_4,MYBA4,vv60044MYB,
393,VIT_15s0021g01150,232,0.1129,Calcium-dependent protein kinase-related,,,,
394,VIT_01s0026g01050,233,0.1121,Myb family,MYBREL_18,,vv60045MYBrelated,
395,VIT_11s0016g04700,230,0.1107,Beta-ketoacyl-CoA synthase,E2_3_1_41,,vv10061Fatty_acid_biosynthesis,
396,VIT_04s0008g03220,229,0.1097,Lysophospholipase,E3_1_1_5,,vv10564Glycerophospholipid_metabolism,
397,VIT_15s0046g00150,225,0.1089,DOF affecting germination 1,DAG1_1,,vv60015C2C2-DOF,
398,VIT_07s0095g00660,224,0.1084,Curculin (mannose-binding) lectin,,,,
399,VIT_16s0098g01730,223,0.1081,RWP-RK domain-containing protein,RWPRKDOM_6,,vv60052RWP-RK,
400,VIT_07s0031g00190,223,0.1079,Ethylene-responsive transcription factor ERF011,ERF011,VvERF007,vv30008Ethylene_signaling,vv60003AP2_EREBP
401,VIT_13s0156g00630,222,0.1071,S-receptor kinase,,,,
402,VIT_11s0016g04920,221,0.1070,Early nodulin 93,,,,
403,VIT_01s0010g00240,221,0.1069,CTP-synthetase,E6_3_4_2,,vv10240Pyrimidine_metabolism,
404,VIT_19s0014g05160,221,0.1069,RPS2 (resistant to p. syringae 2),K13459,,vv34626Plant-pathogen_interaction,
405,VIT_04s0023g03130,221,0.1067,Histone H1,,,,
406,VIT_05s0020g01960,215,0.1048,Na+/H+ antiporter isoform 2,NHX2,,vv50124Porters_cat_30_to_64,
407,VIT_19s0085g00010,216,0.1044,Auxin-regulated protein,AUXREG,,vv30003Auxin_signaling,
408,VIT_16s0098g01640,214,0.1035,No hit,,,,
409,VIT_17s0000g08230,212,0.1030,Unknown protein,,,,
410,VIT_07s0031g01680,212,0.1017,CYP86A1,,,,
411,VIT_06s0009g00980,208,0.1006,CXE carboxylesterase,E3_1_1_1,,,
412,VIT_08s0058g00700,204,0.0990,F-box protein (FBL3),,,,
413,VIT_01s0011g03670,204,0.0987,Bifunctional nuclease,,,,
414,VIT_18s0001g06150,203,0.0983,Phosphate-induced protein 1,,,,
415,VIT_05s0102g00450,199,0.0967,MSS3 (multicopy suppressors of snf4 deficiency in yeast 3),K13448_MSS3,,vv34626Plant-pathogen_interaction,
416,VIT_03s0038g02400,198,0.0954,Protein kinase,,,,
417,VIT_10s0003g01740,198,0.0954,Unknown protein,,,,
418,VIT_02s0025g02820,192,0.0927,Membrane-related CP5,,,,
419,VIT_08s0007g02570,190,0.0926,CCR4-NOT transcription complex subunit 7,CNOT7_1,,vv23018RNA_degradation,vv60086OFP
420,VIT_00s0220g00070,189,0.0920,Latex cyanogenic beta glucosidase,E3_2_1_21,,vv10500Starch_and_sucrose_metabolism,vv10902Monoterpenoid_biosynthesis
421,VIT_05s0020g04570,189,0.0907,CBL-interacting protein kinase 7 (CIPK7),CIPK7,,,
422,VIT_02s0109g00420,188,0.0904,Disease resistance protein (CC-NBS-LRR class),,,,
423,VIT_05s0020g02480,186,0.0898,Glutamine synthetase,E6_3_1_2,,vv10251Glutamate_metabolism,vv10550Peptidoglycan_biosynthesis
424,VIT_15s0048g01420,184,0.0890,Plastocyanin domain-containing protein,K02638,,vv10195Photosynthesis,vv50113Thylakoid_targeting_pathway
425,VIT_09s0002g00320,184,0.0888,Pectinesterase PME3,E3_1_1_11,,vv40006Cell_wall,
426,VIT_08s0007g01110,182,0.0882,No hit,,,,
427,VIT_02s0154g00280,183,0.0880,Arachidonic acid-induced DEA1,,,,
428,VIT_07s0005g00990,182,0.0875,Dehydration-induced 19,,,,
429,VIT_16s0098g00820,179,0.0868,Peroxidase 3,E1_11_1_7,,vv10360Phenylalanine_metabolism,vv10680Methane_metabolism
430,VIT_05s0077g00530,178,0.0862,Unknown protein,,,,
431,VIT_00s0531g00050,174,0.0843,Acetyl-CoA acetyltransferase  cytosolic 1,E2_3_1_9,,vv10071Fatty_acid_metabolism,vv10072Synthesis_and_degradation_of_ketone_bodies
432,VIT_18s0072g01040,172,0.0831,Invertase  neutral/alkaline,E3_2_1_26,,vv10052Galactose_metabolism,vv10500Starch_and_sucrose_metabolism
433,VIT_18s0001g10060,169,0.0820,LRX1 (leucine-rich repeat/extensin 1),EXTENSIN,,vv40006Cell_wall,
434,VIT_03s0063g00670,166,0.0803,Cyclin-dependent kinase inhibitor ICK5,ICK5,,vv44110Cell_cycle,
435,VIT_11s0016g03200,166,0.0801,Gibberellin oxidase,E1_14_11_12,,vv10904Diterpenoid_biosynthesis,
436,VIT_17s0000g05140,166,0.0801,Rhomboid,,,,
437,VIT_12s0059g00490,166,0.0800,Unknown,,,,
438,VIT_19s0090g01050,165,0.0796,Endo-beta-1 4-glucanase,E3_2_1_4,,vv40006Cell_wall,
439,VIT_00s0125g00140,162,0.0782,SHR5-receptor-like kinase,,,,
440,VIT_07s0005g00980,160,0.0779,Dehydration-induced 19,,,,
441,VIT_04s0008g06320,160,0.0775,Unknown protein,,,,
442,VIT_01s0011g05120,161,0.0774,Major latex,,,,
443,VIT_11s0016g02540,159,0.0772,Xaa-Pro dipeptidase,E3_4_13_9,,,
444,VIT_04s0023g02920,157,0.0765,Unknown protein,,,,
445,VIT_15s0107g00240,157,0.0760,Unknown protein,,,,
446,VIT_04s0008g05960,152,0.0733,Unknown protein,,,,
447,VIT_14s0006g01340,151,0.0729,Myb domain protein 113,MYB113_1,MYBA5,vv60044MYB,
448,VIT_15s0024g00850,149,0.0717,Geranylgeranyl diphosphate synthase,E2_5_1_29,,vv10100Biosynthesis_of_steroids,vv10900Terpenoid_biosynthesis
449,VIT_04s0044g01380,147,0.0714,Myb domain protein 52,MYB52_3,MYB166,vv60044MYB,
450,VIT_05s0020g02810,145,0.0702,Unknown protein,,,,
451,VIT_09s0054g00430,141,0.0686,Unknown protein,,,,
452,VIT_09s0002g00330,140,0.0680,Pectinesterase PME1,E3_1_1_11,,vv40006Cell_wall,
453,VIT_15s0048g02010,140,0.0678,Shaggy protein kinase theta,,,,
454,VIT_00s0144g00190,140,0.0673,R protein MLA10,K13475,,vv34627R_proteins_from_Plant-pathogen_interaction,
455,VIT_03s0180g00200,136,0.0661,Limonoid UDP-glucosyltransferase,E2_4_1_120,,vv10940Phenylpropanoid_biosynthesis,
456,VIT_18s0117g00130,134,0.0649,Pi starvation-induced protein,,,,
457,VIT_01s0011g01360,134,0.0648,Copper-transporting ATPase RAN1,K01533_RAN1,,vv50131Primary_active_transporter_cat_A2_to_A4,
458,VIT_02s0025g03730,134,0.0648,Translation initiation factor eIF-2B alpha subunit,K03239,,vv23013RNA_transport,
459,VIT_02s0025g03570,134,0.0646,DNA binding / hydrolase  acting on ester bonds,,,,
460,VIT_08s0040g01940,132,0.0641,Zinc finger (C3HC4-type ring finger),ZFC3HC4_154,,vv60078Other_zf-C3HC4,
461,VIT_05s0020g02290,132,0.0639,Endonuclease,E3_1_30_x,,,
462,VIT_15s0048g02080,131,0.0637,Signal recognition particle receptor protein  chloroplast (FTSY),K03110,,vv23060Protein_export,vv50113Thylakoid_targeting_pathway
463,VIT_19s0014g00810,131,0.0636,RKF1 (receptor-like kinase in flowers 1),,,,
464,VIT_09s0002g06750,132,0.0635,ERF/AP2 transcription factor sub B-6 SHINE,SHINE1_1,VvERF042,vv30008Ethylene_signaling,vv60003AP2_EREBP
465,VIT_14s0030g02230,130,0.0631,Unfertilized embryo sac 12 UNE12,UNE12_1,,vv60011BHLH,
466,VIT_01s0137g00410,131,0.0629,CYP86A2,,,,
467,VIT_05s0077g02380,128,0.0621,DnaJ homolog  subfamily B  member 12,K09518,,vv50132Primary_active_transporter_cat_A5_to_A8,
468,VIT_02s0025g02070,126,0.0613,RWP-RK domain-containing protein,RWPRKDOM_10,,vv60052RWP-RK,
469,VIT_06s0004g02690,126,0.0611,Glycosyl transferase family 2 protein,,,,
470,VIT_00s1190g00010<br>VIT_00s0936g00010,126,0.0610,
471,VIT_17s0000g06730,126,0.0607,No hit,,,,
472,VIT_16s0050g02620,125,0.0604,Abscisic acid receptor PYL8  RCAR3,RCAR3,,vv30001ABA_signaling,
473,VIT_06s0004g06770,124,0.0599,No hit,,,,
474,VIT_05s0029g00690,123,0.0599,RPM1-interacting protein 4,K13456,,vv34626Plant-pathogen_interaction,
475,VIT_11s0016g03880,123,0.0594,Receptor protein kinase PERK1,,,,
476,VIT_16s0098g00690,121,0.0583,Major Facilitator Superfamily,MFS,,vv50121Porters_cat_1_to_6,
477,VIT_14s0030g01670,118,0.0573,Proteasome 26S regulatory subunit (RPN6),K03036,,vv23050Proteasome,
478,VIT_08s0032g01040,118,0.0571,SYNC1 protein  related,,,,
479,VIT_01s0026g01460,117,0.0563,Thioredoxin H-type 2 (Trx-H-2),,,,
480,VIT_01s0127g00500,114,0.0552,OBP32pep,,,,
481,VIT_18s0001g05270,114,0.0550,ERGIC and golgi 3,ERGIC,,vv50109Incompletely_characterized_transport_systems,
482,VIT_18s0001g04890,112,0.0543,Low affinity sulphate transporter,AST68,,vv50124Porters_cat_30_to_64,
483,VIT_12s0059g01690,111,0.0538,BZIP transcription factor,BZIPDOM_20,,vv60012BZIP,
484,VIT_06s0004g07790,112,0.0537,Lateral organ boundaries Domain 15,LBD15_1,,vv60007AS2,
485,VIT_10s0003g01770,108,0.0521,Heat shock transcription factor A4A,HSFA4A_1,,vv60037HSF,
486,VIT_13s0019g02990<br>VIT_13s0019g02890<br>VIT_13s0019g02910,107,0.0519,
487,VIT_19s0014g02980,106,0.0514,MLO11 (mildew resistance locus O 11),K08472,,,
488,VIT_14s0060g01980,105,0.0507,Unknown protein,,,,
489,VIT_04s0079g00290,105,0.0506,Regulator of chromosome condensation (RCC1),RCC1,,vv50112Nuclear_pore_complex,
490,VIT_02s0025g03220,104,0.0503,Trihelix DNA-binding protein (GT2),GT2_1,,vv60062Trihelix,
491,VIT_09s0002g05000,103,0.0497,R protein disease resistance protein,RPROT,,vv34627R_proteins_from_Plant-pathogen_interaction,
492,VIT_03s0180g00320,102,0.0495,Indole-3-acetate beta-glucosyltransferase,E2_4_1_121,,vv11002Auxin_biosynthesis,
493,VIT_11s0052g00200,102,0.0492,R protein  PRF  disease resistance protein,K13453,,vv34627R_proteins_from_Plant-pathogen_interaction,
494,VIT_11s0016g00940,100,0.0485,Receptor,,,,
495,VIT_14s0066g00700,97,0.0471,Oleosin H-isoform,,,,
496,VIT_15s0046g00700,97,0.0468,Wax synthase,E2_3_1_75,,vv11000Single_reactions,
497,VIT_05s0049g00960,95,0.0458,Cryptochrome 2,CRY2,,vv34710Circadian_rhythm,
498,VIT_00s0211g00010,92,0.0446,Endoribonuclease E-like protein,,,,
499,VIT_14s0128g00510<br>VIT_14s0128g00550,92,0.0445,
500,VIT_03s0038g01410,90,0.0434,Aquaporin PIP PIP1A,PIP1A,,vv50101Channels_and_pores,
501,VIT_05s0049g01770,87,0.0418,Translation initiation factor eIF-4E,K03259,,vv23013RNA_transport,vv34150mTOR_signaling_pathway
502,VIT_14s0068g00510,86,0.0416,Unknown,,,,
503,VIT_08s0056g01130,85,0.0411,Mini zinc finger 2 MIF2,MIF2_2,,vv60068Zf-HD,
504,VIT_19s0014g01290,83,0.0404,Phosphoesterase,,,,
505,VIT_04s0023g02620,83,0.0400,Ubiquitin-conjugating enzyme E2 W,K10688,,vv24120Ubiquitin_mediated_proteolysis,
506,VIT_11s0037g00450,81,0.0387,No hit,,,,
507,VIT_04s0008g01340,79,0.0381,Unknown protein,,,,
508,VIT_07s0191g00230,79,0.0380,Ring-H2 finger protein ATL5F,,,,
509,VIT_02s0025g04880,77,0.0372,Geraniol 10-hydroxylase,G10H,,vv10902Monoterpenoid_biosynthesis,
510,VIT_13s0320g00020,77,0.0372,Unknown,,,,
511,VIT_05s0020g01240,77,0.0371,Geranylgeranyl pyrophosphate synthase,E2_5_1_29,,vv10100Biosynthesis_of_steroids,vv10900Terpenoid_biosynthesis
512,VIT_00s0779g00010,75,0.0360,Unknown protein,,,,
513,VIT_01s0010g03320,72,0.0348,Kelch repeat-containing F-box protein,,,,
514,VIT_19s0090g01370,71,0.0342,No hit,,,,
515,VIT_14s0060g00640,69,0.0335,Glucose-6-phosphate dehydrogenase,E1_1_1_49,,vv10030Pentose_phosphate,vv10480Glutathione_metabolism
516,VIT_08s0007g06760,69,0.0333,Cation efflux family protein MTPc3,MTPC3,,vv50121Porters_cat_1_to_6,
517,VIT_15s0046g02300,68,0.0330,Beta-cyanoalanine synthase,E2_5_1_47,,vv10272Cysteine_metabolism,vv10450Selenoamino_acid_metabolism
518,VIT_10s0071g01120,67,0.0322,Alpha-galactosidase,E3_2_1_22,,vv10052Galactose_metabolism,vv10561Glycerolipid_metabolism
519,VIT_08s0007g08000,66,0.0318,No hit,,,,
520,VIT_01s0011g02310,65,0.0316,Unknown protein,,,,
521,VIT_13s0067g01350,65,0.0314,Basic helix-loop-helix (bHLH) family,BHLHDOM_16,,vv60011BHLH,
522,VIT_02s0025g01470,64,0.0309,Unknown protein,,,,
523,VIT_00s1463g00010,63,0.0306,Protease Do-like 5,,,,
524,VIT_09s0018g01370,62,0.0300,STE20/SPS1 proline-alanine-rich protein kinase,,,,
525,VIT_14s0030g00210,62,0.0299,Sugar transporter ERD6-like 5,ERD6L5,,vv50121Porters_cat_1_to_6,
526,VIT_01s0010g02530,61,0.0296,Extracellular ligand-gated ion channel,EXLIGIONCH,,vv50109Incompletely_characterized_transport_systems,
527,VIT_07s0031g00220,59,0.0286,APETALA2 (AP2) floral homeotic protein,APETALA2TOE2_4,VvAP2-13,vv30008Ethylene_signaling,vv30009Flower_development
528,VIT_04s0008g01880,59,0.0286,Cytokinin dehydrogenase 7,E1_5_99_12,,vv10908Zeatin_biosynthesis,
529,VIT_06s0004g03020,58,0.0281,Beta-galactosidase,E3_2_1_23,,vv10052Galactose_metabolism,vv10511N-Glycan_degradation
530,VIT_01s0011g02250,58,0.0281,Metal-nicotianamine transporter YSL7,YSL7,,vv50125Porters_cat_66_to_94,
531,VIT_05s0077g00670,58,0.0278,Unknown protein,,,,
532,VIT_07s0005g03170,57,0.0277,Undecaprenyl pyrophosphate synthetase,E2_5_1_31,,vv10900Terpenoid_biosynthesis,
533,VIT_17s0000g04790,57,0.0274,BIM1 (BES1-interacting Myc-like protein 1),BIM1,,vv30005Brassinosteroids_signaling,vv60011BHLH
534,VIT_02s0025g01610,57,0.0274,Phosphatidylinositol 4-kinase type-II,K13711,,vv10562Inositol_phosphate_metabolism,vv34070Phosphatidylinositol_signaling_system
535,VIT_18s0001g00280,56,0.0270,OPCL1 (OPC-8:0 COA ligase1),K10526,,vv10592alpha-Linolenic_acid_metabolism,vv50104Group_translocators
536,VIT_06s0061g01300,55,0.0267,Prephenate dehydratase,E4_2_1_51,,vv10400Phenylalanine_tyrosine_and_tryptophan_biosynthesis,
537,VIT_00s0662g00040,55,0.0267,Ethylene-responsive transcription factor related to APETALA2 4,RAP2_4_4,VvERF003,vv30008Ethylene_signaling,vv60003AP2_EREBP
538,VIT_05s0020g01760,55,0.0266,Glutaredoxin-like protein,,,,
539,VIT_18s0001g03220,55,0.0265,Translation initiation factor eIF-1A,K03236,,vv23013RNA_transport,
540,VIT_18s0001g11750,54,0.0263,Ribosomal protein S9,K02996,,vv23010Ribosome,
541,VIT_08s0040g01710,54,0.0263,Phenylalanine ammonia-lyase,E4_3_1_5,,vv10350Tyrosine_metabolism,vv10360Phenylalanine_metabolism
542,VIT_08s0007g00330,54,0.0262,Metallothionein,,,,
543,VIT_04s0008g02640,54,0.0261,PAP/fibrillin family,K06825,,,
544,VIT_14s0219g00210,52,0.0252,Ubiquitin family,,,,
545,VIT_19s0014g04900,52,0.0252,(-)-germacrene D synthase,E4_2_3_22,,vv10900Terpenoid_biosynthesis,
546,VIT_19s0014g02740,52,0.0251,Metallothionein,,,,
547,VIT_18s0001g06340,52,0.0250,RPS4 (resistant to p. syringae 4),RPS4,,vv34627R_proteins_from_Plant-pathogen_interaction,
548,VIT_14s0006g02590,51,0.0248,Glutamine amidotransferase,,,,
549,VIT_00s0522g00010<br>VIT_00s0266g00010<br>VIT_00s0372g00070<br>VIT_00s0372g00080<br>VIT_00s0572g00010<br>VIT_00s0372g00040<br>VIT_00s0847g00020<br>VIT_00s0572g00020,51,0.0247,
550,VIT_14s0030g00410,51,0.0246,Arabidopsis histidine phosphotransfer AHP1,AHP1,,vv30007Cytokinin_signaling,
551,VIT_04s0008g05030,50,0.0242,Ras GTP-binding protein (RAN3),K07936,,vv23008Ribosome_biogenesis_in_Eukaryotes,vv23013RNA_transport
552,VIT_15s0046g01430,50,0.0241,Aldose 1-epimerase,E5_1_3_3,,vv10010Glycolysis,
553,VIT_08s0040g03400,49,0.0238,Short-chain dehydrogenase/reductase,,,,
554,VIT_02s0025g02600,49,0.0238,Glyoxal oxidase,,,,
555,VIT_18s0001g11600,49,0.0238,Transducin protein,,,,
556,VIT_00s0947g00020,49,0.0237,No hit,,,,
557,VIT_04s0023g03650,48,0.0233,Galactose mutarotase-like,E5_1_3_3,,vv10010Glycolysis,
558,VIT_19s0014g00450,48,0.0232,PMR5 (powdery mildew resistant 5),,,,
559,VIT_04s0008g03380,48,0.0232,Carotenoid cleavage dioxygenase 8,CCD,,vv10906Carotenoid_biosynthesis,
560,VIT_06s0004g03640,47,0.0227,Trans-2-enoyl-CoA reductase,E1_3_1_38,,vv10062Fatty_acid_elongation_in_mitochondria,vv11040Biosynthesis_of_unsaturated_fatty_acids
561,VIT_04s0008g01430,45,0.0218,APM1 (Aminopeptidase M1),APM1,,vv50004Auxin_transport,
562,VIT_14s0083g00360,45,0.0217,Unknown protein,,,,
563,VIT_12s0059g00050,45,0.0217,Ankyrin repeat,K10380,,vv50108Accessory_factors_involved_in_transport,
564,VIT_05s0094g01080,44,0.0213,Ankyrin protein kinase,K10380,,vv50108Accessory_factors_involved_in_transport,
565,VIT_00s0463g00040,43,0.0208,No hit,,,,
566,VIT_12s0134g00140,43,0.0207,R-linalool synthase,E4_2_3_26,,vv10900Terpenoid_biosynthesis,
567,VIT_08s0007g08030,42,0.0202,No hit,,,,
568,VIT_04s0023g00050,41,0.0196,Sterol glucosyltransferase,E2_4_1_173,,vv10100Biosynthesis_of_steroids,
569,VIT_08s0007g06360,40,0.0194,Unknown protein,,,,
570,VIT_16s0098g00290,39,0.0190,GLT1 (NADH-dependent glutamate synthase 1 gene),E1_4_1_14,,vv10251Glutamate_metabolism,vv10910Nitrogen_metabolism
571,VIT_07s0031g03190,39,0.0188,VHS and GAT domain protein,VHSDC,,vv50109Incompletely_characterized_transport_systems,
572,VIT_17s0000g07100,38,0.0184,UDP-glucosyltransferase HRA25,,,,
573,VIT_06s0004g08150,36,0.0176,Trans-cinnamate 4-monooxygenase,E1_14_13_11,,vv10360Phenylalanine_metabolism,vv10940Phenylpropanoid_biosynthesis
574,VIT_01s0010g03880,36,0.0174,Unknown protein,,,,
575,VIT_15s0021g02270,36,0.0174,Unknown protein,,,,
576,VIT_17s0000g02130,35,0.0170,Transposase  IS4,,,,
577,VIT_02s0012g00150,35,0.0170,NAK-type protein kinase,,,,
578,VIT_07s0005g06620,35,0.0169,Unknown protein,,,,
579,VIT_09s0002g06520,33,0.0160,Beta-expansin EXPR3,EXPR3,,vv30003Auxin_signaling,
580,VIT_13s0019g03490,33,0.0159,Zinc finger (CCCH-type) family protein,CCCHFAM_15,,vv60018C3H,
581,VIT_17s0000g07820,32,0.0156,LIM domain protein WLIM1,WLIM1_1,,vv60040LIM,
582,VIT_18s0001g03640,32,0.0155,No hit,,,,
583,VIT_01s0026g02330,32,0.0155,Phytochrome kinase substrate,,,,
584,VIT_06s0004g02570,32,0.0155,Kiwellin Ripening-related protein grip22,,,,
585,VIT_01s0010g03560,32,0.0154,CYP78A5,,,,
586,VIT_16s0098g00860,31,0.0151,Flavanone 3-hydroxylase,E1_14_11_9,,vv10941Flavonoid_biosynthesis,
587,VIT_18s0041g02080,31,0.0150,12-oxophytodienoate reductase 2,E1_3_1_42,,vv10592alpha-Linolenic_acid_metabolism,
588,VIT_08s0007g07990,31,0.0149,No hit,,,,
589,VIT_18s0041g00350,30,0.0146,Dienelactone hydrolase,E3_1_1_45,,vv11000Single_reactions,
590,VIT_00s0181g00200<br>VIT_00s0181g00180,30,0.0145,
591,VIT_12s0059g02710,29,0.0141,Pinene synthase,E4_2_3_14,,vv10902Monoterpenoid_biosynthesis,
592,VIT_07s0151g00790,29,0.0141,Transducin family protein / WD-40 repeat,,,,
593,VIT_01s0010g03850,29,0.0141,Calmodulin-binding protein,CMTA4,,vv60020CAMTA,
594,VIT_04s0008g01420,29,0.0141,HAB2 (Homology to ABI2),HAB2,,vv30001ABA_signaling,
595,VIT_10s0003g03190,29,0.0140,RNA recognition motif (RRM)-containing,,,,
596,VIT_18s0001g02680,28,0.0136,BTB/POZ domain-containing protein,BTBDOM_2,,vv60093TRAF,
597,VIT_09s0002g03690,28,0.0136,Avr9/Cf-9 rapidly elicited protein 146,,,,
598,VIT_02s0025g02890,28,0.0136,Ribosomal protein L11,K02867,,vv23010Ribosome,
599,VIT_14s0066g01520,28,0.0136,UDP-glucoronosyl and UDP-glucosyl transferase,,,,
600,VIT_08s0040g01890,28,0.0135,Aquaporin PIP2;4,PIP2_4,,vv50101Channels_and_pores,
601,VIT_01s0011g02840,28,0.0134,Cytochrome B561,K08360,,vv50105Transport_electron_carriers,
602,VIT_07s0031g01670,27,0.0131,CYP96A10,,,,
603,VIT_17s0000g09110,27,0.0130,Ribosomal protein L27A (RPL27aC) 60S,K02900,,vv23010Ribosome,
604,VIT_18s0122g00420,27,0.0130,Laccase,E1_10_3_2,,vv11000Single_reactions,vv50109Incompletely_characterized_transport_systems
605,VIT_04s0069g01120,27,0.0130,Acyl-activating enzyme 7,E6_2_1_3,,vv10071Fatty_acid_metabolism,vv50104Group_translocators
606,VIT_02s0012g02670,25,0.0121,Unknown protein,,,,
607,VIT_15s0048g02730,25,0.0121,Ribosome biogenesis regulatory protein (RRS1),,,,
608,VIT_15s0048g01390,25,0.0121,Gibberellin receptor GID1L3,GID1C,,vv30010Gibberellin_signaling,
609,VIT_01s0150g00540,25,0.0121,Unknown protein,,,,
610,VIT_00s0374g00050<br>VIT_00s2497g00010<br>VIT_00s2364g00010,25,0.0120,
611,VIT_12s0057g01070,24,0.0116,S-adenosyl-L-methionine:salicylic acid carboxyl methyltransferase,SAMTBSCMT,,vv10360Phenylalanine_metabolism,
612,VIT_17s0000g02260,24,0.0116,Aldose 1-epimerase,E5_1_3_3,,vv10010Glycolysis,
613,VIT_01s0011g00840,24,0.0116,Ankyrin,K10380,,vv50108Accessory_factors_involved_in_transport,
614,VIT_19s0014g00510,24,0.0116,Receptor kinase 2,,,,
615,VIT_07s0205g00070,24,0.0116,Phosphoenolpyruvate carboxykinase,E4_1_1_49,,vv10020Citrate_cycle,vv10620Pyruvate_metabolism
616,VIT_06s0004g02380,24,0.0115,Cinnamyl alcohol dehydrogenase,E1_1_1_195,,vv10940Phenylpropanoid_biosynthesis,
617,VIT_10s0116g00370,23,0.0111,Unknown protein,,,,
618,VIT_01s0010g03510,23,0.0111,Caffeoyl-CoA O-methyltransferase,E2_1_1_104,,vv10940Phenylpropanoid_biosynthesis,
619,VIT_10s0042g00820,23,0.0111,Transparent testa16,TT16_2,,vv60042MADS,
620,VIT_08s0007g00200,23,0.0111,Ankyrin repeat,K10380,,vv50108Accessory_factors_involved_in_transport,
621,VIT_06s0004g07780,23,0.0111,No hit,,,,
622,VIT_19s0014g00520,22,0.0107,RKF1 (receptor-like kinase in flowers 1),,,,
623,VIT_02s0025g02440,22,0.0107,GAMM1 protein,,,,
624,VIT_01s0011g04950,22,0.0107,Diadenosine 5' 5'''-P1 P4-tetraphosphate hydrolase,E3_6_1_17,,vv10230Purine_metabolism,vv10240Pyrimidine_metabolism
625,VIT_17s0000g09270,22,0.0106,MATE efflux family protein,MATE,,vv50125Porters_cat_66_to_94,
626,VIT_05s0020g03160,22,0.0106,Transmembrane protein 49,,,,
627,VIT_16s0050g00910,22,0.0106,MATE efflux family protein,MATE,,vv50125Porters_cat_66_to_94,
628,VIT_05s0062g00820,22,0.0106,Unknown protein,,,,
629,VIT_03s0091g00690,21,0.0102,Salt tolerance zinc finger,STZ_1,,vv60017C2H2,
630,VIT_17s0000g09190,21,0.0101,Octicosapeptide/Phox/Bem1p (PB1) domain-containing protein,,,,
631,VIT_10s0042g01250,21,0.0101,NPR1-like protein 3,NPR3_1,,vv60093TRAF,
632,VIT_16s0098g01200,21,0.0101,6-phosphogluconolactonase,E3_1_1_31,,vv10030Pentose_phosphate,
633,VIT_11s0052g00830,21,0.0101,Vernalization insensitive 3,VIN3,,vv30009Flower_development,
634,VIT_02s0025g00070,21,0.0101,Ubiquitin-conjugating enzyme E2 H,K10576,,vv24120Ubiquitin_mediated_proteolysis,
635,VIT_19s0014g00680,21,0.0101,RKF1 (receptor-like kinase in flowers 1),,,,
636,VIT_03s0038g02890,20,0.0097,F-box family protein,,,,
637,VIT_06s0061g01430,20,0.0096,flavonoid 1-2 rhamnosyltransferase,E2_4_1_236,,vv10941Flavonoid_biosynthesis,
638,VIT_18s0122g00590,19,0.0092,DNA-binding protein,,,,
639,VIT_12s0035g01900,19,0.0092,Pectinesterase family,E3_1_1_11,,vv40006Cell_wall,
640,VIT_03s0063g00710,19,0.0092,Carboxyesterase 12; CXE12,E3_1_1_1,,,
641,VIT_03s0038g01150,18,0.0087,Auxin-responsive,AUXREG,,vv30003Auxin_signaling,
642,VIT_01s0010g00590,18,0.0087,Short-chain dehydrogenase/reductase SDR,,,,
643,VIT_00s0199g00220,18,0.0087,Phosphofructokinase,E2_7_1_90,,vv10051Fructose_and_mannose_metabolism,
644,VIT_01s0010g02210,18,0.0087,FRK1 (FLG22-induced receptor-like kinase 1),FRK1,,vv34626Plant-pathogen_interaction,
645,VIT_18s0001g12340,17,0.0083,Unknown protein,,,,
646,VIT_08s0056g00180,17,0.0082,Translation initiation factor IF-2B subunit delta,K03680,,,
647,VIT_11s0103g00570,17,0.0082,Microtubule-associated protein Rab GTPase,MAPRAB,,vv44810Regulation_of_actin_cytoskeleton,
648,VIT_09s0002g02060,16,0.0078,Unknown protein,,,,
649,VIT_05s0062g00570,16,0.0077,UDP-glucose:flavonoid 7-O-glucosyltransferase,E2_4_1_237,,vv10941Flavonoid_biosynthesis,
650,VIT_15s0046g01960,16,0.0077,Hydroquinone glucosyltransferase,E2_4_1_218,,vv10500Starch_and_sucrose_metabolism,
651,VIT_15s0048g01590,16,0.0077,CYP76B1,,,,
652,VIT_17s0000g00840,16,0.0077,Unknown protein,,,,
653,VIT_11s0016g05560,15,0.0073,Glucan endo-1 3-beta-glucosidase 7 precursor,E3_2_1_39,,vv10500Starch_and_sucrose_metabolism,
654,VIT_05s0077g01290,15,0.0073,Unknown protein,,,,
655,VIT_18s0041g02240,15,0.0072,ATATH7 (ABC2 homolog7),ATH7,,vv52010ABC_transporters,
656,VIT_18s0001g10870,15,0.0072,Patatin,,,,
657,VIT_13s0064g01040,15,0.0072,No hit,,,,
658,VIT_12s0142g00640,15,0.0072,FLS2 (flagellin-sensitive 2),K13420,,vv34626Plant-pathogen_interaction,
659,VIT_08s0007g07110,15,0.0072,Unknown protein,,,,
660,VIT_11s0016g01880,14,0.0067,Lycopene epsilon cyclase  chloroplast precursor,K06444,,vv10906Carotenoid_biosynthesis,
661,VIT_09s0054g01510,14,0.0067,Beta-amyrin synthase,E5_4_99_BAS,,vv10900Terpenoid_biosynthesis,
662,VIT_14s0030g01660,13,0.0063,Serine/threonine kinase WNK1,WNK1,,vv34710Circadian_rhythm,
663,VIT_01s0011g00560,13,0.0063,DREPP plasma membrane polypeptide,,,,
664,VIT_16s0039g01940,13,0.0063,No hit,,,,
665,VIT_00s0144g00220,13,0.0063,R protein disease resistance protein,RPROT,,vv34627R_proteins_from_Plant-pathogen_interaction,
666,VIT_10s0003g05420,13,0.0063,S-2-hydroxy-acid oxidase  peroxisomal,E1_1_3_15,,vv10630Glyoxylate_and_dicarboxylate_metabolism,
667,VIT_04s0044g00190,13,0.0063,Mannitol dehydrogenase,E1_1_1_67,,vv10051Fructose_and_mannose_metabolism,
668,VIT_05s0102g01040,13,0.0063,R protein  PRF  disease resistance protein,K13453,,vv34627R_proteins_from_Plant-pathogen_interaction,
669,VIT_04s0069g00870,13,0.0063,Myosin-related,MYOSINR,,vv44810Regulation_of_actin_cytoskeleton,
670,VIT_19s0014g02450,13,0.0063,ALF5 (Aberrant lateral root formation 5),ALF5,,vv50125Porters_cat_66_to_94,
671,VIT_02s0012g00310,12,0.0059,Lon protease,E3_4_21_53,,,
672,VIT_00s0144g00270,12,0.0058,R protein MLA10,K13475,,vv34627R_proteins_from_Plant-pathogen_interaction,
673,VIT_14s0171g00180,12,0.0058,Leucine-rich repeat transmembrane protein kinase,,,,
674,VIT_06s0004g04030,12,0.0058,Copper chaperone,,,,
675,VIT_02s0025g02630,12,0.0058,Lipase GDSL,,,,
676,VIT_08s0032g00050,12,0.0058,Acyl-activating enzyme 15,E6_2_1_3_AAE15,,vv10071Fatty_acid_metabolism,vv50104Group_translocators
677,VIT_01s0150g00480,12,0.0058,Protein binding protein,,,,
678,VIT_01s0127g00590,12,0.0058,Protein disulfide isomerase,E5_3_4_1,,,
679,VIT_04s0023g03320,12,0.0058,WD repeat-protein,,,,
680,VIT_00s2082g00010,12,0.0058,O-sialoglycoprotein endopeptidase,E3_4_24_57,,,
681,VIT_06s0004g03390,12,0.0058,TET3 (tetraspanin3),,,,
682,VIT_02s0012g02030,12,0.0058,Homeobox-7,VVHB7_1,VvHB09,vv60034HB,
683,VIT_05s0094g00820,12,0.0058,Unknown protein,,,,
684,VIT_06s0061g01510,12,0.0058,Histone deacetylase 9,HDA9,,vv44110Cell_cycle,
685,VIT_09s0070g00240,12,0.0058,Cinnamoyl-CoA reductase,E1_2_1_44,,vv10940Phenylpropanoid_biosynthesis,
686,VIT_02s0012g02120,12,0.0058,Defender against cell death 1 (DAD1),K12668,,vv10510N-Glycan_biosynthesis,vv24141Protein_processing_in_endoplasmic_reticulum
687,VIT_09s0002g05280,12,0.0058,2-oxoglutarate-dependent dioxygenase,,,,
688,VIT_05s0062g01180,12,0.0058,Importin beta-2,K14293_2,,vv23013RNA_transport,vv50109Incompletely_characterized_transport_systems
689,VIT_15s0048g02460,12,0.0058,Quercetin 3-O-methyltransferase 1,E2_1_1_76,,vv10941Flavonoid_biosynthesis,
690,VIT_07s0031g00520,11,0.0053,Unknown protein,,,,
691,VIT_06s0004g02580,11,0.0053,BLH8 (BEL1-like homeodomain 8),BLH8,VvHB22,vv60034HB,
692,VIT_18s0001g01030,10,0.0048,Protein disulfide isomerase,E5_3_4_1,,,
693,VIT_14s0128g00050,10,0.0048,Thylakoid lumenal 18.3 kDa protein,,,,
694,VIT_00s0587g00030,10,0.0048,CBS domain-containing protein,,,,
695,VIT_01s0010g00060,9,0.0044,Unknown protein,,,,
696,VIT_08s0058g00670,9,0.0044,Unknown protein,,,,
697,VIT_05s0020g01430,9,0.0044,Vesicle-associated membrane protein 72,K08511,,vv24130SNARE_interactions_in_vesicular_transport,vv50101Channels_and_pores
698,VIT_09s0018g01190,9,0.0044,Anthranilate N-benzoyltransferase,E2_3_1_144,,vv10400Phenylalanine_tyrosine_and_tryptophan_biosynthesis,
699,VIT_10s0597g00050,9,0.0044,Heat shock transcription factor B2A,HSFB2A_3,,vv60037HSF,
700,VIT_18s0001g11710,9,0.0044,Photosystem II PsbO protein,K02716,,vv10195Photosynthesis,vv50113Thylakoid_targeting_pathway
701,VIT_05s0020g02540,9,0.0044,Endo-1 3;1 4-beta-D-glucanase precursor,E3_2_1_73,,,
702,VIT_00s0323g00070,9,0.0044,Pectin methylesterase inhibitor,PMEI,,vv40006Cell_wall,
703,VIT_03s0038g01310,9,0.0044,Auxin responsive SAUR protein,SAUR,,vv30003Auxin_signaling,
704,VIT_17s0000g06130,9,0.0044,Glutathione S-transferase 9 GSTU9,E2_5_1_18_GSTU9,,vv10480Glutathione_metabolism,
705,VIT_09s0002g04280,9,0.0044,Dynein light chain LC6  flagellar outer arm,K10418,,vv44810Regulation_of_actin_cytoskeleton,
706,VIT_06s0009g03390,7,0.0034,No hit,,,,
707,VIT_18s0001g03260,7,0.0034,R protein L6,K13477,,vv34627R_proteins_from_Plant-pathogen_interaction,
708,VIT_12s0134g00090,7,0.0034,R-linalool synthase,E4_2_3_26,,vv10900Terpenoid_biosynthesis,
709,VIT_14s0066g01730,7,0.0034,Cellulose synthase CSLC04,E2_4_1_12_CSLC04,,vv40006Cell_wall,
710,VIT_00s0253g00140,7,0.0034,Polyneuridine-aldehyde esterase precursor,E3_1_1_78,,vv10902Monoterpenoid_biosynthesis,
711,VIT_16s0039g00920,7,0.0034,CYP89A28,,,,
712,VIT_17s0000g09350,7,0.0034,Dehydration-induced 19,,,,
713,VIT_17s0000g07870,7,0.0034,Ribosomal protein L29,K02904,,vv23010Ribosome,
714,VIT_11s0016g02440,7,0.0034,HRT domain containing,HRT1,,vv60036HRT,
715,VIT_07s0031g02270,7,0.0034,Tonoplast monosaccharide transporter2,TMT2,,vv50121Porters_cat_1_to_6,
716,VIT_15s0046g00710,6,0.0029,Wax synthase,E2_3_1_75,,vv11000Single_reactions,
717,VIT_04s0023g00410,6,0.0029,Photosystem I subunit XI (PSAL),K02699,,vv10195Photosynthesis,vv50105Transport_electron_carriers
718,VIT_01s0137g00740,6,0.0029,Unknown protein,,,,
719,VIT_18s0001g05690,6,0.0029,Protein phosphatase 2C,E3_1_3_16,,,
720,VIT_01s0011g03110,6,0.0029,Myb family,MYBGE_23,,vv60029G2-like,
721,VIT_00s0340g00060,6,0.0029,Endo-1 4-beta-glucanase korrigan (KOR),E3_2_1_4,,vv40006Cell_wall,
722,VIT_11s0118g00730,6,0.0029,No hit,,,,
723,VIT_00s0340g00050,6,0.0029,Endo-1 4-beta-glucanase korrigan (KOR),E3_2_1_4,,vv40006Cell_wall,
724,VIT_05s0102g01210,6,0.0029,TGD2 (trigalactosyldiacylglycerol2),TGD2,,vv52010ABC_transporters,
725,VIT_15s0046g01340,6,0.0029,Unknown protein,,,,
726,VIT_02s0234g00110,6,0.0029,Oleosin OLE-4,,,,
727,VIT_00s0283g00050<br>VIT_06s0009g03090<br>VIT_03s0132g00010,6,0.0029,
728,VIT_02s0025g04660,6,0.0029,Senescence-inducible chloroplast stay-green protein 1,,,,
729,VIT_01s0150g00200,6,0.0029,Peptidyl-prolyl cis-trans isomerase  FKBP-type,K01802,,,
730,VIT_10s0003g01460,6,0.0029,Nucleobase-ascorbate transporter 2 (NAT2),NAT2,,vv50124Porters_cat_30_to_64,
731,VIT_08s0056g01620,6,0.0029,FH protein interacting protein FIP2,FIP2,,vv50101Channels_and_pores,
732,VIT_18s0001g10050,6,0.0029,LRX1 (leucine-rich repeat/extensin 1),EXTENSIN,,vv40006Cell_wall,
733,VIT_18s0122g00220,6,0.0029,Phosphodiesterase/alkaline phosphatase D,E3_1_4_1,,,
734,VIT_19s0090g01160,6,0.0029,Lipase GDSL,,,,
735,VIT_12s0178g00200,6,0.0029,Actin beta/gamma 1,K05692,,vv44810Regulation_of_actin_cytoskeleton,
736,VIT_00s0207g00130,6,0.0029,Pathogenesis-related protein 1 precursor (PRP 1),PRP1,,vv30011Jasmonate_signaling,vv34626Plant-pathogen_interaction
737,VIT_13s0019g00420,6,0.0029,F-box family protein,,,,
738,VIT_04s0079g00690,6,0.0029,Glutathione S-transferase 26 GSTF12,E2_5_1_18_GSTF12,,vv10480Glutathione_metabolism,
739,VIT_14s0066g00470,6,0.0029,Unknown protein,,,,
740,VIT_01s0026g02730,6,0.0029,Anaphase-promoting complex component APC2,K03349,,vv24120Ubiquitin_mediated_proteolysis,vv44110Cell_cycle
741,VIT_16s0039g02550,6,0.0029,Seed specific protein Bn15D1B,,,,
742,VIT_16s0098g00800,6,0.0029,Copper-binding family protein,,,,
743,VIT_16s0098g00790,6,0.0029,Copper-binding family protein,,,,
744,VIT_08s0032g00110,6,0.0029,RNA recognition motif (RRM)-containing protein,,,,
745,VIT_02s0025g00750,6,0.0029,Pinoresinol forming dirigent protein,DIRPR,,vv10940Phenylpropanoid_biosynthesis,
746,VIT_02s0025g00500,6,0.0029,Unknown protein,,,,
747,VIT_16s0013g00260,5,0.0024,Superoxide dismutase  Fe-Mn family,K04564,,vv44146Peroxisome,
748,VIT_12s0035g00380,4,0.0019,AAA-type ATPase,,,,
749,VIT_06s0080g00560,4,0.0019,Beta-alanine synthase,E3_5_1_53,,vv10220Urea_cycle_and_metabolism_of_amino_groups,
750,VIT_14s0068g01030,4,0.0019,Ubiquinol-cytochrome C reductase iron-sulfur subunit  mitochondrial,K00411,,vv10190Oxidative_phosphorylation,vv50135Primary_active_transporter_cat_D3_to_E2
751,VIT_00s0804g00010,4,0.0019,Unknown protein,,,,
752,VIT_12s0028g00410,4,0.0019,Protein phosphatase 2C,E3_1_3_16,,,
753,VIT_02s0025g04320,3,0.0015,Thaumatin,,,,
754,VIT_09s0002g03740,3,0.0015,Homeobox gene 8,VVHB8_2,VvHB33,vv60034HB,
755,VIT_13s0019g00260,3,0.0015,Photosystem II reaction center PsbP,K02717,,vv10195Photosynthesis,vv50135Primary_active_transporter_cat_D3_to_E2
756,VIT_06s0004g08360,3,0.0015,NADH dehydrogenase I subunit N,K05585,,vv10190Oxidative_phosphorylation,vv50134Primary_active_transporter_cat_D1
757,VIT_01s0011g03470,3,0.0015,Ethylene-responsive transcription factor ERF118,ERF118,VvERF122,vv30008Ethylene_signaling,vv60003AP2_EREBP
758,VIT_15s0046g00680,3,0.0015,Wax synthase,E2_3_1_75,,vv11000Single_reactions,
759,VIT_00s0211g00130,3,0.0015,Unknown,,,,
760,VIT_11s0016g04560,3,0.0015,Bile acid sodium symporter,K03453,,vv50123Porters_cat_18_to_29,
761,VIT_08s0007g01590,3,0.0015,fructose 1 6-bisphosphatase,E3_1_3_11,,vv10010Glycolysis,vv10030Pentose_phosphate
762,VIT_00s0187g00210,3,0.0015,Rho GDP-dissociation inhibitor 2,,,,
763,VIT_04s0023g01600,3,0.0015,Membrane protein,,,,
764,VIT_08s0007g00160,3,0.0015,Glycosyltransferase family 14,,,,
765,VIT_18s0089g00860,3,0.0015,Ring-H2 finger protein ATL4E,,,,
766,VIT_05s0049g00050,3,0.0015,Cellulose synthase CSLG2,E2_4_1_12_CSLG3,,vv40006Cell_wall,
767,VIT_00s0231g00080,3,0.0015,No hit,,,,
768,VIT_07s0031g00700,3,0.0015,Caltractin / centrin,K10840,,vv23420Nucleotide_excision_repair,vv44110Cell_cycle
769,VIT_12s0059g02270,3,0.0015,Glutamate receptor protein GLR3.4b,GLR3_4,,vv50101Channels_and_pores,
770,VIT_04s0008g03270,3,0.0015,GATA transcription factor 11,GAT11_1,,vv60016C2C2-GATA,
771,VIT_08s0040g00530,3,0.0015,Peroxisomal membrane protein 2,K13347,,vv44146Peroxisome,
772,VIT_11s0016g03250,3,0.0015,Lachrymatory factor synthase,,,,
773,VIT_08s0007g06530,3,0.0015,DnaJ homolog  subfamily B  member 6,K09512,,vv50132Primary_active_transporter_cat_A5_to_A8,
774,VIT_12s0055g00380,3,0.0015,No hit,,,,
775,VIT_03s0110g00300,3,0.0015,Copper transporter 4,COPT4,,vv50101Channels_and_pores,
776,VIT_18s0166g00100,3,0.0015,No hit,,,,
777,VIT_12s0059g01750,3,0.0015,Caffeic acid O-methyltransferase,E2_1_1_68,,vv10940Phenylpropanoid_biosynthesis,
778,VIT_08s0056g00040,3,0.0015,WD-40 repeat protein,,,,
779,VIT_00s0341g00070<br>VIT_00s0632g00010,3,0.0015,
780,VIT_14s0066g01720,3,0.0015,Bromo-adjacenty (BAH) domain-containing protein,,,,
781,VIT_07s0005g02440,3,0.0015,Pectinacetylesterase,PAE,,vv40006Cell_wall,
782,VIT_04s0008g01450,3,0.0015,Cyclopropane-fatty-acyl-phospholipid synthase,E2_1_1_79,,vv10271Methionine_metabolism,
783,VIT_19s0014g03700,3,0.0015,Cyclic nucleotide-regulated ion channel 4,K05391_CNGC4,,vv34626Plant-pathogen_interaction,vv50101Channels_and_pores
784,VIT_19s0014g03350,3,0.0015,Peptidyl-prolyl cis-trans isomerase TLP38  chloroplast,K01802,,,
785,VIT_06s0004g03810,3,0.0015,Kinesin motor protein,KMOTOR,,vv44810Regulation_of_actin_cytoskeleton,
786,VIT_13s0019g04450,3,0.0015,ATSYTA/NTMC2T1.1/NTMC2TYPE1.1/SYTA,NTMC2T1_1,,vv50109Incompletely_characterized_transport_systems,
787,VIT_07s0104g00110,3,0.0015,Unknown,,,,
788,VIT_06s0004g01680,3,0.0015,Unknown protein,,,,
789,VIT_16s0098g00990,3,0.0015,No hit,,,,
790,VIT_12s0028g00440,3,0.0015,Protein phosphatase 2C,E3_1_3_16,,,
791,VIT_06s0004g02640,3,0.0015,Receptor protein kinase PERK1,,,,
792,VIT_00s0820g00020,3,0.0015,Anthocyanidine rhamnosyl-transferase,RHATR,,vv10942Anthocyanin_biosynthesis,
793,VIT_04s0044g01130,3,0.0015,Alcohol dehydrogenase 2 [Vitis vinifera],E1_1_1_1,,vv10010Glycolysis,vv10071Fatty_acid_metabolism
794,VIT_01s0011g01320,3,0.0015,Cholinephosphate cytidylyltransferase,E2_7_7_15,,vv10564Glycerophospholipid_metabolism,
795,VIT_11s0118g00650,3,0.0015,Unknown,,,,
796,VIT_16s0100g00570,3,0.0015,Dehydration-responsive protein,,,,
797,VIT_04s0044g01730,3,0.0015,F-box family protein,,,,
798,VIT_19s0014g01770,3,0.0015,Glutamate receptor protein,GLR2_7,,vv50101Channels_and_pores,
799,VIT_11s0052g01070,3,0.0015,Transferase,,,,
800,VIT_09s0002g03940,3,0.0015,AP2/EREBP transcription factor,TINY2_1,VvERF034,vv30008Ethylene_signaling,vv60003AP2_EREBP
801,VIT_18s0001g12750,3,0.0014,Carbohydrate kinase,E2_7_1_15,,vv10030Pentose_phosphate,
802,VIT_13s0156g00610,3,0.0014,S-receptor kinase,,,,
803,VIT_02s0025g04300,3,0.0014,Thaumatin,,,,
804,VIT_01s0244g00150,3,0.0014,Auxin response factor 2,ARF2_2,,vv30003Auxin_signaling,vv60004ARF
805,VIT_07s0005g01690,3,0.0014,No hit,,,,
806,VIT_13s0320g00010,3,0.0014,Lectin,,,,
807,VIT_19s0015g01760,3,0.0014,Photosystem I reaction center subunit V (PSAG),K08905,,vv10195Photosynthesis,vv50105Transport_electron_carriers
808,VIT_10s0523g00030,3,0.0014,Photoregulatory zinc-finger protein COP1,K10143,,vv24120Ubiquitin_mediated_proteolysis,
809,VIT_12s0055g00820,3,0.0014,Serine carboxypeptidase II,,,,
810,VIT_19s0014g03650,3,0.0014,No hit,,,,
811,VIT_19s0090g01360,3,0.0014,No hit,,,,
812,VIT_14s0108g00300,3,0.0014,Leucine Rich Repeat receptor-like kinase,,,,
813,VIT_05s0049g02320,3,0.0014,HAD superfamily hydrolase,K07025,,,
814,VIT_04s0044g01410,3,0.0014,Photosystem I reaction center subunit N (PSAN),K02701,,vv10195Photosynthesis,vv50105Transport_electron_carriers
815,VIT_06s0004g00750,3,0.0014,Acyl-CoA synthetases (Acyl-activating enzyme 18),E6_2_1_3,,vv10071Fatty_acid_metabolism,vv50104Group_translocators
816,VIT_09s0002g02630,3,0.0014,IAA-amino acid hydrolase 3,IAR3,,vv11002Auxin_biosynthesis,
817,VIT_17s0000g06200,3,0.0014,Mini zinc finger 1 MIF1,MIF1_2,,vv60068Zf-HD,
818,VIT_02s0025g03740,3,0.0014,Translation initiation factor eIF-2B alpha subunit,K03239,,vv23013RNA_transport,
819,VIT_00s1525g00010,3,0.0014,GAE3 (UDP-D- glcucuronate  4-epimerase 3),E5_1_3_6,,vv10500Starch_and_sucrose_metabolism,vv10520Nucleotide_sugars_metabolism
820,VIT_10s0003g04240,3,0.0014,Tyrosine decarboxylase,E4_1_1_25,,vv10350Tyrosine_metabolism,vv10950Alkaloid_biosynthesis_I
821,VIT_01s0011g04740,3,0.0014,LPR1 (Low Phosphate Root1) multicopper oxidase,,,,
822,VIT_05s0020g02760,3,0.0014,Signal peptidase complex subunit 3,K12948,,vv23060Protein_export,
823,VIT_00s0371g00100,3,0.0014,Mannitol dehydrogenase,E1_1_1_67,,vv10051Fructose_and_mannose_metabolism,
824,VIT_08s0007g01030,3,0.0014,Aldo/keto reductase,E1_1_1_21,,vv10040Pentose_glucuronate_interconversion,vv10051Fructose_and_mannose_metabolism
825,VIT_04s0008g05400,3,0.0014,Serine hydrolase [Vitis vinifera],E4_3_1_18,,vv10260Glycine_serine_and_threonine_metabolism,
826,VIT_18s0001g09990,3,0.0014,Cysteine protease CP1,E3_4_22_x,,,
827,VIT_16s0098g01740,3,0.0014,Unknown protein,,,,
828,VIT_11s0037g00850,3,0.0014,Tetratricopeptide repeat (TPR)-containing,,,,
829,VIT_08s0007g00840,3,0.0014,Ribulose bisphosphate carboxylase/oxygenase activase  chloroplast,,,,
830,VIT_18s0001g11260,3,0.0014,Nucleobase-ascorbate transporter 3 (NAT3),NAT3,,vv50124Porters_cat_30_to_64,
831,VIT_16s0100g00250,3,0.0014,Mandelonitrile lyase-like protein,E4_1_2_10,,vv10460Cyanoamino_acid_metabolism,
832,VIT_06s0004g02540,3,0.0014,Kiwellin Ripening-related protein grip22,,,,
833,VIT_07s0005g00660,3,0.0014,Late embryogenis abundant protein 5,,,,
834,VIT_01s0026g00810,3,0.0014,Leaf senescence protein,,,,
835,VIT_13s0064g01280,3,0.0014,SWAP (Suppressor-of-White-APricot),SWAP,,,
836,VIT_13s0084g00240,3,0.0014,Steroid sulfotransferase,E2_8_2_15,,vv11000Single_reactions,
837,VIT_03s0017g02350,3,0.0014,Naringenin 3-dioxygenase,E1_14_11_9,,vv10941Flavonoid_biosynthesis,
838,VIT_00s0361g00040,3,0.0014,Anthocyanidin reductase,E1_3_1_77,,vv10941Flavonoid_biosynthesis,
839,VIT_07s0005g04750,3,0.0014,Unknown protein,,,,
840,VIT_11s0016g04300,3,0.0014,Nudix hydrolase 20  chloroplast precursor (AtNUDT20),,,,
841,VIT_08s0040g01950,3,0.0014,Zinc finger (C3HC4-type ring finger),ZFC3HC4_157,,vv60078Other_zf-C3HC4,
