Vv_m2,2000,1000,VIT_09s0002g06750
rank,node,Fabs,Frel,Functional-annotation,Name-EC-KeggID,Updated-name,Network1,Network2
1,VIT_06s0004g01550,2065,1.0000,Phosphoribosylanthranilate transferase,E2_4_2_18,,vv10400Phenylalanine_tyrosine_and_tryptophan_biosynthesis,
2,VIT_03s0038g01410,2087,1.0000,Aquaporin PIP PIP1A,PIP1A,,vv50101Channels_and_pores,
3,VIT_12s0059g01830,2059,1.0000,Unknown,,,,
4,VIT_18s0122g00220,2066,1.0000,Phosphodiesterase/alkaline phosphatase D,E3_1_4_1,,,
5,VIT_04s0008g05440,2060,1.0000,Ethylene-responsive transcription factor SHINE 3,SHINE3_1,VvERF044,vv30008Ethylene_signaling,vv60003AP2_EREBP
6,VIT_19s0015g00510,2070,1.0000,Pectate lyase 2,E4_2_2_2,,vv40006Cell_wall,
7,VIT_04s0069g01120,2059,1.0000,Acyl-activating enzyme 7,E6_2_1_3,,vv10071Fatty_acid_metabolism,vv50104Group_translocators
8,VIT_13s0067g02390,2069,1.0000,Unknown,,,,
9,VIT_08s0007g02000,2068,1.0000,Glycerol-3-phosphate acyltransferase 8,E2_3_1_15,,vv10561Glycerolipid_metabolism,vv10564Glycerophospholipid_metabolism
10,VIT_11s0016g05340,2073,0.9995,Ethylene-responsive transcription factor SHINE 3,SHINE3_2,VvERF043,vv30008Ethylene_signaling,vv60003AP2_EREBP
11,VIT_10s0003g01010,2067,0.9995,Lipase GDSL,,,,
12,VIT_18s0001g10050,2063,0.9995,LRX1 (leucine-rich repeat/extensin 1),EXTENSIN,,vv40006Cell_wall,
13,VIT_00s0218g00100,2074,0.9971,Metal transporter Nramp6,NRAMP6,,vv50124Porters_cat_30_to_64,
14,VIT_00s0665g00020,2063,0.9971,Carrier protein  Mitochondrial,K03454,,vv50123Porters_cat_18_to_29,
15,VIT_02s0025g02630,2056,0.9971,Lipase GDSL,,,,
16,VIT_19s0090g00730,2049,0.9923,No hit,,,,
17,VIT_09s0002g03050,2040,0.9922,Lipase GDSL,,,,
18,VIT_07s0031g01680,2046,0.9913,CYP86A1,,,,
19,VIT_13s0067g00400,2034,0.9907,Anthranilate synthase alpha 1,E4_1_3_27,,vv10400Phenylalanine_tyrosine_and_tryptophan_biosynthesis,
20,VIT_14s0066g02270,2057,0.9899,Endonuclease/exonuclease/phosphatase family protein,E3_1_30_x,,,
21,VIT_12s0059g01590,2037,0.9898,Lipase GDSL,,,,
22,VIT_08s0058g00800,2039,0.9893,Wound-induced protein WI12,,,,
23,VIT_09s0002g06990,2049,0.9889,Phosphatidic acid phosphatase / PAP2,E3_1_3_4,,vv10561Glycerolipid_metabolism,vv10564Glycerophospholipid_metabolism
24,VIT_16s0098g01740,2044,0.9879,Unknown protein,,,,
25,VIT_15s0046g00310,2044,0.9870,Transcription factor TINY,ERF023,VvERF015,vv30008Ethylene_signaling,vv60003AP2_EREBP
26,VIT_18s0001g02720,2046,0.9822,fatty acid elongation1 (FAE1),,,,
27,VIT_00s1314g00010,2030,0.9812,Basic helix-loop-helix (bHLH) family,BHLHDOM_89,,vv60011BHLH,
28,VIT_02s0012g00660,2035,0.9803,Calcium-binding EF-hand,,,,
29,VIT_15s0046g00710,2033,0.9793,Wax synthase,E2_3_1_75,,vv11000Single_reactions,
30,VIT_13s0019g02880,2012,0.9753,UDP-glucoronosyl/UDP-glucosyl transferase,,,,
31,VIT_15s0046g01960,2008,0.9752,Hydroquinone glucosyltransferase,E2_4_1_218,,vv10500Starch_and_sucrose_metabolism,
32,VIT_08s0007g09000,2010,0.9720,Glycerol-3-phosphate dehydrogenase,E1_1_1_8,,vv10564Glycerophospholipid_metabolism,
33,VIT_15s0046g03240,1983,0.9640,Unknown protein,,,,
34,VIT_04s0023g01720,1972,0.9610,SEC14 cytosolic factor  putative,SEC14,,vv50122Porters_cat_7_to_17,
35,VIT_06s0009g03390,1974,0.9583,No hit,,,,
36,VIT_12s0028g03960,1981,0.9570,Ankyrin repeat protein family,K10380,,vv50108Accessory_factors_involved_in_transport,
37,VIT_13s0019g04260,1976,0.9495,Monoglyceride lipase,E3_1_1_23,,vv10561Glycerolipid_metabolism,
38,VIT_12s0059g00190,1963,0.9460,Beta-expansin (EXPB3),EXPB3,,vv30003Auxin_signaling,
39,VIT_02s0033g01050,1955,0.9454,Anthraniloyal-CoA: methanol anthraniloyal transferase,AMAT,,vv10400Phenylalanine_tyrosine_and_tryptophan_biosynthesis,
40,VIT_01s0026g00080,1956,0.9417,Metal-dependent phosphohydrolase HD domain-containing protein,K07023,,,
41,VIT_02s0025g03320,1935,0.9416,CYP86A2,,,,
42,VIT_13s0067g02910,1923,0.9353,Non-specific lipid-transfer protein,,,,
43,VIT_08s0056g01130,1925,0.9304,Mini zinc finger 2 MIF2,MIF2_2,,vv60068Zf-HD,
44,VIT_19s0090g01050,1923,0.9299,Endo-beta-1 4-glucanase,E3_2_1_4,,vv40006Cell_wall,
45,VIT_07s0205g00180,1913,0.9277,Basic helix-loop-helix (bHLH) family,BHLHDOM_30,,vv60011BHLH,
46,VIT_06s0080g00760,1915,0.9269,Unknown protein,,,,
47,VIT_06s0061g00240,1912,0.9264,ABC transporter G member 7,ABCG7,,vv52010ABC_transporters,
48,VIT_02s0025g00560,1923,0.9263,Glycoside hydrolase  family 5,,,,
49,VIT_11s0016g01290,1926,0.9260,CYP72A1,K13400,,vv10902Monoterpenoid_biosynthesis,
50,VIT_15s0046g00700,1902,0.9229,Wax synthase,E2_3_1_75,,vv11000Single_reactions,
51,VIT_01s0137g00410,1916,0.9216,CYP86A2,,,,
52,VIT_10s0092g00150,1902,0.9193,Patatin protein 3,,,,
53,VIT_11s0037g00320,1904,0.9185,Serine carboxypeptidase S10,,,,
54,VIT_18s0001g10060,1890,0.9144,LRX1 (leucine-rich repeat/extensin 1),EXTENSIN,,vv40006Cell_wall,
55,VIT_12s0057g01060,1852,0.8951,Jasmonate O-methyltransferase,E2_1_1_141,,vv10592alpha-Linolenic_acid_metabolism,
56,VIT_14s0006g02290,1853,0.8939,DREB sub A-4 of ERF/AP2 transcription factor,TINY_2,VvERF028,vv30008Ethylene_signaling,vv60003AP2_EREBP
57,VIT_18s0122g01280,1836,0.8904,Niemann-Pick C1 protein precursor,NPC1,,vv50121Porters_cat_1_to_6,
58,VIT_07s0031g00520,1833,0.8877,Unknown protein,,,,
59,VIT_13s0047g00360,1835,0.8835,6-hydroxyisobutyryl-coenzyme A hydrolase,E3_1_2_4,,vv10280Valine_leucine_and_isoleucine_degradation,vv10410Beta-alanine_metabolism
60,VIT_09s0002g03130,1819,0.8817,FRK1 (FLG22-induced receptor-like kinase 1),FRK1,,vv34626Plant-pathogen_interaction,
61,VIT_01s0026g01140,1805,0.8762,ZCW32 (BIGPETAL  BIGPETALUB),ZCW32_2,,vv60011BHLH,
62,VIT_00s0225g00080,1807,0.8708,MATE efflux family protein,MATE,,vv50125Porters_cat_66_to_94,
63,VIT_08s0040g00520,1801,0.8692,Leucine-rich repeat protein kinase,,,,
64,VIT_14s0066g02410,1795,0.8680,Betaine-aldehyde dehydrogenase,E1_2_1_8,,vv10260Glycine_serine_and_threonine_metabolism,vv50101Channels_and_pores
65,VIT_11s0016g00580,1798,0.8669,Unknown,,,,
66,VIT_14s0060g01090,1782,0.8613,LNG1 (LONGIFOLIA1),,,,
67,VIT_01s0011g00080,1779,0.8603,Universal stress protein (USP) family protein,,,,
68,VIT_14s0068g00170,1750,0.8438,No hit,,,,
69,VIT_06s0004g06700,1743,0.8416,ATP-dependent Clp protease ClpB protein,K03695,,vv50109Incompletely_characterized_transport_systems,
70,VIT_01s0026g02040,1721,0.8354,No hit,,,,
71,VIT_19s0090g00840,1724,0.8337,WRKY DNA-binding protein 6,WRKY6_2,VvWRKY55,vv60066WRKY,
72,VIT_18s0001g05950,1718,0.8296,Cis-zeatin O-beta-D-glucosyltransferase,E2_4_1_215,,vv10908Zeatin_biosynthesis,
73,VIT_15s0107g00380,1709,0.8256,Basic helix-loop-helix (bHLH) family,BHLHDOM_10,,vv60011BHLH,
74,VIT_03s0063g01890,1714,0.8244,Ring-H2 finger protein ATL3G,,,,
75,VIT_10s0003g00560,1672,0.8148,Wuschel homeobox 9,WOX9,VvHB37,vv60034HB,
76,VIT_19s0014g02330,1679,0.8139,Unknown,,,,
77,VIT_15s0046g00680,1689,0.8132,Wax synthase,E2_3_1_75,,vv11000Single_reactions,
78,VIT_01s0026g00570,1662,0.8056,Bet v I allergen,,,,
79,VIT_00s0820g00020,1658,0.8052,Anthocyanidine rhamnosyl-transferase,RHATR,,vv10942Anthocyanin_biosynthesis,
80,VIT_10s0116g01580,1655,0.8007,No hit,,,,
81,VIT_18s0041g00840,1655,0.7995,UDP-glucose: anthocyanidin 5 3-O-glucosyltransferase,E2_4_1_238,,vv10941Flavonoid_biosynthesis,vv10942Anthocyanin_biosynthesis
82,VIT_14s0066g01730,1636,0.7965,Cellulose synthase CSLC04,E2_4_1_12_CSLC04,,vv40006Cell_wall,
83,VIT_18s0001g01760,1646,0.7898,PISTILLATA (PI) floral homeotic protein,PISTILLATA_1,,vv30009Flower_development,vv60042MADS
84,VIT_10s0003g00600,1642,0.7898,Lipase GDSL,,,,
85,VIT_09s0002g06310,1627,0.7879,No hit,,,,
86,VIT_14s0068g01520,1634,0.7829,Double-stranded RNA-binding (DsRBD) domain-containing protein,,,,
87,VIT_13s0019g02810,1617,0.7808,Glucuronosyl transferase,E2_4_1_17,,vv10040Pentose_glucuronate_interconversion,vv10500Starch_and_sucrose_metabolism
88,VIT_04s0023g01300,1607,0.7786,Aminopeptidase P,E3_4_11_9,,,
89,VIT_07s0151g00570,1609,0.7780,OB-fold nucleic acid binding domain containing protein,,,,
90,VIT_10s0597g00050,1599,0.7725,Heat shock transcription factor B2A,HSFB2A_3,,vv60037HSF,
91,VIT_05s0102g00880,1605,0.7724,Strictosidine synthase,E4_3_3_2,,vv10900Terpenoid_biosynthesis,vv10902Monoterpenoid_biosynthesis
92,VIT_08s0040g01130,1603,0.7696,Serine carboxypeptidase II,,,,
93,VIT_15s0048g00550,1591,0.7653,Abnormal floral organs,AFO_2,,vv60019C2C2-YABBY,
94,VIT_12s0134g00670,1581,0.7634,Anthocyanin 5-aromatic acyltransferase,E2_3_1_153,,vv10941Flavonoid_biosynthesis,vv10942Anthocyanin_biosynthesis
95,VIT_10s0116g01870,1570,0.7632,MATE efflux family protein,MATE,,vv50125Porters_cat_66_to_94,
96,VIT_13s0019g02940,1570,0.7629,Cis-zeatin O-beta-D-glucosyltransferase,E2_4_1_215,,vv10908Zeatin_biosynthesis,
97,VIT_15s0046g02380,1565,0.7575,CYP86A8,,,,
98,VIT_05s0029g00510,1561,0.7563,Aquaporin PIP PIP1A,PIP1A,,vv50101Channels_and_pores,
99,VIT_03s0097g00460,1558,0.7545,Geraniol 10-hydroxylase,G10H,,vv10902Monoterpenoid_biosynthesis,
100,VIT_16s0022g00720,1546,0.7512,Endo-1 4-beta-glucanase,E3_2_1_4,,vv40006Cell_wall,
101,VIT_13s0073g00140,1554,0.7511,Ovate family protein 13 OFP13,OFP13_2,,vv60086OFP,
102,VIT_05s0062g00820,1535,0.7448,Unknown protein,,,,
103,VIT_15s0046g00630,1542,0.7446,Wax synthase,E2_3_1_75,,vv11000Single_reactions,
104,VIT_09s0018g01650,1527,0.7384,Wrinkled1 (AP2/ERBP),WRINKLED1_1,VvAP2-06,vv30008Ethylene_signaling,vv60003AP2_EREBP
105,VIT_00s0179g00110,1518,0.7362,Protein phosphatase 2C,,,,
106,VIT_09s0002g03620,1484,0.7239,NADP-dependent malic enzyme,E1_1_1_39,,vv10620Pyruvate_metabolism,vv10710Carbon_fixation
107,VIT_05s0077g02300,1486,0.7228,UDP-glucuronic acid decarboxylase 2,E4_1_1_35,,vv10500Starch_and_sucrose_metabolism,vv10520Nucleotide_sugars_metabolism
108,VIT_17s0000g03940,1472,0.7128,ferulate 5-hydroxylase,K09755,,vv10940Phenylpropanoid_biosynthesis,
109,VIT_17s0000g00130,1469,0.7124,SEC14 cytosolic factor,SEC14,,vv50122Porters_cat_7_to_17,
110,VIT_09s0054g01370,1456,0.7085,Beta-amyrin synthase,E5_4_99_BAS,,vv10900Terpenoid_biosynthesis,
111,VIT_17s0000g06110,1462,0.7080,Glutathione S-transferase 9 GSTU9,E2_5_1_18_GSTU9,,vv10480Glutathione_metabolism,
112,VIT_01s0137g00170,1466,0.7075,B-keto acyl reductase,,,,
113,VIT_00s0267g00030,1463,0.7074,Unknown,,,,
114,VIT_08s0040g01070,1455,0.7032,Serine carboxypeptidase S10,,,,
115,VIT_03s0088g01150,1451,0.7016,Squalene monooxygenase,E1_14_99_7,,vv10100Biosynthesis_of_steroids,vv10900Terpenoid_biosynthesis
116,VIT_19s0090g00750,1424,0.6929,Dihydrolipoamide succinyltransferase,E2_3_1_61,,vv10020Citrate_cycle,
117,VIT_18s0166g00080,1425,0.6921,ABC transporter G member 4,K05680,,vv52010ABC_transporters,
118,VIT_10s0042g01020,1424,0.6863,Isochorismatase,E3_3_2_1,,vv10130Ubiquinone_biosynthesis,
119,VIT_14s0030g00220,1416,0.6854,Sugar transporter ERD6-like 5,ERD6L5,,vv50121Porters_cat_1_to_6,
120,VIT_13s0106g00250,1407,0.6820,Carboxylic ester hydrolase,E3_1_1_1,,,
121,VIT_19s0014g04900,1405,0.6797,(-)-germacrene D synthase,E4_2_3_22,,vv10900Terpenoid_biosynthesis,
122,VIT_15s0048g03000,1402,0.6786,GTPase RABA3,K07976,,,
123,VIT_02s0025g01730,1383,0.6701,3-oxoacyl-[acyl-carrier-protein] synthase,E2_3_1_41,,vv10061Fatty_acid_biosynthesis,
124,VIT_10s0071g00030,1388,0.6673,Strictosidine synthase,E4_3_3_2,,vv10900Terpenoid_biosynthesis,vv10902Monoterpenoid_biosynthesis
125,VIT_17s0000g09270,1365,0.6636,MATE efflux family protein,MATE,,vv50125Porters_cat_66_to_94,
126,VIT_11s0016g03250,1365,0.6633,Lachrymatory factor synthase,,,,
127,VIT_02s0033g01060,1362,0.6605,Anthraniloyal-CoA: methanol anthraniloyal transferase,AMAT,,vv10400Phenylalanine_tyrosine_and_tryptophan_biosynthesis,
128,VIT_02s0025g00340,1342,0.6521,Monodehydroascorbate reductase  chloroplast precursor,E1_6_5_4,,vv10053Ascorbate_and_aldarate_metabolism,
129,VIT_09s0002g00300,1340,0.6458,APUM23 (Arabidopsis PUMILIO 23),,,,
130,VIT_01s0137g00510,1315,0.6368,CYP71B10,CYP71B10,,vv10940Phenylpropanoid_biosynthesis,
131,VIT_04s0023g03710,1316,0.6345,Myb domain protein 4,MYB4_1,MYB4B,vv60044MYB,
132,VIT_08s0007g00710,1312,0.6314,Unknown,,,,
133,VIT_01s0182g00130,1304,0.6309,PHO1-like protein,PHO1,,vv50125Porters_cat_66_to_94,
134,VIT_18s0001g14660,1295,0.6256,P-glycoprotein 13,PGP13,,vv52010ABC_transporters,
135,VIT_00s1663g00010,1294,0.6251,No hit,,,,
136,VIT_06s0004g07640,1298,0.6246,Pentatricopeptide (PPR) repeat-containing protein,,,,
137,VIT_03s0017g01130,1300,0.6241,Cis-zeatin O-beta-D-glucosyltransferase,E2_4_1_215,,vv10908Zeatin_biosynthesis,
138,VIT_09s0054g01220,1286,0.6201,Cycloartenol synthase,E5_4_99_8,,vv10100Biosynthesis_of_steroids,
139,VIT_03s0038g01830,1280,0.6199,Proline-rich protein 4,,,,
140,VIT_10s0116g01840,1279,0.6191,No hit,,,,
141,VIT_18s0166g00220,1278,0.6183,No hit,,,,
142,VIT_11s0037g00890,1275,0.6174,Glutamine amidotransferase class-I domain-containing protein,K08681,,vv10750Vitamin_B6_metabolism,
143,VIT_12s0055g01140,1269,0.6166,Lipid transfer protein,LTP,,,
144,VIT_10s0003g00620,1273,0.6159,Lipase GDSL,,,,
145,VIT_12s0034g00250,1241,0.6013,Aquaporin PIP1A,PIP1A,,vv50101Channels_and_pores,
146,VIT_19s0177g00190,1245,0.5991,No hit,,,,
147,VIT_09s0002g03140,1230,0.5959,Lipase GDSL,,,,
148,VIT_18s0001g11100,1230,0.5959,Serine carboxypeptidase,,,,
149,VIT_18s0041g01480,1230,0.5931,No hit,,,,
150,VIT_11s0118g00180,1212,0.5881,HHP1 (heptahelical protein 1),,,,
151,VIT_17s0000g02410,1202,0.5810,Cold-induced wall associated kinase,,,,
152,VIT_00s0245g00010,1194,0.5779,Integral membrane protein,,,,
153,VIT_11s0016g01320,1199,0.5778,Myb domain protein 13,MYB13,MYBPA2,vv60044MYB,
154,VIT_07s0031g00750,1190,0.5763,MATE efflux family protein,MATE,,vv50125Porters_cat_66_to_94,
155,VIT_06s0004g00230,1177,0.5681,WRKY DNA-binding protein 48,WRKY48_2,VvWRKY15,vv60066WRKY,
156,VIT_02s0033g01000,1168,0.5626,Anthraniloyal-CoA: methanol anthraniloyal transferase,AMAT,,vv10400Phenylalanine_tyrosine_and_tryptophan_biosynthesis,
157,VIT_04s0069g00360,1156,0.5582,No hit,,,,
158,VIT_03s0063g01880,1143,0.5485,Acyl-CoA synthetase long-chain member 2,E6_2_1_3_LACS2,,vv10071Fatty_acid_metabolism,vv44146Peroxisome
159,VIT_12s0028g00380,1119,0.5411,DTDP-glucose 4-6-dehydratase,E4_2_1_46,,vv10520Nucleotide_sugars_metabolism,
160,VIT_05s0124g00100,1117,0.5399,Unknown,,,,
161,VIT_01s0010g03720,1112,0.5393,4-coumarate:CoA ligase,E6_2_1_12,,vv10940Phenylpropanoid_biosynthesis,vv50104Group_translocators
162,VIT_18s0122g00590,1096,0.5313,DNA-binding protein,,,,
163,VIT_18s0001g09920,1098,0.5312,Cyclin delta-3 (CYCD3_1),CYCD3,,vv30007Cytokinin_signaling,vv44110Cell_cycle
164,VIT_01s0010g02740,1090,0.5291,4-coumarate-CoA ligase,E6_2_1_12,,vv10940Phenylpropanoid_biosynthesis,vv50104Group_translocators
165,VIT_16s0022g00370,1100,0.5288,GDP-mannose transporter (GONST1),GONST1,,vv50122Porters_cat_7_to_17,
166,VIT_19s0090g00710,1091,0.5276,No hit,,,,
167,VIT_02s0012g02820,1081,0.5248,Geraniol 10-hydroxylase,G10H,,vv10902Monoterpenoid_biosynthesis,
168,VIT_02s0012g02810,1077,0.5208,CYP76C4,,,,
169,VIT_19s0015g02080,1072,0.5181,(-)-germacrene D synthase,E4_2_3_22,,vv10900Terpenoid_biosynthesis,
170,VIT_08s0056g00800,1063,0.5150,Myb domain protein 60,MYB60,MYB60,vv60044MYB,
171,VIT_14s0006g00570,1062,0.5140,Unknown protein,,,,
172,VIT_12s0057g00930,1065,0.5130,Hydroxycinnamoyl-CoA:shikimate hydroxycinnamoyltransferase,E2_3_1_133,,vv10940Phenylpropanoid_biosynthesis,
173,VIT_13s0067g00730,1052,0.5119,Carboxylic ester hydrolase,E3_1_1_1,,,
174,VIT_15s0021g02300,1060,0.5104,Squamosa promoter-binding protein 8 (SPL8),SPL8,,vv60055SBP,
175,VIT_06s0004g01260,1049,0.5075,U-box protein,,,,
176,VIT_14s0219g00280,1046,0.5039,Glycerol-3-phosphate dehydrogenase (NAD+),E1_1_1_8,,vv10564Glycerophospholipid_metabolism,
177,VIT_18s0001g06690,1042,0.5031,Gibberellin 20 oxidase 2,E1_14_11_12,,vv10904Diterpenoid_biosynthesis,
178,VIT_13s0019g00420,1039,0.5027,F-box family protein,,,,
179,VIT_07s0130g00040,1039,0.5027,Myb domain protein 4,MYB4_10,MYB3,vv60044MYB,
180,VIT_14s0068g00140,1038,0.5014,No hit,,,,
181,VIT_04s0023g01550,1033,0.5005,Unknown,,,,
182,VIT_06s0061g01050,1025,0.5000,Protein kinase SRPK1,,,,
183,VIT_07s0031g01890,1025,0.4961,No hit,,,,
184,VIT_10s0042g01010,1027,0.4952,CYP714A1,,,,
185,VIT_02s0025g01240,1021,0.4925,UDP-glucuronosyl/UDP-glucosyltransferase,E2_4_1_17,,vv10040Pentose_glucuronate_interconversion,vv10500Starch_and_sucrose_metabolism
186,VIT_10s0116g01880,1011,0.4872,MATE efflux family protein,MATE,,vv50125Porters_cat_66_to_94,
187,VIT_01s0011g02610,1008,0.4872,No hit,,,,
188,VIT_17s0000g02700,1007,0.4848,Alpha-dioxygenase 2,K10529,,vv10592alpha-Linolenic_acid_metabolism,
189,VIT_19s0015g01170,998,0.4842,MYB divaricata,DIVARICATA_5,,vv30009Flower_development,vv60044MYB
190,VIT_11s0016g00880,992,0.4825,Strictosidine synthase; Soluble quinoprotein glucose dehydrogenase,E4_3_3_2,,vv10900Terpenoid_biosynthesis,vv10902Monoterpenoid_biosynthesis
191,VIT_07s0031g03070,997,0.4821,Isoflavone reductase,E1_3_1_45,,vv10943Isoflavonoid_biosynthesis,
192,VIT_01s0026g02030,992,0.4792,Basic helix-loop-helix (bHLH) family,BHLHDOM_59,,vv60011BHLH,
193,VIT_00s0194g00210<br>VIT_00s0194g00250,979,0.4750,
194,VIT_17s0000g02830,968,0.4694,R protein MLA10,K13475,,vv34627R_proteins_from_Plant-pathogen_interaction,
195,VIT_13s0019g03490,973,0.4689,Zinc finger (CCCH-type) family protein,CCCHFAM_15,,vv60018C3H,
196,VIT_02s0025g00730,976,0.4688,Pinoresinol forming dirigent protein,DIRPR,,vv10940Phenylpropanoid_biosynthesis,
197,VIT_14s0068g02010,955,0.4616,IMP dehydrogenase/GMP reductase,E1_1_1_205,,vv10230Purine_metabolism,
198,VIT_04s0008g01800,949,0.4614,Myb domain protein 7,MYB7_3,MYBPA7,vv60044MYB,
199,VIT_18s0001g01750,949,0.4578,No hit,,,,
200,VIT_14s0006g02530,944,0.4571,Non-specific lipid-transfer protein 2 (LTP 2),,,,
201,VIT_19s0014g01360,943,0.4531,Curculin (mannose-binding) lectin,,,,
202,VIT_07s0104g00800,932,0.4524,Indole-3-acetic acid-amido synthetase GH3.6,AUXINBIOSYNTHESIS_GH3,,vv11002Auxin_biosynthesis,
203,VIT_06s0009g01540,926,0.4478,Embryonic abundant protein -like,,,,
204,VIT_02s0025g02620,922,0.4467,BDG1 (BODYGUARD1) hydrolase,,,,
205,VIT_01s0011g00140,919,0.4446,CRABS CLAW,CRABS_CLAW,,vv60019C2C2-YABBY,
206,VIT_00s0225g00070,922,0.4441,MATE efflux family protein,MATE,,vv50125Porters_cat_66_to_94,
207,VIT_08s0040g02250,907,0.4399,No hit,,,,
208,VIT_19s0177g00270,910,0.4398,Molecular chaperone DnaJ,K03686,,vv50132Primary_active_transporter_cat_A5_to_A8,
209,VIT_07s0151g00010,882,0.4263,No hit,,,,
210,VIT_04s0023g01130,879,0.4246,E3 ubiquitin-protein ligase RNF5,K10666_155,,vv24141Protein_processing_in_endoplasmic_reticulum,vv60078Other_zf-C3HC4
211,VIT_00s0181g00200<br>VIT_00s0181g00180,876,0.4246,
212,VIT_00s0361g00090,873,0.4230,Phototropic-responsive NPH3 protein,,,,
213,VIT_17s0000g06130,866,0.4204,Glutathione S-transferase 9 GSTU9,E2_5_1_18_GSTU9,,vv10480Glutathione_metabolism,
214,VIT_11s0016g04540,860,0.4143,ABC transporter G member 22,ABCG22,,vv52010ABC_transporters,
215,VIT_13s0047g00370,856,0.4127,Enoyl-CoA hydratase,E4_2_1_17,vv10650Butanoate_metabolism,vv10062Fatty_acid_elongation_in_mitochondria,vv10071Fatty_acid_metabolism
216,VIT_04s0008g00860,854,0.4118,Ndr family protein,,,,
217,VIT_08s0040g03400,852,0.4106,Short-chain dehydrogenase/reductase,,,,
218,VIT_04s0008g01850,848,0.4105,Trihelix DNA-binding protein (GT2),GT2_2,,vv60062Trihelix,
219,VIT_03s0017g01490,845,0.4086,Berberine bridge enzyme,E1_21_3_3,,vv10950Alkaloid_biosynthesis_I,
220,VIT_18s0001g12010,831,0.4048,RUB1 conjugating enzyme,K10579,,vv24120Ubiquitin_mediated_proteolysis,vv30003Auxin_signaling
221,VIT_05s0077g00530,841,0.4043,Unknown protein,,,,
222,VIT_11s0016g04270,833,0.4038,Hydrolase  alpha/beta fold,,,,
223,VIT_17s0000g03580,815,0.3966,BEE3 (BR Enhanced expression 3),BEE3,,vv60011BHLH,
224,VIT_18s0001g12900,816,0.3944,S-adenosyl-L-methionine:salicylic acid carboxyl methyltransferase,SAMTBSCMT,,vv10360Phenylalanine_metabolism,
225,VIT_10s0003g00780,818,0.3938,Glutamate receptor 3.4,GLR3_4,,vv50101Channels_and_pores,
226,VIT_09s0054g00430,793,0.3827,Unknown protein,,,,
227,VIT_00s0522g00010<br>VIT_00s0266g00010<br>VIT_00s0372g00070<br>VIT_00s0372g00080<br>VIT_00s0572g00010<br>VIT_00s0372g00040<br>VIT_00s0847g00020<br>VIT_00s0572g00020,782,0.3792,
228,VIT_04s0023g01590,771,0.3725,No hit,,,,
229,VIT_16s0039g01910,768,0.3707,Vegetative storage protein win4.5,,,,
230,VIT_10s0092g00480,763,0.3684,CYP71D10p,E1_14_13_73,,vv10902Monoterpenoid_biosynthesis,
231,VIT_19s0014g04010,758,0.3680,No hit,,,,
232,VIT_03s0063g00360,760,0.3679,Glycoprotein 3-alpha-L-fucosyltransferase,E2_4_1_214,,vv11030Glycan_structures-biosynthesis1,
233,VIT_05s0077g01670,754,0.3648,Major cherry allergen Pru av 1.0202,,,,
234,VIT_15s0046g02410,744,0.3601,Aquaporin TMP-C,TMPC,,vv50101Channels_and_pores,
235,VIT_02s0025g01410,742,0.3597,Acyl-CoA synthetase long-chain member 2,E6_2_1_3_LACS2,,vv10071Fatty_acid_metabolism,vv44146Peroxisome
236,VIT_12s0134g00090,741,0.3575,R-linalool synthase,E4_2_3_26,,vv10900Terpenoid_biosynthesis,
237,VIT_03s0038g01960,730,0.3525,Proline-rich family protein,,,,
238,VIT_04s0044g00500,729,0.3523,Unknown protein,,,,
239,VIT_14s0006g01280,719,0.3499,Myb domain protein 113,MYB113_5,MYBA7,vv60044MYB,
240,VIT_03s0038g02060,721,0.3493,Dirigent protein pDIR7,,,,
241,VIT_15s0046g02400,717,0.3486,Glycerol-3-phosphate acyltransferase 8,E2_3_1_15,,vv10561Glycerolipid_metabolism,vv10564Glycerophospholipid_metabolism
242,VIT_16s0050g02430,717,0.3457,Receptor protein kinase,,,,
243,VIT_04s0023g02230,713,0.3443,S-adenosyl-L-methionine:salicylic acid carboxyl methyltransferase,SAMTBSCMT,,vv10360Phenylalanine_metabolism,
244,VIT_06s0061g00220,699,0.3387,Transcription initiation factor TFIIB,K03124,,vv23022Basal_transcription_factors,
245,VIT_00s1536g00010,702,0.3385,Heat shock protein 101,HSP101,,vv50109Incompletely_characterized_transport_systems,
246,VIT_02s0012g01680,696,0.3367,Trehalose phosphatase 5,E3_1_3_12,,vv10500Starch_and_sucrose_metabolism,
247,VIT_05s0077g00820,693,0.3332,Unknown protein,,,,
248,VIT_01s0026g02280,684,0.3330,Binding,,,,
249,VIT_04s0044g01650,682,0.3309,GA 20-oxidase 2,E1_14_11_12,,vv10904Diterpenoid_biosynthesis,
250,VIT_10s0042g01040,681,0.3287,CYP714A1,,,,
251,VIT_00s0373g00020,679,0.3282,HSL2 (HAESA-like 2),,,,
252,VIT_06s0004g00030,671,0.3268,S-adenosyl-L-methionine:salicylic acid carboxyl methyltransferase,SAMTBSCMT,,vv10360Phenylalanine_metabolism,
253,VIT_14s0128g00400,681,0.3261,Ras homolog gene family  member T1,K07870,,,
254,VIT_18s0001g10870,677,0.3255,Patatin,,,,
255,VIT_07s0031g01690,669,0.3223,No hit,,,,
256,VIT_06s0004g06890,654,0.3175,Potassium transporter (KUP1),KUP1,,vv50125Porters_cat_66_to_94,
257,VIT_09s0002g05110,652,0.3159,EMB2753,,,,
258,VIT_05s0020g01040,647,0.3151,Unknown protein,,,,
259,VIT_13s0019g04970,644,0.3141,Nodulin,,,,
260,VIT_03s0038g04730,649,0.3140,Polyphenol oxidase,E1_10_3_1,,vv10350Tyrosine_metabolism,vv50109Incompletely_characterized_transport_systems
261,VIT_14s0066g00300,641,0.3122,Unknown,,,,
262,VIT_13s0156g00190,645,0.3116,No hit,,,,
263,VIT_00s0259g00010,642,0.3112,Unknown,,,,
264,VIT_14s0108g01080,639,0.3087,Myb domain protein 106,MYB106_2,MYB141,vv60044MYB,
265,VIT_13s0064g00820,634,0.3057,No hit,,,,
266,VIT_16s0050g00870,628,0.3056,Acyltransferase,E2_3_1_x,,,
267,VIT_05s0049g00300,634,0.3047,1-aminocyclopropane-1-carboxylate oxidase homolog 1,E1_14_17_4,,vv10640Propanoate_metabolism,vv30008Ethylene_signaling
268,VIT_09s0054g00530,628,0.3034,Zinc finger (B-box type),ZFBBOX_13,,vv60073Orphans_zf-b_box,
269,VIT_09s0002g01650,621,0.3003,5'-nucleotidase surE,E3_1_3_5,,vv10230Purine_metabolism,vv10240Pyrimidine_metabolism
270,VIT_10s0092g00370,620,0.2991,CYP71D7,E1_14_13_73,,vv10902Monoterpenoid_biosynthesis,
271,VIT_18s0001g14910,613,0.2963,Mannitol dehydrogenase,E1_1_1_67,,vv10051Fructose_and_mannose_metabolism,
272,VIT_07s0141g01050,615,0.2958,No hit,,,,
273,VIT_13s0064g01660,608,0.2949,Prunasin hydrolase isoform PHA precursor,E3_2_1_118,,vv10460Cyanoamino_acid_metabolism,
274,VIT_04s0008g01250,609,0.2946,Unknown,,,,
275,VIT_14s0060g02330,604,0.2943,Actin binding formin homology 1,FH2,,vv44810Regulation_of_actin_cytoskeleton,
276,VIT_11s0016g01160,611,0.2943,GCN5 N-acetyltransferase (GNAT),GCN5_3,,vv60082GNAT,
277,VIT_08s0058g01030,607,0.2942,Saposin B domain-containing protein,SAPB,,vv50101Channels_and_pores,
278,VIT_01s0010g02350,610,0.2941,Protein phosphatase 2 (formerly 2A)  regulatory subunit B',K11584,,vv23015mRNA_surveillance_pathway,
279,VIT_11s0016g00330,610,0.2938,Pectinesterase family,E3_1_1_11,,vv40006Cell_wall,
280,VIT_11s0016g00290,607,0.2931,Pectinesterase PME3,E3_1_1_11,,vv40006Cell_wall,
281,VIT_02s0012g01670,601,0.2926,R-mandelonitrile lyase isoform 1 precursor,E4_1_2_10,,vv10460Cyanoamino_acid_metabolism,
282,VIT_00s1333g00010,602,0.2925,PHO1-like protein,PHO1,,vv50125Porters_cat_66_to_94,
283,VIT_01s0127g00340,600,0.2918,Unknown,,,,
284,VIT_05s0102g00370,605,0.2914,Receptor protein kinase (ACR4),,,,
285,VIT_05s0020g04680,605,0.2906,Auxin-induced protein 22D,IAA22D_2,,vv30003Auxin_signaling,vv60008AUXIAA
286,VIT_17s0053g00710,594,0.2874,Calcium-dependent protein kinase,,,,
287,VIT_00s0286g00130,595,0.2867,S-locus lectin protein kinase,,,,
288,VIT_16s0022g01970,587,0.2847,Anthocyanidin 3-O-glucosyltransferase,E2_4_1_115,,vv10942Anthocyanin_biosynthesis,
289,VIT_11s0016g03500,590,0.2846,Unknown protein,,,,
290,VIT_11s0118g00700,584,0.2846,Protein phosphatase 2C DBP,DBPPP2C_1,,vv60024DBP,
291,VIT_03s0110g00100,588,0.2842,CYP86A8,,,,
292,VIT_14s0128g00160,594,0.2839,Protein kinase CDG1,,,,
293,VIT_16s0050g00020,573,0.2775,Cullin-4,K10609,,vv23420Nucleotide_excision_repair,vv24120Ubiquitin_mediated_proteolysis
294,VIT_08s0007g04580,573,0.2761,UGT73C2 (UDP-glucosyl transferase 73C2),,,,
295,VIT_17s0000g05000,567,0.2756,SEPALLATA1,SEPALLATA1_1,,vv30009Flower_development,vv60042MADS
296,VIT_11s0016g05230,562,0.2733,Allyl alcohol dehydrogenase,,,,
297,VIT_14s0068g00040,562,0.2727,No hit,,,,
298,VIT_16s0022g00460,564,0.2725,No hit,,,,
299,VIT_18s0041g00810<br>VIT_18s0041g00910<br>VIT_00s1602g00010<br>VIT_18s0041g00920<br>VIT_18s0041g00980<br>VIT_18s0041g01000<br>VIT_00s2707g00010<br>VIT_18s0041g01080<br>VIT_18s0041g00950<br>VIT_18s0041g00830<br>VIT_18s0041g01040,557,0.2700,
300,VIT_02s0025g02250,557,0.2692,Dof zinc finger protein DOF4.6,DOF4_6_2,,vv60015C2C2-DOF,
301,VIT_10s0071g00280,552,0.2673,No hit,,,,
302,VIT_15s0021g02110,552,0.2672,AP2 domain-containing transcription factor TINY,TINY_8,VvERF029,vv30008Ethylene_signaling,vv60003AP2_EREBP
303,VIT_06s0004g05730,548,0.2650,Universal stress protein (USP) family protein,,,,
304,VIT_19s0014g04880,547,0.2649,(-)-germacrene D synthase,E4_2_3_22,,vv10900Terpenoid_biosynthesis,
305,VIT_08s0007g05180,540,0.2618,Unknown,,,,
306,VIT_18s0001g10440,536,0.2598,THO complex subunit 5,K13174,,vv23013RNA_transport,
307,VIT_19s0015g00740,539,0.2598,Prefoldin,,,,
308,VIT_07s0191g00120,532,0.2575,Pentatricopeptide (PPR) repeat-containing protein,,,,
309,VIT_17s0000g02230,525,0.2547,Jasmonate ZIM domain-containing protein 3,JAZ3_2,,vv30011Jasmonate_signaling,vv34626Plant-pathogen_interaction
310,VIT_09s0018g01280,526,0.2545,Ribulose bisphosphate carboxylase/oxygenase activase 2,,,,
311,VIT_18s0001g07760,516,0.2498,Unknown protein,,,,
312,VIT_13s0106g00700,508,0.2464,Aspartyl aminopeptidase,E3_4_11_21,,,
313,VIT_01s0011g01910,508,0.2452,Glycosyl transferase-related,,,,
314,VIT_00s0218g00220,502,0.2430,UDP-glucoronosyl/UDP-glucosyl transferase,,,,
315,VIT_13s0074g00520,503,0.2425,ATP-dependent RNA helicase,,,,
316,VIT_04s0008g03100,497,0.2406,Unknown protein,,,,
317,VIT_00s0225g00100,496,0.2404,Armadillo,,,,
318,VIT_14s0060g01850,496,0.2392,Unknown,,,,
319,VIT_08s0007g07140,487,0.2357,Esterase/lipase/thioesterase family protein,,,,
320,VIT_07s0141g00030,482,0.2320,fatty acid elongase,E2_3_1_41,,vv10061Fatty_acid_biosynthesis,
321,VIT_04s0008g03950,481,0.2309,RD22,,,,
322,VIT_12s0059g01870,478,0.2305,GH3-like protein,AUXINBIOSYNTHESIS_GH3,,vv11002Auxin_biosynthesis,
323,VIT_09s0002g02220,471,0.2286,Protein kinase CDG1,,,,
324,VIT_19s0085g00030,478,0.2286,Unknown protein,,,,
325,VIT_18s0001g01250,471,0.2285,Senescence-inducible chloroplast stay-green protein 2,,,,
326,VIT_19s0014g04930,468,0.2270,Germacrene-D synthase,E4_2_3_22,,vv10900Terpenoid_biosynthesis,
327,VIT_11s0016g04160,467,0.2264,Sulfate transporter 3.5,SULTR3_5,,vv50124Porters_cat_30_to_64,
328,VIT_18s0001g00280,465,0.2254,OPCL1 (OPC-8:0 COA ligase1),K10526,,vv10592alpha-Linolenic_acid_metabolism,vv50104Group_translocators
329,VIT_14s0108g00750,465,0.2249,Zinc finger homeobox 34,ZFHB34,,vv60068Zf-HD,
330,VIT_18s0001g09870,460,0.2221,Carbohydrate esterase,,,,
331,VIT_07s0197g00250,460,0.2215,Disease resistance protein (CC-NBS-LRR class),,,,
332,VIT_18s0001g13080,460,0.2213,Unknown protein,,,,
333,VIT_13s0064g01640,456,0.2213,Beta-primeverosidase,E3_2_1_149,,vv11000Single_reactions,
334,VIT_14s0068g00150,454,0.2189,No hit,,,,
335,VIT_07s0031g00500,451,0.2184,Subtilase,ARA12,,vv50101Channels_and_pores,
336,VIT_09s0002g03000,449,0.2181,Leucine-rich repeat protein kinase,,,,
337,VIT_08s0007g07100,451,0.2175,Male sterility 2,,,,
338,VIT_03s0038g01280,450,0.2172,Auxin responsive SAUR protein,SAUR,,vv30003Auxin_signaling,
339,VIT_03s0017g01070,448,0.2168,CYP86C2,,,,
340,VIT_05s0062g01140,449,0.2166,Aromatic and neutral transporter 1,ANT1,,vv50123Porters_cat_18_to_29,
341,VIT_02s0012g02030,439,0.2117,Homeobox-7,VVHB7_1,VvHB09,vv60034HB,
342,VIT_05s0062g00520,438,0.2105,UDP-glucose:flavonoid 7-O-glucosyltransferase,E2_4_1_237,,vv10941Flavonoid_biosynthesis,
343,VIT_08s0007g04360,433,0.2100,Argonaute protein,,,,
344,VIT_15s0021g02510,436,0.2099,GATA transcription factor 2,GATA2,,vv60016C2C2-GATA,
345,VIT_05s0102g00930,434,0.2099,Glucosyltransferase-11,,,,
346,VIT_18s0001g10350,433,0.2084,Subtilase family protein,ARA12,,vv50101Channels_and_pores,
347,VIT_14s0066g00400,429,0.2081,Chalcone isomerase,E5_5_1_6,,vv10941Flavonoid_biosynthesis,
348,VIT_01s0010g01870,417,0.2032,Salicylic acid-induced fragment 1 protein,,,,
349,VIT_14s0128g00210,417,0.2029,Xyloglucanase inhibitor,,,,
350,VIT_18s0001g02140,414,0.2011,Metal transporter Nramp1,NRAMP1,,vv50124Porters_cat_30_to_64,
351,VIT_11s0052g01600,415,0.2008,UDP-glucose flavonoid 3-O-glucosyltransferase 7,E2_4_1_91,,vv10941Flavonoid_biosynthesis,
352,VIT_05s0020g04670,412,0.1999,No hit,,,,
353,VIT_17s0000g02600,410,0.1987,Unknown protein,,,,
354,VIT_01s0010g03510,407,0.1967,Caffeoyl-CoA O-methyltransferase,E2_1_1_104,,vv10940Phenylpropanoid_biosynthesis,
355,VIT_09s0002g08940,406,0.1959,MOS3/PRE/SAR3 (suppressor of AUXIN resistance3),SAR3,,vv30003Auxin_signaling,
356,VIT_11s0016g01280,404,0.1946,DNA-directed RNA polymerase III subunit C4,K03026,,vv23020RNA_polymerase,
357,VIT_03s0038g02540,401,0.1944,Aborted microspores AMS,AMS_3,,vv60011BHLH,
358,VIT_04s0023g01900,398,0.1931,AAA-type ATPase,,,,
359,VIT_18s0089g01040,398,0.1926,Avr9 elicitor response,,,,
360,VIT_18s0001g10330,390,0.1901,Subtilisin protease,ARA12,,vv50101Channels_and_pores,
361,VIT_00s0160g00220,391,0.1897,Unknown protein,,,,
362,VIT_07s0005g03750,388,0.1884,RIC7 (ROP-interactive crib motif-containing protein 7),,,,
363,VIT_10s0092g00260,387,0.1875,Alpha-glucosidase 1 (AGLU1),E3_2_1_20,,vv10052Galactose_metabolism,vv10500Starch_and_sucrose_metabolism
364,VIT_02s0033g01030,378,0.1838,Anthraniloyal-CoA: methanol anthraniloyal transferase,AMAT,,vv10400Phenylalanine_tyrosine_and_tryptophan_biosynthesis,
365,VIT_10s0003g01830,382,0.1835,Aquaporin NIP1;2,NIP1_2,,vv50101Channels_and_pores,
366,VIT_15s0046g01460,374,0.1809,Unknown,,,,
367,VIT_08s0040g01040,368,0.1774,Serine carboxypeptidase II,,,,
368,VIT_16s0022g00840,365,0.1773,Invertase/pectin methylesterase inhibitor,PMEI,,vv40006Cell_wall,
369,VIT_15s0046g03190,364,0.1767,Myb domain protein 17,MYB17_2,MYB17A,vv60044MYB,
370,VIT_12s0034g00010,360,0.1751,No hit,,,,
371,VIT_09s0018g00550,363,0.1744,Pentatricopeptide (PPR) repeat-containing protein,,,,
372,VIT_07s0104g00190,352,0.1700,7S globulin precursor  basic,,,,
373,VIT_13s0047g00390,348,0.1698,3-hydroxyisobutyryl-CoA hydrolase,E3_1_2_4,,vv10280Valine_leucine_and_isoleucine_degradation,vv10410Beta-alanine_metabolism
374,VIT_00s0271g00110,349,0.1693,flavodoxin-like quinone reductase 1,FQR1,,vv30003Auxin_signaling,
375,VIT_07s0255g00060,345,0.1675,Prolyl oligopeptidase family,,,,
376,VIT_11s0016g01310,349,0.1672,TT2 (transparent testa 2),TT2_5,MYBPA4,vv44110Cell_cycle,vv60044MYB
377,VIT_09s0002g08050,345,0.1668,Unknown protein,,,,
378,VIT_18s0001g13510,346,0.1667,Hcr2-p6,,,,
379,VIT_01s0010g03470,344,0.1667,Caffeoyl-CoA O-methyltransferase,E2_1_1_104,,vv10940Phenylpropanoid_biosynthesis,
380,VIT_05s0029g01410,340,0.1640,No hit,,,,
381,VIT_00s2197g00010,337,0.1633,Gibberellin 20-oxidase,E1_14_11_12,,vv10904Diterpenoid_biosynthesis,
382,VIT_17s0000g02880,338,0.1630,S-adenosyl-L-methionine:salicylic acid carboxyl methyltransferase,SAMTBSCMT,,vv10360Phenylalanine_metabolism,
383,VIT_08s0007g07240,336,0.1626,Armadillo helical,,,,
384,VIT_17s0000g05640,335,0.1615,Nitrate transporter 1:2,NRT1_2,,vv50122Porters_cat_7_to_17,
385,VIT_15s0046g01060,329,0.1593,Pentatricopeptide (PPR) repeat,,,,
386,VIT_02s0012g01660,329,0.1589,ATPase PGP2 (P-glycoprotein 2),PGP2,,vv52010ABC_transporters,
387,VIT_13s0019g00350,329,0.1586,ARF GTPase activator  ARF-GAP Domain 13,AGD13,,vv50110Protein_coat,
388,VIT_13s0139g00280,327,0.1586,Binding,,,,
389,VIT_16s0022g00430,326,0.1578,SRG1 (senescence-related gene 1) oxidoreductase,,,,
390,VIT_15s0021g02410,318,0.1545,Malate dehydrogenase  cytosolic,E1_1_1_37,,vv10020Citrate_cycle,vv10620Pyruvate_metabolism
391,VIT_13s0019g02860,320,0.1536,UDP-glucoronosyl and UDP-glucosyl transferase,,,,
392,VIT_09s0002g01010,317,0.1534,Aldehyde dehydrogenase family 7 member A1,E1_2_1_3,vv10561Glycerolipid_metabolism,vv10010Glycolysis,vv10071Fatty_acid_metabolism
393,VIT_00s0207g00010,315,0.1531,Anthranilate N-benzoyltransferase protein 1,E2_3_1_144,,vv10400Phenylalanine_tyrosine_and_tryptophan_biosynthesis,
394,VIT_19s0090g01440,314,0.1529,Fimbrin 2,FIMBRIN2,,vv44810Regulation_of_actin_cytoskeleton,
395,VIT_00s0322g00030,314,0.1511,Alpha-6-galactosyltransferase,E2_4_2_39,,vv40006Cell_wall,
396,VIT_17s0000g03070,310,0.1505,R protein MLA10,K13475,,vv34627R_proteins_from_Plant-pathogen_interaction,
397,VIT_01s0010g00710,309,0.1493,Armadillo/beta-catenin repeat protein / U-box domain-containing protein ,,,,
398,VIT_19s0027g00740,310,0.1493,Inhibitor of apoptosis,,,,
399,VIT_07s0129g00270,308,0.1485,Casein kinase II alpha chain,K03097,,vv23008Ribosome_biogenesis_in_Eukaryotes,vv34710Circadian_rhythm
400,VIT_09s0002g04170,306,0.1478,Acyl-CoA synthetases (Acyl-activating enzyme 13),E6_2_1_3,,vv10071Fatty_acid_metabolism,vv50104Group_translocators
401,VIT_15s0046g00500,298,0.1440,Wax synthase,E2_3_1_75,,vv11000Single_reactions,
402,VIT_06s0009g00480,296,0.1435,Aluminium-tolerance ALMT1,ALMT1,,vv50125Porters_cat_66_to_94,
403,VIT_10s0003g05420,294,0.1418,S-2-hydroxy-acid oxidase  peroxisomal,E1_1_3_15,,vv10630Glyoxylate_and_dicarboxylate_metabolism,
404,VIT_10s0071g00650,292,0.1407,No hit,,,,
405,VIT_03s0038g00110,290,0.1406,Nucleolar protein 4 NOP4,K14573,,vv23008Ribosome_biogenesis_in_Eukaryotes,
406,VIT_19s0015g00960,293,0.1398,ABC transporter G member 4,K05680,,vv52010ABC_transporters,
407,VIT_01s0010g02230,285,0.1387,Response regulator ARR11 Type-B,ARR11_2,,vv30007Cytokinin_signaling,vv60006ARR-B
408,VIT_17s0000g03910,288,0.1383,flavonoid 3-monooxygenase,E1_14_13_21,,vv10941Flavonoid_biosynthesis,
409,VIT_18s0157g00060,282,0.1374,Allinase,E4_4_1_4,,vv10272Cysteine_metabolism,
410,VIT_07s0005g05180,284,0.1373,No hit,,,,
411,VIT_18s0001g00030,280,0.1361,CYP87A2,,,,
412,VIT_04s0023g01910,273,0.1318,Myb family,MYBREL_12,,vv60045MYBrelated,
413,VIT_17s0000g05370,271,0.1315,MYC ZCW32 (bigpetal  bigpetalub),ZCW32_1,,vv60011BHLH,
414,VIT_19s0085g00480,272,0.1314,No hit,,,,
415,VIT_01s0026g01210,267,0.1293,Acyltransferase,E2_3_1_x,,,
416,VIT_05s0020g03600,266,0.1281,CDPK adapter protein 1,,,,
417,VIT_18s0001g10830,265,0.1278,Patatin,,,,
418,VIT_14s0006g01680,265,0.1277,CYP96A10,,,,
419,VIT_07s0151g00510,262,0.1272,GCN5 N-acetyltransferase (GNAT),GCN5_22,,vv60082GNAT,
420,VIT_17s0000g07530,263,0.1268,Transportin-SR,TRANSPORTINSR,,vv50112Nuclear_pore_complex,
421,VIT_00s1627g00020,261,0.1265,No hit,,,,
422,VIT_18s0001g07410,258,0.1257,Basic helix-loop-helix (bHLH) family,BHLHDOM_65,,vv60011BHLH,
423,VIT_08s0105g00450,256,0.1240,Transducin protein,,,,
424,VIT_00s0978g00020,255,0.1239,Unknown protein,,,,
425,VIT_17s0000g02460,238,0.1160,Wuschel related homeobox 1,WOX1_2,VvHB57,vv60034HB,
426,VIT_00s0194g00330,240,0.1160,Proline-rich family protein,,,,
427,VIT_13s0019g04530,240,0.1157,Early flowering 6,ELF6_1,,vv34710Circadian_rhythm,vv60038Jumonji
428,VIT_12s0059g00140,237,0.1152,Ankyrin repeat protein,,,,
429,VIT_04s0008g06300,237,0.1145,Leucine-rich repeat family,,,,
430,VIT_03s0063g01730,229,0.1101,Viral-response family protein-like,,,,
431,VIT_17s0000g10060,227,0.1100,Lipase GDSL,,,,
432,VIT_06s0004g06900,226,0.1100,Pyruvate decarboxylase isozyme 1,E4_1_1_1,,vv10010Glycolysis,
433,VIT_10s0092g00510,227,0.1096,CYP71D10p,E1_14_13_73,,vv10902Monoterpenoid_biosynthesis,
434,VIT_02s0087g00090,224,0.1084,F-box family protein,,,,
435,VIT_19s0014g05000,222,0.1074,Zinc finger (C2H2 type) family,C2H2FAM_16,,vv60017C2H2,
436,VIT_05s0077g00670,221,0.1071,Unknown protein,,,,
437,VIT_05s0020g02740,220,0.1069,Aquaporin NIP7;1,NIP7_1,,vv50101Channels_and_pores,
438,VIT_03s0063g02250,219,0.1058,Polyol transporter 5,PLT5,,vv50121Porters_cat_1_to_6,
439,VIT_04s0043g00850,218,0.1057,Unknown protein,,,,
440,VIT_08s0056g01070,215,0.1045,MATE efflux family protein,MATE,,vv50125Porters_cat_66_to_94,
441,VIT_00s0245g00030,215,0.1041,Integral membrane family protein,,,,
442,VIT_06s0004g00950,214,0.1033,HUB2 (histone mono-ubiquitination 2),HUB2,,vv60078Other_zf-C3HC4,
443,VIT_02s0025g04430,212,0.1033,Sugar transporter 1,STP1,,vv50121Porters_cat_1_to_6,
444,VIT_09s0002g04890,210,0.1020,R protein  PRF  disease resistance protein,K13453,,vv34627R_proteins_from_Plant-pathogen_interaction,
445,VIT_01s0137g00300,207,0.1002,SDA1,SDA1,,vv44810Regulation_of_actin_cytoskeleton,
446,VIT_08s0007g03370,204,0.0986,Unknown protein,,,,
447,VIT_07s0031g02440,202,0.0974,Amino acid permease 3,AAP3,,vv50123Porters_cat_18_to_29,
448,VIT_11s0052g00410,200,0.0962,Allyl alcohol dehydrogenase,,,,
449,VIT_13s0067g01410,192,0.0930,Anthranilate N-hydroxycinnamoyl/benzoyltransferase,E2_3_1_144,,vv10400Phenylalanine_tyrosine_and_tryptophan_biosynthesis,
450,VIT_17s0000g01950,191,0.0926,Dihydropyrimidine dehydrogenase,E1_3_1_2,,vv10410Beta-alanine_metabolism,vv10770Pantothenate_and_CoA_biosynthesis
451,VIT_06s0004g01480,191,0.0917,Lipoxygenase LOX1,E1_13_11_12,,vv10592alpha-Linolenic_acid_metabolism,
452,VIT_18s0072g01170,189,0.0916,Phosphoribosylanthranilate transferase,E2_4_2_18,,vv10400Phenylalanine_tyrosine_and_tryptophan_biosynthesis,
453,VIT_11s0016g05910,190,0.0913,Mak10 subunit  NatC N(Alpha)-terminal acetyltransferase,,,,
454,VIT_18s0001g01680,185,0.0891,Protein kinase,,,,
455,VIT_01s0011g04450,184,0.0889,MATE efflux family protein,MATE,,vv50125Porters_cat_66_to_94,
456,VIT_02s0033g01020,182,0.0875,Anthraniloyal-CoA: methanol anthraniloyal transferase,AMAT,,vv10400Phenylalanine_tyrosine_and_tryptophan_biosynthesis,
457,VIT_03s0063g00550,181,0.0874,Fw2.2 ORFX,,,,
458,VIT_17s0000g09300,175,0.0847,Pentatricopeptide (PPR) repeat,,,,
459,VIT_17s0000g00300,176,0.0845,Signal recognition particle subunit 68 SRP68,K03107,,vv23060Protein_export,vv50132Primary_active_transporter_cat_A5_to_A8
460,VIT_04s0008g06000,171,0.0828,Ethylene-responsive transcription factor ERF003,ERF003_2,VvERF045,vv30008Ethylene_signaling,vv60003AP2_EREBP
461,VIT_07s0005g05520,169,0.0815,Pectate lyase,E4_2_2_2,,vv40006Cell_wall,
462,VIT_06s0061g00530,167,0.0811,Serine carboxypeptidase precursor,,,,
463,VIT_07s0104g01160,167,0.0811,Substrate carrier   Mitochondrial,K03454,,vv50123Porters_cat_18_to_29,
464,VIT_12s0134g00140,167,0.0805,R-linalool synthase,E4_2_3_26,,vv10900Terpenoid_biosynthesis,
465,VIT_09s0002g07930,166,0.0800,Arogenate dehydrogenase 1  chloroplastic,E1_3_1_43,,vv10400Phenylalanine_tyrosine_and_tryptophan_biosynthesis,
466,VIT_18s0001g11120,164,0.0794,Ternary complex factor MIP1,,,,
467,VIT_18s0001g11620,164,0.0792,WAK receptor protein kinase,,,,
468,VIT_02s0087g00260,164,0.0790,RPD1 (root primordium defective 1),,,,
469,VIT_01s0010g00560,160,0.0779,Unknown protein,,,,
470,VIT_16s0022g02080,159,0.0770,Exostosin family protein,K02366,,vv11030Glycan_structures-biosynthesis1,
471,VIT_18s0041g00270,158,0.0763,R protein  PRF  disease resistance protein,K13453,,vv34627R_proteins_from_Plant-pathogen_interaction,
472,VIT_17s0000g08130,156,0.0757,Nodulin MtN3,,,,
473,VIT_07s0005g00250,157,0.0755,P23 co-chaperone,VVP23,,vv50110Protein_coat,
474,VIT_04s0008g02520,155,0.0750,ATP binding protein,,,,
475,VIT_09s0002g02330,153,0.0738,Nucleosome/chromatin assembly factor group A,,,,
476,VIT_05s0020g01100,151,0.0729,Myb domain protein 61,MYB61_3,MYB146,vv60044MYB,
477,VIT_06s0004g06730,151,0.0724,Microsomal omega-3 fatty acid desaturase,K10257,,vv11040Biosynthesis_of_unsaturated_fatty_acids,
478,VIT_18s0072g00580<br>VIT_11s0065g00040,146,0.0702,
479,VIT_15s0046g00010,144,0.0700,No hit,,,,
480,VIT_01s0026g02330,146,0.0698,Phytochrome kinase substrate,,,,
481,VIT_15s0021g02710,143,0.0688,Zinc finger (C2H2 type) family,C2H2FAM_24,,vv60017C2H2,
482,VIT_13s0074g00390,140,0.0682,CYP77A2,,,,
483,VIT_10s0116g00920,139,0.0671,CERK1 (chitin elicitor receptor kinase 1),K13429,,vv34626Plant-pathogen_interaction,
484,VIT_15s0021g01800,139,0.0668,No hit,,,,
485,VIT_19s0014g04920,138,0.0667,(-)-germacrene D synthase,E4_2_3_22,,vv10900Terpenoid_biosynthesis,
486,VIT_01s0011g04850,138,0.0664,Unknown protein,,,,
487,VIT_18s0001g10470,135,0.0652,Protein kinase MK6,,,,
488,VIT_15s0021g01510,133,0.0651,Phospholipase A1,E3_1_1_32,,vv10564Glycerophospholipid_metabolism,vv10592Alpha-linolenic_acid_metabolism
489,VIT_15s0048g01590,134,0.0649,CYP76B1,,,,
490,VIT_10s0003g03750,133,0.0648,9-cis-epoxycarotenoid dioxygenase 2,E1_13_11_51,,vv10906Carotenoid_biosynthesis,vv11013ABA_biosynthesis
491,VIT_01s0182g00160,132,0.0639,Xyloglucan fucosyltransferase,E2_4_1_207,,vv40006Cell_wall,
492,VIT_04s0008g04230,131,0.0630,ABC transporter G member 22,ABCG22,,vv52010ABC_transporters,
493,VIT_14s0060g02370,129,0.0627,DegP protease,E3_4_21_107,,,
494,VIT_18s0072g01000,128,0.0623,Dihydrolipoamide S-acetyltransferase,E2_3_1_12,,vv10010Glycolysis,vv10252Alanine_and_aspartate_metabolism
495,VIT_11s0016g03880,128,0.0619,Receptor protein kinase PERK1,,,,
496,VIT_12s0035g01990,128,0.0618,Intron maturase  type II,,,,
497,VIT_19s0014g03380,127,0.0613,3'(2') 5'-bisphosphate nucleotidase,E3_1_3_7,,vv10920Sulfur_metabolism,
498,VIT_13s0019g01520,126,0.0611,Protease inhibitor/seed storage/lipid transfer protein (LTP),,,,
499,VIT_05s0020g02200,125,0.0606,Inosine-uridine preferring nucleoside hydrolase,E3_2_2_1,,vv10230Purine_metabolism,vv10760Nicotinate_and_nicotinamide_metabolism
500,VIT_00s0266g00090,125,0.0604,ARK3 (Arabidopsis Receptor Kinase 3),,,,
501,VIT_13s0074g00040,125,0.0602,Phytol kinase 2  chloroplast precursor,VTE5,,vv10860Porphyrin_and_chlorophyll_metabolism,
502,VIT_10s0003g05020,124,0.0601,GTP-binding protein obg,K03979,,,
503,VIT_19s0014g02350,124,0.0597,Squamosa promoter-binding protein 4 (SPL4),SPL4_1,,vv60055SBP,
504,VIT_01s0026g02770,122,0.0591,Myb domain protein 106,MYB106_1,MYB140,vv60044MYB,
505,VIT_02s0025g02970,119,0.0573,flavanone 3-beta-hydroxylase,E1_14_11_9,,vv10941Flavonoid_biosynthesis,
506,VIT_05s0124g00330,117,0.0564,Survival of motor neuron protein-interacting protein 1,K13130,,vv23013RNA_transport,
507,VIT_18s0001g14770,116,0.0561,Lipase 3 (EXL3) family II extracellular,,,,
508,VIT_07s0005g05270,116,0.0560,RNA polymerase beta subunit [Vitis vinifera],K03043,,vv23020RNA_polymerase,
509,VIT_09s0002g06280,116,0.0558,Aspartate-glutamate racemase,E5_1_1_13,,vv10252Alanine_and_aspartate_metabolism,
510,VIT_05s0029g00480,116,0.0558,Eceriferum 2 (CER2),,,,
511,VIT_10s0071g00270,114,0.0554,Abscisic acid-insensitive protein 3 (ABI3),ABI3_1,,vv30001ABA_signaling,vv30003Auxin_signaling
512,VIT_02s0012g01870,114,0.0552,No hit,,,,
513,VIT_04s0008g05520,113,0.0542,Unknown protein,,,,
514,VIT_01s0011g02330,112,0.0542,Unknown protein,,,,
515,VIT_18s0001g15680,110,0.0527,Cellulase,E3_2_1_4,,vv40006Cell_wall,
516,VIT_05s0029g01420,108,0.0519,Ankyrin repeat,K10380,,vv50108Accessory_factors_involved_in_transport,
517,VIT_17s0000g10260,107,0.0517,AarF domain containing kinase,K08869,,,
518,VIT_03s0038g02020,105,0.0509,Amidase,E3_5_1_4,,vv10220Urea_cycle_and_metabolism_of_amino_groups,vv10360Phenylalanine_metabolism
519,VIT_06s0004g06690,104,0.0508,Ribosomal protein S18 30S,K02963,,vv23010Ribosome,
520,VIT_11s0103g00200,105,0.0507,Anthranilate N-benzoyltransferase,E2_3_1_144,,vv10400Phenylalanine_tyrosine_and_tryptophan_biosynthesis,
521,VIT_06s0009g01530,105,0.0507,Embryonic abundant protein,,,,
522,VIT_14s0066g01790,103,0.0499,GASA like,GASAL,,vv30010Gibberellin_signaling,
523,VIT_17s0000g03930,103,0.0497,ferulate 5-hydroxylase,K09755,,vv10940Phenylpropanoid_biosynthesis,
524,VIT_10s0116g01710,103,0.0496,Galactosyltransferase family protein,E2_4_x_x,,,
525,VIT_04s0023g03230,102,0.0494,Auxin-responsive SAUR9,SAUR9,,vv30003Auxin_signaling,
526,VIT_17s0000g07830,102,0.0493,Asp/Glu racemase; Tetratricopeptide helical,K01797,,,
527,VIT_10s0042g00130,101,0.0490,Pentatricopeptide (PPR) repeat,,,,
528,VIT_04s0023g01750,100,0.0483,TVLP1,,,,
529,VIT_01s0010g02220,99,0.0478,Zinc finger (C3HC4-type ring finger),ZFC3HC4_200,,vv60078Other_zf-C3HC4,
530,VIT_15s0046g01720,99,0.0478,Chitinase  class III,E3_2_1_14,,vv10530Aminosugars_metabolism,
531,VIT_06s0009g03690,98,0.0475,F-box domain containing protein,,,,
532,VIT_13s0019g04650,100,0.0475,Thioredoxin 8,,,,
533,VIT_10s0042g00190,97,0.0470,No hit,,,,
534,VIT_07s0129g00070<br>VIT_07s0129g00150,96,0.0466,
535,VIT_13s0084g00740,96,0.0464,No hit,,,,
536,VIT_18s0001g12620,95,0.0460,U-box domain-containing protein,,,,
537,VIT_06s0004g01340,95,0.0458,Esterase/lipase/thioesterase,,,,
538,VIT_12s0034g01240,94,0.0456,GNS1/SUR4 membrane,,,,
539,VIT_01s0127g00860,93,0.0448,Aborted microspores AMS,AMS_1,,vv60011BHLH,
540,VIT_04s0044g00410,92,0.0445,MTN21,MTN21,,vv50122Porters_cat_7_to_17,
541,VIT_07s0005g06410,92,0.0444,High-affinity K+ transporter 1 (HKT1),HKT1,,vv50124Porters_cat_30_to_64,
542,VIT_06s0009g01410,91,0.0439,No hit,,,,
543,VIT_05s0049g01400,90,0.0436,Alcohol oxidase,E1_1_3_13,,vv10680Methane_metabolism,
544,VIT_13s0074g00420,90,0.0436,Unknown,,,,
545,VIT_08s0007g02170,86,0.0417,Yippee,,,,
546,VIT_08s0007g00700,86,0.0416,PCS1 (promotion of cell survival1) peptidase,,,,
547,VIT_08s0007g06680,86,0.0414,PMR5 (powdery mildew resistant 5),,,,
548,VIT_00s0516g00010,81,0.0390,Unknown,,,,
549,VIT_08s0056g00600,80,0.0389,No hit,,,,
550,VIT_08s0040g02940,80,0.0388,Pentatricopeptide (PPR) repeat-containing protein,,,,
551,VIT_10s0003g05180,80,0.0385,Wall-associated receptor kinase 5,,,,
552,VIT_10s0092g00010,79,0.0381,Unknown protein,,,,
553,VIT_11s0016g04290,78,0.0380,3-hydroxyisobutyryl-CoA hydrolase,E3_1_2_4,,vv10280Valine_leucine_and_isoleucine_degradation,vv10410Beta-alanine_metabolism
554,VIT_19s0014g04840,78,0.0377,(-)-germacrene D synthase,E4_2_3_22,,vv10900Terpenoid_biosynthesis,
555,VIT_07s0031g01270,77,0.0375,Ring-H2 finger A2A,RHA2A,,vv60078Other_zf-C3HC4,
556,VIT_17s0000g05660,78,0.0375,Polygalacturonase GH28,E3_2_1_15,,vv40006Cell_wall,
557,VIT_16s0098g01560,78,0.0374,Glucan endo-1 3-beta-D-glucosidase,E3_2_1_39,,vv10500Starch_and_sucrose_metabolism,
558,VIT_06s0004g07220,77,0.0372,Indole-3-acetate beta-glucosyltransferase,E2_4_1_121,,vv11002Auxin_biosynthesis,
559,VIT_08s0040g02790,76,0.0368,Unknown protein,,,,
560,VIT_05s0102g00130,75,0.0362,Unknown protein,,,,
561,VIT_12s0057g00590,72,0.0347,Vacuolar protein sorting 11 (VPS11),VPS11,,vv50111Tethering_factors,
562,VIT_03s0038g02380,72,0.0347,RAC G-protein Rac1,RAC1,,vv34020Calcium_signaling_pathway,
563,VIT_18s0041g00710,70,0.0340,UDP-glucose: anthocyanidin 5 3-O-glucosyltransferase,RHGT1,,vv10942Anthocyanin_biosynthesis,
564,VIT_06s0061g00140,70,0.0338,Unknown protein,,,,
565,VIT_10s0003g01960,69,0.0332,RKF1 (receptor-like kinase in flowers 1),,,,
566,VIT_01s0026g02120,67,0.0325,Microtubule end binding protein 1 (EB1),K10436,,vv44810Regulation_of_actin_cytoskeleton,
567,VIT_00s0274g00080,66,0.0321,Benzoquinone reductase,E1_6_5_6,,vv10740Riboflavin_metabolism,
568,VIT_05s0029g01430,65,0.0313,Ankyrin,K10380,,vv50108Accessory_factors_involved_in_transport,
569,VIT_12s0028g02400,65,0.0313,Leaf senescence protein,,,,
570,VIT_03s0091g00040,62,0.0300,Limonoid UDP-glucosyltransferase,E2_4_1_120,,vv10940Phenylpropanoid_biosynthesis,
571,VIT_11s0065g00130,62,0.0299,Taxane 10-beta-hydroxylase,E1_14_13_76,,vv10904Diterpenoid_biosynthesis,
572,VIT_01s0011g03780,62,0.0298,Zinc finger protein 6,ZFP6_2,,vv60017C2H2,
573,VIT_18s0001g11710,60,0.0288,Photosystem II PsbO protein,K02716,,vv10195Photosynthesis,vv50113Thylakoid_targeting_pathway
574,VIT_16s0050g00630,59,0.0286,Prolyl 4-hydroxylase,E1_14_11_2,,vv10330Arginine_and_proline_metabolismis,
575,VIT_01s0011g05200,59,0.0286,Phosphoethanolamine N-methyltransferase 1,E2_1_1_103,,vv10564Glycerophospholipid_metabolism,
576,VIT_00s0477g00030,59,0.0284,MATE efflux family protein ripening responsive,MATE,,vv50125Porters_cat_66_to_94,
577,VIT_13s0019g02700,59,0.0284,MEE60 (maternal effect embryo arrest 60),,,,
578,VIT_19s0014g01900,58,0.0279,Protein transport protein Sec24,K14007,,vv24141Protein_processing_in_endoplasmic_reticulum,vv50110Protein_coat
579,VIT_18s0001g13460,58,0.0278,MADS-box AP3 [Vitis labrusca x Vitis vinifera],APETALA3_1,,vv30009Flower_development,vv60042MADS
580,VIT_12s0057g01230,57,0.0277,No hit,,,,
581,VIT_18s0001g11750,56,0.0271,Ribosomal protein S9,K02996,,vv23010Ribosome,
582,VIT_07s0129g00380,56,0.0270,Phototropic-responsive NPH3,BTBNPH3_1,,vv60093TRAF,
583,VIT_04s0023g02260,55,0.0266,S-adenosyl-L-methionine:salicylic acid carboxyl methyltransferase,SAMTBSCMT,,vv10360Phenylalanine_metabolism,
584,VIT_07s0005g02000,54,0.0261,ADP-ribosylation factor A1B,ARFA1B,,vv50110Protein_coat,
585,VIT_13s0019g01260,54,0.0258,Enoyl reductase,K10258,,vv11040Biosynthesis_of_unsaturated_fatty_acids,
586,VIT_09s0002g05700,53,0.0255,Phototropic-responsive NPH3,,,,
587,VIT_00s2776g00010,53,0.0255,S-locus lectin protein kinase,,,,
588,VIT_03s0063g01910,50,0.0244,Integral membrane protein,,,,
589,VIT_08s0007g01750,50,0.0242,Acetyl co-enzyme A carboxylase carboxyltransferase alpha subunit,E6_4_1_2,,vv10061Fatty_acid_biosynthesis,vv10620Pyruvate_metabolism
590,VIT_19s0090g00660,50,0.0242,Lipase GDSL,,,,
591,VIT_16s0022g02330,50,0.0242,MADS-box agamous-like 6,AGL6_2,,vv60042MADS,
592,VIT_03s0063g01460,49,0.0236,Cytochrome b6f complex subunit (petM),K02643,,vv10195Photosynthesis,vv50105Transport_electron_carriers
593,VIT_14s0006g02960,49,0.0236,KH domain containing protein,,,,
594,VIT_12s0059g00230,49,0.0235,Epoxide hydrolase 2,E3_3_2_10,,,
595,VIT_05s0077g01400,48,0.0232,FAR1-related sequence 11,FRS11_2,,vv60071Orphans_far-red,
596,VIT_18s0001g06920,48,0.0231,TRNA-guanine transglycosylase,E2_4_2_29,,vv10230Purine_metabolism,
597,VIT_19s0090g00740,46,0.0223,No hit,,,,
598,VIT_13s0019g01940,46,0.0223,Laccase,E1_10_3_2,,vv11000Single_reactions,vv50109Incompletely_characterized_transport_systems
599,VIT_13s0019g01690,45,0.0216,Ubiquitin-specific protease 24 (UBP24),,,,
600,VIT_07s0104g01410,43,0.0207,OTU cysteine protease,,,,
601,VIT_14s0030g00960,42,0.0203,R protein MLA10,K13475,,vv34627R_proteins_from_Plant-pathogen_interaction,
602,VIT_02s0025g04810,42,0.0203,Subtilisin P69F protein,,,,
603,VIT_12s0055g00810,42,0.0203,Cationic peroxidase,E1_11_1_7,,vv10360Phenylalanine_metabolism,vv10680Methane_metabolism
604,VIT_09s0002g07670,42,0.0203,No hit,,,,
605,VIT_13s0019g04440,42,0.0202,Zinc finger (C3HC4-type ring finger),ZFC3HC4_163,,vv60078Other_zf-C3HC4,
606,VIT_06s0080g01020,41,0.0199,Secoisolariciresinol dehydrogenase,SIRD,,vv10940Phenylpropanoid_biosynthesis,
607,VIT_01s0150g00550,41,0.0199,Histone-lysine N-methyltransferase ASHR2,E2_1_1_43ASHR2_1,,vv10300Lysine_biosynthesis,vv60056SET_PCG
608,VIT_04s0008g05400,41,0.0199,Serine hydrolase [Vitis vinifera],E4_3_1_18,,vv10260Glycine_serine_and_threonine_metabolism,
609,VIT_02s0025g04410,41,0.0199,Beta-ketoacyl-CoA synthase,E2_3_1_41,,vv10061Fatty_acid_biosynthesis,
610,VIT_10s0092g00450,40,0.0193,CYP71A25,,,,
611,VIT_01s0010g01850,39,0.0189,Regulator of nonsense transcripts 1,K14326,,vv23013RNA_transport,vv23015mRNA_surveillance_pathway
612,VIT_16s0050g02060,39,0.0189,Receptor kinase homolog LRK10,,,,
613,VIT_08s0007g02740,39,0.0188,IAA-amino acid hydrolase 1 (ILR1),K01463,,vv11002Auxin_biosynthesis,
614,VIT_00s0220g00110,38,0.0183,Acetolactate synthase small subunit,E2_2_1_6,,vv10290Valine_leucine_and_isoleucine_biosynthesis,vv10650Butanoate_metabolism
615,VIT_14s0060g00110,38,0.0183,Glutamyl-tRNA synthetase  cytoplasmic,E6_1_1_17,,vv10860Porphyrin_and_chlorophyll_metabolism,vv20970Aminoacyl-tRNA_biosynthesis
616,VIT_12s0034g02570,37,0.0179,Leucine Rich Repeat receptor-like kinase,,,,
617,VIT_07s0031g01450,37,0.0177,Transcription termination factor mitochondrial mTERF,MTERF_18,,vv60085MTERF,
618,VIT_18s0001g00560,36,0.0175,Alpha-amylase / 1 4-alpha-D-glucan glucanohydrolase,E3_2_1_1,,vv10500Starch_and_sucrose_metabolism,
619,VIT_07s0005g01230,36,0.0174,Transcription initiation factor TFIID subunit D11,K03127,,vv23022Basal_transcription_factors,
620,VIT_10s0003g04270,36,0.0174,BCL2 binding anthogene,,,,
621,VIT_11s0016g04180,34,0.0165,Coatomer protein complex  subunit beta 2,COPB2,,vv50110Protein_coat,
622,VIT_08s0007g00920,34,0.0164,Tropinone reductase,E1_1_1_206,,vv10220Urea_cycle_and_metabolism_of_amino_groups,
623,VIT_19s0014g00190,34,0.0164,Unknown,,,,
624,VIT_00s0670g00010,34,0.0164,T-complex protein 1 subunit eta,K09499,,,
625,VIT_01s0011g00100,34,0.0164,MADS-box APETALA 1,APETALA1_2,,vv30009Flower_development,vv60042MADS
626,VIT_15s0046g03290,34,0.0164,Unknown protein,,,,
627,VIT_12s0059g01650,34,0.0164,Division site determinant MinD  Plastid,MIND1,,vv44110Cell_cycle,
628,VIT_17s0053g00650,33,0.0159,Unknown protein,,,,
629,VIT_18s0041g01210<br>VIT_18s0041g01160<br>VIT_18s0041g01170,33,0.0159,
630,VIT_17s0000g08110,33,0.0159,Nodulin MtN3,,,,
631,VIT_05s0049g01850,32,0.0154,Unknown protein,,,,
632,VIT_18s0122g01400,31,0.0151,Exostosin family protein,K02366,,vv11030Glycan_structures-biosynthesis1,
633,VIT_01s0026g00150,31,0.0150,Methyl-CPG-binding Domain 9 MBD9,MBD9_5,,vv30009Flower_development,vv60048PHD
634,VIT_15s0048g02090,30,0.0146,Thioesterase family,,,,
635,VIT_08s0058g00610,30,0.0145,Binding,,,,
636,VIT_02s0033g01210,29,0.0141,Cyclops,,,,
637,VIT_03s0038g02400,29,0.0141,Protein kinase,,,,
638,VIT_09s0002g02980,29,0.0140,FRK1 (FLG22-induced receptor-like kinase 1),FRK1,,vv34626Plant-pathogen_interaction,
639,VIT_19s0027g00860,28,0.0137,NAC domain-containing protein 42,NAC042_2,VvNAC31,vv60046NAC,
640,VIT_07s0031g01560,28,0.0136,Unknown protein,,,,
641,VIT_14s0060g01810,28,0.0136,Unknown protein,,,,
642,VIT_02s0025g03150,28,0.0135,Nuclear pore complex protein Nup98-Nup96,K14297,,vv23013RNA_transport,vv50109Incompletely_characterized_transport_systems
643,VIT_14s0006g00300,28,0.0135,Nudix hydrolase 18,,,,
644,VIT_01s0137g00190,28,0.0135,CIP4 (COP1-interacting protein 4),CIP4,,vv24120Ubiquitin_mediated_proteolysis,
645,VIT_13s0067g02810,28,0.0134,NADPH:quinone oxidoreductase,E1_6_5_2,,vv10100Biosynthesis_of_steroids,
646,VIT_11s0016g02120,27,0.0131,Density-regulated protein DRP1,,,,
647,VIT_11s0016g03350,27,0.0130,AP2/EREBP transcription factor TINY2,TINY2_3,,vv30008Ethylene_signaling,vv60003AP2_EREBP
648,VIT_13s0019g03980,27,0.0130,Transcription initiation factor TFIIF beta subunit,K03139,,vv23022Basal_transcription_factors,
649,VIT_09s0002g05560,27,0.0130,ABC transporter g family pleiotropic drug resistance 12 PDR12,ABCGPDR12,,vv52010ABC_transporters,
650,VIT_05s0020g04850,27,0.0130,H1flk,,,,
651,VIT_14s0066g00310,26,0.0126,Unknown protein,,,,
652,VIT_06s0004g06090,26,0.0126,Diphenol oxidase,E1_10_3_1,,vv10350Tyrosine_metabolism,vv50109Incompletely_characterized_transport_systems
653,VIT_10s0116g01560,26,0.0126,U3 small nucleolar RNA-associated protein 6,K14557,,vv23008Ribosome_biogenesis_in_Eukaryotes,
654,VIT_14s0066g01320,26,0.0126,formate dehydrogenase (FDH),E1_2_1_2,,vv10630Glyoxylate_and_dicarboxylate_metabolism,vv10680Methane_metabolism
655,VIT_01s0011g03990,26,0.0125,Receptor serine/threonine kinase PR5K-l,,,,
656,VIT_00s0211g00030,25,0.0121,Symbiosis receptor kinase,,,,
657,VIT_08s0007g03360,25,0.0121,EMB1345 (embryo defective 1345),,,,
658,VIT_00s0207g00130,25,0.0121,Pathogenesis-related protein 1 precursor (PRP 1),PRP1,,vv30011Jasmonate_signaling,vv34626Plant-pathogen_interaction
659,VIT_01s0011g04690,25,0.0121,Pentatricopeptide (PPR) repeat-containing protein,,,,
660,VIT_01s0010g02830,24,0.0117,No hit,,,,
661,VIT_04s0008g03590,24,0.0116,Phosphorylase,E2_4_1_1,,vv10500Starch_and_sucrose_metabolism,
662,VIT_17s0000g00940,24,0.0116,F-box protein,,,,
663,VIT_12s0134g00620,24,0.0116,Anthocyanidin 3-O-glucoside-6''-O-malonyltransferase,E2_3_1_171,,vv10942Anthocyanin_biosynthesis,
664,VIT_03s0180g00320,24,0.0115,Indole-3-acetate beta-glucosyltransferase,E2_4_1_121,,vv11002Auxin_biosynthesis,
665,VIT_18s0001g10320,24,0.0115,Subtilase,,,,
666,VIT_17s0000g05020,23,0.0112,Squamosa promoter-binding protein 6 (SPL6),SPL6_2,,vv60055SBP,
667,VIT_12s0034g01150,23,0.0111,Blue (type 1) copper domain,,,,
668,VIT_05s0020g00740,23,0.0111,Phosphate translocator,PTLREL,,vv50122Porters_cat_7_to_17,
669,VIT_18s0001g03240,23,0.0111,DREB sub A-5 of ERF/AP2 transcription factor,ERF012,VvERF008,vv30008Ethylene_signaling,vv60003AP2_EREBP
670,VIT_02s0025g04550,23,0.0111,Glucose-methanol-choline (GMC) oxidoreductase,E1_1_99_1,,vv10260Glycine_serine_and_threonine_metabolism,
671,VIT_06s0009g01420,22,0.0107,Protease inhibitor/seed storage/lipid transfer protein (LTP),,,,
672,VIT_14s0083g00850,22,0.0107,Lipase GDSL 7,,,,
673,VIT_15s0046g01790,22,0.0106,ARID/BRIGHT DNA-binding domain-containing protein / ELM2,ARID_4,,vv60005ARID,
674,VIT_18s0001g14940,22,0.0106,Pentatricopeptide (PPR) repeat-containing,,,,
675,VIT_00s0912g00010,22,0.0106,Unknown protein,,,,
676,VIT_16s0050g00830,22,0.0106,Beta-ketoacyl-CoA synthase,E2_3_1_41,,vv10061Fatty_acid_biosynthesis,
677,VIT_00s0194g00340,22,0.0106,No hit,,,,
678,VIT_06s0004g01470,21,0.0102,Lipoxygenase LOX1,E1_13_11_12,,vv10592alpha-Linolenic_acid_metabolism,
679,VIT_08s0105g00120,21,0.0102,No hit,,,,
680,VIT_03s0038g04150,21,0.0102,FAR1-related sequence 9,FRS9,,vv60071Orphans_far-red,
681,VIT_18s0001g11160,21,0.0102,Unknown protein,,,,
682,VIT_14s0030g01670,21,0.0101,Proteasome 26S regulatory subunit (RPN6),K03036,,vv23050Proteasome,
683,VIT_12s0059g01990,21,0.0101,No hit,,,,
684,VIT_13s0067g03890,19,0.0092,Beta-ketoacyl-CoA synthase,E2_3_1_41,,vv10061Fatty_acid_biosynthesis,
685,VIT_04s0008g05960,19,0.0092,Unknown protein,,,,
686,VIT_05s0062g00640,19,0.0092,UDP-glucose:flavonoid 7-O-glucosyltransferase,E2_4_1_237,,vv10941Flavonoid_biosynthesis,
687,VIT_18s0001g14080,19,0.0092,Diphthine synthase (DPH5),E2_1_1_98,,vv10271Methionine_metabolism,
688,VIT_00s0271g00030<br>VIT_00s0271g00060,19,0.0092,
689,VIT_16s0100g01310,19,0.0092,DNA mismatch repair protein MSH3,K08736,,vv23430Mismatch_repair,
690,VIT_02s0025g04360,19,0.0092,S-N-methylcoclaurine 3'-hydroxylase,E1_14_13_71,,vv10950Alkaloid_biosynthesis_I,
691,VIT_08s0007g07090,19,0.0092,Sphingosine-1-phosphate phosphatase,K04716,,vv10600Sphingolipid_metabolism,
692,VIT_13s0067g01350,19,0.0091,Basic helix-loop-helix (bHLH) family,BHLHDOM_16,,vv60011BHLH,
693,VIT_12s0057g00720,18,0.0087,F-box protein GID2,,,,
694,VIT_05s0165g00170,18,0.0087,No hit,,,,
695,VIT_19s0015g02530,18,0.0087,No hit,,,,
696,VIT_14s0060g00680,18,0.0087,Lipase GDSL,,,,
697,VIT_13s0019g03510,18,0.0086,Zinc finger (CCCH-type) family protein,CCCHFAM_14,,vv60018C3H,
698,VIT_00s0347g00050,17,0.0082,Ser/Thr receptor-like kinase1,,,,
699,VIT_14s0036g00460,17,0.0082,Myb domain protein 102,MYB102_3,MYB135,vv60044MYB,
700,VIT_13s0067g01180,17,0.0082,Leaf senescence related,,,,
701,VIT_04s0008g01810,17,0.0082,Myb domain protein 4,MYB4_9,MYBPA8,vv60044MYB,
702,VIT_16s0098g01390,17,0.0082,Yippee,,,,
703,VIT_15s0048g02150,16,0.0078,Methionine aminopeptidase 2B,E3_4_11_18,,,
704,VIT_14s0083g00040,16,0.0078,Sugar transport protein 12 (STP12),STP12,,vv50121Porters_cat_1_to_6,
705,VIT_08s0007g00050,16,0.0078,EMB1674 (embryo defective 1674) kinase interacting family protein,EMB1674_5,,vv60087Orphans_KIP1_SANTA,
706,VIT_04s0008g01450,16,0.0077,Cyclopropane-fatty-acyl-phospholipid synthase,E2_1_1_79,,vv10271Methionine_metabolism,
707,VIT_08s0007g00200,16,0.0077,Ankyrin repeat,K10380,,vv50108Accessory_factors_involved_in_transport,
708,VIT_13s0019g02500,16,0.0077,No hit,,,,
709,VIT_02s0012g01180,16,0.0077,Unknown protein,,,,
710,VIT_19s0014g00090,16,0.0077,Glucan endo-1 3-beta-glucosidase 4 precursor,E3_2_1_39,,vv10500Starch_and_sucrose_metabolism,
711,VIT_14s0083g01100,15,0.0073,Alpha-1 4-glucan-protein synthase 1,E2_4_1_113,,vv10500Starch_and_sucrose_metabolism,
712,VIT_18s0001g01320,15,0.0073,Wall-associated receptor kinase 5,,,,
713,VIT_00s0540g00010,15,0.0073,ARK3 (Arabidopsis Receptor Kinase 3),,,,
714,VIT_05s0020g02300,15,0.0073,TRNA/rRNA methyltransferase (SpoU),K02533,,,
715,VIT_01s0011g03210,15,0.0073,Aspartyl protease,E3_4_23_x,,,
716,VIT_02s0025g04910,15,0.0073,Growth-regulating factor 5,GRF5_3,,vv60033GRF,
717,VIT_12s0059g00120,15,0.0072,Ankyrin repeat,K10380,,vv50108Accessory_factors_involved_in_transport,
718,VIT_13s0064g00080,15,0.0072,No hit,,,,
719,VIT_14s0108g01660,15,0.0072,Biotin carboxyl carrier protein of acetyl-CoA carboxylase,E6_4_1_2,,vv10061Fatty_acid_biosynthesis,vv10620Pyruvate_metabolism
720,VIT_16s0022g00470,15,0.0072,Peroxisomal biogenesis factor 11 (PEX11),,,,
721,VIT_02s0012g00650,14,0.0068,PBP1 (pinoid-binding protein 1),PBP1,,vv50004Auxin_transport,
722,VIT_18s0001g14390,14,0.0068,Transducin protein,,,,
723,VIT_17s0000g07790,14,0.0068,N-hydroxythioamide S-beta-glucosyltransferase,K11820,,vv10966Glucosinolate_biosynthesis,
724,VIT_08s0007g00480,13,0.0063,Oxysterol binding protein,,,,
725,VIT_08s0007g02010,13,0.0063,No hit,,,,
726,VIT_04s0008g01290,13,0.0063,CGA1 (cytokinin-responsive GATA factor 1),CGA1,,vv30007Cytokinin_signaling,vv60016C2C2-GATA
727,VIT_11s0118g00660,13,0.0063,Unknown protein,,,,
728,VIT_04s0008g06230,13,0.0063,Ubiquitin family,,,,
729,VIT_06s0009g02640,13,0.0063,Hydroxymethylglutaryl-CoA lyase,E4_1_3_4,,vv10072Synthesis_and_degradation_of_ketone_bodies,vv10280Valine_leucine_and_isoleucine_degradation
730,VIT_18s0001g10530,13,0.0063,Pentatricopeptide (PPR) repeat-containing protein,,,,
731,VIT_00s0972g00010,13,0.0063,N-acetylglucosaminyltransferase,K02366,,vv11030Glycan_structures-biosynthesis1,
732,VIT_12s0035g01890,12,0.0058,RNA recognition motif (RRM)-containing,,,,
733,VIT_05s0077g01290,12,0.0058,Unknown protein,,,,
734,VIT_00s0286g00110,12,0.0058,S-locus protein kinase,,,,
735,VIT_17s0000g05400,12,0.0058,Myb domain protein 35,MYB35_1,MYB35B,vv60044MYB,
736,VIT_00s0734g00010,12,0.0058,No hit,,,,
737,VIT_03s0038g02120,12,0.0058,Armadillo/beta-catenin repeat,,,,
738,VIT_14s0030g02080,12,0.0058,Ca2+-ATPase 12 ACA12  plasma membrane,K01537,,vv34020Calcium_signaling_pathway,vv50131Primary_active_transporter_cat_A2_to_A4
739,VIT_15s0046g00970,12,0.0058,Lipid transfer protein,LTP,,,
740,VIT_13s0064g01740<br>VIT_13s0064g01750,12,0.0058,
741,VIT_06s0004g01350,11,0.0053,Emsy N terminus domain-containing protein,,,,
742,VIT_08s0007g02890,11,0.0053,Unknown protein,,,,
743,VIT_06s0004g03180,11,0.0053,Zinc finger (FYVE type),SIZ1_1,,vv30009Flower_development,vv60048PHD
744,VIT_15s0046g02660,11,0.0053,Sas10/U3 ribonucleoprotein,,,,
745,VIT_18s0001g15230,10,0.0049,Unknown,,,,
746,VIT_07s0005g00450,10,0.0049,Unknown protein,,,,
747,VIT_01s0026g02430,10,0.0049,Calcineurin B,E3_1_3_16,,,
748,VIT_06s0061g01070,10,0.0048,Oligopeptidase A,E3_4_24_70,,,
749,VIT_14s0006g03100,10,0.0048,No hit,,,,
750,VIT_06s0004g07970,10,0.0048,Alpha-expansin 10 precursor,EXPA10,,vv30003Auxin_signaling,
751,VIT_04s0044g00480,10,0.0048,MTN21,MTN21,,vv50122Porters_cat_7_to_17,
752,VIT_02s0109g00380,10,0.0048,Stress response suppressor 1,STRS1,,vv23040Spliceosome,vv50133Primary_active_transporter_cat_A9_to_A18
753,VIT_17s0000g07090,9,0.0044,UDP-glucoronosyl and UDP-glucosyl transferase,,,,
754,VIT_08s0105g00300,9,0.0044,Phospholipase C,E3_1_4_3,,vv10260Glycine_serine_and_threonine_metabolism,vv10562Inositol_phosphate_metabolism
755,VIT_09s0018g00490,9,0.0044,No hit,,,,
756,VIT_13s0019g05150,9,0.0044,Unknown protein,,,,
757,VIT_16s0022g01710,9,0.0044,Ser/Thr receptor-like kinase1,,,,
758,VIT_12s0028g03150,9,0.0044,Cap-binding protein CBP20,K12883,,vv23013RNA_transport,vv23015mRNA_surveillance_pathway
759,VIT_01s0010g03200,9,0.0044,DNA-directed RNA polymerase (RPOT2),K10908,,,
760,VIT_00s0823g00020<br>VIT_00s0670g00020,9,0.0043,
761,VIT_14s0066g00470,9,0.0043,Unknown protein,,,,
762,VIT_15s0021g00220,9,0.0043,ABC transporter C member 15,ABCC15,,vv52010ABC_transporters,
763,VIT_16s0098g01870,9,0.0043,SOS3 (salt overly sensitive 3),E3_1_3_16,,,
764,VIT_12s0059g00650,9,0.0043,No hit,,,,
765,VIT_14s0066g01980,9,0.0043,Matrix metalloproteinase,,,,
766,VIT_13s0047g00380,9,0.0043,3-hydroxyisobutyryl-coenzyme A hydrolase,E3_1_2_4,,vv10280Valine_leucine_and_isoleucine_degradation,vv10410Beta-alanine_metabolism
767,VIT_03s0038g03940,9,0.0043,Tonoplast monosaccharide transporter2,TMT2,,vv50121Porters_cat_1_to_6,
768,VIT_13s0067g02380,8,0.0039,Lateral organ boundaries Domain 15,LBD15_2,,vv60007AS2,
769,VIT_07s0005g02360,8,0.0038,Unknown protein,,,,
770,VIT_01s0011g04940,7,0.0034,No hit,,,,
771,VIT_11s0052g00870,7,0.0034,IAA33,IAA33,,vv30003Auxin_signaling,vv60008AUXIAA
772,VIT_04s0044g00190,7,0.0034,Mannitol dehydrogenase,E1_1_1_67,,vv10051Fructose_and_mannose_metabolism,
773,VIT_04s0044g01860,7,0.0034,Auxin efflux carrier,AUXEFF,,vv50004Auxin_transport,vv50125Porters_cat_66_to_94
774,VIT_11s0065g00170,7,0.0034,Squamosa promoter-binding protein 2 (SPL2),SPL2_3,,vv60055SBP,
775,VIT_01s0026g01330,7,0.0034,Glutathione S-transferase 29 GSTU18,E2_5_1_18_GSTU18,,vv10480Glutathione_metabolism,
776,VIT_14s0108g01270,7,0.0034,Cyclin-dependent kinase CDC2C,CDC2C,,vv44110Cell_cycle,
777,VIT_19s0014g01290,7,0.0034,Phosphoesterase,,,,
778,VIT_08s0007g01020,6,0.0029,Aldo-keto reductase,E1_1_1_21,,vv10040Pentose_glucuronate_interconversion,vv10051Fructose_and_mannose_metabolism
779,VIT_02s0025g02610,6,0.0029,Basic helix-loop-helix (bHLH) family,BHLHDOM_48,,vv60011BHLH,
780,VIT_08s0007g04690,6,0.0029,U3 small nucleolar RNA-associated protein 12,K14556,,vv23008Ribosome_biogenesis_in_Eukaryotes,
781,VIT_19s0014g02020,6,0.0029,flavonol 3-O-glucosyltransferase-like protein,E2_4_1_91,,vv10941Flavonoid_biosynthesis,
782,VIT_16s0100g00630,6,0.0029,Lipid transfer protein,LTP,,,
783,VIT_11s0016g05190,6,0.0029,Phosphate translocator-related,PTLREL,,vv50122Porters_cat_7_to_17,
784,VIT_03s0017g00900<br>VIT_05s0102g01010,6,0.0029,
785,VIT_14s0068g02230,6,0.0029,No hit,,,,
786,VIT_12s0028g02590,6,0.0029,BZIP transcription factor,BZIPDOM_18,VvbZIP29,vv60012BZIP,
787,VIT_04s0043g00560,6,0.0029,DD1A protein,,,,
788,VIT_04s0008g01120,6,0.0029,Glutaredoxin,,,,
789,VIT_14s0060g01840,6,0.0029,Unknown protein,,,,
790,VIT_02s0087g00470,6,0.0029,Anthraniloyal-CoA: methanol anthraniloyal transferase,AMAT,,vv10400Phenylalanine_tyrosine_and_tryptophan_biosynthesis,
791,VIT_06s0061g00130,6,0.0029,Beta-1 3-glucanase [Vitis riparia],E3_2_1_6,,,
792,VIT_07s0104g00820,6,0.0029,Bystin,,,,
793,VIT_12s0059g02310,6,0.0029,PDF2 (protodermal factor2),PDF2_4,VvHB44,vv60034HB,
794,VIT_00s0313g00040,6,0.0029,PAS2 (PASTICCINO 2),K10703,,vv11040Biosynthesis_of_unsaturated_fatty_acids,
795,VIT_01s0011g01250,6,0.0029,No hit,,,,
796,VIT_02s0025g02680,6,0.0029,Growth-regulating factor 5,GRF5_1,,vv60033GRF,
797,VIT_19s0014g04090<br>VIT_10s0071g00450<br>VIT_10s0071g00440<br>VIT_19s0015g02410<br>VIT_19s0014g04160,6,0.0029,
798,VIT_04s0044g01110,6,0.0029,Alcohol dehydrogenase 6,E1_1_1_1,,vv10010Glycolysis,vv10071Fatty_acid_metabolism
799,VIT_06s0004g04430,6,0.0029,Ubiquitin-conjugating enzyme E2 G1,K10575,,vv24120Ubiquitin_mediated_proteolysis,vv24141Protein_processing_in_endoplasmic_reticulum
800,VIT_18s0001g09980,6,0.0029,Unknown protein,,,,
801,VIT_19s0014g03650,6,0.0029,No hit,,,,
802,VIT_19s0014g04050,6,0.0029,S-locus lectin protein kinase,,,,
803,VIT_03s0038g04500,6,0.0029,Bifunctional dihydrofolate reductase-thymidylate synthase 1,K13998,,vv10240Pyrimidine_metabolism,vv10670One_carbon_pool_by_folate
804,VIT_04s0008g02140,6,0.0029,EMB2261 (embryo defective 2261),,,,
805,VIT_07s0031g00200,4,0.0019,IMP dehydrogenase,E1_1_1_205,,vv10230Purine_metabolism,
806,VIT_18s0166g00210,4,0.0019,Regulator of chromosome condensation (RCC1),RCC1,,vv50112Nuclear_pore_complex,
807,VIT_00s0477g00040,4,0.0019,Clathrin assembly protein 16,CAP16,,vv50110Protein_coat,
808,VIT_10s0003g02120,4,0.0019,Lipase GDSL,,,,
809,VIT_18s0001g11560,4,0.0019,CyP82A3,,,,
810,VIT_19s0015g00300,4,0.0019,KCO1 (two pore K channel),K05389_KCO1,,vv50101Channels_and_pores,
811,VIT_11s0016g02490,4,0.0019,Ndr family protein,,,,
812,VIT_18s0041g02400,4,0.0019,Aldehyde oxidase,E1_2_3_7,,vv11002Auxin_biosynthesis,
813,VIT_08s0032g00250,4,0.0019,No hit,,,,
814,VIT_14s0068g00260,4,0.0019,Serine carboxypeptidase S10,,,,
815,VIT_08s0007g04950,3,0.0015,Xyloglucan endotransglucosylase/hydrolase 32,E2_4_1_207,,vv40006Cell_wall,
816,VIT_12s0028g03160,3,0.0015,Cap-binding protein CBP20,K12883,,vv23013RNA_transport,vv23015mRNA_surveillance_pathway
817,VIT_08s0007g06460,3,0.0015,Laccase (diphenol oxidase)-like protein,E1_10_3_2,,vv11000Single_reactions,vv50109Incompletely_characterized_transport_systems
818,VIT_02s0025g04620,3,0.0015,Phospholipase D beta 1,PLDB1,,vv10564Glycerophospholipid_metabolism,vv10565Ether_lipid_metabolism
819,VIT_07s0005g06210,3,0.0015,RPM1 (resistance to p. syringae pv maculicola 1),K13457,,vv34626Plant-pathogen_interaction,
820,VIT_11s0037g01290,3,0.0015,No hit,,,,
821,VIT_06s0004g05480,3,0.0015,Translation initiation factor eIF-3 subunit 3,K03247,,vv23013RNA_transport,
822,VIT_13s0019g00770,3,0.0015,Lipase GDSL 7,,,,
823,VIT_02s0087g00940,3,0.0015,No hit,,,,
824,VIT_07s0005g05660,3,0.0015,F-box/kelch-repeat protein,,,,
825,VIT_16s0050g00070,3,0.0015,Myb domain protein 17,MYB17_1,MYB17B,vv60044MYB,
826,VIT_11s0206g00100,3,0.0015,Unknown protein,,,,
827,VIT_00s0639g00010,3,0.0015,No hit,,,,
828,VIT_15s0048g00940,3,0.0015,ATP-dependent DNA helicase 2 subunit 2,K10885,,vv23450Non_homologous_end_joining,
829,VIT_05s0029g00630,3,0.0015,Unknown,,,,
830,VIT_12s0142g00620,3,0.0015,RIC7 (ROP-interactive crib motif-containing protein 7),,,,
831,VIT_06s0080g00040,3,0.0015,ABC transporter G member 22,ABCG22,,vv52010ABC_transporters,
832,VIT_13s0067g01800,3,0.0015,Histidine acid phosphatase,E3_1_3_2,,vv10740Riboflavin_metabolism,
833,VIT_11s0016g01240,3,0.0015,DENN (AEX-3) domain-containing protein,,,,
834,VIT_08s0040g02820,3,0.0015,Unknown protein,,,,
835,VIT_01s0011g03580,3,0.0015,Unknown protein,,,,
836,VIT_12s0057g01450,3,0.0015,Subtilisin protease,,,,
837,VIT_18s0001g07110,3,0.0015,No hit,,,,
838,VIT_05s0051g00330,3,0.0015,F-box domain containing protein,,,,
839,VIT_16s0100g00210,3,0.0015,No hit,,,,
840,VIT_11s0052g01640,3,0.0015,flavonol 3-O-glucosyltransferase,E2_4_1_91,,vv10941Flavonoid_biosynthesis,
841,VIT_10s0003g05170,3,0.0015,Wall-associated kinase 3 (WAK3),,,,
842,VIT_15s0046g03310,3,0.0015,Unknown protein,,,,
843,VIT_08s0056g00870,3,0.0015,MATE efflux family protein,MATE,,vv50125Porters_cat_66_to_94,
844,VIT_18s0001g07360,3,0.0015,ER6 protein universal stress protein (USP) family,USPER6,,vv30008Ethylene_signaling,
845,VIT_02s0033g00440,3,0.0015,Myb VvMYBA1,VVMYBA1_3,MYBA11,vv60044MYB,
846,VIT_10s0092g00500,3,0.0015,CYP71D10,,,,
847,VIT_14s0066g00270,3,0.0015,Dehydration-responsive protein,,,,
848,VIT_05s0077g02000,3,0.0015,Epoxide hydrolase,E3_3_2_10,,,
849,VIT_01s0010g01010,3,0.0015,F-box domain containing protein,,,,
850,VIT_00s0218g00140,3,0.0015,Anthocyanidine rhamnosyl-transferase,RHATR,,vv10942Anthocyanin_biosynthesis,
851,VIT_09s0002g06320,3,0.0015,R protein disease resistance protein,RPROT,,vv34627R_proteins_from_Plant-pathogen_interaction,
852,VIT_17s0000g09880,3,0.0015,No hit,,,,
853,VIT_14s0036g00850,3,0.0015,Endoribonuclease L-PSP,,,,
854,VIT_06s0004g04110,3,0.0014,Unknown protein,,,,
855,VIT_04s0023g02880,3,0.0014,GATA transcription factor 14,GAT14,,vv60016C2C2-GATA,
856,VIT_17s0000g03700,3,0.0014,Kinesin motor protein-related,KMOTOR,,vv44810Regulation_of_actin_cytoskeleton,
857,VIT_06s0004g05500,3,0.0014,Chlororespiratory reduction 2 (CRR2),,,,
858,VIT_13s0019g04520,3,0.0014,Early flowering 6,ELF6_2,,vv34710Circadian_rhythm,vv60038Jumonji
859,VIT_03s0063g01440,3,0.0014,Transcriptional factor B3,TFB3_6,,vv60001ABI3VP1,
860,VIT_19s0027g00240,3,0.0014,Unknown protein,,,,
861,VIT_14s0060g01830,3,0.0014,Unknown protein,,,,
862,VIT_10s0116g00710,3,0.0014,Tryptophan synthase  beta subunit,E4_2_1_20,,vv10400Phenylalanine_tyrosine_and_tryptophan_biosynthesis,
863,VIT_04s0008g03600,3,0.0014,Tocopherol cyclase,K09834,,vv10100Biosynthesis_of_steroids,
864,VIT_13s0067g01190,3,0.0014,Cellulase,E3_2_1_4,,vv40006Cell_wall,
865,VIT_11s0016g04840,3,0.0014,Avr9/Cf-9 rapidly elicited protein 11,,,,
866,VIT_08s0007g01420,3,0.0014,Glutathione S-transferase 8 GSTU8,E2_5_1_18_GSTU8,,vv10480Glutathione_metabolism,
867,VIT_06s0004g01750,3,0.0014,Polygalacturonase inhibitor protein,PGIP,,,
868,VIT_15s0046g01600,3,0.0014,Acidic endochitinase (CHIB1),E3_2_1_14,,vv10530Aminosugars_metabolism,
869,VIT_08s0007g00790,3,0.0014,Cyclin-D7-1,CYCD7_1,,vv44110Cell_cycle,
870,VIT_17s0000g09980,3,0.0014,REF6 (relative of early flowering 6),REF6,,vv30009Flower_development,vv60038Jumonji
871,VIT_09s0002g00190,3,0.0014,NBS-LRR type disease resistance protein,,,,
872,VIT_04s0044g00390,3,0.0014,Nodulin MtN21 family,MTN21,,vv50122Porters_cat_7_to_17,
873,VIT_17s0000g06270,3,0.0014,Malate dehydrogenase precursor,E1_1_1_37,,vv10020Citrate_cycle,vv10620Pyruvate_metabolism
874,VIT_00s2525g00010,3,0.0014,Unknown,,,,
875,VIT_16s0050g02390,3,0.0014,Plastid division protein PDV1,PDV1,,vv44110Cell_cycle,
876,VIT_15s0046g02620,3,0.0014,Beta-amylase 9 BMY9,E3_2_1_2,,vv10500Starch_and_sucrose_metabolism,
877,VIT_01s0244g00020,3,0.0014,TRNA nucleotidyltransferase (CCA-adding enzyme),K00974,,vv23013RNA_transport,
878,VIT_02s0025g00570,3,0.0014,Glycoside hydrolase  family 5,,,,
879,VIT_16s0022g01210,3,0.0014,Myb domain protein 85,MYB85_2,MYB191,vv60044MYB,
880,VIT_09s0002g01080,3,0.0014,Lipoxygenase,E1_13_11_12,,vv10592alpha-Linolenic_acid_metabolism,
881,VIT_10s0003g00420,3,0.0014,Auxin response factor 3,ARF3_2,,vv30003Auxin_signaling,vv60004ARF
882,VIT_13s0019g03180,3,0.0014,Unknown protein,,,,
883,VIT_09s0070g00500,3,0.0014,Ubiquitin-specific protease 3 (UBP3),K01072,,,
884,VIT_03s0063g00110,3,0.0014,Cyclin delta-3,CYCD3,,vv30007Cytokinin_signaling,vv44110Cell_cycle
885,VIT_15s0046g02420,3,0.0014,Aquaporin TMP-C,TMPC,,vv50101Channels_and_pores,
886,VIT_08s0007g05040,3,0.0014,Unknown protein,,,,
887,VIT_19s0014g00020,3,0.0014,ATP-dependent Clp protease ATP-binding subunit (ClpA),K03694,,vv50109Incompletely_characterized_transport_systems,
888,VIT_15s0048g01000,3,0.0014,2'-hydroxy isoflavone/dihydroflavonol reductase,E1_3_1_45,,vv10943Isoflavonoid_biosynthesis,
889,VIT_18s0001g14440,3,0.0014,Molecular chaperone DnaJ,K03686,,vv50132Primary_active_transporter_cat_A5_to_A8,
890,VIT_18s0086g00220,3,0.0014,Lipase GDSL,,,,
891,VIT_12s0028g01170,3,0.0014,Auxin response factor ARF6,ARF6_4,,vv30003Auxin_signaling,vv60004ARF
892,VIT_09s0002g08070,3,0.0014,Prephenate dehydrogenase,E1_3_1_13,,vv10400Phenylalanine_tyrosine_and_tryptophan_biosynthesis,
893,VIT_13s0064g00750,3,0.0014,Polygalacturonase GH28,E3_2_1_15,,vv40006Cell_wall,
894,VIT_13s0019g03150,3,0.0014,Membrane protein,,,,
895,VIT_00s0125g00180,3,0.0014,Zinc finger (C3HC4-type ring finger),ZFC3HC4,,,
