Vv_m2,2000,1000,VIT_11s0016g05340
rank,node,Fabs,Frel,Functional-annotation,Name-EC-KeggID,Updated-name,Network1,Network2
1,VIT_00s0361g00090,2064,1.0000,Phototropic-responsive NPH3 protein,,,,
2,VIT_00s1314g00010,2079,1.0000,Basic helix-loop-helix (bHLH) family,BHLHDOM_89,,vv60011BHLH,
3,VIT_07s0031g01890,2067,1.0000,No hit,,,,
4,VIT_10s0003g01010,2076,1.0000,Lipase GDSL,,,,
5,VIT_19s0090g01050,2066,1.0000,Endo-beta-1 4-glucanase,E3_2_1_4,,vv40006Cell_wall,
6,VIT_18s0122g00220,2077,1.0000,Phosphodiesterase/alkaline phosphatase D,E3_1_4_1,,,
7,VIT_14s0006g02290,2071,1.0000,DREB sub A-4 of ERF/AP2 transcription factor,TINY_2,VvERF028,vv30008Ethylene_signaling,vv60003AP2_EREBP
8,VIT_14s0030g00220,2064,1.0000,Sugar transporter ERD6-like 5,ERD6L5,,vv50121Porters_cat_1_to_6,
9,VIT_01s0137g00410,2063,1.0000,CYP86A2,,,,
10,VIT_07s0031g01680,2059,1.0000,CYP86A1,,,,
11,VIT_03s0038g01410,2072,1.0000,Aquaporin PIP PIP1A,PIP1A,,vv50101Channels_and_pores,
12,VIT_01s0137g00170,2071,1.0000,B-keto acyl reductase,,,,
13,VIT_02s0025g01240,2077,0.9995,UDP-glucuronosyl/UDP-glucosyltransferase,E2_4_1_17,,vv10040Pentose_glucuronate_interconversion,vv10500Starch_and_sucrose_metabolism
14,VIT_10s0116g01840,2075,0.9995,No hit,,,,
15,VIT_00s0225g00080,2075,0.9990,MATE efflux family protein,MATE,,vv50125Porters_cat_66_to_94,
16,VIT_09s0002g06750,2073,0.9986,ERF/AP2 transcription factor sub B-6 SHINE,SHINE1_1,VvERF042,vv30008Ethylene_signaling,vv60003AP2_EREBP
17,VIT_14s0068g00140,2070,0.9976,No hit,,,,
18,VIT_13s0067g02910,2060,0.9976,Non-specific lipid-transfer protein,,,,
19,VIT_18s0041g00840,2060,0.9971,UDP-glucose: anthocyanidin 5 3-O-glucosyltransferase,E2_4_1_238,,vv10941Flavonoid_biosynthesis,vv10942Anthocyanin_biosynthesis
20,VIT_13s0067g01350,2078,0.9966,Basic helix-loop-helix (bHLH) family,BHLHDOM_16,,vv60011BHLH,
21,VIT_08s0040g02250,2060,0.9957,No hit,,,,
22,VIT_00s0522g00010<br>VIT_00s0266g00010<br>VIT_00s0372g00070<br>VIT_00s0372g00080<br>VIT_00s0572g00010<br>VIT_00s0372g00040<br>VIT_00s0847g00020<br>VIT_00s0572g00020,2066,0.9942,
23,VIT_15s0048g03000,2062,0.9942,GTPase RABA3,K07976,,,
24,VIT_01s0011g00080,2065,0.9937,Universal stress protein (USP) family protein,,,,
25,VIT_13s0067g01410,2061,0.9913,Anthranilate N-hydroxycinnamoyl/benzoyltransferase,E2_3_1_144,,vv10400Phenylalanine_tyrosine_and_tryptophan_biosynthesis,
26,VIT_14s0068g00170,2056,0.9880,No hit,,,,
27,VIT_10s0042g01010,2062,0.9875,CYP714A1,,,,
28,VIT_17s0053g00710,2031,0.9769,Calcium-dependent protein kinase,,,,
29,VIT_01s0026g00080,2019,0.9754,Metal-dependent phosphohydrolase HD domain-containing protein,K07023,,,
30,VIT_10s0092g00150,2007,0.9729,Patatin protein 3,,,,
31,VIT_06s0004g01550,2005,0.9700,Phosphoribosylanthranilate transferase,E2_4_2_18,,vv10400Phenylalanine_tyrosine_and_tryptophan_biosynthesis,
32,VIT_14s0060g01090,1983,0.9645,LNG1 (LONGIFOLIA1),,,,
33,VIT_13s0067g01590,1985,0.9599,Lectin protein kinase,,,,
34,VIT_18s0001g01320,1962,0.9534,Wall-associated receptor kinase 5,,,,
35,VIT_04s0069g01120,1971,0.9517,Acyl-activating enzyme 7,E6_2_1_3,,vv10071Fatty_acid_metabolism,vv50104Group_translocators
36,VIT_12s0059g01830,1965,0.9488,Unknown,,,,
37,VIT_12s0059g01590,1942,0.9432,Lipase GDSL,,,,
38,VIT_10s0042g01040,1947,0.9415,CYP714A1,,,,
39,VIT_06s0061g00240,1931,0.9374,ABC transporter G member 7,ABCG7,,vv52010ABC_transporters,
40,VIT_00s0194g00210<br>VIT_00s0194g00250,1935,0.9357,
41,VIT_18s0001g08410,1927,0.9341,Homeobox-leucine zipper protein 22,HAT22_2,VvHB64,vv60034HB,
42,VIT_18s0001g10050,1938,0.9340,LRX1 (leucine-rich repeat/extensin 1),EXTENSIN,,vv40006Cell_wall,
43,VIT_05s0062g00820,1930,0.9288,Unknown protein,,,,
44,VIT_09s0054g01220,1922,0.9276,Cycloartenol synthase,E5_4_99_8,,vv10100Biosynthesis_of_steroids,
45,VIT_04s0008g03950,1908,0.9276,RD22,,,,
46,VIT_08s0007g02000,1918,0.9252,Glycerol-3-phosphate acyltransferase 8,E2_3_1_15,,vv10561Glycerolipid_metabolism,vv10564Glycerophospholipid_metabolism
47,VIT_03s0038g01280,1911,0.9192,Auxin responsive SAUR protein,SAUR,,vv30003Auxin_signaling,
48,VIT_01s0026g02030,1897,0.9182,Basic helix-loop-helix (bHLH) family,BHLHDOM_59,,vv60011BHLH,
49,VIT_04s0008g05440,1886,0.9124,Ethylene-responsive transcription factor SHINE 3,SHINE3_1,VvERF044,vv30008Ethylene_signaling,vv60003AP2_EREBP
50,VIT_14s0036g00460,1883,0.9119,Myb domain protein 102,MYB102_3,MYB135,vv60044MYB,
51,VIT_00s0271g00030<br>VIT_00s0271g00060,1880,0.9017,
52,VIT_05s0077g02000,1853,0.8952,Epoxide hydrolase,E3_3_2_10,,,
53,VIT_08s0007g05180,1842,0.8942,Unknown,,,,
54,VIT_16s0050g01950,1821,0.8827,Disease resistance family protein / LRR family,,,,
55,VIT_01s0010g00710,1815,0.8798,Armadillo/beta-catenin repeat protein / U-box domain-containing protein ,,,,
56,VIT_18s0001g11100,1806,0.8733,Serine carboxypeptidase,,,,
57,VIT_01s0026g02040,1795,0.8718,No hit,,,,
58,VIT_00s0194g00330,1781,0.8662,Proline-rich family protein,,,,
59,VIT_00s0225g00070,1769,0.8625,MATE efflux family protein,MATE,,vv50125Porters_cat_66_to_94,
60,VIT_02s0025g03150,1779,0.8607,Nuclear pore complex protein Nup98-Nup96,K14297,,vv23013RNA_transport,vv50109Incompletely_characterized_transport_systems
61,VIT_15s0046g00500,1783,0.8601,Wax synthase,E2_3_1_75,,vv11000Single_reactions,
62,VIT_06s0004g00230,1783,0.8597,WRKY DNA-binding protein 48,WRKY48_2,VvWRKY15,vv60066WRKY,
63,VIT_15s0046g01960,1776,0.8584,Hydroquinone glucosyltransferase,E2_4_1_218,,vv10500Starch_and_sucrose_metabolism,
64,VIT_15s0046g01790,1772,0.8560,ARID/BRIGHT DNA-binding domain-containing protein / ELM2,ARID_4,,vv60005ARID,
65,VIT_11s0037g00320,1751,0.8475,Serine carboxypeptidase S10,,,,
66,VIT_15s0046g00310,1752,0.8464,Transcription factor TINY,ERF023,VvERF015,vv30008Ethylene_signaling,vv60003AP2_EREBP
67,VIT_11s0016g04840,1742,0.8403,Avr9/Cf-9 rapidly elicited protein 11,,,,
68,VIT_11s0016g01320,1720,0.8358,Myb domain protein 13,MYB13,MYBPA2,vv60044MYB,
69,VIT_10s0003g01960,1731,0.8350,RKF1 (receptor-like kinase in flowers 1),,,,
70,VIT_17s0000g02260,1716,0.8310,Aldose 1-epimerase,E5_1_3_3,,vv10010Glycolysis,
71,VIT_18s0041g00710,1717,0.8307,UDP-glucose: anthocyanidin 5 3-O-glucosyltransferase,RHGT1,,vv10942Anthocyanin_biosynthesis,
72,VIT_08s0007g04950,1710,0.8273,Xyloglucan endotransglucosylase/hydrolase 32,E2_4_1_207,,vv40006Cell_wall,
73,VIT_04s0023g03710,1699,0.8228,Myb domain protein 4,MYB4_1,MYB4B,vv60044MYB,
74,VIT_18s0041g00810<br>VIT_18s0041g00910<br>VIT_00s1602g00010<br>VIT_18s0041g00920<br>VIT_18s0041g00980<br>VIT_18s0041g01000<br>VIT_00s2707g00010<br>VIT_18s0041g01080<br>VIT_18s0041g00950<br>VIT_18s0041g00830<br>VIT_18s0041g01040,1712,0.8223,
75,VIT_04s0008g02520,1691,0.8149,ATP binding protein,,,,
76,VIT_14s0066g00300,1673,0.8110,Unknown,,,,
77,VIT_19s0090g00730,1676,0.8077,No hit,,,,
78,VIT_18s0001g01680,1670,0.8075,Protein kinase,,,,
79,VIT_00s0160g00220,1664,0.8054,Unknown protein,,,,
80,VIT_05s0029g00480,1666,0.8041,Eceriferum 2 (CER2),,,,
81,VIT_14s0068g00160,1655,0.8030,No hit,,,,
82,VIT_08s0056g01130,1654,0.8014,Mini zinc finger 2 MIF2,MIF2_2,,vv60068Zf-HD,
83,VIT_00s0820g00020,1637,0.7901,Anthocyanidine rhamnosyl-transferase,RHATR,,vv10942Anthocyanin_biosynthesis,
84,VIT_15s0046g03240,1635,0.7899,Unknown protein,,,,
85,VIT_18s0001g10060,1625,0.7892,LRX1 (leucine-rich repeat/extensin 1),EXTENSIN,,vv40006Cell_wall,
86,VIT_11s0016g00290,1619,0.7817,Pectinesterase PME3,E3_1_1_11,,vv40006Cell_wall,
87,VIT_02s0087g00470,1615,0.7764,Anthraniloyal-CoA: methanol anthraniloyal transferase,AMAT,,vv10400Phenylalanine_tyrosine_and_tryptophan_biosynthesis,
88,VIT_17s0000g06130,1603,0.7759,Glutathione S-transferase 9 GSTU9,E2_5_1_18_GSTU9,,vv10480Glutathione_metabolism,
89,VIT_04s0023g01910,1603,0.7759,Myb family,MYBREL_12,,vv60045MYBrelated,
90,VIT_03s0038g03230,1596,0.7733,1-acyl-sn-glycerol-3-phosphate acyltransferase zeta precursor,E2_3_1_51,,vv10561Glycerolipid_metabolism,vv10564Glycerophospholipid_metabolism
91,VIT_05s0049g00300,1595,0.7702,1-aminocyclopropane-1-carboxylate oxidase homolog 1,E1_14_17_4,,vv10640Propanoate_metabolism,vv30008Ethylene_signaling
92,VIT_16s0022g00370,1576,0.7680,GDP-mannose transporter (GONST1),GONST1,,vv50122Porters_cat_7_to_17,
93,VIT_18s0001g12900,1559,0.7528,S-adenosyl-L-methionine:salicylic acid carboxyl methyltransferase,SAMTBSCMT,,vv10360Phenylalanine_metabolism,
94,VIT_05s0077g00670,1554,0.7493,Unknown protein,,,,
95,VIT_16s0050g01980,1539,0.7464,EIX receptor 2,,,,
96,VIT_09s0054g00430,1542,0.7424,Unknown protein,,,,
97,VIT_04s0008g05960,1528,0.7389,Unknown protein,,,,
98,VIT_07s0205g00180,1530,0.7373,Basic helix-loop-helix (bHLH) family,BHLHDOM_30,,vv60011BHLH,
99,VIT_12s0059g00190,1508,0.7356,Beta-expansin (EXPB3),EXPB3,,vv30003Auxin_signaling,
100,VIT_11s0016g00330,1518,0.7340,Pectinesterase family,E3_1_1_11,,vv40006Cell_wall,
101,VIT_08s0058g00140,1514,0.7339,Ammonium transporter 2,AMT2,,vv50101Channels_and_pores,
102,VIT_13s0067g02340,1512,0.7333,Proton-dependent oligopeptide transport (POT) family protein,POT,,vv50122Porters_cat_7_to_17,
103,VIT_09s0018g01340<br>VIT_09s0018g01360,1506,0.7261,
104,VIT_11s0016g05230,1498,0.7258,Allyl alcohol dehydrogenase,,,,
105,VIT_05s0049g01400,1483,0.7196,Alcohol oxidase,E1_1_3_13,,vv10680Methane_metabolism,
106,VIT_11s0016g02490,1489,0.7190,Ndr family protein,,,,
107,VIT_11s0016g03880,1491,0.7182,Receptor protein kinase PERK1,,,,
108,VIT_03s0038g01830,1477,0.7156,Proline-rich protein 4,,,,
109,VIT_18s0001g02720,1492,0.7146,fatty acid elongation1 (FAE1),,,,
110,VIT_07s0031g00520,1477,0.7139,Unknown protein,,,,
111,VIT_10s0597g00050,1478,0.7137,Heat shock transcription factor B2A,HSFB2A_3,,vv60037HSF,
112,VIT_16s0050g02100,1470,0.7074,Disease resistance,,,,
113,VIT_04s0008g06300,1465,0.7064,Leucine-rich repeat family,,,,
114,VIT_15s0021g02510,1458,0.7016,GATA transcription factor 2,GATA2,,vv60016C2C2-GATA,
115,VIT_17s0000g10260,1436,0.6995,AarF domain containing kinase,K08869,,,
116,VIT_03s0038g03810,1434,0.6901,Serine/threonine Protein kinase BNK1,,,,
117,VIT_00s0194g00340,1431,0.6886,No hit,,,,
118,VIT_01s0011g03640,1424,0.6879,Adenylate isopentenyltransferase,E2_5_1_27,,vv10100Biosynthesis_of_steroids,
119,VIT_13s0067g00400,1421,0.6878,Anthranilate synthase alpha 1,E4_1_3_27,,vv10400Phenylalanine_tyrosine_and_tryptophan_biosynthesis,
120,VIT_01s0010g02370,1418,0.6840,Signal recognition particle subunit 72 SRP72,K03108,,vv23060Protein_export,vv50132Primary_active_transporter_cat_A5_to_A8
121,VIT_00s0218g00220,1408,0.6825,UDP-glucoronosyl/UDP-glucosyl transferase,,,,
122,VIT_02s0033g01050,1416,0.6824,Anthraniloyal-CoA: methanol anthraniloyal transferase,AMAT,,vv10400Phenylalanine_tyrosine_and_tryptophan_biosynthesis,
123,VIT_18s0001g06690,1413,0.6806,Gibberellin 20 oxidase 2,E1_14_11_12,,vv10904Diterpenoid_biosynthesis,
124,VIT_09s0002g02980,1405,0.6794,FRK1 (FLG22-induced receptor-like kinase 1),FRK1,,vv34626Plant-pathogen_interaction,
125,VIT_16s0098g01740,1384,0.6660,Unknown protein,,,,
126,VIT_01s0026g00880,1371,0.6626,Transducin protein,,,,
127,VIT_18s0001g02200,1354,0.6576,8-oxoguanine-DNA glycosylase (OGG1),K03660,,vv23410Base_excision_repair,
128,VIT_08s0007g03360,1354,0.6560,EMB1345 (embryo defective 1345),,,,
129,VIT_19s0090g00750,1360,0.6557,Dihydrolipoamide succinyltransferase,E2_3_1_61,,vv10020Citrate_cycle,
130,VIT_08s0040g03400,1342,0.6486,Short-chain dehydrogenase/reductase,,,,
131,VIT_07s0005g00450,1341,0.6472,Unknown protein,,,,
132,VIT_00s0270g00030,1321,0.6434,NC domain-containing protein,,,,
133,VIT_08s0007g02010,1315,0.6340,No hit,,,,
134,VIT_02s0025g02630,1315,0.6337,Lipase GDSL,,,,
135,VIT_01s0026g00570,1301,0.6337,Bet v I allergen,,,,
136,VIT_02s0012g02820,1307,0.6314,Geraniol 10-hydroxylase,G10H,,vv10902Monoterpenoid_biosynthesis,
137,VIT_17s0000g06110,1300,0.6295,Glutathione S-transferase 9 GSTU9,E2_5_1_18_GSTU9,,vv10480Glutathione_metabolism,
138,VIT_13s0074g00040,1299,0.6284,Phytol kinase 2  chloroplast precursor,VTE5,,vv10860Porphyrin_and_chlorophyll_metabolism,
139,VIT_14s0006g00300,1290,0.6271,Nudix hydrolase 18,,,,
140,VIT_17s0000g09270,1290,0.6268,MATE efflux family protein,MATE,,vv50125Porters_cat_66_to_94,
141,VIT_08s0056g00800,1287,0.6266,Myb domain protein 60,MYB60,MYB60,vv60044MYB,
142,VIT_04s0008g00860,1282,0.6205,Ndr family protein,,,,
143,VIT_12s0034g02560,1274,0.6181,DNA (cytosine-5)-methyltransferase (ATHIM),E2_1_1_37,,vv10271Methionine_metabolism,
144,VIT_00s0286g00130,1282,0.6166,S-locus lectin protein kinase,,,,
145,VIT_06s0004g03210,1265,0.6120,Unknown,,,,
146,VIT_18s0122g01280,1269,0.6119,Niemann-Pick C1 protein precursor,NPC1,,vv50121Porters_cat_1_to_6,
147,VIT_10s0116g00710,1268,0.6105,Tryptophan synthase  beta subunit,E4_2_1_20,,vv10400Phenylalanine_tyrosine_and_tryptophan_biosynthesis,
148,VIT_01s0127g00340,1252,0.6069,Unknown,,,,
149,VIT_02s0025g02970,1232,0.6013,flavanone 3-beta-hydroxylase,E1_14_11_9,,vv10941Flavonoid_biosynthesis,
150,VIT_11s0016g03760,1226,0.5983,Unknown protein,,,,
151,VIT_02s0012g02810,1234,0.5982,CYP76C4,,,,
152,VIT_09s0002g01650,1233,0.5962,5'-nucleotidase surE,E3_1_3_5,,vv10230Purine_metabolism,vv10240Pyrimidine_metabolism
153,VIT_07s0005g04380,1234,0.5958,IAA12,IAA12,,vv30003Auxin_signaling,vv60008AUXIAA
154,VIT_00s0375g00030,1230,0.5942,Alpha-galactosidase,E3_2_1_22,,vv10052Galactose_metabolism,vv10561Glycerolipid_metabolism
155,VIT_13s0073g00140,1215,0.5872,Ovate family protein 13 OFP13,OFP13_2,,vv60086OFP,
156,VIT_10s0042g01020,1194,0.5805,Isochorismatase,E3_3_2_1,,vv10130Ubiquinone_biosynthesis,
157,VIT_06s0061g00890,1203,0.5784,Carboxypeptidase,E3_4_17_22,,,
158,VIT_11s0016g04290,1194,0.5776,3-hydroxyisobutyryl-CoA hydrolase,E3_1_2_4,,vv10280Valine_leucine_and_isoleucine_degradation,vv10410Beta-alanine_metabolism
159,VIT_04s0023g02260,1191,0.5770,S-adenosyl-L-methionine:salicylic acid carboxyl methyltransferase,SAMTBSCMT,,vv10360Phenylalanine_metabolism,
160,VIT_02s0033g00450<br>VIT_02s0033g00380<br>VIT_02s0033g00390<br>VIT_02s0033g00410,1190,0.5757,
161,VIT_16s0098g01870,1191,0.5734,SOS3 (salt overly sensitive 3),E3_1_3_16,,,
162,VIT_01s0010g03510,1180,0.5703,Caffeoyl-CoA O-methyltransferase,E2_1_1_104,,vv10940Phenylpropanoid_biosynthesis,
163,VIT_00s0207g00010,1187,0.5688,Anthranilate N-benzoyltransferase protein 1,E2_3_1_144,,vv10400Phenylalanine_tyrosine_and_tryptophan_biosynthesis,
164,VIT_19s0090g00840,1178,0.5685,WRKY DNA-binding protein 6,WRKY6_2,VvWRKY55,vv60066WRKY,
165,VIT_01s0127g00720,1155,0.5564,Carbonic anhydrase  beta,E4_2_1_1,,vv10910Nitrogen_metabolism,vv50124Porters_cat_30_to_64
166,VIT_16s0039g02230,1148,0.5549,UDP-glucose:flavonoid 3-O-glucosyltransferase,E2_4_1_91,,vv10941Flavonoid_biosynthesis,
167,VIT_14s0066g01730,1153,0.5535,Cellulose synthase CSLC04,E2_4_1_12_CSLC04,,vv40006Cell_wall,
168,VIT_19s0014g01900,1121,0.5458,Protein transport protein Sec24,K14007,,vv24141Protein_processing_in_endoplasmic_reticulum,vv50110Protein_coat
169,VIT_03s0063g01350,1129,0.5425,Dof zinc finger protein DOF5.8,DOF5_8,,vv60015C2C2-DOF,
170,VIT_11s0037g00890,1120,0.5413,Glutamine amidotransferase class-I domain-containing protein,K08681,,vv10750Vitamin_B6_metabolism,
171,VIT_15s0021g02110,1117,0.5407,AP2 domain-containing transcription factor TINY,TINY_8,VvERF029,vv30008Ethylene_signaling,vv60003AP2_EREBP
172,VIT_17s0000g06270,1119,0.5395,Malate dehydrogenase precursor,E1_1_1_37,,vv10020Citrate_cycle,vv10620Pyruvate_metabolism
173,VIT_00s0384g00020,1106,0.5348,Basic helix-loop-helix (bHLH) family,BHLHDOM_93,,vv60011BHLH,
174,VIT_19s0177g00270,1106,0.5348,Molecular chaperone DnaJ,K03686,,vv50132Primary_active_transporter_cat_A5_to_A8,
175,VIT_09s0018g01650,1108,0.5327,Wrinkled1 (AP2/ERBP),WRINKLED1_1,VvAP2-06,vv30008Ethylene_signaling,vv60003AP2_EREBP
176,VIT_14s0060g02330,1092,0.5293,Actin binding formin homology 1,FH2,,vv44810Regulation_of_actin_cytoskeleton,
177,VIT_17s0000g05600,1095,0.5290,(-)-isopiperitenol dehydrogenase,E1_1_1_223,,vv10902Monoterpenoid_biosynthesis,
178,VIT_14s0083g00920,1091,0.5265,No hit,,,,
179,VIT_13s0067g01570<br>VIT_13s0067g01640,1083,0.5245,
180,VIT_18s0001g12880,1084,0.5237,Jasmonate O-methyltransferase,E2_1_1_141,,vv10592alpha-Linolenic_acid_metabolism,
181,VIT_07s0141g01050,1080,0.5233,No hit,,,,
182,VIT_00s1663g00010,1086,0.5231,No hit,,,,
183,VIT_15s0046g00710,1074,0.5216,Wax synthase,E2_3_1_75,,vv11000Single_reactions,
184,VIT_13s0067g02390,1070,0.5162,Unknown,,,,
185,VIT_11s0016g03350,1059,0.5109,AP2/EREBP transcription factor TINY2,TINY2_3,,vv30008Ethylene_signaling,vv60003AP2_EREBP
186,VIT_00s0456g00040<br>VIT_00s0374g00030,1060,0.5101,
187,VIT_03s0097g00460,1052,0.5097,Geraniol 10-hydroxylase,G10H,,vv10902Monoterpenoid_biosynthesis,
188,VIT_16s0050g02430,1051,0.5072,Receptor protein kinase,,,,
189,VIT_05s0062g00520,1057,0.5065,UDP-glucose:flavonoid 7-O-glucosyltransferase,E2_4_1_237,,vv10941Flavonoid_biosynthesis,
190,VIT_01s0010g03470,1052,0.5063,Caffeoyl-CoA O-methyltransferase,E2_1_1_104,,vv10940Phenylpropanoid_biosynthesis,
191,VIT_12s0028g01850,1039,0.5044,Receptor kinase TRKe,,,,
192,VIT_09s0002g06990,1045,0.5039,Phosphatidic acid phosphatase / PAP2,E3_1_3_4,,vv10561Glycerolipid_metabolism,vv10564Glycerophospholipid_metabolism
193,VIT_00s0386g00010,1042,0.5022,MADS-box agamous-like 61,AGL61_1,,vv60042MADS,
194,VIT_10s0092g00370,1032,0.5000,CYP71D7,E1_14_13_73,,vv10902Monoterpenoid_biosynthesis,
195,VIT_12s0028g03960,1034,0.5000,Ankyrin repeat protein family,K10380,,vv50108Accessory_factors_involved_in_transport,
196,VIT_14s0006g01340,1032,0.4986,Myb domain protein 113,MYB113_1,MYBA5,vv60044MYB,
197,VIT_07s0031g00500,1014,0.4901,Subtilase,ARA12,,vv50101Channels_and_pores,
198,VIT_19s0014g04900,1015,0.4892,(-)-germacrene D synthase,E4_2_3_22,,vv10900Terpenoid_biosynthesis,
199,VIT_03s0110g00100,1001,0.4859,CYP86A8,,,,
200,VIT_08s0007g03710,1005,0.4832,ABC transporter G member 22,ABCG22,,vv52010ABC_transporters,
201,VIT_07s0031g02950,995,0.4818,Ammonium transporter 2,AMT2,,vv50101Channels_and_pores,
202,VIT_09s0002g03140,988,0.4791,Lipase GDSL,,,,
203,VIT_00s0286g00110,966,0.4680,S-locus protein kinase,,,,
204,VIT_13s0067g01800,961,0.4661,Histidine acid phosphatase,E3_1_3_2,,vv10740Riboflavin_metabolism,
205,VIT_03s0038g02400,962,0.4647,Protein kinase,,,,
206,VIT_09s0002g02940,961,0.4618,Myo-inositol oxygenase 1,E1_13_99_1,,vv10562Inositol_phosphate_metabolism,
207,VIT_17s0000g00130,956,0.4592,SEC14 cytosolic factor,SEC14,,vv50122Porters_cat_7_to_17,
208,VIT_08s0007g00570,950,0.4589,WRKY DNA-binding protein 49,WRKY49,VvWRKY27,vv60066WRKY,
209,VIT_03s0063g00360,941,0.4552,Glycoprotein 3-alpha-L-fucosyltransferase,E2_4_1_214,,vv11030Glycan_structures-biosynthesis1,
210,VIT_16s0022g01970,945,0.4539,Anthocyanidin 3-O-glucosyltransferase,E2_4_1_115,,vv10942Anthocyanin_biosynthesis,
211,VIT_10s0003g05420,936,0.4535,S-2-hydroxy-acid oxidase  peroxisomal,E1_1_3_15,,vv10630Glyoxylate_and_dicarboxylate_metabolism,
212,VIT_09s0002g03050,930,0.4532,Lipase GDSL,,,,
213,VIT_08s0007g05660,932,0.4511,No hit,,,,
214,VIT_00s0286g00050,931,0.4495,S-locus protein kinase,,,,
215,VIT_07s0005g02360,924,0.4472,Unknown protein,,,,
216,VIT_02s0025g01490,901,0.4367,Proteasome 26S regulatory subunit (RPN8),K03038,,vv23050Proteasome,
217,VIT_00s0399g00020,900,0.4363,Protease inhibitor/seed storage/lipid transfer protein (LTP),,,,
218,VIT_14s0060g00680,903,0.4354,Lipase GDSL,,,,
219,VIT_04s0008g05520,893,0.4324,Unknown protein,,,,
220,VIT_06s0080g00760,890,0.4304,Unknown protein,,,,
221,VIT_07s0031g01270,889,0.4274,Ring-H2 finger A2A,RHA2A,,vv60078Other_zf-C3HC4,
222,VIT_03s0063g01890,880,0.4245,Ring-H2 finger protein ATL3G,,,,
223,VIT_06s0004g00030,876,0.4230,S-adenosyl-L-methionine:salicylic acid carboxyl methyltransferase,SAMTBSCMT,,vv10360Phenylalanine_metabolism,
224,VIT_09s0054g01370,883,0.4229,Beta-amyrin synthase,E5_4_99_BAS,,vv10900Terpenoid_biosynthesis,
225,VIT_02s0025g03320,871,0.4220,CYP86A2,,,,
226,VIT_15s0048g02650,868,0.4193,Unknown protein,,,,
227,VIT_16s0039g01910,849,0.4094,Vegetative storage protein win4.5,,,,
228,VIT_05s0062g00430,837,0.4049,UDP-glucose:flavonoid 7-O-glucosyltransferase,E2_4_1_237,,vv10941Flavonoid_biosynthesis,
229,VIT_02s0033g00370,834,0.4041,Myb domain protein 113,MYB113_4,MYBA4,vv60044MYB,
230,VIT_17s0000g02440,832,0.4039,Integral membrane protein,,,,
231,VIT_00s0286g00040,830,0.4035,S-locus protein kinase,,,,
232,VIT_14s0068g00150,828,0.4006,No hit,,,,
233,VIT_15s0021g01150,827,0.3989,Calcium-dependent protein kinase-related,,,,
234,VIT_00s0484g00020,817,0.3962,Receptor kinase ARK3,,,,
235,VIT_16s0050g01900,800,0.3904,Leucine-rich repeat protein kinase,,,,
236,VIT_08s0007g07090,798,0.3872,Sphingosine-1-phosphate phosphatase,K04716,,vv10600Sphingolipid_metabolism,
237,VIT_18s0001g11160,794,0.3856,Unknown protein,,,,
238,VIT_02s0012g03050,798,0.3855,AAA-type ATPase,,,,
239,VIT_04s0008g01850,792,0.3845,Trihelix DNA-binding protein (GT2),GT2_2,,vv60062Trihelix,
240,VIT_09s0002g03770,795,0.3842,Mitotic phosphoprotein N' end (MPPN),K14313,,vv23013RNA_transport,vv44110Cell_cycle
241,VIT_16s0013g00700,795,0.3833,Multidrug resistance-associated protein 3,MRP3,,vv52010ABC_transporters,
242,VIT_11s0037g01290,778,0.3788,No hit,,,,
243,VIT_19s0014g01780,780,0.3770,BZIP transcription factor,BZIPDOM_14,VvbZIP52,vv60012BZIP,
244,VIT_08s0040g01130,783,0.3764,Serine carboxypeptidase II,,,,
245,VIT_18s0001g14760,772,0.3742,Lipase 3 (EXL3) family II extracellular,,,,
246,VIT_08s0007g03370,743,0.3603,Unknown protein,,,,
247,VIT_12s0028g01560,738,0.3589,Zinc finger (C3HC4-type ring finger),ZFC3HC4_236,,vv60078Other_zf-C3HC4,
248,VIT_11s0016g04540,742,0.3588,ABC transporter G member 22,ABCG22,,vv52010ABC_transporters,
249,VIT_18s0001g05950,730,0.3540,Cis-zeatin O-beta-D-glucosyltransferase,E2_4_1_215,,vv10908Zeatin_biosynthesis,
250,VIT_12s0057g00590,724,0.3537,Vacuolar protein sorting 11 (VPS11),VPS11,,vv50111Tethering_factors,
251,VIT_16s0100g00070,730,0.3513,Prohibitin 1,PHB1,,vv50108Accessory_factors_involved_in_transport,
252,VIT_04s0023g01130,703,0.3399,E3 ubiquitin-protein ligase RNF5,K10666_155,,vv24141Protein_processing_in_endoplasmic_reticulum,vv60078Other_zf-C3HC4
253,VIT_08s0007g09000,700,0.3369,Glycerol-3-phosphate dehydrogenase,E1_1_1_8,,vv10564Glycerophospholipid_metabolism,
254,VIT_15s0021g02690,693,0.3366,Unfertilized embryo sac 10 UNE10,UNE10_1,,vv60011BHLH,
255,VIT_10s0003g00420,697,0.3348,Auxin response factor 3,ARF3_2,,vv30003Auxin_signaling,vv60004ARF
256,VIT_14s0066g02270,688,0.3320,Endonuclease/exonuclease/phosphatase family protein,E3_1_30_x,,,
257,VIT_09s0002g01080,689,0.3305,Lipoxygenase,E1_13_11_12,,vv10592alpha-Linolenic_acid_metabolism,
258,VIT_13s0019g01690,683,0.3298,Ubiquitin-specific protease 24 (UBP24),,,,
259,VIT_06s0004g08180,682,0.3296,Translation initiation factor eIF-2 beta subunit,K03238,,vv23013RNA_transport,
260,VIT_17s0000g03580,679,0.3277,BEE3 (BR Enhanced expression 3),BEE3,,vv60011BHLH,
261,VIT_18s0166g00300,673,0.3261,Histidinol dehydrogenase  chloroplast precursor,E1_1_1_23,,vv10340Histidine_metabolism,
262,VIT_08s0007g07140,675,0.3233,Esterase/lipase/thioesterase family protein,,,,
263,VIT_14s0128g00510<br>VIT_14s0128g00550,673,0.3231,
264,VIT_01s0137g00510,668,0.3225,CYP71B10,CYP71B10,,vv10940Phenylpropanoid_biosynthesis,
265,VIT_03s0038g02020,670,0.3224,Amidase,E3_5_1_4,,vv10220Urea_cycle_and_metabolism_of_amino_groups,vv10360Phenylalanine_metabolism
266,VIT_04s0023g00930,661,0.3217,Ribosomal protein L38 (RPL38B) 60S,K02923,,vv23010Ribosome,
267,VIT_14s0219g00280,662,0.3192,Glycerol-3-phosphate dehydrogenase (NAD+),E1_1_1_8,,vv10564Glycerophospholipid_metabolism,
268,VIT_13s0019g03180,645,0.3110,Unknown protein,,,,
269,VIT_10s0003g01830,634,0.3064,Aquaporin NIP1;2,NIP1_2,,vv50101Channels_and_pores,
270,VIT_00s1627g00020,624,0.3045,No hit,,,,
271,VIT_17s0000g02130,622,0.3028,Transposase  IS4,,,,
272,VIT_00s0218g00100,613,0.2954,Metal transporter Nramp6,NRAMP6,,vv50124Porters_cat_30_to_64,
273,VIT_18s0001g01590,613,0.2951,BTB/POZ domain-containing protein,BTBDOM_1,,vv60093TRAF,
274,VIT_03s0063g01880,608,0.2943,Acyl-CoA synthetase long-chain member 2,E6_2_1_3_LACS2,,vv10071Fatty_acid_metabolism,vv44146Peroxisome
275,VIT_12s0035g00900,603,0.2922,Jasmonate ZIM domain-containing protein 12,JAZ12_1,,vv60069ZIM,
276,VIT_15s0046g00520,603,0.2903,Wax synthase,E2_3_1_75,,vv11000Single_reactions,
277,VIT_07s0151g00010,597,0.2898,No hit,,,,
278,VIT_07s0005g06300,596,0.2889,Phototropic-responsive NPH3,,,,
279,VIT_15s0021g01510,596,0.2886,Phospholipase A1,E3_1_1_32,,vv10564Glycerophospholipid_metabolism,vv10592Alpha-linolenic_acid_metabolism
280,VIT_04s0023g02650,599,0.2867,CYP90D1 ROT3 (ROTUNDIFOLIA 3) steroid hydroxylase,,,,
281,VIT_08s0007g00710,594,0.2865,Unknown,,,,
282,VIT_13s0067g01780,591,0.2856,Histidine acid phosphatase,E3_1_3_2,,vv10740Riboflavin_metabolism,
283,VIT_05s0077g01390,589,0.2854,Zinc finger (C2H2 type) protein (ZFP6),ZFP6_3,,vv60017C2H2,
284,VIT_15s0021g02680,587,0.2840,Cyclin-U2-1 (CycU2;1) Cyclin-P3.1,CYCP3_1,,vv44110Cell_cycle,
285,VIT_02s0087g00490,582,0.2823,10-deacetylbaccatin III 10-O-acetyltransferase,E2_3_1_167,,vv10904Diterpenoid_biosynthesis,
286,VIT_17s0000g02140,585,0.2804,3-hydroxyisobutyrate dehydrogenase,E1_1_1_31,,vv10280Valine_leucine_and_isoleucine_degradation,
287,VIT_03s0132g00450,582,0.2799,Cold-induced wall associated kinase,,,,
288,VIT_06s0004g00950,576,0.2773,HUB2 (histone mono-ubiquitination 2),HUB2,,vv60078Other_zf-C3HC4,
289,VIT_00s0267g00030,568,0.2751,Unknown,,,,
290,VIT_04s0079g00690,567,0.2750,Glutathione S-transferase 26 GSTF12,E2_5_1_18_GSTF12,,vv10480Glutathione_metabolism,
291,VIT_14s0066g00400,568,0.2744,Chalcone isomerase,E5_5_1_6,,vv10941Flavonoid_biosynthesis,
292,VIT_02s0033g00440,558,0.2688,Myb VvMYBA1,VVMYBA1_3,MYBA11,vv60044MYB,
293,VIT_05s0077g02300,553,0.2677,UDP-glucuronic acid decarboxylase 2,E4_1_1_35,,vv10500Starch_and_sucrose_metabolism,vv10520Nucleotide_sugars_metabolism
294,VIT_00s0211g00040,553,0.2660,Nodulation receptor kinase,,,,
295,VIT_07s0104g01440,552,0.2656,Phototropic-responsive NPH3,,,,
296,VIT_02s0033g01000,524,0.2535,Anthraniloyal-CoA: methanol anthraniloyal transferase,AMAT,,vv10400Phenylalanine_tyrosine_and_tryptophan_biosynthesis,
297,VIT_06s0004g06960,525,0.2531,BCL2 binding anthogene,,,,
298,VIT_11s0052g00410,514,0.2483,Allyl alcohol dehydrogenase,,,,
299,VIT_14s0006g01280,507,0.2455,Myb domain protein 113,MYB113_5,MYBA7,vv60044MYB,
300,VIT_05s0020g01100,508,0.2446,Myb domain protein 61,MYB61_3,MYB146,vv60044MYB,
301,VIT_00s0665g00020,507,0.2446,Carrier protein  Mitochondrial,K03454,,vv50123Porters_cat_18_to_29,
302,VIT_13s0067g03890,503,0.2445,Beta-ketoacyl-CoA synthase,E2_3_1_41,,vv10061Fatty_acid_biosynthesis,
303,VIT_02s0025g00750,507,0.2442,Pinoresinol forming dirigent protein,DIRPR,,vv10940Phenylpropanoid_biosynthesis,
304,VIT_06s0009g00480,497,0.2411,Aluminium-tolerance ALMT1,ALMT1,,vv50125Porters_cat_66_to_94,
305,VIT_01s0011g02610,496,0.2400,No hit,,,,
306,VIT_00s0373g00020,492,0.2380,HSL2 (HAESA-like 2),,,,
307,VIT_14s0068g00040,490,0.2369,No hit,,,,
308,VIT_00s0840g00010<br>VIT_00s1437g00010,487,0.2359,
309,VIT_02s0033g01020,487,0.2357,Anthraniloyal-CoA: methanol anthraniloyal transferase,AMAT,,vv10400Phenylalanine_tyrosine_and_tryptophan_biosynthesis,
310,VIT_02s0012g00660,488,0.2350,Calcium-binding EF-hand,,,,
311,VIT_08s0007g08680,473,0.2303,Unknown protein,,,,
312,VIT_04s0008g06000,476,0.2302,Ethylene-responsive transcription factor ERF003,ERF003_2,VvERF045,vv30008Ethylene_signaling,vv60003AP2_EREBP
313,VIT_15s0046g03230,472,0.2288,Disease resistance protein RGA4,,,,
314,VIT_07s0129g00380,469,0.2271,Phototropic-responsive NPH3,BTBNPH3_1,,vv60093TRAF,
315,VIT_14s0060g02690,471,0.2270,Germin-like protein 3 [Vitis vinifera],,,,
316,VIT_04s0023g01720,461,0.2218,SEC14 cytosolic factor  putative,SEC14,,vv50122Porters_cat_7_to_17,
317,VIT_08s0040g01860,459,0.2215,Unknown protein,,,,
318,VIT_11s0016g01300,448,0.2153,TT2 (transparent testa 2),TT2_4,MYBPAR,vv44110Cell_cycle,vv60044MYB
319,VIT_11s0037g00990,443,0.2153,ATPase AFG1,,,,
320,VIT_05s0094g00820,442,0.2134,Unknown protein,,,,
321,VIT_11s0016g04270,445,0.2133,Hydrolase  alpha/beta fold,,,,
322,VIT_18s0001g10440,436,0.2115,THO complex subunit 5,K13174,,vv23013RNA_transport,
323,VIT_05s0077g00530,434,0.2099,Unknown protein,,,,
324,VIT_01s0011g02330,432,0.2089,Unknown protein,,,,
325,VIT_02s0012g01660,426,0.2064,ATPase PGP2 (P-glycoprotein 2),PGP2,,vv52010ABC_transporters,
326,VIT_12s0035g00010,420,0.2042,DNA (cytosine-5)-methyltransferase (ATHIM),E2_1_1_37,,vv10271Methionine_metabolism,
327,VIT_05s0020g04150,422,0.2032,Emp24/gp25L/p24,EMP24,,vv50110Protein_coat,
328,VIT_13s0067g01180,418,0.2028,Leaf senescence related,,,,
329,VIT_18s0001g06640,420,0.2028,Zinc finger (C3HC4-type ring finger),ZFC3HC4_60,,vv60078Other_zf-C3HC4,
330,VIT_02s0025g01730,417,0.1999,3-oxoacyl-[acyl-carrier-protein] synthase,E2_3_1_41,,vv10061Fatty_acid_biosynthesis,
331,VIT_16s0100g00670,411,0.1993,Homeodomain GLABROUS1,HDG1_2,VvHB55,vv60034HB,
332,VIT_13s0019g05230,411,0.1984,NAC domain-containing protein50,NAC050,VvNAC21,vv60046NAC,
333,VIT_10s0003g04990,411,0.1977,feronia receptor-like kinase,,,,
334,VIT_13s0019g04260,405,0.1975,Monoglyceride lipase,E3_1_1_23,,vv10561Glycerolipid_metabolism,
335,VIT_08s0040g01070,406,0.1964,Serine carboxypeptidase S10,,,,
336,VIT_00s0912g00010,402,0.1940,Unknown protein,,,,
337,VIT_10s0003g00600,400,0.1926,Lipase GDSL,,,,
338,VIT_10s0003g01710,391,0.1892,Ubiquitin domain containing 2,,,,
339,VIT_16s0050g01970,390,0.1884,Serine/threonine protein kinase LRK19,,,,
340,VIT_01s0011g01320,382,0.1853,Cholinephosphate cytidylyltransferase,E2_7_7_15,,vv10564Glycerophospholipid_metabolism,
341,VIT_07s0005g03310,380,0.1838,Cofilin,K05765,,vv44810Regulation_of_actin_cytoskeleton,
342,VIT_08s0007g07180,379,0.1834,Translation initiation factor eIF-3 subunit 8,K03252,,vv23013RNA_transport,
343,VIT_18s0001g07020,381,0.1833,No hit,,,,
344,VIT_06s0004g07770,375,0.1808,Peroxidase,E1_11_1_7,,vv10360Phenylalanine_metabolism,vv10680Methane_metabolism
345,VIT_01s0137g00820,372,0.1795,Phototropic-responsive NPH3,,,,
346,VIT_17s0000g01950,364,0.1764,Dihydropyrimidine dehydrogenase,E1_3_1_2,,vv10410Beta-alanine_metabolism,vv10770Pantothenate_and_CoA_biosynthesis
347,VIT_13s0067g01930,363,0.1761,Unknown protein,,,,
348,VIT_06s0004g01480,362,0.1745,Lipoxygenase LOX1,E1_13_11_12,,vv10592alpha-Linolenic_acid_metabolism,
349,VIT_18s0001g14660,360,0.1739,P-glycoprotein 13,PGP13,,vv52010ABC_transporters,
350,VIT_05s0020g01040,360,0.1737,Unknown protein,,,,
351,VIT_06s0004g06240,350,0.1706,Zinc finger (C2H2 type) family,C2H2FAM_31,,vv60017C2H2,
352,VIT_18s0001g04130,350,0.1705,Unknown,,,,
353,VIT_11s0016g02760,354,0.1704,No hit,,,,
354,VIT_10s0116g01480,356,0.1703,2-oxoglutarate dehydrogenase E2 subunit,E1_2_4_2,,vv10020Citrate_cycle,vv10380Tryptophan_metabolism
355,VIT_11s0065g00130,350,0.1697,Taxane 10-beta-hydroxylase,E1_14_13_76,,vv10904Diterpenoid_biosynthesis,
356,VIT_06s0004g03020,353,0.1696,Beta-galactosidase,E3_2_1_23,,vv10052Galactose_metabolism,vv10511N-Glycan_degradation
357,VIT_05s0077g01290,348,0.1695,Unknown protein,,,,
358,VIT_14s0083g00650,342,0.1653,No hit,,,,
359,VIT_15s0046g00630,343,0.1652,Wax synthase,E2_3_1_75,,vv11000Single_reactions,
360,VIT_09s0002g00420,342,0.1647,Senescence-associated protein,,,,
361,VIT_15s0024g00580,340,0.1637,Unknown,,,,
362,VIT_15s0046g00680,335,0.1620,Wax synthase,E2_3_1_75,,vv11000Single_reactions,
363,VIT_00s0181g00200<br>VIT_00s0181g00180,335,0.1613,
364,VIT_14s0081g00140,332,0.1606,Pentatricopeptide (PPR) repeat-containing,,,,
365,VIT_08s0007g00160,329,0.1589,Glycosyltransferase family 14,,,,
366,VIT_12s0059g02130,329,0.1584,F-box family protein,,,,
367,VIT_06s0009g03390,327,0.1581,No hit,,,,
368,VIT_12s0034g02570,325,0.1572,Leucine Rich Repeat receptor-like kinase,,,,
369,VIT_11s0016g05470,321,0.1539,Nuclear pore complex protein Nup98-Nup96,K14297,,vv23013RNA_transport,vv50109Incompletely_characterized_transport_systems
370,VIT_03s0017g01070,318,0.1536,CYP86C2,,,,
371,VIT_14s0030g01650,312,0.1502,Unknown protein,,,,
372,VIT_18s0001g09870,311,0.1499,Carbohydrate esterase,,,,
373,VIT_03s0180g00150,309,0.1491,Receptor protein kinase,,,,
374,VIT_18s0072g00580<br>VIT_11s0065g00040,308,0.1489,
375,VIT_15s0048g02090,304,0.1469,Thioesterase family,,,,
376,VIT_04s0008g02200,299,0.1444,3-beta-hydroxy-delta5-steroid dehydrogenase,E1_1_1_145,,vv10140C21-Steroid_hormone_metabolism,
377,VIT_03s0038g01160,294,0.1424,Auxin responsive SAUR protein,SAUR,,vv30003Auxin_signaling,
378,VIT_11s0016g01310,291,0.1411,TT2 (transparent testa 2),TT2_5,MYBPA4,vv44110Cell_cycle,vv60044MYB
379,VIT_18s0001g07760,288,0.1399,Unknown protein,,,,
380,VIT_19s0014g00090,290,0.1397,Glucan endo-1 3-beta-glucosidase 4 precursor,E3_2_1_39,,vv10500Starch_and_sucrose_metabolism,
381,VIT_11s0065g00170,288,0.1396,Squamosa promoter-binding protein 2 (SPL2),SPL2_3,,vv60055SBP,
382,VIT_18s0001g06390,285,0.1380,Auxin-independent growth promoter,AXI1,,vv30003Auxin_signaling,
383,VIT_04s0023g03230,280,0.1362,Auxin-responsive SAUR9,SAUR9,,vv30003Auxin_signaling,
384,VIT_15s0046g02380,280,0.1351,CYP86A8,,,,
385,VIT_04s0008g04230,273,0.1323,ABC transporter G member 22,ABCG22,,vv52010ABC_transporters,
386,VIT_08s0007g07110,272,0.1315,Unknown protein,,,,
387,VIT_00s0429g00040,272,0.1299,Aspartic proteinase nepenthesin-1 precursor,E3_4_23_12,,,
388,VIT_18s0001g13790,266,0.1281,Cytochrome P450  family 83  subfamily B  polypeptide 1,K11818,,vv10966Glucosinolate_biosynthesis,
389,VIT_11s0052g00800,262,0.1272,Protein kinase family,,,,
390,VIT_01s0182g00130,260,0.1248,PHO1-like protein,PHO1,,vv50125Porters_cat_66_to_94,
391,VIT_15s0046g00510,256,0.1233,Wax synthase,E2_3_1_75,,vv11000Single_reactions,
392,VIT_06s0004g02390,246,0.1198,Triacylglycerol lipase,E3_1_1_3,,vv10561Glycerolipid_metabolism,
393,VIT_00s0341g00080,249,0.1198,Protein TINY 2 DREB3,TINY_5,VvERF032,vv30008Ethylene_signaling,vv60003AP2_EREBP
394,VIT_04s0008g01800,245,0.1197,Myb domain protein 7,MYB7_3,MYBPA7,vv60044MYB,
395,VIT_14s0068g00090,244,0.1180,feronia receptor-like kinase,,,,
396,VIT_04s0023g01300,241,0.1160,Aminopeptidase P,E3_4_11_9,,,
397,VIT_17s0000g05610,241,0.1155,Isopiperitenol dehydrogenase,E1_1_1_223,,vv10902Monoterpenoid_biosynthesis,
398,VIT_16s0039g01670,235,0.1139,Cinnamoyl-CoA reductase,E1_2_1_44,,vv10940Phenylpropanoid_biosynthesis,
399,VIT_02s0025g00340,233,0.1131,Monodehydroascorbate reductase  chloroplast precursor,E1_6_5_4,,vv10053Ascorbate_and_aldarate_metabolism,
400,VIT_17s0000g03940,233,0.1124,ferulate 5-hydroxylase,K09755,,vv10940Phenylpropanoid_biosynthesis,
401,VIT_05s0094g01470,234,0.1122,Poly(ADP-ribose) like glycohydrolase,E3_2_1_143,,,
402,VIT_06s0061g01050,232,0.1119,Protein kinase SRPK1,,,,
403,VIT_16s0100g00290,232,0.1119,L-idonate dehydrogenase,E1_1_1_14,,vv10051Fructose_and_mannose_metabolism,
404,VIT_13s0019g02880,227,0.1101,UDP-glucoronosyl/UDP-glucosyl transferase,,,,
405,VIT_15s0046g00320,219,0.1061,Myc2 bHLH protein,MYC2_2,,vv30011Jasmonate_signaling,vv34626Plant-pathogen_interaction
406,VIT_19s0015g00300,212,0.1033,KCO1 (two pore K channel),K05389_KCO1,,vv50101Channels_and_pores,
407,VIT_11s0037g00230,214,0.1033,Cyclic nucleotide gated channel 5,K05391_CNGC5,,vv34626Plant-pathogen_interaction,vv50101Channels_and_pores
408,VIT_02s0025g02610,208,0.1008,Basic helix-loop-helix (bHLH) family,BHLHDOM_48,,vv60011BHLH,
409,VIT_16s0050g01930,207,0.1003,EIX receptor 2,,,,
410,VIT_02s0012g01870,202,0.0974,No hit,,,,
411,VIT_11s0052g01810,201,0.0966,Protein kinase,,,,
412,VIT_18s0001g00280,197,0.0953,OPCL1 (OPC-8:0 COA ligase1),K10526,,vv10592alpha-Linolenic_acid_metabolism,vv50104Group_translocators
413,VIT_10s0003g00620,196,0.0944,Lipase GDSL,,,,
414,VIT_08s0040g02820,190,0.0925,Unknown protein,,,,
415,VIT_12s0035g01890,189,0.0916,RNA recognition motif (RRM)-containing,,,,
416,VIT_19s0090g01750,189,0.0914,Unknown protein,,,,
417,VIT_06s0009g03010,188,0.0912,flavonoid 3' 5'-hydroxylase [Vitis vinifera],E1_14_13_88,,vv10941Flavonoid_biosynthesis,
418,VIT_19s0090g00660,188,0.0907,Lipase GDSL,,,,
419,VIT_18s0001g15520,184,0.0890,Leaf senescence protein,,,,
420,VIT_06s0004g01840,183,0.0887,Cytochrome c-type biogenesis protein,,,,
421,VIT_15s0046g00700,182,0.0883,Wax synthase,E2_3_1_75,,vv11000Single_reactions,
422,VIT_18s0001g11600,182,0.0882,Transducin protein,,,,
423,VIT_07s0005g02950,182,0.0882,AN3 (ANGUSITFOLIA3),AN3_2,,vv60031GIF,
424,VIT_17s0000g05020,182,0.0882,Squamosa promoter-binding protein 6 (SPL6),SPL6_2,,vv60055SBP,
425,VIT_10s0071g00270,181,0.0880,Abscisic acid-insensitive protein 3 (ABI3),ABI3_1,,vv30001ABA_signaling,vv30003Auxin_signaling
426,VIT_10s0003g04270,182,0.0876,BCL2 binding anthogene,,,,
427,VIT_14s0006g02530,177,0.0858,Non-specific lipid-transfer protein 2 (LTP 2),,,,
428,VIT_16s0022g02080,175,0.0852,Exostosin family protein,K02366,,vv11030Glycan_structures-biosynthesis1,
429,VIT_18s0001g06840,175,0.0848,Peroxidase GvPx2b class III,E1_11_1_7,,vv10360Phenylalanine_metabolism,vv10680Methane_metabolism
430,VIT_11s0052g01790,174,0.0841,No hit,,,,
431,VIT_00s0271g00110,173,0.0836,flavodoxin-like quinone reductase 1,FQR1,,vv30003Auxin_signaling,
432,VIT_12s0134g00070,171,0.0831,No hit,,,,
433,VIT_07s0005g01930,172,0.0829,Pectinesterase family,E3_1_1_11,,vv40006Cell_wall,
434,VIT_13s0047g00360,170,0.0826,6-hydroxyisobutyryl-coenzyme A hydrolase,E3_1_2_4,,vv10280Valine_leucine_and_isoleucine_degradation,vv10410Beta-alanine_metabolism
435,VIT_05s0094g01010,165,0.0799,Indole-3-acetate beta-glucosyltransferase,E2_4_1_121,,vv11002Auxin_biosynthesis,
436,VIT_01s0010g02220,163,0.0791,Zinc finger (C3HC4-type ring finger),ZFC3HC4_200,,vv60078Other_zf-C3HC4,
437,VIT_10s0003g02260,163,0.0788,Naringenin 2-oxoglutarate 3-dioxygenase,E1_14_11_9,,vv10941Flavonoid_biosynthesis,
438,VIT_13s0019g04650,162,0.0781,Thioredoxin 8,,,,
439,VIT_19s0090g01460,159,0.0775,SWIB complex BAF60b domain-containing protein,SWIB_12,,vv60092SWIB,
440,VIT_00s2197g00010,159,0.0774,Gibberellin 20-oxidase,E1_14_11_12,,vv10904Diterpenoid_biosynthesis,
441,VIT_01s0011g00420,157,0.0763,RPK1 (receptor-like protein kinase 1),,,,
442,VIT_08s0058g00800,158,0.0763,Wound-induced protein WI12,,,,
443,VIT_13s0067g03240,155,0.0749,Peptide transporter PTR2-B,PTR2B,,vv50122Porters_cat_7_to_17,
444,VIT_08s0007g07550,153,0.0741,GATA transcription factor 11,GAT11_3,,vv60016C2C2-GATA,
445,VIT_15s0046g01950,153,0.0739,Anthocyanidine rhamnosyl-transferase,RHATR,,vv10942Anthocyanin_biosynthesis,
446,VIT_13s0156g00190,152,0.0735,No hit,,,,
447,VIT_07s0104g00190,151,0.0732,7S globulin precursor  basic,,,,
448,VIT_11s0037g01370,152,0.0730,Ankyrin,K10380,,,
449,VIT_03s0038g02040,151,0.0729,Amidase,E3_5_1_4,,vv10220Urea_cycle_and_metabolism_of_amino_groups,vv10360Phenylalanine_metabolism
450,VIT_00s0771g00020,150,0.0727,Unknown protein,,,,
451,VIT_07s0141g00730,150,0.0721,Histone H1,,,,
452,VIT_19s0014g02480,143,0.0691,Haloacid dehalogenase hydrolase,E3_1_3_18,,vv10630Glyoxylate_and_dicarboxylate_metabolism,
453,VIT_16s0039g02720,142,0.0682,Glutamate dehydrogenase 2 (GDH2),E1_4_1_2,,vv10251Glutamate_metabolism,vv10910Nitrogen_metabolism
454,VIT_03s0063g01910,138,0.0663,Integral membrane protein,,,,
455,VIT_08s0007g02920,136,0.0654,ATAN11 (ANTHOCYANIN11),,,,
456,VIT_08s0007g08210,135,0.0652,Zinc finger (CCCH-type) family protein,CCCHFAM_36,,vv60018C3H,
457,VIT_07s0005g02220,134,0.0646,LHCII type I CAB-1,K08912,,vv10196Photosynthesis_antenna_proteins,vv50105Transport_electron_carriers
458,VIT_05s0049g00220,134,0.0646,2-oxoglutarate-dependent dioxygenase,,,,
459,VIT_06s0004g01350,133,0.0642,Emsy N terminus domain-containing protein,,,,
460,VIT_02s0025g01410,131,0.0636,Acyl-CoA synthetase long-chain member 2,E6_2_1_3_LACS2,,vv10071Fatty_acid_metabolism,vv44146Peroxisome
461,VIT_07s0005g04860,129,0.0623,Glutaredoxin protein,,,,
462,VIT_02s0025g02550,127,0.0613,Late embryogenesis abundant protein,,,,
463,VIT_13s0019g03510,126,0.0611,Zinc finger (CCCH-type) family protein,CCCHFAM_14,,vv60018C3H,
464,VIT_10s0003g00560,125,0.0604,Wuschel homeobox 9,WOX9,VvHB37,vv60034HB,
465,VIT_04s0044g00450,124,0.0602,Nodulin MtN21 family,MTN21,,vv50122Porters_cat_7_to_17,
466,VIT_00s0620g00010,124,0.0602,Triacylglycerol lipase,E3_1_1_3,,vv10561Glycerolipid_metabolism,
467,VIT_08s0007g05080,123,0.0598,Unknown protein,,,,
468,VIT_03s0063g00580,122,0.0589,Rad54,K10875,,vv23440Homologous_recombination,vv60058SNF2
469,VIT_15s0046g02460,120,0.0582,Growth-on protein GRO11,,,,
470,VIT_15s0021g02410,116,0.0561,Malate dehydrogenase  cytosolic,E1_1_1_37,,vv10020Citrate_cycle,vv10620Pyruvate_metabolism
471,VIT_18s0001g01440,115,0.0559,No hit,,,,
472,VIT_07s0005g01790,115,0.0557,Acyl-CoA synthetase long-chain member 2,E6_2_1_3_LACS2,,vv10071Fatty_acid_metabolism,vv44146Peroxisome
473,VIT_01s0150g00260,115,0.0554,Zinc finger (C3HC4-type ring finger),ZFC3HC4_2,,vv60078Other_zf-C3HC4,
474,VIT_00s0286g00140<br>VIT_00s0484g00010<br>VIT_00s2549g00010,113,0.0547,
475,VIT_13s0064g01660,113,0.0546,Prunasin hydrolase isoform PHA precursor,E3_2_1_118,,vv10460Cyanoamino_acid_metabolism,
476,VIT_19s0027g00860,113,0.0542,NAC domain-containing protein 42,NAC042_2,VvNAC31,vv60046NAC,
477,VIT_18s0001g11710,111,0.0537,Photosystem II PsbO protein,K02716,,vv10195Photosynthesis,vv50113Thylakoid_targeting_pathway
478,VIT_17s0000g01260,109,0.0527,Squamosa promoter-binding protein 13 (SPL13),SPL13_1,,vv60055SBP,
479,VIT_11s0052g00530,109,0.0526,Zinc-binding protein,,,,
480,VIT_03s0097g00090,108,0.0524,Lectin protein kinase,,,,
481,VIT_04s0008g01250,107,0.0520,Unknown,,,,
482,VIT_01s0010g03880,105,0.0505,Unknown protein,,,,
483,VIT_06s0009g01220,101,0.0487,Subtilisin protease C1,,,,
484,VIT_08s0056g00850,98,0.0476,No hit,,,,
485,VIT_15s0048g00550,97,0.0472,Abnormal floral organs,AFO_2,,vv60019C2C2-YABBY,
486,VIT_05s0136g00370,97,0.0468,No hit,,,,
487,VIT_18s0001g10330,96,0.0465,Subtilisin protease,ARA12,,vv50101Channels_and_pores,
488,VIT_14s0108g01080,95,0.0457,Myb domain protein 106,MYB106_2,MYB141,vv60044MYB,
489,VIT_06s0009g01140,92,0.0444,Amino acid permease,AAPREL,,vv50123Porters_cat_18_to_29,
490,VIT_14s0128g00160,91,0.0443,Protein kinase CDG1,,,,
491,VIT_00s0984g00010,91,0.0439,Phosphoglycerate mutase,E5_4_2_1,,vv10010Glycolysis,
492,VIT_02s0025g03240,88,0.0426,Protein kinase,,,,
493,VIT_05s0020g04440,88,0.0424,Unknown protein,,,,
494,VIT_18s0001g09920,87,0.0421,Cyclin delta-3 (CYCD3_1),CYCD3,,vv30007Cytokinin_signaling,vv44110Cell_cycle
495,VIT_16s0050g02120,87,0.0420,HcrVf3 protein,,,,
496,VIT_04s0023g02230,86,0.0418,S-adenosyl-L-methionine:salicylic acid carboxyl methyltransferase,SAMTBSCMT,,vv10360Phenylalanine_metabolism,
497,VIT_12s0142g00640,86,0.0417,FLS2 (flagellin-sensitive 2),K13420,,vv34626Plant-pathogen_interaction,
498,VIT_01s0011g02420,86,0.0417,Unknown,,,,
499,VIT_04s0043g00850,85,0.0411,Unknown protein,,,,
500,VIT_05s0049g00750,84,0.0404,No hit,,,,
501,VIT_08s0007g08010,82,0.0396,No hit,,,,
502,VIT_03s0110g00230,79,0.0381,Seed maturation protein PM23,,,,
503,VIT_13s0019g03490,78,0.0380,Zinc finger (CCCH-type) family protein,CCCHFAM_15,,vv60018C3H,
504,VIT_16s0022g02330,77,0.0373,MADS-box agamous-like 6,AGL6_2,,vv60042MADS,
505,VIT_09s0002g02220,75,0.0366,Protein kinase CDG1,,,,
506,VIT_03s0088g00880,75,0.0365,Kinase,,,,
507,VIT_09s0070g00310,75,0.0360,Glucan endo-1 3-beta-glucosidase 6 precursor,E3_2_1_39,,vv10500Starch_and_sucrose_metabolism,
508,VIT_12s0134g00130,74,0.0359,Ribosomal protein L2 60S,K02886,,vv23010Ribosome,
509,VIT_08s0040g01040,74,0.0359,Serine carboxypeptidase II,,,,
510,VIT_11s0037g00870,74,0.0358,AP2-like ethylene-responsive transcription factor,AP2_1,VvAP2-01,vv30008Ethylene_signaling,vv60003AP2_EREBP
511,VIT_07s0031g01520,74,0.0357,No hit,,,,
512,VIT_03s0038g04500,74,0.0357,Bifunctional dihydrofolate reductase-thymidylate synthase 1,K13998,,vv10240Pyrimidine_metabolism,vv10670One_carbon_pool_by_folate
513,VIT_14s0108g00150,73,0.0352,Calmodulin-binding region IQD28,IQD28,,,
514,VIT_08s0032g01140,71,0.0344,Unknown protein,,,,
515,VIT_00s0593g00010,71,0.0343,Pentatricopeptide (PPR) repeat-containing protein,,,,
516,VIT_08s0007g06250,71,0.0342,Strubbelig receptor family 2,,,,
517,VIT_19s0015g00510,70,0.0338,Pectate lyase 2,E4_2_2_2,,vv40006Cell_wall,
518,VIT_04s0043g00340,70,0.0338,Myb KAN1 (KANADI 1),KANADI,,vv60029G2-like,
519,VIT_14s0060g00710,69,0.0335,Synbindin TRAPPC4,TRAPPC4,,vv50110Protein_coat,
520,VIT_11s0016g02540,68,0.0329,Xaa-Pro dipeptidase,E3_4_13_9,,,
521,VIT_15s0021g01140,68,0.0328,Calcium-dependent protein kinase-related,,,,
522,VIT_13s0067g00730,68,0.0328,Carboxylic ester hydrolase,E3_1_1_1,,,
523,VIT_03s0097g00280,68,0.0327,Unknown protein,,,,
524,VIT_14s0030g01670,67,0.0326,Proteasome 26S regulatory subunit (RPN6),K03036,,vv23050Proteasome,
525,VIT_01s0011g02000,67,0.0324,Serine carboxypeptidase S10,,,,
526,VIT_12s0059g01870,67,0.0324,GH3-like protein,AUXINBIOSYNTHESIS_GH3,,vv11002Auxin_biosynthesis,
527,VIT_18s0001g07410,67,0.0322,Basic helix-loop-helix (bHLH) family,BHLHDOM_65,,vv60011BHLH,
528,VIT_12s0034g00010,65,0.0317,No hit,,,,
529,VIT_11s0016g00580,65,0.0314,Unknown,,,,
530,VIT_11s0103g00530,65,0.0313,Oxysterol binding protein,,,,
531,VIT_11s0065g01040<br>VIT_11s0065g01160,64,0.0310,
532,VIT_18s0041g01270,64,0.0309,Amino acid permease 2,AAP2,,vv50123Porters_cat_18_to_29,
533,VIT_04s0008g05640,63,0.0304,Protease inhibitor/seed storage/lipid transfer protein (LTP),,,,
534,VIT_02s0087g00630,60,0.0292,Alcohol oxidase,E1_1_3_13,,vv10680Methane_metabolism,
535,VIT_17s0000g03150,60,0.0290,No hit,,,,
536,VIT_00s2300g00010,60,0.0290,Acyltransferase,E2_3_1_x,,,
537,VIT_10s0003g03620,59,0.0285,Lupeol synthase 2,E5_4_99_8,,vv10100Biosynthesis_of_steroids,
538,VIT_17s0000g04260,59,0.0285,Universal stress protein (USP) family protein,,,,
539,VIT_01s0127g00220,59,0.0285,PMR5 (powdery mildew resistant 5),,,,
540,VIT_10s0003g03330,58,0.0280,Receptor-like serine-threonine protein kinase,,,,
541,VIT_11s0016g04180,58,0.0279,Coatomer protein complex  subunit beta 2,COPB2,,vv50110Protein_coat,
542,VIT_06s0004g03130,57,0.0275,Auxin response factor 4,ARF4,,vv30003Auxin_signaling,vv60004ARF
543,VIT_06s0061g00220,56,0.0273,Transcription initiation factor TFIIB,K03124,,vv23022Basal_transcription_factors,
544,VIT_04s0069g00360,55,0.0266,No hit,,,,
545,VIT_18s0001g03240,54,0.0262,DREB sub A-5 of ERF/AP2 transcription factor,ERF012,VvERF008,vv30008Ethylene_signaling,vv60003AP2_EREBP
546,VIT_04s0023g02690,54,0.0262,Beta-galactosidase,E3_2_1_23,,vv10052Galactose_metabolism,vv10511N-Glycan_degradation
547,VIT_13s0064g00870,52,0.0252,FRA10AC1,,,,
548,VIT_14s0060g01810,52,0.0251,Unknown protein,,,,
549,VIT_12s0059g00220,51,0.0244,Epoxide hydrolase,E3_3_2_10,,,
550,VIT_01s0011g02130,50,0.0241,Peptidoglycan-binding LysM domain-containing protein,,,,
551,VIT_15s0046g01340,49,0.0237,Unknown protein,,,,
552,VIT_03s0038g00110,49,0.0236,Nucleolar protein 4 NOP4,K14573,,vv23008Ribosome_biogenesis_in_Eukaryotes,
553,VIT_00s0187g00180,48,0.0233,No hit,,,,
554,VIT_08s0007g03660,48,0.0232,CYP94C9,,,,
555,VIT_14s0060g01510,48,0.0232,Importin alpha,IMPALPHA,,vv50109Incompletely_characterized_transport_systems,vv50112Nuclear_pore_complex
556,VIT_04s0023g03650,47,0.0228,Galactose mutarotase-like,E5_1_3_3,,vv10010Glycolysis,
557,VIT_03s0038g03460,46,0.0223,Auxin-induced SAUR,SAUR,,vv30003Auxin_signaling,
558,VIT_03s0038g04150,46,0.0222,FAR1-related sequence 9,FRS9,,vv60071Orphans_far-red,
559,VIT_13s0156g00020,46,0.0221,SC35 splicing factor SCL30a  30a kD,,,,
560,VIT_16s0022g00470,45,0.0218,Peroxisomal biogenesis factor 11 (PEX11),,,,
561,VIT_00s0211g00030,44,0.0213,Symbiosis receptor kinase,,,,
562,VIT_13s0019g03700,44,0.0212,Lateral organ boundaries protein 1,LBD1_8,,vv60007AS2,
563,VIT_09s0002g07250,43,0.0210,No hit,,,,
564,VIT_07s0031g01250,43,0.0208,1-acylglycerone phosphate reductase,E1_1_1_101,,vv10564Glycerophospholipid_metabolism,vv10565Ether_lipid_metabolism
565,VIT_11s0016g03250,42,0.0204,Lachrymatory factor synthase,,,,
566,VIT_01s0010g02740,42,0.0204,4-coumarate-CoA ligase,E6_2_1_12,,vv10940Phenylpropanoid_biosynthesis,vv50104Group_translocators
567,VIT_16s0039g01220,42,0.0203,C2 domain-containing protein,,,,
568,VIT_00s0294g00100,42,0.0203,Brassinosteroid insensitive 1-associated receptor kinase 1,BAK1,,vv30005Brassinosteroids_signaling,
569,VIT_13s0139g00070,42,0.0203,R protein MLA10,K13475,,vv34627R_proteins_from_Plant-pathogen_interaction,
570,VIT_14s0083g00720,42,0.0203,Pentatricopeptide (PPR) repeat-containing,,,,
571,VIT_10s0071g00230,41,0.0199,HcrVf1 protein,,,,
572,VIT_07s0141g00580,41,0.0198,Glycosyl transferase family 8 protein,,,,
573,VIT_08s0040g02380,41,0.0197,Hydrolase  alpha/beta fold,,,,
574,VIT_17s0000g07530,40,0.0194,Transportin-SR,TRANSPORTINSR,,vv50112Nuclear_pore_complex,
575,VIT_04s0023g00490,39,0.0187,Auxin responsive SAUR protein,SAUR,,vv30003Auxin_signaling,
576,VIT_10s0003g01940,38,0.0185,RKF1 (receptor-like kinase in flowers 1),,,,
577,VIT_14s0083g01030,38,0.0182,MADS-box APETALA 1,APETALA1_1,,vv30009Flower_development,vv60042MADS
578,VIT_18s0001g11560,37,0.0180,CyP82A3,,,,
579,VIT_14s0219g00170,37,0.0180,Zinc finger (CCCH-type) family protein,CCCHFAM_19,,vv60018C3H,
580,VIT_18s0041g01480,37,0.0179,No hit,,,,
581,VIT_03s0038g01100<br>VIT_03s0038g01120,37,0.0179,
582,VIT_14s0066g01790,37,0.0178,GASA like,GASAL,,vv30010Gibberellin_signaling,
583,VIT_12s0059g00230,35,0.0170,Epoxide hydrolase 2,E3_3_2_10,,,
584,VIT_08s0007g03990,35,0.0169,Cellulose synthase CSLA09,E2_4_1_12_CSLA09,,vv40006Cell_wall,
585,VIT_13s0019g01520,33,0.0160,Protease inhibitor/seed storage/lipid transfer protein (LTP),,,,
586,VIT_06s0004g05790,33,0.0160,Unknown protein,,,,
587,VIT_01s0011g06050,33,0.0159,RNA recognition motif (RRM)-containing protein,,,,
588,VIT_17s0000g03800,32,0.0155,Unknown protein,,,,
589,VIT_02s0012g00180,31,0.0151,Serine protease,,,,
590,VIT_11s0118g00180,30,0.0145,HHP1 (heptahelical protein 1),,,,
591,VIT_11s0016g04260,30,0.0145,Hydrolase  alpha/beta fold,,,,
592,VIT_17s0000g02830,29,0.0141,R protein MLA10,K13475,,vv34627R_proteins_from_Plant-pathogen_interaction,
593,VIT_11s0016g02220,29,0.0140,Transducin family protein / WD-40 repeat,,,,
594,VIT_14s0030g01200,28,0.0136,R protein disease resistance protein,RPROT,,vv34627R_proteins_from_Plant-pathogen_interaction,
595,VIT_11s0016g05280,28,0.0136,Peroxidase,E1_11_1_7,,vv10360Phenylalanine_metabolism,vv10680Methane_metabolism
596,VIT_01s0011g05250,28,0.0136,Senescence-associated protein,,,,
597,VIT_13s0019g03040,27,0.0131,Indole-3-acetate beta-glucosyltransferase,E2_4_1_121,,vv11002Auxin_biosynthesis,
598,VIT_08s0007g02030,27,0.0131,AUX1 protein,AUX1,,vv50004Auxin_transport,vv50123Porters_cat_18_to_29
599,VIT_00s0361g00040,27,0.0129,Anthocyanidin reductase,E1_3_1_77,,vv10941Flavonoid_biosynthesis,
600,VIT_18s0001g03990,26,0.0126,Stearoyl-ACP desaturase,E1_14_19_2,,vv11040Biosynthesis_of_unsaturated_fatty_acids,
601,VIT_17s0000g04820,25,0.0121,BSD domain-containing protein,BSDDOM_7,,vv60075Other_BSD,
602,VIT_03s0063g00030,25,0.0121,Unknown protein,,,,
603,VIT_02s0033g01060,25,0.0121,Anthraniloyal-CoA: methanol anthraniloyal transferase,AMAT,,vv10400Phenylalanine_tyrosine_and_tryptophan_biosynthesis,
604,VIT_08s0040g02110,24,0.0116,NAC domain containing protein 2,NAC2_4,VvNAC45,vv60046NAC,
605,VIT_16s0098g01390,24,0.0116,Yippee,,,,
606,VIT_19s0015g02530,23,0.0111,No hit,,,,
607,VIT_15s0021g02360,23,0.0111,No hit,,,,
608,VIT_11s0052g00700,23,0.0111,Serine/theronine protein kinase 2,,,,
609,VIT_01s0011g02730,23,0.0111,ABC transporter G member 3,K05682,,vv52010ABC_transporters,
610,VIT_05s0029g00470,22,0.0107,Unknown protein,,,,
611,VIT_11s0052g01140,22,0.0106,Membrane protein,,,,
612,VIT_12s0028g01170,22,0.0106,Auxin response factor ARF6,ARF6_4,,vv30003Auxin_signaling,vv60004ARF
613,VIT_07s0151g00510,22,0.0106,GCN5 N-acetyltransferase (GNAT),GCN5_22,,vv60082GNAT,
614,VIT_14s0006g02990,22,0.0106,3-ketoacyl-CoA synthase,,,,
615,VIT_09s0002g08050,22,0.0105,Unknown protein,,,,
616,VIT_05s0029g01040,21,0.0101,Aspartate aminotransferase,E2_6_1_1,vv10710Carbon_fixation,vv10252Alanine_and_aspartate_metabolism,vv10272Cysteine_metabolism
617,VIT_02s0033g00900,21,0.0101,Unc51-like kinase,K08269,,vv44140Regulation_of_autophagy,vv34150mTOR_signaling_pathway
618,VIT_00s0245g00010,21,0.0101,Integral membrane protein,,,,
619,VIT_14s0108g01660,21,0.0101,Biotin carboxyl carrier protein of acetyl-CoA carboxylase,E6_4_1_2,,vv10061Fatty_acid_biosynthesis,vv10620Pyruvate_metabolism
620,VIT_06s0004g06090,20,0.0097,Diphenol oxidase,E1_10_3_1,,vv10350Tyrosine_metabolism,vv50109Incompletely_characterized_transport_systems
621,VIT_13s0074g00420,20,0.0097,Unknown,,,,
622,VIT_05s0165g00130,20,0.0097,Ankyrin repeat family,K10380,,vv50108Accessory_factors_involved_in_transport,
623,VIT_09s0002g02490,20,0.0096,Dof zinc finger protein 1,ADOF1,,vv60015C2C2-DOF,
624,VIT_10s0116g00350,20,0.0096,Unknown protein,,,,
625,VIT_04s0008g03160,20,0.0096,G protein protein gamma subunit (AGG2),,,,
626,VIT_19s0090g00770,19,0.0092,F-box family protein,,,,
627,VIT_06s0004g04430,19,0.0092,Ubiquitin-conjugating enzyme E2 G1,K10575,,vv24120Ubiquitin_mediated_proteolysis,vv24141Protein_processing_in_endoplasmic_reticulum
628,VIT_19s0014g04930,19,0.0092,Germacrene-D synthase,E4_2_3_22,,vv10900Terpenoid_biosynthesis,
629,VIT_14s0060g02710,19,0.0092,Germin,,,,
630,VIT_11s0037g00290,19,0.0092,Plastocyanin domain-containing protein,K02638,,vv10195Photosynthesis,vv50113Thylakoid_targeting_pathway
631,VIT_07s0129g00360,19,0.0092,Peroxidase 73,E1_11_1_7,,vv10360Phenylalanine_metabolism,vv10680Methane_metabolism
632,VIT_08s0007g03680,19,0.0091,Unknown,,,,
633,VIT_10s0003g03600<br>VIT_10s0003g03520,18,0.0087,
634,VIT_16s0022g02060,18,0.0087,K+ efflux antiporter (KEA5),KEA5,,vv50124Porters_cat_30_to_64,
635,VIT_14s0068g02050,18,0.0087,No hit,,,,
636,VIT_09s0054g00690,16,0.0078,Vacuolar processing enzyme alpha,,,,
637,VIT_08s0007g08110,16,0.0078,1-acyl-sn-glycerol-3-phosphate acyltransferase,E2_3_1_51,,vv10561Glycerolipid_metabolism,vv10564Glycerophospholipid_metabolism
638,VIT_00s0978g00020,16,0.0077,Unknown protein,,,,
639,VIT_01s0150g00220,16,0.0077,Unknown protein,,,,
640,VIT_08s0007g00590,16,0.0077,No hit,,,,
641,VIT_10s0003g04240,16,0.0077,Tyrosine decarboxylase,E4_1_1_25,,vv10350Tyrosine_metabolism,vv10950Alkaloid_biosynthesis_I
642,VIT_11s0016g05900,15,0.0073,Clathrin assembly protein 10,CAP10,,vv50110Protein_coat,
643,VIT_17s0000g00300,15,0.0073,Signal recognition particle subunit 68 SRP68,K03107,,vv23060Protein_export,vv50132Primary_active_transporter_cat_A5_to_A8
644,VIT_18s0001g10830,15,0.0073,Patatin,,,,
645,VIT_14s0006g02570,15,0.0073,Protease inhibitor/seed storage/lipid transfer protein (LTP),,,,
646,VIT_08s0007g00890,15,0.0073,Tropinone reductase,E1_1_1_206,,vv10220Urea_cycle_and_metabolism_of_amino_groups,
647,VIT_04s0008g01120,15,0.0073,Glutaredoxin,,,,
648,VIT_08s0007g00940,15,0.0072,LHW (lonesome highway),LHW_3,,vv60011BHLH,
649,VIT_01s0010g03860,15,0.0072,Unknown,,,,
650,VIT_11s0118g00110,15,0.0072,AT-hook DNA-binding protein,,,,
651,VIT_10s0003g03610,15,0.0072,Lupeol synthase 2,E5_4_99_8,,vv10100Biosynthesis_of_steroids,
652,VIT_10s0071g00850,14,0.0068,Binding,,,,
653,VIT_12s0134g00650,13,0.0063,Anthocyanin 5-aromatic acyltransferase,E2_3_1_153,,vv10941Flavonoid_biosynthesis,vv10942Anthocyanin_biosynthesis
654,VIT_14s0030g00670,13,0.0063,Dehydroquinate dehydratase,E4_2_1_10,,vv10400Phenylalanine_tyrosine_and_tryptophan_biosynthesis,
655,VIT_01s0011g02080,13,0.0063,Ribosomal protein L36a/L44 (RPL36aB) 60S,K02920,,vv23010Ribosome,
656,VIT_18s0001g13500,13,0.0063,forkhead-associated domain-containing protein,FHADOM_9,,vv60028FHA,
657,VIT_19s0090g00710,13,0.0063,No hit,,,,
658,VIT_12s0059g00150,12,0.0058,Ankyrin repeat,K10380,,vv50108Accessory_factors_involved_in_transport,
659,VIT_08s0105g00570,12,0.0058,Adenosine/AMP deaminase active site,E3_5_4_4,,vv10230Purine_metabolism,
660,VIT_11s0016g01850,12,0.0058,Anthocyanidin-3-glucoside rhamnosyltransferase,RHATR,,vv10942Anthocyanin_biosynthesis,
661,VIT_02s0025g03100,12,0.0058,Cinnamyl alcohol dehydrogenase,E1_1_1_195,,vv10940Phenylpropanoid_biosynthesis,
662,VIT_06s0061g00620,12,0.0058,Short-chain dehydrogenase carbonyl reductase 3,,,,
663,VIT_14s0066g02410,12,0.0058,Betaine-aldehyde dehydrogenase,E1_2_1_8,,vv10260Glycine_serine_and_threonine_metabolism,vv50101Channels_and_pores
664,VIT_19s0090g00790,12,0.0058,F-box family protein,,,,
665,VIT_04s0008g05560,12,0.0058,IAA29,IAA29_1,,vv30003Auxin_signaling,vv60008AUXIAA
666,VIT_18s0001g10580,11,0.0053,Glycosyl transferase family 8 protein,,,,
667,VIT_15s0046g02300,11,0.0053,Beta-cyanoalanine synthase,E2_5_1_47,,vv10272Cysteine_metabolism,vv10450Selenoamino_acid_metabolism
668,VIT_16s0050g00830,10,0.0049,Beta-ketoacyl-CoA synthase,E2_3_1_41,,vv10061Fatty_acid_biosynthesis,
669,VIT_07s0031g00200,10,0.0048,IMP dehydrogenase,E1_1_1_205,,vv10230Purine_metabolism,
670,VIT_03s0017g00540,10,0.0048,Subtilase,,,,
671,VIT_00s0827g00040,10,0.0048,Alpha-mannosidase,E3_2_1_113,,vv10510N-Glycan_biosynthesis,vv11030Glycan_structures-biosynthesis1
672,VIT_19s0090g00050,10,0.0048,Pollen Ole e 1 allergen and extensin,,,,
673,VIT_06s0009g00580,10,0.0048,Receptor protein kinase,,,,
674,VIT_12s0055g00970,10,0.0048,Pentatricopeptide repeat,,,,
675,VIT_18s0001g14910,10,0.0048,Mannitol dehydrogenase,E1_1_1_67,,vv10051Fructose_and_mannose_metabolism,
676,VIT_00s0682g00040,10,0.0048,No hit,,,,
677,VIT_01s0011g04010,9,0.0044,Catalytic,,,,
678,VIT_05s0102g00160,9,0.0044,Zinc finger (Ran-binding),ZFRANBPDOM_7,,vv60080Other_zf,
679,VIT_01s0137g00240,9,0.0044,Pectate lyase,E4_2_2_2,,vv40006Cell_wall,
680,VIT_18s0001g14600,9,0.0044,Pentatricopeptide (PPR) repeat-containing protein,,,,
681,VIT_16s0098g01550,9,0.0044,No hit,,,,
682,VIT_07s0005g02440,9,0.0044,Pectinacetylesterase,PAE,,vv40006Cell_wall,
683,VIT_06s0061g00060,9,0.0044,THUMP domain-containing protein 1,,,,
684,VIT_03s0180g00080,9,0.0044,Cyclase,,,,
685,VIT_03s0038g02380,9,0.0044,RAC G-protein Rac1,RAC1,,vv34020Calcium_signaling_pathway,
686,VIT_08s0007g02170,9,0.0043,Yippee,,,,
687,VIT_12s0059g02470,9,0.0043,Unknown protein,,,,
688,VIT_13s0067g03060,9,0.0043,Methionyl-tRNA synthetase,E6_1_1_10,,vv10271Methionine_metabolism,vv10450Selenoamino_acid_metabolism
689,VIT_17s0000g02700,9,0.0043,Alpha-dioxygenase 2,K10529,,vv10592alpha-Linolenic_acid_metabolism,
690,VIT_07s0031g00650,9,0.0043,Defective chloroplasts and leaves protein / DCL protein,,,,
691,VIT_08s0007g06460,9,0.0043,Laccase (diphenol oxidase)-like protein,E1_10_3_2,,vv11000Single_reactions,vv50109Incompletely_characterized_transport_systems
692,VIT_14s0068g00330,9,0.0043,PTF1 (plastid transcription factor 1) TCP13,PTF1,,vv60061TCP,
693,VIT_18s0001g10870,9,0.0043,Patatin,,,,
694,VIT_18s0072g00290,9,0.0043,No hit,,,,
695,VIT_18s0001g07640,9,0.0043,Eceriferum 2 (CER2),,,,
696,VIT_14s0081g00020,9,0.0043,Pathogenesis-related protein-4 (Chitinase ),E3_2_1_14,,vv10530Aminosugars_metabolism,
697,VIT_17s0000g07890,8,0.0039,Rac-like GTP-binding protein ARAC10 (GTPase protein ROP10),ROP10,,vv34020Calcium_signaling_pathway,
698,VIT_17s0000g03070,7,0.0034,R protein MLA10,K13475,,vv34627R_proteins_from_Plant-pathogen_interaction,
699,VIT_09s0002g06770,7,0.0034,Unknown protein,,,,
700,VIT_11s0016g01480,7,0.0034,Nuclear transcription factor Y subunit A-3,NFYA3_1,,vv60021CCAAT,
701,VIT_14s0171g00390,7,0.0034,DNA-binding storekeeper protein,STOREKEEPER_1,,vv60030GeBP,
702,VIT_13s0084g00130,7,0.0034,CXE carboxylesterase,E3_1_1_1,,,
703,VIT_16s0098g00400,7,0.0034,Receptor serine/threonine kinase PR5K-l,,,,
704,VIT_14s0083g01100,7,0.0034,Alpha-1 4-glucan-protein synthase 1,E2_4_1_113,,vv10500Starch_and_sucrose_metabolism,
705,VIT_00s0823g00020<br>VIT_00s0670g00020,7,0.0034,
706,VIT_10s0003g00780,7,0.0034,Glutamate receptor 3.4,GLR3_4,,vv50101Channels_and_pores,
707,VIT_12s0121g00180,7,0.0034,Diacylglycerol kinase,E2_7_1_107,,vv10561Glycerolipid_metabolism,vv10564Glycerophospholipid_metabolism
708,VIT_09s0002g03130,6,0.0029,FRK1 (FLG22-induced receptor-like kinase 1),FRK1,,vv34626Plant-pathogen_interaction,
709,VIT_17s0000g09050,6,0.0029,No hit,,,,
710,VIT_18s0072g01170,6,0.0029,Phosphoribosylanthranilate transferase,E2_4_2_18,,vv10400Phenylalanine_tyrosine_and_tryptophan_biosynthesis,
711,VIT_08s0007g02970,6,0.0029,Unknown protein,,,,
712,VIT_17s0000g03430,6,0.0029,Adaptor-related protein complex 3  delta 1 sub,AP3D1,,vv50110Protein_coat,
713,VIT_18s0001g08490,6,0.0029,Early-responsive to dehydration,,,,
714,VIT_06s0004g08290,6,0.0029,KH domain-containing protein,,,,
715,VIT_12s0059g00720,6,0.0029,Cupin region,,,,
716,VIT_05s0051g00120,6,0.0029,N-6 Adenine-specific DNA methylase,E2_1_1_72,,vv10271Methionine_metabolism,
717,VIT_01s0011g01290,6,0.0029,N-carbamyl-L-amino acid amidohydrolase,E3_5_1_6,,vv10240Pyrimidine_metabolism,vv10410Beta-alanine_metabolism
718,VIT_12s0028g02640,6,0.0029,GTP-binding protein typA/bipA,K06207,,,
719,VIT_12s0028g03900,6,0.0029,No hit,,,,
720,VIT_14s0006g02140,6,0.0029,Cis-zeatin O-beta-D-glucosyltransferase,E2_4_1_215,,vv10908Zeatin_biosynthesis,
721,VIT_05s0020g02170,6,0.0029,Sugar transporter ERD6-like 16,ERD6L16,,vv50121Porters_cat_1_to_6,
722,VIT_13s0047g00310,6,0.0029,C2H2 zinc-finger protein SERRATE (SE),,,,
723,VIT_07s0005g03570,6,0.0029,Arabinose-5-phosphate isomerase,E5_3_1_13,,vv10540Lipopolysaccharide_biosynthesis,
724,VIT_17s0000g09110,6,0.0029,Ribosomal protein L27A (RPL27aC) 60S,K02900,,vv23010Ribosome,
725,VIT_01s0026g02330,6,0.0029,Phytochrome kinase substrate,,,,
726,VIT_01s0011g02780,6,0.0029,Unknown protein,,,,
727,VIT_08s0007g04540,6,0.0029,Oxidoreductase  2OG-Fe(II) oxygenase,,,,
728,VIT_13s0106g00230,6,0.0029,Ankyrin,K10380,,,
729,VIT_05s0094g00740,6,0.0029,Stearoyl-acyl-[acyl-carrier-protein] desaturase,E1_14_19_2,,vv11040Biosynthesis_of_unsaturated_fatty_acids,
730,VIT_15s0021g02300,6,0.0029,Squamosa promoter-binding protein 8 (SPL8),SPL8,,vv60055SBP,
731,VIT_12s0034g01240,6,0.0029,GNS1/SUR4 membrane,,,,
732,VIT_16s0050g00020,6,0.0029,Cullin-4,K10609,,vv23420Nucleotide_excision_repair,vv24120Ubiquitin_mediated_proteolysis
733,VIT_19s0015g00740,5,0.0024,Prefoldin,,,,
734,VIT_06s0004g01280,4,0.0019,No hit,,,,
735,VIT_18s0001g06420,4,0.0019,No hit,,,,
736,VIT_00s0753g00010,4,0.0019,Unknown,,,,
737,VIT_01s0010g02830,4,0.0019,No hit,,,,
738,VIT_13s0047g00230,4,0.0019,Pectinesterase family,E3_1_1_11,,vv40006Cell_wall,
739,VIT_16s0050g00040,4,0.0019,Pentatricopeptide (PPR) repeat-containing,,,,
740,VIT_17s0000g03790,4,0.0019,Unknown protein,,,,
741,VIT_05s0077g02030,4,0.0019,Epoxide hydrolase,E3_3_2_10,,,
742,VIT_16s0098g00810,4,0.0019,Unknown protein,,,,
743,VIT_07s0031g01160,3,0.0015,Hyperosmotically inducible periplasmic protein,K04065,,vv50131Primary_active_transporter_cat_A2_to_A4,
744,VIT_10s0092g00490,3,0.0015,CYP71A12,,,,
745,VIT_09s0002g05560,3,0.0015,ABC transporter g family pleiotropic drug resistance 12 PDR12,ABCGPDR12,,vv52010ABC_transporters,
746,VIT_07s0129g00370,3,0.0015,Unknown protein,,,,
747,VIT_00s0218g00140,3,0.0015,Anthocyanidine rhamnosyl-transferase,RHATR,,vv10942Anthocyanin_biosynthesis,
748,VIT_00s0337g00010,3,0.0015,Salt tolerance protein 2,,,,
749,VIT_11s0016g03070,3,0.0015,Hexokinase-2,E2_7_1_1,,vv10010Glycolysis,vv10051Fructose_and_mannose_metabolism
750,VIT_16s0050g02060,3,0.0015,Receptor kinase homolog LRK10,,,,
751,VIT_11s0052g00870,3,0.0015,IAA33,IAA33,,vv30003Auxin_signaling,vv60008AUXIAA
752,VIT_01s0010g03200,3,0.0015,DNA-directed RNA polymerase (RPOT2),K10908,,,
753,VIT_02s0025g02620,3,0.0015,BDG1 (BODYGUARD1) hydrolase,,,,
754,VIT_19s0014g02910,3,0.0015,Alpha-expansin 12 precursor,EXPA12,,vv30003Auxin_signaling,
755,VIT_03s0180g00320,3,0.0015,Indole-3-acetate beta-glucosyltransferase,E2_4_1_121,,vv11002Auxin_biosynthesis,
756,VIT_01s0011g01940,3,0.0015,Unknown protein,,,,
757,VIT_19s0014g03380,3,0.0015,3'(2') 5'-bisphosphate nucleotidase,E3_1_3_7,,vv10920Sulfur_metabolism,
758,VIT_02s0025g03720,3,0.0015,DTA2 (downstream target of AGL15 2),,,,
759,VIT_10s0071g00890,3,0.0015,Unknown protein,,,,
760,VIT_08s0007g03080,3,0.0015,Pentatricopeptide repeat,,,,
761,VIT_10s0116g00090,3,0.0015,Pentatricopeptide repeat-containing protein,,,,
762,VIT_10s0003g03540,3,0.0015,Lupeol synthase,E5_4_99_8,,vv10100Biosynthesis_of_steroids,
763,VIT_13s0019g03380,3,0.0015,Coronatine-insensitive protein 1,COI1,,vv30011Jasmonate_signaling,vv34626Plant-pathogen_interaction
764,VIT_01s0011g00720,3,0.0015,WRKY DNA-binding protein 57,WRKY57,VvWRKY01,vv60066WRKY,
765,VIT_17s0000g02410,3,0.0015,Cold-induced wall associated kinase,,,,
766,VIT_03s0088g01150,3,0.0015,Squalene monooxygenase,E1_14_99_7,,vv10100Biosynthesis_of_steroids,vv10900Terpenoid_biosynthesis
767,VIT_16s0098g01900,3,0.0015,Pectinesterase family,E3_1_1_11,,vv40006Cell_wall,
768,VIT_00s0183g00140,3,0.0015,NADP-dependent malic enzyme,E1_1_1_39,,vv10620Pyruvate_metabolism,vv10710Carbon_fixation
769,VIT_11s0016g03660,3,0.0015,Glucose transporter 2 plastidic,PGTR2,,vv50121Porters_cat_1_to_6,
770,VIT_10s0003g01430,3,0.0015,MEE62 (maternal effect embryo arrest 62),,,,
771,VIT_07s0005g00880,3,0.0015,fumarate hydratase,E4_2_1_2,,vv10020Citrate_cycle,vv10720Reductive_carboxylate_cycle
772,VIT_11s0016g04660,3,0.0015,Pentatricopeptide (PPR) repeat-containing,,,,
773,VIT_12s0059g02160,3,0.0015,MATE efflux family protein,MATE,,vv50125Porters_cat_66_to_94,
774,VIT_00s0513g00020,3,0.0015,Peptidyl-prolyl cis-trans isomerase-like 2,K10598,,vv23040Spliceosome,vv24120Ubiquitin_mediated_proteolysis
775,VIT_15s0048g01840,3,0.0015,Zinc finger (C3HC4-type ring finger),ZFC3HC4_127,,vv60078Other_zf-C3HC4,
776,VIT_19s0015g00530,3,0.0015,fasciclin arabinogalactan-protein (FLA1),FLA1,,vv40006Cell_wall,
777,VIT_01s0011g05290,3,0.0015,Inorganic carbon transport protein,INCARBTR,,,
778,VIT_07s0141g00690,3,0.0015,ERF/AP2 transcription factor sub B-1(ATERF-3),ERF3_2,VvERF065,vv30008Ethylene_signaling,vv60003AP2_EREBP
779,VIT_10s0003g03530,3,0.0015,Lupeol synthase,E5_4_99_8,,vv10100Biosynthesis_of_steroids,
780,VIT_01s0182g00160,3,0.0015,Xyloglucan fucosyltransferase,E2_4_1_207,,vv40006Cell_wall,
781,VIT_18s0001g06580,3,0.0015,Plastocyanin domain-containing protein,K02638,,vv10195Photosynthesis,vv50113Thylakoid_targeting_pathway
782,VIT_01s0010g03490,3,0.0015,Caffeoyl-CoA O-methyltransferase,E2_1_1_104,,vv10940Phenylpropanoid_biosynthesis,
783,VIT_08s0007g08840,3,0.0014,Glycosyl transferaseHGA1,,,,
784,VIT_06s0004g08360,3,0.0014,NADH dehydrogenase I subunit N,K05585,,vv10190Oxidative_phosphorylation,vv50134Primary_active_transporter_cat_D1
785,VIT_14s0081g00120,3,0.0014,fertility restorer,,,,
786,VIT_17s0000g04810,3,0.0014,Auxin-independent growth promoter,,,,
787,VIT_04s0008g05620,3,0.0014,Adenine phosphoribosyltransferase,E2_4_2_7,,vv10230Purine_metabolism,
788,VIT_06s0061g01160,3,0.0014,Unknown protein,,,,
789,VIT_00s0409g00020,3,0.0014,Receptor protein kinase RK20-1,,,,
790,VIT_01s0011g00470,3,0.0014,Metallophosphatase,,,,
791,VIT_18s0001g12490,3,0.0014,O-methyltransferase,,,,
792,VIT_12s0057g01060,3,0.0014,Jasmonate O-methyltransferase,E2_1_1_141,,vv10592alpha-Linolenic_acid_metabolism,
793,VIT_02s0025g02760,3,0.0014,Ubiquitin thiolesterase 4,E3_1_2_15,,vv24120Ubiquitin_mediated_proteolysis,
794,VIT_19s0177g00230,3,0.0014,Unknown,,,,
795,VIT_13s0106g00060,3,0.0014,Ankyrin repeat,,,,
796,VIT_09s0096g00880<br>VIT_00s0606g00010,3,0.0014,
797,VIT_18s0001g11120,3,0.0014,Ternary complex factor MIP1,,,,
798,VIT_02s0012g02030,3,0.0014,Homeobox-7,VVHB7_1,VvHB09,vv60034HB,
799,VIT_18s0122g00590,3,0.0014,DNA-binding protein,,,,
800,VIT_08s0007g02020,3,0.0014,Proton-dependent oligopeptide transport (POT) family protein,POT,,vv50122Porters_cat_7_to_17,
801,VIT_17s0000g04480,3,0.0014,Ethylene-responsive transcription factor related to APETALA2 11,RAP2_11_2,VvERF048,vv30008Ethylene_signaling,vv60003AP2_EREBP
802,VIT_02s0109g00230,3,0.0014,Early-responsive to dehydration protein / ERD protein,,,,
803,VIT_06s0061g01390,3,0.0014,CBF transcription factor,CBF1_2,VvERF027,vv30008Ethylene_signaling,vv60003AP2_EREBP
804,VIT_05s0020g04430,3,0.0014,MPBQ/MSBQ methyltransferase 1,K12502,,vv10100Biosynthesis_of_steroids,
805,VIT_00s0214g00020,3,0.0014,TORMOZembryo defective UTP13,K14555,,vv23008Ribosome_biogenesis_in_Eukaryotes,
806,VIT_10s0003g03650,3,0.0014,Beta-amyrin synthase,E5_4_99_BAS,,vv10900Terpenoid_biosynthesis,
807,VIT_14s0068g00220,3,0.0014,Proteasome,,,,
808,VIT_13s0067g00110,3,0.0014,CYP72A1,K13400,,vv10902Monoterpenoid_biosynthesis,
809,VIT_01s0010g01870,3,0.0014,Salicylic acid-induced fragment 1 protein,,,,
810,VIT_18s0001g10550,3,0.0014,LHCA5 (Photosystem I light harvesting complex gene 5),K08911,,vv10196Photosynthesis_antenna_proteins,vv50105Transport_electron_carriers
811,VIT_17s0000g09300,3,0.0014,Pentatricopeptide (PPR) repeat,,,,
812,VIT_04s0023g01200,3,0.0014,Transcription initiation factor TFIIE beta subunit,K03137,,vv23022Basal_transcription_factors,
813,VIT_07s0141g00150,3,0.0014,Histone acetyl transferase HAM1,HAM1_1,,vv60082GNAT,
814,VIT_00s0194g00220,3,0.0014,Unknown,,,,
815,VIT_16s0098g00410,3,0.0014,Receptor kinase homolog LRK10,,,,
816,VIT_01s0011g03210,3,0.0014,Aspartyl protease,E3_4_23_x,,,
817,VIT_08s0007g01420,3,0.0014,Glutathione S-transferase 8 GSTU8,E2_5_1_18_GSTU8,,vv10480Glutathione_metabolism,
818,VIT_18s0122g00780,3,0.0014,Inorganic phosphate transporter,PHT1_9,,vv50121Porters_cat_1_to_6,
819,VIT_18s0001g14940,3,0.0014,Pentatricopeptide (PPR) repeat-containing,,,,
820,VIT_03s0063g00020,3,0.0014,LRX2 (leucine-rich repeat/extensin 2),EXTENSIN,,vv40006Cell_wall,
821,VIT_06s0004g06690,3,0.0014,Ribosomal protein S18 30S,K02963,,vv23010Ribosome,
