Vv_m2,2000,1000,VIT_17s0000g06410
rank,node,Fabs,Frel,Functional-annotation,Name-EC-KeggID,Updated-name,Network1,Network2
1,VIT_02s0012g01190,2071,1.0000,Zinc finger (C2H2 type) family,C2H2FAM_14,,vv60017C2H2,
2,VIT_08s0007g06870,2056,1.0000,Zinc finger protein 8,ZFP8,,vv60017C2H2,
3,VIT_19s0014g02070,2064,0.9995,flavonol 3-O-glucosyltransferase,E2_4_1_91,,vv10941Flavonoid_biosynthesis,
4,VIT_17s0000g04600,2072,0.9990,Strictosidine synthase,E4_3_3_2,,vv10900Terpenoid_biosynthesis,vv10902Monoterpenoid_biosynthesis
5,VIT_12s0059g01730,2067,0.9990,Unknown protein,,,,
6,VIT_09s0002g07030,2063,0.9990,TMM (too many mouths),TMM,,,
7,VIT_12s0028g02480,2047,0.9966,Lipase GDSL,,,,
8,VIT_01s0011g06430,2064,0.9957,NADPH-dependent codeinone reductase,E1_1_1_247,,vv10950Alkaloid_biosynthesis_I,
9,VIT_02s0087g00210,2063,0.9952,Constitutive disease resistance 1,,,,
10,VIT_01s0011g03490,2062,0.9952,3-ketoacyl-CoA synthase,,,,
11,VIT_01s0026g01850,2048,0.9927,Pyrrolo-quinoline quinone,K05889,,vv50101Channels_and_pores,
12,VIT_15s0048g02510,2048,0.9894,Basic helix-loop-helix (bHLH) family,BHLHDOM_35,,vv60011BHLH,
13,VIT_19s0014g01060,2058,0.9889,Sesquiterpene synthase,E2_5_1_21,,vv10100Biosynthesis_of_steroids,vv10900Terpenoid_biosynthesis
14,VIT_01s0137g00750,2047,0.9884,Protein phosphatase 2C,E3_1_3_16,,,
15,VIT_18s0122g00170,2044,0.9865,Diphenol oxidase,E1_10_3_1,,vv10350Tyrosine_metabolism,vv50109Incompletely_characterized_transport_systems
16,VIT_16s0098g00740,2037,0.9845,Ovate family protein 10 OFP10,OFP10_1,,vv60086OFP,
17,VIT_09s0054g01400,2024,0.9797,No hit,,,,
18,VIT_09s0054g00470,2031,0.9774,Transposase_MuDR,,,,
19,VIT_01s0026g01840,2003,0.9766,Quinonprotein alcohol dehydrogenase,,,,
20,VIT_13s0019g01160,2029,0.9750,Cinnamoyl-CoA reductase,E1_2_1_44,,vv10940Phenylpropanoid_biosynthesis,
21,VIT_11s0103g00510,2008,0.9729,Aspartyl protease,E3_4_23_x,,,
22,VIT_12s0055g00930,1991,0.9656,Heavy-metal-associated domain-containing protein,,,,
23,VIT_05s0124g00310,2002,0.9630,Male sterility 2,,,,
24,VIT_00s0179g00330,1978,0.9556,Unknown protein,,,,
25,VIT_12s0057g00720,1974,0.9536,F-box protein GID2,,,,
26,VIT_08s0007g03450,1971,0.9531,TFL1B protein [Vitis vinifera],TFL1,,vv30009Flower_development,
27,VIT_10s0116g01020,1979,0.9528,Auxin-responsive protein,AUXREG,,vv30003Auxin_signaling,
28,VIT_08s0007g02080,1968,0.9512,No hit,,,,
29,VIT_10s0003g04210<br>VIT_10s0003g04230,1960,0.9492,
30,VIT_07s0031g01720,1971,0.9485,Ras-related protein Rab-7A,K07897,,vv44145Phagosome,
31,VIT_07s0005g03280,1952,0.9435,Transcription factor TSRF1,ERF1_3,VvERF103,vv30008Ethylene_signaling,vv30011Jasmonate_signaling
32,VIT_00s0215g00010,1940,0.9431,Lateral organ boundaries Domain 6,LBD6_2,,vv60007AS2,
33,VIT_08s0056g00370,1950,0.9411,No hit,,,,
34,VIT_12s0059g00840,1935,0.9375,Disease resistance response protein,,,,
35,VIT_19s0015g01170,1935,0.9343,MYB divaricata,DIVARICATA_5,,vv30009Flower_development,vv60044MYB
36,VIT_00s0179g00380,1922,0.9317,Beta-ketoacyl-CoA synthase,E2_3_1_41,,vv10061Fatty_acid_biosynthesis,
37,VIT_19s0014g00230,1907,0.9199,PHD finger transcription factor,PHDFG_26,,vv60048PHD,
38,VIT_09s0054g00850,1904,0.9198,Lipase GDSL,,,,
39,VIT_12s0059g01410,1895,0.9146,No hit,,,,
40,VIT_19s0014g02030,1886,0.9129,flavonol 3-O-glucosyltransferase,E2_4_1_91,,vv10941Flavonoid_biosynthesis,
41,VIT_14s0006g01470,1883,0.9123,Basic helix-loop-helix (bHLH) family,BHLHDOM_44,,vv60011BHLH,
42,VIT_14s0083g00820,1870,0.9122,Lipase GDSL 7,,,,
43,VIT_07s0005g00080,1883,0.9105,Desiccation protein PCC13-62,,,,
44,VIT_13s0067g01370,1866,0.9063,Zinc transporter ZIP6,ZIP6,,vv50121Porters_cat_1_to_6,
45,VIT_11s0103g00140,1872,0.9061,Potassium-sodium symporter HKT1,HKT1,,vv50124Porters_cat_30_to_64,
46,VIT_07s0129g00670,1872,0.9043,Zinc finger protein 4,ZFP4_4,,vv60017C2H2,
47,VIT_07s0129g00340,1869,0.9029,Shoot gravitropism 7,SGR7_2,,vv60032GRAS,
48,VIT_04s0008g02350,1851,0.9007,No hit,,,,
49,VIT_18s0001g11280,1852,0.8982,Nitrate transporter 1:2,NRT1_2,,vv50122Porters_cat_7_to_17,
50,VIT_16s0050g02500,1842,0.8942,Transcription factor MUTE,MUTE_1,,vv60011BHLH,
51,VIT_00s0346g00060,1843,0.8929,Concanavalin A lectin,,,,
52,VIT_11s0016g04470,1818,0.8886,Ornithine decarboxylase,E4_1_1_17,,vv10220Urea_cycle_and_metabolism_of_amino_groups,
53,VIT_16s0100g00610,1835,0.8882,CYP87A3,,,,
54,VIT_11s0149g00340,1838,0.8862,Chitinase  class V,E3_2_1_14,,vv10530Aminosugars_metabolism,
55,VIT_03s0038g01850,1826,0.8830,Proline-rich protein 4,,,,
56,VIT_08s0040g01010,1818,0.8830,Isopentenyltransferase,E2_5_1_27,,vv10908Zeatin_biosynthesis,
57,VIT_17s0000g10300,1818,0.8795,DELLA protein GAI1,GAI1_2,,vv30009Flower_development,vv30010Gibberellin_signaling
58,VIT_10s0116g01900,1807,0.8734,Unknown,,,,
59,VIT_01s0011g03770,1810,0.8710,Unknown,,,,
60,VIT_16s0050g01800,1803,0.8693,Major Facilitator Superfamily MFS,MFS,,vv50121Porters_cat_1_to_6,
61,VIT_01s0011g00190,1791,0.8665,Brassinosteroid-6-oxidase [Vitis vinifera],K09590,,vv10905Brassinosteroid_biosynthesis,
62,VIT_03s0088g00680,1796,0.8643,Pathogenesis-related protein 1 precursor (PRP 1),PRP1,,vv30011Jasmonate_signaling,vv34626Plant-pathogen_interaction
63,VIT_19s0085g00940,1794,0.8625,Myb domain protein 67,MYB67_1,MYB67B,vv60044MYB,
64,VIT_09s0002g00710,1777,0.8576,ACP2 (Acyl carrier protein 2),K02078,,vv50134Primary_active_transporter_cat_D1,
65,VIT_13s0047g00240,1767,0.8574,Pectinesterase family,E3_1_1_11,,vv40006Cell_wall,
66,VIT_13s0019g04040,1785,0.8561,Serine carboxypeptidase 28 (SCPL28),,,,
67,VIT_15s0048g02460,1771,0.8551,Quercetin 3-O-methyltransferase 1,E2_1_1_76,,vv10941Flavonoid_biosynthesis,
68,VIT_10s0003g05780,1762,0.8483,Lipid transfer protein 12,LTP12,,,
69,VIT_09s0002g01790,1746,0.8468,No hit,,,,
70,VIT_08s0007g00870,1760,0.8449,fringe-related protein,K05948,,,
71,VIT_05s0094g00650,1738,0.8400,Stearoyl-acyl-carrier protein desaturase,E1_14_19_2,,vv11040Biosynthesis_of_unsaturated_fatty_acids,
72,VIT_11s0016g04890,1738,0.8380,S-receptor kinase 1,,,,
73,VIT_17s0053g00780,1706,0.8334,Homeodomain GLABROUS11,HDG11_1,VvHB60,vv60034HB,
74,VIT_01s0026g02680,1721,0.8298,Oxygen evolving enhancer 3 (PsbQ),K08901,,vv10195Photosynthesis,vv50113Thylakoid_targeting_pathway
75,VIT_09s0018g01230,1719,0.8292,Zinc finger (C3HC4-type ring finger),ZFC3HC4_108,,vv60078Other_zf-C3HC4,
76,VIT_18s0001g05900,1691,0.8217,No hit,,,,
77,VIT_02s0025g05020,1699,0.8168,No hit,,,,
78,VIT_19s0027g00360,1689,0.8159,CYP716A2,,,,
79,VIT_04s0079g00310,1682,0.8118,No hit,,,,
80,VIT_11s0052g01610,1676,0.8058,flavonol 4'-sulfotransferase,E2_8_2_27,,vv10941Flavonoid_biosynthesis,
81,VIT_09s0018g00790,1670,0.8044,No hit,,,,
82,VIT_03s0063g01990,1661,0.8036,Ternary complex factor MIP1,,,,
83,VIT_00s0252g00090,1638,0.7928,Ribosomal protein S4,K02986,,vv23010Ribosome,
84,VIT_18s0001g09210,1628,0.7907,Basic helix-loop-helix (bHLH) family,BHLHDOM_36,,vv60011BHLH,
85,VIT_02s0025g02670,1622,0.7828,Unknown protein,,,,
86,VIT_15s0046g01110,1617,0.7819,Histone H3.2,,,,
87,VIT_12s0028g01280,1611,0.7805,D-mannose binding lectin,,,,
88,VIT_00s0340g00090,1614,0.7771,Lateral organ boundaries Domain 6,LBD6_1,,vv60007AS2,
89,VIT_18s0001g02020,1557,0.7551,Amino acid permease 3,AAP3,,vv50123Porters_cat_18_to_29,
90,VIT_07s0104g01270,1560,0.7525,Kinase interacting family protein,,,,
91,VIT_14s0060g00500,1540,0.7411,Unknown protein,,,,
92,VIT_15s0046g01580,1532,0.7397,Acidic chitinase III,E3_2_1_14,,vv10530Aminosugars_metabolism,
93,VIT_10s0003g00400,1530,0.7388,No hit,,,,
94,VIT_02s0025g01960,1518,0.7373,No hit,,,,
95,VIT_14s0066g01990,1520,0.7371,Matrix metalloproteinase,,,,
96,VIT_04s0069g00370,1524,0.7369,No hit,,,,
97,VIT_18s0001g03810,1528,0.7353,Protein kinase,,,,
98,VIT_12s0059g02410,1521,0.7344,Peroxidase,E1_11_1_7,,vv10360Phenylalanine_metabolism,vv10680Methane_metabolism
99,VIT_06s0061g00260,1518,0.7340,ABC transporter G member 7,ABCG7,,vv52010ABC_transporters,
100,VIT_07s0255g00040,1516,0.7324,Cell division cycle associated 7 CDCA7,CDCA7,,vv44110Cell_cycle,
101,VIT_13s0156g00190,1507,0.7316,No hit,,,,
102,VIT_14s0068g00190,1510,0.7302,No hit,,,,
103,VIT_16s0100g00200,1512,0.7297,Unknown protein,,,,
104,VIT_00s2380g00010,1504,0.7283,S-locus lectin protein kinase,,,,
105,VIT_03s0063g00670,1493,0.7230,Cyclin-dependent kinase inhibitor ICK5,ICK5,,vv44110Cell_cycle,
106,VIT_10s0116g01870,1491,0.7199,MATE efflux family protein,MATE,,vv50125Porters_cat_66_to_94,
107,VIT_04s0008g02690,1490,0.7184,ELM2 domain-containing protein,PHDEDM2_6,,vv60048PHD,
108,VIT_05s0077g01930,1483,0.7164,Sucrose synthase,E2_4_1_13,,vv10500Starch_and_sucrose_metabolism,
109,VIT_05s0124g00300,1472,0.7146,Male sterility 2,,,,
110,VIT_14s0006g02270,1476,0.7134,MATE efflux family protein,MATE,,vv50125Porters_cat_66_to_94,
111,VIT_03s0063g00620,1455,0.7094,Transcriptional factor B3,TFB3_3,,vv60001ABI3VP1,
112,VIT_03s0038g01860,1453,0.7060,Proline-rich protein 4,,,,
113,VIT_16s0050g00500,1467,0.7060,Disease resistance family protein,,,,
114,VIT_15s0046g03080,1456,0.7030,DTA2 (downstream target of AGL15 2),,,,
115,VIT_19s0015g01530<br>VIT_19s0015g01480,1407,0.6794,
116,VIT_16s0022g01540<br>VIT_16s0022g01500,1399,0.6752,
117,VIT_10s0003g00850,1379,0.6662,Zinc finger (C3HC4-type ring finger),ZFC3HC4_237,,vv60078Other_zf-C3HC4,
118,VIT_10s0042g01100,1361,0.6584,Zinc transporter 10 PRECURSOR,ZIP10,,vv50121Porters_cat_1_to_6,
119,VIT_16s0013g01820<br>VIT_00s0260g00030<br>VIT_17s0119g00380<br>VIT_12s0035g00600<br>VIT_19s0027g00270,1350,0.6512,
120,VIT_16s0039g02710,1335,0.6449,Lil3 protein,LIL3_1,,,
121,VIT_18s0041g01810,1342,0.6440,Taxadiene 5-alpha-hydroxylase,E1_14_99_37,,vv10904Diterpenoid_biosynthesis,
122,VIT_19s0014g01100,1332,0.6432,Fertility restorer homologue A,,,,
123,VIT_05s0020g02550,1315,0.6418,Dienelactone hydrolase,E3_1_1_45,,vv11000Single_reactions,
124,VIT_08s0056g01530,1319,0.6403,Anthranilate phosphoribosyltransferase,E2_4_2_18,,vv10400Phenylalanine_tyrosine_and_tryptophan_biosynthesis,
125,VIT_00s0411g00040,1315,0.6383,Unknown,,,,
126,VIT_09s0018g01800,1327,0.6352,Acid phosphatase,E3_1_3_2,,vv10740Riboflavin_metabolism,
127,VIT_13s0067g01540,1312,0.6335,Pollen Ole e 1 allergen and extensin,,,,
128,VIT_12s0028g02990,1312,0.6329,fasciclin arabinogalactan-protein (FLA13),FLA13,,vv40006Cell_wall,
129,VIT_00s0838g00010,1290,0.6274,Transcriptional corepressor LEUNIG,LEUNIG_1,,vv30009Flower_development,vv60041LUG
130,VIT_18s0072g01240,1292,0.6269,Desulfoglucosinolate sulfotransferase 16,K11821,,vv10966Glucosinolate_biosynthesis,
131,VIT_01s0011g00970,1295,0.6244,RPM1 (resistance to p. syringae pv maculicola 1),K13457,,vv34626Plant-pathogen_interaction,
132,VIT_04s0043g00930,1284,0.6227,Tyrosine/DOPA decarboxylase 2,E4_1_1_25,,vv10350Tyrosine_metabolism,vv10950Alkaloid_biosynthesis_I
133,VIT_18s0001g10710,1283,0.6183,Transcriptional factor B3,TFB3_9,,vv60001ABI3VP1,
134,VIT_04s0044g00770,1265,0.6120,Cellulose synthase CSLE1,E2_4_1_12_CSLE1,,vv40006Cell_wall,
135,VIT_16s0050g00110,1263,0.6101,Unknown protein,,,,
136,VIT_01s0010g01910,1256,0.6041,Nuclear transcription factor Y subunit B-5,NFYB5_6,,vv60021CCAAT,
137,VIT_03s0097g00120,1240,0.5985,Concanavalin A lectin,,,,
138,VIT_16s0039g01510,1233,0.5968,Calcium-dependent protein kinase-related,,,,
139,VIT_14s0006g03270,1226,0.5954,Histone acetyltransferase HAC5,HAC5,,vv60060TAZ,
140,VIT_18s0041g00790,1236,0.5925,UDP-glycosyltransferase 88B1,,,,
141,VIT_13s0084g00380,1233,0.5925,flavonol sulfotransferase,E2_8_2_27,,vv10941Flavonoid_biosynthesis,
142,VIT_18s0041g01590,1223,0.5923,Taxane 10-beta-hydroxylase,E1_14_13_76,,vv10904Diterpenoid_biosynthesis,
143,VIT_05s0020g03260,1219,0.5872,Copper amine oxidase,E1_4_3_6,,vv10220Urea_cycle_and_metabolism_of_amino_groups,vv10340Histidine_metabolism
144,VIT_09s0054g00490,1215,0.5864,No hit,,,,
145,VIT_13s0084g00790,1209,0.5841,Thioredoxin family,,,,
146,VIT_08s0007g01390,1207,0.5811,Rho guanyl-nucleotide exchange factor ROPGEF7,ROPGEF7,,,
147,VIT_05s0094g00540,1206,0.5795,Acyl-[acyl-carrier-protein] desaturase,E1_14_19_2,,vv11040Biosynthesis_of_unsaturated_fatty_acids,
148,VIT_18s0001g07910,1205,0.5785,No hit,,,,
149,VIT_01s0011g05670,1196,0.5781,Nudix hydrolase 18,,,,
150,VIT_06s0004g06460,1197,0.5777,CYP71E,,,,
151,VIT_12s0057g00930,1195,0.5759,Hydroxycinnamoyl-CoA:shikimate hydroxycinnamoyltransferase,E2_3_1_133,,vv10940Phenylpropanoid_biosynthesis,
152,VIT_16s0098g00380,1185,0.5750,Wax synthase,E2_3_1_75,,vv11000Single_reactions,
153,VIT_02s0234g00090,1182,0.5746,ACC synthase,E4_4_1_14,,vv10640Propanoate_metabolism,vv30008Ethylene_signaling
154,VIT_19s0093g00440,1189,0.5716,3-ketoacyl-CoA synthase,,,,
155,VIT_19s0027g01130,1176,0.5673,ASML2 (activator of SPOMIN::LUC2  constans-like),ASML2,,vv60070Orphans_CCT,
156,VIT_18s0001g01390,1165,0.5647,GA 20-oxidase,E1_14_11_12,,vv10904Diterpenoid_biosynthesis,
157,VIT_04s0044g00790,1163,0.5643,Cellulose synthase CSLE1,E2_4_1_12_CSLE1,,vv40006Cell_wall,
158,VIT_10s0003g05310,1167,0.5630,Germin-like protein,,,,
159,VIT_00s0228g00070<br>VIT_00s0228g00010<br>VIT_00s0411g00050,1158,0.5581,
160,VIT_14s0066g01560,1149,0.5556,Cyclic nucleotide-gated ion channel 18,K05391_CNGC18,,vv34626Plant-pathogen_interaction,vv50101Channels_and_pores
161,VIT_04s0069g00820,1143,0.5522,Blight-associated protein p12 precursor,,,,
162,VIT_01s0010g00390,1149,0.5513,Peroxidase prx15 precursor,E1_11_1_7,,vv10360Phenylalanine_metabolism,vv10680Methane_metabolism
163,VIT_04s0008g04110,1140,0.5502,No hit,,,,
164,VIT_09s0002g08830,1135,0.5486,Enhancer of shoot regeneration 1 ESR1,ESR1_2,,vv30008Ethylene_signaling,vv60003AP2_EREBP
165,VIT_00s0189g00060,1128,0.5452,Gibberellin-regulated protein 4 (GASA4),GASA4,,vv30010Gibberellin_signaling,
166,VIT_18s0001g10650,1122,0.5410,ABC transporter g family pleiotropic drug resistance 12 PDR12,ABCGPDR12,,vv52010ABC_transporters,
167,VIT_03s0017g00390,1116,0.5404,MADS-box protein SVP (short vegetative phase),SVP_7,,vv30009Flower_development,vv60042MADS
168,VIT_14s0219g00030,1119,0.5401,Zinc finger (C3HC4-type ring finger),ZFC3HC4_184,,vv60078Other_zf-C3HC4,
169,VIT_06s0004g07890,1117,0.5394,Unknown protein,,,,
170,VIT_18s0001g13080,1102,0.5355,Unknown protein,,,,
171,VIT_16s0022g01630,1102,0.5324,Unknown protein,,,,
172,VIT_18s0041g02100<br>VIT_19s0085g00570,1094,0.5306,
173,VIT_05s0020g01450,1095,0.5295,Heavy-metal-associated domain-containing protein,,,,
174,VIT_13s0019g04250,1095,0.5287,Unknown protein,,,,
175,VIT_18s0001g10350,1101,0.5276,Subtilase family protein,ARA12,,vv50101Channels_and_pores,
176,VIT_15s0107g00290,1095,0.5272,R protein L6,K13477,,vv34627R_proteins_from_Plant-pathogen_interaction,
177,VIT_00s0762g00040,1090,0.5248,S-locus lectin protein kinase,,,,
178,VIT_13s0084g00250,1079,0.5215,Steroid sulfotransferase,E2_8_2_15,,vv11000Single_reactions,
179,VIT_08s0056g01030,1074,0.5214,Membrane protein ycf1,,,,
180,VIT_18s0041g02400,1077,0.5188,Aldehyde oxidase,E1_2_3_7,,vv11002Auxin_biosynthesis,
181,VIT_06s0004g08400,1069,0.5177,No hit,,,,
182,VIT_14s0060g00490,1060,0.5133,No hit,,,,
183,VIT_16s0098g00820,1058,0.5123,Peroxidase 3,E1_11_1_7,,vv10360Phenylalanine_metabolism,vv10680Methane_metabolism
184,VIT_07s0151g00110<br>VIT_07s0151g00190<br>VIT_07s0151g00250,1052,0.5119,
185,VIT_11s0037g00310,1060,0.5089,Yip1 interacting factor homolog B,YIF1B,,vv50110Protein_coat,
186,VIT_15s0048g01060,1046,0.5058,UDP-galactose transporter 2 ATUTR2/UTR2,UTR2,,vv50122Porters_cat_7_to_17,
187,VIT_05s0020g00340,1041,0.5029,Unknown protein,,,,
188,VIT_18s0041g00900,1034,0.5002,UDP-glycosyltransferase 88A4,,,,
189,VIT_03s0017g00900<br>VIT_05s0102g01010,1023,0.4956,
190,VIT_13s0067g00700,1017,0.4937,Hydrolase  alpha/beta fold,,,,
191,VIT_18s0001g14160,1016,0.4908,Heat-and acid-stable phosphoprotein,,,,
192,VIT_01s0010g01940,1014,0.4899,Nuclear transcription factor Y subunit B-5,NFYB5_4,,vv60021CCAAT,
193,VIT_01s0113g00500,1006,0.4881,Argonaute,,,,
194,VIT_03s0038g03380,997,0.4842,Unknown,,,,
195,VIT_13s0019g01700,986,0.4754,Scarecrow transcription factor 14 (SCL14),SCL14_1,,vv60032GRAS,
196,VIT_16s0050g00150,982,0.4746,Copper-binding family protein,,,,
197,VIT_03s0038g01580,982,0.4739,R protein  PRF  disease resistance protein,K13453,,vv34627R_proteins_from_Plant-pathogen_interaction,
198,VIT_08s0007g03100,977,0.4720,Transposon protein  Mutator sub-class,,,,
199,VIT_01s0026g01210,972,0.4707,Acyltransferase,E2_3_1_x,,,
200,VIT_18s0001g13760,968,0.4699,CYP71AT2v2,,,,
201,VIT_18s0041g02150,970,0.4688,Lipase GDSL,,,,
202,VIT_13s0064g01580<br>VIT_13s0064g01720,965,0.4657,
203,VIT_07s0031g01670,956,0.4632,CYP96A10,,,,
204,VIT_06s0004g05270,955,0.4631,Zinc finger (C2H2 type) family,C2H2FAM_32,,vv60017C2H2,
205,VIT_04s0043g00900,958,0.4626,Tyrosine decarboxylase,E4_1_1_25,,vv10350Tyrosine_metabolism,vv10950Alkaloid_biosynthesis_I
206,VIT_05s0165g00150,949,0.4620,No hit,,,,
207,VIT_01s0010g03770,947,0.4608,DnaJ homolog  subfamily B  member 12,K09518,,vv50132Primary_active_transporter_cat_A5_to_A8,
208,VIT_16s0022g01070,948,0.4606,Chalcone synthase [Vitis vinifera],E2_3_1_74,,vv10941Flavonoid_biosynthesis,
209,VIT_08s0058g01280,951,0.4605,No hit,,,,
210,VIT_01s0146g00220,938,0.4525,Glutaredoxin-like,,,,
211,VIT_16s0022g01580,936,0.4506,3-ketoacyl-CoA synthase,,,,
212,VIT_18s0166g00170,928,0.4485,Unknown,,,,
213,VIT_19s0027g00850,917,0.4454,No hit,,,,
214,VIT_06s0061g00250,924,0.4451,ABC transporter G member 7,ABCG7,,vv52010ABC_transporters,
215,VIT_06s0080g01160,924,0.4449,Aspartyl protease,E3_4_23_x,,,
216,VIT_17s0000g04270,918,0.4448,Peptidyl-prolyl cis-trans isomerase B,K03768,,,
217,VIT_14s0083g00050,922,0.4443,DDT domain-containing protein,DDTDOM_3,,vv60025DDT,
218,VIT_18s0122g00250,916,0.4436,Diphenol oxidase,E1_10_3_1,,vv10350Tyrosine_metabolism,vv50109Incompletely_characterized_transport_systems
219,VIT_08s0007g06500,916,0.4423,Unknown protein,,,,
220,VIT_00s0975g00010,903,0.4381,Cellulose synthase CSLE1,E2_4_1_12_CSLE1,,vv40006Cell_wall,
221,VIT_19s0014g03220,906,0.4358,Unknown protein,,,,
222,VIT_08s0007g02720,892,0.4349,Secoisolariciresinol dehydrogenase,SIRD,,vv10940Phenylpropanoid_biosynthesis,
223,VIT_18s0072g00990,896,0.4345,Leucine-rich repeat protein kinase,,,,
224,VIT_07s0031g00870,902,0.4339,Patatin,,,,
225,VIT_19s0138g00100,886,0.4260,No hit,,,,
226,VIT_18s0001g10340,880,0.4259,Subtilisin protease,ARA12,,vv50101Channels_and_pores,
227,VIT_15s0048g01730,876,0.4246,Aurora kinase 3,AURORA3,,vv44110Cell_cycle,
228,VIT_06s0009g00410,880,0.4243,BLH1 (embryo sac development arrest 29),BLH1_2,VvHB25,vv60034HB,
229,VIT_15s0048g02450,871,0.4226,Caffeate 3-O-methyltransferase 1,E2_1_1_68,,vv10940Phenylpropanoid_biosynthesis,
230,VIT_09s0002g02210,875,0.4225,Adhesion of calyx edges (ACE),,,,
231,VIT_07s0005g01160,870,0.4215,Translation initiation factor eIF-4B,K03258,,vv23013RNA_transport,vv34150mTOR_signaling_pathway
232,VIT_00s0641g00030,862,0.4158,No hit,,,,
233,VIT_18s0041g00800,859,0.4138,UDP-glucose: anthocyanidin 5 3-O-glucosyltransferase,RHGT1,,vv10942Anthocyanin_biosynthesis,
234,VIT_01s0010g03550,848,0.4091,Nuclear transcription factor Y subunit B related,NFYBREL_7,,vv60021CCAAT,
235,VIT_08s0007g07330,840,0.4042,No hit,,,,
236,VIT_03s0038g00930,830,0.4027,Auxin responsive SAUR protein,SAUR,,vv30003Auxin_signaling,
237,VIT_02s0154g00440,830,0.4019,Unknown protein,,,,
238,VIT_04s0079g00220,815,0.3952,Steroid sulfotransferase,K01025,,vv10272Cysteine_metabolism,
239,VIT_11s0016g00460,813,0.3920,Kinesin TETRASPORE (NACK1),TETRASPORE,,vv44110Cell_cycle,vv44810Regulation_of_actin_cytoskeleton
240,VIT_12s0057g01450,804,0.3905,Subtilisin protease,,,,
241,VIT_19s0090g01560,809,0.3903,No hit,,,,
242,VIT_08s0056g00600,802,0.3891,No hit,,,,
243,VIT_08s0007g02700,805,0.3887,Secoisolariciresinol dehydrogenase,SIRD,,vv10940Phenylpropanoid_biosynthesis,
244,VIT_18s0001g07580,797,0.3863,Unknown,,,,
245,VIT_05s0029g01000,789,0.3826,HcrVf3 protein,,,,
246,VIT_19s0027g01850,789,0.3823,Unknown protein,,,,
247,VIT_03s0017g02210,789,0.3808,Unknown,,,,
248,VIT_11s0037g00880,781,0.3791,Histone-lysine N-methyltransferase ASHR3,E2_1_1_43ASHR3_2,,vv10300Lysine_biosynthesis,vv60056SET_PCG
249,VIT_10s0042g01120,771,0.3772,Iron regulated transporter,IRT1,,vv50121Porters_cat_1_to_6,
250,VIT_01s0146g00430,775,0.3733,No hit,,,,
251,VIT_18s0001g05860,768,0.3730,Transparent testa 1,TT1,,vv60017C2H2,
252,VIT_07s0005g06240,771,0.3714,R protein MLA10,K13475,,vv34627R_proteins_from_Plant-pathogen_interaction,
253,VIT_00s0131g00320<br>VIT_00s0131g00130<br>VIT_00s0131g00210<br>VIT_13s0019g00600<br>VIT_00s0131g00050,765,0.3685,
254,VIT_07s0005g03150,761,0.3682,flavanone 3-hydroxylase,E1_14_11_9,,vv10941Flavonoid_biosynthesis,
255,VIT_01s0011g04430,750,0.3634,MATE efflux family protein,MATE,,vv50125Porters_cat_66_to_94,
256,VIT_05s0049g01450,749,0.3594,No hit,,,,
257,VIT_16s0098g00220,742,0.3591,Membrane located receptor,,,,
258,VIT_10s0003g01970,740,0.3575,No hit,,,,
259,VIT_00s0420g00040,740,0.3573,S-locus lectin protein kinase,,,,
260,VIT_18s0001g09580,736,0.3569,Cyclin A3;1,CYCA3_1,,vv44110Cell_cycle,
261,VIT_02s0025g04450,741,0.3568,No hit,,,,
262,VIT_09s0054g00510,733,0.3557,No hit,,,,
263,VIT_14s0036g00470,733,0.3527,Unknown protein,,,,
264,VIT_05s0102g00910,718,0.3497,R protein  PRF  disease resistance protein,K13453,,vv34627R_proteins_from_Plant-pathogen_interaction,
265,VIT_07s0031g00770,722,0.3486,Unknown protein,,,,
266,VIT_08s0040g02180,715,0.3447,Mlo3,K08472,,,
267,VIT_18s0001g14800,712,0.3431,Lipase 3 (EXL3) family II extracellular,,,,
268,VIT_00s0184g00110,700,0.3415,Auxin-induced protein (AIR12),AIR12,,vv30003Auxin_signaling,
269,VIT_01s0010g00380,705,0.3414,FLS2 (flagellin-sensitive 2),K13420,,vv34626Plant-pathogen_interaction,
270,VIT_11s0016g01980,705,0.3414,Unknown protein,,,,
271,VIT_07s0205g00160,709,0.3399,Basic helix-loop-helix (bHLH) family,BHLHDOM_8,,vv60011BHLH,
272,VIT_09s0002g05980,702,0.3395,CYP734A7 castasterone 26-hydroxylase,CYP734A7,,vv10905Brassinosteroid_biosynthesis,
273,VIT_00s0179g00310,697,0.3390,Ammonium transporter 2,AMT2,,vv50101Channels_and_pores,
274,VIT_05s0124g00320,694,0.3371,Male sterility 2,,,,
275,VIT_09s0018g01630,697,0.3361,TUBBY like protein 8 TLP8,TLP8_2,,vv60063TUB,
276,VIT_05s0062g00470<br>VIT_05s0062g00590,693,0.3354,
277,VIT_09s0018g00490,690,0.3343,No hit,,,,
278,VIT_07s0151g00170<br>VIT_07s0151g00220,690,0.3340,
279,VIT_04s0023g00580,684,0.3308,Auxin-responsive SAUR32,SAUR32,,vv30003Auxin_signaling,
280,VIT_19s0085g00030,680,0.3293,Unknown protein,,,,
281,VIT_08s0007g00380,670,0.3262,Eceriferum 3 (CER3),,,,
282,VIT_19s0027g01500,673,0.3261,No hit,,,,
283,VIT_04s0023g02740,668,0.3229,ATP-binding region  ATPase,,,,
284,VIT_11s0052g00690,671,0.3224,Unknown,,,,
285,VIT_00s0229g00150,663,0.3212,Unknown protein,,,,
286,VIT_13s0019g04150,666,0.3210,Receptor protein kinase CRINKLY4 precursor,,,,
287,VIT_14s0108g00250,665,0.3209,Unknown,,,,
288,VIT_07s0005g05600,657,0.3196,UDP-glucose:sterol 3-O-glucosyltransferase,E2_4_1_173,,vv10100Biosynthesis_of_steroids,
289,VIT_05s0062g01380,659,0.3181,Unknown,,,,
290,VIT_05s0094g00630,655,0.3166,Stearoyl-CoA 9-desaturase,E1_14_19_1,,vv11040Biosynthesis_of_unsaturated_fatty_acids,
291,VIT_12s0057g01230,652,0.3136,No hit,,,,
292,VIT_02s0025g03990,640,0.3107,No hit,,,,
293,VIT_16s0022g02070,636,0.3098,Unknown protein,,,,
294,VIT_06s0080g00690,634,0.3075,Peroxidase ATP14a,E1_11_1_7,,vv10360Phenylalanine_metabolism,vv10680Methane_metabolism
295,VIT_06s0080g00950,636,0.3071,Nitrilase,E3_5_5_1,,vv10460Cyanoamino_acid_metabolism,vv10910Nitrogen_metabolism
296,VIT_17s0000g00280,634,0.3067,Magnesium-protoporphyrin O-methyltransferase,E2_1_1_11,,vv10860Porphyrin_and_chlorophyll_metabolism,
297,VIT_19s0015g02580,631,0.3048,Unknown,,,,
298,VIT_16s0022g02280,627,0.3036,Receptor protein kinase PERK1,,,,
299,VIT_15s0048g02920,620,0.3014,Unknown,,,,
300,VIT_02s0087g00810,625,0.3014,SWIB complex BAF60b domain-containing protein,SWIB_10,,vv60092SWIB,
301,VIT_00s0414g00040,622,0.2992,Cellulose synthase CSLE1,E2_4_1_12_CSLE1,,vv40006Cell_wall,
302,VIT_03s0017g02340,623,0.2987,No hit,,,,
303,VIT_17s0000g07510,607,0.2951,Myb family,MYBREL_1,,vv60045MYBrelated,
304,VIT_04s0008g01670,607,0.2928,PHD finger protein alfin,ALFINDOM4,,vv60002Alfin-like,
305,VIT_00s0179g00230,602,0.2915,No hit,,,,
306,VIT_06s0004g07910,605,0.2913,Ovate family protein 3 OFP3,OFP3_2,,vv60086OFP,
307,VIT_04s0008g03230,600,0.2885,Unknown protein,,,,
308,VIT_12s0028g00900,590,0.2878,No hit,,,,
309,VIT_16s0100g00580,589,0.2854,Glutamine synthetase B1 GLB1,E6_3_1_2,,vv10251Glutamate_metabolism,vv10550Peptidoglycan_biosynthesis
310,VIT_01s0011g02920,592,0.2852,TCP family transcription factor DICHOTOMA,DICHOTOMA,,vv30009Flower_development,vv60061TCP
311,VIT_19s0014g01720,586,0.2847,Sodium/calcium exchanger family protein,NACAEX,,vv50123Porters_cat_18_to_29,
312,VIT_05s0049g01870,583,0.2819,Import receptor subunit TOM22 homolog 2  Mitochondrial,TOM22_2,,vv50132Primary_active_transporter_cat_A5_to_A8,
313,VIT_00s0228g00060,575,0.2779,Unknown,,,,
314,VIT_09s0096g00220,569,0.2753,No hit,,,,
315,VIT_05s0077g00880,561,0.2722,Peroxidase,E1_11_1_7,,vv10360Phenylalanine_metabolism,vv10680Methane_metabolism
316,VIT_08s0056g00050,557,0.2696,Scarecrow transcription factor 23 (SCL23),SCL23_2,,vv60032GRAS,
317,VIT_06s0004g04750,557,0.2686,Beta-1 3 glucanase,E3_2_1_6,,,
318,VIT_18s0122g01460,553,0.2673,CYP87A3,,,,
319,VIT_01s0010g02500,549,0.2659,Lysine histidine transporter 1,LHT1,,vv50123Porters_cat_18_to_29,
320,VIT_04s0008g07040,547,0.2655,Peroxidase,E1_11_1_7,,vv10360Phenylalanine_metabolism,vv10680Methane_metabolism
321,VIT_10s0003g05790,538,0.2615,Lipid transfer protein 12,LTP12,,,
322,VIT_15s0046g01060,538,0.2609,Pentatricopeptide (PPR) repeat,,,,
323,VIT_05s0062g01310,539,0.2605,Unknown protein,,,,
324,VIT_15s0024g01720,533,0.2591,TIR-NBS-LRR type R protein 7,,,,
325,VIT_13s0064g01700,530,0.2570,Glycosyl hydrolase family 1 protein,K01238,,vv10530Aminosugars_metabolism,
326,VIT_07s0197g00200,528,0.2569,No hit,,,,
327,VIT_19s0014g02290,533,0.2564,Ribosomal protein L11 methyltransferase,K02867,,vv23010Ribosome,
328,VIT_11s0065g01230,529,0.2554,No hit,,,,
329,VIT_01s0011g00860,521,0.2513,No hit,,,,
330,VIT_06s0004g07700,517,0.2511,Basic helix-loop-helix (bHLH) family,BHLHDOM_5,,vv60011BHLH,
331,VIT_09s0054g00190,514,0.2499,Ribosomal protein L7 (RPL7D) 60S,K02937,,vv23010Ribosome,
332,VIT_15s0046g01960,515,0.2498,Hydroquinone glucosyltransferase,E2_4_1_218,,vv10500Starch_and_sucrose_metabolism,
333,VIT_18s0001g10400,515,0.2486,HEC1 (HECATE 1),HEC1_1,,vv60011BHLH,
334,VIT_08s0040g00530,510,0.2485,Peroxisomal membrane protein 2,K13347,,vv44146Peroxisome,
335,VIT_11s0016g03600,513,0.2482,Proton-dependent oligopeptide transport (POT) family protein,POT,,vv50122Porters_cat_7_to_17,
336,VIT_18s0001g01840,512,0.2476,1-aminocyclopropane-1-carboxylate oxidase,E1_14_17_4,,vv10640Propanoate_metabolism,vv30008Ethylene_signaling
337,VIT_00s0981g00010,512,0.2463,Brain protein 44,,,,
338,VIT_12s0059g02670,506,0.2452,Beta-amylase,E3_2_1_2,,vv10500Starch_and_sucrose_metabolism,
339,VIT_09s0002g03230,505,0.2431,Acid phosphatase,E3_1_3_2,,vv10740Riboflavin_metabolism,
340,VIT_12s0059g00960,499,0.2424,Cellulose synthase CSLB04,E2_4_1_12_CSLB04,,vv40006Cell_wall,
341,VIT_03s0063g00110,500,0.2421,Cyclin delta-3,CYCD3,,vv30007Cytokinin_signaling,vv44110Cell_cycle
342,VIT_04s0008g06240,492,0.2391,Unknown protein,,,,
343,VIT_06s0061g01180,489,0.2368,PHD finger transcription factor,DDTPHD_1,,vv60025DDT,
344,VIT_00s0125g00200,486,0.2355,No hit,,,,
345,VIT_18s0075g00700,479,0.2334,Laccase,E1_10_3_2,,vv11000Single_reactions,vv50109Incompletely_characterized_transport_systems
346,VIT_03s0038g01180<br>VIT_03s0038g01260,481,0.2327,
347,VIT_17s0000g06690,482,0.2324,Unknown,,,,
348,VIT_05s0029g00990,480,0.2317,Tripeptidyl-peptidase 2,E3_4_14_10,,,
349,VIT_07s0130g00240,473,0.2297,Zinc finger homeobox 21,ZFHB21_2,,vv60068Zf-HD,
350,VIT_18s0001g00880,472,0.2292,No hit,,,,
351,VIT_03s0038g01750,471,0.2272,Disease resistance RPP8 2,,,,
352,VIT_00s0229g00140,468,0.2259,Enoyl-CoA hydratase,E4_2_1_17,,vv10062Fatty_acid_elongation_in_mitochondria,vv10071Fatty_acid_metabolism
353,VIT_03s0038g03600,460,0.2232,Serine/threonine kinase,,,,
354,VIT_08s0058g00660,459,0.2226,Protein phosphatase 1D,K10147,,,
355,VIT_13s0067g03690,461,0.2224,Pinene synthase,E4_2_3_14,,vv10902Monoterpenoid_biosynthesis,
356,VIT_08s0007g01600,455,0.2199,Unknown protein,,,,
357,VIT_16s0022g00230,454,0.2194,Structural maintenance of chromosomes SMC2,K06674,,vv44110Cell_cycle,
358,VIT_05s0077g00980,452,0.2190,Unknown,,,,
359,VIT_17s0000g07200,452,0.2189,Flavonoid-3'-hydroxylase,E1_14_13_21,,vv10941Flavonoid_biosynthesis,
360,VIT_09s0054g01280,455,0.2189,Beta-amyrin synthase,E5_4_99_BAS,,vv10900Terpenoid_biosynthesis,
361,VIT_18s0001g14770,450,0.2184,Lipase 3 (EXL3) family II extracellular,,,,
362,VIT_05s0124g00100,448,0.2152,Unknown,,,,
363,VIT_00s0317g00070,448,0.2151,Disease resistance-responsive,,,,
364,VIT_10s0071g00250,441,0.2148,Strictosidine synthase,E4_3_3_2,,vv10900Terpenoid_biosynthesis,vv10902Monoterpenoid_biosynthesis
365,VIT_17s0000g00450,442,0.2139,PI-3-kinase-related kinase SMG-1,K08873,,vv23015mRNA_surveillance_pathway,
366,VIT_02s0012g00600,441,0.2139,Vacuolar protein sorting 55,VPS55,,vv50109Incompletely_characterized_transport_systems,
367,VIT_08s0007g03590,440,0.2117,LRR and BTB/POZ domain-containing protein FBL11,FBL11_1,,vv60093TRAF,
368,VIT_03s0110g00330,440,0.2115,Cinnamyl alcohol dehydrogenase,E1_1_1_195,,vv10940Phenylpropanoid_biosynthesis,
369,VIT_14s0066g00650,436,0.2102,Transducin family protein / WD-40 repeat,,,,
370,VIT_12s0059g01960,428,0.2080,Unknown protein,,,,
371,VIT_05s0062g01090,428,0.2079,Unknown,,,,
372,VIT_08s0007g01820,432,0.2078,Transducin protein,,,,
373,VIT_12s0059g00830,427,0.2071,Dirigent protein pDIR10,,,,
374,VIT_19s0014g02600,429,0.2069,Protein kinase G11A,,,,
375,VIT_02s0012g00650,430,0.2069,PBP1 (pinoid-binding protein 1),PBP1,,vv50004Auxin_transport,
376,VIT_15s0046g02380,427,0.2054,CYP86A8,,,,
377,VIT_03s0097g00290,417,0.2008,Unknown,,,,
378,VIT_17s0000g01230,414,0.1999,MADS-box protein AGL20,SOC1_2,,vv30009Flower_development,vv60042MADS
379,VIT_09s0002g03150,414,0.1993,Lipase GDSL,,,,
380,VIT_03s0097g00700,412,0.1984,Pathogenesis-related protein 1 precursor (PRP 1),PRP1,,vv30011Jasmonate_signaling,vv34626Plant-pathogen_interaction
381,VIT_09s0018g00930,412,0.1981,HcrVf1 protein,,,,
382,VIT_04s0008g03640,406,0.1960,FAD-binding domain-containing protein,,,,
383,VIT_16s0050g00210,408,0.1957,HcrVf3 protein,,,,
384,VIT_05s0020g04940,404,0.1954,NBS-LRR type disease resistance protein,,,,
385,VIT_03s0017g01370,404,0.1952,UDP-glycosyltransferase 85A8,,,,
386,VIT_16s0039g02880,400,0.1932,Ribosomal protein P0 (RPP0A) acidic 60S,K02941,,vv23010Ribosome,
387,VIT_06s0009g01850,396,0.1920,No hit,,,,
388,VIT_11s0016g04140,395,0.1920,No hit,,,,
389,VIT_00s0160g00130,394,0.1916,No hit,,,,
390,VIT_18s0086g00240,389,0.1880,No hit,,,,
391,VIT_09s0002g08000,389,0.1873,No hit,,,,
392,VIT_01s0011g01310,386,0.1862,Polygalacturonase QRT3,E3_2_1_15,,vv40006Cell_wall,
393,VIT_18s0001g05840,381,0.1848,RNA recognition motif (RRM)-containing protein,,,,
394,VIT_07s0151g01130,378,0.1828,Patatin,,,,
395,VIT_00s0640g00010,377,0.1827,Transcriptional corepressor LEUNIG,LEUNIG_2,,vv30009Flower_development,vv60041LUG
396,VIT_10s0116g00110,379,0.1821,Receptor kinase RK20-1,,,,
397,VIT_13s0019g01540,375,0.1815,Protease inhibitor/seed storage/lipid transfer protein (LTP),,,,
398,VIT_00s0901g00010,373,0.1810,Ankyrin repeat protein,,,,
399,VIT_18s0001g09130,375,0.1807,Armadillo/beta-catenin repeat,,,,
400,VIT_09s0002g03730,368,0.1778,Unknown protein,,,,
401,VIT_07s0005g05310,367,0.1772,No hit,,,,
402,VIT_06s0004g00150,364,0.1750,MYR1 (MYB-related protein 1),MYR1_4,,vv60029G2-like,
403,VIT_04s0008g01080,359,0.1732,Calmodulin-binding region IQD6,,,,
404,VIT_10s0003g03840,347,0.1695,No hit,,,,
405,VIT_06s0004g05610,350,0.1693,Subtilisin serine protease,SBT4_12,,vv50101Channels_and_pores,
406,VIT_04s0023g03270,347,0.1691,Anthranilate phosphoribosyltransferase,E2_4_2_18,,vv10400Phenylalanine_tyrosine_and_tryptophan_biosynthesis,
407,VIT_13s0067g01660,346,0.1685,Sister chromatid cohesion 1 protein 1 DIF1/SYN1,SYN1,,vv44110Cell_cycle,
408,VIT_16s0050g01690,348,0.1684,Receptor kinase homolog LRK10,,,,
409,VIT_08s0007g00210,342,0.1659,Unknown protein,,,,
410,VIT_18s0089g00280,339,0.1642,TIR-NBS-LRR-TIR disease resistance protein,,,,
411,VIT_11s0016g05880,337,0.1633,Ubiquitin-specific protease 12 UBP12,,,,
412,VIT_14s0108g00470,333,0.1608,Binding,,,,
413,VIT_04s0079g00700,333,0.1607,Protein kinase CRK1 CRK1 protein(Cdc2-related kinase 1),,,,
414,VIT_11s0016g04440,329,0.1592,Protease inhibitor/seed storage/lipid transfer protein (LTP),,,,
415,VIT_00s0160g00210,326,0.1579,Myosin heavy chain,MYOSINHC,,vv44810Regulation_of_actin_cytoskeleton,
416,VIT_11s0052g00870,325,0.1573,IAA33,IAA33,,vv30003Auxin_signaling,vv60008AUXIAA
417,VIT_18s0001g11110,326,0.1573,Serine carboxypeptidase,,,,
418,VIT_05s0020g04390,322,0.1553,Ca2+-ATPase 13 ACA13  plasma membrane,K01537,,vv34020Calcium_signaling_pathway,vv50131Primary_active_transporter_cat_A2_to_A4
419,VIT_02s0012g02380,322,0.1551,Geraniol 10-hydroxylase,G10H,,vv10902Monoterpenoid_biosynthesis,
420,VIT_14s0081g00080,319,0.1544,Prefoldin subunit 4 (VIP3 protein),,,,
421,VIT_14s0219g00300,313,0.1512,No hit,,,,
422,VIT_18s0122g00350,311,0.1507,DC1 domain-containing protein,,,,
423,VIT_00s0184g00210,307,0.1484,No hit,,,,
424,VIT_10s0116g00770,306,0.1482,Unknown protein,,,,
425,VIT_04s0043g00470,304,0.1469,DD1A protein,,,,
426,VIT_18s0001g11800,301,0.1465,BEL1-like homeodomain protein 4 (SAWTOOTH 2),BLH4,VvHB66,vv60034HB,
427,VIT_09s0002g00530,297,0.1443,Lipase GDSL 2,,,,
428,VIT_00s0463g00040,298,0.1438,No hit,,,,
429,VIT_00s2258g00010,298,0.1436,No hit,,,,
430,VIT_03s0038g03390,297,0.1435,Unknown protein,,,,
431,VIT_03s0088g00560,295,0.1433,Citrate synthase,E2_3_3_1,,vv10020Citrate_cycle,vv10630Glyoxylate_and_dicarboxylate_metabolism
432,VIT_04s0008g05310,295,0.1432,Nod-factor receptor 1b,,,,
433,VIT_06s0004g05620,296,0.1424,Subtilisin protease C1,SBT4_13,,vv50101Channels_and_pores,
434,VIT_02s0109g00350,294,0.1422,Carboxyl-terminal proteinase,,,,
435,VIT_17s0000g08460,292,0.1400,Carbonic anhydrase  chloroplast precursor,E4_2_1_1,,vv10910Nitrogen_metabolism,vv50124Porters_cat_30_to_64
436,VIT_09s0002g00140,290,0.1391,Lipase class 3,,,,
437,VIT_13s0067g02810,285,0.1383,NADPH:quinone oxidoreductase,E1_6_5_2,,vv10100Biosynthesis_of_steroids,
438,VIT_18s0001g01410,281,0.1363,Unknown,,,,
439,VIT_00s0302g00030,280,0.1357,LYS/HIS transporter 7 LHT7,LHT7,,vv50123Porters_cat_18_to_29,
440,VIT_18s0001g08520,279,0.1352,1-aminocyclopropane-1-carboxylate synthase,E4_4_1_14,,vv10640Propanoate_metabolism,vv30008Ethylene_signaling
441,VIT_16s0013g00260,278,0.1343,Superoxide dismutase  Fe-Mn family,K04564,,vv44146Peroxisome,
442,VIT_18s0001g09870,277,0.1338,Carbohydrate esterase,,,,
443,VIT_13s0084g00140,275,0.1331,Zinc finger (C3HC4-type ring finger),ZFC3HC4_50,,vv60078Other_zf-C3HC4,
444,VIT_03s0063g00520,275,0.1329,Unknown protein,,,,
445,VIT_16s0050g00670,274,0.1328,Kinesin motor,KMOTOR,,vv44810Regulation_of_actin_cytoskeleton,
446,VIT_17s0000g01490,275,0.1323,CYP94B3,,,,
447,VIT_05s0077g01360,269,0.1307,Myb domain protein 111,MYB111_1,MYBF2,vv60044MYB,
448,VIT_06s0080g00290,269,0.1305,TFL1 (Terminal flower 1),TFL1,,vv30009Flower_development,
449,VIT_00s1356g00010,270,0.1304,Zinc finger (C2H2 type) family,C2H2FAM_15,,vv60017C2H2,
450,VIT_18s0001g13390,267,0.1279,Papain cysteine proteinase isoform II,E3_4_22_2,,,
451,VIT_00s0848g00010,264,0.1270,Protein serine/threonine kinase,,,,
452,VIT_14s0006g00350,263,0.1268,Glutamine synthetase cytosolic isozyme 2,E6_3_1_2,,vv10251Glutamate_metabolism,vv10550Peptidoglycan_biosynthesis
453,VIT_07s0005g05270,260,0.1263,RNA polymerase beta subunit [Vitis vinifera],K03043,,vv23020RNA_polymerase,
454,VIT_11s0016g02040,260,0.1256,Ribosomal protein S16,K02959,,vv23010Ribosome,
455,VIT_17s0000g08270,256,0.1239,No hit,,,,
456,VIT_05s0020g00070,254,0.1235,No hit,,,,
457,VIT_14s0060g01590,254,0.1233,Wall-associated receptor kinase-like 20,,,,
458,VIT_16s0022g00400,249,0.1210,No hit,,,,
459,VIT_12s0028g03170,248,0.1203,No hit,,,,
460,VIT_00s0665g00020,246,0.1197,Carrier protein  Mitochondrial,K03454,,vv50123Porters_cat_18_to_29,
461,VIT_06s0004g01730,243,0.1174,Unknown protein,,,,
462,VIT_00s0508g00040,242,0.1169,Unknown protein,,,,
463,VIT_05s0077g01960,241,0.1163,Chromosoma associate protein subunit H2,,,,
464,VIT_09s0002g01680,240,0.1157,Calmodulin-binding region IQD6,,,,
465,VIT_16s0100g00360,237,0.1146,Per1,,,,
466,VIT_02s0012g02360,235,0.1140,CYP76J1,,,,
467,VIT_11s0052g01080,231,0.1123,No hit,,,,
468,VIT_02s0025g03070,228,0.1103,Zinc finger (C3HC4-type ring finger),ZFC3HC4_116,,vv60078Other_zf-C3HC4,
469,VIT_18s0122g00720,227,0.1102,Metal ion binding,,,,
470,VIT_03s0038g02630,227,0.1099,No hit,,,,
471,VIT_09s0096g00040,228,0.1099,Ribonuclease P/MRP protein subunit POP1,K01164,,vv23008Ribosome_biogenesis_in_Eukaryotes,vv23013RNA_transport
472,VIT_04s0043g00920,224,0.1080,Unknown,,,,
473,VIT_09s0002g07390,222,0.1075,FAR1-related sequence 8,FRS8_1,,vv60071Orphans_far-red,
474,VIT_00s0144g00170,218,0.1053,HcrVf1 protein,,,,
475,VIT_10s0003g04870,218,0.1052,Receptor kinase TRKe,,,,
476,VIT_09s0002g04290,217,0.1050,Hydroxyphenylpyruvate reductase (HPPR),E1_1_1_237,,vv10350Tyrosine_metabolism,vv10360Phenylalanine_metabolism
477,VIT_07s0005g05210,214,0.1038,No hit,,,,
478,VIT_09s0018g01970,210,0.1020,Unknown protein,,,,
479,VIT_19s0090g01160,211,0.1018,Lipase GDSL,,,,
480,VIT_09s0002g08060,200,0.0968,2-hydroxyacid dehydrogenases  D-isomer specific,E1_1_1_26,,vv10630Glyoxylate_and_dicarboxylate_metabolism,
481,VIT_03s0038g02660,198,0.0958,Unknown protein,,,,
482,VIT_15s0021g00310,198,0.0958,Ent-kaurenoic acid oxidase,E1_14_13_79,,vv10904Diterpenoid_biosynthesis,
483,VIT_13s0064g00550,197,0.0954,R protein MLA10,K13475,,vv34627R_proteins_from_Plant-pathogen_interaction,
484,VIT_03s0038g00220,196,0.0950,Purple acid phosphatase 10 ATPAP10/PAP10,E3_1_3_2,,vv10740Riboflavin_metabolism,
485,VIT_10s0003g02480,196,0.0945,Xyloglucan endotransglycosylase/hydrolase precursor XTH-21,E2_4_1_207,,vv40006Cell_wall,
486,VIT_12s0028g03450,195,0.0942,Plastocyanin domain-containing protein,K02638,,vv10195Photosynthesis,vv50113Thylakoid_targeting_pathway
487,VIT_18s0001g14780,196,0.0941,Lipase 3 (EXL3) family II extracellular,,,,
488,VIT_01s0011g06310,191,0.0927,Inositol polyphosphate related phosphatase,E3_1_3_56,,vv10562Inositol_phosphate_metabolism,vv34070Phosphatidylinositol_signaling_system
489,VIT_02s0025g00440,191,0.0919,Transducin protein,,,,
490,VIT_12s0057g00520,191,0.0915,Serine/threonine-protein kinase WNK3,,,,
491,VIT_07s0005g02580,189,0.0912,Zinc finger (DHHC type),ZFDHHC_9,,vv60079Other_zf-DHHC,
492,VIT_10s0092g00050,187,0.0907,Ribosomal protein L17,K02879,,vv23010Ribosome,
493,VIT_07s0129g00580,187,0.0906,Snakin-1,SNAKIN,,vv30010Gibberellin_signaling,
494,VIT_14s0128g00210,186,0.0897,Xyloglucanase inhibitor,,,,
495,VIT_11s0016g05860,182,0.0883,Unknown protein,,,,
496,VIT_16s0022g01020,180,0.0874,Chalcone synthase [Vitis vinifera],E2_3_1_74,,vv10941Flavonoid_biosynthesis,
497,VIT_18s0001g10050,179,0.0863,LRX1 (leucine-rich repeat/extensin 1),EXTENSIN,,vv40006Cell_wall,
498,VIT_08s0056g00540,177,0.0852,No hit,,,,
499,VIT_13s0067g01420,175,0.0852,Cyclin 1b (CYC1b),CYCB1_2,,vv44110Cell_cycle,
500,VIT_11s0016g03970,175,0.0844,Ubiquitin-conjugating enzyme E2 D/E,K06689,,vv24120Ubiquitin_mediated_proteolysis,vv24141Protein_processing_in_endoplasmic_reticulum
501,VIT_11s0016g01520<br>VITisv_015848<br>VIT_11s0016g01640,173,0.0837,
502,VIT_00s0477g00060,167,0.0811,Unknown protein,,,,
503,VIT_07s0031g00520,167,0.0811,Unknown protein,,,,
504,VIT_11s0016g03210,167,0.0809,NADP-dependent malic enzyme,E1_1_1_39,,vv10620Pyruvate_metabolism,vv10710Carbon_fixation
505,VIT_09s0054g00840,166,0.0802,Unknown protein,,,,
506,VIT_06s0009g00370,165,0.0794,U-box domain-containing protein,,,,
507,VIT_07s0191g00220,164,0.0787,Unknown protein,,,,
508,VIT_15s0046g02100,157,0.0756,Late embryogenesis abundant group 14,,,,
509,VIT_15s0046g02580,151,0.0727,Carboxyl-terminal peptidase,,,,
510,VIT_15s0046g02660,148,0.0722,Sas10/U3 ribonucleoprotein,,,,
511,VIT_16s0098g00920,149,0.0721,DnaJ homolog  subfamily C  member 2,K09522,,vv50132Primary_active_transporter_cat_A5_to_A8,
512,VIT_06s0004g04010,147,0.0713,Exocyst subunit EXO70 H7,EXO70H7,,vv50111Tethering_factors,
513,VIT_17s0053g00730,146,0.0705,Calcium-dependent protein kinase / CDPK,,,,
514,VIT_00s0160g00180,146,0.0701,Histone H3,,,,
515,VIT_09s0002g06580,141,0.0679,Glycosyl hydrolase family 28 protein,,,,
516,VIT_01s0026g01120,139,0.0674,R protein L6,K13477,,vv34627R_proteins_from_Plant-pathogen_interaction,
517,VIT_07s0151g00180,138,0.0668,Ankyrin,K10380,,vv50108Accessory_factors_involved_in_transport,
518,VIT_01s0026g01180,138,0.0668,No hit,,,,
519,VIT_17s0000g04950,136,0.0656,Steroid sulfotransferase,K01025,,vv10272Cysteine_metabolism,
520,VIT_16s0013g00500,134,0.0649,Unknown protein,,,,
521,VIT_15s0046g02550,134,0.0648,Gibberellin 20-oxidase,E1_14_11_12,,vv10904Diterpenoid_biosynthesis,
522,VIT_06s0004g03750,130,0.0632,Bulb chitinase-1,E3_2_1_14,,vv10530Aminosugars_metabolism,
523,VIT_15s0046g02070,130,0.0631,Zinc finger (C3HC4-type ring finger),ZFC3HC4_27,,vv60078Other_zf-C3HC4,
524,VIT_07s0005g05400,131,0.0630,Abscisic acid-insensitive protein 3 (ABI3),ABI3_2,,vv30001ABA_signaling,vv30003Auxin_signaling
525,VIT_16s0050g00750,128,0.0621,Short-chain dehydrogenase/reductase,,,,
526,VIT_15s0045g00180,128,0.0621,No hit,,,,
527,VIT_18s0089g01080,126,0.0613,GDA2,,,,
528,VIT_01s0137g00160,126,0.0610,B-keto acyl reductase,,,,
529,VIT_01s0011g02200,124,0.0600,Glutamine synthetase,E6_3_1_2,,vv10251Glutamate_metabolism,vv10550Peptidoglycan_biosynthesis
530,VIT_00s0397g00050,124,0.0599,Disease resistance family protein,,,,
531,VIT_06s0004g05690,122,0.0591,Glutathione S-transferase GSTU7,E2_5_1_18_GSTU7,,vv10480Glutathione_metabolism,
532,VIT_12s0057g01510,122,0.0589,Unknown protein,,,,
533,VIT_12s0142g00040,120,0.0581,Glycerol-3-phosphate acyltransferase 1 (AtGPAT1),E2_3_1_15,,vv10561Glycerolipid_metabolism,vv10564Glycerophospholipid_metabolism
534,VIT_11s0149g00350<br>VIT_11s0206g00030<br>VIT_11s0149g00380,120,0.0579,
535,VIT_00s0229g00130,120,0.0579,Aquaporin TIP2;2,TIP2_2,,vv50101Channels_and_pores,
536,VIT_03s0038g02560,117,0.0566,Unknown protein,,,,
537,VIT_18s0041g00890,116,0.0565,UDP-glucose: anthocyanidin 5 3-O-glucosyltransferase,RHGT1,,vv10942Anthocyanin_biosynthesis,
538,VIT_02s0025g00730,116,0.0559,Pinoresinol forming dirigent protein,DIRPR,,vv10940Phenylpropanoid_biosynthesis,
539,VIT_10s0003g01820,110,0.0531,NLI interacting factor (NIF) family protein,NIF,,vv50132Primary_active_transporter_cat_A5_to_A8,
540,VIT_07s0005g00640,108,0.0519,Unknown protein,,,,
541,VIT_12s0055g00510,107,0.0518,NAC domain containing protein 104,NAC104_2,VvNAC58,vv60046NAC,
542,VIT_01s0010g00960,106,0.0510,Peroxidase 48 (Atperox P48),E1_11_1_7,,vv10360Phenylalanine_metabolism,vv10680Methane_metabolism
543,VIT_13s0106g00740,104,0.0501,Bile acid:sodium symporter,K03453,,vv50123Porters_cat_18_to_29,
544,VIT_01s0010g03490,103,0.0497,Caffeoyl-CoA O-methyltransferase,E2_1_1_104,,vv10940Phenylpropanoid_biosynthesis,
545,VIT_06s0009g01260,102,0.0494,Subtilisin protease C1,SBT4_13,,,
546,VIT_01s0011g01220,101,0.0491,Unusual floral organs (UFO),UFO,,vv30009Flower_development,
547,VIT_10s0042g00160,101,0.0486,Unknown,,,,
548,VIT_14s0066g01840,101,0.0486,SAG101 (senescence-associated gene 101),,,,
549,VIT_05s0094g00730,100,0.0482,Stearoyl-acyl-carrier protein desaturase,E1_14_19_2,,vv11040Biosynthesis_of_unsaturated_fatty_acids,
550,VIT_04s0008g03090,98,0.0477,Unknown protein,,,,
551,VIT_01s0011g03160,98,0.0476,PFT1 (phytochrome and flowering time 1) MED25,PFT1,,vv30009Flower_development,
552,VIT_07s0005g03020,98,0.0475,Lateral organ boundaries protein 29,LBD29,,vv60007AS2,
553,VIT_01s0011g01770,98,0.0474,No hit,,,,
554,VIT_15s0024g00850,96,0.0462,Geranylgeranyl diphosphate synthase,E2_5_1_29,,vv10100Biosynthesis_of_steroids,vv10900Terpenoid_biosynthesis
555,VIT_01s0011g06510,95,0.0461,Galacturonic acid reductase [Vitis vinifera],E1_1_1_203,,vv40006Cell_wall,
556,VIT_08s0007g01070,95,0.0460,DC1 domain-containing protein,,,,
557,VIT_18s0041g02160,94,0.0452,Lipase GDSL,,,,
558,VIT_13s0019g01190,93,0.0449,Alpha galactosidase,E3_2_1_22,,vv10052Galactose_metabolism,vv10561Glycerolipid_metabolism
559,VIT_06s0004g03010,92,0.0444,Late embryogenesis abundant,,,,
560,VIT_01s0026g02770,92,0.0444,Myb domain protein 106,MYB106_1,MYB140,vv60044MYB,
561,VIT_13s0047g01090,91,0.0438,Valyl-tRNA synthetase,E6_1_1_9,,vv10290Valine_leucine_and_isoleucine_biosynthesis,vv20970Aminoacyl-tRNA_biosynthesis
562,VIT_13s0067g01060,90,0.0437,SAC3/GANP,,,,
563,VIT_08s0007g06650,89,0.0431,Peroxidase,E1_11_1_7,,vv10360Phenylalanine_metabolism,vv10680Methane_metabolism
564,VIT_13s0064g00090,89,0.0431,Disease resistance protein (NBS-LRR class),,,,
565,VIT_13s0064g01560,88,0.0427,Glycosyl hydrolase family 1 protein,,,,
566,VIT_08s0056g00800,88,0.0425,Myb domain protein 60,MYB60,MYB60,vv60044MYB,
567,VIT_05s0094g00880,88,0.0424,Unknown,,,,
568,VIT_16s0098g00830,87,0.0418,Nascent polypeptide associated complex alpha chain,K03626,,,
569,VIT_10s0116g00080,87,0.0418,Tetratricopeptide repeat (TPR)-containing SET domain protein,SETTRP_2,,vv60056SET_PCG,
570,VIT_04s0008g01140,86,0.0417,Beta-fructosidase (BFRUCT1),E3_2_1_26,,vv10052Galactose_metabolism,vv10500Starch_and_sucrose_metabolism
571,VIT_02s0109g00410,85,0.0411,No hit,,,,
572,VIT_11s0078g00450,85,0.0409,ER degradation enhancer  mannosidase alpha-like 1,K10084,,vv24141Protein_processing_in_endoplasmic_reticulum,
573,VIT_04s0008g01450,83,0.0403,Cyclopropane-fatty-acyl-phospholipid synthase,E2_1_1_79,,vv10271Methionine_metabolism,
574,VIT_04s0079g00510,83,0.0401,No hit,,,,
575,VIT_17s0000g02040,80,0.0386,Unknown protein,,,,
576,VIT_02s0087g00200,77,0.0372,Aspartic proteinase nepenthesin-1 precursor,E3_4_23_12,,,
577,VIT_09s0002g01410,75,0.0362,TT2 (transparent testa 2),TT2_2,MYBPA6,vv44110Cell_cycle,vv60044MYB
578,VIT_02s0025g00600,75,0.0362,Glycoside hydrolase  family 5,,,,
579,VIT_13s0047g01220,75,0.0359,Ankyrin repeat,K10380,,vv50108Accessory_factors_involved_in_transport,
580,VIT_04s0023g03680,73,0.0352,Histidine kinase 1 (AHK1),,,,
581,VIT_10s0116g00340,73,0.0352,Peroxidase,E1_11_1_7,,vv10360Phenylalanine_metabolism,vv10680Methane_metabolism
582,VIT_15s0046g00520,72,0.0346,Wax synthase,E2_3_1_75,,vv11000Single_reactions,
583,VIT_09s0002g08550,71,0.0345,Unknown,,,,
584,VIT_03s0038g01840,71,0.0343,Proline-rich protein 4,,,,
585,VIT_16s0022g01190<br>VIT_00s1492g00010<br>VIT_16s0022g01000<br>VIT_16s0022g01140,71,0.0343,
586,VIT_09s0054g00860,71,0.0341,Lipase GDSL,,,,
587,VIT_09s0054g00880,71,0.0341,Lipase GDSL,,,,
588,VIT_13s0064g01020,70,0.0340,Unknown protein,,,,
589,VIT_08s0056g01140,69,0.0334,Exostosin,K02366,,vv11030Glycan_structures-biosynthesis1,
590,VIT_14s0128g00420,69,0.0331,Glycosyl transferase family 8 protein,,,,
591,VIT_09s0054g00750,68,0.0330,TRNA-splicing endonuclease positive effector SEN1,,,,
592,VIT_05s0077g02280,68,0.0329,Unknown protein,,,,
593,VIT_16s0098g01510,68,0.0328,Histone-lysine N-methyltransferase ATXR6,E2_1_1_43ATXR6,,vv10300Lysine_biosynthesis,vv60048PHD
594,VIT_00s1216g00020,68,0.0328,CYP82C1p,,,,
595,VIT_18s0001g13670,68,0.0328,Glyoxal oxidase-related,,,,
596,VIT_05s0094g00030,67,0.0324,Unknown protein,,,,
597,VIT_12s0055g00120,66,0.0321,No hit,,,,
598,VIT_15s0021g02370,67,0.0321,Unknown protein,,,,
599,VIT_17s0000g03880,66,0.0320,Aspartyl protease,E3_4_23_x,,,
600,VIT_18s0001g13120,64,0.0307,GTP-binding protein hflX,K03665,,,
601,VIT_10s0003g04860,63,0.0305,Receptor kinase TRKa,,,,
602,VIT_10s0003g00880,62,0.0300,Nudix hydrolase 15,,,,
603,VIT_04s0023g02380,62,0.0299,R protein MLA10,K13475,,vv34627R_proteins_from_Plant-pathogen_interaction,
604,VIT_18s0001g05210,62,0.0298,No hit,,,,
605,VIT_16s0022g01380,60,0.0290,No hit,,,,
606,VIT_18s0001g08440,60,0.0290,DNA binding,,,,
607,VIT_13s0019g02580,59,0.0286,Subtilisin protease C1,,,,
608,VIT_19s0090g00520,59,0.0284,No hit,,,,
609,VIT_13s0320g00020,58,0.0281,Unknown,,,,
610,VIT_02s0025g00840,58,0.0280,Intracellular protein transport protein USO1,,,,
611,VIT_05s0094g00550,58,0.0279,Stearoyl-acyl-[acyl-carrier-protein] desaturase,E1_14_19_2,,vv11040Biosynthesis_of_unsaturated_fatty_acids,
612,VIT_03s0063g01850,57,0.0275,AOS (allene oxide synthase),E4_2_1_92,,vv10592alpha-Linolenic_acid_metabolism,
613,VIT_18s0001g00360,56,0.0271,No hit,,,,
614,VIT_13s0064g00480,56,0.0270,Beta-primeverosidase,E3_2_1_149,,vv11000Single_reactions,
615,VIT_07s0005g03700,56,0.0268,Scarecrow transcription factor 23 (SCL23),SCL23_1,,vv60032GRAS,
616,VIT_05s0051g00910,55,0.0266,Unknown protein,,,,
617,VIT_04s0069g00200,55,0.0265,Glutamate receptor 2.8,GLR2_8,,vv50101Channels_and_pores,
618,VIT_06s0004g03730,54,0.0262,DNA-directed RNA polymerase III subunit C1,K03018,,vv23020RNA_polymerase,
619,VIT_16s0100g00230,54,0.0261,Glucose-methanol-choline (GMC) oxidoreductase family protein,E1_1_99_1,,vv10260Glycine_serine_and_threonine_metabolism,
620,VIT_16s0098g01350,54,0.0261,Oligopeptide transporter 6,OPT6,,vv50125Porters_cat_66_to_94,
621,VIT_04s0044g01580,53,0.0258,No hit,,,,
622,VIT_04s0008g07350,53,0.0257,No hit,,,,
623,VIT_00s0225g00210,52,0.0253,LysM receptor-like kinase,,,,
624,VIT_12s0134g00670,52,0.0252,Anthocyanin 5-aromatic acyltransferase,E2_3_1_153,,vv10941Flavonoid_biosynthesis,vv10942Anthocyanin_biosynthesis
625,VIT_18s0164g00050,52,0.0250,No hit,,,,
626,VIT_14s0036g01530,50,0.0242,ATRAD3 (Arabidopsis thaliana Ras Associated with Diabetes protein 3,,,,
627,VIT_19s0090g01810,50,0.0241,Unknown,,,,
628,VIT_07s0005g04800,50,0.0239,SUPER1/YUCCA5 (suppressor of ER1),YUCCA5,,vv30003Auxin_signaling,
629,VIT_05s0029g01480,49,0.0237,Receptor kinase TRKe,,,,
630,VIT_04s0008g02010,49,0.0237,Endo-1 4-beta-glucanase,E3_2_1_4,,vv40006Cell_wall,
631,VIT_06s0080g00080,49,0.0237,Late embryonic abundant protein EMB7,,,,
632,VIT_09s0002g05680,49,0.0236,Unknown protein,,,,
633,VIT_15s0046g01600,48,0.0231,Acidic endochitinase (CHIB1),E3_2_1_14,,vv10530Aminosugars_metabolism,
634,VIT_17s0053g00480,47,0.0230,No hit,,,,
635,VIT_01s0137g00130,46,0.0222,B-keto acyl reductase,,,,
636,VIT_06s0009g00940,46,0.0222,No hit,,,,
637,VIT_15s0046g02450,45,0.0219,SKP1-like 21 ASK21,K03094,,vv24120Ubiquitin_mediated_proteolysis,vv24141Protein_processing_in_endoplasmic_reticulum
638,VIT_11s0037g01400,45,0.0219,Zinc finger (C3HC4-type ring finger),ZFC3HC4_80,,vv60078Other_zf-C3HC4,
639,VIT_01s0011g02210,45,0.0217,No hit,,,,
640,VIT_06s0004g04230,45,0.0217,Histone H2B1,,,,
641,VIT_10s0003g05360,44,0.0213,Germin-like protein,,,,
642,VIT_02s0025g00580,44,0.0213,Glycoside hydrolase  family 5,,,,
643,VIT_07s0255g00070,44,0.0212,VRN1 (reduced vernalization response 1),VRN1_4,,vv30009Flower_development,vv60001ABI3VP1
644,VIT_06s0061g01360,44,0.0212,Unknown protein,,,,
645,VIT_09s0002g06500,43,0.0210,Glycosyl hydrolase family 17 protein,,,,
646,VIT_11s0037g00670,42,0.0203,Receptor protein kinase,,,,
647,VIT_01s0010g03150,42,0.0202,No hit,,,,
648,VIT_16s0050g01710,41,0.0200,Receptor serine/threonine kinase PR5K,,,,
649,VIT_05s0051g00380,41,0.0198,MEE55 (maternal effect embryo arrest 55),,,,
650,VIT_18s0086g00210,40,0.0194,S-locus receptor protein kinase,,,,
651,VIT_18s0001g13380,40,0.0193,Papain cysteine proteinase isoform I,E3_4_22_2,,,
652,VIT_06s0004g06290,40,0.0193,Binding,,,,
653,VIT_01s0182g00150,40,0.0193,PHO1-like protein,PHO1,,vv50125Porters_cat_66_to_94,
654,VIT_02s0025g03920,39,0.0189,Carboxyl-terminal peptidase,,,,
655,VIT_14s0066g01980,39,0.0188,Matrix metalloproteinase,,,,
656,VIT_13s0019g02710,39,0.0188,Rho guanyl-nucleotide exchange factor ROPGEF5,ROPGEF5,,,
657,VIT_03s0088g00900,38,0.0185,Pathogenesis-related protein 1B,PRP1,,vv30011Jasmonate_signaling,vv34626Plant-pathogen_interaction
658,VIT_10s0003g00080,38,0.0184,Ribosomal protein L11 methyltransferase,K02867,,vv23010Ribosome,
659,VIT_16s0022g00240,38,0.0183,EIX receptor 2,,,,
660,VIT_02s0012g01520,37,0.0181,No hit,,,,
661,VIT_12s0059g02610,37,0.0179,Receptor protein kinase RK20-1,,,,
662,VIT_08s0032g00760,37,0.0179,Translation initiation factor eIF-2 beta subunit,K03238,,vv23013RNA_transport,
663,VIT_09s0096g00160,37,0.0179,No hit,,,,
664,VIT_16s0022g01570,36,0.0174,3-ketoacyl-CoA synthase,,,,
665,VIT_15s0046g03290,36,0.0174,Unknown protein,,,,
666,VIT_02s0025g01270,34,0.0164,Unknown protein,,,,
667,VIT_11s0052g00750,33,0.0160,Serine carboxypeptidase 1 precursor,,,,
668,VIT_10s0071g01000,33,0.0159,No hit,,,,
669,VIT_07s0005g02180,33,0.0159,3-beta hydroxysteroid dehydrogenase,E1_1_1_145,,vv10140C21-Steroid_hormone_metabolism,
670,VIT_00s0346g00040,32,0.0154,Receptor protein kinase RK20-1,,,,
671,VIT_08s0007g08800,32,0.0154,Kinesin motor protein,KMOTOR,,vv44810Regulation_of_actin_cytoskeleton,
672,VIT_07s0005g02110,31,0.0149,Protein phosphatase 2C DBP,DBPPP2C_3,,vv60024DBP,
673,VIT_12s0055g00570,31,0.0149,No hit,,,,
674,VIT_05s0049g01610,30,0.0146,Cyclopropane fatty acid synthase,E2_1_1_79,,vv10271Methionine_metabolism,
675,VIT_08s0007g04120,30,0.0145,CYPLXXVIA2,,,,
676,VIT_04s0023g03740,30,0.0145,Tetratricopeptide repeat domain male sterility MS5,,,,
677,VIT_09s0054g01330,30,0.0144,Beta-amyrin synthase,E5_4_99_BAS,,vv10900Terpenoid_biosynthesis,
678,VIT_18s0072g01260,29,0.0142,No hit,,,,
679,VIT_17s0000g10120,28,0.0136,No hit,,,,
680,VIT_06s0080g00120,28,0.0135,Male sterility 2 (MS2) Acyl-CoA reductase,,,,
681,VIT_12s0134g00500,27,0.0131,Cyclin D6,CYCD6_1,,vv44110Cell_cycle,
682,VIT_17s0000g07570,27,0.0131,formin 8,FH8,,vv44810Regulation_of_actin_cytoskeleton,
683,VIT_13s0019g04570,27,0.0130,GCN5 N-acetyltransferase (GNAT),GCN5_4,,vv60082GNAT,
684,VIT_18s0164g00010,27,0.0130,Unknown protein,,,,
685,VIT_01s0011g03900,26,0.0126,Receptor serine/threonine kinase PR5K,,,,
686,VIT_11s0016g05650,26,0.0125,Myb domain protein 82,MYB82_3,MYB82A,vv60044MYB,
687,VIT_17s0000g02490,26,0.0125,No hit,,,,
688,VIT_14s0083g00840,25,0.0121,Lipase GDSL 7,,,,
689,VIT_18s0001g09600,25,0.0121,HOS15 (High expression of osmotically responsive genes 15),,,,
690,VIT_17s0000g05420,25,0.0121,AAA-type ATPase family,,,,
691,VIT_16s0039g01740,25,0.0121,Myb domain protein 93,MYB93_4,MYB195,vv60044MYB,
692,VIT_00s0179g00340,25,0.0121,Histone H2A variant 1 HTA11,H2AV1,,,
693,VIT_10s0116g00690,25,0.0120,No hit,,,,
694,VIT_06s0004g04040,24,0.0117,Pentatricopeptide (PPR) repeat,,,,
695,VIT_02s0234g00070,24,0.0117,Unknown protein,,,,
696,VIT_08s0007g02730,24,0.0116,Secoisolariciresinol dehydrogenase,SIRD,,vv10940Phenylpropanoid_biosynthesis,
697,VIT_18s0041g01530,24,0.0116,CYP706A12,,,,
698,VIT_13s0073g00380,24,0.0116,BHLH038/ORG2 (OBP3-responsive gene 2),ORG2_4,,vv30011Jasmonate_signaling,vv60011BHLH
699,VIT_09s0070g00170,23,0.0112,No hit,,,,
700,VIT_15s0046g03760,23,0.0111,No hit,,,,
701,VIT_04s0008g00850,22,0.0107,Unknown,,,,
702,VIT_10s0042g00940,22,0.0107,Hydroxyproline-rich glycoprotein family protein,HRGP_3,,vv40006Cell_wall,vv60062Trihelix
703,VIT_18s0072g00550,22,0.0106,Unknown protein,,,,
704,VIT_13s0067g02310,22,0.0106,Unknown,,,,
705,VIT_07s0104g00050,21,0.0102,Unknown protein,,,,
706,VIT_13s0073g00110,21,0.0102,No hit,,,,
707,VIT_13s0156g00160,21,0.0101,Unknown,,,,
708,VIT_16s0022g01330,21,0.0101,R protein  PRF  disease resistance protein,K13453,,vv34627R_proteins_from_Plant-pathogen_interaction,
709,VIT_18s0041g00380,21,0.0101,Double strand break repair protein (XRCC4),K10886,,vv23450Non_homologous_end_joining,
710,VIT_12s0034g01240,21,0.0101,GNS1/SUR4 membrane,,,,
711,VIT_17s0000g02190,20,0.0097,SURF1 (surfeit 1),SURF1,,vv50135Primary_active_transporter_cat_D3_to_E2,
712,VIT_08s0032g00790,20,0.0097,ABC transporter G member 4,K05680,,vv52010ABC_transporters,
713,VIT_17s0000g05710,20,0.0096,Unknown,,,,
714,VIT_11s0052g00380,20,0.0096,Unknown protein,,,,
715,VIT_08s0040g03180,19,0.0092,APETALA2 (AP2) floral homeotic protein,APETALA2TOE2_3,VvAP2-14,vv30008Ethylene_signaling,vv30009Flower_development
716,VIT_04s0008g01710,19,0.0092,MAP3K delta-1 protein kinase,,,,
717,VIT_17s0000g04330,19,0.0092,Kinesin family member 18/19,K10401,,vv44810Regulation_of_actin_cytoskeleton,
718,VIT_05s0051g00390,19,0.0092,Disease resistance-responsive,,,,
719,VIT_11s0065g00490,19,0.0091,No hit,,,,
720,VIT_08s0040g02990,18,0.0087,Pentatricopeptide (PPR) repeat-containing protein,,,,
721,VIT_18s0089g00980,18,0.0087,No hit,,,,
722,VIT_03s0110g00370,18,0.0087,Copper transporter 2,COPT2,,vv50101Channels_and_pores,
723,VIT_11s0016g01240,18,0.0087,DENN (AEX-3) domain-containing protein,,,,
724,VIT_00s0230g00070,17,0.0083,No hit,,,,
725,VIT_13s0064g01150,17,0.0082,AT hook motif-containing protein,,,,
726,VIT_08s0058g01170,17,0.0082,MATE efflux family protein,MATE,,vv50125Porters_cat_66_to_94,
727,VIT_14s0108g01530,17,0.0082,Pentatricopeptide (PPR) repeat-containing,,,,
728,VIT_00s0187g00310,16,0.0078,V-type H+-transporting ATPase subunit H,K02153,,vv10190Oxidative_phosphorylation,vv44145Phagosome
729,VIT_06s0004g06140,16,0.0078,Ribosomal protein L4,K02926,,vv23010Ribosome,
730,VIT_04s0044g00430,16,0.0078,Nodulin MtN21 family,MTN21,,vv50122Porters_cat_7_to_17,
731,VIT_14s0060g01780,16,0.0077,Unknown protein,,,,
732,VIT_16s0022g01510,16,0.0077,flavonoid 3' 5'-hydroxylase -like protein,E1_14_13_88,,vv10941Flavonoid_biosynthesis,
733,VIT_04s0044g00560,16,0.0077,Histone H3,,,,
734,VIT_13s0019g01260,16,0.0077,Enoyl reductase,K10258,,vv11040Biosynthesis_of_unsaturated_fatty_acids,
735,VIT_10s0003g04570,16,0.0077,No hit,,,,
736,VIT_14s0036g01120,15,0.0073,Unknown,,,,
737,VIT_07s0005g01270,15,0.0072,No hit,,,,
738,VIT_02s0025g00410,15,0.0072,DNA topoisomerase VIA,K10878,,vv44110Cell_cycle,
739,VIT_14s0068g01140,15,0.0072,DnaJ homolog  subfamily B  member 12,K09518,,vv50132Primary_active_transporter_cat_A5_to_A8,
740,VIT_14s0108g00620,15,0.0072,Amino acid permease,AAPREL,,vv50123Porters_cat_18_to_29,
741,VIT_08s0007g04010,14,0.0068,NLI interacting factor (NIF) family protein,,,,
742,VIT_10s0116g01110,14,0.0068,No hit,,,,
743,VIT_18s0089g00390,14,0.0068,Carboxyesterase18 CXE18,E3_1_1_1,,,
744,VIT_19s0085g00120,14,0.0068,ABC transporter B member 11,K05664,,vv52010ABC_transporters,
745,VIT_12s0134g00280,14,0.0067,S-locus lectin protein kinase,,,,
746,VIT_03s0038g03420,13,0.0063,Cytokinin riboside 5'-monophosphate phosphoribohydrolase LOG5,LOG5,,vv10908Zeatin_biosynthesis,
747,VIT_17s0000g06360,13,0.0063,Alpha-expansin 3,EXPA3,,vv30003Auxin_signaling,
748,VIT_04s0008g07370,13,0.0063,Glutamine dumper  2,,,,
749,VIT_18s0001g08930,13,0.0063,Nucleobase-ascorbate transporter 7 (NAT7),NAT7,,vv50124Porters_cat_30_to_64,
750,VIT_19s0085g00590,13,0.0063,No hit,,,,
751,VIT_05s0094g00590,13,0.0063,No hit,,,,
752,VIT_16s0050g01530,13,0.0063,HcrVf2 protein,,,,
753,VIT_14s0036g00520,13,0.0063,L-allo-threonine aldolase,E4_1_2_5,,vv10260Glycine_serine_and_threonine_metabolism,
754,VIT_00s0266g00020<br>VIT_00s0372g00020<br>VIT_00s0271g00010<br>VIT_00s0385g00020<br>VIT_00s0522g00020<br>VIT_00s0372g00060<br>VIT_00s0372g00030<br>VIT_00s0385g00010,13,0.0063,
755,VIT_04s0008g03430,13,0.0063,Exostosin family,K02366,,vv11030Glycan_structures-biosynthesis1,
756,VIT_13s0106g00350,12,0.0058,Lipase GDSL,,,,
757,VIT_07s0005g05000,12,0.0058,Leucine-rich repeat,,,,
758,VIT_07s0151g00570,12,0.0058,OB-fold nucleic acid binding domain containing protein,,,,
759,VIT_02s0012g02150,12,0.0058,Reduced sugar response 4 RSR4,K06215,,vv10750Vitamin_B6_metabolism,
760,VIT_16s0050g01740,12,0.0058,Serine-threonine protein kinase  plant-type,,,,
761,VIT_19s0014g05010,12,0.0058,Unknown protein,,,,
762,VIT_00s0188g00230,12,0.0058,No hit,,,,
763,VIT_11s0052g00140,12,0.0058,Mannosyl-oligosaccharide 1 2-alpha-mannosidase,E3_2_1_113,,vv10510N-Glycan_biosynthesis,vv11030Glycan_structures-biosynthesis1
764,VIT_07s0104g00690,12,0.0058,GPI transamidase component Gpi16 subunit,K05289,,vv10563Glycosylphosphatidylinositol-anchor_biosynthesis,
765,VIT_03s0038g04570,12,0.0058,ADP-glucose pyrophosphorylase large subunit 1,E2_7_7_27,,vv10500Starch_and_sucrose_metabolism,
766,VIT_06s0004g02960,11,0.0053,Chorismate synthase 1,E4_2_3_5,,vv10400Phenylalanine_tyrosine_and_tryptophan_biosynthesis,
767,VIT_16s0115g00060,11,0.0053,Heat shock 70kDa protein 1/8,K03283,,vv23040Spliceosome,vv24141Protein_processing_in_endoplasmic_reticulum
768,VIT_06s0009g01720,11,0.0053,Nucleoside triphosphatase,E3_6_1_15,,vv10230Purine_metabolism,vv10730Thiamine_metabolism
769,VIT_04s0023g03730,10,0.0049,L-ascorbate peroxidase 3,E1_11_1_11,,vv10053Ascorbate_and_aldarate_metabolism,
770,VIT_13s0067g03850,10,0.0049,Unknown protein,,,,
771,VIT_01s0011g05350,10,0.0048,Cysteine-rich RLK10,,,,
772,VIT_01s0026g01920,10,0.0048,No hit,,,,
773,VIT_03s0063g02680,10,0.0048,Radialis-like protein 5,RADL5,,vv30009Flower_development,vv60044MYB
774,VIT_14s0006g00090,10,0.0048,MMD1 (male meiocyte death 1),MMD1,,vv60048PHD,
775,VIT_19s0014g03180,10,0.0048,Ethylene response factor,RAP2_4_3,VvERF001,vv30008Ethylene_signaling,vv60003AP2_EREBP
776,VIT_13s0067g01810,10,0.0048,No hit,,,,
777,VIT_03s0038g03770,9,0.0044,Auxin-induced SAUR,SAUR,,vv30003Auxin_signaling,
778,VIT_08s0007g01260,9,0.0044,Unknown protein,,,,
779,VIT_05s0094g00740,9,0.0044,Stearoyl-acyl-[acyl-carrier-protein] desaturase,E1_14_19_2,,vv11040Biosynthesis_of_unsaturated_fatty_acids,
780,VIT_12s0028g00510,9,0.0044,Lipase class 3,,,,
781,VIT_00s0204g00120,9,0.0044,Subtilisin-like serine protease 3,SLP3,,vv50101Channels_and_pores,
782,VIT_16s0013g02020,9,0.0044,Ribosomal protein L15e,K02877,,vv23010Ribosome,
783,VIT_10s0003g03530,9,0.0044,Lupeol synthase,E5_4_99_8,,vv10100Biosynthesis_of_steroids,
784,VIT_14s0068g01610,9,0.0044,DELLA protein RGL1 (RGA-like protein 1),RGL1_4,,vv30010Gibberellin_signaling,vv60032GRAS
785,VIT_09s0002g05840,9,0.0043,RPS5 (resistant to p. syringae 5),K13460,,vv34627R_proteins_from_Plant-pathogen_interaction,
786,VIT_12s0057g00240,9,0.0043,Unknown protein,,,,
787,VIT_14s0068g00280,9,0.0043,Unknown protein,,,,
788,VIT_12s0028g03230,9,0.0043,RNA helicase,,,,
789,VIT_12s0059g00780,9,0.0043,No hit,,,,
790,VIT_05s0165g00260,9,0.0043,Ankyrin,K10380,,vv50108Accessory_factors_involved_in_transport,
791,VIT_04s0023g02410,9,0.0043,Ethylene-responsive protein -related,ERUNK_2,,vv30008Ethylene_signaling,vv60011BHLH
792,VIT_00s0301g00190,9,0.0043,Beta-galactosidase,E3_2_1_23,,vv10052Galactose_metabolism,vv10511N-Glycan_degradation
793,VIT_15s0045g00680,9,0.0043,R protein  PRF  disease resistance protein,K13453,,vv34627R_proteins_from_Plant-pathogen_interaction,
794,VIT_10s0003g04790,9,0.0043,No hit,,,,
795,VIT_00s0304g00030,9,0.0043,VQ motif-containing protein,,,,
796,VIT_12s0034g01260,9,0.0043,R protein L6,K13477,,vv34627R_proteins_from_Plant-pathogen_interaction,
797,VIT_09s0018g02140,9,0.0043,No hit,,,,
798,VIT_08s0105g00230,8,0.0039,BLH1 (embryo sac development arrest 29),BLH1_1,VvHB29,vv60034HB,
799,VIT_13s0067g02030,7,0.0034,IMK2 (inflorescence meristem receptor-like kinase 2),,,,
800,VIT_18s0001g09270,7,0.0034,Unknown,,,,
801,VIT_14s0060g02700,7,0.0034,Germin-like protein 3 [Vitis vinifera],,,,
802,VIT_06s0004g02060,7,0.0034,Aldehyde dehydrogenase 3B1,E1_2_1_3,vv10561Glycerolipid_metabolism,vv10010Glycolysis,vv10071Fatty_acid_metabolism
803,VIT_02s0025g04030,7,0.0034,Methyl-CpG-binding domain 13 MBD13,,,,
804,VIT_17s0000g01290,7,0.0034,RGP1 (reversibly glycosylated polypeptide 1),E2_4_1_186,,vv10052Galactose_metabolism,
805,VIT_04s0008g05510,7,0.0034,SYNC1 protein  related,,,,
806,VIT_03s0063g01580,7,0.0034,CYP82C2,,,,
807,VIT_18s0001g14910,6,0.0029,Mannitol dehydrogenase,E1_1_1_67,,vv10051Fructose_and_mannose_metabolism,
808,VIT_18s0001g01550,6,0.0029,No hit,,,,
809,VIT_06s0009g00530,6,0.0029,ABC transporter G member 7,ABCG7,,vv52010ABC_transporters,
810,VIT_05s0136g00240,6,0.0029,Ankyrin repeat protein,,,,
811,VIT_18s0001g06240,6,0.0029,R protein L6,K13477,,vv34627R_proteins_from_Plant-pathogen_interaction,
812,VIT_10s0003g01870,6,0.0029,Serine-type endopeptidase SBT1.1,,,,
813,VIT_01s0011g00340,6,0.0029,Glycosyl hydrolase family 28 protein,,,,
814,VIT_14s0171g00110,6,0.0029,Lipase family,,,,
815,VIT_10s0042g00770,6,0.0029,Leucine-rich repeat receptor-like protein kinase 1,,,,
816,VIT_08s0007g03220,6,0.0029,Unknown,,,,
817,VIT_16s0100g00560,6,0.0029,S-N-methylcoclaurine 3'-hydroxylase,E1_14_13_71,,vv10950Alkaloid_biosynthesis_I,
818,VIT_19s0027g01110,6,0.0029,1-aminocyclopropane-1-carboxylate oxidase,E1_14_17_4,,vv10640Propanoate_metabolism,vv30008Ethylene_signaling
819,VIT_04s0008g00570,6,0.0029,Glu-tRNA(Gln) amidotransferase subunit C,E6_3_5_6,,vv10251Glutamate_metabolism,vv10252Alanine_and_aspartate_metabolism
820,VIT_19s0015g01500,6,0.0029,Heavy-metal-associated domain-containing protein,,,,
821,VIT_05s0102g00050,6,0.0029,Ankyrin repeat protein family,K10380,,vv50108Accessory_factors_involved_in_transport,
822,VIT_19s0015g01680,6,0.0029,Unknown protein,,,,
823,VIT_00s0349g00050,6,0.0029,Protein FD (BZIP transcription factor 14),FD_2,,vv30009Flower_development,vv60012BZIP
824,VIT_15s0048g02130,6,0.0029,No hit,,,,
825,VIT_12s0055g00810,6,0.0029,Cationic peroxidase,E1_11_1_7,,vv10360Phenylalanine_metabolism,vv10680Methane_metabolism
826,VIT_07s0005g06460,6,0.0029,Basic blue protein (Cusacyanin),,,,
827,VIT_00s0872g00010,6,0.0029,Unknown,,,,
828,VIT_04s0008g06600,6,0.0029,WRKY DNA-binding protein 32,WRKY32_1,VvWRKY09,vv60066WRKY,
829,VIT_13s0067g01530,6,0.0029,BUB family protein kinase,K02178,,vv44110Cell_cycle,
830,VIT_07s0130g00460,6,0.0029,SWIB complex BAF60b domain-containing protein,SWIB_3,,vv60092SWIB,
831,VIT_19s0014g03260,6,0.0029,Beta-mannosidase 4,E3_2_1_25,,vv10511N-Glycan_degradation,
832,VIT_15s0021g02770,6,0.0029,DNA binding / hydrolase  acting on ester bonds,,,,
833,VIT_10s0116g00800,6,0.0029,CYP77A3,,,,
834,VIT_06s0009g03690,6,0.0029,F-box domain containing protein,,,,
835,VIT_17s0053g00720,6,0.0029,Calcium-dependent protein kinase / CDPK,,,,
836,VIT_01s0011g06180,6,0.0029,Blight-associated protein p12 precursor,,,,
837,VIT_18s0086g00450,6,0.0029,No hit,,,,
838,VIT_07s0031g00560,5,0.0024,Lipase class 3,,,,
839,VIT_06s0080g00720,4,0.0019,Germin-like protein 1,,,,
840,VIT_07s0031g01080,4,0.0019,No hit,,,,
841,VIT_18s0001g02410,4,0.0019,Laccase,E1_10_3_2,,vv11000Single_reactions,vv50109Incompletely_characterized_transport_systems
842,VIT_16s0013g02090,4,0.0019,F-box family protein,,,,
843,VIT_07s0130g00200,4,0.0019,Lipase GDSL,,,,
844,VIT_16s0022g02270,4,0.0019,Basic helix-loop-helix (bHLH) family,BHLHDOM_78,,vv60011BHLH,
845,VIT_13s0106g00670,4,0.0019,No hit,,,,
846,VIT_10s0003g05740,4,0.0019,WRKY DNA-binding protein 14,WRKY14,VvWRKY32,vv60066WRKY,
847,VIT_19s0014g04220,3,0.0015,S-locus protein kinase,,,,
848,VIT_17s0000g07530,3,0.0015,Transportin-SR,TRANSPORTINSR,,vv50112Nuclear_pore_complex,
849,VIT_12s0059g02420,3,0.0015,Peroxidase ATP11A (gb|X98802).,E1_11_1_7,,vv10360Phenylalanine_metabolism,vv10680Methane_metabolism
850,VIT_14s0006g02920,3,0.0015,Unknown protein,,,,
851,VIT_18s0001g08430,3,0.0015,Branched-chain-amino-acid aminotransferase 2  chloroplast (Atbcat-2),E2_6_1_42,,vv10280Valine_leucine_and_isoleucine_degradation,vv10290Valine_leucine_and_isoleucine_biosynthesis
852,VIT_11s0016g02790,3,0.0015,Zinc finger (CCCH-type) family protein,CCCHFAM_11,,vv60018C3H,
853,VIT_06s0004g01360,3,0.0015,Selenoprotein O,,,,
854,VIT_17s0000g01300,3,0.0015,Protein transport protein SEC61 gamma subunit,K07342,,vv23060Protein_export,vv24141Protein_processing_in_endoplasmic_reticulum
855,VIT_05s0094g00020,3,0.0015,RWP-RK domain-containing protein,RWPRKDOM_5,,vv60052RWP-RK,
856,VIT_18s0001g13740,3,0.0015,BZIP transcription factor,BZIPDOM_8,VvbZIP48,vv60012BZIP,
857,VIT_05s0094g01400,3,0.0015,La domain-containing protein,,,,
858,VIT_00s0203g00170,3,0.0015,Myb domain protein 92,MYB92_1,MYB136,vv60044MYB,
859,VIT_04s0044g00180,3,0.0015,Calmodulin-binding protein [Angelica dahurica],,,,
860,VIT_18s0086g00700,3,0.0015,Unknown protein,,,,
861,VIT_11s0037g00210,3,0.0015,Endomembrane protein 70  TM4 ;,EMP70,,,
862,VIT_16s0100g00250,3,0.0015,Mandelonitrile lyase-like protein,E4_1_2_10,,vv10460Cyanoamino_acid_metabolism,
863,VIT_00s0215g00090,3,0.0015,Unknown protein,,,,
864,VIT_15s0107g00320,3,0.0015,Cell division cycle 20  cofactor of APC complex,K03363,,vv24120Ubiquitin_mediated_proteolysis,vv44110Cell_cycle
865,VIT_02s0025g00610,3,0.0015,Glycoside hydrolase  family 5,,,,
866,VIT_12s0134g00580,3,0.0015,Hydroxycinnamoyl-CoA quinate hydroxycinnamoyltransferase,E2_3_1_99,,vv10940Phenylpropanoid_biosynthesis,
867,VIT_18s0001g03930,3,0.0015,No hit,,,,
868,VIT_14s0006g01720,3,0.0015,No hit,,,,
869,VIT_09s0002g03650,3,0.0015,DTA4 (downstream target of AGL15-4),,,,
870,VIT_07s0005g02090,3,0.0015,Ribosome-binding factor A; Glycoside hydrolase  family 28,K02834,,,
871,VIT_01s0026g00030,3,0.0015,Unknown protein,,,,
872,VIT_12s0028g03340,3,0.0015,Protein binding / zinc ion binding,,,,
873,VIT_07s0005g00930,3,0.0015,Pathogenesis protein 10,,,,
874,VIT_04s0023g02160,3,0.0015,Unknown protein,,,,
875,VIT_00s0454g00020,3,0.0015,No hit,,,,
876,VIT_18s0041g01480,3,0.0015,No hit,,,,
877,VIT_02s0087g00080,3,0.0015,Pentatricopeptide (PPR) repeat-containing protein,,,,
878,VIT_00s0160g00310,3,0.0015,Disease resistance protein (TIR-NBS-LRR class,,,,
879,VIT_13s0019g05260,3,0.0015,OPCL1 (OPC-8:0 COA ligase1),K10526,,vv10592alpha-Linolenic_acid_metabolism,vv50104Group_translocators
880,VIT_12s0142g00620,3,0.0015,RIC7 (ROP-interactive crib motif-containing protein 7),,,,
881,VIT_01s0011g02800,3,0.0015,RIC7 (ROP-interactive crib motif-containing protein 7),,,,
882,VIT_16s0050g02280,3,0.0015,Multidrug resistance-associated protein 14,MRP14,,vv52010ABC_transporters,
883,VIT_05s0165g00220,3,0.0015,Protein binding protein,,,,
884,VIT_18s0001g01480,3,0.0015,No hit,,,,
885,VIT_11s0052g01240,3,0.0014,1-deoxy-D-xylulose-5-phosphate synthase,E2_2_1_7,,vv10100Biosynthesis_of_steroids,
886,VIT_04s0044g01540,3,0.0014,UDP-glucuronic acid:anthocyanin glucuronosyltransferase,E2_4_1_236,,vv10941Flavonoid_biosynthesis,
887,VIT_03s0017g00440,3,0.0014,MADS-box agamous-like 24,AGL24_2,,vv30009Flower_development,vv60042MADS
888,VIT_06s0004g04000,3,0.0014,Beta-ketoacyl-CoA synthase,E2_3_1_41,,vv10061Fatty_acid_biosynthesis,
889,VIT_09s0002g02870,3,0.0014,Leucine-rich repeat protein kinase,,,,
890,VIT_15s0045g01020,3,0.0014,R protein  PRF  disease resistance protein,K13453,,vv34627R_proteins_from_Plant-pathogen_interaction,
891,VIT_19s0014g02640,3,0.0014,PPI1 (proton pump interactor 1),,,,
892,VIT_08s0040g02010,3,0.0014,fasciclin arabinogalactan-protein (FLA11),FLA11,,vv40006Cell_wall,
893,VIT_16s0039g01260,3,0.0014,Ser/Thr receptor-like kinase1,,,,
894,VIT_03s0091g01090,3,0.0014,Unknown,,,,
895,VIT_13s0147g00120,3,0.0014,TIR-NBS-LRR-TIR disease resistance protein,,,,
896,VIT_16s0039g00790,3,0.0014,No hit,,,,
897,VIT_07s0151g00020,3,0.0014,Ankyrin,K10380,,,
898,VIT_04s0008g06230,3,0.0014,Ubiquitin family,,,,
899,VIT_04s0023g00520,3,0.0014,Auxin responsive SAUR protein,SAUR,,vv30003Auxin_signaling,
900,VIT_15s0046g01700,3,0.0014,Chitinase  class III,E3_2_1_14,,vv10530Aminosugars_metabolism,
901,VIT_16s0148g00210,3,0.0014,Receptor kinase homolog LRK10,,,,
902,VIT_02s0025g01390,3,0.0014,Protein phosphatase 2C DBP,DBPPP2C_5,,vv60024DBP,
903,VIT_05s0094g00570,3,0.0014,No hit,,,,
904,VIT_01s0137g00490,3,0.0014,No hit,,,,
905,VIT_08s0007g05680,3,0.0014,No hit,,,,
906,VIT_16s0013g01110,3,0.0014,Ethylene-responsive transcription factor 5,ERF5_3,VvERF090,vv30008Ethylene_signaling,vv60003AP2_EREBP
907,VIT_15s0046g01780,3,0.0014,Ribosomal protein L5,K02931,,vv23010Ribosome,
908,VIT_10s0003g00820,3,0.0014,Sodium/calcium exchanger family protein,NACAEX,,vv50123Porters_cat_18_to_29,
909,VIT_13s0047g01170,3,0.0014,No hit,,,,
910,VIT_08s0007g04490,3,0.0014,PHD finger transcription factor,PHDFG_17,,vv60048PHD,
911,VIT_05s0020g00530,3,0.0014,Beta-1 4-xylosidase,E3_2_1_37,,vv10500Starch_and_sucrose_metabolism,vv10520Nucleotide_sugars_metabolism
912,VIT_02s0025g01720,3,0.0014,GDA2,,,,
913,VIT_06s0009g00820,3,0.0014,Kinesin motor protein,KMOTOR,,vv44810Regulation_of_actin_cytoskeleton,
914,VIT_03s0088g00860,3,0.0014,Lectin-like receptor kinase,,,,
915,VIT_10s0003g04160,3,0.0014,S-adenosyl-L-methionine:scoulerine 9-O-methyltransferase,E2_1_1_117,,vv10950Alkaloid_biosynthesis_I,
916,VIT_13s0067g02370<br>VIT_13s0067g01040<br>VIT_18s0041g00180,3,0.0014,
917,VIT_07s0104g01610,3,0.0014,AAA-type ATPase PEX6,PEX6,,vv11012Iba_metabolism,vv44146Peroxisome
918,VIT_05s0094g01310,3,0.0014,Polygalacturonase GH28,E3_2_1_15,,vv40006Cell_wall,
919,VIT_17s0000g03590,3,0.0014,Unknown protein,,,,
920,VIT_18s0001g02560,3,0.0014,Late embryogenesis abundant protein,,,,
921,VIT_18s0001g11810,3,0.0014,BEL1 homeobox 2 protein (BLH2) (SAWTOOTH 1),BLH2_2,,vv60034HB,
922,VIT_19s0085g00760,3,0.0014,Anthocyanidin 3-O-glucosyltransferase,E2_4_1_115,,vv10942Anthocyanin_biosynthesis,
923,VIT_00s0225g00150,3,0.0014,Anthranilate phosphoribosyltransferase,E2_4_2_18,,vv10400Phenylalanine_tyrosine_and_tryptophan_biosynthesis,
924,VIT_18s0041g01180,3,0.0014,No hit,,,,
925,VIT_09s0002g03220,3,0.0014,Acid phosphatase,E3_1_3_2,,vv10740Riboflavin_metabolism,
926,VIT_06s0061g00980,3,0.0014,Prolylcarboxypeptidase,E3_4_16_2,,,
927,VIT_00s0174g00220,3,0.0014,Cinnamyl alcohol dehydrogenase,E1_1_1_195,,vv10940Phenylpropanoid_biosynthesis,
928,VIT_18s0072g00220,3,0.0014,Histone-lysine N-methyltransferase ASHH1,E2_1_1_43ASHH1_2,,vv10300Lysine_biosynthesis,vv60056SET_PCG
929,VIT_00s0865g00030<br>VIT_00s0868g00020,3,0.0014,
930,VIT_13s0019g01940,3,0.0014,Laccase,E1_10_3_2,,vv11000Single_reactions,vv50109Incompletely_characterized_transport_systems
