Vv_m2,2000,1000,VIT_05s0049g01020
rank,node,Fabs,Frel,Functional-annotation,Name-EC-KeggID,Updated-name,Network1,Network2
1,VIT_15s0046g00370,2074,1.0000,Unknown protein,,,,
2,VIT_04s0044g00040,2063,1.0000,Dirigent,,,,
3,VIT_05s0049g01010,2073,1.0000,Myb domain protein 14,MYB14_4,MYB13,vv60044MYB,
4,VIT_01s0010g03930,2056,0.9985,WRKY DNA-binding protein 75,WRKY75_1,VvWRKY03,vv60066WRKY,
5,VIT_19s0015g01300,2066,0.9976,Amino acid permease 7,AAP7,,vv50123Porters_cat_18_to_29,
6,VIT_11s0016g05530,2058,0.9923,Plastocyanin domain-containing protein,K02638,,vv10195Photosynthesis,vv50113Thylakoid_targeting_pathway
7,VIT_07s0005g00410,2030,0.9840,Glycosyl hydrolase family 1 protein,,,,
8,VIT_16s0022g00070,2027,0.9792,No hit,,,,
9,VIT_02s0025g00500,2019,0.9768,Unknown protein,,,,
10,VIT_18s0076g00340,2019,0.9768,CYP707A3,,,,
11,VIT_13s0156g00260,2017,0.9768,Homeobox-leucine zipper protein HAT14,HAT14_2,VvHB48,vv60034HB,
12,VIT_01s0127g00680,2016,0.9744,SRO2 (similar to rcd one 2),E2_4_2_30,,vv10760Nicotinate_and_nicotinamide_metabolism,
13,VIT_14s0083g00930,2009,0.9710,BIM2 (BES1-interacting Myc-like protein 2),BIM2_1,,vv30005Brassinosteroids_signaling,vv60011BHLH
14,VIT_17s0000g04230,2019,0.9683,Translation initiation factor eIF-2B delta subunit,K03680,,vv23013RNA_transport,
15,VIT_02s0012g01390,1989,0.9655,Unknown,,,,
16,VIT_11s0037g00810,1997,0.9638,Unknown protein,,,,
17,VIT_11s0016g03190,1993,0.9623,Unknown,,,,
18,VIT_07s0031g00460,1986,0.9580,Nicotinate phosphoribosyltransferase,E2_4_2_11,,vv10760Nicotinate_and_nicotinamide_metabolism,
19,VIT_12s0057g01100,1987,0.9548,Nudix hydrolase 2,,,,
20,VIT_18s0001g09060,1970,0.9540,Unknown protein,,,,
21,VIT_04s0044g01230,1960,0.9519,Unknown,,,,
22,VIT_00s0347g00050,1971,0.9499,Ser/Thr receptor-like kinase1,,,,
23,VIT_12s0059g01720,1927,0.9363,No hit,,,,
24,VIT_17s0000g08770,1943,0.9355,Cysteine-rich receptor-like protein kinase 2,,,,
25,VIT_06s0061g01430,1937,0.9321,flavonoid 1-2 rhamnosyltransferase,E2_4_1_236,,vv10941Flavonoid_biosynthesis,
26,VIT_00s0743g00020,1924,0.9304,S-locus lectin protein kinase,,,,
27,VIT_01s0150g00410,1936,0.9294,Unknown protein,,,,
28,VIT_15s0048g01080,1898,0.9200,Unknown,,,,
29,VIT_02s0033g00660<br>VIT_02s0033g00850<br>VIT_02s0033g00870<br>VIT_02s0033g00800,1892,0.9171,
30,VIT_02s0025g02920,1893,0.9132,Quercetin 3-O-methyltransferase 1,E2_1_1_76,,vv10941Flavonoid_biosynthesis,
31,VIT_14s0006g02610,1859,0.9011,Unknown protein,,,,
32,VIT_01s0011g05620,1860,0.8994,No hit,,,,
33,VIT_13s0067g02500,1856,0.8971,Xanthine/uracil permease,K06901,,vv50121Porters_cat_1_to_6,
34,VIT_04s0023g01080,1851,0.8964,Lys Motif-Type Receptor-Like Kinase LYK4,,,,
35,VIT_05s0029g00350,1844,0.8934,Heat shock transcription factor A5,HSFA5_2,,vv60037HSF,
36,VIT_00s2776g00010,1848,0.8897,S-locus lectin protein kinase,,,,
37,VIT_02s0025g04300,1793,0.8683,Thaumatin,,,,
38,VIT_06s0004g07830,1799,0.8682,SOS2 (salt overly sensitive 2),SOS2,,vv30001ABA_signaling,
39,VIT_06s0004g05730,1789,0.8663,Universal stress protein (USP) family protein,,,,
40,VIT_13s0064g00890,1795,0.8642,Cellulose synthase CESA3,E2_4_1_12_CESA3,,vv30011Jasmonate_signaling,vv40006Cell_wall
41,VIT_13s0074g00570,1774,0.8591,Gamma-aminobutyric acid transporter,GAT1,,vv50123Porters_cat_18_to_29,
42,VIT_04s0044g00270,1770,0.8530,Monooxygenase (MO3),,,,
43,VIT_02s0033g00790,1775,0.8525,Nitrilase 4B,E3_5_5_1,,vv10460Cyanoamino_acid_metabolism,vv10910Nitrogen_metabolism
44,VIT_00s0218g00090,1753,0.8440,Exostosin family protein,K02366,,vv11030Glycan_structures-biosynthesis1,
45,VIT_06s0004g07790,1741,0.8423,Lateral organ boundaries Domain 15,LBD15_1,,vv60007AS2,
46,VIT_01s0010g01710,1714,0.8333,Phytosulfokine receptor,,,,
47,VIT_01s0026g02310,1705,0.8265,SUR2,K04713,,vv10600Sphingolipid_metabolism,
48,VIT_07s0005g02570,1703,0.8255,WRKY DNA-binding protein 47,WRKY47,VvWRKY20,vv60066WRKY,
49,VIT_06s0004g06600,1707,0.8238,Unknown protein,,,,
50,VIT_13s0019g01100,1689,0.8207,Unknown protein,,,,
51,VIT_03s0091g00670,1699,0.8192,Lateral organ boundaries protein 38,LBD38_1,,vv60007AS2,
52,VIT_03s0063g01780,1691,0.8177,Extra-large G-protein (XLG1),,,,
53,VIT_07s0031g03060,1683,0.8166,NSL1 (necrotic spotted lesions 1),,,,
54,VIT_01s0011g02500,1678,0.8122,No hit,,,,
55,VIT_11s0016g05430,1660,0.8105,Unknown protein,,,,
56,VIT_05s0020g03690<br>VIT_05s0020g03710,1669,0.8059,
57,VIT_18s0001g01600,1646,0.7971,Ankyrin,K10380,,,
58,VIT_12s0028g03350,1630,0.7909,Squamosa promoter-binding protein 4 (SPL4),SPL4_2,,vv60055SBP,
59,VIT_00s0640g00020,1618,0.7839,Cig3,K14409,,vv23015mRNA_surveillance_pathway,vv30007Cytokinin_signaling
60,VIT_07s0005g00940,1619,0.7795,Kinesin motor protein,KMOTOR,,vv44810Regulation_of_actin_cytoskeleton,
61,VIT_03s0038g01450,1602,0.7743,No hit,,,,
62,VIT_11s0016g04990,1584,0.7660,Unknown protein,,,,
63,VIT_19s0027g01630,1580,0.7655,Disease resistance protein (NBS-LRR class),,,,
64,VIT_08s0007g08380,1566,0.7569,Cellulose synthase CESA3,E2_4_1_12_CESA3,,vv30011Jasmonate_signaling,vv40006Cell_wall
65,VIT_00s0324g00050,1561,0.7556,UDP-glucose glucosyltransferase,E2_4_1_35,,vv10500Starch_and_sucrose_metabolism,
66,VIT_07s0031g02270,1553,0.7502,Tonoplast monosaccharide transporter2,TMT2,,vv50121Porters_cat_1_to_6,
67,VIT_00s0762g00010,1543,0.7429,S-locus lectin protein kinase family,,,,
68,VIT_14s0060g00270,1529,0.7412,Pentatricopeptide (PPR) repeat-containing,,,,
69,VIT_02s0025g04310,1523,0.7390,Thaumatin,,,,
70,VIT_01s0150g00120,1512,0.7351,Ethylene-responsive transcription factor ERF114,ERF114_2,VvERF112,vv30008Ethylene_signaling,vv60003AP2_EREBP
71,VIT_13s0019g03210,1504,0.7294,Lectin-like protein,,,,
72,VIT_18s0001g01110,1510,0.7277,Monooxygenase (MO2),,,,
73,VIT_19s0177g00210,1505,0.7239,Protein disulfide isomerase (PDIL) protein,E5_3_4_1,,,
74,VIT_00s0455g00040,1492,0.7197,Glycosyl transferase family 8 protein,,,,
75,VIT_05s0049g00010,1480,0.7171,Cellulose synthase CSLG2,E2_4_1_12_CSLG2,,vv40006Cell_wall,
76,VIT_16s0100g00830<br>VIT_16s0100g01120<br>VIT_16s0100g00780<br>VIT_16s0100g00910,1461,0.7099,
77,VIT_02s0025g04870,1458,0.7061,No hit,,,,
78,VIT_05s0077g01150,1459,0.7059,Beta-1 3-glucanase,E3_2_1_6,,,
79,VIT_16s0100g00960,1443,0.6995,Stilbene synthase [Vitis pseudoreticulata],E2_3_1_95,,vv10940Phenylpropanoid_biosynthesis,
80,VIT_04s0044g00190,1440,0.6984,Mannitol dehydrogenase,E1_1_1_67,,vv10051Fructose_and_mannose_metabolism,
81,VIT_04s0023g01600,1436,0.6964,Membrane protein,,,,
82,VIT_04s0008g00470,1435,0.6963,Early nodulin Enod93 protein,,,,
83,VIT_16s0100g00740,1431,0.6920,Unknown,,,,
84,VIT_02s0025g04340,1427,0.6894,Osmotin,,,,
85,VIT_05s0049g00550,1402,0.6796,No hit,,,,
86,VIT_14s0171g00400,1395,0.6752,Lysine histidine transporter 1,LHT1,,vv50123Porters_cat_18_to_29,
87,VIT_07s0031g03080,1393,0.6736,No hit,,,,
88,VIT_07s0005g01950,1380,0.6676,Myb domain protein 78,MYB78,MYB108B,vv60044MYB,
89,VIT_01s0011g06150,1374,0.6657,Receptor protein kinase,,,,
90,VIT_00s0299g00070,1369,0.6652,Unknown protein,,,,
91,VIT_05s0077g01580,1374,0.6631,Pathogenesis protein 10 [Vitis vinifera],,,,
92,VIT_01s0011g05790,1363,0.6588,Microtubule associated protein (MAP70-1),MAP701,,vv44810Regulation_of_actin_cytoskeleton,
93,VIT_10s0003g00140,1352,0.6557,Ethylene-responsive transcription factor 9,ERF9_2,VvERF064,vv30008Ethylene_signaling,vv60003AP2_EREBP
94,VIT_16s0100g01160,1352,0.6516,Stilbene synthase [Vitis vinifera],E2_3_1_95,,vv10940Phenylpropanoid_biosynthesis,
95,VIT_10s0003g01390,1340,0.6480,Cupin  RmlC-type,,,,
96,VIT_06s0004g04600,1331,0.6436,Protein phosphatase 2C POLTERGEIST-like 4,,,,
97,VIT_18s0001g10480,1308,0.6368,Unknown protein,,,,
98,VIT_18s0001g13970,1314,0.6366,Myosin-related,MYOSINR,,vv44810Regulation_of_actin_cytoskeleton,
99,VIT_16s0100g00270,1318,0.6349,Peptidoglycan-binding LysM domain-containing protein,,,,
100,VIT_03s0091g00410,1304,0.6309,Unknown protein,,,,
101,VIT_01s0137g00700,1300,0.6295,Lipase GDSL,,,,
102,VIT_02s0033g00450<br>VIT_02s0033g00380<br>VIT_02s0033g00390<br>VIT_02s0033g00410,1299,0.6284,
103,VIT_05s0029g01510,1290,0.6244,No hit,,,,
104,VIT_07s0104g00440,1290,0.6217,Endo-1 3;1 4-beta-D-glucanase precursor,E3_2_1_73,,,
105,VIT_11s0118g00360,1278,0.6216,Leucoanthocyanidin dioxygenase,E1_14_11_19,,vv10941Flavonoid_biosynthesis,
106,VIT_05s0077g01570,1278,0.6153,Pathogenesis protein 10 [Vitis vinifera],,,,
107,VIT_02s0025g04880,1263,0.6128,Geraniol 10-hydroxylase,G10H,,vv10902Monoterpenoid_biosynthesis,
108,VIT_13s0084g00110,1263,0.6096,ABC transporter I member 8,ABCI8,,vv52010ABC_transporters,
109,VIT_14s0108g00970,1261,0.6074,Pentatricopeptide (PPR) repeat,,,,
110,VIT_08s0007g04890,1245,0.5994,ACT domain-containing protein,,,,
111,VIT_14s0083g01150,1227,0.5905,COBRA protein,COBRA,,vv40006Cell_wall,
112,VIT_19s0014g00960,1210,0.5840,Spg1p (septum-promoting GTPase),,,,
113,VIT_11s0037g00160,1207,0.5834,Protein prenyltransferase  alpha subunit,,,,
114,VIT_10s0003g00050,1163,0.5681,Squamosa promoter-binding protein 3 (SPL3),SPL3,,vv60055SBP,
115,VIT_06s0004g04950,1163,0.5646,Scarecrow-like transcription factor 14 SCL14,SCL14_11,,vv60032GRAS,
116,VIT_08s0007g08530,1165,0.5639,Unknown protein,,,,
117,VIT_16s0100g00860<br>VIT_16s0100g00940<br>VIT_16s0100g00800<br>VIT_16s0100g00920<br>VIT_16s0100g00930<br>VIT_16s0100g00810<br>VIT_16s0100g00840<br>VIT_16s0100g00850,1164,0.5629,
118,VIT_14s0066g00690,1161,0.5622,No hit,,,,
119,VIT_14s0006g01610,1160,0.5598,PMI2 (plastid movement impaired 2),,,,
120,VIT_11s0037g00290,1160,0.5593,Plastocyanin domain-containing protein,K02638,,vv10195Photosynthesis,vv50113Thylakoid_targeting_pathway
121,VIT_13s0084g00670,1143,0.5559,Unknown protein,,,,
122,VIT_07s0031g01670,1148,0.5554,CYP96A10,,,,
123,VIT_16s0013g01120,1155,0.5548,Ethylene-responsive transcription factor ERF105,ERF105_17,VvERF092,vv30008Ethylene_signaling,vv60003AP2_EREBP
124,VIT_09s0002g02590,1145,0.5539,Unknown protein,,,,
125,VIT_11s0016g00560,1146,0.5507,Peroxiredoxin bcp,E1_11_1_15,,,
126,VIT_00s1278g00010,1137,0.5482,Brassinosteroid insensitive 1-associated receptor kinase 1,BAK1,,vv30005Brassinosteroids_signaling,
127,VIT_08s0040g02160,1127,0.5474,Zinc finger (C3HC4-type ring finger),ZFC3HC4_136,,vv60078Other_zf-C3HC4,
128,VIT_11s0016g02470,1131,0.5451,Carrier protein  Mitochondrial,K03454,,vv50123Porters_cat_18_to_29,
129,VIT_14s0081g00020,1123,0.5423,Pathogenesis-related protein-4 (Chitinase ),E3_2_1_14,,vv10530Aminosugars_metabolism,
130,VIT_02s0025g01040,1110,0.5412,Receptor protein kinase,,,,
131,VIT_03s0063g01790,1115,0.5389,Transducin protein,,,,
132,VIT_16s0100g00750,1111,0.5362,Stilbene synthase,E2_3_1_95,,vv10940Phenylpropanoid_biosynthesis,
133,VIT_12s0059g01380,1103,0.5349,1-aminocyclopropane-1-carboxylate oxidase 1,E1_14_17_4,,vv10640Propanoate_metabolism,vv30008Ethylene_signaling
134,VIT_01s0010g03680,1102,0.5313,Unknown protein,,,,
135,VIT_07s0005g00660,1099,0.5284,Late embryogenis abundant protein 5,,,,
136,VIT_05s0049g01810,1086,0.5249,No hit,,,,
137,VIT_18s0001g14040,1079,0.5197,Endo-1 4-beta-glucanase,E3_2_1_4,,vv40006Cell_wall,
138,VIT_01s0127g00500,1071,0.5161,OBP32pep,,,,
139,VIT_04s0044g00220,1058,0.5121,Monooxygenase,,,,
140,VIT_02s0025g04320,1048,0.5085,Thaumatin,,,,
141,VIT_16s0100g00880,1053,0.5085,Stilbene synthase [Vitis pseudoreticulata],E2_3_1_95,,vv10940Phenylpropanoid_biosynthesis,
142,VIT_03s0091g00690,1056,0.5082,Salt tolerance zinc finger,STZ_1,,vv60017C2H2,
143,VIT_00s0203g00220,1051,0.5080,S-locus lectin protein kinase,,,,
144,VIT_05s0077g01140,1051,0.5065,BZIP transcription factor BZIP53,BZIP53_3,VvbZIP14,vv60012BZIP,
145,VIT_14s0108g00890,1042,0.5046,Beta-1 3-galactosyltransferase,K07819,,vv10602Glycosphingolipid_biosynthesis,
146,VIT_17s0000g04890,1037,0.5041,D-aminoacyl-tRNA deacylase GEKO1,,,,
147,VIT_08s0007g06780,1033,0.5037,Unknown protein,,,,
148,VIT_06s0004g04890,1041,0.5022,Rhomboid ATRBL1,,,,
149,VIT_08s0007g04470,1034,0.5019,Vacuolar protein sorting 37C,VPS37C,,vv50111Tethering_factors,
150,VIT_08s0032g00910,1038,0.4998,Fasciclin domain-containing protein FLA17,FLA17,,vv40006Cell_wall,
151,VIT_03s0038g04400,1037,0.4998,C3H2C3 ring-finger protein,,,,
152,VIT_08s0007g08970,1031,0.4988,Phosphate/phosphoenolpyruvate translocator,PPTLREL,,vv50122Porters_cat_7_to_17,
153,VIT_00s0347g00120,1027,0.4947,S-locus lectin protein kinase,,,,
154,VIT_08s0032g00760,1018,0.4935,Translation initiation factor eIF-2 beta subunit,K03238,,vv23013RNA_transport,
155,VIT_16s0100g01010<br>VIT_16s0100g00950<br>VIT_16s0100g01030<br>VIT_16s0100g00990,1021,0.4920,
156,VIT_13s0019g04610,1010,0.4879,Salt stress-inducible protein kinase,,,,
157,VIT_18s0001g01510,1006,0.4855,No hit,,,,
158,VIT_08s0007g04310,991,0.4797,Threonine dehydratase/deaminase,E4_3_1_19,,vv10260Glycine_serine_and_threonine_metabolism,vv10290Valine_leucine_and_isoleucine_biosynthesis
159,VIT_05s0049g01820,992,0.4781,Unknown protein,,,,
160,VIT_19s0014g00090,962,0.4670,Glucan endo-1 3-beta-glucosidase 4 precursor,E3_2_1_39,,vv10500Starch_and_sucrose_metabolism,
161,VIT_18s0001g07380,962,0.4668,DNA-binding protein,,,,
162,VIT_14s0108g00490,958,0.4657,Cullin 3a,K03869,,vv24120Ubiquitin_mediated_proteolysis,
163,VIT_04s0008g02980,962,0.4634,Lupeol synthase,E5_4_99_8,,vv10100Biosynthesis_of_steroids,
164,VIT_19s0014g02870<br>VIT_19s0014g02860,955,0.4614,
165,VIT_17s0000g05380,953,0.4611,Dynein light chain LC8-type,K10418,,vv44810Regulation_of_actin_cytoskeleton,
166,VIT_14s0108g01280,947,0.4579,WRKY DNA-binding protein 4,WRKY4,VvWRKY45,vv60066WRKY,
167,VIT_03s0088g00060,941,0.4577,Isoflavone reductase,E1_3_1_45,,vv10943Isoflavonoid_biosynthesis,
168,VIT_00s0531g00050,949,0.4565,Acetyl-CoA acetyltransferase  cytosolic 1,E2_3_1_9,,vv10071Fatty_acid_metabolism,vv10072Synthesis_and_degradation_of_ketone_bodies
169,VIT_10s0092g00710,945,0.4559,Receptor protein kinase,,,,
170,VIT_03s0063g01960,930,0.4504,Non-symbiotic hemoglobin class 1,C01708,,vv10860Porphyrin_and_chlorophyll_metabolism,
171,VIT_11s0065g00370,942,0.4501,Senescence-associated protein,,,,
172,VIT_11s0118g00210,917,0.4473,Nodulation receptor kinase,,,,
173,VIT_16s0039g01940,925,0.4471,No hit,,,,
174,VIT_19s0014g04790,918,0.4469,Organic cation/carnitine transporter4,VVOCT4,,vv50121Porters_cat_1_to_6,
175,VIT_18s0001g14700,927,0.4463,Unknown,,,,
176,VIT_06s0061g01210,925,0.4456,Lysine histidine transporter 1,LHT1,,vv50123Porters_cat_18_to_29,
177,VIT_08s0007g05580,918,0.4439,Embryo-abundant protein,,,,
178,VIT_00s0194g00110,920,0.4434,4-nitrophenylphosphatase,E3_1_3_18,,vv10630Glyoxylate_and_dicarboxylate_metabolism,
179,VIT_12s0028g00270,915,0.4416,WRKY DNA-binding protein 71,WRKY71_2,VvWRKY35,vv60066WRKY,
180,VIT_11s0103g00170,906,0.4387,Unknown,,,,
181,VIT_18s0072g00970,905,0.4349,DegP protease ,E3_4_21_107,,,
182,VIT_18s0041g00740,904,0.4348,UDP-glucose: anthocyanidin 5 3-O-glucosyltransferase,RHGT1,,vv10942Anthocyanin_biosynthesis,
183,VIT_12s0028g01410,894,0.4344,Heat shock transcription factor A4A,HSFA4A_3,,vv60037HSF,
184,VIT_06s0061g00720,896,0.4343,BHLH transcriptional regulator bHLH029,BHLH029,,vv60011BHLH,
185,VIT_16s0100g01200<br>VIT_16s0100g01070,888,0.4306,
186,VIT_17s0000g01210,871,0.4204,Unknown protein,,,,
187,VIT_10s0003g04950,861,0.4153,Esterase/lipase/thioesterase,,,,
188,VIT_05s0020g00930,848,0.4121,Soluble diacylglycerol acyltransferase,E2_3_1_20,,vv10561Glycerolipid_metabolism,vv50124Porters_cat_30_to_64
189,VIT_01s0026g00190,846,0.4107,Armadillo/beta-catenin repeat,,,,
190,VIT_19s0014g04280,843,0.4078,S-locus protein kinase,,,,
191,VIT_19s0015g00270,832,0.4047,No hit,,,,
192,VIT_11s0016g03820,840,0.4042,Signal peptidase I,K03100,,vv23060Protein_export,vv50132Primary_active_transporter_cat_A5_to_A8
193,VIT_03s0097g00460,838,0.4037,Geraniol 10-hydroxylase,G10H,,vv10902Monoterpenoid_biosynthesis,
194,VIT_06s0004g06750,839,0.4024,Armadillo/beta-catenin repeat,,,,
195,VIT_02s0033g00370,828,0.3987,Myb domain protein 113,MYB113_4,MYBA4,vv60044MYB,
196,VIT_03s0017g02170,821,0.3960,Zinc transporter ZIP5,ZIP5,,vv50121Porters_cat_1_to_6,
197,VIT_00s0179g00250,822,0.3956,No hit,,,,
198,VIT_00s0181g00200<br>VIT_00s0181g00180,807,0.3908,
199,VIT_08s0040g01820,802,0.3884,No hit,,,,
200,VIT_12s0028g00920,796,0.3842,Glutathione S-transferase 9 GSTF9,E2_5_1_18_GSTF9,,vv10480Glutathione_metabolism,
201,VIT_19s0027g00230,785,0.3826,NAC domain-containing protein 22,NAC022,VvNAC33,vv60046NAC,
202,VIT_01s0010g03710,792,0.3824,Squamosa promoter-binding protein 2 (SPL2),SPL2_1,,vv60055SBP,
203,VIT_04s0044g00610,766,0.3748,Unknown protein,,,,
204,VIT_08s0007g06200,773,0.3718,Rhodanese domain-containing protein,K07146,,,
205,VIT_14s0068g01360,768,0.3710,GEM-like protein 5,,,,
206,VIT_13s0019g02080,762,0.3692,DNA-binding protein,,,,
207,VIT_10s0003g01770,763,0.3675,Heat shock transcription factor A4A,HSFA4A_1,,vv60037HSF,
208,VIT_19s0027g01620,761,0.3666,Disease resistance protein (NBS-LRR class),,,,
209,VIT_17s0000g01650,753,0.3641,Cyclopropyl isomerase,E5_5_1_9,,vv10100Biosynthesis_of_steroids,
210,VIT_17s0000g08150,749,0.3615,Basic helix-loop-helix (bHLH) family,BHLHDOM_17,,vv60011BHLH,
211,VIT_18s0076g00330,742,0.3607,VirE2-interacting protein (VIP1),VIP1,VvbZIP50,vv60012BZIP,
212,VIT_17s0000g00140,747,0.3603,TBP-binding protein,,,,
213,VIT_18s0001g05420,740,0.3592,UNE2 (unfertilized embryo sac 2); carbohydrate transporter,UNE2,,vv50121Porters_cat_1_to_6,
214,VIT_07s0095g00640,742,0.3576,Serine/threonine kinase BRLK,,,,
215,VIT_11s0016g01500,733,0.3569,PHD finger protein alfin,ALFINDOM5,,vv60002Alfin-like,
216,VIT_12s0142g00610,736,0.3542,Citrate synthase  glyoxysomal precursor,E2_3_3_1,,vv10020Citrate_cycle,vv10630Glyoxylate_and_dicarboxylate_metabolism
217,VIT_18s0122g00590,727,0.3522,DNA-binding protein,,,,
218,VIT_02s0033g00440,731,0.3518,Myb VvMYBA1,VVMYBA1_3,MYBA11,vv60044MYB,
219,VIT_06s0009g01460,727,0.3517,Homoserine dehydrogenase,E1_1_1_3,,vv10260Glycine_serine_and_threonine_metabolism,vv10300Lysine_biosynthesis
220,VIT_00s0399g00060,731,0.3508,Alternative oxidase / immutans protein (IM),,,,
221,VIT_16s0039g01910,723,0.3484,Vegetative storage protein win4.5,,,,
222,VIT_00s0309g00050,718,0.3472,EXPANSIN-like B1,EXPB1,,vv30003Auxin_signaling,
223,VIT_11s0052g01410,720,0.3470,Leucine Rich Repeat receptor-like kinase,,,,
224,VIT_08s0056g00180,715,0.3462,Translation initiation factor IF-2B subunit delta,K03680,,,
225,VIT_06s0004g07680,714,0.3453,Nodulin,,,,
226,VIT_17s0000g08220,712,0.3436,Unknown protein,,,,
227,VIT_01s0011g03420,708,0.3432,Unknown protein,,,,
228,VIT_05s0062g00570,698,0.3388,UDP-glucose:flavonoid 7-O-glucosyltransferase,E2_4_1_237,,vv10941Flavonoid_biosynthesis,
229,VIT_07s0104g00300,698,0.3374,Hemolysin,K06442,,vv50109Incompletely_characterized_transport_systems,
230,VIT_04s0210g00060,703,0.3367,Mucin-like protein,K06568,,,
231,VIT_03s0088g01180,695,0.3366,Proline iminopeptidase,E3_4_11_5,,vv10330Arginine_and_proline_metabolism,
232,VIT_08s0007g00980,699,0.3364,Integral membrane family protein UPF0497,,,,
233,VIT_19s0014g01370,699,0.3364,Curculin (mannose-binding) lectin,,,,
234,VIT_04s0023g02900,690,0.3348,Ferulate-5-hydroxylase,K09755,,vv10940Phenylpropanoid_biosynthesis,
235,VIT_17s0000g03370,694,0.3332,Calmodulin-binding protein,K02183,,vv34020Calcium_signaling_pathway,vv34626Plant-pathogen_interaction
236,VIT_05s0062g00020,684,0.3304,F-box family protein,,,,
237,VIT_17s0000g04140,685,0.3301,Unknown protein,,,,
238,VIT_13s0019g02100,677,0.3278,No hit,,,,
239,VIT_04s0023g03130,673,0.3250,Histone H1,,,,
240,VIT_18s0001g12450,667,0.3218,No hit,,,,
241,VIT_06s0004g01540,658,0.3193,Oxidoreductase,,,,
242,VIT_14s0068g02150,659,0.3191,Kelch repeat-containing F-box family protein,,,,
243,VIT_04s0023g01070,661,0.3178,Nod-factor receptor NFR5a,,,,
244,VIT_15s0046g02300,649,0.3141,Beta-cyanoalanine synthase,E2_5_1_47,,vv10272Cysteine_metabolism,vv10450Selenoamino_acid_metabolism
245,VIT_14s0068g00840,649,0.3125,RBR1 (retinoblastoma-related 1),RBR1_1,,vv44110Cell_cycle,vv60051RB
246,VIT_02s0033g00840,642,0.3124,Nitrilase 4B,E3_5_5_1,,vv10460Cyanoamino_acid_metabolism,vv10910Nitrogen_metabolism
247,VIT_07s0255g00090,645,0.3120,CYP82C1p,,,,
248,VIT_02s0012g00170,636,0.3077,1 4-alpha-D-glucan maltohydrolase,E3_2_1_2,,vv10500Starch_and_sucrose_metabolism,
249,VIT_17s0000g01280,634,0.3073,WRKY DNA-binding protein 75,WRKY75_3,VvWRKY52,vv60066WRKY,
250,VIT_19s0014g04780,637,0.3065,No hit,,,,
251,VIT_18s0001g08540,626,0.3046,Molecular chaperone DnaJ,K03686,,vv50132Primary_active_transporter_cat_A5_to_A8,
252,VIT_14s0066g01190,629,0.3043,Unknown protein,,,,
253,VIT_00s0762g00030,622,0.3019,S-locus lectin protein kinase,,,,
254,VIT_01s0137g00790,624,0.3004,No hit,,,,
255,VIT_14s0108g01660,623,0.3004,Biotin carboxyl carrier protein of acetyl-CoA carboxylase,E6_4_1_2,,vv10061Fatty_acid_biosynthesis,vv10620Pyruvate_metabolism
256,VIT_14s0083g01100,619,0.2990,Alpha-1 4-glucan-protein synthase 1,E2_4_1_113,,vv10500Starch_and_sucrose_metabolism,
257,VIT_12s0059g01100,617,0.2976,PRLI-interacting factor K,PRLIINTK,,vv60017C2H2,
258,VIT_03s0038g00660,613,0.2973,Unknown protein,,,,
259,VIT_17s0000g03600,613,0.2956,ATSYTE/NTMC2T3.1/NTMC2TYPE3.1/SYTE,NTMC2T3_1,,vv50109Incompletely_characterized_transport_systems,
260,VIT_03s0038g04730,614,0.2951,Polyphenol oxidase,E1_10_3_1,,vv10350Tyrosine_metabolism,vv50109Incompletely_characterized_transport_systems
261,VIT_19s0014g03660,611,0.2947,LHCII type III  chloroplast precursor,K08914,,vv10196Photosynthesis_antenna_proteins,vv50105Transport_electron_carriers
262,VIT_17s0000g09650,611,0.2939,Glyoxal oxidase,,,,
263,VIT_16s0100g01150,610,0.2936,Stilbene synthase [Vitis vinifera],E2_3_1_95,,vv10940Phenylpropanoid_biosynthesis,
264,VIT_03s0063g00350,602,0.2917,Unknown,,,,
265,VIT_13s0156g00550,602,0.2904,S-receptor kinase,,,,
266,VIT_14s0030g01890,589,0.2858,Unknown,,,,
267,VIT_02s0033g00770,585,0.2823,Nitrilase 4B,E3_5_5_1,,vv10460Cyanoamino_acid_metabolism,vv10910Nitrogen_metabolism
268,VIT_06s0009g01810,583,0.2818,APK2A (protein kinase 2A),,,,
269,VIT_01s0010g02360,583,0.2815,Thimet oligopeptidase,E3_4_24_15,,,
270,VIT_15s0048g02010,579,0.2792,Shaggy protein kinase theta,,,,
271,VIT_16s0100g00760,573,0.2778,Stilbene synthase 2 [Vitis sp. cv. 'Norton'],E2_3_1_95,,vv10940Phenylpropanoid_biosynthesis,
272,VIT_13s0019g03520,570,0.2762,No hit,,,,
273,VIT_02s0033g01400,563,0.2741,Alternative oxidase 1a  (AOX1A),AOX1A,,vv30001ABA_signaling,
274,VIT_14s0030g00480,551,0.2671,HAT dimerisation domain-containing protein,,,,
275,VIT_05s0020g00390,548,0.2671,Unknown protein,,,,
276,VIT_18s0041g01190,549,0.2655,No hit,,,,
277,VIT_03s0063g00340,548,0.2654,No hit,,,,
278,VIT_13s0320g00060,551,0.2652,Carboxyl-terminal peptidase,,,,
279,VIT_09s0002g06660,547,0.2644,DEAD  box  RNA helicase RH15,K12812,,vv23013RNA_transport,vv23015mRNA_surveillance_pathway
280,VIT_11s0016g01850,546,0.2626,Anthocyanidin-3-glucoside rhamnosyltransferase,RHATR,,vv10942Anthocyanin_biosynthesis,
281,VIT_02s0033g01390,538,0.2619,No hit,,,,
282,VIT_01s0010g01680,538,0.2608,Glutaredoxin,,,,
283,VIT_10s0042g00930<br>VIT_10s0042g00890<br>VIT_10s0042g00870<br>VIT_10s0042g00860<br>VIT_10s0042g00920,539,0.2591,
284,VIT_18s0001g01850,534,0.2577,Amino acid permease,AAPREL,,vv50123Porters_cat_18_to_29,
285,VIT_14s0030g00520,523,0.2540,Disease resistance protein (NBS-LRR class),,,,
286,VIT_00s0174g00310,528,0.2536,Ribonuclease T2,E3_1_27_1,,,
287,VIT_18s0072g01010,522,0.2527,Peptide chain release factor eRF subunit 1,K03265,,vv23015mRNA_surveillance_pathway,
288,VIT_01s0026g02710,517,0.2515,NAC domain-containing protein 29,NAC029,VvNAC26,vv60046NAC,
289,VIT_13s0067g00300<br>VIT_13s0067g00130<br>VIT_13s0067g00290,519,0.2508,
290,VIT_10s0042g00840,517,0.2505,Stilbene synthase [Vitis pseudoreticulata],E2_3_1_95,,vv10940Phenylpropanoid_biosynthesis,
291,VIT_02s0025g04290,521,0.2500,Thaumatin,,,,
292,VIT_03s0063g00670,519,0.2500,Cyclin-dependent kinase inhibitor ICK5,ICK5,,vv44110Cell_cycle,
293,VIT_18s0001g13780,512,0.2472,Cytochrome P450  family 83  subfamily B  polypeptide 1,K11818,,vv10966Glucosinolate_biosynthesis,
294,VIT_08s0007g02170,509,0.2458,Yippee,,,,
295,VIT_05s0077g01060,504,0.2457,Betaine-aldehyde dehydrogenase,E1_2_1_8,,vv10260Glycine_serine_and_threonine_metabolism,vv50101Channels_and_pores
296,VIT_02s0234g00050,508,0.2453,Embryonic flower 2,EMF2,,vv30009Flower_development,
297,VIT_18s0041g01180,508,0.2453,No hit,,,,
298,VIT_14s0128g00290,507,0.2452,Pentatricopeptide (PPR) repeat-containing,,,,
299,VIT_19s0014g02450,507,0.2449,ALF5 (Aberrant lateral root formation 5),ALF5,,vv50125Porters_cat_66_to_94,
300,VIT_07s0141g00640,503,0.2423,ProT1 (PROLINE transporter 1),PROT1,,vv50123Porters_cat_18_to_29,
301,VIT_02s0025g04280,497,0.2408,Osmotin,,,,
302,VIT_14s0128g00390,502,0.2400,Mitochondrial FAD carrier,MFADC,,vv50123Porters_cat_18_to_29,
303,VIT_19s0014g01700,487,0.2352,Unknown,,,,
304,VIT_00s0291g00060,487,0.2350,Inorganic phosphate transporter 2-1  chloroplast precursor,PHT2_1,,vv50121Porters_cat_1_to_6,
305,VIT_17s0000g04810,485,0.2343,Auxin-independent growth promoter,,,,
306,VIT_08s0040g03010,484,0.2334,Pigment defective 149,PDE149,,vv50109Incompletely_characterized_transport_systems,
307,VIT_19s0014g03290,482,0.2333,NAC domain containing protein 19,NAC019_1,VvNAC17,vv60046NAC,
308,VIT_19s0085g00850,478,0.2314,LEM3 (ligand-effect modulator 3),LEM3,,vv50108Accessory_factors_involved_in_transport,
309,VIT_12s0028g00930,477,0.2303,Glutathione S-transferase 9 GSTF9,E2_5_1_18_GSTF9,,vv10480Glutathione_metabolism,
310,VIT_19s0015g02610,475,0.2294,Glutathione S-transferase 25 GSTU25,E2_5_1_18_GSTU25,,vv10480Glutathione_metabolism,
311,VIT_07s0031g02320,469,0.2291,Leaf senescence protein,,,,
312,VIT_11s0118g00220,475,0.2283,Chloride channel protein CLC,K05393_CLC,,vv50124Porters_cat_30_to_64,
313,VIT_05s0020g03680,469,0.2269,GCN5 N-acetyltransferase (GNAT),GCN5_7,,vv60082GNAT,
314,VIT_17s0000g05720,459,0.2211,No hit,,,,
315,VIT_01s0010g00340,454,0.2205,EDA18 (embryo sac development arrest 18),,,,
316,VIT_08s0007g06680,448,0.2177,PMR5 (powdery mildew resistant 5),,,,
317,VIT_05s0102g00830,447,0.2171,Unknown protein,,,,
318,VIT_15s0021g01340,449,0.2165,Phagocytosis and cell motility protein ELMO1,,,,
319,VIT_10s0003g01600,446,0.2142,WRKY DNA-binding protein 65,WRKY65_1,VvWRKY30,vv60066WRKY,
320,VIT_12s0059g01120,436,0.2128,CAF protein,,,,
321,VIT_01s0026g01910,438,0.2113,Myb domain protein 88,MYB88,MYB192,vv60044MYB,
322,VIT_11s0016g04800,436,0.2090,No hit,,,,
323,VIT_18s0001g12260,433,0.2083,Incomplete root hair elongation,IRE,,,
324,VIT_16s0100g01100,428,0.2076,Stilbene synthase,E2_3_1_95,,vv10940Phenylpropanoid_biosynthesis,
325,VIT_19s0014g04060,426,0.2052,ARK3 (Arabidopsis Receptor Kinase 3),,,,
326,VIT_13s0019g01470,427,0.2050,Geranylgeranyltransferase type I beta subunit,E2_5_1_59,,vv10100Biosynthesis_of_steroids,
327,VIT_16s0050g01050,422,0.2045,Unknown protein,,,,
328,VIT_02s0234g00130,416,0.2021,Ethylene responsive element binding factor 1,ERF1_9,VvERF076,vv30008Ethylene_signaling,vv30011Jasmonate_signaling
329,VIT_07s0129g00560,418,0.2018,No hit,,,,
330,VIT_07s0005g02120,416,0.2006,Cyclase/dehydrase,,,,
331,VIT_09s0054g00370,415,0.1994,Mannosyl-oligosaccharide 1 2-alpha-mannosidase IA,E3_2_1_113,,vv10510N-Glycan_biosynthesis,vv11030Glycan_structures-biosynthesis1
332,VIT_05s0062g00630,398,0.1926,UDP-glucose transferase (UGT75B2),E2_4_1_35,,vv10500Starch_and_sucrose_metabolism,
333,VIT_12s0059g00490,397,0.1899,Unknown,,,,
334,VIT_04s0023g02420,386,0.1867,Mitogen-activated protein kinase 4,K06855,,,
335,VIT_18s0001g11130,381,0.1843,Calmodulin-binding protein AR781,,,,
336,VIT_02s0025g03290,378,0.1838,Hydroxyproline-rich glycoprotein,HRGP,,vv40006Cell_wall,
337,VIT_16s0100g00570,382,0.1837,Dehydration-responsive protein,,,,
338,VIT_18s0001g00210,377,0.1813,Cytokinin riboside 5'-monophosphate phosphoribohydrolase LOG5,LOG5,,vv10908Zeatin_biosynthesis,
339,VIT_11s0037g00530,370,0.1801,Cellulose synthase IRX3,E2_4_1_12_IRX3,,vv40006Cell_wall,
340,VIT_03s0038g04250,368,0.1786,Cellulose synthase CESA2,E2_4_1_12_CESA2,,vv40006Cell_wall,
341,VIT_04s0023g01910,369,0.1785,Myb family,MYBREL_12,,vv60045MYBrelated,
342,VIT_18s0001g15710,363,0.1749,Electron carrier/ oxidoreductase,,,,
343,VIT_00s0916g00010,361,0.1747,Zinc finger (C3HC4-type ring finger) protein (RMA1),RMA1_1,,vv60078Other_zf-C3HC4,
344,VIT_07s0005g04890,357,0.1737,Glutathione S-transferase 25 GSTU7,E2_5_1_18_GSTU7,,vv10480Glutathione_metabolism,
345,VIT_13s0019g01520,351,0.1689,Protease inhibitor/seed storage/lipid transfer protein (LTP),,,,
346,VIT_07s0104g01500,346,0.1688,Transcription termination factor mitochondrial mTERF,MTERF_10,,vv60085MTERF,
347,VIT_13s0074g00040,344,0.1664,Phytol kinase 2  chloroplast precursor,VTE5,,vv10860Porphyrin_and_chlorophyll_metabolism,
348,VIT_17s0000g00010,342,0.1656,MtN19,,,,
349,VIT_04s0023g00350,341,0.1648,Unknown,,,,
350,VIT_09s0002g00790,338,0.1632,Beta-ketoacyl-ACP synthase II,E2_3_1_41,,vv10061Fatty_acid_biosynthesis,
351,VIT_13s0156g00580,334,0.1626,S-receptor kinase,,,,
352,VIT_02s0025g01320,336,0.1624,No hit,,,,
353,VIT_06s0004g04590,336,0.1623,Epsin N-terminal homology (ENTH) domain-containing,ENTH,,vv50110Protein_coat,
354,VIT_17s0000g00800,334,0.1606,Zinc finger (DHHC type),ZFDHHC_11,,vv60079Other_zf-DHHC,
355,VIT_08s0007g00200,329,0.1593,Ankyrin repeat,K10380,,vv50108Accessory_factors_involved_in_transport,
356,VIT_18s0072g00260,329,0.1584,Ethylene-responsive transcription factor related to APETALA2 6,RAP2_6,VvERF114,vv30008Ethylene_signaling,vv60003AP2_EREBP
357,VIT_17s0000g05730,328,0.1580,No hit,,,,
358,VIT_18s0001g15290,325,0.1566,Ribosome maturation protein SDO1,K14574,,vv23008Ribosome_biogenesis_in_Eukaryotes,vv60017C2H2
359,VIT_18s0001g00220,323,0.1563,Unknown,,,,
360,VIT_17s0000g01770,315,0.1529,Photosystem I assembly protein Ycf3,,,,
361,VIT_17s0000g02140,314,0.1522,3-hydroxyisobutyrate dehydrogenase,E1_1_1_31,,vv10280Valine_leucine_and_isoleucine_degradation,
362,VIT_12s0134g00160,314,0.1519,Xyloglucan endotransglycosylase/hydrolase 16,E2_4_1_207,,vv40006Cell_wall,
363,VIT_02s0012g01570,316,0.1519,Cinnamoyl-CoA reductase,E1_2_1_44,,vv10940Phenylpropanoid_biosynthesis,
364,VIT_18s0122g01430,311,0.1505,flavin-containing monooxygenase 1,E1_14_13_8,,vv11000Single_reactions,
365,VIT_02s0025g00140,308,0.1480,Ring-H2 zinc finger protein RHA1b,,,,
366,VIT_14s0006g01420,304,0.1471,Ser/Thr receptor kinase,,,,
367,VIT_14s0060g01300,305,0.1470,Universal stress protein (USP) family protein,,,,
368,VIT_18s0076g00380,302,0.1453,ABC transporter F member 6,ABCF6,,vv52010ABC_transporters,
369,VIT_19s0014g04150,296,0.1440,S-receptor protein kinase,,,,
370,VIT_12s0028g03580,297,0.1437,Lectin-receptor like protein kinase 3,,,,
371,VIT_15s0046g01770,293,0.1429,D-erythro-sphingosine kinase,E2_7_1_107,,vv10561Glycerolipid_metabolism,vv10564Glycerophospholipid_metabolism
372,VIT_06s0004g07500,295,0.1424,WRKY DNA-binding protein 33,WRKY33_1,VvWRKY16,vv34626Plant-pathogen_interaction,vv60066WRKY
373,VIT_09s0002g03640,294,0.1420,ABC transporter g family pleiotropic drug resistance 7 PDR7,ABCGPDR7,,vv52010ABC_transporters,
374,VIT_01s0011g03980,290,0.1415,Wall-associated kinase,,,,
375,VIT_18s0001g06660,294,0.1412,No hit,,,,
376,VIT_17s0000g01060,285,0.1382,No hit,,,,
377,VIT_11s0103g00160,284,0.1370,No hit,,,,
378,VIT_13s0019g00970,284,0.1367,Kinesin motor protein,KMOTOR,,vv44810Regulation_of_actin_cytoskeleton,
379,VIT_04s0044g00650,281,0.1351,S-receptor kinase,,,,
380,VIT_18s0001g10150,267,0.1294,Ethylene-responsive transcription factor ERF011,ERF011,VvERF013,vv30008Ethylene_signaling,vv60017C2H2
381,VIT_12s0028g03930,267,0.1285,Retrotransposon protein  Unclassified,,,,
382,VIT_13s0067g00700,264,0.1277,Hydrolase  alpha/beta fold,,,,
383,VIT_00s0841g00020,261,0.1261,No hit,,,,
384,VIT_11s0016g05110,253,0.1225,Sodium hypersensitive 1,SHS1,,vv50123Porters_cat_18_to_29,
385,VIT_04s0079g00690,250,0.1215,Glutathione S-transferase 26 GSTF12,E2_5_1_18_GSTF12,,vv10480Glutathione_metabolism,
386,VIT_12s0057g01440,252,0.1207,Heavy-metal-associated domain-containing protein,,,,
387,VIT_07s0005g04110,252,0.1205,Cellulose synthase CESA4,E2_4_1_12_CESA4,,vv40006Cell_wall,
388,VIT_13s0019g00480,250,0.1204,Zinc finger (C2H2 type) family,C2H2FAM_22,,vv60017C2H2,
389,VIT_12s0034g01080,246,0.1192,3-isopropylmalate dehydrogenase 2  chloroplast precursor,E1_1_1_85,,vv10290Valine_leucine_and_isoleucine_biosynthesis,
390,VIT_08s0040g00460,244,0.1186,Ubiquitin-conjugating enzyme E2 S,K10583,,vv24120Ubiquitin_mediated_proteolysis,
391,VIT_05s0077g01600,241,0.1168,Pathogenesis protein 10 [Vitis vinifera],,,,
392,VIT_01s0150g00180,238,0.1149,Exostosin,K02366,,vv11030Glycan_structures-biosynthesis1,
393,VIT_11s0016g04790,233,0.1129,No hit,,,,
394,VIT_18s0001g08080,225,0.1089,No hit,,,,
395,VIT_08s0056g00500,223,0.1076,Unknown protein,,,,
396,VIT_10s0071g00760,222,0.1074,No hit,,,,
397,VIT_02s0025g02190,220,0.1064,Short-chain dehydrogenase/reductase,,,,
398,VIT_13s0019g03020,219,0.1057,Glucosyltransferase-2,,,,
399,VIT_19s0014g04090<br>VIT_10s0071g00450<br>VIT_10s0071g00440<br>VIT_19s0015g02410<br>VIT_19s0014g04160,219,0.1057,
400,VIT_04s0008g02540,217,0.1054,Zinc finger (C2H2 type) family,C2H2FAM_46,,vv60017C2H2,
401,VIT_13s0067g01650,215,0.1040,Glutaredoxin,,,,
402,VIT_08s0007g08860,212,0.1020,Transcription initiation factor TFIIB,K03124,,vv23022Basal_transcription_factors,
403,VIT_14s0060g00410,208,0.1006,EDA32 (embryo sac development arrest 32),,,,
404,VIT_06s0009g01620,206,0.0994,Harpin-induced protein,,,,
405,VIT_14s0068g01720,204,0.0984,Unknown protein,,,,
406,VIT_03s0038g03530,199,0.0961,LYS/HIS transporter 7,LHT7,,vv50123Porters_cat_18_to_29,
407,VIT_06s0004g02580,195,0.0947,BLH8 (BEL1-like homeodomain 8),BLH8,VvHB22,vv60034HB,
408,VIT_08s0007g07110,192,0.0924,Unknown protein,,,,
409,VIT_15s0046g02560,190,0.0918,GLABRA 3,GLABRA3,,vv44110Cell_cycle,vv60011BHLH
410,VIT_14s0081g00030,189,0.0914,Pathogenesis-related protein-4 (Chitinase ),E3_2_1_14,,vv10530Aminosugars_metabolism,
411,VIT_06s0004g04050,189,0.0910,Laccase,E1_10_3_2,,vv11000Single_reactions,vv50109Incompletely_characterized_transport_systems
412,VIT_13s0019g02190,188,0.0908,No hit,,,,
413,VIT_11s0037g01410,187,0.0902,XBAT32 (XB3 ortholog 2 in Arabidopsis thaliana 32),XBAT32,,vv50108Accessory_factors_involved_in_transport,
414,VIT_00s0203g00190,186,0.0899,Nitric oxide synthase interacting protein,K13125,,,
415,VIT_05s0049g02240,184,0.0885,AWPM-19,AWPM19,,vv30001ABA_signaling,
416,VIT_17s0000g02880,180,0.0875,S-adenosyl-L-methionine:salicylic acid carboxyl methyltransferase,SAMTBSCMT,,vv10360Phenylalanine_metabolism,
417,VIT_05s0077g01560,180,0.0869,Pathogenesis protein 10.3 [Vitis quinquangularis],,,,
418,VIT_17s0000g04240,177,0.0857,No hit,,,,
419,VIT_18s0001g02300,178,0.0855,NAC domain containing protein 2,NAC2_7,VvNAC08,vv60046NAC,
420,VIT_15s0048g00740,173,0.0845,No hit,,,,
421,VIT_18s0001g13870,174,0.0842,Calmodulin binding protein,,,,
422,VIT_09s0002g02700,174,0.0840,Basic helix-loop-helix (bHLH) family,BHLHDOM_29,,vv60011BHLH,
423,VIT_13s0019g02180,173,0.0839,Tropinone reductase,E1_1_1_206,,vv10220Urea_cycle_and_metabolism_of_amino_groups,
424,VIT_19s0015g01290,171,0.0826,Amino acid permease 7,AAP7,,vv50123Porters_cat_18_to_29,
425,VIT_11s0016g03080,167,0.0804,Clavata1 receptor kinase (CLV1),,,,
426,VIT_08s0058g01290,162,0.0789,Protein kinase AtSIK,,,,
427,VIT_05s0049g00310,157,0.0760,E8 protein,E8,,vv30008Ethylene_signaling,
428,VIT_05s0049g00770,156,0.0758,No hit,,,,
429,VIT_16s0050g01690,156,0.0755,Receptor kinase homolog LRK10,,,,
430,VIT_18s0001g15660,154,0.0745,Pathogen-related,,,,
431,VIT_16s0100g01040,154,0.0744,Stilbene synthase - grape,E2_3_1_95,,vv10940Phenylpropanoid_biosynthesis,
432,VIT_02s0025g00530,154,0.0741,Unknown,,,,
433,VIT_18s0001g09240,153,0.0741,No hit,,,,
434,VIT_14s0108g01670,151,0.0730,Ac-CoA carboxylase,E6_4_1_2,,vv10061Fatty_acid_biosynthesis,vv10620Pyruvate_metabolism
435,VIT_19s0015g00710,150,0.0727,Cellulose synthase CSLE1,E2_4_1_12_CSLE1,,vv40006Cell_wall,
436,VIT_00s0203g00100,149,0.0722,AarF domain-containing kinase ABC1,K08869,,,
437,VIT_02s0025g03780,149,0.0718,Remorin,,,,
438,VIT_01s0010g03740,147,0.0713,Transcription termination factor mitochondrial mTERF,MTERF_4,,vv60085MTERF,
439,VIT_05s0094g00820,146,0.0707,Unknown protein,,,,
440,VIT_14s0108g00380,145,0.0704,Protein kinase APK1A,,,,
441,VIT_13s0074g00350,145,0.0698,Unknown,,,,
442,VIT_02s0025g01300,143,0.0692,Unknown protein,,,,
443,VIT_06s0009g01000,141,0.0683,Zinc finger (C3HC4-type ring finger) CIC7E11,CIC7E11_2,,vv60078Other_zf-C3HC4,
444,VIT_13s0139g00020,141,0.0683,No hit,,,,
445,VIT_08s0007g05330,141,0.0681,EDA7 (embryo sac development arrest 7),,,,
446,VIT_07s0104g00920,139,0.0676,No hit,,,,
447,VIT_10s0003g04120,138,0.0666,Galactosyltransferase,E2_4_x_x,,,
448,VIT_14s0060g01830,135,0.0654,Unknown protein,,,,
449,VIT_11s0016g01170,135,0.0654,Pentatricopeptide (PPR) repeat-containing,,,,
450,VIT_10s0003g00600,134,0.0652,Lipase GDSL,,,,
451,VIT_19s0014g01850,132,0.0639,Zinc finger (C3HC4-type ring finger),ZFC3HC4_158,,vv60078Other_zf-C3HC4,
452,VIT_11s0118g00580,129,0.0621,Unknown,,,,
453,VIT_11s0016g04560,128,0.0618,Bile acid sodium symporter,K03453,,vv50123Porters_cat_18_to_29,
454,VIT_07s0095g00660,122,0.0591,Curculin (mannose-binding) lectin,,,,
455,VIT_18s0072g00820,121,0.0589,VFB3 (VIER F- box  proteinE 3),,,,
456,VIT_04s0008g05640,121,0.0584,Protease inhibitor/seed storage/lipid transfer protein (LTP),,,,
457,VIT_01s0011g00790,118,0.0572,DnaJ homolog  subfamily C  member 2 gonidia forming protein GlsA,K09522_1,,vv50132Primary_active_transporter_cat_A5_to_A8,vv60045MYBrelated
458,VIT_09s0002g06400,118,0.0572,No hit,,,,
459,VIT_05s0020g00840,117,0.0566,No hit,,,,
460,VIT_16s0100g00220,116,0.0561,No hit,,,,
461,VIT_03s0038g01130,116,0.0560,Auxin-responsive,AUXREG,,vv30003Auxin_signaling,
462,VIT_05s0020g01530,116,0.0556,Alpha-1 6-xylosyltransferase,E2_4_2_39,,vv40006Cell_wall,
463,VIT_15s0021g02470,114,0.0549,Epoxide hydrolase-like protein,E3_3_2_10,,,
464,VIT_13s0067g02340,112,0.0542,Proton-dependent oligopeptide transport (POT) family protein,POT,,vv50122Porters_cat_7_to_17,
465,VIT_05s0077g01820,111,0.0541,Protein phosphatase 2C,E3_1_3_16,,,
466,VIT_09s0096g00420<br>VIT_09s0096g00830<br>VIT_09s0096g00200<br>VIT_09s0096g00760<br>VIT_09s0002g00270,112,0.0541,
467,VIT_12s0057g01340,108,0.0526,Transposon protein,,,,
468,VIT_17s0000g08860,108,0.0522,UBX domain-containing protein,,,,
469,VIT_08s0032g00780,107,0.0519,Calcium-dependent protein kinase 20 CPK20,CPK20,,vv34626Plant-pathogen_interaction,
470,VIT_15s0046g02830<br>VIT_15s0021g00850,107,0.0513,
471,VIT_02s0033g00700,102,0.0497,Nitrilase,E3_5_5_1,,vv10460Cyanoamino_acid_metabolism,vv10910Nitrogen_metabolism
472,VIT_08s0007g07530,101,0.0488,3-oxoacyl-[acyl-carrier-protein] reductase  chloroplast,E1_1_1_100,,vv10061Fatty_acid_biosynthesis,vv11040Biosynthesis_of_unsaturated_fatty_acids
473,VIT_18s0001g10060,98,0.0476,LRX1 (leucine-rich repeat/extensin 1),EXTENSIN,,vv40006Cell_wall,
474,VIT_06s0004g00590,98,0.0475,Lysine decarboxylase,E4_1_1_18,,vv10300Lysine_biosynthesis,
475,VIT_03s0038g00350,97,0.0471,Kinesin protein (MKRP2),MKRP2,,vv44810Regulation_of_actin_cytoskeleton,
476,VIT_14s0030g01790,94,0.0454,Ndr family protein,,,,
477,VIT_06s0009g00480,93,0.0451,Aluminium-tolerance ALMT1,ALMT1,,vv50125Porters_cat_66_to_94,
478,VIT_16s0100g01000,93,0.0450,Stilbene synthase 4,E2_3_1_95,,vv10940Phenylpropanoid_biosynthesis,
479,VIT_07s0005g04620,92,0.0443,Unknown,,,,
480,VIT_08s0058g01340,91,0.0437,Leucine-rich repeat transmembrane protein kinase,,,,
481,VIT_02s0025g00470,90,0.0436,EMB3001 (embryo defective 3001),,,,
482,VIT_17s0000g04750,89,0.0435,UDP-glycosyltransferase 89B2,E2_4_1_17,,vv10040Pentose_glucuronate_interconversion,vv10500Starch_and_sucrose_metabolism
483,VIT_09s0054g00620,89,0.0428,Kelch repeat-containing protein,,,,
484,VIT_13s0019g04390,88,0.0427,GATA transcription factor 10,BME3_ZF_1,,vv10904Diterpenoid_biosynthesis,vv60016C2C2-GATA
485,VIT_17s0000g01920,85,0.0413,Nuclear transcription factor  X-box binding 1,NFXL1_2,,vv60080Other_zf,
486,VIT_07s0005g05040,83,0.0404,ARR24 Type A,ARR24_3,,vv30007Cytokinin_signaling,vv60072Orphans_Response_reg
487,VIT_18s0001g00170,82,0.0397,Unknown protein,,,,
488,VIT_05s0077g01100,82,0.0393,Ubiquitin-conjugating enzyme E2 J1,K10578,,vv24120Ubiquitin_mediated_proteolysis,vv24141Protein_processing_in_endoplasmic_reticulum
489,VIT_08s0040g01300,81,0.0392,DPB-1 transcription factor (DPB),DPB1_3,,vv44110Cell_cycle,vv60026E2F-DP
490,VIT_14s0066g01730,79,0.0380,Cellulose synthase CSLC04,E2_4_1_12_CSLC04,,vv40006Cell_wall,
491,VIT_16s0039g02290,78,0.0377,Unknown,,,,
492,VIT_08s0040g02610,76,0.0370,Unknown,,,,
493,VIT_04s0023g03540,76,0.0367,Thaumatin SCUTL1,,,,
494,VIT_10s0042g01200,75,0.0363,ARGONAUTE 2 (AGO2),,,,
495,VIT_07s0104g00930,75,0.0361,Gibberellin receptor GID1L2,GID1B,,vv30010Gibberellin_signaling,
496,VIT_03s0038g04750,73,0.0355,Universal stress protein (USP) family protein,,,,
497,VIT_13s0156g00590,71,0.0342,S-receptor kinase,,,,
498,VIT_02s0012g01610,71,0.0341,Beta-1 3-glucanase precursor,E3_2_1_6,,,
499,VIT_00s0153g00050,70,0.0340,Glutathione S-transferase 8 GSTU8,E2_5_1_18_GSTU8,,vv10480Glutathione_metabolism,
500,VIT_19s0085g00680,70,0.0337,Unknown protein,,,,
501,VIT_09s0002g01550,65,0.0314,Lecithine cholesterol acyltransferase,E2_3_1_43,,vv10564Glycerophospholipid_metabolism,
502,VIT_03s0017g00980,63,0.0304,UDP-arabinose 4-epimerase 3,E5_1_3_5,,vv10520Nucleotide_sugars_metabolism,
503,VIT_12s0028g00860,62,0.0301,NAC domain-containing protein 42,NAC042_5,VvNAC36,vv60046NAC,
504,VIT_12s0059g01660,62,0.0299,3-oxoacyl-[acyl-carrier-protein] synthase II,E2_3_1_179,,vv10061Fatty_acid_biosynthesis,
505,VIT_11s0016g02170,61,0.0296,FVE gene,FVE,,vv30009Flower_development,
506,VIT_09s0002g05700,61,0.0296,Phototropic-responsive NPH3,,,,
507,VIT_18s0164g00070,61,0.0295,Somatic embryogenesis protein kinase,,,,
508,VIT_12s0028g02520,61,0.0295,TCP family transcription factor 4,TCP4_1,,vv60061TCP,
509,VIT_07s0005g02540,61,0.0295,Protoporphyrinogen oxidase (PPOX),E1_3_3_4,,vv10860Porphyrin_and_chlorophyll_metabolism,
510,VIT_08s0007g00160,61,0.0293,Glycosyltransferase family 14,,,,
511,VIT_08s0007g02360,60,0.0290,Harpin inducing protein 1-like 9,,,,
512,VIT_19s0014g03650,59,0.0286,No hit,,,,
513,VIT_08s0007g07320,59,0.0286,Unknown protein,,,,
514,VIT_10s0003g05230,59,0.0285,Tetratricopeptide repeat domain male sterility MS5,,,,
515,VIT_07s0104g00970,58,0.0281,Histone H2AXb HTA3,H2AXb,,,
516,VIT_18s0001g00840,57,0.0275,Syringolide-induced protein 14-1-1,,,,
517,VIT_09s0002g03930,56,0.0271,Chaperonin GroEL,K04077,,vv23018RNA_degradation,
518,VIT_18s0001g13770,56,0.0269,Cytochrome P450  family 83  subfamily B  polypeptide 1,K11818,,vv10966Glucosinolate_biosynthesis,
519,VIT_17s0000g03340,55,0.0266,Wall-associated kinase 4,,,,
520,VIT_00s0540g00040<br>VIT_11s0149g00300,55,0.0265,
521,VIT_09s0002g04280,54,0.0262,Dynein light chain LC6  flagellar outer arm,K10418,,vv44810Regulation_of_actin_cytoskeleton,
522,VIT_14s0030g01440,54,0.0261,EDR1 (Enhanced disease resistance 1),,,,
523,VIT_04s0210g00090<br>VIT_04s0210g00080<br>VIT_04s0210g00120,53,0.0256,
524,VIT_06s0009g02280,53,0.0255,Ankyrin repeat,K10380,,vv50108Accessory_factors_involved_in_transport,
525,VIT_04s0008g05220,52,0.0251,Cellulose synthase CESA1,E2_4_1_12_CESA1,,vv40006Cell_wall,
526,VIT_17s0000g02010,52,0.0251,Atypical receptor kinase MARK,,,,
527,VIT_12s0057g00990,51,0.0247,Beta 1 2 N-acetylglucosaminyltransferase,E2_4_1_143,,vv10510N-Glycan_biosynthesis,vv11030Glycan_structures-biosynthesis1
528,VIT_03s0038g01170,50,0.0241,Auxin responsive SAUR protein,SAUR,,vv30003Auxin_signaling,
529,VIT_10s0003g01550,50,0.0239,IMK2 (inflorescence meristem receptor-like kinase 2),,,,
530,VIT_14s0083g00690,49,0.0238,Glycosyl transferase family 8 protein,,,,
531,VIT_01s0011g01110,49,0.0237,Molybdenum cofactor sulfurase,,,,
532,VIT_06s0004g02050<br>VIT_06s0004g00530,49,0.0237,
533,VIT_04s0008g05430,47,0.0226,RDR6 (RNA-dependent RNA polymerase 6),,,,
534,VIT_16s0022g02170,46,0.0223,Alpha-L-fucosidase,E3_2_1_51,,vv10511N-Glycan_degradation,
535,VIT_09s0054g01080,46,0.0221,Polygalacturonase QRT3,E3_2_1_15,,vv40006Cell_wall,
536,VIT_06s0004g05240,44,0.0214,Ethylene receptor (ETR2),ETR2,,vv30008Ethylene_signaling,
537,VIT_07s0005g00280,44,0.0213,Zinc finger (c3hc4-type ring finger) nitrogen limitation adaptation,NLA,,vv60078Other_zf-C3HC4,
538,VIT_16s0050g00910,44,0.0213,MATE efflux family protein,MATE,,vv50125Porters_cat_66_to_94,
539,VIT_14s0219g00040,43,0.0210,Zinc finger (C3HC4-type ring finger),ZFC3HC4_208,,vv60078Other_zf-C3HC4,
540,VIT_11s0016g04160,43,0.0209,Sulfate transporter 3.5,SULTR3_5,,vv50124Porters_cat_30_to_64,
541,VIT_12s0057g00300,43,0.0208,Unknown protein,,,,
542,VIT_06s0004g04680,43,0.0208,No hit,,,,
543,VIT_12s0059g01820,43,0.0207,Protein phosphatase 1D,K10147,,,
544,VIT_00s1600g00010,43,0.0207,No hit,,,,
545,VIT_01s0026g02340,41,0.0199,Ankyrin protein kinase,,,,
546,VIT_19s0090g01050,41,0.0198,Endo-beta-1 4-glucanase,E3_2_1_4,,vv40006Cell_wall,
547,VIT_01s0137g00130,40,0.0194,B-keto acyl reductase,,,,
548,VIT_00s0366g00020,39,0.0190,CRK10 (cysteine-rich RLK10),,,,
549,VIT_17s0000g05070,38,0.0185,Phytochelatin synthetase,E2_3_2_15,,vv10251Glutamate_metabolism,
550,VIT_00s0218g00190<br>VIT_00s0218g00150<br>VIT_00s0218g00200<br>VIT_00s0218g00170,38,0.0184,
551,VIT_13s0139g00340,38,0.0183,R protein MLA10,K13475,,vv34627R_proteins_from_Plant-pathogen_interaction,
552,VIT_06s0004g04140,37,0.0180,Myb domain protein 59,MYB59_1,MYB187,vv60044MYB,
553,VIT_02s0241g00040,37,0.0179,Cyclobutane pyrimidine dimer photolyase,E4_1_99_3,,,
554,VIT_12s0034g02180,37,0.0179,Aminomethyltransferase,E2_1_2_10,,vv10260Glycine_serine_and_threonine_metabolism,vv10670One_carbon_pool_by_folate
555,VIT_15s0048g01750,36,0.0174,fasciclin arabinogalactan-protein (FLA8),FLA8,,vv40006Cell_wall,
556,VIT_00s0475g00020,35,0.0170,Zinc finger (C3HC4-type ring finger),,,,
557,VIT_14s0060g02330,35,0.0170,Actin binding formin homology 1,FH2,,vv44810Regulation_of_actin_cytoskeleton,
558,VIT_02s0236g00120,35,0.0169,Unknown,,,,
559,VIT_00s0271g00110,34,0.0165,flavodoxin-like quinone reductase 1,FQR1,,vv30003Auxin_signaling,
560,VIT_13s0064g01030,33,0.0160,Zinc finger (C3HC4-type ring finger)BIG BROTHER,BIGBROTHER_1,,vv60078Other_zf-C3HC4,
561,VIT_05s0051g00140,33,0.0160,RRS1 (resistant to ralstonia solanacearum 1),RRS1,,vv34627R_proteins_from_Plant-pathogen_interaction,
562,VIT_18s0072g01110,33,0.0159,GASA like,GASAL,,vv30010Gibberellin_signaling,
563,VIT_19s0177g00230,33,0.0159,Unknown,,,,
564,VIT_17s0000g02410,33,0.0159,Cold-induced wall associated kinase,,,,
565,VIT_14s0030g00990,32,0.0155,R protein disease resistance protein,RPROT,,vv34627R_proteins_from_Plant-pathogen_interaction,
566,VIT_16s0039g02230,32,0.0154,UDP-glucose:flavonoid 3-O-glucosyltransferase,E2_4_1_91,,vv10941Flavonoid_biosynthesis,
567,VIT_02s0033g00740,30,0.0147,Kinesin motor,KMOTOR,,vv44810Regulation_of_actin_cytoskeleton,
568,VIT_11s0016g02580,30,0.0146,MAPK activating protein-like,,,,
569,VIT_17s0000g07350,30,0.0145,Exocyst subunit EXO70 E2,EXO70E2,,vv50111Tethering_factors,
570,VIT_08s0058g00690,30,0.0145,WRKY DNA-binding protein 33,WRKY33_3,VvWRKY24,vv34626Plant-pathogen_interaction,vv60066WRKY
571,VIT_16s0039g01070,30,0.0144,Glutathione S-transferase 25 GSTU7,E2_5_1_18_GSTU7,,vv10480Glutathione_metabolism,
572,VIT_18s0001g08760,29,0.0141,No hit,,,,
573,VIT_11s0065g00350,29,0.0140,Trans-cinnamate 4-monooxygenase,E1_14_13_11,,vv10360Phenylalanine_metabolism,vv10940Phenylpropanoid_biosynthesis
574,VIT_01s0011g02320,28,0.0136,Unknown protein,,,,
575,VIT_00s2547g00010,27,0.0131,WRKY DNA-binding protein 21,WRKY21_2,,vv60066WRKY,
576,VIT_14s0060g00460,27,0.0131,Receptor-like protein kinase,,,,
577,VIT_14s0068g01180,27,0.0131,Unknown protein,,,,
578,VIT_02s0033g00910,27,0.0130,Kinesin motor protein,KMOTOR,,vv44810Regulation_of_actin_cytoskeleton,
579,VIT_08s0032g00930,25,0.0120,Fasciclin domain-containing protein FLA17,FLA17,,vv40006Cell_wall,
580,VIT_09s0002g00150,24,0.0116,Strubbelig receptor family 6,,,,
581,VIT_10s0042g01010,23,0.0112,CYP714A1,,,,
582,VIT_17s0000g06360,23,0.0112,Alpha-expansin 3,EXPA3,,vv30003Auxin_signaling,
583,VIT_07s0151g00470,23,0.0111,Leucine-rich repeat family protein,,,,
584,VIT_18s0001g09230,23,0.0111,Salt tolerance zinc finger,STZ_2,,vv60017C2H2,
585,VIT_18s0001g10180,22,0.0105,N-hydroxycinnamoyl/benzoyltransferase 3,,,,
586,VIT_19s0027g00080,21,0.0102,Kinesin motor protein,KMOTOR,,vv44810Regulation_of_actin_cytoskeleton,
587,VIT_16s0013g01080,21,0.0101,Ethylene-responsive transcription factor ERF105,ERF105_9,VvERF086,vv30008Ethylene_signaling,vv60003AP2_EREBP
588,VIT_14s0108g01060,21,0.0101,Pentatricopeptide (PPR) repeat-containing protein,,,,
589,VIT_14s0060g01990,21,0.0101,ATPP2-B15 (Phloem protein 2-B15),,,,
590,VIT_01s0150g00540,21,0.0101,Unknown protein,,,,
591,VIT_07s0005g01720,21,0.0101,No hit,,,,
592,VIT_00s2262g00010,20,0.0097,Low expression of osmotically responsive genes 1,LOS4,,vv50133Primary_active_transporter_cat_A9_to_A18,
593,VIT_06s0004g05660,19,0.0092,Glycosyl transferase family 1 protein,,,,
594,VIT_15s0021g01130,19,0.0092,Rho GTPase; Rho GTP binding protein,E3_6_5_1,,,
595,VIT_06s0080g00560,19,0.0092,Beta-alanine synthase,E3_5_1_53,,vv10220Urea_cycle_and_metabolism_of_amino_groups,
596,VIT_05s0094g00200,19,0.0092,Chitinase class IV,E3_2_1_14,,vv10530Aminosugars_metabolism,
597,VIT_13s0064g00380,18,0.0087,Unknown protein,,,,
598,VIT_17s0000g07340,18,0.0087,Presenilin,K06060,,vv50101Channels_and_pores,
599,VIT_18s0001g05310,18,0.0086,F-box domain containing protein,,,,
600,VIT_10s0003g04240,18,0.0086,Tyrosine decarboxylase,E4_1_1_25,,vv10350Tyrosine_metabolism,vv10950Alkaloid_biosynthesis_I
601,VIT_17s0053g00090,17,0.0082,Accumulation and replication of chloroplasts 6H,ARC6H,,vv44110Cell_cycle,
602,VIT_11s0037g00470,17,0.0082,No hit,,,,
603,VIT_04s0008g06000,17,0.0082,Ethylene-responsive transcription factor ERF003,ERF003_2,VvERF045,vv30008Ethylene_signaling,vv60003AP2_EREBP
604,VIT_12s0055g01110,17,0.0082,LHCB6 (light harvesting complex PSII),K08917,,vv10196Photosynthesis_antenna_proteins,vv50105Transport_electron_carriers
605,VIT_16s0013g01110,17,0.0082,Ethylene-responsive transcription factor 5,ERF5_3,VvERF090,vv30008Ethylene_signaling,vv60003AP2_EREBP
606,VIT_08s0007g08840,16,0.0078,Glycosyl transferaseHGA1,,,,
607,VIT_12s0035g00910,16,0.0078,Bile acid sodium symporter,K03453,,vv50123Porters_cat_18_to_29,
608,VIT_02s0087g00330,16,0.0077,Glycosyl transferase family 1 protein,,,,
609,VIT_09s0002g05950,16,0.0077,Ubiquinol-cytochrome c reductase cytochrome c1,K00413,,vv10190Oxidative_phosphorylation,vv50135Primary_active_transporter_cat_D3_to_E2
610,VIT_01s0011g00380,16,0.0077,SP1L1 (SPIRAL1-like1),,,,
611,VIT_00s0220g00180,16,0.0077,Glycosyl hydrolase family 20 protein,,,,
612,VIT_16s0098g01900,16,0.0077,Pectinesterase family,E3_1_1_11,,vv40006Cell_wall,
613,VIT_18s0001g08710,15,0.0073,BZIP transcription factor BZIP4,BZIP4,VvbZIP44,vv60012BZIP,
614,VIT_08s0007g04950,15,0.0073,Xyloglucan endotransglucosylase/hydrolase 32,E2_4_1_207,,vv40006Cell_wall,
615,VIT_00s0540g00020,15,0.0073,Chitinase  class V,E3_2_1_14,,vv10530Aminosugars_metabolism,
616,VIT_14s0060g01780,15,0.0073,Unknown protein,,,,
617,VIT_19s0090g01280,15,0.0073,Lipid-binding serum glycoprotein family protein,K05399,,vv50101Channels_and_pores,
618,VIT_02s0025g02020,15,0.0072,Abl interactor 3 (ABIL3),,,,
619,VIT_04s0043g00510,15,0.0072,Ethylene-responsive transcription factor ERF003,ERF003_1,,vv30008Ethylene_signaling,vv60003AP2_EREBP
620,VIT_13s0067g02250,15,0.0072,Unknown protein,,,,
621,VIT_14s0068g01760,15,0.0072,Alcohol dehydrogenase,E1_1_1_1,,vv10010Glycolysis,vv10071Fatty_acid_metabolism
622,VIT_13s0067g02890,15,0.0072,Unknown protein,,,,
623,VIT_14s0066g01080,14,0.0068,ADP-ribosylation factor A1B,ARFA1B,,vv50110Protein_coat,
624,VIT_10s0003g00590,14,0.0067,Ethylene-responsive transcription factor ERF091,ERF091,VvERF095,vv30008Ethylene_signaling,vv60003AP2_EREBP
625,VIT_09s0054g00430,13,0.0063,Unknown protein,,,,
626,VIT_08s0056g01130,13,0.0063,Mini zinc finger 2 MIF2,MIF2_2,,vv60068Zf-HD,
627,VIT_07s0104g00220,13,0.0063,Phenazine biosynthesis PhzC/PhzF,K06998,,vv10400Phenylalanine_tyrosine_and_tryptophan_biosynthesis,
628,VIT_14s0060g02440,13,0.0063,Indeterminate(ID)-domain 2,IDD2_5,,vv60017C2H2,
629,VIT_13s0106g00360,13,0.0063,Non-symbiotic hemoglobin class 1,C01708,,vv10860Porphyrin_and_chlorophyll_metabolism,
630,VIT_18s0001g12500,13,0.0063,Unknown protein,,,,
631,VIT_12s0057g00460,13,0.0063,Auxin-responsive protein,AUXREG,,vv30003Auxin_signaling,
632,VIT_10s0042g00190,12,0.0058,No hit,,,,
633,VIT_19s0014g02170,12,0.0058,4-amino-4-deoxychorismate lyase,E4_1_3_38,,vv10790Folate_biosynthesis,
634,VIT_06s0004g00160,12,0.0058,Pentatricopeptide (PPR) repeat-containing protein,,,,
635,VIT_04s0069g01010,12,0.0058,Harpin-induced protein,,,,
636,VIT_06s0009g01140,12,0.0058,Amino acid permease,AAPREL,,vv50123Porters_cat_18_to_29,
637,VIT_06s0004g00220,12,0.0058,Protein kinase APK1B,,,,
638,VIT_14s0081g00060,12,0.0058,Photosystem II reaction centre W (PsbW),K08903,,vv10195Photosynthesis,vv50135Primary_active_transporter_cat_D3_to_E2
639,VIT_01s0010g03310,12,0.0058,Unknown protein,,,,
640,VIT_07s0031g00840,12,0.0058,Unknown protein,,,,
641,VIT_04s0044g00870,12,0.0058,U-box domain containing protein,,,,
642,VIT_18s0122g00420,12,0.0058,Laccase,E1_10_3_2,,vv11000Single_reactions,vv50109Incompletely_characterized_transport_systems
643,VIT_04s0008g01980,11,0.0054,MADS-box agamous-like 30,AGL30_2,,vv60042MADS,
644,VIT_00s0878g00020,11,0.0053,Stachyose synthase precursor,E2_4_1_67,,vv10052Galactose_metabolism,
645,VIT_00s1488g00020,11,0.0053,Glycogen (starch) synthase,E2_4_1_11,,vv10500Starch_and_sucrose_metabolism,
646,VIT_08s0007g00690,11,0.0053,Laccase,E1_10_3_2,,vv11000Single_reactions,vv50109Incompletely_characterized_transport_systems
647,VIT_08s0058g01300,11,0.0053,High-level expression of sugar-inducible like 1,HSL1_2,,vv60001ABI3VP1,
648,VIT_01s0026g00900,11,0.0053,Metalloendoproteinase 1 precursor,,,,
649,VIT_04s0043g00720,10,0.0049,Transketolase,E2_2_1_1,,vv10030Pentose_phosphate,vv10710Carbon_fixation
650,VIT_18s0122g01270,10,0.0049,Protein kinase APK1B,,,,
651,VIT_02s0025g00930,10,0.0048,Multidrug resistance-associated protein 14,MRP14,,vv52010ABC_transporters,
652,VIT_11s0016g01750,10,0.0048,Unknown protein,,,,
653,VIT_12s0059g02110,10,0.0048,Galacturonosyltransferase 10,E2_4_1_43,,vv40006Cell_wall,
654,VIT_16s0148g00170,10,0.0048,Protein binding / zinc ion binding,,,,
655,VIT_14s0030g01360,10,0.0048,Kinesin motor protein,KMOTOR,,vv44810Regulation_of_actin_cytoskeleton,
656,VIT_17s0000g03070,10,0.0048,R protein MLA10,K13475,,vv34627R_proteins_from_Plant-pathogen_interaction,
657,VIT_17s0000g04820,10,0.0048,BSD domain-containing protein,BSDDOM_7,,vv60075Other_BSD,
658,VIT_13s0175g00100,10,0.0048,Sad1/unc-84 protein,,,,
659,VIT_08s0007g00700,10,0.0048,PCS1 (promotion of cell survival1) peptidase,,,,
660,VIT_06s0004g06090,9,0.0044,Diphenol oxidase,E1_10_3_1,,vv10350Tyrosine_metabolism,vv50109Incompletely_characterized_transport_systems
661,VIT_10s0071g01150,9,0.0044,Katanin p80 (WD repeat containing) subunit B 1,KATANINP80B1,,vv44810Regulation_of_actin_cytoskeleton,
662,VIT_06s0004g06140,9,0.0044,Ribosomal protein L4,K02926,,vv23010Ribosome,
663,VIT_08s0007g05940,9,0.0044,Unknown,,,,
664,VIT_03s0038g02010,9,0.0044,Amidase,E3_5_1_4,,vv10220Urea_cycle_and_metabolism_of_amino_groups,vv10360Phenylalanine_metabolism
665,VIT_07s0005g02550,9,0.0044,IAA30,IAA30,,vv30003Auxin_signaling,vv60008AUXIAA
666,VIT_05s0020g02540,9,0.0044,Endo-1 3;1 4-beta-D-glucanase precursor,E3_2_1_73,,,
667,VIT_07s0031g02550,9,0.0044,ABC transporter G member 14,ABCG14,,vv52010ABC_transporters,
668,VIT_04s0008g02640,9,0.0043,PAP/fibrillin family,K06825,,,
669,VIT_18s0089g00220,9,0.0043,RNA recognition motif (RRM)-containing protein,,,,
670,VIT_06s0004g06850,9,0.0043,MAPKKK14,,,,
671,VIT_13s0019g03170,9,0.0043,Heat shock protein 16.9 kDa class I,K13993,,vv24141Protein_processing_in_endoplasmic_reticulum,
672,VIT_05s0029g00040,9,0.0043,Cyclin-dependent kinase inhibitor (KIP-related protein 4),KRP4,,vv44110Cell_cycle,
673,VIT_06s0009g03620,9,0.0043,No hit,,,,
674,VIT_03s0038g02170,9,0.0043,Thaumatin,,,,
675,VIT_04s0008g01270,9,0.0043,Beta-1 3-galactosyltransferase 6,K07819,,vv10602Glycosphingolipid_biosynthesis,
676,VIT_07s0031g00420,9,0.0043,SHN1 (SHINE 1),SHINE1_2,,vv30008Ethylene_signaling,vv60003AP2_EREBP
677,VIT_04s0023g02690,9,0.0043,Beta-galactosidase,E3_2_1_23,,vv10052Galactose_metabolism,vv10511N-Glycan_degradation
678,VIT_00s0179g00260,9,0.0043,Calcium-transporting ATPase 12 ACA12,K01537,,vv34020Calcium_signaling_pathway,vv50131Primary_active_transporter_cat_A2_to_A4
679,VIT_18s0001g11730,8,0.0039,No hit,,,,
680,VIT_08s0007g07670,8,0.0039,NAC domain containing protein 47,NAC047_1,VvNAC60,vv60046NAC,
681,VIT_10s0116g00370,7,0.0034,Unknown protein,,,,
682,VIT_08s0040g01580,7,0.0034,Protein kinase APK1A  chloroplast precursor,,,,
683,VIT_08s0056g00300,7,0.0034,Unknown,,,,
684,VIT_03s0017g01940,7,0.0034,Unknown,,,,
685,VIT_03s0038g02920,7,0.0034,S-adenosyl-methionine-sterol-C-methyltransferase,E2_1_1_143,,vv10100Biosynthesis_of_steroids,
686,VIT_18s0001g11750,6,0.0029,Ribosomal protein S9,K02996,,vv23010Ribosome,
687,VIT_14s0060g01850,6,0.0029,Unknown,,,,
688,VIT_01s0011g03850,6,0.0029,Unknown protein,,,,
689,VIT_16s0050g02750,6,0.0029,Zinc finger (C3HC4-type ring finger),ZFC3HC4_40,,vv60078Other_zf-C3HC4,
690,VIT_18s0072g00890,6,0.0029,Leucine-rich repeat protein kinase,,,,
691,VIT_07s0005g03050,6,0.0029,Deoxyhypusine hydroxylase,E1_14_99_29,,vv10220Urea_cycle_and_metabolism_of_amino_groups,
692,VIT_19s0085g00050,6,0.0029,Myb domain protein 58,MYB58_1,MYB139,vv60044MYB,
693,VIT_19s0014g02350,6,0.0029,Squamosa promoter-binding protein 4 (SPL4),SPL4_1,,vv60055SBP,
694,VIT_19s0014g03640,6,0.0029,Myosin VII,K10359,,vv44810Regulation_of_actin_cytoskeleton,
695,VIT_02s0012g01010,6,0.0029,Leucine-rich repeat,,,,
696,VIT_04s0023g01550,6,0.0029,Unknown,,,,
697,VIT_07s0151g00260,6,0.0029,Quinone-oxidoreductase  Chloroplast,K03956,,vv10190Oxidative_phosphorylation,vv50134Primary_active_transporter_cat_D1
698,VIT_16s0039g02680,6,0.0029,Unknown protein,,,,
699,VIT_16s0100g01130,6,0.0029,Stilbene synthase [Vitis vinifera],E2_3_1_95,,vv10940Phenylpropanoid_biosynthesis,
700,VIT_15s0046g03280,6,0.0029,No hit,,,,
701,VIT_12s0028g02970,6,0.0029,MLO1,K08472,,,
702,VIT_01s0011g00550,6,0.0029,Hydrolase  alpha/beta fold family,,,,
703,VIT_13s0074g00550,6,0.0029,Amino acid transporter family,AAPREL,,vv50123Porters_cat_18_to_29,
704,VIT_07s0031g01490,6,0.0029,RKP (Related to KPC1),K12169,,,
705,VIT_00s0409g00050,6,0.0029,Receptor-like serine-threonine protein kinase,,,,
706,VIT_17s0000g08640,6,0.0029,Unknown protein,,,,
707,VIT_01s0011g04780,6,0.0029,Unknown protein,,,,
708,VIT_08s0056g01240,6,0.0029,No hit,,,,
709,VIT_04s0043g00250,6,0.0029,Nonsense-mediated mRNA decay NMD3,K07562,,vv23008Ribosome_biogenesis_in_Eukaryotes,vv23013RNA_transport
710,VIT_07s0130g00160,6,0.0029,No hit,,,,
711,VIT_10s0003g01020,6,0.0029,Unknown protein,,,,
712,VIT_18s0122g01340,6,0.0029,BTB/POZ domain-containing protein,BTBDOM_3,,vv60093TRAF,
713,VIT_16s0022g00960,6,0.0029,Invertase/pectin methylesterase inhibitor,PMEI,,vv40006Cell_wall,
714,VIT_10s0003g03430,6,0.0029,No hit,,,,
715,VIT_04s0008g01380,6,0.0029,Unknown protein,,,,
716,VIT_02s0012g01380,6,0.0029,No hit,,,,
717,VIT_04s0023g01170,6,0.0029,Unknown protein,,,,
718,VIT_16s0050g00970,6,0.0029,Unknown,,,,
719,VIT_16s0013g00260,6,0.0029,Superoxide dismutase  Fe-Mn family,K04564,,vv44146Peroxisome,
720,VIT_04s0044g01300,6,0.0029,DNA cross-link repair protein,,,,
721,VIT_11s0118g00250,6,0.0029,IMP dehydrogenase/GMP reductase,E1_1_1_205,,vv10230Purine_metabolism,
722,VIT_19s0014g03130,6,0.0029,Stem-specific protein TSJT1,,,,
723,VIT_07s0031g00110,6,0.0029,Unknown protein,,,,
724,VIT_06s0004g01860,6,0.0029,Zinc transporter ZIP3,ZIP3,,vv50121Porters_cat_1_to_6,
725,VIT_18s0001g02100,6,0.0029,Unknown protein,,,,
726,VIT_07s0104g01350,6,0.0029,Integral membrane family protein UPF0497,,,,
727,VIT_15s0046g01450,6,0.0029,Alpha-L-fucosidase,E3_2_1_51,,vv10511N-Glycan_degradation,
728,VIT_16s0022g00310,6,0.0029,EIX receptor 2,K13466,,vv34626Plant-pathogen_interaction,
729,VIT_00s2390g00010,6,0.0029,R protein MLA10,K13475,,vv34627R_proteins_from_Plant-pathogen_interaction,
730,VIT_05s0051g00230,6,0.0029,R protein L6,K13477,,vv34627R_proteins_from_Plant-pathogen_interaction,
731,VIT_19s0014g03510,6,0.0029,ARF GTPase activator  ARF-GAP Domain 5,AGD5,,vv50110Protein_coat,
732,VIT_11s0016g03660,6,0.0029,Glucose transporter 2 plastidic,PGTR2,,vv50121Porters_cat_1_to_6,
733,VIT_19s0014g05140,4,0.0019,R protein disease resistance protein,RPROT,,vv34627R_proteins_from_Plant-pathogen_interaction,
734,VIT_17s0053g00750,4,0.0019,Unknown protein,,,,
735,VIT_18s0041g00260,4,0.0019,R protein  PRF  disease resistance protein,K13453,,vv34627R_proteins_from_Plant-pathogen_interaction,
736,VIT_07s0129g00760,3,0.0015,CYP81E1 Isoflavone 2'-hydroxylase,E1_14_13_89,,vv10943Isoflavonoid_biosynthesis,
737,VIT_14s0006g01580,3,0.0015,Unknown protein,,,,
738,VIT_09s0002g00920,3,0.0015,Lung seven transmembrane receptor,,,,
739,VIT_00s0207g00240,3,0.0015,Tetratricopeptide repeat (TPR)-containing,,,,
740,VIT_06s0080g00760,3,0.0015,Unknown protein,,,,
741,VIT_12s0028g03900,3,0.0015,No hit,,,,
742,VIT_05s0051g00730,3,0.0015,Zinc finger (C3HC4-type ring finger),ZFC3HC4_79,,vv60078Other_zf-C3HC4,
743,VIT_17s0000g02830,3,0.0015,R protein MLA10,K13475,,vv34627R_proteins_from_Plant-pathogen_interaction,
744,VIT_19s0015g01280,3,0.0015,Myb domain protein 103,MYB103_2,MYB80,vv60044MYB,
745,VIT_06s0004g02250,3,0.0015,Unknown protein,,,,
746,VIT_16s0098g01760,3,0.0015,TAP46 (2A phosphatase associated protein of 46 KD),,,,
747,VIT_18s0001g03950,3,0.0015,Pm27 protein,,,,
748,VIT_00s0340g00040,3,0.0015,Beta-hexosaminidase beta chain precursor,E3_2_1_52,,vv10511N-Glycan_degradation,vv10530Aminosugars_metabolism
749,VIT_06s0061g01070,3,0.0015,Oligopeptidase A,E3_4_24_70,,,
750,VIT_14s0068g02330,3,0.0015,Chloride channel protein B,K05393_CLCB,,vv50124Porters_cat_30_to_64,
751,VIT_16s0050g00380,3,0.0015,Tubulin beta-1,K07375,,vv44145Phagosome,vv44810Regulation_of_actin_cytoskeleton
752,VIT_05s0077g01400,3,0.0015,FAR1-related sequence 11,FRS11_2,,vv60071Orphans_far-red,
753,VIT_00s0441g00020<br>VIT_00s0525g00020,3,0.0015,
754,VIT_00s0414g00010,3,0.0015,Cellulose synthase CSLE1,E2_4_1_12_CSLE1,,vv40006Cell_wall,
755,VIT_18s0001g06690,3,0.0015,Gibberellin 20 oxidase 2,E1_14_11_12,,vv10904Diterpenoid_biosynthesis,
756,VIT_14s0006g01340,3,0.0015,Myb domain protein 113,MYB113_1,MYBA5,vv60044MYB,
757,VIT_06s0004g05120,3,0.0015,ARR1 typeB,ARR1_3,,vv30007Cytokinin_signaling,vv60006ARR-B
758,VIT_19s0014g04930,3,0.0015,Germacrene-D synthase,E4_2_3_22,,vv10900Terpenoid_biosynthesis,
759,VIT_13s0175g00210,3,0.0015,NLI interacting factor (NIF),NIF,,vv50132Primary_active_transporter_cat_A5_to_A8,
760,VIT_19s0090g00630,3,0.0015,Tetraacyldisaccharide 4'-kinase,E2_7_1_130,,vv10540Lipopolysaccharide_biosynthesis,
761,VIT_19s0090g00730,3,0.0015,No hit,,,,
762,VIT_02s0025g02600,3,0.0015,Glyoxal oxidase,,,,
763,VIT_01s0011g06030,3,0.0015,Myrosinase precursor,E3_2_1_147,,vv11002Auxin_biosynthesis,
764,VIT_05s0020g03880,3,0.0015,TSO1 (chinese for 'ugly'),TSO1_3,,vv60022CPP,
765,VIT_01s0137g00600,3,0.0015,MAP kinase phosphatase (MKP1),,,,
766,VIT_02s0154g00610,3,0.0015,Pex19 protein,PEX19_2,,vv44146Peroxisome,vv50109Incompletely_characterized_transport_systems
767,VIT_03s0063g00270,3,0.0015,Unknown protein,,,,
768,VIT_19s0177g00340,3,0.0015,Unknown protein,,,,
769,VIT_01s0011g02930,3,0.0015,DNA-binding protein  chloroplast nucleoid,,,,
770,VIT_13s0019g05070,3,0.0015,Nodulin family protein,,,,
771,VIT_08s0058g00880,3,0.0015,Class E vacuolar protein-sorting machinery protein HSE1,HSE1,,vv50111Tethering_factors,
772,VIT_07s0031g01910,3,0.0015,Unknown protein,,,,
773,VIT_17s0053g01050,3,0.0015,Non-symbiotic hemoglobin class 1,C01708,,vv10860Porphyrin_and_chlorophyll_metabolism,
774,VIT_00s0208g00090,3,0.0014,Unknown,,,,
775,VIT_00s0499g00020,3,0.0014,Unknown protein,,,,
776,VIT_09s0070g00170,3,0.0014,No hit,,,,
777,VIT_13s0067g02440,3,0.0014,Haloacid dehalogenase hydrolase,E3_1_3_18,,vv10630Glyoxylate_and_dicarboxylate_metabolism,
778,VIT_12s0034g01090,3,0.0014,Lung seven transmembrane receptor,,,,
779,VIT_08s0007g02810,3,0.0014,Regulator of the ATPase vacuolar RAV2,RAV2,VvRAV5,vv60001ABI3VP1,
780,VIT_05s0020g02530,3,0.0014,MAPK (MPK16),MPK16,,,
781,VIT_08s0007g07640,3,0.0014,NAC domain-containing protein 87,NAC087,VvNAC61,vv60046NAC,
782,VIT_13s0084g00240,3,0.0014,Steroid sulfotransferase,E2_8_2_15,,vv11000Single_reactions,
783,VIT_14s0066g01150,3,0.0014,Cinnamoyl-CoA reductase,E1_2_1_44,,vv10940Phenylpropanoid_biosynthesis,
784,VIT_18s0001g06370,3,0.0014,L-ascorbate peroxidase  chloroplast,E1_11_1_11,,vv10053Ascorbate_and_aldarate_metabolism,
785,VIT_05s0077g02300,3,0.0014,UDP-glucuronic acid decarboxylase 2,E4_1_1_35,,vv10500Starch_and_sucrose_metabolism,vv10520Nucleotide_sugars_metabolism
786,VIT_18s0001g05270,3,0.0014,ERGIC and golgi 3,ERGIC,,vv50109Incompletely_characterized_transport_systems,
787,VIT_11s0118g00230,3,0.0014,ATSYTE/NTMC2T2.1/NTMC2TYPE2.1/SYTE,NTMC2T2_1,,vv50109Incompletely_characterized_transport_systems,
788,VIT_02s0012g01250,3,0.0014,Carnitine/acylcarnitine carrier  Mitochondrial,BOU,,vv50123Porters_cat_18_to_29,
789,VIT_08s0007g04830,3,0.0014,Myb domain protein 27,MYB27,MYB27,vv60044MYB,
790,VIT_18s0001g07600,3,0.0014,Unknown protein,,,,
791,VIT_14s0006g01410,3,0.0014,fructokinase-2,E2_7_1_4,,vv10051Fructose_and_mannose_metabolism,vv10500Starch_and_sucrose_metabolism
792,VIT_05s0020g05040,3,0.0014,Proteinase inhibitor 1 PPI3B2,,,,
793,VIT_10s0003g04080,3,0.0014,Unknown,,,,
794,VIT_17s0000g04360,3,0.0014,Wall-associated kinase 2 (WAK2),,,,
795,VIT_13s0064g00910,3,0.0014,Unknown,,,,
796,VIT_19s0090g00960,3,0.0014,Unknown,,,,
797,VIT_06s0004g04180,3,0.0014,Zinc finger (C2H2 type) protein (ZAT11),ZAT11,,vv60017C2H2,
798,VIT_18s0001g02550,3,0.0014,Delta-aminolevulinic acid dehydratase  chloroplast precursor,E4_2_1_24,,vv10860Porphyrin_and_chlorophyll_metabolism,
799,VIT_01s0011g04080,3,0.0014,Zinc finger (C3HC4-type ring finger),ZFC3HC4_178,,vv60078Other_zf-C3HC4,
800,VIT_03s0063g01450,3,0.0014,VRN1 (reduced vernalization response 1),VRN1_1,,vv30009Flower_development,vv60001ABI3VP1
801,VIT_04s0023g03040,3,0.0014,Lactoylglutathione lyase,E4_4_1_5,,vv10620Pyruvate_metabolism,
802,VIT_07s0151g00450,3,0.0014,Basic helix-loop-helix (bHLH) family,BHLHDOM_13,,vv60011BHLH,
803,VIT_08s0040g01770,3,0.0014,Cyclic nucleotide-gated ion channel 15,K05391_CNGC15,,vv34626Plant-pathogen_interaction,vv50101Channels_and_pores
804,VIT_13s0320g00010,3,0.0014,Lectin,,,,
805,VIT_05s0020g00440,3,0.0014,Boron transporter-like protein 1,BOR1,,vv50124Porters_cat_30_to_64,
806,VIT_01s0011g00780,3,0.0014,Dehydration-responsive protein,,,,
