Vv_m2,2000,1000,VIT_10s0042g00850
rank,node,Fabs,Frel,Functional-annotation,Name-EC-KeggID,Updated-name,Network1,Network2
1,VIT_16s0100g01130,2057,1.0000,Stilbene synthase [Vitis vinifera],E2_3_1_95,,vv10940Phenylpropanoid_biosynthesis,
2,VIT_10s0042g00840,2076,1.0000,Stilbene synthase [Vitis pseudoreticulata],E2_3_1_95,,vv10940Phenylpropanoid_biosynthesis,
3,VIT_09s0002g04720,2070,1.0000,Coatomer protein complex  subunit beta 2,COPB2,,vv50110Protein_coat,
4,VIT_16s0100g01040,2069,1.0000,Stilbene synthase - grape,E2_3_1_95,,vv10940Phenylpropanoid_biosynthesis,
5,VIT_16s0100g01150,2068,1.0000,Stilbene synthase [Vitis vinifera],E2_3_1_95,,vv10940Phenylpropanoid_biosynthesis,
6,VIT_10s0042g00910,2064,1.0000,Stilbene synthase [Vitis pseudoreticulata],E2_3_1_95,,vv10940Phenylpropanoid_biosynthesis,
7,VIT_14s0083g00920,2059,1.0000,No hit,,,,
8,VIT_16s0100g01060,2081,1.0000,Stilbene synthase,E2_3_1_95,,vv10940Phenylpropanoid_biosynthesis,
9,VIT_10s0042g00930<br>VIT_10s0042g00890<br>VIT_10s0042g00870<br>VIT_10s0042g00860<br>VIT_10s0042g00920,2077,1.0000,
10,VIT_07s0005g03220,2077,0.9976,Ethylene-responsive transcription factor ERF098,ERF098_1,VvERF098,vv30008Ethylene_signaling,vv60003AP2_EREBP
11,VIT_14s0083g00900,2051,0.9899,Aspartate aminotransferase,E2_6_1_1,vv10710Carbon_fixation,vv10252Alanine_and_aspartate_metabolism,vv10272Cysteine_metabolism
12,VIT_16s0022g00610,2057,0.9889,Unknown protein,,,,
13,VIT_16s0100g01000,2034,0.9888,Stilbene synthase 4,E2_3_1_95,,vv10940Phenylpropanoid_biosynthesis,
14,VIT_16s0050g00410,2008,0.9752,Photoassimilate-responsive protein PAR-1a,,,,
15,VIT_16s0100g01010<br>VIT_16s0100g00950<br>VIT_16s0100g01030<br>VIT_16s0100g00990,1983,0.9538,
16,VIT_16s0100g00860<br>VIT_16s0100g00940<br>VIT_16s0100g00800<br>VIT_16s0100g00920<br>VIT_16s0100g00930<br>VIT_16s0100g00810<br>VIT_16s0100g00840<br>VIT_16s0100g00850,1950,0.9503,
17,VIT_07s0129g01010,1958,0.9432,Unknown,,,,
18,VIT_16s0100g00880,1940,0.9413,Stilbene synthase [Vitis pseudoreticulata],E2_3_1_95,,vv10940Phenylpropanoid_biosynthesis,
19,VIT_09s0002g05610,1938,0.9371,Unknown,,,,
20,VIT_11s0016g01970,1939,0.9331,Calmodulin-binding region IQD6,,,,
21,VIT_06s0004g00020,1945,0.9329,NAC domain containing protein 32,NAC032,VvNAC44,vv60046NAC,
22,VIT_18s0117g00290,1924,0.9322,Coatomer protein complex  subunit beta 2,COPB2,,vv50110Protein_coat,
23,VIT_09s0054g00910,1931,0.9315,Chaperone BCS1 mitochondrial,K08900,,,
24,VIT_02s0012g01560,1850,0.8998,No hit,,,,
25,VIT_10s0003g03800,1842,0.8950,Jasmonate ZIM domain-containing protein 8,JAZ8_1,,vv30011Jasmonate_signaling,vv60069ZIM
26,VIT_16s0100g01140,1855,0.8918,Stilbene synthase 2,E2_3_1_95,,vv10940Phenylpropanoid_biosynthesis,
27,VIT_16s0050g00430,1850,0.8911,Photoassimilate-responsive protein PAR-1a,,,,
28,VIT_14s0060g00150,1847,0.8888,Nectarin-1NECI,,,,
29,VIT_14s0060g02750<br>VIT_14s0128g00970<br>VIT_14s0128g00990<br>VIT_14s0128g00980<br>VIT_14s0128g01010<br>VIT_14s0128g01030<br>VIT_14s0128g01020<br>VIT_14s0128g01040,1820,0.8852,
30,VIT_00s0410g00040,1835,0.8848,Anthranilate N-benzoyltransferase protein 1,E2_3_1_144,,vv10400Phenylalanine_tyrosine_and_tryptophan_biosynthesis,
31,VIT_10s0042g00880,1823,0.8824,Stilbene synthase [Vitis pseudoreticulata],E2_3_1_95,,vv10940Phenylpropanoid_biosynthesis,
32,VIT_01s0026g00820,1826,0.8775,IAA-amino acid hydrolase 1 (ILR1),K01463,,vv11002Auxin_biosynthesis,
33,VIT_12s0059g01720,1806,0.8679,No hit,,,,
34,VIT_14s0081g00190,1798,0.8673,No hit,,,,
35,VIT_16s0100g00770,1794,0.8637,Stilbene synthase,E2_3_1_95,,vv10940Phenylpropanoid_biosynthesis,
36,VIT_16s0100g00750,1778,0.8606,Stilbene synthase,E2_3_1_95,,vv10940Phenylpropanoid_biosynthesis,
37,VIT_05s0077g01690,1771,0.8547,Pathogenesis protein 10 [Vitis vinifera],,,,
38,VIT_07s0005g01190,1743,0.8453,Unknown protein,,,,
39,VIT_16s0100g00960,1757,0.8427,Stilbene synthase [Vitis pseudoreticulata],E2_3_1_95,,vv10940Phenylpropanoid_biosynthesis,
40,VIT_19s0135g00010,1745,0.8410,Ureide permease 2 (AtUPS2),UPS2,,vv50122Porters_cat_7_to_17,
41,VIT_11s0016g02070,1741,0.8386,Basic helix-loop-helix (bHLH) family,BHLHDOM_63,,vv60011BHLH,
42,VIT_18s0001g10100,1723,0.8340,Ubiquitin-conjugating enzyme E2 I,K10577,,vv23013RNA_transport,vv24120Ubiquitin_mediated_proteolysis
43,VIT_13s0074g00800,1719,0.8328,CCHC-type integrase,,,,
44,VIT_18s0001g01470,1722,0.8299,No hit,,,,
45,VIT_16s0100g01190,1702,0.8246,Stilbene synthase [Vitis vinifera],E2_3_1_95,,vv10940Phenylpropanoid_biosynthesis,
46,VIT_10s0003g01940,1711,0.8238,RKF1 (receptor-like kinase in flowers 1),,,,
47,VIT_18s0001g01960,1688,0.8127,RKF3 (receptor-like kinase IN in flowers 3),,,,
48,VIT_16s0100g01160,1683,0.8127,Stilbene synthase [Vitis vinifera],E2_3_1_95,,vv10940Phenylpropanoid_biosynthesis,
49,VIT_07s0031g01090,1659,0.8073,Ascorbate oxidase,E1_10_3_3,,vv10053Ascorbate_and_aldarate_metabolism,vv50109Incompletely_characterized_transport_systems
50,VIT_08s0058g00690,1666,0.8044,WRKY DNA-binding protein 33,WRKY33_3,VvWRKY24,vv34626Plant-pathogen_interaction,vv60066WRKY
51,VIT_00s0748g00020,1675,0.8037,Receptor kinase RK20-1,,,,
52,VIT_16s0100g00760,1659,0.8014,Stilbene synthase 2 [Vitis sp. cv. 'Norton'],E2_3_1_95,,vv10940Phenylpropanoid_biosynthesis,
53,VIT_16s0039g01240<br>VIT_16s0039g01360<br>VIT_16s0039g01130<br>VITisv_009233<br>VIT_16s0039g01100<br>VIT_00s2508g00010<br>VITisv_032212<br>VIT_16s0039g01120<br>VIT_16s0039g01320<br>VIT_00s2849g00010<br>VIT_16s0039g01300<br>VIT_16s0039g01170<br>VIT_16s0039g01280,1660,0.7988,
54,VIT_02s0025g03300,1646,0.7952,Potassium channel tetramerisation domain-containing protein,KCTREL,,vv50101Channels_and_pores,
55,VIT_00s0301g00090,1625,0.7813,NDA2 (alternative NAD(P)H dehydrogenase 2),K03885,,vv10190Oxidative_phosphorylation,vv50134Primary_active_transporter_cat_D1
56,VIT_17s0000g00640,1612,0.7761,No hit,,,,
57,VIT_09s0002g05360<br>VIT_09s0002g05400<br>VIT_09s0002g05490<br>VIT_09s0002g05590,1598,0.7731,
58,VIT_09s0002g09000,1587,0.7700,No hit,,,,
59,VIT_15s0021g01630,1574,0.7593,Ethylene responsive element binding factor 2,ERF2_1,,vv30008Ethylene_signaling,vv60003AP2_EREBP
60,VIT_07s0104g01160,1569,0.7554,Substrate carrier   Mitochondrial,K03454,,vv50123Porters_cat_18_to_29,
61,VIT_05s0077g00960,1561,0.7534,Ferredoxin 4Fe-4S  iron-sulfur binding,K04755,,,
62,VIT_17s0000g06790,1509,0.7322,flavin-containing monooxygenase,E1_14_13_8,,vv11000Single_reactions,
63,VIT_03s0017g01220,1517,0.7311,Polyadenylate-binding protein 2,K14396,,vv23015mRNA_surveillance_pathway,
64,VIT_03s0063g02650,1493,0.7241,Hydrolase  alpha/beta fold,,,,
65,VIT_10s0042g00590,1486,0.7172,Leucine-rich repeat receptor-like protein kinase 1,,,,
66,VIT_16s0100g01110,1474,0.7135,Resveratrol synthase (RS1),E2_3_1_95,,vv10940Phenylpropanoid_biosynthesis,
67,VIT_09s0002g05470,1459,0.7110,ABC transporter g family pleiotropic drug resistance 12 PDR12,ABCGPDR12,,vv52010ABC_transporters,
68,VIT_16s0100g01200<br>VIT_16s0100g01070,1443,0.7015,
69,VIT_03s0017g00650,1454,0.6994,GTP cyclohydrolase II,E3_5_4_25,,vv10740Riboflavin_metabolism,
70,VIT_19s0027g00870,1431,0.6937,NAC domain-containing protein 42,NAC042_3,VvNAC30,vv60046NAC,
71,VIT_09s0002g05370,1426,0.6892,ABC transporter g family pleiotropic drug resistance 12 PDR12,ABCGPDR12,,vv52010ABC_transporters,
72,VIT_16s0100g00050,1420,0.6890,Protein kinase,,,,
73,VIT_19s0015g02040,1405,0.6804,UDP-galactose transporter 6,UTR6,,vv50122Porters_cat_7_to_17,
74,VIT_17s0000g04370,1397,0.6798,Wall-associated kinase,,,,
75,VIT_16s0100g00830<br>VIT_16s0100g01120<br>VIT_16s0100g00780<br>VIT_16s0100g00910,1378,0.6680,
76,VIT_09s0002g05540,1357,0.6587,ABC transporter g family pleiotropic drug resistance 12 PDR12,ABCGPDR12,,vv52010ABC_transporters,
77,VIT_19s0027g00860,1357,0.6584,NAC domain-containing protein 42,NAC042_2,VvNAC31,vv60046NAC,
78,VIT_11s0078g00290,1344,0.6508,Cinnamate 4-hydroxylase,E1_14_13_11,,vv10360Phenylalanine_metabolism,vv10940Phenylpropanoid_biosynthesis
79,VIT_04s0069g00470,1349,0.6482,No hit,,,,
80,VIT_11s0016g03770,1298,0.6289,Dynein light chain LC6  flagellar outer arm,K10418,,vv44810Regulation_of_actin_cytoskeleton,
81,VIT_06s0004g00230,1298,0.6286,WRKY DNA-binding protein 48,WRKY48_2,VvWRKY15,vv60066WRKY,
82,VIT_00s0252g00080,1289,0.6257,Ribosomal protein S4,K02986,,vv23010Ribosome,
83,VIT_13s0019g04060,1282,0.6241,MLO1,K08472,,,
84,VIT_01s0010g02350,1289,0.6230,Protein phosphatase 2 (formerly 2A)  regulatory subunit B',K11584,,vv23015mRNA_surveillance_pathway,
85,VIT_14s0030g02010,1277,0.6214,Auxin-induced protein PCNT115,AUXREG,,vv30003Auxin_signaling,
86,VIT_14s0060g02710,1272,0.6184,Germin,,,,
87,VIT_11s0065g00350,1271,0.6170,Trans-cinnamate 4-monooxygenase,E1_14_13_11,,vv10360Phenylalanine_metabolism,vv10940Phenylpropanoid_biosynthesis
88,VIT_03s0038g03530,1277,0.6163,LYS/HIS transporter 7,LHT7,,vv50123Porters_cat_18_to_29,
89,VIT_00s0226g00100,1266,0.6134,Regulator of chromosome condensation (RCC1),RCC1,,vv50112Nuclear_pore_complex,
90,VIT_00s0409g00010,1268,0.6132,Receptor kinase RK20-1,,,,
91,VIT_01s0011g00380,1259,0.6103,SP1L1 (SPIRAL1-like1),,,,
92,VIT_18s0001g05410,1264,0.6095,No hit,,,,
93,VIT_05s0077g01600,1246,0.6025,Pathogenesis protein 10 [Vitis vinifera],,,,
94,VIT_14s0060g02760,1245,0.6020,Germin-like protein 3 [Vitis vinifera],,,,
95,VIT_05s0077g01530,1237,0.5982,Pathogenesis protein 10 [Vitis vinifera],,,,
96,VIT_07s0005g04330,1231,0.5973,Blight-associated protein p12 precursor,,,,
97,VIT_02s0236g00120,1232,0.5969,Unknown,,,,
98,VIT_10s0003g04910,1196,0.5792,Sinapyl alcohol dehydrogenase,E1_1_1_195,,vv10940Phenylpropanoid_biosynthesis,
99,VIT_13s0064g01110,1191,0.5782,No hit,,,,
100,VIT_18s0117g00300,1195,0.5781,Coatomer protein complex  subunit beta 2,COPB2,,vv50110Protein_coat,
101,VIT_00s0347g00070,1192,0.5761,S-locus lectin protein kinase,,,,
102,VIT_18s0001g04490,1182,0.5755,Germacrene-D synthase,E4_2_3_22,,vv10900Terpenoid_biosynthesis,
103,VIT_11s0103g00280,1184,0.5745,No hit,,,,
104,VIT_18s0001g10200<br>VIT_18s0001g10230,1179,0.5690,
105,VIT_13s0064g01100,1183,0.5688,No hit,,,,
106,VIT_15s0046g02620,1181,0.5675,Beta-amylase 9 BMY9,E3_2_1_2,,vv10500Starch_and_sucrose_metabolism,
107,VIT_16s0100g01100,1161,0.5598,Stilbene synthase,E2_3_1_95,,vv10940Phenylpropanoid_biosynthesis,
108,VIT_18s0001g04640,1151,0.5571,No hit,,,,
109,VIT_12s0035g01510<br>VIT_00s0174g00240,1152,0.5568,
110,VIT_14s0068g01250,1153,0.5565,Mitochondrial phosphate transporter,MPHOSPTR,,vv50123Porters_cat_18_to_29,
111,VIT_19s0014g04080,1157,0.5563,Serine/threonine-protein kinase receptor ARK3,,,,
112,VIT_07s0104g00170,1142,0.5520,Glutamine synthetase,E6_3_1_2,,vv10251Glutamate_metabolism,vv10550Peptidoglycan_biosynthesis
113,VIT_11s0016g00570,1136,0.5475,Dimethylaniline monooxygenase (N-oxide forming) 2,E1_14_13_8,,vv11000Single_reactions,
114,VIT_05s0077g01550,1122,0.5444,Pathogenesis protein 10.3 [Vitis quinquangularis],,,,
115,VIT_07s0005g05780,1122,0.5428,Pantoate--beta-alanine ligase,E6_3_2_1,,vv10410Beta-alanine_metabolism,vv10770Pantothenate_and_CoA_biosynthesis
116,VIT_05s0077g01590,1114,0.5384,Major allergen Mal d 1,,,,
117,VIT_18s0001g15150,1107,0.5353,Unknown protein,,,,
118,VIT_08s0007g00620,1103,0.5349,Zinc finger (DHHC type),ZFDHHC_8,,vv60079Other_zf-DHHC,
119,VIT_06s0004g01630,1115,0.5348,Transcription factor jumonji (jmjC) domain-containing protein,JMJD5,,vv60038Jumonji,
120,VIT_16s0050g02020<br>VIT_16s0050g02030,1106,0.5346,
121,VIT_05s0020g03410,1104,0.5313,Aspartate aminotransferase,E2_6_1_1,vv10710Carbon_fixation,vv10252Alanine_and_aspartate_metabolism,vv10272Cysteine_metabolism
122,VIT_17s0000g04360,1097,0.5312,Wall-associated kinase 2 (WAK2),,,,
123,VIT_05s0062g00790,1108,0.5296,NSL1 (necrotic spotted lesions 1),,,,
124,VIT_15s0048g01350,1092,0.5296,Gibberellin receptor GID1L3,GID1C,,vv30010Gibberellin_signaling,
125,VIT_14s0128g00940,1085,0.5252,No hit,,,,
126,VIT_02s0109g00430,1096,0.5252,Nitrilase 4 (NIT4),K13035,,vv10910Nitrogen_metabolism,
127,VIT_15s0021g01260,1076,0.5249,Unknown,,,,
128,VIT_03s0063g00820,1089,0.5243,Carboxyesterase 12; CXE12,E3_1_1_1,,,
129,VIT_05s0077g01660,1084,0.5242,Major allergen protein homolog,,,,
130,VIT_06s0004g01670,1078,0.5233,UDP-glucoronosyl and UDP-glucosyl transferase,,,,
131,VIT_16s0050g02510,1079,0.5215,WRKY DNA-binding protein 53,WRKY53_1,VvWRKY51,vv60066WRKY,
132,VIT_05s0077g01570,1068,0.5212,Pathogenesis protein 10 [Vitis vinifera],,,,
133,VIT_06s0004g01010,1077,0.5203,Dirigent protein pDIR9,,,,
134,VIT_01s0026g01140,1070,0.5187,ZCW32 (BIGPETAL  BIGPETALUB),ZCW32_2,,vv60011BHLH,
135,VIT_19s0015g01100,1061,0.5113,Peptidyl-prolyl cis-trans isomerase  FKBP-type,K01802,,,
136,VIT_07s0005g02660,1045,0.5080,ABC transporter B member 13,ABCB13,,vv52010ABC_transporters,
137,VIT_09s0002g05600,1052,0.5077,ABC transporter g family pleiotropic drug resistance 12 PDR12,ABCGPDR12,,vv52010ABC_transporters,
138,VIT_00s0181g00170,1032,0.5002,F-box family protein,,,,
139,VIT_04s0023g01170,1024,0.4952,Unknown protein,,,,
140,VIT_01s0010g03860,1019,0.4947,Unknown,,,,
141,VIT_18s0001g00420,1014,0.4934,Laccase,E1_10_3_2,,vv11000Single_reactions,vv50109Incompletely_characterized_transport_systems
142,VIT_12s0028g03920,1021,0.4916,Ankyrin repeat,K10380,,vv50108Accessory_factors_involved_in_transport,
143,VIT_09s0002g06950,1004,0.4900,ABC transporter g family pleiotropic drug resistance 12 PDR12,ABCGPDR12,,vv52010ABC_transporters,
144,VIT_12s0055g00020,1011,0.4879,UDP-glucose glucosyltransferase,E2_4_1_35,,vv10500Starch_and_sucrose_metabolism,
145,VIT_07s0104g00220,999,0.4857,Phenazine biosynthesis PhzC/PhzF,K06998,,vv10400Phenylalanine_tyrosine_and_tryptophan_biosynthesis,
146,VIT_12s0055g00110,1008,0.4855,Unknown,,,,
147,VIT_17s0000g03100,1005,0.4848,Protein phosphatase 2C,E3_1_3_16,,,
148,VIT_00s0420g00030,1006,0.4846,S-locus lectin protein kinase,,,,
149,VIT_09s0002g07950,996,0.4819,No hit,,,,
150,VIT_12s0121g00300,993,0.4792,Brassinosteroid insensitive 1-associated receptor kinase 1,BAK1,,vv30005Brassinosteroids_signaling,vv34626Plant-pathogen_interaction
151,VIT_05s0020g03690<br>VIT_05s0020g03710,985,0.4777,
152,VIT_15s0024g01720,982,0.4751,TIR-NBS-LRR type R protein 7,,,,
153,VIT_16s0050g02060,969,0.4708,Receptor kinase homolog LRK10,,,,
154,VIT_18s0001g00840,969,0.4686,Syringolide-induced protein 14-1-1,,,,
155,VIT_03s0088g00720,961,0.4649,Pathogenesis-related protein 1 precursor (PRP 1),PRP1,,vv30011Jasmonate_signaling,vv34626Plant-pathogen_interaction
156,VIT_09s0002g05390,952,0.4621,ABC transporter g family pleiotropic drug resistance 12 PDR12,ABCGPDR12,,vv52010ABC_transporters,
157,VIT_07s0141g00890,951,0.4601,CYP94A1,,,,
158,VIT_07s0031g03060,946,0.4572,NSL1 (necrotic spotted lesions 1),,,,
159,VIT_04s0044g00230,944,0.4571,Monooxygenase (MO2),,,,
160,VIT_08s0007g05950,956,0.4570,Purple acid phosphatase 16 ATPAP16/PAP16,E3_1_3_2,,vv10740Riboflavin_metabolism,
161,VIT_03s0091g00150,940,0.4565,NtPRp27 secretory protein,,,,
162,VIT_13s0019g03990,944,0.4563,Unknown protein,,,,
163,VIT_01s0011g00530,939,0.4538,Ureide permease 2 (AtUPS2),UPS2,,vv50122Porters_cat_7_to_17,
164,VIT_06s0004g01020,933,0.4518,Dirigent protein,,,,
165,VIT_05s0020g02730,928,0.4516,Nectarin IV NEC4,,,,
166,VIT_03s0017g01990,935,0.4515,UDP-glucose glucosyltransferase,E2_4_1_35,,vv10500Starch_and_sucrose_metabolism,
167,VIT_16s0100g00870,931,0.4498,No hit,,,,
168,VIT_05s0077g01680,911,0.4431,Mal d 1 allergen,,,,
169,VIT_17s0053g00460,912,0.4402,Pinoresinol-lariciresinol reductase,PLR,,vv10940Phenylpropanoid_biosynthesis,
170,VIT_01s0146g00480,892,0.4320,TIFY 9 (Jasmonate ZIM domain-containing protein 10),JAZ10,,vv30011Jasmonate_signaling,vv60069ZIM
171,VIT_14s0068g00890,888,0.4306,Mitochondrial substrate carrier family protein,K03454,,vv50123Porters_cat_18_to_29,
172,VIT_00s0347g00120,887,0.4304,S-locus lectin protein kinase,,,,
173,VIT_01s0113g00400,884,0.4277,No hit,,,,
174,VIT_00s0250g00090,873,0.4215,Oxidoreductase  2OG-Fe(II) oxygenase,,,,
175,VIT_03s0017g02120,864,0.4192,UDP-glucose flavonoid 3-O-glucosyltransferase 2,E2_4_1_91,,vv10941Flavonoid_biosynthesis,
176,VIT_05s0094g00170,862,0.4158,Protein transport protein Sec61 subunit beta,K09481,,vv23060Protein_export,vv24141Protein_processing_in_endoplasmic_reticulum
177,VIT_18s0001g04280,858,0.4157,(-)-germacrene D synthase,E4_2_3_22,,vv10900Terpenoid_biosynthesis,
178,VIT_05s0094g00160,850,0.4102,No hit,,,,
179,VIT_03s0091g00140,847,0.4100,Plant basic secretory protein (BSP) family,,,,
180,VIT_05s0020g04280,832,0.4039,Ca2+-ATPase 13 ACA13  plasma membrane,K01537,,vv34020Calcium_signaling_pathway,vv50131Primary_active_transporter_cat_A2_to_A4
181,VIT_00s0233g00170,832,0.4023,flavin-containing monooxygenase 3,E1_14_13_8,,vv11000Single_reactions,
182,VIT_19s0090g00080,838,0.4019,Ubiquitin-conjugating enzyme E2 variant,K10704,,,
183,VIT_06s0004g01030,824,0.3981,Dirigent protein,,,,
184,VIT_19s0085g00460,820,0.3969,No hit,,,,
185,VIT_12s0028g02730,818,0.3946,AarF domain-containing kinase ABC1,K08869,,,
186,VIT_18s0001g10180,815,0.3939,N-hydroxycinnamoyl/benzoyltransferase 3,,,,
187,VIT_06s0004g06310,808,0.3928,Ribosomal protein P0 (RPP0A) acidic 60S,K02941,,vv23010Ribosome,
188,VIT_10s0071g00170,807,0.3897,Phosphatidylinositol 3- and 4-kinase / ubiquitin,,,,
189,VIT_02s0012g02920,799,0.3851,Acyl-CoA oxidase ACX3,E1_3_3_6_ACX3,,vv10071Fatty_acid_metabolism,vv10592Alpha-linolenic_acid_metabolism
190,VIT_15s0048g00360,790,0.3818,5-enolpyruvylshikimate 3-phosphate synthase,E2_5_1_19,,vv10400Phenylalanine_tyrosine_and_tryptophan_biosynthesis,
191,VIT_00s0762g00010,784,0.3784,S-locus lectin protein kinase family,,,,
192,VIT_15s0024g00510,775,0.3768,No hit,,,,
193,VIT_00s0437g00060,778,0.3753,Receptor kinase RK20-1,,,,
194,VIT_16s0115g00090,778,0.3753,No hit,,,,
195,VIT_19s0027g01370,777,0.3748,Glutathione transferase microsomal,E2_5_1_18,,vv10480Glutathione_metabolism,
196,VIT_12s0057g00260,769,0.3720,External rotenone-insensitive NADPH dehydrogenase,K03885,,vv10190Oxidative_phosphorylation,vv50134Primary_active_transporter_cat_D1
197,VIT_14s0171g00490,767,0.3714,Glucose-6-phosphate 1-dehydrogenase  cytoplasmic isoform,E1_1_1_49,,vv10030Pentose_phosphate,vv10480Glutathione_metabolism
198,VIT_13s0156g00570,767,0.3712,S-receptor kinase,,,,
199,VIT_01s0146g00320,764,0.3705,No hit,,,,
200,VIT_11s0016g01470,761,0.3676,Lecithine cholesterol acyltransferase,E2_3_1_43,,vv10564Glycerophospholipid_metabolism,
201,VIT_18s0164g00140,755,0.3635,No hit,,,,
202,VIT_18s0001g05760,749,0.3629,No hit,,,,
203,VIT_04s0008g01470,755,0.3626,WRKY DNA-binding protein 50,WRKY50,VvWRKY06,vv60066WRKY,
204,VIT_17s0119g00070,750,0.3611,Unknown protein,,,,
205,VIT_00s0294g00080,748,0.3610,Receptor kinase homolog LRK10,,,,
206,VIT_10s0116g00070,752,0.3603,Unknown,,,,
207,VIT_04s0023g01970,745,0.3582,Aldose 1-epimerase,E5_1_3_3,,vv10010Glycolysis,
208,VIT_17s0000g10480,738,0.3581,Protein kinase beta-1 subunit 5'-AMP-activated,K07199,,vv10061Fatty_acid_biosynthesis,vv10620Pyruvate_metabolism
209,VIT_15s0046g02170,719,0.3485,3-methyl-2-oxobutanoate hydroxy-methyl-transferase,E2_1_2_11,,vv10770Pantothenate_and_CoA_biosynthesis,
210,VIT_02s0025g02930,722,0.3483,Caffeic acid O-3-methyltransferase,E2_1_1_68,,vv10940Phenylpropanoid_biosynthesis,
211,VIT_06s0004g01570,720,0.3468,No hit,,,,
212,VIT_00s2648g00010,716,0.3464,FAD-dependent pyridine nucleotide-disulphide oxidoreductase,,,,
213,VIT_00s1463g00010,712,0.3435,Protease Do-like 5,,,,
214,VIT_05s0051g00140,709,0.3428,RRS1 (resistant to ralstonia solanacearum 1),RRS1,,vv34627R_proteins_from_Plant-pathogen_interaction,
215,VIT_01s0026g02670,707,0.3411,No hit,,,,
216,VIT_10s0003g04080,704,0.3398,Unknown,,,,
217,VIT_15s0045g01190,702,0.3385,Retrotransposon protein  Unclassified,,,,
218,VIT_08s0040g01710,695,0.3367,Phenylalanine ammonia-lyase,E4_3_1_5,,vv10350Tyrosine_metabolism,vv10360Phenylalanine_metabolism
219,VIT_09s0002g09110,684,0.3332,No hit,,,,
220,VIT_19s0014g05110,686,0.3308,Unknown,,,,
221,VIT_02s0025g03690,684,0.3303,RNA-binding protein NOB1,K11883,,vv23008Ribosome_biogenesis_in_Eukaryotes,
222,VIT_03s0017g02190,682,0.3299,ZIP family transporter,ZIP1,,vv50121Porters_cat_1_to_6,
223,VIT_03s0088g00690,679,0.3299,Pathogenesis-related protein 1 precursor (PRP 1),PRP1,,vv30011Jasmonate_signaling,vv34626Plant-pathogen_interaction
224,VIT_09s0002g06060,681,0.3282,U3 small nucleolar RNA-associated protein 5,K14546,,vv23008Ribosome_biogenesis_in_Eukaryotes,
225,VIT_07s0031g02520,676,0.3274,Unknown protein,,,,
226,VIT_09s0002g06780,678,0.3266,Unknown protein,,,,
227,VIT_16s0050g00480,668,0.3251,CYP715A1,,,,
228,VIT_10s0042g00700,665,0.3230,Leucine-rich repeat receptor-like protein kinase 1,,,,
229,VIT_11s0016g03080,665,0.3216,Clavata1 receptor kinase (CLV1),,,,
230,VIT_00s2659g00010,660,0.3196,CRK10 (cysteine-rich RLK10),,,,
231,VIT_03s0088g00450,658,0.3188,FKBP12-rapamycin complex-associated protein,K07203,,vv34150mTOR_signaling_pathway,
232,VIT_19s0015g00300,657,0.3185,KCO1 (two pore K channel),K05389_KCO1,,vv50101Channels_and_pores,
233,VIT_12s0034g01020,660,0.3165,Ribosomal protein L18,K02881,,vv23010Ribosome,
234,VIT_03s0088g00700,646,0.3134,Pathogenesis related protein 1 precursor (pr1 gene),PRP1,,vv30011Jasmonate_signaling,vv34626Plant-pathogen_interaction
235,VIT_09s0002g04150,638,0.3108,Isochorismatase protein rutB,E3_3_2_1,,vv10130Ubiquinone_biosynthesis,
236,VIT_10s0116g00350,639,0.3093,Unknown protein,,,,
237,VIT_01s0150g00450,632,0.3022,Respiratory burst oxidase protein D (RBOHD),RBOHD,,vv34626Plant-pathogen_interaction,vv50105Transport_electron_carriers
238,VIT_07s0031g01660,625,0.3016,CYP86A2,,,,
239,VIT_00s1212g00020,611,0.2959,Laccase,E1_10_3_2,,vv11000Single_reactions,vv50109Incompletely_characterized_transport_systems
240,VIT_19s0014g00830,609,0.2942,RKF1 (receptor-like kinase in flowers 1),,,,
241,VIT_18s0075g00830,603,0.2900,Laccase,E1_10_3_2,,vv11000Single_reactions,vv50109Incompletely_characterized_transport_systems
242,VIT_09s0096g00850,597,0.2899,Glycosyl hydrolase family 28 protein,,,,
243,VIT_13s0156g00590,595,0.2888,S-receptor kinase,,,,
244,VIT_12s0059g01380,589,0.2866,1-aminocyclopropane-1-carboxylate oxidase 1,E1_14_17_4,,vv10640Propanoate_metabolism,vv30008Ethylene_signaling
245,VIT_01s0026g00210,589,0.2865,Aldehyde dehydrogenase (NAD+),E1_2_1_3,vv10561Glycerolipid_metabolism,vv10010Glycolysis,vv10071Fatty_acid_metabolism
246,VIT_10s0116g01820,591,0.2840,Unknown protein,,,,
247,VIT_18s0001g10240,582,0.2825,N-hydroxycinnamoyl/benzoyltransferase 6,,,,
248,VIT_18s0075g00410,585,0.2807,Sucrose-phosphate synthase - like protein,E2_4_1_14,,vv10500Starch_and_sucrose_metabolism,
249,VIT_07s0031g01120,574,0.2770,Ascorbate oxidase,E1_10_3_3,,vv10053Ascorbate_and_aldarate_metabolism,vv50109Incompletely_characterized_transport_systems
250,VIT_05s0049g01200,578,0.2767,S-locus lectin protein kinase,,,,
251,VIT_06s0004g01990,569,0.2745,No hit,,,,
252,VIT_05s0029g01050,565,0.2726,No hit,,,,
253,VIT_17s0000g05410,560,0.2717,Galactosyltransferase,E2_4_x_x,,,
254,VIT_18s0001g03150,554,0.2701,Cation transport protein chaC,K07232,,vv50109Incompletely_characterized_transport_systems,
255,VIT_19s0014g01530,554,0.2671,Protein kinase,,,,
256,VIT_06s0009g02560,553,0.2655,Pectinesterase family,E3_1_1_11,,vv40006Cell_wall,
257,VIT_12s0055g01240,546,0.2648,P-glycoprotein 11,PGP11,,vv52010ABC_transporters,
258,VIT_18s0001g01100,547,0.2637,KOW domain-containing factor family protein,KOWDOM,,,
259,VIT_18s0086g00630,543,0.2632,Unknown,,,,
260,VIT_18s0117g00050,537,0.2603,R protein L6,K13477,,vv34627R_proteins_from_Plant-pathogen_interaction,
261,VIT_08s0040g01860,537,0.2597,Unknown protein,,,,
262,VIT_04s0023g02280,537,0.2582,S-adenosyl-L-methionine:salicylic acid carboxyl methyltransferase,SAMTBSCMT,,vv10360Phenylalanine_metabolism,
263,VIT_07s0005g04320,532,0.2578,No hit,,,,
264,VIT_09s0002g05430,530,0.2567,ABC transporter g family pleiotropic drug resistance 12 PDR12,ABCGPDR12,,vv52010ABC_transporters,
265,VIT_12s0057g01410,528,0.2545,Exostosin,K02366,,vv11030Glycan_structures-biosynthesis1,
266,VIT_01s0011g03850,523,0.2522,Unknown protein,,,,
267,VIT_08s0105g00200,518,0.2492,U-box domain-containing protein,,,,
268,VIT_12s0134g00100,511,0.2479,Ribosomal protein L8 (RPL8C) 60S,K02938,,vv23010Ribosome,
269,VIT_00s0480g00030,505,0.2446,Polyphenol oxidase,E1_10_3_1,,vv10350Tyrosine_metabolism,vv50109Incompletely_characterized_transport_systems
270,VIT_00s0369g00010,506,0.2426,No hit,,,,
271,VIT_17s0000g06220,496,0.2400,Exostosin,K02366,,vv11030Glycan_structures-biosynthesis1,
272,VIT_17s0000g03370,493,0.2390,Calmodulin-binding protein,K02183,,vv34020Calcium_signaling_pathway,vv34626Plant-pathogen_interaction
273,VIT_07s0031g01130,485,0.2356,Ascorbate oxidase,E1_10_3_3,,vv10053Ascorbate_and_aldarate_metabolism,vv50109Incompletely_characterized_transport_systems
274,VIT_00s0160g00220,488,0.2351,Unknown protein,,,,
275,VIT_04s0008g05350,488,0.2346,Serine hydrolase [Vitis vinifera],E4_3_1_18,,vv10260Glycine_serine_and_threonine_metabolism,
276,VIT_06s0004g01000,485,0.2342,Dirigent protein,,,,
277,VIT_01s0026g01220,478,0.2315,No hit,,,,
278,VIT_00s0282g00010,479,0.2312,Methionine sulfoxide reductase,E1_8_4_11,,vv10271Methionine_metabolism,
279,VIT_07s0005g02050,470,0.2269,Carboxylic ester hydrolase,E3_1_1_1,,,
280,VIT_18s0001g15130,463,0.2232,WD40 repeat protein,,,,
281,VIT_03s0088g00750,464,0.2232,Pathogenesis related protein 1 precursor [Vitis vinifera],PRP1,,vv30011Jasmonate_signaling,vv34626Plant-pathogen_interaction
282,VIT_14s0068g01770,460,0.2224,WRKY DNA-binding protein 75,WRKY75_2,VvWRKY43,vv60066WRKY,
283,VIT_14s0060g00010,458,0.2215,Ribosomal protein L21,K02888,,vv23010Ribosome,
284,VIT_07s0031g02420,452,0.2169,F-box domain containing protein,,,,
285,VIT_18s0086g00620,447,0.2157,Unknown,,,,
286,VIT_18s0001g12820,447,0.2147,Dihydroflavonol 4-reductase,E1_1_1_219,,vv10941Flavonoid_biosynthesis,
287,VIT_09s0002g05560,439,0.2123,ABC transporter g family pleiotropic drug resistance 12 PDR12,ABCGPDR12,,vv52010ABC_transporters,
288,VIT_10s0071g00230,434,0.2098,HcrVf1 protein,,,,
289,VIT_12s0057g00420,434,0.2098,Auxin-responsive protein AIR12,AIR12,,vv30003Auxin_signaling,
290,VIT_00s0183g00180,431,0.2091,No hit,,,,
291,VIT_14s0068g01300,428,0.2076,Serine palmitoyltransferase,E2_3_1_50,,vv10600Sphingolipid_metabolism,
292,VIT_18s0075g00810,420,0.2032,Laccase,E1_10_3_2,,vv11000Single_reactions,vv50109Incompletely_characterized_transport_systems
293,VIT_12s0035g02210,417,0.2027,Unknown protein,,,,
294,VIT_05s0077g01560,421,0.2024,Pathogenesis protein 10.3 [Vitis quinquangularis],,,,
295,VIT_09s0018g00220,416,0.2017,No hit,,,,
296,VIT_18s0117g00080,420,0.2017,R protein L6,K13477,,vv34627R_proteins_from_Plant-pathogen_interaction,
297,VIT_14s0219g00070,417,0.2014,Zinc finger (C2H2 type) family,C2H2FAM_25,,vv60017C2H2,
298,VIT_09s0002g05170,406,0.1963,Unknown protein,,,,
299,VIT_00s0347g00050,405,0.1958,Ser/Thr receptor-like kinase1,,,,
300,VIT_00s0211g00050,404,0.1952,Protein BRICK1 (AtBRK1),K05752,,vv44810Regulation_of_actin_cytoskeleton,
301,VIT_18s0122g00690,400,0.1932,Laccase,E1_10_3_2,,vv11000Single_reactions,vv50109Incompletely_characterized_transport_systems
302,VIT_07s0104g01670,401,0.1929,HAK5 (High affinity K+ transporter 5),HAK5,,vv50125Porters_cat_66_to_94,
303,VIT_10s0116g01480,398,0.1927,2-oxoglutarate dehydrogenase E2 subunit,E1_2_4_2,,vv10020Citrate_cycle,vv10380Tryptophan_metabolism
304,VIT_09s0002g05830,392,0.1907,RPS5 (resistant to p. syringae 5),K13460,,vv34627R_proteins_from_Plant-pathogen_interaction,
305,VIT_05s0102g00200,391,0.1899,Unknown protein,,,,
306,VIT_02s0234g00080,391,0.1889,Enoyl-CoA hydratase/isomerase,E4_2_1_17,,vv10062Fatty_acid_elongation_in_mitochondria,vv10071Fatty_acid_metabolism
307,VIT_04s0044g00120,387,0.1880,Kinase,,,,
308,VIT_18s0117g00040,386,0.1871,No hit,,,,
309,VIT_01s0137g00080,386,0.1869,Aldehyde dehydrogenase (NAD+),E1_2_1_3,vv10561Glycerolipid_metabolism,vv10010Glycolysis,vv10071Fatty_acid_metabolism
310,VIT_07s0005g03340,383,0.1864,Myb domain protein 14,MYB14_2,MYB14,vv60044MYB,
311,VIT_01s0011g04780,385,0.1860,Unknown protein,,,,
312,VIT_04s0044g00040,382,0.1847,Dirigent,,,,
313,VIT_11s0052g00220,379,0.1845,Unknown protein,,,,
314,VIT_10s0042g00480,380,0.1843,ABC transporter g family pleiotropic drug resistance 12 PDR12,ABCGPDR12,,vv52010ABC_transporters,
315,VIT_09s0054g01260,379,0.1838,No hit,,,,
316,VIT_12s0059g02290,376,0.1833,Unknown protein,,,,
317,VIT_06s0061g01290,378,0.1832,No hit,,,,
318,VIT_12s0057g01260,380,0.1832,Unknown protein,,,,
319,VIT_07s0005g02560,370,0.1806,Chitinase Class I,E3_2_1_14,,vv10530Aminosugars_metabolism,
320,VIT_05s0029g00320,374,0.1804,Unknown,,,,
321,VIT_12s0142g00550,374,0.1799,R protein L6,K13477,,vv34627R_proteins_from_Plant-pathogen_interaction,
322,VIT_14s0081g00110,369,0.1794,Pentatricopeptide (PPR) repeat-containing,,,,
323,VIT_14s0108g00890,370,0.1792,Beta-1 3-galactosyltransferase,K07819,,vv10602Glycosphingolipid_biosynthesis,
324,VIT_00s0612g00010,365,0.1772,Phospholipase/carboxylesterase,E3_1_1_1,,,
325,VIT_09s0054g00580<br>VIT_09s0054g00570,364,0.1762,
326,VIT_05s0020g03290,361,0.1735,S-receptor kinase,,,,
327,VIT_00s0194g00360,357,0.1725,Histone H2A.4 HTA12,H2A4,,,
328,VIT_14s0036g01330,352,0.1708,No hit,,,,
329,VIT_07s0005g04040,351,0.1683,Leucine Rich Repeat receptor-like kinase,,,,
330,VIT_06s0009g03130,347,0.1679,Cytochrome P450  family 79  subfamily A  polypeptide 2,K12153,,vv10966Glucosinolate_biosynthesis,
331,VIT_16s0148g00210,350,0.1678,Receptor kinase homolog LRK10,,,,
332,VIT_11s0118g00110,347,0.1676,AT-hook DNA-binding protein,,,,
333,VIT_13s0019g05050,345,0.1668,Nodulin-like protein,,,,
334,VIT_12s0121g00340,342,0.1664,No hit,,,,
335,VIT_11s0037g00700,341,0.1655,Unknown protein,,,,
336,VIT_13s0106g00780,339,0.1650,Hydrolase  alpha/beta fold,,,,
337,VIT_04s0008g06830,338,0.1638,Biopterin transport-related protein BT1,BIOPTERIN,,vv50125Porters_cat_66_to_94,
338,VIT_07s0151g00470,328,0.1582,Leucine-rich repeat family protein,,,,
339,VIT_04s0069g00970,325,0.1570,WRKY DNA-binding protein 51,WRKY51_1,VvWRKY11,vv60066WRKY,
340,VIT_05s0094g01230,324,0.1567,Allyl alcohol dehydrogenase,,,,
341,VIT_18s0001g10760,323,0.1563,Strictosidine synthase,E4_3_3_2,,vv10900Terpenoid_biosynthesis,vv10902Monoterpenoid_biosynthesis
342,VIT_04s0008g01040,318,0.1541,Lysine decarboxylase,E4_1_1_18,,vv10300Lysine_biosynthesis,
343,VIT_09s0002g08290,318,0.1531,R protein MLA10,K13475,,vv34627R_proteins_from_Plant-pathogen_interaction,
344,VIT_18s0041g02010<br>VIT_18s0041g02050,313,0.1506,
345,VIT_05s0020g01540,313,0.1504,Protein arginine N-methyltransferase,K00599,,vv10340Histidine_metabolism,vv10350Tyrosine_metabolism
346,VIT_14s0006g02250,311,0.1503,No hit,,,,
347,VIT_09s0002g03640,309,0.1491,ABC transporter g family pleiotropic drug resistance 7 PDR7,ABCGPDR7,,vv52010ABC_transporters,
348,VIT_17s0000g08210,308,0.1489,Zinc finger (C3HC4-type ring finger),ZFC3HC4_103,,vv60078Other_zf-C3HC4,
349,VIT_06s0009g02590,309,0.1489,Pectinesterase family,E3_1_1_11,,vv40006Cell_wall,
350,VIT_01s0026g02640,306,0.1463,UbiE/COQ5 methyltransferase,K06127,,vv10130Ubiquinone_biosynthesis,
351,VIT_06s0009g02570,303,0.1463,Pectinesterase family,E3_1_1_11,,vv40006Cell_wall,
352,VIT_02s0033g01340,303,0.1462,Unknown protein,,,,
353,VIT_01s0010g01970<br>VIT_01s0010g01980,301,0.1452,
354,VIT_05s0020g03680,298,0.1441,GCN5 N-acetyltransferase (GNAT),GCN5_7,,vv60082GNAT,
355,VIT_07s0104g00850,297,0.1427,Pto kinase interactor,,,,
356,VIT_13s0019g04440,292,0.1412,Zinc finger (C3HC4-type ring finger),ZFC3HC4_163,,vv60078Other_zf-C3HC4,
357,VIT_00s0181g00160,292,0.1412,F-box family protein,,,,
358,VIT_18s0041g02020,292,0.1405,12-oxophytodienoate reductase 2,E1_3_1_42,,vv10592alpha-Linolenic_acid_metabolism,
359,VIT_13s0074g00570,286,0.1382,Gamma-aminobutyric acid transporter,GAT1,,vv50123Porters_cat_18_to_29,
360,VIT_06s0004g01580,286,0.1381,Lipoxygenase,E1_13_11_12,,vv10592alpha-Linolenic_acid_metabolism,
361,VIT_03s0091g00130,286,0.1380,Prp27,,,,
362,VIT_14s0006g00340,282,0.1376,No hit,,,,
363,VIT_00s0471g00020,286,0.1375,Unknown,,,,
364,VIT_11s0016g03190,284,0.1371,Unknown,,,,
365,VIT_16s0050g00400,282,0.1371,Photoassimilate-responsive protein PAR-1a,,,,
366,VIT_15s0021g00730,281,0.1363,No hit,,,,
367,VIT_00s0261g00020,282,0.1361,Unknown protein,,,,
368,VIT_12s0035g01520,274,0.1326,Disease resistance protein RPS2,,,,
369,VIT_18s0122g01370,274,0.1316,Unknown protein,,,,
370,VIT_18s0001g04870,270,0.1310,(-)-germacrene D synthase,E4_2_3_22,,vv10900Terpenoid_biosynthesis,
371,VIT_08s0056g00300,267,0.1293,Unknown,,,,
372,VIT_05s0020g03550,266,0.1284,Lactoylglutathione lyase,E4_4_1_5,,vv10620Pyruvate_metabolism,
373,VIT_12s0178g00060,267,0.1283,Diacylglycerol kinase 2,E2_7_1_107,,vv10561Glycerolipid_metabolism,vv10564Glycerophospholipid_metabolism
374,VIT_13s0064g00050,266,0.1279,Glutamine-fructose-6-phosphate transaminase 2,E2_6_1_16,,vv10251Glutamate_metabolism,vv10530Aminosugars_metabolism
375,VIT_03s0038g03640,264,0.1266,Phosphoglycerate mutase,E5_4_2_1,,vv10010Glycolysis,
376,VIT_14s0081g00640,256,0.1239,Aspartate aminotransferase,E2_6_1_1,vv10710Carbon_fixation,vv10252Alanine_and_aspartate_metabolism,vv10272Cysteine_metabolism
377,VIT_00s0183g00240,253,0.1224,Elongation factor 1-alpha 1,K03231,,vv23013RNA_transport,
378,VIT_12s0059g01660,252,0.1222,3-oxoacyl-[acyl-carrier-protein] synthase II,E2_3_1_179,,vv10061Fatty_acid_biosynthesis,
379,VIT_00s0413g00010,251,0.1217,Laccase (diphenol oxidase) family protein,E1_10_3_2,,vv11000Single_reactions,vv50109Incompletely_characterized_transport_systems
380,VIT_15s0021g00750,240,0.1167,Separase,K02365,,,
381,VIT_09s0002g05570,240,0.1161,ABC transporter g family pleiotropic drug resistance 12 PDR12,ABCGPDR12,,vv52010ABC_transporters,
382,VIT_01s0010g02450,240,0.1156,B12D,,,,
383,VIT_14s0030g01970,236,0.1140,Auxin-induced protein PCNT115,AUXREG,,vv30003Auxin_signaling,
384,VIT_06s0004g03620,235,0.1138,MAPK MPK13,MPK13,,,
385,VIT_16s0039g01110,235,0.1133,Phenylalanin ammonia-lyase [Vitis vinifera],E4_3_1_5,,vv10350Tyrosine_metabolism,vv10360Phenylalanine_metabolism
386,VIT_13s0064g01470,233,0.1131,Urophorphyrin III methylase,E2_1_1_107,,vv10860Porphyrin_and_chlorophyll_metabolism,
387,VIT_19s0014g00760,231,0.1119,Unknown,,,,
388,VIT_18s0117g00060,232,0.1118,R protein L6,K13477,,vv34627R_proteins_from_Plant-pathogen_interaction,
389,VIT_01s0010g00910,231,0.1118,GMP synthetase,E6_3_5_2,,vv10230Purine_metabolism,vv10251Glutamate_metabolism
390,VIT_09s0002g06890,229,0.1113,Dicyanin blue copper protein,,,,
391,VIT_04s0008g00270,231,0.1112,Elongation factor 1-alpha (EF-1-alpha),K03231,,vv23013RNA_transport,
392,VIT_02s0033g00270,231,0.1111,Pinoresinol-lariciresinol reductase,PLR,,vv10940Phenylpropanoid_biosynthesis,
393,VIT_00s0194g00120,227,0.1100,Serine acetyltransferase,E2_3_1_30,,vv10272Cysteine_metabolism,vv10920Sulfur_metabolism
394,VIT_08s0032g00730,229,0.1100,F-box and JmjC domain protein,JMJD7_1,,vv60038Jumonji,
395,VIT_17s0000g04380,226,0.1085,Wall-associated kinase 1 (WAK1),,,,
396,VIT_10s0003g00790,215,0.1038,Glutamate receptor protein,GLR2_7,,vv50101Channels_and_pores,
397,VIT_14s0060g02320,214,0.1035,Respiratory burst oxidase protein B (ATRBOHB),RBOHB,,vv34626Plant-pathogen_interaction,vv50105Transport_electron_carriers
398,VIT_03s0063g01910,210,0.1018,Integral membrane protein,,,,
399,VIT_01s0011g05440,210,0.1018,Unknown protein,,,,
400,VIT_08s0007g07280,208,0.1004,Superoxide dismutase [Cu-Zn] 2,K04565,,vv44146Peroxisome,
401,VIT_05s0020g03220,205,0.0992,S-receptor kinase,,,,
402,VIT_04s0023g02520,205,0.0986,Unknown protein,,,,
403,VIT_02s0087g00610,201,0.0968,Unknown protein,,,,
404,VIT_18s0001g03850,199,0.0963,Ribosomal protein S10 30S,K02946,,vv23010Ribosome,
405,VIT_09s0002g01550,196,0.0950,Lecithine cholesterol acyltransferase,E2_3_1_43,,vv10564Glycerophospholipid_metabolism,
406,VIT_16s0050g01690,193,0.0939,Receptor kinase homolog LRK10,,,,
407,VIT_16s0148g00020,191,0.0925,Ser/Thr receptor-like kinase1,,,,
408,VIT_11s0118g00040,191,0.0924,Receptor Like Protein 9,,,,
409,VIT_11s0016g01650,190,0.0920,Ankyrin repeat,,,,
410,VIT_04s0079g00750,187,0.0905,No hit,,,,
411,VIT_18s0001g03860,183,0.0887,Unknown protein,,,,
412,VIT_10s0003g01180,184,0.0884,Ketol-acid reductoisomerase,E1_1_1_86,,vv10290Valine_leucine_and_isoleucine_biosynthesis,vv10770Pantothenate_and_CoA_biosynthesis
413,VIT_12s0059g00600,181,0.0873,Unknown protein,,,,
414,VIT_13s0067g01700,180,0.0866,Steroid 5alpha-reductase,K09591,,vv10905Brassinosteroid_biosynthesis,
415,VIT_17s0000g03560,178,0.0861,(myb domain protein 62,MYB62_1,MYB164,vv60044MYB,
416,VIT_13s0067g02940,177,0.0854,Amidohydrolase 3,,,,
417,VIT_00s2776g00010,175,0.0852,S-locus lectin protein kinase,,,,
418,VIT_01s0011g03830,172,0.0831,Metallo-beta-lactamase,E3_5_2_6,,vv10311Penicillin_and_cephalosporin_biosynthesis,
419,VIT_18s0075g00530,171,0.0826,Laccase,E1_10_3_2,,vv11000Single_reactions,vv50109Incompletely_characterized_transport_systems
420,VIT_05s0165g00170,169,0.0824,No hit,,,,
421,VIT_10s0042g00380,168,0.0821,Kinesin family member 2/24,K10393,,vv44810Regulation_of_actin_cytoskeleton,
422,VIT_01s0011g05420,167,0.0810,Fw2.2 ORFX,,,,
423,VIT_12s0034g00260,167,0.0810,Unknown,,,,
424,VIT_19s0014g04440,166,0.0806,S-locus protein kinase,,,,
425,VIT_16s0098g00210,167,0.0805,Receptor serine/threonine kinase,,,,
426,VIT_06s0009g00370,166,0.0804,U-box domain-containing protein,,,,
427,VIT_16s0100g00150,166,0.0802,COP9 signalosome complex subunit 5,K09613,,,
428,VIT_16s0098g00110,165,0.0794,Receptor kinase LRK10,,,,
429,VIT_08s0007g04860,163,0.0789,Nodulin family protein,,,,
430,VIT_14s0068g01270,160,0.0777,No hit,,,,
431,VIT_00s0218g00180,161,0.0776,Geranylgeranyl transferase type-2 beta subunit.,E2_5_1_60,,vv10100Biosynthesis_of_steroids,
432,VIT_05s0094g00260<br>VIT_05s0094g00220,158,0.0764,
433,VIT_16s0039g00350,157,0.0758,Unknown protein,,,,
434,VIT_00s0208g00050<br>VIT_19s0015g00040<br>VIT_15s0045g00090,157,0.0757,
435,VIT_15s0107g00390,155,0.0752,5'-adenylylsulfate reductase (APR3),E1_8_4_8,,vv10920Sulfur_metabolism,
436,VIT_06s0080g01170,153,0.0745,5'-3' exoribonuclease 2,K12619,,vv23008Ribosome_biogenesis_in_Eukaryotes,vv23018RNA_degradation
437,VIT_16s0039g01230,153,0.0744,VPS5A subunit of retromer complex,VPS5A,,vv50110Protein_coat,
438,VIT_17s0000g02220,152,0.0737,No hit,,,,
439,VIT_00s0743g00020,151,0.0737,S-locus lectin protein kinase,,,,
440,VIT_11s0052g00340,152,0.0734,Protein kinase Xa21,,,,
441,VIT_00s1584g00010,151,0.0733,Elongation factor 1-alpha,K03231,,vv23013RNA_transport,
442,VIT_19s0015g00220,151,0.0729,Unknown protein,,,,
443,VIT_18s0001g05430,150,0.0723,(+)-delta-cadinene synthase isozyme XC14,E4_2_3_13,,vv10900Terpenoid_biosynthesis,
444,VIT_10s0003g05250,149,0.0719,Germin-like protein,,,,
445,VIT_15s0024g01320,148,0.0717,No hit,,,,
446,VIT_04s0008g01120,147,0.0716,Glutaredoxin,,,,
447,VIT_19s0014g04180,147,0.0710,Curculin (mannose-binding) lectin,,,,
448,VIT_15s0021g01590,147,0.0707,RKL1 (Receptor-like kinase 1),,,,
449,VIT_13s0084g00150,147,0.0706,Choline kinase,E2_7_1_32,,vv10260Glycine_serine_and_threonine_metabolism,vv10564Glycerophospholipid_metabolism
450,VIT_14s0081g00140,144,0.0699,Pentatricopeptide (PPR) repeat-containing,,,,
451,VIT_18s0001g12550,142,0.0686,Beta-ketoacyl-CoA synthase,E2_3_1_41,,vv10061Fatty_acid_biosynthesis,
452,VIT_01s0011g00480,142,0.0685,Aspartate/glutamate/uridylate kinase,E2_7_2_11,,vv10220Urea_cycle_and_metabolism_of_amino_groups,
453,VIT_12s0059g01080,141,0.0680,Acid phosphatase/vanadium-dependent haloperoxidase,,,,
454,VIT_09s0002g05440,140,0.0675,ABC transporter g family pleiotropic drug resistance 12 PDR12,ABCGPDR12,,vv52010ABC_transporters,
455,VIT_19s0014g04700,137,0.0665,No hit,,,,
456,VIT_18s0001g04410,137,0.0662,No hit,,,,
457,VIT_16s0039g01870,136,0.0662,Protein kinase,,,,
458,VIT_16s0039g02730,136,0.0660,TIR1 (transport inhibitor response 1),TIR1,,vv30003Auxin_signaling,
459,VIT_02s0025g02240,137,0.0660,WD-40 repeat,,,,
460,VIT_05s0062g00450,136,0.0657,No hit,,,,
461,VIT_08s0007g05830,135,0.0654,No hit,,,,
462,VIT_18s0041g02470,132,0.0639,Disease resistance protein (TIR-NBS-LRR class),,,,
463,VIT_02s0234g00130,129,0.0623,Ethylene responsive element binding factor 1,ERF1_9,VvERF076,vv30008Ethylene_signaling,vv30011Jasmonate_signaling
464,VIT_19s0085g00020,129,0.0620,Nucleolar complex protein 3 homolog (Protein NOC3 homolog),,,,
465,VIT_19s0085g00390,127,0.0617,Unknown protein,,,,
466,VIT_04s0023g01080,127,0.0614,Lys Motif-Type Receptor-Like Kinase LYK4,,,,
467,VIT_15s0048g02070,127,0.0611,BON2-associated protein (BAP2),,,,
468,VIT_00s0283g00050<br>VIT_06s0009g03090<br>VIT_03s0132g00010,125,0.0604,
469,VIT_02s0033g00700,126,0.0602,Nitrilase,E3_5_5_1,,vv10460Cyanoamino_acid_metabolism,vv10910Nitrogen_metabolism
470,VIT_12s0028g00170,123,0.0597,Low expression of osmotically responsive genes 1,LOS4,,vv50133Primary_active_transporter_cat_A9_to_A18,
471,VIT_05s0077g01810,122,0.0591,Unknown protein,,,,
472,VIT_14s0128g00690,122,0.0589,Germin protein 3,,,,
473,VIT_17s0000g06710,121,0.0585,Leucine-rich repeat transmembrane protein kinase,,,,
474,VIT_00s0194g00140,121,0.0584,Agenet domain-containing protein,,,,
475,VIT_18s0117g00070,119,0.0577,R protein L6,K13477,,vv34627R_proteins_from_Plant-pathogen_interaction,
476,VIT_12s0034g01010,119,0.0572,PYM (partner of Y14-MAGO),K14294,,vv23013RNA_transport,vv23015mRNA_surveillance_pathway
477,VIT_13s0019g03970,117,0.0568,Ribosomal protein P0 (RPP0A) acidic 60S,K02941,,vv23010Ribosome,
478,VIT_06s0009g01790,116,0.0560,ABA-responsive element-binding protein 3 (AREB3),AREB3_2,VvbZIP18,vv30001ABA_signaling,vv60012BZIP
479,VIT_18s0166g00070,115,0.0557,No hit,,,,
480,VIT_09s0002g06940,115,0.0554,ABC transporter g family pleiotropic drug resistance 12 PDR12,ABCGPDR12,,vv52010ABC_transporters,
481,VIT_10s0405g00020,113,0.0547,Mo25,K08272,,vv34150mTOR_signaling_pathway,
482,VIT_15s0048g00150,112,0.0542,No hit,,,,
483,VIT_12s0055g01280,111,0.0539,Brassinosteroid insensitive 1-associated receptor kinase 1,BAK1,,vv30005Brassinosteroids_signaling,vv34626Plant-pathogen_interaction
484,VIT_04s0043g00380,110,0.0536,Unknown protein,,,,
485,VIT_06s0004g04950,111,0.0535,Scarecrow-like transcription factor 14 SCL14,SCL14_11,,vv60032GRAS,
486,VIT_04s0008g07250,109,0.0531,Aspartyl protease,E3_4_23_x,,,
487,VIT_17s0000g07670,110,0.0530,Betaine-aldehyde dehydrogenase,E1_2_1_8,,vv10260Glycine_serine_and_threonine_metabolism,vv50101Channels_and_pores
488,VIT_12s0121g00420,109,0.0525,Unknown,,,,
489,VIT_04s0008g00800,105,0.0506,Ferrochelatase-2,E4_99_1_1,,vv10860Porphyrin_and_chlorophyll_metabolism,
490,VIT_06s0004g06480,105,0.0506,CYP71E,E1_14_13_73,,vv10902Monoterpenoid_biosynthesis,
491,VIT_09s0002g00160,105,0.0506,Histone H2A.4 HTA12,H2A4,,,
492,VIT_14s0060g00050,105,0.0506,Nucleobase:cation symporter-1  NCS1 family,K03457,,vv50124Porters_cat_30_to_64,
493,VIT_18s0001g10120,103,0.0499,SPla/RYanodine receptor (SPRY) domain-containing protein,,,,
494,VIT_16s0013g01330,103,0.0498,Receptor kinase homolog LRK14,,,,
495,VIT_13s0106g00010,101,0.0489,Brassinosteroid insensitive 1-associated receptor kinase 1,BAK1,,vv30005Brassinosteroids_signaling,vv34626Plant-pathogen_interaction
496,VIT_12s0028g03260,97,0.0469,Rooty/superroot1,K11819,,vv10966Glucosinolate_biosynthesis,
497,VIT_13s0084g00850<br>VIT_13s0084g00880,97,0.0469,
498,VIT_15s0048g01530,97,0.0467,Geraniol 10-hydroxylase,G10H,,vv10902Monoterpenoid_biosynthesis,
499,VIT_13s0067g03470,96,0.0467,Glutathione S-transferase GSTO1,E2_5_1_18_GSTO1,,vv10480Glutathione_metabolism,
500,VIT_03s0091g00380,96,0.0464,Thioredoxin domain-containing protein 9,,,,
501,VIT_08s0007g02360,94,0.0455,Harpin inducing protein 1-like 9,,,,
502,VIT_10s0003g01220,94,0.0454,Copper-binding family protein,,,,
503,VIT_14s0060g00110,93,0.0449,Glutamyl-tRNA synthetase  cytoplasmic,E6_1_1_17,,vv10860Porphyrin_and_chlorophyll_metabolism,vv20970Aminoacyl-tRNA_biosynthesis
504,VIT_17s0000g09800,92,0.0445,No hit,,,,
505,VIT_08s0007g03890,91,0.0439,Brix domain-containing protein,,,,
506,VIT_01s0010g03690,87,0.0422,Splicing factor YT521-B,,,,
507,VIT_19s0015g01510,87,0.0419,2-hydroxyacyl-CoA lyase 1,K12261,,vv44146Peroxisome,
508,VIT_18s0001g00920<br>VIT_18s0075g00590<br>VIT_18s0001g00850<br>VIT_18s0075g00780<br>VIT_18s0001g00790<br>VIT_18s0001g00730<br>VIT_18s0001g00310<br>VIT_18s0075g00620<br>VIT_18s0075g00540<br>VIT_18s0075g00600<br>VIT_18s0075g00580<br>VIT_00s0481g00020<br>VIT_18s0001g00930,87,0.0419,
509,VIT_18s0075g00630,85,0.0411,Laccase,E1_10_3_2,,vv11000Single_reactions,vv50109Incompletely_characterized_transport_systems
510,VIT_02s0012g02370,85,0.0410,Geraniol 10-hydroxylase,G10H,,vv10902Monoterpenoid_biosynthesis,
511,VIT_07s0197g00060,84,0.0406,Myb family,MYBGE_12,,vv60029G2-like,
512,VIT_00s0214g00170,83,0.0402,Actin-related protein 7,ARP7,,vv44810Regulation_of_actin_cytoskeleton,
513,VIT_10s0003g05430,83,0.0401,Reticuline oxidase precursor,E1_21_3_3,,vv10950Alkaloid_biosynthesis_I,
514,VIT_17s0000g03150,83,0.0401,No hit,,,,
515,VIT_04s0008g05210,83,0.0400,BZIP protein HY5 (HY5),HY5_1,VvbZIP10,vv60012BZIP,
516,VIT_00s0145g00110,82,0.0397,Pirin,K06911,,,
517,VIT_01s0011g05480,82,0.0396,Dynein light subunit lc6  flagellar outer arm,K10418,,vv44810Regulation_of_actin_cytoskeleton,
518,VIT_13s0019g03330,82,0.0394,Adenylosuccinate lyase,E4_3_2_2,,vv10230Purine_metabolism,vv10252Alanine_and_aspartate_metabolism
519,VIT_15s0024g01810,81,0.0393,No hit,,,,
520,VIT_11s0103g00290,81,0.0393,Ribosomal protein S15,K02956,,vv23010Ribosome,
521,VIT_13s0073g00620,81,0.0390,MAM33 family,MAM33,,,
522,VIT_13s0067g00120,79,0.0383,GCN5 N-acetyltransferase (GNAT),GCN5_18,,vv60082GNAT,
523,VIT_04s0008g01240,79,0.0383,SAG18 (Senescence associated gene 18),,,,
524,VIT_09s0054g01080,79,0.0382,Polygalacturonase QRT3,E3_2_1_15,,vv40006Cell_wall,
525,VIT_01s0011g05230,78,0.0378,GTPase activating protein,,,,
526,VIT_00s0125g00300,77,0.0372,No hit,,,,
527,VIT_08s0007g03310,77,0.0371,Unknown,,,,
528,VIT_15s0046g00020,76,0.0369,Ubiquitin-protein ligase,,,,
529,VIT_12s0028g00860,75,0.0363,NAC domain-containing protein 42,NAC042_5,VvNAC36,vv60046NAC,
530,VIT_11s0016g00230,75,0.0363,Proteasome 26S AAA-ATPase subunit (RPT1a),K03061,,vv23050Proteasome,
531,VIT_01s0010g03930,74,0.0357,WRKY DNA-binding protein 75,WRKY75_1,VvWRKY03,vv60066WRKY,
532,VIT_10s0116g01200,73,0.0353,WRKY DNA-binding protein 6,WRKY6_1,VvWRKY29,vv60066WRKY,
533,VIT_00s0194g00060,73,0.0351,No hit,,,,
534,VIT_13s0067g02820,71,0.0347,No hit,,,,
535,VIT_00s0480g00040,71,0.0342,Polyphenol oxidase II  chloroplast precursor,E1_10_3_1,,vv10350Tyrosine_metabolism,vv50109Incompletely_characterized_transport_systems
536,VIT_07s0130g00470,70,0.0338,Ankyrin repeat,K10380,,,
537,VIT_18s0072g01170,68,0.0330,Phosphoribosylanthranilate transferase,E2_4_2_18,,vv10400Phenylalanine_tyrosine_and_tryptophan_biosynthesis,
538,VIT_03s0063g01820,68,0.0328,AOS (allene oxide synthase),E4_2_1_92,,vv10592alpha-Linolenic_acid_metabolism,
539,VIT_14s0060g02060,67,0.0324,Tetratricopeptide repeat (TPR)-containing,,,,
540,VIT_12s0028g03810,67,0.0323,DTW domain-containing protein,,,,
541,VIT_13s0064g01430,66,0.0319,Pigment defective 322,CP33,,,
542,VIT_15s0048g01080,64,0.0309,Unknown,,,,
543,VIT_14s0068g02240,64,0.0309,HcrVf1 protein,K13466,,vv34626Plant-pathogen_interaction,
544,VIT_11s0016g02570,64,0.0308,Phospholipase A2 precursor,E3_1_1_4,,vv10564Glycerophospholipid_metabolism,vv10565Ether_lipid_metabolism
545,VIT_02s0109g00390,63,0.0306,N-hydroxycinnamoyl/benzoyltransferase 5,,,,
546,VIT_17s0053g00750,62,0.0301,Unknown protein,,,,
547,VIT_17s0000g00650,62,0.0298,No hit,,,,
548,VIT_15s0024g00400,60,0.0291,R protein MLA10,K13475,,vv34627R_proteins_from_Plant-pathogen_interaction,
549,VIT_09s0054g00430,60,0.0290,Unknown protein,,,,
550,VIT_01s0150g00440,60,0.0289,Respiratory burst oxidase protein D (RBOHD),RBOHD,,vv34626Plant-pathogen_interaction,vv50105Transport_electron_carriers
551,VIT_02s0033g00650,58,0.0279,Serine/threonine protein phosphatase 7,E3_1_3_16,,,
552,VIT_06s0004g02010,57,0.0276,No hit,,,,
553,VIT_14s0108g00540,57,0.0276,Phosphofructokinase,E2_7_1_90,,vv10051Fructose_and_mannose_metabolism,
554,VIT_07s0005g00680,56,0.0270,Exocyst complex subunit Sec15B,SEC15B,,vv50111Tethering_factors,
555,VIT_04s0008g04750,55,0.0265,Monooxygenase,,,,
556,VIT_06s0004g00610,54,0.0261,Accelerated cell death 1 ACD1,ACD1,,vv50133Primary_active_transporter_cat_A9_to_A18,
557,VIT_08s0007g00570,54,0.0261,WRKY DNA-binding protein 49,WRKY49,VvWRKY27,vv60066WRKY,
558,VIT_18s0001g11120,54,0.0261,Ternary complex factor MIP1,,,,
559,VIT_08s0007g05220,53,0.0258,Unknown,,,,
560,VIT_09s0002g04070,53,0.0257,Unknown protein,,,,
561,VIT_18s0122g00540,53,0.0256,No hit,,,,
562,VIT_02s0033g01380,52,0.0253,Alternative oxidase 1D,AOX1D,,vv30001ABA_signaling,
563,VIT_07s0031g01500,52,0.0252,Unknown protein,,,,
564,VIT_16s0039g01090,52,0.0252,CYP89A2,,,,
565,VIT_09s0002g05380,52,0.0251,ABC transporter g family pleiotropic drug resistance 12 PDR12,ABCGPDR12,,vv52010ABC_transporters,
566,VIT_19s0014g01110,51,0.0248,Curculin (mannose-binding) lectin,,,,
567,VIT_10s0071g01210,50,0.0245,No hit,,,,
568,VIT_18s0001g08170,50,0.0242,Inorganic pyrophosphatase,K01507,,vv10190Oxidative_phosphorylation,vv50133Primary_active_transporter_cat_A9_to_A18
569,VIT_13s0084g00340,48,0.0232,Unknown protein,,,,
570,VIT_17s0000g02930,47,0.0228,Glutathione S-transferase 25 GSTU7,E2_5_1_18_GSTU7,,vv10480Glutathione_metabolism,
571,VIT_07s0104g01650,47,0.0227,HAK5 (High affinity K+ transporter 5),HAK5,,vv50125Porters_cat_66_to_94,
572,VIT_00s0269g00170,47,0.0227,No hit,,,,
573,VIT_00s0160g00290,46,0.0223,No hit,,,,
574,VIT_05s0020g03090,45,0.0217,Chloride channel protein (CLC-d),K05393_CLCD,,vv50124Porters_cat_30_to_64,
575,VIT_04s0023g00270,44,0.0213,CBS domain-containing protein,,,,
576,VIT_09s0054g00330,44,0.0213,Mannosyl-oligosaccharide 1 2-alpha-mannosidase,E3_2_1_113,,vv10510N-Glycan_biosynthesis,vv11030Glycan_structures-biosynthesis1
577,VIT_05s0029g00630,44,0.0213,Unknown,,,,
578,VIT_13s0019g01300,44,0.0212,No hit,,,,
579,VIT_03s0088g00410,43,0.0207,Pyruvate kinase isozyme A  chloroplast precursor,E2_7_1_40,,vv10010Glycolysis,vv10230Purine_metabolism
580,VIT_12s0034g00020,42,0.0203,No hit,,,,
581,VIT_02s0025g03250,41,0.0198,Protein kinase,,,,
582,VIT_03s0167g00040,41,0.0198,Unknown,,,,
583,VIT_15s0048g00070,41,0.0198,No hit,,,,
584,VIT_11s0118g00650,41,0.0197,Unknown,,,,
585,VIT_10s0116g01810,40,0.0193,Unknown protein,,,,
586,VIT_05s0020g02610,40,0.0193,Hemolysin,K06442,,vv50109Incompletely_characterized_transport_systems,
587,VIT_16s0013g01240,38,0.0183,Receptor kinase homolog LRK14,,,,
588,VIT_08s0007g08140,38,0.0183,Helicase,,,,
589,VIT_07s0095g00060,37,0.0179,Cystathionine gamma-synthase isoform 1,E4_4_1_8,,vv10271Methionine_metabolism,vv10272Cysteine_metabolism
590,VIT_16s0098g01830,37,0.0179,Transcription factor jumonji (jmjC) domain-containing protein,JMJD1B_3,,vv60038Jumonji,
591,VIT_01s0011g06140,36,0.0174,Avr9/Cf-9 rapidly elicited protein,,,,
592,VIT_09s0002g02950,36,0.0173,No hit,,,,
593,VIT_15s0024g00190,36,0.0173,No hit,,,,
594,VIT_07s0191g00030,35,0.0170,RAB GTPase RABA4A,K07976,,,
595,VIT_19s0015g00290,35,0.0169,No hit,,,,
596,VIT_16s0148g00010,35,0.0169,Receptor kinase homolog LRK10,,,,
597,VIT_19s0014g01850,35,0.0169,Zinc finger (C3HC4-type ring finger),ZFC3HC4_158,,vv60078Other_zf-C3HC4,
598,VIT_16s0098g00220,35,0.0169,Membrane located receptor,,,,
599,VIT_00s0685g00020,35,0.0169,No hit,,,,
600,VIT_17s0000g05360,35,0.0169,Germin,,,,
601,VIT_04s0008g00650,35,0.0169,3'-5' exonuclease domain-containing protein,K01146,,,
602,VIT_08s0032g01220,34,0.0165,Calcium dependent protein kinase 1,CPK1,,vv34626Plant-pathogen_interaction,
603,VIT_00s0264g00020,34,0.0165,Zinc finger (C3HC4-type ring finger),ZFC3HC4_156,,vv60078Other_zf-C3HC4,
604,VIT_00s0753g00020,34,0.0164,Histone H2A.4 HTA12,H2A4,,,
605,VIT_05s0020g04670,33,0.0160,No hit,,,,
606,VIT_11s0103g00490,33,0.0160,Unknown protein,,,,
607,VIT_19s0014g02780,33,0.0159,Unknown,,,,
608,VIT_02s0025g03100,33,0.0158,Cinnamyl alcohol dehydrogenase,E1_1_1_195,,vv10940Phenylpropanoid_biosynthesis,
609,VIT_03s0088g00710,32,0.0156,Pathogenesis-related protein 1 precursor (PRP 1),PRP1,,vv30011Jasmonate_signaling,vv34626Plant-pathogen_interaction
610,VIT_03s0038g00100,32,0.0155,Epoxide hydrolase-like protein,E3_3_2_10,,,
611,VIT_12s0059g01120,31,0.0151,CAF protein,,,,
612,VIT_13s0067g02630,31,0.0150,No hit,,,,
613,VIT_00s0258g00080,31,0.0150,Brassinosteroid insensitive 1-associated receptor kinase 1,BAK1,,vv30005Brassinosteroids_signaling,vv34626Plant-pathogen_interaction
614,VIT_00s0409g00050,31,0.0150,Receptor-like serine-threonine protein kinase,,,,
615,VIT_00s0652g00010,31,0.0149,Dof zinc finger protein DOF1.4,DOF1_4_1,,vv60015C2C2-DOF,
616,VIT_05s0020g04380,30,0.0146,Calcium-transporting ATPase 13 ACA13,K01537,,vv34020Calcium_signaling_pathway,vv50131Primary_active_transporter_cat_A2_to_A4
617,VIT_04s0008g00110,29,0.0141,Jasmonate ZIM domain-containing protein 8,JAZ8_3,,vv30011Jasmonate_signaling,vv60069ZIM
618,VIT_00s0299g00080,29,0.0141,Unknown,,,,
619,VIT_11s0052g00960,29,0.0140,Syntaxin,,,,
620,VIT_00s0399g00020,29,0.0140,Protease inhibitor/seed storage/lipid transfer protein (LTP),,,,
621,VIT_00s0208g00100,29,0.0139,Unknown,,,,
622,VIT_05s0077g00450,28,0.0136,Ribosomal protein S1 30S,K02945,,vv23010Ribosome,
623,VIT_14s0068g02110,28,0.0136,Sulfite oxidase,E1_8_3_1,,vv10920Sulfur_metabolism,
624,VIT_08s0007g05320,28,0.0135,Essential for mitotic growth 1,K14568,,vv23008Ribosome_biogenesis_in_Eukaryotes,
625,VIT_00s0254g00040,28,0.0134,Heat shock cognate 70 kDa protein 3 (HSC70-3) (HSP70-3),HSC703,,vv23040Spliceosome,vv24141Protein_processing_in_endoplasmic_reticulum
626,VIT_00s0194g00020,27,0.0131,DNA-directed RNA polymerase II subunit D,K03012,,vv23020RNA_polymerase,
627,VIT_09s0018g01960,27,0.0130,Unknown protein,,,,
628,VIT_10s0071g00210,27,0.0130,Myosin VA (heavy chain 12  myoxin),K10357,,vv44810Regulation_of_actin_cytoskeleton,
629,VIT_01s0127g00490,25,0.0122,Pantothenate kinase 2,E2_7_1_33,,vv10770Pantothenate_and_CoA_biosynthesis,
630,VIT_18s0117g00030,24,0.0116,No hit,,,,
631,VIT_16s0039g00660,24,0.0116,RNA polymerase nonessential primary-like sigma factor SIGA,K03087,,vv23020RNA_polymerase,vv60057Sigma70-like
632,VIT_19s0093g00360,24,0.0116,Unknown protein,,,,
633,VIT_05s0049g02280,24,0.0116,Ribosomal protein S3 40S,K02985,,vv23010Ribosome,
634,VIT_12s0142g00590,24,0.0116,R protein L6,K13477,,vv34627R_proteins_from_Plant-pathogen_interaction,
635,VIT_13s0084g00800,24,0.0116,Transcription factor,TRIHELIXDOM_7,,vv60062Trihelix,
636,VIT_10s0003g02190,24,0.0115,Nodulin MtN3 family,,,,
637,VIT_02s0012g02340,23,0.0112,CYP76C4,,,,
638,VIT_05s0049g00460,23,0.0112,Basic helix-loop-helix ILR3,ILR3_3,,vv11002Auxin_biosynthesis,vv60011BHLH
639,VIT_15s0024g01330,23,0.0111,No hit,,,,
640,VIT_04s0044g01200,23,0.0111,Auxin-independent growth promoter,,,,
641,VIT_17s0000g02560,23,0.0111,No hit,,,,
642,VIT_15s0046g01440,23,0.0111,BZip transcription factor G- box  binding factor 3,GBF3_1,VvbZIP40,vv60012BZIP,
643,VIT_02s0012g00110,23,0.0111,Chromatin remodeling 31,CHR31,,vv60058SNF2,
644,VIT_03s0091g00530,23,0.0111,N-acetyltransferase ESCO2,,,,
645,VIT_01s0150g00410,23,0.0111,Unknown protein,,,,
646,VIT_13s0073g00290,23,0.0111,Proline transporter 1 (ProT1),PROT1,,vv50123Porters_cat_18_to_29,
647,VIT_03s0038g00090,22,0.0107,Epoxide hydrolase-like protein,E3_3_2_10,,,
648,VIT_08s0040g00590,22,0.0106,Zinc finger (C3HC4-type ring finger),ZFC3HC4_43,,vv60078Other_zf-C3HC4,
649,VIT_15s0021g02510,21,0.0102,GATA transcription factor 2,GATA2,,vv60016C2C2-GATA,
650,VIT_13s0019g03530,21,0.0102,No hit,,,,
651,VIT_00s0270g00120,21,0.0102,Alpha-amylase/subtilisin inhibitor,E3_2_1_1,,vv10500Starch_and_sucrose_metabolism,
652,VIT_13s0156g00580,21,0.0102,S-receptor kinase,,,,
653,VIT_14s0068g02210,21,0.0101,HcrVf1 protein,,,,
654,VIT_04s0044g00220,21,0.0101,Monooxygenase,,,,
655,VIT_18s0001g02940,21,0.0101,No hit,,,,
656,VIT_00s0421g00020,20,0.0097,Hcr2-5B,,,,
657,VIT_07s0031g01580,20,0.0097,SKP1 interacting partner 6 (SKIP6),,,,
658,VIT_00s0391g00040,20,0.0096,F-box family protein,,,,
659,VIT_03s0017g02110,19,0.0092,Anthocyanidin 3-O-glucosyltransferase,E2_4_1_115,,vv10942Anthocyanin_biosynthesis,
660,VIT_03s0017g00780,19,0.0092,Disease resistance protein (TIR-NBS-LRR class),,,,
661,VIT_12s0028g01410,19,0.0091,Heat shock transcription factor A4A,HSFA4A_3,,vv60037HSF,
662,VIT_03s0017g01940,19,0.0091,Unknown,,,,
663,VIT_02s0012g02580,18,0.0088,No hit,,,,
664,VIT_11s0016g02360,18,0.0087,TET2 (tetraspanin2),,,,
665,VIT_18s0001g14710,18,0.0087,Ketol-acid reductoisomerase precursor,E1_1_1_86,,vv10290Valine_leucine_and_isoleucine_biosynthesis,vv10770Pantothenate_and_CoA_biosynthesis
666,VIT_08s0040g00740,18,0.0087,CTV.22,,,,
667,VIT_19s0014g02950,17,0.0082,No hit,,,,
668,VIT_01s0137g00530,17,0.0082,Unknown,,,,
669,VIT_15s0021g00410,17,0.0082,Transparent testa 12 protein,TT12,,vv50125Porters_cat_66_to_94,
670,VIT_18s0001g01590,17,0.0082,BTB/POZ domain-containing protein,BTBDOM_1,,vv60093TRAF,
671,VIT_14s0108g00280,17,0.0082,Leucine Rich Repeat receptor-like kinase,,,,
672,VIT_05s0077g01620,17,0.0082,No hit,,,,
673,VIT_14s0030g01070,17,0.0082,No hit,,,,
674,VIT_14s0068g00170,17,0.0082,No hit,,,,
675,VIT_05s0049g00500,16,0.0078,Ethylene-responsive transcription factor ERF098,ERF098_2,VvERF110,vv30008Ethylene_signaling,vv60003AP2_EREBP
676,VIT_09s0018g00540,16,0.0078,No hit,,,,
677,VIT_10s0116g00960,16,0.0077,Transcription factor jumonji (jmjC) domain-containing protein,JMJD1B_5,,vv60038Jumonji,
678,VIT_06s0004g05110,16,0.0077,Unknown,,,,
679,VIT_00s2525g00010,16,0.0077,Unknown,,,,
680,VIT_18s0041g02070,16,0.0077,12-oxophytodienoate reductase 1,E1_3_1_42,,vv10592alpha-Linolenic_acid_metabolism,
681,VIT_09s0002g05810,16,0.0077,Boron transporter-like protein 4,BOR4,,vv50124Porters_cat_30_to_64,
682,VIT_02s0025g00720,15,0.0073,Transmembrane protein FT27/PFT27,PFT27,,vv50109Incompletely_characterized_transport_systems,
683,VIT_03s0017g02000,15,0.0073,Anthocyanidin 3-O-glucosyltransferase,E2_4_1_115,,vv10942Anthocyanin_biosynthesis,
684,VIT_06s0009g02600<br>VIT_06s0009g02630,15,0.0073,
685,VIT_07s0031g01010<br>VIT_07s0031g01040<br>VIT_07s0031g01050,15,0.0073,
686,VIT_06s0004g04620,15,0.0073,Unknown,,,,
687,VIT_15s0048g01440,15,0.0073,Geraniol 10-hydroxylase,G10H,,vv10902Monoterpenoid_biosynthesis,
688,VIT_19s0027g00750,15,0.0073,DNA-binding HORMA,,,,
689,VIT_01s0010g03080,15,0.0073,Unknown,,,,
690,VIT_14s0128g00510<br>VIT_14s0128g00550,15,0.0073,
691,VIT_18s0001g01860,15,0.0072,Preprotein translocase secA,K03070,,vv23060Protein_export,vv50113Thylakoid_targeting_pathway
692,VIT_15s0046g00440,15,0.0072,Phosphatidylinositol 3- and 4-kinase / ubiquitin,,,,
693,VIT_18s0117g00180,14,0.0068,CYP71B10,CYP71B10,,vv10940Phenylpropanoid_biosynthesis,
694,VIT_18s0075g00960,14,0.0068,Laccase,E1_10_3_2,,vv11000Single_reactions,vv50109Incompletely_characterized_transport_systems
695,VIT_04s0023g02310,14,0.0068,S-adenosyl-L-methionine:salicylic acid methyltransferase,SAMTBSCMT,,vv10360Phenylalanine_metabolism,
696,VIT_08s0007g01230,13,0.0063,Lectin protein kinase,,,,
697,VIT_11s0016g01780,13,0.0063,HAB1 (homology toABI1),HAB1,,vv30001ABA_signaling,
698,VIT_14s0083g01170,13,0.0063,Mitochondrial substrate carrier family protein,K03454,,vv50123Porters_cat_18_to_29,
699,VIT_00s0275g00030,13,0.0063,Ycf1,,,,
700,VIT_09s0054g01310,12,0.0058,Myosin-like protein XIK,MYOSINXIK,,vv44810Regulation_of_actin_cytoskeleton,
701,VIT_14s0030g02050,12,0.0058,Auxin-induced protein PCNT115,AUXREG,,vv30003Auxin_signaling,
702,VIT_07s0031g00460,12,0.0058,Nicotinate phosphoribosyltransferase,E2_4_2_11,,vv10760Nicotinate_and_nicotinamide_metabolism,
703,VIT_17s0000g06860,12,0.0058,SNAP25ous protein SNAP30,K08509,,vv24130SNARE_interactions_in_vesicular_transport,
704,VIT_05s0020g01140,12,0.0058,Ribosomal protein L18,K02881,,vv23010Ribosome,
705,VIT_07s0031g00970,12,0.0058,Unknown,,,,
706,VIT_02s0025g02770,12,0.0058,Glucan endo-1 3-beta-glucosidase 7 precursor,E3_2_1_39,,vv10500Starch_and_sucrose_metabolism,
707,VIT_03s0088g01180,12,0.0058,Proline iminopeptidase,E3_4_11_5,,vv10330Arginine_and_proline_metabolism,
708,VIT_02s0025g04760,12,0.0058,Splicing factor YT521-B,,,,
709,VIT_18s0122g01310,12,0.0058,RWP-RK domain-containing protein,RWPRKDOM_2,,vv60052RWP-RK,
710,VIT_19s0014g02130,12,0.0058,No hit,,,,
711,VIT_04s0069g00880,12,0.0058,No hit,,,,
712,VIT_10s0116g01310,12,0.0058,F-box family protein,,,,
713,VIT_11s0016g05690,12,0.0058,Myb domain protein 82,MYB82_1,MYB82C,vv60044MYB,
714,VIT_13s0067g02840,12,0.0058,Phosphatidylinositol-4-phosphate 5-kinase,E2_7_1_68,,vv10562Inositol_phosphate_metabolism,vv34070Phosphatidylinositol_signaling_system
715,VIT_14s0108g00350,11,0.0053,3-dehydroquinate synthase,E4_2_3_4,,vv10400Phenylalanine_tyrosine_and_tryptophan_biosynthesis,
716,VIT_15s0021g01130,11,0.0053,Rho GTPase; Rho GTP binding protein,E3_6_5_1,,,
717,VIT_17s0000g04850,10,0.0048,OBF binding protein 4,OBP4,,vv60015C2C2-DOF,
718,VIT_07s0205g00070,10,0.0048,Phosphoenolpyruvate carboxykinase,E4_1_1_49,,vv10020Citrate_cycle,vv10620Pyruvate_metabolism
719,VIT_18s0001g02970,10,0.0048,Glucose-6-phosphate/phosphate translocator related,GPTREL,,vv50122Porters_cat_7_to_17,
720,VIT_12s0055g01160,10,0.0048,Brassinosteroid insensitive 1-associated receptor kinase 1,BAK1,,vv30005Brassinosteroids_signaling,vv34626Plant-pathogen_interaction
721,VIT_12s0121g00220,10,0.0048,Xylan 1 4-beta-xylosidase,E3_2_1_37,,vv10500Starch_and_sucrose_metabolism,vv10520Nucleotide_sugars_metabolism
722,VIT_08s0105g00250,10,0.0048,Aluminum activated malate transporter 1,ALMT1,,vv50125Porters_cat_66_to_94,
723,VIT_14s0006g02980,10,0.0048,Senescence-associated protein,,,,
724,VIT_05s0020g03240,10,0.0048,S-receptor kinase,,,,
725,VIT_04s0023g01830,10,0.0048,U3 small nucleolar RNA-associated protein 22,K14544,,vv23008Ribosome_biogenesis_in_Eukaryotes,
726,VIT_13s0019g05360,9,0.0044,KH domain-containing protein NOVA,,,,
727,VIT_02s0025g03660,9,0.0044,4-coumarate-CoA ligase,E6_2_1_12,,vv10940Phenylpropanoid_biosynthesis,vv50104Group_translocators
728,VIT_03s0063g01280<br>VIT_03s0063g01160,9,0.0044,
729,VIT_11s0016g00880,9,0.0044,Strictosidine synthase; Soluble quinoprotein glucose dehydrogenase,E4_3_3_2,,vv10900Terpenoid_biosynthesis,vv10902Monoterpenoid_biosynthesis
730,VIT_14s0060g00520,9,0.0044,TPA: class III peroxidase 70 precursor,E1_11_1_7,,vv10360Phenylalanine_metabolism,vv10680Methane_metabolism
731,VIT_10s0003g03850,9,0.0044,Protease Do-like 5,,,,
732,VIT_11s0016g01690,9,0.0044,Unknown protein,,,,
733,VIT_19s0014g02120,9,0.0044,Metallothionein,,,,
734,VIT_02s0012g00370,9,0.0044,No hit,,,,
735,VIT_02s0012g01840,9,0.0044,Phosphatidylinositol glycan  class X,K07541,,vv10563Glycosylphosphatidylinositol-anchor_biosynthesis,
736,VIT_18s0076g00380,9,0.0044,ABC transporter F member 6,ABCF6,,vv52010ABC_transporters,
737,VIT_18s0075g00610,9,0.0044,Laccase,E1_10_3_2,,vv11000Single_reactions,vv50109Incompletely_characterized_transport_systems
738,VIT_17s0000g02550,9,0.0044,HMR1 protein,,,,
739,VIT_09s0002g02970,9,0.0044,Unknown,,,,
740,VIT_09s0002g00370,9,0.0043,Unknown protein,,,,
741,VIT_12s0034g01590,9,0.0043,Ribosomal protein S26 (RPS26C) 40S,K02976,,vv23010Ribosome,
742,VIT_09s0054g00520,9,0.0043,Membrane protein ycf1 (RF1),,,,
743,VIT_01s0011g03740,9,0.0043,Glutaminyl-tRNA synthetase,E6_1_1_18,,vv10251Glutamate_metabolism,vv20970Aminoacyl-tRNA_biosynthesis
744,VIT_17s0000g09200,9,0.0043,Unknown protein,,,,
745,VIT_18s0001g03390,9,0.0043,S-receptor kinase,,,,
746,VIT_18s0075g00670,9,0.0043,Laccase,E1_10_3_2,,vv11000Single_reactions,vv50109Incompletely_characterized_transport_systems
747,VIT_15s0046g00170,9,0.0043,MYBPA1 protein [Vitis vinifera],MYBPA1,MYBPA1,vv60044MYB,
748,VIT_01s0182g00020,9,0.0043,Ankyrin repeat family protein,,,,
749,VIT_08s0040g03100,9,0.0043,Glutathione S-transferase GSTO1,E2_5_1_18_GSTO1,,vv10480Glutathione_metabolism,
750,VIT_04s0043g00250,9,0.0043,Nonsense-mediated mRNA decay NMD3,K07562,,vv23008Ribosome_biogenesis_in_Eukaryotes,vv23013RNA_transport
751,VIT_05s0020g01080,8,0.0039,Unknown,,,,
752,VIT_05s0049g01980,7,0.0034,3-isopropylmalate dehydratase large subunit 2,E4_2_1_33,,vv10290Valine_leucine_and_isoleucine_biosynthesis,
753,VIT_15s0107g00210,7,0.0034,Cinnamyl alcohol dehydrogenase,E1_1_1_195,,vv10940Phenylpropanoid_biosynthesis,
754,VIT_12s0034g00030,7,0.0034,Anthocyanidin 3-O-glucosyltransferase,E2_4_1_115,,vv10942Anthocyanin_biosynthesis,
755,VIT_09s0002g08460,7,0.0034,8-amino-7-oxononanoate synthase,E2_3_1_47,,vv10780Biotin_metabolism,
756,VIT_14s0006g03280,7,0.0034,Nuclear matrix constituent protein 1,,,,
757,VIT_12s0028g02540,6,0.0029,Glucan endo-1 3-beta-glucosidase 1 precursor,E3_2_1_39,,vv10500Starch_and_sucrose_metabolism,
758,VIT_00s0762g00040,6,0.0029,S-locus lectin protein kinase,,,,
759,VIT_18s0117g00600,6,0.0029,Laccase,E1_10_3_2,,vv11000Single_reactions,vv50109Incompletely_characterized_transport_systems
760,VIT_01s0137g00460,6,0.0029,RGLG2 (ring Domain LIGASE2),RGLG2,,vv50004Auxin_transport,
761,VIT_07s0151g00260,6,0.0029,Quinone-oxidoreductase  Chloroplast,K03956,,vv10190Oxidative_phosphorylation,vv50134Primary_active_transporter_cat_D1
762,VIT_01s0010g02970,6,0.0029,Calcium-binding protein CML,K13448,,vv34626Plant-pathogen_interaction,
763,VIT_06s0080g00090,6,0.0029,CYP94A1,,,,
764,VIT_18s0001g01820,6,0.0029,NAC domain-containing protein 17,NAC017,VvNAC15,vv60046NAC,
765,VIT_09s0018g01660,6,0.0029,Biopterin transport-related protein BT1,BIOPTERIN,,vv50125Porters_cat_66_to_94,
766,VIT_07s0141g00390,6,0.0029,Glutathione reductase (NADPH),E1_8_1_7,,vv10251Glutamate_metabolism,vv10480Glutathione_metabolism
767,VIT_18s0001g06400,6,0.0029,No hit,,,,
768,VIT_01s0127g00700,6,0.0029,Unknown protein,,,,
769,VIT_16s0050g00760,6,0.0029,Short-chain dehydrogenase/reductase (SDR),,,,
770,VIT_19s0090g00220,6,0.0029,CRS2-associated factor 2  mitochondrial precursor,,,,
771,VIT_05s0020g03380,6,0.0029,WNK1 (with no lysine (K) 1),WNK1,,vv34710Circadian_rhythm,
772,VIT_03s0091g00120,6,0.0029,Prp27-like protein,,,,
773,VIT_15s0045g01120,6,0.0029,6-phosphofructokinase,E2_7_1_11,,vv10010Glycolysis,vv10030Pentose_phosphate
774,VIT_05s0062g00400,6,0.0029,Indole-3-acetate beta-glucosyltransferase 1,E2_4_1_121,,vv11002Auxin_biosynthesis,
775,VIT_08s0058g00790,6,0.0029,Secoisolariciresinol dehydrogenase,SIRD,,vv10940Phenylpropanoid_biosynthesis,
776,VIT_16s0039g02110,6,0.0029,AAA-type ATPase,,,,
777,VIT_05s0020g03280,6,0.0029,Copper amine oxidase,E1_4_3_4,,vv10220Urea_cycle_and_metabolism_of_amino_groups,vv10340Histidine_metabolism
778,VIT_16s0013g01860,6,0.0029,No hit,,,,
779,VIT_01s0011g00990,6,0.0029,RPM1 (resistance to p. syringae pv maculicola 1),K13457,,vv34626Plant-pathogen_interaction,
780,VIT_11s0065g00090,6,0.0029,Unknown,,,,
781,VIT_14s0060g00540,6,0.0029,TPA: class III peroxidase 70 precursor,E1_11_1_7,,vv10360Phenylalanine_metabolism,vv10680Methane_metabolism
782,VIT_12s0034g02000,6,0.0029,Cupin,,,,
783,VIT_01s0146g00300,6,0.0029,Proteasome 20S beta subunit F1 (PBF1),K02732a,,vv23050Proteasome,
784,VIT_05s0020g04680,6,0.0029,Auxin-induced protein 22D,IAA22D_2,,vv30003Auxin_signaling,vv60008AUXIAA
785,VIT_07s0141g00420,6,0.0029,Poly(A)-specific ribonuclease,K01148,,vv23018RNA_degradation,
786,VIT_06s0004g03340,6,0.0029,Ribose-5-phosphate isomerase,E5_3_1_6,,vv10030Pentose_phosphate,vv10710Carbon_fixation
787,VIT_14s0006g00110,6,0.0029,No hit,,,,
788,VIT_03s0063g01300,6,0.0029,No hit,,,,
789,VIT_19s0014g04010,6,0.0029,No hit,,,,
790,VIT_13s0067g02410,6,0.0029,No hit,,,,
791,VIT_06s0004g03540,6,0.0029,MAPK (MPK3),MPK3,,vv30008Ethylene_signaling,vv34626Plant-pathogen_interaction
792,VIT_14s0108g01000,6,0.0029,Calcium-binding EF hand,,,,
793,VIT_19s0014g04450,6,0.0029,S-locus protein kinase,,,,
794,VIT_07s0005g01180,6,0.0029,Unknown protein,,,,
795,VIT_10s0071g00180,6,0.0029,Phosphatidylinositol 3- and 4-kinase / ubiquitin,,,,
796,VIT_19s0014g04490,6,0.0029,S-locus protein kinase,,,,
797,VIT_00s0174g00140,6,0.0029,far-red impaired responsive family protein,FRSFAM_4,,vv60071Orphans_far-red,
798,VIT_01s0010g01160,6,0.0029,Zinc finger (DHHC type),ZFDHHC_4,,vv60079Other_zf-DHHC,
799,VIT_13s0106g00270,6,0.0029,No hit,,,,
800,VIT_08s0040g03040,6,0.0029,Glutathione S-transferase GSTO1,E2_5_1_18_GSTO1,,vv10480Glutathione_metabolism,
801,VIT_00s0753g00030,6,0.0029,No hit,,,,
802,VIT_14s0171g00150,4,0.0020,Avr9/Cf-9 rapidly elicited protein 57,,,,
803,VIT_10s0003g05560,4,0.0019,Pentatricopeptide (PPR) repeat-containing protein,,,,
804,VIT_14s0066g00760,4,0.0019,Disease resistance protein (NBS-LRR class),,,,
805,VIT_04s0008g05720,4,0.0019,Exostosin family protein,K02366,,vv11030Glycan_structures-biosynthesis1,
806,VIT_18s0089g00040,4,0.0019,NBS-LRR disease resistance protein,,,,
807,VIT_04s0008g06850,4,0.0019,Biopterin transport-related protein BT1,BIOPTERIN,,vv50125Porters_cat_66_to_94,
808,VIT_07s0151g01070,3,0.0015,Copalyl diphosphate synthase,E5_5_1_12,,vv10904Diterpenoid_biosynthesis,
809,VIT_14s0030g00670,3,0.0015,Dehydroquinate dehydratase,E4_2_1_10,,vv10400Phenylalanine_tyrosine_and_tryptophan_biosynthesis,
810,VIT_05s0077g00940,3,0.0015,Phytochrome B,PHYB,,vv30011Jasmonate_signaling,vv34710Circadian_rhythm
811,VIT_05s0020g03660,3,0.0015,Biopterin transport protein BT1,BIOPTERIN,,vv50125Porters_cat_66_to_94,
812,VIT_07s0031g00590,3,0.0015,Triacylglycerol lipase,E3_1_1_3,,vv10561Glycerolipid_metabolism,
813,VIT_06s0061g00560,3,0.0015,Exostosin FRA8 (Fragile fiber8),K02366,,vv11030Glycan_structures-biosynthesis1,
814,VIT_18s0166g00060,3,0.0015,No hit,,,,
815,VIT_02s0012g02190,3,0.0015,Cellulose synthase CSLD2,E2_4_1_12_CSLD2,,vv40006Cell_wall,
816,VIT_11s0118g00450,3,0.0015,No hit,,,,
817,VIT_16s0039g02930,3,0.0015,Unknown,,,,
818,VIT_17s0000g09810,3,0.0015,Pectate lyase,E4_2_2_2,,vv40006Cell_wall,
819,VIT_01s0010g03940,3,0.0015,Sphingosine-1-phosphate lyase,E4_1_2_27,,vv10600Sphingolipid_metabolism,
820,VIT_14s0006g02060<br>VIT_14s0006g02050,3,0.0015,
821,VIT_02s0025g04100,3,0.0015,CCR4-NOT transcription complex subunit 2,K12605,,vv23018RNA_degradation,
822,VIT_07s0104g01660,3,0.0015,HAK5 (High affinity K+ transporter 5),HAK5,,vv50125Porters_cat_66_to_94,
823,VIT_01s0011g05850,3,0.0015,SEC14 cytosolic factor,SEC14,,vv50122Porters_cat_7_to_17,
824,VIT_09s0002g02690,3,0.0015,3'-5' exonuclease domain-containing protein,K01146,,,
825,VIT_09s0018g01460,3,0.0015,Receptor kinase TRKe,,,,
826,VIT_18s0001g03990,3,0.0015,Stearoyl-ACP desaturase,E1_14_19_2,,vv11040Biosynthesis_of_unsaturated_fatty_acids,
827,VIT_02s0033g01320,3,0.0015,Amino acid permease,AAPREL,,vv50123Porters_cat_18_to_29,
828,VIT_14s0083g00430,3,0.0015,No hit,,,,
829,VIT_19s0014g02850,3,0.0015,Dynein light subunit lc6  flagellar outer arm,K10418,,vv44810Regulation_of_actin_cytoskeleton,
830,VIT_11s0016g00530,3,0.0015,Adrenodoxin ferredoxin 2,K04755,,,
831,VIT_11s0052g01780,3,0.0015,1-deoxy-D-xylulose-5-phosphate synthase,E2_2_1_7,,vv10100Biosynthesis_of_steroids,
832,VIT_14s0030g00890,3,0.0015,No hit,,,,
833,VIT_08s0007g00850,3,0.0015,EFR (EF-TU receptor),K13428,,vv34626Plant-pathogen_interaction,
834,VIT_02s0012g00890,3,0.0015,Unknown protein,,,,
835,VIT_12s0028g02530,3,0.0015,Zinc finger (C3HC4-type ring finger),ZFC3HC4_36,,vv60078Other_zf-C3HC4,
836,VIT_14s0036g01220,3,0.0015,Ribosomal protein L18P/L5E,K02883,,vv23010Ribosome,
837,VIT_05s0049g01010,3,0.0015,Myb domain protein 14,MYB14_4,MYB13,vv60044MYB,
838,VIT_11s0065g00670,3,0.0015,No hit,,,,
839,VIT_01s0011g03000,3,0.0015,No hit,,,,
840,VIT_02s0025g01560,3,0.0015,UDP-glucose 4-epimerase GEPI48,E5_1_3_2,,vv10052Galactose_metabolism,vv10520Nucleotide_sugars_metabolism
841,VIT_17s0000g02920,3,0.0015,Glutathione S-transferase 25 GSTU7,E2_5_1_18_GSTU7,,vv10480Glutathione_metabolism,
842,VIT_05s0049g02130,3,0.0015,Glutamyl-tRNA(Gln) amidotransferase B,E6_3_5_6,,vv10251Glutamate_metabolism,vv10252Alanine_and_aspartate_metabolism
843,VIT_18s0001g04500,3,0.0015,Enhanced EM level EEL,EEL,VvbZIP43,vv60012BZIP,
844,VIT_03s0132g00390,3,0.0015,Wall-associated kinase 1 (WAK1),,,,
845,VIT_01s0026g00440,3,0.0015,Beta-xylosidase/alpha-L-arabinosidase,E3_2_1_55,,vv10520Nucleotide_sugars_metabolism,
846,VIT_05s0077g01710,3,0.0015,U3 small nucleolar RNA-associated protein 5,K14546,,vv23008Ribosome_biogenesis_in_Eukaryotes,
847,VIT_04s0069g00160,3,0.0015,Transducin family protein / WD-40 repeat,,,,
848,VIT_03s0088g00180,3,0.0015,No hit,,,,
849,VIT_18s0001g02450,3,0.0015,No hit,,,,
850,VIT_04s0069g01010,3,0.0015,Harpin-induced protein,,,,
851,VIT_01s0026g02590,3,0.0015,Calcium-binding protein CML,K13448,,vv34626Plant-pathogen_interaction,
852,VIT_01s0010g00660,3,0.0015,No hit,,,,
853,VIT_06s0004g07240,3,0.0014,UDP-glucoronosyl and UDP-glucosyl transferase,,,,
854,VIT_11s0037g01410,3,0.0014,XBAT32 (XB3 ortholog 2 in Arabidopsis thaliana 32),XBAT32,,vv50108Accessory_factors_involved_in_transport,
855,VIT_01s0026g01730,3,0.0014,WRKY DNA-binding protein 72,WRKY72_1,VvWRKY02,vv60066WRKY,
856,VIT_02s0087g00770,3,0.0014,ABC transporter E member 1,K06174,,vv52010ABC_transporters,
857,VIT_01s0011g05890,3,0.0014,S-adenosyl-L-methionine:salicylic acid carboxyl methyltransferase,SAMTBSCMT,,vv10360Phenylalanine_metabolism,
858,VIT_06s0004g08370,3,0.0014,Unknown protein,,,,
859,VIT_06s0004g06800,3,0.0014,PHD finger transcription factor,PHDFG_18,,vv60048PHD,
860,VIT_16s0022g00700,3,0.0014,Pectinesterase family,E3_1_1_11,,vv40006Cell_wall,
861,VIT_08s0007g03300,3,0.0014,Unknown protein,,,,
862,VIT_00s0174g00270,3,0.0014,D-isomer specific 2-hydroxyacid dehydrogenase  NAD-binding,E1_1_1_272,,vv10272Cysteine_metabolism,
863,VIT_00s0120g00030,3,0.0014,AAA-type ATPase,,,,
864,VIT_05s0102g00210,3,0.0014,Unknown protein,,,,
865,VIT_06s0061g01210,3,0.0014,Lysine histidine transporter 1,LHT1,,vv50123Porters_cat_18_to_29,
866,VIT_12s0034g00910,3,0.0014,R protein L6,K13477,,vv34627R_proteins_from_Plant-pathogen_interaction,
867,VIT_07s0005g05160,3,0.0014,Proteasome 26S AAA-ATPase subunit (RPT2),K03062,,vv23050Proteasome,
868,VIT_01s0026g02040,3,0.0014,No hit,,,,
869,VIT_01s0137g00090,3,0.0014,Aldehyde dehydrogenase (NAD+),E1_2_1_3,vv10561Glycerolipid_metabolism,vv10010Glycolysis,vv10071Fatty_acid_metabolism
870,VIT_18s0001g13150,3,0.0014,BEL1 homeotic protein 3,BLH3,VvHB68,vv60034HB,
871,VIT_07s0031g02730,3,0.0014,Reticulon-like protein B1 RTNLB1,,,,
872,VIT_11s0052g00230,3,0.0014,Accelerated cell death 11 (ACD11),,,,
873,VIT_04s0044g01880,3,0.0014,Auxin Efflux Carrier,AUXEFF,,vv50004Auxin_transport,vv50125Porters_cat_66_to_94
874,VIT_06s0009g03770,3,0.0014,Phycoerythrobilin ferredoxin oxidoreductase,E1_3_7_4,,vv10860Porphyrin_and_chlorophyll_metabolism,
875,VIT_02s0025g00540,3,0.0014,Unknown,,,,
876,VIT_00s0347g00060<br>VIT_00s0762g00020<br>VIT_00s0347g00080<br>VIT_00s0743g00010,3,0.0014,
877,VIT_01s0026g02650,3,0.0014,KH domain-containing protein,,,,
878,VIT_18s0001g11130,3,0.0014,Calmodulin-binding protein AR781,,,,
879,VIT_00s0521g00040<br>VIT_00s0687g00030,3,0.0014,
880,VIT_14s0006g00710,3,0.0014,TIP41,,,,
881,VIT_18s0041g01430,3,0.0014,TIR-NBS-LRR-TIR disease resistance protein,,,,
882,VIT_14s0036g00990,3,0.0014,Polyubiquitin (UBQ4),,,,
883,VIT_12s0057g01150,3,0.0014,AarF domain containing kinase,K08869,,,
884,VIT_16s0013g01610,3,0.0014,Ribosomal protein P1  acidic 60S,K02942,,vv23010Ribosome,
885,VIT_17s0000g08200,3,0.0014,Phosphoglycerate/bisphosphoglycerate mutase,E5_4_2_1,,vv10010Glycolysis,
886,VIT_05s0102g00560,3,0.0014,Peptidyl-prolyl cis-trans isomerase E,K09564,,vv23040Spliceosome,
887,VIT_15s0021g01600,3,0.0014,Ethylene responsive element binding factor 2,ERF2,VvERF073,vv30008Ethylene_signaling,
888,VIT_01s0011g05240,3,0.0014,No hit,,,,
889,VIT_03s0038g03810,3,0.0014,Serine/threonine Protein kinase BNK1,,,,
890,VIT_18s0001g08820,3,0.0014,Unknown protein,,,,
891,VIT_19s0015g02610,3,0.0014,Glutathione S-transferase 25 GSTU25,E2_5_1_18_GSTU25,,vv10480Glutathione_metabolism,
