Vv_m2,2000,1000,VIT_10s0042g00910
rank,node,Fabs,Frel,Functional-annotation,Name-EC-KeggID,Updated-name,Network1,Network2
1,VIT_16s0100g01000,2085,1.0000,Stilbene synthase 4,E2_3_1_95,,vv10940Phenylpropanoid_biosynthesis,
2,VIT_10s0042g00880,2063,1.0000,Stilbene synthase [Vitis pseudoreticulata],E2_3_1_95,,vv10940Phenylpropanoid_biosynthesis,
3,VIT_10s0042g00930<br>VIT_10s0042g00890<br>VIT_10s0042g00870<br>VIT_10s0042g00860<br>VIT_10s0042g00920,2067,1.0000,
4,VIT_10s0042g00850,2068,1.0000,Stilbene synthase [Vitis pseudoreticulata],E2_3_1_95,,vv10940Phenylpropanoid_biosynthesis,
5,VIT_07s0005g03220,2073,0.9986,Ethylene-responsive transcription factor ERF098,ERF098_1,VvERF098,vv30008Ethylene_signaling,vv60003AP2_EREBP
6,VIT_06s0004g00020,2061,0.9966,NAC domain containing protein 32,NAC032,VvNAC44,vv60046NAC,
7,VIT_07s0104g01160,2045,0.9966,Substrate carrier   Mitochondrial,K03454,,vv50123Porters_cat_18_to_29,
8,VIT_08s0058g00690,2056,0.9961,WRKY DNA-binding protein 33,WRKY33_3,VvWRKY24,vv34626Plant-pathogen_interaction,vv60066WRKY
9,VIT_01s0026g00820,2050,0.9884,IAA-amino acid hydrolase 1 (ILR1),K01463,,vv11002Auxin_biosynthesis,
10,VIT_11s0016g01970,2040,0.9874,Calmodulin-binding region IQD6,,,,
11,VIT_07s0005g01190,2023,0.9797,Unknown protein,,,,
12,VIT_16s0100g00860<br>VIT_16s0100g00940<br>VIT_16s0100g00800<br>VIT_16s0100g00920<br>VIT_16s0100g00930<br>VIT_16s0100g00810<br>VIT_16s0100g00840<br>VIT_16s0100g00850,1985,0.9627,
13,VIT_10s0042g00840,1985,0.9603,Stilbene synthase [Vitis pseudoreticulata],E2_3_1_95,,vv10940Phenylpropanoid_biosynthesis,
14,VIT_09s0002g05360<br>VIT_09s0002g05400<br>VIT_09s0002g05490<br>VIT_09s0002g05590,1980,0.9584,
15,VIT_16s0100g01150,1983,0.9524,Stilbene synthase [Vitis vinifera],E2_3_1_95,,vv10940Phenylpropanoid_biosynthesis,
16,VIT_05s0020g02730,1950,0.9508,Nectarin IV NEC4,,,,
17,VIT_09s0054g00910,1967,0.9502,Chaperone BCS1 mitochondrial,K08900,,,
18,VIT_11s0016g02070,1943,0.9414,Basic helix-loop-helix (bHLH) family,BHLHDOM_63,,vv60011BHLH,
19,VIT_19s0015g00300,1932,0.9388,KCO1 (two pore K channel),K05389_KCO1,,vv50101Channels_and_pores,
20,VIT_16s0100g01140,1950,0.9384,Stilbene synthase 2,E2_3_1_95,,vv10940Phenylpropanoid_biosynthesis,
21,VIT_16s0100g00880,1912,0.9250,Stilbene synthase [Vitis pseudoreticulata],E2_3_1_95,,vv10940Phenylpropanoid_biosynthesis,
22,VIT_19s0135g00010,1903,0.9207,Ureide permease 2 (AtUPS2),UPS2,,vv50122Porters_cat_7_to_17,
23,VIT_08s0007g03310,1891,0.9175,Unknown,,,,
24,VIT_09s0002g07220,1902,0.9175,Unknown,,,,
25,VIT_08s0007g00620,1873,0.9070,Zinc finger (DHHC type),ZFDHHC_8,,vv60079Other_zf-DHHC,
26,VIT_06s0004g01630,1866,0.9045,Transcription factor jumonji (jmjC) domain-containing protein,JMJD5,,vv60038Jumonji,
27,VIT_15s0021g01630,1870,0.9043,Ethylene responsive element binding factor 2,ERF2_1,,vv30008Ethylene_signaling,vv60003AP2_EREBP
28,VIT_14s0083g00920,1844,0.9039,No hit,,,,
29,VIT_02s0109g00390,1852,0.8973,N-hydroxycinnamoyl/benzoyltransferase 5,,,,
30,VIT_18s0001g15150,1849,0.8932,Unknown protein,,,,
31,VIT_18s0001g10200<br>VIT_18s0001g10230,1846,0.8931,
32,VIT_00s0316g00060,1831,0.8854,HcrVf1 protein,,,,
33,VIT_16s0100g01130,1824,0.8833,Stilbene synthase [Vitis vinifera],E2_3_1_95,,vv10940Phenylpropanoid_biosynthesis,
34,VIT_16s0100g01040,1828,0.8831,Stilbene synthase - grape,E2_3_1_95,,vv10940Phenylpropanoid_biosynthesis,
35,VIT_00s0301g00090,1810,0.8786,NDA2 (alternative NAD(P)H dehydrogenase 2),K03885,,vv10190Oxidative_phosphorylation,vv50134Primary_active_transporter_cat_D1
36,VIT_14s0219g00070,1811,0.8719,Zinc finger (C2H2 type) family,C2H2FAM_25,,vv60017C2H2,
37,VIT_01s0010g02350,1800,0.8712,Protein phosphatase 2 (formerly 2A)  regulatory subunit B',K11584,,vv23015mRNA_surveillance_pathway,
38,VIT_18s0001g01960,1806,0.8699,RKF3 (receptor-like kinase IN in flowers 3),,,,
39,VIT_16s0100g01060,1786,0.8641,Stilbene synthase,E2_3_1_95,,vv10940Phenylpropanoid_biosynthesis,
40,VIT_13s0067g00120,1791,0.8631,GCN5 N-acetyltransferase (GNAT),GCN5_18,,vv60082GNAT,
41,VIT_18s0001g04640,1784,0.8631,No hit,,,,
42,VIT_17s0000g03100,1790,0.8618,Protein phosphatase 2C,E3_1_3_16,,,
43,VIT_16s0100g00960,1780,0.8603,Stilbene synthase [Vitis pseudoreticulata],E2_3_1_95,,vv10940Phenylpropanoid_biosynthesis,
44,VIT_09s0002g05370,1731,0.8318,ABC transporter g family pleiotropic drug resistance 12 PDR12,ABCGPDR12,,vv52010ABC_transporters,
45,VIT_18s0001g10100,1690,0.8240,Ubiquitin-conjugating enzyme E2 I,K10577,,vv23013RNA_transport,vv24120Ubiquitin_mediated_proteolysis
46,VIT_02s0025g03300,1715,0.8229,Potassium channel tetramerisation domain-containing protein,KCTREL,,vv50101Channels_and_pores,
47,VIT_13s0019g03990,1685,0.8176,Unknown protein,,,,
48,VIT_04s0008g01470,1673,0.8121,WRKY DNA-binding protein 50,WRKY50,VvWRKY06,vv60066WRKY,
49,VIT_09s0002g04720,1687,0.8111,Coatomer protein complex  subunit beta 2,COPB2,,vv50110Protein_coat,
50,VIT_14s0060g01940,1667,0.8026,Epoxide hydrolase,E3_3_2_10,,,
51,VIT_07s0031g01090,1664,0.8023,Ascorbate oxidase,E1_10_3_3,,vv10053Ascorbate_and_aldarate_metabolism,vv50109Incompletely_characterized_transport_systems
52,VIT_12s0034g02180,1651,0.8003,Aminomethyltransferase,E2_1_2_10,,vv10260Glycine_serine_and_threonine_metabolism,vv10670One_carbon_pool_by_folate
53,VIT_12s0028g03810,1646,0.7986,DTW domain-containing protein,,,,
54,VIT_13s0156g00590,1656,0.7985,S-receptor kinase,,,,
55,VIT_09s0002g05170,1651,0.7984,Unknown protein,,,,
56,VIT_00s0226g00100,1640,0.7923,Regulator of chromosome condensation (RCC1),RCC1,,vv50112Nuclear_pore_complex,
57,VIT_18s0117g00290,1636,0.7865,Coatomer protein complex  subunit beta 2,COPB2,,vv50110Protein_coat,
58,VIT_16s0100g01160,1622,0.7851,Stilbene synthase [Vitis vinifera],E2_3_1_95,,vv10940Phenylpropanoid_biosynthesis,
59,VIT_12s0059g01660,1624,0.7834,3-oxoacyl-[acyl-carrier-protein] synthase II,E2_3_1_179,,vv10061Fatty_acid_biosynthesis,
60,VIT_16s0100g01010<br>VIT_16s0100g00950<br>VIT_16s0100g01030<br>VIT_16s0100g00990,1625,0.7820,
61,VIT_05s0077g01690,1616,0.7814,Pathogenesis protein 10 [Vitis vinifera],,,,
62,VIT_16s0022g00610,1615,0.7776,Unknown protein,,,,
63,VIT_00s0410g00040,1601,0.7746,Anthranilate N-benzoyltransferase protein 1,E2_3_1_144,,vv10400Phenylalanine_tyrosine_and_tryptophan_biosynthesis,
64,VIT_07s0129g01010,1607,0.7745,Unknown,,,,
65,VIT_19s0027g00860,1596,0.7699,NAC domain-containing protein 42,NAC042_2,VvNAC31,vv60046NAC,
66,VIT_17s0119g00070,1584,0.7641,Unknown protein,,,,
67,VIT_01s0011g03850,1570,0.7618,Unknown protein,,,,
68,VIT_05s0020g04680,1576,0.7614,Auxin-induced protein 22D,IAA22D_2,,vv30003Auxin_signaling,vv60008AUXIAA
69,VIT_18s0001g05410,1541,0.7502,No hit,,,,
70,VIT_02s0234g00130,1546,0.7483,Ethylene responsive element binding factor 1,ERF1_9,VvERF076,vv30008Ethylene_signaling,vv30011Jasmonate_signaling
71,VIT_01s0011g00380,1544,0.7463,SP1L1 (SPIRAL1-like1),,,,
72,VIT_15s0024g00400,1522,0.7363,R protein MLA10,K13475,,vv34627R_proteins_from_Plant-pathogen_interaction,
73,VIT_16s0039g01240<br>VIT_16s0039g01360<br>VIT_16s0039g01130<br>VITisv_009233<br>VIT_16s0039g01100<br>VIT_00s2508g00010<br>VITisv_032212<br>VIT_16s0039g01120<br>VIT_16s0039g01320<br>VIT_00s2849g00010<br>VIT_16s0039g01300<br>VIT_16s0039g01170<br>VIT_16s0039g01280,1496,0.7238,
74,VIT_11s0016g00570,1489,0.7214,Dimethylaniline monooxygenase (N-oxide forming) 2,E1_14_13_8,,vv11000Single_reactions,
75,VIT_16s0100g00760,1477,0.7135,Stilbene synthase 2 [Vitis sp. cv. 'Norton'],E2_3_1_95,,vv10940Phenylpropanoid_biosynthesis,
76,VIT_07s0031g03060,1448,0.7039,NSL1 (necrotic spotted lesions 1),,,,
77,VIT_09s0070g00260,1431,0.6926,No hit,,,,
78,VIT_16s0100g00750,1425,0.6894,Stilbene synthase,E2_3_1_95,,vv10940Phenylpropanoid_biosynthesis,
79,VIT_04s0044g00230,1421,0.6851,Monooxygenase (MO2),,,,
80,VIT_16s0100g00830<br>VIT_16s0100g01120<br>VIT_16s0100g00780<br>VIT_16s0100g00910,1420,0.6814,
81,VIT_01s0127g00700,1405,0.6774,Unknown protein,,,,
82,VIT_03s0017g01990,1383,0.6678,UDP-glucose glucosyltransferase,E2_4_1_35,,vv10500Starch_and_sucrose_metabolism,
83,VIT_12s0059g01720,1359,0.6549,No hit,,,,
84,VIT_16s0100g01190,1343,0.6516,Stilbene synthase [Vitis vinifera],E2_3_1_95,,vv10940Phenylpropanoid_biosynthesis,
85,VIT_19s0015g01100,1340,0.6461,Peptidyl-prolyl cis-trans isomerase  FKBP-type,K01802,,,
86,VIT_09s0002g05600,1330,0.6431,ABC transporter g family pleiotropic drug resistance 12 PDR12,ABCGPDR12,,vv52010ABC_transporters,
87,VIT_03s0063g02650,1314,0.6320,Hydrolase  alpha/beta fold,,,,
88,VIT_10s0116g01360<br>VIT_10s0116g01290<br>VIT_10s0116g01330<br>VIT_10s0116g01270,1298,0.6310,
89,VIT_15s0048g02070,1292,0.6254,BON2-associated protein (BAP2),,,,
90,VIT_18s0075g00810,1282,0.6181,Laccase,E1_10_3_2,,vv11000Single_reactions,vv50109Incompletely_characterized_transport_systems
91,VIT_19s0085g00290,1258,0.6110,RRNA methylase,,,,
92,VIT_00s0250g00090,1255,0.6072,Oxidoreductase  2OG-Fe(II) oxygenase,,,,
93,VIT_04s0008g00110,1231,0.5990,Jasmonate ZIM domain-containing protein 8,JAZ8_3,,vv30011Jasmonate_signaling,vv60069ZIM
94,VIT_16s0100g00770,1224,0.5953,Stilbene synthase,E2_3_1_95,,vv10940Phenylpropanoid_biosynthesis,
95,VIT_07s0031g01660,1234,0.5953,CYP86A2,,,,
96,VIT_19s0027g00870,1224,0.5936,NAC domain-containing protein 42,NAC042_3,VvNAC30,vv60046NAC,
97,VIT_07s0031g02420,1226,0.5928,F-box domain containing protein,,,,
98,VIT_15s0024g00410,1209,0.5875,Lectin,,,,
99,VIT_16s0100g01200<br>VIT_16s0100g01070,1224,0.5873,
100,VIT_03s0088g00450,1187,0.5779,FKBP12-rapamycin complex-associated protein,K07203,,vv34150mTOR_signaling_pathway,
101,VIT_04s0008g00800,1188,0.5764,Ferrochelatase-2,E4_99_1_1,,vv10860Porphyrin_and_chlorophyll_metabolism,
102,VIT_14s0060g00540,1167,0.5665,TPA: class III peroxidase 70 precursor,E1_11_1_7,,vv10360Phenylalanine_metabolism,vv10680Methane_metabolism
103,VIT_01s0146g00320,1159,0.5610,No hit,,,,
104,VIT_11s0118g00450,1158,0.5605,No hit,,,,
105,VIT_19s0014g05110,1148,0.5554,Unknown,,,,
106,VIT_05s0020g04670,1131,0.5469,No hit,,,,
107,VIT_18s0075g00530,1122,0.5444,Laccase,E1_10_3_2,,vv11000Single_reactions,vv50109Incompletely_characterized_transport_systems
108,VIT_12s0055g01240,1117,0.5443,P-glycoprotein 11,PGP11,,vv52010ABC_transporters,
109,VIT_10s0116g01310,1116,0.5425,F-box family protein,,,,
110,VIT_10s0003g03800,1121,0.5423,Jasmonate ZIM domain-containing protein 8,JAZ8_1,,vv30011Jasmonate_signaling,vv60069ZIM
111,VIT_07s0031g01010<br>VIT_07s0031g01040<br>VIT_07s0031g01050,1117,0.5404,
112,VIT_11s0037g00400,1118,0.5391,Zinc finger (C2H2 type) family,C2H2FAM_28,,vv60017C2H2,
113,VIT_14s0081g00190,1112,0.5377,No hit,,,,
114,VIT_05s0020g03690<br>VIT_05s0020g03710,1110,0.5342,
115,VIT_01s0010g03860,1100,0.5337,Unknown,,,,
116,VIT_14s0081g00210,1110,0.5324,No hit,,,,
117,VIT_16s0050g00410,1088,0.5256,Photoassimilate-responsive protein PAR-1a,,,,
118,VIT_16s0050g02510,1082,0.5245,WRKY DNA-binding protein 53,WRKY53_1,VvWRKY51,vv60066WRKY,
119,VIT_13s0156g00580,1071,0.5191,S-receptor kinase,,,,
120,VIT_00s0211g00050,1075,0.5163,Protein BRICK1 (AtBRK1),K05752,,vv44810Regulation_of_actin_cytoskeleton,
121,VIT_08s0040g01860,1067,0.5130,Unknown protein,,,,
122,VIT_18s0001g06400,1056,0.5126,No hit,,,,
123,VIT_07s0104g01500,1060,0.5106,Transcription termination factor mitochondrial mTERF,MTERF_10,,vv60085MTERF,
124,VIT_06s0004g00830,1042,0.5093,Serine/threonine protein phosphatase PP2A-4 catalytic subunit (PP2A4),K04382,,vv23015mRNA_surveillance_pathway,vv34020Calcium_signaling_pathway
125,VIT_03s0063g00820,1045,0.5075,Carboxyesterase 12; CXE12,E3_1_1_1,,,
126,VIT_14s0060g02760,1034,0.5044,Germin-like protein 3 [Vitis vinifera],,,,
127,VIT_18s0001g01470,1046,0.5039,No hit,,,,
128,VIT_05s0020g03240,1037,0.5015,S-receptor kinase,,,,
129,VIT_08s0040g00590,1042,0.5007,Zinc finger (C3HC4-type ring finger),ZFC3HC4_43,,vv60078Other_zf-C3HC4,
130,VIT_01s0026g02640,1031,0.4995,UbiE/COQ5 methyltransferase,K06127,,vv10130Ubiquinone_biosynthesis,
131,VIT_04s0069g00310<br>VIT_06s0061g00370,1026,0.4990,
132,VIT_19s0015g00290,1032,0.4983,No hit,,,,
133,VIT_11s0065g00350,1025,0.4952,Trans-cinnamate 4-monooxygenase,E1_14_13_11,,vv10360Phenylalanine_metabolism,vv10940Phenylpropanoid_biosynthesis
134,VIT_09s0002g05610,1024,0.4949,Unknown,,,,
135,VIT_17s0000g04370,1018,0.4935,Wall-associated kinase,,,,
136,VIT_16s0039g01110,1001,0.4838,Phenylalanin ammonia-lyase [Vitis vinifera],E4_3_1_5,,vv10350Tyrosine_metabolism,vv10360Phenylalanine_metabolism
137,VIT_13s0156g00570,999,0.4817,S-receptor kinase,,,,
138,VIT_16s0039g00350,983,0.4770,Unknown protein,,,,
139,VIT_13s0064g01470,990,0.4766,Urophorphyrin III methylase,E2_1_1_107,,vv10860Porphyrin_and_chlorophyll_metabolism,
140,VIT_07s0031g00530,986,0.4759,MAPKKK21,,,,
141,VIT_00s1206g00020,976,0.4742,WD-40 repeat,,,,
142,VIT_10s0003g01710,979,0.4739,Ubiquitin domain containing 2,,,,
143,VIT_00s0421g00020,984,0.4738,Hcr2-5B,,,,
144,VIT_05s0062g00790,978,0.4688,NSL1 (necrotic spotted lesions 1),,,,
145,VIT_12s0059g00170,966,0.4680,GCN5 N-acetyltransferase (GNAT),GCN5_16,,vv60082GNAT,
146,VIT_00s1212g00020,963,0.4675,Laccase,E1_10_3_2,,vv11000Single_reactions,vv50109Incompletely_characterized_transport_systems
147,VIT_14s0068g00890,968,0.4674,Mitochondrial substrate carrier family protein,K03454,,vv50123Porters_cat_18_to_29,
148,VIT_01s0011g00480,964,0.4659,Aspartate/glutamate/uridylate kinase,E2_7_2_11,,vv10220Urea_cycle_and_metabolism_of_amino_groups,
149,VIT_07s0031g02520,964,0.4650,Unknown protein,,,,
150,VIT_08s0007g08080,962,0.4643,G protein beta subunit-like,K08266,,vv34150mTOR_signaling_pathway,
151,VIT_05s0062g00920,954,0.4629,No hit,,,,
152,VIT_02s0025g00720,953,0.4608,Transmembrane protein FT27/PFT27,PFT27,,vv50109Incompletely_characterized_transport_systems,
153,VIT_11s0016g01310,949,0.4576,TT2 (transparent testa 2),TT2_5,MYBPA4,vv44110Cell_cycle,vv60044MYB
154,VIT_18s0001g10240,948,0.4558,N-hydroxycinnamoyl/benzoyltransferase 6,,,,
155,VIT_10s0003g00790,925,0.4501,Glutamate receptor protein,GLR2_7,,vv50101Channels_and_pores,
156,VIT_11s0016g03190,923,0.4450,Unknown,,,,
157,VIT_09s0002g05440,914,0.4428,ABC transporter g family pleiotropic drug resistance 12 PDR12,ABCGPDR12,,vv52010ABC_transporters,
158,VIT_16s0098g00220,912,0.4393,Membrane located receptor,,,,
159,VIT_00s0181g00160,888,0.4298,F-box family protein,,,,
160,VIT_11s0016g01340,886,0.4274,Unknown protein,,,,
161,VIT_08s0032g01220,885,0.4273,Calcium dependent protein kinase 1,CPK1,,vv34626Plant-pathogen_interaction,
162,VIT_05s0049g01200,883,0.4264,S-locus lectin protein kinase,,,,
163,VIT_14s0060g02750<br>VIT_14s0128g00970<br>VIT_14s0128g00990<br>VIT_14s0128g00980<br>VIT_14s0128g01010<br>VIT_14s0128g01030<br>VIT_14s0128g01020<br>VIT_14s0128g01040,880,0.4262,
164,VIT_04s0008g05210,882,0.4261,BZIP protein HY5 (HY5),HY5_1,VvbZIP10,vv60012BZIP,
165,VIT_06s0004g04950,878,0.4244,Scarecrow-like transcription factor 14 SCL14,SCL14_11,,vv60032GRAS,
166,VIT_06s0004g01670,876,0.4230,UDP-glucoronosyl and UDP-glucosyl transferase,,,,
167,VIT_01s0010g01970<br>VIT_01s0010g01980,878,0.4227,
168,VIT_09s0054g00580<br>VIT_09s0054g00570,869,0.4210,
169,VIT_00s0760g00010,864,0.4204,H(+)-ATPase 7 AHA7,K01535,,vv10190Oxidative_phosphorylation,vv50131Primary_active_transporter_cat_A2_to_A4
170,VIT_14s0108g00890,862,0.4182,Beta-1 3-galactosyltransferase,K07819,,vv10602Glycosphingolipid_biosynthesis,
171,VIT_07s0005g02660,860,0.4175,ABC transporter B member 13,ABCB13,,vv52010ABC_transporters,
172,VIT_05s0077g01530,861,0.4159,Pathogenesis protein 10 [Vitis vinifera],,,,
173,VIT_14s0060g02060,856,0.4157,Tetratricopeptide repeat (TPR)-containing,,,,
174,VIT_18s0117g00300,851,0.4145,Coatomer protein complex  subunit beta 2,COPB2,,vv50110Protein_coat,
175,VIT_00s0254g00040,854,0.4136,Heat shock cognate 70 kDa protein 3 (HSC70-3) (HSP70-3),HSC703,,vv23040Spliceosome,vv24141Protein_processing_in_endoplasmic_reticulum
176,VIT_00s0471g00020,856,0.4135,Unknown,,,,
177,VIT_00s0207g00250,851,0.4119,No hit,,,,
178,VIT_18s0001g01590,850,0.4114,BTB/POZ domain-containing protein,BTBDOM_1,,vv60093TRAF,
179,VIT_13s0019g05050,851,0.4111,Nodulin-like protein,,,,
180,VIT_12s0028g01450,843,0.4104,S-receptor kinase,,,,
181,VIT_09s0002g05380,848,0.4103,ABC transporter g family pleiotropic drug resistance 12 PDR12,ABCGPDR12,,vv52010ABC_transporters,
182,VIT_13s0074g00800,852,0.4096,CCHC-type integrase,,,,
183,VIT_09s0002g05470,848,0.4083,ABC transporter g family pleiotropic drug resistance 12 PDR12,ABCGPDR12,,vv52010ABC_transporters,
184,VIT_14s0060g02320,838,0.4074,Respiratory burst oxidase protein B (ATRBOHB),RBOHB,,vv34626Plant-pathogen_interaction,vv50105Transport_electron_carriers
185,VIT_06s0009g03130,840,0.4056,Cytochrome P450  family 79  subfamily A  polypeptide 2,K12153,,vv10966Glucosinolate_biosynthesis,
186,VIT_08s0007g01110,836,0.4050,No hit,,,,
187,VIT_16s0100g01110,840,0.4046,Resveratrol synthase (RS1),E2_3_1_95,,vv10940Phenylpropanoid_biosynthesis,
188,VIT_11s0078g00290,833,0.4038,Cinnamate 4-hydroxylase,E1_14_13_11,,vv10360Phenylalanine_metabolism,vv10940Phenylpropanoid_biosynthesis
189,VIT_16s0022g02350,826,0.4012,ACI13,,,,
190,VIT_16s0100g01100,830,0.4012,Stilbene synthase,E2_3_1_95,,vv10940Phenylpropanoid_biosynthesis,
191,VIT_00s1463g00010,829,0.4011,Protease Do-like 5,,,,
192,VIT_02s0236g00120,822,0.3983,Unknown,,,,
193,VIT_03s0017g00650,819,0.3957,GTP cyclohydrolase II,E3_5_4_25,,vv10740Riboflavin_metabolism,
194,VIT_18s0117g00180,808,0.3903,CYP71B10,CYP71B10,,vv10940Phenylpropanoid_biosynthesis,
195,VIT_02s0087g00320,800,0.3902,Glycosyl transferase family 1 protein,,,,
196,VIT_16s0050g00480,805,0.3900,CYP715A1,,,,
197,VIT_14s0068g01250,792,0.3824,Mitochondrial phosphate transporter,MPHOSPTR,,vv50123Porters_cat_18_to_29,
198,VIT_01s0026g01140,790,0.3824,ZCW32 (BIGPETAL  BIGPETALUB),ZCW32_2,,vv60011BHLH,
199,VIT_12s0057g01090,772,0.3740,Nudix hydrolase 2,,,,
200,VIT_19s0090g00220,778,0.3730,CRS2-associated factor 2  mitochondrial precursor,,,,
201,VIT_13s0019g01470,768,0.3721,Geranylgeranyltransferase type I beta subunit,E2_5_1_59,,vv10100Biosynthesis_of_steroids,
202,VIT_13s0019g04060,769,0.3713,MLO1,K08472,,,
203,VIT_06s0004g00230,770,0.3709,WRKY DNA-binding protein 48,WRKY48_2,VvWRKY15,vv60066WRKY,
204,VIT_10s0042g00590,767,0.3704,Leucine-rich repeat receptor-like protein kinase 1,,,,
205,VIT_00s2648g00010,759,0.3670,FAD-dependent pyridine nucleotide-disulphide oxidoreductase,,,,
206,VIT_09s0002g04150,748,0.3642,Isochorismatase protein rutB,E3_3_2_1,,vv10130Ubiquinone_biosynthesis,
207,VIT_12s0057g00420,752,0.3638,Auxin-responsive protein AIR12,AIR12,,vv30003Auxin_signaling,
208,VIT_09s0002g06890,750,0.3634,Dicyanin blue copper protein,,,,
209,VIT_17s0000g06860,749,0.3632,SNAP25ous protein SNAP30,K08509,,vv24130SNARE_interactions_in_vesicular_transport,
210,VIT_06s0009g00370,748,0.3598,U-box domain-containing protein,,,,
211,VIT_02s0025g02240,737,0.3550,WD-40 repeat,,,,
212,VIT_00s0261g00020,730,0.3530,Unknown protein,,,,
213,VIT_09s0002g05430,722,0.3495,ABC transporter g family pleiotropic drug resistance 12 PDR12,ABCGPDR12,,vv52010ABC_transporters,
214,VIT_17s0000g08540,718,0.3487,Lipase GDSL,,,,
215,VIT_03s0038g03810,714,0.3478,Serine/threonine Protein kinase BNK1,,,,
216,VIT_00s0652g00030,719,0.3462,Microtubule organization 1 protein (MOR1),MOR1,,vv44810Regulation_of_actin_cytoskeleton,
217,VIT_02s0109g00430,711,0.3451,Nitrilase 4 (NIT4),K13035,,vv10910Nitrogen_metabolism,
218,VIT_13s0019g04150,714,0.3446,Receptor protein kinase CRINKLY4 precursor,,,,
219,VIT_13s0019g04440,712,0.3430,Zinc finger (C3HC4-type ring finger),ZFC3HC4_163,,vv60078Other_zf-C3HC4,
220,VIT_01s0011g06140,710,0.3423,Avr9/Cf-9 rapidly elicited protein,,,,
221,VIT_00s0762g00010,706,0.3412,S-locus lectin protein kinase family,,,,
222,VIT_07s0005g04320,699,0.3380,No hit,,,,
223,VIT_15s0048g02950,694,0.3367,Unknown,,,,
224,VIT_03s0091g00460,699,0.3359,Unknown protein,,,,
225,VIT_10s0071g00230,690,0.3333,HcrVf1 protein,,,,
226,VIT_18s0075g00660,687,0.3332,Disease resistance protein (TIR-NBS-LRR class),,,,
227,VIT_09s0018g00240,680,0.3303,WRKY DNA-binding protein 40,WRKY40,VvWRKY28,vv60066WRKY,
228,VIT_02s0033g01320,674,0.3262,Amino acid permease,AAPREL,,vv50123Porters_cat_18_to_29,
229,VIT_14s0066g00210,670,0.3248,Unknown protein,,,,
230,VIT_18s0166g00190,670,0.3230,U-box domain-containing protein,,,,
231,VIT_17s0000g04360,663,0.3209,Wall-associated kinase 2 (WAK2),,,,
232,VIT_16s0098g00460,656,0.3184,Lipase class 3,,,,
233,VIT_19s0015g02610,648,0.3156,Glutathione S-transferase 25 GSTU25,E2_5_1_18_GSTU25,,vv10480Glutathione_metabolism,
234,VIT_02s0087g00330,650,0.3140,Glycosyl transferase family 1 protein,,,,
235,VIT_16s0050g00430,644,0.3125,Photoassimilate-responsive protein PAR-1a,,,,
236,VIT_01s0011g00530,648,0.3120,Ureide permease 2 (AtUPS2),UPS2,,vv50122Porters_cat_7_to_17,
237,VIT_13s0019g04870,637,0.3095,Unknown protein,,,,
238,VIT_03s0063g02560,637,0.3085,Phenylalanyl-tRNA synthetase alpha chain,E6_1_1_20,,vv10400Phenylalanine_tyrosine_and_tryptophan_biosynthesis,vv20970Aminoacyl-tRNA_biosynthesis
239,VIT_05s0077g01570,639,0.3074,Pathogenesis protein 10 [Vitis vinifera],,,,
240,VIT_10s0003g04200,629,0.3052,Lipase class 3,,,,
241,VIT_03s0063g01910,621,0.2984,Integral membrane protein,,,,
242,VIT_19s0014g01530,617,0.2976,Protein kinase,,,,
243,VIT_08s0056g00300,608,0.2951,Unknown,,,,
244,VIT_05s0094g00160,605,0.2933,No hit,,,,
245,VIT_02s0033g01380,597,0.2894,Alternative oxidase 1D,AOX1D,,vv30001ABA_signaling,
246,VIT_15s0048g01860,594,0.2867,No hit,,VvERF041,,
247,VIT_01s0010g00540,585,0.2834,BIM2 (BES1-interacting Myc-like protein 2,BIM2_2,,vv30005Brassinosteroids_signaling,vv60011BHLH
248,VIT_06s0004g01010,582,0.2831,Dirigent protein pDIR9,,,,
249,VIT_14s0068g01300,572,0.2767,Serine palmitoyltransferase,E2_3_1_50,,vv10600Sphingolipid_metabolism,
250,VIT_07s0005g05780,563,0.2718,Pantoate--beta-alanine ligase,E6_3_2_1,,vv10410Beta-alanine_metabolism,vv10770Pantothenate_and_CoA_biosynthesis
251,VIT_04s0008g02530,556,0.2702,ATP binding protein,,,,
252,VIT_07s0031g01120,556,0.2699,Ascorbate oxidase,E1_10_3_3,,vv10053Ascorbate_and_aldarate_metabolism,vv50109Incompletely_characterized_transport_systems
253,VIT_12s0059g01380,559,0.2693,1-aminocyclopropane-1-carboxylate oxidase 1,E1_14_17_4,,vv10640Propanoate_metabolism,vv30008Ethylene_signaling
254,VIT_14s0108g01000,558,0.2692,Calcium-binding EF hand,,,,
255,VIT_18s0001g10120,547,0.2644,SPla/RYanodine receptor (SPRY) domain-containing protein,,,,
256,VIT_09s0054g00430,540,0.2605,Unknown protein,,,,
257,VIT_01s0011g01100,534,0.2578,Pentatricopeptide (PPR) repeat-containing protein,,,,
258,VIT_05s0077g01600,533,0.2569,Pathogenesis protein 10 [Vitis vinifera],,,,
259,VIT_17s0000g02560,530,0.2558,No hit,,,,
260,VIT_10s0116g01810,522,0.2541,Unknown protein,,,,
261,VIT_03s0038g03530,522,0.2535,LYS/HIS transporter 7,LHT7,,vv50123Porters_cat_18_to_29,
262,VIT_06s0004g01020,527,0.2534,Dirigent protein,,,,
263,VIT_06s0004g04620,516,0.2506,Unknown,,,,
264,VIT_00s0181g00170,517,0.2496,F-box family protein,,,,
265,VIT_15s0021g00930,514,0.2494,EMB2745 (embryo defective 2745),,,,
266,VIT_14s0068g01140,514,0.2485,DnaJ homolog  subfamily B  member 12,K09518,,vv50132Primary_active_transporter_cat_A5_to_A8,
267,VIT_05s0077g01550,514,0.2482,Pathogenesis protein 10.3 [Vitis quinquangularis],,,,
268,VIT_00s0282g00010,512,0.2477,Methionine sulfoxide reductase,E1_8_4_11,,vv10271Methionine_metabolism,
269,VIT_15s0046g02170,510,0.2472,3-methyl-2-oxobutanoate hydroxy-methyl-transferase,E2_1_2_11,,vv10770Pantothenate_and_CoA_biosynthesis,
270,VIT_13s0067g02630,510,0.2457,No hit,,,,
271,VIT_18s0001g03150,506,0.2455,Cation transport protein chaC,K07232,,vv50109Incompletely_characterized_transport_systems,
272,VIT_15s0046g02620,507,0.2439,Beta-amylase 9 BMY9,E3_2_1_2,,vv10500Starch_and_sucrose_metabolism,
273,VIT_02s0236g00100,505,0.2433,Unknown,,,,
274,VIT_03s0088g00700,503,0.2431,Pathogenesis related protein 1 precursor (pr1 gene),PRP1,,vv30011Jasmonate_signaling,vv34626Plant-pathogen_interaction
275,VIT_08s0007g08140,500,0.2420,Helicase,,,,
276,VIT_10s0003g04210<br>VIT_10s0003g04230,496,0.2383,
277,VIT_00s0671g00010,494,0.2367,Ribosomal protein P0 acidic,K02941,,vv23010Ribosome,
278,VIT_08s0007g05760,488,0.2363,No hit,,,,
279,VIT_18s0001g15130,482,0.2335,WD40 repeat protein,,,,
280,VIT_16s0100g00050,481,0.2328,Protein kinase,,,,
281,VIT_16s0100g00870,472,0.2291,No hit,,,,
282,VIT_05s0020g03220,463,0.2249,S-receptor kinase,,,,
283,VIT_03s0017g01050,467,0.2246,MBD9 (methyl-CPG-binding Domain 9),MBD9_4,,vv30009Flower_development,vv60048PHD
284,VIT_02s0025g01140,458,0.2218,No hit,,,,
285,VIT_00s0516g00010,458,0.2214,Unknown,,,,
286,VIT_04s0044g00220,449,0.2177,Monooxygenase,,,,
287,VIT_01s0146g00480,449,0.2169,TIFY 9 (Jasmonate ZIM domain-containing protein 10),JAZ10,,vv30011Jasmonate_signaling,vv60069ZIM
288,VIT_04s0044g01200,448,0.2167,Auxin-independent growth promoter,,,,
289,VIT_07s0141g00890,450,0.2167,CYP94A1,,,,
290,VIT_17s0000g03370,439,0.2110,Calmodulin-binding protein,K02183,,vv34020Calcium_signaling_pathway,vv34626Plant-pathogen_interaction
291,VIT_02s0025g03660,431,0.2091,4-coumarate-CoA ligase,E6_2_1_12,,vv10940Phenylpropanoid_biosynthesis,vv50104Group_translocators
292,VIT_01s0026g01730,430,0.2075,WRKY DNA-binding protein 72,WRKY72_1,VvWRKY02,vv60066WRKY,
293,VIT_02s0025g03100,427,0.2070,Cinnamyl alcohol dehydrogenase,E1_1_1_195,,vv10940Phenylpropanoid_biosynthesis,
294,VIT_14s0066g02090,422,0.2043,AAA-type ATPase,,,,
295,VIT_17s0000g07670,420,0.2032,Betaine-aldehyde dehydrogenase,E1_2_1_8,,vv10260Glycine_serine_and_threonine_metabolism,vv50101Channels_and_pores
296,VIT_06s0004g01030,414,0.1999,Dirigent protein,,,,
297,VIT_17s0000g02930,414,0.1985,Glutathione S-transferase 25 GSTU7,E2_5_1_18_GSTU7,,vv10480Glutathione_metabolism,
298,VIT_05s0094g00170,408,0.1979,Protein transport protein Sec61 subunit beta,K09481,,vv23060Protein_export,vv24141Protein_processing_in_endoplasmic_reticulum
299,VIT_01s0011g05420,406,0.1976,Fw2.2 ORFX,,,,
300,VIT_04s0079g00660,406,0.1974,SET Domain group 40,SDG40_2,,vv60056SET_PCG,
301,VIT_12s0028g00310,408,0.1966,Protein kinase family,,,,
302,VIT_03s0017g02110,405,0.1957,Anthocyanidin 3-O-glucosyltransferase,E2_4_1_115,,vv10942Anthocyanin_biosynthesis,
303,VIT_09s0002g06060,400,0.1940,U3 small nucleolar RNA-associated protein 5,K14546,,vv23008Ribosome_biogenesis_in_Eukaryotes,
304,VIT_09s0002g02380,395,0.1925,Thioredoxin 2,,,,
305,VIT_15s0048g02940,397,0.1923,Unknown,,,,
306,VIT_12s0035g01510<br>VIT_00s0174g00240,393,0.1916,
307,VIT_03s0017g01220,393,0.1904,Polyadenylate-binding protein 2,K14396,,vv23015mRNA_surveillance_pathway,
308,VIT_18s0001g04870,396,0.1902,(-)-germacrene D synthase,E4_2_3_22,,vv10900Terpenoid_biosynthesis,
309,VIT_12s0142g00590,392,0.1897,R protein L6,K13477,,vv34627R_proteins_from_Plant-pathogen_interaction,
310,VIT_16s0013g00050,388,0.1886,Unknown,,,,
311,VIT_09s0002g05560,386,0.1870,ABC transporter g family pleiotropic drug resistance 12 PDR12,ABCGPDR12,,vv52010ABC_transporters,
312,VIT_13s0019g02720,385,0.1862,Guanylyl cyclase (GC1),E4_6_1_2,,vv10230Purine_metabolism,vv34020Calcium_signaling_pathway
313,VIT_13s0064g01110,384,0.1860,No hit,,,,
314,VIT_04s0069g00970,384,0.1857,WRKY DNA-binding protein 51,WRKY51_1,VvWRKY11,vv60066WRKY,
315,VIT_07s0005g05850,382,0.1841,Unknown protein,,,,
316,VIT_11s0016g03080,382,0.1834,Clavata1 receptor kinase (CLV1),,,,
317,VIT_12s0035g02210,374,0.1807,Unknown protein,,,,
318,VIT_01s0150g00450,371,0.1798,Respiratory burst oxidase protein D (RBOHD),RBOHD,,vv34626Plant-pathogen_interaction,vv50105Transport_electron_carriers
319,VIT_08s0040g02530,369,0.1782,No hit,,,,
320,VIT_05s0020g00360,367,0.1778,Bucentaur or craniofacial development (BCNT),,,,
321,VIT_12s0035g01520,362,0.1751,Disease resistance protein RPS2,,,,
322,VIT_06s0004g01000,359,0.1744,Dirigent protein,,,,
323,VIT_04s0023g01170,353,0.1709,Unknown protein,,,,
324,VIT_07s0151g00260,354,0.1706,Quinone-oxidoreductase  Chloroplast,K03956,,vv10190Oxidative_phosphorylation,vv50134Primary_active_transporter_cat_D1
325,VIT_10s0003g00640,350,0.1697,D-tyrosyl-tRNA(Tyr) deacylase,K07560,,,
326,VIT_14s0066g02110,340,0.1638,AAA-type ATPase,,,,
327,VIT_00s0652g00010,334,0.1610,Dof zinc finger protein DOF1.4,DOF1_4_1,,vv60015C2C2-DOF,
328,VIT_16s0039g00740,330,0.1597,Histone-lysine N-methyltransferase ASHH3,E2_1_1_43ASHH3_1,,vv10300Lysine_biosynthesis,vv60056SET_PCG
329,VIT_12s0028g01410,327,0.1582,Heat shock transcription factor A4A,HSFA4A_3,,vv60037HSF,
330,VIT_00s0207g00110,323,0.1566,Antigen receptor,,,,
331,VIT_11s0016g02600,323,0.1558,Caffeoyl-CoA O-methyltransferase,E2_1_1_104,,vv10940Phenylpropanoid_biosynthesis,
332,VIT_00s0265g00070,320,0.1537,Ubiquitin-conjugating enzyme E2 O,K10581,,vv24120Ubiquitin_mediated_proteolysis,
333,VIT_10s0071g01210,316,0.1528,No hit,,,,
334,VIT_12s0057g01410,314,0.1515,Exostosin,K02366,,vv11030Glycan_structures-biosynthesis1,
335,VIT_07s0104g00810,312,0.1507,Lipoyltransferase (LIP2p),E2_3_1_181,,vv10061Fatty_acid_biosynthesis,
336,VIT_01s0011g01210,308,0.1488,No hit,,,,
337,VIT_08s0105g00450,304,0.1471,Transducin protein,,,,
338,VIT_10s0003g03790,302,0.1455,Jasmonate ZIM domain-containing protein 8,JAZ8_2,,vv30011Jasmonate_signaling,vv60069ZIM
339,VIT_18s0001g00080,299,0.1451,Laccase,E1_10_3_2,,vv11000Single_reactions,vv50109Incompletely_characterized_transport_systems
340,VIT_12s0055g01280,297,0.1438,Brassinosteroid insensitive 1-associated receptor kinase 1,BAK1,,vv30005Brassinosteroids_signaling,vv34626Plant-pathogen_interaction
341,VIT_03s0088g00720,296,0.1424,Pathogenesis-related protein 1 precursor (PRP 1),PRP1,,vv30011Jasmonate_signaling,vv34626Plant-pathogen_interaction
342,VIT_16s0115g00210,293,0.1417,transformation/transcription domain-associated protein,K08874,,,
343,VIT_18s0001g10180,291,0.1404,N-hydroxycinnamoyl/benzoyltransferase 3,,,,
344,VIT_13s0019g03950,291,0.1403,DNA-binding bromodomain-containing,,,,
345,VIT_01s0010g02970,290,0.1399,Calcium-binding protein CML,K13448,,vv34626Plant-pathogen_interaction,
346,VIT_01s0011g04630,285,0.1379,Ribose 5-phosphate isomerase,E5_3_1_6,,vv10030Pentose_phosphate,vv10710Carbon_fixation
347,VIT_19s0014g02780,281,0.1348,Unknown,,,,
348,VIT_19s0014g02120,275,0.1343,Metallothionein,,,,
349,VIT_09s0002g09110,274,0.1322,No hit,,,,
350,VIT_17s0000g08210,273,0.1312,Zinc finger (C3HC4-type ring finger),ZFC3HC4_103,,vv60078Other_zf-C3HC4,
351,VIT_18s0001g06830,270,0.1307,Methyltransferase type 11,,,,
352,VIT_18s0001g03850,268,0.1290,Ribosomal protein S10 30S,K02946,,vv23010Ribosome,
353,VIT_17s0000g03110,267,0.1290,2OG-Fe(II) oxygenase,,,,
354,VIT_13s0064g01100,265,0.1283,No hit,,,,
355,VIT_03s0091g00580,264,0.1282,Protein Mpv17,K13348,,vv44146Peroxisome,
356,VIT_16s0050g02060,264,0.1277,Receptor kinase homolog LRK10,,,,
357,VIT_16s0013g01080,262,0.1264,Ethylene-responsive transcription factor ERF105,ERF105_9,VvERF086,vv30008Ethylene_signaling,vv60003AP2_EREBP
358,VIT_18s0001g08170,258,0.1250,Inorganic pyrophosphatase,K01507,,vv10190Oxidative_phosphorylation,vv50133Primary_active_transporter_cat_A9_to_A18
359,VIT_07s0104g00220,258,0.1243,Phenazine biosynthesis PhzC/PhzF,K06998,,vv10400Phenylalanine_tyrosine_and_tryptophan_biosynthesis,
360,VIT_01s0011g05240,256,0.1238,No hit,,,,
361,VIT_10s0116g01200,253,0.1222,WRKY DNA-binding protein 6,WRKY6_1,VvWRKY29,vv60066WRKY,
362,VIT_14s0006g03280,250,0.1205,Nuclear matrix constituent protein 1,,,,
363,VIT_18s0041g02070,251,0.1203,12-oxophytodienoate reductase 1,E1_3_1_42,,vv10592alpha-Linolenic_acid_metabolism,
364,VIT_00s0317g00140,248,0.1194,Exocyst subunit EXO70 H2,EXO70H2,,vv50111Tethering_factors,
365,VIT_18s0001g00840,245,0.1181,Syringolide-induced protein 14-1-1,,,,
366,VIT_09s0018g00950,242,0.1174,Laccase,E1_10_3_2,,vv11000Single_reactions,vv50109Incompletely_characterized_transport_systems
367,VIT_10s0116g01820,240,0.1165,Unknown protein,,,,
368,VIT_16s0039g02110,242,0.1163,AAA-type ATPase,,,,
369,VIT_15s0045g01120,238,0.1146,6-phosphofructokinase,E2_7_1_11,,vv10010Glycolysis,vv10030Pentose_phosphate
370,VIT_14s0068g01770,234,0.1132,WRKY DNA-binding protein 75,WRKY75_2,VvWRKY43,vv60066WRKY,
371,VIT_03s0063g00410,232,0.1123,Alpha-amylase,E3_2_1_1,,vv10500Starch_and_sucrose_metabolism,
372,VIT_05s0062g00940,232,0.1119,Trigalactosyldiacylglycerol,TGD1,,vv52010ABC_transporters,
373,VIT_15s0024g00240,229,0.1107,C-5 cytosine-specific DNA methylase,E2_1_1_37,,vv10271Methionine_metabolism,
374,VIT_18s0001g13150,227,0.1100,BEL1 homeotic protein 3,BLH3,VvHB68,vv60034HB,
375,VIT_02s0033g01270,225,0.1090,Pentatricopeptide (PPR) repeat-containing protein,,,,
376,VIT_18s0117g00280,227,0.1088,Coatomer protein complex  subunit beta 2,COPB2,,vv50110Protein_coat,
377,VIT_18s0072g01170,223,0.1071,Phosphoribosylanthranilate transferase,E2_4_2_18,,vv10400Phenylalanine_tyrosine_and_tryptophan_biosynthesis,
378,VIT_18s0001g14420,221,0.1065,Unknown,,,,
379,VIT_12s0028g02730,220,0.1065,AarF domain-containing kinase ABC1,K08869,,,
380,VIT_12s0059g01080,220,0.1061,Acid phosphatase/vanadium-dependent haloperoxidase,,,,
381,VIT_13s0064g00050,219,0.1061,Glutamine-fructose-6-phosphate transaminase 2,E2_6_1_16,,vv10251Glutamate_metabolism,vv10530Aminosugars_metabolism
382,VIT_11s0118g00110,219,0.1061,AT-hook DNA-binding protein,,,,
383,VIT_09s0054g00780,217,0.1046,Pseudouridine synthase,E4_2_1_70,,vv10240Pyrimidine_metabolism,
384,VIT_07s0005g01340,216,0.1037,Ribosomal protein L29e,K02905,,vv23010Ribosome,
385,VIT_10s0042g00480,211,0.1019,ABC transporter g family pleiotropic drug resistance 12 PDR12,ABCGPDR12,,vv52010ABC_transporters,
386,VIT_14s0030g01370,213,0.1017,Methyltransferase type 12,,,,
387,VIT_16s0050g00400,208,0.1007,Photoassimilate-responsive protein PAR-1a,,,,
388,VIT_18s0075g00960,208,0.1000,Laccase,E1_10_3_2,,vv11000Single_reactions,vv50109Incompletely_characterized_transport_systems
389,VIT_18s0001g00920<br>VIT_18s0075g00590<br>VIT_18s0001g00850<br>VIT_18s0075g00780<br>VIT_18s0001g00790<br>VIT_18s0001g00730<br>VIT_18s0001g00310<br>VIT_18s0075g00620<br>VIT_18s0075g00540<br>VIT_18s0075g00600<br>VIT_18s0075g00580<br>VIT_00s0481g00020<br>VIT_18s0001g00930,206,0.0999,
390,VIT_19s0014g04080,204,0.0988,Serine/threonine-protein kinase receptor ARK3,,,,
391,VIT_18s0001g12550,198,0.0961,Beta-ketoacyl-CoA synthase,E2_3_1_41,,vv10061Fatty_acid_biosynthesis,
392,VIT_05s0020g04700,198,0.0959,Unknown protein,,,,
393,VIT_06s0009g03770,199,0.0958,Phycoerythrobilin ferredoxin oxidoreductase,E1_3_7_4,,vv10860Porphyrin_and_chlorophyll_metabolism,
394,VIT_08s0007g07280,192,0.0929,Superoxide dismutase [Cu-Zn] 2,K04565,,vv44146Peroxisome,
395,VIT_02s0025g04760,191,0.0923,Splicing factor YT521-B,,,,
396,VIT_00s0510g00020,189,0.0918,Unknown protein,,,,
397,VIT_16s0050g01690,190,0.0917,Receptor kinase homolog LRK10,,,,
398,VIT_06s0009g02570,188,0.0912,Pectinesterase family,E3_1_1_11,,vv40006Cell_wall,
399,VIT_01s0010g03010,187,0.0907,Calcium-binding EF-hand,K13448_CML38,,vv34626Plant-pathogen_interaction,
400,VIT_14s0083g01170,187,0.0905,Mitochondrial substrate carrier family protein,K03454,,vv50123Porters_cat_18_to_29,
401,VIT_18s0075g00670,186,0.0902,Laccase,E1_10_3_2,,vv11000Single_reactions,vv50109Incompletely_characterized_transport_systems
402,VIT_15s0021g00730,186,0.0901,No hit,,,,
403,VIT_10s0071g00170,182,0.0881,Phosphatidylinositol 3- and 4-kinase / ubiquitin,,,,
404,VIT_06s0009g00970,182,0.0877,Thylakoid lumenal P17.1 protein,,,,
405,VIT_00s0194g00020,181,0.0874,DNA-directed RNA polymerase II subunit D,K03012,,vv23020RNA_polymerase,
406,VIT_04s0043g00380,174,0.0841,Unknown protein,,,,
407,VIT_13s0019g04650,172,0.0835,Thioredoxin 8,,,,
408,VIT_14s0060g00110,173,0.0835,Glutamyl-tRNA synthetase  cytoplasmic,E6_1_1_17,,vv10860Porphyrin_and_chlorophyll_metabolism,vv20970Aminoacyl-tRNA_biosynthesis
409,VIT_18s0001g04280,173,0.0834,(-)-germacrene D synthase,E4_2_3_22,,vv10900Terpenoid_biosynthesis,
410,VIT_15s0021g01640,168,0.0812,Unknown protein,,,,
411,VIT_10s0071g00300,166,0.0800,Unknown protein,,,,
412,VIT_04s0008g00860,164,0.0795,Ndr family protein,,,,
413,VIT_03s0063g01340,164,0.0790,Gibberellin 20 oxidase 2,E1_14_11_12,,vv10904Diterpenoid_biosynthesis,
414,VIT_00s0612g00010,161,0.0779,Phospholipase/carboxylesterase,E3_1_1_1,,,
415,VIT_00s0301g00060,160,0.0777,No hit,,,,
416,VIT_18s0122g00860,159,0.0770,Unknown protein,,,,
417,VIT_17s0000g02120,158,0.0763,Unknown protein,,,,
418,VIT_08s0007g02360,157,0.0756,Harpin inducing protein 1-like 9,,,,
419,VIT_06s0080g00210,155,0.0753,Histone deacetylase protein (HDA8),HDA08,,vv44110Cell_cycle,
420,VIT_14s0068g01490,155,0.0753,NAC domain-containing protein 83,NAC083_2,VvNAC73,vv60046NAC,
421,VIT_03s0038g04170,156,0.0751,Lectin protein kinase,,,,
422,VIT_17s0053g00460,152,0.0730,Pinoresinol-lariciresinol reductase,PLR,,vv10940Phenylpropanoid_biosynthesis,
423,VIT_00s0349g00020,148,0.0721,Unknown protein,,,,
424,VIT_09s0002g01550,148,0.0715,Lecithine cholesterol acyltransferase,E2_3_1_43,,vv10564Glycerophospholipid_metabolism,
425,VIT_06s0009g02600<br>VIT_06s0009g02630,148,0.0714,
426,VIT_01s0113g00400,147,0.0714,No hit,,,,
427,VIT_14s0006g01440,146,0.0708,Double-stranded RNA binding protein,,,,
428,VIT_01s0011g05230,144,0.0701,GTPase activating protein,,,,
429,VIT_03s0063g01820,144,0.0701,AOS (allene oxide synthase),E4_2_1_92,,vv10592alpha-Linolenic_acid_metabolism,
430,VIT_18s0001g04410,144,0.0695,No hit,,,,
431,VIT_07s0005g01480,142,0.0692,PMR5 (powdery mildew resistant 5),,,,
432,VIT_17s0000g06790,143,0.0690,flavin-containing monooxygenase,E1_14_13_8,,vv11000Single_reactions,
433,VIT_05s0102g00200,141,0.0681,Unknown protein,,,,
434,VIT_00s0347g00070,140,0.0680,S-locus lectin protein kinase,,,,
435,VIT_14s0060g02710,140,0.0677,Germin,,,,
436,VIT_12s0028g01650,140,0.0677,S-receptor kinase,,,,
437,VIT_16s0098g00560,140,0.0676,SP1L2 (SPIRAL2),SP1L2,,vv44810Regulation_of_actin_cytoskeleton,
438,VIT_09s0002g06940,138,0.0665,ABC transporter g family pleiotropic drug resistance 12 PDR12,ABCGPDR12,,vv52010ABC_transporters,
439,VIT_06s0004g03540,135,0.0654,MAPK (MPK3),MPK3,,vv30008Ethylene_signaling,vv34626Plant-pathogen_interaction
440,VIT_11s0016g01470,133,0.0645,Lecithine cholesterol acyltransferase,E2_3_1_43,,vv10564Glycerophospholipid_metabolism,
441,VIT_00s0252g00080,133,0.0643,Ribosomal protein S4,K02986,,vv23010Ribosome,
442,VIT_10s0003g04080,133,0.0642,Unknown,,,,
443,VIT_03s0063g01790,133,0.0640,Transducin protein,,,,
444,VIT_17s0000g00640,130,0.0631,No hit,,,,
445,VIT_07s0151g00470,130,0.0630,Leucine-rich repeat family protein,,,,
446,VIT_16s0098g00980,126,0.0606,Unknown,,,,
447,VIT_10s0042g00700,124,0.0604,Leucine-rich repeat receptor-like protein kinase 1,,,,
448,VIT_13s0101g00500,124,0.0599,Ribonuclease H2 subunit A,K10743,,vv23030DNA_replication,
449,VIT_01s0011g05440,123,0.0598,Unknown protein,,,,
450,VIT_15s0024g01670,123,0.0595,Receptor kinase RK20-1,,,,
451,VIT_13s0064g01430,121,0.0583,Pigment defective 322,CP33,,,
452,VIT_11s0016g02240,119,0.0577,Transcription termination factor mitochondrial mTERF,MTERF_12,,vv60085MTERF,
453,VIT_00s0208g00050<br>VIT_19s0015g00040<br>VIT_15s0045g00090,118,0.0569,
454,VIT_09s0002g07950,114,0.0550,No hit,,,,
455,VIT_07s0141g00390,112,0.0544,Glutathione reductase (NADPH),E1_8_1_7,,vv10251Glutamate_metabolism,vv10480Glutathione_metabolism
456,VIT_14s0066g00600,112,0.0542,Unknown protein,,,,
457,VIT_00s0413g00010,110,0.0532,Laccase (diphenol oxidase) family protein,E1_10_3_2,,vv11000Single_reactions,vv50109Incompletely_characterized_transport_systems
458,VIT_04s0023g01550,109,0.0528,Unknown,,,,
459,VIT_12s0057g00260,108,0.0519,External rotenone-insensitive NADPH dehydrogenase,K03885,,vv10190Oxidative_phosphorylation,vv50134Primary_active_transporter_cat_D1
460,VIT_09s0002g06900,107,0.0514,NtEIG-A1,,,,
461,VIT_19s0014g01760,106,0.0513,Glutamate receptor 2.8,GLR2_8,,vv50101Channels_and_pores,
462,VIT_04s0044g00040,106,0.0512,Dirigent,,,,
463,VIT_07s0005g04040,106,0.0510,Leucine Rich Repeat receptor-like kinase,,,,
464,VIT_07s0031g00460,103,0.0501,Nicotinate phosphoribosyltransferase,E2_4_2_11,,vv10760Nicotinate_and_nicotinamide_metabolism,
465,VIT_04s0023g02280,103,0.0498,S-adenosyl-L-methionine:salicylic acid carboxyl methyltransferase,SAMTBSCMT,,vv10360Phenylalanine_metabolism,
466,VIT_08s0058g00280,103,0.0496,Lectin protein kinase,,,,
467,VIT_14s0128g00510<br>VIT_14s0128g00550,102,0.0492,
468,VIT_06s0080g00440,102,0.0489,Ribosomal protein S9,K02996,,vv23010Ribosome,
469,VIT_16s0039g00300,101,0.0489,Unknown protein,,,,
470,VIT_17s0000g05370,99,0.0481,MYC ZCW32 (bigpetal  bigpetalub),ZCW32_1,,vv60011BHLH,
471,VIT_06s0004g06980,99,0.0479,Phytol kinase 2  chloroplast precursor,VTE5,,vv10860Porphyrin_and_chlorophyll_metabolism,
472,VIT_02s0012g01440,98,0.0474,Zinc finger (C3HC4-type ring finger),ZFC3HC4_215,,vv60078Other_zf-C3HC4,
473,VIT_05s0051g00140,98,0.0473,RRS1 (resistant to ralstonia solanacearum 1),RRS1,,vv34627R_proteins_from_Plant-pathogen_interaction,
474,VIT_12s0055g00050<br>VIT_12s0055g00030,97,0.0470,
475,VIT_08s0007g04860,96,0.0464,Nodulin family protein,,,,
476,VIT_05s0077g01590,95,0.0461,Major allergen Mal d 1,,,,
477,VIT_18s0001g01860,95,0.0460,Preprotein translocase secA,K03070,,vv23060Protein_export,vv50113Thylakoid_targeting_pathway
478,VIT_02s0033g01340,95,0.0458,Unknown protein,,,,
479,VIT_10s0003g05450,92,0.0445,Reticuline oxidase precursor,E1_21_3_3,,vv10950Alkaloid_biosynthesis_I,
480,VIT_00s0391g00040,92,0.0445,F-box family protein,,,,
481,VIT_02s0087g00610,92,0.0444,Unknown protein,,,,
482,VIT_06s0004g06990,90,0.0435,Phytol kinase 2  chloroplast precursor,VTE5,,vv10860Porphyrin_and_chlorophyll_metabolism,
483,VIT_11s0016g02150,90,0.0433,Protein kinase CDG1,,,,
484,VIT_07s0005g01180,88,0.0425,Unknown protein,,,,
485,VIT_10s0003g04220,87,0.0421,Lipase class 3,,,,
486,VIT_08s0058g01280,86,0.0418,No hit,,,,
487,VIT_18s0001g01820,84,0.0407,NAC domain-containing protein 17,NAC017,VvNAC15,vv60046NAC,
488,VIT_10s0116g00960,83,0.0403,Transcription factor jumonji (jmjC) domain-containing protein,JMJD1B_5,,vv60038Jumonji,
489,VIT_17s0000g02220,83,0.0400,No hit,,,,
490,VIT_01s0011g03830,82,0.0397,Metallo-beta-lactamase,E3_5_2_6,,vv10311Penicillin_and_cephalosporin_biosynthesis,
491,VIT_17s0000g05360,81,0.0391,Germin,,,,
492,VIT_00s2785g00010,79,0.0383,Calmodulin-binding protein,,,,
493,VIT_00s1557g00010,79,0.0382,Lectin-receptor like protein kinase 3,,,,
494,VIT_16s0100g00150,79,0.0382,COP9 signalosome complex subunit 5,K09613,,,
495,VIT_01s0010g02990<br>VIT_01s0010g03000,79,0.0381,
496,VIT_00s0346g00100<br>VIT_00s0371g00040<br>VIT_00s0346g00120<br>VIT_00s0371g00060<br>VIT_00s0371g00010,79,0.0381,
497,VIT_04s0008g06180,76,0.0369,Histone-lysine N-methyltransferase ATX1,E2_1_1_43ATX1,,vv10300Lysine_biosynthesis,vv60056SET_PCG
498,VIT_08s0032g01150,76,0.0367,Syntaxin 1B/2/3/4,K08486,,vv24130SNARE_interactions_in_vesicular_transport,vv50101Channels_and_pores
499,VIT_01s0010g01960,75,0.0364,Anionic peroxidase,E1_11_1_7,,vv10360Phenylalanine_metabolism,vv10680Methane_metabolism
500,VIT_18s0001g02200,75,0.0363,8-oxoguanine-DNA glycosylase (OGG1),K03660,,vv23410Base_excision_repair,
501,VIT_09s0054g00900,74,0.0358,Chaperone BCS1 mitochondrial,K08900,,,
502,VIT_05s0049g00460,74,0.0355,Basic helix-loop-helix ILR3,ILR3_3,,vv11002Auxin_biosynthesis,vv60011BHLH
503,VIT_13s0073g00240,72,0.0349,Glycosyl transferase family 1,,,,
504,VIT_01s0127g00150,72,0.0347,Menaquinone biosynthesis methyltransferase ubiE,K03183,,vv10130Ubiquinone_biosynthesis,
505,VIT_16s0013g00500,71,0.0345,Unknown protein,,,,
506,VIT_04s0008g07220,71,0.0342,Chloroplast nucleoid DNA binding protein,,,,
507,VIT_00s0233g00170,70,0.0338,flavin-containing monooxygenase 3,E1_14_13_8,,vv11000Single_reactions,
508,VIT_00s0748g00020,69,0.0336,Receptor kinase RK20-1,,,,
509,VIT_17s0000g06220,69,0.0333,Exostosin,K02366,,vv11030Glycan_structures-biosynthesis1,
510,VIT_16s0098g01260,67,0.0324,Intramitochondrial sorting protein MSP1 protein,MSP1,,vv50133Primary_active_transporter_cat_A9_to_A18,
511,VIT_15s0021g01350,66,0.0318,Transducin family protein / WD-40 repeat,,,,
512,VIT_04s0023g02810,65,0.0316,Aldehyde dehydrogenase 3B1,E1_2_1_3,vv10561Glycerolipid_metabolism,vv10010Glycolysis,vv10071Fatty_acid_metabolism
513,VIT_12s0028g03920,65,0.0312,Ankyrin repeat,K10380,,vv50108Accessory_factors_involved_in_transport,
514,VIT_14s0036g00990,64,0.0310,Polyubiquitin (UBQ4),,,,
515,VIT_08s0007g00610,63,0.0303,Unknown,,,,
516,VIT_12s0134g00350,62,0.0300,Zinc finger (C3HC4-type ring finger),ZFC3HC4_228,,vv60078Other_zf-C3HC4,
517,VIT_02s0025g03760,62,0.0298,Myosin-related,MYOSINR,,vv44810Regulation_of_actin_cytoskeleton,
518,VIT_04s0008g06830,61,0.0298,Biopterin transport-related protein BT1,BIOPTERIN,,vv50125Porters_cat_66_to_94,
519,VIT_15s0046g03500,62,0.0297,Metal ion binding,,,,
520,VIT_04s0023g00270,61,0.0295,CBS domain-containing protein,,,,
521,VIT_16s0022g01800,60,0.0291,RRNA-processing protein EBP2,,,,
522,VIT_18s0001g11230,60,0.0288,OSB1 (organellar single-stranded),,,,
523,VIT_05s0020g03380,59,0.0288,WNK1 (with no lysine (K) 1),WNK1,,vv34710Circadian_rhythm,
524,VIT_16s0039g02730,59,0.0286,TIR1 (transport inhibitor response 1),TIR1,,vv30003Auxin_signaling,
525,VIT_07s0031g01500,58,0.0282,Unknown protein,,,,
526,VIT_01s0026g02590,58,0.0279,Calcium-binding protein CML,K13448,,vv34626Plant-pathogen_interaction,
527,VIT_19s0015g02040,57,0.0273,UDP-galactose transporter 6,UTR6,,vv50122Porters_cat_7_to_17,
528,VIT_04s0044g00120,55,0.0266,Kinase,,,,
529,VIT_02s0234g00080,53,0.0259,Enoyl-CoA hydratase/isomerase,E4_2_1_17,,vv10062Fatty_acid_elongation_in_mitochondria,vv10071Fatty_acid_metabolism
530,VIT_17s0000g08200,53,0.0257,Phosphoglycerate/bisphosphoglycerate mutase,E5_4_2_1,,vv10010Glycolysis,
531,VIT_02s0025g03370,52,0.0253,YDA (YODA),,,,
532,VIT_14s0171g00150,52,0.0251,Avr9/Cf-9 rapidly elicited protein 57,,,,
533,VIT_12s0028g03260,52,0.0251,Rooty/superroot1,K11819,,vv10966Glucosinolate_biosynthesis,
534,VIT_17s0000g04310,52,0.0251,DEAD (Asp-Glu-Ala-Asp) box polypeptide 18,DDX18,,vv23040Spliceosome,vv50133Primary_active_transporter_cat_A9_to_A18
535,VIT_04s0008g04750,52,0.0251,Monooxygenase,,,,
536,VIT_15s0048g01350,50,0.0241,Gibberellin receptor GID1L3,GID1C,,vv30010Gibberellin_signaling,
537,VIT_15s0021g02650,49,0.0237,Lipase GDSL,,,,
538,VIT_11s0016g02910,49,0.0237,Acid phosphatase class B,E3_1_3_2,,vv10740Riboflavin_metabolism,
539,VIT_03s0088g00750,49,0.0236,Pathogenesis related protein 1 precursor [Vitis vinifera],PRP1,,vv30011Jasmonate_signaling,vv34626Plant-pathogen_interaction
540,VIT_06s0004g01580,49,0.0236,Lipoxygenase,E1_13_11_12,,vv10592alpha-Linolenic_acid_metabolism,
541,VIT_00s0207g00080,49,0.0235,UDP-galactose transporter 6,UTR6,,vv50122Porters_cat_7_to_17,
542,VIT_08s0007g01230,48,0.0232,Lectin protein kinase,,,,
543,VIT_18s0001g03540,48,0.0232,Auxin transporter protein 4,AUX1,,vv50004Auxin_transport,vv50123Porters_cat_18_to_29
544,VIT_10s0003g05430,47,0.0228,Reticuline oxidase precursor,E1_21_3_3,,vv10950Alkaloid_biosynthesis_I,
545,VIT_02s0012g01940,47,0.0228,Myb KAN2 (KANADI 2),KANADI2_1,,vv60029G2-like,
546,VIT_00s0218g00180,47,0.0227,Geranylgeranyl transferase type-2 beta subunit.,E2_5_1_60,,vv10100Biosynthesis_of_steroids,
547,VIT_07s0031g01130,45,0.0218,Ascorbate oxidase,E1_10_3_3,,vv10053Ascorbate_and_aldarate_metabolism,vv50109Incompletely_characterized_transport_systems
548,VIT_11s0149g00280,45,0.0218,Chitinase A,E3_2_1_14,,vv10530Aminosugars_metabolism,
549,VIT_05s0020g01600,45,0.0218,Unknown protein,,,,
550,VIT_10s0003g01270,45,0.0218,WAVE1 (WASP (Wiskott-Aldrich syndrome protein),K05753,,vv44810Regulation_of_actin_cytoskeleton,
551,VIT_03s0063g01500,44,0.0214,CYP82C3,,,,
552,VIT_06s0080g00060,44,0.0213,Arabidopsis histidine phosphotransfer AHP3,AHP3,,vv30007Cytokinin_signaling,
553,VIT_05s0062g00450,44,0.0212,No hit,,,,
554,VIT_02s0087g00770,43,0.0208,ABC transporter E member 1,K06174,,vv52010ABC_transporters,
555,VIT_18s0072g00260,42,0.0203,Ethylene-responsive transcription factor related to APETALA2 6,RAP2_6,VvERF114,vv30008Ethylene_signaling,vv60003AP2_EREBP
556,VIT_18s0122g00670,41,0.0200,Switching protein 3B ATSWI3B,SWI3B,,vv30001ABA_signaling,vv60045MYBrelated
557,VIT_09s0002g05120,41,0.0198,Zinc finger (C3HC4-type ring finger),ZFC3HC4_179,,vv60078Other_zf-C3HC4,
558,VIT_02s0087g00310,41,0.0198,No hit,,,,
559,VIT_09s0054g01260,41,0.0197,No hit,,,,
560,VIT_16s0050g02230,40,0.0194,Chitinase [Vitis vinifera],E3_2_1_14,,vv10530Aminosugars_metabolism,
561,VIT_18s0122g00200,40,0.0193,Cullin-1,K03347,,vv24120Ubiquitin_mediated_proteolysis,vv30003Auxin_signaling
562,VIT_08s0007g07840,39,0.0188,Cysteine protease out,E3_4_22_x,,,
563,VIT_12s0057g01440,38,0.0184,Heavy-metal-associated domain-containing protein,,,,
564,VIT_10s0116g01450,38,0.0184,Unknown,,,,
565,VIT_12s0059g02290,38,0.0183,Unknown protein,,,,
566,VIT_00s0399g00020,37,0.0179,Protease inhibitor/seed storage/lipid transfer protein (LTP),,,,
567,VIT_18s0117g00050,36,0.0174,R protein L6,K13477,,vv34627R_proteins_from_Plant-pathogen_interaction,
568,VIT_00s2582g00010,36,0.0173,Unknown,,,,
569,VIT_00s0181g00220,35,0.0170,Calmodulin-binding protein,K02183,,vv34020Calcium_signaling_pathway,vv34626Plant-pathogen_interaction
570,VIT_13s0067g02940,35,0.0169,Amidohydrolase 3,,,,
571,VIT_08s0007g05350,34,0.0165,Haloacid dehalogenase hydrolase,E3_1_3_18,,vv10630Glyoxylate_and_dicarboxylate_metabolism,
572,VIT_07s0141g00530,34,0.0164,U3 small nucleolar RNA-associated protein 18,K14553,,vv23008Ribosome_biogenesis_in_Eukaryotes,
573,VIT_14s0081g00540,34,0.0164,No hit,,,,
574,VIT_05s0020g03290,34,0.0164,S-receptor kinase,,,,
575,VIT_00s0207g00220,34,0.0164,Cold acclimation protein,,,,
576,VIT_01s0026g02250,33,0.0161,Haloacid dehalogenase hydrolase,E3_1_3_18,,vv10630Glyoxylate_and_dicarboxylate_metabolism,
577,VIT_08s0105g00200,33,0.0159,U-box domain-containing protein,,,,
578,VIT_01s0150g00440,30,0.0145,Respiratory burst oxidase protein D (RBOHD),RBOHD,,vv34626Plant-pathogen_interaction,vv50105Transport_electron_carriers
579,VIT_06s0009g02780,29,0.0141,Histone mRNA exonuclease 1,K01175,,,
580,VIT_13s0067g01270,29,0.0139,Avr9/Cf-9 rapidly elicited protein 284,,,,
581,VIT_07s0129g00440,28,0.0136,Major Facilitator Superfamily,MFS,,vv50121Porters_cat_1_to_6,
582,VIT_08s0058g00790,28,0.0135,Secoisolariciresinol dehydrogenase,SIRD,,vv10940Phenylpropanoid_biosynthesis,
583,VIT_19s0014g00830,28,0.0135,RKF1 (receptor-like kinase in flowers 1),,,,
584,VIT_00s0294g00080,27,0.0131,Receptor kinase homolog LRK10,,,,
585,VIT_07s0197g00060,27,0.0131,Myb family,MYBGE_12,,vv60029G2-like,
586,VIT_03s0088g01180,27,0.0131,Proline iminopeptidase,E3_4_11_5,,vv10330Arginine_and_proline_metabolism,
587,VIT_16s0039g01870,26,0.0126,Protein kinase,,,,
588,VIT_00s1278g00010,26,0.0126,Brassinosteroid insensitive 1-associated receptor kinase 1,BAK1,,vv30005Brassinosteroids_signaling,
589,VIT_18s0001g11120,26,0.0126,Ternary complex factor MIP1,,,,
590,VIT_03s0091g00140,26,0.0125,Plant basic secretory protein (BSP) family,,,,
591,VIT_19s0014g01850,26,0.0125,Zinc finger (C3HC4-type ring finger),ZFC3HC4_158,,vv60078Other_zf-C3HC4,
592,VIT_07s0130g00250,25,0.0122,4 5-DOPA dioxygenase extradiol,DODA,,vv10350Tyrosine_metabolism,
593,VIT_03s0088g00970,25,0.0121,No hit,,,,
594,VIT_19s0090g00210,25,0.0121,DTW domain-containing protein,,,,
595,VIT_09s0018g01550,25,0.0121,Trimethylguanosine synthase,K14292,,vv23013RNA_transport,
596,VIT_02s0025g03350,25,0.0120,Unknown,,,,
597,VIT_18s0001g11240,24,0.0117,MAPKKK5 (Mitogen-activated protein kinase kinase kinase 5),,,,
598,VIT_18s0001g15120,24,0.0117,Unknown protein,,,,
599,VIT_07s0151g00360,24,0.0117,Unknown protein,,,,
600,VIT_02s0025g03050,24,0.0117,Unknown protein,,,,
601,VIT_13s0019g05010,24,0.0116,Nodulin-like protein,,,,
602,VIT_09s0002g07420,23,0.0111,No hit,,,,
603,VIT_01s0010g03270,23,0.0111,Unc51-like kinase,K08269,,vv44140Regulation_of_autophagy,vv34150mTOR_signaling_pathway
604,VIT_01s0010g03080,22,0.0106,Unknown,,,,
605,VIT_08s0058g01290,22,0.0106,Protein kinase AtSIK,,,,
606,VIT_06s0009g02560,22,0.0106,Pectinesterase family,E3_1_1_11,,vv40006Cell_wall,
607,VIT_00s0252g00020,22,0.0106,Unknown,,,,
608,VIT_18s0001g12090,21,0.0102,Unknown protein,,,,
609,VIT_02s0025g00420,21,0.0102,WRKY DNA-binding protein 27,WRKY27_2,VvWRKY04,vv60066WRKY,
610,VIT_17s0000g02920,21,0.0102,Glutathione S-transferase 25 GSTU7,E2_5_1_18_GSTU7,,vv10480Glutathione_metabolism,
611,VIT_19s0027g00750,21,0.0102,DNA-binding HORMA,,,,
612,VIT_13s0147g00210,21,0.0101,Unknown protein,,,,
613,VIT_19s0014g04990,21,0.0101,No hit,,,,
614,VIT_10s0003g01770,21,0.0101,Heat shock transcription factor A4A,HSFA4A_1,,vv60037HSF,
615,VIT_09s0070g00740,21,0.0101,PfkB-type carbohydrate kinase,,,,
616,VIT_15s0024g01600,20,0.0096,No hit,,,,
617,VIT_06s0004g01980,19,0.0092,No hit,,,,
618,VIT_07s0130g00470,19,0.0092,Ankyrin repeat,K10380,,,
619,VIT_03s0063g01780,19,0.0091,Extra-large G-protein (XLG1),,,,
620,VIT_11s0206g00050<br>VIT_11s0149g00410,18,0.0088,
621,VIT_09s0002g00220,18,0.0087,Avr9/Cf-9 rapidly elicited protein 132,,,,
622,VIT_01s0011g01760,18,0.0087,Lectin,,,,
623,VIT_01s0010g02950,18,0.0087,Calcium-binding protein CML,K13448,,vv34626Plant-pathogen_interaction,
624,VIT_07s0005g00410,18,0.0087,Glycosyl hydrolase family 1 protein,,,,
625,VIT_01s0011g01810,18,0.0087,No hit,,,,
626,VIT_12s0121g00040,18,0.0087,No hit,,,,
627,VIT_07s0005g00990,17,0.0083,Dehydration-induced 19,,,,
628,VIT_05s0020g04330<br>VIT_05s0020g04300,17,0.0082,
629,VIT_17s0000g06690,17,0.0082,Unknown,,,,
630,VIT_04s0079g00560,17,0.0082,Protein binding / zinc ion binding,,,,
631,VIT_00s0299g00070,16,0.0078,Unknown protein,,,,
632,VIT_18s0001g10760,16,0.0078,Strictosidine synthase,E4_3_3_2,,vv10900Terpenoid_biosynthesis,vv10902Monoterpenoid_biosynthesis
633,VIT_00s0409g00010,16,0.0078,Receptor kinase RK20-1,,,,
634,VIT_07s0005g02560,16,0.0078,Chitinase Class I,E3_2_1_14,,vv10530Aminosugars_metabolism,
635,VIT_11s0052g00490,16,0.0077,No hit,,,,
636,VIT_08s0007g02600,16,0.0077,Unknown protein,,,,
637,VIT_09s0070g00760,16,0.0077,Glycerol kinase,E2_7_1_30,,vv10561Glycerolipid_metabolism,
638,VIT_05s0049g00010,16,0.0077,Cellulose synthase CSLG2,E2_4_1_12_CSLG2,,vv40006Cell_wall,
639,VIT_05s0077g01560,15,0.0073,Pathogenesis protein 10.3 [Vitis quinquangularis],,,,
640,VIT_05s0020g02610,15,0.0073,Hemolysin,K06442,,vv50109Incompletely_characterized_transport_systems,
641,VIT_13s0019g00040,15,0.0073,Beta-N-acetylhexosaminidase,E3_2_1_52,,vv10511N-Glycan_degradation,vv10530Aminosugars_metabolism
642,VIT_11s0016g02850,15,0.0073,Phosphofructokinase,E2_7_1_90,,vv10051Fructose_and_mannose_metabolism,
643,VIT_15s0046g01640,15,0.0073,Abl interactor protein 1 (ABIL1),,,,
644,VIT_18s0001g09070,15,0.0072,ZCW7 protein,,,,
645,VIT_01s0010g03310,15,0.0072,Unknown protein,,,,
646,VIT_01s0010g01950,15,0.0072,Anionic peroxidase,E1_11_1_7,,vv10360Phenylalanine_metabolism,vv10680Methane_metabolism
647,VIT_11s0037g00300,15,0.0072,Signal recognition particle receptor alpha subunit,K13431,,vv23060Protein_export,vv50132Primary_active_transporter_cat_A5_to_A8
648,VIT_06s0004g01990,15,0.0072,No hit,,,,
649,VIT_07s0005g03340,15,0.0072,Myb domain protein 14,MYB14_2,MYB14,vv60044MYB,
650,VIT_16s0098g00190,14,0.0068,Receptor kinase homolog LRK10,,,,
651,VIT_16s0148g00010,14,0.0068,Receptor kinase homolog LRK10,,,,
652,VIT_01s0011g00630,13,0.0063,Pentatricopeptide (PPR) repeat-containing,,,,
653,VIT_00s0322g00020,13,0.0063,HHP4 (heptahelical protein 4),,,,
654,VIT_16s0100g00490,13,0.0063,Unknown protein,,,,
655,VIT_06s0061g01360,13,0.0063,Unknown protein,,,,
656,VIT_11s0149g00140,13,0.0063,D-amino acid dehydrogenase,E1_4_99_1,,vv10360Phenylalanine_metabolism,vv10910Nitrogen_metabolism
657,VIT_19s0176g00040,13,0.0063,Ternary complex factor MIP1,,,,
658,VIT_12s0034g00910,13,0.0063,R protein L6,K13477,,vv34627R_proteins_from_Plant-pathogen_interaction,
659,VIT_15s0107g00390,13,0.0063,5'-adenylylsulfate reductase (APR3),E1_8_4_8,,vv10920Sulfur_metabolism,
660,VIT_01s0010g01610,12,0.0058,Unknown,,,,
661,VIT_09s0002g06780,12,0.0058,Unknown protein,,,,
662,VIT_17s0000g04380,12,0.0058,Wall-associated kinase 1 (WAK1),,,,
663,VIT_10s0116g01480,12,0.0058,2-oxoglutarate dehydrogenase E2 subunit,E1_2_4_2,,vv10020Citrate_cycle,vv10380Tryptophan_metabolism
664,VIT_03s0017g01400,12,0.0058,Adhesive/proline-rich protein,,,,
665,VIT_01s0010g02940,12,0.0058,Calmodulin CML37,K02183,,vv34020Calcium_signaling_pathway,vv34626Plant-pathogen_interaction
666,VIT_13s0084g00150,12,0.0058,Choline kinase,E2_7_1_32,,vv10260Glycine_serine_and_threonine_metabolism,vv10564Glycerophospholipid_metabolism
667,VIT_18s0001g13300,12,0.0058,Unknown,,,,
668,VIT_17s0000g09720,12,0.0058,Unknown protein,,,,
669,VIT_04s0023g03450,12,0.0058,AP endonuclease 2,K10772,,vv23410Base_excision_repair,
670,VIT_05s0094g00260<br>VIT_05s0094g00220,12,0.0058,
671,VIT_04s0044g01540,12,0.0058,UDP-glucuronic acid:anthocyanin glucuronosyltransferase,E2_4_1_236,,vv10941Flavonoid_biosynthesis,
672,VIT_10s0003g05040,12,0.0058,3-hydroxyisobutyrate dehydrogenase,E1_1_1_31,,vv10280Valine_leucine_and_isoleucine_degradation,
673,VIT_17s0000g04790,12,0.0058,BIM1 (BES1-interacting Myc-like protein 1),BIM1,,vv30005Brassinosteroids_signaling,vv60011BHLH
674,VIT_00s0317g00090,12,0.0058,Disease resistance-responsive,,,,
675,VIT_18s0001g02030,11,0.0054,Signal peptidase 1,K03100,,vv23060Protein_export,vv50132Primary_active_transporter_cat_A5_to_A8
676,VIT_18s0001g15710,11,0.0053,Electron carrier/ oxidoreductase,,,,
677,VIT_08s0058g00800,11,0.0053,Wound-induced protein WI12,,,,
678,VIT_14s0006g02980,10,0.0048,Senescence-associated protein,,,,
679,VIT_18s0075g00830,10,0.0048,Laccase,E1_10_3_2,,vv11000Single_reactions,vv50109Incompletely_characterized_transport_systems
680,VIT_05s0077g01170,10,0.0048,DNA-directed RNA polymerase II subunit I,K03017,,vv23020RNA_polymerase,
681,VIT_05s0049g01590,10,0.0048,Small nuclear ribonucleoprotein D3,K11088,,vv23040Spliceosome,
682,VIT_04s0043g00280,10,0.0048,No hit,,,,
683,VIT_19s0015g01760,10,0.0048,Photosystem I reaction center subunit V (PSAG),K08905,,vv10195Photosynthesis,vv50105Transport_electron_carriers
684,VIT_00s0207g00260,10,0.0048,No hit,,,,
685,VIT_01s0026g02310,10,0.0048,SUR2,K04713,,vv10600Sphingolipid_metabolism,
686,VIT_07s0141g00420,10,0.0048,Poly(A)-specific ribonuclease,K01148,,vv23018RNA_degradation,
687,VIT_04s0008g07250,10,0.0048,Aspartyl protease,E3_4_23_x,,,
688,VIT_04s0008g02210,10,0.0048,RPD1 (root primordium defective 1),,,,
689,VIT_01s0011g00740,10,0.0048,Processing peptidase beta subunit  mitochondrial,E3_4_24_64,,,
690,VIT_11s0037g00160,10,0.0048,Protein prenyltransferase  alpha subunit,,,,
691,VIT_18s0117g00080,9,0.0044,R protein L6,K13477,,vv34627R_proteins_from_Plant-pathogen_interaction,
692,VIT_17s0000g02550,9,0.0044,HMR1 protein,,,,
693,VIT_13s0067g02870,9,0.0044,Chalcone-flavanone isomerase,E5_5_1_6,,vv10941Flavonoid_biosynthesis,
694,VIT_05s0029g00600,9,0.0044,S-adenosyl-L-methionine-dependent methyltransferase mraW,K03438,,,
695,VIT_18s0075g00630,9,0.0044,Laccase,E1_10_3_2,,vv11000Single_reactions,vv50109Incompletely_characterized_transport_systems
696,VIT_04s0008g06920,9,0.0044,1 2-diacylglycerol 3-beta-galactosyltransferase,E2_4_1_46,,vv10561Glycerolipid_metabolism,
697,VIT_02s0154g00060,9,0.0044,Thylakoid lumenal protein,,,,
698,VIT_10s0405g00020,9,0.0044,Mo25,K08272,,vv34150mTOR_signaling_pathway,
699,VIT_00s0184g00130,9,0.0043,R protein L6,K13477,,vv34627R_proteins_from_Plant-pathogen_interaction,
700,VIT_17s0000g09800,9,0.0043,No hit,,,,
701,VIT_02s0012g02380,9,0.0043,Geraniol 10-hydroxylase,G10H,,vv10902Monoterpenoid_biosynthesis,
702,VIT_10s0116g00350,9,0.0043,Unknown protein,,,,
703,VIT_07s0031g01890,9,0.0043,No hit,,,,
704,VIT_17s0000g04080,9,0.0043,No hit,,,,
705,VIT_04s0069g01010,9,0.0043,Harpin-induced protein,,,,
706,VIT_03s0063g00360,9,0.0043,Glycoprotein 3-alpha-L-fucosyltransferase,E2_4_1_214,,vv11030Glycan_structures-biosynthesis1,
707,VIT_12s0028g00860,9,0.0043,NAC domain-containing protein 42,NAC042_5,VvNAC36,vv60046NAC,
708,VIT_05s0049g01010,9,0.0043,Myb domain protein 14,MYB14_4,MYB13,vv60044MYB,
709,VIT_05s0020g01140,9,0.0043,Ribosomal protein L18,K02881,,vv23010Ribosome,
710,VIT_12s0028g03910,9,0.0043,CAAX amino terminal protease,,,,
711,VIT_04s0044g01730,8,0.0039,F-box family protein,,,,
712,VIT_14s0030g00470,7,0.0034,Stress regulated protein isoform 3,,,,
713,VIT_01s0011g02530,7,0.0034,Carboxylesterase,E3_1_1_1,,,
714,VIT_18s0001g04490,7,0.0034,Germacrene-D synthase,E4_2_3_22,,vv10900Terpenoid_biosynthesis,
715,VIT_16s0050g01250,7,0.0034,Heavy-metal-associated domain-containing protein,,,,
716,VIT_13s0019g03970,7,0.0034,Ribosomal protein P0 (RPP0A) acidic 60S,K02941,,vv23010Ribosome,
717,VIT_16s0100g00900,7,0.0034,Stilbene synthase [Vitis pseudoreticulata],E2_3_1_95,,vv10940Phenylpropanoid_biosynthesis,
718,VIT_11s0052g00240,7,0.0034,Accelerated cell death 11 (ACD11),,,,
719,VIT_09s0002g02320,7,0.0034,Cell wall apoplastic invertase,E3_2_1_26,,vv10052Galactose_metabolism,vv10500Starch_and_sucrose_metabolism
720,VIT_08s0058g01320,7,0.0034,Unknown,,,,
721,VIT_15s0024g00770,7,0.0034,No hit,,,,
722,VIT_00s0194g00120,7,0.0033,Serine acetyltransferase,E2_3_1_30,,vv10272Cysteine_metabolism,vv10920Sulfur_metabolism
723,VIT_03s0091g00530,6,0.0029,N-acetyltransferase ESCO2,,,,
724,VIT_14s0006g03040,6,0.0029,DNA repair protein RAD23,K10839,,vv23420Nucleotide_excision_repair,vv24141Protein_processing_in_endoplasmic_reticulum
725,VIT_04s0008g02410,6,0.0029,Unknown protein,,,,
726,VIT_00s0286g00130,6,0.0029,S-locus lectin protein kinase,,,,
727,VIT_11s0016g01610,6,0.0029,Unknown,,,,
728,VIT_18s0117g00060,6,0.0029,R protein L6,K13477,,vv34627R_proteins_from_Plant-pathogen_interaction,
729,VIT_12s0055g00930,6,0.0029,Heavy-metal-associated domain-containing protein,,,,
730,VIT_07s0031g01270,6,0.0029,Ring-H2 finger A2A,RHA2A,,vv60078Other_zf-C3HC4,
731,VIT_19s0085g00900,6,0.0029,Unknown protein,,,,
732,VIT_06s0009g00760,6,0.0029,HcrVf1 protein,,,,
733,VIT_07s0141g00130,6,0.0029,Protein phosphatase 2C,,,,
734,VIT_11s0016g02360,6,0.0029,TET2 (tetraspanin2),,,,
735,VIT_13s0019g03590,6,0.0029,Catalytic,,,,
736,VIT_12s0057g00990,6,0.0029,Beta 1 2 N-acetylglucosaminyltransferase,E2_4_1_143,,vv10510N-Glycan_biosynthesis,vv11030Glycan_structures-biosynthesis1
737,VIT_18s0041g01290,6,0.0029,Serine/threonine-protein kinase CCR4,,,,
738,VIT_03s0088g01090,6,0.0029,Zinc finger (C3HC4-type ring finger),ZFC3HC4_242,,vv60078Other_zf-C3HC4,
739,VIT_04s0069g00060,6,0.0029,Glutamate receptor protein,GLR2_7,,vv50101Channels_and_pores,
740,VIT_06s0009g02590,6,0.0029,Pectinesterase family,E3_1_1_11,,vv40006Cell_wall,
741,VIT_05s0020g03410,6,0.0029,Aspartate aminotransferase,E2_6_1_1,vv10710Carbon_fixation,vv10252Alanine_and_aspartate_metabolism,vv10272Cysteine_metabolism
742,VIT_00s0317g00060,6,0.0029,Unknown protein,,,,
743,VIT_07s0005g05620,6,0.0029,Thioredoxin 4B,,,,
744,VIT_13s0067g03470,6,0.0029,Glutathione S-transferase GSTO1,E2_5_1_18_GSTO1,,vv10480Glutathione_metabolism,
745,VIT_18s0001g05270,6,0.0029,ERGIC and golgi 3,ERGIC,,vv50109Incompletely_characterized_transport_systems,
746,VIT_06s0004g07500,6,0.0029,WRKY DNA-binding protein 33,WRKY33_1,VvWRKY16,vv34626Plant-pathogen_interaction,vv60066WRKY
747,VIT_00s0299g00080,6,0.0029,Unknown,,,,
748,VIT_08s0007g05840,6,0.0029,No hit,,,,
749,VIT_07s0005g04050,6,0.0029,Leucine Rich Repeat receptor-like kinase,,,,
750,VIT_16s0022g01050<br>VIT_16s0022g01030<br>VIT_16s0022g01010<br>VIT_16s0022g01110<br>VIT_16s0022g01100<br>VIT_16s0022g01040<br>VIT_16s0022g00990<br>VITisv_028484,6,0.0029,
751,VIT_10s0003g04790,6,0.0029,No hit,,,,
752,VIT_18s0001g05280,6,0.0029,No hit,,,,
753,VIT_19s0090g00080,6,0.0029,Ubiquitin-conjugating enzyme E2 variant,K10704,,,
754,VIT_11s0016g02570,6,0.0029,Phospholipase A2 precursor,E3_1_1_4,,vv10564Glycerophospholipid_metabolism,vv10565Ether_lipid_metabolism
755,VIT_02s0012g00690,6,0.0029,No hit,,,,
756,VIT_07s0031g02650,6,0.0029,Unknown protein,,,,
757,VIT_14s0030g00930,6,0.0029,Laccase,E1_10_3_2,,vv11000Single_reactions,vv50109Incompletely_characterized_transport_systems
758,VIT_13s0067g02840,5,0.0024,Phosphatidylinositol-4-phosphate 5-kinase,E2_7_1_68,,vv10562Inositol_phosphate_metabolism,vv34070Phosphatidylinositol_signaling_system
759,VIT_19s0014g01460,4,0.0019,Ubiquitin-conjugating enzyme E2 N,K10580,,vv24120Ubiquitin_mediated_proteolysis,
760,VIT_10s0042g00310<br>VIT_18s0075g00100,4,0.0019,
761,VIT_16s0098g00210,4,0.0019,Receptor serine/threonine kinase,,,,
762,VIT_14s0128g00030,4,0.0019,Unknown protein,,,,
763,VIT_00s0194g00010,4,0.0019,Phenylalanine-tRNA ligase,E6_1_1_20,,vv10400Phenylalanine_tyrosine_and_tryptophan_biosynthesis,vv20970Aminoacyl-tRNA_biosynthesis
764,VIT_00s0194g00140,4,0.0019,Agenet domain-containing protein,,,,
765,VIT_04s0008g01040,4,0.0019,Lysine decarboxylase,E4_1_1_18,,vv10300Lysine_biosynthesis,
766,VIT_07s0031g01690,4,0.0019,No hit,,,,
767,VIT_05s0124g00480,4,0.0019,2-hydroxyacyl-CoA lyase 1,K12261,,vv44146Peroxisome,
768,VIT_00s0341g00010,4,0.0019,Dual specificity protein phosphatase,,,,
769,VIT_00s0145g00110,3,0.0015,Pirin,K06911,,,
770,VIT_13s0101g00520,3,0.0015,Unknown protein,,,,
771,VIT_05s0020g04780,3,0.0015,Basic helix-loop-helix (bHLH) family,BHLHDOM_52,,vv60011BHLH,
772,VIT_13s0019g03450,3,0.0015,Unknown protein,,,,
773,VIT_11s0037g01400,3,0.0015,Zinc finger (C3HC4-type ring finger),ZFC3HC4_80,,vv60078Other_zf-C3HC4,
774,VIT_01s0026g01880,3,0.0015,Protein kinase APK1B,,,,
775,VIT_14s0068g02210,3,0.0015,HcrVf1 protein,,,,
776,VIT_01s0026g01520,3,0.0015,Guanine nucleotide exchange factor protein,RCC1,,vv50112Nuclear_pore_complex,
777,VIT_13s0019g01280,3,0.0015,DC1 domain-containing protein,,,,
778,VIT_18s0001g05760,3,0.0015,No hit,,,,
779,VIT_11s0052g00220,3,0.0015,Unknown protein,,,,
780,VIT_17s0000g06600,3,0.0015,No hit,,,,
781,VIT_14s0108g00540,3,0.0015,Phosphofructokinase,E2_7_1_90,,vv10051Fructose_and_mannose_metabolism,
782,VIT_01s0026g01540,3,0.0015,Unknown protein,,,,
783,VIT_10s0116g00320<br>VIT_10s0116g00250,3,0.0015,
784,VIT_18s0001g08820,3,0.0015,Unknown protein,,,,
785,VIT_17s0000g05410,3,0.0015,Galactosyltransferase,E2_4_x_x,,,
786,VIT_06s0009g01790,3,0.0015,ABA-responsive element-binding protein 3 (AREB3),AREB3_2,VvbZIP18,vv30001ABA_signaling,vv60012BZIP
787,VIT_02s0025g03690,3,0.0015,RNA-binding protein NOB1,K11883,,vv23008Ribosome_biogenesis_in_Eukaryotes,
788,VIT_02s0012g02190,3,0.0015,Cellulose synthase CSLD2,E2_4_1_12_CSLD2,,vv40006Cell_wall,
789,VIT_19s0014g01290,3,0.0015,Phosphoesterase,,,,
790,VIT_04s0008g02650,3,0.0015,Unknown protein,,,,
791,VIT_05s0077g01810,3,0.0015,Unknown protein,,,,
792,VIT_07s0151g00570,3,0.0015,OB-fold nucleic acid binding domain containing protein,,,,
793,VIT_02s0033g01030,3,0.0015,Anthraniloyal-CoA: methanol anthraniloyal transferase,AMAT,,vv10400Phenylalanine_tyrosine_and_tryptophan_biosynthesis,
794,VIT_03s0088g00410,3,0.0015,Pyruvate kinase isozyme A  chloroplast precursor,E2_7_1_40,,vv10010Glycolysis,vv10230Purine_metabolism
795,VIT_12s0055g00990,3,0.0015,Peroxidase,E1_11_1_7,,vv10360Phenylalanine_metabolism,vv10680Methane_metabolism
796,VIT_07s0151g01070,3,0.0015,Copalyl diphosphate synthase,E5_5_1_12,,vv10904Diterpenoid_biosynthesis,
797,VIT_12s0035g00560,3,0.0015,CYP82M1v3,,,,
798,VIT_03s0063g00670,3,0.0015,Cyclin-dependent kinase inhibitor ICK5,ICK5,,vv44110Cell_cycle,
799,VIT_11s0016g00260,3,0.0015,Tac7077,,,,
800,VIT_05s0102g00210,3,0.0015,Unknown protein,,,,
801,VIT_13s0074g00350,3,0.0015,Unknown,,,,
802,VIT_06s0004g06060,3,0.0015,Unknown protein,,,,
803,VIT_09s0054g00560,3,0.0015,No hit,,,,
804,VIT_08s0007g05320,3,0.0015,Essential for mitotic growth 1,K14568,,vv23008Ribosome_biogenesis_in_Eukaryotes,
805,VIT_14s0066g02070,3,0.0015,AAA-type ATPase,,,,
806,VIT_18s0041g02010<br>VIT_18s0041g02050,3,0.0015,
807,VIT_15s0046g01480,3,0.0015,Unknown protein,,,,
808,VIT_16s0098g01830,3,0.0014,Transcription factor jumonji (jmjC) domain-containing protein,JMJD1B_3,,vv60038Jumonji,
809,VIT_12s0059g00520,3,0.0014,RabGAP/TBC domain-containing protein,,,,
810,VIT_08s0040g01710,3,0.0014,Phenylalanine ammonia-lyase,E4_3_1_5,,vv10350Tyrosine_metabolism,vv10360Phenylalanine_metabolism
811,VIT_19s0085g00020,3,0.0014,Nucleolar complex protein 3 homolog (Protein NOC3 homolog),,,,
812,VIT_14s0030g00460,3,0.0014,Stress regulated protein isoform 3,,,,
813,VIT_01s0010g03910,3,0.0014,Squamosa promoter-binding protein 13 (SPL13),SPL13_2,,vv60055SBP,
814,VIT_18s0001g01750,3,0.0014,No hit,,,,
815,VIT_05s0020g04320,3,0.0014,Pentatricopeptide repeat-containing protein,,,,
816,VIT_17s0000g05890,3,0.0014,Protein kinase APK1B,,,,
817,VIT_01s0026g01130,3,0.0014,Unknown protein,,,,
818,VIT_00s1348g00010,3,0.0014,Ternary complex factor MIP1,,,,
819,VIT_01s0011g01390,3,0.0014,No hit,,,,
820,VIT_04s0044g00970,3,0.0014,Unknown protein,,,,
821,VIT_17s0053g00750,3,0.0014,Unknown protein,,,,
822,VIT_12s0034g01020,3,0.0014,Ribosomal protein L18,K02881,,vv23010Ribosome,
823,VIT_05s0029g00320,3,0.0014,Unknown,,,,
824,VIT_12s0057g01540,3,0.0014,Regulator of chromosome condensation (RCC1),RCC1,,vv50112Nuclear_pore_complex,
825,VIT_14s0060g00150,3,0.0014,Nectarin-1NECI,,,,
826,VIT_18s0122g00690,3,0.0014,Laccase,E1_10_3_2,,vv11000Single_reactions,vv50109Incompletely_characterized_transport_systems
827,VIT_07s0104g00570,3,0.0014,BTB-POZ and math Domain 2 ATBPM2,BPM2_1,,vv60093TRAF,
828,VIT_13s0064g01120,3,0.0014,No hit,,,,
829,VIT_18s0072g00130,3,0.0014,No hit,,,,
830,VIT_12s0055g00060,3,0.0014,UDP-glycosyltransferase 71A13,,,,
831,VIT_05s0077g01450,3,0.0014,GATA transcription factor 16,GAT16_1,,vv60016C2C2-GATA,
832,VIT_17s0000g05350,3,0.0014,5-formyltetrahydrofolate cycloligase,E6_3_3_2,,vv10670One_carbon_pool_by_folate,
833,VIT_00s2563g00010,3,0.0014,Glycogenin glucosyltransferase,E2_4_1_186,,vv10500Starch_and_sucrose_metabolism,
834,VIT_05s0049g02130,3,0.0014,Glutamyl-tRNA(Gln) amidotransferase B,E6_3_5_6,,vv10251Glutamate_metabolism,vv10252Alanine_and_aspartate_metabolism
835,VIT_11s0103g00390,3,0.0014,DNA-directed RNA polymerase subunit beta',K03046,,vv23020RNA_polymerase,
836,VIT_01s0010g00590,3,0.0014,Short-chain dehydrogenase/reductase SDR,,,,
837,VIT_14s0060g00010,3,0.0014,Ribosomal protein L21,K02888,,vv23010Ribosome,
838,VIT_09s0002g05570,3,0.0014,ABC transporter g family pleiotropic drug resistance 12 PDR12,ABCGPDR12,,vv52010ABC_transporters,
839,VIT_01s0150g00410,3,0.0014,Unknown protein,,,,
840,VIT_16s0050g02210,3,0.0014,Chitinase III [Vitis vinifera],E3_2_1_14,,vv10530Aminosugars_metabolism,
841,VIT_09s0002g05530,3,0.0014,ABC transporter g family pleiotropic drug resistance 12 PDR12,ABCGPDR12,,vv52010ABC_transporters,
842,VIT_14s0060g02190,3,0.0014,Unknown protein,,,,
843,VIT_01s0010g01160,3,0.0014,Zinc finger (DHHC type),ZFDHHC_4,,vv60079Other_zf-DHHC,
844,VIT_11s0016g04050,3,0.0014,No hit,,,,
845,VIT_14s0128g00590,3,0.0014,No hit,,,,
846,VIT_12s0035g00780,3,0.0014,Proteasome 26S regulatory subunit (RPN5),K03035,,vv23050Proteasome,
847,VIT_00s0780g00040,3,0.0014,RGLG2 (ring Domain LIGASE2),RGLG2,,vv50004Auxin_transport,
848,VIT_07s0141g00310,3,0.0014,Phosphoribulokinase/uridine kinase,E2_7_1_48,,vv10240Pyrimidine_metabolism,
