Vv_m2,2000,1000,VIT_14s0036g00460
rank,node,Fabs,Frel,Functional-annotation,Name-EC-KeggID,Updated-name,Network1,Network2
1,VIT_10s0003g01380,2069,1.0000,Myb family,MYBGE_9,,vv60029G2-like,
2,VIT_18s0001g12900,2067,1.0000,S-adenosyl-L-methionine:salicylic acid carboxyl methyltransferase,SAMTBSCMT,,vv10360Phenylalanine_metabolism,
3,VIT_12s0055g00320,2064,1.0000,UDP-glucose: anthocyanidin 5 3-O-glucosyltransferase,RHGT1,,vv10942Anthocyanin_biosynthesis,
4,VIT_00s0824g00020,2068,0.9990,Basic helix-loop-helix (bHLH) family,BHLHDOM_58,,vv60011BHLH,
5,VIT_04s0008g01540,2067,0.9990,No hit,,,,
6,VIT_13s0067g01410,2059,0.9985,Anthranilate N-hydroxycinnamoyl/benzoyltransferase,E2_3_1_144,,vv10400Phenylalanine_tyrosine_and_tryptophan_biosynthesis,
7,VIT_01s0026g02040,2068,0.9976,No hit,,,,
8,VIT_12s0059g01980,2063,0.9976,Ultrapetala1,ULTRAPETALA1,,vv60064ULT,
9,VIT_18s0089g01150,2056,0.9952,Wall-associated kinase 2 (WAK2),,,,
10,VIT_10s0003g01430,2054,0.9942,MEE62 (maternal effect embryo arrest 62),,,,
11,VIT_13s0067g01350,2054,0.9913,Basic helix-loop-helix (bHLH) family,BHLHDOM_16,,vv60011BHLH,
12,VIT_08s0056g00780,2037,0.9912,MATE efflux family protein,MATE,,vv50125Porters_cat_66_to_94,
13,VIT_01s0137g00350,2061,0.9909,P-glycoprotein 18,PGP18,,vv52010ABC_transporters,
14,VIT_16s0050g02430,2045,0.9903,Receptor protein kinase,,,,
15,VIT_09s0018g00670,2039,0.9903,HcrVf1 protein,,,,
16,VIT_07s0151g00610,2049,0.9884,No hit,,,,
17,VIT_06s0004g07770,2046,0.9884,Peroxidase,E1_11_1_7,,vv10360Phenylalanine_metabolism,vv10680Methane_metabolism
18,VIT_13s0047g00590,2032,0.9779,No hit,,,,
19,VIT_10s0116g01070,2014,0.9777,Oxidosqualene cyclase,E5_4_99_7,,vv10100Biosynthesis_of_steroids,
20,VIT_16s0039g01540,2004,0.9742,Unknown protein,,,,
21,VIT_00s0927g00010,2015,0.9739,Basic helix-loop-helix (bHLH) family,BHLHDOM_81,,vv60011BHLH,
22,VIT_07s0031g01840,2018,0.9735,WRKY DNA-binding protein 13,WRKY13,VvWRKY23,vv60066WRKY,
23,VIT_05s0165g00010,1992,0.9703,Ankyrin repeat,K10380,,vv50108Accessory_factors_involved_in_transport,
24,VIT_10s0003g05640,2000,0.9643,UDP-arabinose 4-epimerase 3,E5_1_3_5,,vv10520Nucleotide_sugars_metabolism,
25,VIT_05s0062g00160,1996,0.9629,No hit,,,,
26,VIT_01s0137g00170,1985,0.9617,B-keto acyl reductase,,,,
27,VIT_11s0052g01060,1995,0.9605,Transferase,,,,
28,VIT_11s0016g02490,1963,0.9474,Ndr family protein,,,,
29,VIT_01s0146g00510,1953,0.9471,Zinc finger (C3HC4-type ring finger),ZFC3HC4_180,,vv60078Other_zf-C3HC4,
30,VIT_08s0040g01000,1957,0.9468,No hit,,,,
31,VIT_06s0004g06360,1957,0.9463,No hit,,,,
32,VIT_10s0116g00710,1949,0.9452,Tryptophan synthase  beta subunit,E4_2_1_20,,vv10400Phenylalanine_tyrosine_and_tryptophan_biosynthesis,
33,VIT_10s0003g02810,1947,0.9415,WRKY DNA-binding protein 71,WRKY71_1,VvWRKY31,vv60066WRKY,
34,VIT_14s0068g00200,1948,0.9411,No hit,,,,
35,VIT_07s0031g01890,1954,0.9403,No hit,,,,
36,VIT_11s0016g01930,1921,0.9285,Diacylglycerol acyltransferase,E2_3_1_20,,vv10561Glycerolipid_metabolism,vv50124Porters_cat_30_to_64
37,VIT_11s0016g05340,1891,0.9166,Ethylene-responsive transcription factor SHINE 3,SHINE3_2,VvERF043,vv30008Ethylene_signaling,vv60003AP2_EREBP
38,VIT_03s0063g00140,1894,0.9150,Caffeoyl-CoA O-methyltransferase,E2_1_1_104,,vv10940Phenylpropanoid_biosynthesis,
39,VIT_19s0014g01360,1868,0.9015,Curculin (mannose-binding) lectin,,,,
40,VIT_10s0092g00150,1874,0.8997,Patatin protein 3,,,,
41,VIT_01s0011g05090,1849,0.8976,Major latex-like protein 34,,,,
42,VIT_09s0002g01520,1845,0.8939,Unknown protein,,,,
43,VIT_01s0026g00630,1827,0.8873,N-hydroxythioamide S-beta-glucosyltransferase,K11820,,vv10966Glucosinolate_biosynthesis,
44,VIT_04s0023g01530,1836,0.8831,Transcription initiation factor TFIIB,K03124,,vv23022Basal_transcription_factors,
45,VIT_00s0437g00050,1838,0.8828,Receptor kinase RK20-1,,,,
46,VIT_19s0090g01410,1811,0.8783,Wax synthase isoform 1,E2_3_1_75,,vv11000Single_reactions,
47,VIT_15s0021g01370,1809,0.8782,Unknown protein,,,,
48,VIT_11s0052g01080,1812,0.8758,No hit,,,,
49,VIT_13s0019g03700,1805,0.8720,Lateral organ boundaries protein 1,LBD1_8,,vv60007AS2,
50,VIT_19s0014g00930,1798,0.8690,Unknown protein,,,,
51,VIT_12s0028g00900,1784,0.8669,No hit,,,,
52,VIT_10s0116g00750,1784,0.8643,S-linalool synthase,E4_2_3_25,,vv10900Terpenoid_biosynthesis,
53,VIT_01s0127g00250,1777,0.8639,Kelch repeat-containing F-box protein,,,,
54,VIT_15s0021g01820,1794,0.8621,No hit,,,,
55,VIT_04s0023g00290,1774,0.8587,ABC transporter I member 2,ABCI2,,vv52010ABC_transporters,
56,VIT_19s0015g01170,1754,0.8539,MYB divaricata,DIVARICATA_5,,vv30009Flower_development,vv60044MYB
57,VIT_07s0031g00560,1769,0.8525,Lipase class 3,,,,
58,VIT_09s0018g01340<br>VIT_09s0018g01360,1763,0.8525,
59,VIT_16s0098g00840,1763,0.8509,Unknown protein,,,,
60,VIT_08s0007g07140,1753,0.8452,Esterase/lipase/thioesterase family protein,,,,
61,VIT_04s0043g00320,1746,0.8443,No hit,,,,
62,VIT_18s0001g08410,1721,0.8362,Homeobox-leucine zipper protein 22,HAT22_2,VvHB64,vv60034HB,
63,VIT_07s0141g00690,1718,0.8360,ERF/AP2 transcription factor sub B-1(ATERF-3),ERF3_2,VvERF065,vv30008Ethylene_signaling,vv60003AP2_EREBP
64,VIT_00s0229g00190,1738,0.8336,Inositol 2-dehydrogenase like protein,E1_1_1_18,,vv10562Inositol_phosphate_metabolism,
65,VIT_07s0005g02500,1707,0.8250,SNF7 family protein,SNF7_1,,vv50111Tethering_factors,
66,VIT_11s0016g03250,1698,0.8227,Lachrymatory factor synthase,,,,
67,VIT_16s0013g00310,1696,0.8201,Histone-lysine N-methyltransferase  H3 lysine-9 specific SUVH5,E2_1_1_43SUVH5_2,,vv10300Lysine_biosynthesis,vv60056SET_PCG
68,VIT_01s0011g02610,1691,0.8177,No hit,,,,
69,VIT_02s0025g02970,1674,0.8130,flavanone 3-beta-hydroxylase,E1_14_11_9,,vv10941Flavonoid_biosynthesis,
70,VIT_15s0021g02680,1679,0.8084,Cyclin-U2-1 (CycU2;1) Cyclin-P3.1,CYCP3_1,,vv44110Cell_cycle,
71,VIT_08s0058g00590,1669,0.8036,Macrophage migration inhibitory factor,,,,
72,VIT_03s0038g03510,1653,0.8028,Auxin-induced SAUR,SAUR,,vv30003Auxin_signaling,
73,VIT_10s0003g03200,1650,0.7963,Mitochondrial-processing peptidase subunit alpha,,,,
74,VIT_14s0171g00040,1648,0.7958,Cf-2 gene,K13466,,vv34626Plant-pathogen_interaction,
75,VIT_18s0001g11400,1626,0.7943,CYP82C4,,,,
76,VIT_07s0130g00040,1611,0.7859,Myb domain protein 4,MYB4_10,MYB3,vv60044MYB,
77,VIT_01s0011g03780,1612,0.7791,Zinc finger protein 6,ZFP6_2,,vv60017C2H2,
78,VIT_18s0041g00020,1591,0.7679,Wall-associated receptor kinase 2,,,,
79,VIT_18s0001g03910,1574,0.7644,Nitrate reductase 2 (NR2),E1_7_1_1,,vv10910Nitrogen_metabolism,vv34020Calcium_signaling_pathway
80,VIT_18s0001g06320,1568,0.7630,Cupin  RmlC-type,,,,
81,VIT_07s0130g00200,1584,0.7612,Lipase GDSL,,,,
82,VIT_06s0009g01220,1574,0.7604,Subtilisin protease C1,,,,
83,VIT_14s0068g00160,1559,0.7553,No hit,,,,
84,VIT_19s0014g03340<br>VIT_14s0081g00510<br>VIT_19s0015g02370<br>VIT_19s0015g02360<br>VIT_19s0015g02350,1564,0.7552,
85,VIT_18s0001g10930,1559,0.7535,Patatin,,,,
86,VIT_11s0016g01100,1548,0.7518,Glucan endo-1 3-beta-glucosidase,E3_2_1_39,,vv10500Starch_and_sucrose_metabolism,
87,VIT_03s0088g00890,1557,0.7511,Pathogenesis related protein 1 precursor [Vitis vinifera],PRP1,,vv30011Jasmonate_signaling,vv34626Plant-pathogen_interaction
88,VIT_12s0055g01000,1549,0.7476,Peroxidase,E1_11_1_7,,vv10360Phenylalanine_metabolism,vv10680Methane_metabolism
89,VIT_01s0127g00210,1535,0.7441,KNAT2 (knotted1-like homeobox gene 6),KNAT6_1,VvHB03,vv60034HB,
90,VIT_06s0004g04790,1541,0.7437,MBD5 (methyl-CpG-binding domain 5),,,,
91,VIT_04s0008g03890,1536,0.7410,GTP binding protein EngB,K03978,,,
92,VIT_18s0001g06850,1529,0.7390,Peroxidase GvPx2b class III,E1_11_1_7,,vv10360Phenylalanine_metabolism,vv10680Methane_metabolism
93,VIT_09s0002g05030,1512,0.7340,No hit,,,,
94,VIT_08s0007g01420,1496,0.7266,Glutathione S-transferase 8 GSTU8,E2_5_1_18_GSTU8,,vv10480Glutathione_metabolism,
95,VIT_16s0050g02110,1507,0.7263,Timeless ATIM,K03155,,,
96,VIT_04s0008g03250,1494,0.7203,Homeobox gene 8,VVHB8_3,VvHB13,vv60034HB,
97,VIT_00s0266g00090,1495,0.7201,ARK3 (Arabidopsis Receptor Kinase 3),,,,
98,VIT_14s0006g02290,1490,0.7163,DREB sub A-4 of ERF/AP2 transcription factor,TINY_2,VvERF028,vv30008Ethylene_signaling,vv60003AP2_EREBP
99,VIT_01s0011g01320,1481,0.7162,Cholinephosphate cytidylyltransferase,E2_7_7_15,,vv10564Glycerophospholipid_metabolism,
100,VIT_15s0107g00290,1478,0.7123,R protein L6,K13477,,vv34627R_proteins_from_Plant-pathogen_interaction,
101,VIT_04s0008g02490,1463,0.7088,Adagio protein 1,ZTL,,vv34710Circadian_rhythm,
102,VIT_17s0000g05520,1448,0.7033,Calcium-dependent protein kinase 30 CPK30,CPK30,,vv34626Plant-pathogen_interaction,
103,VIT_13s0067g02720,1422,0.6923,Cytochrome P450  family 79  subfamily A  polypeptide 2,K12153,,vv10966Glucosinolate_biosynthesis,
104,VIT_05s0094g01310,1422,0.6906,Polygalacturonase GH28,E3_2_1_15,,vv40006Cell_wall,
105,VIT_15s0046g00550,1415,0.6889,Wax synthase,E2_3_1_75,,vv11000Single_reactions,
106,VIT_13s0064g00930,1414,0.6854,ferric reductase defective 3,FRD3,,vv50125Porters_cat_66_to_94,
107,VIT_07s0151g00130,1419,0.6852,Chlorophyllase 1,E3_1_1_14,,vv10860Porphyrin_and_chlorophyll_metabolism,
108,VIT_12s0028g03150,1413,0.6846,Cap-binding protein CBP20,K12883,,vv23013RNA_transport,vv23015mRNA_surveillance_pathway
109,VIT_01s0011g02420,1402,0.6822,Unknown,,,,
110,VIT_08s0007g05180,1406,0.6809,Unknown,,,,
111,VIT_12s0059g00650,1405,0.6781,No hit,,,,
112,VIT_19s0014g01760,1407,0.6764,Glutamate receptor 2.8,GLR2_8,,vv50101Channels_and_pores,
113,VIT_09s0002g08510,1400,0.6757,Expansin beta 2 precursor,EXPB2,,vv30003Auxin_signaling,
114,VIT_11s0052g00530,1398,0.6754,Zinc-binding protein,,,,
115,VIT_15s0048g02650,1397,0.6739,Unknown protein,,,,
116,VIT_16s0013g00700,1392,0.6738,Multidrug resistance-associated protein 3,MRP3,,vv52010ABC_transporters,
117,VIT_14s0030g00220,1391,0.6730,Sugar transporter ERD6-like 5,ERD6L5,,vv50121Porters_cat_1_to_6,
118,VIT_07s0005g03080,1387,0.6697,Nodulin MtN21 family,MTN21,,vv50122Porters_cat_7_to_17,
119,VIT_08s0007g02050,1397,0.6668,Unknown protein,,,,
120,VIT_05s0077g00690,1373,0.6639,Galactokinase (GAL1),E2_7_1_6,,vv10052Galactose_metabolism,
121,VIT_05s0020g03740,1362,0.6554,Lipid transfer protein,LTP,,,
122,VIT_16s0098g01870,1342,0.6464,SOS3 (salt overly sensitive 3),E3_1_3_16,,,
123,VIT_01s0010g03900,1329,0.6426,SEPALLATA3,SEPALLATA3_2,,vv30009Flower_development,vv60042MADS
124,VIT_13s0067g01260,1336,0.6408,SAC3/GANP,,,,
125,VIT_12s0028g00270,1324,0.6384,WRKY DNA-binding protein 71,WRKY71_2,VvWRKY35,vv60066WRKY,
126,VIT_04s0023g03620,1325,0.6376,Proteasome 26S regulatory subunit S5A (RPN10),K03029,,vv23050Proteasome,
127,VIT_15s0046g02660,1324,0.6344,Sas10/U3 ribonucleoprotein,,,,
128,VIT_04s0008g02730,1301,0.6331,No hit,,,,
129,VIT_14s0083g00520,1300,0.6283,Proline oxidase,E1_5_99_8,,vv10330Arginine_and_proline_metabolism,
130,VIT_09s0054g00350,1299,0.6269,Ycf2,,,,
131,VIT_08s0040g00940,1278,0.6222,Catalytic,,,,
132,VIT_12s0134g00070,1277,0.6145,No hit,,,,
133,VIT_18s0001g08470,1259,0.6094,Myb domain protein 84/RAX3,MYB84_1,MYB152,vv60044MYB,
134,VIT_11s0016g04290,1257,0.6070,3-hydroxyisobutyryl-CoA hydrolase,E3_1_2_4,,vv10280Valine_leucine_and_isoleucine_degradation,vv10410Beta-alanine_metabolism
135,VIT_01s0011g02780,1254,0.6058,Unknown protein,,,,
136,VIT_07s0104g00180,1257,0.6035,Nectarin IV NEC4,,,,
137,VIT_00s0225g00080,1255,0.6002,MATE efflux family protein,MATE,,vv50125Porters_cat_66_to_94,
138,VIT_00s2634g00010<br>VIT_00s0429g00010,1247,0.6001,
139,VIT_11s0052g01070,1230,0.5939,Transferase,,,,
140,VIT_12s0059g02580,1208,0.5856,CRK10 (cysteine-rich RLK10),,,,
141,VIT_15s0021g01510,1201,0.5839,Phospholipase A1,E3_1_1_32,,vv10564Glycerophospholipid_metabolism,vv10592Alpha-linolenic_acid_metabolism
142,VIT_15s0048g03000,1201,0.5830,GTPase RABA3,K07976,,,
143,VIT_19s0093g00320,1206,0.5820,Glutathione S-transferase 25 GSTU25,E2_5_1_18_GSTU25,,vv10480Glutathione_metabolism,
144,VIT_19s0090g00660,1203,0.5789,Lipase GDSL,,,,
145,VIT_18s0001g06120<br>VIT_18s0001g06090,1191,0.5765,
146,VIT_01s0150g00130,1186,0.5727,Unknown protein,,,,
147,VIT_04s0008g00860,1167,0.5690,Ndr family protein,,,,
148,VIT_06s0080g00400,1178,0.5685,Ribosomal protein L10A (RPL10aA) 60S,K02865,,vv23010Ribosome,
149,VIT_09s0070g00240,1160,0.5628,Cinnamoyl-CoA reductase,E1_2_1_44,,vv10940Phenylpropanoid_biosynthesis,
150,VIT_08s0040g02680,1155,0.5585,Unknown protein,,,,
151,VIT_01s0010g02010,1155,0.5561,Anionic peroxidase,E1_11_1_7,,vv10360Phenylalanine_metabolism,vv10680Methane_metabolism
152,VIT_16s0022g02080,1146,0.5542,Exostosin family protein,K02366,,vv11030Glycan_structures-biosynthesis1,
153,VIT_04s0023g02570,1129,0.5462,Peroxidase 72,E1_11_1_7,,vv10360Phenylalanine_metabolism,vv10680Methane_metabolism
154,VIT_12s0142g00130,1123,0.5441,MAPK (MPK20),,,,
155,VIT_00s0840g00010<br>VIT_00s1437g00010,1132,0.5440,
156,VIT_10s0092g00620,1120,0.5437,No hit,,,,
157,VIT_19s0090g01870,1121,0.5408,Multidrug resistance-associated protein 3,MRP3,,vv52010ABC_transporters,
158,VIT_11s0016g05450,1114,0.5369,Equilibrative nucleoside transporter ENT8 splice variant,ENT8,,vv50124Porters_cat_30_to_64,
159,VIT_06s0004g01670,1104,0.5318,UDP-glucoronosyl and UDP-glucosyl transferase,,,,
160,VIT_03s0063g00810,1089,0.5258,Carboxyesterase 12; CXE12,E3_1_1_1,,,
161,VIT_12s0028g03310,1075,0.5221,Protein phosphatase 2C,E3_1_3_16,,,
162,VIT_01s0026g01340,1078,0.5218,Glutathione S-transferase 29 GSTU18,E2_5_1_18_GSTU18,,vv10480Glutathione_metabolism,
163,VIT_08s0040g01070,1078,0.5213,Serine carboxypeptidase S10,,,,
164,VIT_16s0039g01040,1070,0.5207,Aminopeptidase,,,,
165,VIT_06s0004g06460,1068,0.5167,CYP71E,,,,
166,VIT_13s0158g00420,1063,0.5163,No hit,,,,
167,VIT_06s0004g08250,1055,0.5121,Leucine-rich repeat transmembrane protein kinase  putative,,,,
168,VIT_02s0025g02610,1069,0.5115,Basic helix-loop-helix (bHLH) family,BHLHDOM_48,,vv60011BHLH,
169,VIT_09s0002g04890,1060,0.5111,R protein  PRF  disease resistance protein,K13453,,vv34627R_proteins_from_Plant-pathogen_interaction,
170,VIT_16s0098g00660,1047,0.5087,Unknown protein,,,,
171,VIT_18s0001g10440,1048,0.5051,THO complex subunit 5,K13174,,vv23013RNA_transport,
172,VIT_03s0017g01280,1038,0.5046,ABC transporter G member 7,ABCG7,,vv52010ABC_transporters,
173,VIT_18s0072g00670,1029,0.5034,GT2-like trihelix DNA-binding protein,GT2REL_1,,vv60062Trihelix,
174,VIT_12s0057g01330,1032,0.4998,Zinc finger (C3HC4-type ring finger),ZFC3HC4_219,,vv60078Other_zf-C3HC4,
175,VIT_15s0021g01390,1029,0.4995,Uclacyanin 3,UCC3,,,
176,VIT_06s0004g06100,1035,0.4969,MYB divaricata,DIVARICATA_1,,vv30009Flower_development,vv60044MYB
177,VIT_04s0069g00860,1030,0.4957,Sarcosine oxidase,E1_5_3_1,,vv10260Glycine_serine_and_threonine_metabolism,
178,VIT_11s0103g00140,1013,0.4901,Potassium-sodium symporter HKT1,HKT1,,vv50124Porters_cat_30_to_64,
179,VIT_09s0002g08640,1012,0.4882,Protein kinase Xa21,K13437,,vv34626Plant-pathogen_interaction,
180,VIT_05s0077g01390,999,0.4838,Zinc finger (C2H2 type) protein (ZFP6),ZFP6_3,,vv60017C2H2,
181,VIT_01s0026g01960,986,0.4800,SUT2 (sucrose transporter 3),SUT2,,vv50121Porters_cat_1_to_6,
182,VIT_17s0000g04970,983,0.4795,ADP  ATP carrier protein,K05863,,vv50123Porters_cat_18_to_29,
183,VIT_08s0040g00960,995,0.4781,CXE carboxylesterase,E3_1_1_1,,,
184,VIT_01s0146g00480,994,0.4781,TIFY 9 (Jasmonate ZIM domain-containing protein 10),JAZ10,,vv30011Jasmonate_signaling,vv60069ZIM
185,VIT_10s0116g01840,977,0.4724,No hit,,,,
186,VIT_10s0597g00050,971,0.4686,Heat shock transcription factor B2A,HSFB2A_3,,vv60037HSF,
187,VIT_18s0041g01980,971,0.4650,No hit,,,,
188,VIT_03s0063g00830,971,0.4650,Carboxyesterase 5 CXE5,E3_1_1_1,,,
189,VIT_14s0030g01540,955,0.4625,Cysteine synthase,E2_5_1_47,,vv10272Cysteine_metabolism,vv10450Selenoamino_acid_metabolism
190,VIT_18s0164g00170<br>VIT_18s0164g00110,954,0.4613,
191,VIT_08s0032g01190,952,0.4590,Nuclear transcription factor Y subunit A-10,NFYA10,,vv60021CCAAT,
192,VIT_07s0005g02040,945,0.4570,Alpha-L-fucosidase 2 precursor,E3_2_1_51,,vv10511N-Glycan_degradation,
193,VIT_15s0021g01310,942,0.4555,WRKY DNA-binding protein 12,WRKY12,VvWRKY46,vv60066WRKY,
194,VIT_03s0063g01350,931,0.4519,Dof zinc finger protein DOF5.8,DOF5_8,,vv60015C2C2-DOF,
195,VIT_12s0035g02020,927,0.4502,NAC domain-containing protein 34/35,NAC034,VvNAC40,vv60046NAC,
196,VIT_17s0000g02640,933,0.4494,Unknown protein,,,,
197,VIT_00s0286g00060,921,0.4456,S-locus protein kinase,,,,
198,VIT_17s0000g05810,915,0.4437,WRKY DNA-binding protein 72,WRKY72_2,VvWRKY53,vv60066WRKY,
199,VIT_00s0522g00010<br>VIT_00s0266g00010<br>VIT_00s0372g00070<br>VIT_00s0372g00080<br>VIT_00s0572g00010<br>VIT_00s0372g00040<br>VIT_00s0847g00020<br>VIT_00s0572g00020,916,0.4423,
200,VIT_01s0011g03440,914,0.4411,DNA mismatch repair protein,,,,
201,VIT_17s0000g04980,905,0.4380,Universal stress protein (USP) family protein,,,,
202,VIT_09s0070g00670,901,0.4372,No hit,,,,
203,VIT_15s0021g01610,905,0.4361,Ethylene responsive element binding factor 2,ERF2,VvERF074,vv30008Ethylene_signaling,
204,VIT_10s0071g00270,900,0.4352,Abscisic acid-insensitive protein 3 (ABI3),ABI3_1,,vv30001ABA_signaling,vv30003Auxin_signaling
205,VIT_04s0008g06400,888,0.4315,TPR1 (topless-related 1),TPR1,,vv30003Auxin_signaling,
206,VIT_03s0017g00520,890,0.4312,No hit,,,,
207,VIT_10s0003g01150,883,0.4274,Autophagy 7 (APG7),K08337,,vv44140Regulation_of_autophagy,
208,VIT_17s0000g03420,882,0.4263,Unknown protein,,,,
209,VIT_19s0027g01360,873,0.4256,No hit,,,,
210,VIT_06s0061g00380,878,0.4237,Phosphatidate cytidylyltransferase,E2_7_7_41,,vv10564Glycerophospholipid_metabolism,vv34070Phosphatidylinositol_signaling_system
211,VIT_18s0001g10050,873,0.4226,LRX1 (leucine-rich repeat/extensin 1),EXTENSIN,,vv40006Cell_wall,
212,VIT_07s0005g04670,868,0.4183,ABC transporter C member 9,K05033,,vv52010ABC_transporters,
213,VIT_00s0203g00070,860,0.4149,Myb domain protein 102,MYB102_4,MYB143,vv60044MYB,
214,VIT_13s0139g00250,859,0.4142,Translation initiation factor eIF-2B beta subunit,K03754,,vv23013RNA_transport,
215,VIT_01s0011g02410,856,0.4125,Unknown,,,,
216,VIT_00s0880g00010,842,0.4066,Basic helix-loop-helix (bHLH) family,BHLHDOM_95,,vv60011BHLH,
217,VIT_16s0050g01590,844,0.4062,UDP-glucose: anthocyanidin 5 3-O-glucosyltransferase,RHGT1,,vv10942Anthocyanin_biosynthesis,
218,VIT_08s0032g00790,839,0.4061,ABC transporter G member 4,K05680,,vv52010ABC_transporters,
219,VIT_17s0000g03790,823,0.3995,Unknown protein,,,,
220,VIT_17s0000g01890,820,0.3977,Myb domain protein 52,MYB52_2,MYB169,vv60044MYB,
221,VIT_00s0174g00160,827,0.3970,Unknown protein,,,,
222,VIT_02s0025g04810,821,0.3968,Subtilisin P69F protein,,,,
223,VIT_10s0003g02910,823,0.3959,FLS2 (flagellin-sensitive 2),,,,
224,VIT_15s0024g00670,800,0.3899,No hit,,,,
225,VIT_01s0146g00180,801,0.3857,Auxin responsive SAUR protein,SAUR,,vv30003Auxin_signaling,
226,VIT_08s0058g00230,788,0.3829,Unknown,,,,
227,VIT_16s0100g01080,786,0.3823,No hit,,,,
228,VIT_12s0059g00420<br>VIT_12s0059g00370<br>VIT_12s0059g00310<br>VIT_12s0059g00340<br>VIT_12s0059g00350<br>VIT_12s0059g00400<br>VIT_12s0059g00430,785,0.3794,
229,VIT_06s0009g03470,782,0.3787,Unknown protein,,,,
230,VIT_05s0136g00260,776,0.3765,Chalcone synthase,E2_3_1_74,,vv10941Flavonoid_biosynthesis,
231,VIT_15s0024g01600,783,0.3764,No hit,,,,
232,VIT_05s0020g01090,778,0.3764,BZIP protein HY5 (HY5),HY5_2,VvbZIP15,vv60012BZIP,
233,VIT_00s0233g00040,779,0.3742,C-terminal processing protease,,,,
234,VIT_04s0023g02280,772,0.3726,S-adenosyl-L-methionine:salicylic acid carboxyl methyltransferase,SAMTBSCMT,,vv10360Phenylalanine_metabolism,
235,VIT_04s0023g02100,758,0.3683,Unknown,,,,
236,VIT_13s0019g03040,751,0.3658,Indole-3-acetate beta-glucosyltransferase,E2_4_1_121,,vv11002Auxin_biosynthesis,
237,VIT_18s0001g10880,756,0.3654,Patatin,,,,
238,VIT_00s2419g00010,755,0.3653,Heavy-metal-associated domain-containing protein,,,,
239,VIT_19s0015g02860,757,0.3638,No hit,,,,
240,VIT_02s0012g00310,746,0.3604,Lon protease,E3_4_21_53,,,
241,VIT_17s0000g03940,746,0.3595,ferulate 5-hydroxylase,K09755,,vv10940Phenylpropanoid_biosynthesis,
242,VIT_18s0075g00360,740,0.3571,No hit,,,,
243,VIT_11s0103g00520,728,0.3534,Unknown,,,,
244,VIT_00s0214g00070,728,0.3524,ABC transporter C member 9,K05033,,vv52010ABC_transporters,
245,VIT_04s0008g07200,727,0.3519,No hit,,,,
246,VIT_01s0010g02070,725,0.3511,Ethylene-responsive protein,ERUNK_3,,vv30008Ethylene_signaling,vv60011BHLH
247,VIT_00s0267g00030,721,0.3505,Unknown,,,,
248,VIT_19s0014g03700,729,0.3505,Cyclic nucleotide-regulated ion channel 4,K05391_CNGC4,,vv34626Plant-pathogen_interaction,vv50101Channels_and_pores
249,VIT_09s0002g05290,712,0.3460,2-oxoglutarate-dependent dioxygenase,,,,
250,VIT_13s0106g00460,711,0.3451,NHL repeat-containing protein,,,,
251,VIT_08s0040g02010,707,0.3425,fasciclin arabinogalactan-protein (FLA11),FLA11,,vv40006Cell_wall,
252,VIT_02s0025g01510,705,0.3414,Unknown,,,,
253,VIT_00s1319g00010,703,0.3373,Ent-kaurene synthase,E5_5_1_13,,vv10904Diterpenoid_biosynthesis,
254,VIT_04s0044g01160,697,0.3356,Aminotransferase  class V,,,,
255,VIT_00s0769g00010,682,0.3316,Peptidyl-prolyl cis-trans isomerase  FKBP-type,K01802,,,
256,VIT_14s0060g01060,683,0.3312,Pectinesterase family,E3_1_1_11,,vv40006Cell_wall,
257,VIT_12s0034g01140,680,0.3282,Plastocyanin domain-containing protein,K02638,,vv10195Photosynthesis,vv50113Thylakoid_targeting_pathway
258,VIT_04s0008g05560,672,0.3240,IAA29,IAA29_1,,vv30003Auxin_signaling,vv60008AUXIAA
259,VIT_03s0038g03940,666,0.3238,Tonoplast monosaccharide transporter2,TMT2,,vv50121Porters_cat_1_to_6,
260,VIT_04s0008g02070,659,0.3199,Avr9/Cf-9 induced kinase 1,,,,
261,VIT_01s0011g05250,662,0.3180,Senescence-associated protein,,,,
262,VIT_01s0010g03960,659,0.3173,Unknown,,,,
263,VIT_13s0074g00160,655,0.3169,3-oxoacyl-[acyl-carrier-protein] synthase,E2_3_1_41,,vv10061Fatty_acid_biosynthesis,
264,VIT_04s0023g02050,651,0.3145,Inorganic pyrophosphatase,K01507,,vv10190Oxidative_phosphorylation,vv50133Primary_active_transporter_cat_A9_to_A18
265,VIT_18s0089g01250,651,0.3134,U4/U6.U5 tri-snRNP-associated protein 2,K12847,,vv23040Spliceosome,
266,VIT_00s0253g00110,644,0.3105,Methyl jasmonate esterase,MEJAE,,vv10592alpha-Linolenic_acid_metabolism,
267,VIT_18s0001g09420,640,0.3090,Progesterone 5-beta-reductase,E1_3_99_6,,vv10140C21-Steroid_hormone_metabolism,
268,VIT_10s0003g05020,631,0.3050,GTP-binding protein obg,K03979,,,
269,VIT_06s0004g04490,628,0.3028,Unknown protein,,,,
270,VIT_11s0016g00430,627,0.3022,Lipase GDSL 5,,,,
271,VIT_16s0022g00730,626,0.3021,Endo-1 4-beta-glucanase,E3_2_1_4,,vv40006Cell_wall,
272,VIT_14s0006g01560,617,0.2986,Aquaporin NIP4;1,NIP4_1,,vv50101Channels_and_pores,
273,VIT_06s0061g01400,613,0.2971,CBF transcription factor [Vitis vinifera],CBF1_1,VvERF026,vv30008Ethylene_signaling,vv60003AP2_EREBP
274,VIT_02s0033g00270,603,0.2920,Pinoresinol-lariciresinol reductase,PLR,,vv10940Phenylpropanoid_biosynthesis,
275,VIT_08s0040g01240,605,0.2914,Basic helix-loop-helix (bHLH) family,BHLHDOM_54,,vv60011BHLH,
276,VIT_14s0068g01040,602,0.2898,Ethylene-responsive transcription factor ERF113,ERF113,VvERF120,vv30008Ethylene_signaling,vv60003AP2_EREBP
277,VIT_00s0480g00030,593,0.2865,Polyphenol oxidase,E1_10_3_1,,vv10350Tyrosine_metabolism,vv50109Incompletely_characterized_transport_systems
278,VIT_04s0079g00630,588,0.2859,Unknown,,,,
279,VIT_12s0057g01050,586,0.2843,Unknown,,,,
280,VIT_00s1557g00020,585,0.2818,Lectin-receptor like protein kinase 3,,,,
281,VIT_01s0026g01510,577,0.2798,Protein kinase 5'-AMP-activated,,,,
282,VIT_05s0049g00070,579,0.2797,PhSUP1 SUPERMAN,SUPERMAN_1,,vv30009Flower_development,vv60017C2H2
283,VIT_15s0046g01960,575,0.2789,Hydroquinone glucosyltransferase,E2_4_1_218,,vv10500Starch_and_sucrose_metabolism,
284,VIT_04s0008g02520,561,0.2737,ATP binding protein,,,,
285,VIT_07s0130g00310,566,0.2728,Unknown protein,,,,
286,VIT_03s0017g01450,565,0.2723,No hit,,,,
287,VIT_08s0007g00280,564,0.2712,DIE2/ALG10,K03850,,vv10510N-Glycan_biosynthesis,vv11030Glycan_structures-biosynthesis1
288,VIT_10s0003g02070,559,0.2697,Agamous (AG) floral homeotic protein,AGAMOUS_1,,vv30009Flower_development,vv60042MADS
289,VIT_09s0018g00710,554,0.2672,Disease resistance family protein,,,,
290,VIT_08s0040g03400,550,0.2669,Short-chain dehydrogenase/reductase,,,,
291,VIT_07s0005g06300,549,0.2666,Phototropic-responsive NPH3,,,,
292,VIT_13s0067g01020,551,0.2666,Leucoanthocyanidin dioxygenase,E1_14_11_19,,vv10941Flavonoid_biosynthesis,
293,VIT_10s0071g00120,550,0.2661,DNA binding,,,,
294,VIT_02s0025g00750,547,0.2655,Pinoresinol forming dirigent protein,DIRPR,,vv10940Phenylpropanoid_biosynthesis,
295,VIT_00s0692g00020,546,0.2643,S-linalool synthase,E4_2_3_25,,vv10900Terpenoid_biosynthesis,
296,VIT_13s0067g03850,545,0.2639,Unknown protein,,,,
297,VIT_10s0003g02380,547,0.2637,SRG1 (senescence-related gene 1) oxidoreductase,,,,
298,VIT_13s0019g01390,539,0.2631,UPF0497 membrane protein,,,,
299,VIT_06s0080g00270,545,0.2628,Zinc finger (C2H2 type) protein (WIP3),WIP3_2,,vv60017C2H2,
300,VIT_19s0177g00220,542,0.2627,Electron transfer flavoprotein alpha subunit,K03522,,,
301,VIT_18s0001g02720,543,0.2621,fatty acid elongation1 (FAE1),,,,
302,VIT_05s0020g03930,538,0.2597,Sulfate transporter 3.1 (AST12) (AtST1),SULTR3_1,,vv50124Porters_cat_30_to_64,
303,VIT_14s0068g00780,537,0.2592,Nematode chemoreceptor,K08473,,vv50122Porters_cat_7_to_17,
304,VIT_08s0056g00720,539,0.2591,Phytochrome kinase substrate 1 ,,,,
305,VIT_19s0140g00060,533,0.2582,No hit,,,,
306,VIT_06s0004g06840,531,0.2571,Protein phosphatase 2C,E3_1_3_16,,,
307,VIT_07s0005g00720,528,0.2557,Pectinesterase family,E3_1_1_11,,vv40006Cell_wall,
308,VIT_18s0117g00490,524,0.2549,No hit,,,,
309,VIT_11s0016g03760,524,0.2520,Unknown protein,,,,
310,VIT_09s0096g00620<br>VIT_09s0096g00270<br>VIT_09s0096g00510<br>VIT_09s0096g00280<br>VIT_09s0096g00550,513,0.2506,
311,VIT_07s0141g00060,515,0.2499,Beta-ketoacyl-CoA-synthase,E2_3_1_41,,vv10061Fatty_acid_biosynthesis,
312,VIT_03s0063g00020,512,0.2482,LRX2 (leucine-rich repeat/extensin 2),EXTENSIN,,vv40006Cell_wall,
313,VIT_07s0005g03340,514,0.2474,Myb domain protein 14,MYB14_2,MYB14,vv60044MYB,
314,VIT_09s0002g03720,511,0.2472,Unknown protein,,,,
315,VIT_07s0005g01240,510,0.2470,Triacylglycerol lipase,E3_1_1_3,,vv10561Glycerolipid_metabolism,
316,VIT_09s0002g06440,504,0.2447,CYP81B2v2,,,,
317,VIT_18s0001g11100,503,0.2428,Serine carboxypeptidase,,,,
318,VIT_19s0015g00480,496,0.2397,No hit,,,,
319,VIT_10s0003g04270,496,0.2392,BCL2 binding anthogene,,,,
320,VIT_10s0116g00150,495,0.2391,Receptor kinase RK20-1,,,,
321,VIT_15s0046g03250,493,0.2383,No hit,,,,
322,VIT_18s0001g01150,492,0.2380,No hit,,,,
323,VIT_14s0060g01450,484,0.2328,3'-5' exoribonuclease,K01146,,,
324,VIT_07s0031g02400,478,0.2315,Amino acid permease,AAPREL,,vv50123Porters_cat_18_to_29,
325,VIT_00s0131g00120,477,0.2313,Dimethylaniline monooxygenase  N-oxide-forming,E1_14_13_8,,vv11000Single_reactions,
326,VIT_01s0011g02070,471,0.2292,Metal-dependent phosphohydrolase HD domain-containing protein,K07023,,,
327,VIT_12s0028g00060,468,0.2267,Pentatricopeptide (PPR) repeat-containing protein,,,,
328,VIT_13s0106g00670,464,0.2256,No hit,,,,
329,VIT_18s0001g02200,464,0.2234,8-oxoguanine-DNA glycosylase (OGG1),K03660,,vv23410Base_excision_repair,
330,VIT_02s0033g00440,460,0.2230,Myb VvMYBA1,VVMYBA1_3,MYBA11,vv60044MYB,
331,VIT_08s0007g08410,451,0.2180,4 5-DOPA dioxygenase extradiol,DODA,,vv10350Tyrosine_metabolism,
332,VIT_06s0004g02550,449,0.2177,Kiwellin Ripening-related protein grip22,,,,
333,VIT_17s0000g06190,449,0.2175,Myb domain protein 94,MYB94_2,MYB30A,vv60044MYB,
334,VIT_00s0160g00290,446,0.2151,No hit,,,,
335,VIT_03s0017g00660,448,0.2148,Nematode resistance-like protein,,,,
336,VIT_19s0027g00510,442,0.2138,Auxin-induced SAUR,SAUR,,vv30003Auxin_signaling,
337,VIT_09s0096g00160,437,0.2115,No hit,,,,
338,VIT_03s0063g01010,434,0.2104,Blue (type 1) copper domain,,,,
339,VIT_13s0101g00180,431,0.2082,Protein kinase,,,,
340,VIT_06s0009g02870,432,0.2071,No hit,,,,
341,VIT_18s0164g00100,426,0.2058,Laccase,E1_10_3_2,,vv11000Single_reactions,vv50109Incompletely_characterized_transport_systems
342,VIT_11s0016g00300,421,0.2049,Pectinesterase family,E3_1_1_11,,vv40006Cell_wall,
343,VIT_03s0167g00020,422,0.2032,Concanavalin A lectin,,,,
344,VIT_01s0127g00630,415,0.2018,No hit,,,,
345,VIT_07s0005g02920,418,0.2008,DNA-binding protein,,,,
346,VIT_05s0020g04690,412,0.2001,IAA7,IAA7,,vv30003Auxin_signaling,vv60008AUXIAA
347,VIT_15s0046g00630,413,0.2000,Wax synthase,E2_3_1_75,,vv11000Single_reactions,
348,VIT_07s0005g02360,411,0.1984,Unknown protein,,,,
349,VIT_06s0004g06960,404,0.1951,BCL2 binding anthogene,,,,
350,VIT_05s0062g00310,403,0.1942,UDP-glucoronosyl/UDP-glucosyl transferase UGT75C1,UGT75C1,,vv10942Anthocyanin_biosynthesis,
351,VIT_00s0480g00040,401,0.1931,Polyphenol oxidase II  chloroplast precursor,E1_10_3_1,,vv10350Tyrosine_metabolism,vv50109Incompletely_characterized_transport_systems
352,VIT_17s0000g03580,398,0.1927,BEE3 (BR Enhanced expression 3),BEE3,,vv60011BHLH,
353,VIT_05s0051g00610,396,0.1906,No hit,,,,
354,VIT_07s0104g00190,391,0.1903,7S globulin precursor  basic,,,,
355,VIT_18s0075g00440,389,0.1884,TIR-NBS-LRR disease resistance,,,,
356,VIT_18s0001g15630,390,0.1880,MAP kinase activating protein,,,,
357,VIT_01s0113g00490,384,0.1863,fanconi anemia group M protein,K10896,,,
358,VIT_12s0059g02320,385,0.1859,Unknown protein,,,,
359,VIT_06s0009g01990,387,0.1859,Anthocyanin 3-O-galactosyltransferase,E2_4_1_115,,vv10942Anthocyanin_biosynthesis,
360,VIT_15s0048g00180,386,0.1858,No hit,,,,
361,VIT_11s0065g00790<br>VIT_00s0188g00040<br>VIT_00s0279g00110,382,0.1853,
362,VIT_19s0014g03750,375,0.1816,No hit,,,,
363,VIT_07s0151g00270,370,0.1781,Chlorophyllase 1,E3_1_1_14,,vv10860Porphyrin_and_chlorophyll_metabolism,
364,VIT_19s0014g04320,364,0.1766,S-locus protein kinase,,,,
365,VIT_14s0030g01060,362,0.1753,No hit,,,,
366,VIT_12s0028g02350,359,0.1752,Basic helix-loop-helix (bHLH) family,BHLHDOM_1,,vv60011BHLH,
367,VIT_02s0025g01630,361,0.1740,SOS3 (salt overly sensitive 3),SOS3,,vv30001ABA_signaling,
368,VIT_18s0001g01130,357,0.1736,Alpha-expansin 1 precursor,EXPA1,,vv30003Auxin_signaling,
369,VIT_14s0068g01590,356,0.1728,Geranylgeranylated protein ATGP4,,,,
370,VIT_19s0015g02080,357,0.1728,(-)-germacrene D synthase,E4_2_3_22,,vv10900Terpenoid_biosynthesis,
371,VIT_00s0207g00010,356,0.1723,Anthranilate N-benzoyltransferase protein 1,E2_3_1_144,,vv10400Phenylalanine_tyrosine_and_tryptophan_biosynthesis,
372,VIT_03s0017g02260,356,0.1716,Protease inhibitor/seed storage/lipid transfer protein (LTP),,,,
373,VIT_13s0019g04080,345,0.1663,Protein transport protein Sec61 subunit beta,K09481,,vv23060Protein_export,vv24141Protein_processing_in_endoplasmic_reticulum
374,VIT_08s0007g01730,343,0.1650,Ataxin-3,K11863,,vv24141Protein_processing_in_endoplasmic_reticulum,
375,VIT_02s0025g03550,338,0.1638,Protein kinase,,,,
376,VIT_05s0077g00030,337,0.1635,Ammonium transporter 1  member 1 (AMT1.1),AMT1_1,,vv50101Channels_and_pores,
377,VIT_00s0188g00230,338,0.1620,No hit,,,,
378,VIT_09s0002g02300,332,0.1605,Indeterminate(ID)-domain 7,IDD7_1,,vv60017C2H2,
379,VIT_18s0001g11800,325,0.1578,BEL1-like homeodomain protein 4 (SAWTOOTH 2),BLH4,VvHB66,vv60034HB,
380,VIT_04s0008g06390,325,0.1572,TPR1 (topless-related 1),TPR1,,vv30003Auxin_signaling,
381,VIT_09s0002g00710,318,0.1553,ACP2 (Acyl carrier protein 2),K02078,,vv50134Primary_active_transporter_cat_D1,
382,VIT_18s0122g00220,322,0.1551,Phosphodiesterase/alkaline phosphatase D,E3_1_4_1,,,
383,VIT_11s0118g00180,315,0.1525,HHP1 (heptahelical protein 1),,,,
384,VIT_06s0004g03140,312,0.1500,Isovaleryl-CoA-dehydrogenase (IVD),E1_3_99_10,,vv10280Valine_leucine_and_isoleucine_degradation,
385,VIT_16s0098g01170,310,0.1496,Homeobox-leucine zipper protein HB-12,VVHB12_1,VvHB56,vv60034HB,
386,VIT_14s0108g00360,309,0.1489,Hcr2-0B,,,,
387,VIT_01s0010g02180,308,0.1488,Myosin-related,MYOSINR,,vv44810Regulation_of_actin_cytoskeleton,
388,VIT_17s0000g04110,306,0.1478,No hit,,,,
389,VIT_01s0137g00050,307,0.1476,Myb family,MYBGE_2,,vv60029G2-like,
390,VIT_12s0142g00360,306,0.1475,SHATTERPROOF 2,SHATTERPROOF2,,vv60042MADS,
391,VIT_08s0058g00450,302,0.1462,Substrate carrier  Mitochondrial,K03454,,vv50123Porters_cat_18_to_29,
392,VIT_19s0014g04900,302,0.1454,(-)-germacrene D synthase,E4_2_3_22,,vv10900Terpenoid_biosynthesis,
393,VIT_11s0065g00130,299,0.1443,Taxane 10-beta-hydroxylase,E1_14_13_76,,vv10904Diterpenoid_biosynthesis,
394,VIT_15s0046g01530,299,0.1440,Intracellular protein transport protein USO1,,,,
395,VIT_09s0002g01790,297,0.1436,No hit,,,,
396,VIT_01s0026g02670,295,0.1424,No hit,,,,
397,VIT_17s0000g06390,293,0.1419,Pentatricopeptide (PPR) repeat-containing protein,,,,
398,VIT_08s0007g04740,292,0.1417,RAB GTPase RAB_ALPHA,K07976,,,
399,VIT_00s0194g00330,289,0.1402,Proline-rich family protein,,,,
400,VIT_06s0009g02850,291,0.1400,Cytochrome P450  family 79  subfamily A  polypeptide 2,K12153,,vv10966Glucosinolate_biosynthesis,
401,VIT_00s0229g00060,289,0.1400,Nodulin MtN21 family,MTN21,,vv50122Porters_cat_7_to_17,
402,VIT_14s0081g00440,288,0.1393,FLK (flowering locus KH domain),FLK,,vv30009Flower_development,
403,VIT_13s0064g01660,288,0.1388,Prunasin hydrolase isoform PHA precursor,E3_2_1_118,,vv10460Cyanoamino_acid_metabolism,
404,VIT_10s0523g00030,283,0.1370,Photoregulatory zinc-finger protein COP1,K10143,,vv24120Ubiquitin_mediated_proteolysis,
405,VIT_16s0098g00650,284,0.1365,No hit,,,,
406,VIT_04s0008g03390,279,0.1358,No hit,,,,
407,VIT_10s0092g00690,278,0.1346,Cysteine-rich receptor-like protein kinase 8,,,,
408,VIT_07s0005g03700,275,0.1330,Scarecrow transcription factor 23 (SCL23),SCL23_1,,vv60032GRAS,
409,VIT_03s0017g00480,274,0.1326,Calcineurin phosphoesterase,,,,
410,VIT_12s0028g01930,269,0.1300,Receptor kinase TRKe,,,,
411,VIT_07s0031g01680,268,0.1297,CYP86A1,,,,
412,VIT_15s0046g00710,265,0.1293,Wax synthase,E2_3_1_75,,vv11000Single_reactions,
413,VIT_08s0007g08750,267,0.1289,Heat shock transcription factor B3,HSFB3,,vv60037HSF,
414,VIT_04s0023g00010,266,0.1286,Unknown protein,,,,
415,VIT_07s0095g00050,266,0.1286,No hit,,,,
416,VIT_03s0038g04700,262,0.1272,Isoflavone reductase,E1_3_1_45,,vv10943Isoflavonoid_biosynthesis,
417,VIT_04s0023g00380,261,0.1254,Transmembrane protein FT27/PFT27,PFT27,,vv50109Incompletely_characterized_transport_systems,
418,VIT_18s0001g15260,257,0.1246,Myb domain protein 52,MYB52_1,MYB170,vv60044MYB,
419,VIT_16s0022g02340,253,0.1228,fructokinase-2,E2_7_1_4,,vv10051Fructose_and_mannose_metabolism,vv10500Starch_and_sucrose_metabolism
420,VIT_19s0027g00910,252,0.1210,NAC domain-containing protein 42,NAC042_6,VvNAC28,vv60046NAC,
421,VIT_13s0064g00030,250,0.1207,Choline transporter,CHOLINETR,,vv50125Porters_cat_66_to_94,
422,VIT_03s0038g01160,249,0.1203,Auxin responsive SAUR protein,SAUR,,vv30003Auxin_signaling,
423,VIT_07s0031g02880,248,0.1199,No hit,,,,
424,VIT_04s0008g05960,247,0.1196,Unknown protein,,,,
425,VIT_15s0021g00220,247,0.1192,ABC transporter C member 15,ABCC15,,vv52010ABC_transporters,
426,VIT_04s0069g00300,245,0.1186,Gamma-aminobutyrate transaminase subunit precursor isozyme 3,E2_6_1_19,,vv10251Glutamate_metabolism,vv10252Alanine_and_aspartate_metabolism
427,VIT_09s0054g01360,244,0.1175,Cycloartenol synthase,E5_4_99_8,,vv10100Biosynthesis_of_steroids,
428,VIT_02s0025g00250,231,0.1122,SP1L5 (SPIRAL1-like5),SP1L5,,vv44810Regulation_of_actin_cytoskeleton,
429,VIT_16s0039g01450,231,0.1122,Growth-regulating factor 5,GRF5_2,,vv60033GRF,
430,VIT_18s0001g10810,232,0.1120,Carboxylesterase CXE,E3_1_1_1,,,
431,VIT_08s0007g00580,230,0.1107,No hit,,,,
432,VIT_00s0301g00150,228,0.1106,Late embryogenesis abundant protein,,,,
433,VIT_10s0071g00360<br>VIT_10s0071g00350,228,0.1096,
434,VIT_06s0004g01000,228,0.1090,Dirigent protein,,,,
435,VIT_08s0058g00150,224,0.1084,Ammonium transporter 2,AMT2,,vv50101Channels_and_pores,
436,VIT_11s0065g00970,223,0.1076,No hit,,,,
437,VIT_01s0011g01660,220,0.1057,VAMP726 (VESICLE-associated membrane protein),K08511,,vv24130SNARE_interactions_in_vesicular_transport,vv50101Channels_and_pores
438,VIT_05s0049g02270,217,0.1055,Ribosomal protein S3,K02982,,vv23010Ribosome,
439,VIT_07s0129g00700,218,0.1054,CYP81E1 Isoflavone 2'-hydroxylase,E1_14_13_89,,vv10943Isoflavonoid_biosynthesis,
440,VIT_04s0008g06890,217,0.1051,Solute carrier family 35,SCF35,,vv50122Porters_cat_7_to_17,
441,VIT_14s0060g01910,218,0.1048,Nodulin MtN3 family,,,,
442,VIT_00s0153g00010<br>VIT_15s0107g00060<br>VIT_15s0107g00080<br>VIT_00s0153g00020<br>VIT_15s0107g00040<br>VIT_00s0410g00010<br>VIT_00s1627g00010,216,0.1047,
443,VIT_18s0072g01100,208,0.1003,UPF0326 protein hag1,,,,
444,VIT_14s0036g00510,205,0.0998,Cell division cycle 5,K06660_1,,vv23040Spliceosome,vv44110Cell_cycle
445,VIT_18s0001g14860,205,0.0995,SKP1,K03094,,vv24120Ubiquitin_mediated_proteolysis,vv24141Protein_processing_in_endoplasmic_reticulum
446,VIT_16s0022g01710,203,0.0977,Ser/Thr receptor-like kinase1,,,,
447,VIT_02s0025g01310,198,0.0958,Receptor kinase,,,,
448,VIT_02s0033g00620,196,0.0951,No hit,,,,
449,VIT_08s0040g03160,197,0.0950,CCR4-NOT transcription complex  subunit 4,K10643,,vv23018RNA_degradation,
450,VIT_05s0049g00490,195,0.0941,Ethylene response factor ERF14,ERF14_2,VvERF109,vv30008Ethylene_signaling,vv60003AP2_EREBP
451,VIT_18s0075g00970,195,0.0939,No hit,,,,
452,VIT_02s0025g03720,194,0.0939,DTA2 (downstream target of AGL15 2),,,,
453,VIT_07s0141g00370,192,0.0930,No hit,,,,
454,VIT_00s0780g00030,191,0.0920,No hit,,,,
455,VIT_00s0437g00070,189,0.0914,Receptor kinase RK20-1,,,,
456,VIT_19s0014g03400,185,0.0897,Receptor protein kinase,,,,
457,VIT_03s0097g00090,182,0.0880,Lectin protein kinase,,,,
458,VIT_16s0100g00430,182,0.0878,ARR2 type-B response regulator,ARR2_1,,vv30007Cytokinin_signaling,vv60006ARR-B
459,VIT_07s0141g01050,180,0.0872,No hit,,,,
460,VIT_00s0145g00060,178,0.0863,No hit,,,,
461,VIT_01s0011g04700,178,0.0860,Heavy-metal-associated domain-containing protein,,,,
462,VIT_19s0014g02990,176,0.0844,Nuclear GTP-binding protein NUG2,K14537,,vv23008Ribosome_biogenesis_in_Eukaryotes,
463,VIT_07s0129g01020,173,0.0834,MRG,,,,
464,VIT_01s0011g06000,168,0.0816,Vacuolar iron transporter 1,VIT1,,vv50125Porters_cat_66_to_94,
465,VIT_01s0026g00880,168,0.0816,Transducin protein,,,,
466,VIT_14s0030g01280,168,0.0809,Double-stranded RNA-binding (DsRBD) domain-containing protein,,,,
467,VIT_18s0001g06890,167,0.0807,Peroxidase GvPx2b  class III [Vitis vinifera],E1_11_1_7,,vv10360Phenylalanine_metabolism,vv10680Methane_metabolism
468,VIT_02s0025g00400,166,0.0807,D111/G-patch domain-containing protein,,,,
469,VIT_14s0006g02700,165,0.0800,Unknown protein,,,,
470,VIT_01s0011g03760,164,0.0798,Unknown,,,,
471,VIT_17s0000g02260,165,0.0796,Aldose 1-epimerase,E5_1_3_3,,vv10010Glycolysis,
472,VIT_00s0211g00030,164,0.0787,Symbiosis receptor kinase,,,,
473,VIT_15s0045g00380,163,0.0787,Phosphoesterase,,,,
474,VIT_00s0301g00020,162,0.0786,Unknown protein,,,,
475,VIT_00s2300g00010,161,0.0784,Acyltransferase,E2_3_1_x,,,
476,VIT_11s0065g00520,162,0.0781,Small G protein / RhoGAP,RHOGAP,,vv50109Incompletely_characterized_transport_systems,
477,VIT_01s0010g03510,159,0.0768,Caffeoyl-CoA O-methyltransferase,E2_1_1_104,,vv10940Phenylpropanoid_biosynthesis,
478,VIT_03s0088g00590,159,0.0765,MADS-box agamous-like 61,AGL61_2,,vv60042MADS,
479,VIT_12s0035g02060,155,0.0750,Methionine S-methyltransferase,E2_1_1_12,,vv10450Selenoamino_acid_metabolism,
480,VIT_02s0012g00400,154,0.0745,1-aminocyclopropane-1-carboxylate oxidase,E1_14_17_4,,vv10640Propanoate_metabolism,vv30008Ethylene_signaling
481,VIT_08s0056g00260,153,0.0742,Harpin-induced protein,,,,
482,VIT_02s0012g00180,153,0.0737,Serine protease,,,,
483,VIT_01s0026g02030,151,0.0735,Basic helix-loop-helix (bHLH) family,BHLHDOM_59,,vv60011BHLH,
484,VIT_03s0017g00620,149,0.0725,GA 20-oxidase,E1_14_11_12,,vv10904Diterpenoid_biosynthesis,
485,VIT_02s0012g03040,149,0.0720,AAA-type ATPase,,,,
486,VIT_11s0016g03600,146,0.0711,Proton-dependent oligopeptide transport (POT) family protein,POT,,vv50122Porters_cat_7_to_17,
487,VIT_06s0080g00190,147,0.0710,No hit,,,,
488,VIT_02s0033g00450<br>VIT_02s0033g00380<br>VIT_02s0033g00390<br>VIT_02s0033g00410,147,0.0709,
489,VIT_02s0025g03500,146,0.0707,Unknown protein,,,,
490,VIT_05s0102g00160,146,0.0706,Zinc finger (Ran-binding),ZFRANBPDOM_7,,vv60080Other_zf,
491,VIT_04s0008g00900,144,0.0698,MYB divaricata,DIVARICATA_10,,vv30009Flower_development,vv60044MYB
492,VIT_12s0059g02130,145,0.0698,F-box family protein,,,,
493,VIT_03s0038g03080,144,0.0697,Catechol O-methyltransferase,E2_1_1_6,,vv10350Tyrosine_metabolism,
494,VIT_08s0007g06690,138,0.0666,Growth-regulating factor related,GRFREL_2,,vv60033GRF,
495,VIT_01s0026g01110,133,0.0641,TIR-NBS-LRR disease resistance,,,,
496,VIT_07s0141g00210,132,0.0639,Tryptophan synthase  alpha subunit,E4_2_1_20,,vv10400Phenylalanine_tyrosine_and_tryptophan_biosynthesis,
497,VIT_07s0191g00080,132,0.0639,GCR2-like 1 ABA receptor,,,,
498,VIT_08s0007g02040,129,0.0629,No hit,,,,
499,VIT_10s0071g00980,130,0.0628,Unknown protein,,,,
500,VIT_00s0262g00080,130,0.0626,Receptor kinase RK20-1,,,,
501,VIT_11s0016g04270,128,0.0619,Hydrolase  alpha/beta fold,,,,
502,VIT_17s0000g06750,128,0.0616,Unknown protein,,,,
503,VIT_00s0409g00070,125,0.0607,No hit,,,,
504,VIT_08s0040g03300,124,0.0593,Histone H2A.4 HTA12,H2A4,,,
505,VIT_18s0001g08380,121,0.0586,Homeobox protein knotted-1 like 1 (KNAT1),KNAT1_1,VvHB63,vv60034HB,
506,VIT_05s0049g00300,121,0.0583,1-aminocyclopropane-1-carboxylate oxidase homolog 1,E1_14_17_4,,vv10640Propanoate_metabolism,vv30008Ethylene_signaling
507,VIT_17s0000g08230,120,0.0582,Unknown protein,,,,
508,VIT_04s0008g04500,115,0.0556,No hit,,,,
509,VIT_07s0095g00290,115,0.0554,Serine/threonine kinase BRLK,,,,
510,VIT_01s0146g00400,115,0.0552,Humj1,,,,
511,VIT_08s0007g03770,113,0.0550,Unknown protein,,,,
512,VIT_06s0004g05340,113,0.0547,Tropinone reductase,E1_1_1_206,,vv10220Urea_cycle_and_metabolism_of_amino_groups,
513,VIT_18s0001g11740,110,0.0527,Ring zinc finger ariadne protein ARI2,ARI2,,,
514,VIT_12s0034g01040,107,0.0520,No hit,,,,
515,VIT_10s0092g00270,107,0.0518,Unknown protein,,,,
516,VIT_16s0022g02490,108,0.0518,Hydroxymethylglutaryl coenzyme A synthase,E4_1_3_4,,vv10072Synthesis_and_degradation_of_ketone_bodies,vv10280Valine_leucine_and_isoleucine_degradation
517,VIT_02s0033g01160,106,0.0511,Unknown protein,,,,
518,VIT_02s0012g01190,105,0.0509,Zinc finger (C2H2 type) family,C2H2FAM_14,,vv60017C2H2,
519,VIT_08s0040g00750,103,0.0498,Zinc finger (C2H2 type) family,C2H2FAM_34,,vv60017C2H2,
520,VIT_03s0038g02220,102,0.0493,Cofilin,K05765,,vv44810Regulation_of_actin_cytoskeleton,
521,VIT_12s0057g00590,102,0.0489,Vacuolar protein sorting 11 (VPS11),VPS11,,vv50111Tethering_factors,
522,VIT_11s0052g01550,101,0.0485,MATE efflux family protein,MATE,,vv50125Porters_cat_66_to_94,
523,VIT_18s0166g00050,100,0.0484,EFR (EF-TU receptor),K13428,,vv34626Plant-pathogen_interaction,
524,VIT_12s0059g00720,98,0.0475,Cupin region,,,,
525,VIT_13s0139g00170,97,0.0469,Orotidine-5'-phosphate decarboxylase.,E4_1_1_23,,vv10240Pyrimidine_metabolism,
526,VIT_16s0050g01910,97,0.0468,Unknown,,,,
527,VIT_13s0019g03460,97,0.0467,Homeodomain transcription factor 5,WOX5,VvHB46,vv60034HB,
528,VIT_12s0028g01510,95,0.0460,NADP-dependent glyceraldehyde-3-phosphate dehydrogenase,E1_2_1_41,,vv10220Urea_cycle_and_metabolism_of_amino_groups,vv50101Channels_and_pores
529,VIT_11s0016g03580,94,0.0456,Catalytic,,,,
530,VIT_14s0006g01960,94,0.0454,Unknown,,,,
531,VIT_18s0041g01470,94,0.0452,TIR-NBS-LRR-TIR disease resistance protein,,,,
532,VIT_08s0058g00090,92,0.0446,Hcr9-Avr4-par1,,,,
533,VIT_07s0005g06250,92,0.0443,R protein MLA10,K13475,,vv34627R_proteins_from_Plant-pathogen_interaction,
534,VIT_01s0010g03350,92,0.0442,GTPase EngC,K06949,,,
535,VIT_15s0046g00680,91,0.0440,Wax synthase,E2_3_1_75,,vv11000Single_reactions,
536,VIT_01s0011g05240,88,0.0427,No hit,,,,
537,VIT_08s0007g04330,84,0.0409,CHUP1 (chloroplast unusual positioning 1),CHUP1,,vv44810Regulation_of_actin_cytoskeleton,
538,VIT_12s0055g00290,84,0.0406,Anthocyanidin 3-O-glucosyltransferase,E2_4_1_115,,vv10942Anthocyanin_biosynthesis,
539,VIT_06s0061g00570,84,0.0405,Amino acid permease,AAPREL,,vv50123Porters_cat_18_to_29,
540,VIT_08s0058g01350,84,0.0405,Non-green plastid inner envelope membrane protein,,,,
541,VIT_11s0016g00910,83,0.0402,Cation exchanger (CAX9),K07300_CAX9,,vv50123Porters_cat_18_to_29,
542,VIT_11s0016g01710,83,0.0401,Myosin-like protein XIK,MYOSINXIK,,vv44810Regulation_of_actin_cytoskeleton,
543,VIT_10s0042g00300,83,0.0400,No hit,,,,
544,VIT_03s0038g04710,83,0.0399,Isoflavone reductase,E1_3_1_45,,vv10943Isoflavonoid_biosynthesis,
545,VIT_02s0012g00410,81,0.0393,Naringenin 2-oxoglutarate 3-dioxygenase,E1_14_11_9,,vv10941Flavonoid_biosynthesis,
546,VIT_00s0353g00060,82,0.0393,ARK3 (Arabidopsis Receptor Kinase 3),,,,
547,VIT_19s0015g02140,80,0.0388,CYP72A59,K13400,,vv10902Monoterpenoid_biosynthesis,
548,VIT_18s0001g14270,79,0.0379,Gibberellin-regulated protein 1 (GASA1),GASA1,,vv30010Gibberellin_signaling,
549,VIT_19s0014g01780,78,0.0379,BZIP transcription factor,BZIPDOM_14,VvbZIP52,vv60012BZIP,
550,VIT_16s0013g01500,78,0.0374,Disease resistance protein,,,,
551,VIT_01s0011g02630,76,0.0367,No hit,,,,
552,VIT_07s0197g00250,76,0.0364,Disease resistance protein (CC-NBS-LRR class),,,,
553,VIT_04s0008g06030,74,0.0357,Ribosomal protein L39 (RPL39C) 60S,K02924,,vv23010Ribosome,
554,VIT_05s0020g00070,73,0.0356,No hit,,,,
555,VIT_07s0031g00490,74,0.0356,MAP3K protein kinase,,,,
556,VIT_16s0013g01000,74,0.0355,Ethylene-responsive transcription factor ERF105,ERF105_10,VvERF084,vv30008Ethylene_signaling,vv60003AP2_EREBP
557,VIT_18s0001g10670,73,0.0352,EF hand,,,,
558,VIT_10s0092g00160,71,0.0345,No hit,,,,
559,VIT_14s0171g00050,71,0.0344,Cf-2 gene,K13466,,vv34626Plant-pathogen_interaction,
560,VIT_09s0002g01940,71,0.0344,No hit,,,,
561,VIT_02s0025g01960,71,0.0344,No hit,,,,
562,VIT_18s0122g00090,71,0.0343,Transporter-related,TRANSPORTERUNK,,vv50109Incompletely_characterized_transport_systems,
563,VIT_05s0020g02370,70,0.0341,S-adenosylmethionine decarboxylase,E4_1_1_50,,vv10220Urea_cycle_and_metabolism_of_amino_groups,vv10271Methionine_metabolism
564,VIT_15s0046g00800,70,0.0339,S-locus lectin protein kinase,,,,
565,VIT_07s0005g03140,70,0.0338,Aspartyl protease,E3_4_23_x,,,
566,VIT_11s0016g00700,70,0.0338,Oligouridylate binding protein 1B UBP1B,UBP1B,,,
567,VIT_09s0054g01250,69,0.0334,Cycloartenol synthase,E5_4_99_8,,vv10100Biosynthesis_of_steroids,
568,VIT_03s0038g01610,69,0.0334,R protein  PRF  disease resistance protein,K13453,,vv34627R_proteins_from_Plant-pathogen_interaction,
569,VIT_06s0009g02510,69,0.0332,HEAT repeat family protein,,,,
570,VIT_00s0203g00080,68,0.0330,Mother of ft (MFT),,,,
571,VIT_09s0096g00070,68,0.0329,Cell division protein FtsH,K03798,,vv50133Primary_active_transporter_cat_A9_to_A18,
572,VIT_00s0144g00120,67,0.0326,R protein MLA10,K13475,,vv34627R_proteins_from_Plant-pathogen_interaction,
573,VIT_03s0091g00640,66,0.0321,Ribosomal protein S29 (RPS29C) 40S,K02980,,vv23010Ribosome,
574,VIT_16s0022g00750,66,0.0318,Endo-1 4-beta-glucanase,E3_2_1_4,,vv40006Cell_wall,
575,VIT_00s0211g00040,64,0.0311,Nodulation receptor kinase,,,,
576,VIT_10s0042g00470,64,0.0309,Carbonic anhydrase,E4_2_1_1,,vv10910Nitrogen_metabolism,vv50124Porters_cat_30_to_64
577,VIT_08s0058g00720,63,0.0305,No hit,,,,
578,VIT_13s0101g00160,62,0.0301,DTDP-glucose 4-6-dehydratase,E4_2_1_46,,vv10520Nucleotide_sugars_metabolism,
579,VIT_04s0044g01170,62,0.0300,Aminotransferase  class V,,,,
580,VIT_04s0008g04710,62,0.0300,Beta-ketoacyl-CoA synthase,E2_3_1_41,,vv10061Fatty_acid_biosynthesis,
581,VIT_00s0620g00010,62,0.0299,Triacylglycerol lipase,E3_1_1_3,,vv10561Glycerolipid_metabolism,
582,VIT_05s0077g00550,61,0.0296,SFR2 (sensitive TO FREEZING 2),,,,
583,VIT_19s0014g04880,61,0.0294,(-)-germacrene D synthase,E4_2_3_22,,vv10900Terpenoid_biosynthesis,
584,VIT_11s0016g02440,59,0.0284,HRT domain containing,HRT1,,vv60036HRT,
585,VIT_13s0064g00820,58,0.0282,No hit,,,,
586,VIT_14s0006g02310,58,0.0279,No hit,,,,
587,VIT_13s0067g01800,58,0.0278,Histidine acid phosphatase,E3_1_3_2,,vv10740Riboflavin_metabolism,
588,VIT_00s0302g00050,56,0.0270,Zinc finger (DHHC type) family,ZFDHHC_24,,vv60079Other_zf-DHHC,
589,VIT_04s0069g00870,55,0.0267,Myosin-related,MYOSINR,,vv44810Regulation_of_actin_cytoskeleton,
590,VIT_10s0003g03530,55,0.0266,Lupeol synthase,E5_4_99_8,,vv10100Biosynthesis_of_steroids,
591,VIT_15s0024g00820,54,0.0261,Stress-induced protein,,,,
592,VIT_14s0068g00140,54,0.0260,No hit,,,,
593,VIT_05s0020g02920,53,0.0259,Unknown protein,,,,
594,VIT_05s0062g00760,54,0.0258,Receptor kinase RHG4,,,,
595,VIT_03s0017g01490,53,0.0257,Berberine bridge enzyme,E1_21_3_3,,vv10950Alkaloid_biosynthesis_I,
596,VIT_00s0710g00010,53,0.0256,GCR2-like 1 ABA receptor,,,,
597,VIT_00s0370g00090,52,0.0252,Vernalization independence 5 (VIP5),VIP5,,vv30009Flower_development,
598,VIT_12s0055g00450,52,0.0251,Unknown protein,,,,
599,VIT_19s0027g01780,52,0.0250,RPS5 (resistant to p. syringae 5),K13460,,vv34627R_proteins_from_Plant-pathogen_interaction,
600,VIT_19s0085g00110,52,0.0250,ABC transporter B member 11,K05664,,vv52010ABC_transporters,
601,VIT_05s0136g00370,51,0.0248,No hit,,,,
602,VIT_01s0010g02770,51,0.0246,Adenylate kinase-b,E2_7_4_3,,vv10230Purine_metabolism,
603,VIT_16s0039g01550,50,0.0242,Unknown protein,,,,
604,VIT_12s0035g01890,50,0.0241,RNA recognition motif (RRM)-containing,,,,
605,VIT_07s0031g01250,50,0.0241,1-acylglycerone phosphate reductase,E1_1_1_101,,vv10564Glycerophospholipid_metabolism,vv10565Ether_lipid_metabolism
606,VIT_11s0118g00540,50,0.0240,Calcium-binding EF hand,,,,
607,VIT_08s0007g04070,49,0.0239,CYPLXXVIA2,,,,
608,VIT_09s0054g01180,49,0.0237,Cycloartenol synthase,E5_4_99_8,,vv10100Biosynthesis_of_steroids,
609,VIT_18s0001g07410,49,0.0236,Basic helix-loop-helix (bHLH) family,BHLHDOM_65,,vv60011BHLH,
610,VIT_10s0003g01170,49,0.0236,Basic helix-loop-helix (bHLH) family,BHLHDOM_92,,vv60011BHLH,
611,VIT_09s0002g06450,47,0.0227,CYP81B2v1,,,,
612,VIT_05s0049g00680,46,0.0224,No hit,,,,
613,VIT_14s0060g01220,45,0.0216,Pentatricopeptide repeat,,,,
614,VIT_12s0134g00180,44,0.0215,Unknown,,,,
615,VIT_14s0068g01610,44,0.0211,DELLA protein RGL1 (RGA-like protein 1),RGL1_4,,vv30010Gibberellin_signaling,vv60032GRAS
616,VIT_05s0020g02170,43,0.0209,Sugar transporter ERD6-like 16,ERD6L16,,vv50121Porters_cat_1_to_6,
617,VIT_01s0011g05990,43,0.0208,No hit,,,,
618,VIT_00s1224g00020,43,0.0208,No hit,,,,
619,VIT_11s0037g00870,41,0.0200,AP2-like ethylene-responsive transcription factor,AP2_1,VvAP2-01,vv30008Ethylene_signaling,vv60003AP2_EREBP
620,VIT_14s0128g00120,41,0.0199,Ring-H2 finger protein ATL3B,VVL3B,,vv60078Other_zf-C3HC4,
621,VIT_10s0042g01620,41,0.0199,No hit,,,,
622,VIT_08s0040g01650,41,0.0199,Protein kinase,,,,
623,VIT_10s0116g01600,39,0.0189,Monocopper oxidase SKS4 (SKU5 Similar 4),SKS4,,vv50109Incompletely_characterized_transport_systems,
624,VIT_10s0003g02260,39,0.0189,Naringenin 2-oxoglutarate 3-dioxygenase,E1_14_11_9,,vv10941Flavonoid_biosynthesis,
625,VIT_07s0031g01310,39,0.0187,No hit,,,,
626,VIT_03s0038g04520,38,0.0184,S-adenosyl-L-methionine:salicylic acid carboxyl methyltransferase,SAMTBSCMT,,vv10360Phenylalanine_metabolism,
627,VIT_00s0797g00010,38,0.0184,UDP-galactose transporter 6,UTR6,,vv50122Porters_cat_7_to_17,
628,VIT_02s0012g02620,38,0.0184,PFT1 (phytochrome and flowering time 1) MED25,PFT1,,vv30009Flower_development,
629,VIT_19s0014g04930,38,0.0184,Germacrene-D synthase,E4_2_3_22,,vv10900Terpenoid_biosynthesis,
630,VIT_12s0059g01830,38,0.0183,Unknown,,,,
631,VIT_17s0000g06920,38,0.0183,Remorin,,,,
632,VIT_17s0053g00310,38,0.0183,No hit,,,,
633,VIT_00s0692g00010,37,0.0180,S-linalool synthase,E4_2_3_25,,vv10900Terpenoid_biosynthesis,
634,VIT_03s0063g00980<br>VIT_03s0063g01000,37,0.0180,
635,VIT_00s0225g00070,37,0.0180,MATE efflux family protein,MATE,,vv50125Porters_cat_66_to_94,
636,VIT_11s0149g00280,37,0.0179,Chitinase A,E3_2_1_14,,vv10530Aminosugars_metabolism,
637,VIT_10s0003g03610,36,0.0174,Lupeol synthase 2,E5_4_99_8,,vv10100Biosynthesis_of_steroids,
638,VIT_18s0001g11600,36,0.0174,Transducin protein,,,,
639,VIT_19s0027g00020,36,0.0174,WAG1,WAG1,,vv50004Auxin_transport,
640,VIT_14s0108g00820,36,0.0174,No hit,,,,
641,VIT_09s0054g00050,34,0.0164,Serine/threonine-protein kinase,,,,
642,VIT_05s0062g00460,33,0.0160,UDP-glucose:flavonoid 7-O-glucosyltransferase,E2_4_1_237,,vv10941Flavonoid_biosynthesis,
643,VIT_18s0001g12750,33,0.0160,Carbohydrate kinase,E2_7_1_15,,vv10030Pentose_phosphate,
644,VIT_19s0015g01200,33,0.0160,Calcium-binding protein CML,K13448,,vv34626Plant-pathogen_interaction,
645,VIT_00s1052g00020,33,0.0160,No hit,,,,
646,VIT_07s0005g04380,33,0.0159,IAA12,IAA12,,vv30003Auxin_signaling,vv60008AUXIAA
647,VIT_14s0066g01670,33,0.0159,Alpha-dioxygenase,K10529,,vv10592alpha-Linolenic_acid_metabolism,
648,VIT_07s0031g00050,32,0.0156,Cysteine proteinase,E3_4_22_x,,,
649,VIT_15s0048g00730,32,0.0155,forkhead-associated domain-containing protein,FHADOM_11,,vv60028FHA,
650,VIT_04s0008g01800,32,0.0154,Myb domain protein 7,MYB7_3,MYBPA7,vv60044MYB,
651,VIT_00s0183g00070,32,0.0154,No hit,,,,
652,VIT_01s0137g00510,32,0.0154,CYP71B10,CYP71B10,,vv10940Phenylpropanoid_biosynthesis,
653,VIT_18s0001g12720,31,0.0150,Endoplasmatic reticulum retrieval protein 1B,RER1B,,vv50109Incompletely_characterized_transport_systems,
654,VIT_09s0018g00650,31,0.0150,Zinc finger protein 830,K13104_1,,vv60017C2H2,
655,VIT_01s0010g00560,31,0.0150,Unknown protein,,,,
656,VIT_00s1314g00010,31,0.0149,Basic helix-loop-helix (bHLH) family,BHLHDOM_89,,vv60011BHLH,
657,VIT_06s0004g02510,31,0.0149,Unknown protein,,,,
658,VIT_04s0008g05090,30,0.0145,Peptidyl-prolyl isomerase D (cyclophilin D),K05864,,vv34020Calcium_signaling_pathway,
659,VIT_03s0088g00200,30,0.0145,Unknown,,,,
660,VIT_00s0370g00060,30,0.0144,Epoxide hydrolase 2,E3_3_2_10,,,
661,VIT_11s0078g00050,29,0.0140,No hit,,,,
662,VIT_02s0012g00830,29,0.0140,Expansin-like B1,EXPB1,,vv30003Auxin_signaling,
663,VIT_13s0074g00040,29,0.0140,Phytol kinase 2  chloroplast precursor,VTE5,,vv10860Porphyrin_and_chlorophyll_metabolism,
664,VIT_19s0090g00950,29,0.0140,Glycosyltransferase,,,,
665,VIT_00s0302g00020,29,0.0139,LYS/HIS transporter 7 LHT7,LHT7,,vv50123Porters_cat_18_to_29,
666,VIT_08s0007g02110,28,0.0136,EFR (EF-TU receptor),K13428,,vv34626Plant-pathogen_interaction,
667,VIT_11s0016g03070,28,0.0135,Hexokinase-2,E2_7_1_1,,vv10010Glycolysis,vv10051Fructose_and_mannose_metabolism
668,VIT_09s0002g06750,28,0.0135,ERF/AP2 transcription factor sub B-6 SHINE,SHINE1_1,VvERF042,vv30008Ethylene_signaling,vv60003AP2_EREBP
669,VIT_19s0014g05160,27,0.0131,RPS2 (resistant to p. syringae 2),K13459,,vv34626Plant-pathogen_interaction,
670,VIT_11s0016g05770,27,0.0131,Alkaline alpha galactosidase 2,E3_2_1_22,,vv10052Galactose_metabolism,vv10561Glycerolipid_metabolism
671,VIT_03s0038g03400,27,0.0131,Endochitinase 1  basic,E3_2_1_14,,vv10530Aminosugars_metabolism,
672,VIT_06s0004g04930,26,0.0126,Oxysterol binding protein,,,,
673,VIT_07s0031g00440,26,0.0125,Zinc finger (C3HC4-type ring finger),ZFC3HC4_160,,vv60078Other_zf-C3HC4,
674,VIT_19s0014g02360,26,0.0125,Phytosulfokine receptor precursor,,,,
675,VIT_17s0000g09340,25,0.0121,No hit,,,,
676,VIT_04s0023g02320,25,0.0121,Jasmonate O-methyltransferase,E2_1_1_141,,vv10592alpha-Linolenic_acid_metabolism,
677,VIT_01s0244g00150,25,0.0121,Auxin response factor 2,ARF2_2,,vv30003Auxin_signaling,vv60004ARF
678,VIT_11s0103g00530,25,0.0121,Oxysterol binding protein,,,,
679,VIT_08s0007g04540,25,0.0121,Oxidoreductase  2OG-Fe(II) oxygenase,,,,
680,VIT_05s0049g00620,25,0.0121,No hit,,,,
681,VIT_02s0025g03710,25,0.0121,DTA2 (downstream target of AGL15 2),,,,
682,VIT_04s0023g00960,25,0.0120,No hit,,,,
683,VIT_02s0033g00810,25,0.0120,No hit,,,,
684,VIT_07s0005g03940,25,0.0120,ATBARD1/BARD1 (breast cancer associated ring 1);,K10683,,vv60048PHD,
685,VIT_08s0007g05270,24,0.0116,No hit,,,,
686,VIT_18s0001g09970,24,0.0116,C2 domain-containing protein,,,,
687,VIT_16s0013g01590,24,0.0115,No hit,,,,
688,VIT_04s0023g00630,23,0.0111,No hit,,,,
689,VIT_11s0037g01210,23,0.0111,Eceriferum 1 (CER1 protein) Sterol desaturase,,,,
690,VIT_18s0072g00100,22,0.0107,Unknown protein,,,,
691,VIT_01s0137g00540,22,0.0106,CYP71E1,E1_14_13_73,,vv10902Monoterpenoid_biosynthesis,
692,VIT_18s0001g05380,21,0.0101,TTL1 (tetratricopetide-repeat thioredoxin-like 1),,,,
693,VIT_11s0016g01480,21,0.0101,Nuclear transcription factor Y subunit A-3,NFYA3_1,,vv60021CCAAT,
694,VIT_18s0001g01980,20,0.0097,Auxilin,,,,
695,VIT_17s0000g03300,20,0.0097,Unknown protein,,,,
696,VIT_09s0070g00710,20,0.0097,Isopentenyltransferase,E2_5_1_27,,vv10908Zeatin_biosynthesis,
697,VIT_08s0058g00430,20,0.0096,ferritin,E1_16_3_1,,vv10860Porphyrin_and_chlorophyll_metabolism,
698,VIT_00s0780g00010,19,0.0092,6-phosphofructokinase 2,E2_7_1_90,,vv10051Fructose_and_mannose_metabolism,
699,VIT_02s0025g00070,19,0.0092,Ubiquitin-conjugating enzyme E2 H,K10576,,vv24120Ubiquitin_mediated_proteolysis,
700,VIT_09s0018g01650,19,0.0092,Wrinkled1 (AP2/ERBP),WRINKLED1_1,VvAP2-06,vv30008Ethylene_signaling,vv60003AP2_EREBP
701,VIT_18s0001g00940,19,0.0092,Laccase,E1_10_3_2,,vv11000Single_reactions,vv50109Incompletely_characterized_transport_systems
702,VIT_05s0062g00820,19,0.0092,Unknown protein,,,,
703,VIT_17s0000g04610,19,0.0092,Strictosidine synthase,E4_3_3_2,,vv10900Terpenoid_biosynthesis,vv10902Monoterpenoid_biosynthesis
704,VIT_11s0016g04880,19,0.0092,Salt-inducible protein kinase,,,,
705,VIT_13s0019g00560,18,0.0088,Chaperonin GroEL,K04077,,vv23018RNA_degradation,
706,VIT_12s0055g00720,18,0.0088,Phosphatidylserine decarboxylase,E4_1_1_65,,vv10260Glycine_serine_and_threonine_metabolism,vv10564Glycerophospholipid_metabolism
707,VIT_15s0046g03230,18,0.0087,Disease resistance protein RGA4,,,,
708,VIT_03s0091g01120,18,0.0087,Meprin and TRAF homology domain-containing protein,,,,
709,VIT_11s0016g04750,18,0.0087,Potassium channel AKT1,AKT1,,vv30001ABA_signaling,vv50101Channels_and_pores
710,VIT_10s0003g01830,18,0.0086,Aquaporin NIP1;2,NIP1_2,,vv50101Channels_and_pores,
711,VIT_05s0136g00240,17,0.0082,Ankyrin repeat protein,,,,
712,VIT_18s0001g13790,17,0.0082,Cytochrome P450  family 83  subfamily B  polypeptide 1,K11818,,vv10966Glucosinolate_biosynthesis,
713,VIT_06s0004g02400,17,0.0082,Unknown protein,,,,
714,VIT_13s0047g00210,17,0.0082,flavonol synthase,E1_14_11_23,,vv10941Flavonoid_biosynthesis,
715,VIT_08s0007g01750,16,0.0077,Acetyl co-enzyme A carboxylase carboxyltransferase alpha subunit,E6_4_1_2,,vv10061Fatty_acid_biosynthesis,vv10620Pyruvate_metabolism
716,VIT_17s0000g08450,16,0.0077,Carbonic anhydrase chloroplast,E4_2_1_1,,vv10910Nitrogen_metabolism,vv50124Porters_cat_30_to_64
717,VIT_14s0068g01450,16,0.0077,Unknown protein,,,,
718,VIT_09s0070g00050,16,0.0077,Ribosomal protein S12 (RPS12C) 40S,K02950,,vv23010Ribosome,
719,VIT_03s0017g01070,16,0.0077,CYP86C2,,,,
720,VIT_13s0067g03770,16,0.0077,(-)-a-terpineol synthase,VVTPS,,vv10902Monoterpenoid_biosynthesis,
721,VIT_06s0061g00400,15,0.0073,Auxin responsive SAUR protein,SAUR,,vv30003Auxin_signaling,
722,VIT_19s0014g03760,15,0.0072,Unknown,,,,
723,VIT_04s0044g01080,15,0.0072,Pentatricopeptide (PPR) repeat,,,,
724,VIT_10s0003g03650,15,0.0072,Beta-amyrin synthase,E5_4_99_BAS,,vv10900Terpenoid_biosynthesis,
725,VIT_04s0023g03230,15,0.0072,Auxin-responsive SAUR9,SAUR9,,vv30003Auxin_signaling,
726,VIT_15s0021g01290,14,0.0068,No hit,,,,
727,VIT_03s0038g04230,14,0.0068,Dihydroflavonol 4-reductase,E1_1_1_219,,vv10941Flavonoid_biosynthesis,
728,VIT_14s0030g00970,13,0.0063,Oxidoreductase  zinc-binding dehydrogenase family,,,,
729,VIT_08s0040g00520,13,0.0063,Leucine-rich repeat protein kinase,,,,
730,VIT_17s0000g05110,13,0.0063,CYP78A4,,,,
731,VIT_04s0008g02610,13,0.0063,FPF1 (flowering promoting factor 1),FPF1,,vv30009Flower_development,
732,VIT_18s0001g04730,13,0.0063,Kelch repeat-containing F-box protein,,,,
733,VIT_15s0048g02200,13,0.0062,Caffeoyl-CoA O-methyltransferase,E2_1_1_104,,vv10940Phenylpropanoid_biosynthesis,
734,VIT_16s0050g02200,12,0.0058,No hit,,,,
735,VIT_05s0165g00140,12,0.0058,Ankyrin repeat family,K10380,,vv50108Accessory_factors_involved_in_transport,
736,VIT_01s0011g03500,12,0.0058,Homocysteine S-methyltransferase 1,E2_1_1_10,,vv10271Methionine_metabolism,
737,VIT_04s0023g00970,12,0.0058,EREBP PLETHORA 1,PLETHORA1,VvAP2-04,vv30008Ethylene_signaling,vv60003AP2_EREBP
738,VIT_14s0081g00070,12,0.0058,Zinc finger (C3HC4-type ring finger),ZFC3HC4_49,,vv60078Other_zf-C3HC4,
739,VIT_17s0053g00800,12,0.0058,No hit,,,,
740,VIT_08s0007g00640,12,0.0058,No hit,,,,
741,VIT_06s0004g05670,12,0.0058,Glutathione S-transferase 25 GSTU7,E2_5_1_18_GSTU7,,vv10480Glutathione_metabolism,
742,VIT_07s0104g01420,12,0.0058,Glutaredoxin,,,,
743,VIT_17s0000g08250,12,0.0058,No hit,,,,
744,VIT_01s0146g00360,12,0.0058,Constans-like 14,COL14_1,,vv30009Flower_development,vv34710Circadian_rhythm
745,VIT_07s0005g00820,12,0.0057,AP2-like ethylene-responsive transcription factor,AP2_3,VvERF057,vv30008Ethylene_signaling,vv60003AP2_EREBP
746,VIT_01s0011g00540,11,0.0053,SPFH domain-containing protein 2 precursor band 7 family,,,,
747,VIT_18s0041g01520,10,0.0049,TIR-NBS-LRR-TIR disease resistance protein,,,,
748,VIT_13s0019g03840<br>VIT_13s0019g03820,10,0.0048,
749,VIT_01s0011g03090,10,0.0048,Allene oxide cyclase,E5_3_99_6,,vv10592alpha-Linolenic_acid_metabolism,
750,VIT_04s0008g05600,10,0.0048,KEG (keep on going),KEG,,vv30001ABA_signaling,
751,VIT_00s0324g00090,10,0.0048,Pentatricopeptide (PPR) repeat-containing,,,,
752,VIT_05s0020g00500,10,0.0048,Alpha-L-arabinofuranosidase,E3_2_1_55,,vv10520Nucleotide_sugars_metabolism,
753,VIT_10s0003g02120,10,0.0048,Lipase GDSL,,,,
754,VIT_13s0067g02910,10,0.0048,Non-specific lipid-transfer protein,,,,
755,VIT_03s0088g01080,9,0.0044,No hit,,,,
756,VIT_04s0044g01250,9,0.0044,No hit,,,,
757,VIT_03s0038g00080,9,0.0044,ADP/ATP carrier 3 AAC3,K05863,,vv50123Porters_cat_18_to_29,
758,VIT_15s0024g01070,9,0.0044,No hit,,,,
759,VIT_11s0149g00240,9,0.0044,Ribosomal protein L39 (RPL39C) 60S,K02924,,vv23010Ribosome,
760,VIT_13s0073g00200,9,0.0044,Disease resistance protein (TIR-NBS-LRR class),,,,
761,VIT_06s0009g02640,9,0.0044,Hydroxymethylglutaryl-CoA lyase,E4_1_3_4,,vv10072Synthesis_and_degradation_of_ketone_bodies,vv10280Valine_leucine_and_isoleucine_degradation
762,VIT_01s0011g03270,9,0.0044,CXE carboxylesterase,E3_1_1_1,,,
763,VIT_14s0108g00840,9,0.0044,Unknown protein,,,,
764,VIT_06s0004g07420,9,0.0043,Unknown protein,,,,
765,VIT_13s0019g05340,9,0.0043,No hit,,,,
766,VIT_16s0039g02520,9,0.0043,Unknown protein,,,,
767,VIT_11s0052g01670,9,0.0043,Ycf2,,,,
768,VIT_09s0002g06920,9,0.0043,Unknown protein,,,,
769,VIT_19s0177g00140,9,0.0043,Thiazole biosynthetic enzyme  chloroplast (ARA6),E2_5_1_3,,vv10730Thiamine_metabolism,
770,VIT_11s0016g02190,9,0.0043,Unknown protein,,,,
771,VIT_16s0098g00760,9,0.0043,No apical meristem cup-shaped cotyledon2,CUC2_4,VvNAC71,vv60046NAC,
772,VIT_00s0286g00010,9,0.0043,ARK3 (Arabidopsis Receptor Kinase 3),,,,
773,VIT_04s0008g01250,9,0.0043,Unknown,,,,
774,VIT_12s0059g00870,9,0.0043,MAPKKK15,,,,
775,VIT_17s0000g01740,9,0.0043,Aspartyl aminopeptidase,E3_4_11_21,,,
776,VIT_18s0001g13000,9,0.0043,Adaptor-related protein complex AP-4  mu 1,AP4M1,,vv50110Protein_coat,
777,VIT_18s0001g11440,9,0.0043,No hit,,,,
778,VIT_06s0009g01000,9,0.0043,Zinc finger (C3HC4-type ring finger) CIC7E11,CIC7E11_2,,vv60078Other_zf-C3HC4,
779,VIT_07s0005g03780,9,0.0043,Alcohol oxidase,E1_1_3_13,,vv10680Methane_metabolism,
780,VIT_02s0241g00020,8,0.0039,Unknown,,,,
781,VIT_11s0016g04840,7,0.0034,Avr9/Cf-9 rapidly elicited protein 11,,,,
782,VIT_06s0004g00750,7,0.0034,Acyl-CoA synthetases (Acyl-activating enzyme 18),E6_2_1_3,,vv10071Fatty_acid_metabolism,vv50104Group_translocators
783,VIT_08s0056g01190,7,0.0034,Myb domain protein 105,MYB105_1,MYB167,vv60044MYB,
784,VIT_11s0078g00390,7,0.0034,No hit,,,,
785,VIT_15s0048g00700,7,0.0034,Unknown protein,,,,
786,VIT_12s0028g00490,7,0.0034,Component of oligomeric golgi complex 5,COG5,,vv50111Tethering_factors,
787,VIT_11s0149g00340,7,0.0034,Chitinase  class V,E3_2_1_14,,vv10530Aminosugars_metabolism,
788,VIT_18s0001g13960,7,0.0034,SAUR_E,SAURE,,vv30003Auxin_signaling,
789,VIT_18s0041g01340,7,0.0034,R protein L6,K13477,,vv34627R_proteins_from_Plant-pathogen_interaction,
790,VIT_15s0046g02230,7,0.0034,Heavy-metal-associated domain-containing protein,,,,
791,VIT_05s0020g02110,6,0.0029,Cationic peroxidase isozyme 40K precursor,E1_11_1_7,,vv10360Phenylalanine_metabolism,vv10680Methane_metabolism
792,VIT_08s0007g03660,6,0.0029,CYP94C9,,,,
793,VIT_10s0003g03660,6,0.0029,Beta-amyrin synthase,E5_4_99_BAS,,vv10900Terpenoid_biosynthesis,
794,VIT_15s0021g01600,6,0.0029,Ethylene responsive element binding factor 2,ERF2,VvERF073,vv30008Ethylene_signaling,
795,VIT_05s0029g01530<br>VIT_16s0039g00540<br>VIT_16s0039g00330<br>VIT_00s1283g00010,6,0.0029,
796,VIT_00s0253g00090,6,0.0029,Methyl jasmonate esterase,MEJAE,,vv10592alpha-Linolenic_acid_metabolism,
797,VIT_03s0038g02930,6,0.0029,Tetracycline transporter protein,TETRACYCTR,,vv50121Porters_cat_1_to_6,
798,VIT_18s0001g06840,6,0.0029,Peroxidase GvPx2b class III,E1_11_1_7,,vv10360Phenylalanine_metabolism,vv10680Methane_metabolism
799,VIT_12s0059g02710,6,0.0029,Pinene synthase,E4_2_3_14,,vv10902Monoterpenoid_biosynthesis,
800,VIT_07s0031g01980,6,0.0029,Ethylene-responsive transcription factor aba repressor 1 abr1/erf111,ABR1,VvERF113,vv30001ABA_signaling,vv30008Ethylene_signaling
801,VIT_15s0048g02850,6,0.0029,Xyloglucan endotransglycosylase/hydrolase precursor XTH-39,E2_4_1_207,,vv40006Cell_wall,
802,VIT_15s0021g02690,6,0.0029,Unfertilized embryo sac 10 UNE10,UNE10_1,,vv60011BHLH,
803,VIT_08s0058g00970,6,0.0029,Cationic peroxidase,E1_11_1_7,,vv10360Phenylalanine_metabolism,vv10680Methane_metabolism
804,VIT_17s0000g06640,6,0.0029,formin-2,FH2,,vv44810Regulation_of_actin_cytoskeleton,
805,VIT_17s0000g01140,6,0.0029,DNAJ heat shock N-terminal domain-containing protein,DNAJREL,,vv50132Primary_active_transporter_cat_A5_to_A8,
806,VIT_09s0002g02950,6,0.0029,No hit,,,,
807,VIT_11s0052g00810,6,0.0029,U4/U6.U5 tri-snRNP-associated protein 3,K12846,,vv23040Spliceosome,
808,VIT_17s0000g03980,6,0.0029,Peptidyl-tRNA hydrolase,E3_1_1_29,,,
809,VIT_00s0238g00120,6,0.0029,No hit,,,,
810,VIT_19s0090g01050,6,0.0029,Endo-beta-1 4-glucanase,E3_2_1_4,,vv40006Cell_wall,
811,VIT_04s0008g03930,6,0.0029,RD22,,,,
812,VIT_06s0004g06760,6,0.0029,NDA2 (alternative NAD(P)H dehydrogenase 2),K03885,,vv10190Oxidative_phosphorylation,vv50134Primary_active_transporter_cat_D1
813,VIT_01s0011g04250,6,0.0029,Zinc finger (B-box type),ZFBBOX_5,,vv60073Orphans_zf-b_box,
814,VIT_11s0016g02870,6,0.0029,Peptidase alpha subunit  Mitochondrial,E3_4_24_64,,,
815,VIT_18s0001g04860,6,0.0029,Aspartate transaminase.,E2_6_1_1,vv10710Carbon_fixation,vv10252Alanine_and_aspartate_metabolism,vv10272Cysteine_metabolism
816,VIT_15s0046g01720,6,0.0029,Chitinase  class III,E3_2_1_14,,vv10530Aminosugars_metabolism,
817,VIT_08s0058g00140,6,0.0029,Ammonium transporter 2,AMT2,,vv50101Channels_and_pores,
818,VIT_18s0001g09460,6,0.0029,GASA5,GASA5,,vv30010Gibberellin_signaling,
819,VIT_02s0012g02440,6,0.0029,No hit,,,,
820,VIT_17s0000g07530,4,0.0020,Transportin-SR,TRANSPORTINSR,,vv50112Nuclear_pore_complex,
821,VIT_10s0003g05100,4,0.0019,Unknown,,,,
822,VIT_03s0063g01470,4,0.0019,Steroid nuclear receptor  ligand-binding,,,,
823,VIT_10s0003g01960,4,0.0019,RKF1 (receptor-like kinase in flowers 1),,,,
824,VIT_18s0001g14960,4,0.0019,Pentatricopeptide (PPR) repeat-containing,,,,
825,VIT_14s0060g02220,3,0.0015,F-actin capping protein alpha subunit,K10364,,vv44810Regulation_of_actin_cytoskeleton,
826,VIT_04s0079g00700,3,0.0015,Protein kinase CRK1 CRK1 protein(Cdc2-related kinase 1),,,,
827,VIT_05s0094g00370,3,0.0015,Diphthamide synthesis DPH2,,,,
828,VIT_06s0004g01550,3,0.0015,Phosphoribosylanthranilate transferase,E2_4_2_18,,vv10400Phenylalanine_tyrosine_and_tryptophan_biosynthesis,
829,VIT_01s0011g03490,3,0.0015,3-ketoacyl-CoA synthase,,,,
830,VIT_08s0056g00790,3,0.0015,Phagocytosis and cell motility protein ELMO1,,,,
831,VIT_00s0323g00010,3,0.0015,No hit,,,,
832,VIT_05s0094g01120,3,0.0015,NADP-dependent oxidoreductase,E1_6_5_5,,,
833,VIT_00s0335g00080,3,0.0015,R protein MLA10,K13475,,vv34627R_proteins_from_Plant-pathogen_interaction,
834,VIT_04s0069g00790,3,0.0015,Cyclic nucleotide-regulated ion channel (CNGC14),K05391_CNGC14,,vv34626Plant-pathogen_interaction,vv50101Channels_and_pores
835,VIT_19s0027g00920,3,0.0015,NAC domain-containing protein 42,NAC042_1,,vv60046NAC,
836,VIT_10s0003g02060,3,0.0015,Ankyrin protein kinase,,,,
837,VIT_05s0136g00210,3,0.0015,Kafirin cluster,,,,
838,VIT_14s0128g00920,3,0.0015,Germin-like protein 3 [Vitis vinifera],,,,
839,VIT_18s0001g01940,3,0.0015,Ripening regulated protein DDTFR8,,,,
840,VIT_07s0031g03190,3,0.0015,VHS and GAT domain protein,VHSDC,,vv50109Incompletely_characterized_transport_systems,
841,VIT_14s0060g02570,3,0.0015,No hit,,,,
842,VIT_05s0136g00290,3,0.0015,VAMP726 (VESICLE-associated membrane protein),K08511,,vv24130SNARE_interactions_in_vesicular_transport,vv50101Channels_and_pores
843,VIT_06s0004g01300,3,0.0015,Proton-dependent oligopeptide transport (POT) family protein,POT,,vv50122Porters_cat_7_to_17,
844,VIT_09s0002g05890,3,0.0015,No hit,,,,
845,VIT_18s0041g01560,3,0.0015,No hit,,,,
846,VIT_01s0146g00370,3,0.0015,Armadillo/beta-catenin repeat,,,,
847,VIT_11s0052g01110,3,0.0015,4-coumarate-CoA ligase 1,E6_2_1_12,,vv10940Phenylpropanoid_biosynthesis,vv50104Group_translocators
848,VIT_17s0000g01950,3,0.0015,Dihydropyrimidine dehydrogenase,E1_3_1_2,,vv10410Beta-alanine_metabolism,vv10770Pantothenate_and_CoA_biosynthesis
849,VIT_14s0006g02780,3,0.0015,No hit,,,,
850,VIT_05s0020g05000,3,0.0015,Inhibitor of trypsin and hageman factor (CMTI-V),,,,
851,VIT_14s0006g02990,3,0.0015,3-ketoacyl-CoA synthase,,,,
852,VIT_17s0000g04990,3,0.0015,MADS-box APETALA 1,APETALA1_3,,vv30009Flower_development,vv60042MADS
853,VIT_07s0104g01640,3,0.0015,Nuclear transcription factor Y subunit B-5,NFYB5_2,,vv60021CCAAT,
854,VIT_12s0035g01490,3,0.0015,Peroxiredoxin,E1_11_1_15,,,
855,VIT_05s0020g01250,3,0.0015,BTB/POZ domain-containing protein,BTBDOM_7,,vv60093TRAF,
856,VIT_00s0208g00050<br>VIT_19s0015g00040<br>VIT_15s0045g00090,3,0.0015,
857,VIT_09s0054g01370,3,0.0015,Beta-amyrin synthase,E5_4_99_BAS,,vv10900Terpenoid_biosynthesis,
858,VIT_11s0052g01710,3,0.0015,Xylose isomerase,E5_3_1_5,,vv10040Pentose_glucuronate_interconversion,vv10051Fructose_and_mannose_metabolism
859,VIT_05s0165g00160,3,0.0015,Ankyrin repeat,K10380,,vv50108Accessory_factors_involved_in_transport,
860,VIT_06s0009g03010,3,0.0015,flavonoid 3' 5'-hydroxylase [Vitis vinifera],E1_14_13_88,,vv10941Flavonoid_biosynthesis,
861,VIT_03s0038g03390,3,0.0015,Unknown protein,,,,
862,VIT_00s0288g00070<br>VIT_18s0001g03530,3,0.0015,
863,VIT_00s0253g00140,3,0.0015,Polyneuridine-aldehyde esterase precursor,E3_1_1_78,,vv10902Monoterpenoid_biosynthesis,
864,VIT_13s0019g04200,3,0.0015,Patatin,,,,
865,VIT_06s0004g03350,3,0.0015,Lateral organ boundaries protein 1,LBD1_5,,vv60007AS2,
866,VIT_09s0002g09120,3,0.0014,Ethylene-responsive transcription factor ERF003,ERF003_4,VvERF046,vv30008Ethylene_signaling,vv60003AP2_EREBP
867,VIT_13s0067g03260,3,0.0014,Pheophorbidase,E3_1_1_82,,vv10860Porphyrin_and_chlorophyll_metabolism,
868,VIT_17s0000g05600,3,0.0014,(-)-isopiperitenol dehydrogenase,E1_1_1_223,,vv10902Monoterpenoid_biosynthesis,
869,VIT_18s0001g12510,3,0.0014,5' nucleotidase,E3_1_3_5,,vv10230Purine_metabolism,vv10240Pyrimidine_metabolism
870,VIT_11s0065g00930,3,0.0014,Cyclic nucleotide-gated ion channel 17,K05391_CNGC17,,vv34626Plant-pathogen_interaction,vv50101Channels_and_pores
871,VIT_16s0098g00360,3,0.0014,CCT motif constans-like,CCT_3,,vv60070Orphans_CCT,
872,VIT_11s0016g03890,3,0.0014,Short-chain dehydrogenase/reductase (SDR),,,,
873,VIT_08s0007g07970,3,0.0014,Serine/threonine-protein kinase Nek4,,,,
874,VIT_15s0045g00150,3,0.0014,No hit,,,,
875,VIT_03s0091g01150,3,0.0014,Cleavage and polyadenylation specificity factor,,,,
876,VIT_07s0095g00080,3,0.0014,No hit,,,,
877,VIT_02s0025g00650,3,0.0014,AAA-type ATPase,,,,
878,VIT_01s0137g00770,3,0.0014,Unknown protein,,,,
879,VIT_13s0019g03550,3,0.0014,APETALA2 (AP2) floral homeotic protein,APETALA2TOE2_1,VvAP2-11,vv30008Ethylene_signaling,vv30009Flower_development
880,VIT_05s0049g01920,3,0.0014,Gag-pol polyprotein,,,,
881,VIT_19s0014g00310,3,0.0014,MADS-box agamous-like 66,AGL66_3,,vv60042MADS,
882,VIT_01s0150g00580,3,0.0014,Ribosomal protein L10 (RPL10B) 60S,K02866,,vv23010Ribosome,
883,VIT_11s0103g00650,3,0.0014,Pathogenesis-related homeodomain protein (PRHA),PRHA_1,VvHB41,vv60034HB,
884,VIT_18s0001g05400,3,0.0014,Unknown,,,,
885,VIT_07s0130g00460,3,0.0014,SWIB complex BAF60b domain-containing protein,SWIB_3,,vv60092SWIB,
886,VIT_04s0008g07110,3,0.0014,Aspartic proteinase nepenthesin-2 precursor,E3_4_23_12,,,
887,VIT_18s0001g03640,3,0.0014,No hit,,,,
888,VIT_13s0019g05350,3,0.0014,No hit,,,,
889,VIT_12s0035g01650,3,0.0014,NtPRp27 secretory protein,,,,
890,VIT_18s0001g11810,3,0.0014,BEL1 homeobox 2 protein (BLH2) (SAWTOOTH 1),BLH2_2,,vv60034HB,
891,VIT_00s0479g00020,3,0.0014,Basic helix-loop-helix (bHLH) family,BHLHDOM_21,,vv60011BHLH,
892,VIT_10s0042g01470,3,0.0014,Armadillo/beta-catenin repeat,,,,
893,VIT_12s0028g01420,3,0.0014,Phosphate translocator,PTLREL,,vv50122Porters_cat_7_to_17,
894,VIT_12s0178g00170,3,0.0014,Diacylglycerol kinase 1,E2_7_1_107,,vv10561Glycerolipid_metabolism,vv10564Glycerophospholipid_metabolism
895,VIT_17s0119g00220,3,0.0014,Trypsin and protease inhibitor Kunitz family,,,,
896,VIT_00s0233g00130,3,0.0014,flavin-containing monooxygenase family protein / FMO family protein,E1_14_13_8,,vv11000Single_reactions,
897,VIT_04s0008g01820,3,0.0014,TT2 (transparent testa 2),TT2_3,MYBPA9,vv44110Cell_cycle,vv60044MYB
898,VIT_17s0000g02340,3,0.0014,Leucine-rich repeat receptor-like protein kinase 1,,,,
899,VIT_05s0049g01730,3,0.0014,Unknown protein,,,,
