Vv_m2,2000,1000,VIT_16s0100g00770
rank,node,Fabs,Frel,Functional-annotation,Name-EC-KeggID,Updated-name,Network1,Network2
1,VIT_16s0100g01190,2062,1.0000,Stilbene synthase [Vitis vinifera],E2_3_1_95,,vv10940Phenylpropanoid_biosynthesis,
2,VIT_16s0100g01110,2072,1.0000,Resveratrol synthase (RS1),E2_3_1_95,,vv10940Phenylpropanoid_biosynthesis,
3,VIT_16s0100g01040,2072,1.0000,Stilbene synthase - grape,E2_3_1_95,,vv10940Phenylpropanoid_biosynthesis,
4,VIT_16s0100g00750,2070,1.0000,Stilbene synthase,E2_3_1_95,,vv10940Phenylpropanoid_biosynthesis,
5,VIT_07s0129g01010,2064,0.9995,Unknown,,,,
6,VIT_05s0077g01690,2054,0.9981,Pathogenesis protein 10 [Vitis vinifera],,,,
7,VIT_05s0077g01530,2061,0.9961,Pathogenesis protein 10 [Vitis vinifera],,,,
8,VIT_16s0100g01010<br>VIT_16s0100g00950<br>VIT_16s0100g01030<br>VIT_16s0100g00990,2058,0.9947,
9,VIT_16s0100g01000,2055,0.9918,Stilbene synthase 4,E2_3_1_95,,vv10940Phenylpropanoid_biosynthesis,
10,VIT_04s0008g05350,2043,0.9903,Serine hydrolase [Vitis vinifera],E4_3_1_18,,vv10260Glycine_serine_and_threonine_metabolism,
11,VIT_16s0100g01150,2031,0.9898,Stilbene synthase [Vitis vinifera],E2_3_1_95,,vv10940Phenylpropanoid_biosynthesis,
12,VIT_07s0141g00890,2044,0.9870,CYP94A1,,,,
13,VIT_05s0094g00160,2040,0.9846,No hit,,,,
14,VIT_18s0001g04280,2043,0.9832,(-)-germacrene D synthase,E4_2_3_22,,vv10900Terpenoid_biosynthesis,
15,VIT_17s0000g00640,2023,0.9797,No hit,,,,
16,VIT_07s0005g02660,2031,0.9755,ABC transporter B member 13,ABCB13,,vv52010ABC_transporters,
17,VIT_16s0100g01200<br>VIT_16s0100g01070,1998,0.9727,
18,VIT_12s0059g01720,2020,0.9721,No hit,,,,
19,VIT_11s0078g00290,2019,0.9721,Cinnamate 4-hydroxylase,E1_14_13_11,,vv10360Phenylalanine_metabolism,vv10940Phenylpropanoid_biosynthesis
20,VIT_18s0001g05060,2004,0.9714,2 3-bisphosphoglycerate-dependent phosphoglycerate mutase,E5_4_2_1,,vv10010Glycolysis,
21,VIT_16s0100g01140,2014,0.9669,Stilbene synthase 2,E2_3_1_95,,vv10940Phenylpropanoid_biosynthesis,
22,VIT_07s0005g05780,1972,0.9643,Pantoate--beta-alanine ligase,E6_3_2_1,,vv10410Beta-alanine_metabolism,vv10770Pantothenate_and_CoA_biosynthesis
23,VIT_16s0100g01130,1990,0.9623,Stilbene synthase [Vitis vinifera],E2_3_1_95,,vv10940Phenylpropanoid_biosynthesis,
24,VIT_03s0063g01820,1965,0.9599,AOS (allene oxide synthase),E4_2_1_92,,vv10592alpha-Linolenic_acid_metabolism,
25,VIT_18s0001g10180,1988,0.9585,N-hydroxycinnamoyl/benzoyltransferase 3,,,,
26,VIT_01s0011g04780,1976,0.9564,Unknown protein,,,,
27,VIT_00s0437g00070,1962,0.9510,Receptor kinase RK20-1,,,,
28,VIT_05s0094g00260<br>VIT_05s0094g00220,1958,0.9459,
29,VIT_09s0002g05610,1955,0.9408,Unknown,,,,
30,VIT_18s0001g00840,1924,0.9290,Syringolide-induced protein 14-1-1,,,,
31,VIT_06s0009g02560,1921,0.9231,Pectinesterase family,E3_1_1_11,,vv40006Cell_wall,
32,VIT_00s0226g00100,1901,0.9206,Regulator of chromosome condensation (RCC1),RCC1,,vv50112Nuclear_pore_complex,
33,VIT_01s0127g00490,1903,0.9202,Pantothenate kinase 2,E2_7_1_33,,vv10770Pantothenate_and_CoA_biosynthesis,
34,VIT_15s0046g02170,1893,0.9172,3-methyl-2-oxobutanoate hydroxy-methyl-transferase,E2_1_2_11,,vv10770Pantothenate_and_CoA_biosynthesis,
35,VIT_14s0081g00050,1896,0.9155,PATHOgenesIS-related 4,,,,
36,VIT_11s0065g00350,1870,0.9113,Trans-cinnamate 4-monooxygenase,E1_14_13_11,,vv10360Phenylalanine_metabolism,vv10940Phenylpropanoid_biosynthesis
37,VIT_14s0068g01770,1891,0.9096,WRKY DNA-binding protein 75,WRKY75_2,VvWRKY43,vv60066WRKY,
38,VIT_11s0016g00570,1879,0.9060,Dimethylaniline monooxygenase (N-oxide forming) 2,E1_14_13_8,,vv11000Single_reactions,
39,VIT_06s0004g01670,1862,0.9004,UDP-glucoronosyl and UDP-glucosyl transferase,,,,
40,VIT_16s0100g00830<br>VIT_16s0100g01120<br>VIT_16s0100g00780<br>VIT_16s0100g00910,1860,0.8990,
41,VIT_18s0117g00590,1852,0.8969,Laccase,E1_10_3_2,,vv11000Single_reactions,vv50109Incompletely_characterized_transport_systems
42,VIT_12s0035g01000,1858,0.8967,Serine protease inhibitor  serine-type,,,,
43,VIT_01s0011g05420,1856,0.8966,Fw2.2 ORFX,,,,
44,VIT_17s0000g05810,1861,0.8947,WRKY DNA-binding protein 72,WRKY72_2,VvWRKY53,vv60066WRKY,
45,VIT_03s0063g02650,1837,0.8926,Hydrolase  alpha/beta fold,,,,
46,VIT_04s0008g05540,1829,0.8892,Clathrin assembly protein 2,CAP2,,vv50110Protein_coat,
47,VIT_10s0003g04910,1846,0.8871,Sinapyl alcohol dehydrogenase,E1_1_1_195,,vv10940Phenylpropanoid_biosynthesis,
48,VIT_07s0104g00220,1835,0.8869,Phenazine biosynthesis PhzC/PhzF,K06998,,vv10400Phenylalanine_tyrosine_and_tryptophan_biosynthesis,
49,VIT_13s0074g00570,1835,0.8860,Gamma-aminobutyric acid transporter,GAT1,,vv50123Porters_cat_18_to_29,
50,VIT_00s0179g00280,1822,0.8798,Calmodulin-8 (CAM8),K02183,,vv34020Calcium_signaling_pathway,vv34626Plant-pathogen_interaction
51,VIT_06s0004g01020,1805,0.8741,Dirigent protein,,,,
52,VIT_15s0048g01350,1808,0.8717,Gibberellin receptor GID1L3,GID1C,,vv30010Gibberellin_signaling,
53,VIT_10s0042g00850,1803,0.8685,Stilbene synthase [Vitis pseudoreticulata],E2_3_1_95,,vv10940Phenylpropanoid_biosynthesis,
54,VIT_10s0003g04080,1784,0.8614,Unknown,,,,
55,VIT_15s0021g02060,1778,0.8581,Arbutin synthase,E2_4_1_218,,vv10500Starch_and_sucrose_metabolism,
56,VIT_14s0068g01250,1778,0.8565,Mitochondrial phosphate transporter,MPHOSPTR,,vv50123Porters_cat_18_to_29,
57,VIT_06s0004g01010,1763,0.8509,Dirigent protein pDIR9,,,,
58,VIT_06s0004g07250,1767,0.8507,UDP-glucoronosyl and UDP-glucosyl transferase,,,,
59,VIT_06s0004g01030,1743,0.8408,Dirigent protein,,,,
60,VIT_13s0019g04440,1738,0.8380,Zinc finger (C3HC4-type ring finger),ZFC3HC4_163,,vv60078Other_zf-C3HC4,
61,VIT_10s0071g00230,1738,0.8376,HcrVf1 protein,,,,
62,VIT_17s0000g00650,1694,0.8239,No hit,,,,
63,VIT_15s0046g01440,1690,0.8224,BZip transcription factor G- box  binding factor 3,GBF3_1,VvbZIP40,vv60012BZIP,
64,VIT_18s0001g03390,1693,0.8222,S-receptor kinase,,,,
65,VIT_18s0001g04870,1684,0.8159,(-)-germacrene D synthase,E4_2_3_22,,vv10900Terpenoid_biosynthesis,
66,VIT_10s0003g00480,1701,0.8154,Isoflavone methyltransferase/ Orcinol O-methyltransferase 1 oomt1,E2_1_1_46,,vv10943Isoflavonoid_biosynthesis,
67,VIT_06s0004g05700,1689,0.8152,Glutathione S-transferase 8 GSTU8,E2_5_1_18_GSTU8,,vv10480Glutathione_metabolism,
68,VIT_09s0002g02320,1680,0.8120,Cell wall apoplastic invertase,E3_2_1_26,,vv10052Galactose_metabolism,vv10500Starch_and_sucrose_metabolism
69,VIT_08s0007g05830,1675,0.8100,No hit,,,,
70,VIT_16s0039g01240<br>VIT_16s0039g01360<br>VIT_16s0039g01130<br>VITisv_009233<br>VIT_16s0039g01100<br>VIT_00s2508g00010<br>VITisv_032212<br>VIT_16s0039g01120<br>VIT_16s0039g01320<br>VIT_00s2849g00010<br>VIT_16s0039g01300<br>VIT_16s0039g01170<br>VIT_16s0039g01280,1664,0.8097,
71,VIT_05s0094g00170,1662,0.8056,Protein transport protein Sec61 subunit beta,K09481,,vv23060Protein_export,vv24141Protein_processing_in_endoplasmic_reticulum
72,VIT_16s0039g01110,1668,0.8054,Phenylalanin ammonia-lyase [Vitis vinifera],E4_3_1_5,,vv10350Tyrosine_metabolism,vv10360Phenylalanine_metabolism
73,VIT_15s0048g00510,1661,0.8001,Pectinesterase family,E3_1_1_11,,vv40006Cell_wall,
74,VIT_04s0008g06620,1649,0.7997,Phospholipase D,E3_1_4_4,,vv10564Glycerophospholipid_metabolism,vv10565Ether_lipid_metabolism
75,VIT_16s0100g01100,1646,0.7971,Stilbene synthase,E2_3_1_95,,vv10940Phenylpropanoid_biosynthesis,
76,VIT_18s0041g02020,1652,0.7965,12-oxophytodienoate reductase 2,E1_3_1_42,,vv10592alpha-Linolenic_acid_metabolism,
77,VIT_10s0042g00700,1634,0.7882,Leucine-rich repeat receptor-like protein kinase 1,,,,
78,VIT_11s0016g02830,1614,0.7752,Gamma-glutamyltranspeptidase,E2_3_2_2,,vv10272Cysteine_metabolism,vv10450Selenoamino_acid_metabolism
79,VIT_16s0100g00860<br>VIT_16s0100g00940<br>VIT_16s0100g00800<br>VIT_16s0100g00920<br>VIT_16s0100g00930<br>VIT_16s0100g00810<br>VIT_16s0100g00840<br>VIT_16s0100g00850,1604,0.7749,
80,VIT_18s0001g04410,1590,0.7689,No hit,,,,
81,VIT_10s0116g00960,1603,0.7688,Transcription factor jumonji (jmjC) domain-containing protein,JMJD1B_5,,vv60038Jumonji,
82,VIT_04s0079g00020,1588,0.7671,Cysteine-rich receptor-like protein kinase 2,,,,
83,VIT_09s0002g02970,1581,0.7667,Unknown,,,,
84,VIT_19s0027g00860,1589,0.7654,NAC domain-containing protein 42,NAC042_2,VvNAC31,vv60046NAC,
85,VIT_02s0025g02770,1579,0.7628,Glucan endo-1 3-beta-glucosidase 7 precursor,E3_2_1_39,,vv10500Starch_and_sucrose_metabolism,
86,VIT_19s0093g00320,1583,0.7625,Glutathione S-transferase 25 GSTU25,E2_5_1_18_GSTU25,,vv10480Glutathione_metabolism,
87,VIT_16s0100g01060,1570,0.7603,Stilbene synthase,E2_3_1_95,,vv10940Phenylpropanoid_biosynthesis,
88,VIT_08s0007g04020,1572,0.7602,AT-hook protein 1 (AHP1),HMGIY_1,,vv60035HMG,
89,VIT_09s0002g03700,1556,0.7561,No hit,,,,
90,VIT_08s0007g00850,1553,0.7542,EFR (EF-TU receptor),K13428,,vv34626Plant-pathogen_interaction,
91,VIT_16s0100g01160,1557,0.7518,Stilbene synthase [Vitis vinifera],E2_3_1_95,,vv10940Phenylpropanoid_biosynthesis,
92,VIT_11s0016g02070,1552,0.7501,Basic helix-loop-helix (bHLH) family,BHLHDOM_63,,vv60011BHLH,
93,VIT_16s0100g00900,1562,0.7495,Stilbene synthase [Vitis pseudoreticulata],E2_3_1_95,,vv10940Phenylpropanoid_biosynthesis,
94,VIT_03s0063g01210,1538,0.7473,Nodulin 1A  senescence-associated,,,,
95,VIT_17s0000g03560,1525,0.7364,(myb domain protein 62,MYB62_1,MYB164,vv60044MYB,
96,VIT_19s0014g00830,1524,0.7330,RKF1 (receptor-like kinase in flowers 1),,,,
97,VIT_00s0409g00050,1514,0.7307,Receptor-like serine-threonine protein kinase,,,,
98,VIT_15s0046g03290,1508,0.7285,Unknown protein,,,,
99,VIT_10s0042g00930<br>VIT_10s0042g00890<br>VIT_10s0042g00870<br>VIT_10s0042g00860<br>VIT_10s0042g00920,1503,0.7275,
100,VIT_13s0019g01490,1479,0.7166,C2 domain-containing protein,,,,
101,VIT_11s0016g03780,1475,0.7139,Continuous vascular ring (COV1),COV1,,vv30003Auxin_signaling,
102,VIT_09s0002g05560,1430,0.6908,ABC transporter g family pleiotropic drug resistance 12 PDR12,ABCGPDR12,,vv52010ABC_transporters,
103,VIT_06s0004g02590,1417,0.6892,Carbonic anhydrase,E4_2_1_1,,vv10910Nitrogen_metabolism,vv50124Porters_cat_30_to_64
104,VIT_01s0146g00320,1423,0.6858,No hit,,,,
105,VIT_03s0088g00690,1403,0.6827,Pathogenesis-related protein 1 precursor (PRP 1),PRP1,,vv30011Jasmonate_signaling,vv34626Plant-pathogen_interaction
106,VIT_17s0000g06220,1409,0.6817,Exostosin,K02366,,vv11030Glycan_structures-biosynthesis1,
107,VIT_11s0016g03080,1396,0.6780,Clavata1 receptor kinase (CLV1),,,,
108,VIT_09s0054g00580<br>VIT_09s0054g00570,1400,0.6780,
109,VIT_13s0019g03170,1400,0.6773,Heat shock protein 16.9 kDa class I,K13993,,vv24141Protein_processing_in_endoplasmic_reticulum,
110,VIT_07s0104g00850,1403,0.6765,Pto kinase interactor,,,,
111,VIT_04s0023g00360,1391,0.6749,Unknown protein,,,,
112,VIT_14s0083g00900,1396,0.6747,Aspartate aminotransferase,E2_6_1_1,vv10710Carbon_fixation,vv10252Alanine_and_aspartate_metabolism,vv10272Cysteine_metabolism
113,VIT_09s0054g00370,1377,0.6684,Mannosyl-oligosaccharide 1 2-alpha-mannosidase IA,E3_2_1_113,,vv10510N-Glycan_biosynthesis,vv11030Glycan_structures-biosynthesis1
114,VIT_08s0040g03100,1368,0.6628,Glutathione S-transferase GSTO1,E2_5_1_18_GSTO1,,vv10480Glutathione_metabolism,
115,VIT_00s2634g00010<br>VIT_00s0429g00010,1372,0.6615,
116,VIT_00s0274g00080,1367,0.6601,Benzoquinone reductase,E1_6_5_6,,vv10740Riboflavin_metabolism,
117,VIT_16s0100g00880,1359,0.6553,Stilbene synthase [Vitis pseudoreticulata],E2_3_1_95,,vv10940Phenylpropanoid_biosynthesis,
118,VIT_03s0088g00700,1372,0.6552,Pathogenesis related protein 1 precursor (pr1 gene),PRP1,,vv30011Jasmonate_signaling,vv34626Plant-pathogen_interaction
119,VIT_09s0002g08460,1345,0.6539,8-amino-7-oxononanoate synthase,E2_3_1_47,,vv10780Biotin_metabolism,
120,VIT_17s0000g04360,1342,0.6483,Wall-associated kinase 2 (WAK2),,,,
121,VIT_12s0028g00590,1335,0.6459,3-hydroxyisobutyryl-CoA hydrolase,E3_1_2_4,,vv10280Valine_leucine_and_isoleucine_degradation,vv10410Beta-alanine_metabolism
122,VIT_09s0002g05570,1322,0.6452,ABC transporter g family pleiotropic drug resistance 12 PDR12,ABCGPDR12,,vv52010ABC_transporters,
123,VIT_06s0004g07240,1331,0.6405,UDP-glucoronosyl and UDP-glucosyl transferase,,,,
124,VIT_15s0046g00320,1322,0.6393,Myc2 bHLH protein,MYC2_2,,vv30011Jasmonate_signaling,vv34626Plant-pathogen_interaction
125,VIT_18s0001g10200<br>VIT_18s0001g10230,1323,0.6364,
126,VIT_17s0000g02210,1310,0.6310,Hsp70 interacting protein,,,,
127,VIT_02s0025g01560,1310,0.6301,UDP-glucose 4-epimerase GEPI48,E5_1_3_2,,vv10052Galactose_metabolism,vv10520Nucleotide_sugars_metabolism
128,VIT_18s0117g00550,1301,0.6291,Laccase,E1_10_3_2,,vv11000Single_reactions,vv50109Incompletely_characterized_transport_systems
129,VIT_18s0122g00690,1290,0.6256,Laccase,E1_10_3_2,,vv11000Single_reactions,vv50109Incompletely_characterized_transport_systems
130,VIT_01s0010g01130,1280,0.6226,6-phosphogluconate dehydrogenase,E1_1_1_44,,vv10030Pentose_phosphate,
131,VIT_09s0002g00510,1276,0.6203,Lipase GDSL 1,,,,
132,VIT_15s0021g01630,1269,0.6122,Ethylene responsive element binding factor 2,ERF2_1,,vv30008Ethylene_signaling,vv60003AP2_EREBP
133,VIT_10s0116g01450,1257,0.6067,Unknown,,,,
134,VIT_13s0067g00460,1242,0.6047,Cinnamyl alcohol dehydrogenase,E1_1_1_195,,vv10940Phenylpropanoid_biosynthesis,
135,VIT_07s0005g03220,1252,0.6037,Ethylene-responsive transcription factor ERF098,ERF098_1,VvERF098,vv30008Ethylene_signaling,vv60003AP2_EREBP
136,VIT_05s0077g01550,1238,0.6016,Pathogenesis protein 10.3 [Vitis quinquangularis],,,,
137,VIT_14s0108g00150,1237,0.5979,Calmodulin-binding region IQD28,IQD28,,,
138,VIT_12s0059g01080,1237,0.5961,Acid phosphatase/vanadium-dependent haloperoxidase,,,,
139,VIT_07s0151g00260,1227,0.5942,Quinone-oxidoreductase  Chloroplast,K03956,,vv10190Oxidative_phosphorylation,vv50134Primary_active_transporter_cat_D1
140,VIT_07s0104g01130,1225,0.5938,No hit,,,,
141,VIT_08s0007g05430,1224,0.5916,Pyruvate kinase,E2_7_1_40,,vv10010Glycolysis,vv10230Purine_metabolism
142,VIT_15s0048g00350,1198,0.5833,3-phosphoshikimate 1-carboxyvinyltransferase  chloroplast precursor,E2_5_1_19,,vv10400Phenylalanine_tyrosine_and_tryptophan_biosynthesis,
143,VIT_10s0042g00910,1195,0.5801,Stilbene synthase [Vitis pseudoreticulata],E2_3_1_95,,vv10940Phenylpropanoid_biosynthesis,
144,VIT_05s0094g00320,1195,0.5767,Chitinase  class IV [Vitis vinifera],E3_2_1_14,,vv10530Aminosugars_metabolism,
145,VIT_12s0028g00860,1192,0.5764,NAC domain-containing protein 42,NAC042_5,VvNAC36,vv60046NAC,
146,VIT_04s0044g00270,1179,0.5734,Monooxygenase (MO3),,,,
147,VIT_04s0023g01990,1181,0.5667,Nucleotidyltransferase,E2_7_7_x,,,
148,VIT_11s0037g00620,1171,0.5654,Receptor kinase TRKe,,,,
149,VIT_05s0020g03280,1158,0.5605,Copper amine oxidase,E1_4_3_4,,vv10220Urea_cycle_and_metabolism_of_amino_groups,vv10340Histidine_metabolism
150,VIT_05s0077g01600,1152,0.5581,Pathogenesis protein 10 [Vitis vinifera],,,,
151,VIT_09s0002g05530,1140,0.5502,ABC transporter g family pleiotropic drug resistance 12 PDR12,ABCGPDR12,,vv52010ABC_transporters,
152,VIT_01s0010g02010,1131,0.5477,Anionic peroxidase,E1_11_1_7,,vv10360Phenylalanine_metabolism,vv10680Methane_metabolism
153,VIT_17s0000g04370,1122,0.5418,Wall-associated kinase,,,,
154,VIT_06s0009g02600<br>VIT_06s0009g02630,1114,0.5410,
155,VIT_18s0001g05230,1117,0.5401,Valencene synthase,CSTPS1,,vv10900Terpenoid_biosynthesis,
156,VIT_18s0001g05410,1109,0.5337,No hit,,,,
157,VIT_09s0002g05810,1097,0.5292,Boron transporter-like protein 4,BOR4,,vv50124Porters_cat_30_to_64,
158,VIT_16s0100g00760,1091,0.5278,Stilbene synthase 2 [Vitis sp. cv. 'Norton'],E2_3_1_95,,vv10940Phenylpropanoid_biosynthesis,
159,VIT_16s0100g00960,1093,0.5257,Stilbene synthase [Vitis pseudoreticulata],E2_3_1_95,,vv10940Phenylpropanoid_biosynthesis,
160,VIT_06s0061g00120,1088,0.5248,Beta-1 3-glucanase [Vitis riparia],E3_2_1_6,,,
161,VIT_09s0002g06450,1080,0.5217,CYP81B2v1,,,,
162,VIT_08s0007g05350,1067,0.5185,Haloacid dehalogenase hydrolase,E3_1_3_18,,vv10630Glyoxylate_and_dicarboxylate_metabolism,
163,VIT_13s0019g00540,1078,0.5180,Ethylene-responsive protein,ERUNK_7,,vv30008Ethylene_signaling,vv60011BHLH
164,VIT_14s0068g01000,1066,0.5177,Unknown protein,,,,
165,VIT_18s0041g02010<br>VIT_18s0041g02050,1055,0.5099,
166,VIT_03s0088g00710,1054,0.5077,Pathogenesis-related protein 1 precursor (PRP 1),PRP1,,vv30011Jasmonate_signaling,vv34626Plant-pathogen_interaction
167,VIT_14s0030g01980,1048,0.5070,Auxin-induced protein PCNT115,AUXREG,,vv30003Auxin_signaling,
168,VIT_19s0027g00870,1042,0.5058,NAC domain-containing protein 42,NAC042_3,VvNAC30,vv60046NAC,
169,VIT_14s0108g00930,1034,0.5007,Unknown protein,,,,
170,VIT_16s0050g00430,1030,0.4990,Photoassimilate-responsive protein PAR-1a,,,,
171,VIT_15s0048g01080,1030,0.4961,Unknown,,,,
172,VIT_05s0049g00490,1027,0.4957,Ethylene response factor ERF14,ERF14_2,VvERF109,vv30008Ethylene_signaling,vv60003AP2_EREBP
173,VIT_14s0060g00110,1021,0.4909,Glutamyl-tRNA synthetase  cytoplasmic,E6_1_1_17,,vv10860Porphyrin_and_chlorophyll_metabolism,vv20970Aminoacyl-tRNA_biosynthesis
174,VIT_07s0205g00180,1008,0.4865,Basic helix-loop-helix (bHLH) family,BHLHDOM_30,,vv60011BHLH,
175,VIT_09s0002g02950,1006,0.4851,No hit,,,,
176,VIT_19s0014g02340,985,0.4770,Protein phosphatase 2C,E3_1_3_16,,,
177,VIT_18s0001g00920<br>VIT_18s0075g00590<br>VIT_18s0001g00850<br>VIT_18s0075g00780<br>VIT_18s0001g00790<br>VIT_18s0001g00730<br>VIT_18s0001g00310<br>VIT_18s0075g00620<br>VIT_18s0075g00540<br>VIT_18s0075g00600<br>VIT_18s0075g00580<br>VIT_00s0481g00020<br>VIT_18s0001g00930,968,0.4699,
178,VIT_14s0083g00920,968,0.4692,No hit,,,,
179,VIT_15s0046g00170,969,0.4672,MYBPA1 protein [Vitis vinifera],MYBPA1,MYBPA1,vv60044MYB,
180,VIT_08s0007g08750,961,0.4667,Heat shock transcription factor B3,HSFB3,,vv60037HSF,
181,VIT_01s0011g05440,960,0.4667,Unknown protein,,,,
182,VIT_17s0000g02220,948,0.4606,No hit,,,,
183,VIT_05s0049g01200,945,0.4587,S-locus lectin protein kinase,,,,
184,VIT_10s0003g00880,937,0.4551,Nudix hydrolase 15,,,,
185,VIT_12s0028g01400,944,0.4515,DNA-directed RNA polymerase II subunit D,K03012,,vv23020RNA_polymerase,
186,VIT_08s0032g00240,930,0.4501,CYP71A22,E1_14_13_73,,vv10902Monoterpenoid_biosynthesis,
187,VIT_16s0050g00480,930,0.4499,CYP715A1,,,,
188,VIT_10s0042g00840,917,0.4434,Stilbene synthase [Vitis pseudoreticulata],E2_3_1_95,,vv10940Phenylpropanoid_biosynthesis,
189,VIT_09s0002g04720,912,0.4399,Coatomer protein complex  subunit beta 2,COPB2,,vv50110Protein_coat,
190,VIT_14s0066g01670,907,0.4392,Alpha-dioxygenase,K10529,,vv10592alpha-Linolenic_acid_metabolism,
191,VIT_00s0194g00120,901,0.4323,Serine acetyltransferase,E2_3_1_30,,vv10272Cysteine_metabolism,vv10920Sulfur_metabolism
192,VIT_18s0117g00300,893,0.4306,Coatomer protein complex  subunit beta 2,COPB2,,vv50110Protein_coat,
193,VIT_08s0105g00200,880,0.4266,U-box domain-containing protein,,,,
194,VIT_17s0000g04380,880,0.4243,Wall-associated kinase 1 (WAK1),,,,
195,VIT_06s0004g01000,876,0.4222,Dirigent protein,,,,
196,VIT_17s0000g06710,865,0.4205,Leucine-rich repeat transmembrane protein kinase,,,,
197,VIT_09s0054g01080,865,0.4197,Polygalacturonase QRT3,E3_2_1_15,,vv40006Cell_wall,
198,VIT_13s0019g03930,865,0.4187,No hit,,,,
199,VIT_14s0060g02750<br>VIT_14s0128g00970<br>VIT_14s0128g00990<br>VIT_14s0128g00980<br>VIT_14s0128g01010<br>VIT_14s0128g01030<br>VIT_14s0128g01020<br>VIT_14s0128g01040,860,0.4173,
200,VIT_09s0002g06440,854,0.4128,CYP81B2v2,,,,
201,VIT_06s0009g02590,840,0.4066,Pectinesterase family,E3_1_1_11,,vv40006Cell_wall,
202,VIT_06s0004g00020,844,0.4048,NAC domain containing protein 32,NAC032,VvNAC44,vv60046NAC,
203,VIT_17s0000g03150,830,0.4037,No hit,,,,
204,VIT_11s0016g03190,841,0.4026,Unknown,,,,
205,VIT_12s0055g01240,830,0.4025,P-glycoprotein 11,PGP11,,vv52010ABC_transporters,
206,VIT_14s0060g02170,826,0.4002,Glutathione S-transferase GSTU8,E2_5_1_18_GSTU8,,vv10480Glutathione_metabolism,
207,VIT_17s0053g00120,826,0.3967,Succinyl-CoA ligase alpha 2 subunit,E6_2_1_4,,vv10020Citrate_cycle,
208,VIT_18s0001g04860,816,0.3933,Aspartate transaminase.,E2_6_1_1,vv10710Carbon_fixation,vv10252Alanine_and_aspartate_metabolism,vv10272Cysteine_metabolism
209,VIT_11s0016g01860,811,0.3918,RPS2 (resistant to p. syringae 2),K13459,,vv34626Plant-pathogen_interaction,
210,VIT_15s0021g01260,796,0.3860,Unknown,,,,
211,VIT_05s0077g01570,799,0.3854,Pathogenesis protein 10 [Vitis vinifera],,,,
212,VIT_07s0129g00410,795,0.3837,Casein kinase II alpha chain 2,K03097,,vv23008Ribosome_biogenesis_in_Eukaryotes,vv34710Circadian_rhythm
213,VIT_01s0010g02020,791,0.3823,Peroxidase (EC 1.11.1.7)  anionic,E1_11_1_7,,vv10360Phenylalanine_metabolism,vv10680Methane_metabolism
214,VIT_01s0010g01970<br>VIT_01s0010g01980,782,0.3805,
215,VIT_07s0005g02560,787,0.3802,Chitinase Class I,E3_2_1_14,,vv10530Aminosugars_metabolism,
216,VIT_00s2648g00010,780,0.3788,FAD-dependent pyridine nucleotide-disulphide oxidoreductase,,,,
217,VIT_09s0002g00340,771,0.3725,Alanine aminotransferase 2,E2_6_1_21,,vv10330Arginine_and_proline_metabolism,vv10360Phenylalanine_metabolism
218,VIT_00s0437g00060,765,0.3712,Receptor kinase RK20-1,,,,
219,VIT_12s0028g02530,766,0.3706,Zinc finger (C3HC4-type ring finger),ZFC3HC4_36,,vv60078Other_zf-C3HC4,
220,VIT_03s0017g02120,761,0.3703,UDP-glucose flavonoid 3-O-glucosyltransferase 2,E2_4_1_91,,vv10941Flavonoid_biosynthesis,
221,VIT_18s0001g00650,765,0.3694,No hit,,,,
222,VIT_10s0003g02280,756,0.3688,SRG1 (senescence-related gene 1) oxidoreductase,,,,
223,VIT_05s0020g03680,754,0.3680,GCN5 N-acetyltransferase (GNAT),GCN5_7,,vv60082GNAT,
224,VIT_18s0122g01150,761,0.3675,Diphenol oxidase,E1_10_3_1,,vv10350Tyrosine_metabolism,vv50109Incompletely_characterized_transport_systems
225,VIT_09s0002g01320,740,0.3606,Germin-like protein,,,,
226,VIT_18s0117g00290,738,0.3574,Coatomer protein complex  subunit beta 2,COPB2,,vv50110Protein_coat,
227,VIT_17s0000g00680,732,0.3552,No hit,,,,
228,VIT_17s0000g04850,732,0.3545,OBF binding protein 4,OBP4,,vv60015C2C2-DOF,
229,VIT_08s0056g00300,732,0.3538,Unknown,,,,
230,VIT_05s0020g03290,726,0.3514,S-receptor kinase,,,,
231,VIT_04s0023g01980<br>VIT_04s0043g00820,726,0.3507,
232,VIT_09s0002g05390,721,0.3507,ABC transporter g family pleiotropic drug resistance 12 PDR12,ABCGPDR12,,vv52010ABC_transporters,
233,VIT_07s0031g03060,721,0.3495,NSL1 (necrotic spotted lesions 1),,,,
234,VIT_04s0043g00250,727,0.3494,Nonsense-mediated mRNA decay NMD3,K07562,,vv23008Ribosome_biogenesis_in_Eukaryotes,vv23013RNA_transport
235,VIT_12s0057g00570,725,0.3492,Zinc finger (CCCH-type) family protein,CCCHFAM_30,,vv60018C3H,
236,VIT_09s0002g02580,726,0.3477,No hit,,,,
237,VIT_07s0005g03340,721,0.3473,Myb domain protein 14,MYB14_2,MYB14,vv60044MYB,
238,VIT_14s0006g00350,710,0.3438,Glutamine synthetase cytosolic isozyme 2,E6_3_1_2,,vv10251Glutamate_metabolism,vv10550Peptidoglycan_biosynthesis
239,VIT_12s0059g02620,711,0.3433,Receptor protein kinase RK20-1,,,,
240,VIT_17s0000g02150,711,0.3433,Ribosomal protein L19,K02884,,vv23010Ribosome,
241,VIT_06s0004g01990,711,0.3428,No hit,,,,
242,VIT_13s0019g04190,711,0.3425,Chorismate synthase 1  chloroplast precursor,E4_2_3_5,,vv10400Phenylalanine_tyrosine_and_tryptophan_biosynthesis,
243,VIT_02s0033g00270,708,0.3412,Pinoresinol-lariciresinol reductase,PLR,,vv10940Phenylpropanoid_biosynthesis,
244,VIT_12s0028g01820,703,0.3394,Aspartate transaminase  mitochondrial,E2_6_1_1,vv10710Carbon_fixation,vv10252Alanine_and_aspartate_metabolism,vv10272Cysteine_metabolism
245,VIT_17s0000g04230,703,0.3391,Translation initiation factor eIF-2B delta subunit,K03680,,vv23013RNA_transport,
246,VIT_15s0021g02470,692,0.3359,Epoxide hydrolase-like protein,E3_3_2_10,,,
247,VIT_06s0009g00760,691,0.3358,HcrVf1 protein,,,,
248,VIT_01s0010g02000,696,0.3343,Peroxidase,E1_11_1_7,,vv10360Phenylalanine_metabolism,vv10680Methane_metabolism
249,VIT_11s0016g01470,688,0.3341,Lecithine cholesterol acyltransferase,E2_3_1_43,,vv10564Glycerophospholipid_metabolism,
250,VIT_19s0093g00390,689,0.3314,Glutathione S-transferase 25 GSTU25,E2_5_1_18_GSTU25,,vv10480Glutathione_metabolism,
251,VIT_14s0060g02710,682,0.3301,Germin,,,,
252,VIT_03s0091g00160,680,0.3296,NtPRp27 secretory protein,,,,
253,VIT_09s0054g00910,673,0.3265,Chaperone BCS1 mitochondrial,K08900,,,
254,VIT_18s0001g01100,653,0.3173,KOW domain-containing factor family protein,KOWDOM,,,
255,VIT_08s0007g05650,656,0.3172,Unknown protein,,,,
256,VIT_09s0002g03640,656,0.3164,ABC transporter g family pleiotropic drug resistance 7 PDR7,ABCGPDR7,,vv52010ABC_transporters,
257,VIT_14s0068g01270,653,0.3159,No hit,,,,
258,VIT_18s0001g05000<br>VIT_18s0001g04780<br>VIT_18s0001g04120,652,0.3154,
259,VIT_18s0001g05280,650,0.3136,No hit,,,,
260,VIT_18s0041g02260<br>VIT_18s0041g02060,651,0.3133,
261,VIT_08s0040g03040,646,0.3118,Glutathione S-transferase GSTO1,E2_5_1_18_GSTO1,,vv10480Glutathione_metabolism,
262,VIT_03s0063g01280<br>VIT_03s0063g01160,636,0.3064,
263,VIT_16s0050g02570,633,0.3061,Protein phosphatase 2C,E3_1_3_16,,,
264,VIT_09s0002g02570,627,0.3038,No hit,,,,
265,VIT_12s0059g01380,624,0.3020,1-aminocyclopropane-1-carboxylate oxidase 1,E1_14_17_4,,vv10640Propanoate_metabolism,vv30008Ethylene_signaling
266,VIT_08s0007g03890,618,0.2997,Brix domain-containing protein,,,,
267,VIT_18s0001g04480,620,0.2994,Germacrene-D synthase,E4_2_3_22,,vv10900Terpenoid_biosynthesis,
268,VIT_16s0050g00400,610,0.2943,Photoassimilate-responsive protein PAR-1a,,,,
269,VIT_00s1212g00020,608,0.2927,Laccase,E1_10_3_2,,vv11000Single_reactions,vv50109Incompletely_characterized_transport_systems
270,VIT_14s0068g02240,606,0.2906,HcrVf1 protein,K13466,,vv34626Plant-pathogen_interaction,
271,VIT_18s0001g09550,601,0.2906,Receptor kinase TRKe,,,,
272,VIT_01s0011g03530,597,0.2895,Lateral organ boundaries protein 41,LBD41_4,,vv60007AS2,
273,VIT_18s0001g15130,593,0.2856,WD40 repeat protein,,,,
274,VIT_05s0102g00200,593,0.2851,Unknown protein,,,,
275,VIT_18s0001g01850,589,0.2843,Amino acid permease,AAPREL,,vv50123Porters_cat_18_to_29,
276,VIT_06s0004g00610,589,0.2837,Accelerated cell death 1 ACD1,ACD1,,vv50133Primary_active_transporter_cat_A9_to_A18,
277,VIT_14s0108g00540,586,0.2835,Phosphofructokinase,E2_7_1_90,,vv10051Fructose_and_mannose_metabolism,
278,VIT_18s0001g05780,583,0.2816,Leucine-rich repeat family protein,,,,
279,VIT_00s0194g00140,578,0.2791,Agenet domain-containing protein,,,,
280,VIT_08s0040g02230,579,0.2785,Unknown protein,,,,
281,VIT_18s0001g02760,572,0.2773,Lipase GDSL,,,,
282,VIT_19s0014g03640,575,0.2771,Myosin VII,K10359,,vv44810Regulation_of_actin_cytoskeleton,
283,VIT_05s0062g00990,571,0.2749,Aldo/keto reductase AKR,E1_1_1_21,,vv10040Pentose_glucuronate_interconversion,vv10051Fructose_and_mannose_metabolism
284,VIT_07s0005g03710,562,0.2729,Casein Kinase I-like 10,K02218,,vv23008Ribosome_biogenesis_in_Eukaryotes,
285,VIT_11s0016g03320,552,0.2658,Oligosaccharyl transferase STT3 subunit,K07151,,vv10510N-Glycan_biosynthesis,vv24141Protein_processing_in_endoplasmic_reticulum
286,VIT_15s0048g01530,548,0.2623,Geraniol 10-hydroxylase,G10H,,vv10902Monoterpenoid_biosynthesis,
287,VIT_18s0001g10240,545,0.2623,N-hydroxycinnamoyl/benzoyltransferase 6,,,,
288,VIT_14s0128g00520,534,0.2593,Alpha-L-fucosidase 2 precursor,E3_2_1_51,,vv10511N-Glycan_degradation,
289,VIT_17s0000g10260,530,0.2554,AarF domain containing kinase,K08869,,,
290,VIT_03s0091g00150,525,0.2526,NtPRp27 secretory protein,,,,
291,VIT_13s0019g04060,519,0.2505,MLO1,K08472,,,
292,VIT_14s0128g00540<br>VIT_14s0128g00570<br>VIT_14s0128g00600,517,0.2492,
293,VIT_06s0009g02020,513,0.2482,Tubulin beta-4 chain,K07375,,vv44145Phagosome,vv44810Regulation_of_actin_cytoskeleton
294,VIT_19s0014g04240,510,0.2466,S-locus protein kinase,,,,
295,VIT_00s0271g00110,502,0.2432,flavodoxin-like quinone reductase 1,FQR1,,vv30003Auxin_signaling,
296,VIT_05s0077g01560,502,0.2429,Pathogenesis protein 10.3 [Vitis quinquangularis],,,,
297,VIT_01s0010g02450,505,0.2422,B12D,,,,
298,VIT_00s1386g00010,502,0.2418,F-box family protein,,,,
299,VIT_06s0061g00100,500,0.2406,Glucan endo-1 3-beta-glucosidase  acidic isoform precursor,E3_2_1_39,,vv10500Starch_and_sucrose_metabolism,
300,VIT_13s0019g01700,487,0.2369,Scarecrow transcription factor 14 (SCL14),SCL14_1,,vv60032GRAS,
301,VIT_12s0028g00610,489,0.2368,Aspartyl protease,E3_4_23_x,,,
302,VIT_01s0010g01950,488,0.2365,Anionic peroxidase,E1_11_1_7,,vv10360Phenylalanine_metabolism,vv10680Methane_metabolism
303,VIT_15s0045g01200,487,0.2358,Avr9/Cf-9 rapidly elicited protein,,,,
304,VIT_01s0127g00070,487,0.2352,Nitrate transporter2.5,NRT2_5,,vv50121Porters_cat_1_to_6,
305,VIT_02s0154g00160,485,0.2338,flavin-containing monooxygenase family protein / FMO family protein,E1_14_13_8,,vv11000Single_reactions,
306,VIT_17s0000g04540,476,0.2282,Enolase,E4_2_1_11,,vv10010Glycolysis,
307,VIT_07s0031g00460,472,0.2264,Nicotinate phosphoribosyltransferase,E2_4_2_11,,vv10760Nicotinate_and_nicotinamide_metabolism,
308,VIT_07s0005g00720,458,0.2228,Pectinesterase family,E3_1_1_11,,vv40006Cell_wall,
309,VIT_12s0142g00570,458,0.2218,R protein disease resistance protein,RPROT,,vv34627R_proteins_from_Plant-pathogen_interaction,
310,VIT_19s0090g00060,458,0.2201,Biopterin transport-related protein BT1,BIOPTERIN,,vv50125Porters_cat_66_to_94,
311,VIT_04s0008g02070,455,0.2194,Avr9/Cf-9 induced kinase 1,,,,
312,VIT_18s0001g03860,454,0.2191,Unknown protein,,,,
313,VIT_00s0410g00040,438,0.2121,Anthranilate N-benzoyltransferase protein 1,E2_3_1_144,,vv10400Phenylalanine_tyrosine_and_tryptophan_biosynthesis,
314,VIT_11s0016g05460,437,0.2101,BRI1-KD interacting protein,BRI1INT,,vv30005Brassinosteroids_signaling,
315,VIT_02s0236g00120,426,0.2067,Unknown,,,,
316,VIT_15s0048g00620,425,0.2061,No hit,,,,
317,VIT_06s0004g02980,422,0.2044,Kelch repeat-containing F-box protein,,,,
318,VIT_18s0076g00200,421,0.2040,DELLA protein RGL2 (RGA-like protein 2),RGL2_1,,vv30010Gibberellin_signaling,vv60032GRAS
319,VIT_15s0021g00730,418,0.2021,No hit,,,,
320,VIT_16s0039g01870,416,0.2019,Protein kinase,,,,
321,VIT_08s0040g00920,414,0.2018,Glutathione S-transferase 25 GSTU7,E2_5_1_18_GSTU7,,vv10480Glutathione_metabolism,
322,VIT_07s0005g04040,415,0.2013,Leucine Rich Repeat receptor-like kinase,,,,
323,VIT_12s0059g02590,411,0.1998,Receptor protein kinase RK20-1,,,,
324,VIT_13s0019g05360,408,0.1976,KH domain-containing protein NOVA,,,,
325,VIT_18s0001g08970,408,0.1965,No hit,,,,
326,VIT_18s0001g01960,403,0.1962,RKF3 (receptor-like kinase IN in flowers 3),,,,
327,VIT_18s0117g00080,404,0.1961,R protein L6,K13477,,vv34627R_proteins_from_Plant-pathogen_interaction,
328,VIT_02s0025g01080,403,0.1950,No hit,,,,
329,VIT_18s0001g04110,401,0.1935,(-)-germacrene D synthase,E4_2_3_22,,vv10900Terpenoid_biosynthesis,
330,VIT_00s0567g00040,395,0.1899,Patatin,,,,
331,VIT_11s0037g01300,390,0.1897,No hit,,,,
332,VIT_00s0301g00090,389,0.1880,NDA2 (alternative NAD(P)H dehydrogenase 2),K03885,,vv10190Oxidative_phosphorylation,vv50134Primary_active_transporter_cat_D1
333,VIT_13s0019g02410,387,0.1879,Serine/threonine protein phosphatase PP1,K06269,,vv10500Starch_and_sucrose_metabolism,
334,VIT_15s0048g01390,386,0.1873,Gibberellin receptor GID1L3,GID1C,,vv30010Gibberellin_signaling,
335,VIT_06s0061g01160,388,0.1871,Unknown protein,,,,
336,VIT_08s0007g00610,386,0.1867,Unknown,,,,
337,VIT_10s0116g01850,388,0.1864,Unknown protein,,,,
338,VIT_08s0007g05490,386,0.1863,Pyruvate kinase,E2_7_1_40,,vv10010Glycolysis,vv10230Purine_metabolism
339,VIT_08s0007g08580,385,0.1863,AP2-like ethylene-responsive transcription factor,AP2_2,,vv30008Ethylene_signaling,vv60003AP2_EREBP
340,VIT_00s0265g00110,383,0.1859,Lectin-receptor like protein kinase 3,,,,
341,VIT_19s0014g01020,380,0.1836,Protein transport protein Sec61 subunit alpha,K10956,,vv23060Protein_export,vv24141Protein_processing_in_endoplasmic_reticulum
342,VIT_03s0017g02110,377,0.1823,Anthocyanidin 3-O-glucosyltransferase,E2_4_1_115,,vv10942Anthocyanin_biosynthesis,
343,VIT_18s0001g07870,377,0.1822,Unknown protein,,,,
344,VIT_01s0026g01140,376,0.1822,ZCW32 (BIGPETAL  BIGPETALUB),ZCW32_2,,vv60011BHLH,
345,VIT_18s0117g00050,373,0.1811,R protein L6,K13477,,vv34627R_proteins_from_Plant-pathogen_interaction,
346,VIT_02s0033g00700,373,0.1801,Nitrilase,E3_5_5_1,,vv10460Cyanoamino_acid_metabolism,vv10910Nitrogen_metabolism
347,VIT_08s0105g00450,369,0.1794,Transducin protein,,,,
348,VIT_02s0025g02170,372,0.1793,Trehalase precursor,E2_4_1_15,,vv10500Starch_and_sucrose_metabolism,
349,VIT_04s0008g00710,364,0.1763,Unknown,,,,
350,VIT_01s0011g00380,365,0.1760,SP1L1 (SPIRAL1-like1),,,,
351,VIT_00s0187g00260,365,0.1754,Alcohol O-fatty-acyltransferase long-chain-,E2_3_1_75,,vv11000Single_reactions,
352,VIT_05s0077g01680,363,0.1752,Mal d 1 allergen,,,,
353,VIT_17s0000g07780,361,0.1741,Calmodulin-binding protein,K02183,,vv34020Calcium_signaling_pathway,vv34626Plant-pathogen_interaction
354,VIT_10s0042g00880,357,0.1731,Stilbene synthase [Vitis pseudoreticulata],E2_3_1_95,,vv10940Phenylpropanoid_biosynthesis,
355,VIT_02s0025g03390,355,0.1722,Aquaporin TMP-C,TMPC,,vv50101Channels_and_pores,
356,VIT_04s0069g01010,357,0.1717,Harpin-induced protein,,,,
357,VIT_15s0048g00360,350,0.1697,5-enolpyruvylshikimate 3-phosphate synthase,E2_5_1_19,,vv10400Phenylalanine_tyrosine_and_tryptophan_biosynthesis,
358,VIT_08s0032g00950,350,0.1679,Unknown protein,,,,
359,VIT_01s0010g02770,347,0.1676,Adenylate kinase-b,E2_7_4_3,,vv10230Purine_metabolism,
360,VIT_11s0016g03960,335,0.1621,Kinesin family member 2/24,K10393,,vv44810Regulation_of_actin_cytoskeleton,
361,VIT_06s0009g02570,325,0.1575,Pectinesterase family,E3_1_1_11,,vv40006Cell_wall,
362,VIT_19s0014g02130,322,0.1562,No hit,,,,
363,VIT_11s0037g01270,319,0.1543,R protein disease resistance protein,RPROT,,vv34627R_proteins_from_Plant-pathogen_interaction,
364,VIT_00s0270g00120,318,0.1535,Alpha-amylase/subtilisin inhibitor,E3_2_1_1,,vv10500Starch_and_sucrose_metabolism,
365,VIT_09s0002g01600,313,0.1503,PHD finger protein alfin,ALFINDOM8,,vv60002Alfin-like,
366,VIT_18s0166g00070,308,0.1491,No hit,,,,
367,VIT_06s0004g08180,307,0.1486,Translation initiation factor eIF-2 beta subunit,K03238,,vv23013RNA_transport,
368,VIT_07s0031g00960,303,0.1463,Aspartate aminotransferase,E2_6_1_1,vv10710Carbon_fixation,vv10252Alanine_and_aspartate_metabolism,vv10272Cysteine_metabolism
369,VIT_10s0003g04770,302,0.1458,Leucine-rich repeat transmembrane protein kinase,,,,
370,VIT_02s0025g04870,300,0.1450,No hit,,,,
371,VIT_12s0028g03260,299,0.1441,Rooty/superroot1,K11819,,vv10966Glucosinolate_biosynthesis,
372,VIT_01s0137g00680,298,0.1434,No hit,,,,
373,VIT_18s0001g13230,295,0.1427,Beta-galactosidase BG1 [Vitis vinifera],E3_2_1_23,,vv10052Galactose_metabolism,vv10511N-Glycan_degradation
374,VIT_10s0003g01160,296,0.1425,Basic helix-loop-helix (bHLH) family,BHLHDOM_23,,vv60011BHLH,
375,VIT_11s0052g00340,291,0.1409,Protein kinase Xa21,,,,
376,VIT_01s0010g03600,290,0.1402,Rubber elongation factor (REF),,,,
377,VIT_00s0262g00080,288,0.1398,Receptor kinase RK20-1,,,,
378,VIT_14s0030g00030,288,0.1393,Glutathione synthetase  chloroplast precursor,E6_3_2_3,,vv10251Glutamate_metabolism,vv10480Glutathione_metabolism
379,VIT_08s0058g00790,289,0.1385,Secoisolariciresinol dehydrogenase,SIRD,,vv10940Phenylpropanoid_biosynthesis,
380,VIT_11s0016g00530,284,0.1369,Adrenodoxin ferredoxin 2,K04755,,,
381,VIT_15s0046g03310,283,0.1368,Unknown protein,,,,
382,VIT_14s0036g01380,281,0.1356,PHR1 (phosphate starvation response 1),PHR1_2,,vv60029G2-like,
383,VIT_14s0060g02760,280,0.1351,Germin-like protein 3 [Vitis vinifera],,,,
384,VIT_12s0059g01120,276,0.1346,CAF protein,,,,
385,VIT_09s0054g00380,275,0.1325,Unknown protein,,,,
386,VIT_05s0062g01190,275,0.1322,Pirin,,,,
387,VIT_11s0016g01970,272,0.1313,Calmodulin-binding region IQD6,,,,
388,VIT_18s0001g15660,269,0.1298,Pathogen-related,,,,
389,VIT_17s0000g01110,258,0.1250,ATFP3 (Arabidopsis thaliana farnesylated protein 3,VVFP3,,,
390,VIT_08s0040g02090,257,0.1240,DnaJ homolog  subfamily C  member 3,K09523,,vv50132Primary_active_transporter_cat_A5_to_A8,
391,VIT_04s0023g03820,256,0.1231,3-dehydroquinate synthase,E4_2_3_4,,vv10400Phenylalanine_tyrosine_and_tryptophan_biosynthesis,
392,VIT_17s0000g06590,252,0.1220,Galactosyl transferase GMA12/MNN10,K05531,,vv11030Glycan_structures-biosynthesis1,
393,VIT_04s0023g00490,251,0.1218,Auxin responsive SAUR protein,SAUR,,vv30003Auxin_signaling,
394,VIT_04s0008g00640,249,0.1201,Epsin N-terminal homology (ENTH) domain-containing,ENTH,,vv50110Protein_coat,
395,VIT_16s0013g00970,249,0.1198,Ethylene responsive element binding factor 5,ERF5_5,VvERF081,vv30008Ethylene_signaling,vv60003AP2_EREBP
396,VIT_10s0003g01920,247,0.1194,RKF1 (receptor-like kinase in flowers 1),,,,
397,VIT_17s0000g01650,246,0.1190,Cyclopropyl isomerase,E5_5_1_9,,vv10100Biosynthesis_of_steroids,
398,VIT_18s0001g00420,247,0.1179,Laccase,E1_10_3_2,,vv11000Single_reactions,vv50109Incompletely_characterized_transport_systems
399,VIT_00s0262g00090,243,0.1164,Receptor kinase RK20-1,,,,
400,VIT_10s0003g04180,240,0.1159,Early-responsive to dehydration stress protein (ERD4),,,,
401,VIT_11s0016g03350,238,0.1150,AP2/EREBP transcription factor TINY2,TINY2_3,,vv30008Ethylene_signaling,vv60003AP2_EREBP
402,VIT_16s0098g01830,239,0.1146,Transcription factor jumonji (jmjC) domain-containing protein,JMJD1B_3,,vv60038Jumonji,
403,VIT_16s0039g01070,237,0.1145,Glutathione S-transferase 25 GSTU7,E2_5_1_18_GSTU7,,vv10480Glutathione_metabolism,
404,VIT_03s0132g00070,236,0.1142,ATHVA22A (Arabidopsis thaliana HVA22 homologue A),HVA22A,,vv30001ABA_signaling,
405,VIT_13s0019g03600,234,0.1126,Nuclear transcription factor Y subunit B-8,NFYB8,,vv60021CCAAT,
406,VIT_18s0001g04490,229,0.1107,Germacrene-D synthase,E4_2_3_22,,vv10900Terpenoid_biosynthesis,
407,VIT_19s0014g04280,225,0.1093,S-locus protein kinase,,,,
408,VIT_08s0040g01710,227,0.1091,Phenylalanine ammonia-lyase,E4_3_1_5,,vv10350Tyrosine_metabolism,vv10360Phenylalanine_metabolism
409,VIT_01s0011g04210,212,0.1026,Amino acid permease,AAPREL,,vv50123Porters_cat_18_to_29,
410,VIT_16s0039g02150,211,0.1020,Unknown,,,,
411,VIT_04s0008g05570,211,0.1011,UDP-glucuronic acid/UDP-N-acetylgalactosamine transporter,UDPGLUCUTR,,vv50122Porters_cat_7_to_17,
412,VIT_14s0219g00290,209,0.1010,Esterase/lipase/thioesterase,,,,
413,VIT_17s0000g08100,203,0.0979,UDP-glucoronosyl and UDP-glucosyl transferase,,,,
414,VIT_17s0000g05360,201,0.0972,Germin,,,,
415,VIT_13s0067g01700,200,0.0967,Steroid 5alpha-reductase,K09591,,vv10905Brassinosteroid_biosynthesis,
416,VIT_05s0077g01090,200,0.0967,RKF2 (receptor-like serine/threonine kinase 2),,,,
417,VIT_06s0004g00120,198,0.0959,Zinc finger (C3HC4-type ring finger),ZFC3HC4_41,,vv60078Other_zf-C3HC4,
418,VIT_03s0088g00750,198,0.0952,Pathogenesis related protein 1 precursor [Vitis vinifera],PRP1,,vv30011Jasmonate_signaling,vv34626Plant-pathogen_interaction
419,VIT_12s0028g02970,192,0.0929,MLO1,K08472,,,
420,VIT_02s0154g00370,191,0.0921,YbaK/prolyl-tRNA synthetase associated region,E6_1_1_15,,vv10330Arginine_and_proline_metabolism,vv20970Aminoacyl-tRNA_biosynthesis
421,VIT_05s0094g00200,191,0.0920,Chitinase class IV,E3_2_1_14,,vv10530Aminosugars_metabolism,
422,VIT_05s0020g03090,189,0.0909,Chloride channel protein (CLC-d),K05393_CLCD,,vv50124Porters_cat_30_to_64,
423,VIT_18s0001g14420,187,0.0906,Unknown,,,,
424,VIT_09s0002g01800,188,0.0906,Dihydrolipoamide S-acetyltransferase,E2_3_1_12,,vv10010Glycolysis,vv10252Alanine_and_aspartate_metabolism
425,VIT_14s0006g00430,187,0.0903,Carboxylesterase,E3_1_1_1,,,
426,VIT_08s0040g02210,186,0.0903,Lectin protein kinase,,,,
427,VIT_19s0014g01720,187,0.0902,Sodium/calcium exchanger family protein,NACAEX,,vv50123Porters_cat_18_to_29,
428,VIT_01s0011g02380,186,0.0900,Unknown,,,,
429,VIT_06s0004g00130,186,0.0896,Pyruvate kinase,E2_7_1_40,,vv10010Glycolysis,vv10230Purine_metabolism
430,VIT_06s0004g00280,184,0.0894,Ent-kaurenoic acid 13-hydroxylase,E1_14_13_79,,vv10904Diterpenoid_biosynthesis,
431,VIT_09s0002g03800,183,0.0882,RPS5 (resistant to p. syringae 5),K13460,,vv34627R_proteins_from_Plant-pathogen_interaction,
432,VIT_00s0421g00020,180,0.0874,Hcr2-5B,,,,
433,VIT_07s0031g01130,181,0.0874,Ascorbate oxidase,E1_10_3_3,,vv10053Ascorbate_and_aldarate_metabolism,vv50109Incompletely_characterized_transport_systems
434,VIT_16s0050g02510,178,0.0868,WRKY DNA-binding protein 53,WRKY53_1,VvWRKY51,vv60066WRKY,
435,VIT_05s0062g01320,173,0.0832,Chitinase,E3_2_1_14,,vv10530Aminosugars_metabolism,
436,VIT_06s0004g00760,172,0.0826,Leucoanthocyanidin dioxygenase-like protein,E1_14_11_19,,vv10941Flavonoid_biosynthesis,
437,VIT_00s2705g00010,169,0.0816,Unknown,,,,
438,VIT_19s0015g00180,168,0.0812,Unknown protein,,,,
439,VIT_18s0001g05240,166,0.0803,(-)-germacrene D synthase,E4_2_3_22,,vv10900Terpenoid_biosynthesis,
440,VIT_05s0020g03260,165,0.0803,Copper amine oxidase,E1_4_3_6,,vv10220Urea_cycle_and_metabolism_of_amino_groups,vv10340Histidine_metabolism
441,VIT_16s0039g02930,166,0.0802,Unknown,,,,
442,VIT_05s0094g01230,165,0.0801,Allyl alcohol dehydrogenase,,,,
443,VIT_00s1274g00010,165,0.0798,Phosphosulfolactate synthase protein,E4_4_1_19,,vv10010Glycolysis,
444,VIT_10s0116g01090,164,0.0796,Stigma-specific Stig1,,,,
445,VIT_00s0480g00030,163,0.0785,Polyphenol oxidase,E1_10_3_1,,vv10350Tyrosine_metabolism,vv50109Incompletely_characterized_transport_systems
446,VIT_14s0081g00640,161,0.0781,Aspartate aminotransferase,E2_6_1_1,vv10710Carbon_fixation,vv10252Alanine_and_aspartate_metabolism,vv10272Cysteine_metabolism
447,VIT_02s0025g04310,162,0.0781,Thaumatin,,,,
448,VIT_02s0012g01610,159,0.0768,Beta-1 3-glucanase precursor,E3_2_1_6,,,
449,VIT_13s0106g00780,157,0.0763,Hydrolase  alpha/beta fold,,,,
450,VIT_02s0012g02370,155,0.0750,Geraniol 10-hydroxylase,G10H,,vv10902Monoterpenoid_biosynthesis,
451,VIT_04s0008g06830,153,0.0744,Biopterin transport-related protein BT1,BIOPTERIN,,vv50125Porters_cat_66_to_94,
452,VIT_00s0391g00070,150,0.0727,3-deoxy-D-arabino-heptulosonate 7-phosphate synthase,E2_5_1_54,,vv10400Phenylalanine_tyrosine_and_tryptophan_biosynthesis,
453,VIT_18s0001g11120,148,0.0717,Ternary complex factor MIP1,,,,
454,VIT_00s0174g00270,147,0.0710,D-isomer specific 2-hydroxyacid dehydrogenase  NAD-binding,E1_1_1_272,,vv10272Cysteine_metabolism,
455,VIT_13s0064g01470,145,0.0702,Urophorphyrin III methylase,E2_1_1_107,,vv10860Porphyrin_and_chlorophyll_metabolism,
456,VIT_07s0005g04020,145,0.0698,Leucine Rich Repeat receptor-like kinase,,,,
457,VIT_03s0088g00720,145,0.0695,Pathogenesis-related protein 1 precursor (PRP 1),PRP1,,vv30011Jasmonate_signaling,vv34626Plant-pathogen_interaction
458,VIT_02s0012g01570,142,0.0687,Cinnamoyl-CoA reductase,E1_2_1_44,,vv10940Phenylpropanoid_biosynthesis,
459,VIT_18s0001g05430,139,0.0671,(+)-delta-cadinene synthase isozyme XC14,E4_2_3_13,,vv10900Terpenoid_biosynthesis,
460,VIT_02s0025g02850,139,0.0671,Subtilisin protease,SBT3_3,,vv50101Channels_and_pores,
461,VIT_17s0000g00800,139,0.0671,Zinc finger (DHHC type),ZFDHHC_11,,vv60079Other_zf-DHHC,
462,VIT_18s0001g14360,135,0.0652,Tubulin beta-1 chain,K07375,,vv44145Phagosome,vv44810Regulation_of_actin_cytoskeleton
463,VIT_08s0007g04310,135,0.0651,Threonine dehydratase/deaminase,E4_3_1_19,,vv10260Glycine_serine_and_threonine_metabolism,vv10290Valine_leucine_and_isoleucine_biosynthesis
464,VIT_10s0003g01360,135,0.0648,Cysteine protease,E3_4_22_x,,,
465,VIT_09s0002g06760,135,0.0648,Phospholipase D alpha 1 precursor (PLD 1) (Choline phosphatase 1),PLDA1,,vv10564Glycerophospholipid_metabolism,vv10565Ether_lipid_metabolism
466,VIT_05s0020g05040,133,0.0644,Proteinase inhibitor 1 PPI3B2,,,,
467,VIT_06s0004g00770,133,0.0643,Leucoanthocyanidin dioxygenase-like protein,E1_14_11_19,,vv10941Flavonoid_biosynthesis,
468,VIT_17s0000g00940,131,0.0629,F-box protein,,,,
469,VIT_18s0041g02270,129,0.0628,12-oxophytodienoate reductase 2,E1_3_1_42,,vv10592alpha-Linolenic_acid_metabolism,
470,VIT_08s0105g00280,128,0.0617,Ribosomal protein S8e,K02995,,vv23010Ribosome,
471,VIT_07s0031g02310,125,0.0604,Leucine-rich repeat-containing protein 40,,,,
472,VIT_00s0252g00030,123,0.0593,Unknown protein,,,,
473,VIT_18s0075g00830,123,0.0592,Laccase,E1_10_3_2,,vv11000Single_reactions,vv50109Incompletely_characterized_transport_systems
474,VIT_14s0171g00490,122,0.0589,Glucose-6-phosphate 1-dehydrogenase  cytoplasmic isoform,E1_1_1_49,,vv10030Pentose_phosphate,vv10480Glutathione_metabolism
475,VIT_02s0025g02920,118,0.0570,Quercetin 3-O-methyltransferase 1,E2_1_1_76,,vv10941Flavonoid_biosynthesis,
476,VIT_11s0052g00350,118,0.0569,Receptor kinase TRKe,,,,
477,VIT_13s0047g00040,115,0.0557,ZIFL1 (Zinc induced facilitator 1),ZIFL1,,vv50121Porters_cat_1_to_6,
478,VIT_05s0062g00980,115,0.0555,Aldo/keto reductase AKR,E1_1_1_21,,vv10040Pentose_glucuronate_interconversion,vv10051Fructose_and_mannose_metabolism
479,VIT_15s0046g03360,114,0.0552,Unknown protein,,,,
480,VIT_05s0049g01980,112,0.0543,3-isopropylmalate dehydratase large subunit 2,E4_2_1_33,,vv10290Valine_leucine_and_isoleucine_biosynthesis,
481,VIT_02s0025g04250,112,0.0541,Osmotin,,,,
482,VIT_19s0014g04080,111,0.0537,Serine/threonine-protein kinase receptor ARK3,,,,
483,VIT_03s0091g00140,111,0.0534,Plant basic secretory protein (BSP) family,,,,
484,VIT_03s0091g00130,110,0.0532,Prp27,,,,
485,VIT_07s0104g00440,109,0.0523,Endo-1 3;1 4-beta-D-glucanase precursor,E3_2_1_73,,,
486,VIT_10s0003g01940,108,0.0523,RKF1 (receptor-like kinase in flowers 1),,,,
487,VIT_12s0028g02210,108,0.0520,Riboflavin kinase,E2_7_1_26,,vv10740Riboflavin_metabolism,
488,VIT_03s0038g02280,108,0.0518,ERD7 (EARLY-responsive TO dehydration 7),,,,
489,VIT_03s0017g01240,107,0.0518,2-nitropropane dioxygenase,E1_13_11_32,,vv10910Nitrogen_metabolism,
490,VIT_08s0040g00070,107,0.0517,Argonaute,,,,
491,VIT_01s0026g01780,107,0.0515,Leucine-rich repeat transmembrane,,,,
492,VIT_18s0086g00410,106,0.0513,Auxin-binding protein ABP19,ABP19,,vv30003Auxin_signaling,
493,VIT_07s0104g00180,106,0.0511,Nectarin IV NEC4,,,,
494,VIT_04s0008g06870,102,0.0496,Cytochrome b5 domain-containing protein,,,,
495,VIT_01s0011g04040,102,0.0494,No hit,,,,
496,VIT_01s0146g00070,100,0.0485,11-beta-hydroxysteroid dehydrogenase,E1_1_1_146,,vv10140C21-Steroid_hormone_metabolism,
497,VIT_19s0085g01200,99,0.0479,CTP synthase,E6_3_4_2,,vv10240Pyrimidine_metabolism,
498,VIT_12s0059g00800,99,0.0478,DNA helicase SNF2 domain-containing protein,SNF2HEL_13,,vv60058SNF2,
499,VIT_12s0057g01100,99,0.0477,Nudix hydrolase 2,,,,
500,VIT_18s0075g00810,98,0.0472,Laccase,E1_10_3_2,,vv11000Single_reactions,vv50109Incompletely_characterized_transport_systems
501,VIT_11s0016g05540,97,0.0471,Dicyanin,,,,
502,VIT_17s0000g00730,96,0.0463,ATP binding / DNA binding,,,,
503,VIT_19s0015g00120,94,0.0457,No hit,,,,
504,VIT_04s0044g00040,94,0.0454,Dirigent,,,,
505,VIT_06s0004g02010,92,0.0443,No hit,,,,
506,VIT_14s0081g00190,92,0.0442,No hit,,,,
507,VIT_06s0004g02520,91,0.0438,Telomere repeat binding factor like TRFL6,TRFL6_1,,vv60045MYBrelated,
508,VIT_03s0017g02140,89,0.0432,Tetrahydroxychalcone 2'-glucosyltransferase,THCGT,,vv10941Flavonoid_biosynthesis,
509,VIT_13s0067g02500,88,0.0426,Xanthine/uracil permease,K06901,,vv50121Porters_cat_1_to_6,
510,VIT_16s0022g02340,88,0.0425,fructokinase-2,E2_7_1_4,,vv10051Fructose_and_mannose_metabolism,vv10500Starch_and_sucrose_metabolism
511,VIT_13s0064g01110,88,0.0424,No hit,,,,
512,VIT_06s0004g00270,88,0.0423,Ent-kaurenoic acid 13-hydroxylase,E1_14_13_79,,vv10904Diterpenoid_biosynthesis,
513,VIT_13s0067g00900,87,0.0420,Phosphoinositide-specific phospholipase C,E3_1_4_11,,vv10562Inositol_phosphate_metabolism,vv30001ABA_signaling
514,VIT_12s0034g00030,84,0.0408,Anthocyanidin 3-O-glucosyltransferase,E2_4_1_115,,vv10942Anthocyanin_biosynthesis,
515,VIT_05s0029g00480,83,0.0404,Eceriferum 2 (CER2),,,,
516,VIT_19s0085g00600,83,0.0401,Glyceraldehyde-3-phosphate dehydrogenase  cytosolic,E1_2_1_12,,vv10010Glycolysis,
517,VIT_16s0013g01590,83,0.0400,No hit,,,,
518,VIT_06s0004g02030,82,0.0398,Xanthine dehydrogenase/oxidase,E1_17_1_4,,vv10230Purine_metabolism,vv44146Peroxisome
519,VIT_18s0001g01470,82,0.0398,No hit,,,,
520,VIT_12s0059g00860,82,0.0396,SLAH1 (SLAC1 homologue 1),SLAH1,,vv50122Porters_cat_7_to_17,
521,VIT_10s0003g03800,81,0.0390,Jasmonate ZIM domain-containing protein 8,JAZ8_1,,vv30011Jasmonate_signaling,vv60069ZIM
522,VIT_07s0151g01070,80,0.0387,Copalyl diphosphate synthase,E5_5_1_12,,vv10904Diterpenoid_biosynthesis,
523,VIT_19s0014g01870,80,0.0387,Transcription elongation factor 1,,,,
524,VIT_08s0007g04780,79,0.0383,Aquaporin GAMMA-TIP,TIP_GAMMA,,vv50101Channels_and_pores,
525,VIT_08s0007g02810,79,0.0382,Regulator of the ATPase vacuolar RAV2,RAV2,VvRAV5,vv60001ABI3VP1,
526,VIT_14s0128g00940,78,0.0376,No hit,,,,
527,VIT_05s0094g01070,77,0.0373,Leucine zipper-EF-hand containing transmembrane protein 1,LETM1,,vv50125Porters_cat_66_to_94,
528,VIT_09s0096g00610<br>VIT_18s0001g06510<br>VIT_18s0041g00150<br>VIT_13s0064g00220<br>VIT_14s0036g01010<br>VIT_04s0023g00070<br>VIT_09s0096g00060,77,0.0371,
529,VIT_16s0013g00990,76,0.0369,Ethylene-responsive transcription factor ERF105,ERF105_14,VvERF104,vv30008Ethylene_signaling,vv60003AP2_EREBP
530,VIT_02s0025g00540,76,0.0367,Unknown,,,,
531,VIT_03s0038g02520,74,0.0357,Aquaporin PIP3,PIP3,,vv50101Channels_and_pores,
532,VIT_05s0020g02080,73,0.0353,Zinc finger (C3HC4-type ring finger),ZFC3HC4_164,,vv60078Other_zf-C3HC4,
533,VIT_02s0025g04100,73,0.0353,CCR4-NOT transcription complex subunit 2,K12605,,vv23018RNA_degradation,
534,VIT_17s0000g03130,71,0.0342,Unknown protein,,,,
535,VIT_03s0091g00360,69,0.0331,Seed maturation protein PM23,,,,
536,VIT_18s0001g09970,68,0.0329,C2 domain-containing protein,,,,
537,VIT_17s0000g00720,67,0.0324,DNA-binding protein,,,,
538,VIT_09s0002g01650,67,0.0323,5'-nucleotidase surE,E3_1_3_5,,vv10230Purine_metabolism,vv10240Pyrimidine_metabolism
539,VIT_11s0016g04940,66,0.0320,Zinc finger (CCCH-type) family protein,CCCHFAM_12,,vv60018C3H,
540,VIT_14s0083g00340,66,0.0319,Beta-glucan-binding protein 4,E3_2_1_23,,vv10052Galactose_metabolism,vv10511N-Glycan_degradation
541,VIT_14s0036g01060,64,0.0310,Unknown protein,,,,
542,VIT_10s0003g05640,64,0.0310,UDP-arabinose 4-epimerase 3,E5_1_3_5,,vv10520Nucleotide_sugars_metabolism,
543,VIT_10s0003g00550,64,0.0308,RAB GTPase RABA1F,YPT32,,vv50110Protein_coat,
544,VIT_01s0011g01110,63,0.0305,Molybdenum cofactor sulfurase,,,,
545,VIT_03s0063g02320,63,0.0305,BURP domain containing protein,,,,
546,VIT_05s0020g00900,62,0.0301,P-glycoprotein 4,PGP4,,vv52010ABC_transporters,
547,VIT_18s0166g00060,61,0.0295,No hit,,,,
548,VIT_09s0002g05360<br>VIT_09s0002g05400<br>VIT_09s0002g05490<br>VIT_09s0002g05590,60,0.0291,
549,VIT_07s0104g00210,60,0.0289,Phenazine biosynthesis PhzC/PhzF protein,K06998,,vv10400Phenylalanine_tyrosine_and_tryptophan_biosynthesis,
550,VIT_16s0050g00410,60,0.0289,Photoassimilate-responsive protein PAR-1a,,,,
551,VIT_08s0056g00150,59,0.0285,Protein kinase APK1B,,,,
552,VIT_18s0001g14090,57,0.0276,Molecular chaperone DnaJ,K03686,,vv50132Primary_active_transporter_cat_A5_to_A8,
553,VIT_11s0016g01060,56,0.0272,Avr9/Cf-9 induced kinase 1,,,,
554,VIT_14s0083g00260,55,0.0267,No hit,,,,
555,VIT_05s0020g00640,55,0.0267,Methyltransferase,,,,
556,VIT_04s0069g00880,54,0.0260,No hit,,,,
557,VIT_13s0047g00030,54,0.0260,ZIFL1 (Zinc induced facilitator 1),ZIFL1,,vv50121Porters_cat_1_to_6,
558,VIT_09s0054g00900,54,0.0260,Chaperone BCS1 mitochondrial,K08900,,,
559,VIT_01s0010g01960,53,0.0257,Anionic peroxidase,E1_11_1_7,,vv10360Phenylalanine_metabolism,vv10680Methane_metabolism
560,VIT_18s0001g04530,53,0.0256,(-)-germacrene D synthase,E4_2_3_22,,vv10900Terpenoid_biosynthesis,
561,VIT_01s0011g00830,51,0.0247,Nodulin,,,,
562,VIT_08s0007g02470,51,0.0247,Aspartyl protease,E3_4_23_x,,,
563,VIT_00s0181g00170,51,0.0246,F-box family protein,,,,
564,VIT_17s0000g03370,51,0.0246,Calmodulin-binding protein,K02183,,vv34020Calcium_signaling_pathway,vv34626Plant-pathogen_interaction
565,VIT_02s0025g02930,51,0.0245,Caffeic acid O-3-methyltransferase,E2_1_1_68,,vv10940Phenylpropanoid_biosynthesis,
566,VIT_01s0011g03650,50,0.0243,Map kinase substrate 1 MKS1,,,,
567,VIT_10s0003g04250,50,0.0242,Glutathione S-transferase GSTU22,E2_5_1_18_GSTU22,,vv10480Glutathione_metabolism,
568,VIT_01s0011g06150,50,0.0241,Receptor protein kinase,,,,
569,VIT_07s0130g00170,49,0.0238,Transmembrane CLPTM1 Cleft lip and palate transmembrane protein 1,,,,
570,VIT_18s0041g00280,49,0.0236,T-complex protein 11,,,,
571,VIT_14s0030g02010,48,0.0232,Auxin-induced protein PCNT115,AUXREG,,vv30003Auxin_signaling,
572,VIT_02s0033g00750,48,0.0231,Kinesin motor protein,KMOTOR,,vv44810Regulation_of_actin_cytoskeleton,
573,VIT_07s0031g00970,48,0.0231,Unknown,,,,
574,VIT_03s0063g01310,46,0.0223,Oxidoreductase  2OG-Fe(II) oxygenase family,,,,
575,VIT_19s0014g03200,44,0.0214,COP1-interacting protein 7,CIP7,,vv24120Ubiquitin_mediated_proteolysis,
576,VIT_11s0016g02360,44,0.0214,TET2 (tetraspanin2),,,,
577,VIT_01s0127g00220,43,0.0209,PMR5 (powdery mildew resistant 5),,,,
578,VIT_18s0076g00380,43,0.0209,ABC transporter F member 6,ABCF6,,vv52010ABC_transporters,
579,VIT_17s0000g05070,43,0.0208,Phytochelatin synthetase,E2_3_2_15,,vv10251Glutamate_metabolism,
580,VIT_04s0023g00630,42,0.0203,No hit,,,,
581,VIT_14s0068g02210,42,0.0203,HcrVf1 protein,,,,
582,VIT_18s0001g12480,42,0.0203,Metal transporter CNNM4 (Cyclin-M4),CNNM4,,vv50109Incompletely_characterized_transport_systems,
583,VIT_18s0122g00330,41,0.0199,Unknown protein,,,,
584,VIT_06s0004g04820,39,0.0189,Salt stress-inducible protein kinase,,,,
585,VIT_05s0102g00610,39,0.0189,No hit,,,,
586,VIT_07s0005g05600,38,0.0184,UDP-glucose:sterol 3-O-glucosyltransferase,E2_4_1_173,,vv10100Biosynthesis_of_steroids,
587,VIT_02s0236g00130,37,0.0179,SNF1-related protein kinase SRK2F,SRK2H,,vv30001ABA_signaling,
588,VIT_07s0104g01260,37,0.0178,flavin-containing monooxygenase,E1_14_13_8,,vv11000Single_reactions,
589,VIT_06s0004g06250,36,0.0175,SETH2; transferase  transferring glycosyl groups,,,,
590,VIT_07s0005g01320,36,0.0174,Unknown,,,,
591,VIT_18s0001g05040,36,0.0174,Pollen Ole e 1 allergen and extensin,,,,
592,VIT_16s0050g01090,36,0.0174,Beta-carotene hydroxylase,K02294,,vv10906Carotenoid_biosynthesis,
593,VIT_03s0038g02230,36,0.0174,Subtilisin-like serine protease 2,SLP2,,vv50101Channels_and_pores,
594,VIT_00s0226g00030,35,0.0171,Peroxidase,E1_11_1_7,,vv10360Phenylalanine_metabolism,vv10680Methane_metabolism
595,VIT_09s0002g05180,35,0.0170,No hit,,,,
596,VIT_11s0016g04770,35,0.0169,Unknown,,,,
597,VIT_18s0001g04240,35,0.0169,(+)-delta-cadinene synthase,E4_2_3_13,,vv10900Terpenoid_biosynthesis,
598,VIT_06s0009g03470,34,0.0165,Unknown protein,,,,
599,VIT_19s0014g04450,34,0.0164,S-locus protein kinase,,,,
600,VIT_06s0004g05070,33,0.0160,Zinc transporter (ZIP2),ZIP2,,vv50121Porters_cat_1_to_6,
601,VIT_03s0038g02930,33,0.0160,Tetracycline transporter protein,TETRACYCTR,,vv50121Porters_cat_1_to_6,
602,VIT_12s0057g01020,32,0.0155,fasciclin-like arabinogalactan protein FLA2,FLA2,,vv40006Cell_wall,
603,VIT_05s0062g01080,32,0.0155,Translation initiation factor eIF-3 subunit 8,K03252,,vv23013RNA_transport,
604,VIT_02s0012g00730,31,0.0151,Purine permease 10 PUP10,PUP10,,vv50122Porters_cat_7_to_17,
605,VIT_05s0077g01250,31,0.0150,Endochitinase A2 precursor,E3_2_1_14,,vv10530Aminosugars_metabolism,
606,VIT_15s0046g02220,30,0.0146,ACC synthase,E4_4_1_14,,vv10640Propanoate_metabolism,vv30008Ethylene_signaling
607,VIT_01s0010g02460,30,0.0145,Glyceraldehyde-3-phosphate dehydrogenase  cytosolic 3,E1_2_1_12,,vv10010Glycolysis,
608,VIT_17s0000g01700,30,0.0145,Leucine-rich repeat transmembrane protein kinase,,,,
609,VIT_00s0194g00110,30,0.0144,4-nitrophenylphosphatase,E3_1_3_18,,vv10630Glyoxylate_and_dicarboxylate_metabolism,
610,VIT_18s0001g01860,29,0.0141,Preprotein translocase secA,K03070,,vv23060Protein_export,vv50113Thylakoid_targeting_pathway
611,VIT_09s0002g06780,29,0.0141,Unknown protein,,,,
612,VIT_12s0028g03220,29,0.0140,STT3B (staurosporin and temperature sensitive 3-like B),K07151,,vv10510N-Glycan_biosynthesis,vv24141Protein_processing_in_endoplasmic_reticulum
613,VIT_18s0122g00970,28,0.0136,IRE1A (Yeast endoribonuclease/protein kinase IRE1-like gene),,,,
614,VIT_02s0025g04270<br>VIT_02s0025g04260<br>VIT_02s0025g04230,28,0.0135,
615,VIT_19s0014g02240,27,0.0132,Ethylene responsive element binding factor 4,ERF4_1,VvERF063,vv60003AP2_EREBP,
616,VIT_06s0004g07070,27,0.0130,Protein kinase,,,,
617,VIT_01s0026g02590,27,0.0130,Calcium-binding protein CML,K13448,,vv34626Plant-pathogen_interaction,
618,VIT_19s0014g01370,26,0.0126,Curculin (mannose-binding) lectin,,,,
619,VIT_07s0031g02400,26,0.0126,Amino acid permease,AAPREL,,vv50123Porters_cat_18_to_29,
620,VIT_02s0087g00190,26,0.0126,SH3 domain-containing protein 2,SH3P2,,vv50110Protein_coat,
621,VIT_05s0020g04510,26,0.0126,GDP-mannose 3 5-epimerase 1,E5_1_3_18,,vv10053Ascorbate_and_aldarate_metabolism,
622,VIT_03s0038g03400,26,0.0125,Endochitinase 1  basic,E3_2_1_14,,vv10530Aminosugars_metabolism,
623,VIT_09s0002g01200,26,0.0125,Unknown protein,,,,
624,VIT_00s0179g00360,25,0.0121,Unknown protein,,,,
625,VIT_00s0145g00110,25,0.0121,Pirin,K06911,,,
626,VIT_07s0005g02260,25,0.0121,Squamosa promoter-binding protein 1 (SPL1),SPL1,,vv60055SBP,
627,VIT_03s0017g01220,25,0.0121,Polyadenylate-binding protein 2,K14396,,vv23015mRNA_surveillance_pathway,
628,VIT_01s0011g02390,25,0.0120,Unknown,,,,
629,VIT_13s0106g00570<br>VIT_14s0036g00790<br>VIT_17s0000g02780,24,0.0116,
630,VIT_11s0052g01090,24,0.0116,4-coumarate-CoA ligase 2,E6_2_1_12,,vv10940Phenylpropanoid_biosynthesis,vv50104Group_translocators
631,VIT_08s0007g06610,24,0.0116,Lectin protein kinase,,,,
632,VIT_12s0028g02550,24,0.0116,Sodium/calcium exchanger family protein,NACAEX,,vv50123Porters_cat_18_to_29,
633,VIT_00s0586g00020,24,0.0115,Unknown protein,,,,
634,VIT_13s0084g00850<br>VIT_13s0084g00880,23,0.0111,
635,VIT_14s0068g01760,23,0.0111,Alcohol dehydrogenase,E1_1_1_1,,vv10010Glycolysis,vv10071Fatty_acid_metabolism
636,VIT_00s1314g00010,23,0.0111,Basic helix-loop-helix (bHLH) family,BHLHDOM_89,,vv60011BHLH,
637,VIT_14s0083g01170,23,0.0111,Mitochondrial substrate carrier family protein,K03454,,vv50123Porters_cat_18_to_29,
638,VIT_01s0026g01040,23,0.0111,Unknown protein,,,,
639,VIT_01s0127g00260,23,0.0111,ATP-citrate synthase,E4_1_3_6,,vv10020Citrate_cycle,
640,VIT_14s0108g01160,22,0.0106,Latex abundant protein 1,,,,
641,VIT_08s0105g00470,22,0.0106,PHD finger-like domain-containing protein 5A,K12834,,vv23040Spliceosome,
642,VIT_02s0087g00330,22,0.0106,Glycosyl transferase family 1 protein,,,,
643,VIT_07s0031g00570,21,0.0101,Lipase class 3,,,,
644,VIT_02s0012g01270,21,0.0101,Abscisic acid receptor PYL1  RCAR12,RCAR12,,vv30001ABA_signaling,
645,VIT_04s0044g00230,20,0.0097,Monooxygenase (MO2),,,,
646,VIT_12s0035g01150,19,0.0092,RAB GTPase FP8,K07976,,,
647,VIT_13s0019g01710,19,0.0092,Scarecrow transcription factor 14 (SCL14),SCL14_9,,vv60032GRAS,
648,VIT_13s0067g01730,19,0.0091,Steroid 5alpha-reductase,K09591,,vv10905Brassinosteroid_biosynthesis,
649,VIT_02s0087g00770,18,0.0088,ABC transporter E member 1,K06174,,vv52010ABC_transporters,
650,VIT_10s0003g00850,18,0.0088,Zinc finger (C3HC4-type ring finger),ZFC3HC4_237,,vv60078Other_zf-C3HC4,
651,VIT_18s0001g09360,18,0.0087,Hydrogenobyrinic acid a c-diamide synthase,E6_3_5_9,,vv50101Channels_and_pores,
652,VIT_19s0014g03380,18,0.0087,3'(2') 5'-bisphosphate nucleotidase,E3_1_3_7,,vv10920Sulfur_metabolism,
653,VIT_04s0008g02720,18,0.0087,Myosin heavy chain,K10352,,vv44810Regulation_of_actin_cytoskeleton,
654,VIT_18s0001g14950,18,0.0087,EMB2170 (embryo defective 2170),,,,
655,VIT_05s0094g00270,18,0.0086,Chitinase  class IV [Vitis vinifera],E3_2_1_14,,vv10530Aminosugars_metabolism,
656,VIT_12s0057g01330,17,0.0083,Zinc finger (C3HC4-type ring finger),ZFC3HC4_219,,vv60078Other_zf-C3HC4,
657,VIT_19s0014g01530,17,0.0082,Protein kinase,,,,
658,VIT_13s0064g01260,17,0.0082,DNA-damage-repair/toleration protein (DRT100),,,,
659,VIT_00s0960g00010,17,0.0082,Phosphosulfolactate synthase protein,E4_4_1_19,,vv10010Glycolysis,
660,VIT_11s0016g03770,16,0.0078,Dynein light chain LC6  flagellar outer arm,K10418,,vv44810Regulation_of_actin_cytoskeleton,
661,VIT_03s0017g01990,16,0.0078,UDP-glucose glucosyltransferase,E2_4_1_35,,vv10500Starch_and_sucrose_metabolism,
662,VIT_19s0085g00460,16,0.0078,No hit,,,,
663,VIT_00s0409g00060,16,0.0078,Cysteine-rich receptor-like protein kinase 25,,,,
664,VIT_11s0016g01750,16,0.0078,Unknown protein,,,,
665,VIT_05s0020g04990,16,0.0078,No hit,,,,
666,VIT_18s0001g11130,16,0.0077,Calmodulin-binding protein AR781,,,,
667,VIT_02s0025g03370,16,0.0077,YDA (YODA),,,,
668,VIT_05s0049g00500,16,0.0077,Ethylene-responsive transcription factor ERF098,ERF098_2,VvERF110,vv30008Ethylene_signaling,vv60003AP2_EREBP
669,VIT_07s0031g01090,16,0.0077,Ascorbate oxidase,E1_10_3_3,,vv10053Ascorbate_and_aldarate_metabolism,vv50109Incompletely_characterized_transport_systems
670,VIT_05s0049g01190,16,0.0077,Receptor serine/threonine kinase,,,,
671,VIT_18s0001g01110,15,0.0073,Monooxygenase (MO2),,,,
672,VIT_05s0020g03140,15,0.0073,Sugar transporter 13,STP13,,vv50121Porters_cat_1_to_6,
673,VIT_13s0019g05230,15,0.0073,NAC domain-containing protein50,NAC050,VvNAC21,vv60046NAC,
674,VIT_12s0035g00580,15,0.0072,No hit,,,,
675,VIT_07s0005g04880,15,0.0072,Glutathione S-transferase 25 GSTU7,E2_5_1_18_GSTU7,,vv10480Glutathione_metabolism,
676,VIT_09s0002g05540,15,0.0072,ABC transporter g family pleiotropic drug resistance 12 PDR12,ABCGPDR12,,vv52010ABC_transporters,
677,VIT_14s0030g01610,15,0.0072,Cytidine/deoxycytidylate deaminase,E3_5_4_5,,vv10240Pyrimidine_metabolism,
678,VIT_08s0056g00620,15,0.0072,V-type H+-transporting ATPase subunit E,K02150,,vv10190Oxidative_phosphorylation,vv44145Phagosome
679,VIT_07s0031g00780,14,0.0068,Transcriptional factor B3,TFB3_4,,vv60001ABI3VP1,
680,VIT_00s0748g00020,14,0.0068,Receptor kinase RK20-1,,,,
681,VIT_00s2776g00010,14,0.0068,S-locus lectin protein kinase,,,,
682,VIT_01s0150g00450,14,0.0068,Respiratory burst oxidase protein D (RBOHD),RBOHD,,vv34626Plant-pathogen_interaction,vv50105Transport_electron_carriers
683,VIT_06s0004g08300,14,0.0067,Zinc finger (C3HC4-type ring finger),ZFC3HC4_56,,vv60078Other_zf-C3HC4,
684,VIT_05s0077g01410,13,0.0063,No hit,,,,
685,VIT_14s0108g00890,13,0.0063,Beta-1 3-galactosyltransferase,K07819,,vv10602Glycosphingolipid_biosynthesis,
686,VIT_11s0016g02780,13,0.0063,Myb domain protein 68,MYB68_1,MYB154,vv60044MYB,
687,VIT_16s0039g01600,13,0.0063,11-beta-hydroxysteroid dehydrogenase,E1_1_1_146,,vv10140C21-Steroid_hormone_metabolism,
688,VIT_03s0063g00400,13,0.0063,Alpha-amylase / 1 4-alpha-D-glucan glucanohydrolase,E3_2_1_1,,vv10500Starch_and_sucrose_metabolism,
689,VIT_19s0090g01250,13,0.0063,Jasmonate O-methyltransferase,E2_1_1_141,,vv10592alpha-Linolenic_acid_metabolism,
690,VIT_19s0085g00050,13,0.0063,Myb domain protein 58,MYB58_1,MYB139,vv60044MYB,
691,VIT_04s0044g01460,12,0.0058,PUB26 (plant U- box  26),,,,
692,VIT_12s0059g02600,12,0.0058,Receptor protein kinase RK20-1,,,,
693,VIT_00s0125g00410,12,0.0058,Phospholipid-transporting ATPase,K01530,,vv50131Primary_active_transporter_cat_A2_to_A4,
694,VIT_13s0019g01690,12,0.0058,Ubiquitin-specific protease 24 (UBP24),,,,
695,VIT_08s0040g00960,12,0.0058,CXE carboxylesterase,E3_1_1_1,,,
696,VIT_12s0055g00920,12,0.0058,Aspartate aminotransferase,E2_6_1_1,vv10710Carbon_fixation,vv10252Alanine_and_aspartate_metabolism,vv10272Cysteine_metabolism
697,VIT_00s0187g00290,12,0.0058,IQ calmodulin-binding region; Apoptosis regulator Bcl-2 protein  BAG [Medicago truncatula],,,,
698,VIT_10s0116g01700,12,0.0058,Autophagy 8c (APG8c),K08341,,vv44140Regulation_of_autophagy,vv50101Channels_and_pores
699,VIT_18s0001g00810,12,0.0058,24-methylenesterol C-methyltransferase 2,E2_1_1_143,,vv10100Biosynthesis_of_steroids,
700,VIT_08s0058g01090,12,0.0058,CBL-interacting protein kinase 14 (CIPK14),,,,
701,VIT_14s0108g00430,12,0.0058,ABC transporter B member 16,ABCB16,,vv52010ABC_transporters,
702,VIT_18s0001g01010,12,0.0058,Laccase,E1_10_3_2,,vv11000Single_reactions,vv50109Incompletely_characterized_transport_systems
703,VIT_08s0007g02150,10,0.0049,Receptor ser/thr protein kinase,,,,
704,VIT_16s0013g00980<br>VIT_16s0013g01030<br>VIT_16s0013g01050<br>VIT_16s0013g01060<br>VIT_16s0013g00950,10,0.0048,
705,VIT_18s0117g00280,10,0.0048,Coatomer protein complex  subunit beta 2,COPB2,,vv50110Protein_coat,
706,VIT_01s0011g00530,10,0.0048,Ureide permease 2 (AtUPS2),UPS2,,vv50122Porters_cat_7_to_17,
707,VIT_13s0074g00510,10,0.0048,ATP-dependent RNA helicase,,,,
708,VIT_18s0041g02070,10,0.0048,12-oxophytodienoate reductase 1,E1_3_1_42,,vv10592alpha-Linolenic_acid_metabolism,
709,VIT_14s0081g00110,10,0.0048,Pentatricopeptide (PPR) repeat-containing,,,,
710,VIT_01s0010g02350,10,0.0048,Protein phosphatase 2 (formerly 2A)  regulatory subunit B',K11584,,vv23015mRNA_surveillance_pathway,
711,VIT_06s0061g00810,10,0.0048,Cyclin-dependent kinase regulatory subunit CKS2,CKS2,,vv44110Cell_cycle,
712,VIT_00s0399g00020,10,0.0048,Protease inhibitor/seed storage/lipid transfer protein (LTP),,,,
713,VIT_18s0001g13920,9,0.0044,Unknown protein,,,,
714,VIT_18s0001g12510,9,0.0044,5' nucleotidase,E3_1_3_5,,vv10230Purine_metabolism,vv10240Pyrimidine_metabolism
715,VIT_14s0081g00210,9,0.0044,No hit,,,,
716,VIT_01s0010g03910,9,0.0044,Squamosa promoter-binding protein 13 (SPL13),SPL13_2,,vv60055SBP,
717,VIT_09s0002g00750,9,0.0044,P-glycoprotein 19,PGP19,,vv52010ABC_transporters,
718,VIT_12s0035g02270,9,0.0044,Unknown protein,,,,
719,VIT_08s0007g04700,9,0.0043,Phosphatidylinositol-4-phosphate 5-kinase,E2_7_1_68,,vv10562Inositol_phosphate_metabolism,vv34070Phosphatidylinositol_signaling_system
720,VIT_17s0053g00750,9,0.0043,Unknown protein,,,,
721,VIT_14s0030g02150,9,0.0043,Calmodulin,K02183,,vv34020Calcium_signaling_pathway,vv34626Plant-pathogen_interaction
722,VIT_04s0008g04790,9,0.0043,ABC transporter g family pleiotropic drug resistance 12 PDR12,ABCGPDR12,,vv52010ABC_transporters,
723,VIT_16s0013g01070,7,0.0034,Ethylene-responsive transcription factor ERF105,ERF105_3,VvERF085,vv30008Ethylene_signaling,vv60003AP2_EREBP
724,VIT_01s0150g00440,7,0.0034,Respiratory burst oxidase protein D (RBOHD),RBOHD,,vv34626Plant-pathogen_interaction,vv50105Transport_electron_carriers
725,VIT_13s0019g03910,7,0.0034,Unknown,,,,
726,VIT_06s0061g01210,7,0.0034,Lysine histidine transporter 1,LHT1,,vv50123Porters_cat_18_to_29,
727,VIT_00s0480g00040,7,0.0034,Polyphenol oxidase II  chloroplast precursor,E1_10_3_1,,vv10350Tyrosine_metabolism,vv50109Incompletely_characterized_transport_systems
728,VIT_01s0127g00250,7,0.0034,Kelch repeat-containing F-box protein,,,,
729,VIT_11s0052g01070,7,0.0034,Transferase,,,,
730,VIT_14s0081g00730,7,0.0034,Ethylene response factor ERF1,ERF1_6,VvERF093,vv30008Ethylene_signaling,vv30011Jasmonate_signaling
731,VIT_08s0007g09010,7,0.0034,Esterase,E3_1_2_12,,vv10680Methane_metabolism,
732,VIT_09s0002g05110,7,0.0034,EMB2753,,,,
733,VIT_01s0010g03940,7,0.0034,Sphingosine-1-phosphate lyase,E4_1_2_27,,vv10600Sphingolipid_metabolism,
734,VIT_00s0347g00070,6,0.0029,S-locus lectin protein kinase,,,,
735,VIT_16s0098g00460,6,0.0029,Lipase class 3,,,,
736,VIT_04s0044g00220,6,0.0029,Monooxygenase,,,,
737,VIT_05s0049g01020,6,0.0029,Myb domain protein 14,MYB14_3,,vv60044MYB,
738,VIT_06s0004g03120,6,0.0029,MLO-like protein 3,K08472,,,
739,VIT_08s0007g04170,6,0.0029,Pyruvate kinase  cytosolic isozyme,E2_7_1_40,,vv10010Glycolysis,vv10230Purine_metabolism
740,VIT_19s0014g02670,6,0.0029,Protein kinase CRK1 CRK1 protein(Cdc2-related kinase 1),,,,
741,VIT_05s0062g01040,6,0.0029,Unknown protein,,,,
742,VIT_10s0042g00590,6,0.0029,Leucine-rich repeat receptor-like protein kinase 1,,,,
743,VIT_03s0180g00080,6,0.0029,Cyclase,,,,
744,VIT_07s0129g00800,6,0.0029,CYP81E1 Isoflavone 2'-hydroxylase,E1_14_13_89,,vv10943Isoflavonoid_biosynthesis,
745,VIT_00s0615g00020<br>VIT_00s0218g00010,6,0.0029,
746,VIT_07s0191g00080,6,0.0029,GCR2-like 1 ABA receptor,,,,
747,VIT_10s0116g01780,6,0.0029,Cationic peroxidase,E1_11_1_7,,vv10360Phenylalanine_metabolism,vv10680Methane_metabolism
748,VIT_17s0000g00400,6,0.0029,Phosphate carrier protein,MPHOSPTR,,vv50123Porters_cat_18_to_29,
749,VIT_07s0191g00070,6,0.0029,SNF1-related protein kinase 2.7 SNRK2.7 SRK2F,SRK2F,,vv30001ABA_signaling,
750,VIT_01s0011g05890,6,0.0029,S-adenosyl-L-methionine:salicylic acid carboxyl methyltransferase,SAMTBSCMT,,vv10360Phenylalanine_metabolism,
751,VIT_03s0063g00700,6,0.0029,CXE carboxylesterase,E3_1_1_1,,,
752,VIT_02s0025g00780,6,0.0029,Cation/hydrogen exchanger (CHX18),CHX18,,vv50124Porters_cat_30_to_64,
753,VIT_13s0064g01100,6,0.0029,No hit,,,,
754,VIT_17s0000g05240,6,0.0029,Nuclear transport factor 2 (NTF2),NTF2,,vv50133Primary_active_transporter_cat_A9_to_A18,
755,VIT_17s0000g06690,6,0.0029,Unknown,,,,
756,VIT_01s0011g02100,6,0.0029,ATP-dependent Clp protease proteolytic subunit,E3_4_21_92,,,
757,VIT_05s0020g01530,6,0.0029,Alpha-1 6-xylosyltransferase,E2_4_2_39,,vv40006Cell_wall,
758,VIT_01s0011g00700,6,0.0029,Myb family transcription factor / ELM2 domain-containing,MYBELM2_1,,vv60045MYBrelated,
759,VIT_18s0075g00610,6,0.0029,Laccase,E1_10_3_2,,vv11000Single_reactions,vv50109Incompletely_characterized_transport_systems
760,VIT_10s0116g01360<br>VIT_10s0116g01290<br>VIT_10s0116g01330<br>VIT_10s0116g01270,6,0.0029,
761,VIT_12s0178g00180,6,0.0029,Diacylglycerol kinase 1,E2_7_1_107,,vv10561Glycerolipid_metabolism,vv10564Glycerophospholipid_metabolism
762,VIT_18s0122g00070,6,0.0029,DNAJ heat shock N-terminal domain-containing protein,DNAJREL,,vv50132Primary_active_transporter_cat_A5_to_A8,
763,VIT_12s0059g00740,6,0.0029,Germin1,,,,
764,VIT_18s0001g10100,6,0.0029,Ubiquitin-conjugating enzyme E2 I,K10577,,vv23013RNA_transport,vv24120Ubiquitin_mediated_proteolysis
765,VIT_14s0006g00910,6,0.0029,ATA15 protein,,,,
766,VIT_01s0011g04680,6,0.0029,Glycosyltransferase family 14,,,,
767,VIT_14s0068g01580,6,0.0029,Basic helix-loop-helix (bHLH) family,BHLHDOM_50,,vv60011BHLH,
768,VIT_02s0109g00430,6,0.0029,Nitrilase 4 (NIT4),K13035,,vv10910Nitrogen_metabolism,
769,VIT_12s0028g02660,6,0.0029,Acyl-CoA oxidase (ACX3),E1_3_3_6_ACX3,,vv10071Fatty_acid_metabolism,vv10592Alpha-linolenic_acid_metabolism
770,VIT_15s0021g00480,6,0.0029,Dynamin-like protein 2b,E3_6_5_5,,vv50109Incompletely_characterized_transport_systems,vv50110Protein_coat
771,VIT_19s0085g00020,6,0.0029,Nucleolar complex protein 3 homolog (Protein NOC3 homolog),,,,
772,VIT_05s0094g00360,6,0.0029,Chitinase class IV,E3_2_1_14,,vv10530Aminosugars_metabolism,
773,VIT_01s0011g00480,6,0.0029,Aspartate/glutamate/uridylate kinase,E2_7_2_11,,vv10220Urea_cycle_and_metabolism_of_amino_groups,
774,VIT_03s0063g00270,6,0.0029,Unknown protein,,,,
775,VIT_17s0000g03160,6,0.0029,No hit,,,,
776,VIT_04s0023g02310,6,0.0029,S-adenosyl-L-methionine:salicylic acid methyltransferase,SAMTBSCMT,,vv10360Phenylalanine_metabolism,
777,VIT_12s0028g01310,6,0.0029,Germin-like protein 1,,,,
778,VIT_17s0053g00460,6,0.0029,Pinoresinol-lariciresinol reductase,PLR,,vv10940Phenylpropanoid_biosynthesis,
779,VIT_17s0000g04890,6,0.0029,D-aminoacyl-tRNA deacylase GEKO1,,,,
780,VIT_00s0347g00050,6,0.0029,Ser/Thr receptor-like kinase1,,,,
781,VIT_03s0038g04540,4,0.0020,S-adenosyl-L-methionine:salicylic acid carboxyl methyltransferase,SAMTBSCMT,,vv10360Phenylalanine_metabolism,
782,VIT_11s0016g05190,4,0.0019,Phosphate translocator-related,PTLREL,,vv50122Porters_cat_7_to_17,
783,VIT_00s1557g00020,4,0.0019,Lectin-receptor like protein kinase 3,,,,
784,VIT_05s0077g01500,4,0.0019,Drought induced 19 protein,,,,
785,VIT_15s0021g01130,4,0.0019,Rho GTPase; Rho GTP binding protein,E3_6_5_1,,,
786,VIT_18s0001g11240,3,0.0015,MAPKKK5 (Mitogen-activated protein kinase kinase kinase 5),,,,
787,VIT_14s0066g00760,3,0.0015,Disease resistance protein (NBS-LRR class),,,,
788,VIT_03s0088g00200,3,0.0015,Unknown,,,,
789,VIT_06s0009g01810,3,0.0015,APK2A (protein kinase 2A),,,,
790,VIT_15s0046g01640,3,0.0015,Abl interactor protein 1 (ABIL1),,,,
791,VIT_19s0015g00020,3,0.0015,ABC transporter C member 9,K05033,,vv52010ABC_transporters,
792,VIT_14s0068g02150,3,0.0015,Kelch repeat-containing F-box family protein,,,,
793,VIT_10s0003g05430,3,0.0015,Reticuline oxidase precursor,E1_21_3_3,,vv10950Alkaloid_biosynthesis_I,
794,VIT_00s0391g00040,3,0.0015,F-box family protein,,,,
795,VIT_18s0001g04640,3,0.0015,No hit,,,,
796,VIT_00s0375g00040,3,0.0015,NAC domain-containing protein 25,NAC025_3,VvNAC03,vv60046NAC,
797,VIT_10s0003g00590,3,0.0015,Ethylene-responsive transcription factor ERF091,ERF091,VvERF095,vv30008Ethylene_signaling,vv60003AP2_EREBP
798,VIT_14s0066g01150,3,0.0015,Cinnamoyl-CoA reductase,E1_2_1_44,,vv10940Phenylpropanoid_biosynthesis,
799,VIT_04s0008g05840,3,0.0015,DOMON domain containing protein,E1_14_17_1,,vv10350Tyrosine_metabolism,
800,VIT_14s0128g00390,3,0.0015,Mitochondrial FAD carrier,MFADC,,vv50123Porters_cat_18_to_29,
801,VIT_00s0411g00030<br>VIT_00s0256g00030<br>VIT_00s0256g00110<br>VIT_00s1321g00010<br>VIT_00s0256g00050<br>VIT_00s0256g00040<br>VIT_00s0411g00020,3,0.0015,
802,VIT_05s0077g01350,3,0.0015,Mov34 STAM-binding protein,K11866,,vv50111Tethering_factors,
803,VIT_05s0102g00780,3,0.0015,Unknown protein,,,,
804,VIT_08s0007g01810,3,0.0015,ANTR2 (anion transporter 2,ANTR2,,vv50121Porters_cat_1_to_6,
805,VIT_15s0021g01600,3,0.0015,Ethylene responsive element binding factor 2,ERF2,VvERF073,vv30008Ethylene_signaling,
806,VIT_19s0085g01030,3,0.0015,Metacaspase TYPE-II,,,,
807,VIT_08s0007g02350,3,0.0015,Harpin-induced protein,,,,
808,VIT_14s0006g02700,3,0.0015,Unknown protein,,,,
809,VIT_18s0001g00400,3,0.0015,Laccase,E1_10_3_2,,vv11000Single_reactions,vv50109Incompletely_characterized_transport_systems
810,VIT_03s0091g00420,3,0.0015,No hit,,,,
811,VIT_02s0025g04280,3,0.0015,Osmotin,,,,
812,VIT_15s0048g01540,3,0.0015,CYP76B1,,,,
813,VIT_16s0098g01260,3,0.0015,Intramitochondrial sorting protein MSP1 protein,MSP1,,vv50133Primary_active_transporter_cat_A9_to_A18,
814,VIT_14s0006g03050,3,0.0015,Unknown protein,,,,
815,VIT_18s0089g00460,3,0.0015,TIR-NBS-TIR type disease resistance protein,,,,
816,VIT_19s0014g04210,3,0.0015,S-locus protein kinase,,,,
817,VIT_07s0005g01920,3,0.0015,Gibberellin 2-beta-dioxygenase 2,E1_14_11_13,,vv10904Diterpenoid_biosynthesis,
818,VIT_12s0121g00300,3,0.0015,Brassinosteroid insensitive 1-associated receptor kinase 1,BAK1,,vv30005Brassinosteroids_signaling,vv34626Plant-pathogen_interaction
819,VIT_01s0011g05190,3,0.0015,Bet v I allergen,,,,
820,VIT_00s0250g00090,3,0.0015,Oxidoreductase  2OG-Fe(II) oxygenase,,,,
821,VIT_08s0007g05320,3,0.0015,Essential for mitotic growth 1,K14568,,vv23008Ribosome_biogenesis_in_Eukaryotes,
822,VIT_04s0069g00470,3,0.0015,No hit,,,,
823,VIT_05s0020g01100,3,0.0014,Myb domain protein 61,MYB61_3,MYB146,vv60044MYB,
824,VIT_19s0090g00140,3,0.0014,5-alpha-taxadienol-10-beta-hydroxylase,E1_14_13_76,,vv10904Diterpenoid_biosynthesis,
825,VIT_18s0117g00070,3,0.0014,R protein L6,K13477,,vv34627R_proteins_from_Plant-pathogen_interaction,
826,VIT_11s0037g01410,3,0.0014,XBAT32 (XB3 ortholog 2 in Arabidopsis thaliana 32),XBAT32,,vv50108Accessory_factors_involved_in_transport,
827,VIT_06s0080g00350,3,0.0014,Myo-inositol-1-phosphate synthase,E5_5_1_4,,vv10562Inositol_phosphate_metabolism,
828,VIT_06s0004g03130,3,0.0014,Auxin response factor 4,ARF4,,vv30003Auxin_signaling,vv60004ARF
829,VIT_03s0038g00100,3,0.0014,Epoxide hydrolase-like protein,E3_3_2_10,,,
830,VIT_12s0055g00340,3,0.0014,WRKY DNA-binding protein 9,WRKY9,VvWRKY39,vv60066WRKY,
831,VIT_01s0026g01730,3,0.0014,WRKY DNA-binding protein 72,WRKY72_1,VvWRKY02,vv60066WRKY,
832,VIT_01s0026g01650,3,0.0014,Porin II  36kDa,K07267,,vv50101Channels_and_pores,
833,VIT_02s0033g00770,3,0.0014,Nitrilase 4B,E3_5_5_1,,vv10460Cyanoamino_acid_metabolism,vv10910Nitrogen_metabolism
834,VIT_03s0038g01050,3,0.0014,Phenylalanine-tRNA ligase,E6_1_1_20,,vv10400Phenylalanine_tyrosine_and_tryptophan_biosynthesis,vv20970Aminoacyl-tRNA_biosynthesis
835,VIT_00s2745g00010,3,0.0014,Receptor kinase RK20-1,,,,
836,VIT_02s0025g00420,3,0.0014,WRKY DNA-binding protein 27,WRKY27_2,VvWRKY04,vv60066WRKY,
837,VIT_16s0013g01000,3,0.0014,Ethylene-responsive transcription factor ERF105,ERF105_10,VvERF084,vv30008Ethylene_signaling,vv60003AP2_EREBP
838,VIT_09s0018g01880,3,0.0014,RNA-binding protein,,,,
839,VIT_16s0050g02320,3,0.0014,Regulator of nonsense transcripts 1,K14326,,vv23013RNA_transport,vv23015mRNA_surveillance_pathway
840,VIT_12s0035g00920,3,0.0014,Unknown protein,,,,
841,VIT_13s0084g00800,3,0.0014,Transcription factor,TRIHELIXDOM_7,,vv60062Trihelix,
842,VIT_01s0150g00140,3,0.0014,ORTH2/VIM1 (variant in methylation 1),ORTH2_1,,vv60056SET_PCG,
843,VIT_12s0035g00530,3,0.0014,Unknown protein,,,,
844,VIT_02s0025g02870,3,0.0014,Subtilisin serine protease,SBT3_3,,vv50101Channels_and_pores,
845,VIT_03s0038g02490,3,0.0014,SKP1,K03094,,vv24120Ubiquitin_mediated_proteolysis,vv24141Protein_processing_in_endoplasmic_reticulum
846,VIT_07s0031g02480,3,0.0014,Beta-galactosidase,E3_2_1_23,,vv10052Galactose_metabolism,vv10511N-Glycan_degradation
847,VIT_04s0043g00220,3,0.0014,Amine oxidase,E1_4_3_4,,vv10220Urea_cycle_and_metabolism_of_amino_groups,vv10340Histidine_metabolism
848,VIT_03s0038g03970,3,0.0014,Unknown protein,,,,
849,VIT_03s0038g01550,3,0.0014,R protein  PRF  disease resistance protein,K13453,,vv34627R_proteins_from_Plant-pathogen_interaction,
850,VIT_09s0002g05170,3,0.0014,Unknown protein,,,,
851,VIT_15s0046g00120,3,0.0014,Unknown protein,,,,
852,VIT_15s0048g02690,3,0.0014,FAD-binding domain-containing protein,,,,
853,VIT_07s0005g05030,3,0.0014,CLIP-associating protein (CLASP),,,,
854,VIT_07s0005g04570,3,0.0014,Xyloglucanase inhibitor,,,,
855,VIT_10s0003g05550<br>VIT_10s0003g05620,3,0.0014,
856,VIT_19s0014g00060,3,0.0014,FRIGIDA protein,FRIGIDA,,vv30009Flower_development,
857,VIT_16s0098g00560,3,0.0014,SP1L2 (SPIRAL2),SP1L2,,vv44810Regulation_of_actin_cytoskeleton,
858,VIT_17s0000g08450,3,0.0014,Carbonic anhydrase chloroplast,E4_2_1_1,,vv10910Nitrogen_metabolism,vv50124Porters_cat_30_to_64
859,VIT_00s0658g00010,3,0.0014,Receptor kinase TRKa,,,,
