Vv_m2,2000,1000,VIT_16s0100g00900
rank,node,Fabs,Frel,Functional-annotation,Name-EC-KeggID,Updated-name,Network1,Network2
1,VIT_00s0748g00020,2075,1.0000,Receptor kinase RK20-1,,,,
2,VIT_16s0013g01590,2066,1.0000,No hit,,,,
3,VIT_02s0012g03260,2072,1.0000,No hit,,,,
4,VIT_05s0102g00610,2060,1.0000,No hit,,,,
5,VIT_17s0000g03050,2075,1.0000,Nodulin MtN21 family,MTN21,,vv50122Porters_cat_7_to_17,
6,VIT_16s0039g01110,2071,1.0000,Phenylalanin ammonia-lyase [Vitis vinifera],E4_3_1_5,,vv10350Tyrosine_metabolism,vv10360Phenylalanine_metabolism
7,VIT_06s0061g00960,2065,1.0000,Prolylcarboxypeptidase,E3_4_16_2,,,
8,VIT_03s0017g02120,2069,1.0000,UDP-glucose flavonoid 3-O-glucosyltransferase 2,E2_4_1_91,,vv10941Flavonoid_biosynthesis,
9,VIT_19s0014g03990,2064,1.0000,S-locus lectin protein kinase,,,,
10,VIT_18s0001g00650,2082,1.0000,No hit,,,,
11,VIT_14s0036g00100,2084,0.9995,Disease resistance protein (CC-NBS-LRR class),,,,
12,VIT_07s0141g00840,2079,0.9995,33 kDa secretory protein,,,,
13,VIT_16s0100g01130,2072,0.9995,Stilbene synthase [Vitis vinifera],E2_3_1_95,,vv10940Phenylpropanoid_biosynthesis,
14,VIT_10s0116g01440,2075,0.9990,F-box-like,,,,
15,VIT_18s0041g02450,2057,0.9985,RPS5 (resistant to p. syringae 5),K13460,,vv34627R_proteins_from_Plant-pathogen_interaction,
16,VIT_18s0041g02040,2069,0.9976,12-oxophytodienoate reductase,E1_3_1_42,,vv10592alpha-Linolenic_acid_metabolism,
17,VIT_07s0005g02930,2059,0.9956,No hit,,,,
18,VIT_13s0047g00390,2044,0.9946,3-hydroxyisobutyryl-CoA hydrolase,E3_1_2_4,,vv10280Valine_leucine_and_isoleucine_degradation,vv10410Beta-alanine_metabolism
19,VIT_00s0567g00040,2048,0.9903,Patatin,,,,
20,VIT_15s0021g02000,2040,0.9884,No hit,,,,
21,VIT_19s0015g02250,2038,0.9869,No hit,,,,
22,VIT_19s0014g04130,2029,0.9869,Serine/threonine-protein kinase receptor ARK3,,,,
23,VIT_15s0021g01600,2039,0.9841,Ethylene responsive element binding factor 2,ERF2,VvERF073,vv30008Ethylene_signaling,
24,VIT_05s0102g00790,2026,0.9825,Unknown protein,,,,
25,VIT_03s0063g02400,2027,0.9806,No hit,,,,
26,VIT_00s0409g00050,2031,0.9774,Receptor-like serine-threonine protein kinase,,,,
27,VIT_09s0054g00120,2021,0.9759,Kinesin family member 22,K10403,,vv44810Regulation_of_actin_cytoskeleton,
28,VIT_16s0100g01110,2019,0.9744,Resveratrol synthase (RS1),E2_3_1_95,,vv10940Phenylpropanoid_biosynthesis,
29,VIT_18s0001g10880,2023,0.9740,Patatin,,,,
30,VIT_18s0001g01370,2000,0.9732,Wall-associated receptor kinase 5,,,,
31,VIT_13s0064g01040,2016,0.9725,No hit,,,,
32,VIT_00s0746g00010<br>VIT_00s0871g00010<br>VIT_16s0013g01420<br>VIT_00s0655g00020,2014,0.9725,
33,VIT_14s0108g00300,2014,0.9720,Leucine Rich Repeat receptor-like kinase,,,,
34,VIT_05s0020g05000,1988,0.9679,Inhibitor of trypsin and hageman factor (CMTI-V),,,,
35,VIT_01s0011g02680,1986,0.9678,Myb-related protein 3R-1 (Plant c-MYB-like protein 1) MYB3R1,MYB3R1_5,,vv44110Cell_cycle,vv60044MYB
36,VIT_13s0175g00010,2005,0.9667,No hit,,,,
37,VIT_14s0006g01960,2003,0.9658,Unknown,,,,
38,VIT_03s0017g02140,1998,0.9652,Tetrahydroxychalcone 2'-glucosyltransferase,THCGT,,vv10941Flavonoid_biosynthesis,
39,VIT_05s0049g00560,1999,0.9634,Unknown protein,,,,
40,VIT_14s0036g00330,1996,0.9633,RPS2 (resistant to p. syringae 2),K13459,,vv34626Plant-pathogen_interaction,
41,VIT_01s0010g03230,2009,0.9626,HcrVf1 protein,,,,
42,VIT_12s0028g01450,1985,0.9589,S-receptor kinase,,,,
43,VIT_05s0102g00800,1985,0.9589,DEAH (Asp-Glu-Ala-His) box polypeptide 16,K12813,,vv23040Spliceosome,
44,VIT_00s0487g00020,1984,0.9585,Disease resistance protein (TIR-NBS-LRR class),,,,
45,VIT_12s0059g02600,1974,0.9550,Receptor protein kinase RK20-1,,,,
46,VIT_15s0048g00180,1980,0.9542,No hit,,,,
47,VIT_15s0046g02810,1967,0.9498,R protein  PRF  disease resistance protein,K13453,,vv34627R_proteins_from_Plant-pathogen_interaction,
48,VIT_00s0125g00160,1962,0.9483,No hit,,,,
49,VIT_12s0028g01440,1964,0.9479,S-receptor kinase,,,,
50,VIT_16s0039g02890,1962,0.9465,No hit,,,,
51,VIT_05s0020g02730,1947,0.9424,Nectarin IV NEC4,,,,
52,VIT_03s0017g01500,1954,0.9399,N-6 Adenine-specific DNA methylase,E2_1_1_72,,vv10271Methionine_metabolism,
53,VIT_14s0060g01860,1943,0.9382,No hit,,,,
54,VIT_18s0001g01710,1942,0.9377,DEAD box RNA helicase,DEADBOX,,vv50133Primary_active_transporter_cat_A9_to_A18,
55,VIT_18s0001g02760,1925,0.9377,Lipase GDSL,,,,
56,VIT_17s0000g07100,1938,0.9362,UDP-glucosyltransferase HRA25,,,,
57,VIT_03s0097g00240,1926,0.9340,No hit,,,,
58,VIT_14s0060g02660,1931,0.9333,Nuclear transcription factor Y subunit B-5,NFYB5_3,,vv60021CCAAT,
59,VIT_12s0028g01310,1930,0.9333,Germin-like protein 1,,,,
60,VIT_06s0009g03470,1931,0.9315,Unknown protein,,,,
61,VIT_02s0087g00460,1928,0.9305,Oxidoreductase  2OG-Fe(II) oxygenase,,,,
62,VIT_09s0002g03700,1928,0.9260,No hit,,,,
63,VIT_14s0081g00100,1896,0.9199,No hit,,,,
64,VIT_10s0071g00510,1910,0.9183,GRAM domain-containing protein / ABA-responsive,,,,
65,VIT_03s0063g00880,1894,0.9167,Calmodulin-binding protein,,,,
66,VIT_10s0042g00880,1887,0.9147,Stilbene synthase [Vitis pseudoreticulata],E2_3_1_95,,vv10940Phenylpropanoid_biosynthesis,
67,VIT_18s0001g14470,1892,0.9145,No hit,,,,
68,VIT_04s0044g00400,1886,0.9102,MTN21,MTN21,,vv50122Porters_cat_7_to_17,
69,VIT_00s0193g00010,1872,0.9035,No hit,,,,
70,VIT_16s0100g01040,1861,0.9008,Stilbene synthase - grape,E2_3_1_95,,vv10940Phenylpropanoid_biosynthesis,
71,VIT_01s0011g05890,1851,0.8972,S-adenosyl-L-methionine:salicylic acid carboxyl methyltransferase,SAMTBSCMT,,vv10360Phenylalanine_metabolism,
72,VIT_01s0011g02170,1859,0.8972,Endo-1 4-beta-glucanase,E3_2_1_4,,vv40006Cell_wall,
73,VIT_16s0148g00140,1821,0.8844,Ser/Thr receptor-like kinase1,,,,
74,VIT_12s0055g01270,1840,0.8842,Somatic embryogenesis receptor kinase 1 SERK1,,,,
75,VIT_05s0077g01570,1809,0.8799,Pathogenesis protein 10 [Vitis vinifera],,,,
76,VIT_13s0067g01490,1815,0.8789,NBS-LRR type disease resistance protein Rps1-k-1,,,,
77,VIT_00s1386g00010,1818,0.8774,F-box family protein,,,,
78,VIT_01s0011g02290,1805,0.8754,Zf A20 and AN1 domain-containing stress-associated protein 7,SAP7_3,,vv60077Other_zf-AN1,
79,VIT_01s0011g03240,1784,0.8724,PGPS/D12,,,,
80,VIT_06s0004g00800,1801,0.8713,Amino acid permease,AAPREL,,vv50123Porters_cat_18_to_29,
81,VIT_08s0007g00850,1793,0.8658,EFR (EF-TU receptor),K13428,,vv34626Plant-pathogen_interaction,
82,VIT_08s0007g03450,1777,0.8643,TFL1B protein [Vitis vinifera],TFL1,,vv30009Flower_development,
83,VIT_05s0020g04220,1781,0.8641,Calcium-transporting ATPase 13 ACA13,K01537,,vv34020Calcium_signaling_pathway,vv50131Primary_active_transporter_cat_A2_to_A4
84,VIT_01s0011g03030,1787,0.8641,No hit,,,,
85,VIT_14s0081g00340,1798,0.8632,Ankyrin repeat,K10380,,,
86,VIT_17s0119g00290,1776,0.8600,No hit,,,,
87,VIT_06s0004g00370,1777,0.8597,Hcr2-p4.1,,,,
88,VIT_10s0092g00670,1785,0.8590,Receptor kinase RK20-1,,,,
89,VIT_07s0104g00760,1776,0.8571,Unknown protein,,,,
90,VIT_16s0100g01190,1755,0.8524,Stilbene synthase [Vitis vinifera],E2_3_1_95,,vv10940Phenylpropanoid_biosynthesis,
91,VIT_15s0021g01260,1761,0.8499,Unknown,,,,
92,VIT_11s0149g00360,1744,0.8405,No hit,,,,
93,VIT_05s0051g00300,1724,0.8397,Disease resistance protein (TIR-NBS-LRR class),,,,
94,VIT_07s0151g00260,1745,0.8393,Quinone-oxidoreductase  Chloroplast,K03956,,vv10190Oxidative_phosphorylation,vv50134Primary_active_transporter_cat_D1
95,VIT_05s0094g01230,1736,0.8378,Allyl alcohol dehydrogenase,,,,
96,VIT_13s0047g00060,1720,0.8362,Pentatricopeptide (PPR) repeat-containing protein,,,,
97,VIT_09s0002g04430,1717,0.8347,Phox (PX) domain-containing protein,,,,
98,VIT_06s0004g04450,1727,0.8339,No hit,,,,
99,VIT_13s0067g03130,1717,0.8311,WRKY DNA-binding protein 55,WRKY55,VvWRKY40,vv60066WRKY,
100,VIT_04s0008g01010,1703,0.8267,No hit,,,,
101,VIT_03s0038g01770,1712,0.8267,Disease resistance protein (CC-NBS-LRR class),,,,
102,VIT_11s0103g00150,1708,0.8259,Potassium-sodium symporter HKT1,HKT1,,vv50124Porters_cat_30_to_64,
103,VIT_03s0063g00860,1708,0.8255,Serine carboxypeptidase,,,,
104,VIT_09s0002g08820,1698,0.8239,Ankyrin repeat protein family,K10380,,vv50108Accessory_factors_involved_in_transport,
105,VIT_19s0014g04450,1709,0.8224,S-locus protein kinase,,,,
106,VIT_06s0080g00730,1697,0.8206,Germin-like protein 1,,,,
107,VIT_16s0100g01010<br>VIT_16s0100g00950<br>VIT_16s0100g01030<br>VIT_16s0100g00990,1692,0.8194,
108,VIT_06s0080g00690,1698,0.8179,Peroxidase ATP14a,E1_11_1_7,,vv10360Phenylalanine_metabolism,vv10680Methane_metabolism
109,VIT_18s0075g00800,1690,0.8176,TIR-NBS disease resistance,,,,
110,VIT_10s0092g00680,1680,0.8112,Receptor kinase RK20-1,,,,
111,VIT_03s0038g03470,1671,0.8065,Auxin-induced SAUR,SAUR,,vv30003Auxin_signaling,
112,VIT_19s0014g04410,1670,0.8064,S-locus protein kinase,,,,
113,VIT_18s0001g00840,1664,0.8046,Syringolide-induced protein 14-1-1,,,,
114,VIT_14s0060g00520,1662,0.8006,TPA: class III peroxidase 70 precursor,E1_11_1_7,,vv10360Phenylalanine_metabolism,vv10680Methane_metabolism
115,VIT_18s0041g01210<br>VIT_18s0041g01160<br>VIT_18s0041g01170,1641,0.7974,
116,VIT_16s0022g01510,1622,0.7885,flavonoid 3' 5'-hydroxylase -like protein,E1_14_13_88,,vv10941Flavonoid_biosynthesis,
117,VIT_06s0004g01670,1619,0.7844,UDP-glucoronosyl and UDP-glucosyl transferase,,,,
118,VIT_16s0013g01130,1615,0.7821,No hit,,,,
119,VIT_14s0068g00310,1598,0.7754,Nuclear transport factor 2 (NTF2),NTF2,,vv50133Primary_active_transporter_cat_A9_to_A18,
120,VIT_17s0000g08750,1603,0.7733,ATPase-like domain-containing,,,,
121,VIT_14s0006g02560,1585,0.7709,RNA exonuclease 1,K14570,,vv23008Ribosome_biogenesis_in_Eukaryotes,
122,VIT_04s0023g00290,1598,0.7709,ABC transporter I member 2,ABCI2,,vv52010ABC_transporters,
123,VIT_19s0085g00180,1578,0.7642,SKP1-like 4 ASK4,K03094,,vv24120Ubiquitin_mediated_proteolysis,vv24141Protein_processing_in_endoplasmic_reticulum
124,VIT_15s0021g00550,1582,0.7635,No hit,,,,
125,VIT_19s0093g00380,1578,0.7627,RPS2 (resistant to p. syringae 2),K13459,,vv34626Plant-pathogen_interaction,
126,VIT_05s0062g01280,1569,0.7594,Cyclo-DOPA 5-O-glucosyltransferase,CD5OGT,,vv10350Tyrosine_metabolism,
127,VIT_19s0014g05030,1547,0.7481,No hit,,,,
128,VIT_14s0108g00060,1527,0.7402,Unknown protein,,,,
129,VIT_07s0197g00230,1524,0.7377,Disease resistance protein (CC-NBS-LRR class),,,,
130,VIT_02s0025g03390,1521,0.7369,Aquaporin TMP-C,TMPC,,vv50101Channels_and_pores,
131,VIT_13s0064g00320,1514,0.7346,R protein  PRF  disease resistance protein,K13453,,vv34627R_proteins_from_Plant-pathogen_interaction,
132,VIT_00s0252g00060,1518,0.7340,DnaJ homolog  subfamily C  member 7,K09527,,vv50132Primary_active_transporter_cat_A5_to_A8,
133,VIT_11s0052g01550,1515,0.7333,MATE efflux family protein,MATE,,vv50125Porters_cat_66_to_94,
134,VIT_09s0002g01200,1515,0.7312,Unknown protein,,,,
135,VIT_00s1247g00010,1511,0.7300,Lateral organ boundaries domain gene 36,LBD36_1,,vv60007AS2,
136,VIT_16s0100g01000,1495,0.7282,Stilbene synthase 4,E2_3_1_95,,vv10940Phenylpropanoid_biosynthesis,
137,VIT_16s0100g00770,1489,0.7232,Stilbene synthase,E2_3_1_95,,vv10940Phenylpropanoid_biosynthesis,
138,VIT_16s0098g00090,1494,0.7228,Zinc finger (C3HC4-type ring finger),ZFC3HC4_45,,vv60078Other_zf-C3HC4,
139,VIT_11s0037g00780,1499,0.7196,Serine carboxypeptidase II,,,,
140,VIT_07s0104g01500,1489,0.7186,Transcription termination factor mitochondrial mTERF,MTERF_10,,vv60085MTERF,
141,VIT_02s0025g01960,1488,0.7185,No hit,,,,
142,VIT_12s0028g00130,1476,0.7158,KCO6 (Ca2+ activated outward rectifying K+ channel 6),K05389_KCO6,,vv50101Channels_and_pores,
143,VIT_09s0002g00890,1480,0.7146,Jasmonate ZIM-domain protein 1,JAZ1_2,,vv30011Jasmonate_signaling,vv60069ZIM
144,VIT_19s0014g00830,1465,0.7122,RKF1 (receptor-like kinase in flowers 1),,,,
145,VIT_01s0011g05910,1460,0.7067,S-adenosyl-L-methionine:salicylic acid carboxyl methyltransferase,SAMTBSCMT,,vv10360Phenylalanine_metabolism,
146,VIT_00s0174g00010,1460,0.7060,No hit,,,,
147,VIT_08s0007g02690,1455,0.7043,Secoisolariciresinol dehydrogenase,SIRD,,vv10940Phenylpropanoid_biosynthesis,
148,VIT_02s0025g04280,1447,0.6937,Osmotin,,,,
149,VIT_03s0180g00200,1419,0.6885,Limonoid UDP-glucosyltransferase,E2_4_1_120,,vv10940Phenylpropanoid_biosynthesis,
150,VIT_07s0031g03060,1416,0.6884,NSL1 (necrotic spotted lesions 1),,,,
151,VIT_16s0148g00020,1431,0.6883,Ser/Thr receptor-like kinase1,,,,
152,VIT_05s0094g00160,1399,0.6762,No hit,,,,
153,VIT_18s0001g12560,1395,0.6746,Sugar transporter ERD6-like 6,ERD6L6,,vv50121Porters_cat_1_to_6,
154,VIT_09s0002g02440,1388,0.6692,ABC transporter C member 12,K05672,,vv52010ABC_transporters,
155,VIT_09s0054g01080,1390,0.6692,Polygalacturonase QRT3,E3_2_1_15,,vv40006Cell_wall,
156,VIT_00s0183g00060,1388,0.6683,No hit,,,,
157,VIT_09s0002g06310,1386,0.6660,No hit,,,,
158,VIT_17s0000g09310,1355,0.6505,Unknown protein,,,,
159,VIT_08s0007g01230,1336,0.6489,Lectin protein kinase,,,,
160,VIT_02s0025g03610,1324,0.6433,Phosphoribosylanthranilate transferase,E2_4_2_18,,vv10400Phenylalanine_tyrosine_and_tryptophan_biosynthesis,
161,VIT_16s0098g00880,1327,0.6423,Unknown protein,,,,
162,VIT_03s0063g02650,1325,0.6423,Hydrolase  alpha/beta fold,,,,
163,VIT_00s0692g00020,1323,0.6367,S-linalool synthase,E4_2_3_25,,vv10900Terpenoid_biosynthesis,
164,VIT_16s0148g00080,1300,0.6329,CCR4-NOT transcription complex  subunit 1,K12604,,vv23018RNA_degradation,
165,VIT_07s0141g00470,1310,0.6325,RNA polymerase Rpb7 N-terminal domain-containing,,,,
166,VIT_03s0038g01740,1293,0.6255,Disease resistance RPP8 2,,,,
167,VIT_13s0067g01100,1292,0.6239,RPM1 (resistance to p. syringae pv maculicola 1),K13457,,vv34626Plant-pathogen_interaction,
168,VIT_13s0101g00070,1287,0.6232,No hit,,,,
169,VIT_16s0039g01240<br>VIT_16s0039g01360<br>VIT_16s0039g01130<br>VITisv_009233<br>VIT_16s0039g01100<br>VIT_00s2508g00010<br>VITisv_032212<br>VIT_16s0039g01120<br>VIT_16s0039g01320<br>VIT_00s2849g00010<br>VIT_16s0039g01300<br>VIT_16s0039g01170<br>VIT_16s0039g01280,1282,0.6229,
170,VIT_12s0028g02700,1276,0.6221,Isoflavone methyltransferase/ Orcinol O-methyltransferase 1 oomt1,E2_1_1_46,,vv10943Isoflavonoid_biosynthesis,
171,VIT_01s0011g00990,1293,0.6216,RPM1 (resistance to p. syringae pv maculicola 1),K13457,,vv34626Plant-pathogen_interaction,
172,VIT_02s0033g00630,1281,0.6185,Nitrilase,E3_5_5_1,,vv10460Cyanoamino_acid_metabolism,vv10910Nitrogen_metabolism
173,VIT_16s0100g01200<br>VIT_16s0100g01070,1270,0.6156,
174,VIT_06s0004g00790,1264,0.6136,Amino acid permease,AAPREL,,vv50123Porters_cat_18_to_29,
175,VIT_01s0011g01850,1255,0.6098,Cytochrome c6 (ATC6),K08906,,vv10195Photosynthesis,vv50105Transport_electron_carriers
176,VIT_05s0049g01190,1251,0.6058,Receptor serine/threonine kinase,,,,
177,VIT_04s0079g00020,1250,0.6033,Cysteine-rich receptor-like protein kinase 2,,,,
178,VIT_13s0019g04440,1244,0.5998,Zinc finger (C3HC4-type ring finger),ZFC3HC4_163,,vv60078Other_zf-C3HC4,
179,VIT_00s0187g00080,1241,0.5995,No hit,,,,
180,VIT_19s0014g00650,1229,0.5946,No hit,,,,
181,VIT_01s0026g00010,1221,0.5910,No hit,,,,
182,VIT_07s0205g00190,1222,0.5906,Basic helix-loop-helix (bHLH) family,BHLHDOM_57,,vv60011BHLH,
183,VIT_01s0010g01960,1211,0.5859,Anionic peroxidase,E1_11_1_7,,vv10360Phenylalanine_metabolism,vv10680Methane_metabolism
184,VIT_17s0000g04360,1196,0.5789,Wall-associated kinase 2 (WAK2),,,,
185,VIT_09s0002g04730,1196,0.5783,No hit,,,,
186,VIT_08s0007g04020,1197,0.5774,AT-hook protein 1 (AHP1),HMGIY_1,,vv60035HMG,
187,VIT_17s0000g00640,1167,0.5676,No hit,,,,
188,VIT_16s0100g00750,1165,0.5609,Stilbene synthase,E2_3_1_95,,vv10940Phenylpropanoid_biosynthesis,
189,VIT_13s0158g00290,1167,0.5602,R protein MLA10,K13475,,vv34627R_proteins_from_Plant-pathogen_interaction,
190,VIT_08s0007g05350,1155,0.5569,Haloacid dehalogenase hydrolase,E3_1_3_18,,vv10630Glyoxylate_and_dicarboxylate_metabolism,
191,VIT_18s0157g00060,1147,0.5568,Allinase,E4_4_1_4,,vv10272Cysteine_metabolism,
192,VIT_12s0059g02620,1149,0.5561,Receptor protein kinase RK20-1,,,,
193,VIT_02s0012g02720,1145,0.5561,RPM1 (resistance to p. syringae pv maculicola 1),K13457,,vv34626Plant-pathogen_interaction,
194,VIT_01s0026g02570,1153,0.5551,Kafirin cluster,,,,
195,VIT_11s0037g01110,1138,0.5524,Unknown protein,,,,
196,VIT_04s0008g03570,1133,0.5511,Unknown protein,,,,
197,VIT_00s0475g00010,1141,0.5494,Glycosyl transferase family 8 protein,,,,
198,VIT_18s0086g00520,1142,0.5493,No hit,,,,
199,VIT_03s0038g01590,1124,0.5480,Disease resistance protein (CC-NBS-LRR class),,,,
200,VIT_09s0002g05180,1136,0.5448,No hit,,,,
201,VIT_04s0069g00740,1123,0.5433,Glutamate receptor 2.8,GLR2_8,,vv50101Channels_and_pores,
202,VIT_17s0000g01030,1126,0.5432,11-beta-hydroxysteroid dehydrogenase,E1_1_1_146,,vv10140C21-Steroid_hormone_metabolism,
203,VIT_08s0007g05290,1129,0.5430,No hit,,,,
204,VIT_00s0409g00060,1117,0.5412,Cysteine-rich receptor-like protein kinase 25,,,,
205,VIT_13s0019g05060,1117,0.5396,Nodulin-like protein,,,,
206,VIT_19s0015g00550,1121,0.5392,Nudix hydrolase 10,,,,
207,VIT_17s0000g05800,1110,0.5339,Delta-1-pyrroline-5-carboxylate dehydrogenase (P5CDH),E1_5_1_12,,vv10251Glutamate_metabolism,vv10330Arginine_and_proline_metabolism
208,VIT_06s0004g07540,1107,0.5335,Secoisolariciresinol dehydrogenase,SIRD,,vv10940Phenylpropanoid_biosynthesis,
209,VIT_04s0069g00920,1100,0.5324,WRKY DNA-binding protein 11,WRKY11_2,VvWRKY10,vv60066WRKY,
210,VIT_19s0014g01090,1081,0.5245,No hit,,,,
211,VIT_00s2659g00010,1089,0.5228,CRK10 (cysteine-rich RLK10),,,,
212,VIT_16s0013g02150,1077,0.5210,No hit,,,,
213,VIT_03s0038g02940,1069,0.5184,Transducin protein,,,,
214,VIT_10s0092g00570,1065,0.5180,Leucine-rich repeat family,,,,
215,VIT_08s0058g00100,1064,0.5163,Disease resistance protein SlVe2 precursor,,,,
216,VIT_15s0046g02170,1056,0.5134,3-methyl-2-oxobutanoate hydroxy-methyl-transferase,E2_1_2_11,,vv10770Pantothenate_and_CoA_biosynthesis,
217,VIT_08s0056g00850,1051,0.5080,No hit,,,,
218,VIT_03s0091g01270,1037,0.5022,Sinapoylglucose-choline O-sinapoyltransferase,E2_3_1_91,,vv10940Phenylpropanoid_biosynthesis,
219,VIT_14s0066g00130,1039,0.5017,Unknown protein,,,,
220,VIT_09s0002g06170,1027,0.4957,No hit,,,,
221,VIT_11s0016g05150,1029,0.4949,Pentatricopeptide (PPR) repeat-containing protein,,,,
222,VIT_18s0117g00080,1021,0.4949,R protein L6,K13477,,vv34627R_proteins_from_Plant-pathogen_interaction,
223,VIT_09s0002g05580,1020,0.4944,No hit,,,,
224,VIT_16s0050g00480,1022,0.4925,CYP715A1,,,,
225,VIT_18s0001g06120<br>VIT_18s0001g06090,1019,0.4897,
226,VIT_15s0024g01670,1008,0.4870,Receptor kinase RK20-1,,,,
227,VIT_14s0060g00360,1002,0.4824,Isopenicillin N epimerase,E5_1_1_17,,vv10311Penicillin_and_cephalosporin_biosynthesis,
228,VIT_16s0098g00460,999,0.4821,Lipase class 3,,,,
229,VIT_13s0019g05070,991,0.4794,Nodulin family protein,,,,
230,VIT_10s0092g00580,991,0.4783,No hit,,,,
231,VIT_15s0048g01350,975,0.4733,Gibberellin receptor GID1L3,GID1C,,vv30010Gibberellin_signaling,
232,VIT_05s0020g00500,975,0.4731,Alpha-L-arabinofuranosidase,E3_2_1_55,,vv10520Nucleotide_sugars_metabolism,
233,VIT_16s0050g00010,967,0.4681,Receptor kinase homolog LRK14,,,,
234,VIT_09s0002g05420,963,0.4659,ABC transporter g family pleiotropic drug resistance 12 PDR12,ABCGPDR12,,vv52010ABC_transporters,
235,VIT_03s0038g03340,963,0.4614,Unknown protein,,,,
236,VIT_16s0100g01140,953,0.4602,Stilbene synthase 2,E2_3_1_95,,vv10940Phenylpropanoid_biosynthesis,
237,VIT_07s0031g01130,947,0.4597,Ascorbate oxidase,E1_10_3_3,,vv10053Ascorbate_and_aldarate_metabolism,vv50109Incompletely_characterized_transport_systems
238,VIT_11s0016g05310,956,0.4592,Peroxidase,E1_11_1_7,,vv10360Phenylalanine_metabolism,vv10680Methane_metabolism
239,VIT_05s0020g03360,944,0.4589,Unknown,,,,
240,VIT_10s0116g01310,933,0.4525,F-box family protein,,,,
241,VIT_12s0034g01400,930,0.4493,Ring-H2 finger C1A,RHC1A,,vv60078Other_zf-C3HC4,
242,VIT_13s0019g04130,916,0.4475,AarF domain containing kinase,K08869,,,
243,VIT_11s0052g01510,916,0.4455,MATE efflux family protein,MATE,,vv50125Porters_cat_66_to_94,
244,VIT_08s0058g00430,918,0.4433,ferritin,E1_16_3_1,,vv10860Porphyrin_and_chlorophyll_metabolism,
245,VIT_06s0061g01560,911,0.4401,PINOID,PINOID,,vv50004Auxin_transport,vv50125Porters_cat_66_to_94
246,VIT_05s0136g00140,902,0.4362,AarF domain containing kinase,K08869,,,
247,VIT_19s0014g04250,900,0.4358,S-locus protein kinase,,,,
248,VIT_18s0001g05550,889,0.4316,Splicing factor  arginine/serine-rich 2,K12891,,vv23040Spliceosome,
249,VIT_10s0003g05780,887,0.4291,Lipid transfer protein 12,LTP12,,,
250,VIT_04s0008g02720,889,0.4286,Myosin heavy chain,K10352,,vv44810Regulation_of_actin_cytoskeleton,
251,VIT_11s0052g01160,888,0.4267,ARR10 (Arabidopsis response regulator 10),ARR10,,vv30007Cytokinin_signaling,vv60006ARR-B
252,VIT_01s0010g00120,860,0.4165,No hit,,,,
253,VIT_18s0166g00230,847,0.4118,S-receptor kinase,,,,
254,VIT_11s0052g00830,851,0.4111,Vernalization insensitive 3,VIN3,,vv30009Flower_development,
255,VIT_07s0005g05690,838,0.4094,Trehalose 6-phosphate synthase,E2_4_1_15,,vv10500Starch_and_sucrose_metabolism,
256,VIT_05s0020g04310,840,0.4058,No hit,,,,
257,VIT_12s0059g02540,839,0.4057,CRK10 (cysteine-rich RLK10),,,,
258,VIT_03s0063g02270,818,0.3936,Cytochrome c biogenesis orf452,,,,
259,VIT_01s0010g03430,811,0.3920,HcrVf1 protein,,,,
260,VIT_18s0001g07750,810,0.3915,Sas10/U3 ribonucleoprotein,,,,
261,VIT_14s0030g01220,811,0.3893,No hit,,,,
262,VIT_18s0001g05400,801,0.3857,Unknown,,,,
263,VIT_16s0100g00830<br>VIT_16s0100g01120<br>VIT_16s0100g00780<br>VIT_16s0100g00910,798,0.3853,
264,VIT_09s0002g00410,798,0.3849,No hit,,,,
265,VIT_06s0004g08060,791,0.3807,Lipid transfer protein 3,LTP3,,,
266,VIT_12s0034g01040,790,0.3800,No hit,,,,
267,VIT_10s0597g00050,785,0.3790,Heat shock transcription factor B2A,HSFB2A_3,,vv60037HSF,
268,VIT_07s0031g02340,781,0.3788,Amino acid permease 2,AAP2,,vv50123Porters_cat_18_to_29,
269,VIT_08s0007g05220,782,0.3787,Unknown,,,,
270,VIT_07s0197g00170<br>VIT_00s0487g00030<br>VIT_07s0197g00240<br>VIT_00s0487g00010<br>VIT_07s0031g01070<br>VIT_07s0197g00130<br>VIT_07s0197g00120<br>VIT_07s0197g00210<br>VIT_07s0197g00140<br>VIT_07s0197g00220,779,0.3778,
271,VIT_19s0177g00030,783,0.3777,Gibberellin 2-beta-dioxygenase 7,E1_14_11_13,,vv10904Diterpenoid_biosynthesis,
272,VIT_11s0016g04000,773,0.3763,Unknown protein,,,,
273,VIT_09s0070g00730,778,0.3760,No hit,,,,
274,VIT_17s0000g08020,764,0.3712,Unknown protein,,,,
275,VIT_07s0104g00940,770,0.3711,No hit,,,,
276,VIT_13s0019g04060,766,0.3697,MLO1,K08472,,,
277,VIT_15s0048g00170,767,0.3696,H(+)-ATPase 4 AHA4,K01535,,vv10190Oxidative_phosphorylation,vv50131Primary_active_transporter_cat_A2_to_A4
278,VIT_03s0088g00590,762,0.3674,MADS-box agamous-like 61,AGL61_2,,vv60042MADS,
279,VIT_03s0038g01620,758,0.3646,R protein MLA10,K13475,,vv34627R_proteins_from_Plant-pathogen_interaction,
280,VIT_03s0063g00430,754,0.3623,Alpha-amylase / 1 4-alpha-D-glucan glucanohydrolase,E3_2_1_1,,vv10500Starch_and_sucrose_metabolism,
281,VIT_12s0059g02590,751,0.3621,Receptor protein kinase RK20-1,,,,
282,VIT_13s0019g03730,751,0.3618,No hit,,,,
283,VIT_19s0015g02690,736,0.3578,Glutathione S-transferase 25 GSTU25,E2_5_1_18_GSTU25,,vv10480Glutathione_metabolism,
284,VIT_01s0150g00090,738,0.3550,AML5 (arabidopsis mei2-like protein 5),AML5,,vv44110Cell_cycle,
285,VIT_01s0011g04780,727,0.3510,Unknown protein,,,,
286,VIT_12s0034g02000,725,0.3492,Cupin,,,,
287,VIT_11s0016g01260,717,0.3457,Early flowering 8 (ELF8),ELF8,,vv30009Flower_development,
288,VIT_13s0067g03850,715,0.3452,Unknown protein,,,,
289,VIT_13s0101g00300,714,0.3446,R protein MLA10,K13475,,vv34627R_proteins_from_Plant-pathogen_interaction,
290,VIT_18s0001g05310,710,0.3430,F-box domain containing protein,,,,
291,VIT_03s0091g01110,707,0.3415,Meprin and TRAF homology domain-containing protein,,,,
292,VIT_07s0129g01010,700,0.3396,Unknown,,,,
293,VIT_03s0038g03500,699,0.3372,Auxin-induced SAUR,SAUR,,vv30003Auxin_signaling,
294,VIT_10s0003g02320<br>VIT_10s0003g02300<br>VIT_10s0003g02390<br>VIT_10s0003g02350<br>VIT_10s0003g02340<br>VIT_10s0003g02400,690,0.3345,
295,VIT_16s0100g00170,687,0.3312,Xyloglucan endotransglucosylase/hydrolaseXTR2,E2_4_1_207,,vv40006Cell_wall,
296,VIT_08s0040g02760,680,0.3311,Ankyrin repeat,K10380,,vv50108Accessory_factors_involved_in_transport,
297,VIT_03s0091g00880,683,0.3303,Endoxylanase,E3_2_1_136,,vv40006Cell_wall,
298,VIT_05s0049g01420,684,0.3301,Peroxisomal membrane protein PMP22,,,,
299,VIT_04s0008g02890,682,0.3292,Receptor kinase,,,,
300,VIT_14s0060g01280,673,0.3267,Pyrophosphate-energized vacuolar membrane proton pump,K01507,,vv10190Oxidative_phosphorylation,vv50133Primary_active_transporter_cat_A9_to_A18
301,VIT_07s0005g03210,669,0.3237,Ethylene-responsive transcription factor ERF098,ERF098_4,VvERF094,vv30008Ethylene_signaling,vv60003AP2_EREBP
302,VIT_19s0014g02850,668,0.3227,Dynein light subunit lc6  flagellar outer arm,K10418,,vv44810Regulation_of_actin_cytoskeleton,
303,VIT_07s0031g01640,662,0.3214,ABC transporter F member 8,ABCF8,,vv52010ABC_transporters,
304,VIT_12s0028g02950<br>VIT_12s0028g02920<br>VIT_12s0028g02880,661,0.3184,
305,VIT_13s0047g00550,660,0.3184,Cinnamyl alcohol dehydrogenase,E1_1_1_195,,vv10940Phenylpropanoid_biosynthesis,
306,VIT_00s0194g00280,654,0.3172,Cyclin D3_1,CYCD3_1,,vv44110Cell_cycle,
307,VIT_03s0038g04060,654,0.3166,Expansin EXPA20,EXPA20,,vv30003Auxin_signaling,
308,VIT_11s0016g00570,645,0.3140,Dimethylaniline monooxygenase (N-oxide forming) 2,E1_14_13_8,,vv11000Single_reactions,
309,VIT_10s0042g00800,648,0.3130,Proteasome 26S regulatory subunit (RPN2),K03032,,vv23050Proteasome,
310,VIT_18s0117g00280,635,0.3083,Coatomer protein complex  subunit beta 2,COPB2,,vv50110Protein_coat,
311,VIT_14s0081g00350,631,0.3051,Ankyrin repeat,K10380,,,
312,VIT_00s0250g00090,624,0.3019,Oxidoreductase  2OG-Fe(II) oxygenase,,,,
313,VIT_08s0007g03790,625,0.3014,CBF transcription factor,CBF1_3,,vv30008Ethylene_signaling,vv60003AP2_EREBP
314,VIT_18s0001g08040,621,0.2997,Basic helix-loop-helix (bHLH) family,BHLHDOM_24,,vv60011BHLH,
315,VIT_08s0007g01990,620,0.2994,Potassium channel tetramerisation domain-containing protein,KCTREL,,vv50101Channels_and_pores,
316,VIT_08s0056g00880,618,0.2978,No hit,,,,
317,VIT_09s0002g06160,616,0.2974,Ser/thr specific protein kinase,,,,
318,VIT_12s0028g01650,613,0.2966,S-receptor kinase,,,,
319,VIT_18s0001g11630,610,0.2958,Allene oxide synthase,E4_2_1_92,,vv10592alpha-Linolenic_acid_metabolism,
320,VIT_00s0274g00090,611,0.2955,Quinone oxidoreductase,K03956,,vv10190Oxidative_phosphorylation,vv50134Primary_active_transporter_cat_D1
321,VIT_00s0437g00050,607,0.2937,Receptor kinase RK20-1,,,,
322,VIT_03s0038g04050,609,0.2928,Unknown,,,,
323,VIT_19s0090g01210,604,0.2915,Trigger factor type chaperone,,,,
324,VIT_12s0028g02280,601,0.2913,Calcium-dependent protein kinase 13 CPK13,CPK13,,vv34626Plant-pathogen_interaction,
325,VIT_10s0042g01240,602,0.2911,Transducin protein,,,,
326,VIT_16s0022g00270,605,0.2909,Receptor Like Protein 52,,,,
327,VIT_16s0022g02150,597,0.2888,Lectin,,,,
328,VIT_09s0002g05310,599,0.2887,2-oxoglutarate-dependent dioxygenase,,,,
329,VIT_13s0019g04160,595,0.2880,Protein kinase,,,,
330,VIT_00s0480g00030,596,0.2879,Polyphenol oxidase,E1_10_3_1,,vv10350Tyrosine_metabolism,vv50109Incompletely_characterized_transport_systems
331,VIT_09s0096g00480,589,0.2858,Potassium channel SKOR,SKOR,,vv50101Channels_and_pores,
332,VIT_18s0001g13400,591,0.2856,Papain cysteine proteinase isoform I,E3_4_22_2,,,
333,VIT_09s0054g01090,592,0.2849,Cycloartenol synthase,E5_4_99_8,,vv10100Biosynthesis_of_steroids,
334,VIT_15s0021g00060,585,0.2825,Eceriferum 1 (CER1 protein) Sterol desaturase,,,,
335,VIT_00s0409g00010,581,0.2811,Receptor kinase RK20-1,,,,
336,VIT_01s0026g01690,579,0.2805,Ethylene-responsive transcription factor WRINKLED 1,WRINKLED1_4,VvAP2-08,vv30008Ethylene_signaling,vv60003AP2_EREBP
337,VIT_07s0005g03220,580,0.2802,Ethylene-responsive transcription factor ERF098,ERF098_1,VvERF098,vv30008Ethylene_signaling,vv60003AP2_EREBP
338,VIT_18s0001g05520,577,0.2796,(-)-germacrene D synthase,E4_2_3_22,,vv10900Terpenoid_biosynthesis,
339,VIT_01s0010g01910,569,0.2758,Nuclear transcription factor Y subunit B-5,NFYB5_6,,vv60021CCAAT,
340,VIT_17s0053g00920,574,0.2752,No hit,,,,
341,VIT_14s0128g00390,565,0.2720,Mitochondrial FAD carrier,MFADC,,vv50123Porters_cat_18_to_29,
342,VIT_12s0035g02150,555,0.2690,ferric reduction oxidase 7 FRO7,FRO7,,vv50105Transport_electron_carriers,
343,VIT_18s0001g04620,554,0.2680,Casein kinase II subunit beta-2,K03115,,vv23008Ribosome_biogenesis_in_Eukaryotes,vv34710Circadian_rhythm
344,VIT_19s0014g01730,551,0.2671,Glutamate receptor 2.8,GLR2_8,,vv50101Channels_and_pores,
345,VIT_07s0191g00070,550,0.2656,SNF1-related protein kinase 2.7 SNRK2.7 SRK2F,SRK2F,,vv30001ABA_signaling,
346,VIT_19s0085g00400,546,0.2633,No hit,,,,
347,VIT_12s0057g01480,541,0.2615,Glucose-1-phosphate adenylyltransferase small subunit  chloroplast,E2_7_7_27,,vv10500Starch_and_sucrose_metabolism,
348,VIT_09s0054g00590,538,0.2598,No hit,,,,
349,VIT_16s0100g00860<br>VIT_16s0100g00940<br>VIT_16s0100g00800<br>VIT_16s0100g00920<br>VIT_16s0100g00930<br>VIT_16s0100g00810<br>VIT_16s0100g00840<br>VIT_16s0100g00850,539,0.2591,
350,VIT_18s0001g02590,533,0.2580,LRR receptor-like kinase 2,,,,
351,VIT_05s0020g05050,534,0.2575,Cellulose synthase CSLE1,E2_4_1_12_CSLE1,,vv40006Cell_wall,
352,VIT_05s0102g00780,525,0.2536,Unknown protein,,,,
353,VIT_01s0011g05920,514,0.2496,S-adenosyl-L-methionine:salicylic acid carboxyl methyltransferase,SAMTBSCMT,,vv10360Phenylalanine_metabolism,
354,VIT_12s0028g02470,511,0.2475,Phospholipase A1,E3_1_1_32,,vv10564Glycerophospholipid_metabolism,vv10592Alpha-linolenic_acid_metabolism
355,VIT_12s0121g00220,513,0.2457,Xylan 1 4-beta-xylosidase,E3_2_1_37,,vv10500Starch_and_sucrose_metabolism,vv10520Nucleotide_sugars_metabolism
356,VIT_07s0031g00570,511,0.2457,Lipase class 3,,,,
357,VIT_19s0015g00120,493,0.2397,No hit,,,,
358,VIT_11s0016g01600,492,0.2368,Ankyrin repeat protein family,K10380,,vv50108Accessory_factors_involved_in_transport,
359,VIT_13s0101g00250,480,0.2328,Cinnamyl alcohol dehydrogenase,E1_1_1_195,,vv10940Phenylpropanoid_biosynthesis,
360,VIT_17s0000g08100,481,0.2320,UDP-glucoronosyl and UDP-glucosyl transferase,,,,
361,VIT_12s0121g00310,477,0.2318,Somatic embryogenesis receptor kinase 1 SERK1,,,,
362,VIT_16s0039g01090,480,0.2312,CYP89A2,,,,
363,VIT_08s0040g02320,474,0.2285,Pentatricopeptide (PPR) repeat-containing,,,,
364,VIT_06s0009g00370,470,0.2279,U-box domain-containing protein,,,,
365,VIT_18s0001g01180,471,0.2279,Vacuolar sorting-associated protein (Vps27),VPS27,,vv50111Tethering_factors,
366,VIT_09s0002g08860,470,0.2274,Kelch repeat-containing F-box family protein,,,,
367,VIT_16s0022g02230,466,0.2247,Leucine-rich repeat receptor protein kinase EXS,,,,
368,VIT_12s0055g01000,464,0.2243,Peroxidase,E1_11_1_7,,vv10360Phenylalanine_metabolism,vv10680Methane_metabolism
369,VIT_07s0031g01420,463,0.2239,ATATH13,ATH13,,vv52010ABC_transporters,
370,VIT_12s0035g00080<br>VIT_12s0035g00030<br>VIT_12s0035g00190,464,0.2233,
371,VIT_00s0567g00050,459,0.2224,Patatin 2,,,,
372,VIT_07s0130g00100,454,0.2203,Auxin responsive SAUR protein,SAUR,,vv30003Auxin_signaling,
373,VIT_06s0004g05650,454,0.2193,Unknown protein,,,,
374,VIT_11s0016g03770,445,0.2156,Dynein light chain LC6  flagellar outer arm,K10418,,vv44810Regulation_of_actin_cytoskeleton,
375,VIT_09s0002g01720,446,0.2149,No hit,,,,
376,VIT_04s0008g05170,441,0.2129,Unknown protein,,,,
377,VIT_07s0005g03230,440,0.2129,Transcription factor TSRF1,ERF1_4,VvERF099,vv30008Ethylene_signaling,vv30011Jasmonate_signaling
378,VIT_08s0040g01650,437,0.2120,Protein kinase,,,,
379,VIT_18s0001g01010,436,0.2113,Laccase,E1_10_3_2,,vv11000Single_reactions,vv50109Incompletely_characterized_transport_systems
380,VIT_08s0007g07320,439,0.2108,Unknown protein,,,,
381,VIT_07s0031g02400,438,0.2107,Amino acid permease,AAPREL,,vv50123Porters_cat_18_to_29,
382,VIT_18s0041g01980,434,0.2097,No hit,,,,
383,VIT_13s0019g05010,438,0.2094,Nodulin-like protein,,,,
384,VIT_18s0001g06550,430,0.2082,far-red impaired responsive family protein,FRSFAM_14,,vv60071Orphans_far-red,
385,VIT_01s0010g02010,429,0.2077,Anionic peroxidase,E1_11_1_7,,vv10360Phenylalanine_metabolism,vv10680Methane_metabolism
386,VIT_07s0005g03260,432,0.2070,Transcription factor TSRF1,ERF1_7,VvERF100,vv30008Ethylene_signaling,vv30011Jasmonate_signaling
387,VIT_07s0005g05340,424,0.2047,No hit,,,,
388,VIT_18s0001g10910,423,0.2045,Patatin,,,,
389,VIT_16s0022g02340,421,0.2041,fructokinase-2,E2_7_1_4,,vv10051Fructose_and_mannose_metabolism,vv10500Starch_and_sucrose_metabolism
390,VIT_05s0094g00200,419,0.2030,Chitinase class IV,E3_2_1_14,,vv10530Aminosugars_metabolism,
391,VIT_05s0020g03260,419,0.2025,Copper amine oxidase,E1_4_3_6,,vv10220Urea_cycle_and_metabolism_of_amino_groups,vv10340Histidine_metabolism
392,VIT_19s0014g04280,419,0.2020,S-locus protein kinase,,,,
393,VIT_16s0050g02220,418,0.2016,Acidic endochitinase (CHIB1),E3_2_1_14,,vv10530Aminosugars_metabolism,
394,VIT_19s0090g01000,418,0.2013,VTC2 (vitamin C defective),VTC2,,vv10053Ascorbate_and_aldarate_metabolism,
395,VIT_12s0035g01650,409,0.1984,NtPRp27 secretory protein,,,,
396,VIT_13s0064g00700,408,0.1980,Unknown,,,,
397,VIT_00s0207g00290,408,0.1970,No hit,,,,
398,VIT_07s0005g05780,395,0.1904,Pantoate--beta-alanine ligase,E6_3_2_1,,vv10410Beta-alanine_metabolism,vv10770Pantothenate_and_CoA_biosynthesis
399,VIT_05s0029g00490,393,0.1903,Pentatricopeptide (PPR) repeat,,,,
400,VIT_19s0014g01860,388,0.1876,RNA exonuclease 4,,,,
401,VIT_17s0000g05540,388,0.1875,H(+)-ATPase 11 AHA11,K01535,,vv10190Oxidative_phosphorylation,vv50131Primary_active_transporter_cat_A2_to_A4
402,VIT_08s0007g01040,382,0.1859,Aldo-keto reductase,E1_1_1_21,,vv10040Pentose_glucuronate_interconversion,vv10051Fructose_and_mannose_metabolism
403,VIT_17s0000g00730,382,0.1845,ATP binding / DNA binding,,,,
404,VIT_10s0042g00370,379,0.1834,R protein disease resistance protein,RPROT,,vv34627R_proteins_from_Plant-pathogen_interaction,
405,VIT_18s0001g13760,377,0.1830,CYP71AT2v2,,,,
406,VIT_00s2485g00010,377,0.1829,CRK10 (cysteine-rich RLK10),,,,
407,VIT_07s0005g04530,377,0.1827,Pentatricopeptide (PPR) repeat-containing protein,,,,
408,VIT_00s0262g00090,376,0.1826,Receptor kinase RK20-1,,,,
409,VIT_05s0062g00830,378,0.1826,Ribosomal protein S1,K02945,,vv23010Ribosome,
410,VIT_18s0001g15720,374,0.1813,Leucine Rich Repeat receptor-like kinase,,,,
411,VIT_04s0008g02460,371,0.1789,H+-transporting ATPase  Plasma membrane,K01535,,vv10190Oxidative_phosphorylation,vv50131Primary_active_transporter_cat_A2_to_A4
412,VIT_19s0090g00870,368,0.1778,Unknown protein,,,,
413,VIT_11s0016g01860,369,0.1773,RPS2 (resistant to p. syringae 2),K13459,,vv34626Plant-pathogen_interaction,
414,VIT_14s0171g00400,360,0.1740,Lysine histidine transporter 1,LHT1,,vv50123Porters_cat_18_to_29,
415,VIT_17s0053g00110,359,0.1737,Pentatricopeptide (PPR) repeat-containing,,,,
416,VIT_14s0171g00350,351,0.1701,No hit,,,,
417,VIT_17s0000g07070,345,0.1682,UDP-glucoronosyl and UDP-glucosyl transferase,,,,
418,VIT_02s0033g00700,346,0.1675,Nitrilase,E3_5_5_1,,vv10460Cyanoamino_acid_metabolism,vv10910Nitrogen_metabolism
419,VIT_10s0003g05640,341,0.1645,UDP-arabinose 4-epimerase 3,E5_1_3_5,,vv10520Nucleotide_sugars_metabolism,
420,VIT_16s0013g00210,337,0.1630,Metacaspase 1,,,,
421,VIT_09s0018g01820,336,0.1627,MKK5,K13413_MKK5,,vv34626Plant-pathogen_interaction,
422,VIT_10s0003g00880,338,0.1626,Nudix hydrolase 15,,,,
423,VIT_09s0070g00560,333,0.1614,EIX receptor,,,,
424,VIT_18s0041g00160,333,0.1610,Disease resistance protein (NBS class),,,,
425,VIT_12s0178g00040,332,0.1609,Dentin sialophosphoprotein,,,,
426,VIT_18s0089g00950,332,0.1609,F-box family protein,,,,
427,VIT_02s0012g00440,331,0.1591,Norcoclaurine synthase,E4_2_1_78,,vv10950Alkaloid_biosynthesis_I,
428,VIT_16s0100g00880,328,0.1589,Stilbene synthase [Vitis pseudoreticulata],E2_3_1_95,,vv10940Phenylpropanoid_biosynthesis,
429,VIT_10s0003g04050,327,0.1587,Unknown protein,,,,
430,VIT_13s0067g02580,324,0.1564,R protein MLA10,K13475,,vv34627R_proteins_from_Plant-pathogen_interaction,
431,VIT_18s0001g09520,322,0.1561,CYP81B2v2,,,,
432,VIT_18s0001g10180,319,0.1547,N-hydroxycinnamoyl/benzoyltransferase 3,,,,
433,VIT_09s0002g02120,321,0.1547,Beta-galactosidase,E3_2_1_23,,vv10052Galactose_metabolism,vv10511N-Glycan_degradation
434,VIT_01s0011g00190,314,0.1519,Brassinosteroid-6-oxidase [Vitis vinifera],K09590,,vv10905Brassinosteroid_biosynthesis,
435,VIT_00s0202g00050,313,0.1505,Unknown,,,,
436,VIT_04s0044g00870,308,0.1494,U-box domain containing protein,,,,
437,VIT_01s0011g02670,309,0.1491,Unknown,,,,
438,VIT_01s0146g00480,301,0.1451,TIFY 9 (Jasmonate ZIM domain-containing protein 10),JAZ10,,vv30011Jasmonate_signaling,vv60069ZIM
439,VIT_07s0141g00930,299,0.1450,33 kDa secretory protein,,,,
440,VIT_11s0016g03780,297,0.1442,Continuous vascular ring (COV1),COV1,,vv30003Auxin_signaling,
441,VIT_16s0148g00060,290,0.1400,Receptor kinase homolog LRK10,,,,
442,VIT_18s0001g08820,288,0.1393,Unknown protein,,,,
443,VIT_16s0022g00960,287,0.1386,Invertase/pectin methylesterase inhibitor,PMEI,,vv40006Cell_wall,
444,VIT_16s0022g00310,283,0.1366,EIX receptor 2,K13466,,vv34626Plant-pathogen_interaction,
445,VIT_16s0050g00460,281,0.1362,DD1A protein,,,,
446,VIT_13s0019g01300,279,0.1348,No hit,,,,
447,VIT_07s0005g02660,277,0.1345,ABC transporter B member 13,ABCB13,,vv52010ABC_transporters,
448,VIT_18s0001g14390,275,0.1325,Transducin protein,,,,
449,VIT_11s0065g00500,275,0.1324,Small G protein / RhoGAP,RHOGAP,,vv50109Incompletely_characterized_transport_systems,
450,VIT_00s0184g00060,273,0.1323,Pentatricopeptide (PPR) repeat-containing,,,,
451,VIT_00s0213g00040,272,0.1315,AAA-type ATPase,,,,
452,VIT_09s0002g01960,272,0.1310,No hit,,,,
453,VIT_05s0094g00250,269,0.1310,Chitinase  class IV [Vitis vinifera],E3_2_1_14,,vv10530Aminosugars_metabolism,
454,VIT_05s0077g01550,270,0.1308,Pathogenesis protein 10.3 [Vitis quinquangularis],,,,
455,VIT_00s0287g00100,269,0.1300,No hit,,,,
456,VIT_08s0007g00260,266,0.1287,No hit,,,,
457,VIT_18s0001g10670,265,0.1279,EF hand,,,,
458,VIT_17s0000g09760,262,0.1275,ABC transporter B member 11,K05664,,vv52010ABC_transporters,
459,VIT_15s0046g03310,259,0.1255,Unknown protein,,,,
460,VIT_00s0560g00020,260,0.1252,Unknown protein,,,,
461,VIT_03s0088g00390,257,0.1241,DnaJ homolog  subfamily C  member 17,K09537,,vv50132Primary_active_transporter_cat_A5_to_A8,
462,VIT_13s0064g01790,252,0.1221,R protein MLA10,K13475,,vv34627R_proteins_from_Plant-pathogen_interaction,
463,VIT_17s0000g04380,253,0.1220,Wall-associated kinase 1 (WAK1),,,,
464,VIT_19s0015g01360,246,0.1202,Translation initiation factor eIF-5,K03262,,vv23013RNA_transport,
465,VIT_01s0127g00770,247,0.1188,Polyamine Oxidase,E1_5_3_11,,vv11000Single_reactions,
466,VIT_03s0038g03280,248,0.1187,Unknown,,,,
467,VIT_17s0000g09600,242,0.1170,No hit,,,,
468,VIT_02s0025g02960,237,0.1149,Naringenin 2-oxoglutarate 3-dioxygenase,E1_14_11_9,,vv10941Flavonoid_biosynthesis,
469,VIT_18s0117g00060,238,0.1148,R protein L6,K13477,,vv34627R_proteins_from_Plant-pathogen_interaction,
470,VIT_07s0005g00720,238,0.1147,Pectinesterase family,E3_1_1_11,,vv40006Cell_wall,
471,VIT_09s0002g08560,237,0.1145,Unknown protein,,,,
472,VIT_10s0003g01030,235,0.1136,Unknown protein,,,,
473,VIT_17s0000g06050,234,0.1129,Ankyrin protein kinase,,,,
474,VIT_11s0016g05410,223,0.1081,EIN3-binding F-box protein 1,EBF1,,vv30008Ethylene_signaling,
475,VIT_02s0025g03440,221,0.1074,Gibberellin 20-oxidase,E1_14_11_12,,vv10904Diterpenoid_biosynthesis,
476,VIT_01s0146g00030,217,0.1049,ATFP3 (Arabidopsis thaliana farnesylated protein 3,VVFP3,,,
477,VIT_07s0031g00310,217,0.1041,Anthranilate N-hydroxycinnamoyl/benzoyltransferase,E2_3_1_144,,vv10400Phenylalanine_tyrosine_and_tryptophan_biosynthesis,
478,VIT_18s0089g01290,215,0.1040,No hit,,,,
479,VIT_18s0001g09220,213,0.1034,Adenine phosphoribosyltransferase,E2_4_2_7,,vv10230Purine_metabolism,
480,VIT_13s0073g00080,214,0.1033,Pentatricopeptide (PPR) repeat-containing,,,,
481,VIT_14s0030g00130,210,0.1015,RPS2 (resistant to p. syringae 2),K13459,,vv34626Plant-pathogen_interaction,
482,VIT_05s0102g00090,206,0.1006,Biotin synthase (BioB) (BIO2),E2_8_1_6,,vv10780Biotin_metabolism,
483,VIT_16s0013g01710,205,0.0987,Verticillium wilt disease resistance,,,,
484,VIT_11s0052g01020,200,0.0971,Glutamate receptor protein,GLR2_2,,vv50101Channels_and_pores,
485,VIT_04s0008g06830,201,0.0970,Biopterin transport-related protein BT1,BIOPTERIN,,vv50125Porters_cat_66_to_94,
486,VIT_10s0003g05160,198,0.0957,Wall-associated kinase 3 (WAK3),,,,
487,VIT_17s0000g08850,196,0.0949,SEC14 cytosolic factor,SEC14,,vv50122Porters_cat_7_to_17,
488,VIT_11s0149g00050,194,0.0941,Hexose transporter 7,VVHT7,,vv50121Porters_cat_1_to_6,
489,VIT_11s0016g01530,194,0.0938,Ankyrin repeat family protein,,,,
490,VIT_15s0024g00020,193,0.0936,Endo-1 4-beta-glucanase,E3_2_1_4,,vv40006Cell_wall,
491,VIT_14s0030g01980,191,0.0923,Auxin-induced protein PCNT115,AUXREG,,vv30003Auxin_signaling,
492,VIT_03s0038g01520,188,0.0911,R protein  PRF  disease resistance protein,K13453,,vv34627R_proteins_from_Plant-pathogen_interaction,
493,VIT_13s0047g01010,183,0.0889,R protein MLA10,K13475,,vv34627R_proteins_from_Plant-pathogen_interaction,
494,VIT_15s0046g02420,181,0.0877,Aquaporin TMP-C,TMPC,,vv50101Channels_and_pores,
495,VIT_16s0039g02570,181,0.0876,EMB1270,,,,
496,VIT_18s0166g00070,180,0.0871,No hit,,,,
497,VIT_19s0015g02580,180,0.0868,Unknown,,,,
498,VIT_01s0127g00490,175,0.0846,Pantothenate kinase 2,E2_7_1_33,,vv10770Pantothenate_and_CoA_biosynthesis,
499,VIT_18s0001g02290,172,0.0828,Diphenol oxidase,E1_10_3_1,,vv10350Tyrosine_metabolism,vv50109Incompletely_characterized_transport_systems
500,VIT_16s0039g01750,171,0.0828,Myb domain protein 3,MYB3,,vv60044MYB,
501,VIT_06s0004g08170,169,0.0814,CENP-E like kinetochore protein,CENPE,,vv44110Cell_cycle,
502,VIT_03s0063g00450,166,0.0797,Alpha-amylase,E3_2_1_1,,vv10500Starch_and_sucrose_metabolism,
503,VIT_17s0000g00650,164,0.0795,No hit,,,,
504,VIT_02s0025g03020,164,0.0793,NAC domain-containing protein 14,NAC014,VvNAC25,vv60046NAC,
505,VIT_12s0035g01000,164,0.0792,Serine protease inhibitor  serine-type,,,,
506,VIT_14s0060g00300,161,0.0786,MADS-box agamous-like 80,AGL80_2,,vv60042MADS,
507,VIT_11s0016g00230,159,0.0772,Proteasome 26S AAA-ATPase subunit (RPT1a),K03061,,vv23050Proteasome,
508,VIT_06s0004g01440,158,0.0762,ABA glucosidase,ABAGLC,,vv11013ABA_biosynthesis,
509,VIT_13s0019g04100,157,0.0756,Zinc finger (C3HC4-type ring finger),ZFC3HC4_128,,vv60078Other_zf-C3HC4,
510,VIT_11s0016g03080,155,0.0749,Clavata1 receptor kinase (CLV1),,,,
511,VIT_08s0007g05270,154,0.0746,No hit,,,,
512,VIT_13s0084g00510,155,0.0746,R protein MLA10,K13475,,vv34627R_proteins_from_Plant-pathogen_interaction,
513,VIT_02s0154g00230,152,0.0732,Phosphatidic acid phosphatase / PAP2,E3_1_3_4,,vv10561Glycerolipid_metabolism,vv10564Glycerophospholipid_metabolism
514,VIT_18s0001g02940,150,0.0730,No hit,,,,
515,VIT_12s0059g00690,149,0.0723,2-alkenal reductase,E1_3_1_74,,,
516,VIT_06s0080g00220,149,0.0719,No hit,,,,
517,VIT_09s0002g02170,149,0.0718,No hit,,,,
518,VIT_12s0059g01720,148,0.0714,No hit,,,,
519,VIT_17s0000g07780,146,0.0708,Calmodulin-binding protein,K02183,,vv34020Calcium_signaling_pathway,vv34626Plant-pathogen_interaction
520,VIT_16s0022g02540,143,0.0689,No hit,,,,
521,VIT_19s0085g00660,141,0.0684,No hit,,,,
522,VIT_06s0009g00850,140,0.0679,Strictosidine synthase,E4_3_3_2,,vv10900Terpenoid_biosynthesis,vv10902Monoterpenoid_biosynthesis
523,VIT_03s0017g01600,139,0.0675,No hit,,,,
524,VIT_02s0025g04130,137,0.0667,Rhomboid ATRBL2,,,,
525,VIT_08s0007g07250,137,0.0662,Ethylene-responsive transcription factor related to APETALA2 11,RAP2_11_3,VvERF051,vv30008Ethylene_signaling,vv60003AP2_EREBP
526,VIT_19s0027g00910,136,0.0655,NAC domain-containing protein 42,NAC042_6,VvNAC28,vv60046NAC,
527,VIT_07s0005g03490,132,0.0639,VHS domain-containing protein,VHSDC,,vv50109Incompletely_characterized_transport_systems,
528,VIT_08s0105g00200,130,0.0630,U-box domain-containing protein,,,,
529,VIT_00s0378g00020,130,0.0626,Disease resistance protein (NBS class),,,,
530,VIT_10s0003g02280,129,0.0624,SRG1 (senescence-related gene 1) oxidoreductase,,,,
531,VIT_07s0031g00390,128,0.0623,Zinc finger (C3HC4-type ring finger),ZFC3HC4_202,,vv60078Other_zf-C3HC4,
532,VIT_19s0014g01760,129,0.0621,Glutamate receptor 2.8,GLR2_8,,vv50101Channels_and_pores,
533,VIT_19s0014g04020,127,0.0611,NADP-dependent glyceraldehyde-3-phosphate dehydrogenase,E1_2_1_41,,vv10220Urea_cycle_and_metabolism_of_amino_groups,vv50101Channels_and_pores
534,VIT_05s0077g01580,126,0.0605,Pathogenesis protein 10 [Vitis vinifera],,,,
535,VIT_17s0053g00910,124,0.0600,Cyclic nucleotide-binding transporter 1,K05391_CNBT1,,vv34626Plant-pathogen_interaction,vv50101Channels_and_pores
536,VIT_16s0013g01660,121,0.0589,Unknown,,,,
537,VIT_11s0016g02780,121,0.0582,Myb domain protein 68,MYB68_1,MYB154,vv60044MYB,
538,VIT_19s0015g02390,121,0.0582,No hit,,,,
539,VIT_17s0000g04110,118,0.0568,No hit,,,,
540,VIT_12s0028g00570,117,0.0563,Vacuolar protein sorting 16 VCL1 (vacuoleless 1),VCL1,,vv50111Tethering_factors,
541,VIT_18s0001g06080,115,0.0561,UDP-glycosyltransferase 85A1,,,,
542,VIT_02s0025g04600,114,0.0555,Subtilisin protease C1,,,,
543,VIT_12s0055g01160,114,0.0549,Brassinosteroid insensitive 1-associated receptor kinase 1,BAK1,,vv30005Brassinosteroids_signaling,vv34626Plant-pathogen_interaction
544,VIT_10s0003g04940,113,0.0547,Acyl-CoA synthetases (Acyl-activating enzyme 14),E6_2_1_3,,vv10071Fatty_acid_metabolism,vv50104Group_translocators
545,VIT_15s0021g01850,112,0.0543,Peptidyl-prolyl cis-trans isomerase FKBP-type FKB20-2,K01802,,,
546,VIT_10s0003g03340,109,0.0530,No hit,,,,
547,VIT_06s0004g05620,109,0.0526,Subtilisin protease C1,SBT4_13,,vv50101Channels_and_pores,
548,VIT_14s0083g00480,109,0.0524,2 3-biphosphoglycerate-independent phosphoglycerate mutase,E5_4_2_1,,vv10010Glycolysis,
549,VIT_13s0175g00020,107,0.0516,No hit,,,,
550,VIT_04s0008g00670,107,0.0516,DD1A protein,,,,
551,VIT_19s0093g00120,106,0.0512,No hit,,,,
552,VIT_03s0017g01290,106,0.0511,ABC transporter G member 7,ABCG7,,vv52010ABC_transporters,
553,VIT_18s0001g04860,102,0.0492,Aspartate transaminase.,E2_6_1_1,vv10710Carbon_fixation,vv10252Alanine_and_aspartate_metabolism,vv10272Cysteine_metabolism
554,VIT_13s0156g00260,102,0.0492,Homeobox-leucine zipper protein HAT14,HAT14_2,VvHB48,vv60034HB,
555,VIT_16s0013g01320,101,0.0490,Ser/Thr receptor-like kinase1,,,,
556,VIT_09s0002g03640,101,0.0489,ABC transporter g family pleiotropic drug resistance 7 PDR7,ABCGPDR7,,vv52010ABC_transporters,
557,VIT_01s0127g00910,101,0.0488,AERO1 (arabidopsis endoplasmic reticulum oxidoreductins 1),,,,
558,VIT_14s0036g01360,100,0.0483,Disease resistance protein RPS2,,,,
559,VIT_05s0077g01560,98,0.0476,Pathogenesis protein 10.3 [Vitis quinquangularis],,,,
560,VIT_17s0000g06100,98,0.0474,Pentatricopeptide (PPR) repeat-containing protein,,,,
561,VIT_07s0031g02990,97,0.0469,Ammonium transporter 2,AMT2,,vv50101Channels_and_pores,
562,VIT_00s0226g00080,97,0.0469,R protein  PRF  disease resistance protein,K13453,,vv34627R_proteins_from_Plant-pathogen_interaction,
563,VIT_15s0045g00490,97,0.0468,SKP1-like 2 ASK2,K03094,,vv24120Ubiquitin_mediated_proteolysis,vv24141Protein_processing_in_endoplasmic_reticulum
564,VIT_03s0063g00680,95,0.0462,Zinc metalloprotease pitrilysin sub A,E3_4_24_x,,,
565,VIT_16s0098g01220,94,0.0455,RabGAP/TBC domain-containing protein,,,,
566,VIT_06s0061g00780,94,0.0453,Zinc finger (C2H2 type) family,C2H2FAM_39,,vv60017C2H2,
567,VIT_07s0005g05330,92,0.0442,No hit,,,,
568,VIT_05s0094g01270,89,0.0428,Leucine-rich repeat family protein,,,,
569,VIT_17s0000g05860,88,0.0426,ATATH6 (ABC2 homolog 6),ATH6,,vv52010ABC_transporters,
570,VIT_11s0037g01270,88,0.0424,R protein disease resistance protein,RPROT,,vv34627R_proteins_from_Plant-pathogen_interaction,
571,VIT_18s0001g03390,87,0.0422,S-receptor kinase,,,,
572,VIT_05s0049g01600,85,0.0410,No hit,,,,
573,VIT_12s0055g00060,83,0.0401,UDP-glycosyltransferase 71A13,,,,
574,VIT_16s0039g02420,82,0.0398,No hit,,,,
575,VIT_13s0047g00720,82,0.0397,Unknown,,,,
576,VIT_18s0001g10950<br>VIT_18s0001g11010<br>VIT_18s0001g10980<br>VIT_18s0001g10970<br>VIT_18s0001g10940,82,0.0395,
577,VIT_00s0179g00280,81,0.0392,Calmodulin-8 (CAM8),K02183,,vv34020Calcium_signaling_pathway,vv34626Plant-pathogen_interaction
578,VIT_03s0063g00840,81,0.0392,Nodulation protein,,,,
579,VIT_15s0021g01690,79,0.0382,Calcium-binding protein,,,,
580,VIT_07s0005g03850,78,0.0376,No hit,,,,
581,VIT_06s0061g00530,78,0.0375,Serine carboxypeptidase precursor,,,,
582,VIT_09s0002g02320,76,0.0369,Cell wall apoplastic invertase,E3_2_1_26,,vv10052Galactose_metabolism,vv10500Starch_and_sucrose_metabolism
583,VIT_08s0040g02920,76,0.0368,Pentatricopeptide (PPR) repeat-containing protein,,,,
584,VIT_16s0100g01150,75,0.0363,Stilbene synthase [Vitis vinifera],E2_3_1_95,,vv10940Phenylpropanoid_biosynthesis,
585,VIT_08s0032g00700,73,0.0353,CXE carboxylesterase,E3_1_1_1,,,
586,VIT_08s0105g00250,72,0.0347,Aluminum activated malate transporter 1,ALMT1,,vv50125Porters_cat_66_to_94,
587,VIT_07s0151g00520,71,0.0344,Homocysteine S-methyltransferase 3,E2_1_1_10,,vv10271Methionine_metabolism,
588,VIT_15s0021g01650,71,0.0343,Zinc finger (Ran-binding),ZFRANBPDOM_1,,vv60080Other_zf,
589,VIT_14s0081g00800,68,0.0331,R protein  PRF  disease resistance protein,K13453,,vv34627R_proteins_from_Plant-pathogen_interaction,
590,VIT_14s0006g00910,66,0.0318,ATA15 protein,,,,
591,VIT_14s0219g00010,65,0.0314,Protein phosphatase 2 (formerly 2A)  regulatory subunit B',K11584,,vv23015mRNA_surveillance_pathway,
592,VIT_03s0063g00820,64,0.0311,Carboxyesterase 12; CXE12,E3_1_1_1,,,
593,VIT_07s0005g03140,63,0.0304,Aspartyl protease,E3_4_23_x,,,
594,VIT_00s0480g00040,62,0.0301,Polyphenol oxidase II  chloroplast precursor,E1_10_3_1,,vv10350Tyrosine_metabolism,vv50109Incompletely_characterized_transport_systems
595,VIT_00s1338g00010,61,0.0293,DNA-directed RNA polymerase III subunit C34,K03025,,vv23020RNA_polymerase,
596,VIT_06s0004g02670,59,0.0287,Cyclic nucleotide-gated ion channel 15,K05391_CNGC15,,vv34626Plant-pathogen_interaction,vv50101Channels_and_pores
597,VIT_13s0084g00400,59,0.0284,No hit,,,,
598,VIT_08s0007g00930,58,0.0282,Regulator of chromosome condensation (RCC1),RCC1,,vv50112Nuclear_pore_complex,
599,VIT_13s0019g01950,57,0.0277,R protein MLA10,K13475,,vv34627R_proteins_from_Plant-pathogen_interaction,
600,VIT_18s0001g01960,57,0.0275,RKF3 (receptor-like kinase IN in flowers 3),,,,
601,VIT_13s0156g00160,57,0.0275,Unknown,,,,
602,VIT_06s0009g03140,56,0.0271,flavonoid 3'5' hydroxylase [Vitis vinifera],E1_14_13_88,,vv10941Flavonoid_biosynthesis,
603,VIT_00s0231g00040,56,0.0270,RPM1-interacting protein 4,K13456,,vv34626Plant-pathogen_interaction,
604,VIT_04s0008g06460,55,0.0266,Beta-glucuronidase,E3_2_1_31,,vv10040Pentose_glucuronate_interconversion,vv10500Starch_and_sucrose_metabolism
605,VIT_07s0031g02630,55,0.0265,Aldehyde dehydrogenase,E1_2_1_3,vv10561Glycerolipid_metabolism,vv10010Glycolysis,vv10071Fatty_acid_metabolism
606,VIT_19s0090g01410,53,0.0255,Wax synthase isoform 1,E2_3_1_75,,vv11000Single_reactions,
607,VIT_00s0269g00170,52,0.0250,No hit,,,,
608,VIT_18s0117g00070,51,0.0244,R protein L6,K13477,,vv34627R_proteins_from_Plant-pathogen_interaction,
609,VIT_07s0141g00070,50,0.0241,Beta-keto-Coa synthase,,,,
610,VIT_15s0046g02180,50,0.0241,Pentatricopeptide (PPR) repeat-containing protein,,,,
611,VIT_01s0011g04160,50,0.0241,Phosphatidic acid phosphatase alpha,E3_1_3_4,,vv10561Glycerolipid_metabolism,vv10564Glycerophospholipid_metabolism
612,VIT_10s0003g02010,49,0.0236,RKF1 (receptor-like kinase in flowers 1),,,,
613,VIT_12s0059g01980,48,0.0234,Ultrapetala1,ULTRAPETALA1,,vv60064ULT,
614,VIT_05s0077g01530,48,0.0233,Pathogenesis protein 10 [Vitis vinifera],,,,
615,VIT_11s0016g01160,48,0.0232,GCN5 N-acetyltransferase (GNAT),GCN5_3,,vv60082GNAT,
616,VIT_02s0012g00690,48,0.0232,No hit,,,,
617,VIT_14s0006g01920,47,0.0228,No hit,,,,
618,VIT_08s0007g02110,47,0.0228,EFR (EF-TU receptor),K13428,,vv34626Plant-pathogen_interaction,
619,VIT_19s0014g04140,47,0.0228,S-locus protein kinase,,,,
620,VIT_06s0009g02590,47,0.0228,Pectinesterase family,E3_1_1_11,,vv40006Cell_wall,
621,VIT_18s0001g14480,47,0.0227,Thaumatin SCUTL1,,,,
622,VIT_00s0525g00050,47,0.0227,Metal transporter CNNM4 (Cyclin-M4),CNNM4,,vv50109Incompletely_characterized_transport_systems,
623,VIT_18s0001g09070,47,0.0226,ZCW7 protein,,,,
624,VIT_01s0011g05700,46,0.0223,Ankyrin repeat,K10380,,vv50108Accessory_factors_involved_in_transport,
625,VIT_06s0004g02980,45,0.0219,Kelch repeat-containing F-box protein,,,,
626,VIT_00s0238g00040,45,0.0216,R protein disease resistance protein,RPROT,,vv34627R_proteins_from_Plant-pathogen_interaction,
627,VIT_18s0075g00310,44,0.0213,R protein L6,K13477,,vv34627R_proteins_from_Plant-pathogen_interaction,
628,VIT_19s0015g02340,43,0.0207,No hit,,,,
629,VIT_14s0083g00470,42,0.0204,2 3-biphosphoglycerate-independent phosphoglycerate mutase,E5_4_2_1,,vv10010Glycolysis,
630,VIT_16s0022g01050<br>VIT_16s0022g01030<br>VIT_16s0022g01010<br>VIT_16s0022g01110<br>VIT_16s0022g01100<br>VIT_16s0022g01040<br>VIT_16s0022g00990<br>VITisv_028484,42,0.0203,
631,VIT_08s0056g00310,42,0.0202,Auxin efflux carrier,AUXEFF,,vv50004Auxin_transport,vv50125Porters_cat_66_to_94
632,VIT_04s0008g07400,41,0.0198,NAD dependent epimerase/dehydratase,E5_1_3_x,,,
633,VIT_00s0218g00210,41,0.0196,Folate-biopterin transporter,FBT,,vv50125Porters_cat_66_to_94,
634,VIT_16s0039g01070,40,0.0194,Glutathione S-transferase 25 GSTU7,E2_5_1_18_GSTU7,,vv10480Glutathione_metabolism,
635,VIT_01s0127g00600,40,0.0194,DC1 domain-containing protein,,,,
636,VIT_04s0008g02730,40,0.0192,No hit,,,,
637,VIT_06s0004g01430,39,0.0188,ABA glucosidase,ABAGLC,,vv11013ABA_biosynthesis,
638,VIT_00s0214g00010,39,0.0188,DnaJ homolog  subfamily C  member 13,K09533,,vv50132Primary_active_transporter_cat_A5_to_A8,
639,VIT_05s0094g00260<br>VIT_05s0094g00220,38,0.0186,
640,VIT_10s0003g03830,38,0.0185,S-2-hydroxy-acid oxidase  peroxisomal,E1_1_3_15,,vv10630Glyoxylate_and_dicarboxylate_metabolism,vv44146Peroxisome
641,VIT_01s0137g00230,37,0.0179,Regulator of chromosome condensation (RCC1),RCC1,,vv50112Nuclear_pore_complex,
642,VIT_16s0050g01390,36,0.0175,SRC2/SRC2 (soybean gene regulated BY cold-2),,,,
643,VIT_00s0169g00060,36,0.0174,No hit,,,,
644,VIT_13s0019g03600,36,0.0173,Nuclear transcription factor Y subunit B-8,NFYB8,,vv60021CCAAT,
645,VIT_08s0007g02980,35,0.0170,Unknown,,,,
646,VIT_13s0019g00620,35,0.0169,Dimethylaniline monooxygenase  N-oxide-forming,E1_14_13_8,,vv11000Single_reactions,
647,VIT_05s0020g05060,35,0.0168,Cellulose synthase CSLG2,E2_4_1_12_CSLG2,,vv40006Cell_wall,
648,VIT_09s0002g03910,35,0.0168,Ankyrin,K10380,,vv50108Accessory_factors_involved_in_transport,
649,VIT_18s0001g12900,35,0.0168,S-adenosyl-L-methionine:salicylic acid carboxyl methyltransferase,SAMTBSCMT,,vv10360Phenylalanine_metabolism,
650,VIT_19s0090g00230,34,0.0165,Calcineurin phosphoesterase,,,,
651,VIT_18s0089g01240,34,0.0165,ATP-dependent Clp protease ATP-binding subunit ClpX1 (CLPX),K03544,,,
652,VIT_15s0048g02410,34,0.0165,Myb CCA1 (circadian clock associated 1),CCA1,,vv34710Circadian_rhythm,vv60045MYBrelated
653,VIT_05s0077g00030,34,0.0164,Ammonium transporter 1  member 1 (AMT1.1),AMT1_1,,vv50101Channels_and_pores,
654,VIT_18s0001g06460,34,0.0164,Queuine tRNA-ribosyltransferase,E2_4_2_29,,vv10230Purine_metabolism,
655,VIT_09s0054g00730,33,0.0160,Auxin-induced SAUR,SAUR,,vv30003Auxin_signaling,
656,VIT_03s0091g00090,33,0.0160,No hit,,,,
657,VIT_10s0042g00930<br>VIT_10s0042g00890<br>VIT_10s0042g00870<br>VIT_10s0042g00860<br>VIT_10s0042g00920,33,0.0159,
658,VIT_18s0089g01140,33,0.0159,Wall-associated kinase,,,,
659,VIT_01s0011g01280,32,0.0155,Zinc transporter ZIP5,ZIP5,,vv50121Porters_cat_1_to_6,
660,VIT_01s0010g01970<br>VIT_01s0010g01980,30,0.0146,
661,VIT_18s0001g03090,30,0.0145,Aspartyl protease,E3_4_23_x,,,
662,VIT_13s0019g00380,30,0.0145,R protein MLA10,K13475,,vv34627R_proteins_from_Plant-pathogen_interaction,
663,VIT_14s0171g00190,30,0.0145,Protoporphyrinogen oxidase,E1_3_3_4,,vv10860Porphyrin_and_chlorophyll_metabolism,
664,VIT_14s0081g00190,29,0.0141,No hit,,,,
665,VIT_02s0033g00680<br>VIT_12s0034g02050<br>VIT_12s0034g02060,29,0.0140,
666,VIT_12s0055g01060,28,0.0136,Peroxidase N1,E1_11_1_7,,vv10360Phenylalanine_metabolism,vv10680Methane_metabolism
667,VIT_18s0001g05060,28,0.0136,2 3-bisphosphoglycerate-dependent phosphoglycerate mutase,E5_4_2_1,,vv10010Glycolysis,
668,VIT_10s0003g01630,28,0.0136,Unknown,,,,
669,VIT_04s0069g00880,27,0.0131,No hit,,,,
670,VIT_14s0036g01180,27,0.0131,RPS2 (resistant to p. syringae 2),K13459,,vv34626Plant-pathogen_interaction,
671,VIT_01s0010g00500,27,0.0130,No hit,,,,
672,VIT_00s0388g00010,27,0.0130,Serine/threonine kinase,,,,
673,VIT_12s0134g00290,27,0.0130,Receptor ser/thr protein kinase,,,,
674,VIT_17s0000g03900,26,0.0126,No hit,,,,
675,VIT_06s0004g02350,26,0.0126,NAC domain-containing protein 25,NAC025_2,,vv60046NAC,
676,VIT_04s0069g00620,26,0.0125,Glutamate receptor 2.8,GLR2_8,,vv50101Channels_and_pores,
677,VIT_18s0122g00640,26,0.0125,Cinnamoyl-CoA reductase,E1_2_1_44,,vv10940Phenylpropanoid_biosynthesis,
678,VIT_08s0007g08410,26,0.0125,4 5-DOPA dioxygenase extradiol,DODA,,vv10350Tyrosine_metabolism,
679,VIT_03s0063g00660,26,0.0125,No hit,,,,
680,VIT_06s0080g00330,25,0.0121,Esterase/lipase/thioesterase family protein,,,,
681,VIT_00s0341g00080,25,0.0121,Protein TINY 2 DREB3,TINY_5,VvERF032,vv30008Ethylene_signaling,vv60003AP2_EREBP
682,VIT_18s0117g00290,25,0.0120,Coatomer protein complex  subunit beta 2,COPB2,,vv50110Protein_coat,
683,VIT_01s0146g00280,25,0.0120,NAC domain-containing protein 83,NAC083_4,VvNAC01,vv60046NAC,
684,VIT_00s0262g00120,24,0.0117,Receptor kinase RK20-1,,,,
685,VIT_00s0505g00040,24,0.0116,Unknown,,,,
686,VIT_10s0003g01020,23,0.0111,Unknown protein,,,,
687,VIT_00s0215g00080,23,0.0111,No hit,,,,
688,VIT_09s0002g03830,23,0.0111,No hit,,,,
689,VIT_08s0007g08880,23,0.0111,No hit,,,,
690,VIT_08s0056g00230,22,0.0107,Unknown protein,,,,
691,VIT_05s0020g00680,22,0.0107,ABC transporter G member 21,ABCG21,,vv52010ABC_transporters,
692,VIT_08s0040g01000,22,0.0107,No hit,,,,
693,VIT_08s0058g00090,22,0.0106,Hcr9-Avr4-par1,,,,
694,VIT_03s0091g00950,22,0.0106,Endoxylanase,E3_2_1_136,,vv40006Cell_wall,
695,VIT_08s0040g01740,22,0.0106,ATSYTB/NTMC2T1.2/NTMC2TYPE1.2/SYTB,NTMC2T1_2,,vv50109Incompletely_characterized_transport_systems,
696,VIT_02s0025g03640,21,0.0102,Cu2+-exporting ATPase HMA5 (heavy metal ATPase 5),K01533_HMA5,,vv50131Primary_active_transporter_cat_A2_to_A4,
697,VIT_03s0091g00160,21,0.0101,NtPRp27 secretory protein,,,,
698,VIT_04s0044g01490,21,0.0101,2-oxoisovalerate dehydrogenase alpha subunit  mitochondrial precursor,E1_2_4_4,,vv10280Valine_leucine_and_isoleucine_degradation,
699,VIT_11s0078g00050,19,0.0092,No hit,,,,
700,VIT_05s0077g01090,19,0.0092,RKF2 (receptor-like serine/threonine kinase 2),,,,
701,VIT_07s0104g00850,19,0.0092,Pto kinase interactor,,,,
702,VIT_19s0014g04460,18,0.0088,Curculin (mannose-binding) lectin,,,,
703,VIT_09s0054g01190,18,0.0087,Beta-amyrin synthase,E5_4_99_BAS,,vv10900Terpenoid_biosynthesis,
704,VIT_00s0344g00010,18,0.0087,No hit,,,,
705,VIT_15s0046g00110,18,0.0087,GHMP kinase,,,,
706,VIT_07s0104g01730,17,0.0082,HAK5 (High affinity K+ transporter 5),HAK5,,vv50125Porters_cat_66_to_94,
707,VIT_09s0002g02570,17,0.0082,No hit,,,,
708,VIT_19s0014g04830,17,0.0082,YIP1,YIP1,,vv50110Protein_coat,
709,VIT_18s0001g05680,16,0.0078,Cryptochrome 1,CRY1,,vv30011Jasmonate_signaling,vv34710Circadian_rhythm
710,VIT_04s0044g00800,16,0.0078,S-receptor kinase,,,,
711,VIT_00s2480g00010,16,0.0078,No hit,,,,
712,VIT_07s0031g02780,16,0.0078,Cyclase/dehydrase,,,,
713,VIT_08s0007g04720,16,0.0078,No hit,,,,
714,VIT_09s0002g06450,16,0.0077,CYP81B2v1,,,,
715,VIT_00s1448g00020,15,0.0073,Unknown,,,,
716,VIT_17s0000g05420,15,0.0073,AAA-type ATPase family,,,,
717,VIT_17s0053g00400,15,0.0073,S-receptor protein kinase,,,,
718,VIT_12s0121g00060,15,0.0072,R protein MLA10,K13475,,vv34627R_proteins_from_Plant-pathogen_interaction,
719,VIT_03s0088g00980,15,0.0072,Unknown protein,,,,
720,VIT_09s0002g06440,15,0.0072,CYP81B2v2,,,,
721,VIT_00s0388g00050,14,0.0068,Receptor kinase homolog LRK14,,,,
722,VIT_06s0004g01570,14,0.0067,No hit,,,,
723,VIT_04s0044g01260,13,0.0063,SEU3B protein,SEUSS,,vv30009Flower_development,
724,VIT_01s0011g06480,13,0.0063,No hit,,,,
725,VIT_11s0016g03600,13,0.0063,Proton-dependent oligopeptide transport (POT) family protein,POT,,vv50122Porters_cat_7_to_17,
726,VIT_02s0025g00480,12,0.0059,Serine/threonine-protein phosphatase PP1,K06269,,vv10500Starch_and_sucrose_metabolism,
727,VIT_01s0011g03090,12,0.0058,Allene oxide cyclase,E5_3_99_6,,vv10592alpha-Linolenic_acid_metabolism,
728,VIT_17s0000g07030,12,0.0058,Cis-zeatin O-beta-D-glucosyltransferase,E2_4_1_215,,vv10908Zeatin_biosynthesis,
729,VIT_05s0029g01500,12,0.0058,Ankyrin repeat protein,,,,
730,VIT_17s0000g03260,12,0.0058,Reticulon (RTNLB9),,,,
731,VIT_03s0038g04270,12,0.0058,Ankyrin repeat,K10380,,vv50108Accessory_factors_involved_in_transport,
732,VIT_14s0108g01280,12,0.0058,WRKY DNA-binding protein 4,WRKY4,VvWRKY45,vv60066WRKY,
733,VIT_10s0042g00640,12,0.0058,Cinnamoyl-CoA reductase,E1_2_1_44,,vv10940Phenylpropanoid_biosynthesis,
734,VIT_15s0024g01750,12,0.0058,Protein kinase,,,,
735,VIT_19s0014g00300,12,0.0058,Alpha alpha-trehalose-phosphate synthase,E2_4_1_15,,vv10500Starch_and_sucrose_metabolism,
736,VIT_17s0000g06480,12,0.0058,Pentatricopeptide (PPR) repeat-containing protein,,,,
737,VIT_01s0011g06340,12,0.0058,IAR1 (IAA-alanine resistant 1),IAR1,,vv50121Porters_cat_1_to_6,
738,VIT_00s0398g00040,11,0.0053,Receptor kinase RK20-1,,,,
739,VIT_11s0118g00690,11,0.0053,No hit,,,,
740,VIT_01s0011g02830,11,0.0053,Signal peptidase I,K03100,,vv23060Protein_export,vv50132Primary_active_transporter_cat_A5_to_A8
741,VIT_04s0069g00260<br>VIT_04s0069g00330<br>VIT_04s0069g00270,10,0.0048,
742,VIT_05s0020g03690<br>VIT_05s0020g03710,10,0.0048,
743,VIT_19s0090g01260,10,0.0048,PHD finger transcription factor,PHDFG_8,,vv60048PHD,
744,VIT_13s0067g03200,10,0.0048,Proton-dependent oligopeptide transport (POT) family protein,POT,,vv50122Porters_cat_7_to_17,
745,VIT_19s0014g03750,10,0.0048,No hit,,,,
746,VIT_11s0052g00370,10,0.0048,Unknown protein,,,,
747,VIT_08s0007g04700,10,0.0048,Phosphatidylinositol-4-phosphate 5-kinase,E2_7_1_68,,vv10562Inositol_phosphate_metabolism,vv34070Phosphatidylinositol_signaling_system
748,VIT_07s0031g00490,9,0.0044,MAP3K protein kinase,,,,
749,VIT_13s0067g02430,9,0.0044,R protein MLA10,K13475,,vv34627R_proteins_from_Plant-pathogen_interaction,
750,VIT_13s0019g00090,9,0.0044,Unknown,,,,
751,VIT_13s0156g00240,9,0.0044,DC1 domain-containing protein,,,,
752,VIT_11s0103g00490,9,0.0044,Unknown protein,,,,
753,VIT_03s0038g02740,9,0.0044,Unknown protein,,,,
754,VIT_03s0063g00060,9,0.0044,IMP dehydrogenase,E1_1_1_205,,vv10230Purine_metabolism,
755,VIT_11s0016g01060,9,0.0044,Avr9/Cf-9 induced kinase 1,,,,
756,VIT_19s0085g00790,9,0.0044,Zinc transporter ZIP5,ZIP5,,vv50121Porters_cat_1_to_6,
757,VIT_00s2349g00010,9,0.0044,2-oxoglutarate/malate carrier protein  Mitochondrial,OXMACP,,vv50123Porters_cat_18_to_29,
758,VIT_19s0014g00730,9,0.0043,No hit,,,,
759,VIT_10s0003g00480,9,0.0043,Isoflavone methyltransferase/ Orcinol O-methyltransferase 1 oomt1,E2_1_1_46,,vv10943Isoflavonoid_biosynthesis,
760,VIT_06s0004g03120,9,0.0043,MLO-like protein 3,K08472,,,
761,VIT_12s0028g03260,9,0.0043,Rooty/superroot1,K11819,,vv10966Glucosinolate_biosynthesis,
762,VIT_12s0059g01080,9,0.0043,Acid phosphatase/vanadium-dependent haloperoxidase,,,,
763,VIT_05s0077g01680,8,0.0039,Mal d 1 allergen,,,,
764,VIT_19s0014g01120,7,0.0034,Curculin (mannose-binding) lectin,,,,
765,VIT_10s0003g02500,7,0.0034,Malate dehydrogenase  cytoplasmic 1,E1_1_1_37,,vv10020Citrate_cycle,vv10620Pyruvate_metabolism
766,VIT_12s0028g03630,7,0.0034,Ubiquitin-conjugating enzyme E2 O,K10581,,vv24120Ubiquitin_mediated_proteolysis,
767,VIT_00s0508g00010,7,0.0034,No hit,,,,
768,VIT_05s0094g01530,7,0.0034,ARL (ARGOS),,,,
769,VIT_11s0016g05070,7,0.0034,Choline/ethanolamine kinase,K14156,,vv10260Glycine_serine_and_threonine_metabolism,vv10564Glycerophospholipid_metabolism
770,VIT_11s0037g01330,7,0.0034,No hit,,,,
771,VIT_16s0039g00520,7,0.0034,DNA helicase,,,,
772,VIT_09s0002g01810,7,0.0034,Import inner membrane translocase subunit Tim17/Tim22/Tim23,TIM23_1,,vv50132Primary_active_transporter_cat_A5_to_A8,
773,VIT_07s0005g03710,7,0.0034,Casein Kinase I-like 10,K02218,,vv23008Ribosome_biogenesis_in_Eukaryotes,
774,VIT_14s0060g01540,7,0.0034,Syntaxin 16,K08489,,vv24130SNARE_interactions_in_vesicular_transport,vv50101Channels_and_pores
775,VIT_11s0103g00450,7,0.0034,No hit,,,,
776,VIT_00s0409g00070,6,0.0029,No hit,,,,
777,VIT_00s0294g00090,6,0.0029,Ser/Thr receptor-like kinase1,,,,
778,VIT_18s0001g02770,6,0.0029,Alpha-L-fucosidase 2 precursor,E3_2_1_51,,vv10511N-Glycan_degradation,
779,VIT_18s0001g04510,6,0.0029,(+)-delta-cadinene synthase isozyme XC1,E4_2_3_13,,vv10900Terpenoid_biosynthesis,
780,VIT_06s0004g02550,6,0.0029,Kiwellin Ripening-related protein grip22,,,,
781,VIT_11s0118g00440,6,0.0029,Adenylate cyclase,E4_6_1_1,,vv10230Purine_metabolism,
782,VIT_04s0069g00060,6,0.0029,Glutamate receptor protein,GLR2_7,,vv50101Channels_and_pores,
783,VIT_18s0001g06680,6,0.0029,far-red impaired responsive family protein,FRSFAM_15,,vv60071Orphans_far-red,
784,VIT_01s0011g00090,6,0.0029,Zinc finger (C3HC4-type ring finger),ZFC3HC4_189,,vv60078Other_zf-C3HC4,
785,VIT_11s0037g01130,6,0.0029,TET8 (tetraspanin8),,,,
786,VIT_09s0002g03620,6,0.0029,NADP-dependent malic enzyme,E1_1_1_39,,vv10620Pyruvate_metabolism,vv10710Carbon_fixation
787,VIT_19s0027g01350,6,0.0029,R protein MLA10,K13475,,vv34627R_proteins_from_Plant-pathogen_interaction,
788,VIT_08s0007g02240,6,0.0029,Calcium/proton exchanger CAX3,K07300_CAX3,,vv50123Porters_cat_18_to_29,
789,VIT_19s0085g00430,6,0.0029,No hit,,,,
790,VIT_03s0038g04170,6,0.0029,Lectin protein kinase,,,,
791,VIT_19s0015g00280,6,0.0029,DNA topoisomerase VIA (SPO11-1),K10878,,vv44110Cell_cycle,
792,VIT_16s0100g01160,6,0.0029,Stilbene synthase [Vitis vinifera],E2_3_1_95,,vv10940Phenylpropanoid_biosynthesis,
793,VIT_16s0100g00060,6,0.0029,Subtilisin protease C1,SBT4_12,,,
794,VIT_17s0000g06560,6,0.0029,Retrovirus Pol polyprotein from transposon TNT 1-94,,,,
795,VIT_10s0116g00970,6,0.0029,Leucyl tRNA synthetase,E6_1_1_4,,vv10290Valine_leucine_and_isoleucine_biosynthesis,vv20970Aminoacyl-tRNA_biosynthesis
796,VIT_13s0047g00380,6,0.0029,3-hydroxyisobutyryl-coenzyme A hydrolase,E3_1_2_4,,vv10280Valine_leucine_and_isoleucine_degradation,vv10410Beta-alanine_metabolism
797,VIT_12s0028g01160,6,0.0029,Transparent testa 12 protein,TT12,,vv50125Porters_cat_66_to_94,
798,VIT_06s0080g00140,6,0.0029,Pentatricopeptide (PPR) repeat-containing,,,,
799,VIT_11s0016g00890,6,0.0029,Unknown protein,,,,
800,VIT_16s0022g01680,6,0.0029,Zinc finger (AN1-like),ZFAN1,,vv60077Other_zf-AN1,
801,VIT_00s0187g00070,6,0.0029,No hit,,,,
802,VIT_08s0040g01890,6,0.0029,Aquaporin PIP2;4,PIP2_4,,vv50101Channels_and_pores,
803,VIT_03s0017g00680,6,0.0029,UDP-d-apiose/udp-d-xylose synthase 1 AXS1,E4_1_1_35,,vv10500Starch_and_sucrose_metabolism,vv10520Nucleotide_sugars_metabolism
804,VIT_11s0052g00660,6,0.0029,Aldose 1-epimerase,E5_1_3_3,,vv10010Glycolysis,
805,VIT_11s0037g01090,6,0.0029,No hit,,,,
806,VIT_08s0040g00390,5,0.0024,Magnesium-protoporphyrin IX monomethyl ester [oxidative] cyclase,E1_14_13_81,,vv10860Porphyrin_and_chlorophyll_metabolism,
807,VIT_05s0165g00290,4,0.0019,Ankyrin,K10380,,vv50108Accessory_factors_involved_in_transport,
808,VIT_12s0028g03730,4,0.0019,Hydroxyproline-rich glycoprotein,HRGP,,vv40006Cell_wall,
809,VIT_00s0612g00010,4,0.0019,Phospholipase/carboxylesterase,E3_1_1_1,,,
810,VIT_16s0039g01870,4,0.0019,Protein kinase,,,,
811,VIT_00s0362g00010,4,0.0019,DnaJ homolog  subfamily A  member 2,K09503,,vv50132Primary_active_transporter_cat_A5_to_A8,
812,VIT_03s0063g00310,4,0.0019,ABA-responsive element-binding protein ABF4,ABF4,VvbZIP08,vv30001ABA_signaling,vv60012BZIP
813,VIT_14s0060g02620,4,0.0019,Unknown protein,,,,
814,VIT_19s0014g04470,4,0.0019,S-locus protein kinase,,,,
815,VIT_13s0067g01700,3,0.0015,Steroid 5alpha-reductase,K09591,,vv10905Brassinosteroid_biosynthesis,
816,VIT_15s0048g00400,3,0.0015,Proton-dependent oligopeptide transport (POT) family protein,POT,,vv50122Porters_cat_7_to_17,
817,VIT_16s0013g01500,3,0.0015,Disease resistance protein,,,,
818,VIT_18s0001g14970,3,0.0015,Pentatricopeptide (PPR) repeat-containing,,,,
819,VIT_09s0096g01010,3,0.0015,RPP27 (resistance to peronospora parasitica 27),,,,
820,VIT_17s0000g03150,3,0.0015,No hit,,,,
821,VIT_04s0008g05930,3,0.0015,Zinc finger protein 3,ZFP3_2,,vv60017C2H2,
822,VIT_09s0096g00030,3,0.0015,No hit,,,,
823,VIT_19s0014g04080,3,0.0015,Serine/threonine-protein kinase receptor ARK3,,,,
824,VIT_15s0048g02740,3,0.0015,CBL-interacting protein kinase 9 (CIPK9),,,,
825,VIT_05s0020g04990,3,0.0015,No hit,,,,
826,VIT_07s0031g03200,3,0.0015,ferrochelatase II,E4_99_1_1,,vv10860Porphyrin_and_chlorophyll_metabolism,
827,VIT_12s0028g00120,3,0.0015,No hit,,,,
828,VIT_11s0016g03340,3,0.0015,EMB2758 (embryo defective 2758),,,,
829,VIT_01s0026g01230,3,0.0015,Exo84 subunit/exocyst complex component,EXO84A,,vv50111Tethering_factors,
830,VIT_18s0072g00430,3,0.0015,Alginate_lyase2,E4_2_2_11,,,
831,VIT_16s0050g02570,3,0.0015,Protein phosphatase 2C,E3_1_3_16,,,
832,VIT_09s0054g00410,3,0.0015,Unknown,,,,
833,VIT_19s0027g00870,3,0.0015,NAC domain-containing protein 42,NAC042_3,VvNAC30,vv60046NAC,
834,VIT_15s0021g01930,3,0.0015,No hit,,,,
835,VIT_12s0028g03750,3,0.0015,Zinc finger (C3HC4-type ring finger),ZFC3HC4_92,,vv60078Other_zf-C3HC4,
836,VIT_07s0031g02880,3,0.0015,No hit,,,,
837,VIT_06s0061g01400,3,0.0015,CBF transcription factor [Vitis vinifera],CBF1_1,VvERF026,vv30008Ethylene_signaling,vv60003AP2_EREBP
838,VIT_09s0002g08460,3,0.0015,8-amino-7-oxononanoate synthase,E2_3_1_47,,vv10780Biotin_metabolism,
839,VIT_00s0539g00010,3,0.0015,Leucine-rich repeat family,,,,
840,VIT_12s0034g00030,3,0.0015,Anthocyanidin 3-O-glucosyltransferase,E2_4_1_115,,vv10942Anthocyanin_biosynthesis,
841,VIT_14s0108g00540,3,0.0015,Phosphofructokinase,E2_7_1_90,,vv10051Fructose_and_mannose_metabolism,
842,VIT_10s0042g00700,3,0.0015,Leucine-rich repeat receptor-like protein kinase 1,,,,
843,VIT_08s0007g01560,3,0.0015,Photoassimilate-responsive protein,,,,
844,VIT_11s0103g00140,3,0.0015,Potassium-sodium symporter HKT1,HKT1,,vv50124Porters_cat_30_to_64,
845,VIT_15s0046g02220,3,0.0015,ACC synthase,E4_4_1_14,,vv10640Propanoate_metabolism,vv30008Ethylene_signaling
846,VIT_00s0153g00080,3,0.0015,Adaptor-related protein complex 4  beta 1,AP4B1,,vv50110Protein_coat,
847,VIT_05s0102g01170,3,0.0015,Sterol-4-alpha-carboxylate 3-dehydrogenase  decarboxylating,E1_1_1_170,,vv10100Biosynthesis_of_steroids,
848,VIT_00s0301g00020,3,0.0015,Unknown protein,,,,
849,VIT_15s0021g00650,3,0.0015,Purine permease 11 PUP11,PUP11,,vv50122Porters_cat_7_to_17,
850,VIT_14s0006g02570,3,0.0015,Protease inhibitor/seed storage/lipid transfer protein (LTP),,,,
851,VIT_01s0010g03600,3,0.0015,Rubber elongation factor (REF),,,,
852,VIT_14s0083g00340,3,0.0015,Beta-glucan-binding protein 4,E3_2_1_23,,vv10052Galactose_metabolism,vv10511N-Glycan_degradation
853,VIT_15s0021g02470,3,0.0015,Epoxide hydrolase-like protein,E3_3_2_10,,,
854,VIT_16s0050g01820,3,0.0015,No hit,,,,
855,VIT_16s0022g02070,3,0.0014,Unknown protein,,,,
856,VIT_16s0013g01980,3,0.0014,Actin 7 (ACT7) / actin 2,ACT7,,vv44810Regulation_of_actin_cytoskeleton,
857,VIT_10s0003g04220,3,0.0014,Lipase class 3,,,,
858,VIT_18s0089g01020,3,0.0014,Ethylene-responsive transcription factor,TINY_4,,vv30008Ethylene_signaling,vv60003AP2_EREBP
859,VIT_06s0004g00030,3,0.0014,S-adenosyl-L-methionine:salicylic acid carboxyl methyltransferase,SAMTBSCMT,,vv10360Phenylalanine_metabolism,
860,VIT_11s0016g02070,3,0.0014,Basic helix-loop-helix (bHLH) family,BHLHDOM_63,,vv60011BHLH,
861,VIT_10s0042g00910,3,0.0014,Stilbene synthase [Vitis pseudoreticulata],E2_3_1_95,,vv10940Phenylpropanoid_biosynthesis,
862,VIT_13s0074g00760,3,0.0014,Calmodulin-binding,,,,
863,VIT_06s0009g00320,3,0.0014,U-box protein,,,,
864,VIT_14s0128g00780,3,0.0014,Lipoxygenase,E1_13_11_12,,vv10592alpha-Linolenic_acid_metabolism,
865,VIT_07s0031g02510,3,0.0014,Sirtuin (silent mating type information regulation 2 homolog),SRT2,,,
866,VIT_18s0001g08460,3,0.0014,ATP binding,,,,
867,VIT_17s0119g00120,3,0.0014,Alpha-amylase/subtilisin inhibitor,E3_2_1_1,,vv10500Starch_and_sucrose_metabolism,
868,VIT_03s0088g00010,3,0.0014,Concanavalin A lectin,,,,
869,VIT_00s0184g00170,3,0.0014,No hit,,,,
870,VIT_13s0019g00080,3,0.0014,Unknown protein,,,,
871,VIT_18s0001g09660,3,0.0014,CYP81D2,,,,
872,VIT_15s0021g02400,3,0.0014,Unknown,,,,
873,VIT_01s0146g00350,3,0.0014,Somatic embryogenesis protein kinase,,,,
874,VIT_02s0012g00680<br>VIT_02s0012g00700,3,0.0014,
875,VIT_15s0045g01200,3,0.0014,Avr9/Cf-9 rapidly elicited protein,,,,
876,VIT_05s0020g02520,3,0.0014,BTB-POZ and math Domain 2 ATBPM2,BPM2_2,,vv60093TRAF,
877,VIT_02s0025g03370,3,0.0014,YDA (YODA),,,,
878,VIT_19s0093g00640,3,0.0014,No hit,,,,
879,VIT_18s0041g02010<br>VIT_18s0041g02050,3,0.0014,
880,VIT_03s0017g01450,3,0.0014,No hit,,,,
881,VIT_06s0004g06360,3,0.0014,No hit,,,,
882,VIT_01s0011g02160,3,0.0014,Zinc finger (C3HC4-type ring finger),ZFC3HC4_131,,vv60078Other_zf-C3HC4,
883,VIT_11s0149g00030,3,0.0014,Endomembrane protein 70,EMP70,,,
884,VIT_08s0007g02840,3,0.0014,Unknown protein,,,,
885,VIT_14s0108g01410,3,0.0014,3-phosphatidylinositol 3-phosphatase,E3_1_3_67,,vv10562Inositol_phosphate_metabolism,vv34070Phosphatidylinositol_signaling_system
886,VIT_11s0103g00120,3,0.0014,Phenylalanyl-tRNA synthetase,E6_1_1_20,,vv10400Phenylalanine_tyrosine_and_tryptophan_biosynthesis,vv20970Aminoacyl-tRNA_biosynthesis
887,VIT_18s0075g00570,3,0.0014,Emb1381 (embryo defective 1381),,,,
888,VIT_01s0011g05170,3,0.0014,Major Latex Protein Family,,,,
