Vv_m2,2000,1000,VIT_16s0100g01000
rank,node,Fabs,Frel,Functional-annotation,Name-EC-KeggID,Updated-name,Network1,Network2
1,VIT_11s0016g02070,2069,1.0000,Basic helix-loop-helix (bHLH) family,BHLHDOM_63,,vv60011BHLH,
2,VIT_05s0077g01690,2072,1.0000,Pathogenesis protein 10 [Vitis vinifera],,,,
3,VIT_16s0100g01140,2068,1.0000,Stilbene synthase 2,E2_3_1_95,,vv10940Phenylpropanoid_biosynthesis,
4,VIT_16s0100g00860<br>VIT_16s0100g00940<br>VIT_16s0100g00800<br>VIT_16s0100g00920<br>VIT_16s0100g00930<br>VIT_16s0100g00810<br>VIT_16s0100g00840<br>VIT_16s0100g00850,2073,1.0000,
5,VIT_16s0100g01040,2070,1.0000,Stilbene synthase - grape,E2_3_1_95,,vv10940Phenylpropanoid_biosynthesis,
6,VIT_10s0042g00910,2060,1.0000,Stilbene synthase [Vitis pseudoreticulata],E2_3_1_95,,vv10940Phenylpropanoid_biosynthesis,
7,VIT_16s0100g01010<br>VIT_16s0100g00950<br>VIT_16s0100g01030<br>VIT_16s0100g00990,2070,0.9981,
8,VIT_07s0129g01010,2077,0.9976,Unknown,,,,
9,VIT_16s0100g01150,2059,0.9961,Stilbene synthase [Vitis vinifera],E2_3_1_95,,vv10940Phenylpropanoid_biosynthesis,
10,VIT_16s0100g01190,2053,0.9918,Stilbene synthase [Vitis vinifera],E2_3_1_95,,vv10940Phenylpropanoid_biosynthesis,
11,VIT_10s0042g00850,2055,0.9899,Stilbene synthase [Vitis pseudoreticulata],E2_3_1_95,,vv10940Phenylpropanoid_biosynthesis,
12,VIT_09s0054g00910,2035,0.9888,Chaperone BCS1 mitochondrial,K08900,,,
13,VIT_18s0001g10200<br>VIT_18s0001g10230,2043,0.9874,
14,VIT_16s0100g01200<br>VIT_16s0100g01070,2038,0.9860,
15,VIT_00s0226g00100,2029,0.9859,Regulator of chromosome condensation (RCC1),RCC1,,vv50112Nuclear_pore_complex,
16,VIT_16s0100g00770,2038,0.9850,Stilbene synthase,E2_3_1_95,,vv10940Phenylpropanoid_biosynthesis,
17,VIT_16s0039g01110,2039,0.9831,Phenylalanin ammonia-lyase [Vitis vinifera],E4_3_1_5,,vv10350Tyrosine_metabolism,vv10360Phenylalanine_metabolism
18,VIT_16s0100g01130,2016,0.9796,Stilbene synthase [Vitis vinifera],E2_3_1_95,,vv10940Phenylpropanoid_biosynthesis,
19,VIT_14s0083g00920,2013,0.9767,No hit,,,,
20,VIT_16s0100g00750,2038,0.9747,Stilbene synthase,E2_3_1_95,,vv10940Phenylpropanoid_biosynthesis,
21,VIT_16s0100g00880,2015,0.9730,Stilbene synthase [Vitis pseudoreticulata],E2_3_1_95,,vv10940Phenylpropanoid_biosynthesis,
22,VIT_10s0042g00880,2012,0.9710,Stilbene synthase [Vitis pseudoreticulata],E2_3_1_95,,vv10940Phenylpropanoid_biosynthesis,
23,VIT_14s0068g01250,1993,0.9670,Mitochondrial phosphate transporter,MPHOSPTR,,vv50123Porters_cat_18_to_29,
24,VIT_10s0042g00930<br>VIT_10s0042g00890<br>VIT_10s0042g00870<br>VIT_10s0042g00860<br>VIT_10s0042g00920,1991,0.9665,
25,VIT_05s0049g01200,2005,0.9635,S-locus lectin protein kinase,,,,
26,VIT_06s0004g00020,1982,0.9547,NAC domain containing protein 32,NAC032,VvNAC44,vv60046NAC,
27,VIT_11s0016g00570,1965,0.9502,Dimethylaniline monooxygenase (N-oxide forming) 2,E1_14_13_8,,vv11000Single_reactions,
28,VIT_00s2648g00010,1963,0.9474,FAD-dependent pyridine nucleotide-disulphide oxidoreductase,,,,
29,VIT_12s0059g01720,1957,0.9409,No hit,,,,
30,VIT_10s0042g00700,1939,0.9381,Leucine-rich repeat receptor-like protein kinase 1,,,,
31,VIT_07s0005g03220,1941,0.9359,Ethylene-responsive transcription factor ERF098,ERF098_1,VvERF098,vv30008Ethylene_signaling,vv60003AP2_EREBP
32,VIT_18s0001g00920<br>VIT_18s0075g00590<br>VIT_18s0001g00850<br>VIT_18s0075g00780<br>VIT_18s0001g00790<br>VIT_18s0001g00730<br>VIT_18s0001g00310<br>VIT_18s0075g00620<br>VIT_18s0075g00540<br>VIT_18s0075g00600<br>VIT_18s0075g00580<br>VIT_00s0481g00020<br>VIT_18s0001g00930,1912,0.9228,
33,VIT_00s1212g00020,1890,0.9202,Laccase,E1_10_3_2,,vv11000Single_reactions,vv50109Incompletely_characterized_transport_systems
34,VIT_06s0009g02600<br>VIT_06s0009g02630,1889,0.9161,
35,VIT_07s0031g03060,1899,0.9147,NSL1 (necrotic spotted lesions 1),,,,
36,VIT_10s0071g00230,1864,0.9044,HcrVf1 protein,,,,
37,VIT_16s0100g01110,1862,0.9013,Resveratrol synthase (RS1),E2_3_1_95,,vv10940Phenylpropanoid_biosynthesis,
38,VIT_00s0410g00040,1857,0.8988,Anthranilate N-benzoyltransferase protein 1,E2_3_1_144,,vv10400Phenylalanine_tyrosine_and_tryptophan_biosynthesis,
39,VIT_13s0064g01470,1859,0.8981,Urophorphyrin III methylase,E2_1_1_107,,vv10860Porphyrin_and_chlorophyll_metabolism,
40,VIT_01s0010g02350,1864,0.8979,Protein phosphatase 2 (formerly 2A)  regulatory subunit B',K11584,,vv23015mRNA_surveillance_pathway,
41,VIT_18s0001g10180,1845,0.8943,N-hydroxycinnamoyl/benzoyltransferase 3,,,,
42,VIT_05s0077g01530,1845,0.8930,Pathogenesis protein 10 [Vitis vinifera],,,,
43,VIT_03s0063g02650,1860,0.8912,Hydrolase  alpha/beta fold,,,,
44,VIT_19s0027g00860,1836,0.8908,NAC domain-containing protein 42,NAC042_2,VvNAC31,vv60046NAC,
45,VIT_11s0016g03080,1825,0.8868,Clavata1 receptor kinase (CLV1),,,,
46,VIT_16s0050g00480,1809,0.8731,CYP715A1,,,,
47,VIT_16s0039g01240<br>VIT_16s0039g01360<br>VIT_16s0039g01130<br>VITisv_009233<br>VIT_16s0039g01100<br>VIT_00s2508g00010<br>VITisv_032212<br>VIT_16s0039g01120<br>VIT_16s0039g01320<br>VIT_00s2849g00010<br>VIT_16s0039g01300<br>VIT_16s0039g01170<br>VIT_16s0039g01280,1787,0.8683,
48,VIT_16s0100g00830<br>VIT_16s0100g01120<br>VIT_16s0100g00780<br>VIT_16s0100g00910,1781,0.8679,
49,VIT_08s0007g00620,1778,0.8606,Zinc finger (DHHC type),ZFDHHC_8,,vv60079Other_zf-DHHC,
50,VIT_19s0014g00830,1777,0.8589,RKF1 (receptor-like kinase in flowers 1),,,,
51,VIT_03s0017g01990,1767,0.8565,UDP-glucose glucosyltransferase,E2_4_1_35,,vv10500Starch_and_sucrose_metabolism,
52,VIT_07s0005g02660,1783,0.8556,ABC transporter B member 13,ABCB13,,vv52010ABC_transporters,
53,VIT_11s0065g00350,1767,0.8536,Trans-cinnamate 4-monooxygenase,E1_14_13_11,,vv10360Phenylalanine_metabolism,vv10940Phenylpropanoid_biosynthesis
54,VIT_16s0100g01060,1716,0.8358,Stilbene synthase,E2_3_1_95,,vv10940Phenylpropanoid_biosynthesis,
55,VIT_17s0000g03370,1714,0.8284,Calmodulin-binding protein,K02183,,vv34020Calcium_signaling_pathway,vv34626Plant-pathogen_interaction
56,VIT_07s0005g05780,1711,0.8274,Pantoate--beta-alanine ligase,E6_3_2_1,,vv10410Beta-alanine_metabolism,vv10770Pantothenate_and_CoA_biosynthesis
57,VIT_07s0141g00890,1707,0.8246,CYP94A1,,,,
58,VIT_18s0001g01960,1701,0.8237,RKF3 (receptor-like kinase IN in flowers 3),,,,
59,VIT_11s0016g01970,1701,0.8205,Calmodulin-binding region IQD6,,,,
60,VIT_09s0054g00580<br>VIT_09s0054g00570,1686,0.8141,
61,VIT_17s0000g04360,1690,0.8129,Wall-associated kinase 2 (WAK2),,,,
62,VIT_05s0094g00160,1682,0.8106,No hit,,,,
63,VIT_00s0301g00090,1666,0.8087,NDA2 (alternative NAD(P)H dehydrogenase 2),K03885,,vv10190Oxidative_phosphorylation,vv50134Primary_active_transporter_cat_D1
64,VIT_11s0078g00290,1652,0.8023,Cinnamate 4-hydroxylase,E1_14_13_11,,vv10360Phenylalanine_metabolism,vv10940Phenylpropanoid_biosynthesis
65,VIT_14s0060g02750<br>VIT_14s0128g00970<br>VIT_14s0128g00990<br>VIT_14s0128g00980<br>VIT_14s0128g01010<br>VIT_14s0128g01030<br>VIT_14s0128g01020<br>VIT_14s0128g01040,1657,0.7993,
66,VIT_13s0019g04060,1631,0.7875,MLO1,K08472,,,
67,VIT_18s0075g00530,1633,0.7855,Laccase,E1_10_3_2,,vv11000Single_reactions,vv50109Incompletely_characterized_transport_systems
68,VIT_16s0100g01160,1612,0.7757,Stilbene synthase [Vitis vinifera],E2_3_1_95,,vv10940Phenylpropanoid_biosynthesis,
69,VIT_15s0046g02170,1586,0.7673,3-methyl-2-oxobutanoate hydroxy-methyl-transferase,E2_1_2_11,,vv10770Pantothenate_and_CoA_biosynthesis,
70,VIT_06s0004g01010,1580,0.7662,Dirigent protein pDIR9,,,,
71,VIT_16s0100g00960,1567,0.7592,Stilbene synthase [Vitis pseudoreticulata],E2_3_1_95,,vv10940Phenylpropanoid_biosynthesis,
72,VIT_18s0122g00690,1572,0.7547,Laccase,E1_10_3_2,,vv11000Single_reactions,vv50109Incompletely_characterized_transport_systems
73,VIT_14s0060g02760,1568,0.7524,Germin-like protein 3 [Vitis vinifera],,,,
74,VIT_17s0000g02920,1538,0.7466,Glutathione S-transferase 25 GSTU7,E2_5_1_18_GSTU7,,vv10480Glutathione_metabolism,
75,VIT_18s0075g00810,1550,0.7463,Laccase,E1_10_3_2,,vv11000Single_reactions,vv50109Incompletely_characterized_transport_systems
76,VIT_05s0094g00170,1536,0.7438,Protein transport protein Sec61 subunit beta,K09481,,vv23060Protein_export,vv24141Protein_processing_in_endoplasmic_reticulum
77,VIT_18s0001g04280,1528,0.7382,(-)-germacrene D synthase,E4_2_3_22,,vv10900Terpenoid_biosynthesis,
78,VIT_04s0069g00970,1528,0.7346,WRKY DNA-binding protein 51,WRKY51_1,VvWRKY11,vv60066WRKY,
79,VIT_06s0004g01670,1517,0.7325,UDP-glucoronosyl and UDP-glucosyl transferase,,,,
80,VIT_16s0100g00900,1514,0.7279,Stilbene synthase [Vitis pseudoreticulata],E2_3_1_95,,vv10940Phenylpropanoid_biosynthesis,
81,VIT_12s0059g01080,1508,0.7271,Acid phosphatase/vanadium-dependent haloperoxidase,,,,
82,VIT_18s0001g01470,1498,0.7226,No hit,,,,
83,VIT_19s0027g00870,1488,0.7199,NAC domain-containing protein 42,NAC042_3,VvNAC30,vv60046NAC,
84,VIT_06s0004g01020,1484,0.7169,Dirigent protein,,,,
85,VIT_07s0031g01090,1470,0.7157,Ascorbate oxidase,E1_10_3_3,,vv10053Ascorbate_and_aldarate_metabolism,vv50109Incompletely_characterized_transport_systems
86,VIT_08s0058g00690,1481,0.7155,WRKY DNA-binding protein 33,WRKY33_3,VvWRKY24,vv34626Plant-pathogen_interaction,vv60066WRKY
87,VIT_01s0011g03850,1465,0.7067,Unknown protein,,,,
88,VIT_17s0000g00640,1463,0.7061,No hit,,,,
89,VIT_17s0000g03150,1470,0.7061,No hit,,,,
90,VIT_00s0194g00120,1461,0.7058,Serine acetyltransferase,E2_3_1_30,,vv10272Cysteine_metabolism,vv10920Sulfur_metabolism
91,VIT_14s0068g01770,1457,0.7028,WRKY DNA-binding protein 75,WRKY75_2,VvWRKY43,vv60066WRKY,
92,VIT_10s0042g00840,1456,0.6997,Stilbene synthase [Vitis pseudoreticulata],E2_3_1_95,,vv10940Phenylpropanoid_biosynthesis,
93,VIT_02s0109g00390,1450,0.6995,N-hydroxycinnamoyl/benzoyltransferase 5,,,,
94,VIT_17s0000g03560,1438,0.6944,(myb domain protein 62,MYB62_1,MYB164,vv60044MYB,
95,VIT_00s0409g00050,1431,0.6920,Receptor-like serine-threonine protein kinase,,,,
96,VIT_09s0002g05610,1417,0.6852,Unknown,,,,
97,VIT_14s0108g00890,1399,0.6778,Beta-1 3-galactosyltransferase,K07819,,vv10602Glycosphingolipid_biosynthesis,
98,VIT_18s0075g00660,1387,0.6756,Disease resistance protein (TIR-NBS-LRR class),,,,
99,VIT_03s0088g00700,1367,0.6665,Pathogenesis related protein 1 precursor (pr1 gene),PRP1,,vv30011Jasmonate_signaling,vv34626Plant-pathogen_interaction
100,VIT_03s0017g01730,1371,0.6620,ABC protein 6 non-intrinsic,K09015,,vv52010ABC_transporters,
101,VIT_04s0069g00880,1350,0.6509,No hit,,,,
102,VIT_01s0026g02640,1352,0.6497,UbiE/COQ5 methyltransferase,K06127,,vv10130Ubiquinone_biosynthesis,
103,VIT_16s0100g00760,1324,0.6424,Stilbene synthase 2 [Vitis sp. cv. 'Norton'],E2_3_1_95,,vv10940Phenylpropanoid_biosynthesis,
104,VIT_01s0011g00380,1323,0.6401,SP1L1 (SPIRAL1-like1),,,,
105,VIT_06s0009g02590,1322,0.6393,Pectinesterase family,E3_1_1_11,,vv40006Cell_wall,
106,VIT_18s0117g00550,1307,0.6360,Laccase,E1_10_3_2,,vv11000Single_reactions,vv50109Incompletely_characterized_transport_systems
107,VIT_09s0002g05170,1314,0.6351,Unknown protein,,,,
108,VIT_18s0001g05410,1309,0.6336,No hit,,,,
109,VIT_18s0001g00840,1289,0.6273,Syringolide-induced protein 14-1-1,,,,
110,VIT_10s0116g01360<br>VIT_10s0116g01290<br>VIT_10s0116g01330<br>VIT_10s0116g01270,1282,0.6229,
111,VIT_01s0146g00320,1282,0.6214,No hit,,,,
112,VIT_07s0104g00220,1284,0.6191,Phenazine biosynthesis PhzC/PhzF,K06998,,vv10400Phenylalanine_tyrosine_and_tryptophan_biosynthesis,
113,VIT_18s0001g04640,1283,0.6186,No hit,,,,
114,VIT_16s0100g01100,1275,0.6183,Stilbene synthase,E2_3_1_95,,vv10940Phenylpropanoid_biosynthesis,
115,VIT_18s0001g15130,1284,0.6164,WD40 repeat protein,,,,
116,VIT_15s0021g02510,1248,0.6067,GATA transcription factor 2,GATA2,,vv60016C2C2-GATA,
117,VIT_13s0074g00570,1235,0.5940,Gamma-aminobutyric acid transporter,GAT1,,vv50123Porters_cat_18_to_29,
118,VIT_01s0010g01970<br>VIT_01s0010g01980,1216,0.5903,
119,VIT_03s0017g02110,1214,0.5885,Anthocyanidin 3-O-glucosyltransferase,E2_4_1_115,,vv10942Anthocyanin_biosynthesis,
120,VIT_11s0016g03190,1207,0.5871,Unknown,,,,
121,VIT_06s0004g01030,1207,0.5865,Dirigent protein,,,,
122,VIT_13s0019g04440,1206,0.5837,Zinc finger (C3HC4-type ring finger),ZFC3HC4_163,,vv60078Other_zf-C3HC4,
123,VIT_06s0009g02570,1204,0.5816,Pectinesterase family,E3_1_1_11,,vv40006Cell_wall,
124,VIT_19s0015g00300,1192,0.5786,KCO1 (two pore K channel),K05389_KCO1,,vv50101Channels_and_pores,
125,VIT_09s0002g05560,1191,0.5745,ABC transporter g family pleiotropic drug resistance 12 PDR12,ABCGPDR12,,vv52010ABC_transporters,
126,VIT_02s0236g00120,1180,0.5717,Unknown,,,,
127,VIT_08s0105g00450,1173,0.5642,Transducin protein,,,,
128,VIT_10s0003g04080,1153,0.5575,Unknown,,,,
129,VIT_18s0041g02010<br>VIT_18s0041g02050,1148,0.5551,
130,VIT_15s0046g00170,1150,0.5529,MYBPA1 protein [Vitis vinifera],MYBPA1,MYBPA1,vv60044MYB,
131,VIT_07s0151g00260,1141,0.5523,Quinone-oxidoreductase  Chloroplast,K03956,,vv10190Oxidative_phosphorylation,vv50134Primary_active_transporter_cat_D1
132,VIT_13s0156g00590,1131,0.5490,S-receptor kinase,,,,
133,VIT_12s0059g01380,1115,0.5392,1-aminocyclopropane-1-carboxylate oxidase 1,E1_14_17_4,,vv10640Propanoate_metabolism,vv30008Ethylene_signaling
134,VIT_16s0050g00430,1108,0.5389,Photoassimilate-responsive protein PAR-1a,,,,
135,VIT_18s0001g14420,1111,0.5362,Unknown,,,,
136,VIT_00s0399g00020,1099,0.5317,Protease inhibitor/seed storage/lipid transfer protein (LTP),,,,
137,VIT_18s0001g04870,1098,0.5297,(-)-germacrene D synthase,E4_2_3_22,,vv10900Terpenoid_biosynthesis,
138,VIT_01s0011g05420,1080,0.5210,Fw2.2 ORFX,,,,
139,VIT_04s0044g00220,1064,0.5200,Monooxygenase,,,,
140,VIT_15s0048g01350,1086,0.5196,Gibberellin receptor GID1L3,GID1C,,vv30010Gibberellin_signaling,
141,VIT_09s0002g04720,1053,0.5092,Coatomer protein complex  subunit beta 2,COPB2,,vv50110Protein_coat,
142,VIT_14s0060g00110,1045,0.5029,Glutamyl-tRNA synthetase  cytoplasmic,E6_1_1_17,,vv10860Porphyrin_and_chlorophyll_metabolism,vv20970Aminoacyl-tRNA_biosynthesis
143,VIT_10s0116g01310,1030,0.4964,F-box family protein,,,,
144,VIT_18s0001g10100,1012,0.4910,Ubiquitin-conjugating enzyme E2 I,K10577,,vv23013RNA_transport,vv24120Ubiquitin_mediated_proteolysis
145,VIT_18s0075g00960,1010,0.4893,Laccase,E1_10_3_2,,vv11000Single_reactions,vv50109Incompletely_characterized_transport_systems
146,VIT_17s0000g06220,1009,0.4858,Exostosin,K02366,,vv11030Glycan_structures-biosynthesis1,
147,VIT_17s0000g04370,998,0.4826,Wall-associated kinase,,,,
148,VIT_12s0028g00860,994,0.4797,NAC domain-containing protein 42,NAC042_5,VvNAC36,vv60046NAC,
149,VIT_06s0009g00760,987,0.4761,HcrVf1 protein,,,,
150,VIT_05s0077g01570,989,0.4753,Pathogenesis protein 10 [Vitis vinifera],,,,
151,VIT_00s0145g00110,972,0.4709,Pirin,K06911,,,
152,VIT_14s0083g01170,975,0.4692,Mitochondrial substrate carrier family protein,K03454,,vv50123Porters_cat_18_to_29,
153,VIT_00s0413g00010,961,0.4672,Laccase (diphenol oxidase) family protein,E1_10_3_2,,vv11000Single_reactions,vv50109Incompletely_characterized_transport_systems
154,VIT_08s0007g03310,951,0.4637,Unknown,,,,
155,VIT_01s0011g04780,953,0.4624,Unknown protein,,,,
156,VIT_00s0194g00020,938,0.4540,DNA-directed RNA polymerase II subunit D,K03012,,vv23020RNA_polymerase,
157,VIT_05s0077g01550,935,0.4519,Pathogenesis protein 10.3 [Vitis quinquangularis],,,,
158,VIT_08s0007g05350,932,0.4489,Haloacid dehalogenase hydrolase,E3_1_3_18,,vv10630Glyoxylate_and_dicarboxylate_metabolism,
159,VIT_18s0075g00700,914,0.4422,Laccase,E1_10_3_2,,vv11000Single_reactions,vv50109Incompletely_characterized_transport_systems
160,VIT_15s0021g01630,912,0.4395,Ethylene responsive element binding factor 2,ERF2_1,,vv30008Ethylene_signaling,vv60003AP2_EREBP
161,VIT_10s0116g00350,904,0.4384,Unknown protein,,,,
162,VIT_14s0081g00190,897,0.4338,No hit,,,,
163,VIT_06s0009g02560,890,0.4333,Pectinesterase family,E3_1_1_11,,vv40006Cell_wall,
164,VIT_06s0009g00370,898,0.4330,U-box domain-containing protein,,,,
165,VIT_18s0117g00290,888,0.4296,Coatomer protein complex  subunit beta 2,COPB2,,vv50110Protein_coat,
166,VIT_05s0102g00200,886,0.4293,Unknown protein,,,,
167,VIT_05s0020g02730,876,0.4218,Nectarin IV NEC4,,,,
168,VIT_09s0002g05360<br>VIT_09s0002g05400<br>VIT_09s0002g05490<br>VIT_09s0002g05590,870,0.4209,
169,VIT_10s0116g01450,869,0.4204,Unknown,,,,
170,VIT_15s0021g01260,867,0.4190,Unknown,,,,
171,VIT_08s0105g00200,865,0.4187,U-box domain-containing protein,,,,
172,VIT_04s0008g05440,858,0.4163,Ethylene-responsive transcription factor SHINE 3,SHINE3_1,VvERF044,vv30008Ethylene_signaling,vv60003AP2_EREBP
173,VIT_17s0000g10260,855,0.4142,AarF domain containing kinase,K08869,,,
174,VIT_14s0068g02150,855,0.4140,Kelch repeat-containing F-box family protein,,,,
175,VIT_07s0031g00780,853,0.4129,Transcriptional factor B3,TFB3_4,,vv60001ABI3VP1,
176,VIT_18s0075g00630,850,0.4089,Laccase,E1_10_3_2,,vv11000Single_reactions,vv50109Incompletely_characterized_transport_systems
177,VIT_10s0003g00790,820,0.3961,Glutamate receptor protein,GLR2_7,,vv50101Channels_and_pores,
178,VIT_16s0050g00410,816,0.3953,Photoassimilate-responsive protein PAR-1a,,,,
179,VIT_12s0028g01310,805,0.3881,Germin-like protein 1,,,,
180,VIT_17s0000g05360,806,0.3864,Germin,,,,
181,VIT_12s0028g00610,803,0.3859,Aspartyl protease,E3_4_23_x,,,
182,VIT_03s0063g01820,792,0.3847,AOS (allene oxide synthase),E4_2_1_92,,vv10592alpha-Linolenic_acid_metabolism,
183,VIT_08s0056g00300,796,0.3844,Unknown,,,,
184,VIT_04s0023g01080,787,0.3820,Lys Motif-Type Receptor-Like Kinase LYK4,,,,
185,VIT_01s0010g01950,790,0.3820,Anionic peroxidase,E1_11_1_7,,vv10360Phenylalanine_metabolism,vv10680Methane_metabolism
186,VIT_04s0023g01270,794,0.3814,Transporter-related,TRANSPORTERUNK,,vv50109Incompletely_characterized_transport_systems,
187,VIT_14s0036g00330,787,0.3796,RPS2 (resistant to p. syringae 2),K13459,,vv34626Plant-pathogen_interaction,
188,VIT_05s0020g03290,776,0.3776,S-receptor kinase,,,,
189,VIT_18s0001g06400,771,0.3691,No hit,,,,
190,VIT_01s0150g00410,755,0.3676,Unknown protein,,,,
191,VIT_00s0181g00170,768,0.3675,F-box family protein,,,,
192,VIT_16s0050g02510,755,0.3658,WRKY DNA-binding protein 53,WRKY53_1,VvWRKY51,vv60066WRKY,
193,VIT_01s0011g05440,738,0.3567,Unknown protein,,,,
194,VIT_14s0108g00150,740,0.3553,Calmodulin-binding region IQD28,IQD28,,,
195,VIT_11s0052g01760,727,0.3545,No hit,,,,
196,VIT_05s0094g00320,733,0.3531,Chitinase  class IV [Vitis vinifera],E3_2_1_14,,vv10530Aminosugars_metabolism,
197,VIT_17s0000g02220,732,0.3524,No hit,,,,
198,VIT_14s0108g00540,731,0.3516,Phosphofructokinase,E2_7_1_90,,vv10051Fructose_and_mannose_metabolism,
199,VIT_01s0026g01140,728,0.3515,ZCW32 (BIGPETAL  BIGPETALUB),ZCW32_2,,vv60011BHLH,
200,VIT_00s0748g00020,728,0.3502,Receptor kinase RK20-1,,,,
201,VIT_06s0004g07240,724,0.3496,UDP-glucoronosyl and UDP-glucosyl transferase,,,,
202,VIT_04s0008g05350,722,0.3495,Serine hydrolase [Vitis vinifera],E4_3_1_18,,vv10260Glycine_serine_and_threonine_metabolism,
203,VIT_07s0031g01120,719,0.3494,Ascorbate oxidase,E1_10_3_3,,vv10053Ascorbate_and_aldarate_metabolism,vv50109Incompletely_characterized_transport_systems
204,VIT_19s0027g00880,717,0.3464,NAC domain-containing protein 42,NAC042_7,VvNAC29,vv60046NAC,
205,VIT_10s0116g00960,718,0.3464,Transcription factor jumonji (jmjC) domain-containing protein,JMJD1B_5,,vv60038Jumonji,
206,VIT_09s0002g02320,718,0.3462,Cell wall apoplastic invertase,E3_2_1_26,,vv10052Galactose_metabolism,vv10500Starch_and_sucrose_metabolism
207,VIT_06s0004g01990,715,0.3449,No hit,,,,
208,VIT_18s0001g02760,698,0.3405,Lipase GDSL,,,,
209,VIT_00s0194g00140,701,0.3400,Agenet domain-containing protein,,,,
210,VIT_05s0020g03280,704,0.3398,Copper amine oxidase,E1_4_3_4,,vv10220Urea_cycle_and_metabolism_of_amino_groups,vv10340Histidine_metabolism
211,VIT_00s1463g00010,699,0.3393,Protease Do-like 5,,,,
212,VIT_05s0020g03680,703,0.3383,GCN5 N-acetyltransferase (GNAT),GCN5_7,,vv60082GNAT,
213,VIT_13s0064g01110,694,0.3325,No hit,,,,
214,VIT_00s0316g00060,685,0.3320,HcrVf1 protein,,,,
215,VIT_03s0088g00720,684,0.3316,Pathogenesis-related protein 1 precursor (PRP 1),PRP1,,vv30011Jasmonate_signaling,vv34626Plant-pathogen_interaction
216,VIT_12s0121g00300,685,0.3298,Brassinosteroid insensitive 1-associated receptor kinase 1,BAK1,,vv30005Brassinosteroids_signaling,vv34626Plant-pathogen_interaction
217,VIT_18s0117g00080,674,0.3262,R protein L6,K13477,,vv34627R_proteins_from_Plant-pathogen_interaction,
218,VIT_06s0061g00100,673,0.3250,Glucan endo-1 3-beta-glucosidase  acidic isoform precursor,E3_2_1_39,,vv10500Starch_and_sucrose_metabolism,
219,VIT_05s0094g00260<br>VIT_05s0094g00220,675,0.3236,
220,VIT_10s0003g04200,668,0.3225,Lipase class 3,,,,
221,VIT_00s0421g00020,667,0.3222,Hcr2-5B,,,,
222,VIT_09s0002g06890,667,0.3216,Dicyanin blue copper protein,,,,
223,VIT_03s0017g01220,646,0.3130,Polyadenylate-binding protein 2,K14396,,vv23015mRNA_surveillance_pathway,
224,VIT_00s0250g00090,649,0.3128,Oxidoreductase  2OG-Fe(II) oxygenase,,,,
225,VIT_08s0007g04020,646,0.3118,AT-hook protein 1 (AHP1),HMGIY_1,,vv60035HMG,
226,VIT_18s0001g00080,640,0.3087,Laccase,E1_10_3_2,,vv11000Single_reactions,vv50109Incompletely_characterized_transport_systems
227,VIT_19s0014g01530,633,0.3068,Protein kinase,,,,
228,VIT_18s0001g05060,623,0.2992,2 3-bisphosphoglycerate-dependent phosphoglycerate mutase,E5_4_2_1,,vv10010Glycolysis,
229,VIT_08s0007g00610,622,0.2990,Unknown,,,,
230,VIT_08s0007g06610,617,0.2985,Lectin protein kinase,,,,
231,VIT_19s0014g02340,618,0.2970,Protein phosphatase 2C,E3_1_3_16,,,
232,VIT_07s0031g00460,614,0.2965,Nicotinate phosphoribosyltransferase,E2_4_2_11,,vv10760Nicotinate_and_nicotinamide_metabolism,
233,VIT_07s0005g04050,607,0.2960,Leucine Rich Repeat receptor-like kinase,,,,
234,VIT_16s0050g00400,608,0.2930,Photoassimilate-responsive protein PAR-1a,,,,
235,VIT_14s0068g02240,607,0.2914,HcrVf1 protein,K13466,,vv34626Plant-pathogen_interaction,
236,VIT_09s0054g01080,588,0.2846,Polygalacturonase QRT3,E3_2_1_15,,vv40006Cell_wall,
237,VIT_18s0117g00450<br>VIT_18s0117g00480,588,0.2845,
238,VIT_02s0025g03300,585,0.2836,Potassium channel tetramerisation domain-containing protein,KCTREL,,vv50101Channels_and_pores,
239,VIT_07s0005g03340,581,0.2823,Myb domain protein 14,MYB14_2,MYB14,vv60044MYB,
240,VIT_08s0040g01860,578,0.2810,Unknown protein,,,,
241,VIT_09s0002g05810,578,0.2796,Boron transporter-like protein 4,BOR4,,vv50124Porters_cat_30_to_64,
242,VIT_03s0063g01910,576,0.2793,Integral membrane protein,,,,
243,VIT_05s0077g01560,573,0.2775,Pathogenesis protein 10.3 [Vitis quinquangularis],,,,
244,VIT_16s0098g00560,574,0.2774,SP1L2 (SPIRAL2),SP1L2,,vv44810Regulation_of_actin_cytoskeleton,
245,VIT_18s0075g00610,575,0.2767,Laccase,E1_10_3_2,,vv11000Single_reactions,vv50109Incompletely_characterized_transport_systems
246,VIT_18s0072g01170,567,0.2750,Phosphoribosylanthranilate transferase,E2_4_2_18,,vv10400Phenylalanine_tyrosine_and_tryptophan_biosynthesis,
247,VIT_01s0010g03860,569,0.2749,Unknown,,,,
248,VIT_05s0077g01600,567,0.2736,Pathogenesis protein 10 [Vitis vinifera],,,,
249,VIT_06s0004g01000,562,0.2723,Dirigent protein,,,,
250,VIT_08s0007g05830,559,0.2711,No hit,,,,
251,VIT_07s0005g02560,562,0.2703,Chitinase Class I,E3_2_1_14,,vv10530Aminosugars_metabolism,
252,VIT_17s0000g00650,557,0.2695,No hit,,,,
253,VIT_04s0044g00230,557,0.2688,Monooxygenase (MO2),,,,
254,VIT_04s0008g05540,543,0.2637,Clathrin assembly protein 2,CAP2,,vv50110Protein_coat,
255,VIT_03s0063g02560,539,0.2600,Phenylalanyl-tRNA synthetase alpha chain,E6_1_1_20,,vv10400Phenylalanine_tyrosine_and_tryptophan_biosynthesis,vv20970Aminoacyl-tRNA_biosynthesis
256,VIT_19s0014g01760,535,0.2580,Glutamate receptor 2.8,GLR2_8,,vv50101Channels_and_pores,
257,VIT_02s0012g00730,534,0.2570,Purine permease 10 PUP10,PUP10,,vv50122Porters_cat_7_to_17,
258,VIT_14s0060g02710,520,0.2517,Germin,,,,
259,VIT_18s0001g00420,521,0.2516,Laccase,E1_10_3_2,,vv11000Single_reactions,vv50109Incompletely_characterized_transport_systems
260,VIT_18s0001g00400,522,0.2504,Laccase,E1_10_3_2,,vv11000Single_reactions,vv50109Incompletely_characterized_transport_systems
261,VIT_02s0033g00660<br>VIT_02s0033g00850<br>VIT_02s0033g00870<br>VIT_02s0033g00800,516,0.2495,
262,VIT_15s0021g02470,513,0.2470,Epoxide hydrolase-like protein,E3_3_2_10,,,
263,VIT_04s0008g06830,507,0.2465,Biopterin transport-related protein BT1,BIOPTERIN,,vv50125Porters_cat_66_to_94,
264,VIT_05s0062g00790,508,0.2464,NSL1 (necrotic spotted lesions 1),,,,
265,VIT_09s0002g06780,508,0.2456,Unknown protein,,,,
266,VIT_02s0033g00700,501,0.2413,Nitrilase,E3_5_5_1,,vv10460Cyanoamino_acid_metabolism,vv10910Nitrogen_metabolism
267,VIT_05s0020g03240,501,0.2410,S-receptor kinase,,,,
268,VIT_17s0053g00750,497,0.2403,Unknown protein,,,,
269,VIT_18s0075g00670,494,0.2390,Laccase,E1_10_3_2,,vv11000Single_reactions,vv50109Incompletely_characterized_transport_systems
270,VIT_08s0007g01230,492,0.2390,Lectin protein kinase,,,,
271,VIT_02s0033g01380,488,0.2350,Alternative oxidase 1D,AOX1D,,vv30001ABA_signaling,
272,VIT_01s0010g01960,481,0.2342,Anionic peroxidase,E1_11_1_7,,vv10360Phenylalanine_metabolism,vv10680Methane_metabolism
273,VIT_10s0003g03800,487,0.2336,Jasmonate ZIM domain-containing protein 8,JAZ8_1,,vv30011Jasmonate_signaling,vv60069ZIM
274,VIT_02s0025g01080,482,0.2331,No hit,,,,
275,VIT_16s0039g01870,474,0.2292,Protein kinase,,,,
276,VIT_10s0003g00480,472,0.2281,Isoflavone methyltransferase/ Orcinol O-methyltransferase 1 oomt1,E2_1_1_46,,vv10943Isoflavonoid_biosynthesis,
277,VIT_09s0002g08460,470,0.2265,8-amino-7-oxononanoate synthase,E2_3_1_47,,vv10780Biotin_metabolism,
278,VIT_05s0020g03690<br>VIT_05s0020g03710,460,0.2235,
279,VIT_01s0026g01730,459,0.2228,WRKY DNA-binding protein 72,WRKY72_1,VvWRKY02,vv60066WRKY,
280,VIT_08s0058g00790,461,0.2225,Secoisolariciresinol dehydrogenase,SIRD,,vv10940Phenylpropanoid_biosynthesis,
281,VIT_19s0014g04080,460,0.2219,Serine/threonine-protein kinase receptor ARK3,,,,
282,VIT_18s0041g01210<br>VIT_18s0041g01160<br>VIT_18s0041g01170,446,0.2139,
283,VIT_03s0088g01180,440,0.2129,Proline iminopeptidase,E3_4_11_5,,vv10330Arginine_and_proline_metabolism,
284,VIT_05s0049g00010,435,0.2119,Cellulose synthase CSLG2,E2_4_1_12_CSLG2,,vv40006Cell_wall,
285,VIT_05s0020g03220,431,0.2085,S-receptor kinase,,,,
286,VIT_18s0001g05000<br>VIT_18s0001g04780<br>VIT_18s0001g04120,427,0.2057,
287,VIT_14s0081g00210,420,0.2048,No hit,,,,
288,VIT_05s0062g01190,421,0.2036,Pirin,,,,
289,VIT_07s0031g01010<br>VIT_07s0031g01040<br>VIT_07s0031g01050,420,0.2029,
290,VIT_02s0087g00770,416,0.2021,ABC transporter E member 1,K06174,,vv52010ABC_transporters,
291,VIT_08s0007g00850,415,0.2009,EFR (EF-TU receptor),K13428,,vv34626Plant-pathogen_interaction,
292,VIT_04s0023g00360,414,0.2000,Unknown protein,,,,
293,VIT_15s0046g00440,408,0.1978,Phosphatidylinositol 3- and 4-kinase / ubiquitin,,,,
294,VIT_09s0054g00900,410,0.1977,Chaperone BCS1 mitochondrial,K08900,,,
295,VIT_18s0117g00600,406,0.1973,Laccase,E1_10_3_2,,vv11000Single_reactions,vv50109Incompletely_characterized_transport_systems
296,VIT_09s0002g05370,406,0.1968,ABC transporter g family pleiotropic drug resistance 12 PDR12,ABCGPDR12,,vv52010ABC_transporters,
297,VIT_11s0016g03780,402,0.1953,Continuous vascular ring (COV1),COV1,,vv30003Auxin_signaling,
298,VIT_18s0001g07870,401,0.1933,Unknown protein,,,,
299,VIT_16s0098g01830,401,0.1931,Transcription factor jumonji (jmjC) domain-containing protein,JMJD1B_3,,vv60038Jumonji,
300,VIT_06s0004g08180,399,0.1928,Translation initiation factor eIF-2 beta subunit,K03238,,vv23013RNA_transport,
301,VIT_14s0030g01750,396,0.1906,Unknown,,,,
302,VIT_03s0088g00690,394,0.1900,Pathogenesis-related protein 1 precursor (PRP 1),PRP1,,vv30011Jasmonate_signaling,vv34626Plant-pathogen_interaction
303,VIT_01s0011g04210,395,0.1898,Amino acid permease,AAPREL,,vv50123Porters_cat_18_to_29,
304,VIT_04s0044g00040,391,0.1887,Dirigent,,,,
305,VIT_18s0001g04410,389,0.1886,No hit,,,,
306,VIT_12s0055g00020,386,0.1881,UDP-glucose glucosyltransferase,E2_4_1_35,,vv10500Starch_and_sucrose_metabolism,
307,VIT_10s0042g00590,383,0.1847,Leucine-rich repeat receptor-like protein kinase 1,,,,
308,VIT_00s0181g00160,381,0.1846,F-box family protein,,,,
309,VIT_18s0117g00300,381,0.1839,Coatomer protein complex  subunit beta 2,COPB2,,vv50110Protein_coat,
310,VIT_18s0075g00830,376,0.1816,Laccase,E1_10_3_2,,vv11000Single_reactions,vv50109Incompletely_characterized_transport_systems
311,VIT_07s0005g01190,371,0.1795,Unknown protein,,,,
312,VIT_01s0011g05230,368,0.1773,GTPase activating protein,,,,
313,VIT_06s0004g01580,362,0.1743,Lipoxygenase,E1_13_11_12,,vv10592alpha-Linolenic_acid_metabolism,
314,VIT_15s0021g00730,360,0.1738,No hit,,,,
315,VIT_09s0002g03640,358,0.1723,ABC transporter g family pleiotropic drug resistance 7 PDR7,ABCGPDR7,,vv52010ABC_transporters,
316,VIT_04s0008g05210,353,0.1715,BZIP protein HY5 (HY5),HY5_1,VvbZIP10,vv60012BZIP,
317,VIT_15s0048g00510,352,0.1700,Pectinesterase family,E3_1_1_11,,vv40006Cell_wall,
318,VIT_17s0000g04380,350,0.1699,Wall-associated kinase 1 (WAK1),,,,
319,VIT_00s0179g00260,347,0.1685,Calcium-transporting ATPase 12 ACA12,K01537,,vv34020Calcium_signaling_pathway,vv50131Primary_active_transporter_cat_A2_to_A4
320,VIT_18s0001g03390,348,0.1683,S-receptor kinase,,,,
321,VIT_13s0019g03990,346,0.1677,Unknown protein,,,,
322,VIT_00s0179g00250,344,0.1669,No hit,,,,
323,VIT_06s0004g00610,343,0.1663,Accelerated cell death 1 ACD1,ACD1,,vv50133Primary_active_transporter_cat_A9_to_A18,
324,VIT_18s0166g00070,343,0.1651,No hit,,,,
325,VIT_19s0085g00020,340,0.1637,Nucleolar complex protein 3 homolog (Protein NOC3 homolog),,,,
326,VIT_12s0034g02180,333,0.1609,Aminomethyltransferase,E2_1_2_10,,vv10260Glycine_serine_and_threonine_metabolism,vv10670One_carbon_pool_by_folate
327,VIT_00s0437g00070,329,0.1592,Receptor kinase RK20-1,,,,
328,VIT_14s0171g00490,329,0.1592,Glucose-6-phosphate 1-dehydrogenase  cytoplasmic isoform,E1_1_1_49,,vv10030Pentose_phosphate,vv10480Glutathione_metabolism
329,VIT_14s0068g02110,326,0.1579,Sulfite oxidase,E1_8_3_1,,vv10920Sulfur_metabolism,
330,VIT_14s0060g00520,331,0.1578,TPA: class III peroxidase 70 precursor,E1_11_1_7,,vv10360Phenylalanine_metabolism,vv10680Methane_metabolism
331,VIT_10s0003g04910,324,0.1561,Sinapyl alcohol dehydrogenase,E1_1_1_195,,vv10940Phenylpropanoid_biosynthesis,
332,VIT_12s0059g00230,322,0.1561,Epoxide hydrolase 2,E3_3_2_10,,,
333,VIT_06s0004g07250,319,0.1554,UDP-glucoronosyl and UDP-glucosyl transferase,,,,
334,VIT_02s0025g02920,320,0.1549,Quercetin 3-O-methyltransferase 1,E2_1_1_76,,vv10941Flavonoid_biosynthesis,
335,VIT_14s0006g00430,319,0.1544,Carboxylesterase,E3_1_1_1,,,
336,VIT_05s0020g02410,317,0.1537,Mo25,K08272,,vv34150mTOR_signaling_pathway,
337,VIT_01s0011g01280,311,0.1521,Zinc transporter ZIP5,ZIP5,,vv50121Porters_cat_1_to_6,
338,VIT_09s0002g05570,308,0.1498,ABC transporter g family pleiotropic drug resistance 12 PDR12,ABCGPDR12,,vv52010ABC_transporters,
339,VIT_11s0016g02830,309,0.1498,Gamma-glutamyltranspeptidase,E2_3_2_2,,vv10272Cysteine_metabolism,vv10450Selenoamino_acid_metabolism
340,VIT_02s0109g00430,310,0.1490,Nitrilase 4 (NIT4),K13035,,vv10910Nitrogen_metabolism,
341,VIT_14s0006g02530,308,0.1486,Non-specific lipid-transfer protein 2 (LTP 2),,,,
342,VIT_09s0002g04150,304,0.1482,Isochorismatase protein rutB,E3_3_2_1,,vv10130Ubiquinone_biosynthesis,
343,VIT_13s0106g00570<br>VIT_14s0036g00790<br>VIT_17s0000g02780,307,0.1479,
344,VIT_10s0003g01940,302,0.1460,RKF1 (receptor-like kinase in flowers 1),,,,
345,VIT_09s0054g00430,304,0.1458,Unknown protein,,,,
346,VIT_13s0156g00580,300,0.1457,S-receptor kinase,,,,
347,VIT_18s0117g00590,300,0.1448,Laccase,E1_10_3_2,,vv11000Single_reactions,vv50109Incompletely_characterized_transport_systems
348,VIT_19s0014g02670,293,0.1411,Protein kinase CRK1 CRK1 protein(Cdc2-related kinase 1),,,,
349,VIT_04s0008g05840,291,0.1408,DOMON domain containing protein,E1_14_17_1,,vv10350Tyrosine_metabolism,
350,VIT_02s0025g04310,289,0.1397,Thaumatin,,,,
351,VIT_12s0028g01450,289,0.1393,S-receptor kinase,,,,
352,VIT_00s2246g00010,287,0.1387,No hit,,,,
353,VIT_03s0088g00710,283,0.1380,Pathogenesis-related protein 1 precursor (PRP 1),PRP1,,vv30011Jasmonate_signaling,vv34626Plant-pathogen_interaction
354,VIT_11s0037g00400,281,0.1361,Zinc finger (C2H2 type) family,C2H2FAM_28,,vv60017C2H2,
355,VIT_13s0064g01100,278,0.1335,No hit,,,,
356,VIT_03s0063g00360,269,0.1298,Glycoprotein 3-alpha-L-fucosyltransferase,E2_4_1_214,,vv11030Glycan_structures-biosynthesis1,
357,VIT_03s0038g03810,267,0.1298,Serine/threonine Protein kinase BNK1,,,,
358,VIT_00s0480g00040,267,0.1290,Polyphenol oxidase II  chloroplast precursor,E1_10_3_1,,vv10350Tyrosine_metabolism,vv50109Incompletely_characterized_transport_systems
359,VIT_17s0000g00940,264,0.1279,F-box protein,,,,
360,VIT_10s0003g04050,264,0.1277,Unknown protein,,,,
361,VIT_15s0046g01640,264,0.1275,Abl interactor protein 1 (ABIL1),,,,
362,VIT_08s0007g01110,263,0.1274,No hit,,,,
363,VIT_17s0000g06860,263,0.1270,SNAP25ous protein SNAP30,K08509,,vv24130SNARE_interactions_in_vesicular_transport,
364,VIT_05s0077g01680,262,0.1266,Mal d 1 allergen,,,,
365,VIT_05s0049g01980,257,0.1248,3-isopropylmalate dehydratase large subunit 2,E4_2_1_33,,vv10290Valine_leucine_and_isoleucine_biosynthesis,
366,VIT_17s0000g02150,254,0.1221,Ribosomal protein L19,K02884,,vv23010Ribosome,
367,VIT_00s0471g00020,251,0.1220,Unknown,,,,
368,VIT_11s0016g05460,253,0.1213,BRI1-KD interacting protein,BRI1INT,,vv30005Brassinosteroids_signaling,
369,VIT_15s0021g02060,245,0.1182,Arbutin synthase,E2_4_1_218,,vv10500Starch_and_sucrose_metabolism,
370,VIT_00s2659g00010,242,0.1167,CRK10 (cysteine-rich RLK10),,,,
371,VIT_03s0038g03530,242,0.1165,LYS/HIS transporter 7,LHT7,,vv50123Porters_cat_18_to_29,
372,VIT_00s0409g00060,239,0.1153,Cysteine-rich receptor-like protein kinase 25,,,,
373,VIT_11s0016g01860,235,0.1133,RPS2 (resistant to p. syringae 2),K13459,,vv34626Plant-pathogen_interaction,
374,VIT_19s0014g04140,231,0.1120,S-locus protein kinase,,,,
375,VIT_17s0000g07670,231,0.1118,Betaine-aldehyde dehydrogenase,E1_2_1_8,,vv10260Glycine_serine_and_threonine_metabolism,vv50101Channels_and_pores
376,VIT_18s0001g04490,231,0.1113,Germacrene-D synthase,E4_2_3_22,,vv10900Terpenoid_biosynthesis,
377,VIT_14s0128g00940,227,0.1104,No hit,,,,
378,VIT_02s0087g00330,228,0.1104,Glycosyl transferase family 1 protein,,,,
379,VIT_06s0061g00120,227,0.1093,Beta-1 3-glucanase [Vitis riparia],E3_2_1_6,,,
380,VIT_01s0011g06140,224,0.1088,Avr9/Cf-9 rapidly elicited protein,,,,
381,VIT_06s0004g02010,222,0.1070,No hit,,,,
382,VIT_08s0032g00240,220,0.1064,CYP71A22,E1_14_13_73,,vv10902Monoterpenoid_biosynthesis,
383,VIT_07s0104g00850,219,0.1054,Pto kinase interactor,,,,
384,VIT_08s0040g01710,217,0.1053,Phenylalanine ammonia-lyase,E4_3_1_5,,vv10350Tyrosine_metabolism,vv10360Phenylalanine_metabolism
385,VIT_06s0009g03770,216,0.1046,Phycoerythrobilin ferredoxin oxidoreductase,E1_3_7_4,,vv10860Porphyrin_and_chlorophyll_metabolism,
386,VIT_10s0116g01850,218,0.1046,Unknown protein,,,,
387,VIT_11s0016g01650,216,0.1041,Ankyrin repeat,,,,
388,VIT_09s0002g02570,211,0.1024,No hit,,,,
389,VIT_05s0029g00480,211,0.1022,Eceriferum 2 (CER2),,,,
390,VIT_09s0002g08580,211,0.1016,Pentatricopeptide (PPR) repeat-containing protein,,,,
391,VIT_06s0004g04620,210,0.1016,Unknown,,,,
392,VIT_18s0001g10120,209,0.1010,SPla/RYanodine receptor (SPRY) domain-containing protein,,,,
393,VIT_15s0048g02070,208,0.1008,BON2-associated protein (BAP2),,,,
394,VIT_06s0009g00970,207,0.1000,Thylakoid lumenal P17.1 protein,,,,
395,VIT_09s0096g00130,206,0.0999,Pirin,K06911,,,
396,VIT_17s0000g05810,205,0.0996,WRKY DNA-binding protein 72,WRKY72_2,VvWRKY53,vv60066WRKY,
397,VIT_02s0033g00920,205,0.0994,No hit,,,,
398,VIT_05s0020g03140,203,0.0978,Sugar transporter 13,STP13,,vv50121Porters_cat_1_to_6,
399,VIT_14s0006g02570,202,0.0977,Protease inhibitor/seed storage/lipid transfer protein (LTP),,,,
400,VIT_12s0055g01240,201,0.0973,P-glycoprotein 11,PGP11,,vv52010ABC_transporters,
401,VIT_18s0001g11120,198,0.0962,Ternary complex factor MIP1,,,,
402,VIT_04s0079g00020,196,0.0954,Cysteine-rich receptor-like protein kinase 2,,,,
403,VIT_19s0014g04180,192,0.0928,Curculin (mannose-binding) lectin,,,,
404,VIT_07s0104g01500,188,0.0910,Transcription termination factor mitochondrial mTERF,MTERF_10,,vv60085MTERF,
405,VIT_05s0020g05040,184,0.0887,Proteinase inhibitor 1 PPI3B2,,,,
406,VIT_18s0122g01150,181,0.0877,Diphenol oxidase,E1_10_3_1,,vv10350Tyrosine_metabolism,vv50109Incompletely_characterized_transport_systems
407,VIT_18s0001g10240,181,0.0873,N-hydroxycinnamoyl/benzoyltransferase 6,,,,
408,VIT_19s0135g00010,180,0.0871,Ureide permease 2 (AtUPS2),UPS2,,vv50122Porters_cat_7_to_17,
409,VIT_13s0019g03170,177,0.0858,Heat shock protein 16.9 kDa class I,K13993,,vv24141Protein_processing_in_endoplasmic_reticulum,
410,VIT_14s0060g02690,175,0.0844,Germin-like protein 3 [Vitis vinifera],,,,
411,VIT_09s0054g00960,174,0.0843,No hit,,,,
412,VIT_04s0023g01170,174,0.0843,Unknown protein,,,,
413,VIT_06s0004g05080,171,0.0826,Zinc finger (C3HC4-type ring finger),ZFC3HC4_24,,vv60078Other_zf-C3HC4,
414,VIT_18s0117g00070,171,0.0825,R protein L6,K13477,,vv34627R_proteins_from_Plant-pathogen_interaction,
415,VIT_16s0039g01070,168,0.0811,Glutathione S-transferase 25 GSTU7,E2_5_1_18_GSTU7,,vv10480Glutathione_metabolism,
416,VIT_07s0005g01180,166,0.0798,Unknown protein,,,,
417,VIT_12s0035g01000,163,0.0793,Serine protease inhibitor  serine-type,,,,
418,VIT_15s0048g00620,161,0.0780,No hit,,,,
419,VIT_14s0068g01270,161,0.0774,No hit,,,,
420,VIT_17s0000g06710,156,0.0758,Leucine-rich repeat transmembrane protein kinase,,,,
421,VIT_00s0207g00220,155,0.0754,Cold acclimation protein,,,,
422,VIT_09s0002g00510,155,0.0751,Lipase GDSL 1,,,,
423,VIT_18s0041g02070,153,0.0738,12-oxophytodienoate reductase 1,E1_3_1_42,,vv10592alpha-Linolenic_acid_metabolism,
424,VIT_18s0001g01860,151,0.0733,Preprotein translocase secA,K03070,,vv23060Protein_export,vv50113Thylakoid_targeting_pathway
425,VIT_09s0002g01550,151,0.0730,Lecithine cholesterol acyltransferase,E2_3_1_43,,vv10564Glycerophospholipid_metabolism,
426,VIT_17s0000g08540,151,0.0727,Lipase GDSL,,,,
427,VIT_14s0006g02290,150,0.0725,DREB sub A-4 of ERF/AP2 transcription factor,TINY_2,VvERF028,vv30008Ethylene_signaling,vv60003AP2_EREBP
428,VIT_05s0102g00610,150,0.0721,No hit,,,,
429,VIT_00s1386g00010,148,0.0714,F-box family protein,,,,
430,VIT_16s0098g01260,138,0.0669,Intramitochondrial sorting protein MSP1 protein,MSP1,,vv50133Primary_active_transporter_cat_A9_to_A18,
431,VIT_06s0004g02670,138,0.0663,Cyclic nucleotide-gated ion channel 15,K05391_CNGC15,,vv34626Plant-pathogen_interaction,vv50101Channels_and_pores
432,VIT_11s0037g01410,136,0.0658,XBAT32 (XB3 ortholog 2 in Arabidopsis thaliana 32),XBAT32,,vv50108Accessory_factors_involved_in_transport,
433,VIT_15s0046g00020,134,0.0648,Ubiquitin-protein ligase,,,,
434,VIT_06s0009g03130,133,0.0641,Cytochrome P450  family 79  subfamily A  polypeptide 2,K12153,,vv10966Glucosinolate_biosynthesis,
435,VIT_02s0234g00080,131,0.0631,Enoyl-CoA hydratase/isomerase,E4_2_1_17,,vv10062Fatty_acid_elongation_in_mitochondria,vv10071Fatty_acid_metabolism
436,VIT_13s0067g02940,131,0.0630,Amidohydrolase 3,,,,
437,VIT_14s0060g02320,130,0.0627,Respiratory burst oxidase protein B (ATRBOHB),RBOHB,,vv34626Plant-pathogen_interaction,vv50105Transport_electron_carriers
438,VIT_11s0016g05540,129,0.0626,Dicyanin,,,,
439,VIT_18s0001g15660,126,0.0613,Pathogen-related,,,,
440,VIT_04s0069g01010,126,0.0612,Harpin-induced protein,,,,
441,VIT_10s0003g01010,125,0.0606,Lipase GDSL,,,,
442,VIT_01s0010g03690,125,0.0600,Splicing factor YT521-B,,,,
443,VIT_08s0040g00920,123,0.0595,Glutathione S-transferase 25 GSTU7,E2_5_1_18_GSTU7,,vv10480Glutathione_metabolism,
444,VIT_01s0026g00820,123,0.0594,IAA-amino acid hydrolase 1 (ILR1),K01463,,vv11002Auxin_biosynthesis,
445,VIT_01s0011g00480,122,0.0589,Aspartate/glutamate/uridylate kinase,E2_7_2_11,,vv10220Urea_cycle_and_metabolism_of_amino_groups,
446,VIT_18s0001g04480,121,0.0586,Germacrene-D synthase,E4_2_3_22,,vv10900Terpenoid_biosynthesis,
447,VIT_06s0004g03120,117,0.0570,MLO-like protein 3,K08472,,,
448,VIT_12s0034g00030,117,0.0567,Anthocyanidin 3-O-glucosyltransferase,E2_4_1_115,,vv10942Anthocyanin_biosynthesis,
449,VIT_01s0150g00440,116,0.0561,Respiratory burst oxidase protein D (RBOHD),RBOHD,,vv34626Plant-pathogen_interaction,vv50105Transport_electron_carriers
450,VIT_17s0000g02210,114,0.0552,Hsp70 interacting protein,,,,
451,VIT_09s0002g02970,114,0.0549,Unknown,,,,
452,VIT_08s0040g00590,114,0.0548,Zinc finger (C3HC4-type ring finger),ZFC3HC4_43,,vv60078Other_zf-C3HC4,
453,VIT_18s0001g15150,113,0.0546,Unknown protein,,,,
454,VIT_09s0002g05600,113,0.0546,ABC transporter g family pleiotropic drug resistance 12 PDR12,ABCGPDR12,,vv52010ABC_transporters,
455,VIT_12s0028g02530,112,0.0537,Zinc finger (C3HC4-type ring finger),ZFC3HC4_36,,vv60078Other_zf-C3HC4,
456,VIT_18s0041g02020,111,0.0536,12-oxophytodienoate reductase 2,E1_3_1_42,,vv10592alpha-Linolenic_acid_metabolism,
457,VIT_02s0025g04760,108,0.0523,Splicing factor YT521-B,,,,
458,VIT_05s0049g01020,108,0.0522,Myb domain protein 14,MYB14_3,,vv60044MYB,
459,VIT_02s0033g00270,108,0.0520,Pinoresinol-lariciresinol reductase,PLR,,vv10940Phenylpropanoid_biosynthesis,
460,VIT_17s0000g08100,107,0.0517,UDP-glucoronosyl and UDP-glucosyl transferase,,,,
461,VIT_01s0011g02480,107,0.0514,Phospholipid-transporting ATPase,K01530,,vv50131Primary_active_transporter_cat_A2_to_A4,
462,VIT_09s0002g02380,106,0.0512,Thioredoxin 2,,,,
463,VIT_18s0001g09550,106,0.0511,Receptor kinase TRKe,,,,
464,VIT_07s0005g00720,106,0.0511,Pectinesterase family,E3_1_1_11,,vv40006Cell_wall,
465,VIT_00s2582g00010,104,0.0502,Unknown,,,,
466,VIT_08s0040g00070,104,0.0502,Argonaute,,,,
467,VIT_06s0009g00210,104,0.0501,Calmodulin-binding region IQ5,,,,
468,VIT_08s0007g00530,101,0.0487,3-beta hydroxysteroid dehydrogenase/isomerase protein,E1_1_1_145,,vv10140C21-Steroid_hormone_metabolism,
469,VIT_04s0008g01470,101,0.0485,WRKY DNA-binding protein 50,WRKY50,VvWRKY06,vv60066WRKY,
470,VIT_01s0244g00140,99,0.0479,Aspartate kinase,E2_7_2_4,,vv10260Glycine_serine_and_threonine_metabolism,vv10300Lysine_biosynthesis
471,VIT_02s0025g02770,98,0.0475,Glucan endo-1 3-beta-glucosidase 7 precursor,E3_2_1_39,,vv10500Starch_and_sucrose_metabolism,
472,VIT_09s0096g01010,97,0.0471,RPP27 (resistance to peronospora parasitica 27),,,,
473,VIT_02s0025g03250,96,0.0466,Protein kinase,,,,
474,VIT_07s0031g02420,95,0.0458,F-box domain containing protein,,,,
475,VIT_07s0031g01130,94,0.0456,Ascorbate oxidase,E1_10_3_3,,vv10053Ascorbate_and_aldarate_metabolism,vv50109Incompletely_characterized_transport_systems
476,VIT_04s0043g00250,93,0.0450,Nonsense-mediated mRNA decay NMD3,K07562,,vv23008Ribosome_biogenesis_in_Eukaryotes,vv23013RNA_transport
477,VIT_14s0060g00540,92,0.0448,TPA: class III peroxidase 70 precursor,E1_11_1_7,,vv10360Phenylalanine_metabolism,vv10680Methane_metabolism
478,VIT_08s0040g02090,92,0.0446,DnaJ homolog  subfamily C  member 3,K09523,,vv50132Primary_active_transporter_cat_A5_to_A8,
479,VIT_11s0016g02360,92,0.0445,TET2 (tetraspanin2),,,,
480,VIT_04s0044g00270,92,0.0444,Monooxygenase (MO3),,,,
481,VIT_19s0014g03200,91,0.0442,COP1-interacting protein 7,CIP7,,vv24120Ubiquitin_mediated_proteolysis,
482,VIT_01s0010g02200,91,0.0442,Zinc finger (C3HC4-type ring finger),ZFC3HC4_67,,vv60078Other_zf-C3HC4,
483,VIT_14s0219g00070,91,0.0439,Zinc finger (C2H2 type) family,C2H2FAM_25,,vv60017C2H2,
484,VIT_06s0061g01210,89,0.0431,Lysine histidine transporter 1,LHT1,,vv50123Porters_cat_18_to_29,
485,VIT_11s0016g01470,88,0.0426,Lecithine cholesterol acyltransferase,E2_3_1_43,,vv10564Glycerophospholipid_metabolism,
486,VIT_07s0104g01160,88,0.0424,Substrate carrier   Mitochondrial,K03454,,vv50123Porters_cat_18_to_29,
487,VIT_17s0000g01650,86,0.0418,Cyclopropyl isomerase,E5_5_1_9,,vv10100Biosynthesis_of_steroids,
488,VIT_13s0106g00780,86,0.0417,Hydrolase  alpha/beta fold,,,,
489,VIT_18s0117g00050,85,0.0410,R protein L6,K13477,,vv34627R_proteins_from_Plant-pathogen_interaction,
490,VIT_04s0044g00120,84,0.0408,Kinase,,,,
491,VIT_03s0017g02120,83,0.0402,UDP-glucose flavonoid 3-O-glucosyltransferase 2,E2_4_1_91,,vv10941Flavonoid_biosynthesis,
492,VIT_18s0001g12550,83,0.0401,Beta-ketoacyl-CoA synthase,E2_3_1_41,,vv10061Fatty_acid_biosynthesis,
493,VIT_13s0064g01040,82,0.0397,No hit,,,,
494,VIT_07s0031g01660,79,0.0381,CYP86A2,,,,
495,VIT_07s0005g00410,79,0.0380,Glycosyl hydrolase family 1 protein,,,,
496,VIT_17s0000g02930,78,0.0378,Glutathione S-transferase 25 GSTU7,E2_5_1_18_GSTU7,,vv10480Glutathione_metabolism,
497,VIT_07s0005g04040,77,0.0373,Leucine Rich Repeat receptor-like kinase,,,,
498,VIT_05s0020g01140,77,0.0373,Ribosomal protein L18,K02881,,vv23010Ribosome,
499,VIT_18s0001g03990,77,0.0372,Stearoyl-ACP desaturase,E1_14_19_2,,vv11040Biosynthesis_of_unsaturated_fatty_acids,
500,VIT_04s0008g00710,74,0.0359,Unknown,,,,
501,VIT_14s0068g01300,74,0.0355,Serine palmitoyltransferase,E2_3_1_50,,vv10600Sphingolipid_metabolism,
502,VIT_00s0480g00030,72,0.0348,Polyphenol oxidase,E1_10_3_1,,vv10350Tyrosine_metabolism,vv50109Incompletely_characterized_transport_systems
503,VIT_16s0098g00460,72,0.0347,Lipase class 3,,,,
504,VIT_18s0001g01820,71,0.0345,NAC domain-containing protein 17,NAC017,VvNAC15,vv60046NAC,
505,VIT_14s0108g00930,71,0.0342,Unknown protein,,,,
506,VIT_08s0007g09010,70,0.0339,Esterase,E3_1_2_12,,vv10680Methane_metabolism,
507,VIT_07s0005g04880,70,0.0338,Glutathione S-transferase 25 GSTU7,E2_5_1_18_GSTU7,,vv10480Glutathione_metabolism,
508,VIT_11s0016g01310,69,0.0336,TT2 (transparent testa 2),TT2_5,MYBPA4,vv44110Cell_cycle,vv60044MYB
509,VIT_09s0002g06060,70,0.0335,U3 small nucleolar RNA-associated protein 5,K14546,,vv23008Ribosome_biogenesis_in_Eukaryotes,
510,VIT_03s0063g00820,69,0.0333,Carboxyesterase 12; CXE12,E3_1_1_1,,,
511,VIT_05s0077g01350,68,0.0328,Mov34 STAM-binding protein,K11866,,vv50111Tethering_factors,
512,VIT_06s0004g02520,66,0.0320,Telomere repeat binding factor like TRFL6,TRFL6_1,,vv60045MYBrelated,
513,VIT_12s0028g01650,66,0.0320,S-receptor kinase,,,,
514,VIT_17s0000g02410,66,0.0319,Cold-induced wall associated kinase,,,,
515,VIT_14s0066g00760,65,0.0315,Disease resistance protein (NBS-LRR class),,,,
516,VIT_11s0037g00300,62,0.0299,Signal recognition particle receptor alpha subunit,K13431,,vv23060Protein_export,vv50132Primary_active_transporter_cat_A5_to_A8
517,VIT_12s0059g01590,61,0.0293,Lipase GDSL,,,,
518,VIT_19s0090g00060,59,0.0287,Biopterin transport-related protein BT1,BIOPTERIN,,vv50125Porters_cat_66_to_94,
519,VIT_11s0016g04940,58,0.0282,Zinc finger (CCCH-type) family protein,CCCHFAM_12,,vv60018C3H,
520,VIT_10s0003g00590,58,0.0279,Ethylene-responsive transcription factor ERF091,ERF091,VvERF095,vv30008Ethylene_signaling,vv60003AP2_EREBP
521,VIT_01s0127g00490,57,0.0276,Pantothenate kinase 2,E2_7_1_33,,vv10770Pantothenate_and_CoA_biosynthesis,
522,VIT_13s0019g01700,56,0.0271,Scarecrow transcription factor 14 (SCL14),SCL14_1,,vv60032GRAS,
523,VIT_02s0025g00420,55,0.0265,WRKY DNA-binding protein 27,WRKY27_2,VvWRKY04,vv60066WRKY,
524,VIT_13s0074g00800,54,0.0261,CCHC-type integrase,,,,
525,VIT_15s0048g01080,53,0.0256,Unknown,,,,
526,VIT_02s0025g03370,51,0.0247,YDA (YODA),,,,
527,VIT_10s0003g04220,51,0.0247,Lipase class 3,,,,
528,VIT_15s0048g01530,51,0.0246,Geraniol 10-hydroxylase,G10H,,vv10902Monoterpenoid_biosynthesis,
529,VIT_03s0091g00160,51,0.0246,NtPRp27 secretory protein,,,,
530,VIT_10s0003g00150,51,0.0245,NSL1 (necrotic spotted lesions 1),,,,
531,VIT_00s0437g00060,49,0.0239,Receptor kinase RK20-1,,,,
532,VIT_06s0061g00780,49,0.0238,Zinc finger (C2H2 type) family,C2H2FAM_39,,vv60017C2H2,
533,VIT_14s0036g01060,49,0.0235,Unknown protein,,,,
534,VIT_13s0156g00570,48,0.0233,S-receptor kinase,,,,
535,VIT_00s0181g00230,48,0.0232,LSD ONE like 2,LOL2,,,
536,VIT_03s0017g00650,48,0.0232,GTP cyclohydrolase II,E3_5_4_25,,vv10740Riboflavin_metabolism,
537,VIT_17s0000g06680,47,0.0227,Unknown protein,,,,
538,VIT_17s0000g05370,45,0.0218,MYC ZCW32 (bigpetal  bigpetalub),ZCW32_1,,vv60011BHLH,
539,VIT_19s0014g05110,44,0.0214,Unknown,,,,
540,VIT_18s0076g00200,44,0.0213,DELLA protein RGL2 (RGA-like protein 2),RGL2_1,,vv30010Gibberellin_signaling,vv60032GRAS
541,VIT_06s0004g08060,44,0.0213,Lipid transfer protein 3,LTP3,,,
542,VIT_12s0059g02600,44,0.0212,Receptor protein kinase RK20-1,,,,
543,VIT_00s0262g00090,44,0.0211,Receptor kinase RK20-1,,,,
544,VIT_14s0068g02290,43,0.0208,Disease resistance protein,K13466,,vv34626Plant-pathogen_interaction,
545,VIT_04s0023g01980<br>VIT_04s0043g00820,42,0.0204,
546,VIT_10s0003g05450,42,0.0204,Reticuline oxidase precursor,E1_21_3_3,,vv10950Alkaloid_biosynthesis_I,
547,VIT_05s0094g00610,42,0.0202,Pirin,,,,
548,VIT_17s0000g04850,41,0.0198,OBF binding protein 4,OBP4,,vv60015C2C2-DOF,
549,VIT_14s0068g02210,41,0.0198,HcrVf1 protein,,,,
550,VIT_07s0151g01070,41,0.0198,Copalyl diphosphate synthase,E5_5_1_12,,vv10904Diterpenoid_biosynthesis,
551,VIT_05s0077g01130,40,0.0195,Seed maturation protein PM36,,,,
552,VIT_05s0020g04680,40,0.0194,Auxin-induced protein 22D,IAA22D_2,,vv30003Auxin_signaling,vv60008AUXIAA
553,VIT_01s0011g00530,40,0.0194,Ureide permease 2 (AtUPS2),UPS2,,vv50122Porters_cat_7_to_17,
554,VIT_01s0137g00180,40,0.0193,B-keto acyl reductase,,,,
555,VIT_05s0020g02080,40,0.0193,Zinc finger (C3HC4-type ring finger),ZFC3HC4_164,,vv60078Other_zf-C3HC4,
556,VIT_03s0088g00750,40,0.0193,Pathogenesis related protein 1 precursor [Vitis vinifera],PRP1,,vv30011Jasmonate_signaling,vv34626Plant-pathogen_interaction
557,VIT_16s0050g01090,39,0.0189,Beta-carotene hydroxylase,K02294,,vv10906Carotenoid_biosynthesis,
558,VIT_06s0004g00130,39,0.0188,Pyruvate kinase,E2_7_1_40,,vv10010Glycolysis,vv10230Purine_metabolism
559,VIT_12s0142g00570,39,0.0187,R protein disease resistance protein,RPROT,,vv34627R_proteins_from_Plant-pathogen_interaction,
560,VIT_17s0000g08200,38,0.0185,Phosphoglycerate/bisphosphoglycerate mutase,E5_4_2_1,,vv10010Glycolysis,
561,VIT_08s0040g03100,38,0.0183,Glutathione S-transferase GSTO1,E2_5_1_18_GSTO1,,vv10480Glutathione_metabolism,
562,VIT_10s0003g05430,37,0.0180,Reticuline oxidase precursor,E1_21_3_3,,vv10950Alkaloid_biosynthesis_I,
563,VIT_02s0012g01680,36,0.0174,Trehalose phosphatase 5,E3_1_3_12,,vv10500Starch_and_sucrose_metabolism,
564,VIT_01s0010g03930,35,0.0170,WRKY DNA-binding protein 75,WRKY75_1,VvWRKY03,vv60066WRKY,
565,VIT_14s0066g01150,35,0.0169,Cinnamoyl-CoA reductase,E1_2_1_44,,vv10940Phenylpropanoid_biosynthesis,
566,VIT_08s0040g03010,34,0.0165,Pigment defective 149,PDE149,,vv50109Incompletely_characterized_transport_systems,
567,VIT_00s0227g00060,34,0.0164,WD-40 repeat protein,,,,
568,VIT_07s0005g04020,34,0.0164,Leucine Rich Repeat receptor-like kinase,,,,
569,VIT_14s0171g00390,34,0.0164,DNA-binding storekeeper protein,STOREKEEPER_1,,vv60030GeBP,
570,VIT_13s0019g01280,33,0.0160,DC1 domain-containing protein,,,,
571,VIT_03s0038g03970,33,0.0159,Unknown protein,,,,
572,VIT_11s0016g00530,32,0.0155,Adrenodoxin ferredoxin 2,K04755,,,
573,VIT_01s0150g00120,32,0.0155,Ethylene-responsive transcription factor ERF114,ERF114_2,VvERF112,vv30008Ethylene_signaling,vv60003AP2_EREBP
574,VIT_07s0141g00930,32,0.0154,33 kDa secretory protein,,,,
575,VIT_05s0077g01710,31,0.0151,U3 small nucleolar RNA-associated protein 5,K14546,,vv23008Ribosome_biogenesis_in_Eukaryotes,
576,VIT_10s0003g01710,31,0.0150,Ubiquitin domain containing 2,,,,
577,VIT_16s0022g00720,31,0.0150,Endo-1 4-beta-glucanase,E3_2_1_4,,vv40006Cell_wall,
578,VIT_16s0050g02230,31,0.0150,Chitinase [Vitis vinifera],E3_2_1_14,,vv10530Aminosugars_metabolism,
579,VIT_00s0349g00020,31,0.0150,Unknown protein,,,,
580,VIT_00s2745g00010,31,0.0150,Receptor kinase RK20-1,,,,
581,VIT_18s0117g00280,30,0.0145,Coatomer protein complex  subunit beta 2,COPB2,,vv50110Protein_coat,
582,VIT_02s0025g04250,30,0.0145,Osmotin,,,,
583,VIT_17s0119g00070,29,0.0141,Unknown protein,,,,
584,VIT_06s0009g03470,29,0.0140,Unknown protein,,,,
585,VIT_18s0075g00950,28,0.0135,Laccase,E1_10_3_2,,vv11000Single_reactions,vv50109Incompletely_characterized_transport_systems
586,VIT_14s0066g00250,28,0.0135,Lipase GDSL,,,,
587,VIT_10s0003g02710,28,0.0135,Cold acclimation protein COR413-TM1,,,,
588,VIT_19s0014g04280,27,0.0131,S-locus protein kinase,,,,
589,VIT_01s0127g00700,27,0.0131,Unknown protein,,,,
590,VIT_19s0014g01370,27,0.0131,Curculin (mannose-binding) lectin,,,,
591,VIT_18s0001g01110,27,0.0130,Monooxygenase (MO2),,,,
592,VIT_03s0063g01880,26,0.0126,Acyl-CoA synthetase long-chain member 2,E6_2_1_3_LACS2,,vv10071Fatty_acid_metabolism,vv44146Peroxisome
593,VIT_06s0009g02020,26,0.0126,Tubulin beta-4 chain,K07375,,vv44145Phagosome,vv44810Regulation_of_actin_cytoskeleton
594,VIT_09s0002g05530,26,0.0126,ABC transporter g family pleiotropic drug resistance 12 PDR12,ABCGPDR12,,vv52010ABC_transporters,
595,VIT_12s0035g00920,26,0.0125,Unknown protein,,,,
596,VIT_06s0009g01200,26,0.0125,Argonaute,,,,
597,VIT_05s0049g00490,25,0.0121,Ethylene response factor ERF14,ERF14_2,VvERF109,vv30008Ethylene_signaling,vv60003AP2_EREBP
598,VIT_02s0025g02170,25,0.0120,Trehalase precursor,E2_4_1_15,,vv10500Starch_and_sucrose_metabolism,
599,VIT_04s0044g00840,24,0.0117,S-receptor kinase,,,,
600,VIT_19s0014g04470,24,0.0116,S-locus protein kinase,,,,
601,VIT_17s0000g03340,24,0.0116,Wall-associated kinase 4,,,,
602,VIT_16s0039g02110,23,0.0111,AAA-type ATPase,,,,
603,VIT_16s0039g01600,23,0.0111,11-beta-hydroxysteroid dehydrogenase,E1_1_1_146,,vv10140C21-Steroid_hormone_metabolism,
604,VIT_18s0166g00190,23,0.0111,U-box domain-containing protein,,,,
605,VIT_09s0002g05120,22,0.0107,Zinc finger (C3HC4-type ring finger),ZFC3HC4_179,,vv60078Other_zf-C3HC4,
606,VIT_14s0068g00170,22,0.0106,No hit,,,,
607,VIT_17s0000g03100,22,0.0106,Protein phosphatase 2C,E3_1_3_16,,,
608,VIT_03s0038g04170,22,0.0106,Lectin protein kinase,,,,
609,VIT_17s0000g00200,22,0.0106,Ethylene-responsive transcription factor ERF114,ERF114_1,VvERF118,vv30008Ethylene_signaling,vv60003AP2_EREBP
610,VIT_18s0001g11240,22,0.0106,MAPKKK5 (Mitogen-activated protein kinase kinase kinase 5),,,,
611,VIT_10s0071g00170,21,0.0102,Phosphatidylinositol 3- and 4-kinase / ubiquitin,,,,
612,VIT_01s0010g02450,21,0.0101,B12D,,,,
613,VIT_05s0020g04670,21,0.0101,No hit,,,,
614,VIT_18s0001g11130,21,0.0101,Calmodulin-binding protein AR781,,,,
615,VIT_08s0040g02730,20,0.0097,Exocyst subunit EXO70 H4,EXO70H4,,vv50111Tethering_factors,
616,VIT_13s0067g00110,19,0.0092,CYP72A1,K13400,,vv10902Monoterpenoid_biosynthesis,
617,VIT_13s0067g03130,19,0.0092,WRKY DNA-binding protein 55,WRKY55,VvWRKY40,vv60066WRKY,
618,VIT_06s0004g05110,19,0.0092,Unknown,,,,
619,VIT_17s0000g03130,19,0.0092,Unknown protein,,,,
620,VIT_01s0026g01780,19,0.0092,Leucine-rich repeat transmembrane,,,,
621,VIT_14s0066g01970,19,0.0091,Metalloendoproteinase 1 precursor,,,,
622,VIT_03s0063g01280<br>VIT_03s0063g01160,18,0.0088,
623,VIT_03s0088g00780,18,0.0087,Pathogenesis-related protein 1 precursor (PRP 1),PRP1,,vv30011Jasmonate_signaling,vv34626Plant-pathogen_interaction
624,VIT_10s0003g02320<br>VIT_10s0003g02300<br>VIT_10s0003g02390<br>VIT_10s0003g02350<br>VIT_10s0003g02340<br>VIT_10s0003g02400,18,0.0087,
625,VIT_13s0074g00420,18,0.0087,Unknown,,,,
626,VIT_11s0118g00040,18,0.0087,Receptor Like Protein 9,,,,
627,VIT_13s0067g00120,17,0.0083,GCN5 N-acetyltransferase (GNAT),GCN5_18,,vv60082GNAT,
628,VIT_01s0127g00070,17,0.0082,Nitrate transporter2.5,NRT2_5,,vv50121Porters_cat_1_to_6,
629,VIT_13s0019g03210,17,0.0082,Lectin-like protein,,,,
630,VIT_14s0068g00890,16,0.0078,Mitochondrial substrate carrier family protein,K03454,,vv50123Porters_cat_18_to_29,
631,VIT_18s0001g13230,16,0.0077,Beta-galactosidase BG1 [Vitis vinifera],E3_2_1_23,,vv10052Galactose_metabolism,vv10511N-Glycan_degradation
632,VIT_12s0059g01120,16,0.0077,CAF protein,,,,
633,VIT_12s0028g01820,16,0.0077,Aspartate transaminase  mitochondrial,E2_6_1_1,vv10710Carbon_fixation,vv10252Alanine_and_aspartate_metabolism,vv10272Cysteine_metabolism
634,VIT_04s0008g02460,16,0.0077,H+-transporting ATPase  Plasma membrane,K01535,,vv10190Oxidative_phosphorylation,vv50131Primary_active_transporter_cat_A2_to_A4
635,VIT_00s0274g00080,16,0.0077,Benzoquinone reductase,E1_6_5_6,,vv10740Riboflavin_metabolism,
636,VIT_17s0000g06880,16,0.0077,Heparanase protein 2 precursor,E3_2_1_31,,vv10040Pentose_glucuronate_interconversion,vv10500Starch_and_sucrose_metabolism
637,VIT_12s0028g01630,16,0.0077,S-receptor kinase,,,,
638,VIT_17s0000g05240,16,0.0077,Nuclear transport factor 2 (NTF2),NTF2,,vv50133Primary_active_transporter_cat_A9_to_A18,
639,VIT_15s0046g01440,16,0.0077,BZip transcription factor G- box  binding factor 3,GBF3_1,VvbZIP40,vv60012BZIP,
640,VIT_17s0053g00630,15,0.0073,Rhodanese domain containing protein,K07146,,,
641,VIT_08s0007g08080,15,0.0073,G protein beta subunit-like,K08266,,vv34150mTOR_signaling_pathway,
642,VIT_06s0009g01810,15,0.0073,APK2A (protein kinase 2A),,,,
643,VIT_01s0011g02320,15,0.0073,Unknown protein,,,,
644,VIT_13s0147g00210,15,0.0073,Unknown protein,,,,
645,VIT_04s0008g02200,15,0.0073,3-beta-hydroxy-delta5-steroid dehydrogenase,E1_1_1_145,,vv10140C21-Steroid_hormone_metabolism,
646,VIT_11s0016g03770,15,0.0072,Dynein light chain LC6  flagellar outer arm,K10418,,vv44810Regulation_of_actin_cytoskeleton,
647,VIT_00s0179g00280,14,0.0068,Calmodulin-8 (CAM8),K02183,,vv34020Calcium_signaling_pathway,vv34626Plant-pathogen_interaction
648,VIT_18s0001g05230,14,0.0068,Valencene synthase,CSTPS1,,vv10900Terpenoid_biosynthesis,
649,VIT_01s0010g02010,14,0.0067,Anionic peroxidase,E1_11_1_7,,vv10360Phenylalanine_metabolism,vv10680Methane_metabolism
650,VIT_16s0039g00190,14,0.0067,Leucine-rich repeat transmembrane protein kinase,,,,
651,VIT_11s0118g00080,13,0.0063,Disease resistance protein,,,,
652,VIT_06s0004g00120,13,0.0063,Zinc finger (C3HC4-type ring finger),ZFC3HC4_41,,vv60078Other_zf-C3HC4,
653,VIT_18s0001g01590,13,0.0063,BTB/POZ domain-containing protein,BTBDOM_1,,vv60093TRAF,
654,VIT_08s0058g01470,13,0.0063,No hit,,,,
655,VIT_05s0020g01100,12,0.0059,Myb domain protein 61,MYB61_3,MYB146,vv60044MYB,
656,VIT_06s0004g07130,12,0.0058,Cinnamoyl-CoA reductase,E1_2_1_44,,vv10940Phenylpropanoid_biosynthesis,
657,VIT_12s0057g00990,12,0.0058,Beta 1 2 N-acetylglucosaminyltransferase,E2_4_1_143,,vv10510N-Glycan_biosynthesis,vv11030Glycan_structures-biosynthesis1
658,VIT_13s0019g05230,12,0.0058,NAC domain-containing protein50,NAC050,VvNAC21,vv60046NAC,
659,VIT_07s0005g05030,12,0.0058,CLIP-associating protein (CLASP),,,,
660,VIT_12s0059g02590,12,0.0058,Receptor protein kinase RK20-1,,,,
661,VIT_14s0083g00340,12,0.0058,Beta-glucan-binding protein 4,E3_2_1_23,,vv10052Galactose_metabolism,vv10511N-Glycan_degradation
662,VIT_12s0057g00420,12,0.0058,Auxin-responsive protein AIR12,AIR12,,vv30003Auxin_signaling,
663,VIT_01s0010g00540,10,0.0049,BIM2 (BES1-interacting Myc-like protein 2,BIM2_2,,vv30005Brassinosteroids_signaling,vv60011BHLH
664,VIT_17s0000g06790,10,0.0048,flavin-containing monooxygenase,E1_14_13_8,,vv11000Single_reactions,
665,VIT_04s0008g06850,10,0.0048,Biopterin transport-related protein BT1,BIOPTERIN,,vv50125Porters_cat_66_to_94,
666,VIT_03s0038g03400,10,0.0048,Endochitinase 1  basic,E3_2_1_14,,vv10530Aminosugars_metabolism,
667,VIT_18s0041g02260<br>VIT_18s0041g02060,10,0.0048,
668,VIT_00s0270g00120,10,0.0048,Alpha-amylase/subtilisin inhibitor,E3_2_1_1,,vv10500Starch_and_sucrose_metabolism,
669,VIT_15s0021g01340,10,0.0048,Phagocytosis and cell motility protein ELMO1,,,,
670,VIT_02s0025g04270<br>VIT_02s0025g04260<br>VIT_02s0025g04230,10,0.0048,
671,VIT_01s0146g00480,9,0.0044,TIFY 9 (Jasmonate ZIM domain-containing protein 10),JAZ10,,vv30011Jasmonate_signaling,vv60069ZIM
672,VIT_05s0020g03980,9,0.0043,Calmodulin-binding region IQD19,,,,
673,VIT_01s0150g00450,9,0.0043,Respiratory burst oxidase protein D (RBOHD),RBOHD,,vv34626Plant-pathogen_interaction,vv50105Transport_electron_carriers
674,VIT_13s0019g01710,9,0.0043,Scarecrow transcription factor 14 (SCL14),SCL14_9,,vv60032GRAS,
675,VIT_01s0011g02530,9,0.0043,Carboxylesterase,E3_1_1_1,,,
676,VIT_12s0035g01520,9,0.0043,Disease resistance protein RPS2,,,,
677,VIT_00s0391g00040,9,0.0043,F-box family protein,,,,
678,VIT_01s0026g02590,9,0.0043,Calcium-binding protein CML,K13448,,vv34626Plant-pathogen_interaction,
679,VIT_12s0055g01160,9,0.0043,Brassinosteroid insensitive 1-associated receptor kinase 1,BAK1,,vv30005Brassinosteroids_signaling,vv34626Plant-pathogen_interaction
680,VIT_13s0067g02870,8,0.0039,Chalcone-flavanone isomerase,E5_5_1_6,,vv10941Flavonoid_biosynthesis,
681,VIT_12s0028g03260,8,0.0039,Rooty/superroot1,K11819,,vv10966Glucosinolate_biosynthesis,
682,VIT_04s0023g02520,7,0.0034,Unknown protein,,,,
683,VIT_01s0010g03600,7,0.0034,Rubber elongation factor (REF),,,,
684,VIT_04s0008g05970,6,0.0029,Unknown protein,,,,
685,VIT_18s0001g03620,6,0.0029,Avr9/Cf-9 rapidly elicited protein 284,,,,
686,VIT_18s0001g13780,6,0.0029,Cytochrome P450  family 83  subfamily B  polypeptide 1,K11818,,vv10966Glucosinolate_biosynthesis,
687,VIT_06s0004g02980,6,0.0029,Kelch repeat-containing F-box protein,,,,
688,VIT_15s0048g00360,6,0.0029,5-enolpyruvylshikimate 3-phosphate synthase,E2_5_1_19,,vv10400Phenylalanine_tyrosine_and_tryptophan_biosynthesis,
689,VIT_17s0000g04660,6,0.0029,Agmatine deiminase,E3_5_3_12,,vv10220Urea_cycle_and_metabolism_of_amino_groups,
690,VIT_12s0028g02640,6,0.0029,GTP-binding protein typA/bipA,K06207,,,
691,VIT_14s0083g00900,6,0.0029,Aspartate aminotransferase,E2_6_1_1,vv10710Carbon_fixation,vv10252Alanine_and_aspartate_metabolism,vv10272Cysteine_metabolism
692,VIT_08s0007g03890,6,0.0029,Brix domain-containing protein,,,,
693,VIT_14s0083g00260,6,0.0029,No hit,,,,
694,VIT_12s0057g01100,6,0.0029,Nudix hydrolase 2,,,,
695,VIT_05s0094g01160,6,0.0029,Allyl alcohol dehydrogenase,,,,
696,VIT_13s0019g03930,6,0.0029,No hit,,,,
697,VIT_07s0197g00060,6,0.0029,Myb family,MYBGE_12,,vv60029G2-like,
698,VIT_12s0057g00300,6,0.0029,Unknown protein,,,,
699,VIT_01s0010g02020,6,0.0029,Peroxidase (EC 1.11.1.7)  anionic,E1_11_1_7,,vv10360Phenylalanine_metabolism,vv10680Methane_metabolism
700,VIT_16s0100g00870,6,0.0029,No hit,,,,
701,VIT_02s0025g00780,6,0.0029,Cation/hydrogen exchanger (CHX18),CHX18,,vv50124Porters_cat_30_to_64,
702,VIT_08s0007g08750,6,0.0029,Heat shock transcription factor B3,HSFB3,,vv60037HSF,
703,VIT_00s0187g00020,6,0.0029,No hit,,,,
704,VIT_16s0013g01590,6,0.0029,No hit,,,,
705,VIT_03s0091g00580,6,0.0029,Protein Mpv17,K13348,,vv44146Peroxisome,
706,VIT_08s0040g02210,6,0.0029,Lectin protein kinase,,,,
707,VIT_07s0031g01380,6,0.0029,ferulate 5-hydroxylase,K09755,,vv10940Phenylpropanoid_biosynthesis,
708,VIT_04s0023g02810,6,0.0029,Aldehyde dehydrogenase 3B1,E1_2_1_3,vv10561Glycerolipid_metabolism,vv10010Glycolysis,vv10071Fatty_acid_metabolism
709,VIT_13s0019g04070,6,0.0029,MLO1,K08472,,,
710,VIT_06s0004g02030,6,0.0029,Xanthine dehydrogenase/oxidase,E1_17_1_4,,vv10230Purine_metabolism,vv44146Peroxisome
711,VIT_01s0010g03680,6,0.0029,Unknown protein,,,,
712,VIT_16s0050g02060,5,0.0024,Receptor kinase homolog LRK10,,,,
713,VIT_04s0008g03530,4,0.0019,Ankyrin repeat,K10380,,vv50108Accessory_factors_involved_in_transport,
714,VIT_14s0083g00460,4,0.0019,Tryptophan synthase beta chain 2,E4_2_1_20,,vv10400Phenylalanine_tyrosine_and_tryptophan_biosynthesis,
715,VIT_01s0010g01130,4,0.0019,6-phosphogluconate dehydrogenase,E1_1_1_44,,vv10030Pentose_phosphate,
716,VIT_13s0019g05360,4,0.0019,KH domain-containing protein NOVA,,,,
717,VIT_18s0001g10760,4,0.0019,Strictosidine synthase,E4_3_3_2,,vv10900Terpenoid_biosynthesis,vv10902Monoterpenoid_biosynthesis
718,VIT_17s0000g08150,4,0.0019,Basic helix-loop-helix (bHLH) family,BHLHDOM_17,,vv60011BHLH,
719,VIT_04s0044g01200,4,0.0019,Auxin-independent growth promoter,,,,
720,VIT_00s0282g00010,3,0.0015,Methionine sulfoxide reductase,E1_8_4_11,,vv10271Methionine_metabolism,
721,VIT_12s0055g01280,3,0.0015,Brassinosteroid insensitive 1-associated receptor kinase 1,BAK1,,vv30005Brassinosteroids_signaling,vv34626Plant-pathogen_interaction
722,VIT_10s0003g00880,3,0.0015,Nudix hydrolase 15,,,,
723,VIT_18s0001g01850,3,0.0015,Amino acid permease,AAPREL,,vv50123Porters_cat_18_to_29,
724,VIT_18s0001g12090,3,0.0015,Unknown protein,,,,
725,VIT_16s0022g01050<br>VIT_16s0022g01030<br>VIT_16s0022g01010<br>VIT_16s0022g01110<br>VIT_16s0022g01100<br>VIT_16s0022g01040<br>VIT_16s0022g00990<br>VITisv_028484,3,0.0015,
726,VIT_18s0001g14090,3,0.0015,Molecular chaperone DnaJ,K03686,,vv50132Primary_active_transporter_cat_A5_to_A8,
727,VIT_14s0128g00390,3,0.0015,Mitochondrial FAD carrier,MFADC,,vv50123Porters_cat_18_to_29,
728,VIT_19s0090g01400,3,0.0015,Wax synthase isoform 1,E2_3_1_75,,vv11000Single_reactions,
729,VIT_13s0074g00510,3,0.0015,ATP-dependent RNA helicase,,,,
730,VIT_14s0066g02110,3,0.0015,AAA-type ATPase,,,,
731,VIT_01s0010g03940,3,0.0015,Sphingosine-1-phosphate lyase,E4_1_2_27,,vv10600Sphingolipid_metabolism,
732,VIT_16s0013g01500,3,0.0015,Disease resistance protein,,,,
733,VIT_04s0023g00020,3,0.0015,No hit,,,,
734,VIT_19s0015g01760,3,0.0015,Photosystem I reaction center subunit V (PSAG),K08905,,vv10195Photosynthesis,vv50105Transport_electron_carriers
735,VIT_00s0317g00140,3,0.0015,Exocyst subunit EXO70 H2,EXO70H2,,vv50111Tethering_factors,
736,VIT_19s0014g04500,3,0.0015,Receptor kinase ARK3,,,,
737,VIT_13s0019g01470,3,0.0015,Geranylgeranyltransferase type I beta subunit,E2_5_1_59,,vv10100Biosynthesis_of_steroids,
738,VIT_09s0002g03660,3,0.0015,Retrotransposon protein  Unclassified,,,,
739,VIT_02s0012g01840,3,0.0015,Phosphatidylinositol glycan  class X,K07541,,vv10563Glycosylphosphatidylinositol-anchor_biosynthesis,
740,VIT_01s0011g02390,3,0.0015,Unknown,,,,
741,VIT_07s0005g03710,3,0.0015,Casein Kinase I-like 10,K02218,,vv23008Ribosome_biogenesis_in_Eukaryotes,
742,VIT_18s0166g00060,3,0.0015,No hit,,,,
743,VIT_14s0128g00590,3,0.0015,No hit,,,,
744,VIT_18s0001g05270,3,0.0015,ERGIC and golgi 3,ERGIC,,vv50109Incompletely_characterized_transport_systems,
745,VIT_00s0409g00010,3,0.0015,Receptor kinase RK20-1,,,,
746,VIT_04s0043g00380,3,0.0015,Unknown protein,,,,
747,VIT_09s0002g03700,3,0.0014,No hit,,,,
748,VIT_16s0039g02010,3,0.0014,Vacuolar sorting-associated protein (Vps27),VPS27,,vv50111Tethering_factors,
749,VIT_18s0076g00380,3,0.0014,ABC transporter F member 6,ABCF6,,vv52010ABC_transporters,
750,VIT_07s0031g02320,3,0.0014,Leaf senescence protein,,,,
751,VIT_15s0048g00180,3,0.0014,No hit,,,,
752,VIT_18s0001g00690,3,0.0014,Glutathione S-transferase 8 GSTF8,E2_5_1_18_GSTF8,,vv10480Glutathione_metabolism,
753,VIT_05s0051g00140,3,0.0014,RRS1 (resistant to ralstonia solanacearum 1),RRS1,,vv34627R_proteins_from_Plant-pathogen_interaction,
754,VIT_14s0030g00730,3,0.0014,Vesicle-associated membrane protein 27 VAP27-2,VAP27_2,,vv50109Incompletely_characterized_transport_systems,
755,VIT_01s0011g00590,3,0.0014,Acclimation of photosynthesis to environment,APE2,,vv50122Porters_cat_7_to_17,
756,VIT_14s0006g00350,3,0.0014,Glutamine synthetase cytosolic isozyme 2,E6_3_1_2,,vv10251Glutamate_metabolism,vv10550Peptidoglycan_biosynthesis
757,VIT_14s0128g00690,3,0.0014,Germin protein 3,,,,
758,VIT_17s0000g00800,3,0.0014,Zinc finger (DHHC type),ZFDHHC_11,,vv60079Other_zf-DHHC,
759,VIT_08s0040g01030,3,0.0014,Unknown protein,,,,
760,VIT_19s0014g02390,3,0.0014,No hit,,,,
761,VIT_07s0005g00470,3,0.0014,Brix domain-containing protein,,,,
762,VIT_18s0086g00690,3,0.0014,Exostosin,K02366,,vv11030Glycan_structures-biosynthesis1,
763,VIT_04s0008g06870,3,0.0014,Cytochrome b5 domain-containing protein,,,,
764,VIT_15s0048g03000,3,0.0014,GTPase RABA3,K07976,,,
765,VIT_08s0007g07280,3,0.0014,Superoxide dismutase [Cu-Zn] 2,K04565,,vv44146Peroxisome,
766,VIT_05s0020g03090,3,0.0014,Chloride channel protein (CLC-d),K05393_CLCD,,vv50124Porters_cat_30_to_64,
767,VIT_14s0060g00800,3,0.0014,Galactinol synthase,E2_4_1_123,,vv10052Galactose_metabolism,
768,VIT_13s0067g01000,3,0.0014,PHD finger protein alfin,ALFINDOM1,,vv60002Alfin-like,
769,VIT_09s0096g00420<br>VIT_09s0096g00830<br>VIT_09s0096g00200<br>VIT_09s0096g00760<br>VIT_09s0002g00270,3,0.0014,
770,VIT_10s0003g05250,3,0.0014,Germin-like protein,,,,
771,VIT_09s0002g09110,3,0.0014,No hit,,,,
772,VIT_15s0046g01880,3,0.0014,Brassinosteroid-responsive ring-H2 (BRH1),BRH1,,vv30005Brassinosteroids_signaling,
773,VIT_00s0187g00030,3,0.0014,Lysine-ketoglutarate reductase,E1_5_1_10,,vv10300Lysine_biosynthesis,
774,VIT_07s0031g02520,3,0.0014,Unknown protein,,,,
