Vv_m2,2000,1000,VIT_16s0100g01010<br>VIT_16s0100g00950<br>VIT_16s0100g01030<br>VIT_16s0100g00990
rank,node,Fabs,Frel,Functional-annotation,Name-EC-KeggID,Updated-name,Network1,Network2
1,VIT_16s0100g01150,2065,1.0000,Stilbene synthase [Vitis vinifera],E2_3_1_95,,vv10940Phenylpropanoid_biosynthesis,
2,VIT_16s0100g01200<br>VIT_16s0100g01070,2075,1.0000,
3,VIT_16s0100g00750,2076,1.0000,Stilbene synthase,E2_3_1_95,,vv10940Phenylpropanoid_biosynthesis,
4,VIT_16s0100g01040,2069,0.9995,Stilbene synthase - grape,E2_3_1_95,,vv10940Phenylpropanoid_biosynthesis,
5,VIT_16s0100g01130,2051,0.9995,Stilbene synthase [Vitis vinifera],E2_3_1_95,,vv10940Phenylpropanoid_biosynthesis,
6,VIT_16s0100g01000,2067,0.9990,Stilbene synthase 4,E2_3_1_95,,vv10940Phenylpropanoid_biosynthesis,
7,VIT_11s0016g03080,2054,0.9990,Clavata1 receptor kinase (CLV1),,,,
8,VIT_16s0100g00830<br>VIT_16s0100g01120<br>VIT_16s0100g00780<br>VIT_16s0100g00910,2074,0.9986,
9,VIT_18s0001g10180,2054,0.9947,N-hydroxycinnamoyl/benzoyltransferase 3,,,,
10,VIT_16s0100g00770,2061,0.9942,Stilbene synthase,E2_3_1_95,,vv10940Phenylpropanoid_biosynthesis,
11,VIT_16s0039g01240<br>VIT_16s0039g01360<br>VIT_16s0039g01130<br>VITisv_009233<br>VIT_16s0039g01100<br>VIT_00s2508g00010<br>VITisv_032212<br>VIT_16s0039g01120<br>VIT_16s0039g01320<br>VIT_00s2849g00010<br>VIT_16s0039g01300<br>VIT_16s0039g01170<br>VIT_16s0039g01280,2060,0.9942,
12,VIT_16s0100g00860<br>VIT_16s0100g00940<br>VIT_16s0100g00800<br>VIT_16s0100g00920<br>VIT_16s0100g00930<br>VIT_16s0100g00810<br>VIT_16s0100g00840<br>VIT_16s0100g00850,2057,0.9928,
13,VIT_16s0100g01190,2053,0.9880,Stilbene synthase [Vitis vinifera],E2_3_1_95,,vv10940Phenylpropanoid_biosynthesis,
14,VIT_16s0039g01110,2000,0.9657,Phenylalanin ammonia-lyase [Vitis vinifera],E4_3_1_5,,vv10350Tyrosine_metabolism,vv10360Phenylalanine_metabolism
15,VIT_16s0100g01160,1993,0.9596,Stilbene synthase [Vitis vinifera],E2_3_1_95,,vv10940Phenylpropanoid_biosynthesis,
16,VIT_10s0042g00850,1988,0.9585,Stilbene synthase [Vitis pseudoreticulata],E2_3_1_95,,vv10940Phenylpropanoid_biosynthesis,
17,VIT_10s0042g00930<br>VIT_10s0042g00890<br>VIT_10s0042g00870<br>VIT_10s0042g00860<br>VIT_10s0042g00920,1984,0.9571,
18,VIT_12s0059g01720,1972,0.9568,No hit,,,,
19,VIT_17s0000g00650,1969,0.9530,No hit,,,,
20,VIT_06s0004g01010,1970,0.9517,Dirigent protein pDIR9,,,,
21,VIT_07s0005g03340,1966,0.9502,Myb domain protein 14,MYB14_2,MYB14,vv60044MYB,
22,VIT_16s0100g01140,1957,0.9427,Stilbene synthase 2,E2_3_1_95,,vv10940Phenylpropanoid_biosynthesis,
23,VIT_05s0077g01570,1943,0.9373,Pathogenesis protein 10 [Vitis vinifera],,,,
24,VIT_09s0002g05610,1930,0.9324,Unknown,,,,
25,VIT_01s0010g02450,1916,0.9301,B12D,,,,
26,VIT_05s0077g01690,1931,0.9297,Pathogenesis protein 10 [Vitis vinifera],,,,
27,VIT_05s0077g01530,1890,0.9175,Pathogenesis protein 10 [Vitis vinifera],,,,
28,VIT_16s0050g00430,1880,0.9153,Photoassimilate-responsive protein PAR-1a,,,,
29,VIT_16s0100g01100,1889,0.9112,Stilbene synthase,E2_3_1_95,,vv10940Phenylpropanoid_biosynthesis,
30,VIT_15s0021g01260,1878,0.9081,Unknown,,,,
31,VIT_07s0005g05780,1875,0.9019,Pantoate--beta-alanine ligase,E6_3_2_1,,vv10410Beta-alanine_metabolism,vv10770Pantothenate_and_CoA_biosynthesis
32,VIT_05s0077g01550,1856,0.9018,Pathogenesis protein 10.3 [Vitis quinquangularis],,,,
33,VIT_16s0100g00880,1857,0.9015,Stilbene synthase [Vitis pseudoreticulata],E2_3_1_95,,vv10940Phenylpropanoid_biosynthesis,
34,VIT_11s0065g00350,1864,0.8996,Trans-cinnamate 4-monooxygenase,E1_14_13_11,,vv10360Phenylalanine_metabolism,vv10940Phenylpropanoid_biosynthesis
35,VIT_16s0100g00960,1849,0.8967,Stilbene synthase [Vitis pseudoreticulata],E2_3_1_95,,vv10940Phenylpropanoid_biosynthesis,
36,VIT_06s0004g01020,1837,0.8887,Dirigent protein,,,,
37,VIT_07s0031g01130,1839,0.8846,Ascorbate oxidase,E1_10_3_3,,vv10053Ascorbate_and_aldarate_metabolism,vv50109Incompletely_characterized_transport_systems
38,VIT_06s0004g01030,1832,0.8837,Dirigent protein,,,,
39,VIT_16s0100g01110,1811,0.8796,Resveratrol synthase (RS1),E2_3_1_95,,vv10940Phenylpropanoid_biosynthesis,
40,VIT_14s0083g00920,1746,0.8431,No hit,,,,
41,VIT_15s0048g01350,1739,0.8389,Gibberellin receptor GID1L3,GID1C,,vv30010Gibberellin_signaling,
42,VIT_03s0017g01990,1742,0.8375,UDP-glucose glucosyltransferase,E2_4_1_35,,vv10500Starch_and_sucrose_metabolism,
43,VIT_16s0100g01060,1719,0.8328,Stilbene synthase,E2_3_1_95,,vv10940Phenylpropanoid_biosynthesis,
44,VIT_16s0100g00760,1722,0.8327,Stilbene synthase 2 [Vitis sp. cv. 'Norton'],E2_3_1_95,,vv10940Phenylpropanoid_biosynthesis,
45,VIT_08s0105g00200,1717,0.8323,U-box domain-containing protein,,,,
46,VIT_11s0016g02070,1717,0.8307,Basic helix-loop-helix (bHLH) family,BHLHDOM_63,,vv60011BHLH,
47,VIT_17s0000g00640,1716,0.8306,No hit,,,,
48,VIT_00s0301g00090,1701,0.8306,NDA2 (alternative NAD(P)H dehydrogenase 2),K03885,,vv10190Oxidative_phosphorylation,vv50134Primary_active_transporter_cat_D1
49,VIT_07s0031g03060,1709,0.8280,NSL1 (necrotic spotted lesions 1),,,,
50,VIT_07s0129g01010,1721,0.8274,Unknown,,,,
51,VIT_01s0010g03930,1718,0.8268,WRKY DNA-binding protein 75,WRKY75_1,VvWRKY03,vv60066WRKY,
52,VIT_16s0100g00900,1697,0.8266,Stilbene synthase [Vitis pseudoreticulata],E2_3_1_95,,vv10940Phenylpropanoid_biosynthesis,
53,VIT_11s0016g03190,1694,0.8195,Unknown,,,,
54,VIT_07s0141g00890,1686,0.8177,CYP94A1,,,,
55,VIT_13s0064g01110,1683,0.8099,No hit,,,,
56,VIT_00s0480g00030,1664,0.8058,Polyphenol oxidase,E1_10_3_1,,vv10350Tyrosine_metabolism,vv50109Incompletely_characterized_transport_systems
57,VIT_16s0050g00410,1648,0.8023,Photoassimilate-responsive protein PAR-1a,,,,
58,VIT_15s0021g02470,1652,0.7946,Epoxide hydrolase-like protein,E3_3_2_10,,,
59,VIT_02s0236g00120,1629,0.7942,Unknown,,,,
60,VIT_14s0068g02150,1643,0.7937,Kelch repeat-containing F-box family protein,,,,
61,VIT_11s0078g00290,1617,0.7831,Cinnamate 4-hydroxylase,E1_14_13_11,,vv10360Phenylalanine_metabolism,vv10940Phenylpropanoid_biosynthesis
62,VIT_16s0039g01070,1619,0.7825,Glutathione S-transferase 25 GSTU7,E2_5_1_18_GSTU7,,vv10480Glutathione_metabolism,
63,VIT_02s0033g01380,1618,0.7809,Alternative oxidase 1D,AOX1D,,vv30001ABA_signaling,
64,VIT_10s0003g04080,1588,0.7683,Unknown,,,,
65,VIT_10s0042g00840,1581,0.7675,Stilbene synthase [Vitis pseudoreticulata],E2_3_1_95,,vv10940Phenylpropanoid_biosynthesis,
66,VIT_10s0042g00910,1596,0.7669,Stilbene synthase [Vitis pseudoreticulata],E2_3_1_95,,vv10940Phenylpropanoid_biosynthesis,
67,VIT_05s0102g00610,1581,0.7612,No hit,,,,
68,VIT_05s0077g01560,1560,0.7565,Pathogenesis protein 10.3 [Vitis quinquangularis],,,,
69,VIT_13s0019g04060,1557,0.7511,MLO1,K08472,,,
70,VIT_14s0066g01150,1556,0.7506,Cinnamoyl-CoA reductase,E1_2_1_44,,vv10940Phenylpropanoid_biosynthesis,
71,VIT_14s0068g01250,1543,0.7487,Mitochondrial phosphate transporter,MPHOSPTR,,vv50123Porters_cat_18_to_29,
72,VIT_14s0036g01060,1540,0.7458,Unknown protein,,,,
73,VIT_18s0001g00840,1522,0.7388,Syringolide-induced protein 14-1-1,,,,
74,VIT_12s0059g01380,1484,0.7169,1-aminocyclopropane-1-carboxylate oxidase 1,E1_14_17_4,,vv10640Propanoate_metabolism,vv30008Ethylene_signaling
75,VIT_00s0410g00040,1480,0.7153,Anthranilate N-benzoyltransferase protein 1,E2_3_1_144,,vv10400Phenylalanine_tyrosine_and_tryptophan_biosynthesis,
76,VIT_00s0194g00120,1479,0.7128,Serine acetyltransferase,E2_3_1_30,,vv10272Cysteine_metabolism,vv10920Sulfur_metabolism
77,VIT_09s0054g00910,1468,0.7106,Chaperone BCS1 mitochondrial,K08900,,,
78,VIT_08s0040g01710,1470,0.7084,Phenylalanine ammonia-lyase,E4_3_1_5,,vv10350Tyrosine_metabolism,vv10360Phenylalanine_metabolism
79,VIT_04s0044g00220,1464,0.7079,Monooxygenase,,,,
80,VIT_07s0005g03220,1444,0.7006,Ethylene-responsive transcription factor ERF098,ERF098_1,VvERF098,vv30008Ethylene_signaling,vv60003AP2_EREBP
81,VIT_18s0041g02010<br>VIT_18s0041g02050,1438,0.6967,
82,VIT_12s0035g01000,1431,0.6877,Serine protease inhibitor  serine-type,,,,
83,VIT_07s0104g00850,1415,0.6869,Pto kinase interactor,,,,
84,VIT_14s0108g00540,1409,0.6823,Phosphofructokinase,E2_7_1_90,,vv10051Fructose_and_mannose_metabolism,
85,VIT_00s0226g00100,1405,0.6801,Regulator of chromosome condensation (RCC1),RCC1,,vv50112Nuclear_pore_complex,
86,VIT_13s0067g02940,1408,0.6789,Amidohydrolase 3,,,,
87,VIT_08s0007g05350,1386,0.6771,Haloacid dehalogenase hydrolase,E3_1_3_18,,vv10630Glyoxylate_and_dicarboxylate_metabolism,
88,VIT_10s0042g00700,1384,0.6705,Leucine-rich repeat receptor-like protein kinase 1,,,,
89,VIT_14s0081g00190,1388,0.6670,No hit,,,,
90,VIT_06s0004g01990,1374,0.6647,No hit,,,,
91,VIT_07s0104g00220,1370,0.6631,Phenazine biosynthesis PhzC/PhzF,K06998,,vv10400Phenylalanine_tyrosine_and_tryptophan_biosynthesis,
92,VIT_05s0094g00260<br>VIT_05s0094g00220,1371,0.6588,
93,VIT_04s0044g00040,1365,0.6581,Dirigent,,,,
94,VIT_05s0094g00160,1355,0.6568,No hit,,,,
95,VIT_03s0017g02110,1338,0.6505,Anthocyanidin 3-O-glucosyltransferase,E2_4_1_115,,vv10942Anthocyanin_biosynthesis,
96,VIT_17s0000g05360,1327,0.6445,Germin,,,,
97,VIT_07s0151g00260,1332,0.6419,Quinone-oxidoreductase  Chloroplast,K03956,,vv10190Oxidative_phosphorylation,vv50134Primary_active_transporter_cat_D1
98,VIT_05s0020g03680,1314,0.6410,GCN5 N-acetyltransferase (GNAT),GCN5_7,,vv60082GNAT,
99,VIT_01s0011g00380,1322,0.6396,SP1L1 (SPIRAL1-like1),,,,
100,VIT_13s0074g00570,1327,0.6368,Gamma-aminobutyric acid transporter,GAT1,,vv50123Porters_cat_18_to_29,
101,VIT_09s0002g02580,1314,0.6360,No hit,,,,
102,VIT_09s0002g04720,1301,0.6273,Coatomer protein complex  subunit beta 2,COPB2,,vv50110Protein_coat,
103,VIT_10s0003g05430,1293,0.6265,Reticuline oxidase precursor,E1_21_3_3,,vv10950Alkaloid_biosynthesis_I,
104,VIT_07s0005g02660,1300,0.6253,ABC transporter B member 13,ABCB13,,vv52010ABC_transporters,
105,VIT_18s0117g00550,1295,0.6223,Laccase,E1_10_3_2,,vv11000Single_reactions,vv50109Incompletely_characterized_transport_systems
106,VIT_06s0004g00020,1277,0.6199,NAC domain containing protein 32,NAC032,VvNAC44,vv60046NAC,
107,VIT_18s0001g04640,1286,0.6189,No hit,,,,
108,VIT_18s0001g10200<br>VIT_18s0001g10230,1277,0.6163,
109,VIT_14s0108g00890,1271,0.6140,Beta-1 3-galactosyltransferase,K07819,,vv10602Glycosphingolipid_biosynthesis,
110,VIT_02s0012g00730,1264,0.6109,Purine permease 10 PUP10,PUP10,,vv50122Porters_cat_7_to_17,
111,VIT_06s0004g01670,1256,0.6050,UDP-glucoronosyl and UDP-glucosyl transferase,,,,
112,VIT_06s0004g00610,1247,0.6001,Accelerated cell death 1 ACD1,ACD1,,vv50133Primary_active_transporter_cat_A9_to_A18,
113,VIT_11s0016g05540,1229,0.5952,Dicyanin,,,,
114,VIT_09s0002g05570,1208,0.5864,ABC transporter g family pleiotropic drug resistance 12 PDR12,ABCGPDR12,,vv52010ABC_transporters,
115,VIT_16s0050g00400,1205,0.5830,Photoassimilate-responsive protein PAR-1a,,,,
116,VIT_09s0054g00580<br>VIT_09s0054g00570,1196,0.5806,
117,VIT_10s0071g00230,1198,0.5771,HcrVf1 protein,,,,
118,VIT_14s0006g00910,1182,0.5752,ATA15 protein,,,,
119,VIT_04s0069g01010,1180,0.5728,Harpin-induced protein,,,,
120,VIT_18s0001g15130,1173,0.5656,WD40 repeat protein,,,,
121,VIT_09s0054g01080,1164,0.5615,Polygalacturonase QRT3,E3_2_1_15,,vv40006Cell_wall,
122,VIT_02s0109g00430,1168,0.5597,Nitrilase 4 (NIT4),K13035,,vv10910Nitrogen_metabolism,
123,VIT_01s0011g04780,1147,0.5541,Unknown protein,,,,
124,VIT_05s0020g03140,1131,0.5445,Sugar transporter 13,STP13,,vv50121Porters_cat_1_to_6,
125,VIT_14s0068g01770,1131,0.5438,WRKY DNA-binding protein 75,WRKY75_2,VvWRKY43,vv60066WRKY,
126,VIT_19s0014g01370,1094,0.5334,Curculin (mannose-binding) lectin,,,,
127,VIT_05s0077g01680,1101,0.5332,Mal d 1 allergen,,,,
128,VIT_10s0003g05450,1100,0.5301,Reticuline oxidase precursor,E1_21_3_3,,vv10950Alkaloid_biosynthesis_I,
129,VIT_14s0060g02750<br>VIT_14s0128g00970<br>VIT_14s0128g00990<br>VIT_14s0128g00980<br>VIT_14s0128g01010<br>VIT_14s0128g01030<br>VIT_14s0128g01020<br>VIT_14s0128g01040,1095,0.5280,
130,VIT_05s0020g03690<br>VIT_05s0020g03710,1084,0.5234,
131,VIT_06s0009g02590,1079,0.5233,Pectinesterase family,E3_1_1_11,,vv40006Cell_wall,
132,VIT_12s0059g01120,1086,0.5231,CAF protein,,,,
133,VIT_09s0018g01660,1071,0.5199,Biopterin transport-related protein BT1,BIOPTERIN,,vv50125Porters_cat_66_to_94,
134,VIT_03s0063g02650,1077,0.5198,Hydrolase  alpha/beta fold,,,,
135,VIT_00s0480g00040,1059,0.5126,Polyphenol oxidase II  chloroplast precursor,E1_10_3_1,,vv10350Tyrosine_metabolism,vv50109Incompletely_characterized_transport_systems
136,VIT_08s0007g08750,1056,0.5119,Heat shock transcription factor B3,HSFB3,,vv60037HSF,
137,VIT_19s0014g04280,1058,0.5109,S-locus protein kinase,,,,
138,VIT_17s0000g07670,1057,0.5092,Betaine-aldehyde dehydrogenase,E1_2_1_8,,vv10260Glycine_serine_and_threonine_metabolism,vv50101Channels_and_pores
139,VIT_13s0064g01100,1049,0.5070,No hit,,,,
140,VIT_08s0058g00690,1051,0.5068,WRKY DNA-binding protein 33,WRKY33_3,VvWRKY24,vv34626Plant-pathogen_interaction,vv60066WRKY
141,VIT_18s0001g11130,1039,0.5056,Calmodulin-binding protein AR781,,,,
142,VIT_00s0347g00120,1028,0.4952,S-locus lectin protein kinase,,,,
143,VIT_18s0117g00080,1016,0.4922,R protein L6,K13477,,vv34627R_proteins_from_Plant-pathogen_interaction,
144,VIT_05s0077g01600,1021,0.4909,Pathogenesis protein 10 [Vitis vinifera],,,,
145,VIT_03s0063g01310,998,0.4840,Oxidoreductase  2OG-Fe(II) oxygenase family,,,,
146,VIT_05s0094g00200,997,0.4821,Chitinase class IV,E3_2_1_14,,vv10530Aminosugars_metabolism,
147,VIT_09s0002g05360<br>VIT_09s0002g05400<br>VIT_09s0002g05490<br>VIT_09s0002g05590,993,0.4786,
148,VIT_05s0049g01020,978,0.4727,Myb domain protein 14,MYB14_3,,vv60044MYB,
149,VIT_06s0004g02010,977,0.4720,No hit,,,,
150,VIT_12s0028g02530,980,0.4714,Zinc finger (C3HC4-type ring finger),ZFC3HC4_36,,vv60078Other_zf-C3HC4,
151,VIT_12s0121g00300,973,0.4680,Brassinosteroid insensitive 1-associated receptor kinase 1,BAK1,,vv30005Brassinosteroids_signaling,vv34626Plant-pathogen_interaction
152,VIT_18s0001g02760,948,0.4620,Lipase GDSL,,,,
153,VIT_12s0028g00860,948,0.4606,NAC domain-containing protein 42,NAC042_5,VvNAC36,vv60046NAC,
154,VIT_00s0748g00020,949,0.4598,Receptor kinase RK20-1,,,,
155,VIT_03s0017g01940,950,0.4581,Unknown,,,,
156,VIT_05s0049g01010,942,0.4573,Myb domain protein 14,MYB14_4,MYB13,vv60044MYB,
157,VIT_14s0060g00110,946,0.4570,Glutamyl-tRNA synthetase  cytoplasmic,E6_1_1_17,,vv10860Porphyrin_and_chlorophyll_metabolism,vv20970Aminoacyl-tRNA_biosynthesis
158,VIT_18s0001g04280,945,0.4556,(-)-germacrene D synthase,E4_2_3_22,,vv10900Terpenoid_biosynthesis,
159,VIT_04s0023g01080,937,0.4542,Lys Motif-Type Receptor-Like Kinase LYK4,,,,
160,VIT_00s1463g00010,935,0.4523,Protease Do-like 5,,,,
161,VIT_15s0046g02170,934,0.4501,3-methyl-2-oxobutanoate hydroxy-methyl-transferase,E2_1_2_11,,vv10770Pantothenate_and_CoA_biosynthesis,
162,VIT_09s0002g02320,930,0.4493,Cell wall apoplastic invertase,E3_2_1_26,,vv10052Galactose_metabolism,vv10500Starch_and_sucrose_metabolism
163,VIT_00s0179g00280,928,0.4474,Calmodulin-8 (CAM8),K02183,,vv34020Calcium_signaling_pathway,vv34626Plant-pathogen_interaction
164,VIT_08s0040g03100,923,0.4465,Glutathione S-transferase GSTO1,E2_5_1_18_GSTO1,,vv10480Glutathione_metabolism,
165,VIT_18s0041g02020,927,0.4463,12-oxophytodienoate reductase 2,E1_3_1_42,,vv10592alpha-Linolenic_acid_metabolism,
166,VIT_05s0020g05040,924,0.4459,Proteinase inhibitor 1 PPI3B2,,,,
167,VIT_06s0004g08180,922,0.4452,Translation initiation factor eIF-2 beta subunit,K03238,,vv23013RNA_transport,
168,VIT_17s0000g03370,920,0.4449,Calmodulin-binding protein,K02183,,vv34020Calcium_signaling_pathway,vv34626Plant-pathogen_interaction
169,VIT_18s0117g00300,912,0.4419,Coatomer protein complex  subunit beta 2,COPB2,,vv50110Protein_coat,
170,VIT_12s0034g02240,910,0.4400,Potassium channel AKT2/3,AKT2,,vv50101Channels_and_pores,
171,VIT_17s0000g04360,907,0.4388,Wall-associated kinase 2 (WAK2),,,,
172,VIT_09s0002g02970,901,0.4359,Unknown,,,,
173,VIT_18s0122g00690,900,0.4344,Laccase,E1_10_3_2,,vv11000Single_reactions,vv50109Incompletely_characterized_transport_systems
174,VIT_07s0031g01090,888,0.4284,Ascorbate oxidase,E1_10_3_3,,vv10053Ascorbate_and_aldarate_metabolism,vv50109Incompletely_characterized_transport_systems
175,VIT_01s0010g03600,882,0.4279,Rubber elongation factor (REF),,,,
176,VIT_14s0171g00490,880,0.4243,Glucose-6-phosphate 1-dehydrogenase  cytoplasmic isoform,E1_1_1_49,,vv10030Pentose_phosphate,vv10480Glutathione_metabolism
177,VIT_11s0016g00570,871,0.4210,Dimethylaniline monooxygenase (N-oxide forming) 2,E1_14_13_8,,vv11000Single_reactions,
178,VIT_02s0025g04310,863,0.4189,Thaumatin,,,,
179,VIT_18s0166g00070,848,0.4091,No hit,,,,
180,VIT_03s0038g03530,841,0.4069,LYS/HIS transporter 7,LHT7,,vv50123Porters_cat_18_to_29,
181,VIT_02s0033g00700,838,0.4066,Nitrilase,E3_5_5_1,,vv10460Cyanoamino_acid_metabolism,vv10910Nitrogen_metabolism
182,VIT_12s0028g00610,834,0.4037,Aspartyl protease,E3_4_23_x,,,
183,VIT_15s0048g00620,829,0.4020,No hit,,,,
184,VIT_05s0020g03290,823,0.4005,S-receptor kinase,,,,
185,VIT_05s0020g03090,829,0.4003,Chloride channel protein (CLC-d),K05393_CLCD,,vv50124Porters_cat_30_to_64,
186,VIT_01s0011g02480,829,0.3986,Phospholipid-transporting ATPase,K01530,,vv50131Primary_active_transporter_cat_A2_to_A4,
187,VIT_05s0020g03280,831,0.3976,Copper amine oxidase,E1_4_3_4,,vv10220Urea_cycle_and_metabolism_of_amino_groups,vv10340Histidine_metabolism
188,VIT_18s0001g01960,819,0.3957,RKF3 (receptor-like kinase IN in flowers 3),,,,
189,VIT_19s0085g01200,813,0.3943,CTP synthase,E6_3_4_2,,vv10240Pyrimidine_metabolism,
190,VIT_03s0038g03500,814,0.3934,Auxin-induced SAUR,SAUR,,vv30003Auxin_signaling,
191,VIT_13s0106g00780,813,0.3922,Hydrolase  alpha/beta fold,,,,
192,VIT_02s0025g04280,805,0.3885,Osmotin,,,,
193,VIT_04s0008g05350,802,0.3882,Serine hydrolase [Vitis vinifera],E4_3_1_18,,vv10260Glycine_serine_and_threonine_metabolism,
194,VIT_19s0014g04080,802,0.3876,Serine/threonine-protein kinase receptor ARK3,,,,
195,VIT_11s0016g01060,802,0.3871,Avr9/Cf-9 induced kinase 1,,,,
196,VIT_09s0002g06890,801,0.3858,Dicyanin blue copper protein,,,,
197,VIT_08s0056g00300,781,0.3800,Unknown,,,,
198,VIT_01s0011g02320,788,0.3790,Unknown protein,,,,
199,VIT_06s0009g01810,777,0.3743,APK2A (protein kinase 2A),,,,
200,VIT_19s0014g00830,773,0.3740,RKF1 (receptor-like kinase in flowers 1),,,,
201,VIT_00s0409g00010,780,0.3739,Receptor kinase RK20-1,,,,
202,VIT_08s0040g03040,763,0.3704,Glutathione S-transferase GSTO1,E2_5_1_18_GSTO1,,vv10480Glutathione_metabolism,
203,VIT_02s0025g02920,766,0.3695,Quercetin 3-O-methyltransferase 1,E2_1_1_76,,vv10941Flavonoid_biosynthesis,
204,VIT_04s0044g00230,765,0.3694,Monooxygenase (MO2),,,,
205,VIT_18s0001g00920<br>VIT_18s0075g00590<br>VIT_18s0001g00850<br>VIT_18s0075g00780<br>VIT_18s0001g00790<br>VIT_18s0001g00730<br>VIT_18s0001g00310<br>VIT_18s0075g00620<br>VIT_18s0075g00540<br>VIT_18s0075g00600<br>VIT_18s0075g00580<br>VIT_00s0481g00020<br>VIT_18s0001g00930,759,0.3683,
206,VIT_14s0083g01170,757,0.3655,Mitochondrial substrate carrier family protein,K03454,,vv50123Porters_cat_18_to_29,
207,VIT_02s0033g00660<br>VIT_02s0033g00850<br>VIT_02s0033g00870<br>VIT_02s0033g00800,754,0.3651,
208,VIT_08s0058g00790,763,0.3647,Secoisolariciresinol dehydrogenase,SIRD,,vv10940Phenylpropanoid_biosynthesis,
209,VIT_18s0117g00050,755,0.3646,R protein L6,K13477,,vv34627R_proteins_from_Plant-pathogen_interaction,
210,VIT_06s0004g01000,747,0.3617,Dirigent protein,,,,
211,VIT_13s0019g05360,746,0.3606,KH domain-containing protein NOVA,,,,
212,VIT_03s0038g03400,746,0.3604,Endochitinase 1  basic,E3_2_1_14,,vv10530Aminosugars_metabolism,
213,VIT_18s0001g05060,742,0.3597,2 3-bisphosphoglycerate-dependent phosphoglycerate mutase,E5_4_2_1,,vv10010Glycolysis,
214,VIT_00s0179g00260,739,0.3580,Calcium-transporting ATPase 12 ACA12,K01537,,vv34020Calcium_signaling_pathway,vv50131Primary_active_transporter_cat_A2_to_A4
215,VIT_02s0025g04340,740,0.3563,Osmotin,,,,
216,VIT_03s0088g00690,736,0.3547,Pathogenesis-related protein 1 precursor (PRP 1),PRP1,,vv30011Jasmonate_signaling,vv34626Plant-pathogen_interaction
217,VIT_05s0077g01710,731,0.3526,U3 small nucleolar RNA-associated protein 5,K14546,,vv23008Ribosome_biogenesis_in_Eukaryotes,
218,VIT_10s0003g00150,727,0.3519,NSL1 (necrotic spotted lesions 1),,,,
219,VIT_15s0048g01080,726,0.3516,Unknown,,,,
220,VIT_08s0007g02360,728,0.3515,Harpin inducing protein 1-like 9,,,,
221,VIT_04s0069g00970,729,0.3513,WRKY DNA-binding protein 51,WRKY51_1,VvWRKY11,vv60066WRKY,
222,VIT_13s0156g00590,722,0.3474,S-receptor kinase,,,,
223,VIT_11s0016g05530,719,0.3460,Plastocyanin domain-containing protein,K02638,,vv10195Photosynthesis,vv50113Thylakoid_targeting_pathway
224,VIT_08s0040g02090,716,0.3441,DnaJ homolog  subfamily C  member 3,K09523,,vv50132Primary_active_transporter_cat_A5_to_A8,
225,VIT_00s0270g00120,708,0.3429,Alpha-amylase/subtilisin inhibitor,E3_2_1_1,,vv10500Starch_and_sucrose_metabolism,
226,VIT_00s1212g00020,699,0.3385,Laccase,E1_10_3_2,,vv11000Single_reactions,vv50109Incompletely_characterized_transport_systems
227,VIT_11s0037g01410,700,0.3385,XBAT32 (XB3 ortholog 2 in Arabidopsis thaliana 32),XBAT32,,vv50108Accessory_factors_involved_in_transport,
228,VIT_18s0117g00070,697,0.3377,R protein L6,K13477,,vv34627R_proteins_from_Plant-pathogen_interaction,
229,VIT_00s0399g00020,698,0.3372,Protease inhibitor/seed storage/lipid transfer protein (LTP),,,,
230,VIT_10s0116g00960,694,0.3361,Transcription factor jumonji (jmjC) domain-containing protein,JMJD1B_5,,vv60038Jumonji,
231,VIT_17s0000g01650,695,0.3348,Cyclopropyl isomerase,E5_5_1_9,,vv10100Biosynthesis_of_steroids,
232,VIT_03s0091g00160,685,0.3301,NtPRp27 secretory protein,,,,
233,VIT_00s0743g00020,664,0.3198,S-locus lectin protein kinase,,,,
234,VIT_01s0026g02590,658,0.3190,Calcium-binding protein CML,K13448,,vv34626Plant-pathogen_interaction,
235,VIT_18s0117g00290,654,0.3167,Coatomer protein complex  subunit beta 2,COPB2,,vv50110Protein_coat,
236,VIT_15s0021g02060,659,0.3167,Arbutin synthase,E2_4_1_218,,vv10500Starch_and_sucrose_metabolism,
237,VIT_08s0040g02730,655,0.3161,Exocyst subunit EXO70 H4,EXO70H4,,vv50111Tethering_factors,
238,VIT_13s0064g01470,650,0.3143,Urophorphyrin III methylase,E2_1_1_107,,vv10860Porphyrin_and_chlorophyll_metabolism,
239,VIT_01s0146g00320,652,0.3139,No hit,,,,
240,VIT_18s0001g03390,648,0.3123,S-receptor kinase,,,,
241,VIT_08s0007g01560,643,0.3106,Photoassimilate-responsive protein,,,,
242,VIT_16s0050g00480,645,0.3102,CYP715A1,,,,
243,VIT_05s0049g01200,641,0.3086,S-locus lectin protein kinase,,,,
244,VIT_12s0059g01820,631,0.3056,Protein phosphatase 1D,K10147,,,
245,VIT_09s0002g05560,631,0.3048,ABC transporter g family pleiotropic drug resistance 12 PDR12,ABCGPDR12,,vv52010ABC_transporters,
246,VIT_01s0011g01110,630,0.3036,Molybdenum cofactor sulfurase,,,,
247,VIT_03s0088g00700,623,0.3030,Pathogenesis related protein 1 precursor (pr1 gene),PRP1,,vv30011Jasmonate_signaling,vv34626Plant-pathogen_interaction
248,VIT_03s0017g00650,623,0.3001,GTP cyclohydrolase II,E3_5_4_25,,vv10740Riboflavin_metabolism,
249,VIT_05s0049g01980,615,0.2978,3-isopropylmalate dehydratase large subunit 2,E4_2_1_33,,vv10290Valine_leucine_and_isoleucine_biosynthesis,
250,VIT_03s0088g00710,616,0.2953,Pathogenesis-related protein 1 precursor (PRP 1),PRP1,,vv30011Jasmonate_signaling,vv34626Plant-pathogen_interaction
251,VIT_00s2648g00010,609,0.2943,FAD-dependent pyridine nucleotide-disulphide oxidoreductase,,,,
252,VIT_02s0025g02770,614,0.2943,Glucan endo-1 3-beta-glucosidase 7 precursor,E3_2_1_39,,vv10500Starch_and_sucrose_metabolism,
253,VIT_02s0025g02930,594,0.2883,Caffeic acid O-3-methyltransferase,E2_1_1_68,,vv10940Phenylpropanoid_biosynthesis,
254,VIT_10s0405g00020,595,0.2879,Mo25,K08272,,vv34150mTOR_signaling_pathway,
255,VIT_04s0044g00270,597,0.2873,Monooxygenase (MO3),,,,
256,VIT_14s0006g00430,587,0.2832,Carboxylesterase,E3_1_1_1,,,
257,VIT_05s0062g00790,587,0.2832,NSL1 (necrotic spotted lesions 1),,,,
258,VIT_06s0061g01210,569,0.2734,Lysine histidine transporter 1,LHT1,,vv50123Porters_cat_18_to_29,
259,VIT_05s0077g01590,561,0.2711,Major allergen Mal d 1,,,,
260,VIT_09s0002g05370,558,0.2687,ABC transporter g family pleiotropic drug resistance 12 PDR12,ABCGPDR12,,vv52010ABC_transporters,
261,VIT_14s0030g01980,554,0.2672,Auxin-induced protein PCNT115,AUXREG,,vv30003Auxin_signaling,
262,VIT_17s0000g03130,554,0.2670,Unknown protein,,,,
263,VIT_13s0019g01010,548,0.2659,ABA2 (ABA deficient 2),E1_1_1_288,,vv10906Carotenoid_biosynthesis,vv11013ABA_biosynthesis
264,VIT_10s0003g03800,551,0.2645,Jasmonate ZIM domain-containing protein 8,JAZ8_1,,vv30011Jasmonate_signaling,vv60069ZIM
265,VIT_12s0034g00030,541,0.2624,Anthocyanidin 3-O-glucosyltransferase,E2_4_1_115,,vv10942Anthocyanin_biosynthesis,
266,VIT_14s0128g00390,539,0.2603,Mitochondrial FAD carrier,MFADC,,vv50123Porters_cat_18_to_29,
267,VIT_10s0003g01160,536,0.2591,Basic helix-loop-helix (bHLH) family,BHLHDOM_23,,vv60011BHLH,
268,VIT_06s0009g02600<br>VIT_06s0009g02630,535,0.2582,
269,VIT_14s0128g00540<br>VIT_14s0128g00570<br>VIT_14s0128g00600,534,0.2577,
270,VIT_04s0069g00470,528,0.2551,No hit,,,,
271,VIT_11s0016g01970,532,0.2542,Calmodulin-binding region IQD6,,,,
272,VIT_14s0060g02760,525,0.2541,Germin-like protein 3 [Vitis vinifera],,,,
273,VIT_08s0007g08480,523,0.2535,Zinc proteinase,,,,
274,VIT_13s0067g01730,517,0.2504,Steroid 5alpha-reductase,K09591,,vv10905Brassinosteroid_biosynthesis,
275,VIT_18s0117g00040,522,0.2502,No hit,,,,
276,VIT_02s0025g04100,519,0.2500,CCR4-NOT transcription complex subunit 2,K12605,,vv23018RNA_degradation,
277,VIT_01s0011g04210,509,0.2474,Amino acid permease,AAPREL,,vv50123Porters_cat_18_to_29,
278,VIT_18s0075g00810,510,0.2473,Laccase,E1_10_3_2,,vv11000Single_reactions,vv50109Incompletely_characterized_transport_systems
279,VIT_08s0007g03310,512,0.2471,Unknown,,,,
280,VIT_09s0002g03660,507,0.2446,Retrotransposon protein  Unclassified,,,,
281,VIT_18s0001g15660,503,0.2438,Pathogen-related,,,,
282,VIT_18s0001g09550,505,0.2428,Receptor kinase TRKe,,,,
283,VIT_12s0057g00420,492,0.2385,Auxin-responsive protein AIR12,AIR12,,vv30003Auxin_signaling,
284,VIT_08s0007g03900,489,0.2373,Heat stress transcription factor A3,HSFA3,,vv60037HSF,
285,VIT_06s0004g04070,487,0.2362,UDP-galactose transporter 5,UTR5,,vv50122Porters_cat_7_to_17,
286,VIT_07s0031g01660,490,0.2356,CYP86A2,,,,
287,VIT_08s0007g02810,487,0.2347,Regulator of the ATPase vacuolar RAV2,RAV2,VvRAV5,vv60001ABI3VP1,
288,VIT_06s0009g02560,477,0.2307,Pectinesterase family,E3_1_1_11,,vv40006Cell_wall,
289,VIT_08s0007g00610,474,0.2294,Unknown,,,,
290,VIT_01s0011g05230,468,0.2282,GTPase activating protein,,,,
291,VIT_08s0007g05830,468,0.2253,No hit,,,,
292,VIT_04s0023g00360,466,0.2252,Unknown protein,,,,
293,VIT_17s0000g02220,458,0.2204,No hit,,,,
294,VIT_06s0004g05110,454,0.2197,Unknown,,,,
295,VIT_07s0005g02050,451,0.2180,Carboxylic ester hydrolase,E3_1_1_1,,,
296,VIT_05s0020g02080,442,0.2148,Zinc finger (C3HC4-type ring finger),ZFC3HC4_164,,vv60078Other_zf-C3HC4,
297,VIT_01s0127g00070,441,0.2138,Nitrate transporter2.5,NRT2_5,,vv50121Porters_cat_1_to_6,
298,VIT_12s0055g00020,442,0.2137,UDP-glucose glucosyltransferase,E2_4_1_35,,vv10500Starch_and_sucrose_metabolism,
299,VIT_03s0038g00090,439,0.2129,Epoxide hydrolase-like protein,E3_3_2_10,,,
300,VIT_01s0011g03850,436,0.2118,Unknown protein,,,,
301,VIT_08s0040g00390,433,0.2084,Magnesium-protoporphyrin IX monomethyl ester [oxidative] cyclase,E1_14_13_81,,vv10860Porphyrin_and_chlorophyll_metabolism,
302,VIT_19s0093g00320,431,0.2076,Glutathione S-transferase 25 GSTU25,E2_5_1_18_GSTU25,,vv10480Glutathione_metabolism,
303,VIT_15s0021g01630,425,0.2049,Ethylene responsive element binding factor 2,ERF2_1,,vv30008Ethylene_signaling,vv60003AP2_EREBP
304,VIT_09s0002g05120,422,0.2046,Zinc finger (C3HC4-type ring finger),ZFC3HC4_179,,vv60078Other_zf-C3HC4,
305,VIT_10s0003g01360,421,0.2026,Cysteine protease,E3_4_22_x,,,
306,VIT_19s0014g01020,417,0.2021,Protein transport protein Sec61 subunit alpha,K10956,,vv23060Protein_export,vv24141Protein_processing_in_endoplasmic_reticulum
307,VIT_10s0003g00480,416,0.1999,Isoflavone methyltransferase/ Orcinol O-methyltransferase 1 oomt1,E2_1_1_46,,vv10943Isoflavonoid_biosynthesis,
308,VIT_06s0004g05700,412,0.1998,Glutathione S-transferase 8 GSTU8,E2_5_1_18_GSTU8,,vv10480Glutathione_metabolism,
309,VIT_04s0008g03530,414,0.1994,Ankyrin repeat,K10380,,vv50108Accessory_factors_involved_in_transport,
310,VIT_03s0063g01210,405,0.1954,Nodulin 1A  senescence-associated,,,,
311,VIT_05s0077g01580,402,0.1948,Pathogenesis protein 10 [Vitis vinifera],,,,
312,VIT_03s0088g00750,397,0.1928,Pathogenesis related protein 1 precursor [Vitis vinifera],PRP1,,vv30011Jasmonate_signaling,vv34626Plant-pathogen_interaction
313,VIT_01s0127g00490,399,0.1925,Pantothenate kinase 2,E2_7_1_33,,vv10770Pantothenate_and_CoA_biosynthesis,
314,VIT_18s0075g00960,392,0.1894,Laccase,E1_10_3_2,,vv11000Single_reactions,vv50109Incompletely_characterized_transport_systems
315,VIT_06s0004g07240,378,0.1853,UDP-glucoronosyl and UDP-glucosyl transferase,,,,
316,VIT_09s0002g01550,383,0.1852,Lecithine cholesterol acyltransferase,E2_3_1_43,,vv10564Glycerophospholipid_metabolism,
317,VIT_16s0039g01870,383,0.1850,Protein kinase,,,,
318,VIT_02s0025g03300,380,0.1845,Potassium channel tetramerisation domain-containing protein,KCTREL,,vv50101Channels_and_pores,
319,VIT_17s0000g04370,377,0.1819,Wall-associated kinase,,,,
320,VIT_08s0007g04860,377,0.1814,Nodulin family protein,,,,
321,VIT_08s0007g00780,374,0.1812,One helix protein (OHP),,,,
322,VIT_05s0102g00200,374,0.1806,Unknown protein,,,,
323,VIT_00s0413g00010,371,0.1796,Laccase (diphenol oxidase) family protein,E1_10_3_2,,vv11000Single_reactions,vv50109Incompletely_characterized_transport_systems
324,VIT_00s0586g00020,365,0.1775,Unknown protein,,,,
325,VIT_05s0020g04990,364,0.1750,No hit,,,,
326,VIT_07s0031g00460,359,0.1738,Nicotinate phosphoribosyltransferase,E2_4_2_11,,vv10760Nicotinate_and_nicotinamide_metabolism,
327,VIT_09s0002g03640,358,0.1738,ABC transporter g family pleiotropic drug resistance 7 PDR7,ABCGPDR7,,vv52010ABC_transporters,
328,VIT_18s0041g02260<br>VIT_18s0041g02060,359,0.1734,
329,VIT_10s0003g01940,359,0.1732,RKF1 (receptor-like kinase in flowers 1),,,,
330,VIT_13s0067g02630,355,0.1724,No hit,,,,
331,VIT_14s0083g00260,358,0.1722,No hit,,,,
332,VIT_03s0063g01820,353,0.1714,AOS (allene oxide synthase),E4_2_1_92,,vv10592alpha-Linolenic_acid_metabolism,
333,VIT_11s0016g02360,352,0.1705,TET2 (tetraspanin2),,,,
334,VIT_19s0090g00060,352,0.1698,Biopterin transport-related protein BT1,BIOPTERIN,,vv50125Porters_cat_66_to_94,
335,VIT_14s0060g00250,347,0.1688,Unknown,,,,
336,VIT_17s0053g00750,349,0.1684,Unknown protein,,,,
337,VIT_10s0003g04910,347,0.1679,Sinapyl alcohol dehydrogenase,E1_1_1_195,,vv10940Phenylpropanoid_biosynthesis,
338,VIT_04s0043g00250,347,0.1677,Nonsense-mediated mRNA decay NMD3,K07562,,vv23008Ribosome_biogenesis_in_Eukaryotes,vv23013RNA_transport
339,VIT_12s0059g02080,342,0.1651,No hit,,,,
340,VIT_02s0025g02170,337,0.1637,Trehalase precursor,E2_4_1_15,,vv10500Starch_and_sucrose_metabolism,
341,VIT_09s0002g05600,336,0.1626,ABC transporter g family pleiotropic drug resistance 12 PDR12,ABCGPDR12,,vv52010ABC_transporters,
342,VIT_03s0038g01050,336,0.1620,Phenylalanine-tRNA ligase,E6_1_1_20,,vv10400Phenylalanine_tyrosine_and_tryptophan_biosynthesis,vv20970Aminoacyl-tRNA_biosynthesis
343,VIT_18s0001g08760,332,0.1602,No hit,,,,
344,VIT_03s0017g02120,328,0.1578,UDP-glucose flavonoid 3-O-glucosyltransferase 2,E2_4_1_91,,vv10941Flavonoid_biosynthesis,
345,VIT_11s0016g01470,318,0.1537,Lecithine cholesterol acyltransferase,E2_3_1_43,,vv10564Glycerophospholipid_metabolism,
346,VIT_17s0000g03150,309,0.1491,No hit,,,,
347,VIT_10s0003g01920,309,0.1488,RKF1 (receptor-like kinase in flowers 1),,,,
348,VIT_02s0025g00420,305,0.1481,WRKY DNA-binding protein 27,WRKY27_2,VvWRKY04,vv60066WRKY,
349,VIT_13s0019g00020,304,0.1471,Cation efflux MTP11,MTP11,,vv50121Porters_cat_1_to_6,
350,VIT_17s0000g07780,304,0.1469,Calmodulin-binding protein,K02183,,vv34020Calcium_signaling_pathway,vv34626Plant-pathogen_interaction
351,VIT_12s0028g01310,304,0.1466,Germin-like protein 1,,,,
352,VIT_08s0007g00850,295,0.1442,EFR (EF-TU receptor),K13428,,vv34626Plant-pathogen_interaction,
353,VIT_09s0054g00900,295,0.1429,Chaperone BCS1 mitochondrial,K08900,,,
354,VIT_01s0026g02310,295,0.1422,SUR2,K04713,,vv10600Sphingolipid_metabolism,
355,VIT_03s0063g01910,293,0.1415,Integral membrane protein,,,,
356,VIT_06s0009g03130,289,0.1390,Cytochrome P450  family 79  subfamily A  polypeptide 2,K12153,,vv10966Glucosinolate_biosynthesis,
357,VIT_16s0148g00290<br>VIT_16s0148g00360<br>VIT_16s0148g00100<br>VIT_00s0258g00140,285,0.1377,
358,VIT_18s0117g00600,280,0.1354,Laccase,E1_10_3_2,,vv11000Single_reactions,vv50109Incompletely_characterized_transport_systems
359,VIT_01s0137g00080,272,0.1317,Aldehyde dehydrogenase (NAD+),E1_2_1_3,vv10561Glycerolipid_metabolism,vv10010Glycolysis,vv10071Fatty_acid_metabolism
360,VIT_03s0063g01280<br>VIT_03s0063g01160,268,0.1297,
361,VIT_14s0036g00930,266,0.1292,Polyubiquitin (UBQ4),,,,
362,VIT_15s0046g01640,267,0.1288,Abl interactor protein 1 (ABIL1),,,,
363,VIT_00s0262g00090,261,0.1275,Receptor kinase RK20-1,,,,
364,VIT_15s0021g00730,263,0.1274,No hit,,,,
365,VIT_06s0004g03620,264,0.1271,MAPK MPK13,MPK13,,,
366,VIT_08s0007g03890,252,0.1220,Brix domain-containing protein,,,,
367,VIT_09s0002g02950,252,0.1209,No hit,,,,
368,VIT_00s0179g00250,249,0.1196,No hit,,,,
369,VIT_00s2776g00010,246,0.1191,S-locus lectin protein kinase,,,,
370,VIT_17s0000g10260,245,0.1191,AarF domain containing kinase,K08869,,,
371,VIT_09s0054g00590,245,0.1188,No hit,,,,
372,VIT_03s0017g01220,241,0.1171,Polyadenylate-binding protein 2,K14396,,vv23015mRNA_surveillance_pathway,
373,VIT_18s0001g03860,234,0.1128,Unknown protein,,,,
374,VIT_12s0059g01080,234,0.1124,Acid phosphatase/vanadium-dependent haloperoxidase,,,,
375,VIT_01s0127g00220,232,0.1120,PMR5 (powdery mildew resistant 5),,,,
376,VIT_09s0002g05540,229,0.1106,ABC transporter g family pleiotropic drug resistance 12 PDR12,ABCGPDR12,,vv52010ABC_transporters,
377,VIT_13s0067g00110,227,0.1101,CYP72A1,K13400,,vv10902Monoterpenoid_biosynthesis,
378,VIT_18s0072g00260,227,0.1099,Ethylene-responsive transcription factor related to APETALA2 6,RAP2_6,VvERF114,vv30008Ethylene_signaling,vv60003AP2_EREBP
379,VIT_17s0000g06710,227,0.1096,Leucine-rich repeat transmembrane protein kinase,,,,
380,VIT_11s0016g04050,222,0.1072,No hit,,,,
381,VIT_01s0011g00530,216,0.1048,Ureide permease 2 (AtUPS2),UPS2,,vv50122Porters_cat_7_to_17,
382,VIT_01s0150g00410,216,0.1043,Unknown protein,,,,
383,VIT_19s0015g00020,215,0.1038,ABC transporter C member 9,K05033,,vv52010ABC_transporters,
384,VIT_00s0269g00170,216,0.1037,No hit,,,,
385,VIT_06s0009g00370,212,0.1026,U-box domain-containing protein,,,,
386,VIT_05s0051g00140,211,0.1026,RRS1 (resistant to ralstonia solanacearum 1),RRS1,,vv34627R_proteins_from_Plant-pathogen_interaction,
387,VIT_04s0008g06870,210,0.1017,Cytochrome b5 domain-containing protein,,,,
388,VIT_02s0033g00770,206,0.0994,Nitrilase 4B,E3_5_5_1,,vv10460Cyanoamino_acid_metabolism,vv10910Nitrogen_metabolism
389,VIT_08s0105g00280,204,0.0988,Ribosomal protein S8e,K02995,,vv23010Ribosome,
390,VIT_01s0011g06140,203,0.0988,Avr9/Cf-9 rapidly elicited protein,,,,
391,VIT_11s0016g03780,204,0.0983,Continuous vascular ring (COV1),COV1,,vv30003Auxin_signaling,
392,VIT_18s0001g12510,203,0.0981,5' nucleotidase,E3_1_3_5,,vv10230Purine_metabolism,vv10240Pyrimidine_metabolism
393,VIT_10s0042g00880,203,0.0980,Stilbene synthase [Vitis pseudoreticulata],E2_3_1_95,,vv10940Phenylpropanoid_biosynthesis,
394,VIT_13s0019g04440,200,0.0965,Zinc finger (C3HC4-type ring finger),ZFC3HC4_163,,vv60078Other_zf-C3HC4,
395,VIT_08s0032g00240,199,0.0963,CYP71A22,E1_14_13_73,,vv10902Monoterpenoid_biosynthesis,
396,VIT_07s0104g01260,197,0.0956,flavin-containing monooxygenase,E1_14_13_8,,vv11000Single_reactions,
397,VIT_17s0000g03560,198,0.0955,(myb domain protein 62,MYB62_1,MYB164,vv60044MYB,
398,VIT_14s0036g00480,194,0.0944,Tyrosyl-tRNA synthetase,E6_1_1_1,,vv10400Phenylalanine_tyrosine_and_tryptophan_biosynthesis,vv20970Aminoacyl-tRNA_biosynthesis
399,VIT_11s0016g01780,193,0.0927,HAB1 (homology toABI1),HAB1,,vv30001ABA_signaling,
400,VIT_19s0014g02010,192,0.0926,flavonol 3-O-glucosyltransferase-like protein,E2_4_1_91,,vv10941Flavonoid_biosynthesis,
401,VIT_12s0142g00570,192,0.0925,R protein disease resistance protein,RPROT,,vv34627R_proteins_from_Plant-pathogen_interaction,
402,VIT_03s0063g00700,191,0.0923,CXE carboxylesterase,E3_1_1_1,,,
403,VIT_18s0001g01210,189,0.0912,Senescence-inducible chloroplast stay-green protein 2,,,,
404,VIT_05s0077g01150,189,0.0907,Beta-1 3-glucanase,E3_2_1_6,,,
405,VIT_11s0016g01650,185,0.0895,Ankyrin repeat,,,,
406,VIT_17s0000g08210,182,0.0881,Zinc finger (C3HC4-type ring finger),ZFC3HC4_103,,vv60078Other_zf-C3HC4,
407,VIT_07s0031g01010<br>VIT_07s0031g01040<br>VIT_07s0031g01050,180,0.0875,
408,VIT_00s0762g00010,177,0.0855,S-locus lectin protein kinase family,,,,
409,VIT_00s0187g00020,176,0.0853,No hit,,,,
410,VIT_03s0088g01180,175,0.0849,Proline iminopeptidase,E3_4_11_5,,vv10330Arginine_and_proline_metabolism,
411,VIT_18s0075g00610,174,0.0841,Laccase,E1_10_3_2,,vv11000Single_reactions,vv50109Incompletely_characterized_transport_systems
412,VIT_12s0034g02220,172,0.0829,RKF3 (receptor-like kinase IN in flowers 3),,,,
413,VIT_19s0027g00860,170,0.0821,NAC domain-containing protein 42,NAC042_2,VvNAC31,vv60046NAC,
414,VIT_18s0001g01470,170,0.0820,No hit,,,,
415,VIT_12s0035g00920,168,0.0817,Unknown protein,,,,
416,VIT_17s0000g00800,165,0.0798,Zinc finger (DHHC type),ZFDHHC_11,,vv60079Other_zf-DHHC,
417,VIT_00s0264g00020,164,0.0796,Zinc finger (C3HC4-type ring finger),ZFC3HC4_156,,vv60078Other_zf-C3HC4,
418,VIT_19s0014g01330,162,0.0778,Peptide-N4-asparagine amidase A,E3_5_1_52,,,
419,VIT_11s0016g04770,156,0.0755,Unknown,,,,
420,VIT_05s0094g00170,151,0.0729,Protein transport protein Sec61 subunit beta,K09481,,vv23060Protein_export,vv24141Protein_processing_in_endoplasmic_reticulum
421,VIT_12s0028g02970,149,0.0724,MLO1,K08472,,,
422,VIT_03s0038g00130,149,0.0721,No hit,,,,
423,VIT_08s0007g04310,149,0.0719,Threonine dehydratase/deaminase,E4_3_1_19,,vv10260Glycine_serine_and_threonine_metabolism,vv10290Valine_leucine_and_isoleucine_biosynthesis
424,VIT_06s0009g03470,145,0.0699,Unknown protein,,,,
425,VIT_05s0020g03220,145,0.0698,S-receptor kinase,,,,
426,VIT_01s0011g04760,145,0.0698,Myb domain protein 4,MYB4_2,MYBC2-L1,vv60044MYB,
427,VIT_09s0002g00890,142,0.0689,Jasmonate ZIM-domain protein 1,JAZ1_2,,vv30011Jasmonate_signaling,vv60069ZIM
428,VIT_13s0067g01700,141,0.0681,Steroid 5alpha-reductase,K09591,,vv10905Brassinosteroid_biosynthesis,
429,VIT_05s0020g02200,138,0.0671,Inosine-uridine preferring nucleoside hydrolase,E3_2_2_1,,vv10230Purine_metabolism,vv10760Nicotinate_and_nicotinamide_metabolism
430,VIT_08s0040g03010,136,0.0664,Pigment defective 149,PDE149,,vv50109Incompletely_characterized_transport_systems,
431,VIT_02s0033g00270,137,0.0663,Pinoresinol-lariciresinol reductase,PLR,,vv10940Phenylpropanoid_biosynthesis,
432,VIT_02s0025g00540,136,0.0656,Unknown,,,,
433,VIT_07s0031g01120,135,0.0652,Ascorbate oxidase,E1_10_3_3,,vv10053Ascorbate_and_aldarate_metabolism,vv50109Incompletely_characterized_transport_systems
434,VIT_17s0000g06790,134,0.0649,flavin-containing monooxygenase,E1_14_13_8,,vv11000Single_reactions,
435,VIT_19s0085g00850,130,0.0633,LEM3 (ligand-effect modulator 3),LEM3,,vv50108Accessory_factors_involved_in_transport,
436,VIT_06s0004g05070,131,0.0630,Zinc transporter (ZIP2),ZIP2,,vv50121Porters_cat_1_to_6,
437,VIT_10s0116g01200,128,0.0620,WRKY DNA-binding protein 6,WRKY6_1,VvWRKY29,vv60066WRKY,
438,VIT_19s0027g00880,128,0.0619,NAC domain-containing protein 42,NAC042_7,VvNAC29,vv60046NAC,
439,VIT_17s0000g06220,127,0.0614,Exostosin,K02366,,vv11030Glycan_structures-biosynthesis1,
440,VIT_14s0171g00400,126,0.0612,Lysine histidine transporter 1,LHT1,,vv50123Porters_cat_18_to_29,
441,VIT_15s0048g00510,126,0.0612,Pectinesterase family,E3_1_1_11,,vv40006Cell_wall,
442,VIT_01s0011g00060,128,0.0611,No hit,,,,
443,VIT_14s0083g00900,124,0.0599,Aspartate aminotransferase,E2_6_1_1,vv10710Carbon_fixation,vv10252Alanine_and_aspartate_metabolism,vv10272Cysteine_metabolism
444,VIT_14s0066g01670,122,0.0592,Alpha-dioxygenase,K10529,,vv10592alpha-Linolenic_acid_metabolism,
445,VIT_19s0027g00870,121,0.0585,NAC domain-containing protein 42,NAC042_3,VvNAC30,vv60046NAC,
446,VIT_07s0005g00720,121,0.0584,Pectinesterase family,E3_1_1_11,,vv40006Cell_wall,
447,VIT_17s0000g02150,117,0.0567,Ribosomal protein L19,K02884,,vv23010Ribosome,
448,VIT_07s0005g04890,117,0.0564,Glutathione S-transferase 25 GSTU7,E2_5_1_18_GSTU7,,vv10480Glutathione_metabolism,
449,VIT_18s0076g00380,116,0.0561,ABC transporter F member 6,ABCF6,,vv52010ABC_transporters,
450,VIT_18s0166g00230,115,0.0558,S-receptor kinase,,,,
451,VIT_19s0014g01150,115,0.0553,Curculin (mannose-binding) lectin,,,,
452,VIT_05s0062g00980,114,0.0553,Aldo/keto reductase AKR,E1_1_1_21,,vv10040Pentose_glucuronate_interconversion,vv10051Fructose_and_mannose_metabolism
453,VIT_07s0005g02190,112,0.0543,Zinc finger (C2H2 type) family,C2H2FAM_36,,vv60017C2H2,
454,VIT_18s0001g07870,111,0.0534,Unknown protein,,,,
455,VIT_05s0049g00640,110,0.0532,Unknown,,,,
456,VIT_14s0108g00930,110,0.0531,Unknown protein,,,,
457,VIT_03s0091g00130,109,0.0531,Prp27,,,,
458,VIT_02s0012g01560,110,0.0529,No hit,,,,
459,VIT_13s0064g01120,108,0.0523,No hit,,,,
460,VIT_01s0137g00220,107,0.0516,ALB4 (ALBINA 4),K03217,,vv23060Protein_export,vv50122Porters_cat_7_to_17
461,VIT_17s0000g00940,107,0.0516,F-box protein,,,,
462,VIT_09s0002g05810,105,0.0509,Boron transporter-like protein 4,BOR4,,vv50124Porters_cat_30_to_64,
463,VIT_01s0146g00480,104,0.0507,TIFY 9 (Jasmonate ZIM domain-containing protein 10),JAZ10,,vv30011Jasmonate_signaling,vv60069ZIM
464,VIT_18s0164g00140,103,0.0495,No hit,,,,
465,VIT_09s0002g06060,101,0.0489,U3 small nucleolar RNA-associated protein 5,K14546,,vv23008Ribosome_biogenesis_in_Eukaryotes,
466,VIT_00s0347g00050,100,0.0488,Ser/Thr receptor-like kinase1,,,,
467,VIT_18s0117g00030,100,0.0483,No hit,,,,
468,VIT_04s0008g05970,99,0.0480,Unknown protein,,,,
469,VIT_05s0020g04280,97,0.0469,Ca2+-ATPase 13 ACA13  plasma membrane,K01537,,vv34020Calcium_signaling_pathway,vv50131Primary_active_transporter_cat_A2_to_A4
470,VIT_17s0000g08200,97,0.0468,Phosphoglycerate/bisphosphoglycerate mutase,E5_4_2_1,,vv10010Glycolysis,
471,VIT_18s0001g00690,95,0.0459,Glutathione S-transferase 8 GSTF8,E2_5_1_18_GSTF8,,vv10480Glutathione_metabolism,
472,VIT_09s0054g00960,94,0.0451,No hit,,,,
473,VIT_04s0069g01000,91,0.0440,Drug/metabolite transporter DMT family transporter,DMT,,vv50122Porters_cat_7_to_17,
474,VIT_09s0054g00370,88,0.0429,Mannosyl-oligosaccharide 1 2-alpha-mannosidase IA,E3_2_1_113,,vv10510N-Glycan_biosynthesis,vv11030Glycan_structures-biosynthesis1
475,VIT_00s0437g00060,87,0.0420,Receptor kinase RK20-1,,,,
476,VIT_14s0108g01440,85,0.0411,Unknown protein,,,,
477,VIT_14s0128g00940,84,0.0404,No hit,,,,
478,VIT_14s0060g02170,83,0.0403,Glutathione S-transferase GSTU8,E2_5_1_18_GSTU8,,vv10480Glutathione_metabolism,
479,VIT_16s0098g00460,82,0.0399,Lipase class 3,,,,
480,VIT_01s0011g05930,81,0.0390,S-adenosyl-L-methionine:carboxyl methyltransferase,,,,
481,VIT_07s0005g02560,80,0.0386,Chitinase Class I,E3_2_1_14,,vv10530Aminosugars_metabolism,
482,VIT_00s0420g00030,79,0.0382,S-locus lectin protein kinase,,,,
483,VIT_18s0075g00530,79,0.0381,Laccase,E1_10_3_2,,vv11000Single_reactions,vv50109Incompletely_characterized_transport_systems
484,VIT_12s0059g02600,78,0.0378,Receptor protein kinase RK20-1,,,,
485,VIT_06s0061g00100,78,0.0378,Glucan endo-1 3-beta-glucosidase  acidic isoform precursor,E3_2_1_39,,vv10500Starch_and_sucrose_metabolism,
486,VIT_03s0091g00140,78,0.0377,Plant basic secretory protein (BSP) family,,,,
487,VIT_07s0104g01650,77,0.0374,HAK5 (High affinity K+ transporter 5),HAK5,,vv50125Porters_cat_66_to_94,
488,VIT_11s0103g00250,75,0.0362,Carboxyl methylase,,,,
489,VIT_06s0061g00120,75,0.0361,Beta-1 3-glucanase [Vitis riparia],E3_2_1_6,,,
490,VIT_18s0117g00060,74,0.0357,R protein L6,K13477,,vv34627R_proteins_from_Plant-pathogen_interaction,
491,VIT_05s0020g03980,73,0.0353,Calmodulin-binding region IQD19,,,,
492,VIT_08s0058g01450,72,0.0348,STN8 (state transition 8),,,,
493,VIT_11s0052g00610,72,0.0348,Homogenitisate geranylgeranyl transferase,K09833,,vv10100Biosynthesis_of_steroids,
494,VIT_15s0021g02090,70,0.0338,DnaJ homolog  subfamily A  member 2,K09503,,vv50132Primary_active_transporter_cat_A5_to_A8,
495,VIT_07s0005g03760,70,0.0336,Phytochelatin synthase 1 (PCS1),E2_3_2_15,,vv10251Glutamate_metabolism,
496,VIT_01s0011g05420,69,0.0334,Fw2.2 ORFX,,,,
497,VIT_13s0019g03990,69,0.0333,Unknown protein,,,,
498,VIT_18s0001g00420,67,0.0324,Laccase,E1_10_3_2,,vv11000Single_reactions,vv50109Incompletely_characterized_transport_systems
499,VIT_12s0057g01100,67,0.0323,Nudix hydrolase 2,,,,
500,VIT_01s0026g01730,67,0.0321,WRKY DNA-binding protein 72,WRKY72_1,VvWRKY02,vv60066WRKY,
501,VIT_10s0003g03090,67,0.0321,3-beta hydroxysteroid dehydrogenase,E1_1_1_145,,vv10140C21-Steroid_hormone_metabolism,
502,VIT_13s0084g00850<br>VIT_13s0084g00880,66,0.0321,
503,VIT_00s0508g00010,66,0.0318,No hit,,,,
504,VIT_01s0026g00220,66,0.0317,Aldehyde dehydrogenase 1 precursor,E1_2_1_3,vv10561Glycerolipid_metabolism,vv10010Glycolysis,vv10071Fatty_acid_metabolism
505,VIT_05s0020g03550,65,0.0314,Lactoylglutathione lyase,E4_4_1_5,,vv10620Pyruvate_metabolism,
506,VIT_09s0096g01010,64,0.0311,RPP27 (resistance to peronospora parasitica 27),,,,
507,VIT_17s0000g05810,64,0.0309,WRKY DNA-binding protein 72,WRKY72_2,VvWRKY53,vv60066WRKY,
508,VIT_18s0086g00410,64,0.0308,Auxin-binding protein ABP19,ABP19,,vv30003Auxin_signaling,
509,VIT_17s0000g00200,62,0.0300,Ethylene-responsive transcription factor ERF114,ERF114_1,VvERF118,vv30008Ethylene_signaling,vv60003AP2_EREBP
510,VIT_02s0025g04270<br>VIT_02s0025g04260<br>VIT_02s0025g04230,62,0.0299,
511,VIT_14s0030g00470,61,0.0294,Stress regulated protein isoform 3,,,,
512,VIT_18s0001g06400,61,0.0294,No hit,,,,
513,VIT_01s0011g01350,59,0.0287,No hit,,,,
514,VIT_11s0016g04940,59,0.0284,Zinc finger (CCCH-type) family protein,CCCHFAM_12,,vv60018C3H,
515,VIT_07s0104g01670,59,0.0284,HAK5 (High affinity K+ transporter 5),HAK5,,vv50125Porters_cat_66_to_94,
516,VIT_06s0004g02030,58,0.0283,Xanthine dehydrogenase/oxidase,E1_17_1_4,,vv10230Purine_metabolism,vv44146Peroxisome
517,VIT_16s0050g02220,58,0.0280,Acidic endochitinase (CHIB1),E3_2_1_14,,vv10530Aminosugars_metabolism,
518,VIT_06s0009g00970,57,0.0276,Thylakoid lumenal P17.1 protein,,,,
519,VIT_18s0001g03990,57,0.0275,Stearoyl-ACP desaturase,E1_14_19_2,,vv11040Biosynthesis_of_unsaturated_fatty_acids,
520,VIT_16s0039g00660,56,0.0272,RNA polymerase nonessential primary-like sigma factor SIGA,K03087,,vv23020RNA_polymerase,vv60057Sigma70-like
521,VIT_09s0002g02570,56,0.0269,No hit,,,,
522,VIT_14s0068g01000,56,0.0268,Unknown protein,,,,
523,VIT_06s0004g06480,55,0.0268,CYP71E,E1_14_13_73,,vv10902Monoterpenoid_biosynthesis,
524,VIT_03s0091g00150,55,0.0266,NtPRp27 secretory protein,,,,
525,VIT_08s0007g08560,55,0.0266,Cytoplasmic tRNA 2-thiolation protein 2,K14169,,vv24122Sulfur_relay_system,
526,VIT_01s0010g00540,55,0.0265,BIM2 (BES1-interacting Myc-like protein 2,BIM2_2,,vv30005Brassinosteroids_signaling,vv60011BHLH
527,VIT_02s0025g04290,54,0.0262,Thaumatin,,,,
528,VIT_17s0000g00680,54,0.0261,No hit,,,,
529,VIT_01s0010g02350,54,0.0260,Protein phosphatase 2 (formerly 2A)  regulatory subunit B',K11584,,vv23015mRNA_surveillance_pathway,
530,VIT_12s0057g01260,52,0.0253,Unknown protein,,,,
531,VIT_04s0008g00640,52,0.0251,Epsin N-terminal homology (ENTH) domain-containing,ENTH,,vv50110Protein_coat,
532,VIT_18s0001g01820,52,0.0251,NAC domain-containing protein 17,NAC017,VvNAC15,vv60046NAC,
533,VIT_13s0019g01490,51,0.0247,C2 domain-containing protein,,,,
534,VIT_08s0105g00450,51,0.0246,Transducin protein,,,,
535,VIT_16s0098g00910,50,0.0243,No hit,,,,
536,VIT_01s0011g03650,50,0.0242,Map kinase substrate 1 MKS1,,,,
537,VIT_00s0250g00090,50,0.0242,Oxidoreductase  2OG-Fe(II) oxygenase,,,,
538,VIT_11s0016g00530,50,0.0241,Adrenodoxin ferredoxin 2,K04755,,,
539,VIT_16s0050g01890,50,0.0241,Unknown,,,,
540,VIT_05s0077g00450,50,0.0241,Ribosomal protein S1 30S,K02945,,vv23010Ribosome,
541,VIT_02s0025g03690,49,0.0238,RNA-binding protein NOB1,K11883,,vv23008Ribosome_biogenesis_in_Eukaryotes,
542,VIT_16s0050g01090,49,0.0238,Beta-carotene hydroxylase,K02294,,vv10906Carotenoid_biosynthesis,
543,VIT_16s0050g02510,49,0.0237,WRKY DNA-binding protein 53,WRKY53_1,VvWRKY51,vv60066WRKY,
544,VIT_02s0025g04250,49,0.0237,Osmotin,,,,
545,VIT_05s0062g01190,48,0.0233,Pirin,,,,
546,VIT_04s0023g01830,47,0.0227,U3 small nucleolar RNA-associated protein 22,K14544,,vv23008Ribosome_biogenesis_in_Eukaryotes,
547,VIT_03s0038g02520,45,0.0217,Aquaporin PIP3,PIP3,,vv50101Channels_and_pores,
548,VIT_19s0014g01530,45,0.0217,Protein kinase,,,,
549,VIT_09s0002g06400,43,0.0208,No hit,,,,
550,VIT_10s0003g04040,42,0.0203,Mitochondrial transcription termination factor,MTERF_17,,vv60085MTERF,
551,VIT_07s0151g01070,42,0.0203,Copalyl diphosphate synthase,E5_5_1_12,,vv10904Diterpenoid_biosynthesis,
552,VIT_04s0043g00380,41,0.0200,Unknown protein,,,,
553,VIT_17s0000g00400,41,0.0197,Phosphate carrier protein,MPHOSPTR,,vv50123Porters_cat_18_to_29,
554,VIT_16s0100g00430,40,0.0194,ARR2 type-B response regulator,ARR2_1,,vv30007Cytokinin_signaling,vv60006ARR-B
555,VIT_12s0055g00770,40,0.0193,SWAP (Suppressor-of-White-APricot),,,,
556,VIT_06s0009g02570,39,0.0188,Pectinesterase family,E3_1_1_11,,vv40006Cell_wall,
557,VIT_01s0010g03680,38,0.0183,Unknown protein,,,,
558,VIT_08s0007g09010,37,0.0179,Esterase,E3_1_2_12,,vv10680Methane_metabolism,
559,VIT_08s0007g05970,36,0.0175,Purple acid phosphatase 16 ATPAP16/PAP16,E3_1_3_2,,vv10740Riboflavin_metabolism,
560,VIT_18s0041g02170,36,0.0175,Peptidoglycan-binding LysM:Cell wall hydrolase  SleB precursor,,,,
561,VIT_10s0003g04050,36,0.0175,Unknown protein,,,,
562,VIT_18s0041g00670,36,0.0174,Proton-dependent oligopeptide transport (POT) family protein,POT,,vv50122Porters_cat_7_to_17,
563,VIT_04s0008g01040,36,0.0174,Lysine decarboxylase,E4_1_1_18,,vv10300Lysine_biosynthesis,
564,VIT_01s0011g05440,36,0.0174,Unknown protein,,,,
565,VIT_10s0003g05250,36,0.0173,Germin-like protein,,,,
566,VIT_04s0023g02900,34,0.0165,Ferulate-5-hydroxylase,K09755,,vv10940Phenylpropanoid_biosynthesis,
567,VIT_18s0001g08810,34,0.0165,Unknown protein,,,,
568,VIT_06s0004g00130,33,0.0160,Pyruvate kinase,E2_7_1_40,,vv10010Glycolysis,vv10230Purine_metabolism
569,VIT_05s0049g00460,33,0.0160,Basic helix-loop-helix ILR3,ILR3_3,,vv11002Auxin_biosynthesis,vv60011BHLH
570,VIT_16s0022g00700,33,0.0159,Pectinesterase family,E3_1_1_11,,vv40006Cell_wall,
571,VIT_18s0001g12500,33,0.0158,Unknown protein,,,,
572,VIT_09s0002g01320,32,0.0156,Germin-like protein,,,,
573,VIT_18s0117g00590,32,0.0154,Laccase,E1_10_3_2,,vv11000Single_reactions,vv50109Incompletely_characterized_transport_systems
574,VIT_01s0011g01280,32,0.0154,Zinc transporter ZIP5,ZIP5,,vv50121Porters_cat_1_to_6,
575,VIT_02s0033g01400,32,0.0154,Alternative oxidase 1a  (AOX1A),AOX1A,,vv30001ABA_signaling,
576,VIT_18s0075g00630,31,0.0151,Laccase,E1_10_3_2,,vv11000Single_reactions,vv50109Incompletely_characterized_transport_systems
577,VIT_17s0000g06880,31,0.0150,Heparanase protein 2 precursor,E3_2_1_31,,vv10040Pentose_glucuronate_interconversion,vv10500Starch_and_sucrose_metabolism
578,VIT_16s0013g01500,31,0.0150,Disease resistance protein,,,,
579,VIT_12s0035g02210,31,0.0149,Unknown protein,,,,
580,VIT_14s0036g00330,30,0.0145,RPS2 (resistant to p. syringae 2),K13459,,vv34626Plant-pathogen_interaction,
581,VIT_14s0030g02150,29,0.0141,Calmodulin,K02183,,vv34020Calcium_signaling_pathway,vv34626Plant-pathogen_interaction
582,VIT_13s0019g03970,29,0.0141,Ribosomal protein P0 (RPP0A) acidic 60S,K02941,,vv23010Ribosome,
583,VIT_08s0007g01230,29,0.0139,Lectin protein kinase,,,,
584,VIT_09s0096g00480,28,0.0136,Potassium channel SKOR,SKOR,,vv50101Channels_and_pores,
585,VIT_02s0033g00840,28,0.0136,Nitrilase 4B,E3_5_5_1,,vv10460Cyanoamino_acid_metabolism,vv10910Nitrogen_metabolism
586,VIT_01s0026g01040,28,0.0136,Unknown protein,,,,
587,VIT_05s0094g00360,28,0.0135,Chitinase class IV,E3_2_1_14,,vv10530Aminosugars_metabolism,
588,VIT_10s0003g00790,27,0.0131,Glutamate receptor protein,GLR2_7,,vv50101Channels_and_pores,
589,VIT_09s0002g03700,27,0.0130,No hit,,,,
590,VIT_09s0002g05390,27,0.0130,ABC transporter g family pleiotropic drug resistance 12 PDR12,ABCGPDR12,,vv52010ABC_transporters,
591,VIT_14s0108g01490,26,0.0127,Pentatricopeptide (PPR) repeat-containing protein,,,,
592,VIT_16s0013g01590,26,0.0126,No hit,,,,
593,VIT_00s0437g00070,26,0.0125,Receptor kinase RK20-1,,,,
594,VIT_01s0146g00440,25,0.0121,Unknown protein,,,,
595,VIT_15s0046g02220,25,0.0121,ACC synthase,E4_4_1_14,,vv10640Propanoate_metabolism,vv30008Ethylene_signaling
596,VIT_07s0005g04400,24,0.0116,Photosystem II reaction centre W (PsbW),K08903,,vv10195Photosynthesis,vv50135Primary_active_transporter_cat_D3_to_E2
597,VIT_05s0020g03890,24,0.0116,Kinase interacting,,,,
598,VIT_06s0009g02020,24,0.0116,Tubulin beta-4 chain,K07375,,vv44145Phagosome,vv44810Regulation_of_actin_cytoskeleton
599,VIT_04s0008g05540,24,0.0115,Clathrin assembly protein 2,CAP2,,vv50110Protein_coat,
600,VIT_05s0029g00480,23,0.0112,Eceriferum 2 (CER2),,,,
601,VIT_00s0409g00050,23,0.0111,Receptor-like serine-threonine protein kinase,,,,
602,VIT_06s0004g07350,22,0.0107,Substrate carrier  Mitochondrial,K03454,,vv50123Porters_cat_18_to_29,
603,VIT_10s0042g00590,22,0.0107,Leucine-rich repeat receptor-like protein kinase 1,,,,
604,VIT_07s0031g01380,22,0.0106,ferulate 5-hydroxylase,K09755,,vv10940Phenylpropanoid_biosynthesis,
605,VIT_17s0053g01070,22,0.0106,DNA excision repair protein ERCC-6,K10841,,vv23420Nucleotide_excision_repair,
606,VIT_18s0001g15150,22,0.0106,Unknown protein,,,,
607,VIT_11s0118g00040,22,0.0106,Receptor Like Protein 9,,,,
608,VIT_12s0055g00340,21,0.0102,WRKY DNA-binding protein 9,WRKY9,VvWRKY39,vv60066WRKY,
609,VIT_11s0016g05460,21,0.0102,BRI1-KD interacting protein,BRI1INT,,vv30005Brassinosteroids_signaling,
610,VIT_02s0033g00790,21,0.0102,Nitrilase 4B,E3_5_5_1,,vv10460Cyanoamino_acid_metabolism,vv10910Nitrogen_metabolism
611,VIT_19s0014g02850,21,0.0101,Dynein light subunit lc6  flagellar outer arm,K10418,,vv44810Regulation_of_actin_cytoskeleton,
612,VIT_18s0166g00260,20,0.0097,No hit,,,,
613,VIT_14s0083g00080,20,0.0097,Unknown protein,,,,
614,VIT_01s0026g02640,20,0.0097,UbiE/COQ5 methyltransferase,K06127,,vv10130Ubiquinone_biosynthesis,
615,VIT_12s0055g01270,20,0.0097,Somatic embryogenesis receptor kinase 1 SERK1,,,,
616,VIT_02s0012g02340,19,0.0093,CYP76C4,,,,
617,VIT_11s0016g02780,19,0.0092,Myb domain protein 68,MYB68_1,MYB154,vv60044MYB,
618,VIT_16s0039g01650,19,0.0092,Transporter-related,TRANSPORTERUNK,,vv50109Incompletely_characterized_transport_systems,
619,VIT_11s0016g00560,18,0.0087,Peroxiredoxin bcp,E1_11_1_15,,,
620,VIT_00s0324g00060,17,0.0082,UDP-glycosyltransferase 85A8,,,,
621,VIT_17s0000g04230,17,0.0082,Translation initiation factor eIF-2B delta subunit,K03680,,vv23013RNA_transport,
622,VIT_12s0055g01240,16,0.0077,P-glycoprotein 11,PGP11,,vv52010ABC_transporters,
623,VIT_09s0096g00950,16,0.0077,No hit,,,,
624,VIT_11s0016g03320,16,0.0077,Oligosaccharyl transferase STT3 subunit,K07151,,vv10510N-Glycan_biosynthesis,vv24141Protein_processing_in_endoplasmic_reticulum
625,VIT_12s0035g02270,15,0.0073,Unknown protein,,,,
626,VIT_08s0007g07390,15,0.0073,Unknown protein,,,,
627,VIT_15s0048g01530,15,0.0072,Geraniol 10-hydroxylase,G10H,,vv10902Monoterpenoid_biosynthesis,
628,VIT_14s0066g00760,15,0.0072,Disease resistance protein (NBS-LRR class),,,,
629,VIT_13s0019g01440,15,0.0072,No hit,,,,
630,VIT_17s0000g07640,15,0.0072,Mannose-1-phosphate guanyltransferase,E2_7_7_23,,vv10530Aminosugars_metabolism,
631,VIT_02s0025g04300,15,0.0072,Thaumatin,,,,
632,VIT_19s0014g04450,14,0.0068,S-locus protein kinase,,,,
633,VIT_14s0068g02110,14,0.0068,Sulfite oxidase,E1_8_3_1,,vv10920Sulfur_metabolism,
634,VIT_06s0004g07250,14,0.0068,UDP-glucoronosyl and UDP-glucosyl transferase,,,,
635,VIT_13s0156g00570,14,0.0068,S-receptor kinase,,,,
636,VIT_04s0008g06930,13,0.0063,Transposase  IS4,,,,
637,VIT_18s0001g04870,13,0.0063,(-)-germacrene D synthase,E4_2_3_22,,vv10900Terpenoid_biosynthesis,
638,VIT_08s0040g01020,13,0.0063,DNA helicase SNF2 domain-containing protein,SNF2HEL_9,,vv60058SNF2,
639,VIT_13s0019g02350,13,0.0063,Glycoprotein  Mitochondrial,,,,
640,VIT_19s0090g01290,13,0.0063,Serine/threonine-protein phosphatase PP-X isozyme 2,K01090,,,
641,VIT_17s0119g00150,13,0.0063,Alpha-amylase/subtilisin inhibitor,E3_2_1_1,,vv10500Starch_and_sucrose_metabolism,
642,VIT_15s0021g01130,13,0.0063,Rho GTPase; Rho GTP binding protein,E3_6_5_1,,,
643,VIT_14s0060g00460,13,0.0063,Receptor-like protein kinase,,,,
644,VIT_10s0116g00860,13,0.0063,Cardiolipin synthase,K06131,,vv10564Glycerophospholipid_metabolism,
645,VIT_18s0001g10760,13,0.0063,Strictosidine synthase,E4_3_3_2,,vv10900Terpenoid_biosynthesis,vv10902Monoterpenoid_biosynthesis
646,VIT_17s0000g04420,12,0.0058,Wall-associated kinase 2 (WAK2),,,,
647,VIT_17s0000g04850,12,0.0058,OBF binding protein 4,OBP4,,vv60015C2C2-DOF,
648,VIT_17s0000g05240,12,0.0058,Nuclear transport factor 2 (NTF2),NTF2,,vv50133Primary_active_transporter_cat_A9_to_A18,
649,VIT_12s0028g01400,12,0.0058,DNA-directed RNA polymerase II subunit D,K03012,,vv23020RNA_polymerase,
650,VIT_00s0616g00020,12,0.0058,Ribosomal protein L19,K02884,,vv23010Ribosome,
651,VIT_14s0081g00720,12,0.0058,Basic helix-loop-helix (bHLH) family,BHLHDOM_9,,vv60011BHLH,
652,VIT_06s0009g00760,12,0.0058,HcrVf1 protein,,,,
653,VIT_02s0087g01010,12,0.0058,CRK10 (cysteine-rich RLK10),,,,
654,VIT_14s0060g02710,12,0.0058,Germin,,,,
655,VIT_13s0019g00310,12,0.0058,ABC transporter B member 20,ABCB20,,vv52010ABC_transporters,
656,VIT_05s0062g00990,12,0.0058,Aldo/keto reductase AKR,E1_1_1_21,,vv10040Pentose_glucuronate_interconversion,vv10051Fructose_and_mannose_metabolism
657,VIT_02s0033g01390,11,0.0053,No hit,,,,
658,VIT_00s0194g00140,11,0.0053,Agenet domain-containing protein,,,,
659,VIT_10s0003g05640,10,0.0049,UDP-arabinose 4-epimerase 3,E5_1_3_5,,vv10520Nucleotide_sugars_metabolism,
660,VIT_07s0104g01730,10,0.0048,HAK5 (High affinity K+ transporter 5),HAK5,,vv50125Porters_cat_66_to_94,
661,VIT_00s0145g00110,10,0.0048,Pirin,K06911,,,
662,VIT_13s0074g00510,10,0.0048,ATP-dependent RNA helicase,,,,
663,VIT_18s0001g15230,9,0.0044,Unknown,,,,
664,VIT_19s0085g00390,9,0.0044,Unknown protein,,,,
665,VIT_05s0029g00060,9,0.0044,Myb UNE16 (unfertilized embryo sac 16),UNE16_1,,vv60029G2-like,
666,VIT_03s0038g03810,9,0.0044,Serine/threonine Protein kinase BNK1,,,,
667,VIT_14s0081g00640,9,0.0044,Aspartate aminotransferase,E2_6_1_1,vv10710Carbon_fixation,vv10252Alanine_and_aspartate_metabolism,vv10272Cysteine_metabolism
668,VIT_00s0746g00010<br>VIT_00s0871g00010<br>VIT_16s0013g01420<br>VIT_00s0655g00020,9,0.0044,
669,VIT_07s0005g00470,9,0.0044,Brix domain-containing protein,,,,
670,VIT_00s0370g00010,9,0.0044,LRR receptor-like serine/threonine-protein kinase,,,,
671,VIT_17s0000g02930,9,0.0044,Glutathione S-transferase 25 GSTU7,E2_5_1_18_GSTU7,,vv10480Glutathione_metabolism,
672,VIT_18s0075g00830,9,0.0044,Laccase,E1_10_3_2,,vv11000Single_reactions,vv50109Incompletely_characterized_transport_systems
673,VIT_07s0031g02400,9,0.0044,Amino acid permease,AAPREL,,vv50123Porters_cat_18_to_29,
674,VIT_08s0007g04020,9,0.0044,AT-hook protein 1 (AHP1),HMGIY_1,,vv60035HMG,
675,VIT_14s0083g00460,9,0.0044,Tryptophan synthase beta chain 2,E4_2_1_20,,vv10400Phenylalanine_tyrosine_and_tryptophan_biosynthesis,
676,VIT_12s0055g01280,9,0.0043,Brassinosteroid insensitive 1-associated receptor kinase 1,BAK1,,vv30005Brassinosteroids_signaling,vv34626Plant-pathogen_interaction
677,VIT_02s0025g01420,9,0.0043,Preprotein translocase YidC subunit,K03217,,vv23060Protein_export,vv50122Porters_cat_7_to_17
678,VIT_12s0028g02110,9,0.0043,Unknown protein,,,,
679,VIT_09s0002g00410,9,0.0043,No hit,,,,
680,VIT_14s0068g02240,9,0.0043,HcrVf1 protein,K13466,,vv34626Plant-pathogen_interaction,
681,VIT_18s0117g00450<br>VIT_18s0117g00480,9,0.0043,
682,VIT_18s0001g08820,9,0.0043,Unknown protein,,,,
683,VIT_06s0004g01580,7,0.0034,Lipoxygenase,E1_13_11_12,,vv10592alpha-Linolenic_acid_metabolism,
684,VIT_03s0038g02490,7,0.0034,SKP1,K03094,,vv24120Ubiquitin_mediated_proteolysis,vv24141Protein_processing_in_endoplasmic_reticulum
685,VIT_09s0002g08460,7,0.0034,8-amino-7-oxononanoate synthase,E2_3_1_47,,vv10780Biotin_metabolism,
686,VIT_14s0030g02050,7,0.0034,Auxin-induced protein PCNT115,AUXREG,,vv30003Auxin_signaling,
687,VIT_17s0000g05210,7,0.0034,LNG1 (LONGIFOLIA1),,,,
688,VIT_00s2634g00010<br>VIT_00s0429g00010,7,0.0034,
689,VIT_01s0011g00990,7,0.0034,RPM1 (resistance to p. syringae pv maculicola 1),K13457,,vv34626Plant-pathogen_interaction,
690,VIT_05s0049g00500,6,0.0029,Ethylene-responsive transcription factor ERF098,ERF098_2,VvERF110,vv30008Ethylene_signaling,vv60003AP2_EREBP
691,VIT_01s0010g01130,6,0.0029,6-phosphogluconate dehydrogenase,E1_1_1_44,,vv10030Pentose_phosphate,
692,VIT_12s0057g00990,6,0.0029,Beta 1 2 N-acetylglucosaminyltransferase,E2_4_1_143,,vv10510N-Glycan_biosynthesis,vv11030Glycan_structures-biosynthesis1
693,VIT_01s0011g03310,6,0.0029,Unknown protein,,,,
694,VIT_16s0098g00720,6,0.0029,Lectin protein kinase,,,,
695,VIT_03s0038g01820,6,0.0029,Translocon-associated protein alpha TRAP complex,K13249,,vv24141Protein_processing_in_endoplasmic_reticulum,vv50133Primary_active_transporter_cat_A9_to_A18
696,VIT_10s0116g00070,6,0.0029,Unknown,,,,
697,VIT_07s0104g01770,6,0.0029,RNA recognition motif (RRM)-containing,,,,
698,VIT_18s0001g00650,6,0.0029,No hit,,,,
699,VIT_13s0156g00160,6,0.0029,Unknown,,,,
700,VIT_04s0044g00400,6,0.0029,MTN21,MTN21,,vv50122Porters_cat_7_to_17,
701,VIT_11s0016g01860,6,0.0029,RPS2 (resistant to p. syringae 2),K13459,,vv34626Plant-pathogen_interaction,
702,VIT_05s0020g03380,6,0.0029,WNK1 (with no lysine (K) 1),WNK1,,vv34710Circadian_rhythm,
703,VIT_18s0001g01850,6,0.0029,Amino acid permease,AAPREL,,vv50123Porters_cat_18_to_29,
704,VIT_06s0004g02590,6,0.0029,Carbonic anhydrase,E4_2_1_1,,vv10910Nitrogen_metabolism,vv50124Porters_cat_30_to_64
705,VIT_00s0286g00050,6,0.0029,S-locus protein kinase,,,,
706,VIT_13s0156g00580,6,0.0029,S-receptor kinase,,,,
707,VIT_10s0003g01390,6,0.0029,Cupin  RmlC-type,,,,
708,VIT_03s0017g01400,6,0.0029,Adhesive/proline-rich protein,,,,
709,VIT_07s0005g00420,6,0.0029,Zinc finger (C3HC4-type ring finger),ZFC3HC4_195,,vv60078Other_zf-C3HC4,
710,VIT_19s0014g02390,6,0.0029,No hit,,,,
711,VIT_15s0046g00440,6,0.0029,Phosphatidylinositol 3- and 4-kinase / ubiquitin,,,,
712,VIT_06s0009g03300,6,0.0029,HcrVf1 protein,,,,
713,VIT_19s0085g00020,6,0.0029,Nucleolar complex protein 3 homolog (Protein NOC3 homolog),,,,
714,VIT_07s0191g00030,6,0.0029,RAB GTPase RABA4A,K07976,,,
715,VIT_13s0067g01450,6,0.0029,Lateral organ boundaries domain 21,LBD21,,vv60007AS2,
716,VIT_08s0058g01290,5,0.0024,Protein kinase AtSIK,,,,
717,VIT_00s0187g00010,5,0.0024,No hit,,,,
718,VIT_19s0090g00600,4,0.0020,No hit,,,,
719,VIT_06s0004g02020,4,0.0019,No hit,,,,
720,VIT_02s0154g00160,4,0.0019,flavin-containing monooxygenase family protein / FMO family protein,E1_14_13_8,,vv11000Single_reactions,
721,VIT_09s0002g05130,3,0.0015,Zinc finger (C3HC4-type ring finger),ZFC3HC4_53,,vv60078Other_zf-C3HC4,
722,VIT_01s0026g02400,3,0.0015,Glutathione S-transferase 10 GSTU10,E2_5_1_18_GSTU10,,vv10480Glutathione_metabolism,
723,VIT_18s0166g00060,3,0.0015,No hit,,,,
724,VIT_14s0006g02250,3,0.0015,No hit,,,,
725,VIT_02s0012g01680,3,0.0015,Trehalose phosphatase 5,E3_1_3_12,,vv10500Starch_and_sucrose_metabolism,
726,VIT_02s0025g01330,3,0.0015,Polygalacturonase GH28,E3_2_1_15,,vv40006Cell_wall,
727,VIT_18s0001g01110,3,0.0015,Monooxygenase (MO2),,,,
728,VIT_18s0001g05410,3,0.0015,No hit,,,,
729,VIT_17s0000g02920,3,0.0015,Glutathione S-transferase 25 GSTU7,E2_5_1_18_GSTU7,,vv10480Glutathione_metabolism,
730,VIT_18s0001g02970,3,0.0015,Glucose-6-phosphate/phosphate translocator related,GPTREL,,vv50122Porters_cat_7_to_17,
731,VIT_18s0001g13570,3,0.0015,Calcium ion binding protein,,,,
732,VIT_17s0000g04380,3,0.0015,Wall-associated kinase 1 (WAK1),,,,
733,VIT_10s0116g01450,3,0.0015,Unknown,,,,
734,VIT_15s0046g02560,3,0.0015,GLABRA 3,GLABRA3,,vv44110Cell_cycle,vv60011BHLH
735,VIT_01s0010g02010,3,0.0015,Anionic peroxidase,E1_11_1_7,,vv10360Phenylalanine_metabolism,vv10680Methane_metabolism
736,VIT_03s0038g03230,3,0.0015,1-acyl-sn-glycerol-3-phosphate acyltransferase zeta precursor,E2_3_1_51,,vv10561Glycerolipid_metabolism,vv10564Glycerophospholipid_metabolism
737,VIT_07s0141g00930,3,0.0015,33 kDa secretory protein,,,,
738,VIT_15s0048g02070,3,0.0015,BON2-associated protein (BAP2),,,,
739,VIT_16s0098g01830,3,0.0015,Transcription factor jumonji (jmjC) domain-containing protein,JMJD1B_3,,vv60038Jumonji,
740,VIT_08s0007g05580,3,0.0015,Embryo-abundant protein,,,,
741,VIT_12s0059g01660,3,0.0015,3-oxoacyl-[acyl-carrier-protein] synthase II,E2_3_1_179,,vv10061Fatty_acid_biosynthesis,
742,VIT_08s0007g08410,3,0.0015,4 5-DOPA dioxygenase extradiol,DODA,,vv10350Tyrosine_metabolism,
743,VIT_09s0002g00790,3,0.0015,Beta-ketoacyl-ACP synthase II,E2_3_1_41,,vv10061Fatty_acid_biosynthesis,
744,VIT_16s0148g00020,3,0.0015,Ser/Thr receptor-like kinase1,,,,
745,VIT_09s0002g00510,3,0.0015,Lipase GDSL 1,,,,
746,VIT_07s0031g00620,3,0.0015,Zeaxanthin epoxidase (ZEP) (ABA1),E1_14_13_90_1,,vv10906Carotenoid_biosynthesis,vv60028FHA
747,VIT_05s0020g03440,3,0.0015,Photosystem II 11 kDa protein PSB27,K08902,,vv10195Photosynthesis,vv50135Primary_active_transporter_cat_D3_to_E2
748,VIT_05s0020g00900,3,0.0015,P-glycoprotein 4,PGP4,,vv52010ABC_transporters,
749,VIT_19s0014g01110,3,0.0015,Curculin (mannose-binding) lectin,,,,
750,VIT_11s0016g03700,3,0.0015,Pentatricopeptide (PPR) repeat-containing protein,,,,
751,VIT_16s0013g00890,3,0.0015,Ethylene-responsive element binding factor,ERF1A,VvERF077,vv30008Ethylene_signaling,vv60003AP2_EREBP
752,VIT_07s0005g05030,3,0.0015,CLIP-associating protein (CLASP),,,,
753,VIT_12s0028g02640,3,0.0015,GTP-binding protein typA/bipA,K06207,,,
754,VIT_12s0057g00900,3,0.0015,Import inner membrane translocase subunit TIM50,TIM50,,vv50132Primary_active_transporter_cat_A5_to_A8,
755,VIT_17s0000g06270,3,0.0015,Malate dehydrogenase precursor,E1_1_1_37,,vv10020Citrate_cycle,vv10620Pyruvate_metabolism
756,VIT_14s0128g00780,3,0.0015,Lipoxygenase,E1_13_11_12,,vv10592alpha-Linolenic_acid_metabolism,
757,VIT_01s0010g01970<br>VIT_01s0010g01980,3,0.0015,
758,VIT_18s0001g03620,3,0.0015,Avr9/Cf-9 rapidly elicited protein 284,,,,
759,VIT_06s0061g01290,3,0.0015,No hit,,,,
760,VIT_03s0017g02000,3,0.0015,Anthocyanidin 3-O-glucosyltransferase,E2_4_1_115,,vv10942Anthocyanin_biosynthesis,
761,VIT_04s0008g05210,3,0.0014,BZIP protein HY5 (HY5),HY5_1,VvbZIP10,vv60012BZIP,
762,VIT_01s0011g00590,3,0.0014,Acclimation of photosynthesis to environment,APE2,,vv50122Porters_cat_7_to_17,
763,VIT_00s2659g00010,3,0.0014,CRK10 (cysteine-rich RLK10),,,,
764,VIT_10s0003g00330,3,0.0014,HSL1 (HAESA-like 1),,,,
765,VIT_08s0007g02790,3,0.0014,Unknown protein,,,,
766,VIT_19s0027g00390,3,0.0014,Protein kinase,,,,
767,VIT_07s0104g00200,3,0.0014,Phenazine biosynthesis PhzC/PhzF,K06998,,vv10400Phenylalanine_tyrosine_and_tryptophan_biosynthesis,
768,VIT_13s0156g00260,3,0.0014,Homeobox-leucine zipper protein HAT14,HAT14_2,VvHB48,vv60034HB,
769,VIT_13s0064g01040,3,0.0014,No hit,,,,
770,VIT_07s0104g01660,3,0.0014,HAK5 (High affinity K+ transporter 5),HAK5,,vv50125Porters_cat_66_to_94,
771,VIT_04s0023g01170,3,0.0014,Unknown protein,,,,
772,VIT_03s0038g00800,3,0.0014,NADP-dependent D-sorbitol-6-phosphate dehydrogenase,E1_1_1_140,,vv10051Fructose_and_mannose_metabolism,
773,VIT_00s2582g00010,3,0.0014,Unknown,,,,
774,VIT_07s0005g04880,3,0.0014,Glutathione S-transferase 25 GSTU7,E2_5_1_18_GSTU7,,vv10480Glutathione_metabolism,
775,VIT_18s0001g10100,3,0.0014,Ubiquitin-conjugating enzyme E2 I,K10577,,vv23013RNA_transport,vv24120Ubiquitin_mediated_proteolysis
776,VIT_11s0118g00230,3,0.0014,ATSYTE/NTMC2T2.1/NTMC2TYPE2.1/SYTE,NTMC2T2_1,,vv50109Incompletely_characterized_transport_systems,
777,VIT_01s0011g05480,3,0.0014,Dynein light subunit lc6  flagellar outer arm,K10418,,vv44810Regulation_of_actin_cytoskeleton,
778,VIT_00s0274g00080,3,0.0014,Benzoquinone reductase,E1_6_5_6,,vv10740Riboflavin_metabolism,
779,VIT_08s0040g02210,3,0.0014,Lectin protein kinase,,,,
780,VIT_16s0039g01260,3,0.0014,Ser/Thr receptor-like kinase1,,,,
781,VIT_19s0090g01470,3,0.0014,Protease inhibitor/seed storage/lipid transfer protein (LTP),,,,
782,VIT_07s0104g00440,3,0.0014,Endo-1 3;1 4-beta-D-glucanase precursor,E3_2_1_73,,,
783,VIT_15s0024g01670,3,0.0014,Receptor kinase RK20-1,,,,
784,VIT_18s0117g00280,3,0.0014,Coatomer protein complex  subunit beta 2,COPB2,,vv50110Protein_coat,
785,VIT_04s0023g00430,3,0.0014,Tyrosine specific protein phosphatase,,,,
786,VIT_00s0203g00220,3,0.0014,S-locus lectin protein kinase,,,,
787,VIT_14s0128g00180,3,0.0014,Zinc finger (C3HC4-type ring finger),ZFC3HC4_209,,vv60078Other_zf-C3HC4,
788,VIT_09s0096g00130,3,0.0014,Pirin,K06911,,,
789,VIT_14s0036g00990,3,0.0014,Polyubiquitin (UBQ4),,,,
790,VIT_14s0128g00520,3,0.0014,Alpha-L-fucosidase 2 precursor,E3_2_1_51,,vv10511N-Glycan_degradation,
791,VIT_14s0068g01710,3,0.0014,Metal-nicotianamine transporter YSL6,YSL6,,vv50125Porters_cat_66_to_94,
