Vv_m2,2000,1000,VIT_16s0100g01130
rank,node,Fabs,Frel,Functional-annotation,Name-EC-KeggID,Updated-name,Network1,Network2
1,VIT_16s0100g01190,2080,1.0000,Stilbene synthase [Vitis vinifera],E2_3_1_95,,vv10940Phenylpropanoid_biosynthesis,
2,VIT_16s0100g01040,2074,1.0000,Stilbene synthase - grape,E2_3_1_95,,vv10940Phenylpropanoid_biosynthesis,
3,VIT_16s0100g00900,2070,1.0000,Stilbene synthase [Vitis pseudoreticulata],E2_3_1_95,,vv10940Phenylpropanoid_biosynthesis,
4,VIT_16s0100g01010<br>VIT_16s0100g00950<br>VIT_16s0100g01030<br>VIT_16s0100g00990,2061,1.0000,
5,VIT_10s0042g00850,2083,0.9995,Stilbene synthase [Vitis pseudoreticulata],E2_3_1_95,,vv10940Phenylpropanoid_biosynthesis,
6,VIT_16s0100g01150,2068,0.9990,Stilbene synthase [Vitis vinifera],E2_3_1_95,,vv10940Phenylpropanoid_biosynthesis,
7,VIT_05s0077g01570,2066,0.9990,Pathogenesis protein 10 [Vitis vinifera],,,,
8,VIT_16s0100g01140,2067,0.9986,Stilbene synthase 2,E2_3_1_95,,vv10940Phenylpropanoid_biosynthesis,
9,VIT_16s0050g00430,2039,0.9912,Photoassimilate-responsive protein PAR-1a,,,,
10,VIT_13s0067g01700,2036,0.9912,Steroid 5alpha-reductase,K09591,,vv10905Brassinosteroid_biosynthesis,
11,VIT_08s0007g05350,2056,0.9899,Haloacid dehalogenase hydrolase,E3_1_3_18,,vv10630Glyoxylate_and_dicarboxylate_metabolism,
12,VIT_16s0100g00750,2051,0.9884,Stilbene synthase,E2_3_1_95,,vv10940Phenylpropanoid_biosynthesis,
13,VIT_17s0000g00640,2035,0.9864,No hit,,,,
14,VIT_00s0748g00020,2039,0.9860,Receptor kinase RK20-1,,,,
15,VIT_03s0017g02120,2042,0.9841,UDP-glucose flavonoid 3-O-glucosyltransferase 2,E2_4_1_91,,vv10941Flavonoid_biosynthesis,
16,VIT_19s0014g04080,2033,0.9831,Serine/threonine-protein kinase receptor ARK3,,,,
17,VIT_15s0021g01260,2030,0.9812,Unknown,,,,
18,VIT_16s0100g01000,2022,0.9792,Stilbene synthase 4,E2_3_1_95,,vv10940Phenylpropanoid_biosynthesis,
19,VIT_05s0102g00610,2010,0.9696,No hit,,,,
20,VIT_16s0100g01200<br>VIT_16s0100g01070,2001,0.9653,
21,VIT_16s0100g01110,1974,0.9629,Resveratrol synthase (RS1),E2_3_1_95,,vv10940Phenylpropanoid_biosynthesis,
22,VIT_16s0100g00770,1989,0.9567,Stilbene synthase,E2_3_1_95,,vv10940Phenylpropanoid_biosynthesis,
23,VIT_06s0004g01670,1979,0.9556,UDP-glucoronosyl and UDP-glucosyl transferase,,,,
24,VIT_07s0151g00260,1969,0.9503,Quinone-oxidoreductase  Chloroplast,K03956,,vv10190Oxidative_phosphorylation,vv50134Primary_active_transporter_cat_D1
25,VIT_08s0105g00200,1957,0.9500,U-box domain-containing protein,,,,
26,VIT_09s0002g04720,1959,0.9468,Coatomer protein complex  subunit beta 2,COPB2,,vv50110Protein_coat,
27,VIT_19s0014g04450,1946,0.9406,S-locus protein kinase,,,,
28,VIT_16s0050g00410,1959,0.9364,Photoassimilate-responsive protein PAR-1a,,,,
29,VIT_07s0129g01010,1911,0.9322,Unknown,,,,
30,VIT_16s0039g01110,1931,0.9319,Phenylalanin ammonia-lyase [Vitis vinifera],E4_3_1_5,,vv10350Tyrosine_metabolism,vv10360Phenylalanine_metabolism
31,VIT_04s0044g00400,1940,0.9282,MTN21,MTN21,,vv50122Porters_cat_7_to_17,
32,VIT_01s0011g05890,1910,0.9254,S-adenosyl-L-methionine:salicylic acid carboxyl methyltransferase,SAMTBSCMT,,vv10360Phenylalanine_metabolism,
33,VIT_18s0001g00650,1911,0.9250,No hit,,,,
34,VIT_14s0081g00190,1891,0.9162,No hit,,,,
35,VIT_17s0000g06790,1876,0.9080,flavin-containing monooxygenase,E1_14_13_8,,vv11000Single_reactions,
36,VIT_08s0007g02810,1868,0.9033,Regulator of the ATPase vacuolar RAV2,RAV2,VvRAV5,vv60001ABI3VP1,
37,VIT_03s0063g02650,1848,0.8902,Hydrolase  alpha/beta fold,,,,
38,VIT_18s0117g00290,1818,0.8847,Coatomer protein complex  subunit beta 2,COPB2,,vv50110Protein_coat,
39,VIT_15s0048g01350,1825,0.8808,Gibberellin receptor GID1L3,GID1C,,vv30010Gibberellin_signaling,
40,VIT_16s0100g00830<br>VIT_16s0100g01120<br>VIT_16s0100g00780<br>VIT_16s0100g00910,1819,0.8796,
41,VIT_10s0042g00910,1820,0.8788,Stilbene synthase [Vitis pseudoreticulata],E2_3_1_95,,vv10940Phenylpropanoid_biosynthesis,
42,VIT_03s0091g00150,1783,0.8622,NtPRp27 secretory protein,,,,
43,VIT_14s0083g00920,1772,0.8594,No hit,,,,
44,VIT_16s0100g01060,1782,0.8584,Stilbene synthase,E2_3_1_95,,vv10940Phenylpropanoid_biosynthesis,
45,VIT_11s0016g03770,1769,0.8558,Dynein light chain LC6  flagellar outer arm,K10418,,vv44810Regulation_of_actin_cytoskeleton,
46,VIT_00s0269g00170,1769,0.8546,No hit,,,,
47,VIT_15s0046g02170,1760,0.8445,3-methyl-2-oxobutanoate hydroxy-methyl-transferase,E2_1_2_11,,vv10770Pantothenate_and_CoA_biosynthesis,
48,VIT_05s0077g01680,1735,0.8414,Mal d 1 allergen,,,,
49,VIT_18s0001g10200<br>VIT_18s0001g10230,1747,0.8407,
50,VIT_07s0104g01670,1742,0.8395,HAK5 (High affinity K+ transporter 5),HAK5,,vv50125Porters_cat_66_to_94,
51,VIT_05s0077g01530,1723,0.8364,Pathogenesis protein 10 [Vitis vinifera],,,,
52,VIT_11s0016g02070,1735,0.8353,Basic helix-loop-helix (bHLH) family,BHLHDOM_63,,vv60011BHLH,
53,VIT_00s0294g00080,1737,0.8331,Receptor kinase homolog LRK10,,,,
54,VIT_03s0038g03500,1698,0.8283,Auxin-induced SAUR,SAUR,,vv30003Auxin_signaling,
55,VIT_00s0410g00040,1696,0.8217,Anthranilate N-benzoyltransferase protein 1,E2_3_1_144,,vv10400Phenylalanine_tyrosine_and_tryptophan_biosynthesis,
56,VIT_16s0100g00860<br>VIT_16s0100g00940<br>VIT_16s0100g00800<br>VIT_16s0100g00920<br>VIT_16s0100g00930<br>VIT_16s0100g00810<br>VIT_16s0100g00840<br>VIT_16s0100g00850,1697,0.8214,
57,VIT_05s0077g01600,1701,0.8213,Pathogenesis protein 10 [Vitis vinifera],,,,
58,VIT_05s0077g01550,1701,0.8158,Pathogenesis protein 10.3 [Vitis quinquangularis],,,,
59,VIT_03s0017g01990,1679,0.8111,UDP-glucose glucosyltransferase,E2_4_1_35,,vv10500Starch_and_sucrose_metabolism,
60,VIT_08s0007g01230,1666,0.8087,Lectin protein kinase,,,,
61,VIT_13s0064g01040,1669,0.8067,No hit,,,,
62,VIT_05s0020g03360,1679,0.8064,Unknown,,,,
63,VIT_09s0002g05610,1659,0.8038,Unknown,,,,
64,VIT_16s0013g01590,1650,0.8014,No hit,,,,
65,VIT_16s0100g01160,1628,0.7891,Stilbene synthase [Vitis vinifera],E2_3_1_95,,vv10940Phenylpropanoid_biosynthesis,
66,VIT_18s0117g00080,1630,0.7863,R protein L6,K13477,,vv34627R_proteins_from_Plant-pathogen_interaction,
67,VIT_09s0054g00590,1631,0.7860,No hit,,,,
68,VIT_13s0067g02820,1614,0.7816,No hit,,,,
69,VIT_14s0006g01960,1611,0.7771,Unknown,,,,
70,VIT_16s0050g02570,1614,0.7771,Protein phosphatase 2C,E3_1_3_16,,,
71,VIT_06s0061g00960,1605,0.7761,Prolylcarboxypeptidase,E3_4_16_2,,,
72,VIT_04s0069g00470,1602,0.7720,No hit,,,,
73,VIT_14s0068g01770,1588,0.7671,WRKY DNA-binding protein 75,WRKY75_2,VvWRKY43,vv60066WRKY,
74,VIT_05s0094g00260<br>VIT_05s0094g00220,1581,0.7634,
75,VIT_19s0085g01200,1580,0.7603,CTP synthase,E6_3_4_2,,vv10240Pyrimidine_metabolism,
76,VIT_01s0011g04780,1577,0.7589,Unknown protein,,,,
77,VIT_14s0083g00900,1555,0.7560,Aspartate aminotransferase,E2_6_1_1,vv10710Carbon_fixation,vv10252Alanine_and_aspartate_metabolism,vv10272Cysteine_metabolism
78,VIT_11s0016g00570,1561,0.7494,Dimethylaniline monooxygenase (N-oxide forming) 2,E1_14_13_8,,vv11000Single_reactions,
79,VIT_13s0019g05050,1558,0.7480,Nodulin-like protein,,,,
80,VIT_18s0001g00840,1540,0.7479,Syringolide-induced protein 14-1-1,,,,
81,VIT_06s0009g02590,1538,0.7473,Pectinesterase family,E3_1_1_11,,vv40006Cell_wall,
82,VIT_05s0020g04990,1530,0.7427,No hit,,,,
83,VIT_14s0030g01980,1522,0.7396,Auxin-induced protein PCNT115,AUXREG,,vv30003Auxin_signaling,
84,VIT_07s0005g03220,1520,0.7389,Ethylene-responsive transcription factor ERF098,ERF098_1,VvERF098,vv30008Ethylene_signaling,vv60003AP2_EREBP
85,VIT_18s0001g03860,1523,0.7354,Unknown protein,,,,
86,VIT_05s0094g00160,1514,0.7321,No hit,,,,
87,VIT_07s0031g01130,1516,0.7310,Ascorbate oxidase,E1_10_3_3,,vv10053Ascorbate_and_aldarate_metabolism,vv50109Incompletely_characterized_transport_systems
88,VIT_16s0100g00880,1510,0.7267,Stilbene synthase [Vitis pseudoreticulata],E2_3_1_95,,vv10940Phenylpropanoid_biosynthesis,
89,VIT_09s0002g02320,1504,0.7259,Cell wall apoplastic invertase,E3_2_1_26,,vv10052Galactose_metabolism,vv10500Starch_and_sucrose_metabolism
90,VIT_10s0042g00930<br>VIT_10s0042g00890<br>VIT_10s0042g00870<br>VIT_10s0042g00860<br>VIT_10s0042g00920,1496,0.7210,
91,VIT_10s0042g00840,1492,0.7190,Stilbene synthase [Vitis pseudoreticulata],E2_3_1_95,,vv10940Phenylpropanoid_biosynthesis,
92,VIT_00s0409g00010,1478,0.7171,Receptor kinase RK20-1,,,,
93,VIT_18s0001g10180,1453,0.7064,N-hydroxycinnamoyl/benzoyltransferase 3,,,,
94,VIT_04s0008g06930,1462,0.7063,Transposase  IS4,,,,
95,VIT_16s0039g01240<br>VIT_16s0039g01360<br>VIT_16s0039g01130<br>VITisv_009233<br>VIT_16s0039g01100<br>VIT_00s2508g00010<br>VITisv_032212<br>VIT_16s0039g01120<br>VIT_16s0039g01320<br>VIT_00s2849g00010<br>VIT_16s0039g01300<br>VIT_16s0039g01170<br>VIT_16s0039g01280,1458,0.7040,
96,VIT_08s0007g04700,1419,0.6895,Phosphatidylinositol-4-phosphate 5-kinase,E2_7_1_68,,vv10562Inositol_phosphate_metabolism,vv34070Phosphatidylinositol_signaling_system
97,VIT_02s0025g04280,1429,0.6890,Osmotin,,,,
98,VIT_16s0098g01220,1395,0.6723,RabGAP/TBC domain-containing protein,,,,
99,VIT_00s0480g00040,1387,0.6704,Polyphenol oxidase II  chloroplast precursor,E1_10_3_1,,vv10350Tyrosine_metabolism,vv50109Incompletely_characterized_transport_systems
100,VIT_01s0011g05420,1365,0.6662,Fw2.2 ORFX,,,,
101,VIT_12s0059g01120,1372,0.6599,CAF protein,,,,
102,VIT_00s0743g00020,1349,0.6520,S-locus lectin protein kinase,,,,
103,VIT_05s0094g00200,1340,0.6508,Chitinase class IV,E3_2_1_14,,vv10530Aminosugars_metabolism,
104,VIT_19s0093g00320,1340,0.6470,Glutathione S-transferase 25 GSTU25,E2_5_1_18_GSTU25,,vv10480Glutathione_metabolism,
105,VIT_07s0031g03060,1344,0.6455,NSL1 (necrotic spotted lesions 1),,,,
106,VIT_18s0041g02040,1327,0.6442,12-oxophytodienoate reductase,E1_3_1_42,,vv10592alpha-Linolenic_acid_metabolism,
107,VIT_16s0039g02930,1323,0.6435,Unknown,,,,
108,VIT_07s0104g00220,1320,0.6405,Phenazine biosynthesis PhzC/PhzF,K06998,,vv10400Phenylalanine_tyrosine_and_tryptophan_biosynthesis,
109,VIT_16s0100g00960,1305,0.6357,Stilbene synthase [Vitis pseudoreticulata],E2_3_1_95,,vv10940Phenylpropanoid_biosynthesis,
110,VIT_12s0035g01000,1307,0.6345,Serine protease inhibitor  serine-type,,,,
111,VIT_12s0059g01720,1305,0.6338,No hit,,,,
112,VIT_09s0002g05390,1297,0.6330,ABC transporter g family pleiotropic drug resistance 12 PDR12,ABCGPDR12,,vv52010ABC_transporters,
113,VIT_06s0004g00230,1289,0.6230,WRKY DNA-binding protein 48,WRKY48_2,VvWRKY15,vv60066WRKY,
114,VIT_06s0004g01010,1287,0.6226,Dirigent protein pDIR9,,,,
115,VIT_08s0007g05220,1278,0.6207,Unknown,,,,
116,VIT_12s0059g01380,1276,0.6206,1-aminocyclopropane-1-carboxylate oxidase 1,E1_14_17_4,,vv10640Propanoate_metabolism,vv30008Ethylene_signaling
117,VIT_07s0005g05780,1281,0.6200,Pantoate--beta-alanine ligase,E6_3_2_1,,vv10410Beta-alanine_metabolism,vv10770Pantothenate_and_CoA_biosynthesis
118,VIT_14s0036g00330,1274,0.6175,RPS2 (resistant to p. syringae 2),K13459,,vv34626Plant-pathogen_interaction,
119,VIT_06s0004g01020,1260,0.6117,Dirigent protein,,,,
120,VIT_12s0055g01270,1257,0.6084,Somatic embryogenesis receptor kinase 1 SERK1,,,,
121,VIT_17s0000g00200,1261,0.6077,Ethylene-responsive transcription factor ERF114,ERF114_1,VvERF118,vv30008Ethylene_signaling,vv60003AP2_EREBP
122,VIT_06s0004g01030,1250,0.6044,Dirigent protein,,,,
123,VIT_03s0017g02110,1248,0.6035,Anthocyanidin 3-O-glucosyltransferase,E2_4_1_115,,vv10942Anthocyanin_biosynthesis,
124,VIT_16s0100g00760,1249,0.6031,Stilbene synthase 2 [Vitis sp. cv. 'Norton'],E2_3_1_95,,vv10940Phenylpropanoid_biosynthesis,
125,VIT_00s2659g00010,1232,0.6030,CRK10 (cysteine-rich RLK10),,,,
126,VIT_16s0100g01100,1236,0.5985,Stilbene synthase,E2_3_1_95,,vv10940Phenylpropanoid_biosynthesis,
127,VIT_10s0003g04080,1242,0.5960,Unknown,,,,
128,VIT_06s0004g00610,1218,0.5921,Accelerated cell death 1 ACD1,ACD1,,vv50133Primary_active_transporter_cat_A9_to_A18,
129,VIT_09s0002g06060,1213,0.5871,U3 small nucleolar RNA-associated protein 5,K14546,,vv23008Ribosome_biogenesis_in_Eukaryotes,
130,VIT_09s0002g00370,1213,0.5866,Unknown protein,,,,
131,VIT_01s0011g00380,1210,0.5851,SP1L1 (SPIRAL1-like1),,,,
132,VIT_05s0020g03680,1204,0.5828,GCN5 N-acetyltransferase (GNAT),GCN5_7,,vv60082GNAT,
133,VIT_11s0052g01550,1204,0.5828,MATE efflux family protein,MATE,,vv50125Porters_cat_66_to_94,
134,VIT_14s0006g02250,1196,0.5800,No hit,,,,
135,VIT_15s0021g02470,1200,0.5778,Epoxide hydrolase-like protein,E3_3_2_10,,,
136,VIT_12s0121g00220,1193,0.5761,Xylan 1 4-beta-xylosidase,E3_2_1_37,,vv10500Starch_and_sucrose_metabolism,vv10520Nucleotide_sugars_metabolism
137,VIT_05s0077g01690,1180,0.5737,Pathogenesis protein 10 [Vitis vinifera],,,,
138,VIT_00s0692g00020,1191,0.5726,S-linalool synthase,E4_2_3_25,,vv10900Terpenoid_biosynthesis,
139,VIT_07s0005g02660,1176,0.5687,ABC transporter B member 13,ABCB13,,vv52010ABC_transporters,
140,VIT_01s0127g00070,1174,0.5674,Nitrate transporter2.5,NRT2_5,,vv50121Porters_cat_1_to_6,
141,VIT_19s0014g01110,1169,0.5653,Curculin (mannose-binding) lectin,,,,
142,VIT_16s0050g00400,1164,0.5604,Photoassimilate-responsive protein PAR-1a,,,,
143,VIT_15s0048g00840,1150,0.5561,Lateral organ boundaries domain protein 19 (LBD19),LBD19,,vv60007AS2,
144,VIT_17s0000g02220,1146,0.5555,No hit,,,,
145,VIT_17s0000g06220,1139,0.5510,Exostosin,K02366,,vv11030Glycan_structures-biosynthesis1,
146,VIT_11s0016g03080,1140,0.5505,Clavata1 receptor kinase (CLV1),,,,
147,VIT_00s0226g00100,1131,0.5464,Regulator of chromosome condensation (RCC1),RCC1,,vv50112Nuclear_pore_complex,
148,VIT_12s0034g02000,1131,0.5443,Cupin,,,,
149,VIT_05s0102g00200,1105,0.5336,Unknown protein,,,,
150,VIT_19s0085g00020,1103,0.5311,Nucleolar complex protein 3 homolog (Protein NOC3 homolog),,,,
151,VIT_07s0104g01660,1088,0.5261,HAK5 (High affinity K+ transporter 5),HAK5,,vv50125Porters_cat_66_to_94,
152,VIT_10s0003g04910,1075,0.5178,Sinapyl alcohol dehydrogenase,E1_1_1_195,,vv10940Phenylpropanoid_biosynthesis,
153,VIT_18s0001g01100,1054,0.5134,KOW domain-containing factor family protein,KOWDOM,,,
154,VIT_13s0067g03470,1058,0.5131,Glutathione S-transferase GSTO1,E2_5_1_18_GSTO1,,vv10480Glutathione_metabolism,
155,VIT_00s0480g00030,1056,0.5116,Polyphenol oxidase,E1_10_3_1,,vv10350Tyrosine_metabolism,vv50109Incompletely_characterized_transport_systems
156,VIT_08s0058g00100,1060,0.5108,Disease resistance protein SlVe2 precursor,,,,
157,VIT_09s0054g00910,1057,0.5094,Chaperone BCS1 mitochondrial,K08900,,,
158,VIT_09s0002g05810,1044,0.5073,Boron transporter-like protein 4,BOR4,,vv50124Porters_cat_30_to_64,
159,VIT_05s0020g03290,1045,0.5056,S-receptor kinase,,,,
160,VIT_05s0077g01560,1040,0.5053,Pathogenesis protein 10.3 [Vitis quinquangularis],,,,
161,VIT_05s0094g01230,1033,0.5017,Allyl alcohol dehydrogenase,,,,
162,VIT_00s0437g00070,1039,0.5012,Receptor kinase RK20-1,,,,
163,VIT_18s0001g11120,1040,0.5002,Ternary complex factor MIP1,,,,
164,VIT_03s0091g00160,1036,0.4983,NtPRp27 secretory protein,,,,
165,VIT_09s0002g01200,1018,0.4935,Unknown protein,,,,
166,VIT_17s0000g03150,1018,0.4927,No hit,,,,
167,VIT_11s0016g02780,996,0.4828,Myb domain protein 68,MYB68_1,MYB154,vv60044MYB,
168,VIT_19s0014g03760,993,0.4811,Unknown,,,,
169,VIT_03s0063g00820,993,0.4811,Carboxyesterase 12; CXE12,E3_1_1_1,,,
170,VIT_09s0054g00580<br>VIT_09s0054g00570,979,0.4771,
171,VIT_01s0026g02590,977,0.4724,Calcium-binding protein CML,K13448,,vv34626Plant-pathogen_interaction,
172,VIT_10s0116g00960,967,0.4708,Transcription factor jumonji (jmjC) domain-containing protein,JMJD1B_5,,vv60038Jumonji,
173,VIT_11s0078g00290,970,0.4668,Cinnamate 4-hydroxylase,E1_14_13_11,,vv10360Phenylalanine_metabolism,vv10940Phenylpropanoid_biosynthesis
174,VIT_07s0104g01650,966,0.4662,HAK5 (High affinity K+ transporter 5),HAK5,,vv50125Porters_cat_66_to_94,
175,VIT_16s0148g00020,969,0.4659,Ser/Thr receptor-like kinase1,,,,
176,VIT_11s0016g05540,958,0.4635,Dicyanin,,,,
177,VIT_07s0005g03340,954,0.4602,Myb domain protein 14,MYB14_2,MYB14,vv60044MYB,
178,VIT_05s0102g01020,951,0.4594,No hit,,,,
179,VIT_18s0089g01290,948,0.4591,No hit,,,,
180,VIT_03s0088g00690,935,0.4532,Pathogenesis-related protein 1 precursor (PRP 1),PRP1,,vv30011Jasmonate_signaling,vv34626Plant-pathogen_interaction
181,VIT_13s0019g04060,931,0.4526,MLO1,K08472,,,
182,VIT_01s0011g05230,933,0.4523,GTPase activating protein,,,,
183,VIT_14s0006g00910,931,0.4517,ATA15 protein,,,,
184,VIT_11s0016g04940,933,0.4505,Zinc finger (CCCH-type) family protein,CCCHFAM_12,,vv60018C3H,
185,VIT_18s0001g10240,925,0.4475,N-hydroxycinnamoyl/benzoyltransferase 6,,,,
186,VIT_00s0409g00050,917,0.4449,Receptor-like serine-threonine protein kinase,,,,
187,VIT_18s0001g10880,919,0.4440,Patatin,,,,
188,VIT_01s0026g00010,917,0.4417,No hit,,,,
189,VIT_19s0014g01370,897,0.4342,Curculin (mannose-binding) lectin,,,,
190,VIT_18s0001g11130,899,0.4339,Calmodulin-binding protein AR781,,,,
191,VIT_12s0059g02600,886,0.4301,Receptor protein kinase RK20-1,,,,
192,VIT_01s0026g01040,892,0.4295,Unknown protein,,,,
193,VIT_18s0001g04280,889,0.4288,(-)-germacrene D synthase,E4_2_3_22,,vv10900Terpenoid_biosynthesis,
194,VIT_15s0046g01440,882,0.4273,BZip transcription factor G- box  binding factor 3,GBF3_1,VvbZIP40,vv60012BZIP,
195,VIT_01s0011g00480,872,0.4231,Aspartate/glutamate/uridylate kinase,E2_7_2_11,,vv10220Urea_cycle_and_metabolism_of_amino_groups,
196,VIT_17s0000g05360,865,0.4203,Germin,,,,
197,VIT_03s0088g00720,867,0.4176,Pathogenesis-related protein 1 precursor (PRP 1),PRP1,,vv30011Jasmonate_signaling,vv34626Plant-pathogen_interaction
198,VIT_08s0007g00850,851,0.4143,EFR (EF-TU receptor),K13428,,vv34626Plant-pathogen_interaction,
199,VIT_13s0019g05010,855,0.4115,Nodulin-like protein,,,,
200,VIT_18s0041g02010<br>VIT_18s0041g02050,840,0.4060,
201,VIT_19s0085g00460,842,0.4060,No hit,,,,
202,VIT_14s0006g02630,836,0.4056,Receptor-like kinase ARK1AS,,,,
203,VIT_07s0141g00890,836,0.4054,CYP94A1,,,,
204,VIT_11s0065g00350,835,0.4046,Trans-cinnamate 4-monooxygenase,E1_14_13_11,,vv10360Phenylalanine_metabolism,vv10940Phenylpropanoid_biosynthesis
205,VIT_05s0077g01590,832,0.4025,Major allergen Mal d 1,,,,
206,VIT_18s0001g04870,829,0.4016,(-)-germacrene D synthase,E4_2_3_22,,vv10900Terpenoid_biosynthesis,
207,VIT_07s0005g00720,830,0.4006,Pectinesterase family,E3_1_1_11,,vv40006Cell_wall,
208,VIT_02s0025g01420,824,0.3990,Preprotein translocase YidC subunit,K03217,,vv23060Protein_export,vv50122Porters_cat_7_to_17
209,VIT_15s0021g00750,824,0.3990,Separase,K02365,,,
210,VIT_09s0002g09140,821,0.3978,Ethylene-responsive transcription factor ERF003,ERF003_3,VvERF047,vv30008Ethylene_signaling,vv60003AP2_EREBP
211,VIT_12s0028g02530,815,0.3952,Zinc finger (C3HC4-type ring finger),ZFC3HC4_36,,vv60078Other_zf-C3HC4,
212,VIT_14s0068g01250,816,0.3916,Mitochondrial phosphate transporter,MPHOSPTR,,vv50123Porters_cat_18_to_29,
213,VIT_00s0179g00260,806,0.3913,Calcium-transporting ATPase 12 ACA12,K01537,,vv34020Calcium_signaling_pathway,vv50131Primary_active_transporter_cat_A2_to_A4
214,VIT_12s0059g02590,811,0.3907,Receptor protein kinase RK20-1,,,,
215,VIT_17s0000g07780,811,0.3897,Calmodulin-binding protein,K02183,,vv34020Calcium_signaling_pathway,vv34626Plant-pathogen_interaction
216,VIT_14s0030g02010,807,0.3895,Auxin-induced protein PCNT115,AUXREG,,vv30003Auxin_signaling,
217,VIT_11s0016g01060,803,0.3879,Avr9/Cf-9 induced kinase 1,,,,
218,VIT_08s0007g04020,803,0.3879,AT-hook protein 1 (AHP1),HMGIY_1,,vv60035HMG,
219,VIT_02s0025g04310,802,0.3863,Thaumatin,,,,
220,VIT_17s0000g04360,792,0.3830,Wall-associated kinase 2 (WAK2),,,,
221,VIT_17s0000g08100,787,0.3813,UDP-glucoronosyl and UDP-glucosyl transferase,,,,
222,VIT_00s0258g00110,787,0.3802,Receptor serine/threonine kinase,,,,
223,VIT_13s0156g00160,782,0.3776,Unknown,,,,
224,VIT_02s0025g00540,774,0.3765,Unknown,,,,
225,VIT_13s0074g00570,777,0.3750,Gamma-aminobutyric acid transporter,GAT1,,vv50123Porters_cat_18_to_29,
226,VIT_09s0002g05570,778,0.3744,ABC transporter g family pleiotropic drug resistance 12 PDR12,ABCGPDR12,,vv52010ABC_transporters,
227,VIT_01s0010g02450,773,0.3740,B12D,,,,
228,VIT_10s0042g00880,771,0.3732,Stilbene synthase [Vitis pseudoreticulata],E2_3_1_95,,vv10940Phenylpropanoid_biosynthesis,
229,VIT_18s0001g03390,765,0.3717,S-receptor kinase,,,,
230,VIT_01s0010g02010,768,0.3712,Anionic peroxidase,E1_11_1_7,,vv10360Phenylalanine_metabolism,vv10680Methane_metabolism
231,VIT_10s0071g00230,766,0.3709,HcrVf1 protein,,,,
232,VIT_17s0000g00650,766,0.3702,No hit,,,,
233,VIT_17s0119g00150,767,0.3696,Alpha-amylase/subtilisin inhibitor,E3_2_1_1,,vv10500Starch_and_sucrose_metabolism,
234,VIT_14s0081g00640,760,0.3695,Aspartate aminotransferase,E2_6_1_1,vv10710Carbon_fixation,vv10252Alanine_and_aspartate_metabolism,vv10272Cysteine_metabolism
235,VIT_17s0000g03260,749,0.3664,Reticulon (RTNLB9),,,,
236,VIT_03s0038g01050,758,0.3655,Phenylalanine-tRNA ligase,E6_1_1_20,,vv10400Phenylalanine_tyrosine_and_tryptophan_biosynthesis,vv20970Aminoacyl-tRNA_biosynthesis
237,VIT_10s0003g00480,743,0.3602,Isoflavone methyltransferase/ Orcinol O-methyltransferase 1 oomt1,E2_1_1_46,,vv10943Isoflavonoid_biosynthesis,
238,VIT_09s0096g00480,741,0.3599,Potassium channel SKOR,SKOR,,vv50101Channels_and_pores,
239,VIT_16s0050g02220,743,0.3593,Acidic endochitinase (CHIB1),E3_2_1_14,,vv10530Aminosugars_metabolism,
240,VIT_17s0000g05240,740,0.3592,Nuclear transport factor 2 (NTF2),NTF2,,vv50133Primary_active_transporter_cat_A9_to_A18,
241,VIT_13s0019g04440,734,0.3558,Zinc finger (C3HC4-type ring finger),ZFC3HC4_163,,vv60078Other_zf-C3HC4,
242,VIT_18s0117g00300,735,0.3546,Coatomer protein complex  subunit beta 2,COPB2,,vv50110Protein_coat,
243,VIT_10s0042g01520,730,0.3525,No hit,,,,
244,VIT_13s0019g05070,725,0.3523,Nodulin family protein,,,,
245,VIT_10s0042g00700,728,0.3522,Leucine-rich repeat receptor-like protein kinase 1,,,,
246,VIT_10s0003g03930,726,0.3500,Inositol transporter 2,INT2,,vv50121Porters_cat_1_to_6,
247,VIT_06s0009g00370,724,0.3496,U-box domain-containing protein,,,,
248,VIT_02s0012g01560,719,0.3495,No hit,,,,
249,VIT_05s0020g03140,715,0.3462,Sugar transporter 13,STP13,,vv50121Porters_cat_1_to_6,
250,VIT_19s0014g01090,705,0.3422,No hit,,,,
251,VIT_03s0088g00450,706,0.3412,FKBP12-rapamycin complex-associated protein,K07203,,vv34150mTOR_signaling_pathway,
252,VIT_09s0002g01550,705,0.3409,Lecithine cholesterol acyltransferase,E2_3_1_43,,vv10564Glycerophospholipid_metabolism,
253,VIT_16s0050g00480,703,0.3401,CYP715A1,,,,
254,VIT_00s0262g00090,695,0.3377,Receptor kinase RK20-1,,,,
255,VIT_11s0016g03190,694,0.3351,Unknown,,,,
256,VIT_08s0007g02980,682,0.3314,Unknown,,,,
257,VIT_00s0179g00280,679,0.3280,Calmodulin-8 (CAM8),K02183,,vv34020Calcium_signaling_pathway,vv34626Plant-pathogen_interaction
258,VIT_08s0040g02320,674,0.3273,Pentatricopeptide (PPR) repeat-containing,,,,
259,VIT_01s0127g00490,665,0.3236,Pantothenate kinase 2,E2_7_1_33,,vv10770Pantothenate_and_CoA_biosynthesis,
260,VIT_14s0036g01060,663,0.3231,Unknown protein,,,,
261,VIT_15s0048g00070,666,0.3213,No hit,,,,
262,VIT_19s0015g02250,656,0.3184,No hit,,,,
263,VIT_13s0019g03470,657,0.3160,Translation initiation factor eIF-3 subunit 5,K03249,,vv23013RNA_transport,
264,VIT_04s0008g06870,645,0.3154,Cytochrome b5 domain-containing protein,,,,
265,VIT_09s0002g03700,634,0.3058,No hit,,,,
266,VIT_00s0437g00060,633,0.3056,Receptor kinase RK20-1,,,,
267,VIT_17s0000g10260,629,0.3045,AarF domain containing kinase,K08869,,,
268,VIT_19s0014g00830,631,0.3037,RKF1 (receptor-like kinase in flowers 1),,,,
269,VIT_00s0174g00270,623,0.3013,D-isomer specific 2-hydroxyacid dehydrogenase  NAD-binding,E1_1_1_272,,vv10272Cysteine_metabolism,
270,VIT_08s0007g07530,626,0.3005,3-oxoacyl-[acyl-carrier-protein] reductase  chloroplast,E1_1_1_100,,vv10061Fatty_acid_biosynthesis,vv11040Biosynthesis_of_unsaturated_fatty_acids
271,VIT_15s0021g00730,624,0.3003,No hit,,,,
272,VIT_12s0059g02620,615,0.2970,Receptor protein kinase RK20-1,,,,
273,VIT_04s0008g06830,616,0.2969,Biopterin transport-related protein BT1,BIOPTERIN,,vv50125Porters_cat_66_to_94,
274,VIT_18s0117g00070,612,0.2964,R protein L6,K13477,,vv34627R_proteins_from_Plant-pathogen_interaction,
275,VIT_02s0154g00160,596,0.2904,flavin-containing monooxygenase family protein / FMO family protein,E1_14_13_8,,vv11000Single_reactions,
276,VIT_17s0000g09600,600,0.2885,No hit,,,,
277,VIT_06s0009g02560,589,0.2872,Pectinesterase family,E3_1_1_11,,vv40006Cell_wall,
278,VIT_14s0036g01380,594,0.2859,PHR1 (phosphate starvation response 1),PHR1_2,,vv60029G2-like,
279,VIT_00s0194g00120,592,0.2853,Serine acetyltransferase,E2_3_1_30,,vv10272Cysteine_metabolism,vv10920Sulfur_metabolism
280,VIT_13s0047g00550,591,0.2852,Cinnamyl alcohol dehydrogenase,E1_1_1_195,,vv10940Phenylpropanoid_biosynthesis,
281,VIT_15s0021g02060,584,0.2832,Arbutin synthase,E2_4_1_218,,vv10500Starch_and_sucrose_metabolism,
282,VIT_17s0119g00290,581,0.2811,No hit,,,,
283,VIT_12s0134g00100,586,0.2805,Ribosomal protein L8 (RPL8C) 60S,K02938,,vv23010Ribosome,
284,VIT_06s0004g01990,579,0.2803,No hit,,,,
285,VIT_18s0075g00830,574,0.2760,Laccase,E1_10_3_2,,vv11000Single_reactions,vv50109Incompletely_characterized_transport_systems
286,VIT_13s0067g02940,564,0.2742,Amidohydrolase 3,,,,
287,VIT_00s0420g00030,560,0.2722,S-locus lectin protein kinase,,,,
288,VIT_16s0100g00690,567,0.2722,Ankyrin repeat,K10380,,vv50108Accessory_factors_involved_in_transport,
289,VIT_16s0050g02510,559,0.2706,WRKY DNA-binding protein 53,WRKY53_1,VvWRKY51,vv60066WRKY,
290,VIT_07s0104g01730,553,0.2665,HAK5 (High affinity K+ transporter 5),HAK5,,vv50125Porters_cat_66_to_94,
291,VIT_12s0028g01310,551,0.2655,Germin-like protein 1,,,,
292,VIT_06s0061g01290,542,0.2620,No hit,,,,
293,VIT_18s0001g01210,532,0.2573,Senescence-inducible chloroplast stay-green protein 2,,,,
294,VIT_05s0049g00500,529,0.2572,Ethylene-responsive transcription factor ERF098,ERF098_2,VvERF110,vv30008Ethylene_signaling,vv60003AP2_EREBP
295,VIT_12s0057g00900,530,0.2557,Import inner membrane translocase subunit TIM50,TIM50,,vv50132Primary_active_transporter_cat_A5_to_A8,
296,VIT_08s0105g00280,528,0.2552,Ribosomal protein S8e,K02995,,vv23010Ribosome,
297,VIT_19s0027g00930,524,0.2541,No hit,,,,
298,VIT_03s0091g00140,525,0.2526,Plant basic secretory protein (BSP) family,,,,
299,VIT_04s0044g00040,517,0.2495,Dirigent,,,,
300,VIT_04s0044g00030,513,0.2464,ATSAC1B/IBS2 (impaired in baba-induced sterility 2),E3_1_3_36,,vv10562Inositol_phosphate_metabolism,vv34070Phosphatidylinositol_signaling_system
301,VIT_03s0091g00130,508,0.2464,Prp27,,,,
302,VIT_13s0019g05360,506,0.2463,KH domain-containing protein NOVA,,,,
303,VIT_17s0000g02150,503,0.2446,Ribosomal protein L19,K02884,,vv23010Ribosome,
304,VIT_00s1463g00010,503,0.2444,Protease Do-like 5,,,,
305,VIT_01s0150g00300,502,0.2426,Indole-3-acetic acid amido synthetase,AUXINBIOSYNTHESIS_GH3,,vv11002Auxin_biosynthesis,
306,VIT_12s0055g01240,504,0.2424,P-glycoprotein 11,PGP11,,vv52010ABC_transporters,
307,VIT_00s2386g00010,496,0.2402,Unknown,,,,
308,VIT_18s0001g04640,494,0.2397,No hit,,,,
309,VIT_18s0075g00440,489,0.2375,TIR-NBS-LRR disease resistance,,,,
310,VIT_03s0017g02190,486,0.2357,ZIP family transporter,ZIP1,,vv50121Porters_cat_1_to_6,
311,VIT_16s0148g00140,483,0.2336,Ser/Thr receptor-like kinase1,,,,
312,VIT_04s0008g01040,482,0.2325,Lysine decarboxylase,E4_1_1_18,,vv10300Lysine_biosynthesis,
313,VIT_14s0081g00340,485,0.2323,Ankyrin repeat,K10380,,,
314,VIT_06s0009g03470,473,0.2282,Unknown protein,,,,
315,VIT_12s0055g00020,463,0.2231,UDP-glucose glucosyltransferase,E2_4_1_35,,vv10500Starch_and_sucrose_metabolism,
316,VIT_08s0040g01860,459,0.2214,Unknown protein,,,,
317,VIT_07s0104g00850,459,0.2210,Pto kinase interactor,,,,
318,VIT_10s0116g00110,454,0.2193,Receptor kinase RK20-1,,,,
319,VIT_12s0059g01660,452,0.2188,3-oxoacyl-[acyl-carrier-protein] synthase II,E2_3_1_179,,vv10061Fatty_acid_biosynthesis,
320,VIT_18s0117g00050,451,0.2184,R protein L6,K13477,,vv34627R_proteins_from_Plant-pathogen_interaction,
321,VIT_07s0104g01400,452,0.2180,Glutaredoxin,,,,
322,VIT_08s0007g04860,448,0.2177,Nodulin family protein,,,,
323,VIT_00s0250g00090,446,0.2173,Oxidoreductase  2OG-Fe(II) oxygenase,,,,
324,VIT_10s0003g01940,443,0.2152,RKF1 (receptor-like kinase in flowers 1),,,,
325,VIT_09s0002g00410,444,0.2150,No hit,,,,
326,VIT_09s0054g01260,442,0.2141,No hit,,,,
327,VIT_07s0005g03710,441,0.2135,Casein Kinase I-like 10,K02218,,vv23008Ribosome_biogenesis_in_Eukaryotes,
328,VIT_14s0006g01390,439,0.2130,Pentatricopeptide (PPR) repeat,,,,
329,VIT_01s0146g00480,441,0.2126,TIFY 9 (Jasmonate ZIM domain-containing protein 10),JAZ10,,vv30011Jasmonate_signaling,vv60069ZIM
330,VIT_15s0046g02220,437,0.2111,ACC synthase,E4_4_1_14,,vv10640Propanoate_metabolism,vv30008Ethylene_signaling
331,VIT_09s0002g05360<br>VIT_09s0002g05400<br>VIT_09s0002g05490<br>VIT_09s0002g05590,435,0.2106,
332,VIT_01s0146g00320,433,0.2096,No hit,,,,
333,VIT_18s0001g12090,429,0.2074,Unknown protein,,,,
334,VIT_06s0004g04450,427,0.2071,No hit,,,,
335,VIT_04s0069g00970,430,0.2062,WRKY DNA-binding protein 51,WRKY51_1,VvWRKY11,vv60066WRKY,
336,VIT_02s0025g03690,427,0.2061,RNA-binding protein NOB1,K11883,,vv23008Ribosome_biogenesis_in_Eukaryotes,
337,VIT_09s0002g03640,424,0.2047,ABC transporter g family pleiotropic drug resistance 7 PDR7,ABCGPDR7,,vv52010ABC_transporters,
338,VIT_18s0001g12510,424,0.2045,5' nucleotidase,E3_1_3_5,,vv10230Purine_metabolism,vv10240Pyrimidine_metabolism
339,VIT_04s0044g00230,422,0.2044,Monooxygenase (MO2),,,,
340,VIT_00s0301g00090,422,0.2041,NDA2 (alternative NAD(P)H dehydrogenase 2),K03885,,vv10190Oxidative_phosphorylation,vv50134Primary_active_transporter_cat_D1
341,VIT_13s0019g05060,419,0.2033,Nodulin-like protein,,,,
342,VIT_18s0001g00970,419,0.2027,No hit,,,,
343,VIT_07s0130g00170,420,0.2025,Transmembrane CLPTM1 Cleft lip and palate transmembrane protein 1,,,,
344,VIT_18s0001g08760,411,0.1981,No hit,,,,
345,VIT_11s0118g00230,409,0.1981,ATSYTE/NTMC2T2.1/NTMC2TYPE2.1/SYTE,NTMC2T2_1,,vv50109Incompletely_characterized_transport_systems,
346,VIT_18s0001g02760,406,0.1977,Lipase GDSL,,,,
347,VIT_01s0137g00080,410,0.1975,Aldehyde dehydrogenase (NAD+),E1_2_1_3,vv10561Glycerolipid_metabolism,vv10010Glycolysis,vv10071Fatty_acid_metabolism
348,VIT_02s0109g00430,408,0.1975,Nitrilase 4 (NIT4),K13035,,vv10910Nitrogen_metabolism,
349,VIT_19s0014g04470,409,0.1970,S-locus protein kinase,,,,
350,VIT_12s0034g00030,404,0.1948,Anthocyanidin 3-O-glucosyltransferase,E2_4_1_115,,vv10942Anthocyanin_biosynthesis,
351,VIT_07s0005g05330,404,0.1948,No hit,,,,
352,VIT_08s0040g01710,403,0.1941,Phenylalanine ammonia-lyase,E4_3_1_5,,vv10350Tyrosine_metabolism,vv10360Phenylalanine_metabolism
353,VIT_10s0003g02010,398,0.1939,RKF1 (receptor-like kinase in flowers 1),,,,
354,VIT_14s0068g01000,403,0.1934,Unknown protein,,,,
355,VIT_07s0031g02880,396,0.1919,No hit,,,,
356,VIT_14s0108g00540,394,0.1914,Phosphofructokinase,E2_7_1_90,,vv10051Fructose_and_mannose_metabolism,
357,VIT_07s0104g01160,395,0.1910,Substrate carrier   Mitochondrial,K03454,,vv50123Porters_cat_18_to_29,
358,VIT_16s0039g02110,395,0.1907,AAA-type ATPase,,,,
359,VIT_13s0019g02350,392,0.1902,Glycoprotein  Mitochondrial,,,,
360,VIT_05s0094g00360,391,0.1901,Chitinase class IV,E3_2_1_14,,vv10530Aminosugars_metabolism,
361,VIT_05s0020g03280,383,0.1847,Copper amine oxidase,E1_4_3_4,,vv10220Urea_cycle_and_metabolism_of_amino_groups,vv10340Histidine_metabolism
362,VIT_11s0118g00050,379,0.1831,EIX receptor,,,,
363,VIT_02s0033g00700,378,0.1829,Nitrilase,E3_5_5_1,,vv10460Cyanoamino_acid_metabolism,vv10910Nitrogen_metabolism
364,VIT_03s0088g00750,374,0.1823,Pathogenesis related protein 1 precursor [Vitis vinifera],PRP1,,vv30011Jasmonate_signaling,vv34626Plant-pathogen_interaction
365,VIT_05s0094g00250,376,0.1823,Chitinase  class IV [Vitis vinifera],E3_2_1_14,,vv10530Aminosugars_metabolism,
366,VIT_01s0026g00820,378,0.1820,IAA-amino acid hydrolase 1 (ILR1),K01463,,vv11002Auxin_biosynthesis,
367,VIT_16s0022g00610,373,0.1802,Unknown protein,,,,
368,VIT_00s0160g00290,372,0.1801,No hit,,,,
369,VIT_07s0104g01770,367,0.1779,RNA recognition motif (RRM)-containing,,,,
370,VIT_14s0068g02240,365,0.1768,HcrVf1 protein,K13466,,vv34626Plant-pathogen_interaction,
371,VIT_14s0006g00340,359,0.1750,No hit,,,,
372,VIT_08s0007g03900,360,0.1745,Heat stress transcription factor A3,HSFA3,,vv60037HSF,
373,VIT_15s0021g01630,362,0.1745,Ethylene responsive element binding factor 2,ERF2_1,,vv30008Ethylene_signaling,vv60003AP2_EREBP
374,VIT_05s0049g01200,360,0.1742,S-locus lectin protein kinase,,,,
375,VIT_09s0002g00510,359,0.1739,Lipase GDSL 1,,,,
376,VIT_04s0044g00270,361,0.1736,Monooxygenase (MO3),,,,
377,VIT_14s0066g02550,356,0.1725,H(+)-ATPase 4 AHA4,K01535,,vv10190Oxidative_phosphorylation,vv50131Primary_active_transporter_cat_A2_to_A4
378,VIT_03s0017g02140,355,0.1722,Tetrahydroxychalcone 2'-glucosyltransferase,THCGT,,vv10941Flavonoid_biosynthesis,
379,VIT_02s0012g02340,349,0.1689,CYP76C4,,,,
380,VIT_04s0044g00220,348,0.1672,Monooxygenase,,,,
381,VIT_03s0088g00700,345,0.1668,Pathogenesis related protein 1 precursor (pr1 gene),PRP1,,vv30011Jasmonate_signaling,vv34626Plant-pathogen_interaction
382,VIT_19s0014g05180,344,0.1667,RPS2 (resistant to p. syringae 2),K13459,,vv34626Plant-pathogen_interaction,
383,VIT_17s0000g06690,341,0.1655,Unknown,,,,
384,VIT_07s0104g00940,338,0.1641,No hit,,,,
385,VIT_02s0087g01020,340,0.1638,CRK10 (cysteine-rich RLK10),,,,
386,VIT_12s0055g01160,336,0.1620,Brassinosteroid insensitive 1-associated receptor kinase 1,BAK1,,vv30005Brassinosteroids_signaling,vv34626Plant-pathogen_interaction
387,VIT_03s0063g02400,335,0.1612,No hit,,,,
388,VIT_09s0002g06660,332,0.1608,DEAD  box  RNA helicase RH15,K12812,,vv23013RNA_transport,vv23015mRNA_surveillance_pathway
389,VIT_08s0058g00690,330,0.1596,WRKY DNA-binding protein 33,WRKY33_3,VvWRKY24,vv34626Plant-pathogen_interaction,vv60066WRKY
390,VIT_04s0043g00690,330,0.1593,ARR22 Type A,ARR22,,vv30007Cytokinin_signaling,vv60072Orphans_Response_reg
391,VIT_14s0060g02750<br>VIT_14s0128g00970<br>VIT_14s0128g00990<br>VIT_14s0128g00980<br>VIT_14s0128g01010<br>VIT_14s0128g01030<br>VIT_14s0128g01020<br>VIT_14s0128g01040,330,0.1591,
392,VIT_15s0046g03290,328,0.1585,Unknown protein,,,,
393,VIT_13s0067g01730,325,0.1582,Steroid 5alpha-reductase,K09591,,vv10905Brassinosteroid_biosynthesis,
394,VIT_05s0077g01660,324,0.1567,Major allergen protein homolog,,,,
395,VIT_00s2776g00010,322,0.1558,S-locus lectin protein kinase,,,,
396,VIT_01s0150g00140,321,0.1541,ORTH2/VIM1 (variant in methylation 1),ORTH2_1,,vv60056SET_PCG,
397,VIT_13s0067g03130,316,0.1532,WRKY DNA-binding protein 55,WRKY55,VvWRKY40,vv60066WRKY,
398,VIT_04s0069g00740,314,0.1521,Glutamate receptor 2.8,GLR2_8,,vv50101Channels_and_pores,
399,VIT_00s0347g00050,314,0.1521,Ser/Thr receptor-like kinase1,,,,
400,VIT_01s0011g01110,311,0.1502,Molybdenum cofactor sulfurase,,,,
401,VIT_17s0000g00800,301,0.1451,Zinc finger (DHHC type),ZFDHHC_11,,vv60079Other_zf-DHHC,
402,VIT_05s0020g02730,296,0.1431,Nectarin IV NEC4,,,,
403,VIT_19s0014g02850,292,0.1411,Dynein light subunit lc6  flagellar outer arm,K10418,,vv44810Regulation_of_actin_cytoskeleton,
404,VIT_04s0008g05350,291,0.1406,Serine hydrolase [Vitis vinifera],E4_3_1_18,,vv10260Glycine_serine_and_threonine_metabolism,
405,VIT_10s0003g05250,292,0.1402,Germin-like protein,,,,
406,VIT_14s0060g00110,287,0.1393,Glutamyl-tRNA synthetase  cytoplasmic,E6_1_1_17,,vv10860Porphyrin_and_chlorophyll_metabolism,vv20970Aminoacyl-tRNA_biosynthesis
407,VIT_17s0000g03560,282,0.1368,(myb domain protein 62,MYB62_1,MYB164,vv60044MYB,
408,VIT_08s0040g00920,284,0.1363,Glutathione S-transferase 25 GSTU7,E2_5_1_18_GSTU7,,vv10480Glutathione_metabolism,
409,VIT_09s0002g06440,279,0.1352,CYP81B2v2,,,,
410,VIT_05s0165g00170,279,0.1339,No hit,,,,
411,VIT_18s0001g05410,275,0.1327,No hit,,,,
412,VIT_00s2558g00010,273,0.1313,TRNA synthetase  class II (D  K and N); Nucleic acid-binding  OB-fold,E6_1_1_6,,vv10300Lysine_biosynthesis,vv20970Aminoacyl-tRNA_biosynthesis
413,VIT_03s0063g01910,270,0.1302,Integral membrane protein,,,,
414,VIT_16s0115g00090,269,0.1302,No hit,,,,
415,VIT_03s0063g01940,269,0.1300,Unknown protein,,,,
416,VIT_12s0121g00340,261,0.1263,No hit,,,,
417,VIT_03s0038g01770,260,0.1257,Disease resistance protein (CC-NBS-LRR class),,,,
418,VIT_12s0059g01080,258,0.1250,Acid phosphatase/vanadium-dependent haloperoxidase,,,,
419,VIT_09s0002g06890,257,0.1248,Dicyanin blue copper protein,,,,
420,VIT_13s0047g00060,259,0.1247,Pentatricopeptide (PPR) repeat-containing protein,,,,
421,VIT_04s0008g03570,255,0.1238,Unknown protein,,,,
422,VIT_15s0048g00150,256,0.1234,No hit,,,,
423,VIT_01s0011g02680,254,0.1233,Myb-related protein 3R-1 (Plant c-MYB-like protein 1) MYB3R1,MYB3R1_5,,vv44110Cell_cycle,vv60044MYB
424,VIT_05s0020g03690<br>VIT_05s0020g03710,253,0.1224,
425,VIT_08s0007g08750,253,0.1223,Heat shock transcription factor B3,HSFB3,,vv60037HSF,
426,VIT_13s0019g01700,253,0.1219,Scarecrow transcription factor 14 (SCL14),SCL14_1,,vv60032GRAS,
427,VIT_14s0030g02050,251,0.1217,Auxin-induced protein PCNT115,AUXREG,,vv30003Auxin_signaling,
428,VIT_16s0098g00110,250,0.1211,Receptor kinase LRK10,,,,
429,VIT_09s0054g01080,249,0.1207,Polygalacturonase QRT3,E3_2_1_15,,vv40006Cell_wall,
430,VIT_08s0007g02110,248,0.1203,EFR (EF-TU receptor),K13428,,vv34626Plant-pathogen_interaction,
431,VIT_08s0040g01020,248,0.1203,DNA helicase SNF2 domain-containing protein,SNF2HEL_9,,vv60058SNF2,
432,VIT_01s0011g00990,249,0.1202,RPM1 (resistance to p. syringae pv maculicola 1),K13457,,vv34626Plant-pathogen_interaction,
433,VIT_05s0094g00170,243,0.1178,Protein transport protein Sec61 subunit beta,K09481,,vv23060Protein_export,vv24141Protein_processing_in_endoplasmic_reticulum
434,VIT_19s0014g00080,243,0.1176,Steroid 5alpha-reductase,K09591,,vv10905Brassinosteroid_biosynthesis,
435,VIT_01s0011g01350,244,0.1174,No hit,,,,
436,VIT_11s0016g01970,244,0.1174,Calmodulin-binding region IQD6,,,,
437,VIT_18s0122g00690,243,0.1174,Laccase,E1_10_3_2,,vv11000Single_reactions,vv50109Incompletely_characterized_transport_systems
438,VIT_07s0005g02560,243,0.1167,Chitinase Class I,E3_2_1_14,,vv10530Aminosugars_metabolism,
439,VIT_03s0017g00500,241,0.1167,No hit,,,,
440,VIT_02s0012g00730,238,0.1148,Purine permease 10 PUP10,PUP10,,vv50122Porters_cat_7_to_17,
441,VIT_08s0007g04310,236,0.1147,Threonine dehydratase/deaminase,E4_3_1_19,,vv10260Glycine_serine_and_threonine_metabolism,vv10290Valine_leucine_and_isoleucine_biosynthesis
442,VIT_16s0013g01860,237,0.1147,No hit,,,,
443,VIT_06s0009g03130,236,0.1140,Cytochrome P450  family 79  subfamily A  polypeptide 2,K12153,,vv10966Glucosinolate_biosynthesis,
444,VIT_01s0113g00400,234,0.1130,No hit,,,,
445,VIT_17s0000g04370,232,0.1125,Wall-associated kinase,,,,
446,VIT_06s0004g06320,232,0.1122,Anthranilate synthase component I-1  chloroplast precursor,E4_1_3_27,,vv10400Phenylalanine_tyrosine_and_tryptophan_biosynthesis,
447,VIT_06s0004g01000,232,0.1121,Dirigent protein,,,,
448,VIT_00s0347g00070,229,0.1112,S-locus lectin protein kinase,,,,
449,VIT_07s0005g02510,230,0.1108,Phytochrome interacting factor 3 (PIF3),PIF3_2,,vv34710Circadian_rhythm,vv60011BHLH
450,VIT_19s0090g01860,226,0.1099,No hit,,,,
451,VIT_07s0095g00060,223,0.1081,Cystathionine gamma-synthase isoform 1,E4_4_1_8,,vv10271Methionine_metabolism,vv10272Cysteine_metabolism
452,VIT_06s0009g02570,220,0.1065,Pectinesterase family,E3_1_1_11,,vv40006Cell_wall,
453,VIT_15s0048g01530,220,0.1062,Geraniol 10-hydroxylase,G10H,,vv10902Monoterpenoid_biosynthesis,
454,VIT_09s0002g08460,219,0.1058,8-amino-7-oxononanoate synthase,E2_3_1_47,,vv10780Biotin_metabolism,
455,VIT_01s0011g02380,219,0.1052,Unknown,,,,
456,VIT_03s0038g01740,218,0.1051,Disease resistance RPP8 2,,,,
457,VIT_18s0001g00920<br>VIT_18s0075g00590<br>VIT_18s0001g00850<br>VIT_18s0075g00780<br>VIT_18s0001g00790<br>VIT_18s0001g00730<br>VIT_18s0001g00310<br>VIT_18s0075g00620<br>VIT_18s0075g00540<br>VIT_18s0075g00600<br>VIT_18s0075g00580<br>VIT_00s0481g00020<br>VIT_18s0001g00930,215,0.1039,
458,VIT_04s0023g02290,214,0.1036,S-adenosyl-L-methionine:salicylic acid carboxyl methyltransferase,SAMTBSCMT,,vv10360Phenylalanine_metabolism,
459,VIT_05s0029g00320,214,0.1034,Unknown,,,,
460,VIT_08s0040g02760,214,0.1030,Ankyrin repeat,K10380,,vv50108Accessory_factors_involved_in_transport,
461,VIT_14s0108g00430,211,0.1023,ABC transporter B member 16,ABCB16,,vv52010ABC_transporters,
462,VIT_05s0051g00140,210,0.1020,RRS1 (resistant to ralstonia solanacearum 1),RRS1,,vv34627R_proteins_from_Plant-pathogen_interaction,
463,VIT_00s0265g00110,209,0.1005,Lectin-receptor like protein kinase 3,,,,
464,VIT_00s1212g00020,207,0.1004,Laccase,E1_10_3_2,,vv11000Single_reactions,vv50109Incompletely_characterized_transport_systems
465,VIT_13s0175g00020,208,0.1001,No hit,,,,
466,VIT_09s0018g01660,205,0.0991,Biopterin transport-related protein BT1,BIOPTERIN,,vv50125Porters_cat_66_to_94,
467,VIT_11s0016g05530,205,0.0987,Plastocyanin domain-containing protein,K02638,,vv10195Photosynthesis,vv50113Thylakoid_targeting_pathway
468,VIT_11s0037g01410,205,0.0986,XBAT32 (XB3 ortholog 2 in Arabidopsis thaliana 32),XBAT32,,vv50108Accessory_factors_involved_in_transport,
469,VIT_07s0031g01090,199,0.0955,Ascorbate oxidase,E1_10_3_3,,vv10053Ascorbate_and_aldarate_metabolism,vv50109Incompletely_characterized_transport_systems
470,VIT_17s0000g03370,198,0.0952,Calmodulin-binding protein,K02183,,vv34020Calcium_signaling_pathway,vv34626Plant-pathogen_interaction
471,VIT_18s0117g00040,195,0.0944,No hit,,,,
472,VIT_03s0017g02170,196,0.0943,Zinc transporter ZIP5,ZIP5,,vv50121Porters_cat_1_to_6,
473,VIT_09s0002g05130,192,0.0929,Zinc finger (C3HC4-type ring finger),ZFC3HC4_53,,vv60078Other_zf-C3HC4,
474,VIT_14s0066g01150,192,0.0929,Cinnamoyl-CoA reductase,E1_2_1_44,,vv10940Phenylpropanoid_biosynthesis,
475,VIT_12s0028g03930,190,0.0925,Retrotransposon protein  Unclassified,,,,
476,VIT_18s0001g01860,191,0.0924,Preprotein translocase secA,K03070,,vv23060Protein_export,vv50113Thylakoid_targeting_pathway
477,VIT_11s0016g01530,192,0.0924,Ankyrin repeat family protein,,,,
478,VIT_12s0028g00860,191,0.0923,NAC domain-containing protein 42,NAC042_5,VvNAC36,vv60046NAC,
479,VIT_02s0025g00420,190,0.0921,WRKY DNA-binding protein 27,WRKY27_2,VvWRKY04,vv60066WRKY,
480,VIT_05s0077g01580,190,0.0917,Pathogenesis protein 10 [Vitis vinifera],,,,
481,VIT_18s0001g15150,186,0.0898,Unknown protein,,,,
482,VIT_18s0117g00550,183,0.0886,Laccase,E1_10_3_2,,vv11000Single_reactions,vv50109Incompletely_characterized_transport_systems
483,VIT_07s0005g01480,181,0.0870,PMR5 (powdery mildew resistant 5),,,,
484,VIT_17s0000g08200,179,0.0859,Phosphoglycerate/bisphosphoglycerate mutase,E5_4_2_1,,vv10010Glycolysis,
485,VIT_19s0014g04250,176,0.0852,S-locus protein kinase,,,,
486,VIT_16s0050g01090,176,0.0851,Beta-carotene hydroxylase,K02294,,vv10906Carotenoid_biosynthesis,
487,VIT_14s0060g00250,175,0.0845,Unknown,,,,
488,VIT_00s0194g00140,172,0.0840,Agenet domain-containing protein,,,,
489,VIT_06s0080g00270,173,0.0838,Zinc finger (C2H2 type) protein (WIP3),WIP3_2,,vv60017C2H2,
490,VIT_12s0034g02240,172,0.0832,Potassium channel AKT2/3,AKT2,,vv50101Channels_and_pores,
491,VIT_09s0096g00500,170,0.0826,Non-symbiotic hemoglobin class 1,C01708,,vv10860Porphyrin_and_chlorophyll_metabolism,
492,VIT_17s0000g03160,170,0.0826,No hit,,,,
493,VIT_08s0058g00270,169,0.0817,Importin beta-2,K14293_2,,vv23013RNA_transport,vv50109Incompletely_characterized_transport_systems
494,VIT_14s0128g00390,168,0.0810,Mitochondrial FAD carrier,MFADC,,vv50123Porters_cat_18_to_29,
495,VIT_02s0025g04520,168,0.0809,Calcium-dependent protein kinase 1 CDPK protein kinase,CDPK1,,vv34626Plant-pathogen_interaction,
496,VIT_14s0083g00340,167,0.0807,Beta-glucan-binding protein 4,E3_2_1_23,,vv10052Galactose_metabolism,vv10511N-Glycan_degradation
497,VIT_06s0061g01400,167,0.0807,CBF transcription factor [Vitis vinifera],CBF1_1,VvERF026,vv30008Ethylene_signaling,vv60003AP2_EREBP
498,VIT_06s0080g01170,165,0.0797,5'-3' exoribonuclease 2,K12619,,vv23008Ribosome_biogenesis_in_Eukaryotes,vv23018RNA_degradation
499,VIT_10s0116g00810,162,0.0784,Root hair defective 3 GTP-binding (RHD3),,,,
500,VIT_19s0085g00390,160,0.0777,Unknown protein,,,,
501,VIT_08s0007g02950,160,0.0773,Unknown protein,,,,
502,VIT_07s0185g00170,161,0.0768,Hexaprenyldihydroxybenzoate methyltransferase,E2_1_1_114,,vv10130Ubiquinone_biosynthesis,
503,VIT_02s0025g02770,158,0.0763,Glucan endo-1 3-beta-glucosidase 7 precursor,E3_2_1_39,,vv10500Starch_and_sucrose_metabolism,
504,VIT_16s0039g00660,155,0.0748,RNA polymerase nonessential primary-like sigma factor SIGA,K03087,,vv23020RNA_polymerase,vv60057Sigma70-like
505,VIT_00s0183g00240,153,0.0739,Elongation factor 1-alpha 1,K03231,,vv23013RNA_transport,
506,VIT_09s0096g01010,153,0.0735,RPP27 (resistance to peronospora parasitica 27),,,,
507,VIT_06s0009g01270,151,0.0734,No hit,,,,
508,VIT_10s0405g00020,152,0.0732,Mo25,K08272,,vv34150mTOR_signaling_pathway,
509,VIT_03s0038g01820,151,0.0731,Translocon-associated protein alpha TRAP complex,K13249,,vv24141Protein_processing_in_endoplasmic_reticulum,vv50133Primary_active_transporter_cat_A9_to_A18
510,VIT_02s0012g00440,149,0.0719,Norcoclaurine synthase,E4_2_1_78,,vv10950Alkaloid_biosynthesis_I,
511,VIT_01s0010g03930,150,0.0719,WRKY DNA-binding protein 75,WRKY75_1,VvWRKY03,vv60066WRKY,
512,VIT_18s0001g03090,147,0.0712,Aspartyl protease,E3_4_23_x,,,
513,VIT_00s0567g00040,148,0.0710,Patatin,,,,
514,VIT_18s0001g01960,145,0.0700,RKF3 (receptor-like kinase IN in flowers 3),,,,
515,VIT_00s0207g00160,143,0.0694,Pathogenesis-related protein 1 precursor (PRP 1),PRP1,,vv30011Jasmonate_signaling,vv34626Plant-pathogen_interaction
516,VIT_07s0005g01190,142,0.0688,Unknown protein,,,,
517,VIT_13s0019g03970,143,0.0688,Ribosomal protein P0 (RPP0A) acidic 60S,K02941,,vv23010Ribosome,
518,VIT_17s0000g05810,142,0.0686,WRKY DNA-binding protein 72,WRKY72_2,VvWRKY53,vv60066WRKY,
519,VIT_01s0010g01960,142,0.0685,Anionic peroxidase,E1_11_1_7,,vv10360Phenylalanine_metabolism,vv10680Methane_metabolism
520,VIT_12s0134g00060,141,0.0684,Ribosomal protein L2,K02886,,vv23010Ribosome,
521,VIT_09s0002g05170,138,0.0670,Unknown protein,,,,
522,VIT_19s0027g00860,137,0.0662,NAC domain-containing protein 42,NAC042_2,VvNAC31,vv60046NAC,
523,VIT_02s0033g00660<br>VIT_02s0033g00850<br>VIT_02s0033g00870<br>VIT_02s0033g00800,136,0.0659,
524,VIT_07s0031g02520,135,0.0653,Unknown protein,,,,
525,VIT_18s0166g00230,133,0.0644,S-receptor kinase,,,,
526,VIT_16s0148g00060,133,0.0639,Receptor kinase homolog LRK10,,,,
527,VIT_02s0012g01680,132,0.0635,Trehalose phosphatase 5,E3_1_3_12,,vv10500Starch_and_sucrose_metabolism,
528,VIT_13s0084g00240,131,0.0633,Steroid sulfotransferase,E2_8_2_15,,vv11000Single_reactions,
529,VIT_11s0065g00610,130,0.0630,No hit,,,,
530,VIT_13s0156g00590,129,0.0628,S-receptor kinase,,,,
531,VIT_12s0059g00800,131,0.0627,DNA helicase SNF2 domain-containing protein,SNF2HEL_13,,vv60058SNF2,
532,VIT_09s0002g02030,128,0.0620,Pyruvoyl-dependent arginine decarboxylase,E4_1_1_19,,vv10220Urea_cycle_and_metabolism_of_amino_groups,vv10251Glutamate_metabolism
533,VIT_19s0090g00170,128,0.0616,5-alpha-taxadienol-10-beta-hydroxylase,E1_14_13_76,,vv10904Diterpenoid_biosynthesis,
534,VIT_19s0014g03030,127,0.0612,No hit,,,,
535,VIT_14s0060g00150,124,0.0600,Nectarin-1NECI,,,,
536,VIT_04s0079g00750,122,0.0588,No hit,,,,
537,VIT_09s0002g05560,122,0.0587,ABC transporter g family pleiotropic drug resistance 12 PDR12,ABCGPDR12,,vv52010ABC_transporters,
538,VIT_11s0149g00280,120,0.0580,Chitinase A,E3_2_1_14,,vv10530Aminosugars_metabolism,
539,VIT_18s0072g00260,118,0.0566,Ethylene-responsive transcription factor related to APETALA2 6,RAP2_6,VvERF114,vv30008Ethylene_signaling,vv60003AP2_EREBP
540,VIT_18s0001g01050,115,0.0555,Zinc finger (C3HC4-type ring finger),ZFC3HC4_112,,vv60078Other_zf-C3HC4,
541,VIT_12s0035g00920,115,0.0552,Unknown protein,,,,
542,VIT_19s0014g04180,113,0.0549,Curculin (mannose-binding) lectin,,,,
543,VIT_12s0028g00610,113,0.0546,Aspartyl protease,E3_4_23_x,,,
544,VIT_10s0003g04820,111,0.0539,No hit,,,,
545,VIT_02s0025g04870,110,0.0531,No hit,,,,
546,VIT_17s0000g07640,110,0.0528,Mannose-1-phosphate guanyltransferase,E2_7_7_23,,vv10530Aminosugars_metabolism,
547,VIT_18s0001g08820,108,0.0523,Unknown protein,,,,
548,VIT_03s0038g02960,106,0.0512,Pentatricopeptide (PPR) repeat-containing protein,,,,
549,VIT_01s0026g01140,105,0.0505,ZCW32 (BIGPETAL  BIGPETALUB),ZCW32_2,,vv60011BHLH,
550,VIT_01s0011g04840,102,0.0494,No hit,,,,
551,VIT_06s0009g01810,101,0.0489,APK2A (protein kinase 2A),,,,
552,VIT_03s0063g02560,100,0.0484,Phenylalanyl-tRNA synthetase alpha chain,E6_1_1_20,,vv10400Phenylalanine_tyrosine_and_tryptophan_biosynthesis,vv20970Aminoacyl-tRNA_biosynthesis
553,VIT_17s0053g00750,99,0.0482,Unknown protein,,,,
554,VIT_15s0046g00010,99,0.0480,No hit,,,,
555,VIT_05s0049g00130,98,0.0475,forkhead-associated domain-containing protein,FHADOM_13,,vv60028FHA,
556,VIT_05s0020g02080,98,0.0473,Zinc finger (C3HC4-type ring finger),ZFC3HC4_164,,vv60078Other_zf-C3HC4,
557,VIT_01s0011g06150,97,0.0470,Receptor protein kinase,,,,
558,VIT_02s0033g01380,95,0.0458,Alternative oxidase 1D,AOX1D,,vv30001ABA_signaling,
559,VIT_18s0001g01470,90,0.0435,No hit,,,,
560,VIT_17s0000g06390,90,0.0434,Pentatricopeptide (PPR) repeat-containing protein,,,,
561,VIT_18s0001g15130,90,0.0434,WD40 repeat protein,,,,
562,VIT_00s0508g00010,89,0.0431,No hit,,,,
563,VIT_08s0007g00620,87,0.0419,Zinc finger (DHHC type),ZFDHHC_8,,vv60079Other_zf-DHHC,
564,VIT_05s0077g01250,86,0.0418,Endochitinase A2 precursor,E3_2_1_14,,vv10530Aminosugars_metabolism,
565,VIT_16s0039g01260,86,0.0416,Ser/Thr receptor-like kinase1,,,,
566,VIT_03s0088g00710,84,0.0407,Pathogenesis-related protein 1 precursor (PRP 1),PRP1,,vv30011Jasmonate_signaling,vv34626Plant-pathogen_interaction
567,VIT_16s0098g00460,83,0.0404,Lipase class 3,,,,
568,VIT_01s0011g06240,83,0.0400,Cytochrome B561,K08360,,vv50105Transport_electron_carriers,
569,VIT_01s0011g03650,82,0.0398,Map kinase substrate 1 MKS1,,,,
570,VIT_16s0148g00210,82,0.0397,Receptor kinase homolog LRK10,,,,
571,VIT_18s0001g09560,81,0.0392,No hit,,,,
572,VIT_05s0094g00500,80,0.0386,C2 domain-containing protein,,,,
573,VIT_12s0178g00060,80,0.0384,Diacylglycerol kinase 2,E2_7_1_107,,vv10561Glycerolipid_metabolism,vv10564Glycerophospholipid_metabolism
574,VIT_04s0079g00020,79,0.0382,Cysteine-rich receptor-like protein kinase 2,,,,
575,VIT_09s0002g06940,78,0.0381,ABC transporter g family pleiotropic drug resistance 12 PDR12,ABCGPDR12,,vv52010ABC_transporters,
576,VIT_04s0043g00250,76,0.0368,Nonsense-mediated mRNA decay NMD3,K07562,,vv23008Ribosome_biogenesis_in_Eukaryotes,vv23013RNA_transport
577,VIT_15s0046g00170,76,0.0368,MYBPA1 protein [Vitis vinifera],MYBPA1,MYBPA1,vv60044MYB,
578,VIT_14s0066g01670,76,0.0367,Alpha-dioxygenase,K10529,,vv10592alpha-Linolenic_acid_metabolism,
579,VIT_18s0001g06680,75,0.0363,far-red impaired responsive family protein,FRSFAM_15,,vv60071Orphans_far-red,
580,VIT_11s0037g01270,75,0.0362,R protein disease resistance protein,RPROT,,vv34627R_proteins_from_Plant-pathogen_interaction,
581,VIT_11s0016g01860,75,0.0361,RPS2 (resistant to p. syringae 2),K13459,,vv34626Plant-pathogen_interaction,
582,VIT_09s0002g05470,74,0.0359,ABC transporter g family pleiotropic drug resistance 12 PDR12,ABCGPDR12,,vv52010ABC_transporters,
583,VIT_10s0003g04050,74,0.0357,Unknown protein,,,,
584,VIT_00s0294g00090,74,0.0356,Ser/Thr receptor-like kinase1,,,,
585,VIT_08s0007g05970,74,0.0355,Purple acid phosphatase 16 ATPAP16/PAP16,E3_1_3_2,,vv10740Riboflavin_metabolism,
586,VIT_07s0031g00590,73,0.0355,Triacylglycerol lipase,E3_1_1_3,,vv10561Glycerolipid_metabolism,
587,VIT_14s0171g00400,73,0.0352,Lysine histidine transporter 1,LHT1,,vv50123Porters_cat_18_to_29,
588,VIT_00s0125g00160,73,0.0352,No hit,,,,
589,VIT_18s0001g07380,71,0.0343,DNA-binding protein,,,,
590,VIT_02s0025g04250,71,0.0343,Osmotin,,,,
591,VIT_07s0191g00070,70,0.0338,SNF1-related protein kinase 2.7 SNRK2.7 SRK2F,SRK2F,,vv30001ABA_signaling,
592,VIT_13s0084g00800,69,0.0334,Transcription factor,TRIHELIXDOM_7,,vv60062Trihelix,
593,VIT_13s0064g01110,68,0.0327,No hit,,,,
594,VIT_05s0049g01420,68,0.0326,Peroxisomal membrane protein PMP22,,,,
595,VIT_03s0038g03530,67,0.0325,LYS/HIS transporter 7,LHT7,,vv50123Porters_cat_18_to_29,
596,VIT_08s0007g05830,65,0.0314,No hit,,,,
597,VIT_05s0049g00640,65,0.0314,Unknown,,,,
598,VIT_10s0003g05450,65,0.0313,Reticuline oxidase precursor,E1_21_3_3,,vv10950Alkaloid_biosynthesis_I,
599,VIT_12s0055g01250<br>VIT_09s0018g01580<br>VIT_10s0003g03240<br>VIT_18s0001g14590,65,0.0313,
600,VIT_02s0236g00120,65,0.0312,Unknown,,,,
601,VIT_15s0021g01130,64,0.0310,Rho GTPase; Rho GTP binding protein,E3_6_5_1,,,
602,VIT_06s0061g01210,64,0.0308,Lysine histidine transporter 1,LHT1,,vv50123Porters_cat_18_to_29,
603,VIT_16s0100g00870,63,0.0305,No hit,,,,
604,VIT_08s0007g01560,63,0.0303,Photoassimilate-responsive protein,,,,
605,VIT_15s0024g00510,62,0.0300,No hit,,,,
606,VIT_01s0011g06500,62,0.0299,NADPH-dependent codeinone reductase,E1_1_1_247,,vv10950Alkaloid_biosynthesis_I,
607,VIT_18s0122g00540,62,0.0298,No hit,,,,
608,VIT_13s0074g00800,61,0.0296,CCHC-type integrase,,,,
609,VIT_00s0586g00020,61,0.0295,Unknown protein,,,,
610,VIT_17s0000g06710,61,0.0294,Leucine-rich repeat transmembrane protein kinase,,,,
611,VIT_13s0106g00780,60,0.0292,Hydrolase  alpha/beta fold,,,,
612,VIT_07s0191g00080,59,0.0285,GCR2-like 1 ABA receptor,,,,
613,VIT_04s0023g02280,58,0.0281,S-adenosyl-L-methionine:salicylic acid carboxyl methyltransferase,SAMTBSCMT,,vv10360Phenylalanine_metabolism,
614,VIT_18s0001g14710,58,0.0281,Ketol-acid reductoisomerase precursor,E1_1_1_86,,vv10290Valine_leucine_and_isoleucine_biosynthesis,vv10770Pantothenate_and_CoA_biosynthesis
615,VIT_15s0024g01720,58,0.0280,TIR-NBS-LRR type R protein 7,,,,
616,VIT_13s0106g00740,57,0.0275,Bile acid:sodium symporter,K03453,,vv50123Porters_cat_18_to_29,
617,VIT_06s0004g06480,56,0.0270,CYP71E,E1_14_13_73,,vv10902Monoterpenoid_biosynthesis,
618,VIT_16s0039g01870,55,0.0268,Protein kinase,,,,
619,VIT_09s0002g09000,55,0.0266,No hit,,,,
620,VIT_02s0033g00270,55,0.0266,Pinoresinol-lariciresinol reductase,PLR,,vv10940Phenylpropanoid_biosynthesis,
621,VIT_16s0098g00090,54,0.0260,Zinc finger (C3HC4-type ring finger),ZFC3HC4_45,,vv60078Other_zf-C3HC4,
622,VIT_17s0000g04380,53,0.0257,Wall-associated kinase 1 (WAK1),,,,
623,VIT_15s0024g00190,52,0.0251,No hit,,,,
624,VIT_18s0001g04860,52,0.0251,Aspartate transaminase.,E2_6_1_1,vv10710Carbon_fixation,vv10252Alanine_and_aspartate_metabolism,vv10272Cysteine_metabolism
625,VIT_19s0014g04280,52,0.0250,S-locus protein kinase,,,,
626,VIT_00s0388g00010,51,0.0248,Serine/threonine kinase,,,,
627,VIT_15s0046g03310,51,0.0247,Unknown protein,,,,
628,VIT_16s0039g01090,50,0.0243,CYP89A2,,,,
629,VIT_05s0049g00490,50,0.0243,Ethylene response factor ERF14,ERF14_2,VvERF109,vv30008Ethylene_signaling,vv60003AP2_EREBP
630,VIT_19s0027g00880,50,0.0242,NAC domain-containing protein 42,NAC042_7,VvNAC29,vv60046NAC,
631,VIT_01s0011g03420,50,0.0241,Unknown protein,,,,
632,VIT_07s0005g02050,49,0.0238,Carboxylic ester hydrolase,E3_1_1_1,,,
633,VIT_14s0060g00520,49,0.0237,TPA: class III peroxidase 70 precursor,E1_11_1_7,,vv10360Phenylalanine_metabolism,vv10680Methane_metabolism
634,VIT_01s0010g03600,49,0.0236,Rubber elongation factor (REF),,,,
635,VIT_07s0151g01070,48,0.0233,Copalyl diphosphate synthase,E5_5_1_12,,vv10904Diterpenoid_biosynthesis,
636,VIT_10s0003g00180,47,0.0227,Drought induced 19 protein,,,,
637,VIT_19s0085g00060,46,0.0224,ABC transporter B member 11,K05664,,vv52010ABC_transporters,
638,VIT_11s0016g01470,46,0.0223,Lecithine cholesterol acyltransferase,E2_3_1_43,,vv10564Glycerophospholipid_metabolism,
639,VIT_00s1737g00010,46,0.0222,Zinc finger (DHHC type),ZFDHHC_25,,vv60079Other_zf-DHHC,
640,VIT_15s0048g00510,46,0.0222,Pectinesterase family,E3_1_1_11,,vv40006Cell_wall,
641,VIT_05s0020g04280,45,0.0219,Ca2+-ATPase 13 ACA13  plasma membrane,K01537,,vv34020Calcium_signaling_pathway,vv50131Primary_active_transporter_cat_A2_to_A4
642,VIT_01s0146g00070,45,0.0217,11-beta-hydroxysteroid dehydrogenase,E1_1_1_146,,vv10140C21-Steroid_hormone_metabolism,
643,VIT_00s0282g00050,45,0.0216,Separase,K02365,,,
644,VIT_16s0022g01800,44,0.0213,RRNA-processing protein EBP2,,,,
645,VIT_05s0102g00790,44,0.0213,Unknown protein,,,,
646,VIT_14s0006g00650,44,0.0213,NET1-associated nuclear protein 1 UTP!/,K14552,,vv23008Ribosome_biogenesis_in_Eukaryotes,
647,VIT_12s0034g01000,43,0.0208,Ribosomal protein P0 acidic,K02941,,vv23010Ribosome,
648,VIT_17s0000g05710,43,0.0208,Unknown,,,,
649,VIT_13s0147g00110,43,0.0208,ferredoxin,K02639,,vv10195Photosynthesis,
650,VIT_09s0002g09180,43,0.0208,No hit,,,,
651,VIT_06s0004g02010,43,0.0207,No hit,,,,
652,VIT_13s0019g01470,42,0.0203,Geranylgeranyltransferase type I beta subunit,E2_5_1_59,,vv10100Biosynthesis_of_steroids,
653,VIT_01s0011g00590,41,0.0200,Acclimation of photosynthesis to environment,APE2,,vv50122Porters_cat_7_to_17,
654,VIT_13s0067g00610,41,0.0198,Yippee,,,,
655,VIT_00s0780g00030,40,0.0194,No hit,,,,
656,VIT_18s0041g02070,40,0.0194,12-oxophytodienoate reductase 1,E1_3_1_42,,vv10592alpha-Linolenic_acid_metabolism,
657,VIT_13s0019g02600,40,0.0192,Subtilisin protease C1,SBT4_13,,,
658,VIT_07s0141g00530,39,0.0189,U3 small nucleolar RNA-associated protein 18,K14553,,vv23008Ribosome_biogenesis_in_Eukaryotes,
659,VIT_06s0004g00020,39,0.0189,NAC domain containing protein 32,NAC032,VvNAC44,vv60046NAC,
660,VIT_00s0262g00020,39,0.0187,Receptor kinase RK20-1,,,,
661,VIT_05s0049g01980,38,0.0184,3-isopropylmalate dehydratase large subunit 2,E4_2_1_33,,vv10290Valine_leucine_and_isoleucine_biosynthesis,
662,VIT_03s0088g01140,37,0.0180,Squalene monooxygenase 2,E1_14_99_7,,vv10100Biosynthesis_of_steroids,vv10900Terpenoid_biosynthesis
663,VIT_04s0043g00380,37,0.0179,Unknown protein,,,,
664,VIT_18s0117g00060,37,0.0179,R protein L6,K13477,,vv34627R_proteins_from_Plant-pathogen_interaction,
665,VIT_05s0049g01550,37,0.0179,Peptide transporter protein 3,PTR3,,vv50122Porters_cat_7_to_17,
666,VIT_15s0046g01640,37,0.0178,Abl interactor protein 1 (ABIL1),,,,
667,VIT_12s0028g03220,37,0.0178,STT3B (staurosporin and temperature sensitive 3-like B),K07151,,vv10510N-Glycan_biosynthesis,vv24141Protein_processing_in_endoplasmic_reticulum
668,VIT_12s0035g01510<br>VIT_00s0174g00240,36,0.0174,
669,VIT_06s0004g00890,36,0.0174,Unknown protein,,,,
670,VIT_13s0019g01940,35,0.0170,Laccase,E1_10_3_2,,vv11000Single_reactions,vv50109Incompletely_characterized_transport_systems
671,VIT_03s0091g01110,35,0.0170,Meprin and TRAF homology domain-containing protein,,,,
672,VIT_18s0117g00030,35,0.0169,No hit,,,,
673,VIT_08s0056g00300,34,0.0163,Unknown,,,,
674,VIT_18s0001g12590,33,0.0159,No hit,,,,
675,VIT_01s0010g03690,33,0.0159,Splicing factor YT521-B,,,,
676,VIT_03s0038g04050,33,0.0159,Unknown,,,,
677,VIT_07s0031g00570,33,0.0159,Lipase class 3,,,,
678,VIT_05s0077g01710,33,0.0158,U3 small nucleolar RNA-associated protein 5,K14546,,vv23008Ribosome_biogenesis_in_Eukaryotes,
679,VIT_19s0015g01750,32,0.0155,WD-40 repeat,,,,
680,VIT_19s0014g04620,31,0.0151,S-locus receptor kinase,,,,
681,VIT_04s0008g07250,31,0.0150,Aspartyl protease,E3_4_23_x,,,
682,VIT_00s0227g00060,30,0.0146,WD-40 repeat protein,,,,
683,VIT_07s0005g01180,30,0.0145,Unknown protein,,,,
684,VIT_18s0001g07230,30,0.0145,Periplasmic divalent cation tolerance protein,K03926,,vv50109Incompletely_characterized_transport_systems,
685,VIT_02s0012g02370,29,0.0141,Geraniol 10-hydroxylase,G10H,,vv10902Monoterpenoid_biosynthesis,
686,VIT_15s0048g01080,29,0.0140,Unknown,,,,
687,VIT_05s0029g00060,29,0.0140,Myb UNE16 (unfertilized embryo sac 16),UNE16_1,,vv60029G2-like,
688,VIT_02s0087g01010,29,0.0140,CRK10 (cysteine-rich RLK10),,,,
689,VIT_19s0090g00220,29,0.0140,CRS2-associated factor 2  mitochondrial precursor,,,,
690,VIT_16s0050g02210,28,0.0136,Chitinase III [Vitis vinifera],E3_2_1_14,,vv10530Aminosugars_metabolism,
691,VIT_15s0024g00690,28,0.0136,Unknown protein,,,,
692,VIT_02s0025g03300,28,0.0135,Potassium channel tetramerisation domain-containing protein,KCTREL,,vv50101Channels_and_pores,
693,VIT_07s0031g00460,27,0.0131,Nicotinate phosphoribosyltransferase,E2_4_2_11,,vv10760Nicotinate_and_nicotinamide_metabolism,
694,VIT_07s0031g00090,27,0.0131,TRNA-dihydrouridine synthase B,E1_3_3_1,,vv10240Pyrimidine_metabolism,
695,VIT_05s0051g00790,27,0.0130,Glutamate receptor protein,GLR2_7,,vv50101Channels_and_pores,
696,VIT_04s0023g01830,26,0.0126,U3 small nucleolar RNA-associated protein 22,K14544,,vv23008Ribosome_biogenesis_in_Eukaryotes,
697,VIT_17s0000g00680,26,0.0125,No hit,,,,
698,VIT_11s0118g00080,26,0.0125,Disease resistance protein,,,,
699,VIT_06s0004g00790,26,0.0125,Amino acid permease,AAPREL,,vv50123Porters_cat_18_to_29,
700,VIT_12s0057g01100,26,0.0125,Nudix hydrolase 2,,,,
701,VIT_12s0178g00170,25,0.0121,Diacylglycerol kinase 1,E2_7_1_107,,vv10561Glycerolipid_metabolism,vv10564Glycerophospholipid_metabolism
702,VIT_04s0044g00530,25,0.0121,PAP/fibrillin family,K06825,,,
703,VIT_00s1450g00010,25,0.0121,Protease Do-like 5,,,,
704,VIT_13s0067g02630,25,0.0121,No hit,,,,
705,VIT_19s0085g00590,25,0.0120,No hit,,,,
706,VIT_13s0067g02500,24,0.0116,Xanthine/uracil permease,K06901,,vv50121Porters_cat_1_to_6,
707,VIT_12s0028g01410,23,0.0112,Heat shock transcription factor A4A,HSFA4A_3,,vv60037HSF,
708,VIT_07s0031g02400,23,0.0112,Amino acid permease,AAPREL,,vv50123Porters_cat_18_to_29,
709,VIT_01s0026g02110,23,0.0111,Ribosomal protein S9 (RPS9C) 40S,K02997,,vv23010Ribosome,
710,VIT_14s0068g01190,23,0.0111,Aspartate kinase,E2_7_2_4,,vv10260Glycine_serine_and_threonine_metabolism,vv10300Lysine_biosynthesis
711,VIT_06s0009g02600<br>VIT_06s0009g02630,23,0.0111,
712,VIT_04s0023g01080,23,0.0110,Lys Motif-Type Receptor-Like Kinase LYK4,,,,
713,VIT_10s0116g00070,23,0.0110,Unknown,,,,
714,VIT_14s0066g01650,22,0.0107,Nodulin MtN21 family,MTN21,,vv50122Porters_cat_7_to_17,
715,VIT_18s0001g15660,22,0.0107,Pathogen-related,,,,
716,VIT_17s0000g08770,22,0.0107,Cysteine-rich receptor-like protein kinase 2,,,,
717,VIT_03s0038g03400,22,0.0107,Endochitinase 1  basic,E3_2_1_14,,vv10530Aminosugars_metabolism,
718,VIT_18s0001g00220,22,0.0106,Unknown,,,,
719,VIT_01s0011g02530,22,0.0106,Carboxylesterase,E3_1_1_1,,,
720,VIT_16s0039g01070,22,0.0106,Glutathione S-transferase 25 GSTU7,E2_5_1_18_GSTU7,,vv10480Glutathione_metabolism,
721,VIT_01s0010g02350,22,0.0106,Protein phosphatase 2 (formerly 2A)  regulatory subunit B',K11584,,vv23015mRNA_surveillance_pathway,
722,VIT_08s0007g05330,22,0.0106,EDA7 (embryo sac development arrest 7),,,,
723,VIT_01s0150g00410,22,0.0106,Unknown protein,,,,
724,VIT_06s0004g06360,22,0.0106,No hit,,,,
725,VIT_13s0019g00920,21,0.0102,Unknown,,,,
726,VIT_05s0094g01070,21,0.0102,Leucine zipper-EF-hand containing transmembrane protein 1,LETM1,,vv50125Porters_cat_66_to_94,
727,VIT_10s0003g05430,21,0.0102,Reticuline oxidase precursor,E1_21_3_3,,vv10950Alkaloid_biosynthesis_I,
728,VIT_05s0049g01080,21,0.0102,Glutathione S-transferase 25 GSTU7,E2_5_1_18_GSTU7,,vv10480Glutathione_metabolism,
729,VIT_06s0004g03330,21,0.0102,Lateral organ boundaries protein 11,LBD11_1,,vv60007AS2,
730,VIT_06s0004g07770,21,0.0101,Peroxidase,E1_11_1_7,,vv10360Phenylalanine_metabolism,vv10680Methane_metabolism
731,VIT_06s0004g08410,21,0.0101,Bis(5'-adenosyl)-triphosphatase,E3_6_1_29,,vv10230Purine_metabolism,
732,VIT_01s0011g03850,21,0.0101,Unknown protein,,,,
733,VIT_18s0001g12400,20,0.0097,Unknown protein,,,,
734,VIT_19s0014g05110,20,0.0097,Unknown,,,,
735,VIT_02s0025g02170,20,0.0097,Trehalase precursor,E2_4_1_15,,vv10500Starch_and_sucrose_metabolism,
736,VIT_03s0091g00090,19,0.0093,No hit,,,,
737,VIT_15s0021g01600,19,0.0092,Ethylene responsive element binding factor 2,ERF2,VvERF073,vv30008Ethylene_signaling,
738,VIT_08s0007g01470,19,0.0092,Copper transporter 3,COPT3,,vv50101Channels_and_pores,
739,VIT_12s0035g01650,19,0.0092,NtPRp27 secretory protein,,,,
740,VIT_18s0166g00070,19,0.0092,No hit,,,,
741,VIT_02s0025g03260,19,0.0092,Aquaporin NIP5;1,NIP5_1,,vv50101Channels_and_pores,
742,VIT_14s0068g01580,19,0.0092,Basic helix-loop-helix (bHLH) family,BHLHDOM_50,,vv60011BHLH,
743,VIT_03s0088g00140,19,0.0092,Isoflavone reductase protein 2,E1_3_1_45,,vv10943Isoflavonoid_biosynthesis,
744,VIT_14s0060g02760,19,0.0091,Germin-like protein 3 [Vitis vinifera],,,,
745,VIT_04s0008g05970,19,0.0091,Unknown protein,,,,
746,VIT_18s0001g12500,18,0.0087,Unknown protein,,,,
747,VIT_17s0000g03050,18,0.0087,Nodulin MtN21 family,MTN21,,vv50122Porters_cat_7_to_17,
748,VIT_01s0026g01730,18,0.0087,WRKY DNA-binding protein 72,WRKY72_1,VvWRKY02,vv60066WRKY,
749,VIT_04s0023g02900,18,0.0087,Ferulate-5-hydroxylase,K09755,,vv10940Phenylpropanoid_biosynthesis,
750,VIT_16s0039g02890,18,0.0087,No hit,,,,
751,VIT_15s0021g02870,18,0.0087,Elongation factor EF-G,K02355,,,
752,VIT_13s0067g03200,18,0.0087,Proton-dependent oligopeptide transport (POT) family protein,POT,,vv50122Porters_cat_7_to_17,
753,VIT_14s0083g00350,18,0.0087,Beta-glucan-binding protein 5,E3_2_1_23,,vv10052Galactose_metabolism,vv10511N-Glycan_degradation
754,VIT_11s0078g00050,18,0.0086,No hit,,,,
755,VIT_18s0001g00270,17,0.0082,No hit,,,,
756,VIT_11s0118g00690,17,0.0082,No hit,,,,
757,VIT_08s0032g00730,17,0.0082,F-box and JmjC domain protein,JMJD7_1,,vv60038Jumonji,
758,VIT_05s0062g00790,16,0.0078,NSL1 (necrotic spotted lesions 1),,,,
759,VIT_03s0017g01220,16,0.0078,Polyadenylate-binding protein 2,K14396,,vv23015mRNA_surveillance_pathway,
760,VIT_14s0036g00480,16,0.0077,Tyrosyl-tRNA synthetase,E6_1_1_1,,vv10400Phenylalanine_tyrosine_and_tryptophan_biosynthesis,vv20970Aminoacyl-tRNA_biosynthesis
761,VIT_19s0027g00870,16,0.0077,NAC domain-containing protein 42,NAC042_3,VvNAC30,vv60046NAC,
762,VIT_05s0020g03220,16,0.0077,S-receptor kinase,,,,
763,VIT_10s0003g00340,16,0.0077,ACR4 (Arabidopsis CRINKLY4),,,,
764,VIT_03s0063g01820,16,0.0077,AOS (allene oxide synthase),E4_2_1_92,,vv10592alpha-Linolenic_acid_metabolism,
765,VIT_00s0181g00170,16,0.0077,F-box family protein,,,,
766,VIT_12s0121g00130,16,0.0077,No hit,,,,
767,VIT_18s0001g04410,15,0.0073,No hit,,,,
768,VIT_19s0015g00120,15,0.0073,No hit,,,,
769,VIT_15s0046g02810,15,0.0073,R protein  PRF  disease resistance protein,K13453,,vv34627R_proteins_from_Plant-pathogen_interaction,
770,VIT_10s0003g05640,15,0.0073,UDP-arabinose 4-epimerase 3,E5_1_3_5,,vv10520Nucleotide_sugars_metabolism,
771,VIT_14s0083g01170,15,0.0073,Mitochondrial substrate carrier family protein,K03454,,vv50123Porters_cat_18_to_29,
772,VIT_08s0058g01060,15,0.0073,No hit,,,,
773,VIT_02s0012g01670,15,0.0073,R-mandelonitrile lyase isoform 1 precursor,E4_1_2_10,,vv10460Cyanoamino_acid_metabolism,
774,VIT_00s0335g00070,15,0.0073,No hit,,,,
775,VIT_06s0004g00370,15,0.0072,Hcr2-p4.1,,,,
776,VIT_05s0020g02200,15,0.0072,Inosine-uridine preferring nucleoside hydrolase,E3_2_2_1,,vv10230Purine_metabolism,vv10760Nicotinate_and_nicotinamide_metabolism
777,VIT_05s0049g00030,15,0.0072,Nodulin,,,,
778,VIT_07s0031g01420,15,0.0072,ATATH13,ATH13,,vv52010ABC_transporters,
779,VIT_07s0191g00060,14,0.0068,Ribosomal protein S6 (RPS6B) 40S,K02991,,vv23010Ribosome,vv34150mTOR_signaling_pathway
780,VIT_05s0165g00100,14,0.0067,Elongation factor 1-alpha,K03231,,vv23013RNA_transport,
781,VIT_06s0004g01580,13,0.0063,Lipoxygenase,E1_13_11_12,,vv10592alpha-Linolenic_acid_metabolism,
782,VIT_18s0001g05060,13,0.0063,2 3-bisphosphoglycerate-dependent phosphoglycerate mutase,E5_4_2_1,,vv10010Glycolysis,
783,VIT_19s0014g03380,13,0.0063,3'(2') 5'-bisphosphate nucleotidase,E3_1_3_7,,vv10920Sulfur_metabolism,
784,VIT_12s0028g00510,13,0.0063,Lipase class 3,,,,
785,VIT_14s0083g01150,13,0.0063,COBRA protein,COBRA,,vv40006Cell_wall,
786,VIT_15s0048g01390,13,0.0063,Gibberellin receptor GID1L3,GID1C,,vv30010Gibberellin_signaling,
787,VIT_04s0069g01010,13,0.0063,Harpin-induced protein,,,,
788,VIT_00s0746g00010<br>VIT_00s0871g00010<br>VIT_16s0013g01420<br>VIT_00s0655g00020,12,0.0058,
789,VIT_08s0007g03890,12,0.0058,Brix domain-containing protein,,,,
790,VIT_05s0029g00630,12,0.0058,Unknown,,,,
791,VIT_04s0023g00270,12,0.0058,CBS domain-containing protein,,,,
792,VIT_00s0332g00070,12,0.0058,No hit,,,,
793,VIT_06s0004g03350,12,0.0058,Lateral organ boundaries protein 1,LBD1_5,,vv60007AS2,
794,VIT_03s0038g00090,12,0.0058,Epoxide hydrolase-like protein,E3_3_2_10,,,
795,VIT_08s0058g00070,12,0.0058,Disease resistance protein SlVe2 precursor,,,,
796,VIT_01s0011g06140,12,0.0058,Avr9/Cf-9 rapidly elicited protein,,,,
797,VIT_12s0059g00600,12,0.0058,Unknown protein,,,,
798,VIT_09s0002g02810,12,0.0058,Light repressible receptor protein kinase,,,,
799,VIT_13s0047g00040,12,0.0058,ZIFL1 (Zinc induced facilitator 1),ZIFL1,,vv50121Porters_cat_1_to_6,
800,VIT_03s0038g03640,12,0.0057,Phosphoglycerate mutase,E5_4_2_1,,vv10010Glycolysis,
801,VIT_00s1677g00010,11,0.0053,Peroxidase 64,E1_11_1_7,,vv10360Phenylalanine_metabolism,vv10680Methane_metabolism
802,VIT_15s0024g02000,11,0.0053,MADS-box protein AGL24,AGL24_3,,vv30009Flower_development,vv60042MADS
803,VIT_12s0035g01700,10,0.0049,Glutamine-rich protein23,GRP23,,,
804,VIT_03s0038g02940,10,0.0049,Transducin protein,,,,
805,VIT_11s0065g00520,10,0.0048,Small G protein / RhoGAP,RHOGAP,,vv50109Incompletely_characterized_transport_systems,
806,VIT_07s0104g01710,10,0.0048,HAK5 (High affinity K+ transporter 5),HAK5,,vv50125Porters_cat_66_to_94,
807,VIT_00s0179g00350,10,0.0048,Pyruvate kinase isozyme A  chloroplast precursor,E2_7_1_40,,vv10010Glycolysis,vv10230Purine_metabolism
808,VIT_11s0016g01650,10,0.0048,Ankyrin repeat,,,,
809,VIT_12s0059g00850,10,0.0048,Phosphatidylinositol 3- and 4-kinase / ubiquitin,,,,
810,VIT_00s0612g00010,9,0.0044,Phospholipase/carboxylesterase,E3_1_1_1,,,
811,VIT_08s0056g00170,9,0.0044,No hit,,,,
812,VIT_01s0011g01810,9,0.0044,No hit,,,,
813,VIT_07s0005g00470,9,0.0044,Brix domain-containing protein,,,,
814,VIT_16s0050g01830,9,0.0044,AAA-type ATPase,,,,
815,VIT_12s0057g01260,9,0.0044,Unknown protein,,,,
816,VIT_19s0090g00060,9,0.0044,Biopterin transport-related protein BT1,BIOPTERIN,,vv50125Porters_cat_66_to_94,
817,VIT_00s0391g00040,9,0.0043,F-box family protein,,,,
818,VIT_18s0001g00420,9,0.0043,Laccase,E1_10_3_2,,vv11000Single_reactions,vv50109Incompletely_characterized_transport_systems
819,VIT_16s0115g00020,9,0.0043,BTB/POZ domain-containing protein POB1,POB1_1,,vv60093TRAF,
820,VIT_19s0015g02010,9,0.0043,Unknown,,,,
821,VIT_09s0002g02970,9,0.0043,Unknown,,,,
822,VIT_00s0207g00220,9,0.0043,Cold acclimation protein,,,,
823,VIT_19s0090g01410,9,0.0043,Wax synthase isoform 1,E2_3_1_75,,vv11000Single_reactions,
824,VIT_18s0041g02170,9,0.0043,Peptidoglycan-binding LysM:Cell wall hydrolase  SleB precursor,,,,
825,VIT_17s0000g01110,9,0.0043,ATFP3 (Arabidopsis thaliana farnesylated protein 3,VVFP3,,,
826,VIT_19s0014g01330,9,0.0043,Peptide-N4-asparagine amidase A,E3_5_1_52,,,
827,VIT_13s0019g01710,9,0.0043,Scarecrow transcription factor 14 (SCL14),SCL14_9,,vv60032GRAS,
828,VIT_01s0150g00120,9,0.0043,Ethylene-responsive transcription factor ERF114,ERF114_2,VvERF112,vv30008Ethylene_signaling,vv60003AP2_EREBP
829,VIT_15s0107g00210,9,0.0043,Cinnamyl alcohol dehydrogenase,E1_1_1_195,,vv10940Phenylpropanoid_biosynthesis,
830,VIT_00s0218g00160,9,0.0043,UDP-rhamnose:rhamnosyltransferase,RHATR,,vv10942Anthocyanin_biosynthesis,
831,VIT_18s0166g00190,9,0.0043,U-box domain-containing protein,,,,
832,VIT_07s0141g00650,9,0.0043,No hit,,,,
833,VIT_18s0075g00810,8,0.0039,Laccase,E1_10_3_2,,vv11000Single_reactions,vv50109Incompletely_characterized_transport_systems
834,VIT_13s0067g02870,8,0.0039,Chalcone-flavanone isomerase,E5_5_1_6,,vv10941Flavonoid_biosynthesis,
835,VIT_08s0058g00060,8,0.0039,Receptor Like Protein 26,,,,
836,VIT_00s0183g00020,7,0.0034,No hit,,,,
837,VIT_11s0016g01780,7,0.0034,HAB1 (homology toABI1),HAB1,,vv30001ABA_signaling,
838,VIT_00s2377g00010,7,0.0034,Unknown protein,,,,
839,VIT_01s0011g03240,7,0.0034,PGPS/D12,,,,
840,VIT_12s0055g00060,7,0.0034,UDP-glycosyltransferase 71A13,,,,
841,VIT_02s0025g04270<br>VIT_02s0025g04260<br>VIT_02s0025g04230,7,0.0034,
842,VIT_11s0052g00150,6,0.0029,Mannosyl-oligosaccharide 1 2-alpha-mannosidase,E3_2_1_113,,vv10510N-Glycan_biosynthesis,vv11030Glycan_structures-biosynthesis1
843,VIT_16s0050g01890,6,0.0029,Unknown,,,,
844,VIT_11s0103g00250,6,0.0029,Carboxyl methylase,,,,
845,VIT_15s0048g02700,6,0.0029,RNA recognition motif (RRM)-containing protein,,,,
846,VIT_13s0019g00620,6,0.0029,Dimethylaniline monooxygenase  N-oxide-forming,E1_14_13_8,,vv11000Single_reactions,
847,VIT_00s0362g00010,6,0.0029,DnaJ homolog  subfamily A  member 2,K09503,,vv50132Primary_active_transporter_cat_A5_to_A8,
848,VIT_06s0004g07240,6,0.0029,UDP-glucoronosyl and UDP-glucosyl transferase,,,,
849,VIT_19s0014g01150,6,0.0029,Curculin (mannose-binding) lectin,,,,
850,VIT_14s0108g00930,6,0.0029,Unknown protein,,,,
851,VIT_07s0031g02310,6,0.0029,Leucine-rich repeat-containing protein 40,,,,
852,VIT_14s0083g00460,6,0.0029,Tryptophan synthase beta chain 2,E4_2_1_20,,vv10400Phenylalanine_tyrosine_and_tryptophan_biosynthesis,
853,VIT_18s0001g01110,6,0.0029,Monooxygenase (MO2),,,,
854,VIT_13s0047g00030,6,0.0029,ZIFL1 (Zinc induced facilitator 1),ZIFL1,,vv50121Porters_cat_1_to_6,
855,VIT_00s0270g00120,6,0.0029,Alpha-amylase/subtilisin inhibitor,E3_2_1_1,,vv10500Starch_and_sucrose_metabolism,
856,VIT_19s0027g00390,6,0.0029,Protein kinase,,,,
857,VIT_03s0038g04420,6,0.0029,DnaJ homolog  subfamily A  member 2,K09503,,vv50132Primary_active_transporter_cat_A5_to_A8,
858,VIT_10s0003g03850,6,0.0029,Protease Do-like 5,,,,
859,VIT_19s0014g01530,6,0.0029,Protein kinase,,,,
860,VIT_07s0005g00410,6,0.0029,Glycosyl hydrolase family 1 protein,,,,
861,VIT_00s0413g00010,6,0.0029,Laccase (diphenol oxidase) family protein,E1_10_3_2,,vv11000Single_reactions,vv50109Incompletely_characterized_transport_systems
862,VIT_14s0066g01740,6,0.0029,Unknown protein,,,,
863,VIT_05s0062g01190,6,0.0029,Pirin,,,,
864,VIT_10s0116g01850,6,0.0029,Unknown protein,,,,
865,VIT_13s0074g00510,6,0.0029,ATP-dependent RNA helicase,,,,
866,VIT_16s0100g00430,6,0.0029,ARR2 type-B response regulator,ARR2_1,,vv30007Cytokinin_signaling,vv60006ARR-B
867,VIT_16s0098g00910,6,0.0029,No hit,,,,
868,VIT_09s0002g01960,6,0.0029,No hit,,,,
869,VIT_12s0035g01520,6,0.0029,Disease resistance protein RPS2,,,,
870,VIT_12s0059g01820,6,0.0029,Protein phosphatase 1D,K10147,,,
871,VIT_00s0762g00040,4,0.0019,S-locus lectin protein kinase,,,,
872,VIT_15s0048g02340,4,0.0019,No hit,,VvNAC50,,
873,VIT_18s0001g10120,4,0.0019,SPla/RYanodine receptor (SPRY) domain-containing protein,,,,
874,VIT_10s0003g03800,4,0.0019,Jasmonate ZIM domain-containing protein 8,JAZ8_1,,vv30011Jasmonate_signaling,vv60069ZIM
875,VIT_00s0346g00100<br>VIT_00s0371g00040<br>VIT_00s0346g00120<br>VIT_00s0371g00060<br>VIT_00s0371g00010,4,0.0019,
876,VIT_08s0058g01290,4,0.0019,Protein kinase AtSIK,,,,
877,VIT_17s0000g01650,4,0.0019,Cyclopropyl isomerase,E5_5_1_9,,vv10100Biosynthesis_of_steroids,
878,VIT_08s0007g02070,4,0.0019,No hit,,,,
879,VIT_04s0023g00490,3,0.0015,Auxin responsive SAUR protein,SAUR,,vv30003Auxin_signaling,
880,VIT_18s0001g14950,3,0.0015,EMB2170 (embryo defective 2170),,,,
881,VIT_10s0116g01380,3,0.0015,Amino acid permease 2,AAP2,,vv50123Porters_cat_18_to_29,
882,VIT_03s0017g01940,3,0.0015,Unknown,,,,
883,VIT_14s0068g00410,3,0.0015,Transducin family protein / WD-40 repeat,,,,
884,VIT_14s0108g01440,3,0.0015,Unknown protein,,,,
885,VIT_00s1352g00010,3,0.0015,Myb domain protein 84,MYB84_3,MYB148,vv60044MYB,
886,VIT_07s0185g00030,3,0.0015,Ubiquitin-associated (UBA)/TS-N domain-containing protein,,,,
887,VIT_11s0016g02360,3,0.0015,TET2 (tetraspanin2),,,,
888,VIT_17s0000g04310,3,0.0015,DEAD (Asp-Glu-Ala-Asp) box polypeptide 18,DDX18,,vv23040Spliceosome,vv50133Primary_active_transporter_cat_A9_to_A18
889,VIT_07s0031g02340,3,0.0015,Amino acid permease 2,AAP2,,vv50123Porters_cat_18_to_29,
890,VIT_05s0020g03380,3,0.0015,WNK1 (with no lysine (K) 1),WNK1,,vv34710Circadian_rhythm,
891,VIT_05s0062g01020,3,0.0015,No hit,,,,
892,VIT_05s0029g00350,3,0.0015,Heat shock transcription factor A5,HSFA5_2,,vv60037HSF,
893,VIT_16s0098g00780,3,0.0015,Auxin-amidohydrolase precursor,ILL3,,vv11002Auxin_biosynthesis,
894,VIT_06s0004g08390,3,0.0015,No hit,,,,
895,VIT_08s0007g00610,3,0.0015,Unknown,,,,
896,VIT_08s0007g06950,3,0.0015,Disease resistance-responsive,,,,
897,VIT_10s0116g01480,3,0.0015,2-oxoglutarate dehydrogenase E2 subunit,E1_2_4_2,,vv10020Citrate_cycle,vv10380Tryptophan_metabolism
898,VIT_14s0068g00080,3,0.0015,Non-symbiotic hemoglobin class 1,C01708,,vv10860Porphyrin_and_chlorophyll_metabolism,
899,VIT_00s2507g00010,3,0.0015,F-box family protein,,,,
900,VIT_00s0181g00160,3,0.0015,F-box family protein,,,,
901,VIT_04s0023g01170,3,0.0015,Unknown protein,,,,
902,VIT_14s0036g01330,3,0.0015,No hit,,,,
903,VIT_02s0033g00770,3,0.0015,Nitrilase 4B,E3_5_5_1,,vv10460Cyanoamino_acid_metabolism,vv10910Nitrogen_metabolism
904,VIT_00s0375g00040,3,0.0015,NAC domain-containing protein 25,NAC025_3,VvNAC03,vv60046NAC,
905,VIT_04s0069g00880,3,0.0015,No hit,,,,
906,VIT_09s0096g00800,3,0.0015,Receptor kinase,,,,
907,VIT_04s0008g02720,3,0.0015,Myosin heavy chain,K10352,,vv44810Regulation_of_actin_cytoskeleton,
908,VIT_11s0118g00040,3,0.0015,Receptor Like Protein 9,,,,
909,VIT_19s0090g01870,3,0.0015,Multidrug resistance-associated protein 3,MRP3,,vv52010ABC_transporters,
910,VIT_05s0020g04680,3,0.0015,Auxin-induced protein 22D,IAA22D_2,,vv30003Auxin_signaling,vv60008AUXIAA
911,VIT_07s0005g05030,3,0.0014,CLIP-associating protein (CLASP),,,,
912,VIT_04s0023g00430,3,0.0014,Tyrosine specific protein phosphatase,,,,
913,VIT_05s0049g00560,3,0.0014,Unknown protein,,,,
914,VIT_17s0000g10110,3,0.0014,Response regulator ARR11 Type-B,ARR11_3,,vv30007Cytokinin_signaling,vv60006ARR-B
915,VIT_11s0103g00280,3,0.0014,No hit,,,,
916,VIT_16s0039g02080,3,0.0014,Ribosomal protein L5-1 60S,K02932,,vv23010Ribosome,
917,VIT_09s0002g05540,3,0.0014,ABC transporter g family pleiotropic drug resistance 12 PDR12,ABCGPDR12,,vv52010ABC_transporters,
918,VIT_14s0108g00820,3,0.0014,No hit,,,,
919,VIT_00s1584g00010,3,0.0014,Elongation factor 1-alpha,K03231,,vv23013RNA_transport,
920,VIT_10s0003g00550,3,0.0014,RAB GTPase RABA1F,YPT32,,vv50110Protein_coat,
921,VIT_06s0009g03780,3,0.0014,Diphthine synthase,E2_1_1_98,,vv10271Methionine_metabolism,
922,VIT_02s0012g00770,3,0.0014,No hit,,,,
923,VIT_06s0004g02590,3,0.0014,Carbonic anhydrase,E4_2_1_1,,vv10910Nitrogen_metabolism,vv50124Porters_cat_30_to_64
924,VIT_13s0064g01100,3,0.0014,No hit,,,,
925,VIT_00s2745g00010,3,0.0014,Receptor kinase RK20-1,,,,
926,VIT_04s0008g03450,3,0.0014,Lignostilbene-alpha beta-dioxygenase and related enzymes,E1_14_99_36,,vv10906Carotenoid_biosynthesis,
927,VIT_03s0063g01210,3,0.0014,Nodulin 1A  senescence-associated,,,,
928,VIT_04s0023g03820,3,0.0014,3-dehydroquinate synthase,E4_2_3_4,,vv10400Phenylalanine_tyrosine_and_tryptophan_biosynthesis,
929,VIT_01s0011g03880,3,0.0014,Sterol-C5(6)-desaturase,E1_14_21_6,,vv10100Biosynthesis_of_steroids,
930,VIT_15s0046g03530,3,0.0014,(+)-neomenthol dehydrogenase,E1_1_1_208,,vv10902Monoterpenoid_biosynthesis,
931,VIT_12s0028g02110,3,0.0014,Unknown protein,,,,
932,VIT_16s0100g00050,3,0.0014,Protein kinase,,,,
933,VIT_12s0057g00420,3,0.0014,Auxin-responsive protein AIR12,AIR12,,vv30003Auxin_signaling,
934,VIT_11s0016g05190,3,0.0014,Phosphate translocator-related,PTLREL,,vv50122Porters_cat_7_to_17,
935,VIT_07s0104g00170,3,0.0014,Glutamine synthetase,E6_3_1_2,,vv10251Glutamate_metabolism,vv10550Peptidoglycan_biosynthesis
936,VIT_17s0000g08210,3,0.0014,Zinc finger (C3HC4-type ring finger),ZFC3HC4_103,,vv60078Other_zf-C3HC4,
937,VIT_06s0080g00730,3,0.0014,Germin-like protein 1,,,,
938,VIT_05s0020g01540,3,0.0014,Protein arginine N-methyltransferase,K00599,,vv10340Histidine_metabolism,vv10350Tyrosine_metabolism
939,VIT_15s0045g01190,3,0.0014,Retrotransposon protein  Unclassified,,,,
940,VIT_09s0002g04160,3,0.0014,Thioesterase family,,,,
941,VIT_04s0069g00050,3,0.0014,No hit,,,,
942,VIT_19s0135g00010,3,0.0014,Ureide permease 2 (AtUPS2),UPS2,,vv50122Porters_cat_7_to_17,
943,VIT_19s0014g02340,3,0.0014,Protein phosphatase 2C,E3_1_3_16,,,
944,VIT_04s0023g02310,3,0.0014,S-adenosyl-L-methionine:salicylic acid methyltransferase,SAMTBSCMT,,vv10360Phenylalanine_metabolism,
945,VIT_00s0625g00050,3,0.0014,ABC transporter G member 7,ABCG7,,vv52010ABC_transporters,
946,VIT_01s0011g00530,3,0.0014,Ureide permease 2 (AtUPS2),UPS2,,vv50122Porters_cat_7_to_17,
947,VIT_14s0083g00080,3,0.0014,Unknown protein,,,,
