Vv_m2,2000,1000,VIT_16s0100g01140
rank,node,Fabs,Frel,Functional-annotation,Name-EC-KeggID,Updated-name,Network1,Network2
1,VIT_16s0100g01000,2068,1.0000,Stilbene synthase 4,E2_3_1_95,,vv10940Phenylpropanoid_biosynthesis,
2,VIT_16s0100g01190,2053,1.0000,Stilbene synthase [Vitis vinifera],E2_3_1_95,,vv10940Phenylpropanoid_biosynthesis,
3,VIT_16s0100g01150,2080,1.0000,Stilbene synthase [Vitis vinifera],E2_3_1_95,,vv10940Phenylpropanoid_biosynthesis,
4,VIT_16s0100g01200<br>VIT_16s0100g01070,2069,1.0000,
5,VIT_18s0001g10200<br>VIT_18s0001g10230,2071,1.0000,
6,VIT_16s0100g01060,2074,1.0000,Stilbene synthase,E2_3_1_95,,vv10940Phenylpropanoid_biosynthesis,
7,VIT_16s0100g01130,2073,0.9995,Stilbene synthase [Vitis vinifera],E2_3_1_95,,vv10940Phenylpropanoid_biosynthesis,
8,VIT_00s0226g00100,2059,0.9995,Regulator of chromosome condensation (RCC1),RCC1,,vv50112Nuclear_pore_complex,
9,VIT_01s0011g05420,2073,0.9966,Fw2.2 ORFX,,,,
10,VIT_16s0100g01040,2048,0.9961,Stilbene synthase - grape,E2_3_1_95,,vv10940Phenylpropanoid_biosynthesis,
11,VIT_14s0068g01250,2064,0.9957,Mitochondrial phosphate transporter,MPHOSPTR,,vv50123Porters_cat_18_to_29,
12,VIT_11s0016g00570,2043,0.9870,Dimethylaniline monooxygenase (N-oxide forming) 2,E1_14_13_8,,vv11000Single_reactions,
13,VIT_18s0001g05410,2042,0.9870,No hit,,,,
14,VIT_10s0071g00230,2044,0.9841,HcrVf1 protein,,,,
15,VIT_11s0078g00290,2036,0.9788,Cinnamate 4-hydroxylase,E1_14_13_11,,vv10360Phenylalanine_metabolism,vv10940Phenylpropanoid_biosynthesis
16,VIT_09s0054g00580<br>VIT_09s0054g00570,2013,0.9697,
17,VIT_15s0048g01350,2006,0.9681,Gibberellin receptor GID1L3,GID1C,,vv30010Gibberellin_signaling,
18,VIT_16s0100g00770,1996,0.9619,Stilbene synthase,E2_3_1_95,,vv10940Phenylpropanoid_biosynthesis,
19,VIT_18s0001g00920<br>VIT_18s0075g00590<br>VIT_18s0001g00850<br>VIT_18s0075g00780<br>VIT_18s0001g00790<br>VIT_18s0001g00730<br>VIT_18s0001g00310<br>VIT_18s0075g00620<br>VIT_18s0075g00540<br>VIT_18s0075g00600<br>VIT_18s0075g00580<br>VIT_00s0481g00020<br>VIT_18s0001g00930,2003,0.9616,
20,VIT_09s0002g02320,1993,0.9600,Cell wall apoplastic invertase,E3_2_1_26,,vv10052Galactose_metabolism,vv10500Starch_and_sucrose_metabolism
21,VIT_07s0104g00220,1959,0.9487,Phenazine biosynthesis PhzC/PhzF,K06998,,vv10400Phenylalanine_tyrosine_and_tryptophan_biosynthesis,
22,VIT_07s0129g01010,1945,0.9483,Unknown,,,,
23,VIT_16s0100g01010<br>VIT_16s0100g00950<br>VIT_16s0100g01030<br>VIT_16s0100g00990,1954,0.9462,
24,VIT_03s0063g02650,1952,0.9407,Hydrolase  alpha/beta fold,,,,
25,VIT_16s0100g00750,1932,0.9392,Stilbene synthase,E2_3_1_95,,vv10940Phenylpropanoid_biosynthesis,
26,VIT_06s0004g02590,1939,0.9372,Carbonic anhydrase,E4_2_1_1,,vv10910Nitrogen_metabolism,vv50124Porters_cat_30_to_64
27,VIT_10s0042g00910,1933,0.9365,Stilbene synthase [Vitis pseudoreticulata],E2_3_1_95,,vv10940Phenylpropanoid_biosynthesis,
28,VIT_06s0004g07250,1936,0.9339,UDP-glucoronosyl and UDP-glucosyl transferase,,,,
29,VIT_05s0102g00200,1932,0.9333,Unknown protein,,,,
30,VIT_16s0100g01110,1916,0.9287,Resveratrol synthase (RS1),E2_3_1_95,,vv10940Phenylpropanoid_biosynthesis,
31,VIT_14s0068g01770,1913,0.9246,WRKY DNA-binding protein 75,WRKY75_2,VvWRKY43,vv60066WRKY,
32,VIT_18s0117g00300,1909,0.9213,Coatomer protein complex  subunit beta 2,COPB2,,vv50110Protein_coat,
33,VIT_18s0117g00550,1899,0.9205,Laccase,E1_10_3_2,,vv11000Single_reactions,vv50109Incompletely_characterized_transport_systems
34,VIT_11s0016g02070,1894,0.9185,Basic helix-loop-helix (bHLH) family,BHLHDOM_63,,vv60011BHLH,
35,VIT_03s0063g01820,1871,0.9052,AOS (allene oxide synthase),E4_2_1_92,,vv10592alpha-Linolenic_acid_metabolism,
36,VIT_00s0437g00070,1871,0.9030,Receptor kinase RK20-1,,,,
37,VIT_17s0000g03560,1863,0.9004,(myb domain protein 62,MYB62_1,MYB164,vv60044MYB,
38,VIT_18s0075g00830,1849,0.9002,Laccase,E1_10_3_2,,vv11000Single_reactions,vv50109Incompletely_characterized_transport_systems
39,VIT_08s0007g08750,1847,0.8949,Heat shock transcription factor B3,HSFB3,,vv60037HSF,
40,VIT_07s0005g02660,1841,0.8920,ABC transporter B member 13,ABCB13,,vv52010ABC_transporters,
41,VIT_00s1212g00020,1839,0.8906,Laccase,E1_10_3_2,,vv11000Single_reactions,vv50109Incompletely_characterized_transport_systems
42,VIT_05s0077g01530,1852,0.8895,Pathogenesis protein 10 [Vitis vinifera],,,,
43,VIT_10s0042g00850,1849,0.8843,Stilbene synthase [Vitis pseudoreticulata],E2_3_1_95,,vv10940Phenylpropanoid_biosynthesis,
44,VIT_16s0100g01100,1824,0.8841,Stilbene synthase,E2_3_1_95,,vv10940Phenylpropanoid_biosynthesis,
45,VIT_07s0141g00890,1811,0.8813,CYP94A1,,,,
46,VIT_09s0002g00510,1817,0.8808,Lipase GDSL 1,,,,
47,VIT_15s0048g00510,1820,0.8801,Pectinesterase family,E3_1_1_11,,vv40006Cell_wall,
48,VIT_01s0011g04780,1810,0.8786,Unknown protein,,,,
49,VIT_10s0116g00960,1801,0.8700,Transcription factor jumonji (jmjC) domain-containing protein,JMJD1B_5,,vv60038Jumonji,
50,VIT_18s0117g00290,1797,0.8677,Coatomer protein complex  subunit beta 2,COPB2,,vv50110Protein_coat,
51,VIT_06s0004g01020,1780,0.8645,Dirigent protein,,,,
52,VIT_16s0100g00830<br>VIT_16s0100g01120<br>VIT_16s0100g00780<br>VIT_16s0100g00910,1777,0.8572,
53,VIT_15s0046g02170,1761,0.8507,3-methyl-2-oxobutanoate hydroxy-methyl-transferase,E2_1_2_11,,vv10770Pantothenate_and_CoA_biosynthesis,
54,VIT_18s0075g00610,1755,0.8486,Laccase,E1_10_3_2,,vv11000Single_reactions,vv50109Incompletely_characterized_transport_systems
55,VIT_06s0004g01670,1742,0.8411,UDP-glucoronosyl and UDP-glucosyl transferase,,,,
56,VIT_18s0001g04410,1733,0.8384,No hit,,,,
57,VIT_05s0020g03280,1731,0.8330,Copper amine oxidase,E1_4_3_4,,vv10220Urea_cycle_and_metabolism_of_amino_groups,vv10340Histidine_metabolism
58,VIT_18s0001g05000<br>VIT_18s0001g04780<br>VIT_18s0001g04120,1705,0.8281,
59,VIT_00s0145g00110,1716,0.8238,Pirin,K06911,,,
60,VIT_10s0042g00700,1690,0.8224,Leucine-rich repeat receptor-like protein kinase 1,,,,
61,VIT_18s0001g04870,1707,0.8215,(-)-germacrene D synthase,E4_2_3_22,,vv10900Terpenoid_biosynthesis,
62,VIT_06s0004g01030,1697,0.8214,Dirigent protein,,,,
63,VIT_04s0044g00270,1690,0.8164,Monooxygenase (MO3),,,,
64,VIT_12s0055g01240,1687,0.8122,P-glycoprotein 11,PGP11,,vv52010ABC_transporters,
65,VIT_10s0003g04080,1674,0.8118,Unknown,,,,
66,VIT_18s0075g00810,1682,0.8110,Laccase,E1_10_3_2,,vv11000Single_reactions,vv50109Incompletely_characterized_transport_systems
67,VIT_14s0060g00110,1677,0.8101,Glutamyl-tRNA synthetase  cytoplasmic,E6_1_1_17,,vv10860Porphyrin_and_chlorophyll_metabolism,vv20970Aminoacyl-tRNA_biosynthesis
68,VIT_07s0005g00720,1664,0.8093,Pectinesterase family,E3_1_1_11,,vv40006Cell_wall,
69,VIT_18s0001g04280,1671,0.8072,(-)-germacrene D synthase,E4_2_3_22,,vv10900Terpenoid_biosynthesis,
70,VIT_12s0035g01000,1671,0.8038,Serine protease inhibitor  serine-type,,,,
71,VIT_14s0060g02750<br>VIT_14s0128g00970<br>VIT_14s0128g00990<br>VIT_14s0128g00980<br>VIT_14s0128g01010<br>VIT_14s0128g01030<br>VIT_14s0128g01020<br>VIT_14s0128g01040,1651,0.7995,
72,VIT_16s0050g00480,1649,0.7985,CYP715A1,,,,
73,VIT_00s0194g00120,1641,0.7951,Serine acetyltransferase,E2_3_1_30,,vv10272Cysteine_metabolism,vv10920Sulfur_metabolism
74,VIT_00s0410g00040,1642,0.7932,Anthranilate N-benzoyltransferase protein 1,E2_3_1_144,,vv10400Phenylalanine_tyrosine_and_tryptophan_biosynthesis,
75,VIT_00s2648g00010,1633,0.7855,FAD-dependent pyridine nucleotide-disulphide oxidoreductase,,,,
76,VIT_01s0146g00320,1634,0.7852,No hit,,,,
77,VIT_06s0004g01010,1616,0.7822,Dirigent protein pDIR9,,,,
78,VIT_09s0002g04720,1602,0.7762,Coatomer protein complex  subunit beta 2,COPB2,,vv50110Protein_coat,
79,VIT_16s0050g00430,1596,0.7721,Photoassimilate-responsive protein PAR-1a,,,,
80,VIT_07s0005g05780,1587,0.7700,Pantoate--beta-alanine ligase,E6_3_2_1,,vv10410Beta-alanine_metabolism,vv10770Pantothenate_and_CoA_biosynthesis
81,VIT_05s0077g01690,1600,0.7674,Pathogenesis protein 10 [Vitis vinifera],,,,
82,VIT_16s0039g01110,1588,0.7668,Phenylalanin ammonia-lyase [Vitis vinifera],E4_3_1_5,,vv10350Tyrosine_metabolism,vv10360Phenylalanine_metabolism
83,VIT_13s0019g03930,1579,0.7624,No hit,,,,
84,VIT_08s0007g05350,1578,0.7623,Haloacid dehalogenase hydrolase,E3_1_3_18,,vv10630Glyoxylate_and_dicarboxylate_metabolism,
85,VIT_16s0100g00860<br>VIT_16s0100g00940<br>VIT_16s0100g00800<br>VIT_16s0100g00920<br>VIT_16s0100g00930<br>VIT_16s0100g00810<br>VIT_16s0100g00840<br>VIT_16s0100g00850,1559,0.7594,
86,VIT_18s0075g00530,1550,0.7561,Laccase,E1_10_3_2,,vv11000Single_reactions,vv50109Incompletely_characterized_transport_systems
87,VIT_10s0042g00930<br>VIT_10s0042g00890<br>VIT_10s0042g00870<br>VIT_10s0042g00860<br>VIT_10s0042g00920,1553,0.7492,
88,VIT_18s0001g05060,1545,0.7478,2 3-bisphosphoglycerate-dependent phosphoglycerate mutase,E5_4_2_1,,vv10010Glycolysis,
89,VIT_16s0100g01160,1524,0.7387,Stilbene synthase [Vitis vinifera],E2_3_1_95,,vv10940Phenylpropanoid_biosynthesis,
90,VIT_04s0008g05350,1525,0.7367,Serine hydrolase [Vitis vinifera],E4_3_1_18,,vv10260Glycine_serine_and_threonine_metabolism,
91,VIT_00s0421g00020,1520,0.7350,Hcr2-5B,,,,
92,VIT_11s0016g04940,1508,0.7317,Zinc finger (CCCH-type) family protein,CCCHFAM_12,,vv60018C3H,
93,VIT_10s0042g00880,1493,0.7220,Stilbene synthase [Vitis pseudoreticulata],E2_3_1_95,,vv10940Phenylpropanoid_biosynthesis,
94,VIT_11s0065g00350,1478,0.7140,Trans-cinnamate 4-monooxygenase,E1_14_13_11,,vv10360Phenylalanine_metabolism,vv10940Phenylpropanoid_biosynthesis
95,VIT_07s0005g03340,1477,0.7128,Myb domain protein 14,MYB14_2,MYB14,vv60044MYB,
96,VIT_00s0413g00010,1485,0.7126,Laccase (diphenol oxidase) family protein,E1_10_3_2,,vv11000Single_reactions,vv50109Incompletely_characterized_transport_systems
97,VIT_17s0000g00640,1466,0.7099,No hit,,,,
98,VIT_18s0001g10180,1463,0.7074,N-hydroxycinnamoyl/benzoyltransferase 3,,,,
99,VIT_18s0001g00420,1466,0.7068,Laccase,E1_10_3_2,,vv11000Single_reactions,vv50109Incompletely_characterized_transport_systems
100,VIT_09s0054g00910,1452,0.7018,Chaperone BCS1 mitochondrial,K08900,,,
101,VIT_01s0011g00380,1438,0.6977,SP1L1 (SPIRAL1-like1),,,,
102,VIT_17s0000g05810,1448,0.6972,WRKY DNA-binding protein 72,WRKY72_2,VvWRKY53,vv60066WRKY,
103,VIT_02s0033g00270,1429,0.6897,Pinoresinol-lariciresinol reductase,PLR,,vv10940Phenylpropanoid_biosynthesis,
104,VIT_05s0020g03290,1425,0.6891,S-receptor kinase,,,,
105,VIT_16s0039g01240<br>VIT_16s0039g01360<br>VIT_16s0039g01130<br>VITisv_009233<br>VIT_16s0039g01100<br>VIT_00s2508g00010<br>VITisv_032212<br>VIT_16s0039g01120<br>VIT_16s0039g01320<br>VIT_00s2849g00010<br>VIT_16s0039g01300<br>VIT_16s0039g01170<br>VIT_16s0039g01280,1414,0.6844,
106,VIT_18s0001g10240,1404,0.6822,N-hydroxycinnamoyl/benzoyltransferase 6,,,,
107,VIT_10s0003g04910,1409,0.6807,Sinapyl alcohol dehydrogenase,E1_1_1_195,,vv10940Phenylpropanoid_biosynthesis,
108,VIT_09s0002g05570,1407,0.6794,ABC transporter g family pleiotropic drug resistance 12 PDR12,ABCGPDR12,,vv52010ABC_transporters,
109,VIT_09s0002g05170,1394,0.6725,Unknown protein,,,,
110,VIT_05s0094g00260<br>VIT_05s0094g00220,1384,0.6705,
111,VIT_07s0005g04040,1366,0.6621,Leucine Rich Repeat receptor-like kinase,,,,
112,VIT_05s0094g00170,1351,0.6542,Protein transport protein Sec61 subunit beta,K09481,,vv23060Protein_export,vv24141Protein_processing_in_endoplasmic_reticulum
113,VIT_00s0179g00280,1340,0.6518,Calmodulin-8 (CAM8),K02183,,vv34020Calcium_signaling_pathway,vv34626Plant-pathogen_interaction
114,VIT_02s0025g00780,1342,0.6493,Cation/hydrogen exchanger (CHX18),CHX18,,vv50124Porters_cat_30_to_64,
115,VIT_04s0079g00020,1343,0.6485,Cysteine-rich receptor-like protein kinase 2,,,,
116,VIT_09s0002g05390,1334,0.6466,ABC transporter g family pleiotropic drug resistance 12 PDR12,ABCGPDR12,,vv52010ABC_transporters,
117,VIT_18s0075g00660,1330,0.6407,Disease resistance protein (TIR-NBS-LRR class),,,,
118,VIT_11s0016g01970,1326,0.6372,Calmodulin-binding region IQD6,,,,
119,VIT_13s0019g04440,1300,0.6311,Zinc finger (C3HC4-type ring finger),ZFC3HC4_163,,vv60078Other_zf-C3HC4,
120,VIT_18s0117g00080,1310,0.6310,R protein L6,K13477,,vv34627R_proteins_from_Plant-pathogen_interaction,
121,VIT_02s0109g00390,1298,0.6301,N-hydroxycinnamoyl/benzoyltransferase 5,,,,
122,VIT_05s0077g01680,1305,0.6256,Mal d 1 allergen,,,,
123,VIT_18s0117g00590,1284,0.6233,Laccase,E1_10_3_2,,vv11000Single_reactions,vv50109Incompletely_characterized_transport_systems
124,VIT_09s0002g05610,1262,0.6135,Unknown,,,,
125,VIT_11s0016g03080,1257,0.6087,Clavata1 receptor kinase (CLV1),,,,
126,VIT_06s0009g02570,1253,0.6068,Pectinesterase family,E3_1_1_11,,vv40006Cell_wall,
127,VIT_18s0117g00450<br>VIT_18s0117g00480,1224,0.5924,
128,VIT_12s0028g02110,1220,0.5888,Unknown protein,,,,
129,VIT_18s0122g01150,1215,0.5881,Diphenol oxidase,E1_10_3_1,,vv10350Tyrosine_metabolism,vv50109Incompletely_characterized_transport_systems
130,VIT_06s0009g02560,1206,0.5852,Pectinesterase family,E3_1_1_11,,vv40006Cell_wall,
131,VIT_19s0014g00830,1214,0.5845,RKF1 (receptor-like kinase in flowers 1),,,,
132,VIT_16s0100g00880,1206,0.5832,Stilbene synthase [Vitis pseudoreticulata],E2_3_1_95,,vv10940Phenylpropanoid_biosynthesis,
133,VIT_16s0100g00960,1194,0.5790,Stilbene synthase [Vitis pseudoreticulata],E2_3_1_95,,vv10940Phenylpropanoid_biosynthesis,
134,VIT_11s0016g03960,1191,0.5765,Kinesin family member 2/24,K10393,,vv44810Regulation_of_actin_cytoskeleton,
135,VIT_17s0053g00750,1187,0.5759,Unknown protein,,,,
136,VIT_15s0021g00330,1181,0.5719,Proton-dependent oligopeptide transport (POT) family protein,POT,,vv50122Porters_cat_7_to_17,
137,VIT_16s0050g00400,1186,0.5716,Photoassimilate-responsive protein PAR-1a,,,,
138,VIT_18s0001g05240,1183,0.5715,(-)-germacrene D synthase,E4_2_3_22,,vv10900Terpenoid_biosynthesis,
139,VIT_03s0063g01280<br>VIT_03s0063g01160,1177,0.5691,
140,VIT_16s0100g00760,1176,0.5689,Stilbene synthase 2 [Vitis sp. cv. 'Norton'],E2_3_1_95,,vv10940Phenylpropanoid_biosynthesis,
141,VIT_18s0001g05280,1173,0.5653,No hit,,,,
142,VIT_02s0012g00730,1165,0.5653,Purine permease 10 PUP10,PUP10,,vv50122Porters_cat_7_to_17,
143,VIT_18s0075g00670,1158,0.5619,Laccase,E1_10_3_2,,vv11000Single_reactions,vv50109Incompletely_characterized_transport_systems
144,VIT_06s0009g02590,1146,0.5560,Pectinesterase family,E3_1_1_11,,vv40006Cell_wall,
145,VIT_18s0001g00840,1132,0.5484,Syringolide-induced protein 14-1-1,,,,
146,VIT_14s0030g02010,1125,0.5451,Auxin-induced protein PCNT115,AUXREG,,vv30003Auxin_signaling,
147,VIT_09s0002g05810,1122,0.5418,Boron transporter-like protein 4,BOR4,,vv50124Porters_cat_30_to_64,
148,VIT_12s0028g02530,1118,0.5417,Zinc finger (C3HC4-type ring finger),ZFC3HC4_36,,vv60078Other_zf-C3HC4,
149,VIT_06s0009g02600<br>VIT_06s0009g02630,1105,0.5348,
150,VIT_05s0094g00160,1103,0.5344,No hit,,,,
151,VIT_18s0075g00950,1106,0.5335,Laccase,E1_10_3_2,,vv11000Single_reactions,vv50109Incompletely_characterized_transport_systems
152,VIT_15s0021g02060,1093,0.5303,Arbutin synthase,E2_4_1_218,,vv10500Starch_and_sucrose_metabolism,
153,VIT_19s0014g02340,1087,0.5236,Protein phosphatase 2C,E3_1_3_16,,,
154,VIT_03s0063g01210,1079,0.5230,Nodulin 1A  senescence-associated,,,,
155,VIT_14s0108g00540,1084,0.5199,Phosphofructokinase,E2_7_1_90,,vv10051Fructose_and_mannose_metabolism,
156,VIT_17s0000g05360,1073,0.5186,Germin,,,,
157,VIT_15s0021g02470,1072,0.5151,Epoxide hydrolase-like protein,E3_3_2_10,,,
158,VIT_09s0002g02970,1068,0.5145,Unknown,,,,
159,VIT_05s0020g03140,1055,0.5106,Sugar transporter 13,STP13,,vv50121Porters_cat_1_to_6,
160,VIT_10s0042g00840,1048,0.5085,Stilbene synthase [Vitis pseudoreticulata],E2_3_1_95,,vv10940Phenylpropanoid_biosynthesis,
161,VIT_06s0009g00760,1044,0.5075,HcrVf1 protein,,,,
162,VIT_18s0041g02010<br>VIT_18s0041g02050,1053,0.5075,
163,VIT_17s0000g03150,1052,0.5067,No hit,,,,
164,VIT_18s0001g00400,1046,0.5026,Laccase,E1_10_3_2,,vv11000Single_reactions,vv50109Incompletely_characterized_transport_systems
165,VIT_06s0004g00610,1037,0.4993,Accelerated cell death 1 ACD1,ACD1,,vv50133Primary_active_transporter_cat_A9_to_A18,
166,VIT_14s0108g00930,1035,0.4976,Unknown protein,,,,
167,VIT_02s0025g02770,1018,0.4937,Glucan endo-1 3-beta-glucosidase 7 precursor,E3_2_1_39,,vv10500Starch_and_sucrose_metabolism,
168,VIT_19s0085g00020,1019,0.4932,Nucleolar complex protein 3 homolog (Protein NOC3 homolog),,,,
169,VIT_12s0059g02590,1005,0.4886,Receptor protein kinase RK20-1,,,,
170,VIT_18s0001g04480,1002,0.4815,Germacrene-D synthase,E4_2_3_22,,vv10900Terpenoid_biosynthesis,
171,VIT_07s0151g00260,995,0.4797,Quinone-oxidoreductase  Chloroplast,K03956,,vv10190Oxidative_phosphorylation,vv50134Primary_active_transporter_cat_D1
172,VIT_16s0100g00900,990,0.4792,Stilbene synthase [Vitis pseudoreticulata],E2_3_1_95,,vv10940Phenylpropanoid_biosynthesis,
173,VIT_08s0007g04020,1001,0.4785,AT-hook protein 1 (AHP1),HMGIY_1,,vv60035HMG,
174,VIT_05s0077g01570,982,0.4749,Pathogenesis protein 10 [Vitis vinifera],,,,
175,VIT_05s0077g01600,984,0.4740,Pathogenesis protein 10 [Vitis vinifera],,,,
176,VIT_06s0004g00020,982,0.4733,NAC domain containing protein 32,NAC032,VvNAC44,vv60046NAC,
177,VIT_09s0002g05560,970,0.4695,ABC transporter g family pleiotropic drug resistance 12 PDR12,ABCGPDR12,,vv52010ABC_transporters,
178,VIT_12s0035g00920,976,0.4679,Unknown protein,,,,
179,VIT_05s0077g01550,958,0.4635,Pathogenesis protein 10.3 [Vitis quinquangularis],,,,
180,VIT_03s0088g00690,959,0.4633,Pathogenesis-related protein 1 precursor (PRP 1),PRP1,,vv30011Jasmonate_signaling,vv34626Plant-pathogen_interaction
181,VIT_13s0156g00590,959,0.4622,S-receptor kinase,,,,
182,VIT_17s0053g00460,949,0.4573,Pinoresinol-lariciresinol reductase,PLR,,vv10940Phenylpropanoid_biosynthesis,
183,VIT_14s0036g01060,947,0.4568,Unknown protein,,,,
184,VIT_17s0000g00940,930,0.4491,F-box protein,,,,
185,VIT_15s0021g01630,928,0.4481,Ethylene responsive element binding factor 2,ERF2_1,,vv30008Ethylene_signaling,vv60003AP2_EREBP
186,VIT_00s0316g00060,920,0.4455,HcrVf1 protein,,,,
187,VIT_15s0048g00360,922,0.4454,5-enolpyruvylshikimate 3-phosphate synthase,E2_5_1_19,,vv10400Phenylalanine_tyrosine_and_tryptophan_biosynthesis,
188,VIT_18s0075g00630,920,0.4453,Laccase,E1_10_3_2,,vv11000Single_reactions,vv50109Incompletely_characterized_transport_systems
189,VIT_10s0116g01450,917,0.4441,Unknown,,,,
190,VIT_03s0088g00700,912,0.4431,Pathogenesis related protein 1 precursor (pr1 gene),PRP1,,vv30011Jasmonate_signaling,vv34626Plant-pathogen_interaction
191,VIT_06s0004g01000,910,0.4379,Dirigent protein,,,,
192,VIT_09s0002g00340,894,0.4333,Alanine aminotransferase 2,E2_6_1_21,,vv10330Arginine_and_proline_metabolism,vv10360Phenylalanine_metabolism
193,VIT_16s0039g01600,895,0.4328,11-beta-hydroxysteroid dehydrogenase,E1_1_1_146,,vv10140C21-Steroid_hormone_metabolism,
194,VIT_06s0004g01990,886,0.4307,No hit,,,,
195,VIT_04s0069g01010,884,0.4279,Harpin-induced protein,,,,
196,VIT_14s0083g00900,881,0.4248,Aspartate aminotransferase,E2_6_1_1,vv10710Carbon_fixation,vv10252Alanine_and_aspartate_metabolism,vv10272Cysteine_metabolism
197,VIT_13s0019g01700,877,0.4239,Scarecrow transcription factor 14 (SCL14),SCL14_1,,vv60032GRAS,
198,VIT_08s0105g00200,882,0.4220,U-box domain-containing protein,,,,
199,VIT_18s0075g00960,871,0.4220,Laccase,E1_10_3_2,,vv11000Single_reactions,vv50109Incompletely_characterized_transport_systems
200,VIT_15s0021g00730,866,0.4200,No hit,,,,
201,VIT_07s0031g03060,869,0.4196,NSL1 (necrotic spotted lesions 1),,,,
202,VIT_07s0005g04020,860,0.4157,Leucine Rich Repeat receptor-like kinase,,,,
203,VIT_12s0059g01720,854,0.4156,No hit,,,,
204,VIT_04s0008g02070,856,0.4153,Avr9/Cf-9 induced kinase 1,,,,
205,VIT_17s0000g06220,858,0.4153,Exostosin,K02366,,vv11030Glycan_structures-biosynthesis1,
206,VIT_01s0010g02010,855,0.4140,Anionic peroxidase,E1_11_1_7,,vv10360Phenylalanine_metabolism,vv10680Methane_metabolism
207,VIT_18s0117g00050,858,0.4127,R protein L6,K13477,,vv34627R_proteins_from_Plant-pathogen_interaction,
208,VIT_08s0007g05830,850,0.4114,No hit,,,,
209,VIT_03s0017g02110,832,0.4033,Anthocyanidin 3-O-glucosyltransferase,E2_4_1_115,,vv10942Anthocyanin_biosynthesis,
210,VIT_18s0001g03390,823,0.3982,S-receptor kinase,,,,
211,VIT_00s0301g00090,823,0.3980,NDA2 (alternative NAD(P)H dehydrogenase 2),K03885,,vv10190Oxidative_phosphorylation,vv50134Primary_active_transporter_cat_D1
212,VIT_15s0046g01640,817,0.3958,Abl interactor protein 1 (ABIL1),,,,
213,VIT_18s0001g14420,806,0.3907,Unknown,,,,
214,VIT_14s0128g00540<br>VIT_14s0128g00570<br>VIT_14s0128g00600,803,0.3900,
215,VIT_07s0104g00850,800,0.3883,Pto kinase interactor,,,,
216,VIT_18s0001g15130,792,0.3828,WD40 repeat protein,,,,
217,VIT_16s0039g00190,794,0.3821,Leucine-rich repeat transmembrane protein kinase,,,,
218,VIT_09s0002g08460,791,0.3819,8-amino-7-oxononanoate synthase,E2_3_1_47,,vv10780Biotin_metabolism,
219,VIT_00s0265g00110,790,0.3816,Lectin-receptor like protein kinase 3,,,,
220,VIT_01s0026g02590,790,0.3807,Calcium-binding protein CML,K13448,,vv34626Plant-pathogen_interaction,
221,VIT_12s0028g00860,787,0.3806,NAC domain-containing protein 42,NAC042_5,VvNAC36,vv60046NAC,
222,VIT_00s0194g00140,783,0.3783,Agenet domain-containing protein,,,,
223,VIT_19s0027g00860,773,0.3756,NAC domain-containing protein 42,NAC042_2,VvNAC31,vv60046NAC,
224,VIT_19s0014g04080,779,0.3754,Serine/threonine-protein kinase receptor ARK3,,,,
225,VIT_19s0093g00320,772,0.3751,Glutathione S-transferase 25 GSTU25,E2_5_1_18_GSTU25,,vv10480Glutathione_metabolism,
226,VIT_09s0002g03700,777,0.3743,No hit,,,,
227,VIT_17s0000g02150,770,0.3718,Ribosomal protein L19,K02884,,vv23010Ribosome,
228,VIT_19s0014g01720,771,0.3714,Sodium/calcium exchanger family protein,NACAEX,,vv50123Porters_cat_18_to_29,
229,VIT_12s0059g01120,760,0.3689,CAF protein,,,,
230,VIT_01s0010g02450,757,0.3669,B12D,,,,
231,VIT_16s0050g00410,755,0.3656,Photoassimilate-responsive protein PAR-1a,,,,
232,VIT_17s0000g03130,750,0.3637,Unknown protein,,,,
233,VIT_18s0001g04110,743,0.3607,(-)-germacrene D synthase,E4_2_3_22,,vv10900Terpenoid_biosynthesis,
234,VIT_01s0011g00480,745,0.3594,Aspartate/glutamate/uridylate kinase,E2_7_2_11,,vv10220Urea_cycle_and_metabolism_of_amino_groups,
235,VIT_09s0002g06440,737,0.3588,CYP81B2v2,,,,
236,VIT_05s0094g00320,735,0.3584,Chitinase  class IV [Vitis vinifera],E3_2_1_14,,vv10530Aminosugars_metabolism,
237,VIT_01s0010g01950,735,0.3568,Anionic peroxidase,E1_11_1_7,,vv10360Phenylalanine_metabolism,vv10680Methane_metabolism
238,VIT_17s0000g00650,741,0.3564,No hit,,,,
239,VIT_09s0002g02950,730,0.3530,No hit,,,,
240,VIT_05s0049g01200,728,0.3529,S-locus lectin protein kinase,,,,
241,VIT_18s0117g00600,728,0.3512,Laccase,E1_10_3_2,,vv11000Single_reactions,vv50109Incompletely_characterized_transport_systems
242,VIT_14s0030g01980,718,0.3499,Auxin-induced protein PCNT115,AUXREG,,vv30003Auxin_signaling,
243,VIT_13s0019g03970,720,0.3467,Ribosomal protein P0 (RPP0A) acidic 60S,K02941,,vv23010Ribosome,
244,VIT_18s0001g00080,710,0.3440,Laccase,E1_10_3_2,,vv11000Single_reactions,vv50109Incompletely_characterized_transport_systems
245,VIT_09s0096g00130,709,0.3430,Pirin,K06911,,,
246,VIT_10s0003g03800,699,0.3392,Jasmonate ZIM domain-containing protein 8,JAZ8_1,,vv30011Jasmonate_signaling,vv60069ZIM
247,VIT_09s0002g05360<br>VIT_09s0002g05400<br>VIT_09s0002g05490<br>VIT_09s0002g05590,703,0.3383,
248,VIT_17s0000g04380,697,0.3366,Wall-associated kinase 1 (WAK1),,,,
249,VIT_13s0019g01010,694,0.3354,ABA2 (ABA deficient 2),E1_1_1_288,,vv10906Carotenoid_biosynthesis,vv11013ABA_biosynthesis
250,VIT_01s0010g03910,698,0.3349,Squamosa promoter-binding protein 13 (SPL13),SPL13_2,,vv60055SBP,
251,VIT_14s0083g00920,688,0.3325,No hit,,,,
252,VIT_18s0122g00690,686,0.3298,Laccase,E1_10_3_2,,vv11000Single_reactions,vv50109Incompletely_characterized_transport_systems
253,VIT_18s0001g11120,679,0.3287,Ternary complex factor MIP1,,,,
254,VIT_01s0011g01280,677,0.3269,Zinc transporter ZIP5,ZIP5,,vv50121Porters_cat_1_to_6,
255,VIT_14s0066g01670,669,0.3248,Alpha-dioxygenase,K10529,,vv10592alpha-Linolenic_acid_metabolism,
256,VIT_08s0032g00240,666,0.3222,CYP71A22,E1_14_13_73,,vv10902Monoterpenoid_biosynthesis,
257,VIT_12s0059g02620,666,0.3219,Receptor protein kinase RK20-1,,,,
258,VIT_18s0001g01960,661,0.3203,RKF3 (receptor-like kinase IN in flowers 3),,,,
259,VIT_06s0061g00100,665,0.3191,Glucan endo-1 3-beta-glucosidase  acidic isoform precursor,E3_2_1_39,,vv10500Starch_and_sucrose_metabolism,
260,VIT_18s0001g02760,652,0.3167,Lipase GDSL,,,,
261,VIT_02s0109g00430,647,0.3130,Nitrilase 4 (NIT4),K13035,,vv10910Nitrogen_metabolism,
262,VIT_03s0017g01990,639,0.3109,UDP-glucose glucosyltransferase,E2_4_1_35,,vv10500Starch_and_sucrose_metabolism,
263,VIT_17s0000g00680,640,0.3074,No hit,,,,
264,VIT_08s0007g05330,634,0.3060,EDA7 (embryo sac development arrest 7),,,,
265,VIT_14s0060g02760,630,0.3051,Germin-like protein 3 [Vitis vinifera],,,,
266,VIT_07s0005g03220,623,0.3014,Ethylene-responsive transcription factor ERF098,ERF098_1,VvERF098,vv30008Ethylene_signaling,vv60003AP2_EREBP
267,VIT_14s0068g02240,626,0.3014,HcrVf1 protein,K13466,,vv34626Plant-pathogen_interaction,
268,VIT_17s0000g04370,620,0.3000,Wall-associated kinase,,,,
269,VIT_01s0011g04760,621,0.2999,Myb domain protein 4,MYB4_2,MYBC2-L1,vv60044MYB,
270,VIT_12s0142g00570,603,0.2895,R protein disease resistance protein,RPROT,,vv34627R_proteins_from_Plant-pathogen_interaction,
271,VIT_17s0000g10260,598,0.2892,AarF domain containing kinase,K08869,,,
272,VIT_01s0010g01970<br>VIT_01s0010g01980,586,0.2819,
273,VIT_01s0011g06150,577,0.2794,Receptor protein kinase,,,,
274,VIT_13s0067g01700,573,0.2776,Steroid 5alpha-reductase,K09591,,vv10905Brassinosteroid_biosynthesis,
275,VIT_17s0000g08100,573,0.2763,UDP-glucoronosyl and UDP-glucosyl transferase,,,,
276,VIT_18s0041g02020,571,0.2758,12-oxophytodienoate reductase 2,E1_3_1_42,,vv10592alpha-Linolenic_acid_metabolism,
277,VIT_13s0019g04060,568,0.2739,MLO1,K08472,,,
278,VIT_14s0006g00350,564,0.2729,Glutamine synthetase cytosolic isozyme 2,E6_3_1_2,,vv10251Glutamate_metabolism,vv10550Peptidoglycan_biosynthesis
279,VIT_08s0040g00920,562,0.2726,Glutathione S-transferase 25 GSTU7,E2_5_1_18_GSTU7,,vv10480Glutathione_metabolism,
280,VIT_05s0049g01290,563,0.2724,Protein phosphatase 2C,E3_1_3_16,,,
281,VIT_02s0025g02170,562,0.2707,Trehalase precursor,E2_4_1_15,,vv10500Starch_and_sucrose_metabolism,
282,VIT_03s0038g03400,548,0.2664,Endochitinase 1  basic,E3_2_1_14,,vv10530Aminosugars_metabolism,
283,VIT_00s1352g00010,543,0.2621,Myb domain protein 84,MYB84_3,MYB148,vv60044MYB,
284,VIT_18s0166g00260,534,0.2601,No hit,,,,
285,VIT_07s0005g02560,533,0.2574,Chitinase Class I,E3_2_1_14,,vv10530Aminosugars_metabolism,
286,VIT_06s0061g00810,534,0.2562,Cyclin-dependent kinase regulatory subunit CKS2,CKS2,,vv44110Cell_cycle,
287,VIT_18s0076g00200,528,0.2553,DELLA protein RGL2 (RGA-like protein 2),RGL2_1,,vv30010Gibberellin_signaling,vv60032GRAS
288,VIT_08s0040g02210,527,0.2552,Lectin protein kinase,,,,
289,VIT_05s0020g02080,526,0.2535,Zinc finger (C3HC4-type ring finger),ZFC3HC4_164,,vv60078Other_zf-C3HC4,
290,VIT_01s0026g01040,517,0.2517,Unknown protein,,,,
291,VIT_06s0004g07240,522,0.2517,UDP-glucoronosyl and UDP-glucosyl transferase,,,,
292,VIT_12s0055g00340,521,0.2508,WRKY DNA-binding protein 9,WRKY9,VvWRKY39,vv60066WRKY,
293,VIT_11s0016g01060,520,0.2501,Avr9/Cf-9 induced kinase 1,,,,
294,VIT_17s0000g04360,512,0.2477,Wall-associated kinase 2 (WAK2),,,,
295,VIT_02s0025g01420,512,0.2471,Preprotein translocase YidC subunit,K03217,,vv23060Protein_export,vv50122Porters_cat_7_to_17
296,VIT_15s0048g01530,506,0.2454,Geraniol 10-hydroxylase,G10H,,vv10902Monoterpenoid_biosynthesis,
297,VIT_05s0062g00710,503,0.2421,UDP-glucose:flavonoid 7-O-glucosyltransferase,E2_4_1_237,,vv10941Flavonoid_biosynthesis,
298,VIT_11s0016g03190,496,0.2403,Unknown,,,,
299,VIT_10s0116g01850,496,0.2397,Unknown protein,,,,
300,VIT_13s0067g02940,492,0.2387,Amidohydrolase 3,,,,
301,VIT_09s0054g01080,485,0.2350,Polygalacturonase QRT3,E3_2_1_15,,vv40006Cell_wall,
302,VIT_16s0098g01040,482,0.2320,RNA-binding protein RBP37,,,,
303,VIT_13s0074g00350,480,0.2313,Unknown,,,,
304,VIT_08s0040g01710,474,0.2292,Phenylalanine ammonia-lyase,E4_3_1_5,,vv10350Tyrosine_metabolism,vv10360Phenylalanine_metabolism
305,VIT_02s0025g04250,463,0.2248,Osmotin,,,,
306,VIT_14s0128g00520,462,0.2243,Alpha-L-fucosidase 2 precursor,E3_2_1_51,,vv10511N-Glycan_degradation,
307,VIT_03s0063g02560,461,0.2218,Phenylalanyl-tRNA synthetase alpha chain,E6_1_1_20,,vv10400Phenylalanine_tyrosine_and_tryptophan_biosynthesis,vv20970Aminoacyl-tRNA_biosynthesis
308,VIT_04s0008g05540,456,0.2205,Clathrin assembly protein 2,CAP2,,vv50110Protein_coat,
309,VIT_05s0094g01070,456,0.2202,Leucine zipper-EF-hand containing transmembrane protein 1,LETM1,,vv50125Porters_cat_66_to_94,
310,VIT_13s0019g00540,446,0.2165,Ethylene-responsive protein,ERUNK_7,,vv30008Ethylene_signaling,vv60011BHLH
311,VIT_14s0060g00250,432,0.2082,Unknown,,,,
312,VIT_14s0006g03050,429,0.2078,Unknown protein,,,,
313,VIT_14s0060g02710,429,0.2077,Germin,,,,
314,VIT_03s0063g01310,428,0.2071,Oxidoreductase  2OG-Fe(II) oxygenase family,,,,
315,VIT_02s0025g02920,431,0.2070,Quercetin 3-O-methyltransferase 1,E2_1_1_76,,vv10941Flavonoid_biosynthesis,
316,VIT_09s0054g00960,430,0.2064,No hit,,,,
317,VIT_18s0117g00280,424,0.2049,Coatomer protein complex  subunit beta 2,COPB2,,vv50110Protein_coat,
318,VIT_05s0077g01560,423,0.2036,Pathogenesis protein 10.3 [Vitis quinquangularis],,,,
319,VIT_02s0025g02930,417,0.2024,Caffeic acid O-3-methyltransferase,E2_1_1_68,,vv10940Phenylpropanoid_biosynthesis,
320,VIT_08s0007g00610,417,0.2017,Unknown,,,,
321,VIT_19s0014g05110,415,0.2013,Unknown,,,,
322,VIT_00s0480g00040,416,0.2013,Polyphenol oxidase II  chloroplast precursor,E1_10_3_1,,vv10350Tyrosine_metabolism,vv50109Incompletely_characterized_transport_systems
323,VIT_10s0116g01360<br>VIT_10s0116g01290<br>VIT_10s0116g01330<br>VIT_10s0116g01270,415,0.2010,
324,VIT_12s0028g00610,415,0.2005,Aspartyl protease,E3_4_23_x,,,
325,VIT_15s0046g01440,409,0.1984,BZip transcription factor G- box  binding factor 3,GBF3_1,VvbZIP40,vv60012BZIP,
326,VIT_06s0004g05110,412,0.1984,Unknown,,,,
327,VIT_10s0003g00480,410,0.1984,Isoflavone methyltransferase/ Orcinol O-methyltransferase 1 oomt1,E2_1_1_46,,vv10943Isoflavonoid_biosynthesis,
328,VIT_01s0010g02020,404,0.1962,Peroxidase (EC 1.11.1.7)  anionic,E1_11_1_7,,vv10360Phenylalanine_metabolism,vv10680Methane_metabolism
329,VIT_18s0001g12480,399,0.1937,Metal transporter CNNM4 (Cyclin-M4),CNNM4,,vv50109Incompletely_characterized_transport_systems,
330,VIT_05s0020g03680,399,0.1923,GCN5 N-acetyltransferase (GNAT),GCN5_7,,vv60082GNAT,
331,VIT_11s0016g04550,392,0.1891,WD-40 repeat protein (LEUNIG),LEUNIG_4,,vv30009Flower_development,vv60041LUG
332,VIT_15s0045g01200,391,0.1886,Avr9/Cf-9 rapidly elicited protein,,,,
333,VIT_09s0002g06450,388,0.1881,CYP81B2v1,,,,
334,VIT_12s0028g00590,388,0.1873,3-hydroxyisobutyryl-CoA hydrolase,E3_1_2_4,,vv10280Valine_leucine_and_isoleucine_degradation,vv10410Beta-alanine_metabolism
335,VIT_02s0033g00920,385,0.1869,No hit,,,,
336,VIT_18s0157g00140,388,0.1863,Alliin lyase,E4_4_1_4,,vv10272Cysteine_metabolism,
337,VIT_07s0031g01090,387,0.1862,Ascorbate oxidase,E1_10_3_3,,vv10053Ascorbate_and_aldarate_metabolism,vv50109Incompletely_characterized_transport_systems
338,VIT_00s0409g00050,384,0.1850,Receptor-like serine-threonine protein kinase,,,,
339,VIT_17s0000g01650,383,0.1848,Cyclopropyl isomerase,E5_5_1_9,,vv10100Biosynthesis_of_steroids,
340,VIT_12s0028g02970,379,0.1839,MLO1,K08472,,,
341,VIT_04s0008g06620,383,0.1839,Phospholipase D,E3_1_4_4,,vv10564Glycerophospholipid_metabolism,vv10565Ether_lipid_metabolism
342,VIT_08s0056g00300,380,0.1831,Unknown,,,,
343,VIT_09s0002g08580,381,0.1831,Pentatricopeptide (PPR) repeat-containing protein,,,,
344,VIT_18s0001g04490,371,0.1805,Germacrene-D synthase,E4_2_3_22,,vv10900Terpenoid_biosynthesis,
345,VIT_05s0020g03090,369,0.1796,Chloride channel protein (CLC-d),K05393_CLCD,,vv50124Porters_cat_30_to_64,
346,VIT_04s0008g06870,372,0.1794,Cytochrome b5 domain-containing protein,,,,
347,VIT_04s0044g00230,364,0.1757,Monooxygenase (MO2),,,,
348,VIT_12s0057g00260,363,0.1755,External rotenone-insensitive NADPH dehydrogenase,K03885,,vv10190Oxidative_phosphorylation,vv50134Primary_active_transporter_cat_D1
349,VIT_02s0033g00660<br>VIT_02s0033g00850<br>VIT_02s0033g00870<br>VIT_02s0033g00800,359,0.1732,
350,VIT_14s0060g00460,357,0.1723,Receptor-like protein kinase,,,,
351,VIT_11s0016g02830,355,0.1717,Gamma-glutamyltranspeptidase,E2_3_2_2,,vv10272Cysteine_metabolism,vv10450Selenoamino_acid_metabolism
352,VIT_05s0102g00510,353,0.1712,Unknown protein,,,,
353,VIT_02s0025g01560,354,0.1712,UDP-glucose 4-epimerase GEPI48,E5_1_3_2,,vv10052Galactose_metabolism,vv10520Nucleotide_sugars_metabolism
354,VIT_18s0117g00070,353,0.1708,R protein L6,K13477,,vv34627R_proteins_from_Plant-pathogen_interaction,
355,VIT_06s0004g00130,356,0.1703,Pyruvate kinase,E2_7_1_40,,vv10010Glycolysis,vv10230Purine_metabolism
356,VIT_15s0048g00350,337,0.1633,3-phosphoshikimate 1-carboxyvinyltransferase  chloroplast precursor,E2_5_1_19,,vv10400Phenylalanine_tyrosine_and_tryptophan_biosynthesis,
357,VIT_09s0002g05530,337,0.1630,ABC transporter g family pleiotropic drug resistance 12 PDR12,ABCGPDR12,,vv52010ABC_transporters,
358,VIT_03s0091g00160,332,0.1605,NtPRp27 secretory protein,,,,
359,VIT_18s0001g08970,330,0.1603,No hit,,,,
360,VIT_12s0057g00430,327,0.1586,Auxin-responsive,AUXREG,,vv30003Auxin_signaling,
361,VIT_07s0031g01660,328,0.1581,CYP86A2,,,,
362,VIT_18s0001g05780,329,0.1578,Leucine-rich repeat family protein,,,,
363,VIT_06s0004g05970,327,0.1568,Antiviral helicase SKI2,K12599,,vv23018RNA_degradation,
364,VIT_05s0077g01250,320,0.1541,Endochitinase A2 precursor,E3_2_1_14,,vv10530Aminosugars_metabolism,
365,VIT_14s0128g00940,318,0.1539,No hit,,,,
366,VIT_18s0001g05230,316,0.1531,Valencene synthase,CSTPS1,,vv10900Terpenoid_biosynthesis,
367,VIT_03s0088g01140,311,0.1500,Squalene monooxygenase 2,E1_14_99_7,,vv10100Biosynthesis_of_steroids,vv10900Terpenoid_biosynthesis
368,VIT_13s0084g00850<br>VIT_13s0084g00880,312,0.1498,
369,VIT_07s0129g00800,307,0.1486,CYP81E1 Isoflavone 2'-hydroxylase,E1_14_13_89,,vv10943Isoflavonoid_biosynthesis,
370,VIT_13s0064g01110,305,0.1475,No hit,,,,
371,VIT_14s0068g01000,305,0.1472,Unknown protein,,,,
372,VIT_18s0117g00040,304,0.1469,No hit,,,,
373,VIT_11s0016g05460,305,0.1469,BRI1-KD interacting protein,BRI1INT,,vv30005Brassinosteroids_signaling,
374,VIT_14s0006g00430,304,0.1468,Carboxylesterase,E3_1_1_1,,,
375,VIT_08s0007g05650,303,0.1463,Unknown protein,,,,
376,VIT_09s0002g01550,302,0.1460,Lecithine cholesterol acyltransferase,E2_3_1_43,,vv10564Glycerophospholipid_metabolism,
377,VIT_05s0094g00610,296,0.1427,Pirin,,,,
378,VIT_07s0151g01070,295,0.1426,Copalyl diphosphate synthase,E5_5_1_12,,vv10904Diterpenoid_biosynthesis,
379,VIT_01s0011g03650,291,0.1411,Map kinase substrate 1 MKS1,,,,
380,VIT_13s0074g00420,289,0.1405,Unknown,,,,
381,VIT_05s0094g00540,286,0.1387,Acyl-[acyl-carrier-protein] desaturase,E1_14_19_2,,vv11040Biosynthesis_of_unsaturated_fatty_acids,
382,VIT_13s0064g01470,287,0.1380,Urophorphyrin III methylase,E2_1_1_107,,vv10860Porphyrin_and_chlorophyll_metabolism,
383,VIT_08s0058g00790,284,0.1372,Secoisolariciresinol dehydrogenase,SIRD,,vv10940Phenylpropanoid_biosynthesis,
384,VIT_01s0010g02000,282,0.1367,Peroxidase,E1_11_1_7,,vv10360Phenylalanine_metabolism,vv10680Methane_metabolism
385,VIT_14s0066g00760,283,0.1363,Disease resistance protein (NBS-LRR class),,,,
386,VIT_14s0128g00610<br>VIT_14s0128g00640,281,0.1352,
387,VIT_16s0148g00290<br>VIT_16s0148g00360<br>VIT_16s0148g00100<br>VIT_00s0258g00140,278,0.1350,
388,VIT_19s0090g00060,274,0.1328,Biopterin transport-related protein BT1,BIOPTERIN,,vv50125Porters_cat_66_to_94,
389,VIT_15s0046g02220,273,0.1314,ACC synthase,E4_4_1_14,,vv10640Propanoate_metabolism,vv30008Ethylene_signaling
390,VIT_10s0003g01940,267,0.1290,RKF1 (receptor-like kinase in flowers 1),,,,
391,VIT_08s0007g04310,267,0.1287,Threonine dehydratase/deaminase,E4_3_1_19,,vv10260Glycine_serine_and_threonine_metabolism,vv10290Valine_leucine_and_isoleucine_biosynthesis
392,VIT_07s0130g00170,265,0.1281,Transmembrane CLPTM1 Cleft lip and palate transmembrane protein 1,,,,
393,VIT_14s0030g01750,264,0.1278,Unknown,,,,
394,VIT_14s0081g00190,261,0.1268,No hit,,,,
395,VIT_12s0035g00580,261,0.1262,No hit,,,,
396,VIT_14s0083g00340,258,0.1254,Beta-glucan-binding protein 4,E3_2_1_23,,vv10052Galactose_metabolism,vv10511N-Glycan_degradation
397,VIT_06s0061g00120,261,0.1254,Beta-1 3-glucanase [Vitis riparia],E3_2_1_6,,,
398,VIT_18s0001g07870,262,0.1254,Unknown protein,,,,
399,VIT_18s0001g01100,258,0.1244,KOW domain-containing factor family protein,KOWDOM,,,
400,VIT_12s0028g01780,255,0.1227,FAD-linked oxidoreductase 1,,,,
401,VIT_03s0063g01910,249,0.1198,Integral membrane protein,,,,
402,VIT_18s0001g01860,245,0.1187,Preprotein translocase secA,K03070,,vv23060Protein_export,vv50113Thylakoid_targeting_pathway
403,VIT_18s0086g00690,243,0.1182,Exostosin,K02366,,vv11030Glycan_structures-biosynthesis1,
404,VIT_00s0270g00120,245,0.1177,Alpha-amylase/subtilisin inhibitor,E3_2_1_1,,vv10500Starch_and_sucrose_metabolism,
405,VIT_00s0437g00060,236,0.1146,Receptor kinase RK20-1,,,,
406,VIT_16s0098g00560,238,0.1145,SP1L2 (SPIRAL2),SP1L2,,vv44810Regulation_of_actin_cytoskeleton,
407,VIT_19s0014g03640,235,0.1140,Myosin VII,K10359,,vv44810Regulation_of_actin_cytoskeleton,
408,VIT_18s0001g01850,232,0.1127,Amino acid permease,AAPREL,,vv50123Porters_cat_18_to_29,
409,VIT_01s0146g00070,233,0.1126,11-beta-hydroxysteroid dehydrogenase,E1_1_1_146,,vv10140C21-Steroid_hormone_metabolism,
410,VIT_04s0044g00220,225,0.1089,Monooxygenase,,,,
411,VIT_09s0002g01320,225,0.1085,Germin-like protein,,,,
412,VIT_11s0052g00350,226,0.1083,Receptor kinase TRKe,,,,
413,VIT_08s0040g01860,221,0.1069,Unknown protein,,,,
414,VIT_13s0074g00570,222,0.1069,Gamma-aminobutyric acid transporter,GAT1,,vv50123Porters_cat_18_to_29,
415,VIT_08s0007g03310,213,0.1030,Unknown,,,,
416,VIT_15s0046g00170,213,0.1028,MYBPA1 protein [Vitis vinifera],MYBPA1,MYBPA1,vv60044MYB,
417,VIT_02s0025g04270<br>VIT_02s0025g04260<br>VIT_02s0025g04230,209,0.1009,
418,VIT_14s0083g00460,206,0.0999,Tryptophan synthase beta chain 2,E4_2_1_20,,vv10400Phenylalanine_tyrosine_and_tryptophan_biosynthesis,
419,VIT_19s0090g01400,207,0.0997,Wax synthase isoform 1,E2_3_1_75,,vv11000Single_reactions,
420,VIT_13s0019g05360,204,0.0990,KH domain-containing protein NOVA,,,,
421,VIT_10s0003g05550<br>VIT_10s0003g05620,205,0.0989,
422,VIT_06s0004g02010,204,0.0988,No hit,,,,
423,VIT_13s0019g03910,201,0.0971,Unknown,,,,
424,VIT_00s0399g00020,197,0.0958,Protease inhibitor/seed storage/lipid transfer protein (LTP),,,,
425,VIT_19s0014g01370,197,0.0957,Curculin (mannose-binding) lectin,,,,
426,VIT_03s0088g00710,196,0.0946,Pathogenesis-related protein 1 precursor (PRP 1),PRP1,,vv30011Jasmonate_signaling,vv34626Plant-pathogen_interaction
427,VIT_06s0004g02030,190,0.0917,Xanthine dehydrogenase/oxidase,E1_17_1_4,,vv10230Purine_metabolism,vv44146Peroxisome
428,VIT_01s0011g05890,187,0.0905,S-adenosyl-L-methionine:salicylic acid carboxyl methyltransferase,SAMTBSCMT,,vv10360Phenylalanine_metabolism,
429,VIT_11s0016g05540,183,0.0887,Dicyanin,,,,
430,VIT_10s0003g05450,181,0.0879,Reticuline oxidase precursor,E1_21_3_3,,vv10950Alkaloid_biosynthesis_I,
431,VIT_01s0011g05440,181,0.0874,Unknown protein,,,,
432,VIT_14s0081g00640,181,0.0873,Aspartate aminotransferase,E2_6_1_1,vv10710Carbon_fixation,vv10252Alanine_and_aspartate_metabolism,vv10272Cysteine_metabolism
433,VIT_00s0227g00110,179,0.0866,Gamma hydroxybutyrate dehydrogenase-like protein,E1_1_1_61,,vv10650Butanoate_metabolism,
434,VIT_18s0122g00450,177,0.0852,Sinapyl alcohol dehydrogenase,E1_1_1_195,,vv10940Phenylpropanoid_biosynthesis,
435,VIT_04s0043g00250,176,0.0848,Nonsense-mediated mRNA decay NMD3,K07562,,vv23008Ribosome_biogenesis_in_Eukaryotes,vv23013RNA_transport
436,VIT_15s0021g01260,175,0.0845,Unknown,,,,
437,VIT_12s0055g00920,174,0.0839,Aspartate aminotransferase,E2_6_1_1,vv10710Carbon_fixation,vv10252Alanine_and_aspartate_metabolism,vv10272Cysteine_metabolism
438,VIT_12s0028g01770,172,0.0831,FAD-linked oxidoreductase 1,,,,
439,VIT_00s0233g00130,171,0.0820,flavin-containing monooxygenase family protein / FMO family protein,E1_14_13_8,,vv11000Single_reactions,
440,VIT_01s0010g01960,168,0.0815,Anionic peroxidase,E1_11_1_7,,vv10360Phenylalanine_metabolism,vv10680Methane_metabolism
441,VIT_16s0098g01830,167,0.0809,Transcription factor jumonji (jmjC) domain-containing protein,JMJD1B_3,,vv60038Jumonji,
442,VIT_18s0001g05430,166,0.0804,(+)-delta-cadinene synthase isozyme XC14,E4_2_3_13,,vv10900Terpenoid_biosynthesis,
443,VIT_12s0057g00570,165,0.0802,Zinc finger (CCCH-type) family protein,CCCHFAM_30,,vv60018C3H,
444,VIT_10s0003g02280,167,0.0802,SRG1 (senescence-related gene 1) oxidoreductase,,,,
445,VIT_03s0088g00720,163,0.0789,Pathogenesis-related protein 1 precursor (PRP 1),PRP1,,vv30011Jasmonate_signaling,vv34626Plant-pathogen_interaction
446,VIT_10s0003g02320<br>VIT_10s0003g02300<br>VIT_10s0003g02390<br>VIT_10s0003g02350<br>VIT_10s0003g02340<br>VIT_10s0003g02400,162,0.0787,
447,VIT_11s0037g01300,160,0.0772,No hit,,,,
448,VIT_02s0154g00160,159,0.0767,flavin-containing monooxygenase family protein / FMO family protein,E1_14_13_8,,vv11000Single_reactions,
449,VIT_13s0019g01710,157,0.0764,Scarecrow transcription factor 14 (SCL14),SCL14_9,,vv60032GRAS,
450,VIT_02s0012g02370,157,0.0761,Geraniol 10-hydroxylase,G10H,,vv10902Monoterpenoid_biosynthesis,
451,VIT_02s0033g00700,157,0.0757,Nitrilase,E3_5_5_1,,vv10460Cyanoamino_acid_metabolism,vv10910Nitrogen_metabolism
452,VIT_01s0146g00060,156,0.0752,Glucose-6-phosphate 1-dehydrogenase 2  chloroplast precursor,E1_1_1_49,,vv10030Pentose_phosphate,vv10480Glutathione_metabolism
453,VIT_18s0001g11130,156,0.0751,Calmodulin-binding protein AR781,,,,
454,VIT_18s0001g00170,154,0.0746,Unknown protein,,,,
455,VIT_09s0054g00900,147,0.0716,Chaperone BCS1 mitochondrial,K08900,,,
456,VIT_15s0048g01080,146,0.0706,Unknown,,,,
457,VIT_12s0028g03260,144,0.0699,Rooty/superroot1,K11819,,vv10966Glucosinolate_biosynthesis,
458,VIT_14s0128g00390,136,0.0657,Mitochondrial FAD carrier,MFADC,,vv50123Porters_cat_18_to_29,
459,VIT_11s0016g01010,135,0.0655,Serine/threonine-protein kinase NAK,,,,
460,VIT_18s0001g14090,135,0.0653,Molecular chaperone DnaJ,K03686,,vv50132Primary_active_transporter_cat_A5_to_A8,
461,VIT_05s0062g00990,133,0.0643,Aldo/keto reductase AKR,E1_1_1_21,,vv10040Pentose_glucuronate_interconversion,vv10051Fructose_and_mannose_metabolism
462,VIT_01s0146g00310,129,0.0627,Pyruvate dehydrogenase E1 component subunit beta,E1_2_4_1,,vv10010Glycolysis,vv10252Alanine_and_aspartate_metabolism
463,VIT_03s0088g00750,129,0.0623,Pathogenesis related protein 1 precursor [Vitis vinifera],PRP1,,vv30011Jasmonate_signaling,vv34626Plant-pathogen_interaction
464,VIT_00s0262g00090,129,0.0622,Receptor kinase RK20-1,,,,
465,VIT_02s0012g02340,128,0.0618,CYP76C4,,,,
466,VIT_18s0001g12090,127,0.0617,Unknown protein,,,,
467,VIT_07s0005g04050,127,0.0616,Leucine Rich Repeat receptor-like kinase,,,,
468,VIT_13s0064g00260,123,0.0595,No hit,,,,
469,VIT_18s0001g10100,117,0.0567,Ubiquitin-conjugating enzyme E2 I,K10577,,vv23013RNA_transport,vv24120Ubiquitin_mediated_proteolysis
470,VIT_14s0066g01150,113,0.0548,Cinnamoyl-CoA reductase,E1_2_1_44,,vv10940Phenylpropanoid_biosynthesis,
471,VIT_17s0000g02220,114,0.0547,No hit,,,,
472,VIT_10s0071g00170,109,0.0528,Phosphatidylinositol 3- and 4-kinase / ubiquitin,,,,
473,VIT_12s0028g00560,108,0.0521,Unknown,,,,
474,VIT_06s0004g07070,106,0.0514,Protein kinase,,,,
475,VIT_17s0000g03370,104,0.0502,Calmodulin-binding protein,K02183,,vv34020Calcium_signaling_pathway,vv34626Plant-pathogen_interaction
476,VIT_05s0020g05040,103,0.0501,Proteinase inhibitor 1 PPI3B2,,,,
477,VIT_15s0021g01130,103,0.0500,Rho GTPase; Rho GTP binding protein,E3_6_5_1,,,
478,VIT_16s0098g00460,103,0.0498,Lipase class 3,,,,
479,VIT_06s0004g08180,103,0.0496,Translation initiation factor eIF-2 beta subunit,K03238,,vv23013RNA_transport,
480,VIT_19s0014g04240,101,0.0490,S-locus protein kinase,,,,
481,VIT_07s0031g01960,99,0.0478,Zinc finger (DHHC type),ZFDHHC_10,,vv60079Other_zf-DHHC,
482,VIT_09s0002g00370,98,0.0475,Unknown protein,,,,
483,VIT_15s0048g01390,98,0.0475,Gibberellin receptor GID1L3,GID1C,,vv30010Gibberellin_signaling,
484,VIT_12s0142g00190,98,0.0474,No hit,,,,
485,VIT_17s0000g00880,96,0.0467,Pseudouridine synthase,E4_2_1_70,,vv10240Pyrimidine_metabolism,
486,VIT_06s0061g01210,95,0.0458,Lysine histidine transporter 1,LHT1,,vv50123Porters_cat_18_to_29,
487,VIT_04s0069g00880,94,0.0457,No hit,,,,
488,VIT_01s0011g02380,95,0.0455,Unknown,,,,
489,VIT_02s0025g01080,92,0.0443,No hit,,,,
490,VIT_12s0035g01150,92,0.0443,RAB GTPase FP8,K07976,,,
491,VIT_16s0050g02570,92,0.0442,Protein phosphatase 2C,E3_1_3_16,,,
492,VIT_08s0040g02090,91,0.0440,DnaJ homolog  subfamily C  member 3,K09523,,vv50132Primary_active_transporter_cat_A5_to_A8,
493,VIT_11s0016g01310,91,0.0439,TT2 (transparent testa 2),TT2_5,MYBPA4,vv44110Cell_cycle,vv60044MYB
494,VIT_19s0027g00870,91,0.0439,NAC domain-containing protein 42,NAC042_3,VvNAC30,vv60046NAC,
495,VIT_19s0090g01250,89,0.0430,Jasmonate O-methyltransferase,E2_1_1_141,,vv10592alpha-Linolenic_acid_metabolism,
496,VIT_02s0025g01230,88,0.0423,Amino acid permease,AAPREL,,vv50123Porters_cat_18_to_29,
497,VIT_19s0014g04180,87,0.0418,Curculin (mannose-binding) lectin,,,,
498,VIT_02s0236g00120,86,0.0415,Unknown,,,,
499,VIT_08s0040g03010,83,0.0406,Pigment defective 149,PDE149,,vv50109Incompletely_characterized_transport_systems,
500,VIT_02s0087g00190,84,0.0405,SH3 domain-containing protein 2,SH3P2,,vv50110Protein_coat,
501,VIT_13s0074g00800,84,0.0404,CCHC-type integrase,,,,
502,VIT_16s0050g02210,82,0.0400,Chitinase III [Vitis vinifera],E3_2_1_14,,vv10530Aminosugars_metabolism,
503,VIT_05s0102g00610,80,0.0388,No hit,,,,
504,VIT_01s0127g00490,79,0.0381,Pantothenate kinase 2,E2_7_1_33,,vv10770Pantothenate_and_CoA_biosynthesis,
505,VIT_05s0062g01190,78,0.0378,Pirin,,,,
506,VIT_17s0000g02920,77,0.0373,Glutathione S-transferase 25 GSTU7,E2_5_1_18_GSTU7,,vv10480Glutathione_metabolism,
507,VIT_02s0025g02850,77,0.0371,Subtilisin protease,SBT3_3,,vv50101Channels_and_pores,
508,VIT_14s0108g00890,76,0.0369,Beta-1 3-galactosyltransferase,K07819,,vv10602Glycosphingolipid_biosynthesis,
509,VIT_01s0011g02390,76,0.0369,Unknown,,,,
510,VIT_08s0040g03100,75,0.0364,Glutathione S-transferase GSTO1,E2_5_1_18_GSTO1,,vv10480Glutathione_metabolism,
511,VIT_18s0001g04860,74,0.0360,Aspartate transaminase.,E2_6_1_1,vv10710Carbon_fixation,vv10252Alanine_and_aspartate_metabolism,vv10272Cysteine_metabolism
512,VIT_11s0037g00620,74,0.0359,Receptor kinase TRKe,,,,
513,VIT_00s0347g00070,73,0.0352,S-locus lectin protein kinase,,,,
514,VIT_11s0016g02360,73,0.0352,TET2 (tetraspanin2),,,,
515,VIT_17s0000g06680,73,0.0351,Unknown protein,,,,
516,VIT_14s0030g01970,72,0.0346,Auxin-induced protein PCNT115,AUXREG,,vv30003Auxin_signaling,
517,VIT_14s0006g00340,71,0.0342,No hit,,,,
518,VIT_18s0001g01110,68,0.0330,Monooxygenase (MO2),,,,
519,VIT_00s0258g00130<br>VIT_16s0148g00370,68,0.0327,
520,VIT_11s0016g01860,67,0.0325,RPS2 (resistant to p. syringae 2),K13459,,vv34626Plant-pathogen_interaction,
521,VIT_12s0057g01100,65,0.0318,Nudix hydrolase 2,,,,
522,VIT_17s0000g05240,64,0.0311,Nuclear transport factor 2 (NTF2),NTF2,,vv50133Primary_active_transporter_cat_A9_to_A18,
523,VIT_18s0075g00440,64,0.0310,TIR-NBS-LRR disease resistance,,,,
524,VIT_01s0011g01350,63,0.0306,No hit,,,,
525,VIT_05s0049g00490,63,0.0306,Ethylene response factor ERF14,ERF14_2,VvERF109,vv30008Ethylene_signaling,vv60003AP2_EREBP
526,VIT_02s0025g04870,62,0.0300,No hit,,,,
527,VIT_03s0091g00150,62,0.0299,NtPRp27 secretory protein,,,,
528,VIT_10s0003g05640,61,0.0296,UDP-arabinose 4-epimerase 3,E5_1_3_5,,vv10520Nucleotide_sugars_metabolism,
529,VIT_16s0050g02230,61,0.0295,Chitinase [Vitis vinifera],E3_2_1_14,,vv10530Aminosugars_metabolism,
530,VIT_13s0019g01470,60,0.0292,Geranylgeranyltransferase type I beta subunit,E2_5_1_59,,vv10100Biosynthesis_of_steroids,
531,VIT_13s0064g01100,59,0.0287,No hit,,,,
532,VIT_09s0002g02570,58,0.0283,No hit,,,,
533,VIT_02s0087g00320,58,0.0281,Glycosyl transferase family 1 protein,,,,
534,VIT_14s0066g01650,58,0.0280,Nodulin MtN21 family,MTN21,,vv50122Porters_cat_7_to_17,
535,VIT_14s0068g01090,57,0.0275,SUVH4 (SU(VAR)3-9 homolog 4),E2_1_1_43SUVH4_7,,vv10300Lysine_biosynthesis,vv60056SET_PCG
536,VIT_08s0105g00470,56,0.0271,PHD finger-like domain-containing protein 5A,K12834,,vv23040Spliceosome,
537,VIT_17s0000g08200,56,0.0270,Phosphoglycerate/bisphosphoglycerate mutase,E5_4_2_1,,vv10010Glycolysis,
538,VIT_09s0002g06890,55,0.0268,Dicyanin blue copper protein,,,,
539,VIT_01s0011g00060,53,0.0256,No hit,,,,
540,VIT_13s0074g00510,52,0.0251,ATP-dependent RNA helicase,,,,
541,VIT_00s0391g00040,51,0.0249,F-box family protein,,,,
542,VIT_16s0098g01770,51,0.0246,Vesicle-associated membrane protein 72,K08511,,vv24130SNARE_interactions_in_vesicular_transport,vv50101Channels_and_pores
543,VIT_01s0010g01130,50,0.0241,6-phosphogluconate dehydrogenase,E1_1_1_44,,vv10030Pentose_phosphate,
544,VIT_10s0003g01920,48,0.0233,RKF1 (receptor-like kinase in flowers 1),,,,
545,VIT_14s0083g01170,48,0.0232,Mitochondrial substrate carrier family protein,K03454,,vv50123Porters_cat_18_to_29,
546,VIT_18s0041g01350,48,0.0232,Receptor-like protein kinase HAIKU2,,,,
547,VIT_16s0050g02510,47,0.0228,WRKY DNA-binding protein 53,WRKY53_1,VvWRKY51,vv60066WRKY,
548,VIT_01s0026g01140,47,0.0228,ZCW32 (BIGPETAL  BIGPETALUB),ZCW32_2,,vv60011BHLH,
549,VIT_16s0039g01870,47,0.0228,Protein kinase,,,,
550,VIT_18s0001g12510,47,0.0227,5' nucleotidase,E3_1_3_5,,vv10230Purine_metabolism,vv10240Pyrimidine_metabolism
551,VIT_06s0080g00270,47,0.0227,Zinc finger (C2H2 type) protein (WIP3),WIP3_2,,vv60017C2H2,
552,VIT_04s0043g00380,46,0.0222,Unknown protein,,,,
553,VIT_01s0127g00070,46,0.0221,Nitrate transporter2.5,NRT2_5,,vv50121Porters_cat_1_to_6,
554,VIT_11s0052g00340,45,0.0218,Protein kinase Xa21,,,,
555,VIT_02s0234g00080,45,0.0217,Enoyl-CoA hydratase/isomerase,E4_2_1_17,,vv10062Fatty_acid_elongation_in_mitochondria,vv10071Fatty_acid_metabolism
556,VIT_10s0042g00590,44,0.0214,Leucine-rich repeat receptor-like protein kinase 1,,,,
557,VIT_16s0098g01260,44,0.0214,Intramitochondrial sorting protein MSP1 protein,MSP1,,vv50133Primary_active_transporter_cat_A9_to_A18,
558,VIT_06s0009g03130,44,0.0211,Cytochrome P450  family 79  subfamily A  polypeptide 2,K12153,,vv10966Glucosinolate_biosynthesis,
559,VIT_18s0075g01090,43,0.0209,Laccase,E1_10_3_2,,vv11000Single_reactions,vv50109Incompletely_characterized_transport_systems
560,VIT_11s0016g01470,42,0.0203,Lecithine cholesterol acyltransferase,E2_3_1_43,,vv10564Glycerophospholipid_metabolism,
561,VIT_06s0004g05700,42,0.0203,Glutathione S-transferase 8 GSTU8,E2_5_1_18_GSTU8,,vv10480Glutathione_metabolism,
562,VIT_13s0019g01490,42,0.0202,C2 domain-containing protein,,,,
563,VIT_17s0000g06790,41,0.0198,flavin-containing monooxygenase,E1_14_13_8,,vv11000Single_reactions,
564,VIT_16s0013g01590,41,0.0198,No hit,,,,
565,VIT_02s0012g01610,40,0.0193,Beta-1 3-glucanase precursor,E3_2_1_6,,,
566,VIT_00s2745g00010,39,0.0189,Receptor kinase RK20-1,,,,
567,VIT_01s0011g00590,39,0.0188,Acclimation of photosynthesis to environment,APE2,,vv50122Porters_cat_7_to_17,
568,VIT_19s0085g00050,38,0.0184,Myb domain protein 58,MYB58_1,MYB139,vv60044MYB,
569,VIT_01s0011g03850,37,0.0179,Unknown protein,,,,
570,VIT_15s0046g00120,37,0.0179,Unknown protein,,,,
571,VIT_06s0004g05070,37,0.0179,Zinc transporter (ZIP2),ZIP2,,vv50121Porters_cat_1_to_6,
572,VIT_02s0236g00130,36,0.0174,SNF1-related protein kinase SRK2F,SRK2H,,vv30001ABA_signaling,
573,VIT_05s0020g02730,35,0.0169,Nectarin IV NEC4,,,,
574,VIT_18s0041g02260<br>VIT_18s0041g02060,35,0.0169,
575,VIT_13s0067g01730,35,0.0169,Steroid 5alpha-reductase,K09591,,vv10905Brassinosteroid_biosynthesis,
576,VIT_03s0063g00700,34,0.0164,CXE carboxylesterase,E3_1_1_1,,,
577,VIT_04s0044g00040,32,0.0155,Dirigent,,,,
578,VIT_08s0007g02470,32,0.0154,Aspartyl protease,E3_4_23_x,,,
579,VIT_19s0027g00930,31,0.0150,No hit,,,,
580,VIT_14s0060g02170,31,0.0150,Glutathione S-transferase GSTU8,E2_5_1_18_GSTU8,,vv10480Glutathione_metabolism,
581,VIT_06s0004g01440,30,0.0146,ABA glucosidase,ABAGLC,,vv11013ABA_biosynthesis,
582,VIT_12s0028g00050,30,0.0145,Beta-1 3 glucanase,E3_2_1_6,,,
583,VIT_18s0001g04640,30,0.0145,No hit,,,,
584,VIT_10s0003g05430,30,0.0145,Reticuline oxidase precursor,E1_21_3_3,,vv10950Alkaloid_biosynthesis_I,
585,VIT_17s0000g03260,30,0.0145,Reticulon (RTNLB9),,,,
586,VIT_12s0057g00900,30,0.0145,Import inner membrane translocase subunit TIM50,TIM50,,vv50132Primary_active_transporter_cat_A5_to_A8,
587,VIT_00s0748g00020,30,0.0144,Receptor kinase RK20-1,,,,
588,VIT_02s0234g00030,29,0.0141,No hit,,,,
589,VIT_11s0016g05190,29,0.0141,Phosphate translocator-related,PTLREL,,vv50122Porters_cat_7_to_17,
590,VIT_18s0001g09360,29,0.0140,Hydrogenobyrinic acid a c-diamide synthase,E6_3_5_9,,vv50101Channels_and_pores,
591,VIT_14s0068g02210,29,0.0140,HcrVf1 protein,,,,
592,VIT_18s0117g00060,29,0.0140,R protein L6,K13477,,vv34627R_proteins_from_Plant-pathogen_interaction,
593,VIT_00s0743g00030,28,0.0136,S-locus lectin protein kinase,,,,
594,VIT_06s0004g00890,28,0.0136,Unknown protein,,,,
595,VIT_08s0105g00280,28,0.0135,Ribosomal protein S8e,K02995,,vv23010Ribosome,
596,VIT_16s0100g00870,28,0.0135,No hit,,,,
597,VIT_12s0028g03220,28,0.0135,STT3B (staurosporin and temperature sensitive 3-like B),K07151,,vv10510N-Glycan_biosynthesis,vv24141Protein_processing_in_endoplasmic_reticulum
598,VIT_18s0041g02070,27,0.0131,12-oxophytodienoate reductase 1,E1_3_1_42,,vv10592alpha-Linolenic_acid_metabolism,
599,VIT_09s0002g05370,27,0.0130,ABC transporter g family pleiotropic drug resistance 12 PDR12,ABCGPDR12,,vv52010ABC_transporters,
600,VIT_09s0002g06060,27,0.0130,U3 small nucleolar RNA-associated protein 5,K14546,,vv23008Ribosome_biogenesis_in_Eukaryotes,
601,VIT_05s0051g00440,27,0.0130,Transmembrane protein FT27/PFT27,PFT27,,vv50109Incompletely_characterized_transport_systems,
602,VIT_06s0004g02520,26,0.0126,Telomere repeat binding factor like TRFL6,TRFL6_1,,vv60045MYBrelated,
603,VIT_08s0007g09010,26,0.0125,Esterase,E3_1_2_12,,vv10680Methane_metabolism,
604,VIT_10s0003g00330,26,0.0125,HSL1 (HAESA-like 1),,,,
605,VIT_17s0000g06710,25,0.0121,Leucine-rich repeat transmembrane protein kinase,,,,
606,VIT_08s0007g00850,25,0.0121,EFR (EF-TU receptor),K13428,,vv34626Plant-pathogen_interaction,
607,VIT_14s0083g00080,25,0.0121,Unknown protein,,,,
608,VIT_14s0219g00290,25,0.0121,Esterase/lipase/thioesterase,,,,
609,VIT_01s0026g02400,25,0.0121,Glutathione S-transferase 10 GSTU10,E2_5_1_18_GSTU10,,vv10480Glutathione_metabolism,
610,VIT_01s0026g01730,25,0.0121,WRKY DNA-binding protein 72,WRKY72_1,VvWRKY02,vv60066WRKY,
611,VIT_01s0011g02480,24,0.0117,Phospholipid-transporting ATPase,K01530,,vv50131Primary_active_transporter_cat_A2_to_A4,
612,VIT_08s0007g03900,24,0.0116,Heat stress transcription factor A3,HSFA3,,vv60037HSF,
613,VIT_14s0108g00350,24,0.0116,3-dehydroquinate synthase,E4_2_3_4,,vv10400Phenylalanine_tyrosine_and_tryptophan_biosynthesis,
614,VIT_04s0023g02900,24,0.0116,Ferulate-5-hydroxylase,K09755,,vv10940Phenylpropanoid_biosynthesis,
615,VIT_11s0016g00530,24,0.0115,Adrenodoxin ferredoxin 2,K04755,,,
616,VIT_07s0104g01260,23,0.0111,flavin-containing monooxygenase,E1_14_13_8,,vv11000Single_reactions,
617,VIT_08s0040g00070,23,0.0111,Argonaute,,,,
618,VIT_16s0148g00300,23,0.0111,Receptor serine/threonine kinase,,,,
619,VIT_06s0009g03470,23,0.0111,Unknown protein,,,,
620,VIT_03s0038g04420,23,0.0110,DnaJ homolog  subfamily A  member 2,K09503,,vv50132Primary_active_transporter_cat_A5_to_A8,
621,VIT_18s0041g02270,22,0.0106,12-oxophytodienoate reductase 2,E1_3_1_42,,vv10592alpha-Linolenic_acid_metabolism,
622,VIT_09s0002g02580,22,0.0106,No hit,,,,
623,VIT_05s0062g00790,21,0.0102,NSL1 (necrotic spotted lesions 1),,,,
624,VIT_10s0003g01160,21,0.0101,Basic helix-loop-helix (bHLH) family,BHLHDOM_23,,vv60011BHLH,
625,VIT_14s0128g00680,21,0.0101,Germin,,,,
626,VIT_13s0067g02900,21,0.0101,BZIP transcription factor,BZIPDOM_19,VvbZIP33,vv60012BZIP,
627,VIT_00s0250g00090,20,0.0097,Oxidoreductase  2OG-Fe(II) oxygenase,,,,
628,VIT_13s0156g00160,20,0.0097,Unknown,,,,
629,VIT_15s0048g00620,19,0.0092,No hit,,,,
630,VIT_07s0005g04880,19,0.0092,Glutathione S-transferase 25 GSTU7,E2_5_1_18_GSTU7,,vv10480Glutathione_metabolism,
631,VIT_13s0067g02870,19,0.0092,Chalcone-flavanone isomerase,E5_5_1_6,,vv10941Flavonoid_biosynthesis,
632,VIT_03s0091g00420,18,0.0087,No hit,,,,
633,VIT_01s0011g06600,18,0.0087,Glutamate decarboxylase,E4_1_1_15,,vv10251Glutamate_metabolism,vv10252Alanine_and_aspartate_metabolism
634,VIT_16s0039g02110,18,0.0087,AAA-type ATPase,,,,
635,VIT_07s0031g00460,18,0.0087,Nicotinate phosphoribosyltransferase,E2_4_2_11,,vv10760Nicotinate_and_nicotinamide_metabolism,
636,VIT_17s0000g04850,18,0.0087,OBF binding protein 4,OBP4,,vv60015C2C2-DOF,
637,VIT_19s0015g01750,17,0.0083,WD-40 repeat,,,,
638,VIT_10s0003g01220,16,0.0078,Copper-binding family protein,,,,
639,VIT_06s0004g07350,16,0.0078,Substrate carrier  Mitochondrial,K03454,,vv50123Porters_cat_18_to_29,
640,VIT_00s0743g00020,16,0.0078,S-locus lectin protein kinase,,,,
641,VIT_01s0011g02530,16,0.0077,Carboxylesterase,E3_1_1_1,,,
642,VIT_06s0004g02670,16,0.0077,Cyclic nucleotide-gated ion channel 15,K05391_CNGC15,,vv34626Plant-pathogen_interaction,vv50101Channels_and_pores
643,VIT_08s0007g06610,16,0.0077,Lectin protein kinase,,,,
644,VIT_17s0000g09740,16,0.0077,Esterase,,,,
645,VIT_10s0003g00340,16,0.0077,ACR4 (Arabidopsis CRINKLY4),,,,
646,VIT_00s0375g00040,16,0.0077,NAC domain-containing protein 25,NAC025_3,VvNAC03,vv60046NAC,
647,VIT_08s0007g01230,15,0.0073,Lectin protein kinase,,,,
648,VIT_08s0032g00950,15,0.0073,Unknown protein,,,,
649,VIT_06s0004g00760,15,0.0073,Leucoanthocyanidin dioxygenase-like protein,E1_14_11_19,,vv10941Flavonoid_biosynthesis,
650,VIT_07s0129g00420,15,0.0073,Unknown protein,,,,
651,VIT_18s0001g10120,15,0.0073,SPla/RYanodine receptor (SPRY) domain-containing protein,,,,
652,VIT_07s0104g01130,15,0.0073,No hit,,,,
653,VIT_10s0003g04250,15,0.0072,Glutathione S-transferase GSTU22,E2_5_1_18_GSTU22,,vv10480Glutathione_metabolism,
654,VIT_12s0059g02600,15,0.0072,Receptor protein kinase RK20-1,,,,
655,VIT_19s0014g04470,14,0.0068,S-locus protein kinase,,,,
656,VIT_08s0007g01300,14,0.0068,Glyoxal oxidase,,,,
657,VIT_18s0001g15230,14,0.0068,Unknown,,,,
658,VIT_00s0187g00260,13,0.0063,Alcohol O-fatty-acyltransferase long-chain-,E2_3_1_75,,vv11000Single_reactions,
659,VIT_19s0014g01150,13,0.0063,Curculin (mannose-binding) lectin,,,,
660,VIT_00s0227g00060,13,0.0063,WD-40 repeat protein,,,,
661,VIT_12s0034g02180,13,0.0063,Aminomethyltransferase,E2_1_2_10,,vv10260Glycine_serine_and_threonine_metabolism,vv10670One_carbon_pool_by_folate
662,VIT_12s0059g00740,13,0.0063,Germin1,,,,
663,VIT_00s1274g00010,13,0.0063,Phosphosulfolactate synthase protein,E4_4_1_19,,vv10010Glycolysis,
664,VIT_16s0050g01090,12,0.0058,Beta-carotene hydroxylase,K02294,,vv10906Carotenoid_biosynthesis,
665,VIT_09s0002g03360,12,0.0058,Calmodulin binding protein,,,,
666,VIT_16s0098g00720,12,0.0058,Lectin protein kinase,,,,
667,VIT_05s0077g01710,12,0.0058,U3 small nucleolar RNA-associated protein 5,K14546,,vv23008Ribosome_biogenesis_in_Eukaryotes,
668,VIT_10s0003g05250,12,0.0058,Germin-like protein,,,,
669,VIT_00s2634g00010<br>VIT_00s0429g00010,12,0.0058,
670,VIT_00s2705g00010,12,0.0058,Unknown,,,,
671,VIT_11s0016g04040,12,0.0058,Unknown protein,,,,
672,VIT_07s0129g00760,12,0.0058,CYP81E1 Isoflavone 2'-hydroxylase,E1_14_13_89,,vv10943Isoflavonoid_biosynthesis,
673,VIT_03s0063g02320,12,0.0058,BURP domain containing protein,,,,
674,VIT_03s0038g04540,12,0.0058,S-adenosyl-L-methionine:salicylic acid carboxyl methyltransferase,SAMTBSCMT,,vv10360Phenylalanine_metabolism,
675,VIT_15s0024g01670,12,0.0058,Receptor kinase RK20-1,,,,
676,VIT_04s0008g05970,11,0.0053,Unknown protein,,,,
677,VIT_14s0108g00430,11,0.0053,ABC transporter B member 16,ABCB16,,vv52010ABC_transporters,
678,VIT_07s0005g05930<br>VIT_07s0005g05910<br>VIT_07s0005g05920,11,0.0053,
679,VIT_10s0003g00590,11,0.0053,Ethylene-responsive transcription factor ERF091,ERF091,VvERF095,vv30008Ethylene_signaling,vv60003AP2_EREBP
680,VIT_18s0001g12500,10,0.0048,Unknown protein,,,,
681,VIT_00s1386g00010,10,0.0048,F-box family protein,,,,
682,VIT_02s0025g03690,10,0.0048,RNA-binding protein NOB1,K11883,,vv23008Ribosome_biogenesis_in_Eukaryotes,
683,VIT_13s0019g02350,10,0.0048,Glycoprotein  Mitochondrial,,,,
684,VIT_04s0023g02310,10,0.0048,S-adenosyl-L-methionine:salicylic acid methyltransferase,SAMTBSCMT,,vv10360Phenylalanine_metabolism,
685,VIT_19s0085g01200,10,0.0048,CTP synthase,E6_3_4_2,,vv10240Pyrimidine_metabolism,
686,VIT_14s0081g00110,10,0.0048,Pentatricopeptide (PPR) repeat-containing,,,,
687,VIT_12s0057g00420,9,0.0044,Auxin-responsive protein AIR12,AIR12,,vv30003Auxin_signaling,
688,VIT_18s0001g04220,9,0.0044,Germacrene-D synthase,E4_2_3_22,,vv10900Terpenoid_biosynthesis,
689,VIT_02s0012g01270,9,0.0044,Abscisic acid receptor PYL1  RCAR12,RCAR12,,vv30001ABA_signaling,
690,VIT_18s0117g00030,9,0.0044,No hit,,,,
691,VIT_08s0105g00450,9,0.0044,Transducin protein,,,,
692,VIT_18s0001g02030,9,0.0044,Signal peptidase 1,K03100,,vv23060Protein_export,vv50132Primary_active_transporter_cat_A5_to_A8
693,VIT_04s0069g01000,9,0.0044,Drug/metabolite transporter DMT family transporter,DMT,,vv50122Porters_cat_7_to_17,
694,VIT_04s0008g04790,9,0.0044,ABC transporter g family pleiotropic drug resistance 12 PDR12,ABCGPDR12,,vv52010ABC_transporters,
695,VIT_07s0031g00090,9,0.0044,TRNA-dihydrouridine synthase B,E1_3_3_1,,vv10240Pyrimidine_metabolism,
696,VIT_12s0059g01860,9,0.0043,Pentatricopeptide (PPR) repeat-containing protein,,,,
697,VIT_03s0097g00230,9,0.0043,No hit,,,,
698,VIT_15s0021g01600,9,0.0043,Ethylene responsive element binding factor 2,ERF2,VvERF073,vv30008Ethylene_signaling,
699,VIT_09s0002g05180,9,0.0043,No hit,,,,
700,VIT_15s0021g02450,9,0.0043,Elongation factor G,K02355,,,
701,VIT_12s0059g01380,9,0.0043,1-aminocyclopropane-1-carboxylate oxidase 1,E1_14_17_4,,vv10640Propanoate_metabolism,vv30008Ethylene_signaling
702,VIT_01s0010g02350,9,0.0043,Protein phosphatase 2 (formerly 2A)  regulatory subunit B',K11584,,vv23015mRNA_surveillance_pathway,
703,VIT_13s0067g00610,9,0.0043,Yippee,,,,
704,VIT_14s0068g02290,9,0.0043,Disease resistance protein,K13466,,vv34626Plant-pathogen_interaction,
705,VIT_14s0128g00690,8,0.0039,Germin protein 3,,,,
706,VIT_14s0081g00720,8,0.0039,Basic helix-loop-helix (bHLH) family,BHLHDOM_9,,vv60011BHLH,
707,VIT_01s0010g00540,7,0.0034,BIM2 (BES1-interacting Myc-like protein 2,BIM2_2,,vv30005Brassinosteroids_signaling,vv60011BHLH
708,VIT_01s0137g00460,7,0.0034,RGLG2 (ring Domain LIGASE2),RGLG2,,vv50004Auxin_transport,
709,VIT_07s0141g00920,7,0.0034,CYP94A1,,,,
710,VIT_08s0058g00690,7,0.0034,WRKY DNA-binding protein 33,WRKY33_3,VvWRKY24,vv34626Plant-pathogen_interaction,vv60066WRKY
711,VIT_18s0001g00270,7,0.0034,No hit,,,,
712,VIT_04s0023g01980<br>VIT_04s0043g00820,7,0.0034,
713,VIT_18s0001g15660,6,0.0029,Pathogen-related,,,,
714,VIT_03s0091g00130,6,0.0029,Prp27,,,,
715,VIT_14s0083g00640,6,0.0029,Constans 2 (COL2),COL2_1,,vv30009Flower_development,vv34710Circadian_rhythm
716,VIT_14s0060g02690,6,0.0029,Germin-like protein 3 [Vitis vinifera],,,,
717,VIT_19s0014g04280,6,0.0029,S-locus protein kinase,,,,
718,VIT_00s0386g00050,6,0.0029,Xyloglucan endotransglucosylase/hydrolase precursor,E2_4_1_207,,vv40006Cell_wall,
719,VIT_04s0079g00420,6,0.0029,Alpha-expansin 13 precursor,EXPA13,,vv30003Auxin_signaling,
720,VIT_01s0026g01540,6,0.0029,Unknown protein,,,,
721,VIT_08s0007g05320,6,0.0029,Essential for mitotic growth 1,K14568,,vv23008Ribosome_biogenesis_in_Eukaryotes,
722,VIT_05s0094g01230,6,0.0029,Allyl alcohol dehydrogenase,,,,
723,VIT_02s0025g02900,6,0.0029,Zinc transporter MTPA2,MTPA2,,vv50121Porters_cat_1_to_6,
724,VIT_13s0019g00020,6,0.0029,Cation efflux MTP11,MTP11,,vv50121Porters_cat_1_to_6,
725,VIT_16s0039g02150,6,0.0029,Unknown,,,,
726,VIT_02s0025g02370,6,0.0029,Yippee,,,,
727,VIT_08s0007g03890,6,0.0029,Brix domain-containing protein,,,,
728,VIT_04s0023g00360,6,0.0029,Unknown protein,,,,
729,VIT_08s0007g02810,6,0.0029,Regulator of the ATPase vacuolar RAV2,RAV2,VvRAV5,vv60001ABI3VP1,
730,VIT_19s0027g00880,6,0.0029,NAC domain-containing protein 42,NAC042_7,VvNAC29,vv60046NAC,
731,VIT_14s0108g00120,6,0.0029,WRKY DNA-binding protein 72,WRKY72_3,VvWRKY44,vv60066WRKY,
732,VIT_06s0004g01580,6,0.0029,Lipoxygenase,E1_13_11_12,,vv10592alpha-Linolenic_acid_metabolism,
733,VIT_07s0031g02310,6,0.0029,Leucine-rich repeat-containing protein 40,,,,
734,VIT_19s0090g01870,6,0.0029,Multidrug resistance-associated protein 3,MRP3,,vv52010ABC_transporters,
735,VIT_09s0002g06810,6,0.0029,Binding,,,,
736,VIT_00s0437g00050,4,0.0019,Receptor kinase RK20-1,,,,
737,VIT_19s0014g01110,4,0.0019,Curculin (mannose-binding) lectin,,,,
738,VIT_12s0028g01100,4,0.0019,Aldo/keto reductase,E1_1_1_21,,vv10040Pentose_glucuronate_interconversion,vv10051Fructose_and_mannose_metabolism
739,VIT_01s0011g03000,4,0.0019,No hit,,,,
740,VIT_18s0001g07230,4,0.0019,Periplasmic divalent cation tolerance protein,K03926,,vv50109Incompletely_characterized_transport_systems,
741,VIT_18s0001g13920,4,0.0019,Unknown protein,,,,
742,VIT_19s0093g00390,3,0.0015,Glutathione S-transferase 25 GSTU25,E2_5_1_18_GSTU25,,vv10480Glutathione_metabolism,
743,VIT_18s0001g09550,3,0.0015,Receptor kinase TRKe,,,,
744,VIT_00s0616g00020,3,0.0015,Ribosomal protein L19,K02884,,vv23010Ribosome,
745,VIT_01s0026g00990,3,0.0015,Pyruvate dehydrogenase E1 component alpha subunit,E1_2_4_1_IAR4,,vv10010Glycolysis,vv10252Alanine_and_aspartate_metabolism
746,VIT_01s0011g00120,3,0.0015,Unknown protein,,,,
747,VIT_17s0000g00200,3,0.0015,Ethylene-responsive transcription factor ERF114,ERF114_1,VvERF118,vv30008Ethylene_signaling,vv60003AP2_EREBP
748,VIT_02s0033g01380,3,0.0015,Alternative oxidase 1D,AOX1D,,vv30001ABA_signaling,
749,VIT_04s0023g02280,3,0.0015,S-adenosyl-L-methionine:salicylic acid carboxyl methyltransferase,SAMTBSCMT,,vv10360Phenylalanine_metabolism,
750,VIT_18s0001g00220,3,0.0015,Unknown,,,,
751,VIT_14s0171g00490,3,0.0015,Glucose-6-phosphate 1-dehydrogenase  cytoplasmic isoform,E1_1_1_49,,vv10030Pentose_phosphate,vv10480Glutathione_metabolism
752,VIT_03s0091g00140,3,0.0015,Plant basic secretory protein (BSP) family,,,,
753,VIT_18s0001g11790,3,0.0015,Inositol polyphosphate 5-phosphatase,E3_1_3_56,,vv10562Inositol_phosphate_metabolism,vv34070Phosphatidylinositol_signaling_system
754,VIT_11s0016g03320,3,0.0015,Oligosaccharyl transferase STT3 subunit,K07151,,vv10510N-Glycan_biosynthesis,vv24141Protein_processing_in_endoplasmic_reticulum
755,VIT_13s0019g03170,3,0.0015,Heat shock protein 16.9 kDa class I,K13993,,vv24141Protein_processing_in_endoplasmic_reticulum,
756,VIT_01s0011g04040,3,0.0015,No hit,,,,
757,VIT_02s0012g01180,3,0.0015,Unknown protein,,,,
758,VIT_01s0010g03600,3,0.0015,Rubber elongation factor (REF),,,,
759,VIT_19s0014g04140,3,0.0015,S-locus protein kinase,,,,
760,VIT_07s0191g00070,3,0.0015,SNF1-related protein kinase 2.7 SNRK2.7 SRK2F,SRK2F,,vv30001ABA_signaling,
761,VIT_17s0000g09200,3,0.0015,Unknown protein,,,,
762,VIT_14s0030g02050,3,0.0015,Auxin-induced protein PCNT115,AUXREG,,vv30003Auxin_signaling,
763,VIT_07s0031g01580,3,0.0015,SKP1 interacting partner 6 (SKIP6),,,,
764,VIT_06s0009g02020,3,0.0015,Tubulin beta-4 chain,K07375,,vv44145Phagosome,vv44810Regulation_of_actin_cytoskeleton
765,VIT_14s0006g02870,3,0.0015,Unknown,,,,
766,VIT_14s0030g00470,3,0.0015,Stress regulated protein isoform 3,,,,
767,VIT_18s0086g00410,3,0.0015,Auxin-binding protein ABP19,ABP19,,vv30003Auxin_signaling,
768,VIT_13s0067g00110,3,0.0015,CYP72A1,K13400,,vv10902Monoterpenoid_biosynthesis,
769,VIT_01s0127g00250,3,0.0015,Kelch repeat-containing F-box protein,,,,
770,VIT_17s0000g04230,3,0.0015,Translation initiation factor eIF-2B delta subunit,K03680,,vv23013RNA_transport,
771,VIT_12s0028g02640,3,0.0015,GTP-binding protein typA/bipA,K06207,,,
772,VIT_18s0001g15150,3,0.0015,Unknown protein,,,,
773,VIT_09s0002g05540,3,0.0015,ABC transporter g family pleiotropic drug resistance 12 PDR12,ABCGPDR12,,vv52010ABC_transporters,
774,VIT_12s0035g00610,3,0.0015,CYP82M1v3,,,,
775,VIT_00s0615g00020<br>VIT_00s0218g00010,3,0.0015,
776,VIT_04s0023g02700,3,0.0015,Thioredoxin H,,,,
777,VIT_01s0011g00700,3,0.0015,Myb family transcription factor / ELM2 domain-containing,MYBELM2_1,,vv60045MYBrelated,
778,VIT_06s0004g02850,3,0.0015,Aquaporin PIP2B,PIP2B,,vv50101Channels_and_pores,
779,VIT_19s0085g00560,3,0.0015,Pentatricopeptide (PPR) repeat-containing,,,,
780,VIT_04s0008g01040,3,0.0014,Lysine decarboxylase,E4_1_1_18,,vv10300Lysine_biosynthesis,
781,VIT_01s0011g02320,3,0.0014,Unknown protein,,,,
782,VIT_06s0004g03120,3,0.0014,MLO-like protein 3,K08472,,,
783,VIT_11s0016g02780,3,0.0014,Myb domain protein 68,MYB68_1,MYB154,vv60044MYB,
784,VIT_08s0007g00780,3,0.0014,One helix protein (OHP),,,,
785,VIT_00s0411g00010,3,0.0014,Unknown,,,,
786,VIT_05s0094g00200,3,0.0014,Chitinase class IV,E3_2_1_14,,vv10530Aminosugars_metabolism,
787,VIT_05s0094g00820,3,0.0014,Unknown protein,,,,
788,VIT_01s0146g00440,3,0.0014,Unknown protein,,,,
789,VIT_01s0150g00450,3,0.0014,Respiratory burst oxidase protein D (RBOHD),RBOHD,,vv34626Plant-pathogen_interaction,vv50105Transport_electron_carriers
790,VIT_08s0058g01450,3,0.0014,STN8 (state transition 8),,,,
791,VIT_06s0009g00970,3,0.0014,Thylakoid lumenal P17.1 protein,,,,
792,VIT_11s0052g00610,3,0.0014,Homogenitisate geranylgeranyl transferase,K09833,,vv10100Biosynthesis_of_steroids,
793,VIT_14s0083g00260,3,0.0014,No hit,,,,
794,VIT_11s0016g03780,3,0.0014,Continuous vascular ring (COV1),COV1,,vv30003Auxin_signaling,
795,VIT_08s0007g01810,3,0.0014,ANTR2 (anion transporter 2,ANTR2,,vv50121Porters_cat_1_to_6,
796,VIT_14s0128g00670,3,0.0014,Germin-like protein 3 [Vitis vinifera],,,,
797,VIT_06s0004g07770,3,0.0014,Peroxidase,E1_11_1_7,,vv10360Phenylalanine_metabolism,vv10680Methane_metabolism
798,VIT_09s0002g04330,3,0.0014,Ribosomal protein S17 30S,K02961,,vv23010Ribosome,
799,VIT_00s0475g00020,3,0.0014,Zinc finger (C3HC4-type ring finger),,,,
800,VIT_18s0001g04530,3,0.0014,(-)-germacrene D synthase,E4_2_3_22,,vv10900Terpenoid_biosynthesis,
801,VIT_01s0026g01930,3,0.0014,Unknown protein,,,,
802,VIT_04s0023g01490,3,0.0014,Ovate family protein 7 OFP7,OFP7_1,,vv60086OFP,
803,VIT_03s0038g02520,3,0.0014,Aquaporin PIP3,PIP3,,vv50101Channels_and_pores,
804,VIT_04s0069g00970,3,0.0014,WRKY DNA-binding protein 51,WRKY51_1,VvWRKY11,vv60066WRKY,
805,VIT_12s0059g01080,3,0.0014,Acid phosphatase/vanadium-dependent haloperoxidase,,,,
806,VIT_01s0011g05230,3,0.0014,GTPase activating protein,,,,
807,VIT_07s0005g02050,3,0.0014,Carboxylic ester hydrolase,E3_1_1_1,,,
808,VIT_19s0085g00460,3,0.0014,No hit,,,,
809,VIT_05s0020g01380,3,0.0014,Mitochondrial substrate carrier family protein,K03454,,vv50123Porters_cat_18_to_29,
810,VIT_07s0031g01130,3,0.0014,Ascorbate oxidase,E1_10_3_3,,vv10053Ascorbate_and_aldarate_metabolism,vv50109Incompletely_characterized_transport_systems
811,VIT_19s0014g02670,3,0.0014,Protein kinase CRK1 CRK1 protein(Cdc2-related kinase 1),,,,
812,VIT_13s0067g00680,3,0.0014,Cinnamyl alcohol dehydrogenase,E1_1_1_195,,vv10940Phenylpropanoid_biosynthesis,
813,VIT_05s0077g01400,3,0.0014,FAR1-related sequence 11,FRS11_2,,vv60071Orphans_far-red,
814,VIT_03s0017g01940,3,0.0014,Unknown,,,,
815,VIT_06s0004g08410,3,0.0014,Bis(5'-adenosyl)-triphosphatase,E3_6_1_29,,vv10230Purine_metabolism,
816,VIT_14s0030g00710,3,0.0014,Na/H antiporter,NHX1,,vv50124Porters_cat_30_to_64,
