Vv_m2,2000,1000,VIT_16s0100g01160
rank,node,Fabs,Frel,Functional-annotation,Name-EC-KeggID,Updated-name,Network1,Network2
1,VIT_16s0100g00960,2071,1.0000,Stilbene synthase [Vitis pseudoreticulata],E2_3_1_95,,vv10940Phenylpropanoid_biosynthesis,
2,VIT_05s0077g01550,2054,1.0000,Pathogenesis protein 10.3 [Vitis quinquangularis],,,,
3,VIT_16s0100g00760,2085,1.0000,Stilbene synthase 2 [Vitis sp. cv. 'Norton'],E2_3_1_95,,vv10940Phenylpropanoid_biosynthesis,
4,VIT_16s0100g00830<br>VIT_16s0100g01120<br>VIT_16s0100g00780<br>VIT_16s0100g00910,2102,1.0000,
5,VIT_16s0100g01100,2075,1.0000,Stilbene synthase,E2_3_1_95,,vv10940Phenylpropanoid_biosynthesis,
6,VIT_16s0100g00880,2070,0.9986,Stilbene synthase [Vitis pseudoreticulata],E2_3_1_95,,vv10940Phenylpropanoid_biosynthesis,
7,VIT_16s0100g00860<br>VIT_16s0100g00940<br>VIT_16s0100g00800<br>VIT_16s0100g00920<br>VIT_16s0100g00930<br>VIT_16s0100g00810<br>VIT_16s0100g00840<br>VIT_16s0100g00850,2053,0.9937,
8,VIT_10s0042g00840,2034,0.9874,Stilbene synthase [Vitis pseudoreticulata],E2_3_1_95,,vv10940Phenylpropanoid_biosynthesis,
9,VIT_16s0100g01150,2018,0.9782,Stilbene synthase [Vitis vinifera],E2_3_1_95,,vv10940Phenylpropanoid_biosynthesis,
10,VIT_00s0480g00030,1992,0.9693,Polyphenol oxidase,E1_10_3_1,,vv10350Tyrosine_metabolism,vv50109Incompletely_characterized_transport_systems
11,VIT_10s0003g05430,2004,0.9672,Reticuline oxidase precursor,E1_21_3_3,,vv10950Alkaloid_biosynthesis_I,
12,VIT_16s0100g00750,2003,0.9672,Stilbene synthase,E2_3_1_95,,vv10940Phenylpropanoid_biosynthesis,
13,VIT_02s0236g00120,1992,0.9614,Unknown,,,,
14,VIT_16s0100g01010<br>VIT_16s0100g00950<br>VIT_16s0100g01030<br>VIT_16s0100g00990,1993,0.9609,
15,VIT_16s0100g01200<br>VIT_16s0100g01070,1990,0.9581,
16,VIT_05s0077g01570,1988,0.9581,Pathogenesis protein 10 [Vitis vinifera],,,,
17,VIT_10s0042g00930<br>VIT_10s0042g00890<br>VIT_10s0042g00870<br>VIT_10s0042g00860<br>VIT_10s0042g00920,1982,0.9511,
18,VIT_16s0039g01240<br>VIT_16s0039g01360<br>VIT_16s0039g01130<br>VITisv_009233<br>VIT_16s0039g01100<br>VIT_00s2508g00010<br>VITisv_032212<br>VIT_16s0039g01120<br>VIT_16s0039g01320<br>VIT_00s2849g00010<br>VIT_16s0039g01300<br>VIT_16s0039g01170<br>VIT_16s0039g01280,1984,0.9493,
19,VIT_19s0014g01020,1933,0.9284,Protein transport protein Sec61 subunit alpha,K10956,,vv23060Protein_export,vv24141Protein_processing_in_endoplasmic_reticulum
20,VIT_06s0004g01010,1918,0.9279,Dirigent protein pDIR9,,,,
21,VIT_05s0077g01560,1893,0.9198,Pathogenesis protein 10.3 [Vitis quinquangularis],,,,
22,VIT_16s0100g01060,1891,0.9184,Stilbene synthase,E2_3_1_95,,vv10940Phenylpropanoid_biosynthesis,
23,VIT_07s0005g03340,1876,0.9063,Myb domain protein 14,MYB14_2,MYB14,vv60044MYB,
24,VIT_07s0005g02660,1877,0.9059,ABC transporter B member 13,ABCB13,,vv52010ABC_transporters,
25,VIT_04s0069g01010,1877,0.8994,Harpin-induced protein,,,,
26,VIT_05s0077g01530,1867,0.8959,Pathogenesis protein 10 [Vitis vinifera],,,,
27,VIT_12s0059g01380,1823,0.8790,1-aminocyclopropane-1-carboxylate oxidase 1,E1_14_17_4,,vv10640Propanoate_metabolism,vv30008Ethylene_signaling
28,VIT_06s0004g01990,1795,0.8638,No hit,,,,
29,VIT_06s0004g02010,1788,0.8604,No hit,,,,
30,VIT_00s0301g00090,1739,0.8487,NDA2 (alternative NAD(P)H dehydrogenase 2),K03885,,vv10190Oxidative_phosphorylation,vv50134Primary_active_transporter_cat_D1
31,VIT_16s0050g00400,1756,0.8475,Photoassimilate-responsive protein PAR-1a,,,,
32,VIT_04s0008g01040,1761,0.8474,Lysine decarboxylase,E4_1_1_18,,vv10300Lysine_biosynthesis,
33,VIT_06s0004g01020,1754,0.8473,Dirigent protein,,,,
34,VIT_11s0065g00350,1755,0.8438,Trans-cinnamate 4-monooxygenase,E1_14_13_11,,vv10360Phenylalanine_metabolism,vv10940Phenylpropanoid_biosynthesis
35,VIT_08s0007g02360,1709,0.8252,Harpin inducing protein 1-like 9,,,,
36,VIT_02s0033g00840,1692,0.8226,Nitrilase 4B,E3_5_5_1,,vv10460Cyanoamino_acid_metabolism,vv10910Nitrogen_metabolism
37,VIT_16s0100g01040,1706,0.8159,Stilbene synthase - grape,E2_3_1_95,,vv10940Phenylpropanoid_biosynthesis,
38,VIT_00s0347g00120,1685,0.8128,S-locus lectin protein kinase,,,,
39,VIT_10s0042g00850,1678,0.8126,Stilbene synthase [Vitis pseudoreticulata],E2_3_1_95,,vv10940Phenylpropanoid_biosynthesis,
40,VIT_14s0171g00490,1678,0.8118,Glucose-6-phosphate 1-dehydrogenase  cytoplasmic isoform,E1_1_1_49,,vv10030Pentose_phosphate,vv10480Glutathione_metabolism
41,VIT_00s2776g00010,1664,0.8078,S-locus lectin protein kinase,,,,
42,VIT_00s1212g00020,1682,0.8067,Laccase,E1_10_3_2,,vv11000Single_reactions,vv50109Incompletely_characterized_transport_systems
43,VIT_06s0004g01030,1654,0.8049,Dirigent protein,,,,
44,VIT_08s0040g03100,1656,0.7985,Glutathione S-transferase GSTO1,E2_5_1_18_GSTO1,,vv10480Glutathione_metabolism,
45,VIT_04s0044g00230,1653,0.7962,Monooxygenase (MO2),,,,
46,VIT_16s0100g01000,1636,0.7911,Stilbene synthase 4,E2_3_1_95,,vv10940Phenylpropanoid_biosynthesis,
47,VIT_16s0100g01130,1635,0.7902,Stilbene synthase [Vitis vinifera],E2_3_1_95,,vv10940Phenylpropanoid_biosynthesis,
48,VIT_10s0042g00910,1628,0.7895,Stilbene synthase [Vitis pseudoreticulata],E2_3_1_95,,vv10940Phenylpropanoid_biosynthesis,
49,VIT_04s0044g00220,1624,0.7842,Monooxygenase,,,,
50,VIT_17s0000g08210,1617,0.7819,Zinc finger (C3HC4-type ring finger),ZFC3HC4_103,,vv60078Other_zf-C3HC4,
51,VIT_05s0077g01590,1602,0.7818,Major allergen Mal d 1,,,,
52,VIT_02s0012g00730,1597,0.7722,Purine permease 10 PUP10,PUP10,,vv50122Porters_cat_7_to_17,
53,VIT_05s0077g01580,1584,0.7686,Pathogenesis protein 10 [Vitis vinifera],,,,
54,VIT_19s0015g02610,1581,0.7675,Glutathione S-transferase 25 GSTU25,E2_5_1_18_GSTU25,,vv10480Glutathione_metabolism,
55,VIT_00s0270g00120,1606,0.7666,Alpha-amylase/subtilisin inhibitor,E3_2_1_1,,vv10500Starch_and_sucrose_metabolism,
56,VIT_16s0100g00770,1571,0.7623,Stilbene synthase,E2_3_1_95,,vv10940Phenylpropanoid_biosynthesis,
57,VIT_04s0044g00040,1561,0.7545,Dirigent,,,,
58,VIT_18s0001g12500,1567,0.7545,Unknown protein,,,,
59,VIT_00s0480g00040,1568,0.7524,Polyphenol oxidase II  chloroplast precursor,E1_10_3_1,,vv10350Tyrosine_metabolism,vv50109Incompletely_characterized_transport_systems
60,VIT_02s0109g00430,1534,0.7432,Nitrilase 4 (NIT4),K13035,,vv10910Nitrogen_metabolism,
61,VIT_18s0001g15130,1513,0.7330,WD40 repeat protein,,,,
62,VIT_08s0040g03040,1497,0.7299,Glutathione S-transferase GSTO1,E2_5_1_18_GSTO1,,vv10480Glutathione_metabolism,
63,VIT_16s0100g01190,1503,0.7275,Stilbene synthase [Vitis vinifera],E2_3_1_95,,vv10940Phenylpropanoid_biosynthesis,
64,VIT_16s0100g01140,1509,0.7272,Stilbene synthase 2,E2_3_1_95,,vv10940Phenylpropanoid_biosynthesis,
65,VIT_08s0040g01710,1504,0.7269,Phenylalanine ammonia-lyase,E4_3_1_5,,vv10350Tyrosine_metabolism,vv10360Phenylalanine_metabolism
66,VIT_07s0141g00890,1500,0.7232,CYP94A1,,,,
67,VIT_11s0078g00290,1479,0.7114,Cinnamate 4-hydroxylase,E1_14_13_11,,vv10360Phenylalanine_metabolism,vv10940Phenylpropanoid_biosynthesis
68,VIT_05s0077g01690,1460,0.7070,Pathogenesis protein 10 [Vitis vinifera],,,,
69,VIT_05s0020g03690<br>VIT_05s0020g03710,1456,0.7034,
70,VIT_00s0347g00050,1449,0.6973,Ser/Thr receptor-like kinase1,,,,
71,VIT_18s0075g00810,1422,0.6866,Laccase,E1_10_3_2,,vv11000Single_reactions,vv50109Incompletely_characterized_transport_systems
72,VIT_02s0033g00770,1420,0.6843,Nitrilase 4B,E3_5_5_1,,vv10460Cyanoamino_acid_metabolism,vv10910Nitrogen_metabolism
73,VIT_18s0075g00960,1387,0.6678,Laccase,E1_10_3_2,,vv11000Single_reactions,vv50109Incompletely_characterized_transport_systems
74,VIT_07s0031g01130,1371,0.6668,Ascorbate oxidase,E1_10_3_3,,vv10053Ascorbate_and_aldarate_metabolism,vv50109Incompletely_characterized_transport_systems
75,VIT_01s0011g02320,1371,0.6630,Unknown protein,,,,
76,VIT_11s0016g05540,1358,0.6564,Dicyanin,,,,
77,VIT_18s0001g10180,1359,0.6549,N-hydroxycinnamoyl/benzoyltransferase 3,,,,
78,VIT_03s0017g01940,1354,0.6510,Unknown,,,,
79,VIT_01s0010g03930,1341,0.6453,WRKY DNA-binding protein 75,WRKY75_1,VvWRKY03,vv60066WRKY,
80,VIT_00s0413g00010,1329,0.6417,Laccase (diphenol oxidase) family protein,E1_10_3_2,,vv11000Single_reactions,vv50109Incompletely_characterized_transport_systems
81,VIT_10s0003g01160,1322,0.6408,Basic helix-loop-helix (bHLH) family,BHLHDOM_23,,vv60011BHLH,
82,VIT_05s0049g01010,1325,0.6395,Myb domain protein 14,MYB14_4,MYB13,vv60044MYB,
83,VIT_09s0002g02950,1316,0.6324,No hit,,,,
84,VIT_18s0001g08760,1306,0.6303,No hit,,,,
85,VIT_00s0254g00040,1303,0.6292,Heat shock cognate 70 kDa protein 3 (HSC70-3) (HSP70-3),HSC703,,vv23040Spliceosome,vv24141Protein_processing_in_endoplasmic_reticulum
86,VIT_03s0088g00750,1296,0.6288,Pathogenesis related protein 1 precursor [Vitis vinifera],PRP1,,vv30011Jasmonate_signaling,vv34626Plant-pathogen_interaction
87,VIT_05s0049g01020,1304,0.6287,Myb domain protein 14,MYB14_3,,vv60044MYB,
88,VIT_11s0016g03080,1301,0.6285,Clavata1 receptor kinase (CLV1),,,,
89,VIT_12s0059g01720,1270,0.6171,No hit,,,,
90,VIT_19s0014g01150,1282,0.6169,Curculin (mannose-binding) lectin,,,,
91,VIT_03s0088g00410,1274,0.6158,Pyruvate kinase isozyme A  chloroplast precursor,E2_7_1_40,,vv10010Glycolysis,vv10230Purine_metabolism
92,VIT_01s0011g00380,1264,0.6151,SP1L1 (SPIRAL1-like1),,,,
93,VIT_05s0020g05040,1263,0.6143,Proteinase inhibitor 1 PPI3B2,,,,
94,VIT_02s0033g01380,1269,0.6119,Alternative oxidase 1D,AOX1D,,vv30001ABA_signaling,
95,VIT_18s0001g04640,1258,0.6101,No hit,,,,
96,VIT_17s0000g07670,1259,0.6094,Betaine-aldehyde dehydrogenase,E1_2_1_8,,vv10260Glycine_serine_and_threonine_metabolism,vv50101Channels_and_pores
97,VIT_09s0002g02970,1244,0.6030,Unknown,,,,
98,VIT_05s0077g01600,1245,0.6023,Pathogenesis protein 10 [Vitis vinifera],,,,
99,VIT_13s0074g00570,1234,0.5993,Gamma-aminobutyric acid transporter,GAT1,,vv50123Porters_cat_18_to_29,
100,VIT_04s0079g00570,1239,0.5991,Protein binding / zinc ion binding,,,,
101,VIT_02s0025g04100,1206,0.5835,CCR4-NOT transcription complex subunit 2,K12605,,vv23018RNA_degradation,
102,VIT_03s0038g03400,1210,0.5834,Endochitinase 1  basic,E3_2_1_14,,vv10530Aminosugars_metabolism,
103,VIT_10s0003g04080,1210,0.5826,Unknown,,,,
104,VIT_05s0077g01150,1187,0.5715,Beta-1 3-glucanase,E3_2_1_6,,,
105,VIT_18s0001g11130,1174,0.5680,Calmodulin-binding protein AR781,,,,
106,VIT_06s0004g08290,1168,0.5675,KH domain-containing protein,,,,
107,VIT_01s0182g00020,1159,0.5577,Ankyrin repeat family protein,,,,
108,VIT_00s0586g00020,1156,0.5568,Unknown protein,,,,
109,VIT_14s0108g00890,1151,0.5566,Beta-1 3-galactosyltransferase,K07819,,vv10602Glycosphingolipid_biosynthesis,
110,VIT_07s0005g02050,1147,0.5560,Carboxylic ester hydrolase,E3_1_1_1,,,
111,VIT_03s0038g03530,1128,0.5449,LYS/HIS transporter 7,LHT7,,vv50123Porters_cat_18_to_29,
112,VIT_04s0008g00110,1118,0.5430,Jasmonate ZIM domain-containing protein 8,JAZ8_3,,vv30011Jasmonate_signaling,vv60069ZIM
113,VIT_17s0119g00070,1116,0.5407,Unknown protein,,,,
114,VIT_18s0076g00380,1119,0.5395,ABC transporter F member 6,ABCF6,,vv52010ABC_transporters,
115,VIT_08s0007g08750,1115,0.5389,Heat shock transcription factor B3,HSFB3,,vv60037HSF,
116,VIT_06s0061g01210,1102,0.5334,Lysine histidine transporter 1,LHT1,,vv50123Porters_cat_18_to_29,
117,VIT_18s0117g00030,1082,0.5250,No hit,,,,
118,VIT_13s0067g02940,1078,0.5220,Amidohydrolase 3,,,,
119,VIT_06s0004g08180,1073,0.5194,Translation initiation factor eIF-2 beta subunit,K03238,,vv23013RNA_transport,
120,VIT_01s0010g00540,1073,0.5169,BIM2 (BES1-interacting Myc-like protein 2,BIM2_2,,vv30005Brassinosteroids_signaling,vv60011BHLH
121,VIT_02s0025g04340,1062,0.5148,Osmotin,,,,
122,VIT_01s0011g05440,1057,0.5106,Unknown protein,,,,
123,VIT_09s0054g00900,1053,0.5102,Chaperone BCS1 mitochondrial,K08900,,,
124,VIT_00s1463g00010,1052,0.5099,Protease Do-like 5,,,,
125,VIT_07s0031g01090,1034,0.5024,Ascorbate oxidase,E1_10_3_3,,vv10053Ascorbate_and_aldarate_metabolism,vv50109Incompletely_characterized_transport_systems
126,VIT_16s0013g00890,1038,0.5014,Ethylene-responsive element binding factor,ERF1A,VvERF077,vv30008Ethylene_signaling,vv60003AP2_EREBP
127,VIT_03s0088g00690,1025,0.4976,Pathogenesis-related protein 1 precursor (PRP 1),PRP1,,vv30011Jasmonate_signaling,vv34626Plant-pathogen_interaction
128,VIT_14s0081g00190,1022,0.4947,No hit,,,,
129,VIT_14s0068g02150,1023,0.4944,Kelch repeat-containing F-box family protein,,,,
130,VIT_11s0016g02070,1011,0.4891,Basic helix-loop-helix (bHLH) family,BHLHDOM_63,,vv60011BHLH,
131,VIT_04s0069g01000,1013,0.4877,Drug/metabolite transporter DMT family transporter,DMT,,vv50122Porters_cat_7_to_17,
132,VIT_08s0056g00040,1009,0.4867,WD-40 repeat protein,,,,
133,VIT_08s0007g08480,1004,0.4864,Zinc proteinase,,,,
134,VIT_09s0002g05600,1000,0.4840,ABC transporter g family pleiotropic drug resistance 12 PDR12,ABCGPDR12,,vv52010ABC_transporters,
135,VIT_08s0007g04860,994,0.4795,Nodulin family protein,,,,
136,VIT_09s0002g05610,985,0.4782,Unknown,,,,
137,VIT_18s0117g00600,980,0.4755,Laccase,E1_10_3_2,,vv11000Single_reactions,vv50109Incompletely_characterized_transport_systems
138,VIT_05s0077g00450,970,0.4704,Ribosomal protein S1 30S,K02945,,vv23010Ribosome,
139,VIT_08s0007g03310,963,0.4643,Unknown,,,,
140,VIT_15s0048g01350,925,0.4499,Gibberellin receptor GID1L3,GID1C,,vv30010Gibberellin_signaling,
141,VIT_17s0000g06790,914,0.4439,flavin-containing monooxygenase,E1_14_13_8,,vv11000Single_reactions,
142,VIT_02s0025g04290,916,0.4436,Thaumatin,,,,
143,VIT_07s0104g00220,920,0.4417,Phenazine biosynthesis PhzC/PhzF,K06998,,vv10400Phenylalanine_tyrosine_and_tryptophan_biosynthesis,
144,VIT_03s0017g02110,908,0.4389,Anthocyanidin 3-O-glucosyltransferase,E2_4_1_115,,vv10942Anthocyanin_biosynthesis,
145,VIT_08s0058g00790,912,0.4380,Secoisolariciresinol dehydrogenase,SIRD,,vv10940Phenylpropanoid_biosynthesis,
146,VIT_01s0011g05930,897,0.4325,S-adenosyl-L-methionine:carboxyl methyltransferase,,,,
147,VIT_06s0009g03130,895,0.4324,Cytochrome P450  family 79  subfamily A  polypeptide 2,K12153,,vv10966Glucosinolate_biosynthesis,
148,VIT_18s0001g15660,890,0.4310,Pathogen-related,,,,
149,VIT_13s0019g04890,893,0.4302,Shugoshin-1,,,,
150,VIT_17s0000g02220,888,0.4292,No hit,,,,
151,VIT_17s0000g05360,890,0.4287,Germin,,,,
152,VIT_12s0028g02530,882,0.4279,Zinc finger (C3HC4-type ring finger),ZFC3HC4_36,,vv60078Other_zf-C3HC4,
153,VIT_08s0007g02810,880,0.4255,Regulator of the ATPase vacuolar RAV2,RAV2,VvRAV5,vv60001ABI3VP1,
154,VIT_19s0015g00300,874,0.4251,KCO1 (two pore K channel),K05389_KCO1,,vv50101Channels_and_pores,
155,VIT_14s0060g00110,876,0.4226,Glutamyl-tRNA synthetase  cytoplasmic,E6_1_1_17,,vv10860Porphyrin_and_chlorophyll_metabolism,vv20970Aminoacyl-tRNA_biosynthesis
156,VIT_05s0020g03140,874,0.4224,Sugar transporter 13,STP13,,vv50121Porters_cat_1_to_6,
157,VIT_08s0007g01560,845,0.4106,Photoassimilate-responsive protein,,,,
158,VIT_12s0057g00990,838,0.4068,Beta 1 2 N-acetylglucosaminyltransferase,E2_4_1_143,,vv10510N-Glycan_biosynthesis,vv11030Glycan_structures-biosynthesis1
159,VIT_08s0058g00690,830,0.4037,WRKY DNA-binding protein 33,WRKY33_3,VvWRKY24,vv34626Plant-pathogen_interaction,vv60066WRKY
160,VIT_12s0059g01660,831,0.4034,3-oxoacyl-[acyl-carrier-protein] synthase II,E2_3_1_179,,vv10061Fatty_acid_biosynthesis,
161,VIT_13s0019g01010,833,0.4013,ABA2 (ABA deficient 2),E1_1_1_288,,vv10906Carotenoid_biosynthesis,vv11013ABA_biosynthesis
162,VIT_17s0000g03370,828,0.3988,Calmodulin-binding protein,K02183,,vv34020Calcium_signaling_pathway,vv34626Plant-pathogen_interaction
163,VIT_14s0060g02750<br>VIT_14s0128g00970<br>VIT_14s0128g00990<br>VIT_14s0128g00980<br>VIT_14s0128g01010<br>VIT_14s0128g01030<br>VIT_14s0128g01020<br>VIT_14s0128g01040,824,0.3981,
164,VIT_10s0003g01940,822,0.3969,RKF1 (receptor-like kinase in flowers 1),,,,
165,VIT_03s0088g00700,820,0.3950,Pathogenesis related protein 1 precursor (pr1 gene),PRP1,,vv30011Jasmonate_signaling,vv34626Plant-pathogen_interaction
166,VIT_07s0005g05780,810,0.3934,Pantoate--beta-alanine ligase,E6_3_2_1,,vv10410Beta-alanine_metabolism,vv10770Pantothenate_and_CoA_biosynthesis
167,VIT_14s0066g01150,812,0.3930,Cinnamoyl-CoA reductase,E1_2_1_44,,vv10940Phenylpropanoid_biosynthesis,
168,VIT_02s0025g02770,814,0.3929,Glucan endo-1 3-beta-glucosidase 7 precursor,E3_2_1_39,,vv10500Starch_and_sucrose_metabolism,
169,VIT_04s0044g00270,817,0.3928,Monooxygenase (MO3),,,,
170,VIT_10s0003g05450,813,0.3926,Reticuline oxidase precursor,E1_21_3_3,,vv10950Alkaloid_biosynthesis_I,
171,VIT_07s0129g01010,810,0.3921,Unknown,,,,
172,VIT_11s0016g01650,810,0.3894,Ankyrin repeat,,,,
173,VIT_03s0091g00140,802,0.3871,Plant basic secretory protein (BSP) family,,,,
174,VIT_02s0025g00540,800,0.3852,Unknown,,,,
175,VIT_13s0067g02630,794,0.3847,No hit,,,,
176,VIT_00s0410g00040,781,0.3758,Anthranilate N-benzoyltransferase protein 1,E2_3_1_144,,vv10400Phenylalanine_tyrosine_and_tryptophan_biosynthesis,
177,VIT_16s0050g02210,780,0.3754,Chitinase III [Vitis vinifera],E3_2_1_14,,vv10530Aminosugars_metabolism,
178,VIT_11s0016g04120,765,0.3696,No hit,,,,
179,VIT_19s0014g00760,766,0.3684,Unknown,,,,
180,VIT_09s0054g00910,766,0.3683,Chaperone BCS1 mitochondrial,K08900,,,
181,VIT_10s0003g01360,759,0.3674,Cysteine protease,E3_4_22_x,,,
182,VIT_10s0405g00020,759,0.3647,Mo25,K08272,,vv34150mTOR_signaling_pathway,
183,VIT_04s0008g00640,750,0.3630,Epsin N-terminal homology (ENTH) domain-containing,ENTH,,vv50110Protein_coat,
184,VIT_11s0016g01470,749,0.3592,Lecithine cholesterol acyltransferase,E2_3_1_43,,vv10564Glycerophospholipid_metabolism,
185,VIT_02s0033g00790,744,0.3580,Nitrilase 4B,E3_5_5_1,,vv10460Cyanoamino_acid_metabolism,vv10910Nitrogen_metabolism
186,VIT_06s0061g00400,735,0.3565,Auxin responsive SAUR protein,SAUR,,vv30003Auxin_signaling,
187,VIT_18s0072g00260,728,0.3524,Ethylene-responsive transcription factor related to APETALA2 6,RAP2_6,VvERF114,vv30008Ethylene_signaling,vv60003AP2_EREBP
188,VIT_07s0031g00460,723,0.3520,Nicotinate phosphoribosyltransferase,E2_4_2_11,,vv10760Nicotinate_and_nicotinamide_metabolism,
189,VIT_09s0002g05360<br>VIT_09s0002g05400<br>VIT_09s0002g05490<br>VIT_09s0002g05590,721,0.3465,
190,VIT_19s0014g01370,711,0.3428,Curculin (mannose-binding) lectin,,,,
191,VIT_09s0002g02320,704,0.3419,Cell wall apoplastic invertase,E3_2_1_26,,vv10052Galactose_metabolism,vv10500Starch_and_sucrose_metabolism
192,VIT_16s0022g00700,710,0.3415,Pectinesterase family,E3_1_1_11,,vv40006Cell_wall,
193,VIT_04s0069g00970,704,0.3408,WRKY DNA-binding protein 51,WRKY51_1,VvWRKY11,vv60066WRKY,
194,VIT_04s0043g00250,703,0.3399,Nonsense-mediated mRNA decay NMD3,K07562,,vv23008Ribosome_biogenesis_in_Eukaryotes,vv23013RNA_transport
195,VIT_16s0050g00430,686,0.3320,Photoassimilate-responsive protein PAR-1a,,,,
196,VIT_08s0105g00450,683,0.3306,Transducin protein,,,,
197,VIT_03s0091g00130,679,0.3304,Prp27,,,,
198,VIT_16s0050g02230,675,0.3288,Chitinase [Vitis vinifera],E3_2_1_14,,vv10530Aminosugars_metabolism,
199,VIT_16s0100g01110,675,0.3286,Resveratrol synthase (RS1),E2_3_1_95,,vv10940Phenylpropanoid_biosynthesis,
200,VIT_12s0034g02240,674,0.3270,Potassium channel AKT2/3,AKT2,,vv50101Channels_and_pores,
201,VIT_11s0016g03190,668,0.3221,Unknown,,,,
202,VIT_14s0060g02170,662,0.3207,Glutathione S-transferase GSTU8,E2_5_1_18_GSTU8,,vv10480Glutathione_metabolism,
203,VIT_17s0000g02930,660,0.3205,Glutathione S-transferase 25 GSTU7,E2_5_1_18_GSTU7,,vv10480Glutathione_metabolism,
204,VIT_12s0057g00420,660,0.3202,Auxin-responsive protein AIR12,AIR12,,vv30003Auxin_signaling,
205,VIT_06s0004g01000,654,0.3169,Dirigent protein,,,,
206,VIT_09s0002g05370,649,0.3138,ABC transporter g family pleiotropic drug resistance 12 PDR12,ABCGPDR12,,vv52010ABC_transporters,
207,VIT_12s0035g02210,647,0.3130,Unknown protein,,,,
208,VIT_05s0062g00990,650,0.3123,Aldo/keto reductase AKR,E1_1_1_21,,vv10040Pentose_glucuronate_interconversion,vv10051Fructose_and_mannose_metabolism
209,VIT_09s0002g00890,637,0.3104,Jasmonate ZIM-domain protein 1,JAZ1_2,,vv30011Jasmonate_signaling,vv60069ZIM
210,VIT_09s0054g00580<br>VIT_09s0054g00570,639,0.3088,
211,VIT_06s0009g02600<br>VIT_06s0009g02630,643,0.3087,
212,VIT_03s0088g00710,634,0.3054,Pathogenesis-related protein 1 precursor (PRP 1),PRP1,,vv30011Jasmonate_signaling,vv34626Plant-pathogen_interaction
213,VIT_09s0002g01550,627,0.3028,Lecithine cholesterol acyltransferase,E2_3_1_43,,vv10564Glycerophospholipid_metabolism,
214,VIT_09s0018g01320,625,0.3015,No hit,,,,
215,VIT_14s0068g01070,624,0.3014,SUVH4 (SU(VAR)3-9 homolog 4),E2_1_1_43SUVH4_6,,vv10300Lysine_biosynthesis,vv60056SET_PCG
216,VIT_05s0020g02080,623,0.3001,Zinc finger (C3HC4-type ring finger),ZFC3HC4_164,,vv60078Other_zf-C3HC4,
217,VIT_19s0015g01070,618,0.2977,Calcineurin B,E3_1_3_16,,,
218,VIT_13s0019g01440,617,0.2976,No hit,,,,
219,VIT_14s0036g01060,611,0.2950,Unknown protein,,,,
220,VIT_11s0052g00610,604,0.2933,Homogenitisate geranylgeranyl transferase,K09833,,vv10100Biosynthesis_of_steroids,
221,VIT_14s0060g02760,604,0.2911,Germin-like protein 3 [Vitis vinifera],,,,
222,VIT_05s0094g00200,602,0.2908,Chitinase class IV,E3_2_1_14,,vv10530Aminosugars_metabolism,
223,VIT_01s0026g02310,600,0.2906,SUR2,K04713,,vv10600Sphingolipid_metabolism,
224,VIT_03s0038g02790,599,0.2895,Ribosomal protein L2  Chloroplast,K02886,,vv23010Ribosome,
225,VIT_18s0001g15710,598,0.2893,Electron carrier/ oxidoreductase,,,,
226,VIT_11s0016g05530,585,0.2829,Plastocyanin domain-containing protein,K02638,,vv10195Photosynthesis,vv50113Thylakoid_targeting_pathway
227,VIT_14s0128g00540<br>VIT_14s0128g00570<br>VIT_14s0128g00600,586,0.2825,
228,VIT_18s0075g00530,582,0.2812,Laccase,E1_10_3_2,,vv11000Single_reactions,vv50109Incompletely_characterized_transport_systems
229,VIT_12s0034g01950<br>VIT_12s0034g01870<br>VIT_12s0034g01920<br>VIT_12s0034g01930<br>VIT_12s0034g01890<br>VIT_12s0034g01910,571,0.2758,
230,VIT_02s0033g00700,568,0.2753,Nitrilase,E3_5_5_1,,vv10460Cyanoamino_acid_metabolism,vv10910Nitrogen_metabolism
231,VIT_16s0039g00740,571,0.2741,Histone-lysine N-methyltransferase ASHH3,E2_1_1_43ASHH3_1,,vv10300Lysine_biosynthesis,vv60056SET_PCG
232,VIT_02s0025g04310,558,0.2706,Thaumatin,,,,
233,VIT_03s0038g00090,552,0.2687,Epoxide hydrolase-like protein,E3_3_2_10,,,
234,VIT_07s0031g03060,559,0.2681,NSL1 (necrotic spotted lesions 1),,,,
235,VIT_00s0743g00020,552,0.2677,S-locus lectin protein kinase,,,,
236,VIT_08s0007g06250,556,0.2674,Strubbelig receptor family 2,,,,
237,VIT_01s0010g02450,550,0.2667,B12D,,,,
238,VIT_03s0017g00650,546,0.2649,GTP cyclohydrolase II,E3_5_4_25,,vv10740Riboflavin_metabolism,
239,VIT_18s0086g00410,544,0.2634,Auxin-binding protein ABP19,ABP19,,vv30003Auxin_signaling,
240,VIT_13s0019g03520,537,0.2607,No hit,,,,
241,VIT_06s0004g00020,539,0.2605,NAC domain containing protein 32,NAC032,VvNAC44,vv60046NAC,
242,VIT_02s0025g02930,537,0.2594,Caffeic acid O-3-methyltransferase,E2_1_1_68,,vv10940Phenylpropanoid_biosynthesis,
243,VIT_14s0083g00260,537,0.2593,No hit,,,,
244,VIT_05s0020g03220,535,0.2581,S-receptor kinase,,,,
245,VIT_01s0137g00220,532,0.2576,ALB4 (ALBINA 4),K03217,,vv23060Protein_export,vv50122Porters_cat_7_to_17
246,VIT_14s0171g00400,528,0.2559,Lysine histidine transporter 1,LHT1,,vv50123Porters_cat_18_to_29,
247,VIT_14s0066g01080,525,0.2554,ADP-ribosylation factor A1B,ARFA1B,,vv50110Protein_coat,
248,VIT_08s0105g00200,524,0.2539,U-box domain-containing protein,,,,
249,VIT_18s0001g04280,520,0.2522,(-)-germacrene D synthase,E4_2_3_22,,vv10900Terpenoid_biosynthesis,
250,VIT_01s0011g00530,520,0.2506,Ureide permease 2 (AtUPS2),UPS2,,vv50122Porters_cat_7_to_17,
251,VIT_06s0004g06480,512,0.2465,CYP71E,E1_14_13_73,,vv10902Monoterpenoid_biosynthesis,
252,VIT_05s0077g01710,509,0.2463,U3 small nucleolar RNA-associated protein 5,K14546,,vv23008Ribosome_biogenesis_in_Eukaryotes,
253,VIT_02s0025g04280,497,0.2404,Osmotin,,,,
254,VIT_02s0025g04270<br>VIT_02s0025g04260<br>VIT_02s0025g04230,494,0.2402,
255,VIT_05s0020g03280,492,0.2386,Copper amine oxidase,E1_4_3_4,,vv10220Urea_cycle_and_metabolism_of_amino_groups,vv10340Histidine_metabolism
256,VIT_17s0000g00200,491,0.2385,Ethylene-responsive transcription factor ERF114,ERF114_1,VvERF118,vv30008Ethylene_signaling,vv60003AP2_EREBP
257,VIT_07s0031g01660,489,0.2378,CYP86A2,,,,
258,VIT_05s0077g01130,489,0.2373,Seed maturation protein PM36,,,,
259,VIT_02s0033g00660<br>VIT_02s0033g00850<br>VIT_02s0033g00870<br>VIT_02s0033g00800,485,0.2350,
260,VIT_18s0117g00550,482,0.2331,Laccase,E1_10_3_2,,vv11000Single_reactions,vv50109Incompletely_characterized_transport_systems
261,VIT_01s0011g00550,481,0.2320,Hydrolase  alpha/beta fold family,,,,
262,VIT_12s0057g01260,473,0.2273,Unknown protein,,,,
263,VIT_01s0026g02590,466,0.2261,Calcium-binding protein CML,K13448,,vv34626Plant-pathogen_interaction,
264,VIT_09s0096g00950,463,0.2241,No hit,,,,
265,VIT_14s0030g02050,455,0.2196,Auxin-induced protein PCNT115,AUXREG,,vv30003Auxin_signaling,
266,VIT_09s0054g00590,450,0.2192,No hit,,,,
267,VIT_15s0048g01080,454,0.2188,Unknown,,,,
268,VIT_07s0005g03220,453,0.2184,Ethylene-responsive transcription factor ERF098,ERF098_1,VvERF098,vv30008Ethylene_signaling,vv60003AP2_EREBP
269,VIT_14s0128g00610<br>VIT_14s0128g00640,453,0.2179,
270,VIT_07s0031g01010<br>VIT_07s0031g01040<br>VIT_07s0031g01050,452,0.2176,
271,VIT_01s0011g01110,444,0.2134,Molybdenum cofactor sulfurase,,,,
272,VIT_07s0104g00440,439,0.2125,Endo-1 3;1 4-beta-D-glucanase precursor,E3_2_1_73,,,
273,VIT_07s0031g02520,438,0.2116,Unknown protein,,,,
274,VIT_13s0067g01730,428,0.2067,Steroid 5alpha-reductase,K09591,,vv10905Brassinosteroid_biosynthesis,
275,VIT_05s0051g00140,427,0.2056,RRS1 (resistant to ralstonia solanacearum 1),RRS1,,vv34627R_proteins_from_Plant-pathogen_interaction,
276,VIT_12s0028g00860,423,0.2035,NAC domain-containing protein 42,NAC042_5,VvNAC36,vv60046NAC,
277,VIT_15s0048g02070,420,0.2034,BON2-associated protein (BAP2),,,,
278,VIT_15s0046g01640,414,0.2007,Abl interactor protein 1 (ABIL1),,,,
279,VIT_14s0036g00930,414,0.2002,Polyubiquitin (UBQ4),,,,
280,VIT_09s0002g05560,413,0.1998,ABC transporter g family pleiotropic drug resistance 12 PDR12,ABCGPDR12,,vv52010ABC_transporters,
281,VIT_03s0091g00530,408,0.1971,N-acetyltransferase ESCO2,,,,
282,VIT_01s0010g03600,406,0.1963,Rubber elongation factor (REF),,,,
283,VIT_02s0025g04250,405,0.1957,Osmotin,,,,
284,VIT_01s0026g00210,404,0.1956,Aldehyde dehydrogenase (NAD+),E1_2_1_3,vv10561Glycerolipid_metabolism,vv10010Glycolysis,vv10071Fatty_acid_metabolism
285,VIT_18s0117g00050,402,0.1941,R protein L6,K13477,,vv34627R_proteins_from_Plant-pathogen_interaction,
286,VIT_04s0008g03530,400,0.1926,Ankyrin repeat,K10380,,vv50108Accessory_factors_involved_in_transport,
287,VIT_05s0049g01980,391,0.1893,3-isopropylmalate dehydratase large subunit 2,E4_2_1_33,,vv10290Valine_leucine_and_isoleucine_biosynthesis,
288,VIT_06s0004g05110,388,0.1879,Unknown,,,,
289,VIT_15s0021g01260,381,0.1859,Unknown,,,,
290,VIT_13s0156g00590,378,0.1818,S-receptor kinase,,,,
291,VIT_04s0008g05350,370,0.1791,Serine hydrolase [Vitis vinifera],E4_3_1_18,,vv10260Glycine_serine_and_threonine_metabolism,
292,VIT_03s0091g00160,366,0.1770,NtPRp27 secretory protein,,,,
293,VIT_00s0181g00170,361,0.1752,F-box family protein,,,,
294,VIT_18s0001g00920<br>VIT_18s0075g00590<br>VIT_18s0001g00850<br>VIT_18s0075g00780<br>VIT_18s0001g00790<br>VIT_18s0001g00730<br>VIT_18s0001g00310<br>VIT_18s0075g00620<br>VIT_18s0075g00540<br>VIT_18s0075g00600<br>VIT_18s0075g00580<br>VIT_00s0481g00020<br>VIT_18s0001g00930,362,0.1750,
295,VIT_13s0074g00210,353,0.1713,Pyruvate kinase,E2_7_1_40,,vv10010Glycolysis,vv10230Purine_metabolism
296,VIT_06s0009g02590,353,0.1696,Pectinesterase family,E3_1_1_11,,vv40006Cell_wall,
297,VIT_16s0013g02160,347,0.1677,No hit,,,,
298,VIT_09s0002g06060,347,0.1673,U3 small nucleolar RNA-associated protein 5,K14546,,vv23008Ribosome_biogenesis_in_Eukaryotes,
299,VIT_01s0011g03850,324,0.1571,Unknown protein,,,,
300,VIT_02s0087g01010,324,0.1560,CRK10 (cysteine-rich RLK10),,,,
301,VIT_14s0068g02210,315,0.1522,HcrVf1 protein,,,,
302,VIT_10s0003g05250,313,0.1516,Germin-like protein,,,,
303,VIT_16s0039g01110,314,0.1514,Phenylalanin ammonia-lyase [Vitis vinifera],E4_3_1_5,,vv10350Tyrosine_metabolism,vv10360Phenylalanine_metabolism
304,VIT_00s0762g00010,312,0.1502,S-locus lectin protein kinase family,,,,
305,VIT_13s0156g00570,306,0.1478,S-receptor kinase,,,,
306,VIT_14s0068g01000,301,0.1456,Unknown protein,,,,
307,VIT_02s0025g03690,300,0.1454,RNA-binding protein NOB1,K11883,,vv23008Ribosome_biogenesis_in_Eukaryotes,
308,VIT_05s0094g00260<br>VIT_05s0094g00220,299,0.1452,
309,VIT_07s0104g00210,298,0.1448,Phenazine biosynthesis PhzC/PhzF protein,K06998,,vv10400Phenylalanine_tyrosine_and_tryptophan_biosynthesis,
310,VIT_16s0050g00410,295,0.1436,Photoassimilate-responsive protein PAR-1a,,,,
311,VIT_02s0033g01390,287,0.1393,No hit,,,,
312,VIT_08s0040g00390,280,0.1362,Magnesium-protoporphyrin IX monomethyl ester [oxidative] cyclase,E1_14_13_81,,vv10860Porphyrin_and_chlorophyll_metabolism,
313,VIT_01s0011g03830,281,0.1356,Metallo-beta-lactamase,E3_5_2_6,,vv10311Penicillin_and_cephalosporin_biosynthesis,
314,VIT_14s0128g00680,277,0.1338,Germin,,,,
315,VIT_18s0001g02030,275,0.1330,Signal peptidase 1,K03100,,vv23060Protein_export,vv50132Primary_active_transporter_cat_A5_to_A8
316,VIT_13s0064g01110,276,0.1329,No hit,,,,
317,VIT_07s0005g00410,275,0.1327,Glycosyl hydrolase family 1 protein,,,,
318,VIT_17s0000g08200,274,0.1325,Phosphoglycerate/bisphosphoglycerate mutase,E5_4_2_1,,vv10010Glycolysis,
319,VIT_12s0059g01820,273,0.1325,Protein phosphatase 1D,K10147,,,
320,VIT_05s0020g04990,272,0.1309,No hit,,,,
321,VIT_03s0088g00780,270,0.1306,Pathogenesis-related protein 1 precursor (PRP 1),PRP1,,vv30011Jasmonate_signaling,vv34626Plant-pathogen_interaction
322,VIT_08s0007g08140,266,0.1288,Helicase,,,,
323,VIT_01s0011g01760,266,0.1284,Lectin,,,,
324,VIT_13s0067g01450,258,0.1243,Lateral organ boundaries domain 21,LBD21,,vv60007AS2,
325,VIT_16s0050g02450,253,0.1231,Proline-rich cell wall protein,,,,
326,VIT_08s0007g00570,252,0.1220,WRKY DNA-binding protein 49,WRKY49,VvWRKY27,vv60066WRKY,
327,VIT_11s0037g01410,251,0.1218,XBAT32 (XB3 ortholog 2 in Arabidopsis thaliana 32),XBAT32,,vv50108Accessory_factors_involved_in_transport,
328,VIT_02s0025g02920,249,0.1212,Quercetin 3-O-methyltransferase 1,E2_1_1_76,,vv10941Flavonoid_biosynthesis,
329,VIT_09s0002g05430,251,0.1207,ABC transporter g family pleiotropic drug resistance 12 PDR12,ABCGPDR12,,vv52010ABC_transporters,
330,VIT_07s0005g00420,250,0.1204,Zinc finger (C3HC4-type ring finger),ZFC3HC4_195,,vv60078Other_zf-C3HC4,
331,VIT_12s0035g01520,250,0.1201,Disease resistance protein RPS2,,,,
332,VIT_13s0064g01120,247,0.1196,No hit,,,,
333,VIT_06s0004g00610,245,0.1185,Accelerated cell death 1 ACD1,ACD1,,vv50133Primary_active_transporter_cat_A9_to_A18,
334,VIT_18s0001g00080,240,0.1170,Laccase,E1_10_3_2,,vv11000Single_reactions,vv50109Incompletely_characterized_transport_systems
335,VIT_10s0003g01170,239,0.1161,Basic helix-loop-helix (bHLH) family,BHLHDOM_92,,vv60011BHLH,
336,VIT_18s0001g04490,241,0.1161,Germacrene-D synthase,E4_2_3_22,,vv10900Terpenoid_biosynthesis,
337,VIT_01s0010g03680,239,0.1159,Unknown protein,,,,
338,VIT_14s0036g00480,237,0.1142,Tyrosyl-tRNA synthetase,E6_1_1_1,,vv10400Phenylalanine_tyrosine_and_tryptophan_biosynthesis,vv20970Aminoacyl-tRNA_biosynthesis
339,VIT_04s0044g01200,233,0.1132,Auxin-independent growth promoter,,,,
340,VIT_02s0033g00190,231,0.1118,DNA replication licensing factor MCM2,,,,
341,VIT_19s0014g05180,232,0.1114,RPS2 (resistant to p. syringae 2),K13459,,vv34626Plant-pathogen_interaction,
342,VIT_18s0001g10100,226,0.1092,Ubiquitin-conjugating enzyme E2 I,K10577,,vv23013RNA_transport,vv24120Ubiquitin_mediated_proteolysis
343,VIT_14s0030g00400,221,0.1081,WD40,,,,
344,VIT_17s0000g06220,222,0.1078,Exostosin,K02366,,vv11030Glycan_structures-biosynthesis1,
345,VIT_16s0039g01070,223,0.1078,Glutathione S-transferase 25 GSTU7,E2_5_1_18_GSTU7,,vv10480Glutathione_metabolism,
346,VIT_11s0016g00350,220,0.1071,Sec34/COG3,SEC34,,vv50110Protein_coat,vv50111Tethering_factors
347,VIT_14s0006g00910,221,0.1061,ATA15 protein,,,,
348,VIT_05s0020g03440,218,0.1054,Photosystem II 11 kDa protein PSB27,K08902,,vv10195Photosynthesis,vv50135Primary_active_transporter_cat_D3_to_E2
349,VIT_12s0059g00520,217,0.1044,RabGAP/TBC domain-containing protein,,,,
350,VIT_15s0048g00510,214,0.1036,Pectinesterase family,E3_1_1_11,,vv40006Cell_wall,
351,VIT_05s0020g03680,214,0.1034,GCN5 N-acetyltransferase (GNAT),GCN5_7,,vv60082GNAT,
352,VIT_19s0015g00290,213,0.1024,No hit,,,,
353,VIT_05s0077g01660,211,0.1019,Major allergen protein homolog,,,,
354,VIT_17s0119g00150,207,0.1010,Alpha-amylase/subtilisin inhibitor,E3_2_1_1,,vv10500Starch_and_sucrose_metabolism,
355,VIT_03s0088g00720,207,0.1001,Pathogenesis-related protein 1 precursor (PRP 1),PRP1,,vv30011Jasmonate_signaling,vv34626Plant-pathogen_interaction
356,VIT_06s0004g02030,208,0.1001,Xanthine dehydrogenase/oxidase,E1_17_1_4,,vv10230Purine_metabolism,vv44146Peroxisome
357,VIT_15s0021g02060,208,0.0999,Arbutin synthase,E2_4_1_218,,vv10500Starch_and_sucrose_metabolism,
358,VIT_00s0347g00070,207,0.0999,S-locus lectin protein kinase,,,,
359,VIT_06s0061g00100,208,0.0999,Glucan endo-1 3-beta-glucosidase  acidic isoform precursor,E3_2_1_39,,vv10500Starch_and_sucrose_metabolism,
360,VIT_05s0094g01670,206,0.0997,PP1/PP2A phosphatases pleiotropic regulator PRL1,K12862,,vv23040Spliceosome,vv50109Incompletely_characterized_transport_systems
361,VIT_07s0005g02190,206,0.0993,Zinc finger (C2H2 type) family,C2H2FAM_36,,vv60017C2H2,
362,VIT_18s0122g00690,201,0.0979,Laccase,E1_10_3_2,,vv11000Single_reactions,vv50109Incompletely_characterized_transport_systems
363,VIT_14s0006g01420,202,0.0973,Ser/Thr receptor kinase,,,,
364,VIT_08s0007g03870,200,0.0970,Phytosulfokines PSK1,,,,
365,VIT_04s0069g00470,200,0.0967,No hit,,,,
366,VIT_07s0005g04890,198,0.0950,Glutathione S-transferase 25 GSTU7,E2_5_1_18_GSTU7,,vv10480Glutathione_metabolism,
367,VIT_06s0004g03620,196,0.0945,MAPK MPK13,MPK13,,,
368,VIT_04s0008g00200,193,0.0929,Tryptophan-tRNA ligase,E6_1_1_2,,vv10400Phenylalanine_tyrosine_and_tryptophan_biosynthesis,vv20970Aminoacyl-tRNA_biosynthesis
369,VIT_18s0166g00260,191,0.0926,No hit,,,,
370,VIT_10s0116g01200,189,0.0916,WRKY DNA-binding protein 6,WRKY6_1,VvWRKY29,vv60066WRKY,
371,VIT_13s0019g03910,189,0.0915,Unknown,,,,
372,VIT_17s0000g01650,188,0.0912,Cyclopropyl isomerase,E5_5_1_9,,vv10100Biosynthesis_of_steroids,
373,VIT_07s0104g01260,185,0.0889,flavin-containing monooxygenase,E1_14_13_8,,vv11000Single_reactions,
374,VIT_17s0000g07780,184,0.0888,Calmodulin-binding protein,K02183,,vv34020Calcium_signaling_pathway,vv34626Plant-pathogen_interaction
375,VIT_02s0025g02940,183,0.0885,Caffeic acid O-3-methyltransferase,E2_1_1_68,,vv10940Phenylpropanoid_biosynthesis,
376,VIT_09s0002g05570,182,0.0883,ABC transporter g family pleiotropic drug resistance 12 PDR12,ABCGPDR12,,vv52010ABC_transporters,
377,VIT_18s0001g15150,183,0.0877,Unknown protein,,,,
378,VIT_08s0040g02730,179,0.0871,Exocyst subunit EXO70 H4,EXO70H4,,vv50111Tethering_factors,
379,VIT_08s0056g00620,179,0.0867,V-type H+-transporting ATPase subunit E,K02150,,vv10190Oxidative_phosphorylation,vv44145Phagosome
380,VIT_06s0004g05220,179,0.0867,Serine/arginine repetitive matrix protein 1,K13171,,vv23013RNA_transport,vv23015mRNA_surveillance_pathway
381,VIT_01s0011g04210,177,0.0858,Amino acid permease,AAPREL,,vv50123Porters_cat_18_to_29,
382,VIT_03s0017g01410,175,0.0849,No hit,,,,
383,VIT_19s0090g01290,175,0.0844,Serine/threonine-protein phosphatase PP-X isozyme 2,K01090,,,
384,VIT_03s0091g00380,174,0.0843,Thioredoxin domain-containing protein 9,,,,
385,VIT_11s0016g01780,173,0.0833,HAB1 (homology toABI1),HAB1,,vv30001ABA_signaling,
386,VIT_11s0118g00040,169,0.0819,Receptor Like Protein 9,,,,
387,VIT_08s0040g03010,166,0.0805,Pigment defective 149,PDE149,,vv50109Incompletely_characterized_transport_systems,
388,VIT_02s0033g00270,166,0.0805,Pinoresinol-lariciresinol reductase,PLR,,vv10940Phenylpropanoid_biosynthesis,
389,VIT_13s0084g00800,166,0.0805,Transcription factor,TRIHELIXDOM_7,,vv60062Trihelix,
390,VIT_16s0148g00290<br>VIT_16s0148g00360<br>VIT_16s0148g00100<br>VIT_00s0258g00140,162,0.0792,
391,VIT_00s0349g00020,162,0.0788,Unknown protein,,,,
392,VIT_05s0020g03290,160,0.0769,S-receptor kinase,,,,
393,VIT_12s0028g01400,159,0.0769,DNA-directed RNA polymerase II subunit D,K03012,,vv23020RNA_polymerase,
394,VIT_19s0014g01580,159,0.0768,No hit,,,,
395,VIT_19s0085g01200,158,0.0763,CTP synthase,E6_3_4_2,,vv10240Pyrimidine_metabolism,
396,VIT_12s0034g02180,158,0.0761,Aminomethyltransferase,E2_1_2_10,,vv10260Glycine_serine_and_threonine_metabolism,vv10670One_carbon_pool_by_folate
397,VIT_00s0226g00100,157,0.0757,Regulator of chromosome condensation (RCC1),RCC1,,vv50112Nuclear_pore_complex,
398,VIT_17s0000g06880,153,0.0742,Heparanase protein 2 precursor,E3_2_1_31,,vv10040Pentose_glucuronate_interconversion,vv10500Starch_and_sucrose_metabolism
399,VIT_00s0804g00020,153,0.0739,Unknown protein,,,,
400,VIT_09s0002g02580,152,0.0739,No hit,,,,
401,VIT_14s0108g00540,150,0.0726,Phosphofructokinase,E2_7_1_90,,vv10051Fructose_and_mannose_metabolism,
402,VIT_18s0041g02010<br>VIT_18s0041g02050,150,0.0725,
403,VIT_09s0018g01660,150,0.0725,Biopterin transport-related protein BT1,BIOPTERIN,,vv50125Porters_cat_66_to_94,
404,VIT_18s0117g00290,150,0.0724,Coatomer protein complex  subunit beta 2,COPB2,,vv50110Protein_coat,
405,VIT_14s0083g01170,148,0.0716,Mitochondrial substrate carrier family protein,K03454,,vv50123Porters_cat_18_to_29,
406,VIT_17s0000g03130,147,0.0713,Unknown protein,,,,
407,VIT_18s0075g00630,146,0.0713,Laccase,E1_10_3_2,,vv11000Single_reactions,vv50109Incompletely_characterized_transport_systems
408,VIT_10s0003g03850,146,0.0709,Protease Do-like 5,,,,
409,VIT_15s0021g01590,145,0.0700,RKL1 (Receptor-like kinase 1),,,,
410,VIT_14s0083g00080,145,0.0697,Unknown protein,,,,
411,VIT_14s0068g01250,142,0.0689,Mitochondrial phosphate transporter,MPHOSPTR,,vv50123Porters_cat_18_to_29,
412,VIT_06s0004g04590,141,0.0686,Epsin N-terminal homology (ENTH) domain-containing,ENTH,,vv50110Protein_coat,
413,VIT_07s0005g03760,141,0.0682,Phytochelatin synthase 1 (PCS1),E2_3_2_15,,vv10251Glutamate_metabolism,
414,VIT_18s0001g00840,141,0.0680,Syringolide-induced protein 14-1-1,,,,
415,VIT_01s0026g01730,137,0.0660,WRKY DNA-binding protein 72,WRKY72_1,VvWRKY02,vv60066WRKY,
416,VIT_13s0019g01810,137,0.0657,Scarecrow transcription factor 14 (SCL14),SCL14_3,,vv60032GRAS,
417,VIT_15s0021g01130,133,0.0641,Rho GTPase; Rho GTP binding protein,E3_6_5_1,,,
418,VIT_14s0083g00920,133,0.0638,No hit,,,,
419,VIT_18s0001g10760,132,0.0637,Strictosidine synthase,E4_3_3_2,,vv10900Terpenoid_biosynthesis,vv10902Monoterpenoid_biosynthesis
420,VIT_18s0001g01850,130,0.0628,Amino acid permease,AAPREL,,vv50123Porters_cat_18_to_29,
421,VIT_09s0002g03640,130,0.0627,ABC transporter g family pleiotropic drug resistance 7 PDR7,ABCGPDR7,,vv52010ABC_transporters,
422,VIT_17s0053g00750,128,0.0616,Unknown protein,,,,
423,VIT_13s0019g00020,126,0.0605,Cation efflux MTP11,MTP11,,vv50121Porters_cat_1_to_6,
424,VIT_11s0037g00340,125,0.0600,Homoserine kinase (HSK),E2_7_1_39,,vv10260Glycine_serine_and_threonine_metabolism,
425,VIT_14s0083g00460,123,0.0599,Tryptophan synthase beta chain 2,E4_2_1_20,,vv10400Phenylalanine_tyrosine_and_tryptophan_biosynthesis,
426,VIT_14s0108g00930,119,0.0575,Unknown protein,,,,
427,VIT_03s0038g00920,119,0.0575,Carbohydrate kinase  PfkB,E2_7_1_15,,vv10030Pentose_phosphate,
428,VIT_18s0001g02970,117,0.0566,Glucose-6-phosphate/phosphate translocator related,GPTREL,,vv50122Porters_cat_7_to_17,
429,VIT_04s0008g05540,116,0.0563,Clathrin assembly protein 2,CAP2,,vv50110Protein_coat,
430,VIT_02s0033g01400,116,0.0560,Alternative oxidase 1a  (AOX1A),AOX1A,,vv30001ABA_signaling,
431,VIT_12s0035g01000,116,0.0556,Serine protease inhibitor  serine-type,,,,
432,VIT_14s0219g00070,115,0.0556,Zinc finger (C2H2 type) family,C2H2FAM_25,,vv60017C2H2,
433,VIT_05s0077g01680,114,0.0554,Mal d 1 allergen,,,,
434,VIT_17s0000g00640,114,0.0550,No hit,,,,
435,VIT_18s0001g10200<br>VIT_18s0001g10230,115,0.0549,
436,VIT_13s0019g01470,111,0.0540,Geranylgeranyltransferase type I beta subunit,E2_5_1_59,,vv10100Biosynthesis_of_steroids,
437,VIT_01s0127g00150,110,0.0531,Menaquinone biosynthesis methyltransferase ubiE,K03183,,vv10130Ubiquinone_biosynthesis,
438,VIT_07s0031g01380,106,0.0512,ferulate 5-hydroxylase,K09755,,vv10940Phenylpropanoid_biosynthesis,
439,VIT_01s0146g00320,106,0.0511,No hit,,,,
440,VIT_01s0011g01350,104,0.0506,No hit,,,,
441,VIT_04s0008g03180,105,0.0505,Unknown protein,,,,
442,VIT_18s0122g00070,104,0.0501,DNAJ heat shock N-terminal domain-containing protein,DNAJREL,,vv50132Primary_active_transporter_cat_A5_to_A8,
443,VIT_05s0049g00840<br>VIT_05s0049g00780<br>VIT_05s0049g00800,102,0.0494,
444,VIT_11s0016g02360,102,0.0490,TET2 (tetraspanin2),,,,
445,VIT_19s0014g05110,101,0.0490,Unknown,,,,
446,VIT_03s0063g00700,101,0.0487,CXE carboxylesterase,E3_1_1_1,,,
447,VIT_05s0102g00610,98,0.0474,No hit,,,,
448,VIT_08s0007g05830,94,0.0455,No hit,,,,
449,VIT_08s0007g05350,94,0.0454,Haloacid dehalogenase hydrolase,E3_1_3_18,,vv10630Glyoxylate_and_dicarboxylate_metabolism,
450,VIT_06s0004g05700,93,0.0448,Glutathione S-transferase 8 GSTU8,E2_5_1_18_GSTU8,,vv10480Glutathione_metabolism,
451,VIT_16s0050g02220,91,0.0442,Acidic endochitinase (CHIB1),E3_2_1_14,,vv10530Aminosugars_metabolism,
452,VIT_08s0007g05580,91,0.0440,Embryo-abundant protein,,,,
453,VIT_03s0017g01990,90,0.0435,UDP-glucose glucosyltransferase,E2_4_1_35,,vv10500Starch_and_sucrose_metabolism,
454,VIT_04s0044g00120,89,0.0432,Kinase,,,,
455,VIT_18s0001g05410,88,0.0427,No hit,,,,
456,VIT_10s0042g00590,87,0.0419,Leucine-rich repeat receptor-like protein kinase 1,,,,
457,VIT_10s0116g00860,86,0.0418,Cardiolipin synthase,K06131,,vv10564Glycerophospholipid_metabolism,
458,VIT_04s0044g00030,84,0.0407,ATSAC1B/IBS2 (impaired in baba-induced sterility 2),E3_1_3_36,,vv10562Inositol_phosphate_metabolism,vv34070Phosphatidylinositol_signaling_system
459,VIT_11s0016g01270,84,0.0406,Unknown protein,,,,
460,VIT_18s0117g00070,83,0.0403,R protein L6,K13477,,vv34627R_proteins_from_Plant-pathogen_interaction,
461,VIT_07s0129g00830,83,0.0400,CYP81D2,,,,
462,VIT_00s0194g00020,82,0.0396,DNA-directed RNA polymerase II subunit D,K03012,,vv23020RNA_polymerase,
463,VIT_13s0019g03670,81,0.0394,Unknown protein,,,,
464,VIT_01s0127g00070,80,0.0383,Nitrate transporter2.5,NRT2_5,,vv50121Porters_cat_1_to_6,
465,VIT_09s0002g07250,78,0.0379,No hit,,,,
466,VIT_13s0064g01100,78,0.0376,No hit,,,,
467,VIT_18s0041g02260<br>VIT_18s0041g02060,77,0.0372,
468,VIT_07s0095g00510,77,0.0372,No hit,,,,
469,VIT_18s0122g01370,77,0.0370,Unknown protein,,,,
470,VIT_03s0063g00410,75,0.0362,Alpha-amylase,E3_2_1_1,,vv10500Starch_and_sucrose_metabolism,
471,VIT_04s0043g00380,74,0.0358,Unknown protein,,,,
472,VIT_03s0088g01260,73,0.0355,TIP growth defective 1,TIP1GD,,vv50108Accessory_factors_involved_in_transport,
473,VIT_10s0071g00230,73,0.0355,HcrVf1 protein,,,,
474,VIT_11s0037g00180,73,0.0354,Leucine aminopeptidase 3  chloroplast precursor,E3_4_11_1,,,
475,VIT_03s0063g00890,69,0.0333,formin-binding protein,FORMINBIND,,vv44810Regulation_of_actin_cytoskeleton,
476,VIT_16s0022g01800,68,0.0330,RRNA-processing protein EBP2,,,,
477,VIT_14s0108g01440,68,0.0329,Unknown protein,,,,
478,VIT_09s0054g00560,67,0.0323,No hit,,,,
479,VIT_11s0016g00100,67,0.0323,Adapter protein SPIKE1 (SPK1),,,,
480,VIT_09s0002g04720,65,0.0316,Coatomer protein complex  subunit beta 2,COPB2,,vv50110Protein_coat,
481,VIT_16s0039g02010,65,0.0316,Vacuolar sorting-associated protein (Vps27),VPS27,,vv50111Tethering_factors,
482,VIT_14s0030g01970,64,0.0309,Auxin-induced protein PCNT115,AUXREG,,vv30003Auxin_signaling,
483,VIT_07s0151g01070,64,0.0308,Copalyl diphosphate synthase,E5_5_1_12,,vv10904Diterpenoid_biosynthesis,
484,VIT_01s0011g03310,64,0.0308,Unknown protein,,,,
485,VIT_16s0013g00440<br>VIT_16s0013g00390<br>VIT_16s0013g00410<br>VIT_16s0013g00480<br>VIT_16s0013g00450,63,0.0304,
486,VIT_05s0020g04380,63,0.0303,Calcium-transporting ATPase 13 ACA13,K01537,,vv34020Calcium_signaling_pathway,vv50131Primary_active_transporter_cat_A2_to_A4
487,VIT_06s0004g07780,63,0.0302,No hit,,,,
488,VIT_04s0023g01080,62,0.0301,Lys Motif-Type Receptor-Like Kinase LYK4,,,,
489,VIT_07s0005g00680,61,0.0296,Exocyst complex subunit Sec15B,SEC15B,,vv50111Tethering_factors,
490,VIT_09s0002g06900,61,0.0295,NtEIG-A1,,,,
491,VIT_14s0030g01440,60,0.0289,EDR1 (Enhanced disease resistance 1),,,,
492,VIT_17s0000g06710,59,0.0287,Leucine-rich repeat transmembrane protein kinase,,,,
493,VIT_10s0116g00960,59,0.0285,Transcription factor jumonji (jmjC) domain-containing protein,JMJD1B_5,,vv60038Jumonji,
494,VIT_05s0077g01030,59,0.0284,Unknown,,,,
495,VIT_17s0000g06350,59,0.0284,LHCA4 (Photosystem I light harvesting complex gene 4),K08910,,vv10196Photosynthesis_antenna_proteins,vv50105Transport_electron_carriers
496,VIT_18s0001g08080,59,0.0284,No hit,,,,
497,VIT_16s0013g00070<br>VIT_16s0039g02840<br>VIT_16s0013g00810,57,0.0277,
498,VIT_14s0030g01070,57,0.0274,No hit,,,,
499,VIT_13s0019g05360,56,0.0272,KH domain-containing protein NOVA,,,,
500,VIT_19s0093g00320,55,0.0265,Glutathione S-transferase 25 GSTU25,E2_5_1_18_GSTU25,,vv10480Glutathione_metabolism,
501,VIT_12s0059g01120,55,0.0265,CAF protein,,,,
502,VIT_08s0032g00240,54,0.0262,CYP71A22,E1_14_13_73,,vv10902Monoterpenoid_biosynthesis,
503,VIT_03s0091g00150,52,0.0252,NtPRp27 secretory protein,,,,
504,VIT_10s0003g00150,52,0.0249,NSL1 (necrotic spotted lesions 1),,,,
505,VIT_14s0128g00940,50,0.0242,No hit,,,,
506,VIT_14s0036g00990,50,0.0241,Polyubiquitin (UBQ4),,,,
507,VIT_03s0063g00930,50,0.0241,EMB2745,,,,
508,VIT_08s0105g00270,47,0.0227,NC domain-containing protein,,,,
509,VIT_01s0026g00820,47,0.0226,IAA-amino acid hydrolase 1 (ILR1),K01463,,vv11002Auxin_biosynthesis,
510,VIT_19s0015g00220,47,0.0225,Unknown protein,,,,
511,VIT_06s0004g05100,46,0.0223,PUMILIO 1 (APUM1),PUM1,,,
512,VIT_18s0001g12470,45,0.0219,Dehydration-responsive protein,,,,
513,VIT_18s0117g00040,44,0.0213,No hit,,,,
514,VIT_09s0002g06400,44,0.0212,No hit,,,,
515,VIT_08s0058g00810,44,0.0211,D-alanine--D-alanine ligase,E6_3_2_4,,vv10252Alanine_and_aspartate_metabolism,
516,VIT_00s0332g00100,43,0.0209,No hit,,,,
517,VIT_06s0009g01810,42,0.0203,APK2A (protein kinase 2A),,,,
518,VIT_08s0007g01230,42,0.0203,Lectin protein kinase,,,,
519,VIT_05s0020g03980,41,0.0199,Calmodulin-binding region IQD19,,,,
520,VIT_00s0183g00040,41,0.0199,Importin alpha,IMPALPHA,,vv50109Incompletely_characterized_transport_systems,vv50112Nuclear_pore_complex
521,VIT_02s0012g00890,41,0.0198,Unknown protein,,,,
522,VIT_05s0094g00160,40,0.0194,No hit,,,,
523,VIT_14s0060g00460,40,0.0194,Receptor-like protein kinase,,,,
524,VIT_19s0135g00010,40,0.0193,Ureide permease 2 (AtUPS2),UPS2,,vv50122Porters_cat_7_to_17,
525,VIT_13s0019g03990,39,0.0189,Unknown protein,,,,
526,VIT_01s0011g06600,39,0.0187,Glutamate decarboxylase,E4_1_1_15,,vv10251Glutamate_metabolism,vv10252Alanine_and_aspartate_metabolism
527,VIT_08s0007g07530,38,0.0184,3-oxoacyl-[acyl-carrier-protein] reductase  chloroplast,E1_1_1_100,,vv10061Fatty_acid_biosynthesis,vv11040Biosynthesis_of_unsaturated_fatty_acids
528,VIT_14s0068g01360,38,0.0184,GEM-like protein 5,,,,
529,VIT_18s0041g00670,38,0.0183,Proton-dependent oligopeptide transport (POT) family protein,POT,,vv50122Porters_cat_7_to_17,
530,VIT_09s0002g06890,38,0.0183,Dicyanin blue copper protein,,,,
531,VIT_18s0117g00060,37,0.0177,R protein L6,K13477,,vv34627R_proteins_from_Plant-pathogen_interaction,
532,VIT_13s0067g00110,36,0.0175,CYP72A1,K13400,,vv10902Monoterpenoid_biosynthesis,
533,VIT_01s0011g04780,36,0.0174,Unknown protein,,,,
534,VIT_00s0409g00010,35,0.0170,Receptor kinase RK20-1,,,,
535,VIT_18s0117g00080,35,0.0170,R protein L6,K13477,,vv34627R_proteins_from_Plant-pathogen_interaction,
536,VIT_01s0026g02250,35,0.0169,Haloacid dehalogenase hydrolase,E3_1_3_18,,vv10630Glyoxylate_and_dicarboxylate_metabolism,
537,VIT_04s0008g01470,35,0.0169,WRKY DNA-binding protein 50,WRKY50,VvWRKY06,vv60066WRKY,
538,VIT_18s0041g02020,35,0.0169,12-oxophytodienoate reductase 2,E1_3_1_42,,vv10592alpha-Linolenic_acid_metabolism,
539,VIT_00s0341g00010,35,0.0168,Dual specificity protein phosphatase,,,,
540,VIT_08s0040g00870,34,0.0164,BZIP transcription factor BZIP28,BZIP28,VvbZIP24,vv60012BZIP,
541,VIT_04s0023g01830,34,0.0164,U3 small nucleolar RNA-associated protein 22,K14544,,vv23008Ribosome_biogenesis_in_Eukaryotes,
542,VIT_15s0021g02470,34,0.0163,Epoxide hydrolase-like protein,E3_3_2_10,,,
543,VIT_12s0055g00770,33,0.0160,SWAP (Suppressor-of-White-APricot),,,,
544,VIT_14s0081g00580,32,0.0155,GPI-anchor transamidase,K05289,,vv10563Glycosylphosphatidylinositol-anchor_biosynthesis,
545,VIT_00s0616g00020,32,0.0154,Ribosomal protein L19,K02884,,vv23010Ribosome,
546,VIT_11s0016g00570,31,0.0150,Dimethylaniline monooxygenase (N-oxide forming) 2,E1_14_13_8,,vv11000Single_reactions,
547,VIT_07s0031g02780,31,0.0150,Cyclase/dehydrase,,,,
548,VIT_08s0056g00300,30,0.0145,Unknown,,,,
549,VIT_10s0003g04040,30,0.0144,Mitochondrial transcription termination factor,MTERF_17,,vv60085MTERF,
550,VIT_03s0063g01280<br>VIT_03s0063g01160,30,0.0144,
551,VIT_17s0000g04230,29,0.0141,Translation initiation factor eIF-2B delta subunit,K03680,,vv23013RNA_transport,
552,VIT_14s0030g00350,29,0.0141,RKF3 (receptor-like kinase IN in flowers 3),RKF3,,vv60042MADS,
553,VIT_08s0058g01050,29,0.0140,Unknown protein,,,,
554,VIT_03s0038g02150,29,0.0140,Unknown,,,,
555,VIT_17s0000g00650,29,0.0140,No hit,,,,
556,VIT_19s0015g00070,28,0.0136,CYP71D10p,,,,
557,VIT_01s0026g00850,28,0.0135,Zinc finger protein 5,ZFP5_3,,vv60017C2H2,
558,VIT_13s0084g00670,28,0.0135,Unknown protein,,,,
559,VIT_14s0030g01890,27,0.0131,Unknown,,,,
560,VIT_07s0005g04330,27,0.0131,Blight-associated protein p12 precursor,,,,
561,VIT_12s0035g01560,27,0.0130,SGT1,SGT1,,vv30003Auxin_signaling,
562,VIT_10s0003g04250,27,0.0130,Glutathione S-transferase GSTU22,E2_5_1_18_GSTU22,,vv10480Glutathione_metabolism,
563,VIT_01s0011g06140,27,0.0130,Avr9/Cf-9 rapidly elicited protein,,,,
564,VIT_11s0016g04770,27,0.0130,Unknown,,,,
565,VIT_18s0117g00300,26,0.0126,Coatomer protein complex  subunit beta 2,COPB2,,vv50110Protein_coat,
566,VIT_00s0479g00010,26,0.0124,Protein kinase 6,,,,
567,VIT_14s0006g02290,25,0.0122,DREB sub A-4 of ERF/AP2 transcription factor,TINY_2,VvERF028,vv30008Ethylene_signaling,vv60003AP2_EREBP
568,VIT_07s0104g01670,25,0.0121,HAK5 (High affinity K+ transporter 5),HAK5,,vv50125Porters_cat_66_to_94,
569,VIT_10s0003g01180,25,0.0120,Ketol-acid reductoisomerase,E1_1_1_86,,vv10290Valine_leucine_and_isoleucine_biosynthesis,vv10770Pantothenate_and_CoA_biosynthesis
570,VIT_16s0100g00690,25,0.0120,Ankyrin repeat,K10380,,vv50108Accessory_factors_involved_in_transport,
571,VIT_17s0000g06390,24,0.0117,Pentatricopeptide (PPR) repeat-containing protein,,,,
572,VIT_03s0038g00940,24,0.0116,Auxin-responsive,AUXREG,,vv30003Auxin_signaling,
573,VIT_05s0049g01200,24,0.0115,S-locus lectin protein kinase,,,,
574,VIT_13s0019g03970,23,0.0112,Ribosomal protein P0 (RPP0A) acidic 60S,K02941,,vv23010Ribosome,
575,VIT_14s0006g01390,23,0.0111,Pentatricopeptide (PPR) repeat,,,,
576,VIT_07s0151g00260,23,0.0111,Quinone-oxidoreductase  Chloroplast,K03956,,vv10190Oxidative_phosphorylation,vv50134Primary_active_transporter_cat_D1
577,VIT_18s0001g01960,23,0.0111,RKF3 (receptor-like kinase IN in flowers 3),,,,
578,VIT_06s0009g02560,22,0.0106,Pectinesterase family,E3_1_1_11,,vv40006Cell_wall,
579,VIT_03s0063g00270,22,0.0106,Unknown protein,,,,
580,VIT_13s0019g04060,22,0.0106,MLO1,K08472,,,
581,VIT_18s0001g06370,22,0.0106,L-ascorbate peroxidase  chloroplast,E1_11_1_11,,vv10053Ascorbate_and_aldarate_metabolism,
582,VIT_19s0014g01110,22,0.0106,Curculin (mannose-binding) lectin,,,,
583,VIT_09s0002g05810,22,0.0106,Boron transporter-like protein 4,BOR4,,vv50124Porters_cat_30_to_64,
584,VIT_08s0007g03900,21,0.0102,Heat stress transcription factor A3,HSFA3,,vv60037HSF,
585,VIT_17s0000g07640,21,0.0102,Mannose-1-phosphate guanyltransferase,E2_7_7_23,,vv10530Aminosugars_metabolism,
586,VIT_06s0009g02040,21,0.0102,Plectin (myosin-like),K10388,,vv44810Regulation_of_actin_cytoskeleton,
587,VIT_02s0154g00160,21,0.0102,flavin-containing monooxygenase family protein / FMO family protein,E1_14_13_8,,vv11000Single_reactions,
588,VIT_08s0007g02790,21,0.0102,Unknown protein,,,,
589,VIT_14s0128g00690,21,0.0101,Germin protein 3,,,,
590,VIT_03s0038g02350,21,0.0101,No hit,,,,
591,VIT_18s0001g03850,20,0.0097,Ribosomal protein S10 30S,K02946,,vv23010Ribosome,
592,VIT_09s0070g00490,20,0.0096,Protein phosphatase 2C,E3_1_3_16,,,
593,VIT_06s0004g04180,19,0.0093,Zinc finger (C2H2 type) protein (ZAT11),ZAT11,,vv60017C2H2,
594,VIT_00s0187g00020,19,0.0093,No hit,,,,
595,VIT_07s0031g00050,19,0.0092,Cysteine proteinase,E3_4_22_x,,,
596,VIT_00s0945g00010,19,0.0092,Unknown protein,,,,
597,VIT_18s0001g05760,18,0.0087,No hit,,,,
598,VIT_07s0130g00480,18,0.0087,Unknown protein,,,,
599,VIT_09s0002g03660,18,0.0087,Retrotransposon protein  Unclassified,,,,
600,VIT_17s0000g08290,18,0.0087,Dof zinc finger protein DOF5.6,DOF5_6,,vv60015C2C2-DOF,
601,VIT_01s0011g05480,18,0.0086,Dynein light subunit lc6  flagellar outer arm,K10418,,vv44810Regulation_of_actin_cytoskeleton,
602,VIT_02s0025g03300,17,0.0082,Potassium channel tetramerisation domain-containing protein,KCTREL,,vv50101Channels_and_pores,
603,VIT_07s0031g01710,16,0.0078,WRKY DNA-binding protein 51,WRKY51_3,VvWRKY22,vv60066WRKY,
604,VIT_15s0045g01170,16,0.0078,3-hydroxyisobutyryl-CoA hydrolase,E3_1_2_4,,vv10280Valine_leucine_and_isoleucine_degradation,vv10410Beta-alanine_metabolism
605,VIT_00s0399g00020,16,0.0078,Protease inhibitor/seed storage/lipid transfer protein (LTP),,,,
606,VIT_05s0020g00400,16,0.0077,Galactosyltransferase family protein,E2_4_x_x,,,
607,VIT_05s0020g01140,16,0.0077,Ribosomal protein L18,K02881,,vv23010Ribosome,
608,VIT_17s0000g02000,16,0.0077,IRE (incomplete root hair elongation),,,,
609,VIT_09s0002g04070,16,0.0077,Unknown protein,,,,
610,VIT_09s0002g05210,16,0.0077,F-box family protein,,,,
611,VIT_12s0034g01970,16,0.0077,Cupin,,,,
612,VIT_07s0005g00980,16,0.0077,Dehydration-induced 19,,,,
613,VIT_08s0007g03890,15,0.0073,Brix domain-containing protein,,,,
614,VIT_17s0053g00030,15,0.0073,No hit,,,,
615,VIT_07s0191g00030,15,0.0073,RAB GTPase RABA4A,K07976,,,
616,VIT_09s0054g01870,15,0.0073,Transmembrane receptor,,,,
617,VIT_00s1278g00010,15,0.0073,Brassinosteroid insensitive 1-associated receptor kinase 1,BAK1,,vv30005Brassinosteroids_signaling,
618,VIT_04s0023g02900,15,0.0073,Ferulate-5-hydroxylase,K09755,,vv10940Phenylpropanoid_biosynthesis,
619,VIT_15s0048g01530,15,0.0072,Geraniol 10-hydroxylase,G10H,,vv10902Monoterpenoid_biosynthesis,
620,VIT_00s0531g00010,15,0.0072,HEAT repeat-containing protein,,,,
621,VIT_05s0062g00710,14,0.0068,UDP-glucose:flavonoid 7-O-glucosyltransferase,E2_4_1_237,,vv10941Flavonoid_biosynthesis,
622,VIT_17s0000g04660,14,0.0068,Agmatine deiminase,E3_5_3_12,,vv10220Urea_cycle_and_metabolism_of_amino_groups,
623,VIT_03s0088g00810,14,0.0068,Pathogenesis-related protein 1 precursor (PRP 1),PRP1,,vv30011Jasmonate_signaling,vv34626Plant-pathogen_interaction
624,VIT_12s0028g01330,14,0.0068,Glu-tRNA(Gln) amidotransferase subunit A,E6_3_5_6,,vv10251Glutamate_metabolism,vv10252Alanine_and_aspartate_metabolism
625,VIT_03s0063g00400,13,0.0063,Alpha-amylase / 1 4-alpha-D-glucan glucanohydrolase,E3_2_1_1,,vv10500Starch_and_sucrose_metabolism,
626,VIT_12s0055g01280,13,0.0063,Brassinosteroid insensitive 1-associated receptor kinase 1,BAK1,,vv30005Brassinosteroids_signaling,vv34626Plant-pathogen_interaction
627,VIT_18s0001g04660,13,0.0063,No hit,,,,
628,VIT_00s0194g00120,13,0.0063,Serine acetyltransferase,E2_3_1_30,,vv10272Cysteine_metabolism,vv10920Sulfur_metabolism
629,VIT_05s0049g00910,13,0.0062,No hit,,,,
630,VIT_17s0000g05350,13,0.0062,5-formyltetrahydrofolate cycloligase,E6_3_3_2,,vv10670One_carbon_pool_by_folate,
631,VIT_19s0027g00380,13,0.0062,Amine oxidase,E1_4_3_4,,vv10220Urea_cycle_and_metabolism_of_amino_groups,vv10340Histidine_metabolism
632,VIT_08s0007g08490,13,0.0062,Zinc proteinase,,,,
633,VIT_18s0001g04530,12,0.0058,(-)-germacrene D synthase,E4_2_3_22,,vv10900Terpenoid_biosynthesis,
634,VIT_19s0014g04080,12,0.0058,Serine/threonine-protein kinase receptor ARK3,,,,
635,VIT_19s0014g04280,12,0.0058,S-locus protein kinase,,,,
636,VIT_11s0016g04050,12,0.0058,No hit,,,,
637,VIT_07s0005g04400,12,0.0058,Photosystem II reaction centre W (PsbW),K08903,,vv10195Photosynthesis,vv50135Primary_active_transporter_cat_D3_to_E2
638,VIT_16s0098g00720,12,0.0058,Lectin protein kinase,,,,
639,VIT_16s0039g00660,12,0.0058,RNA polymerase nonessential primary-like sigma factor SIGA,K03087,,vv23020RNA_polymerase,vv60057Sigma70-like
640,VIT_14s0083g00350,12,0.0058,Beta-glucan-binding protein 5,E3_2_1_23,,vv10052Galactose_metabolism,vv10511N-Glycan_degradation
641,VIT_16s0050g02530,12,0.0058,Myb Triptychon,TRIPTYCHON_1,,vv44110Cell_cycle,vv60045MYBrelated
642,VIT_00s0194g00140,12,0.0058,Agenet domain-containing protein,,,,
643,VIT_16s0022g01120<br>VIT_11s0037g01390<br>VIT_16s0022g01150,12,0.0058,
644,VIT_14s0006g01410,11,0.0053,fructokinase-2,E2_7_1_4,,vv10051Fructose_and_mannose_metabolism,vv10500Starch_and_sucrose_metabolism
645,VIT_05s0020g00900,11,0.0053,P-glycoprotein 4,PGP4,,vv52010ABC_transporters,
646,VIT_13s0073g00240,11,0.0053,Glycosyl transferase family 1,,,,
647,VIT_05s0020g02200,10,0.0048,Inosine-uridine preferring nucleoside hydrolase,E3_2_2_1,,vv10230Purine_metabolism,vv10760Nicotinate_and_nicotinamide_metabolism
648,VIT_00s0204g00070,10,0.0048,Unknown protein,,,,
649,VIT_01s0137g00080,10,0.0048,Aldehyde dehydrogenase (NAD+),E1_2_1_3,vv10561Glycerolipid_metabolism,vv10010Glycolysis,vv10071Fatty_acid_metabolism
650,VIT_09s0002g09110,10,0.0048,No hit,,,,
651,VIT_16s0050g01890,10,0.0048,Unknown,,,,
652,VIT_14s0006g02770,10,0.0048,Proton-dependent oligopeptide transport (POT) family protein,POT,,vv50122Porters_cat_7_to_17,
653,VIT_19s0090g00060,10,0.0048,Biopterin transport-related protein BT1,BIOPTERIN,,vv50125Porters_cat_66_to_94,
654,VIT_09s0002g00790,9,0.0044,Beta-ketoacyl-ACP synthase II,E2_3_1_41,,vv10061Fatty_acid_biosynthesis,
655,VIT_12s0028g01780,9,0.0044,FAD-linked oxidoreductase 1,,,,
656,VIT_12s0028g02500,9,0.0044,Unknown protein,,,,
657,VIT_19s0015g01100,9,0.0044,Peptidyl-prolyl cis-trans isomerase  FKBP-type,K01802,,,
658,VIT_03s0038g00130,9,0.0044,No hit,,,,
659,VIT_00s2582g00010,9,0.0044,Unknown,,,,
660,VIT_03s0038g02490,9,0.0043,SKP1,K03094,,vv24120Ubiquitin_mediated_proteolysis,vv24141Protein_processing_in_endoplasmic_reticulum
661,VIT_07s0031g01850,9,0.0043,BRI1 protein,BRI1,,vv30005Brassinosteroids_signaling,
662,VIT_02s0025g04300,9,0.0043,Thaumatin,,,,
663,VIT_18s0001g13680,9,0.0043,Histone H3,,,,
664,VIT_04s0043g01010,9,0.0043,Violaxanthin de-epoxidase,E1_10_99_3,,vv10906Carotenoid_biosynthesis,
665,VIT_08s0007g05320,9,0.0043,Essential for mitotic growth 1,K14568,,vv23008Ribosome_biogenesis_in_Eukaryotes,
666,VIT_09s0002g01320,9,0.0043,Germin-like protein,,,,
667,VIT_01s0026g01470,9,0.0043,Glycine-rich protein,,,,
668,VIT_09s0002g00510,9,0.0043,Lipase GDSL 1,,,,
669,VIT_18s0001g05060,9,0.0043,2 3-bisphosphoglycerate-dependent phosphoglycerate mutase,E5_4_2_1,,vv10010Glycolysis,
670,VIT_06s0004g02020,9,0.0043,No hit,,,,
671,VIT_00s0448g00020,9,0.0043,R protein  PRF  disease resistance protein,K13453,,vv34627R_proteins_from_Plant-pathogen_interaction,
672,VIT_15s0046g00940,7,0.0034,Ubiquitin family,,,,
673,VIT_17s0000g02150,7,0.0034,Ribosomal protein L19,K02884,,vv23010Ribosome,
674,VIT_11s0037g00930,7,0.0034,GDP-L-fucose synthase.,E1_1_1_271,,vv10051Fructose_and_mannose_metabolism,
675,VIT_03s0088g01180,7,0.0034,Proline iminopeptidase,E3_4_11_5,,vv10330Arginine_and_proline_metabolism,
676,VIT_17s0119g00280,7,0.0034,Alpha-amylase/subtilisin inhibitor,E3_2_1_1,,vv10500Starch_and_sucrose_metabolism,
677,VIT_06s0061g00120,6,0.0029,Beta-1 3-glucanase [Vitis riparia],E3_2_1_6,,,
678,VIT_19s0014g03030,6,0.0029,No hit,,,,
679,VIT_07s0104g01160,6,0.0029,Substrate carrier   Mitochondrial,K03454,,vv50123Porters_cat_18_to_29,
680,VIT_18s0001g13340,6,0.0029,Purple acid phosphatase 32- ATPAP32/PAP32,E3_1_3_2,,vv10740Riboflavin_metabolism,
681,VIT_15s0107g00390,6,0.0029,5'-adenylylsulfate reductase (APR3),E1_8_4_8,,vv10920Sulfur_metabolism,
682,VIT_12s0142g00570,6,0.0029,R protein disease resistance protein,RPROT,,vv34627R_proteins_from_Plant-pathogen_interaction,
683,VIT_17s0000g05210,6,0.0029,LNG1 (LONGIFOLIA1),,,,
684,VIT_19s0014g01870,6,0.0029,Transcription elongation factor 1,,,,
685,VIT_18s0001g03390,6,0.0029,S-receptor kinase,,,,
686,VIT_13s0019g00940,6,0.0029,SLT1 (sodium- and lithium-tolerant 1),,,,
687,VIT_10s0003g03790,6,0.0029,Jasmonate ZIM domain-containing protein 8,JAZ8_2,,vv30011Jasmonate_signaling,vv60069ZIM
688,VIT_05s0020g00640,6,0.0029,Methyltransferase,,,,
689,VIT_08s0007g00780,6,0.0029,One helix protein (OHP),,,,
690,VIT_03s0063g02650,6,0.0029,Hydrolase  alpha/beta fold,,,,
691,VIT_07s0104g01660,6,0.0029,HAK5 (High affinity K+ transporter 5),HAK5,,vv50125Porters_cat_66_to_94,
692,VIT_14s0128g00030,6,0.0029,Unknown protein,,,,
693,VIT_17s0053g00460,6,0.0029,Pinoresinol-lariciresinol reductase,PLR,,vv10940Phenylpropanoid_biosynthesis,
694,VIT_16s0039g01870,6,0.0029,Protein kinase,,,,
695,VIT_05s0020g03090,6,0.0029,Chloride channel protein (CLC-d),K05393_CLCD,,vv50124Porters_cat_30_to_64,
696,VIT_12s0057g00260,6,0.0029,External rotenone-insensitive NADPH dehydrogenase,K03885,,vv10190Oxidative_phosphorylation,vv50134Primary_active_transporter_cat_D1
697,VIT_14s0068g01770,6,0.0029,WRKY DNA-binding protein 75,WRKY75_2,VvWRKY43,vv60066WRKY,
698,VIT_17s0000g04850,6,0.0029,OBF binding protein 4,OBP4,,vv60015C2C2-DOF,
699,VIT_02s0012g01560,6,0.0029,No hit,,,,
700,VIT_00s2262g00010,6,0.0029,Low expression of osmotically responsive genes 1,LOS4,,vv50133Primary_active_transporter_cat_A9_to_A18,
701,VIT_01s0011g02480,6,0.0029,Phospholipid-transporting ATPase,K01530,,vv50131Primary_active_transporter_cat_A2_to_A4,
702,VIT_11s0016g05430,6,0.0029,Unknown protein,,,,
703,VIT_13s0073g00680,6,0.0029,Endonuclease/exonuclease/phosphatase family protein,E3_1_30_x,,,
704,VIT_15s0021g01630,4,0.0019,Ethylene responsive element binding factor 2,ERF2_1,,vv30008Ethylene_signaling,vv60003AP2_EREBP
705,VIT_05s0049g00500,4,0.0019,Ethylene-responsive transcription factor ERF098,ERF098_2,VvERF110,vv30008Ethylene_signaling,vv60003AP2_EREBP
706,VIT_19s0014g01330,4,0.0019,Peptide-N4-asparagine amidase A,E3_5_1_52,,,
707,VIT_19s0014g01850,4,0.0019,Zinc finger (C3HC4-type ring finger),ZFC3HC4_158,,vv60078Other_zf-C3HC4,
708,VIT_06s0004g01670,4,0.0019,UDP-glucoronosyl and UDP-glucosyl transferase,,,,
709,VIT_17s0000g06280,4,0.0019,Geranylgeranyl reductase,CHLP,,vv10100Biosynthesis_of_steroids,
710,VIT_18s0086g00590,4,0.0019,Auxin-binding protein ABP19,ABP19,,vv30003Auxin_signaling,
711,VIT_18s0001g12090,3,0.0015,Unknown protein,,,,
712,VIT_06s0004g01540,3,0.0015,Oxidoreductase,,,,
713,VIT_08s0007g02990,3,0.0015,Unknown,,,,
714,VIT_08s0007g05970,3,0.0015,Purple acid phosphatase 16 ATPAP16/PAP16,E3_1_3_2,,vv10740Riboflavin_metabolism,
715,VIT_06s0009g02570,3,0.0015,Pectinesterase family,E3_1_1_11,,vv40006Cell_wall,
716,VIT_07s0031g00330,3,0.0015,MAP3K protein kinase,,,,
717,VIT_09s0018g00400,3,0.0015,Unknown protein,,,,
718,VIT_05s0124g00450,3,0.0015,Unknown protein,,,,
719,VIT_18s0001g08810,3,0.0015,Unknown protein,,,,
720,VIT_03s0063g01310,3,0.0015,Oxidoreductase  2OG-Fe(II) oxygenase family,,,,
721,VIT_15s0048g00570,3,0.0015,No hit,,,,
722,VIT_10s0003g03090,3,0.0015,3-beta hydroxysteroid dehydrogenase,E1_1_1_145,,vv10140C21-Steroid_hormone_metabolism,
723,VIT_08s0007g04310,3,0.0015,Threonine dehydratase/deaminase,E4_3_1_19,,vv10260Glycine_serine_and_threonine_metabolism,vv10290Valine_leucine_and_isoleucine_biosynthesis
724,VIT_06s0004g05070,3,0.0015,Zinc transporter (ZIP2),ZIP2,,vv50121Porters_cat_1_to_6,
725,VIT_19s0090g00310,3,0.0015,AT hook motif-containing protein,,,,
726,VIT_14s0108g01300,3,0.0015,Division regulator MinE  Plastid,MINE1,,vv44110Cell_cycle,
727,VIT_12s0034g00640,3,0.0015,GH3-like protein,AUXINBIOSYNTHESIS_GH3,,vv11002Auxin_biosynthesis,
728,VIT_01s0150g00120,3,0.0015,Ethylene-responsive transcription factor ERF114,ERF114_2,VvERF112,vv30008Ethylene_signaling,vv60003AP2_EREBP
729,VIT_12s0055g00020,3,0.0015,UDP-glucose glucosyltransferase,E2_4_1_35,,vv10500Starch_and_sucrose_metabolism,
730,VIT_12s0028g00610,3,0.0015,Aspartyl protease,E3_4_23_x,,,
731,VIT_05s0062g00790,3,0.0015,NSL1 (necrotic spotted lesions 1),,,,
732,VIT_03s0063g01790,3,0.0015,Transducin protein,,,,
733,VIT_12s0034g01080,3,0.0015,3-isopropylmalate dehydrogenase 2  chloroplast precursor,E1_1_1_85,,vv10290Valine_leucine_and_isoleucine_biosynthesis,
734,VIT_05s0020g03380,3,0.0015,WNK1 (with no lysine (K) 1),WNK1,,vv34710Circadian_rhythm,
735,VIT_18s0001g00420,3,0.0015,Laccase,E1_10_3_2,,vv11000Single_reactions,vv50109Incompletely_characterized_transport_systems
736,VIT_18s0075g00950,3,0.0015,Laccase,E1_10_3_2,,vv11000Single_reactions,vv50109Incompletely_characterized_transport_systems
737,VIT_14s0068g00800,3,0.0015,Syntaxin 7,K08488,,vv24130SNARE_interactions_in_vesicular_transport,vv44145Phagosome
738,VIT_16s0039g01650,3,0.0015,Transporter-related,TRANSPORTERUNK,,vv50109Incompletely_characterized_transport_systems,
739,VIT_14s0066g02370,3,0.0014,Transcription factor E2Fe DEL1,DEL1_2,,vv44110Cell_cycle,vv60026E2F-DP
740,VIT_15s0046g00440,3,0.0014,Phosphatidylinositol 3- and 4-kinase / ubiquitin,,,,
741,VIT_16s0022g01490<br>VIT_00s2215g00010<br>VIT_16s0022g01520,3,0.0014,
742,VIT_02s0025g00420,3,0.0014,WRKY DNA-binding protein 27,WRKY27_2,VvWRKY04,vv60066WRKY,
743,VIT_18s0001g13100,3,0.0014,Glycosyl transferase family 1 protein,,,,
744,VIT_16s0050g01090,3,0.0014,Beta-carotene hydroxylase,K02294,,vv10906Carotenoid_biosynthesis,
745,VIT_13s0019g01700,3,0.0014,Scarecrow transcription factor 14 (SCL14),SCL14_1,,vv60032GRAS,
746,VIT_18s0075g00610,3,0.0014,Laccase,E1_10_3_2,,vv11000Single_reactions,vv50109Incompletely_characterized_transport_systems
747,VIT_08s0056g00110,3,0.0014,Emp24/gp25L/p24,EMP24,,vv50110Protein_coat,
748,VIT_03s0017g01550,3,0.0014,CRK10 (cysteine-rich RLK10),,,,
749,VIT_18s0001g01210,3,0.0014,Senescence-inducible chloroplast stay-green protein 2,,,,
750,VIT_11s0016g03710,3,0.0014,Abl interactor protein 1 (ABIL1),,,,
751,VIT_16s0100g00050,3,0.0014,Protein kinase,,,,
752,VIT_19s0085g00380,3,0.0014,Phosphoglycerate kinase,E2_7_2_3,,vv10010Glycolysis,vv10710Carbon_fixation
753,VIT_11s0052g00350,3,0.0014,Receptor kinase TRKe,,,,
754,VIT_04s0008g05970,3,0.0014,Unknown protein,,,,
755,VIT_07s0104g00390,3,0.0014,Unknown protein,,,,
756,VIT_15s0048g00620,3,0.0014,No hit,,,,
757,VIT_03s0038g02460,3,0.0014,CDP-diacylglycerol--inositol 3-phosphatidyltransferase 1,E2_7_8_11,,vv10564Glycerophospholipid_metabolism,vv34070Phosphatidylinositol_signaling_system
758,VIT_13s0019g02210,3,0.0014,Sterol 4-alpha-methyl-oxidase 1 (SMO1),E1_14_13_72,,vv10100Biosynthesis_of_steroids,
759,VIT_09s0054g00960,3,0.0014,No hit,,,,
760,VIT_12s0057g01100,3,0.0014,Nudix hydrolase 2,,,,
761,VIT_14s0030g00470,3,0.0014,Stress regulated protein isoform 3,,,,
762,VIT_11s0016g05460,3,0.0014,BRI1-KD interacting protein,BRI1INT,,vv30005Brassinosteroids_signaling,
763,VIT_07s0031g02720,3,0.0014,Myosin heavy chain,K10352,,vv44810Regulation_of_actin_cytoskeleton,
764,VIT_02s0025g02170,3,0.0014,Trehalase precursor,E2_4_1_15,,vv10500Starch_and_sucrose_metabolism,
765,VIT_18s0075g00670,3,0.0014,Laccase,E1_10_3_2,,vv11000Single_reactions,vv50109Incompletely_characterized_transport_systems
766,VIT_13s0067g03720,3,0.0014,SAC3/GANP,,,,
767,VIT_06s0004g08300,3,0.0014,Zinc finger (C3HC4-type ring finger),ZFC3HC4_56,,vv60078Other_zf-C3HC4,
768,VIT_14s0108g01160,3,0.0014,Latex abundant protein 1,,,,
769,VIT_10s0003g00120,3,0.0014,Leucine-rich repeat family protein,,,,
770,VIT_04s0008g01380,3,0.0014,Unknown protein,,,,
771,VIT_03s0017g00540,3,0.0014,Subtilase,,,,
772,VIT_05s0051g00440,3,0.0014,Transmembrane protein FT27/PFT27,PFT27,,vv50109Incompletely_characterized_transport_systems,
773,VIT_00s1352g00010,3,0.0014,Myb domain protein 84,MYB84_3,MYB148,vv60044MYB,
774,VIT_00s0508g00010,3,0.0014,No hit,,,,
775,VIT_11s0118g00230,3,0.0014,ATSYTE/NTMC2T2.1/NTMC2TYPE2.1/SYTE,NTMC2T2_1,,vv50109Incompletely_characterized_transport_systems,
