Vv_m2,2000,1000,VIT_16s0100g01190
rank,node,Fabs,Frel,Functional-annotation,Name-EC-KeggID,Updated-name,Network1,Network2
1,VIT_16s0100g01130,2058,1.0000,Stilbene synthase [Vitis vinifera],E2_3_1_95,,vv10940Phenylpropanoid_biosynthesis,
2,VIT_05s0094g00260<br>VIT_05s0094g00220,2062,1.0000,
3,VIT_01s0011g04780,2057,1.0000,Unknown protein,,,,
4,VIT_16s0100g01140,2082,1.0000,Stilbene synthase 2,E2_3_1_95,,vv10940Phenylpropanoid_biosynthesis,
5,VIT_16s0100g00770,2064,1.0000,Stilbene synthase,E2_3_1_95,,vv10940Phenylpropanoid_biosynthesis,
6,VIT_16s0100g01200<br>VIT_16s0100g01070,2059,1.0000,
7,VIT_16s0100g01110,2081,1.0000,Resveratrol synthase (RS1),E2_3_1_95,,vv10940Phenylpropanoid_biosynthesis,
8,VIT_07s0104g00220,2076,0.9981,Phenazine biosynthesis PhzC/PhzF,K06998,,vv10400Phenylalanine_tyrosine_and_tryptophan_biosynthesis,
9,VIT_16s0100g01040,2082,0.9966,Stilbene synthase - grape,E2_3_1_95,,vv10940Phenylpropanoid_biosynthesis,
10,VIT_06s0004g01670,2055,0.9956,UDP-glucoronosyl and UDP-glucosyl transferase,,,,
11,VIT_16s0100g00750,2046,0.9956,Stilbene synthase,E2_3_1_95,,vv10940Phenylpropanoid_biosynthesis,
12,VIT_15s0046g02170,2047,0.9932,3-methyl-2-oxobutanoate hydroxy-methyl-transferase,E2_1_2_11,,vv10770Pantothenate_and_CoA_biosynthesis,
13,VIT_12s0035g01000,2030,0.9927,Serine protease inhibitor  serine-type,,,,
14,VIT_00s0437g00070,2051,0.9884,Receptor kinase RK20-1,,,,
15,VIT_16s0100g01010<br>VIT_16s0100g00950<br>VIT_16s0100g01030<br>VIT_16s0100g00990,2048,0.9879,
16,VIT_16s0100g01000,2037,0.9831,Stilbene synthase 4,E2_3_1_95,,vv10940Phenylpropanoid_biosynthesis,
17,VIT_16s0100g01150,2023,0.9782,Stilbene synthase [Vitis vinifera],E2_3_1_95,,vv10940Phenylpropanoid_biosynthesis,
18,VIT_18s0001g10180,2019,0.9721,N-hydroxycinnamoyl/benzoyltransferase 3,,,,
19,VIT_15s0048g01350,2001,0.9718,Gibberellin receptor GID1L3,GID1C,,vv30010Gibberellin_signaling,
20,VIT_19s0093g00320,1999,0.9718,Glutathione S-transferase 25 GSTU25,E2_5_1_18_GSTU25,,vv10480Glutathione_metabolism,
21,VIT_07s0005g05780,2006,0.9696,Pantoate--beta-alanine ligase,E6_3_2_1,,vv10410Beta-alanine_metabolism,vv10770Pantothenate_and_CoA_biosynthesis
22,VIT_18s0001g03390,2005,0.9681,S-receptor kinase,,,,
23,VIT_00s0226g00100,1995,0.9642,Regulator of chromosome condensation (RCC1),RCC1,,vv50112Nuclear_pore_complex,
24,VIT_14s0068g01770,1979,0.9551,WRKY DNA-binding protein 75,WRKY75_2,VvWRKY43,vv60066WRKY,
25,VIT_00s0179g00280,1964,0.9529,Calmodulin-8 (CAM8),K02183,,vv34020Calcium_signaling_pathway,vv34626Plant-pathogen_interaction
26,VIT_18s0001g04870,1967,0.9502,(-)-germacrene D synthase,E4_2_3_22,,vv10900Terpenoid_biosynthesis,
27,VIT_17s0000g00640,1957,0.9495,No hit,,,,
28,VIT_04s0008g05350,1968,0.9475,Serine hydrolase [Vitis vinifera],E4_3_1_18,,vv10260Glycine_serine_and_threonine_metabolism,
29,VIT_09s0002g02320,1954,0.9472,Cell wall apoplastic invertase,E3_2_1_26,,vv10052Galactose_metabolism,vv10500Starch_and_sucrose_metabolism
30,VIT_10s0042g00700,1952,0.9471,Leucine-rich repeat receptor-like protein kinase 1,,,,
31,VIT_01s0011g05420,1946,0.9419,Fw2.2 ORFX,,,,
32,VIT_12s0059g01720,1931,0.9347,No hit,,,,
33,VIT_10s0071g00230,1937,0.9326,HcrVf1 protein,,,,
34,VIT_13s0019g04440,1929,0.9310,Zinc finger (C3HC4-type ring finger),ZFC3HC4_163,,vv60078Other_zf-C3HC4,
35,VIT_18s0001g04280,1930,0.9274,(-)-germacrene D synthase,E4_2_3_22,,vv10900Terpenoid_biosynthesis,
36,VIT_18s0001g00840,1916,0.9274,Syringolide-induced protein 14-1-1,,,,
37,VIT_03s0063g01210,1919,0.9239,Nodulin 1A  senescence-associated,,,,
38,VIT_11s0078g00290,1903,0.9238,Cinnamate 4-hydroxylase,E1_14_13_11,,vv10360Phenylalanine_metabolism,vv10940Phenylpropanoid_biosynthesis
39,VIT_16s0039g01110,1907,0.9235,Phenylalanin ammonia-lyase [Vitis vinifera],E4_3_1_5,,vv10350Tyrosine_metabolism,vv10360Phenylalanine_metabolism
40,VIT_09s0054g00580<br>VIT_09s0054g00570,1903,0.9198,
41,VIT_09s0002g03700,1901,0.9170,No hit,,,,
42,VIT_10s0003g00480,1891,0.9153,Isoflavone methyltransferase/ Orcinol O-methyltransferase 1 oomt1,E2_1_1_46,,vv10943Isoflavonoid_biosynthesis,
43,VIT_18s0117g00590,1877,0.9094,Laccase,E1_10_3_2,,vv11000Single_reactions,vv50109Incompletely_characterized_transport_systems
44,VIT_10s0003g04080,1868,0.9064,Unknown,,,,
45,VIT_05s0077g01530,1868,0.9059,Pathogenesis protein 10 [Vitis vinifera],,,,
46,VIT_06s0004g07250,1885,0.9054,UDP-glucoronosyl and UDP-glucosyl transferase,,,,
47,VIT_10s0116g00960,1877,0.9033,Transcription factor jumonji (jmjC) domain-containing protein,JMJD1B_5,,vv60038Jumonji,
48,VIT_05s0077g01690,1860,0.9025,Pathogenesis protein 10 [Vitis vinifera],,,,
49,VIT_17s0000g03150,1863,0.9000,No hit,,,,
50,VIT_10s0003g04910,1845,0.8956,Sinapyl alcohol dehydrogenase,E1_1_1_195,,vv10940Phenylpropanoid_biosynthesis,
51,VIT_18s0041g02010<br>VIT_18s0041g02050,1843,0.8942,
52,VIT_07s0005g02660,1840,0.8932,ABC transporter B member 13,ABCB13,,vv52010ABC_transporters,
53,VIT_06s0004g02590,1826,0.8745,Carbonic anhydrase,E4_2_1_1,,vv10910Nitrogen_metabolism,vv50124Porters_cat_30_to_64
54,VIT_09s0002g08460,1799,0.8725,8-amino-7-oxononanoate synthase,E2_3_1_47,,vv10780Biotin_metabolism,
55,VIT_09s0002g04720,1799,0.8674,Coatomer protein complex  subunit beta 2,COPB2,,vv50110Protein_coat,
56,VIT_07s0104g00850,1790,0.8639,Pto kinase interactor,,,,
57,VIT_05s0094g00160,1779,0.8598,No hit,,,,
58,VIT_16s0100g00830<br>VIT_16s0100g01120<br>VIT_16s0100g00780<br>VIT_16s0100g00910,1768,0.8591,
59,VIT_06s0004g01010,1774,0.8566,Dirigent protein pDIR9,,,,
60,VIT_18s0117g00300,1778,0.8565,Coatomer protein complex  subunit beta 2,COPB2,,vv50110Protein_coat,
61,VIT_16s0100g00900,1762,0.8541,Stilbene synthase [Vitis pseudoreticulata],E2_3_1_95,,vv10940Phenylpropanoid_biosynthesis,
62,VIT_11s0016g02070,1724,0.8393,Basic helix-loop-helix (bHLH) family,BHLHDOM_63,,vv60011BHLH,
63,VIT_18s0001g10200<br>VIT_18s0001g10230,1726,0.8383,
64,VIT_05s0020g03290,1723,0.8336,S-receptor kinase,,,,
65,VIT_07s0129g01010,1713,0.8291,Unknown,,,,
66,VIT_14s0068g01250,1696,0.8261,Mitochondrial phosphate transporter,MPHOSPTR,,vv50123Porters_cat_18_to_29,
67,VIT_09s0002g05610,1696,0.8257,Unknown,,,,
68,VIT_10s0042g00850,1703,0.8227,Stilbene synthase [Vitis pseudoreticulata],E2_3_1_95,,vv10940Phenylpropanoid_biosynthesis,
69,VIT_03s0063g02650,1699,0.8224,Hydrolase  alpha/beta fold,,,,
70,VIT_02s0025g02770,1688,0.8210,Glucan endo-1 3-beta-glucosidase 7 precursor,E3_2_1_39,,vv10500Starch_and_sucrose_metabolism,
71,VIT_01s0127g00490,1694,0.8188,Pantothenate kinase 2,E2_7_1_33,,vv10770Pantothenate_and_CoA_biosynthesis,
72,VIT_05s0049g00490,1692,0.8170,Ethylene response factor ERF14,ERF14_2,VvERF109,vv30008Ethylene_signaling,vv60003AP2_EREBP
73,VIT_16s0100g01060,1679,0.8139,Stilbene synthase,E2_3_1_95,,vv10940Phenylpropanoid_biosynthesis,
74,VIT_17s0000g05810,1666,0.8127,WRKY DNA-binding protein 72,WRKY72_2,VvWRKY53,vv60066WRKY,
75,VIT_14s0030g01980,1675,0.8115,Auxin-induced protein PCNT115,AUXREG,,vv30003Auxin_signaling,
76,VIT_12s0059g02590,1688,0.8104,Receptor protein kinase RK20-1,,,,
77,VIT_11s0065g00350,1685,0.8082,Trans-cinnamate 4-monooxygenase,E1_14_13_11,,vv10360Phenylalanine_metabolism,vv10940Phenylpropanoid_biosynthesis
78,VIT_06s0009g02560,1668,0.8066,Pectinesterase family,E3_1_1_11,,vv40006Cell_wall,
79,VIT_12s0059g02620,1663,0.8057,Receptor protein kinase RK20-1,,,,
80,VIT_17s0000g03560,1648,0.7958,(myb domain protein 62,MYB62_1,MYB164,vv60044MYB,
81,VIT_08s0007g05350,1638,0.7928,Haloacid dehalogenase hydrolase,E3_1_3_18,,vv10630Glyoxylate_and_dicarboxylate_metabolism,
82,VIT_01s0010g02010,1631,0.7883,Anionic peroxidase,E1_11_1_7,,vv10360Phenylalanine_metabolism,vv10680Methane_metabolism
83,VIT_18s0117g00550,1627,0.7875,Laccase,E1_10_3_2,,vv11000Single_reactions,vv50109Incompletely_characterized_transport_systems
84,VIT_08s0007g04020,1631,0.7860,AT-hook protein 1 (AHP1),HMGIY_1,,vv60035HMG,
85,VIT_06s0009g02590,1622,0.7855,Pectinesterase family,E3_1_1_11,,vv40006Cell_wall,
86,VIT_06s0004g01020,1623,0.7852,Dirigent protein,,,,
87,VIT_15s0048g00510,1597,0.7722,Pectinesterase family,E3_1_1_11,,vv40006Cell_wall,
88,VIT_02s0033g00270,1578,0.7653,Pinoresinol-lariciresinol reductase,PLR,,vv10940Phenylpropanoid_biosynthesis,
89,VIT_14s0060g00110,1570,0.7618,Glutamyl-tRNA synthetase  cytoplasmic,E6_1_1_17,,vv10860Porphyrin_and_chlorophyll_metabolism,vv20970Aminoacyl-tRNA_biosynthesis
90,VIT_18s0001g05060,1579,0.7606,2 3-bisphosphoglycerate-dependent phosphoglycerate mutase,E5_4_2_1,,vv10010Glycolysis,
91,VIT_16s0100g01100,1566,0.7591,Stilbene synthase,E2_3_1_95,,vv10940Phenylpropanoid_biosynthesis,
92,VIT_19s0014g00830,1563,0.7587,RKF1 (receptor-like kinase in flowers 1),,,,
93,VIT_09s0002g00510,1571,0.7564,Lipase GDSL 1,,,,
94,VIT_07s0005g02560,1554,0.7533,Chitinase Class I,E3_2_1_14,,vv10530Aminosugars_metabolism,
95,VIT_16s0050g00430,1544,0.7495,Photoassimilate-responsive protein PAR-1a,,,,
96,VIT_07s0141g00890,1543,0.7483,CYP94A1,,,,
97,VIT_08s0007g00850,1554,0.7482,EFR (EF-TU receptor),K13428,,vv34626Plant-pathogen_interaction,
98,VIT_11s0016g00570,1544,0.7437,Dimethylaniline monooxygenase (N-oxide forming) 2,E1_14_13_8,,vv11000Single_reactions,
99,VIT_16s0100g01160,1534,0.7425,Stilbene synthase [Vitis vinifera],E2_3_1_95,,vv10940Phenylpropanoid_biosynthesis,
100,VIT_17s0000g04370,1531,0.7407,Wall-associated kinase,,,,
101,VIT_11s0016g03080,1532,0.7383,Clavata1 receptor kinase (CLV1),,,,
102,VIT_15s0021g02060,1503,0.7271,Arbutin synthase,E2_4_1_218,,vv10500Starch_and_sucrose_metabolism,
103,VIT_16s0100g00860<br>VIT_16s0100g00940<br>VIT_16s0100g00800<br>VIT_16s0100g00920<br>VIT_16s0100g00930<br>VIT_16s0100g00810<br>VIT_16s0100g00840<br>VIT_16s0100g00850,1510,0.7232,
104,VIT_06s0004g01030,1494,0.7231,Dirigent protein,,,,
105,VIT_03s0063g01820,1493,0.7227,AOS (allene oxide synthase),E4_2_1_92,,vv10592alpha-Linolenic_acid_metabolism,
106,VIT_13s0067g00460,1485,0.7177,Cinnamyl alcohol dehydrogenase,E1_1_1_195,,vv10940Phenylpropanoid_biosynthesis,
107,VIT_05s0102g00200,1478,0.7164,Unknown protein,,,,
108,VIT_07s0005g00720,1477,0.7149,Pectinesterase family,E3_1_1_11,,vv40006Cell_wall,
109,VIT_15s0021g02470,1462,0.7121,Epoxide hydrolase-like protein,E3_3_2_10,,,
110,VIT_14s0068g02240,1485,0.7112,HcrVf1 protein,K13466,,vv34626Plant-pathogen_interaction,
111,VIT_14s0083g00900,1426,0.6902,Aspartate aminotransferase,E2_6_1_1,vv10710Carbon_fixation,vv10252Alanine_and_aspartate_metabolism,vv10272Cysteine_metabolism
112,VIT_08s0105g00200,1419,0.6848,U-box domain-containing protein,,,,
113,VIT_18s0001g00420,1419,0.6835,Laccase,E1_10_3_2,,vv11000Single_reactions,vv50109Incompletely_characterized_transport_systems
114,VIT_15s0046g03290,1427,0.6828,Unknown protein,,,,
115,VIT_18s0117g00290,1402,0.6766,Coatomer protein complex  subunit beta 2,COPB2,,vv50110Protein_coat,
116,VIT_07s0151g00260,1401,0.6762,Quinone-oxidoreductase  Chloroplast,K03956,,vv10190Oxidative_phosphorylation,vv50134Primary_active_transporter_cat_D1
117,VIT_05s0077g01600,1397,0.6729,Pathogenesis protein 10 [Vitis vinifera],,,,
118,VIT_16s0039g01240<br>VIT_16s0039g01360<br>VIT_16s0039g01130<br>VITisv_009233<br>VIT_16s0039g01100<br>VIT_00s2508g00010<br>VITisv_032212<br>VIT_16s0039g01120<br>VIT_16s0039g01320<br>VIT_00s2849g00010<br>VIT_16s0039g01300<br>VIT_16s0039g01170<br>VIT_16s0039g01280,1387,0.6726,
119,VIT_05s0094g00170,1375,0.6681,Protein transport protein Sec61 subunit beta,K09481,,vv23060Protein_export,vv24141Protein_processing_in_endoplasmic_reticulum
120,VIT_00s0194g00120,1368,0.6638,Serine acetyltransferase,E2_3_1_30,,vv10272Cysteine_metabolism,vv10920Sulfur_metabolism
121,VIT_00s0409g00050,1356,0.6602,Receptor-like serine-threonine protein kinase,,,,
122,VIT_15s0021g01260,1367,0.6594,Unknown,,,,
123,VIT_05s0077g01680,1368,0.6580,Mal d 1 allergen,,,,
124,VIT_09s0002g00340,1366,0.6580,Alanine aminotransferase 2,E2_6_1_21,,vv10330Arginine_and_proline_metabolism,vv10360Phenylalanine_metabolism
125,VIT_02s0154g00160,1371,0.6579,flavin-containing monooxygenase family protein / FMO family protein,E1_14_13_8,,vv11000Single_reactions,
126,VIT_10s0042g00910,1353,0.6558,Stilbene synthase [Vitis pseudoreticulata],E2_3_1_95,,vv10940Phenylpropanoid_biosynthesis,
127,VIT_17s0000g04380,1352,0.6557,Wall-associated kinase 1 (WAK1),,,,
128,VIT_17s0000g00680,1362,0.6539,No hit,,,,
129,VIT_09s0002g05570,1356,0.6535,ABC transporter g family pleiotropic drug resistance 12 PDR12,ABCGPDR12,,vv52010ABC_transporters,
130,VIT_14s0083g00920,1333,0.6449,No hit,,,,
131,VIT_10s0042g00930<br>VIT_10s0042g00890<br>VIT_10s0042g00870<br>VIT_10s0042g00860<br>VIT_10s0042g00920,1334,0.6444,
132,VIT_01s0010g02000,1323,0.6425,Peroxidase,E1_11_1_7,,vv10360Phenylalanine_metabolism,vv10680Methane_metabolism
133,VIT_13s0019g05360,1329,0.6371,KH domain-containing protein NOVA,,,,
134,VIT_13s0074g00570,1307,0.6335,Gamma-aminobutyric acid transporter,GAT1,,vv50123Porters_cat_18_to_29,
135,VIT_18s0041g02020,1306,0.6300,12-oxophytodienoate reductase 2,E1_3_1_42,,vv10592alpha-Linolenic_acid_metabolism,
136,VIT_08s0040g00920,1302,0.6299,Glutathione S-transferase 25 GSTU7,E2_5_1_18_GSTU7,,vv10480Glutathione_metabolism,
137,VIT_12s0059g01120,1303,0.6261,CAF protein,,,,
138,VIT_00s0265g00110,1292,0.6239,Lectin-receptor like protein kinase 3,,,,
139,VIT_15s0048g00350,1278,0.6216,3-phosphoshikimate 1-carboxyvinyltransferase  chloroplast precursor,E2_5_1_19,,vv10400Phenylalanine_tyrosine_and_tryptophan_biosynthesis,
140,VIT_18s0001g02760,1280,0.6196,Lipase GDSL,,,,
141,VIT_14s0066g01670,1241,0.6004,Alpha-dioxygenase,K10529,,vv10592alpha-Linolenic_acid_metabolism,
142,VIT_19s0014g03640,1239,0.6000,Myosin VII,K10359,,vv44810Regulation_of_actin_cytoskeleton,
143,VIT_18s0122g01150,1243,0.5999,Diphenol oxidase,E1_10_3_1,,vv10350Tyrosine_metabolism,vv50109Incompletely_characterized_transport_systems
144,VIT_14s0081g00050,1243,0.5996,PATHOgenesIS-related 4,,,,
145,VIT_00s2634g00010<br>VIT_00s0429g00010,1236,0.5988,
146,VIT_03s0017g02120,1233,0.5951,UDP-glucose flavonoid 3-O-glucosyltransferase 2,E2_4_1_91,,vv10941Flavonoid_biosynthesis,
147,VIT_07s0005g03220,1229,0.5946,Ethylene-responsive transcription factor ERF098,ERF098_1,VvERF098,vv30008Ethylene_signaling,vv60003AP2_EREBP
148,VIT_00s0421g00020,1227,0.5942,Hcr2-5B,,,,
149,VIT_04s0044g00270,1225,0.5938,Monooxygenase (MO3),,,,
150,VIT_18s0001g04410,1224,0.5907,No hit,,,,
151,VIT_06s0009g00760,1220,0.5849,HcrVf1 protein,,,,
152,VIT_11s0016g01470,1210,0.5829,Lecithine cholesterol acyltransferase,E2_3_1_43,,vv10564Glycerophospholipid_metabolism,
153,VIT_04s0079g00020,1197,0.5828,Cysteine-rich receptor-like protein kinase 2,,,,
154,VIT_05s0077g01570,1198,0.5793,Pathogenesis protein 10 [Vitis vinifera],,,,
155,VIT_16s0100g00880,1189,0.5758,Stilbene synthase [Vitis pseudoreticulata],E2_3_1_95,,vv10940Phenylpropanoid_biosynthesis,
156,VIT_10s0003g02280,1185,0.5730,SRG1 (senescence-related gene 1) oxidoreductase,,,,
157,VIT_17s0000g00650,1181,0.5664,No hit,,,,
158,VIT_08s0007g03890,1171,0.5660,Brix domain-containing protein,,,,
159,VIT_13s0019g03170,1167,0.5657,Heat shock protein 16.9 kDa class I,K13993,,vv24141Protein_processing_in_endoplasmic_reticulum,
160,VIT_09s0002g01320,1168,0.5637,Germin-like protein,,,,
161,VIT_19s0027g00860,1162,0.5608,NAC domain-containing protein 42,NAC042_2,VvNAC31,vv60046NAC,
162,VIT_08s0040g03100,1161,0.5606,Glutathione S-transferase GSTO1,E2_5_1_18_GSTO1,,vv10480Glutathione_metabolism,
163,VIT_18s0001g00920<br>VIT_18s0075g00590<br>VIT_18s0001g00850<br>VIT_18s0075g00780<br>VIT_18s0001g00790<br>VIT_18s0001g00730<br>VIT_18s0001g00310<br>VIT_18s0075g00620<br>VIT_18s0075g00540<br>VIT_18s0075g00600<br>VIT_18s0075g00580<br>VIT_00s0481g00020<br>VIT_18s0001g00930,1123,0.5457,
164,VIT_06s0004g01000,1126,0.5432,Dirigent protein,,,,
165,VIT_11s0037g00620,1122,0.5431,Receptor kinase TRKe,,,,
166,VIT_03s0063g01280<br>VIT_03s0063g01160,1131,0.5430,
167,VIT_17s0000g08100,1106,0.5351,UDP-glucoronosyl and UDP-glucosyl transferase,,,,
168,VIT_11s0016g01860,1089,0.5281,RPS2 (resistant to p. syringae 2),K13459,,vv34626Plant-pathogen_interaction,
169,VIT_07s0005g03340,1085,0.5275,Myb domain protein 14,MYB14_2,MYB14,vv60044MYB,
170,VIT_05s0102g00610,1089,0.5238,No hit,,,,
171,VIT_14s0108g00930,1082,0.5217,Unknown protein,,,,
172,VIT_00s0262g00090,1080,0.5212,Receptor kinase RK20-1,,,,
173,VIT_09s0002g02970,1078,0.5210,Unknown,,,,
174,VIT_10s0116g01850,1069,0.5197,Unknown protein,,,,
175,VIT_18s0001g05230,1077,0.5185,Valencene synthase,CSTPS1,,vv10900Terpenoid_biosynthesis,
176,VIT_05s0094g01230,1066,0.5175,Allyl alcohol dehydrogenase,,,,
177,VIT_15s0021g01630,1052,0.5107,Ethylene responsive element binding factor 2,ERF2_1,,vv30008Ethylene_signaling,vv60003AP2_EREBP
178,VIT_05s0020g03680,1051,0.5095,GCN5 N-acetyltransferase (GNAT),GCN5_7,,vv60082GNAT,
179,VIT_16s0050g02570,1057,0.5087,Protein phosphatase 2C,E3_1_3_16,,,
180,VIT_05s0077g01550,1045,0.5080,Pathogenesis protein 10.3 [Vitis quinquangularis],,,,
181,VIT_16s0100g00760,1040,0.5036,Stilbene synthase 2 [Vitis sp. cv. 'Norton'],E2_3_1_95,,vv10940Phenylpropanoid_biosynthesis,
182,VIT_06s0009g02600<br>VIT_06s0009g02630,1030,0.4983,
183,VIT_08s0007g08750,1026,0.4957,Heat shock transcription factor B3,HSFB3,,vv60037HSF,
184,VIT_14s0060g02750<br>VIT_14s0128g00970<br>VIT_14s0128g00990<br>VIT_14s0128g00980<br>VIT_14s0128g01010<br>VIT_14s0128g01030<br>VIT_14s0128g01020<br>VIT_14s0128g01040,1024,0.4954,
185,VIT_16s0100g00960,1028,0.4952,Stilbene synthase [Vitis pseudoreticulata],E2_3_1_95,,vv10940Phenylpropanoid_biosynthesis,
186,VIT_01s0011g06150,1016,0.4934,Receptor protein kinase,,,,
187,VIT_07s0031g02310,1007,0.4858,Leucine-rich repeat-containing protein 40,,,,
188,VIT_06s0004g05700,1005,0.4839,Glutathione S-transferase 8 GSTU8,E2_5_1_18_GSTU8,,vv10480Glutathione_metabolism,
189,VIT_13s0019g01490,987,0.4768,C2 domain-containing protein,,,,
190,VIT_04s0008g05540,985,0.4761,Clathrin assembly protein 2,CAP2,,vv50110Protein_coat,
191,VIT_07s0031g03060,984,0.4756,NSL1 (necrotic spotted lesions 1),,,,
192,VIT_02s0025g04870,979,0.4732,No hit,,,,
193,VIT_12s0028g00590,981,0.4716,3-hydroxyisobutyryl-CoA hydrolase,E3_1_2_4,,vv10280Valine_leucine_and_isoleucine_degradation,vv10410Beta-alanine_metabolism
194,VIT_18s0001g10240,981,0.4716,N-hydroxycinnamoyl/benzoyltransferase 6,,,,
195,VIT_12s0028g03260,971,0.4702,Rooty/superroot1,K11819,,vv10966Glucosinolate_biosynthesis,
196,VIT_09s0002g06440,973,0.4700,CYP81B2v2,,,,
197,VIT_09s0054g01080,967,0.4676,Polygalacturonase QRT3,E3_2_1_15,,vv40006Cell_wall,
198,VIT_01s0010g02450,960,0.4656,B12D,,,,
199,VIT_18s0001g04860,961,0.4643,Aspartate transaminase.,E2_6_1_1,vv10710Carbon_fixation,vv10252Alanine_and_aspartate_metabolism,vv10272Cysteine_metabolism
200,VIT_00s0410g00040,962,0.4621,Anthranilate N-benzoyltransferase protein 1,E2_3_1_144,,vv10400Phenylalanine_tyrosine_and_tryptophan_biosynthesis,
201,VIT_16s0039g01070,955,0.4620,Glutathione S-transferase 25 GSTU7,E2_5_1_18_GSTU7,,vv10480Glutathione_metabolism,
202,VIT_04s0023g01990,951,0.4592,Nucleotidyltransferase,E2_7_7_x,,,
203,VIT_15s0048g01080,944,0.4587,Unknown,,,,
204,VIT_01s0010g02020,943,0.4564,Peroxidase (EC 1.11.1.7)  anionic,E1_11_1_7,,vv10360Phenylalanine_metabolism,vv10680Methane_metabolism
205,VIT_12s0028g00860,939,0.4558,NAC domain-containing protein 42,NAC042_5,VvNAC36,vv60046NAC,
206,VIT_02s0025g02850,942,0.4557,Subtilisin protease,SBT3_3,,vv50101Channels_and_pores,
207,VIT_06s0004g05070,944,0.4549,Zinc transporter (ZIP2),ZIP2,,vv50121Porters_cat_1_to_6,
208,VIT_17s0000g04360,937,0.4544,Wall-associated kinase 2 (WAK2),,,,
209,VIT_09s0002g05390,937,0.4542,ABC transporter g family pleiotropic drug resistance 12 PDR12,ABCGPDR12,,vv52010ABC_transporters,
210,VIT_03s0091g00160,939,0.4532,NtPRp27 secretory protein,,,,
211,VIT_00s0437g00060,941,0.4524,Receptor kinase RK20-1,,,,
212,VIT_02s0025g01560,931,0.4493,UDP-glucose 4-epimerase GEPI48,E5_1_3_2,,vv10052Galactose_metabolism,vv10520Nucleotide_sugars_metabolism
213,VIT_09s0002g05560,932,0.4489,ABC transporter g family pleiotropic drug resistance 12 PDR12,ABCGPDR12,,vv52010ABC_transporters,
214,VIT_18s0001g05780,927,0.4470,Leucine-rich repeat family protein,,,,
215,VIT_18s0001g05410,920,0.4436,No hit,,,,
216,VIT_16s0050g00400,917,0.4428,Photoassimilate-responsive protein PAR-1a,,,,
217,VIT_01s0026g01140,919,0.4420,ZCW32 (BIGPETAL  BIGPETALUB),ZCW32_2,,vv60011BHLH,
218,VIT_06s0004g02030,911,0.4407,Xanthine dehydrogenase/oxidase,E1_17_1_4,,vv10230Purine_metabolism,vv44146Peroxisome
219,VIT_17s0000g06220,909,0.4402,Exostosin,K02366,,vv11030Glycan_structures-biosynthesis1,
220,VIT_03s0038g03400,897,0.4352,Endochitinase 1  basic,E3_2_1_14,,vv10530Aminosugars_metabolism,
221,VIT_10s0042g00840,882,0.4290,Stilbene synthase [Vitis pseudoreticulata],E2_3_1_95,,vv10940Phenylpropanoid_biosynthesis,
222,VIT_04s0043g00250,885,0.4249,Nonsense-mediated mRNA decay NMD3,K07562,,vv23008Ribosome_biogenesis_in_Eukaryotes,vv23013RNA_transport
223,VIT_15s0046g01440,865,0.4189,BZip transcription factor G- box  binding factor 3,GBF3_1,VvbZIP40,vv60012BZIP,
224,VIT_18s0122g00690,866,0.4167,Laccase,E1_10_3_2,,vv11000Single_reactions,vv50109Incompletely_characterized_transport_systems
225,VIT_10s0003g01160,853,0.4153,Basic helix-loop-helix (bHLH) family,BHLHDOM_23,,vv60011BHLH,
226,VIT_10s0003g01920,849,0.4090,RKF1 (receptor-like kinase in flowers 1),,,,
227,VIT_09s0002g03640,835,0.4026,ABC transporter g family pleiotropic drug resistance 7 PDR7,ABCGPDR7,,vv52010ABC_transporters,
228,VIT_01s0010g01970<br>VIT_01s0010g01980,836,0.4025,
229,VIT_17s0000g10260,830,0.4008,AarF domain containing kinase,K08869,,,
230,VIT_11s0016g02830,827,0.3997,Gamma-glutamyltranspeptidase,E2_3_2_2,,vv10272Cysteine_metabolism,vv10450Selenoamino_acid_metabolism
231,VIT_14s0108g00540,817,0.3964,Phosphofructokinase,E2_7_1_90,,vv10051Fructose_and_mannose_metabolism,
232,VIT_05s0094g00200,816,0.3953,Chitinase class IV,E3_2_1_14,,vv10530Aminosugars_metabolism,
233,VIT_17s0000g05360,814,0.3930,Germin,,,,
234,VIT_19s0014g04080,810,0.3917,Serine/threonine-protein kinase receptor ARK3,,,,
235,VIT_11s0016g03320,810,0.3915,Oligosaccharyl transferase STT3 subunit,K07151,,vv10510N-Glycan_biosynthesis,vv24141Protein_processing_in_endoplasmic_reticulum
236,VIT_08s0056g00300,810,0.3913,Unknown,,,,
237,VIT_01s0010g01130,778,0.3751,6-phosphogluconate dehydrogenase,E1_1_1_44,,vv10030Pentose_phosphate,
238,VIT_03s0088g00690,776,0.3751,Pathogenesis-related protein 1 precursor (PRP 1),PRP1,,vv30011Jasmonate_signaling,vv34626Plant-pathogen_interaction
239,VIT_19s0014g04240,775,0.3740,S-locus protein kinase,,,,
240,VIT_01s0010g01950,765,0.3723,Anionic peroxidase,E1_11_1_7,,vv10360Phenylalanine_metabolism,vv10680Methane_metabolism
241,VIT_12s0059g01380,764,0.3689,1-aminocyclopropane-1-carboxylate oxidase 1,E1_14_17_4,,vv10640Propanoate_metabolism,vv30008Ethylene_signaling
242,VIT_06s0004g00610,755,0.3656,Accelerated cell death 1 ACD1,ACD1,,vv50133Primary_active_transporter_cat_A9_to_A18,
243,VIT_09s0002g06450,752,0.3645,CYP81B2v1,,,,
244,VIT_07s0104g00180,748,0.3631,Nectarin IV NEC4,,,,
245,VIT_16s0050g00410,742,0.3611,Photoassimilate-responsive protein PAR-1a,,,,
246,VIT_17s0000g07780,743,0.3595,Calmodulin-binding protein,K02183,,vv34020Calcium_signaling_pathway,vv34626Plant-pathogen_interaction
247,VIT_04s0008g02070,733,0.3551,Avr9/Cf-9 induced kinase 1,,,,
248,VIT_00s0262g00080,721,0.3497,Receptor kinase RK20-1,,,,
249,VIT_08s0040g03040,724,0.3476,Glutathione S-transferase GSTO1,E2_5_1_18_GSTO1,,vv10480Glutathione_metabolism,
250,VIT_15s0045g01200,715,0.3468,Avr9/Cf-9 rapidly elicited protein,,,,
251,VIT_01s0011g01110,716,0.3464,Molybdenum cofactor sulfurase,,,,
252,VIT_19s0093g00390,719,0.3452,Glutathione S-transferase 25 GSTU25,E2_5_1_18_GSTU25,,vv10480Glutathione_metabolism,
253,VIT_18s0075g00830,710,0.3423,Laccase,E1_10_3_2,,vv11000Single_reactions,vv50109Incompletely_characterized_transport_systems
254,VIT_01s0010g03600,707,0.3411,Rubber elongation factor (REF),,,,
255,VIT_18s0001g00650,698,0.3388,No hit,,,,
256,VIT_12s0055g01240,696,0.3385,P-glycoprotein 11,PGP11,,vv52010ABC_transporters,
257,VIT_18s0001g15660,699,0.3385,Pathogen-related,,,,
258,VIT_10s0042g00880,697,0.3366,Stilbene synthase [Vitis pseudoreticulata],E2_3_1_95,,vv10940Phenylpropanoid_biosynthesis,
259,VIT_04s0008g06620,694,0.3364,Phospholipase D,E3_1_4_4,,vv10564Glycerophospholipid_metabolism,vv10565Ether_lipid_metabolism
260,VIT_11s0037g01300,696,0.3364,No hit,,,,
261,VIT_18s0117g00450<br>VIT_18s0117g00480,691,0.3353,
262,VIT_16s0013g01590,691,0.3348,No hit,,,,
263,VIT_06s0004g07240,690,0.3337,UDP-glucoronosyl and UDP-glucosyl transferase,,,,
264,VIT_05s0020g03280,686,0.3328,Copper amine oxidase,E1_4_3_4,,vv10220Urea_cycle_and_metabolism_of_amino_groups,vv10340Histidine_metabolism
265,VIT_17s0000g04230,683,0.3324,Translation initiation factor eIF-2B delta subunit,K03680,,vv23013RNA_transport,
266,VIT_09s0002g05530,687,0.3317,ABC transporter g family pleiotropic drug resistance 12 PDR12,ABCGPDR12,,vv52010ABC_transporters,
267,VIT_03s0017g01240,681,0.3291,2-nitropropane dioxygenase,E1_13_11_32,,vv10910Nitrogen_metabolism,
268,VIT_13s0019g04190,674,0.3266,Chorismate synthase 1  chloroplast precursor,E4_2_3_5,,vv10400Phenylalanine_tyrosine_and_tryptophan_biosynthesis,
269,VIT_09s0002g02950,666,0.3224,No hit,,,,
270,VIT_18s0117g00280,670,0.3220,Coatomer protein complex  subunit beta 2,COPB2,,vv50110Protein_coat,
271,VIT_15s0048g01390,660,0.3202,Gibberellin receptor GID1L3,GID1C,,vv30010Gibberellin_signaling,
272,VIT_12s0059g02600,657,0.3199,Receptor protein kinase RK20-1,,,,
273,VIT_00s0187g00260,655,0.3183,Alcohol O-fatty-acyltransferase long-chain-,E2_3_1_75,,vv11000Single_reactions,
274,VIT_10s0003g04180,660,0.3182,Early-responsive to dehydration stress protein (ERD4),,,,
275,VIT_06s0009g02570,653,0.3173,Pectinesterase family,E3_1_1_11,,vv40006Cell_wall,
276,VIT_13s0019g02410,650,0.3152,Serine/threonine protein phosphatase PP1,K06269,,vv10500Starch_and_sucrose_metabolism,
277,VIT_12s0028g00610,647,0.3144,Aspartyl protease,E3_4_23_x,,,
278,VIT_17s0000g01700,645,0.3137,Leucine-rich repeat transmembrane protein kinase,,,,
279,VIT_19s0014g04280,644,0.3110,S-locus protein kinase,,,,
280,VIT_08s0007g04310,639,0.3090,Threonine dehydratase/deaminase,E4_3_1_19,,vv10260Glycine_serine_and_threonine_metabolism,vv10290Valine_leucine_and_isoleucine_biosynthesis
281,VIT_18s0001g08970,636,0.3065,No hit,,,,
282,VIT_01s0146g00320,632,0.3059,No hit,,,,
283,VIT_19s0090g00060,626,0.3043,Biopterin transport-related protein BT1,BIOPTERIN,,vv50125Porters_cat_66_to_94,
284,VIT_14s0128g00390,623,0.3010,Mitochondrial FAD carrier,MFADC,,vv50123Porters_cat_18_to_29,
285,VIT_12s0028g02970,617,0.2963,MLO1,K08472,,,
286,VIT_11s0016g03190,603,0.2903,Unknown,,,,
287,VIT_12s0028g02530,594,0.2877,Zinc finger (C3HC4-type ring finger),ZFC3HC4_36,,vv60078Other_zf-C3HC4,
288,VIT_16s0039g01870,594,0.2877,Protein kinase,,,,
289,VIT_10s0003g00550,596,0.2875,RAB GTPase RABA1F,YPT32,,vv50110Protein_coat,
290,VIT_12s0059g01080,590,0.2874,Acid phosphatase/vanadium-dependent haloperoxidase,,,,
291,VIT_14s0128g00520,587,0.2838,Alpha-L-fucosidase 2 precursor,E3_2_1_51,,vv10511N-Glycan_degradation,
292,VIT_04s0023g00360,585,0.2833,Unknown protein,,,,
293,VIT_12s0035g00580,586,0.2831,No hit,,,,
294,VIT_19s0027g00870,583,0.2807,NAC domain-containing protein 42,NAC042_3,VvNAC30,vv60046NAC,
295,VIT_10s0116g01450,577,0.2797,Unknown,,,,
296,VIT_15s0021g00730,580,0.2792,No hit,,,,
297,VIT_05s0094g00320,576,0.2785,Chitinase  class IV [Vitis vinifera],E3_2_1_14,,vv10530Aminosugars_metabolism,
298,VIT_01s0011g05890,571,0.2766,S-adenosyl-L-methionine:salicylic acid carboxyl methyltransferase,SAMTBSCMT,,vv10360Phenylalanine_metabolism,
299,VIT_03s0063g02320,568,0.2761,BURP domain containing protein,,,,
300,VIT_19s0014g01720,564,0.2754,Sodium/calcium exchanger family protein,NACAEX,,vv50123Porters_cat_18_to_29,
301,VIT_03s0017g02110,559,0.2707,Anthocyanidin 3-O-glucosyltransferase,E2_4_1_115,,vv10942Anthocyanin_biosynthesis,
302,VIT_01s0011g03650,559,0.2702,Map kinase substrate 1 MKS1,,,,
303,VIT_00s0271g00110,558,0.2700,flavodoxin-like quinone reductase 1,FQR1,,vv30003Auxin_signaling,
304,VIT_13s0019g00540,560,0.2699,Ethylene-responsive protein,ERUNK_7,,vv30008Ethylene_signaling,vv60011BHLH
305,VIT_04s0023g03820,560,0.2695,3-dehydroquinate synthase,E4_2_3_4,,vv10400Phenylalanine_tyrosine_and_tryptophan_biosynthesis,
306,VIT_18s0001g01110,550,0.2646,Monooxygenase (MO2),,,,
307,VIT_18s0001g12480,549,0.2641,Metal transporter CNNM4 (Cyclin-M4),CNNM4,,vv50109Incompletely_characterized_transport_systems,
308,VIT_03s0017g02140,543,0.2616,Tetrahydroxychalcone 2'-glucosyltransferase,THCGT,,vv10941Flavonoid_biosynthesis,
309,VIT_05s0077g01560,536,0.2596,Pathogenesis protein 10.3 [Vitis quinquangularis],,,,
310,VIT_01s0011g00380,537,0.2590,SP1L1 (SPIRAL1-like1),,,,
311,VIT_03s0088g00700,535,0.2590,Pathogenesis related protein 1 precursor (pr1 gene),PRP1,,vv30011Jasmonate_signaling,vv34626Plant-pathogen_interaction
312,VIT_09s0054g00370,533,0.2589,Mannosyl-oligosaccharide 1 2-alpha-mannosidase IA,E3_2_1_113,,vv10510N-Glycan_biosynthesis,vv11030Glycan_structures-biosynthesis1
313,VIT_13s0074g00510,534,0.2582,ATP-dependent RNA helicase,,,,
314,VIT_14s0060g02170,519,0.2529,Glutathione S-transferase GSTU8,E2_5_1_18_GSTU8,,vv10480Glutathione_metabolism,
315,VIT_14s0036g01060,517,0.2512,Unknown protein,,,,
316,VIT_09s0002g05810,514,0.2485,Boron transporter-like protein 4,BOR4,,vv50124Porters_cat_30_to_64,
317,VIT_16s0050g00480,514,0.2482,CYP715A1,,,,
318,VIT_18s0041g02070,503,0.2437,12-oxophytodienoate reductase 1,E1_3_1_42,,vv10592alpha-Linolenic_acid_metabolism,
319,VIT_00s1212g00020,505,0.2435,Laccase,E1_10_3_2,,vv11000Single_reactions,vv50109Incompletely_characterized_transport_systems
320,VIT_05s0049g01200,501,0.2418,S-locus lectin protein kinase,,,,
321,VIT_08s0032g00240,503,0.2410,CYP71A22,E1_14_13_73,,vv10902Monoterpenoid_biosynthesis,
322,VIT_11s0016g04770,495,0.2396,Unknown,,,,
323,VIT_14s0060g02710,495,0.2383,Germin,,,,
324,VIT_04s0044g00040,487,0.2365,Dirigent,,,,
325,VIT_12s0059g00740,482,0.2345,Germin1,,,,
326,VIT_12s0142g00570,483,0.2336,R protein disease resistance protein,RPROT,,vv34627R_proteins_from_Plant-pathogen_interaction,
327,VIT_19s0014g01370,472,0.2275,Curculin (mannose-binding) lectin,,,,
328,VIT_03s0063g01310,469,0.2261,Oxidoreductase  2OG-Fe(II) oxygenase family,,,,
329,VIT_01s0011g04760,458,0.2223,Myb domain protein 4,MYB4_2,MYBC2-L1,vv60044MYB,
330,VIT_18s0001g09550,457,0.2196,Receptor kinase TRKe,,,,
331,VIT_09s0002g01800,452,0.2171,Dihydrolipoamide S-acetyltransferase,E2_3_1_12,,vv10010Glycolysis,vv10252Alanine_and_aspartate_metabolism
332,VIT_07s0130g00170,446,0.2160,Transmembrane CLPTM1 Cleft lip and palate transmembrane protein 1,,,,
333,VIT_07s0005g04040,447,0.2154,Leucine Rich Repeat receptor-like kinase,,,,
334,VIT_17s0000g06710,445,0.2151,Leucine-rich repeat transmembrane protein kinase,,,,
335,VIT_05s0077g01090,442,0.2137,RKF2 (receptor-like serine/threonine kinase 2),,,,
336,VIT_04s0069g01010,443,0.2137,Harpin-induced protein,,,,
337,VIT_12s0028g01310,438,0.2111,Germin-like protein 1,,,,
338,VIT_11s0016g03780,433,0.2092,Continuous vascular ring (COV1),COV1,,vv30003Auxin_signaling,
339,VIT_14s0171g00490,434,0.2083,Glucose-6-phosphate 1-dehydrogenase  cytoplasmic isoform,E1_1_1_49,,vv10030Pentose_phosphate,vv10480Glutathione_metabolism
340,VIT_02s0033g00700,431,0.2077,Nitrilase,E3_5_5_1,,vv10460Cyanoamino_acid_metabolism,vv10910Nitrogen_metabolism
341,VIT_03s0017g01990,430,0.2072,UDP-glucose glucosyltransferase,E2_4_1_35,,vv10500Starch_and_sucrose_metabolism,
342,VIT_19s0015g00180,426,0.2057,Unknown protein,,,,
343,VIT_16s0039g00190,424,0.2050,Leucine-rich repeat transmembrane protein kinase,,,,
344,VIT_10s0003g05640,413,0.2014,UDP-arabinose 4-epimerase 3,E5_1_3_5,,vv10520Nucleotide_sugars_metabolism,
345,VIT_09s0054g00910,414,0.2008,Chaperone BCS1 mitochondrial,K08900,,,
346,VIT_00s0274g00080,416,0.2006,Benzoquinone reductase,E1_6_5_6,,vv10740Riboflavin_metabolism,
347,VIT_08s0007g05830,410,0.1990,No hit,,,,
348,VIT_14s0068g01000,412,0.1981,Unknown protein,,,,
349,VIT_03s0038g02520,406,0.1980,Aquaporin PIP3,PIP3,,vv50101Channels_and_pores,
350,VIT_18s0001g04240,407,0.1978,(+)-delta-cadinene synthase,E4_2_3_13,,vv10900Terpenoid_biosynthesis,
351,VIT_01s0011g02380,405,0.1952,Unknown,,,,
352,VIT_17s0000g06590,402,0.1948,Galactosyl transferase GMA12/MNN10,K05531,,vv11030Glycan_structures-biosynthesis1,
353,VIT_09s0054g00380,402,0.1940,Unknown protein,,,,
354,VIT_18s0075g00610,397,0.1932,Laccase,E1_10_3_2,,vv11000Single_reactions,vv50109Incompletely_characterized_transport_systems
355,VIT_03s0088g00720,398,0.1914,Pathogenesis-related protein 1 precursor (PRP 1),PRP1,,vv30011Jasmonate_signaling,vv34626Plant-pathogen_interaction
356,VIT_18s0001g09970,395,0.1914,C2 domain-containing protein,,,,
357,VIT_18s0122g00450,393,0.1905,Sinapyl alcohol dehydrogenase,E1_1_1_195,,vv10940Phenylpropanoid_biosynthesis,
358,VIT_12s0028g01400,391,0.1886,DNA-directed RNA polymerase II subunit D,K03012,,vv23020RNA_polymerase,
359,VIT_19s0085g01200,390,0.1883,CTP synthase,E6_3_4_2,,vv10240Pyrimidine_metabolism,
360,VIT_10s0003g04250,387,0.1870,Glutathione S-transferase GSTU22,E2_5_1_18_GSTU22,,vv10480Glutathione_metabolism,
361,VIT_13s0047g00040,384,0.1863,ZIFL1 (Zinc induced facilitator 1),ZIFL1,,vv50121Porters_cat_1_to_6,
362,VIT_13s0084g00800,386,0.1861,Transcription factor,TRIHELIXDOM_7,,vv60062Trihelix,
363,VIT_17s0000g00730,384,0.1850,ATP binding / DNA binding,,,,
364,VIT_15s0048g00360,374,0.1813,5-enolpyruvylshikimate 3-phosphate synthase,E2_5_1_19,,vv10400Phenylalanine_tyrosine_and_tryptophan_biosynthesis,
365,VIT_08s0105g00450,370,0.1788,Transducin protein,,,,
366,VIT_18s0001g14090,369,0.1780,Molecular chaperone DnaJ,K03686,,vv50132Primary_active_transporter_cat_A5_to_A8,
367,VIT_00s0437g00050,363,0.1753,Receptor kinase RK20-1,,,,
368,VIT_16s0039g02150,360,0.1743,Unknown,,,,
369,VIT_01s0011g05440,359,0.1740,Unknown protein,,,,
370,VIT_11s0052g01070,354,0.1715,Transferase,,,,
371,VIT_08s0007g05430,352,0.1711,Pyruvate kinase,E2_7_1_40,,vv10010Glycolysis,vv10230Purine_metabolism
372,VIT_18s0041g00280,354,0.1710,T-complex protein 11,,,,
373,VIT_08s0007g05650,353,0.1707,Unknown protein,,,,
374,VIT_16s0098g00460,353,0.1705,Lipase class 3,,,,
375,VIT_05s0062g00710,354,0.1704,UDP-glucose:flavonoid 7-O-glucosyltransferase,E2_4_1_237,,vv10941Flavonoid_biosynthesis,
376,VIT_14s0128g00540<br>VIT_14s0128g00570<br>VIT_14s0128g00600,348,0.1684,
377,VIT_18s0001g01100,349,0.1684,KOW domain-containing factor family protein,KOWDOM,,,
378,VIT_14s0030g02010,346,0.1678,Auxin-induced protein PCNT115,AUXREG,,vv30003Auxin_signaling,
379,VIT_07s0031g02400,348,0.1675,Amino acid permease,AAPREL,,vv50123Porters_cat_18_to_29,
380,VIT_17s0000g04540,343,0.1656,Enolase,E4_2_1_11,,vv10010Glycolysis,
381,VIT_10s0003g03800,343,0.1651,Jasmonate ZIM domain-containing protein 8,JAZ8_1,,vv30011Jasmonate_signaling,vv60069ZIM
382,VIT_13s0067g03470,341,0.1651,Glutathione S-transferase GSTO1,E2_5_1_18_GSTO1,,vv10480Glutathione_metabolism,
383,VIT_18s0076g00200,340,0.1635,DELLA protein RGL2 (RGA-like protein 2),RGL2_1,,vv30010Gibberellin_signaling,vv60032GRAS
384,VIT_05s0020g03090,332,0.1607,Chloride channel protein (CLC-d),K05393_CLCD,,vv50124Porters_cat_30_to_64,
385,VIT_14s0108g00150,332,0.1604,Calmodulin-binding region IQD28,IQD28,,,
386,VIT_17s0000g08450,331,0.1599,Carbonic anhydrase chloroplast,E4_2_1_1,,vv10910Nitrogen_metabolism,vv50124Porters_cat_30_to_64
387,VIT_02s0087g00190,330,0.1597,SH3 domain-containing protein 2,SH3P2,,vv50110Protein_coat,
388,VIT_06s0004g01990,330,0.1591,No hit,,,,
389,VIT_08s0105g00280,329,0.1582,Ribosomal protein S8e,K02995,,vv23010Ribosome,
390,VIT_17s0000g03160,327,0.1580,No hit,,,,
391,VIT_07s0005g03710,326,0.1568,Casein Kinase I-like 10,K02218,,vv23008Ribosome_biogenesis_in_Eukaryotes,
392,VIT_04s0023g02900,320,0.1556,Ferulate-5-hydroxylase,K09755,,vv10940Phenylpropanoid_biosynthesis,
393,VIT_05s0094g00360,322,0.1551,Chitinase class IV,E3_2_1_14,,vv10530Aminosugars_metabolism,
394,VIT_19s0014g02340,319,0.1547,Protein phosphatase 2C,E3_1_3_16,,,
395,VIT_18s0001g01960,320,0.1546,RKF3 (receptor-like kinase IN in flowers 3),,,,
396,VIT_18s0001g00400,323,0.1545,Laccase,E1_10_3_2,,vv11000Single_reactions,vv50109Incompletely_characterized_transport_systems
397,VIT_02s0236g00120,319,0.1541,Unknown,,,,
398,VIT_18s0041g02260<br>VIT_18s0041g02060,317,0.1537,
399,VIT_15s0046g01640,314,0.1523,Abl interactor protein 1 (ABIL1),,,,
400,VIT_14s0068g01580,316,0.1521,Basic helix-loop-helix (bHLH) family,BHLHDOM_50,,vv60011BHLH,
401,VIT_18s0086g00410,310,0.1504,Auxin-binding protein ABP19,ABP19,,vv30003Auxin_signaling,
402,VIT_06s0004g08180,307,0.1495,Translation initiation factor eIF-2 beta subunit,K03238,,vv23013RNA_transport,
403,VIT_13s0019g03930,310,0.1493,No hit,,,,
404,VIT_02s0025g04100,304,0.1463,CCR4-NOT transcription complex subunit 2,K12605,,vv23018RNA_degradation,
405,VIT_16s0050g02510,302,0.1460,WRKY DNA-binding protein 53,WRKY53_1,VvWRKY51,vv60066WRKY,
406,VIT_06s0004g00020,296,0.1437,NAC domain containing protein 32,NAC032,VvNAC44,vv60046NAC,
407,VIT_07s0104g00210,299,0.1436,Phenazine biosynthesis PhzC/PhzF protein,K06998,,vv10400Phenylalanine_tyrosine_and_tryptophan_biosynthesis,
408,VIT_09s0070g00080,296,0.1426,Aquaporin NIP6;1,NIP6_1,,vv50101Channels_and_pores,
409,VIT_00s0252g00030,292,0.1416,Unknown protein,,,,
410,VIT_19s0085g00460,292,0.1406,No hit,,,,
411,VIT_01s0010g02770,289,0.1392,Adenylate kinase-b,E2_7_4_3,,vv10230Purine_metabolism,
412,VIT_17s0000g02220,284,0.1377,No hit,,,,
413,VIT_11s0016g04940,283,0.1370,Zinc finger (CCCH-type) family protein,CCCHFAM_12,,vv60018C3H,
414,VIT_04s0023g00630,276,0.1335,No hit,,,,
415,VIT_18s0075g00810,273,0.1315,Laccase,E1_10_3_2,,vv11000Single_reactions,vv50109Incompletely_characterized_transport_systems
416,VIT_05s0020g02080,270,0.1297,Zinc finger (C3HC4-type ring finger),ZFC3HC4_164,,vv60078Other_zf-C3HC4,
417,VIT_00s0194g00280,269,0.1296,Cyclin D3_1,CYCD3_1,,vv44110Cell_cycle,
418,VIT_12s0028g01820,266,0.1283,Aspartate transaminase  mitochondrial,E2_6_1_1,vv10710Carbon_fixation,vv10252Alanine_and_aspartate_metabolism,vv10272Cysteine_metabolism
419,VIT_16s0039g01600,265,0.1281,11-beta-hydroxysteroid dehydrogenase,E1_1_1_146,,vv10140C21-Steroid_hormone_metabolism,
420,VIT_13s0019g04060,265,0.1281,MLO1,K08472,,,
421,VIT_14s0006g00350,263,0.1275,Glutamine synthetase cytosolic isozyme 2,E6_3_1_2,,vv10251Glutamate_metabolism,vv10550Peptidoglycan_biosynthesis
422,VIT_19s0015g01750,265,0.1272,WD-40 repeat,,,,
423,VIT_18s0001g11130,263,0.1268,Calmodulin-binding protein AR781,,,,
424,VIT_13s0067g01700,257,0.1245,Steroid 5alpha-reductase,K09591,,vv10905Brassinosteroid_biosynthesis,
425,VIT_05s0020g03140,257,0.1240,Sugar transporter 13,STP13,,vv50121Porters_cat_1_to_6,
426,VIT_05s0062g00990,253,0.1231,Aldo/keto reductase AKR,E1_1_1_21,,vv10040Pentose_glucuronate_interconversion,vv10051Fructose_and_mannose_metabolism
427,VIT_01s0010g01960,252,0.1218,Anionic peroxidase,E1_11_1_7,,vv10360Phenylalanine_metabolism,vv10680Methane_metabolism
428,VIT_18s0001g12060,251,0.1218,Peroxisomal biogenesis factor 11 (PEX11),,,,
429,VIT_19s0027g00880,250,0.1211,NAC domain-containing protein 42,NAC042_7,VvNAC29,vv60046NAC,
430,VIT_00s2648g00010,248,0.1200,FAD-dependent pyridine nucleotide-disulphide oxidoreductase,,,,
431,VIT_02s0012g00730,244,0.1182,Purine permease 10 PUP10,PUP10,,vv50122Porters_cat_7_to_17,
432,VIT_13s0019g03600,241,0.1165,Nuclear transcription factor Y subunit B-8,NFYB8,,vv60021CCAAT,
433,VIT_19s0014g01020,241,0.1163,Protein transport protein Sec61 subunit alpha,K10956,,vv23060Protein_export,vv24141Protein_processing_in_endoplasmic_reticulum
434,VIT_02s0033g00660<br>VIT_02s0033g00850<br>VIT_02s0033g00870<br>VIT_02s0033g00800,241,0.1163,
435,VIT_00s0301g00090,237,0.1152,NDA2 (alternative NAD(P)H dehydrogenase 2),K03885,,vv10190Oxidative_phosphorylation,vv50134Primary_active_transporter_cat_D1
436,VIT_11s0016g03960,235,0.1137,Kinesin family member 2/24,K10393,,vv44810Regulation_of_actin_cytoskeleton,
437,VIT_01s0011g06500,233,0.1120,NADPH-dependent codeinone reductase,E1_1_1_247,,vv10950Alkaloid_biosynthesis_I,
438,VIT_02s0012g01610,231,0.1118,Beta-1 3-glucanase precursor,E3_2_1_6,,,
439,VIT_12s0057g01100,230,0.1112,Nudix hydrolase 2,,,,
440,VIT_06s0061g01210,228,0.1106,Lysine histidine transporter 1,LHT1,,vv50123Porters_cat_18_to_29,
441,VIT_11s0118g00230,229,0.1104,ATSYTE/NTMC2T2.1/NTMC2TYPE2.1/SYTE,NTMC2T2_1,,vv50109Incompletely_characterized_transport_systems,
442,VIT_07s0005g04020,227,0.1100,Leucine Rich Repeat receptor-like kinase,,,,
443,VIT_15s0046g00170,225,0.1085,MYBPA1 protein [Vitis vinifera],MYBPA1,MYBPA1,vv60044MYB,
444,VIT_06s0009g02020,221,0.1073,Tubulin beta-4 chain,K07375,,vv44145Phagosome,vv44810Regulation_of_actin_cytoskeleton
445,VIT_01s0011g05920,220,0.1066,S-adenosyl-L-methionine:salicylic acid carboxyl methyltransferase,SAMTBSCMT,,vv10360Phenylalanine_metabolism,
446,VIT_15s0046g00320,221,0.1064,Myc2 bHLH protein,MYC2_2,,vv30011Jasmonate_signaling,vv34626Plant-pathogen_interaction
447,VIT_01s0146g00070,207,0.1002,11-beta-hydroxysteroid dehydrogenase,E1_1_1_146,,vv10140C21-Steroid_hormone_metabolism,
448,VIT_02s0012g02370,205,0.0993,Geraniol 10-hydroxylase,G10H,,vv10902Monoterpenoid_biosynthesis,
449,VIT_14s0066g00760,205,0.0987,Disease resistance protein (NBS-LRR class),,,,
450,VIT_13s0064g01470,203,0.0982,Urophorphyrin III methylase,E2_1_1_107,,vv10860Porphyrin_and_chlorophyll_metabolism,
451,VIT_03s0088g00710,202,0.0974,Pathogenesis-related protein 1 precursor (PRP 1),PRP1,,vv30011Jasmonate_signaling,vv34626Plant-pathogen_interaction
452,VIT_07s0031g00460,200,0.0963,Nicotinate phosphoribosyltransferase,E2_4_2_11,,vv10760Nicotinate_and_nicotinamide_metabolism,
453,VIT_04s0044g00030,198,0.0956,ATSAC1B/IBS2 (impaired in baba-induced sterility 2),E3_1_3_36,,vv10562Inositol_phosphate_metabolism,vv34070Phosphatidylinositol_signaling_system
454,VIT_12s0028g02210,187,0.0903,Riboflavin kinase,E2_7_1_26,,vv10740Riboflavin_metabolism,
455,VIT_00s0480g00030,181,0.0874,Polyphenol oxidase,E1_10_3_1,,vv10350Tyrosine_metabolism,vv50109Incompletely_characterized_transport_systems
456,VIT_13s0019g02350,180,0.0870,Glycoprotein  Mitochondrial,,,,
457,VIT_13s0019g01710,179,0.0869,Scarecrow transcription factor 14 (SCL14),SCL14_9,,vv60032GRAS,
458,VIT_18s0075g00530,179,0.0866,Laccase,E1_10_3_2,,vv11000Single_reactions,vv50109Incompletely_characterized_transport_systems
459,VIT_05s0049g01980,179,0.0866,3-isopropylmalate dehydratase large subunit 2,E4_2_1_33,,vv10290Valine_leucine_and_isoleucine_biosynthesis,
460,VIT_10s0003g01360,177,0.0854,Cysteine protease,E3_4_22_x,,,
461,VIT_18s0117g00080,176,0.0848,R protein L6,K13477,,vv34627R_proteins_from_Plant-pathogen_interaction,
462,VIT_05s0077g01250,175,0.0846,Endochitinase A2 precursor,E3_2_1_14,,vv10530Aminosugars_metabolism,
463,VIT_10s0116g01700,173,0.0837,Autophagy 8c (APG8c),K08341,,vv44140Regulation_of_autophagy,vv50101Channels_and_pores
464,VIT_06s0061g00120,171,0.0829,Beta-1 3-glucanase [Vitis riparia],E3_2_1_6,,,
465,VIT_19s0014g03380,170,0.0820,3'(2') 5'-bisphosphate nucleotidase,E3_1_3_7,,vv10920Sulfur_metabolism,
466,VIT_14s0081g00190,169,0.0814,No hit,,,,
467,VIT_14s0068g02210,169,0.0813,HcrVf1 protein,,,,
468,VIT_06s0004g05970,166,0.0803,Antiviral helicase SKI2,K12599,,vv23018RNA_degradation,
469,VIT_19s0090g01250,166,0.0798,Jasmonate O-methyltransferase,E2_1_1_141,,vv10592alpha-Linolenic_acid_metabolism,
470,VIT_17s0000g05440,164,0.0796,Unknown protein,,,,
471,VIT_17s0000g01650,166,0.0794,Cyclopropyl isomerase,E5_5_1_9,,vv10100Biosynthesis_of_steroids,
472,VIT_18s0001g15130,163,0.0791,WD40 repeat protein,,,,
473,VIT_03s0091g00150,163,0.0790,NtPRp27 secretory protein,,,,
474,VIT_15s0046g03310,158,0.0761,Unknown protein,,,,
475,VIT_00s1386g00010,157,0.0760,F-box family protein,,,,
476,VIT_10s0003g00880,155,0.0750,Nudix hydrolase 15,,,,
477,VIT_14s0066g01650,153,0.0743,Nodulin MtN21 family,MTN21,,vv50122Porters_cat_7_to_17,
478,VIT_01s0127g00250,150,0.0725,Kelch repeat-containing F-box protein,,,,
479,VIT_12s0059g01820,150,0.0722,Protein phosphatase 1D,K10147,,,
480,VIT_07s0031g00570,148,0.0718,Lipase class 3,,,,
481,VIT_08s0007g02470,147,0.0712,Aspartyl protease,E3_4_23_x,,,
482,VIT_11s0016g02780,141,0.0686,Myb domain protein 68,MYB68_1,MYB154,vv60044MYB,
483,VIT_05s0094g01070,141,0.0682,Leucine zipper-EF-hand containing transmembrane protein 1,LETM1,,vv50125Porters_cat_66_to_94,
484,VIT_18s0001g12510,141,0.0678,5' nucleotidase,E3_1_3_5,,vv10230Purine_metabolism,vv10240Pyrimidine_metabolism
485,VIT_03s0038g03500,139,0.0672,Auxin-induced SAUR,SAUR,,vv30003Auxin_signaling,
486,VIT_08s0058g00790,138,0.0666,Secoisolariciresinol dehydrogenase,SIRD,,vv10940Phenylpropanoid_biosynthesis,
487,VIT_17s0000g02150,137,0.0661,Ribosomal protein L19,K02884,,vv23010Ribosome,
488,VIT_00s0174g00270,135,0.0658,D-isomer specific 2-hydroxyacid dehydrogenase  NAD-binding,E1_1_1_272,,vv10272Cysteine_metabolism,
489,VIT_03s0132g00070,134,0.0646,ATHVA22A (Arabidopsis thaliana HVA22 homologue A),HVA22A,,vv30001ABA_signaling,
490,VIT_18s0001g04110,131,0.0634,(-)-germacrene D synthase,E4_2_3_22,,vv10900Terpenoid_biosynthesis,
491,VIT_17s0000g00800,131,0.0633,Zinc finger (DHHC type),ZFDHHC_11,,vv60079Other_zf-DHHC,
492,VIT_00s0391g00070,130,0.0630,3-deoxy-D-arabino-heptulosonate 7-phosphate synthase,E2_5_1_54,,vv10400Phenylalanine_tyrosine_and_tryptophan_biosynthesis,
493,VIT_18s0075g00950,128,0.0621,Laccase,E1_10_3_2,,vv11000Single_reactions,vv50109Incompletely_characterized_transport_systems
494,VIT_18s0001g04480,128,0.0617,Germacrene-D synthase,E4_2_3_22,,vv10900Terpenoid_biosynthesis,
495,VIT_00s0748g00020,127,0.0612,Receptor kinase RK20-1,,,,
496,VIT_10s0003g02320<br>VIT_10s0003g02300<br>VIT_10s0003g02390<br>VIT_10s0003g02350<br>VIT_10s0003g02340<br>VIT_10s0003g02400,127,0.0609,
497,VIT_15s0046g02220,126,0.0607,ACC synthase,E4_4_1_14,,vv10640Propanoate_metabolism,vv30008Ethylene_signaling
498,VIT_14s0083g00340,125,0.0605,Beta-glucan-binding protein 4,E3_2_1_23,,vv10052Galactose_metabolism,vv10511N-Glycan_degradation
499,VIT_00s0270g00120,125,0.0605,Alpha-amylase/subtilisin inhibitor,E3_2_1_1,,vv10500Starch_and_sucrose_metabolism,
500,VIT_18s0001g13920,123,0.0597,Unknown protein,,,,
501,VIT_11s0016g01970,120,0.0580,Calmodulin-binding region IQD6,,,,
502,VIT_01s0026g01040,119,0.0577,Unknown protein,,,,
503,VIT_03s0063g01150,118,0.0566,Nodulin 1A  Senescence-associated,,,,
504,VIT_08s0105g00470,114,0.0554,PHD finger-like domain-containing protein 5A,K12834,,vv23040Spliceosome,
505,VIT_18s0001g07870,114,0.0552,Unknown protein,,,,
506,VIT_03s0088g00620,113,0.0547,Stress-induced,,,,
507,VIT_06s0004g02330,111,0.0539,Sulfite reductase,E1_8_7_1,,vv10450Selenoamino_acid_metabolism,vv10920Sulfur_metabolism
508,VIT_00s0233g00130,111,0.0537,flavin-containing monooxygenase family protein / FMO family protein,E1_14_13_8,,vv11000Single_reactions,
509,VIT_10s0042g00770,110,0.0534,Leucine-rich repeat receptor-like protein kinase 1,,,,
510,VIT_18s0117g00050,110,0.0533,R protein L6,K13477,,vv34627R_proteins_from_Plant-pathogen_interaction,
511,VIT_04s0044g01460,109,0.0530,PUB26 (plant U- box  26),,,,
512,VIT_10s0003g05430,105,0.0507,Reticuline oxidase precursor,E1_21_3_3,,vv10950Alkaloid_biosynthesis_I,
513,VIT_04s0008g06870,103,0.0499,Cytochrome b5 domain-containing protein,,,,
514,VIT_11s0052g00350,103,0.0498,Receptor kinase TRKe,,,,
515,VIT_10s0042g00590,103,0.0496,Leucine-rich repeat receptor-like protein kinase 1,,,,
516,VIT_17s0000g03130,101,0.0486,Unknown protein,,,,
517,VIT_17s0000g00940,100,0.0483,F-box protein,,,,
518,VIT_11s0016g01060,100,0.0481,Avr9/Cf-9 induced kinase 1,,,,
519,VIT_05s0062g00980,98,0.0472,Aldo/keto reductase AKR,E1_1_1_21,,vv10040Pentose_glucuronate_interconversion,vv10051Fructose_and_mannose_metabolism
520,VIT_06s0009g03470,97,0.0470,Unknown protein,,,,
521,VIT_17s0000g00720,96,0.0466,DNA-binding protein,,,,
522,VIT_01s0010g02460,95,0.0460,Glyceraldehyde-3-phosphate dehydrogenase  cytosolic 3,E1_2_1_12,,vv10010Glycolysis,
523,VIT_18s0001g11120,93,0.0452,Ternary complex factor MIP1,,,,
524,VIT_00s0399g00020,92,0.0444,Protease inhibitor/seed storage/lipid transfer protein (LTP),,,,
525,VIT_04s0079g00240,92,0.0443,Leucine Rich Repeat receptor-like kinase,,,,
526,VIT_09s0096g00480,91,0.0441,Potassium channel SKOR,SKOR,,vv50101Channels_and_pores,
527,VIT_00s0250g00090,89,0.0427,Oxidoreductase  2OG-Fe(II) oxygenase,,,,
528,VIT_14s0060g02760,88,0.0422,Germin-like protein 3 [Vitis vinifera],,,,
529,VIT_00s0475g00020,87,0.0420,Zinc finger (C3HC4-type ring finger),,,,
530,VIT_07s0104g00440,87,0.0419,Endo-1 3;1 4-beta-D-glucanase precursor,E3_2_1_73,,,
531,VIT_14s0036g01380,86,0.0417,PHR1 (phosphate starvation response 1),PHR1_2,,vv60029G2-like,
532,VIT_19s0085g00020,86,0.0414,Nucleolar complex protein 3 homolog (Protein NOC3 homolog),,,,
533,VIT_11s0016g00530,84,0.0408,Adrenodoxin ferredoxin 2,K04755,,,
534,VIT_00s0780g00030,84,0.0407,No hit,,,,
535,VIT_05s0020g03260,84,0.0406,Copper amine oxidase,E1_4_3_6,,vv10220Urea_cycle_and_metabolism_of_amino_groups,vv10340Histidine_metabolism
536,VIT_08s0007g01470,83,0.0403,Copper transporter 3,COPT3,,vv50101Channels_and_pores,
537,VIT_11s0052g00340,81,0.0393,Protein kinase Xa21,,,,
538,VIT_02s0154g00370,81,0.0393,YbaK/prolyl-tRNA synthetase associated region,E6_1_1_15,,vv10330Arginine_and_proline_metabolism,vv20970Aminoacyl-tRNA_biosynthesis
539,VIT_01s0026g00220,80,0.0389,Aldehyde dehydrogenase 1 precursor,E1_2_1_3,vv10561Glycerolipid_metabolism,vv10010Glycolysis,vv10071Fatty_acid_metabolism
540,VIT_04s0023g01830,80,0.0386,U3 small nucleolar RNA-associated protein 22,K14544,,vv23008Ribosome_biogenesis_in_Eukaryotes,
541,VIT_11s0016g05460,80,0.0386,BRI1-KD interacting protein,BRI1INT,,vv30005Brassinosteroids_signaling,
542,VIT_05s0049g01420,79,0.0382,Peroxisomal membrane protein PMP22,,,,
543,VIT_08s0007g05330,78,0.0379,EDA7 (embryo sac development arrest 7),,,,
544,VIT_12s0057g00570,78,0.0376,Zinc finger (CCCH-type) family protein,CCCHFAM_30,,vv60018C3H,
545,VIT_18s0001g01850,77,0.0375,Amino acid permease,AAPREL,,vv50123Porters_cat_18_to_29,
546,VIT_00s0179g00260,77,0.0373,Calcium-transporting ATPase 12 ACA12,K01537,,vv34020Calcium_signaling_pathway,vv50131Primary_active_transporter_cat_A2_to_A4
547,VIT_01s0011g00060,77,0.0372,No hit,,,,
548,VIT_17s0053g00460,76,0.0367,Pinoresinol-lariciresinol reductase,PLR,,vv10940Phenylpropanoid_biosynthesis,
549,VIT_18s0001g05000<br>VIT_18s0001g04780<br>VIT_18s0001g04120,75,0.0363,
550,VIT_07s0005g05930<br>VIT_07s0005g05910<br>VIT_07s0005g05920,73,0.0356,
551,VIT_08s0040g02090,70,0.0342,DnaJ homolog  subfamily C  member 3,K09523,,vv50132Primary_active_transporter_cat_A5_to_A8,
552,VIT_13s0019g03970,70,0.0338,Ribosomal protein P0 (RPP0A) acidic 60S,K02941,,vv23010Ribosome,
553,VIT_08s0007g02810,70,0.0336,Regulator of the ATPase vacuolar RAV2,RAV2,VvRAV5,vv60001ABI3VP1,
554,VIT_01s0010g02350,69,0.0331,Protein phosphatase 2 (formerly 2A)  regulatory subunit B',K11584,,vv23015mRNA_surveillance_pathway,
555,VIT_08s0040g01020,68,0.0331,DNA helicase SNF2 domain-containing protein,SNF2HEL_9,,vv60058SNF2,
556,VIT_14s0030g00030,66,0.0318,Glutathione synthetase  chloroplast precursor,E6_3_2_3,,vv10251Glutamate_metabolism,vv10480Glutathione_metabolism
557,VIT_10s0003g05550<br>VIT_10s0003g05620,65,0.0316,
558,VIT_11s0016g03770,65,0.0314,Dynein light chain LC6  flagellar outer arm,K10418,,vv44810Regulation_of_actin_cytoskeleton,
559,VIT_05s0049g00500,64,0.0309,Ethylene-responsive transcription factor ERF098,ERF098_2,VvERF110,vv30008Ethylene_signaling,vv60003AP2_EREBP
560,VIT_15s0048g02690,64,0.0309,FAD-binding domain-containing protein,,,,
561,VIT_04s0023g01980<br>VIT_04s0043g00820,64,0.0309,
562,VIT_14s0128g00940,63,0.0305,No hit,,,,
563,VIT_00s1557g00020,62,0.0300,Lectin-receptor like protein kinase 3,,,,
564,VIT_14s0006g02250,62,0.0297,No hit,,,,
565,VIT_00s0391g00040,61,0.0294,F-box family protein,,,,
566,VIT_06s0004g00130,61,0.0293,Pyruvate kinase,E2_7_1_40,,vv10010Glycolysis,vv10230Purine_metabolism
567,VIT_02s0012g01270,60,0.0291,Abscisic acid receptor PYL1  RCAR12,RCAR12,,vv30001ABA_signaling,
568,VIT_04s0008g05970,60,0.0287,Unknown protein,,,,
569,VIT_11s0016g05540,59,0.0284,Dicyanin,,,,
570,VIT_03s0063g01250,58,0.0281,Nodulin 1A  Senescence-associated,,,,
571,VIT_01s0011g00480,58,0.0279,Aspartate/glutamate/uridylate kinase,E2_7_2_11,,vv10220Urea_cycle_and_metabolism_of_amino_groups,
572,VIT_14s0006g00430,56,0.0272,Carboxylesterase,E3_1_1_1,,,
573,VIT_03s0091g00130,56,0.0271,Prp27,,,,
574,VIT_15s0048g00620,56,0.0270,No hit,,,,
575,VIT_07s0129g00800,56,0.0270,CYP81E1 Isoflavone 2'-hydroxylase,E1_14_13_89,,vv10943Isoflavonoid_biosynthesis,
576,VIT_05s0094g00500,55,0.0267,C2 domain-containing protein,,,,
577,VIT_08s0040g01710,54,0.0261,Phenylalanine ammonia-lyase,E4_3_1_5,,vv10350Tyrosine_metabolism,vv10360Phenylalanine_metabolism
578,VIT_19s0014g02670,52,0.0252,Protein kinase CRK1 CRK1 protein(Cdc2-related kinase 1),,,,
579,VIT_06s0061g01160,49,0.0237,Unknown protein,,,,
580,VIT_00s0413g00010,49,0.0237,Laccase (diphenol oxidase) family protein,E1_10_3_2,,vv11000Single_reactions,vv50109Incompletely_characterized_transport_systems
581,VIT_12s0034g00030,48,0.0232,Anthocyanidin 3-O-glucosyltransferase,E2_4_1_115,,vv10942Anthocyanin_biosynthesis,
582,VIT_00s0194g00140,47,0.0228,Agenet domain-containing protein,,,,
583,VIT_16s0022g02340,47,0.0228,fructokinase-2,E2_7_1_4,,vv10051Fructose_and_mannose_metabolism,vv10500Starch_and_sucrose_metabolism
584,VIT_19s0014g04450,47,0.0228,S-locus protein kinase,,,,
585,VIT_10s0003g01170,46,0.0221,Basic helix-loop-helix (bHLH) family,BHLHDOM_92,,vv60011BHLH,
586,VIT_09s0070g00130,46,0.0221,Ribosomal protein L7 (RPL7A) 60S,K02937,,vv23010Ribosome,
587,VIT_00s2745g00010,45,0.0219,Receptor kinase RK20-1,,,,
588,VIT_18s0001g00220,45,0.0218,Unknown,,,,
589,VIT_00s0586g00020,45,0.0218,Unknown protein,,,,
590,VIT_11s0016g05190,45,0.0217,Phosphate translocator-related,PTLREL,,vv50122Porters_cat_7_to_17,
591,VIT_14s0006g00910,45,0.0217,ATA15 protein,,,,
592,VIT_14s0006g02870,45,0.0216,Unknown,,,,
593,VIT_06s0061g00810,44,0.0214,Cyclin-dependent kinase regulatory subunit CKS2,CKS2,,vv44110Cell_cycle,
594,VIT_04s0008g05570,44,0.0214,UDP-glucuronic acid/UDP-N-acetylgalactosamine transporter,UDPGLUCUTR,,vv50122Porters_cat_7_to_17,
595,VIT_14s0066g01150,43,0.0209,Cinnamoyl-CoA reductase,E1_2_1_44,,vv10940Phenylpropanoid_biosynthesis,
596,VIT_07s0031g01130,43,0.0208,Ascorbate oxidase,E1_10_3_3,,vv10053Ascorbate_and_aldarate_metabolism,vv50109Incompletely_characterized_transport_systems
597,VIT_06s0004g02520,42,0.0204,Telomere repeat binding factor like TRFL6,TRFL6_1,,vv60045MYBrelated,
598,VIT_16s0013g00970,42,0.0203,Ethylene responsive element binding factor 5,ERF5_5,VvERF081,vv30008Ethylene_signaling,vv60003AP2_EREBP
599,VIT_07s0005g01180,41,0.0200,Unknown protein,,,,
600,VIT_19s0014g01360,41,0.0199,Curculin (mannose-binding) lectin,,,,
601,VIT_14s0066g01240,41,0.0199,L-aspartate oxidase,E1_4_3_16,,vv10252Alanine_and_aspartate_metabolism,vv10760Nicotinate_and_nicotinamide_metabolism
602,VIT_14s0108g00430,41,0.0198,ABC transporter B member 16,ABCB16,,vv52010ABC_transporters,
603,VIT_10s0003g05250,41,0.0197,Germin-like protein,,,,
604,VIT_14s0219g00290,40,0.0193,Esterase/lipase/thioesterase,,,,
605,VIT_08s0007g04700,39,0.0189,Phosphatidylinositol-4-phosphate 5-kinase,E2_7_1_68,,vv10562Inositol_phosphate_metabolism,vv34070Phosphatidylinositol_signaling_system
606,VIT_11s0037g01270,39,0.0188,R protein disease resistance protein,RPROT,,vv34627R_proteins_from_Plant-pathogen_interaction,
607,VIT_01s0127g00070,39,0.0188,Nitrate transporter2.5,NRT2_5,,vv50121Porters_cat_1_to_6,
608,VIT_10s0003g01940,37,0.0179,RKF1 (receptor-like kinase in flowers 1),,,,
609,VIT_13s0106g00570<br>VIT_14s0036g00790<br>VIT_17s0000g02780,37,0.0179,
610,VIT_03s0038g02280,37,0.0178,ERD7 (EARLY-responsive TO dehydration 7),,,,
611,VIT_06s0004g02410,37,0.0178,ATP-NAD kinase,E2_7_1_23,,vv10760Nicotinate_and_nicotinamide_metabolism,
612,VIT_08s0058g00090,37,0.0178,Hcr9-Avr4-par1,,,,
613,VIT_04s0008g06830,37,0.0178,Biopterin transport-related protein BT1,BIOPTERIN,,vv50125Porters_cat_66_to_94,
614,VIT_19s0085g00050,36,0.0175,Myb domain protein 58,MYB58_1,MYB139,vv60044MYB,
615,VIT_11s0118g00550,36,0.0174,CTV.13 Jp18,,,,
616,VIT_03s0017g02170,36,0.0173,Zinc transporter ZIP5,ZIP5,,vv50121Porters_cat_1_to_6,
617,VIT_06s0061g00100,35,0.0170,Glucan endo-1 3-beta-glucosidase  acidic isoform precursor,E3_2_1_39,,vv10500Starch_and_sucrose_metabolism,
618,VIT_10s0116g01090,35,0.0169,Stigma-specific Stig1,,,,
619,VIT_02s0012g02340,35,0.0169,CYP76C4,,,,
620,VIT_03s0091g00420,34,0.0165,No hit,,,,
621,VIT_01s0137g00600,34,0.0164,MAP kinase phosphatase (MKP1),,,,
622,VIT_17s0000g02210,33,0.0160,Hsp70 interacting protein,,,,
623,VIT_09s0096g00610<br>VIT_18s0001g06510<br>VIT_18s0041g00150<br>VIT_13s0064g00220<br>VIT_14s0036g01010<br>VIT_04s0023g00070<br>VIT_09s0096g00060,32,0.0155,
624,VIT_09s0002g02580,32,0.0155,No hit,,,,
625,VIT_02s0033g00750,32,0.0155,Kinesin motor protein,KMOTOR,,vv44810Regulation_of_actin_cytoskeleton,
626,VIT_07s0104g00200,32,0.0155,Phenazine biosynthesis PhzC/PhzF,K06998,,vv10400Phenylalanine_tyrosine_and_tryptophan_biosynthesis,
627,VIT_18s0075g00630,32,0.0154,Laccase,E1_10_3_2,,vv11000Single_reactions,vv50109Incompletely_characterized_transport_systems
628,VIT_16s0039g02930,32,0.0154,Unknown,,,,
629,VIT_18s0075g00660,32,0.0154,Disease resistance protein (TIR-NBS-LRR class),,,,
630,VIT_00s0567g00040,31,0.0150,Patatin,,,,
631,VIT_18s0001g05280,31,0.0149,No hit,,,,
632,VIT_08s0007g09010,30,0.0146,Esterase,E3_1_2_12,,vv10680Methane_metabolism,
633,VIT_05s0062g01080,30,0.0145,Translation initiation factor eIF-3 subunit 8,K03252,,vv23013RNA_transport,
634,VIT_08s0058g01090,30,0.0145,CBL-interacting protein kinase 14 (CIPK14),,,,
635,VIT_18s0001g02970,30,0.0145,Glucose-6-phosphate/phosphate translocator related,GPTREL,,vv50122Porters_cat_7_to_17,
636,VIT_17s0000g02920,29,0.0141,Glutathione S-transferase 25 GSTU7,E2_5_1_18_GSTU7,,vv10480Glutathione_metabolism,
637,VIT_00s0508g00010,29,0.0141,No hit,,,,
638,VIT_07s0129g00410,29,0.0141,Casein kinase II alpha chain 2,K03097,,vv23008Ribosome_biogenesis_in_Eukaryotes,vv34710Circadian_rhythm
639,VIT_19s0015g00170,29,0.0141,Zinc metallopeptidase,E3_4_24_x,,,
640,VIT_14s0083g01170,29,0.0141,Mitochondrial substrate carrier family protein,K03454,,vv50123Porters_cat_18_to_29,
641,VIT_08s0007g05490,29,0.0140,Pyruvate kinase,E2_7_1_40,,vv10010Glycolysis,vv10230Purine_metabolism
642,VIT_10s0003g05450,28,0.0136,Reticuline oxidase precursor,E1_21_3_3,,vv10950Alkaloid_biosynthesis_I,
643,VIT_09s0002g01280,28,0.0136,Retrotransposon,,,,
644,VIT_00s0347g00120,28,0.0135,S-locus lectin protein kinase,,,,
645,VIT_17s0000g04890,28,0.0135,D-aminoacyl-tRNA deacylase GEKO1,,,,
646,VIT_13s0064g01110,27,0.0131,No hit,,,,
647,VIT_05s0102g00780,27,0.0131,Unknown protein,,,,
648,VIT_07s0005g02260,27,0.0130,Squamosa promoter-binding protein 1 (SPL1),SPL1,,vv60055SBP,
649,VIT_00s2507g00010,27,0.0130,F-box family protein,,,,
650,VIT_05s0020g02200,27,0.0130,Inosine-uridine preferring nucleoside hydrolase,E3_2_2_1,,vv10230Purine_metabolism,vv10760Nicotinate_and_nicotinamide_metabolism
651,VIT_14s0060g00460,27,0.0130,Receptor-like protein kinase,,,,
652,VIT_08s0032g00950,27,0.0130,Unknown protein,,,,
653,VIT_09s0002g05170,26,0.0126,Unknown protein,,,,
654,VIT_08s0007g04170,26,0.0126,Pyruvate kinase  cytosolic isozyme,E2_7_1_40,,vv10010Glycolysis,vv10230Purine_metabolism
655,VIT_13s0067g02940,26,0.0125,Amidohydrolase 3,,,,
656,VIT_08s0007g00610,25,0.0121,Unknown,,,,
657,VIT_11s0149g00280,24,0.0115,Chitinase A,E3_2_1_14,,vv10530Aminosugars_metabolism,
658,VIT_09s0002g01600,23,0.0112,PHD finger protein alfin,ALFINDOM8,,vv60002Alfin-like,
659,VIT_07s0191g00080,23,0.0111,GCR2-like 1 ABA receptor,,,,
660,VIT_07s0031g00590,23,0.0111,Triacylglycerol lipase,E3_1_1_3,,vv10561Glycerolipid_metabolism,
661,VIT_09s0002g05360<br>VIT_09s0002g05400<br>VIT_09s0002g05490<br>VIT_09s0002g05590,23,0.0111,
662,VIT_15s0048g01530,22,0.0107,Geraniol 10-hydroxylase,G10H,,vv10902Monoterpenoid_biosynthesis,
663,VIT_07s0005g04570,22,0.0107,Xyloglucanase inhibitor,,,,
664,VIT_13s0067g03720,22,0.0107,SAC3/GANP,,,,
665,VIT_10s0003g01010,22,0.0107,Lipase GDSL,,,,
666,VIT_03s0063g00970,22,0.0106,Blue (type 1) copper domain,,,,
667,VIT_03s0038g03490,22,0.0106,Auxin-induced SAUR,SAUR,,vv30003Auxin_signaling,
668,VIT_01s0137g00680,21,0.0102,No hit,,,,
669,VIT_02s0012g01570,21,0.0102,Cinnamoyl-CoA reductase,E1_2_1_44,,vv10940Phenylpropanoid_biosynthesis,
670,VIT_02s0025g02920,21,0.0102,Quercetin 3-O-methyltransferase 1,E2_1_1_76,,vv10941Flavonoid_biosynthesis,
671,VIT_04s0023g00490,21,0.0101,Auxin responsive SAUR protein,SAUR,,vv30003Auxin_signaling,
672,VIT_02s0025g00780,21,0.0101,Cation/hydrogen exchanger (CHX18),CHX18,,vv50124Porters_cat_30_to_64,
673,VIT_03s0038g00100,20,0.0097,Epoxide hydrolase-like protein,E3_3_2_10,,,
674,VIT_17s0000g00400,19,0.0092,Phosphate carrier protein,MPHOSPTR,,vv50123Porters_cat_18_to_29,
675,VIT_08s0007g06610,19,0.0092,Lectin protein kinase,,,,
676,VIT_19s0014g01150,19,0.0092,Curculin (mannose-binding) lectin,,,,
677,VIT_07s0141g00640,19,0.0092,ProT1 (PROLINE transporter 1),PROT1,,vv50123Porters_cat_18_to_29,
678,VIT_16s0100g00870,18,0.0087,No hit,,,,
679,VIT_16s0098g01830,18,0.0087,Transcription factor jumonji (jmjC) domain-containing protein,JMJD1B_3,,vv60038Jumonji,
680,VIT_02s0025g02170,18,0.0087,Trehalase precursor,E2_4_1_15,,vv10500Starch_and_sucrose_metabolism,
681,VIT_17s0000g03420,18,0.0086,Unknown protein,,,,
682,VIT_06s0004g02980,17,0.0082,Kelch repeat-containing F-box protein,,,,
683,VIT_08s0007g01230,17,0.0082,Lectin protein kinase,,,,
684,VIT_16s0148g00020,17,0.0082,Ser/Thr receptor-like kinase1,,,,
685,VIT_17s0000g01110,17,0.0082,ATFP3 (Arabidopsis thaliana farnesylated protein 3,VVFP3,,,
686,VIT_02s0025g01080,16,0.0077,No hit,,,,
687,VIT_17s0000g05030,16,0.0077,Alpha-1 4-glucan-protein synthase 1,E2_4_1_113,,vv10500Starch_and_sucrose_metabolism,
688,VIT_06s0004g00890,16,0.0077,Unknown protein,,,,
689,VIT_00s0194g00110,16,0.0077,4-nitrophenylphosphatase,E3_1_3_18,,vv10630Glyoxylate_and_dicarboxylate_metabolism,
690,VIT_06s0004g01440,16,0.0077,ABA glucosidase,ABAGLC,,vv11013ABA_biosynthesis,
691,VIT_00s2770g00010,15,0.0073,Receptor kinase CHRK1,,,,
692,VIT_18s0001g10900,15,0.0072,Patatin,,,,
693,VIT_11s0103g00250,15,0.0072,Carboxyl methylase,,,,
694,VIT_13s0019g01200,15,0.0072,Unknown,,,,
695,VIT_00s1600g00010,14,0.0067,No hit,,,,
696,VIT_16s0050g02220,14,0.0067,Acidic endochitinase (CHIB1),E3_2_1_14,,vv10530Aminosugars_metabolism,
697,VIT_00s0615g00020<br>VIT_00s0218g00010,14,0.0067,
698,VIT_09s0002g02960,13,0.0063,Unknown protein,,,,
699,VIT_09s0096g01010,13,0.0063,RPP27 (resistance to peronospora parasitica 27),,,,
700,VIT_03s0091g00140,13,0.0063,Plant basic secretory protein (BSP) family,,,,
701,VIT_10s0116g00780,13,0.0063,Dalcochinin 8'-O-beta-glucoside beta-glucosidase,,,,
702,VIT_19s0085g00390,13,0.0063,Unknown protein,,,,
703,VIT_03s0017g01940,13,0.0063,Unknown,,,,
704,VIT_10s0116g01360<br>VIT_10s0116g01290<br>VIT_10s0116g01330<br>VIT_10s0116g01270,13,0.0063,
705,VIT_03s0063g00400,13,0.0063,Alpha-amylase / 1 4-alpha-D-glucan glucanohydrolase,E3_2_1_1,,vv10500Starch_and_sucrose_metabolism,
706,VIT_00s0145g00110,12,0.0058,Pirin,K06911,,,
707,VIT_00s0269g00170,12,0.0058,No hit,,,,
708,VIT_06s0004g07070,12,0.0058,Protein kinase,,,,
709,VIT_00s0227g00110,12,0.0058,Gamma hydroxybutyrate dehydrogenase-like protein,E1_1_1_61,,vv10650Butanoate_metabolism,
710,VIT_03s0063g00700,12,0.0058,CXE carboxylesterase,E3_1_1_1,,,
711,VIT_01s0011g04040,12,0.0058,No hit,,,,
712,VIT_04s0044g00230,12,0.0058,Monooxygenase (MO2),,,,
713,VIT_14s0081g00640,12,0.0058,Aspartate aminotransferase,E2_6_1_1,vv10710Carbon_fixation,vv10252Alanine_and_aspartate_metabolism,vv10272Cysteine_metabolism
714,VIT_03s0063g01910,12,0.0058,Integral membrane protein,,,,
715,VIT_08s0040g01860,12,0.0057,Unknown protein,,,,
716,VIT_07s0205g00180,10,0.0048,Basic helix-loop-helix (bHLH) family,BHLHDOM_30,,vv60011BHLH,
717,VIT_18s0001g04430,10,0.0048,(-)-germacrene D synthase,E4_2_3_22,,vv10900Terpenoid_biosynthesis,
718,VIT_12s0059g00860,10,0.0048,SLAH1 (SLAC1 homologue 1),SLAH1,,vv50122Porters_cat_7_to_17,
719,VIT_01s0010g03930,10,0.0048,WRKY DNA-binding protein 75,WRKY75_1,VvWRKY03,vv60066WRKY,
720,VIT_07s0005g04580,10,0.0048,Xyloglucanase inhibitor,,,,
721,VIT_09s0002g01650,10,0.0048,5'-nucleotidase surE,E3_1_3_5,,vv10230Purine_metabolism,vv10240Pyrimidine_metabolism
722,VIT_16s0098g01260,10,0.0048,Intramitochondrial sorting protein MSP1 protein,MSP1,,vv50133Primary_active_transporter_cat_A9_to_A18,
723,VIT_18s0001g02340,10,0.0048,Armadillo/beta-catenin repeat,,,,
724,VIT_01s0146g00480,10,0.0048,TIFY 9 (Jasmonate ZIM domain-containing protein 10),JAZ10,,vv30011Jasmonate_signaling,vv60069ZIM
725,VIT_03s0038g00090,10,0.0048,Epoxide hydrolase-like protein,E3_3_2_10,,,
726,VIT_05s0020g04990,10,0.0048,No hit,,,,
727,VIT_05s0020g05040,10,0.0048,Proteinase inhibitor 1 PPI3B2,,,,
728,VIT_13s0019g01010,10,0.0048,ABA2 (ABA deficient 2),E1_1_1_288,,vv10906Carotenoid_biosynthesis,vv11013ABA_biosynthesis
729,VIT_19s0014g04470,10,0.0048,S-locus protein kinase,,,,
730,VIT_02s0109g00390,10,0.0048,N-hydroxycinnamoyl/benzoyltransferase 5,,,,
731,VIT_17s0000g05240,10,0.0048,Nuclear transport factor 2 (NTF2),NTF2,,vv50133Primary_active_transporter_cat_A9_to_A18,
732,VIT_14s0030g01970,9,0.0044,Auxin-induced protein PCNT115,AUXREG,,vv30003Auxin_signaling,
733,VIT_14s0171g00050,9,0.0044,Cf-2 gene,K13466,,vv34626Plant-pathogen_interaction,
734,VIT_03s0038g01820,9,0.0044,Translocon-associated protein alpha TRAP complex,K13249,,vv24141Protein_processing_in_endoplasmic_reticulum,vv50133Primary_active_transporter_cat_A9_to_A18
735,VIT_17s0000g03370,9,0.0044,Calmodulin-binding protein,K02183,,vv34020Calcium_signaling_pathway,vv34626Plant-pathogen_interaction
736,VIT_15s0021g00480,9,0.0044,Dynamin-like protein 2b,E3_6_5_5,,vv50109Incompletely_characterized_transport_systems,vv50110Protein_coat
737,VIT_09s0002g01550,9,0.0044,Lecithine cholesterol acyltransferase,E2_3_1_43,,vv10564Glycerophospholipid_metabolism,
738,VIT_00s0480g00040,9,0.0044,Polyphenol oxidase II  chloroplast precursor,E1_10_3_1,,vv10350Tyrosine_metabolism,vv50109Incompletely_characterized_transport_systems
739,VIT_13s0067g01730,9,0.0043,Steroid 5alpha-reductase,K09591,,vv10905Brassinosteroid_biosynthesis,
740,VIT_18s0001g09360,9,0.0043,Hydrogenobyrinic acid a c-diamide synthase,E6_3_5_9,,vv50101Channels_and_pores,
741,VIT_02s0025g04280,9,0.0043,Osmotin,,,,
742,VIT_05s0020g04510,9,0.0043,GDP-mannose 3 5-epimerase 1,E5_1_3_18,,vv10053Ascorbate_and_aldarate_metabolism,
743,VIT_14s0068g01760,9,0.0043,Alcohol dehydrogenase,E1_1_1_1,,vv10010Glycolysis,vv10071Fatty_acid_metabolism
744,VIT_01s0026g01660,9,0.0043,Alpha-amylase isozyme C2 precursor,E3_2_1_1,,vv10500Starch_and_sucrose_metabolism,
745,VIT_08s0007g02150,9,0.0043,Receptor ser/thr protein kinase,,,,
746,VIT_19s0085g00660,9,0.0043,No hit,,,,
747,VIT_17s0053g00120,8,0.0039,Succinyl-CoA ligase alpha 2 subunit,E6_2_1_4,,vv10020Citrate_cycle,
748,VIT_12s0057g01020,8,0.0038,fasciclin-like arabinogalactan protein FLA2,FLA2,,vv40006Cell_wall,
749,VIT_07s0031g00780,7,0.0034,Transcriptional factor B3,TFB3_4,,vv60001ABI3VP1,
750,VIT_00s0187g00290,7,0.0034,IQ calmodulin-binding region; Apoptosis regulator Bcl-2 protein  BAG [Medicago truncatula],,,,
751,VIT_11s0037g01410,7,0.0034,XBAT32 (XB3 ortholog 2 in Arabidopsis thaliana 32),XBAT32,,vv50108Accessory_factors_involved_in_transport,
752,VIT_06s0004g02010,7,0.0034,No hit,,,,
753,VIT_01s0137g00460,7,0.0034,RGLG2 (ring Domain LIGASE2),RGLG2,,vv50004Auxin_transport,
754,VIT_09s0002g02570,7,0.0034,No hit,,,,
755,VIT_12s0059g02530,6,0.0029,fringe-related protein,K05948,,,
756,VIT_09s0002g03360,6,0.0029,Calmodulin binding protein,,,,
757,VIT_05s0029g00480,6,0.0029,Eceriferum 2 (CER2),,,,
758,VIT_01s0026g01650,6,0.0029,Porin II  36kDa,K07267,,vv50101Channels_and_pores,
759,VIT_18s0086g00590,6,0.0029,Auxin-binding protein ABP19,ABP19,,vv30003Auxin_signaling,
760,VIT_18s0072g00260,6,0.0029,Ethylene-responsive transcription factor related to APETALA2 6,RAP2_6,VvERF114,vv30008Ethylene_signaling,vv60003AP2_EREBP
761,VIT_05s0077g01400,6,0.0029,FAR1-related sequence 11,FRS11_2,,vv60071Orphans_far-red,
762,VIT_19s0014g04210,6,0.0029,S-locus protein kinase,,,,
763,VIT_18s0001g13870,6,0.0029,Calmodulin binding protein,,,,
764,VIT_08s0040g02230,6,0.0029,Unknown protein,,,,
765,VIT_00s0187g00030,6,0.0029,Lysine-ketoglutarate reductase,E1_5_1_10,,vv10300Lysine_biosynthesis,
766,VIT_00s0743g00020,6,0.0029,S-locus lectin protein kinase,,,,
767,VIT_14s0081g00210,6,0.0029,No hit,,,,
768,VIT_18s0001g10100,6,0.0029,Ubiquitin-conjugating enzyme E2 I,K10577,,vv23013RNA_transport,vv24120Ubiquitin_mediated_proteolysis
769,VIT_02s0025g03390,6,0.0029,Aquaporin TMP-C,TMPC,,vv50101Channels_and_pores,
770,VIT_01s0011g00830,6,0.0029,Nodulin,,,,
771,VIT_01s0150g00140,6,0.0029,ORTH2/VIM1 (variant in methylation 1),ORTH2_1,,vv60056SET_PCG,
772,VIT_18s0001g11180,6,0.0029,Blue (type 1) copper domain,,,,
773,VIT_13s0084g00850<br>VIT_13s0084g00880,6,0.0029,
774,VIT_00s0347g00070,6,0.0029,S-locus lectin protein kinase,,,,
775,VIT_12s0034g00630,6,0.0029,MEKK1,K04416,,vv24120Ubiquitin_mediated_proteolysis,vv34626Plant-pathogen_interaction
776,VIT_08s0007g04670,6,0.0029,Glutamine synthetase,E6_3_1_2,,vv10251Glutamate_metabolism,vv10550Peptidoglycan_biosynthesis
777,VIT_14s0081g00730,6,0.0029,Ethylene response factor ERF1,ERF1_6,VvERF093,vv30008Ethylene_signaling,vv30011Jasmonate_signaling
778,VIT_18s0122g00970,6,0.0029,IRE1A (Yeast endoribonuclease/protein kinase IRE1-like gene),,,,
779,VIT_15s0021g02450,6,0.0029,Elongation factor G,K02355,,,
780,VIT_18s0001g05240,6,0.0029,(-)-germacrene D synthase,E4_2_3_22,,vv10900Terpenoid_biosynthesis,
781,VIT_00s0227g00060,6,0.0029,WD-40 repeat protein,,,,
782,VIT_02s0025g02930,6,0.0029,Caffeic acid O-3-methyltransferase,E2_1_1_68,,vv10940Phenylpropanoid_biosynthesis,
783,VIT_17s0000g06270,6,0.0029,Malate dehydrogenase precursor,E1_1_1_37,,vv10020Citrate_cycle,vv10620Pyruvate_metabolism
784,VIT_12s0028g00930,6,0.0029,Glutathione S-transferase 9 GSTF9,E2_5_1_18_GSTF9,,vv10480Glutathione_metabolism,
785,VIT_07s0031g00960,6,0.0029,Aspartate aminotransferase,E2_6_1_1,vv10710Carbon_fixation,vv10252Alanine_and_aspartate_metabolism,vv10272Cysteine_metabolism
786,VIT_00s0276g00030,6,0.0029,No hit,,,,
787,VIT_01s0150g00450,6,0.0029,Respiratory burst oxidase protein D (RBOHD),RBOHD,,vv34626Plant-pathogen_interaction,vv50105Transport_electron_carriers
788,VIT_18s0001g12090,4,0.0019,Unknown protein,,,,
789,VIT_07s0104g01130,4,0.0019,No hit,,,,
790,VIT_07s0031g01090,4,0.0019,Ascorbate oxidase,E1_10_3_3,,vv10053Ascorbate_and_aldarate_metabolism,vv50109Incompletely_characterized_transport_systems
791,VIT_07s0031g01480,4,0.0019,ATP/GTP binding protein,,,,
792,VIT_18s0001g03860,4,0.0019,Unknown protein,,,,
793,VIT_13s0106g00780,4,0.0019,Hydrolase  alpha/beta fold,,,,
794,VIT_07s0185g00090,3,0.0015,Receptor kinase ARK3,,,,
795,VIT_03s0088g01140,3,0.0015,Squalene monooxygenase 2,E1_14_99_7,,vv10100Biosynthesis_of_steroids,vv10900Terpenoid_biosynthesis
796,VIT_19s0014g02130,3,0.0015,No hit,,,,
797,VIT_05s0029g00060,3,0.0015,Myb UNE16 (unfertilized embryo sac 16),UNE16_1,,vv60029G2-like,
798,VIT_05s0094g00270,3,0.0015,Chitinase  class IV [Vitis vinifera],E3_2_1_14,,vv10530Aminosugars_metabolism,
799,VIT_06s0004g06060,3,0.0015,Unknown protein,,,,
800,VIT_15s0046g02080,3,0.0015,Unknown,,,,
801,VIT_14s0171g00400,3,0.0015,Lysine histidine transporter 1,LHT1,,vv50123Porters_cat_18_to_29,
802,VIT_13s0047g00030,3,0.0015,ZIFL1 (Zinc induced facilitator 1),ZIFL1,,vv50121Porters_cat_1_to_6,
803,VIT_06s0004g00230,3,0.0015,WRKY DNA-binding protein 48,WRKY48_2,VvWRKY15,vv60066WRKY,
804,VIT_02s0025g04250,3,0.0015,Osmotin,,,,
805,VIT_14s0068g01270,3,0.0015,No hit,,,,
806,VIT_02s0025g02870,3,0.0015,Subtilisin serine protease,SBT3_3,,vv50101Channels_and_pores,
807,VIT_00s0294g00080,3,0.0015,Receptor kinase homolog LRK10,,,,
808,VIT_10s0003g03280,3,0.0015,Alpha-mannosidase,E3_2_1_113,,vv10510N-Glycan_biosynthesis,vv11030Glycan_structures-biosynthesis1
809,VIT_11s0052g00230,3,0.0015,Accelerated cell death 11 (ACD11),,,,
810,VIT_18s0075g00670,3,0.0015,Laccase,E1_10_3_2,,vv11000Single_reactions,vv50109Incompletely_characterized_transport_systems
811,VIT_16s0013g00050,3,0.0015,Unknown,,,,
812,VIT_18s0075g00960,3,0.0015,Laccase,E1_10_3_2,,vv11000Single_reactions,vv50109Incompletely_characterized_transport_systems
813,VIT_04s0008g00640,3,0.0015,Epsin N-terminal homology (ENTH) domain-containing,ENTH,,vv50110Protein_coat,
814,VIT_08s0040g00070,3,0.0015,Argonaute,,,,
815,VIT_18s0117g00150,3,0.0015,Heterogeneous nuclear ribonucleoprotein A1/A3,K12741,,vv23040Spliceosome,
816,VIT_16s0100g00430,3,0.0015,ARR2 type-B response regulator,ARR2_1,,vv30007Cytokinin_signaling,vv60006ARR-B
817,VIT_01s0127g00600,3,0.0015,DC1 domain-containing protein,,,,
818,VIT_14s0030g01720,3,0.0015,DNA-damage-repair/toleration protein (DRT102),,,,
819,VIT_10s0116g01480,3,0.0015,2-oxoglutarate dehydrogenase E2 subunit,E1_2_4_2,,vv10020Citrate_cycle,vv10380Tryptophan_metabolism
820,VIT_08s0056g00620,3,0.0015,V-type H+-transporting ATPase subunit E,K02150,,vv10190Oxidative_phosphorylation,vv44145Phagosome
821,VIT_04s0044g01160,3,0.0015,Aminotransferase  class V,,,,
822,VIT_16s0100g00690,3,0.0015,Ankyrin repeat,K10380,,vv50108Accessory_factors_involved_in_transport,
823,VIT_09s0002g01200,3,0.0015,Unknown protein,,,,
824,VIT_18s0086g00690,3,0.0015,Exostosin,K02366,,vv11030Glycan_structures-biosynthesis1,
825,VIT_04s0008g02490,3,0.0015,Adagio protein 1,ZTL,,vv34710Circadian_rhythm,
826,VIT_00s0316g00060,3,0.0015,HcrVf1 protein,,,,
827,VIT_08s0007g07530,3,0.0015,3-oxoacyl-[acyl-carrier-protein] reductase  chloroplast,E1_1_1_100,,vv10061Fatty_acid_biosynthesis,vv11040Biosynthesis_of_unsaturated_fatty_acids
828,VIT_05s0020g01530,3,0.0015,Alpha-1 6-xylosyltransferase,E2_4_2_39,,vv40006Cell_wall,
829,VIT_13s0067g03130,3,0.0015,WRKY DNA-binding protein 55,WRKY55,VvWRKY40,vv60066WRKY,
830,VIT_18s0001g01470,3,0.0015,No hit,,,,
831,VIT_18s0117g00070,3,0.0015,R protein L6,K13477,,vv34627R_proteins_from_Plant-pathogen_interaction,
832,VIT_12s0055g01160,3,0.0015,Brassinosteroid insensitive 1-associated receptor kinase 1,BAK1,,vv30005Brassinosteroids_signaling,vv34626Plant-pathogen_interaction
833,VIT_12s0055g00400,3,0.0015,Unknown,,,,
834,VIT_08s0007g04950,3,0.0014,Xyloglucan endotransglucosylase/hydrolase 32,E2_4_1_207,,vv40006Cell_wall,
835,VIT_14s0066g02550,3,0.0014,H(+)-ATPase 4 AHA4,K01535,,vv10190Oxidative_phosphorylation,vv50131Primary_active_transporter_cat_A2_to_A4
836,VIT_08s0007g01810,3,0.0014,ANTR2 (anion transporter 2,ANTR2,,vv50121Porters_cat_1_to_6,
837,VIT_14s0006g02700,3,0.0014,Unknown protein,,,,
838,VIT_12s0035g00610,3,0.0014,CYP82M1v3,,,,
839,VIT_14s0030g02050,3,0.0014,Auxin-induced protein PCNT115,AUXREG,,vv30003Auxin_signaling,
840,VIT_13s0064g01540,3,0.0014,Beta-primeverosidase,E3_2_1_149,,vv11000Single_reactions,
841,VIT_01s0011g03530,3,0.0014,Lateral organ boundaries protein 41,LBD41_4,,vv60007AS2,
842,VIT_15s0021g01600,3,0.0014,Ethylene responsive element binding factor 2,ERF2,VvERF073,vv30008Ethylene_signaling,
843,VIT_11s0052g00250,3,0.0014,No hit,,,,
844,VIT_10s0003g00850,3,0.0014,Zinc finger (C3HC4-type ring finger),ZFC3HC4_237,,vv60078Other_zf-C3HC4,
845,VIT_12s0028g02360,3,0.0014,ABC transporter G member 14,ABCG14,,vv52010ABC_transporters,
846,VIT_02s0087g00330,3,0.0014,Glycosyl transferase family 1 protein,,,,
847,VIT_08s0007g05320,3,0.0014,Essential for mitotic growth 1,K14568,,vv23008Ribosome_biogenesis_in_Eukaryotes,
848,VIT_00s0179g00250,3,0.0014,No hit,,,,
849,VIT_18s0001g01860,3,0.0014,Preprotein translocase secA,K03070,,vv23060Protein_export,vv50113Thylakoid_targeting_pathway
850,VIT_04s0008g05210,3,0.0014,BZIP protein HY5 (HY5),HY5_1,VvbZIP10,vv60012BZIP,
851,VIT_05s0049g01020,3,0.0014,Myb domain protein 14,MYB14_3,,vv60044MYB,
852,VIT_08s0032g00730,3,0.0014,F-box and JmjC domain protein,JMJD7_1,,vv60038Jumonji,
853,VIT_02s0012g00830,3,0.0014,Expansin-like B1,EXPB1,,vv30003Auxin_signaling,
854,VIT_19s0085g00560,3,0.0014,Pentatricopeptide (PPR) repeat-containing,,,,
855,VIT_04s0023g01490,3,0.0014,Ovate family protein 7 OFP7,OFP7_1,,vv60086OFP,
856,VIT_06s0004g00760,3,0.0014,Leucoanthocyanidin dioxygenase-like protein,E1_14_11_19,,vv10941Flavonoid_biosynthesis,
857,VIT_02s0025g04310,3,0.0014,Thaumatin,,,,
858,VIT_02s0236g00130,3,0.0014,SNF1-related protein kinase SRK2F,SRK2H,,vv30001ABA_signaling,
859,VIT_01s0011g03910,3,0.0014,Protein phosphatase 2C,E3_1_3_16,,,
860,VIT_17s0000g04850,3,0.0014,OBF binding protein 4,OBP4,,vv60015C2C2-DOF,
861,VIT_07s0141g00930,3,0.0014,33 kDa secretory protein,,,,
862,VIT_14s0060g00250,3,0.0014,Unknown,,,,
863,VIT_15s0046g03360,3,0.0014,Unknown protein,,,,
864,VIT_12s0134g00060,3,0.0014,Ribosomal protein L2,K02886,,vv23010Ribosome,
865,VIT_01s0010g03910,3,0.0014,Squamosa promoter-binding protein 13 (SPL13),SPL13_2,,vv60055SBP,
866,VIT_09s0002g05540,3,0.0014,ABC transporter g family pleiotropic drug resistance 12 PDR12,ABCGPDR12,,vv52010ABC_transporters,
867,VIT_18s0001g10120,3,0.0014,SPla/RYanodine receptor (SPRY) domain-containing protein,,,,
868,VIT_18s0166g00230,3,0.0014,S-receptor kinase,,,,
869,VIT_05s0020g02730,3,0.0014,Nectarin IV NEC4,,,,
870,VIT_14s0068g01190,3,0.0014,Aspartate kinase,E2_7_2_4,,vv10260Glycine_serine_and_threonine_metabolism,vv10300Lysine_biosynthesis
871,VIT_15s0021g01130,3,0.0014,Rho GTPase; Rho GTP binding protein,E3_6_5_1,,,
872,VIT_14s0083g00640,3,0.0014,Constans 2 (COL2),COL2_1,,vv30009Flower_development,vv34710Circadian_rhythm
873,VIT_02s0025g04270<br>VIT_02s0025g04260<br>VIT_02s0025g04230,3,0.0014,
874,VIT_03s0088g00750,3,0.0014,Pathogenesis related protein 1 precursor [Vitis vinifera],PRP1,,vv30011Jasmonate_signaling,vv34626Plant-pathogen_interaction
875,VIT_00s0203g00100,3,0.0014,AarF domain-containing kinase ABC1,K08869,,,
876,VIT_05s0077g01150,3,0.0014,Beta-1 3-glucanase,E3_2_1_6,,,
877,VIT_01s0026g02590,3,0.0014,Calcium-binding protein CML,K13448,,vv34626Plant-pathogen_interaction,
878,VIT_06s0009g01810,3,0.0014,APK2A (protein kinase 2A),,,,
879,VIT_12s0059g00800,3,0.0014,DNA helicase SNF2 domain-containing protein,SNF2HEL_13,,vv60058SNF2,
880,VIT_19s0015g00550,3,0.0014,Nudix hydrolase 10,,,,
881,VIT_01s0010g03690,3,0.0014,Splicing factor YT521-B,,,,
882,VIT_02s0025g00420,3,0.0014,WRKY DNA-binding protein 27,WRKY27_2,VvWRKY04,vv60066WRKY,
883,VIT_06s0004g04820,3,0.0014,Salt stress-inducible protein kinase,,,,
884,VIT_08s0056g00680,3,0.0014,No hit,,,,
885,VIT_11s0016g01870,3,0.0014,Dihydrolipoamide S-acetyltransferase,E2_3_1_12,,vv10010Glycolysis,vv10252Alanine_and_aspartate_metabolism
886,VIT_06s0061g00960,3,0.0014,Prolylcarboxypeptidase,E3_4_16_2,,,
887,VIT_01s0011g00700,3,0.0014,Myb family transcription factor / ELM2 domain-containing,MYBELM2_1,,vv60045MYBrelated,
